#frame chA chB nCorr nA nB MNR GNR DICE
2 0 1 0 319 412 0 0 0
3 0 1 0 302 340 0 0 0
4 0 1 0 294 281 0 0 0
5 0 1 0 288 301 0 0 0
6 0 1 15 296 306 0.0506757 0.0498408 0.0498339
7 0 1 17 289 327 0.0588235 0.0553001 0.0551948
8 0 1 9 223 260 0.0403587 0.0373769 0.0372671
9 0 1 10 229 286 0.0436681 0.039075 0.038835
10 0 1 16 201 246 0.079602 0.0719539 0.0715884
11 0 1 18 211 250 0.0853081 0.0783721 0.0780911
12 0 1 14 192 200 0.0729167 0.0714434 0.0714286
13 0 1 21 201 238 0.104478 0.0960136 0.095672
14 0 1 21 187 195 0.112299 0.109972 0.109948
15 0 1 11 210 223 0.052381 0.0508312 0.0508083
16 0 1 9 177 164 0.054878 0.0528243 0.0527859
17 0 1 14 199 232 0.0703518 0.0651565 0.0649652
18 0 1 7 190 180 0.0388889 0.0378517 0.0378378
19 0 1 12 189 220 0.0634921 0.058849 0.0586797
20 0 1 7 163 186 0.0429448 0.040202 0.0401146
21 0 1 10 169 189 0.0591716 0.0559533 0.0558659
22 0 1 7 151 166 0.0463576 0.0442136 0.044164
23 0 1 5 160 178 0.03125 0.0296278 0.0295858
24 0 1 1 127 120 0.00833333 0.00810042 0.00809717
25 0 1 4 131 145 0.0305344 0.0290229 0.0289855
26 0 1 3 103 114 0.0291262 0.0276854 0.0276498
27 0 1 6 134 145 0.0447761 0.0430442 0.0430108
28 0 1 5 111 123 0.045045 0.0427913 0.042735
29 0 1 7 98 104 0.0714286 0.0693375 0.0693069
30 0 1 7 113 113 0.0619469 0.0619469 0.0619469
31 0 1 8 98 87 0.091954 0.0866398 0.0864865
32 0 1 6 115 116 0.0521739 0.0519485 0.0519481
33 0 1 8 99 92 0.0869565 0.0838259 0.0837696
34 0 1 6 93 89 0.0674157 0.06595 0.0659341
35 0 1 7 110 98 0.0714286 0.06742 0.0673077
36 0 1 1 87 80 0.0125 0.0119866 0.011976
37 0 1 3 81 43 0.0697674 0.0508329 0.0483871
38 0 1 3 106 106 0.0283019 0.0283019 0.0283019
39 0 1 3 96 102 0.03125 0.030317 0.030303
40 0 1 2 90 79 0.0253165 0.0237189 0.0236686
41 0 1 2 140 142 0.0142857 0.0141848 0.0141844
42 0 1 4 120 110 0.0363636 0.0348155 0.0347826
43 0 1 10 107 102 0.0980392 0.0957212 0.0956938
44 0 1 8 99 93 0.0860215 0.0833741 0.0833333
45 0 1 6 88 67 0.0895522 0.0781398 0.0774194
46 0 1 6 127 129 0.0472441 0.0468764 0.046875
47 0 1 5 125 101 0.049505 0.0444994 0.0442478
48 0 1 7 105 86 0.0813954 0.0736638 0.0732984
49 0 1 3 134 138 0.0223881 0.0220612 0.0220588
50 0 1 3 107 103 0.0291262 0.0285766 0.0285714
51 0 1 1 97 100 0.0103093 0.0101535 0.0101523
52 0 1 3 155 155 0.0193548 0.0193548 0.0193548
53 0 1 4 136 140 0.0294118 0.0289886 0.0289855
54 0 1 1 127 117 0.00854701 0.00820361 0.00819672
55 0 1 1 159 166 0.00628931 0.00615527 0.00615385
56 0 1 1 134 135 0.00746269 0.007435 0.00743494
57 0 1 3 119 108 0.0277778 0.0264628 0.0264317
58 0 1 5 157 163 0.0318471 0.0312555 0.03125
59 0 1 7 140 128 0.0546875 0.0522913 0.0522388
60 0 1 7 119 127 0.0588235 0.0569407 0.0569106
61 0 1 5 141 170 0.035461 0.0322951 0.0321543
62 0 1 5 132 145 0.0378788 0.0361409 0.0361011
63 0 1 9 120 123 0.075 0.0740797 0.0740741
64 0 1 7 133 169 0.0526316 0.0466905 0.0463576
65 0 1 8 140 150 0.0571429 0.0552052 0.0551724
66 0 1 10 115 133 0.0869565 0.0808584 0.0806452
67 0 1 9 139 166 0.0647482 0.059249 0.0590164
68 0 1 10 135 150 0.0740741 0.0702728 0.0701754
69 0 1 8 119 118 0.0677966 0.0675111 0.0675105
70 0 1 6 148 172 0.0405405 0.0376059 0.0375
71 0 1 11 149 177 0.0738255 0.067735 0.0674847
72 0 1 9 148 152 0.0608108 0.0600053 0.06
73 0 1 7 131 131 0.0534351 0.0534351 0.0534351
74 0 1 12 190 202 0.0631579 0.0612532 0.0612245
75 0 1 10 173 179 0.0578035 0.0568264 0.0568182
76 0 1 8 166 151 0.0529801 0.0505298 0.0504732
77 0 1 8 145 130 0.0615385 0.0582686 0.0581818
78 0 1 5 185 221 0.027027 0.0247279 0.0246305
79 0 1 6 177 206 0.0338983 0.0314218 0.0313316
80 0 1 5 178 186 0.0280899 0.0274792 0.0274725
81 0 1 4 163 170 0.0245399 0.0240293 0.024024
82 0 1 8 155 157 0.0516129 0.0512831 0.0512821
83 0 1 8 198 227 0.040404 0.037735 0.0376471
84 0 1 8 212 215 0.0377358 0.0374716 0.0374707
85 0 1 5 200 174 0.0287356 0.0268028 0.026738
86 0 1 5 301 276 0.0181159 0.0173473 0.017331
87 0 1 9 262 224 0.0401786 0.0371508 0.037037
88 0 1 4 245 216 0.0185185 0.017388 0.0173536
89 0 1 3 289 290 0.0103806 0.0103627 0.0103627
90 0 1 7 275 258 0.0271318 0.0262798 0.0262664
91 0 1 9 243 219 0.0410959 0.0390137 0.038961
92 0 1 6 286 275 0.0218182 0.0213945 0.0213904
93 0 1 11 270 258 0.0426357 0.0416774 0.0416667
94 0 1 8 257 224 0.0357143 0.0333426 0.033264
95 0 1 10 283 318 0.0353357 0.0333344 0.0332779
96 0 1 11 275 286 0.04 0.0392232 0.0392157
97 0 1 8 247 234 0.034188 0.0332762 0.033264
98 0 1 7 283 301 0.024735 0.023984 0.0239726
99 0 1 8 227 250 0.0352423 0.033582 0.033543
100 0 1 6 206 221 0.0291262 0.0281204 0.028103
101 0 1 12 231 253 0.0519481 0.0496381 0.0495868
102 0 1 17 207 218 0.0821256 0.0800268 0.08
103 0 1 17 208 181 0.0939227 0.0876149 0.0874036
104 0 1 11 216 231 0.0509259 0.0492447 0.049217
105 0 1 19 221 192 0.0989583 0.0922374 0.0920097
106 0 1 20 234 234 0.0854701 0.0854701 0.0854701
107 0 1 10 220 194 0.0515464 0.0484047 0.0483092
108 0 1 7 201 172 0.0406977 0.0376475 0.0375335
109 0 1 9 228 210 0.0428571 0.0411306 0.0410959
110 0 1 10 217 162 0.0617284 0.053335 0.0527704
111 0 1 11 195 140 0.0785714 0.066575 0.0656716
112 0 1 9 238 197 0.0456853 0.0415643 0.0413793
113 0 1 8 211 159 0.0503145 0.0436767 0.0432432
114 0 1 3 229 183 0.0163934 0.0146547 0.0145631
115 0 1 6 194 134 0.0447761 0.0372133 0.0365854
116 0 1 3 201 176 0.0170455 0.0159502 0.0159151
117 0 1 3 167 134 0.0223881 0.0200544 0.0199336
118 0 1 2 198 182 0.010989 0.0105357 0.0105263
119 0 1 0 169 131 0 0 0
120 0 1 4 167 149 0.0268456 0.0253576 0.0253165
121 0 1 2 128 111 0.018018 0.0167789 0.0167364
122 0 1 2 127 139 0.015748 0.0150529 0.0150376
123 0 1 3 106 106 0.0283019 0.0283019 0.0283019
124 0 1 3 104 125 0.0288462 0.0263117 0.0262009
125 0 1 4 84 71 0.056338 0.0517954 0.0516129
126 0 1 0 90 63 0 0 0
127 0 1 0 71 46 0 0 0
128 0 1 1 82 53 0.0188679 0.0151689 0.0148148
129 0 1 0 85 56 0 0 0
130 0 1 0 70 37 0 0 0
131 0 1 0 88 65 0 0 0
132 0 1 0 61 57 0 0 0
133 0 1 0 87 84 0 0 0
134 0 1 0 65 67 0 0 0
135 0 1 0 91 84 0 0 0
136 0 1 0 77 58 0 0 0
137 0 1 0 94 83 0 0 0
138 0 1 0 82 78 0 0 0
139 0 1 0 111 95 0 0 0
140 0 1 0 98 77 0 0 0
141 0 1 1 138 126 0.00793651 0.0075836 0.00757576
142 0 1 1 128 123 0.00813008 0.00796971 0.00796813
143 0 1 4 113 98 0.0408163 0.0380109 0.0379147
144 0 1 3 161 162 0.0186335 0.0185759 0.0185759
145 0 1 6 145 147 0.0413793 0.0410969 0.0410959
146 0 1 5 133 133 0.037594 0.037594 0.037594
147 0 1 4 125 117 0.034188 0.0330759 0.0330578
148 0 1 9 153 192 0.0588235 0.0525105 0.0521739
149 0 1 5 148 169 0.0337838 0.0316152 0.0315457
150 0 1 4 138 154 0.0289855 0.0274385 0.0273973
151 0 1 5 130 142 0.0384615 0.0368005 0.0367647
152 0 1 8 160 217 0.05 0.0429339 0.0424403
153 0 1 8 174 178 0.045977 0.0454575 0.0454545
154 0 1 12 144 160 0.0833333 0.0790569 0.0789474
155 0 1 5 183 204 0.0273224 0.0258779 0.0258398
156 0 1 7 157 174 0.044586 0.042352 0.0422961
157 0 1 9 191 281 0.0471204 0.0388484 0.0381356
158 0 1 12 177 213 0.0677966 0.0618023 0.0615385
159 0 1 12 151 192 0.0794702 0.0704762 0.0699708
160 0 1 14 205 232 0.0682927 0.0641959 0.0640732
161 0 1 11 181 193 0.0607735 0.0588538 0.0588235
162 0 1 11 159 142 0.0774648 0.0732066 0.0730897
163 0 1 15 164 167 0.0914634 0.0906382 0.0906344
164 0 1 16 139 131 0.122137 0.118571 0.118519
165 0 1 11 133 115 0.0956522 0.0889443 0.0887097
166 0 1 11 132 175 0.0833333 0.0723747 0.0716612
167 0 1 11 119 135 0.092437 0.0867865 0.0866142
168 0 1 14 106 130 0.132075 0.119262 0.118644
169 0 1 15 124 155 0.120968 0.108197 0.107527
170 0 1 14 100 139 0.14 0.118746 0.117155
171 0 1 13 97 109 0.134021 0.126428 0.126214
172 0 1 16 108 132 0.148148 0.134005 0.133333
173 0 1 16 96 109 0.166667 0.156412 0.156098
174 0 1 17 91 104 0.186813 0.174748 0.174359
175 0 1 21 102 118 0.205882 0.191416 0.190909
176 0 1 20 99 118 0.20202 0.185042 0.184332
177 0 1 15 85 98 0.176471 0.16435 0.163934
178 0 1 17 119 132 0.142857 0.13564 0.135458
179 0 1 12 112 120 0.107143 0.10351 0.103448
180 0 1 20 107 111 0.186916 0.183517 0.183486
181 0 1 16 83 99 0.192771 0.176508 0.175824
182 0 1 11 128 128 0.0859375 0.0859375 0.0859375
183 0 1 11 125 115 0.0956522 0.0917463 0.0916667
184 0 1 14 119 110 0.127273 0.122365 0.122271
185 0 1 14 116 108 0.12963 0.12508 0.125
186 0 1 14 141 134 0.104478 0.101851 0.101818
187 0 1 15 135 105 0.142857 0.125988 0.125
188 0 1 13 135 120 0.108333 0.102138 0.101961
189 0 1 10 158 152 0.0657895 0.0645282 0.0645161
190 0 1 17 143 146 0.118881 0.117653 0.117647
191 0 1 12 146 137 0.0875912 0.0848486 0.0848057
192 0 1 12 150 117 0.102564 0.0905822 0.0898876
193 0 1 14 167 147 0.0952381 0.0893534 0.089172
194 0 1 18 162 131 0.137405 0.12356 0.122867
195 0 1 9 149 115 0.0782609 0.0687544 0.0681818
196 0 1 9 169 123 0.0731707 0.0624233 0.0616438
197 0 1 10 152 127 0.0787402 0.0719741 0.0716846
198 0 1 7 142 108 0.0648148 0.0565252 0.056
199 0 1 9 158 149 0.0604027 0.0586571 0.0586319
200 0 1 8 133 120 0.0666667 0.0633248 0.0632411
201 0 1 6 128 98 0.0612245 0.0535714 0.0530973
202 0 1 6 121 91 0.0659341 0.0571792 0.0566038
203 0 1 0 68 53 0 0 0
204 0 1 1 73 58 0.0172414 0.0153683 0.0152672
205 0 1 0 53 37 0 0 0
206 0 1 0 69 49 0 0 0
207 0 1 0 34 32 0 0 0
208 0 1 0 51 40 0 0 0
209 0 1 0 41 35 0 0 0
210 0 1 2 57 51 0.0392157 0.0370943 0.037037
211 0 1 1 47 37 0.027027 0.0239801 0.0238095
212 0 1 2 60 58 0.0344828 0.0339032 0.0338983
213 0 1 0 45 41 0 0 0
214 0 1 2 63 72 0.031746 0.0296957 0.0296296
215 0 1 3 51 56 0.0588235 0.0561361 0.0560748
216 0 1 2 84 94 0.0238095 0.0225075 0.0224719
217 0 1 0 74 79 0 0 0
218 0 1 0 62 62 0 0 0
219 0 1 0 82 98 0 0 0
220 0 1 1 71 86 0.0140845 0.0127974 0.0127389
221 0 1 0 46 66 0 0 0
222 0 1 1 80 124 0.0125 0.0100402 0.00980392
223 0 1 4 74 102 0.0540541 0.0460409 0.0454545
224 0 1 4 68 81 0.0588235 0.0538968 0.0536913
225 0 1 2 62 58 0.0344828 0.0333519 0.0333333
226 0 1 2 87 107 0.0229885 0.020729 0.0206186
227 0 1 1 85 91 0.0117647 0.0113702 0.0113636
228 0 1 1 70 71 0.0142857 0.0141848 0.0141844
229 0 1 3 110 136 0.0272727 0.0245276 0.0243902
230 0 1 3 89 102 0.0337079 0.0314866 0.0314136
231 0 1 4 97 97 0.0412371 0.0412371 0.0412371
232 0 1 8 75 85 0.106667 0.100196 0.1
233 0 1 7 103 140 0.0679612 0.0582929 0.0576132
234 0 1 4 84 127 0.047619 0.0387274 0.0379147
235 0 1 2 88 108 0.0227273 0.0205152 0.0204082
236 0 1 3 92 93 0.0326087 0.0324329 0.0324324
237 0 1 3 68 66 0.0454545 0.0447811 0.0447761
238 0 1 3 100 123 0.03 0.0270501 0.0269058
239 0 1 2 82 102 0.0243902 0.0218687 0.0217391
240 0 1 0 70 92 0 0 0
241 0 1 0 119 119 0 0 0
242 0 1 0 106 113 0 0 0
243 0 1 1 95 100 0.0105263 0.0102598 0.0102564
244 0 1 1 84 94 0.0119048 0.0112537 0.011236
245 0 1 3 109 136 0.0275229 0.0246399 0.0244898
246 0 1 2 95 120 0.0210526 0.0187317 0.0186047
247 0 1 1 76 96 0.0131579 0.0117073 0.0116279
248 0 1 2 123 172 0.0162602 0.0137503 0.0135593
249 0 1 3 113 137 0.0265487 0.0241114 0.024
250 0 1 6 101 105 0.0594059 0.0582634 0.0582524
251 0 1 6 151 146 0.0410959 0.0404098 0.040404
252 0 1 5 136 140 0.0367647 0.0362357 0.0362319
253 0 1 4 122 133 0.0327869 0.0314018 0.0313726
254 0 1 8 113 123 0.0707965 0.0678576 0.0677966
255 0 1 8 155 191 0.0516129 0.0464951 0.0462428
256 0 1 9 137 174 0.0656934 0.0582918 0.0578778
257 0 1 5 125 157 0.04 0.0356915 0.035461
258 0 1 5 118 140 0.0423729 0.0389014 0.0387597
259 0 1 8 150 206 0.0533333 0.0455104 0.0449438
260 0 1 7 120 190 0.0583333 0.0463586 0.0451613
261 0 1 7 113 169 0.0619469 0.0506542 0.0496454
262 0 1 8 136 222 0.0588235 0.0460409 0.0446927
263 0 1 8 120 177 0.0666667 0.0548925 0.0538721
264 0 1 9 160 230 0.05625 0.0469157 0.0461538
265 0 1 8 150 213 0.0533333 0.0447563 0.0440771
266 0 1 9 126 194 0.0714286 0.0575647 0.05625
267 0 1 8 110 176 0.0727273 0.057496 0.0559441
268 0 1 5 123 172 0.0406504 0.0343758 0.0338983
269 0 1 2 100 154 0.02 0.0161165 0.015748
270 0 1 4 96 161 0.0416667 0.0321745 0.0311284
271 0 1 2 107 185 0.0186916 0.0142152 0.0136986
272 0 1 5 112 164 0.0446429 0.0368926 0.0362319
273 0 1 6 96 142 0.0625 0.0513892 0.0504202
274 0 1 6 121 205 0.0495868 0.0380962 0.0368098
275 0 1 4 124 191 0.0322581 0.0259916 0.0253968
276 0 1 6 108 163 0.0555556 0.0452216 0.0442804
277 0 1 4 98 142 0.0408163 0.033908 0.0333333
278 0 1 9 129 199 0.0697674 0.0561722 0.054878
279 0 1 11 121 200 0.0909091 0.0707107 0.0685358
280 0 1 9 106 180 0.0849057 0.0651558 0.0629371
281 0 1 7 91 158 0.0769231 0.0583779 0.0562249
282 0 1 10 123 219 0.0813008 0.0609292 0.0584795
283 0 1 9 110 184 0.0818182 0.0632612 0.0612245
284 0 1 9 90 157 0.1 0.0757132 0.0728745
285 0 1 9 122 229 0.0737705 0.0538449 0.0512821
286 0 1 8 112 201 0.0714286 0.0533191 0.0511182
287 0 1 5 86 175 0.0581395 0.040757 0.0383142
288 0 1 6 111 220 0.0540541 0.0383953 0.0362538
289 0 1 7 112 185 0.0625 0.0486299 0.047138
290 0 1 5 91 160 0.0549451 0.0414371 0.0398406
291 0 1 5 134 209 0.0373134 0.0298775 0.0291545
292 0 1 6 96 167 0.0625 0.0473868 0.0456274
293 0 1 5 120 221 0.0416667 0.0307032 0.0293255
294 0 1 5 102 184 0.0490196 0.0364973 0.034965
295 0 1 6 93 163 0.0645161 0.0487322 0.046875
296 0 1 5 108 206 0.0462963 0.0335216 0.0318471
297 0 1 1 94 156 0.0106383 0.00825798 0.008
298 0 1 4 111 202 0.036036 0.026713 0.0255591
299 0 1 2 96 165 0.0208333 0.015891 0.0153257
300 0 1 3 105 193 0.0285714 0.021074 0.0201342
301 0 1 1 88 151 0.0113636 0.00867501 0.0083682
302 0 1 5 116 206 0.0431034 0.032345 0.0310559
303 0 1 8 96 181 0.0833333 0.0606897 0.0577617
304 0 1 4 136 222 0.0294118 0.0230205 0.0223464
305 0 1 4 123 212 0.0325203 0.0247708 0.0238806
306 0 1 5 96 178 0.0520833 0.0382494 0.0364963
307 0 1 3 126 221 0.0238095 0.0179779 0.0172911
308 0 1 2 103 191 0.0194175 0.0142592 0.0136054
309 0 1 2 95 154 0.0210526 0.0165351 0.0160643
310 0 1 3 137 217 0.0218978 0.0173993 0.0169492
311 0 1 7 125 202 0.056 0.0440522 0.0428135
312 0 1 7 97 176 0.0721649 0.0535742 0.0512821
313 0 1 5 128 218 0.0390625 0.0299321 0.0289017
314 0 1 3 118 183 0.0254237 0.0204153 0.0199336
315 0 1 3 143 206 0.020979 0.0174791 0.017192
316 0 1 3 136 187 0.0220588 0.0188118 0.0185759
317 0 1 3 185 230 0.0162162 0.0145436 0.0144578
318 0 1 4 168 218 0.0238095 0.0209015 0.0207254
319 0 1 5 148 186 0.0337838 0.0301358 0.0299401
320 0 1 4 179 221 0.0223464 0.0201112 0.02
321 0 1 5 137 180 0.0364963 0.03184 0.0315457
322 0 1 4 101 147 0.039604 0.0328277 0.0322581
323 0 1 6 129 196 0.0465116 0.0377336 0.0369231
324 0 1 4 126 182 0.031746 0.0264143 0.025974
325 0 1 5 104 169 0.0480769 0.0377146 0.03663
326 0 1 4 145 235 0.0275862 0.0216692 0.0210526
327 0 1 5 130 207 0.0384615 0.0304799 0.0296736
328 0 1 4 108 167 0.037037 0.0297845 0.0290909
329 0 1 1 153 199 0.00653595 0.00573096 0.00568182
330 0 1 2 137 174 0.0145985 0.0129537 0.0128617
331 0 1 4 166 260 0.0240964 0.0192539 0.0187793
332 0 1 2 140 234 0.0142857 0.0110499 0.0106952
333 0 1 2 135 200 0.0148148 0.0121716 0.0119403
334 0 1 2 101 154 0.019802 0.0160365 0.0156863
335 0 1 2 126 189 0.015873 0.0129603 0.0126984
336 0 1 3 103 141 0.0291262 0.0248939 0.0245902
337 0 1 3 137 207 0.0218978 0.0178146 0.0174419
338 0 1 1 122 175 0.00819672 0.00684386 0.00673401
339 0 1 3 96 123 0.03125 0.0276079 0.0273973
340 0 1 0 93 139 0 0 0
341 0 1 1 73 93 0.0136986 0.0121366 0.0120482
342 0 1 2 66 114 0.030303 0.0230571 0.0222222
343 0 1 1 53 84 0.0188679 0.0149873 0.0145985
344 0 1 2 60 108 0.0333333 0.0248452 0.0238095
345 0 1 1 48 82 0.0208333 0.0159394 0.0153846
346 0 1 1 63 100 0.015873 0.0125988 0.0122699
347 0 1 1 48 79 0.0208333 0.0162392 0.015748
348 0 1 2 71 110 0.028169 0.022631 0.0220994
349 0 1 3 72 93 0.0416667 0.0366618 0.0363636
350 0 1 1 57 62 0.0175439 0.0168216 0.0168067
351 0 1 2 77 90 0.025974 0.024025 0.0239521
352 0 1 1 62 88 0.016129 0.0135383 0.0133333
353 0 1 1 58 77 0.0172414 0.0149638 0.0148148
354 0 1 1 68 123 0.0147059 0.0109344 0.0104712
355 0 1 1 79 119 0.0126582 0.0103137 0.010101
356 0 1 1 45 98 0.0222222 0.0150585 0.013986
357 0 1 2 77 169 0.025974 0.0175324 0.0162602
358 0 1 2 74 156 0.027027 0.0186145 0.0173913
359 0 1 3 65 139 0.0461538 0.0315615 0.0294118
360 0 1 1 64 120 0.015625 0.0114109 0.0108696
361 0 1 2 66 115 0.030303 0.0229567 0.0220994
362 0 1 0 62 97 0 0 0
363 0 1 2 70 165 0.0285714 0.0186097 0.0170213
364 0 1 0 62 149 0 0 0
365 0 1 1 58 131 0.0172414 0.0114723 0.010582
366 0 1 1 57 123 0.0175439 0.0119429 0.0111111
367 0 1 2 86 183 0.0232558 0.0159425 0.0148699
368 0 1 3 74 162 0.0405405 0.0273998 0.0254237
369 0 1 3 65 141 0.0461538 0.0313368 0.0291262
370 0 1 3 67 106 0.0447761 0.0355984 0.0346821
371 0 1 2 74 175 0.027027 0.017575 0.0160643
372 0 1 3 72 162 0.0416667 0.0277778 0.025641
373 0 1 2 71 141 0.028169 0.019989 0.0188679
374 0 1 2 60 121 0.0333333 0.0234726 0.0220994
375 0 1 3 89 137 0.0337079 0.0271685 0.0265487
376 0 1 3 77 126 0.038961 0.0304572 0.0295567
377 0 1 3 105 175 0.0285714 0.0221313 0.0214286
378 0 1 2 94 153 0.0212766 0.0166771 0.0161943
379 0 1 5 69 117 0.0724638 0.0556484 0.0537634
380 0 1 3 71 132 0.0422535 0.0309888 0.0295567
381 0 1 6 70 103 0.0857143 0.0706616 0.0693642
382 0 1 6 99 147 0.0606061 0.0497365 0.0487805
383 0 1 6 95 130 0.0631579 0.0539906 0.0533333
384 0 1 6 86 110 0.0697674 0.0616887 0.0612245
385 0 1 4 99 129 0.040404 0.0353955 0.0350877
386 0 1 2 108 111 0.0185185 0.0182666 0.0182648
387 0 1 4 133 146 0.0300752 0.028705 0.0286738
388 0 1 7 125 137 0.056 0.0534913 0.0534351
389 0 1 7 106 125 0.0660377 0.0608121 0.0606061
390 0 1 7 138 153 0.0507246 0.048174 0.04811
391 0 1 10 127 126 0.0793651 0.079052 0.0790514
392 0 1 12 145 171 0.0827586 0.0762078 0.0759494
393 0 1 8 133 133 0.0601504 0.0601504 0.0601504
394 0 1 11 134 146 0.0820896 0.0786437 0.0785714
395 0 1 15 120 127 0.125 0.121506 0.121457
396 0 1 14 132 145 0.106061 0.101195 0.101083
397 0 1 12 120 128 0.1 0.0968246 0.0967742
398 0 1 12 138 184 0.0869565 0.0753066 0.0745342
399 0 1 8 133 161 0.0601504 0.0546703 0.0544218
400 0 1 16 115 159 0.13913 0.118324 0.116788
401 0 1 13 116 130 0.112069 0.105863 0.105691
402 0 1 20 123 169 0.162602 0.138718 0.136986
403 0 1 18 125 174 0.144 0.122051 0.120401
404 0 1 21 115 149 0.182609 0.160427 0.159091
405 0 1 22 121 142 0.181818 0.167836 0.1673
406 0 1 21 148 176 0.141892 0.130116 0.12963
407 0 1 18 155 157 0.116129 0.115387 0.115385
408 0 1 18 153 140 0.128571 0.122988 0.122867
409 0 1 18 153 188 0.117647 0.106132 0.105572
410 0 1 16 158 150 0.106667 0.103931 0.103896
411 0 1 13 167 218 0.0778443 0.0681329 0.0675325
412 0 1 9 163 186 0.0552147 0.0516883 0.0515759
413 0 1 8 154 156 0.0519481 0.051614 0.0516129
414 0 1 12 165 177 0.0727273 0.0702187 0.0701754
415 0 1 11 157 149 0.0738255 0.07192 0.0718954
416 0 1 15 154 144 0.104167 0.100728 0.100671
417 0 1 12 169 184 0.0710059 0.0680501 0.0679887
418 0 1 12 146 155 0.0821918 0.0797699 0.0797342
419 0 1 8 137 132 0.0606061 0.0594898 0.0594796
420 0 1 12 162 187 0.0740741 0.068945 0.0687679
421 0 1 7 138 155 0.0507246 0.0478622 0.0477816
422 0 1 6 103 130 0.0582524 0.0518515 0.0515021
423 0 1 1 102 171 0.00980392 0.00757185 0.00732601
424 0 1 3 71 125 0.0422535 0.0318447 0.0306122
425 0 1 2 87 149 0.0229885 0.0175662 0.0169492
426 0 1 0 63 96 0 0 0
427 0 1 0 81 123 0 0 0
428 0 1 0 70 84 0 0 0
429 0 1 0 80 103 0 0 0
430 0 1 0 72 77 0 0 0
431 0 1 1 95 102 0.0105263 0.0101587 0.0101523
432 0 1 0 81 83 0 0 0
433 0 1 0 53 51 0 0 0
434 0 1 0 64 85 0 0 0
435 0 1 1 51 63 0.0196078 0.0176419 0.0175439
436 0 1 1 72 99 0.0138889 0.0118445 0.0116959
437 0 1 2 57 78 0.0350877 0.0299948 0.0296296
438 0 1 0 81 110 0 0 0
439 0 1 0 52 67 0 0 0
440 0 1 0 67 101 0 0 0
441 0 1 0 60 91 0 0 0
442 0 1 0 96 121 0 0 0
443 0 1 0 72 115 0 0 0
444 0 1 1 125 176 0.008 0.006742 0.00664452
445 0 1 4 105 142 0.0380952 0.0327583 0.0323887
446 0 1 7 79 139 0.0886076 0.0668001 0.0642202
447 0 1 5 117 184 0.042735 0.0340775 0.0332226
448 0 1 7 99 166 0.0707071 0.0546042 0.0528302
449 0 1 4 149 209 0.0268456 0.022667 0.0223464
450 0 1 4 130 180 0.0307692 0.0261488 0.0258065
451 0 1 2 156 200 0.0128205 0.0113228 0.011236
452 0 1 2 133 183 0.0150376 0.0128197 0.0126582
453 0 1 5 163 210 0.0306748 0.0270251 0.0268097
454 0 1 5 135 182 0.037037 0.0318983 0.0315457
455 0 1 5 150 215 0.0333333 0.0278423 0.0273973
456 0 1 5 121 180 0.0413223 0.0338798 0.0332226
457 0 1 7 135 223 0.0518519 0.040344 0.0391061
458 0 1 2 123 178 0.0162602 0.0135166 0.013289
459 0 1 4 120 201 0.0333333 0.0257556 0.0249221
460 0 1 3 109 172 0.0275229 0.0219101 0.0213523
461 0 1 6 120 218 0.05 0.0370965 0.035503
462 0 1 5 98 175 0.0510204 0.0381802 0.03663
463 0 1 4 115 190 0.0347826 0.0270604 0.0262295
464 0 1 6 102 159 0.0588235 0.0471143 0.045977
465 0 1 5 120 205 0.0416667 0.0318788 0.0307692
466 0 1 5 95 154 0.0526316 0.0413378 0.0401606
467 0 1 5 107 192 0.046729 0.0348841 0.0334448
468 0 1 6 86 141 0.0697674 0.0544869 0.0528634
469 0 1 3 108 186 0.0277778 0.0211667 0.0204082
470 0 1 3 104 168 0.0288462 0.022696 0.0220588
471 0 1 0 99 180 0 0 0
472 0 1 0 79 138 0 0 0
473 0 1 1 88 159 0.0113636 0.00845396 0.00809717
474 0 1 2 77 133 0.025974 0.0197633 0.0190476
475 0 1 2 84 161 0.0238095 0.017198 0.0163265
476 0 1 2 68 128 0.0294118 0.0214373 0.0204082
477 0 1 1 97 145 0.0103093 0.00843199 0.00826446
478 0 1 3 83 127 0.0361446 0.02922 0.0285714
479 0 1 5 108 129 0.0462963 0.0423607 0.0421941
480 0 1 3 94 94 0.0319149 0.0319149 0.0319149
481 0 1 5 117 130 0.042735 0.040542 0.0404858
482 0 1 4 105 106 0.0380952 0.0379151 0.0379147
483 0 1 5 103 120 0.0485437 0.0449739 0.044843
484 0 1 8 103 112 0.0776699 0.0744839 0.0744186
485 0 1 6 134 142 0.0447761 0.0434965 0.0434783
486 0 1 4 123 122 0.0327869 0.0326533 0.0326531
487 0 1 7 139 152 0.0503597 0.048158 0.04811
488 0 1 6 117 144 0.0512821 0.046225 0.045977
489 0 1 7 102 131 0.0686275 0.0605567 0.0600858
490 0 1 7 118 161 0.059322 0.050786 0.0501792
491 0 1 2 116 133 0.0172414 0.0161018 0.0160643
492 0 1 3 89 100 0.0337079 0.0317999 0.031746
493 0 1 2 102 130 0.0196078 0.0173683 0.0172414
494 0 1 6 93 97 0.0645161 0.0631719 0.0631579
495 0 1 7 79 85 0.0886076 0.085423 0.0853659
496 0 1 8 101 111 0.0792079 0.0755558 0.0754717
497 0 1 7 89 104 0.0786517 0.0727589 0.0725389
498 0 1 8 81 97 0.0987654 0.090253 0.0898876
499 0 1 12 114 142 0.105263 0.0943158 0.09375
500 0 1 15 100 125 0.15 0.134164 0.133333
501 0 1 13 94 124 0.138298 0.120412 0.119266
502 0 1 10 92 110 0.108696 0.0994053 0.0990099
503 0 1 16 135 169 0.118519 0.105928 0.105263
504 0 1 16 126 139 0.126984 0.1209 0.120755
505 0 1 9 108 144 0.0833333 0.0721688 0.0714286
506 0 1 13 105 128 0.12381 0.112136 0.111588
507 0 1 12 101 97 0.123711 0.121237 0.121212
508 0 1 14 160 168 0.0875 0.0853913 0.0853659
509 0 1 12 129 148 0.0930233 0.0868471 0.0866426
510 0 1 14 135 146 0.103704 0.0997206 0.0996441
511 0 1 11 126 132 0.0873016 0.0852944 0.0852713
512 0 1 11 111 115 0.0990991 0.0973604 0.0973451
513 0 1 15 159 157 0.0955414 0.0949386 0.0949367
514 0 1 14 142 158 0.0985916 0.0934664 0.0933333
515 0 1 13 150 143 0.0909091 0.0887625 0.0887372
516 0 1 8 134 133 0.0601504 0.0599255 0.0599251
517 0 1 13 124 135 0.104839 0.100477 0.100386
518 0 1 17 122 120 0.141667 0.140501 0.140496
519 0 1 13 174 204 0.0747126 0.0690007 0.0687831
520 0 1 15 171 199 0.0877193 0.0813143 0.0810811
521 0 1 16 172 187 0.0930233 0.0892144 0.0891365
522 0 1 17 176 202 0.0965909 0.0901606 0.0899471
523 0 1 16 156 197 0.102564 0.0912693 0.0906516
524 0 1 15 162 183 0.0925926 0.0871181 0.0869565
525 0 1 20 147 176 0.136054 0.124341 0.123839
526 0 1 17 153 169 0.111111 0.105721 0.10559
527 0 1 19 150 174 0.126667 0.117607 0.117284
528 0 1 17 127 149 0.133858 0.123582 0.123188
529 0 1 16 215 251 0.0744186 0.0688754 0.0686695
530 0 1 13 207 252 0.0628019 0.0569191 0.0566449
531 0 1 12 211 229 0.056872 0.0545912 0.0545455
532 0 1 11 187 211 0.0588235 0.0553772 0.0552764
533 0 1 15 205 220 0.0731707 0.0706322 0.0705882
534 0 1 19 194 218 0.0979381 0.0923899 0.092233
535 0 1 20 190 209 0.105263 0.100364 0.100251
536 0 1 18 176 207 0.102273 0.0943042 0.0939948
537 0 1 21 178 196 0.117978 0.11243 0.112299
538 0 1 23 179 201 0.128492 0.121256 0.121053
539 0 1 24 176 192 0.136364 0.130558 0.130435
540 0 1 21 173 201 0.121387 0.112616 0.112299
541 0 1 28 171 187 0.163743 0.156581 0.156425
542 0 1 22 173 188 0.127168 0.121989 0.121884
543 0 1 26 166 198 0.156627 0.143412 0.142857
544 0 1 25 171 193 0.146199 0.137614 0.137363
545 0 1 24 171 196 0.140351 0.131095 0.13079
546 0 1 20 163 187 0.122699 0.114555 0.114286
547 0 1 22 173 199 0.127168 0.11857 0.11828
548 0 1 28 175 195 0.16 0.151573 0.151351
549 0 1 26 169 207 0.153846 0.13901 0.138298
550 0 1 22 183 186 0.120219 0.119245 0.119241
551 0 1 31 182 190 0.17033 0.166705 0.166667
552 0 1 29 174 205 0.166667 0.153549 0.153034
553 0 1 26 181 200 0.143646 0.136653 0.136483
554 0 1 22 171 198 0.128655 0.119562 0.119241
555 0 1 26 181 189 0.143646 0.140573 0.140541
556 0 1 20 176 184 0.113636 0.111139 0.111111
557 0 1 27 174 192 0.155172 0.14772 0.147541
558 0 1 26 174 195 0.149425 0.14115 0.140921
559 0 1 18 175 185 0.102857 0.100039 0.1
560 0 1 18 181 184 0.0994475 0.0986335 0.0986301
561 0 1 17 172 182 0.0988372 0.0960835 0.0960452
562 0 1 21 190 178 0.117978 0.114191 0.11413
563 0 1 19 159 181 0.119497 0.111999 0.111765
564 0 1 23 169 170 0.136095 0.135694 0.135693
565 0 1 15 242 294 0.0619835 0.0562354 0.0559702
566 0 1 15 218 284 0.0688073 0.0602842 0.059761
567 0 1 20 227 274 0.0881057 0.080194 0.0798403
568 0 1 17 223 252 0.0762332 0.0717127 0.0715789
569 0 1 16 224 230 0.0714286 0.0704907 0.0704846
570 0 1 23 197 217 0.116751 0.111241 0.111111
571 0 1 21 189 207 0.111111 0.10617 0.106061
572 0 1 18 183 198 0.0983607 0.0945615 0.0944882
573 0 1 17 184 167 0.101796 0.0969799 0.0968661
574 0 1 20 233 247 0.0858369 0.0833688 0.0833333
575 0 1 19 244 223 0.0852018 0.0814528 0.0813705
576 0 1 20 238 195 0.102564 0.0928377 0.0923788
577 0 1 14 227 186 0.0752688 0.0681332 0.0677966
578 0 1 12 203 149 0.0805369 0.0689986 0.0681818
579 0 1 14 245 190 0.0736842 0.0648886 0.0643678
580 0 1 9 235 190 0.0473684 0.0425924 0.0423529
581 0 1 14 220 164 0.0853659 0.0737046 0.0729167
582 0 1 11 195 138 0.0797101 0.0670557 0.0660661
583 0 1 14 244 162 0.0864198 0.0704167 0.0689655
584 0 1 9 234 134 0.0671642 0.0508256 0.048913
585 0 1 4 215 128 0.03125 0.0241121 0.0233236
586 0 1 4 216 139 0.028777 0.0230848 0.0225352
587 0 1 7 191 113 0.0619469 0.0476477 0.0460526
588 0 1 4 190 132 0.030303 0.0252578 0.0248447
589 0 1 2 158 115 0.0173913 0.0148372 0.014652
590 0 1 1 151 134 0.00746269 0.00703006 0.00701754
591 0 1 3 164 143 0.020979 0.0195899 0.019544
592 0 1 2 138 122 0.0163934 0.0154138 0.0153846
593 0 1 3 138 153 0.0217391 0.020646 0.0206186
594 0 1 5 120 132 0.0416667 0.0397276 0.0396825
595 0 1 3 119 167 0.0252101 0.0212809 0.020979
596 0 1 2 90 137 0.0222222 0.0180114 0.0176211
597 0 1 2 116 169 0.0172414 0.0142843 0.0140351
598 0 1 2 78 125 0.025641 0.0202548 0.0197044
599 0 1 2 108 166 0.0185185 0.014937 0.0145985
600 0 1 1 92 133 0.0108696 0.00904025 0.00888889
601 0 1 2 113 140 0.0176991 0.0159011 0.0158103
602 0 1 1 136 145 0.00735294 0.00712109 0.00711744
603 0 1 2 105 133 0.0190476 0.0169243 0.0168067
604 0 1 3 154 182 0.0194805 0.0179195 0.0178571
605 0 1 4 120 165 0.0333333 0.0284268 0.0280702
606 0 1 0 154 208 0 0 0
607 0 1 3 143 165 0.020979 0.0195304 0.0194805
608 0 1 2 176 187 0.0113636 0.0110243 0.0110193
609 0 1 6 156 182 0.0384615 0.0356085 0.035503
610 0 1 7 191 223 0.0366492 0.0339179 0.0338164
611 0 1 8 176 185 0.0454545 0.0443351 0.0443213
612 0 1 9 201 223 0.0447761 0.0425101 0.0424528
613 0 1 5 189 198 0.026455 0.0258468 0.0258398
614 0 1 7 202 221 0.0346535 0.0331304 0.0330969
615 0 1 14 184 175 0.08 0.0780189 0.0779944
616 0 1 5 184 183 0.0273224 0.0272481 0.027248
617 0 1 8 153 147 0.0544218 0.053344 0.0533333
618 0 1 7 177 188 0.039548 0.0383736 0.0383562
619 0 1 3 156 165 0.0192308 0.0186989 0.0186916
620 0 1 7 170 205 0.0411765 0.037497 0.0373333
621 0 1 5 142 169 0.0352113 0.0322762 0.0321543
622 0 1 2 129 146 0.0155039 0.0145733 0.0145455
623 0 1 3 125 149 0.024 0.0219823 0.0218978
624 0 1 2 102 111 0.0196078 0.0187961 0.0187793
625 0 1 2 81 87 0.0246914 0.0238247 0.0238095
626 0 1 5 103 115 0.0485437 0.0459412 0.0458716
627 0 1 3 93 91 0.032967 0.0326106 0.0326087
628 0 1 3 83 78 0.0384615 0.0372851 0.0372671
629 0 1 2 106 99 0.020202 0.0195236 0.0195122
630 0 1 2 96 99 0.0208333 0.0205152 0.0205128
631 0 1 3 74 79 0.0405405 0.0392366 0.0392157
632 0 1 2 100 118 0.02 0.0184115 0.0183486
633 0 1 2 84 93 0.0238095 0.0226281 0.0225989
634 0 1 1 70 74 0.0142857 0.0138943 0.0138889
635 0 1 1 91 95 0.010989 0.0107552 0.0107527
636 0 1 3 74 75 0.0405405 0.0402694 0.0402685
637 0 1 3 97 105 0.0309278 0.0297263 0.029703
638 0 1 2 92 83 0.0240964 0.0228874 0.0228571
639 0 1 7 84 73 0.0958904 0.0893916 0.089172
640 0 1 2 101 85 0.0235294 0.0215854 0.0215054
641 0 1 1 90 78 0.0128205 0.0119352 0.0119048
642 0 1 0 121 107 0 0 0
643 0 1 0 108 71 0 0 0
644 0 1 1 100 62 0.016129 0.0127 0.0123457
645 0 1 2 106 106 0.0188679 0.0188679 0.0188679
646 0 1 3 96 80 0.0375 0.0342327 0.0340909
647 0 1 1 117 96 0.0104167 0.00943564 0.00938967
648 0 1 2 98 75 0.0266667 0.0233285 0.0231214
649 0 1 2 89 68 0.0294118 0.0257087 0.0254777
650 0 1 0 95 113 0 0 0
651 0 1 2 82 81 0.0246914 0.0245403 0.0245399
652 0 1 3 95 93 0.0322581 0.0319167 0.0319149
653 0 1 2 78 69 0.0289855 0.027262 0.0272109
654 0 1 2 94 98 0.0212766 0.0208379 0.0208333
655 0 1 1 77 89 0.012987 0.0120798 0.0120482
656 0 1 2 113 126 0.0176991 0.0167612 0.0167364
657 0 1 3 110 117 0.0272727 0.0264443 0.0264317
658 0 1 4 98 91 0.043956 0.0423571 0.042328
659 0 1 3 137 115 0.026087 0.0239008 0.0238095
660 0 1 4 126 100 0.04 0.0356348 0.0353982
661 0 1 6 105 80 0.075 0.0654654 0.0648649
662 0 1 6 130 110 0.0545455 0.0501745 0.05
663 0 1 8 127 89 0.0898876 0.0752477 0.0740741
664 0 1 5 142 140 0.0357143 0.0354619 0.035461
665 0 1 6 122 106 0.0566038 0.0527617 0.0526316
666 0 1 7 106 83 0.0843373 0.0746287 0.0740741
667 0 1 7 114 109 0.0642202 0.0627961 0.0627803
668 0 1 5 103 96 0.0520833 0.0502824 0.0502513
669 0 1 5 96 70 0.0714286 0.0609938 0.060241
670 0 1 5 98 71 0.0704225 0.0599415 0.0591716
671 0 1 4 84 64 0.0625 0.0545545 0.0540541
672 0 1 4 132 97 0.0412371 0.0353498 0.0349345
673 0 1 4 98 71 0.056338 0.0479532 0.0473373
674 0 1 3 148 112 0.0267857 0.0233014 0.0230769
675 0 1 4 127 90 0.0444444 0.0374142 0.0368664
676 0 1 2 170 131 0.0152672 0.013402 0.013289
677 0 1 2 147 106 0.0188679 0.0160221 0.0158103
678 0 1 3 168 141 0.0212766 0.019492 0.0194175
679 0 1 4 155 113 0.0353982 0.0302242 0.0298507
680 0 1 4 167 148 0.027027 0.0254432 0.0253968
681 0 1 2 149 127 0.015748 0.014539 0.0144928
682 0 1 6 182 165 0.0363636 0.0346237 0.0345821
683 0 1 2 169 115 0.0173913 0.0143462 0.0140845
684 0 1 2 170 148 0.0135135 0.0126088 0.0125786
685 0 1 2 146 125 0.016 0.0148047 0.0147601
686 0 1 3 167 146 0.0205479 0.0192126 0.0191693
687 0 1 1 150 120 0.00833333 0.00745356 0.00740741
688 0 1 2 104 105 0.0192308 0.019139 0.0191388
689 0 1 2 117 117 0.017094 0.017094 0.017094
690 0 1 3 107 93 0.0322581 0.0300738 0.03
691 0 1 2 119 124 0.0168067 0.0164644 0.0164609
692 0 1 1 116 102 0.00980392 0.00919329 0.00917431
693 0 1 2 132 145 0.0151515 0.0144564 0.0144404
694 0 1 3 121 105 0.0285714 0.0266155 0.0265487
695 0 1 5 115 96 0.0520833 0.0475867 0.0473934
696 0 1 4 132 118 0.0338983 0.0320503 0.032
697 0 1 4 130 108 0.037037 0.033758 0.0336134
698 0 1 4 133 145 0.0300752 0.0288038 0.028777
699 0 1 8 119 137 0.0672269 0.0626551 0.0625
700 0 1 10 120 128 0.0833333 0.0806872 0.0806452
701 0 1 9 154 188 0.0584416 0.0528936 0.0526316
702 0 1 3 144 162 0.0208333 0.0196419 0.0196078
703 0 1 11 151 160 0.0728477 0.0707692 0.0707396
704 0 1 11 134 134 0.0820896 0.0820896 0.0820896
705 0 1 12 220 230 0.0545455 0.0533465 0.0533333
706 0 1 11 189 206 0.0582011 0.0557479 0.0556962
707 0 1 8 201 199 0.040201 0.0400005 0.04
708 0 1 7 171 169 0.0414201 0.0411772 0.0411765
709 0 1 13 164 133 0.0977444 0.0880229 0.0875421
710 0 1 16 209 227 0.076555 0.0734571 0.0733945
711 0 1 13 209 198 0.0656566 0.0639054 0.0638821
712 0 1 6 181 189 0.0331492 0.03244 0.0324324
713 0 1 8 164 161 0.0496894 0.0492329 0.0492308
714 0 1 12 247 273 0.048583 0.0462116 0.0461538
715 0 1 11 224 251 0.0491071 0.0463908 0.0463158
716 0 1 9 212 229 0.0424528 0.0408467 0.0408163
717 0 1 6 205 223 0.0292683 0.0280622 0.0280374
718 0 1 7 186 194 0.0376344 0.0368503 0.0368421
719 0 1 10 306 315 0.0326797 0.0322095 0.0322061
720 0 1 13 285 291 0.045614 0.0451413 0.0451389
721 0 1 11 284 287 0.0387324 0.0385294 0.0385289
722 0 1 10 272 287 0.0367647 0.0357911 0.0357782
723 0 1 17 254 260 0.0669291 0.0661524 0.0661479
724 0 1 13 247 237 0.0548523 0.0537305 0.053719
725 0 1 17 229 228 0.0745614 0.0743984 0.0743982
726 0 1 17 314 326 0.0541401 0.0531343 0.053125
727 0 1 15 292 292 0.0513699 0.0513699 0.0513699
728 0 1 14 270 264 0.0530303 0.0524378 0.0524345
729 0 1 11 353 374 0.0311615 0.030274 0.0302613
730 0 1 23 331 321 0.0716511 0.0705604 0.0705521
731 0 1 21 324 302 0.0695364 0.0671341 0.0670926
732 0 1 27 303 274 0.0985401 0.093706 0.0935875
733 0 1 30 336 304 0.0986842 0.0938674 0.09375
734 0 1 40 322 263 0.152091 0.137453 0.136752
735 0 1 37 285 244 0.151639 0.140309 0.139887
736 0 1 37 353 300 0.123333 0.113698 0.113323
737 0 1 38 334 262 0.145038 0.128458 0.127517
738 0 1 35 309 261 0.1341 0.123245 0.122807
739 0 1 27 346 324 0.0833333 0.0806405 0.080597
740 0 1 39 321 276 0.141304 0.131026 0.130653
741 0 1 26 296 250 0.104 0.0955779 0.0952381
742 0 1 20 320 298 0.0671141 0.064766 0.0647249
743 0 1 20 283 243 0.0823045 0.0762665 0.0760456
744 0 1 11 250 204 0.0539216 0.0487088 0.0484582
745 0 1 15 279 273 0.0549451 0.054351 0.0543478
746 0 1 12 239 210 0.0571429 0.053564 0.0534521
747 0 1 12 265 257 0.0466926 0.0459824 0.045977
748 0 1 10 221 187 0.0534759 0.0491907 0.0490196
749 0 1 10 218 195 0.0512821 0.0485014 0.0484262
750 0 1 6 168 140 0.0428571 0.039123 0.038961
751 0 1 4 144 137 0.0291971 0.0284786 0.0284698
752 0 1 4 121 114 0.0350877 0.0340577 0.0340426
753 0 1 2 104 126 0.0192308 0.0174714 0.0173913
754 0 1 1 77 95 0.012987 0.0116921 0.0116279
755 0 1 1 82 137 0.0121951 0.0094348 0.00913242
756 0 1 0 53 107 0 0 0
757 0 1 0 54 191 0 0 0
758 0 1 0 40 169 0 0 0
759 0 1 0 33 141 0 0 0
760 0 1 0 40 192 0 0 0
761 0 1 0 26 168 0 0 0
762 0 1 0 21 136 0 0 0
763 0 1 0 34 166 0 0 0
764 0 1 0 27 132 0 0 0
765 0 1 0 48 156 0 0 0
766 0 1 0 42 129 0 0 0
767 0 1 0 64 138 0 0 0
768 0 1 0 54 107 0 0 0
769 0 1 1 75 133 0.0133333 0.0100125 0.00961538
770 0 1 3 71 106 0.0422535 0.0345811 0.0338983
771 0 1 4 104 141 0.0384615 0.0330319 0.0326531
772 0 1 4 93 109 0.0430108 0.0397288 0.039604
773 0 1 5 114 146 0.0438596 0.0387562 0.0384615
774 0 1 6 102 132 0.0588235 0.0517088 0.0512821
775 0 1 3 84 115 0.0357143 0.0305234 0.0301508
776 0 1 7 114 147 0.0614035 0.0540738 0.0536398
777 0 1 5 106 114 0.0471698 0.0454846 0.0454545
778 0 1 3 126 152 0.0238095 0.0216777 0.0215827
779 0 1 3 102 129 0.0294118 0.0261533 0.025974
780 0 1 1 130 151 0.00769231 0.0071374 0.00711744
781 0 1 1 114 120 0.00877193 0.00854982 0.00854701
782 0 1 2 133 157 0.0150376 0.0138406 0.0137931
783 0 1 2 110 134 0.0181818 0.0164733 0.0163934
784 0 1 2 129 157 0.0155039 0.0140535 0.013986
785 0 1 2 109 120 0.0183486 0.0174874 0.0174672
786 0 1 5 138 133 0.037594 0.0369067 0.0369004
787 0 1 4 107 104 0.0384615 0.0379185 0.0379147
788 0 1 5 98 116 0.0510204 0.0468952 0.046729
789 0 1 5 82 83 0.0609756 0.0606072 0.0606061
790 0 1 9 110 120 0.0818182 0.0783349 0.0782609
791 0 1 6 101 102 0.0594059 0.059114 0.0591133
792 0 1 5 123 147 0.0406504 0.0371842 0.037037
793 0 1 8 111 115 0.0720721 0.0708076 0.0707965
794 0 1 8 124 149 0.0645161 0.0588554 0.0586081
795 0 1 7 116 123 0.0603448 0.0586025 0.0585774
796 0 1 12 145 179 0.0827586 0.0744853 0.0740741
797 0 1 13 125 155 0.104 0.0933948 0.0928571
798 0 1 10 140 177 0.0714286 0.0635257 0.0630915
799 0 1 12 117 177 0.102564 0.0833876 0.0816327
800 0 1 13 140 199 0.0928571 0.0778848 0.0766962
801 0 1 16 120 171 0.133333 0.111694 0.109966
802 0 1 21 135 192 0.155556 0.130437 0.12844
803 0 1 13 120 150 0.108333 0.0968963 0.0962963
804 0 1 14 146 162 0.0958904 0.091032 0.0909091
805 0 1 16 117 138 0.136752 0.125918 0.12549
806 0 1 21 109 131 0.192661 0.17574 0.175
807 0 1 16 110 145 0.145455 0.126689 0.12549
808 0 1 15 99 121 0.151515 0.137051 0.136364
809 0 1 18 93 118 0.193548 0.171826 0.170616
810 0 1 13 108 147 0.12037 0.103175 0.101961
811 0 1 23 101 137 0.227723 0.195527 0.193277
812 0 1 23 131 208 0.175573 0.139335 0.135693
813 0 1 13 123 165 0.105691 0.0912533 0.0902778
814 0 1 16 126 136 0.126984 0.122226 0.122137
815 0 1 23 145 172 0.158621 0.14564 0.14511
816 0 1 13 143 163 0.0909091 0.0851494 0.0849673
817 0 1 12 127 151 0.0944882 0.0866545 0.0863309
818 0 1 11 166 200 0.0662651 0.0603703 0.0601093
819 0 1 11 148 172 0.0743243 0.0689442 0.06875
820 0 1 14 128 157 0.109375 0.0987582 0.0982456
821 0 1 13 156 218 0.0833333 0.0704941 0.0695187
822 0 1 16 160 199 0.1 0.0896672 0.0891365
823 0 1 16 159 176 0.100629 0.0956456 0.0955224
824 0 1 16 141 153 0.113475 0.108934 0.108844
825 0 1 18 176 199 0.102273 0.0961811 0.096
826 0 1 21 177 181 0.118644 0.117326 0.117318
827 0 1 16 155 181 0.103226 0.0955245 0.0952381
828 0 1 14 162 160 0.0875 0.0869582 0.0869565
829 0 1 22 205 200 0.11 0.10865 0.108642
830 0 1 15 190 178 0.0842697 0.0815651 0.0815217
831 0 1 11 161 174 0.068323 0.0657211 0.0656716
832 0 1 15 188 237 0.0797872 0.0710621 0.0705882
833 0 1 14 192 205 0.0729167 0.0705668 0.070529
834 0 1 21 177 197 0.118644 0.11246 0.112299
835 0 1 17 162 174 0.104938 0.101255 0.10119
836 0 1 15 196 240 0.0765306 0.0691604 0.0688073
837 0 1 15 188 221 0.0797872 0.0735896 0.0733496
838 0 1 17 180 198 0.0944444 0.0900492 0.0899471
839 0 1 17 221 296 0.0769231 0.0664671 0.065764
840 0 1 12 202 273 0.0594059 0.0511004 0.0505263
841 0 1 16 188 257 0.0851064 0.0727905 0.0719101
842 0 1 17 177 232 0.0960452 0.0838916 0.0831296
843 0 1 14 201 316 0.0696517 0.0555503 0.0541586
844 0 1 17 215 271 0.0790698 0.0704279 0.0699589
845 0 1 11 185 233 0.0594595 0.0529821 0.0526316
846 0 1 16 232 309 0.0689655 0.0597581 0.0591497
847 0 1 12 177 250 0.0677966 0.0570459 0.0562061
848 0 1 18 178 245 0.101124 0.0861945 0.0851064
849 0 1 17 206 313 0.0825243 0.0669489 0.0655106
850 0 1 17 185 279 0.0918919 0.0748275 0.0732759
851 0 1 16 178 227 0.0898876 0.0795971 0.0790123
852 0 1 15 188 291 0.0797872 0.0641307 0.0626305
853 0 1 16 175 242 0.0914286 0.0777487 0.0767386
854 0 1 15 159 208 0.0943396 0.0824824 0.0817439
855 0 1 14 160 273 0.0875 0.0669864 0.0646651
856 0 1 13 149 222 0.0872483 0.0714782 0.0700809
857 0 1 10 138 190 0.0724638 0.0617566 0.0609756
858 0 1 9 136 232 0.0661765 0.0506674 0.048913
859 0 1 11 104 169 0.105769 0.0829722 0.0805861
860 0 1 10 99 165 0.10101 0.0782421 0.0757576
861 0 1 13 105 186 0.12381 0.0930234 0.0893471
862 0 1 7 82 146 0.0853659 0.0639756 0.0614035
863 0 1 10 67 147 0.149254 0.100764 0.0934579
864 0 1 12 107 159 0.11215 0.0920006 0.0902256
865 0 1 11 100 166 0.11 0.0853766 0.0827068
866 0 1 12 94 159 0.12766 0.0981564 0.0948617
867 0 1 13 85 125 0.152941 0.126119 0.12381
868 0 1 15 101 180 0.148515 0.111249 0.106762
869 0 1 12 98 157 0.122449 0.0967427 0.0941176
870 0 1 12 92 151 0.130435 0.101812 0.0987654
871 0 1 13 86 144 0.151163 0.116819 0.113043
872 0 1 10 129 195 0.0775194 0.0630504 0.0617284
873 0 1 5 110 157 0.0454545 0.0380473 0.0374532
874 0 1 7 93 136 0.0752688 0.0622425 0.0611354
875 0 1 5 109 182 0.0458716 0.0354994 0.0343643
876 0 1 5 107 130 0.046729 0.0423942 0.0421941
877 0 1 9 99 122 0.0909091 0.0818927 0.081448
878 0 1 8 113 197 0.0707965 0.0536189 0.0516129
879 0 1 8 96 153 0.0833333 0.0660098 0.064257
880 0 1 5 132 198 0.0378788 0.0309279 0.030303
881 0 1 8 106 159 0.0754717 0.0616224 0.0603774
882 0 1 4 122 187 0.0327869 0.0264825 0.02589
883 0 1 2 95 140 0.0210526 0.0173422 0.0170213
884 0 1 5 116 188 0.0431034 0.0338581 0.0328947
885 0 1 3 93 145 0.0322581 0.0258342 0.0252101
886 0 1 6 111 166 0.0540541 0.0442014 0.0433213
887 0 1 4 99 145 0.040404 0.0333855 0.0327869
888 0 1 5 117 173 0.042735 0.0351442 0.0344828
889 0 1 6 98 137 0.0612245 0.0517819 0.0510638
890 0 1 5 127 150 0.0393701 0.0362262 0.0361011
891 0 1 1 92 108 0.0108696 0.0100322 0.01
892 0 1 3 112 119 0.0267857 0.025986 0.025974
893 0 1 3 94 86 0.0348837 0.0333663 0.0333333
894 0 1 3 98 140 0.0306122 0.025612 0.0252101
895 0 1 1 83 96 0.0120482 0.0112028 0.0111732
896 0 1 0 115 110 0 0 0
897 0 1 0 77 65 0 0 0
898 0 1 3 72 92 0.0416667 0.0368605 0.0365854
899 0 1 1 58 70 0.0172414 0.0156941 0.015625
900 0 1 3 68 78 0.0441176 0.0411926 0.0410959
901 0 1 3 55 61 0.0545455 0.0517935 0.0517241
902 0 1 1 57 76 0.0175439 0.0151934 0.0150376
903 0 1 0 47 64 0 0 0
904 0 1 0 65 92 0 0 0
905 0 1 3 53 80 0.0566038 0.0460721 0.0451128
906 0 1 5 36 66 0.138889 0.102576 0.0980392
907 0 1 4 72 101 0.0555556 0.0469065 0.0462428
908 0 1 1 61 81 0.0163934 0.0142263 0.0140845
909 0 1 2 50 72 0.04 0.0333333 0.0327869
910 0 1 0 92 133 0 0 0
911 0 1 2 78 110 0.025641 0.0215917 0.0212766
912 0 1 2 72 106 0.0277778 0.0228934 0.0224719
913 0 1 2 62 85 0.0322581 0.0275502 0.0272109
914 0 1 3 52 79 0.0576923 0.0468065 0.0458015
915 0 1 5 75 117 0.0666667 0.053376 0.0520833
916 0 1 4 66 99 0.0606061 0.0494846 0.0484848
917 0 1 2 57 89 0.0350877 0.02808 0.0273973
918 0 1 1 101 145 0.00990099 0.00826333 0.00813008
919 0 1 4 92 125 0.0434783 0.0373002 0.0368664
920 0 1 5 79 114 0.0632911 0.0526871 0.0518135
921 0 1 5 63 105 0.0793651 0.0614759 0.0595238
922 0 1 3 112 160 0.0267857 0.0224105 0.0220588
923 0 1 3 103 141 0.0291262 0.0248939 0.0245902
924 0 1 1 85 128 0.0117647 0.00958706 0.00938967
925 0 1 3 126 193 0.0238095 0.0192379 0.0188088
926 0 1 1 111 142 0.00900901 0.00796516 0.00790514
927 0 1 4 89 130 0.0449438 0.0371872 0.0365297
928 0 1 5 139 182 0.0359712 0.031436 0.0311526
929 0 1 5 118 161 0.0423729 0.0362757 0.0358423
930 0 1 8 111 158 0.0720721 0.0604088 0.0594796
931 0 1 12 104 147 0.115385 0.0970523 0.0956175
932 0 1 13 139 177 0.0935252 0.0828799 0.0822785
933 0 1 11 133 178 0.0827068 0.0714919 0.0707396
934 0 1 14 117 154 0.119658 0.104298 0.103321
935 0 1 12 151 221 0.0794702 0.0656896 0.0645161
936 0 1 11 133 183 0.0827068 0.0705085 0.0696203
937 0 1 10 126 177 0.0793651 0.066962 0.0660066
938 0 1 13 117 154 0.111111 0.0968479 0.095941
939 0 1 13 137 212 0.0948905 0.0762808 0.0744986
940 0 1 12 117 186 0.102564 0.0813452 0.0792079
941 0 1 7 113 158 0.0619469 0.0523878 0.0516605
942 0 1 7 144 202 0.0486111 0.0410432 0.0404624
943 0 1 9 121 193 0.0743802 0.058894 0.0573248
944 0 1 8 101 172 0.0792079 0.0606967 0.0586081
945 0 1 3 120 233 0.025 0.0179412 0.0169972
946 0 1 3 116 192 0.0258621 0.0201021 0.0194805
947 0 1 4 98 174 0.0408163 0.0306318 0.0294118
948 0 1 4 128 206 0.03125 0.0246332 0.0239521
949 0 1 6 114 188 0.0526316 0.0409845 0.0397351
950 0 1 2 89 151 0.0224719 0.0172523 0.0166667
951 0 1 5 132 193 0.0378788 0.031326 0.0307692
952 0 1 7 116 153 0.0603448 0.052544 0.0520446
953 0 1 8 141 176 0.0567376 0.0507837 0.0504732
954 0 1 6 105 123 0.0571429 0.0527964 0.0526316
955 0 1 4 100 127 0.04 0.0354943 0.0352423
956 0 1 4 74 88 0.0540541 0.0495682 0.0493827
957 0 1 2 105 119 0.0190476 0.0178921 0.0178571
958 0 1 1 91 88 0.0113636 0.0111748 0.0111732
959 0 1 1 108 141 0.00925926 0.00810361 0.00803213
960 0 1 2 71 90 0.028169 0.0250196 0.0248447
961 0 1 2 111 120 0.018018 0.0173292 0.017316
962 0 1 1 78 86 0.0128205 0.0122097 0.0121951
963 0 1 1 74 76 0.0135135 0.0133345 0.0133333
964 0 1 0 83 92 0 0 0
965 0 1 0 60 61 0 0 0
966 0 1 0 78 90 0 0 0
967 0 1 0 69 56 0 0 0
968 0 1 0 90 104 0 0 0
969 0 1 1 76 78 0.0131579 0.0129881 0.012987
970 0 1 1 101 98 0.0102041 0.0100514 0.0100503
971 0 1 5 128 126 0.0396825 0.0393713 0.0393701
972 0 1 4 98 101 0.0408163 0.0402056 0.040201
973 0 1 2 114 106 0.0188679 0.0181939 0.0181818
974 0 1 4 90 103 0.0444444 0.0415451 0.0414508
975 0 1 1 103 126 0.00970874 0.00877801 0.00873362
976 0 1 0 75 104 0 0 0
977 0 1 0 107 142 0 0 0
978 0 1 0 79 112 0 0 0
979 0 1 1 90 111 0.0111111 0.010005 0.00995025
980 0 1 0 116 124 0 0 0
981 0 1 0 84 90 0 0 0
982 0 1 1 102 115 0.00980392 0.00923317 0.00921659
983 0 1 1 86 95 0.0116279 0.0110634 0.0110497
984 0 1 1 95 109 0.0105263 0.00982709 0.00980392
985 0 1 1 105 111 0.00952381 0.00926283 0.00925926
986 0 1 1 75 79 0.0133333 0.0129914 0.012987
987 0 1 2 98 64 0.03125 0.0252538 0.0246914
988 0 1 3 72 45 0.0666667 0.0527046 0.0512821
989 0 1 4 82 68 0.0588235 0.0535672 0.0533333
990 0 1 2 74 45 0.0444444 0.0346584 0.0336134
991 0 1 2 78 61 0.0327869 0.0289946 0.028777
992 0 1 0 73 52 0 0 0
993 0 1 1 86 79 0.0126582 0.0121321 0.0121212
994 0 1 0 86 57 0 0 0
995 0 1 2 109 85 0.0235294 0.0207782 0.0206186
996 0 1 3 99 72 0.0416667 0.0355335 0.0350877
997 0 1 2 127 105 0.0190476 0.0173194 0.0172414
998 0 1 3 119 83 0.0361446 0.0301862 0.029703
999 0 1 5 140 118 0.0423729 0.0389014 0.0387597
1000 0 1 5 112 97 0.0515464 0.0479706 0.0478469
1001 0 1 7 119 109 0.0642202 0.0614627 0.0614035
1002 0 1 6 111 81 0.0740741 0.0632772 0.0625
1003 0 1 7 119 97 0.0721649 0.0651536 0.0648148
1004 0 1 8 97 84 0.0952381 0.0886267 0.0883978
1005 0 1 10 128 113 0.0884956 0.0831488 0.0829876
1006 0 1 9 102 92 0.0978261 0.092907 0.0927835
1007 0 1 7 127 130 0.0551181 0.0544784 0.0544747
1008 0 1 9 116 121 0.0775862 0.0759663 0.0759494
1009 0 1 5 108 93 0.0537634 0.0498904 0.0497512
1010 0 1 4 134 129 0.0310078 0.0304238 0.0304183
1011 0 1 7 122 120 0.0583333 0.0578532 0.0578512
1012 0 1 9 97 110 0.0927835 0.0871285 0.0869565
1013 0 1 6 114 132 0.0526316 0.0489116 0.0487805
1014 0 1 7 103 120 0.0679612 0.0629635 0.0627803
1015 0 1 4 125 138 0.032 0.0304555 0.0304183
1016 0 1 4 108 116 0.037037 0.0357371 0.0357143
1017 0 1 4 99 82 0.0487805 0.0443951 0.0441989
1018 0 1 4 105 112 0.0380952 0.0368856 0.0368664
1019 0 1 6 89 95 0.0674157 0.0652521 0.0652174
1020 0 1 7 75 76 0.0933333 0.0927173 0.0927152
1021 0 1 4 109 103 0.038835 0.037751 0.0377358
1022 0 1 3 91 86 0.0348837 0.0339118 0.0338983
1023 0 1 2 109 98 0.0204082 0.019351 0.0193237
1024 0 1 2 90 74 0.027027 0.0245072 0.0243902
1025 0 1 6 111 93 0.0645161 0.0590539 0.0588235
1026 0 1 1 90 87 0.0114943 0.0113011 0.0112994
1027 0 1 3 95 107 0.0315789 0.0297555 0.029703
1028 0 1 0 88 78 0 0 0
1029 0 1 3 65 62 0.0483871 0.0472573 0.0472441
1030 0 1 0 87 78 0 0 0
1031 0 1 1 78 73 0.0136986 0.0132523 0.013245
1032 0 1 1 123 95 0.0105263 0.00925094 0.00917431
1033 0 1 0 87 68 0 0 0
1034 0 1 0 111 114 0 0 0
1035 0 1 0 91 79 0 0 0
1036 0 1 0 108 108 0 0 0
1037 0 1 0 91 81 0 0 0
1038 0 1 0 115 111 0 0 0
1039 0 1 0 84 80 0 0 0
1040 0 1 0 94 87 0 0 0
1041 0 1 1 75 71 0.0140845 0.0137038 0.0136986
1042 0 1 0 85 85 0 0 0
1043 0 1 0 64 73 0 0 0
1044 0 1 0 79 69 0 0 0
1045 0 1 0 68 45 0 0 0
1046 0 1 0 78 68 0 0 0
1047 0 1 0 65 53 0 0 0
1048 0 1 0 76 70 0 0 0
1049 0 1 1 62 58 0.0172414 0.0166759 0.0166667
1050 0 1 1 75 68 0.0147059 0.0140028 0.013986
1051 0 1 1 47 52 0.0212766 0.0202278 0.020202
1052 0 1 0 61 63 0 0 0
1053 0 1 0 47 39 0 0 0
1054 0 1 0 60 61 0 0 0
1055 0 1 0 46 47 0 0 0
1056 0 1 0 64 42 0 0 0
1057 0 1 0 70 60 0 0 0
1058 0 1 1 77 63 0.015873 0.0143577 0.0142857
1059 0 1 1 87 69 0.0144928 0.0129067 0.0128205
1060 0 1 2 99 88 0.0227273 0.0214275 0.0213904
1061 0 1 0 74 80 0 0 0
1062 0 1 0 79 86 0 0 0
1063 0 1 1 100 90 0.0111111 0.0105409 0.0105263
1064 0 1 1 96 118 0.0104167 0.00939558 0.00934579
1065 0 1 1 83 67 0.0149254 0.0134098 0.0133333
1066 0 1 1 94 86 0.0116279 0.0111221 0.0111111
1067 0 1 1 64 62 0.016129 0.015875 0.015873
1068 0 1 1 80 68 0.0147059 0.0135582 0.0135135
1069 0 1 0 54 54 0 0 0
1070 0 1 0 64 63 0 0 0
1071 0 1 0 70 72 0 0 0
1072 0 1 2 81 81 0.0246914 0.0246914 0.0246914
1073 0 1 0 75 81 0 0 0
1074 0 1 0 106 96 0 0 0
1075 0 1 2 63 74 0.031746 0.0292917 0.0291971
1076 0 1 1 84 76 0.0131579 0.0125157 0.0125
1077 0 1 2 67 51 0.0392157 0.0342143 0.0338983
1078 0 1 4 62 82 0.0645161 0.0560993 0.0555556
1079 0 1 4 48 61 0.0833333 0.0739221 0.0733945
1080 0 1 1 58 71 0.0172414 0.0155832 0.0155039
1081 0 1 0 75 86 0 0 0
1082 0 1 0 60 58 0 0 0
1083 0 1 0 73 70 0 0 0
1084 0 1 3 50 53 0.06 0.0582772 0.0582524
1085 0 1 3 73 64 0.046875 0.0438904 0.0437956
1086 0 1 2 59 52 0.0384615 0.0361079 0.036036
1087 0 1 4 76 91 0.0526316 0.0480986 0.0479042
1088 0 1 6 64 67 0.09375 0.0916271 0.0916031
1089 0 1 4 84 81 0.0493827 0.0484929 0.0484848
1090 0 1 5 78 61 0.0819672 0.0724866 0.0719424
1091 0 1 8 97 82 0.097561 0.089701 0.0893855
1092 0 1 8 83 75 0.106667 0.101396 0.101266
1093 0 1 8 106 109 0.0754717 0.0744259 0.0744186
1094 0 1 4 87 73 0.0547945 0.0501925 0.05
1095 0 1 5 116 110 0.0454545 0.0442634 0.0442478
1096 0 1 7 109 92 0.076087 0.0699022 0.0696517
1097 0 1 8 109 95 0.0842105 0.0786167 0.0784314
1098 0 1 10 89 83 0.120482 0.11635 0.116279
1099 0 1 10 101 117 0.0990099 0.0919912 0.0917431
1100 0 1 12 95 87 0.137931 0.131996 0.131868
1101 0 1 15 143 141 0.106383 0.105636 0.105634
1102 0 1 14 118 112 0.125 0.121781 0.121739
1103 0 1 10 116 98 0.102041 0.0937903 0.0934579
1104 0 1 11 115 122 0.0956522 0.0928675 0.092827
1105 0 1 12 125 110 0.109091 0.102336 0.102128
1106 0 1 15 135 140 0.111111 0.109109 0.109091
1107 0 1 13 126 124 0.104839 0.104003 0.104
1108 0 1 6 139 167 0.0431655 0.0393809 0.0392157
1109 0 1 13 137 151 0.0948905 0.0903846 0.0902778
1110 0 1 12 126 132 0.0952381 0.0930484 0.0930233
1111 0 1 13 139 183 0.0935252 0.0815099 0.0807453
1112 0 1 15 132 164 0.113636 0.101949 0.101351
1113 0 1 12 125 136 0.096 0.0920358 0.091954
1114 0 1 13 142 160 0.0915493 0.086246 0.0860927
1115 0 1 9 126 170 0.0714286 0.061494 0.0608108
1116 0 1 11 120 144 0.0916667 0.0836798 0.0833333
1117 0 1 7 133 198 0.0526316 0.043136 0.0422961
1118 0 1 9 126 178 0.0714286 0.0600962 0.0592105
1119 0 1 6 109 157 0.0550459 0.0458657 0.0451128
1120 0 1 11 120 197 0.0916667 0.0715433 0.0694006
1121 0 1 9 111 161 0.0810811 0.0673237 0.0661765
1122 0 1 7 129 210 0.0542636 0.0425298 0.0412979
1123 0 1 8 115 167 0.0695652 0.0577275 0.0567376
1124 0 1 9 127 214 0.0708661 0.0545926 0.0527859
1125 0 1 11 110 181 0.1 0.0779573 0.0756014
1126 0 1 9 122 190 0.0737705 0.0591134 0.0576923
1127 0 1 8 112 142 0.0714286 0.0634362 0.0629921
1128 0 1 6 92 179 0.0652174 0.0467553 0.0442804
1129 0 1 8 71 143 0.112676 0.0793949 0.0747664
1130 0 1 3 61 177 0.0491803 0.0288715 0.0252101
1131 0 1 0 48 137 0 0 0
1132 0 1 0 32 182 0 0 0
1133 0 1 3 23 137 0.130435 0.0534438 0.0375
1134 0 1 1 26 146 0.0384615 0.0162307 0.0116279
1135 0 1 1 19 118 0.0526316 0.0211194 0.0145985
1136 0 1 1 28 118 0.0357143 0.0173972 0.0136986
1137 0 1 1 26 83 0.0384615 0.0215265 0.0183486
1138 0 1 1 25 106 0.04 0.0194257 0.0152672
1139 0 1 1 21 79 0.047619 0.0245514 0.02
1140 0 1 1 38 86 0.0263158 0.0174928 0.016129
1141 0 1 2 25 70 0.08 0.0478091 0.0421053
1142 0 1 1 37 98 0.027027 0.0166068 0.0148148
1143 0 1 0 31 71 0 0 0
1144 0 1 0 48 113 0 0 0
1145 0 1 0 45 95 0 0 0
1146 0 1 0 38 74 0 0 0
1147 0 1 0 32 67 0 0 0
1148 0 1 1 53 103 0.0188679 0.0135345 0.0128205
1149 0 1 1 47 91 0.0212766 0.0152908 0.0144928
1150 0 1 0 40 62 0 0 0
1151 0 1 0 57 95 0 0 0
1152 0 1 0 46 77 0 0 0
1153 0 1 1 76 113 0.0131579 0.0107908 0.010582
1154 0 1 2 73 86 0.0273973 0.0252417 0.0251572
1155 0 1 0 52 65 0 0 0
1156 0 1 1 72 96 0.0138889 0.0120281 0.0119048
1157 0 1 0 61 71 0 0 0
1158 0 1 0 87 112 0 0 0
1159 0 1 0 74 90 0 0 0
1160 0 1 0 62 64 0 0 0
1161 0 1 0 89 77 0 0 0
1162 0 1 0 80 70 0 0 0
1163 0 1 1 99 110 0.010101 0.00958266 0.00956938
1164 0 1 1 77 86 0.012987 0.0122887 0.0122699
1165 0 1 2 84 121 0.0238095 0.019838 0.0195122
1166 0 1 2 88 81 0.0246914 0.023689 0.0236686
1167 0 1 0 107 115 0 0 0
1168 0 1 3 110 102 0.0294118 0.0283221 0.0283019
1169 0 1 1 96 94 0.0106383 0.0105269 0.0105263
1170 0 1 1 122 103 0.00970874 0.00892075 0.00888889
1171 0 1 1 84 87 0.0119048 0.0116977 0.0116959
1172 0 1 3 112 117 0.0267857 0.0262071 0.0262009
1173 0 1 6 89 100 0.0674157 0.0635999 0.0634921
1174 0 1 8 117 112 0.0714286 0.0698857 0.069869
1175 0 1 6 97 89 0.0674157 0.0645759 0.0645161
1176 0 1 6 107 119 0.0560748 0.0531723 0.0530973
1177 0 1 6 96 105 0.0625 0.0597614 0.0597015
1178 0 1 4 123 133 0.0325203 0.0312739 0.03125
1179 0 1 4 94 110 0.0425532 0.0393369 0.0392157
1180 0 1 6 106 148 0.0566038 0.0479035 0.0472441
1181 0 1 3 92 104 0.0326087 0.0306698 0.0306122
1182 0 1 7 128 120 0.0583333 0.056481 0.0564516
1183 0 1 7 115 101 0.0693069 0.0649514 0.0648148
1184 0 1 6 134 132 0.0454545 0.0451141 0.0451128
1185 0 1 7 106 105 0.0666667 0.0663515 0.0663507
1186 0 1 6 126 120 0.05 0.048795 0.0487805
1187 0 1 4 99 101 0.040404 0.040002 0.04
1188 0 1 3 127 99 0.030303 0.0267548 0.0265487
1189 0 1 3 81 88 0.037037 0.0355335 0.035503
1190 0 1 1 99 98 0.0102041 0.0101524 0.0101523
1191 0 1 7 74 89 0.0945946 0.0862556 0.0858896
1192 0 1 4 65 98 0.0615385 0.0501176 0.0490798
1193 0 1 3 55 79 0.0545455 0.0455121 0.0447761
1194 0 1 5 63 85 0.0793651 0.0683267 0.0675676
1195 0 1 4 57 66 0.0701754 0.0652155 0.0650406
1196 0 1 3 81 107 0.037037 0.0322246 0.0319149
1197 0 1 1 69 89 0.0144928 0.0127609 0.0126582
1198 0 1 4 59 68 0.0677966 0.0631509 0.0629921
1199 0 1 4 74 97 0.0540541 0.0472126 0.0467836
1200 0 1 5 64 76 0.078125 0.0716924 0.0714286
1201 0 1 3 86 111 0.0348837 0.0307051 0.0304569
1202 0 1 4 72 103 0.0555556 0.0464489 0.0457143
1203 0 1 4 76 76 0.0526316 0.0526316 0.0526316
1204 0 1 1 90 94 0.0111111 0.0108721 0.0108696
1205 0 1 3 87 85 0.0352941 0.0348861 0.0348837
1206 0 1 2 100 117 0.02 0.01849 0.0184332
1207 0 1 1 88 100 0.0113636 0.01066 0.0106383
1208 0 1 1 80 66 0.0151515 0.013762 0.0136986
1209 0 1 2 92 96 0.0217391 0.0212814 0.0212766
1210 0 1 3 86 94 0.0348837 0.0333663 0.0333333
1211 0 1 5 85 70 0.0714286 0.0648204 0.0645161
1212 0 1 4 104 111 0.0384615 0.037229 0.0372093
1213 0 1 7 102 98 0.0714286 0.070014 0.07
1214 0 1 6 86 80 0.075 0.0723364 0.0722892
1215 0 1 5 103 112 0.0485437 0.0465524 0.0465116
1216 0 1 6 106 100 0.06 0.0582772 0.0582524
1217 0 1 6 100 92 0.0652174 0.0625543 0.0625
1218 0 1 5 94 86 0.0581395 0.0556105 0.0555556
1219 0 1 4 94 117 0.0425532 0.038142 0.0379147
1220 0 1 6 103 107 0.0582524 0.0571532 0.0571429
1221 0 1 5 84 96 0.0595238 0.0556794 0.0555556
1222 0 1 2 100 145 0.02 0.0166091 0.0163265
1223 0 1 3 95 119 0.0315789 0.0282154 0.0280374
1224 0 1 5 80 116 0.0625 0.0519034 0.0510204
1225 0 1 6 81 137 0.0740741 0.0569572 0.0550459
1226 0 1 5 64 123 0.078125 0.0563544 0.0534759
1227 0 1 3 70 175 0.0428571 0.0271052 0.0244898
1228 0 1 3 55 138 0.0545455 0.034435 0.0310881
1229 0 1 1 52 149 0.0192308 0.0113607 0.00995025
1230 0 1 0 49 136 0 0 0
1231 0 1 0 48 151 0 0 0
1232 0 1 2 44 112 0.0454545 0.0284901 0.025641
1233 0 1 2 60 144 0.0333333 0.0215166 0.0196078
1234 0 1 2 54 109 0.037037 0.0260687 0.0245399
1235 0 1 3 89 135 0.0337079 0.027369 0.0267857
1236 0 1 2 83 103 0.0240964 0.0216308 0.0215054
1237 0 1 4 86 84 0.047619 0.0470621 0.0470588
1238 0 1 7 116 105 0.0666667 0.063427 0.0633484
1239 0 1 2 114 87 0.0229885 0.0200825 0.0199005
1240 0 1 3 106 78 0.0384615 0.0329929 0.0326087
1241 0 1 5 134 88 0.0568182 0.0460443 0.045045
1242 0 1 5 114 75 0.0666667 0.0540738 0.0529101
1243 0 1 2 151 102 0.0196078 0.0161154 0.0158103
1244 0 1 4 140 83 0.0481928 0.0371071 0.0358744
1245 0 1 7 142 85 0.0823529 0.0637154 0.061674
1246 0 1 6 123 68 0.0882353 0.0656061 0.0628272
1247 0 1 4 167 135 0.0296296 0.02664 0.0264901
1248 0 1 7 149 116 0.0603448 0.0532446 0.0528302
1249 0 1 2 155 110 0.0181818 0.0153168 0.0150943
1250 0 1 3 128 98 0.0306122 0.0267857 0.0265487
1251 0 1 2 196 170 0.0117647 0.0109566 0.010929
1252 0 1 3 185 152 0.0197368 0.0178901 0.0178042
1253 0 1 4 164 141 0.0283688 0.0263044 0.0262295
1254 0 1 3 149 131 0.0229008 0.021473 0.0214286
1255 0 1 3 138 111 0.027027 0.0242393 0.0240964
1256 0 1 3 174 164 0.0182927 0.0177593 0.0177515
1257 0 1 4 161 137 0.0291971 0.0269331 0.0268456
1258 0 1 6 137 118 0.0508475 0.04719 0.0470588
1259 0 1 3 177 163 0.0184049 0.017662 0.0176471
1260 0 1 3 167 148 0.0202703 0.0190824 0.0190476
1261 0 1 7 162 122 0.057377 0.0497921 0.0492958
1262 0 1 7 216 180 0.0388889 0.0355005 0.0353535
1263 0 1 7 224 174 0.0402299 0.0354568 0.0351759
1264 0 1 12 202 165 0.0727273 0.06573 0.0653951
1265 0 1 9 186 156 0.0576923 0.0528352 0.0526316
1266 0 1 13 174 128 0.101562 0.0871091 0.0860927
1267 0 1 10 195 161 0.0621118 0.0564378 0.0561798
1268 0 1 8 170 147 0.0544218 0.0506066 0.0504732
1269 0 1 8 230 177 0.0451977 0.0396497 0.039312
1270 0 1 3 200 146 0.0205479 0.0175562 0.017341
1271 0 1 5 192 170 0.0294118 0.0276755 0.0276243
1272 0 1 8 148 117 0.0683761 0.0607948 0.0603774
1273 0 1 2 110 119 0.0181818 0.0174808 0.0174672
1274 0 1 4 102 73 0.0547945 0.0463552 0.0457143
1275 0 1 5 89 84 0.0595238 0.0578276 0.0578035
1276 0 1 2 73 75 0.0273973 0.0270295 0.027027
1277 0 1 3 79 105 0.0379747 0.0329392 0.0326087
1278 0 1 4 73 81 0.0547945 0.0520183 0.0519481
1279 0 1 2 58 90 0.0344828 0.0276818 0.027027
1280 0 1 1 52 71 0.0192308 0.0164577 0.0162602
1281 0 1 1 83 115 0.0120482 0.0102356 0.010101
1282 0 1 0 63 91 0 0 0
1283 0 1 0 86 141 0 0 0
1284 0 1 1 75 94 0.0133333 0.0119098 0.0118343
1285 0 1 0 117 142 0 0 0
1286 0 1 0 83 103 0 0 0
1287 0 1 1 113 116 0.00884956 0.00873437 0.00873362
1288 0 1 0 93 89 0 0 0
1289 0 1 0 116 114 0 0 0
1290 0 1 0 99 82 0 0 0
1291 0 1 1 115 118 0.00869565 0.0085844 0.00858369
1292 0 1 0 116 108 0 0 0
1293 0 1 2 147 128 0.015625 0.0145803 0.0145455
1294 0 1 1 120 100 0.01 0.00912871 0.00909091
1295 0 1 1 147 141 0.0070922 0.00694595 0.00694444
1296 0 1 3 134 117 0.025641 0.0239594 0.0239044
1297 0 1 3 152 161 0.0197368 0.0191773 0.0191693
1298 0 1 5 136 117 0.042735 0.0396376 0.0395257
1299 0 1 2 156 139 0.0143885 0.0135819 0.0135593
1300 0 1 6 135 107 0.0560748 0.0499221 0.0495868
1301 0 1 9 146 131 0.0687023 0.0650774 0.064982
1302 0 1 7 130 97 0.0721649 0.0623362 0.061674
1303 0 1 4 154 133 0.0300752 0.0279495 0.0278746
1304 0 1 8 132 104 0.0769231 0.0682789 0.0677966
1305 0 1 5 141 143 0.035461 0.0352121 0.0352113
1306 0 1 5 114 110 0.0454545 0.04465 0.0446429
1307 0 1 8 128 146 0.0625 0.0585206 0.0583942
1308 0 1 8 119 115 0.0695652 0.0683861 0.0683761
1309 0 1 5 101 97 0.0515464 0.0505154 0.050505
1310 0 1 6 113 118 0.0530973 0.0519602 0.0519481
1311 0 1 5 101 99 0.050505 0.0500025 0.05
1312 0 1 5 128 136 0.0390625 0.0378962 0.0378788
1313 0 1 2 118 102 0.0196078 0.0182301 0.0181818
1314 0 1 3 139 121 0.0247934 0.0231324 0.0230769
1315 0 1 2 117 102 0.0196078 0.0183078 0.0182648
1316 0 1 2 140 143 0.0142857 0.0141351 0.0141343
1317 0 1 2 107 94 0.0212766 0.0199423 0.0199005
1318 0 1 1 136 101 0.00990099 0.00853237 0.00843882
1319 0 1 2 114 85 0.0235294 0.0203174 0.0201005
1320 0 1 2 135 117 0.017094 0.0159137 0.015873
1321 0 1 4 115 96 0.0416667 0.0380693 0.0379147
1322 0 1 3 88 75 0.04 0.0369274 0.0368098
1323 0 1 4 100 93 0.0430108 0.0414781 0.0414508
1324 0 1 1 83 68 0.0147059 0.0133109 0.013245
1325 0 1 3 76 66 0.0454545 0.0423587 0.0422535
1326 0 1 4 70 92 0.0571429 0.0498445 0.0493827
1327 0 1 3 81 76 0.0394737 0.038236 0.0382166
1328 0 1 3 64 72 0.046875 0.0441942 0.0441176
1329 0 1 1 85 110 0.0117647 0.0103418 0.0102564
1330 0 1 2 86 104 0.0232558 0.0211477 0.0210526
1331 0 1 4 85 88 0.0470588 0.0462497 0.0462428
1332 0 1 2 67 77 0.0298507 0.027845 0.0277778
1333 0 1 4 90 94 0.0444444 0.0434885 0.0434783
1334 0 1 1 75 82 0.0133333 0.0127515 0.0127389
1335 0 1 2 100 135 0.02 0.0172133 0.0170213
1336 0 1 3 89 96 0.0337079 0.0324557 0.0324324
1337 0 1 1 74 70 0.0142857 0.0138943 0.0138889
1338 0 1 2 99 98 0.0204082 0.0203048 0.0203046
1339 0 1 1 91 79 0.0126582 0.0117941 0.0117647
1340 0 1 3 80 66 0.0454545 0.0412861 0.0410959
1341 0 1 1 103 100 0.01 0.00985329 0.00985222
1342 0 1 1 106 108 0.00943396 0.0093462 0.00934579
1343 0 1 1 98 96 0.0104167 0.0103098 0.0103093
1344 0 1 0 84 81 0 0 0
1345 0 1 0 120 106 0 0 0
1346 0 1 1 96 103 0.0104167 0.0100565 0.0100503
1347 0 1 2 90 77 0.025974 0.024025 0.0239521
1348 0 1 1 113 131 0.00884956 0.00821912 0.00819672
1349 0 1 2 108 121 0.0185185 0.0174955 0.0174672
1350 0 1 0 94 107 0 0 0
1351 0 1 1 126 146 0.00793651 0.0073729 0.00735294
1352 0 1 4 112 119 0.0357143 0.0346479 0.034632
1353 0 1 4 104 101 0.039604 0.0390286 0.0390244
1354 0 1 3 114 165 0.0263158 0.0218739 0.0215054
1355 0 1 4 95 127 0.0421053 0.0364163 0.036036
1356 0 1 2 88 114 0.0227273 0.0199681 0.019802
1357 0 1 4 115 150 0.0347826 0.0304555 0.0301887
1358 0 1 6 100 144 0.06 0.05 0.0491803
1359 0 1 4 92 125 0.0434783 0.0373002 0.0368664
1360 0 1 3 100 198 0.03 0.0213201 0.0201342
1361 0 1 5 94 169 0.0531915 0.0396701 0.0380228
1362 0 1 3 81 152 0.037037 0.0270369 0.0257511
1363 0 1 6 79 141 0.0759494 0.0568497 0.0545455
1364 0 1 4 111 181 0.036036 0.0282201 0.0273973
1365 0 1 2 92 162 0.0217391 0.0163824 0.015748
1366 0 1 4 93 150 0.0430108 0.0338667 0.0329218
1367 0 1 0 78 138 0 0 0
1368 0 1 3 86 176 0.0348837 0.0243846 0.0229008
1369 0 1 4 80 156 0.05 0.0358057 0.0338983
1370 0 1 5 75 164 0.0666667 0.0450835 0.041841
1371 0 1 5 72 155 0.0694444 0.0473302 0.0440529
1372 0 1 6 90 234 0.0666667 0.0413449 0.037037
1373 0 1 4 80 215 0.05 0.0304997 0.0271186
1374 0 1 4 81 213 0.0493827 0.0304528 0.0272109
1375 0 1 4 75 199 0.0533333 0.0327418 0.0291971
1376 0 1 7 78 178 0.0897436 0.0594074 0.0546875
1377 0 1 6 68 180 0.0882353 0.0542326 0.0483871
1378 0 1 8 67 158 0.119403 0.0777542 0.0711111
1379 0 1 3 95 218 0.0315789 0.0208464 0.0191693
1380 0 1 4 86 216 0.0465116 0.0293484 0.0264901
1381 0 1 5 90 200 0.0555556 0.0372678 0.0344828
1382 0 1 6 87 191 0.0689655 0.0465452 0.0431655
1383 0 1 6 84 166 0.0714286 0.050811 0.048
1384 0 1 7 70 173 0.1 0.0636101 0.0576132
1385 0 1 5 72 152 0.0694444 0.0477949 0.0446429
1386 0 1 6 86 249 0.0697674 0.0410017 0.0358209
1387 0 1 11 89 224 0.123596 0.0779065 0.0702875
1388 0 1 8 76 226 0.105263 0.061042 0.0529801
1389 0 1 6 71 209 0.084507 0.0492548 0.0428571
1390 0 1 2 66 202 0.030303 0.0173214 0.0149254
1391 0 1 6 71 183 0.084507 0.0526377 0.0472441
1392 0 1 5 69 186 0.0724638 0.0441356 0.0392157
1393 0 1 10 65 183 0.153846 0.0916891 0.0806452
1394 0 1 8 66 170 0.121212 0.0755255 0.0677966
1395 0 1 5 75 247 0.0666667 0.0367359 0.0310559
1396 0 1 4 66 246 0.0606061 0.0313921 0.025641
1397 0 1 7 70 234 0.1 0.0546942 0.0460526
1398 0 1 5 66 221 0.0757576 0.0414001 0.0348432
1399 0 1 7 58 205 0.12069 0.0641959 0.0532319
1400 0 1 5 53 192 0.0943396 0.0495657 0.0408163
1401 0 1 6 57 245 0.105263 0.0507728 0.0397351
1402 0 1 5 48 222 0.104167 0.0484365 0.037037
1403 0 1 5 41 193 0.121951 0.0562082 0.042735
1404 0 1 4 47 253 0.0851064 0.0366818 0.0266667
1405 0 1 1 27 221 0.037037 0.0129456 0.00806452
1406 0 1 2 27 177 0.0740741 0.0289309 0.0196078
1407 0 1 3 28 224 0.107143 0.0378807 0.0238095
1408 0 1 1 27 178 0.037037 0.0144247 0.0097561
1409 0 1 1 21 143 0.047619 0.0182483 0.0121951
1410 0 1 1 24 172 0.0416667 0.0155643 0.0102041
1411 0 1 0 13 130 0 0 0
1412 0 1 0 20 160 0 0 0
1413 0 1 0 14 111 0 0 0
1414 0 1 0 19 121 0 0 0
1415 0 1 1 16 115 0.0625 0.0233126 0.0152672
1416 0 1 1 12 106 0.0833333 0.0280386 0.0169492
1417 0 1 0 25 107 0 0 0
1418 0 1 1 30 90 0.0333333 0.019245 0.0166667
1419 0 1 1 60 110 0.0166667 0.0123091 0.0117647
1420 0 1 1 53 83 0.0188679 0.0150773 0.0147059
1421 0 1 1 44 64 0.0227273 0.0188445 0.0185185
1422 0 1 0 92 100 0 0 0
1423 0 1 1 80 75 0.0133333 0.0129099 0.0129032
1424 0 1 1 60 69 0.0166667 0.0155417 0.0155039
1425 0 1 0 100 106 0 0 0
1426 0 1 0 94 93 0 0 0
1427 0 1 0 83 78 0 0 0
1428 0 1 0 107 137 0 0 0
1429 0 1 0 105 120 0 0 0
1430 0 1 0 77 83 0 0 0
1431 0 1 0 107 109 0 0 0
1432 0 1 1 86 83 0.0120482 0.0118362 0.0118343
1433 0 1 1 121 106 0.00943396 0.00882987 0.00881057
1434 0 1 0 95 92 0 0 0
1435 0 1 0 112 111 0 0 0
1436 0 1 1 126 133 0.00793651 0.00772483 0.00772201
1437 0 1 1 146 145 0.00689655 0.00687289 0.00687285
1438 0 1 1 150 156 0.00666667 0.0065372 0.00653595
1439 0 1 0 155 157 0 0 0
1440 0 1 2 146 142 0.0140845 0.0138902 0.0138889
1441 0 1 2 118 97 0.0206186 0.018694 0.0186047
1442 0 1 3 125 114 0.0263158 0.0251312 0.0251046
1443 0 1 1 135 118 0.00847458 0.00792305 0.00790514
1444 0 1 2 105 72 0.0277778 0.0230022 0.0225989
1445 0 1 1 102 87 0.0114943 0.0106155 0.010582
1446 0 1 0 87 61 0 0 0
1447 0 1 1 110 97 0.0103093 0.00968095 0.00966184
1448 0 1 1 88 73 0.0136986 0.0124766 0.0124224
1449 0 1 0 117 98 0 0 0
1450 0 1 1 97 85 0.0117647 0.011013 0.010989
1451 0 1 0 128 111 0 0 0
1452 0 1 2 107 103 0.0194175 0.0190511 0.0190476
1453 0 1 0 119 167 0 0 0
1454 0 1 0 119 135 0 0 0
1455 0 1 1 109 118 0.00917431 0.00881751 0.00881057
1456 0 1 0 97 124 0 0 0
1457 0 1 1 78 104 0.0128205 0.0111029 0.010989
1458 0 1 1 85 129 0.0117647 0.00954983 0.00934579
1459 0 1 1 73 79 0.0136986 0.0131682 0.0131579
1460 0 1 0 83 110 0 0 0
1461 0 1 0 70 91 0 0 0
1462 0 1 0 84 128 0 0 0
1463 0 1 0 75 111 0 0 0
1464 0 1 0 101 137 0 0 0
1465 0 1 1 95 109 0.0105263 0.00982709 0.00980392
1466 0 1 1 133 172 0.0075188 0.00661165 0.00655738
1467 0 1 2 111 141 0.018018 0.0159867 0.015873
1468 0 1 2 85 111 0.0235294 0.0205901 0.0204082
1469 0 1 2 91 101 0.021978 0.0208616 0.0208333
1470 0 1 2 70 86 0.0285714 0.025777 0.025641
1471 0 1 0 85 96 0 0 0
1472 0 1 0 86 127 0 0 0
1473 0 1 1 113 149 0.00884956 0.00770669 0.00763359
1474 0 1 1 86 101 0.0116279 0.0107298 0.0106952
1475 0 1 0 96 117 0 0 0
1476 0 1 0 81 96 0 0 0
1477 0 1 1 114 122 0.00877193 0.00847945 0.00847458
1478 0 1 1 86 90 0.0116279 0.0113666 0.0113636
1479 0 1 1 116 140 0.00862069 0.00784706 0.0078125
1480 0 1 1 91 130 0.010989 0.00919407 0.00904977
1481 0 1 2 80 83 0.025 0.024544 0.0245399
1482 0 1 1 101 93 0.0107527 0.0103181 0.0103093
1483 0 1 0 76 63 0 0 0
1484 0 1 0 81 107 0 0 0
1485 0 1 0 84 77 0 0 0
1486 0 1 0 86 112 0 0 0
1487 0 1 0 71 74 0 0 0
1488 0 1 3 95 93 0.0322581 0.0319167 0.0319149
1489 0 1 2 76 73 0.0273973 0.0268511 0.0268456
1490 0 1 2 87 113 0.0229885 0.0201712 0.02
1491 0 1 0 62 69 0 0 0
1492 0 1 1 85 78 0.0128205 0.0122813 0.0122699
1493 0 1 0 62 53 0 0 0
1494 0 1 0 82 83 0 0 0
1495 0 1 0 111 78 0 0 0
1496 0 1 0 87 67 0 0 0
1497 0 1 0 98 90 0 0 0
1498 0 1 1 79 69 0.0144928 0.0135445 0.0135135
1499 0 1 1 85 78 0.0128205 0.0122813 0.0122699
1500 0 1 0 70 64 0 0 0
1501 0 1 0 78 71 0 0 0
1502 0 1 0 63 62 0 0 0
1503 0 1 0 85 87 0 0 0
1504 0 1 0 67 56 0 0 0
1505 0 1 0 87 100 0 0 0
1506 0 1 0 73 80 0 0 0
1507 0 1 0 105 108 0 0 0
1508 0 1 0 78 84 0 0 0
1509 0 1 1 84 126 0.0119048 0.0097202 0.00952381
1510 0 1 2 63 92 0.031746 0.0262703 0.0258065
1511 0 1 0 86 104 0 0 0
1512 0 1 2 70 67 0.0298507 0.0292041 0.0291971
1513 0 1 0 83 114 0 0 0
1514 0 1 1 65 78 0.0153846 0.0140442 0.013986
1515 0 1 0 85 89 0 0 0
1516 0 1 0 81 68 0 0 0
1517 0 1 0 80 92 0 0 0
1518 0 1 1 92 118 0.0108696 0.00959765 0.00952381
1519 0 1 1 82 95 0.0121951 0.01133 0.0112994
1520 0 1 0 95 157 0 0 0
1521 0 1 0 86 119 0 0 0
1522 0 1 0 96 129 0 0 0
1523 0 1 0 80 96 0 0 0
1524 0 1 0 87 122 0 0 0
1525 0 1 0 70 94 0 0 0
1526 0 1 1 86 121 0.0116279 0.00980298 0.00966184
1527 0 1 1 68 83 0.0147059 0.0133109 0.013245
1528 0 1 1 89 113 0.011236 0.00997162 0.00990099
1529 0 1 2 73 91 0.0273973 0.0245385 0.0243902
1530 0 1 0 99 126 0 0 0
1531 0 1 0 90 98 0 0 0
1532 0 1 1 100 131 0.01 0.00873704 0.00865801
1533 0 1 4 87 120 0.045977 0.039148 0.0386473
1534 0 1 2 106 148 0.0188679 0.0159678 0.015748
1535 0 1 5 74 126 0.0675676 0.0517808 0.05
1536 0 1 3 95 150 0.0315789 0.0251312 0.0244898
1537 0 1 0 97 121 0 0 0
1538 0 1 1 98 152 0.0102041 0.00819342 0.008
1539 0 1 4 86 137 0.0465116 0.0368511 0.0358744
1540 0 1 3 122 154 0.0245902 0.0218867 0.0217391
1541 0 1 3 124 141 0.0241935 0.0226882 0.0226415
1542 0 1 3 99 109 0.030303 0.0288795 0.0288462
1543 0 1 5 128 161 0.0390625 0.0348299 0.0346021
1544 0 1 5 116 139 0.0431034 0.0393762 0.0392157
1545 0 1 4 99 131 0.040404 0.0351242 0.0347826
1546 0 1 3 128 145 0.0234375 0.0220208 0.021978
1547 0 1 4 109 132 0.0366972 0.0333472 0.033195
1548 0 1 5 119 155 0.0420168 0.0368155 0.0364963
1549 0 1 0 87 116 0 0 0
1550 0 1 1 84 127 0.0119048 0.00968185 0.00947867
1551 0 1 2 66 113 0.030303 0.0231589 0.0223464
1552 0 1 2 56 129 0.0357143 0.023531 0.0216216
1553 0 1 0 38 117 0 0 0
1554 0 1 1 43 125 0.0232558 0.0136399 0.0119048
1555 0 1 0 30 95 0 0 0
1556 0 1 0 22 132 0 0 0
1557 0 1 1 16 107 0.0625 0.0241684 0.0162602
1558 0 1 0 19 153 0 0 0
1559 0 1 0 11 113 0 0 0
1560 0 1 0 32 141 0 0 0
1561 0 1 0 23 104 0 0 0
1562 0 1 0 38 103 0 0 0
1563 0 1 0 34 78 0 0 0
1564 0 1 0 54 94 0 0 0
1565 0 1 1 38 79 0.0263158 0.0182513 0.017094
1566 0 1 1 65 108 0.0153846 0.0119352 0.0115607
1567 0 1 1 58 82 0.0172414 0.0145004 0.0142857
1568 0 1 2 50 66 0.04 0.0348155 0.0344828
1569 0 1 2 67 78 0.0298507 0.0276659 0.0275862
1570 0 1 0 41 61 0 0 0
1571 0 1 0 51 74 0 0 0
1572 0 1 0 35 34 0 0 0
1573 0 1 0 49 55 0 0 0
1574 0 1 0 39 42 0 0 0
1575 0 1 0 55 52 0 0 0
1576 0 1 0 43 44 0 0 0
1577 0 1 0 58 51 0 0 0
1578 0 1 1 50 47 0.0212766 0.0206284 0.0206186
1579 0 1 0 58 77 0 0 0
1580 0 1 0 54 54 0 0 0
1581 0 1 0 41 32 0 0 0
1582 0 1 0 65 56 0 0 0
1583 0 1 0 49 45 0 0 0
1584 0 1 0 77 82 0 0 0
1585 0 1 27 299 205 0.131707 0.109056 0.107143
1586 0 1 19 227 199 0.0954774 0.0893952 0.0892019
1587 0 1 29 245 206 0.140777 0.129087 0.128603
1588 0 1 25 214 228 0.116822 0.113179 0.113122
1589 0 1 41 231 229 0.179039 0.178263 0.178261
1590 0 1 45 245 230 0.195652 0.189568 0.189474
1591 0 1 41 284 359 0.144366 0.128404 0.127527
1592 0 1 38 264 333 0.143939 0.128162 0.127303
1593 0 1 30 249 307 0.120482 0.108506 0.107914
1594 0 1 40 275 324 0.145455 0.134005 0.133556
1595 0 1 44 291 336 0.151203 0.140714 0.140351
1596 0 1 39 302 344 0.129139 0.120999 0.120743
1597 0 1 40 292 337 0.136986 0.127513 0.127186
1598 0 1 42 312 349 0.134615 0.12728 0.12708
1599 0 1 43 309 314 0.139159 0.138046 0.138042
1600 0 1 40 320 296 0.135135 0.129969 0.12987
1601 0 1 46 305 299 0.153846 0.152325 0.152318
1602 0 1 40 300 278 0.143885 0.138509 0.138408
1603 0 1 43 303 282 0.152482 0.147103 0.147009
1604 0 1 37 298 267 0.138577 0.131171 0.130973
1605 0 1 28 267 232 0.12069 0.112502 0.112224
1606 0 1 35 353 417 0.0991501 0.0912247 0.0909091
1607 0 1 34 315 321 0.107937 0.106923 0.106918
1608 0 1 28 277 264 0.106061 0.103542 0.103512
1609 0 1 36 258 252 0.142857 0.141186 0.141176
1610 0 1 33 245 205 0.160976 0.14725 0.146667
1611 0 1 39 217 199 0.19598 0.187676 0.1875
1612 0 1 38 219 182 0.208791 0.190338 0.189526
1613 0 1 41 209 182 0.225275 0.21022 0.209719
1614 0 1 40 280 274 0.145985 0.144413 0.144404
1615 0 1 37 242 228 0.162281 0.157517 0.157447
1616 0 1 43 221 192 0.223958 0.208748 0.208232
1617 0 1 36 229 188 0.191489 0.173503 0.172662
1618 0 1 34 223 178 0.191011 0.170654 0.169576
1619 0 1 44 203 193 0.227979 0.222293 0.222222
1620 0 1 36 211 193 0.186529 0.178395 0.178218
1621 0 1 43 212 190 0.226316 0.214251 0.21393
1622 0 1 31 207 177 0.175141 0.161953 0.161458
1623 0 1 29 219 175 0.165714 0.148135 0.147208
1624 0 1 27 207 181 0.149171 0.139489 0.139175
1625 0 1 31 228 174 0.178161 0.155639 0.154229
1626 0 1 29 214 171 0.169591 0.151598 0.150649
1627 0 1 36 241 203 0.17734 0.162759 0.162162
1628 0 1 21 253 191 0.109948 0.0955306 0.0945946
1629 0 1 25 228 176 0.142045 0.1248 0.123762
1630 0 1 24 259 190 0.126316 0.108189 0.106904
1631 0 1 20 247 176 0.113636 0.0959235 0.0945626
1632 0 1 25 284 248 0.100806 0.0942009 0.093985
1633 0 1 22 263 196 0.112245 0.0968984 0.0958606
1634 0 1 21 234 167 0.125749 0.106231 0.104738
1635 0 1 22 214 142 0.15493 0.126204 0.123596
1636 0 1 27 186 117 0.230769 0.183027 0.178218
1637 0 1 23 216 143 0.160839 0.130868 0.128134
1638 0 1 10 189 118 0.0847458 0.066962 0.0651466
1639 0 1 14 161 100 0.14 0.110335 0.10728
1640 0 1 9 151 93 0.0967742 0.0759473 0.0737705
1641 0 1 5 161 97 0.0515464 0.0400102 0.0387597
1642 0 1 10 132 97 0.103093 0.0883745 0.0873362
1643 0 1 10 132 95 0.105263 0.0893 0.0881057
1644 0 1 6 105 75 0.08 0.0676123 0.0666667
1645 0 1 8 104 93 0.0860215 0.0813452 0.0812183
1646 0 1 8 96 93 0.0860215 0.0846668 0.0846561
1647 0 1 7 126 141 0.0555556 0.0525174 0.0524345
1648 0 1 9 114 123 0.0789474 0.0760042 0.0759494
1649 0 1 6 100 127 0.06 0.0532414 0.0528634
1650 0 1 7 101 100 0.07 0.0696526 0.0696517
1651 0 1 10 116 130 0.0862069 0.0814328 0.0813008
1652 0 1 12 117 123 0.102564 0.100031 0.1
1653 0 1 8 106 90 0.0888889 0.081906 0.0816327
1654 0 1 6 120 127 0.05 0.0486025 0.048583
1655 0 1 7 106 114 0.0660377 0.0636785 0.0636364
1656 0 1 8 98 94 0.0851064 0.0833514 0.0833333
1657 0 1 7 90 111 0.0777778 0.070035 0.0696517
1658 0 1 5 80 92 0.0625 0.0582815 0.0581395
1659 0 1 9 99 134 0.0909091 0.0781398 0.0772532
1660 0 1 6 91 117 0.0659341 0.0581484 0.0576923
1661 0 1 7 81 83 0.0864198 0.0853722 0.0853659
1662 0 1 7 105 108 0.0666667 0.0657342 0.0657277
1663 0 1 5 96 101 0.0520833 0.0507778 0.0507614
1664 0 1 6 92 77 0.0779221 0.0712873 0.0710059
1665 0 1 7 107 112 0.0654206 0.0639436 0.0639269
1666 0 1 6 94 96 0.0638298 0.0631614 0.0631579
1667 0 1 5 74 67 0.0746269 0.0710095 0.070922
1668 0 1 6 101 91 0.0659341 0.0625849 0.0625
1669 0 1 5 92 83 0.060241 0.0572186 0.0571429
1670 0 1 2 88 77 0.025974 0.0242965 0.0242424
1671 0 1 3 96 112 0.03125 0.0289319 0.0288462
1672 0 1 3 93 100 0.0322581 0.0311086 0.0310881
1673 0 1 3 83 73 0.0410959 0.0385408 0.0384615
1674 0 1 4 104 122 0.0384615 0.035511 0.0353982
1675 0 1 6 80 108 0.075 0.0645497 0.0638298
1676 0 1 3 86 92 0.0348837 0.033727 0.0337079
1677 0 1 4 89 114 0.0449438 0.0397112 0.0394089
1678 0 1 6 91 105 0.0659341 0.0613813 0.0612245
1679 0 1 4 102 136 0.0392157 0.0339618 0.0336134
1680 0 1 3 104 123 0.0288462 0.0265248 0.0264317
1681 0 1 3 76 84 0.0394737 0.037547 0.0375
1682 0 1 3 81 96 0.037037 0.0340207 0.0338983
1683 0 1 5 76 72 0.0694444 0.0675923 0.0675676
1684 0 1 1 81 93 0.0123457 0.0115217 0.0114943
1685 0 1 3 79 79 0.0379747 0.0379747 0.0379747
1686 0 1 4 80 103 0.05 0.0440653 0.0437158
1687 0 1 2 80 81 0.025 0.0248452 0.0248447
1688 0 1 1 86 106 0.0116279 0.0104736 0.0104167
1689 0 1 3 80 97 0.0375 0.0340557 0.0338983
1690 0 1 2 86 135 0.0232558 0.0185615 0.0180995
1691 0 1 2 68 97 0.0294118 0.0246258 0.0242424
1692 0 1 4 98 119 0.0408163 0.0370402 0.0368664
1693 0 1 3 92 107 0.0326087 0.0302368 0.0301508
1694 0 1 1 99 135 0.010101 0.00864999 0.00854701
1695 0 1 2 90 116 0.0222222 0.019574 0.0194175
1696 0 1 1 86 141 0.0116279 0.00908116 0.00881057
1697 0 1 1 92 121 0.0108696 0.00947793 0.00938967
1698 0 1 1 106 166 0.00943396 0.00753864 0.00735294
1699 0 1 3 91 136 0.032967 0.0269669 0.0264317
1700 0 1 2 91 169 0.021978 0.0161275 0.0153846
1701 0 1 4 88 156 0.0454545 0.0341394 0.0327869
1702 0 1 3 112 193 0.0267857 0.0204049 0.0196721
1703 0 1 5 106 166 0.0471698 0.0376932 0.0367647
1704 0 1 3 90 144 0.0333333 0.0263523 0.025641
1705 0 1 4 108 152 0.037037 0.0312195 0.0307692
1706 0 1 4 110 133 0.0363636 0.0330703 0.0329218
1707 0 1 5 115 167 0.0434783 0.0360797 0.035461
1708 0 1 3 111 153 0.027027 0.0230205 0.0227273
1709 0 1 6 100 126 0.06 0.0534522 0.0530973
1710 0 1 5 131 148 0.0381679 0.035909 0.0358423
1711 0 1 5 130 135 0.0384615 0.0377426 0.0377358
1712 0 1 8 110 111 0.0727273 0.0723989 0.0723982
1713 0 1 7 112 137 0.0625 0.0565104 0.0562249
1714 0 1 8 98 110 0.0816327 0.0770514 0.0769231
1715 0 1 6 122 128 0.0491803 0.0480138 0.048
1716 0 1 5 114 108 0.0462963 0.0450615 0.045045
1717 0 1 5 146 146 0.0342466 0.0342466 0.0342466
1718 0 1 5 114 104 0.0480769 0.0459199 0.0458716
1719 0 1 7 129 142 0.0542636 0.0517201 0.0516605
1720 0 1 7 115 103 0.0679612 0.0643177 0.0642202
1721 0 1 4 122 119 0.0336134 0.0331976 0.033195
1722 0 1 3 101 104 0.029703 0.0292714 0.0292683
1723 0 1 9 126 129 0.0714286 0.0705931 0.0705882
1724 0 1 7 98 107 0.0714286 0.0683586 0.0682927
1725 0 1 10 136 136 0.0735294 0.0735294 0.0735294
1726 0 1 10 111 118 0.0900901 0.0873771 0.0873362
1727 0 1 10 93 101 0.107527 0.103181 0.103093
1728 0 1 7 106 109 0.0660377 0.0651226 0.0651163
1729 0 1 11 100 95 0.115789 0.112858 0.112821
1730 0 1 7 101 124 0.0693069 0.0625499 0.0622222
1731 0 1 8 95 111 0.0842105 0.0779052 0.0776699
1732 0 1 7 113 116 0.0619469 0.0611406 0.0611354
1733 0 1 6 100 106 0.06 0.0582772 0.0582524
1734 0 1 6 94 84 0.0714286 0.0675224 0.0674157
1735 0 1 3 97 90 0.0333333 0.0321081 0.0320856
1736 0 1 4 81 82 0.0493827 0.0490807 0.0490798
1737 0 1 5 80 67 0.0746269 0.0682948 0.0680272
1738 0 1 6 103 96 0.0625 0.0603388 0.0603015
1739 0 1 5 105 79 0.0632911 0.0548987 0.0543478
1740 0 1 3 88 60 0.05 0.0412861 0.0405405
1741 0 1 4 101 86 0.0465116 0.042919 0.0427807
1742 0 1 7 85 72 0.0972222 0.0894792 0.089172
1743 0 1 2 67 58 0.0344828 0.0320833 0.032
1744 0 1 3 93 86 0.0348837 0.0335452 0.0335196
1745 0 1 2 81 68 0.0294118 0.0269484 0.0268456
1746 0 1 3 64 58 0.0517241 0.0492399 0.0491803
1747 0 1 2 87 98 0.0229885 0.0216599 0.0216216
1748 0 1 4 73 77 0.0547945 0.0533523 0.0533333
1749 0 1 3 61 57 0.0526316 0.0508767 0.0508475
1750 0 1 4 73 66 0.0606061 0.0576271 0.057554
1751 0 1 0 64 58 0 0 0
1752 0 1 2 67 73 0.0298507 0.0285977 0.0285714
1753 0 1 0 56 67 0 0 0
1754 0 1 1 83 70 0.0142857 0.0131193 0.0130719
1755 0 1 3 57 56 0.0535714 0.0530994 0.0530973
1756 0 1 3 74 78 0.0405405 0.0394874 0.0394737
1757 0 1 4 65 67 0.0615385 0.060613 0.0606061
1758 0 1 4 75 86 0.0533333 0.0498058 0.0496894
1759 0 1 4 65 72 0.0615385 0.0584705 0.0583942
1760 0 1 3 85 106 0.0352941 0.0316052 0.0314136
1761 0 1 5 84 86 0.0595238 0.0588276 0.0588235
1762 0 1 6 70 68 0.0882353 0.0869657 0.0869565
1763 0 1 5 82 97 0.0609756 0.0560631 0.0558659
1764 0 1 6 69 83 0.0869565 0.0792844 0.0789474
1765 0 1 7 95 118 0.0736842 0.0661143 0.0657277
1766 0 1 4 79 99 0.0506329 0.0452302 0.0449438
1767 0 1 5 91 145 0.0549451 0.0435277 0.0423729
1768 0 1 4 77 129 0.0519481 0.0401347 0.038835
1769 0 1 4 58 101 0.0689655 0.0522619 0.0503145
1770 0 1 3 75 132 0.04 0.0301511 0.0289855
1771 0 1 1 56 107 0.0178571 0.0129186 0.0122699
1772 0 1 2 82 149 0.0243902 0.0180938 0.017316
1773 0 1 3 71 116 0.0422535 0.033057 0.0320856
1774 0 1 2 60 95 0.0333333 0.0264906 0.0258065
1775 0 1 2 67 116 0.0298507 0.0226863 0.0218579
1776 0 1 4 51 82 0.0784314 0.061854 0.0601504
1777 0 1 2 61 105 0.0327869 0.0249902 0.0240964
1778 0 1 0 57 96 0 0 0
1779 0 1 2 58 74 0.0344828 0.0305281 0.030303
1780 0 1 4 69 114 0.057971 0.0451007 0.0437158
1781 0 1 6 68 93 0.0882353 0.0754493 0.0745342
1782 0 1 7 68 80 0.102941 0.0949071 0.0945946
1783 0 1 6 62 51 0.117647 0.106701 0.106195
1784 0 1 7 79 103 0.0886076 0.0776007 0.0769231
1785 0 1 9 70 77 0.128571 0.122588 0.122449
1786 0 1 6 65 78 0.0923077 0.084265 0.0839161
1787 0 1 6 57 69 0.105263 0.095673 0.0952381
1788 0 1 7 46 58 0.152174 0.135521 0.134615
1789 0 1 9 63 103 0.142857 0.111726 0.108434
1790 0 1 8 59 90 0.135593 0.109785 0.107383
1791 0 1 8 52 80 0.153846 0.124035 0.121212
1792 0 1 6 44 59 0.136364 0.11776 0.116505
1793 0 1 4 72 96 0.0555556 0.0481125 0.047619
1794 0 1 2 60 69 0.0333333 0.0310835 0.0310078
1795 0 1 1 48 51 0.0208333 0.0202113 0.020202
1796 0 1 2 73 68 0.0294118 0.0283866 0.0283688
1797 0 1 1 62 54 0.0185185 0.0172825 0.0172414
1798 0 1 1 73 79 0.0136986 0.0131682 0.0131579
1799 0 1 2 56 51 0.0392157 0.0374241 0.0373832
1800 0 1 2 63 74 0.031746 0.0292917 0.0291971
1801 0 1 1 46 52 0.0217391 0.0204465 0.0204082
1802 0 1 2 73 63 0.031746 0.0294916 0.0294118
1803 0 1 2 72 55 0.0363636 0.0317821 0.0314961
1804 0 1 2 84 71 0.028169 0.0258977 0.0258065
1805 0 1 4 77 62 0.0645161 0.057892 0.057554
1806 0 1 4 91 104 0.043956 0.0411171 0.0410256
1807 0 1 3 85 82 0.0365854 0.0359339 0.0359281
1808 0 1 3 120 132 0.025 0.0238366 0.0238095
1809 0 1 3 104 121 0.0288462 0.0267431 0.0266667
1810 0 1 3 99 104 0.030303 0.0295656 0.0295567
1811 0 1 5 95 83 0.060241 0.0563079 0.0561798
1812 0 1 2 105 107 0.0190476 0.0188688 0.0188679
1813 0 1 3 107 92 0.0326087 0.0302368 0.0301508
1814 0 1 4 99 73 0.0547945 0.0470523 0.0465116
1815 0 1 4 106 109 0.0377358 0.0372129 0.0372093
1816 0 1 3 94 84 0.0357143 0.0337612 0.0337079
1817 0 1 5 98 109 0.0510204 0.0483775 0.0483092
1818 0 1 7 76 82 0.0921053 0.0886716 0.0886076
1819 0 1 4 84 107 0.047619 0.0421918 0.0418848
1820 0 1 5 71 86 0.0704225 0.063987 0.0636943
1821 0 1 5 93 81 0.0617284 0.0576084 0.0574713
1822 0 1 2 80 62 0.0322581 0.0283981 0.028169
1823 0 1 3 83 67 0.0447761 0.0402295 0.04
1824 0 1 1 92 79 0.0126582 0.0117299 0.0116959
1825 0 1 2 121 87 0.0229885 0.019493 0.0192308
1826 0 1 2 116 91 0.021978 0.0194662 0.0193237
1827 0 1 2 83 65 0.0307692 0.0272292 0.027027
1828 0 1 1 84 56 0.0178571 0.0145803 0.0142857
1829 0 1 1 70 39 0.025641 0.019139 0.0183486
1830 0 1 3 71 49 0.0612245 0.0508621 0.05
1831 0 1 3 64 36 0.0833333 0.0625 0.06
1832 0 1 4 76 46 0.0869565 0.067651 0.0655738
1833 0 1 2 54 35 0.0571429 0.0460044 0.0449438
1834 0 1 3 68 35 0.0857143 0.061494 0.0582524
1835 0 1 3 74 28 0.107143 0.0659062 0.0588235
1836 0 1 2 93 36 0.0555556 0.0345651 0.0310078
1837 0 1 3 86 37 0.0810811 0.0531828 0.0487805
1838 0 1 2 115 61 0.0327869 0.023879 0.0227273
1839 0 1 2 97 47 0.0425532 0.0296207 0.0277778
1840 0 1 2 113 62 0.0322581 0.0238943 0.0228571
1841 0 1 3 102 51 0.0588235 0.0415945 0.0392157
1842 0 1 1 114 91 0.010989 0.00981809 0.0097561
1843 0 1 2 104 68 0.0294118 0.0237826 0.0232558
1844 0 1 1 97 77 0.012987 0.0115709 0.0114943
1845 0 1 1 94 64 0.015625 0.0128928 0.0126582
1846 0 1 2 114 93 0.0215054 0.0194239 0.0193237
1847 0 1 2 96 67 0.0298507 0.0249377 0.0245399
1848 0 1 3 104 99 0.030303 0.0295656 0.0295567
1849 0 1 5 84 72 0.0694444 0.0642931 0.0641026
1850 0 1 5 123 78 0.0641026 0.051047 0.0497512
1851 0 1 6 111 72 0.0833333 0.0671156 0.0655738
1852 0 1 4 131 102 0.0392157 0.0346038 0.0343348
1853 0 1 3 129 93 0.0322581 0.0273896 0.027027
1854 0 1 3 132 136 0.0227273 0.0223906 0.0223881
1855 0 1 6 128 121 0.0495868 0.0482118 0.0481928
1856 0 1 3 120 139 0.025 0.0232286 0.023166
1857 0 1 2 101 107 0.019802 0.0192388 0.0192308
1858 0 1 6 123 145 0.0487805 0.0449278 0.0447761
1859 0 1 6 123 124 0.0487805 0.0485834 0.048583
1860 0 1 5 97 102 0.0515464 0.0502671 0.0502513
1861 0 1 4 103 135 0.038835 0.0339215 0.0336134
1862 0 1 2 97 116 0.0206186 0.0188545 0.0187793
1863 0 1 4 121 169 0.0330578 0.027972 0.0275862
1864 0 1 4 106 131 0.0377358 0.0339447 0.0337553
1865 0 1 5 129 168 0.0387597 0.0339641 0.03367
1866 0 1 5 108 140 0.0462963 0.0406625 0.0403226
1867 0 1 5 115 175 0.0434783 0.0352454 0.0344828
1868 0 1 2 103 142 0.0194175 0.0165374 0.0163265
1869 0 1 4 111 146 0.036036 0.0314212 0.0311284
1870 0 1 4 93 118 0.0430108 0.0381837 0.0379147
1871 0 1 7 127 133 0.0551181 0.0538605 0.0538462
1872 0 1 6 94 97 0.0638298 0.062835 0.0628272
1873 0 1 7 125 121 0.0578512 0.0569181 0.0569106
1874 0 1 2 97 121 0.0206186 0.0184608 0.0183486
1875 0 1 7 128 139 0.0546875 0.052479 0.0524345
1876 0 1 5 93 110 0.0537634 0.0494347 0.0492611
1877 0 1 2 129 152 0.0155039 0.0142828 0.0142349
1878 0 1 4 114 125 0.0350877 0.0335083 0.0334728
1879 0 1 2 121 151 0.0165289 0.0147962 0.0147059
1880 0 1 0 103 133 0 0 0
1881 0 1 2 132 131 0.0152672 0.0152092 0.0152091
1882 0 1 1 95 101 0.0105263 0.0102089 0.0102041
1883 0 1 1 102 97 0.0103093 0.0100534 0.0100503
1884 0 1 1 99 84 0.0119048 0.0109659 0.010929
1885 0 1 0 116 80 0 0 0
1886 0 1 0 85 66 0 0 0
1887 0 1 0 104 94 0 0 0
1888 0 1 3 94 71 0.0422535 0.0367222 0.0363636
1889 0 1 2 116 85 0.0235294 0.0201415 0.0199005
1890 0 1 1 108 67 0.0149254 0.0117558 0.0114286
1891 0 1 2 137 104 0.0192308 0.0167553 0.0165975
1892 0 1 2 112 81 0.0246914 0.020998 0.0207254
1893 0 1 1 121 96 0.0104167 0.00927837 0.00921659
1894 0 1 2 125 72 0.0277778 0.0210818 0.0203046
1895 0 1 3 132 92 0.0326087 0.0272233 0.0267857
1896 0 1 3 129 79 0.0379747 0.0297175 0.0288462
1897 0 1 3 145 99 0.030303 0.0250392 0.0245902
1898 0 1 3 101 74 0.0405405 0.0347012 0.0342857
1899 0 1 1 128 87 0.0114943 0.00947623 0.00930233
1900 0 1 1 103 70 0.0142857 0.0117769 0.0115607
1901 0 1 0 115 69 0 0 0
1902 0 1 1 78 53 0.0188679 0.015553 0.0152672
1903 0 1 2 88 45 0.0444444 0.0317821 0.0300752
1904 0 1 0 60 32 0 0 0
1905 0 1 0 58 35 0 0 0
1906 0 1 0 67 61 0 0 0
1907 0 1 0 41 42 0 0 0
1908 0 1 0 50 45 0 0 0
1909 0 1 0 69 47 0 0 0
1910 0 1 0 84 70 0 0 0
1911 0 1 0 54 43 0 0 0
1912 0 1 0 75 65 0 0 0
1913 0 1 0 69 51 0 0 0
1914 0 1 0 85 80 0 0 0
1915 0 1 0 62 53 0 0 0
1916 0 1 1 84 66 0.0151515 0.0134304 0.0133333
1917 0 1 1 67 40 0.025 0.0193167 0.0186916
1918 0 1 0 88 70 0 0 0
1919 0 1 0 64 47 0 0 0
1920 0 1 2 94 66 0.030303 0.0253918 0.025
1921 0 1 1 87 54 0.0185185 0.0145896 0.0141844
1922 0 1 2 90 72 0.0277778 0.0248452 0.0246914
1923 0 1 3 76 55 0.0545455 0.0464016 0.0458015
1924 0 1 2 106 92 0.0217391 0.0202527 0.020202
1925 0 1 1 94 66 0.0151515 0.0126959 0.0125
1926 0 1 5 123 124 0.0406504 0.0404862 0.0404858
1927 0 1 3 95 95 0.0315789 0.0315789 0.0315789
1928 0 1 3 130 146 0.0230769 0.0217758 0.0217391
1929 0 1 2 121 142 0.0165289 0.0152578 0.0152091
1930 0 1 3 120 126 0.025 0.0243975 0.0243902
1931 0 1 2 104 102 0.0196078 0.0194184 0.0194175
1932 0 1 4 172 167 0.0239521 0.0236014 0.0235988
1933 0 1 4 150 137 0.0291971 0.0279032 0.0278746
1934 0 1 5 147 132 0.0378788 0.0358942 0.0358423
1935 0 1 2 119 118 0.0169492 0.0168778 0.0168776
1936 0 1 6 160 162 0.0375 0.0372678 0.0372671
1937 0 1 4 162 146 0.0273973 0.0260091 0.025974
1938 0 1 5 135 120 0.0416667 0.0392837 0.0392157
1939 0 1 5 159 155 0.0322581 0.0318497 0.0318471
1940 0 1 3 147 147 0.0204082 0.0204082 0.0204082
1941 0 1 2 191 145 0.0137931 0.0120179 0.0119048
1942 0 1 4 146 139 0.028777 0.0280786 0.0280702
1943 0 1 2 169 166 0.0120482 0.0119408 0.0119403
1944 0 1 3 140 138 0.0217391 0.0215833 0.0215827
1945 0 1 2 158 144 0.0138889 0.0132593 0.013245
1946 0 1 2 132 116 0.0172414 0.0161627 0.016129
1947 0 1 4 145 136 0.0294118 0.0284844 0.0284698
1948 0 1 3 132 102 0.0294118 0.0258544 0.025641
1949 0 1 3 135 118 0.0254237 0.0237691 0.0237154
1950 0 1 3 134 101 0.029703 0.0257874 0.0255319
1951 0 1 0 145 106 0 0 0
1952 0 1 0 123 95 0 0 0
1953 0 1 3 120 104 0.0288462 0.0268543 0.0267857
1954 0 1 4 95 83 0.0481928 0.0450463 0.0449438
1955 0 1 3 116 114 0.0263158 0.0260879 0.026087
1956 0 1 2 97 94 0.0212766 0.020945 0.0209424
1957 0 1 3 121 115 0.026087 0.0254319 0.0254237
1958 0 1 2 100 77 0.025974 0.0227921 0.0225989
1959 0 1 0 86 90 0 0 0
1960 0 1 0 72 74 0 0 0
1961 0 1 0 56 52 0 0 0
1962 0 1 1 70 67 0.0149254 0.014602 0.0145985
1963 0 1 1 74 93 0.0135135 0.0120543 0.011976
1964 0 1 0 64 79 0 0 0
1965 0 1 0 121 149 0 0 0
1966 0 1 0 98 114 0 0 0
1967 0 1 0 168 194 0 0 0
1968 0 1 0 140 171 0 0 0
1969 0 1 1 121 141 0.00826446 0.00765593 0.00763359
1970 0 1 1 171 192 0.00584795 0.00551888 0.00550964
1971 0 1 0 141 165 0 0 0
1972 0 1 1 164 221 0.00609756 0.00525269 0.00519481
1973 0 1 1 146 195 0.00684932 0.00592661 0.0058651
1974 0 1 2 181 236 0.0110497 0.00967687 0.00959233
1975 0 1 4 189 190 0.021164 0.0211083 0.0211082
1976 0 1 5 184 227 0.0271739 0.0244652 0.0243309
1977 0 1 6 168 164 0.0365854 0.0361472 0.0361446
1978 0 1 3 167 174 0.0179641 0.017599 0.0175953
1979 0 1 3 160 156 0.0192308 0.0189889 0.0189873
1980 0 1 2 184 178 0.011236 0.0110512 0.0110497
1981 0 1 0 165 139 0 0 0
1982 0 1 4 156 165 0.025641 0.0249319 0.0249221
1983 0 1 2 138 133 0.0150376 0.0147627 0.0147601
1984 0 1 2 137 130 0.0153846 0.0149864 0.0149813
1985 0 1 4 124 99 0.040404 0.036102 0.0358744
1986 0 1 4 116 108 0.037037 0.0357371 0.0357143
1987 0 1 2 89 86 0.0232558 0.0228605 0.0228571
1988 0 1 0 92 78 0 0 0
1989 0 1 5 83 69 0.0724638 0.0660703 0.0657895
1990 0 1 3 102 96 0.03125 0.030317 0.030303
1991 0 1 4 89 76 0.0526316 0.048636 0.0484848
1992 0 1 3 105 95 0.0315789 0.0300376 0.03
1993 0 1 3 102 84 0.0357143 0.0324102 0.0322581
1994 0 1 1 107 92 0.0108696 0.0100789 0.0100503
1995 0 1 0 100 69 0 0 0
1996 0 1 0 111 111 0 0 0
1997 0 1 2 102 99 0.020202 0.0199027 0.0199005
1998 0 1 3 102 76 0.0394737 0.0340733 0.0337079
1999 0 1 4 138 130 0.0307692 0.0298641 0.0298507
2000 0 1 5 130 108 0.0462963 0.0421975 0.0420168
2001 0 1 3 108 96 0.03125 0.0294628 0.0294118
2002 0 1 5 126 138 0.0396825 0.037918 0.0378788
2003 0 1 7 113 118 0.0619469 0.0606203 0.0606061
2004 0 1 2 126 164 0.015873 0.0139131 0.0137931
2005 0 1 0 107 114 0 0 0
2006 0 1 0 81 80 0 0 0
2007 0 1 1 81 104 0.0123457 0.0108953 0.0108108
2008 0 1 1 63 75 0.015873 0.0145479 0.0144928
2009 0 1 0 81 95 0 0 0
2010 0 1 2 69 79 0.0289855 0.0270889 0.027027
2011 0 1 0 90 103 0 0 0
2012 0 1 2 85 96 0.0235294 0.0221404 0.0220994
2013 0 1 0 78 82 0 0 0
2014 0 1 2 97 119 0.0206186 0.0186153 0.0185185
2015 0 1 5 87 99 0.0574713 0.0538757 0.0537634
2016 0 1 3 124 182 0.0241935 0.0199698 0.0196078
2017 0 1 5 119 164 0.0420168 0.0357911 0.0353357
2018 0 1 5 104 123 0.0480769 0.044208 0.0440529
2019 0 1 4 91 97 0.043956 0.0425749 0.0425532
2020 0 1 6 109 122 0.0550459 0.0520305 0.0519481
2021 0 1 7 89 112 0.0786517 0.0701123 0.0696517
2022 0 1 7 127 151 0.0551181 0.0505484 0.0503597
2023 0 1 7 114 133 0.0614035 0.0568486 0.0566802
2024 0 1 12 102 106 0.117647 0.115406 0.115385
2025 0 1 12 123 138 0.097561 0.0921063 0.091954
2026 0 1 8 104 121 0.0769231 0.071315 0.0711111
2027 0 1 11 134 151 0.0820896 0.0773307 0.077193
2028 0 1 10 129 127 0.0787402 0.0781274 0.078125
2029 0 1 11 141 154 0.0780142 0.0746488 0.0745763
2030 0 1 5 132 120 0.0416667 0.0397276 0.0396825
2031 0 1 5 138 158 0.0362319 0.0338612 0.0337838
2032 0 1 7 105 133 0.0666667 0.0592349 0.0588235
2033 0 1 3 127 150 0.023622 0.0217357 0.0216607
2034 0 1 5 112 129 0.0446429 0.0415974 0.0414938
2035 0 1 4 130 145 0.0307692 0.0291343 0.0290909
2036 0 1 3 110 110 0.0272727 0.0272727 0.0272727
2037 0 1 5 118 145 0.0423729 0.0382248 0.0380228
2038 0 1 4 109 116 0.0366972 0.0355728 0.0355556
2039 0 1 3 125 160 0.024 0.0212132 0.0210526
2040 0 1 0 117 130 0 0 0
2041 0 1 1 131 168 0.00763359 0.00674077 0.00668896
2042 0 1 1 104 113 0.00961538 0.00922453 0.00921659
2043 0 1 1 103 128 0.00970874 0.00870916 0.00865801
2044 0 1 1 74 84 0.0135135 0.0126837 0.0126582
2045 0 1 2 77 102 0.025974 0.0225676 0.0223464
2046 0 1 3 84 79 0.0379747 0.0368271 0.0368098
2047 0 1 3 86 105 0.0348837 0.0315702 0.0314136
2048 0 1 1 57 65 0.0175439 0.0164288 0.0163934
2049 0 1 0 60 82 0 0 0
2050 0 1 0 44 59 0 0 0
2051 0 1 1 62 84 0.016129 0.0138568 0.0136986
2052 0 1 1 49 53 0.0204082 0.0196229 0.0196078
2053 0 1 0 74 73 0 0 0
2054 0 1 1 66 55 0.0181818 0.0165977 0.0165289
2055 0 1 1 89 85 0.0117647 0.0114973 0.0114943
2056 0 1 2 75 68 0.0294118 0.0280056 0.027972
2057 0 1 0 92 103 0 0 0
2058 0 1 3 82 90 0.0365854 0.0349215 0.0348837
2059 0 1 3 68 75 0.0441176 0.0420084 0.041958
2060 0 1 0 90 100 0 0 0
2061 0 1 1 79 92 0.0126582 0.0117299 0.0116959
2062 0 1 0 55 70 0 0 0
2063 0 1 3 69 95 0.0434783 0.037054 0.0365854
2064 0 1 1 55 68 0.0181818 0.0163517 0.0162602
2065 0 1 1 76 102 0.0131579 0.0113578 0.011236
2066 0 1 0 64 71 0 0 0
2067 0 1 1 80 106 0.0125 0.0108593 0.0107527
2068 0 1 2 64 76 0.03125 0.028677 0.0285714
2069 0 1 0 81 116 0 0 0
2070 0 1 2 66 90 0.030303 0.02595 0.025641
2071 0 1 4 102 127 0.0392157 0.0351446 0.0349345
2072 0 1 2 79 102 0.0253165 0.0222801 0.0220994
2073 0 1 4 96 136 0.0416667 0.035007 0.0344828
2074 0 1 5 84 117 0.0595238 0.0504356 0.0497512
2075 0 1 5 103 163 0.0485437 0.0385885 0.037594
2076 0 1 2 90 143 0.0222222 0.0176295 0.0171674
2077 0 1 3 126 197 0.0238095 0.0190416 0.0185759
2078 0 1 7 114 159 0.0614035 0.0519933 0.0512821
2079 0 1 7 144 218 0.0486111 0.0395083 0.038674
2080 0 1 6 136 199 0.0441176 0.0364716 0.0358209
2081 0 1 9 138 176 0.0652174 0.0577493 0.0573248
2082 0 1 6 170 227 0.0352941 0.0305432 0.0302267
2083 0 1 12 151 208 0.0794702 0.0677113 0.0668524
2084 0 1 15 144 183 0.104167 0.0924027 0.0917431
2085 0 1 11 172 202 0.0639535 0.0590137 0.0588235
2086 0 1 17 193 197 0.0880829 0.0871841 0.0871795
2087 0 1 11 172 161 0.068323 0.0661021 0.0660661
2088 0 1 15 235 227 0.0660793 0.0649448 0.0649351
2089 0 1 11 217 210 0.052381 0.0515292 0.0515222
2090 0 1 18 204 186 0.0967742 0.0924062 0.0923077
2091 0 1 12 237 276 0.0506329 0.0469194 0.0467836
2092 0 1 15 246 247 0.0609756 0.0608521 0.0608519
2093 0 1 8 241 221 0.0361991 0.0346645 0.034632
2094 0 1 9 214 199 0.0452261 0.0436123 0.0435835
2095 0 1 13 278 262 0.0496183 0.0481693 0.0481481
2096 0 1 14 251 230 0.0608696 0.0582676 0.0582121
2097 0 1 11 251 192 0.0572917 0.0501078 0.0496614
2098 0 1 9 276 300 0.0326087 0.0312772 0.03125
2099 0 1 15 268 277 0.0559702 0.0550534 0.0550459
2100 0 1 13 256 260 0.0507812 0.0503891 0.0503876
2101 0 1 17 241 236 0.0720339 0.0712827 0.0712788
2102 0 1 21 316 343 0.0664557 0.0637865 0.0637329
2103 0 1 14 302 300 0.0466667 0.0465119 0.0465116
2104 0 1 19 288 275 0.0690909 0.0675136 0.0674956
2105 0 1 19 269 240 0.0791667 0.0747777 0.0746562
2106 0 1 19 316 324 0.0601266 0.0593796 0.059375
2107 0 1 19 288 275 0.0690909 0.0675136 0.0674956
2108 0 1 20 266 239 0.083682 0.0793214 0.0792079
2109 0 1 19 324 317 0.0599369 0.0592859 0.0592824
2110 0 1 24 306 253 0.0948617 0.0862562 0.0858676
2111 0 1 24 291 218 0.110092 0.0952876 0.0943026
2112 0 1 22 299 270 0.0814815 0.0774293 0.0773286
2113 0 1 22 252 222 0.0990991 0.0930135 0.092827
2114 0 1 19 232 178 0.106742 0.0934974 0.0926829
2115 0 1 17 240 220 0.0772727 0.073983 0.073913
2116 0 1 11 195 157 0.0700637 0.0628674 0.0625
2117 0 1 15 173 131 0.114504 0.0996397 0.0986842
2118 0 1 14 196 169 0.0828402 0.0769231 0.0767123
2119 0 1 9 170 134 0.0671642 0.0596301 0.0592105
2120 0 1 5 146 109 0.0458716 0.0396351 0.0392157
2121 0 1 8 182 161 0.0496894 0.0467349 0.0466472
2122 0 1 5 149 125 0.04 0.0366372 0.0364963
2123 0 1 3 118 97 0.0309278 0.0280411 0.027907
2124 0 1 5 112 118 0.0446429 0.0434931 0.0434783
2125 0 1 4 101 91 0.043956 0.0417233 0.0416667
2126 0 1 2 99 133 0.020202 0.0174296 0.0172414
2127 0 1 4 88 108 0.0454545 0.0410305 0.0408163
2128 0 1 4 98 151 0.0408163 0.032882 0.0321285
2129 0 1 3 89 106 0.0337079 0.0308868 0.0307692
2130 0 1 7 121 147 0.0578512 0.0524864 0.0522388
2131 0 1 7 102 114 0.0686275 0.0649151 0.0648148
2132 0 1 5 159 168 0.0314465 0.0305926 0.030581
2133 0 1 6 134 147 0.0447761 0.0427504 0.0427046
2134 0 1 3 116 97 0.0309278 0.0282818 0.028169
2135 0 1 0 158 163 0 0 0
2136 0 1 3 135 123 0.0243902 0.023281 0.0232558
2137 0 1 2 171 172 0.0116959 0.0116619 0.0116618
2138 0 1 4 165 156 0.025641 0.0249319 0.0249221
2139 0 1 4 146 142 0.028169 0.0277805 0.0277778
2140 0 1 3 180 180 0.0166667 0.0166667 0.0166667
2141 0 1 11 173 168 0.0654762 0.0645231 0.0645161
2142 0 1 7 208 217 0.0336538 0.0329486 0.0329412
2143 0 1 9 197 194 0.0463918 0.0460372 0.0460358
2144 0 1 7 176 175 0.04 0.0398862 0.039886
2145 0 1 8 227 214 0.0373832 0.036297 0.0362812
2146 0 1 7 207 203 0.0344828 0.034148 0.0341463
2147 0 1 7 239 222 0.0315315 0.0303894 0.0303688
2148 0 1 7 215 208 0.0336538 0.0331015 0.0330969
2149 0 1 9 240 250 0.0375 0.0367423 0.0367347
2150 0 1 9 220 231 0.0409091 0.0399232 0.0399113
2151 0 1 10 254 290 0.0393701 0.0368455 0.0367647
2152 0 1 11 224 228 0.0491071 0.0486745 0.0486726
2153 0 1 9 241 278 0.0373444 0.0347706 0.0346821
2154 0 1 15 206 210 0.0728155 0.0721187 0.0721154
2155 0 1 18 213 233 0.084507 0.0807988 0.0807175
2156 0 1 8 207 194 0.0412371 0.0399212 0.0399003
2157 0 1 11 184 180 0.0611111 0.0604432 0.0604396
2158 0 1 16 199 208 0.080402 0.0786433 0.0786241
2159 0 1 22 188 183 0.120219 0.118609 0.118598
2160 0 1 28 204 215 0.137255 0.133698 0.133652
2161 0 1 16 170 185 0.0941176 0.0902214 0.0901408
2162 0 1 17 174 163 0.104294 0.100944 0.10089
2163 0 1 16 188 248 0.0851064 0.0740995 0.0733945
2164 0 1 12 159 188 0.0754717 0.0694071 0.0691643
2165 0 1 14 148 164 0.0945946 0.0898618 0.0897436
2166 0 1 10 171 221 0.0584795 0.0514406 0.0510204
2167 0 1 10 154 182 0.0649351 0.0597316 0.0595238
2168 0 1 8 123 135 0.0650406 0.0620827 0.0620155
2169 0 1 10 146 188 0.0684932 0.0603594 0.0598802
2170 0 1 9 120 176 0.075 0.0619292 0.0608108
2171 0 1 11 126 149 0.0873016 0.0802813 0.08
2172 0 1 7 142 176 0.0492958 0.044279 0.0440252
2173 0 1 8 126 150 0.0634921 0.0581914 0.057971
2174 0 1 4 99 124 0.040404 0.036102 0.0358744
2175 0 1 7 140 168 0.05 0.0456435 0.0454545
2176 0 1 5 128 140 0.0390625 0.0373509 0.0373134
2177 0 1 3 115 116 0.026087 0.0259743 0.025974
2178 0 1 6 147 189 0.0408163 0.0359966 0.0357143
2179 0 1 7 145 181 0.0482759 0.0432091 0.0429448
2180 0 1 12 135 154 0.0888889 0.083225 0.083045
2181 0 1 7 124 125 0.0564516 0.0562254 0.0562249
2182 0 1 8 151 159 0.0529801 0.0516301 0.0516129
2183 0 1 13 129 144 0.100775 0.0953822 0.0952381
2184 0 1 6 118 118 0.0508475 0.0508475 0.0508475
2185 0 1 8 163 158 0.0506329 0.0498503 0.0498442
2186 0 1 10 154 145 0.0689655 0.06692 0.0668896
2187 0 1 11 128 133 0.0859375 0.0843067 0.0842912
2188 0 1 10 181 184 0.0552486 0.0547964 0.0547945
2189 0 1 9 161 166 0.0559006 0.0550523 0.0550459
2190 0 1 9 134 126 0.0714286 0.0692636 0.0692308
2191 0 1 9 154 162 0.0584416 0.0569803 0.056962
2192 0 1 8 130 146 0.0615385 0.0580687 0.057971
2193 0 1 6 131 114 0.0526316 0.0490979 0.0489796
2194 0 1 10 153 160 0.0653595 0.0639137 0.0638978
2195 0 1 6 128 130 0.046875 0.046513 0.0465116
2196 0 1 8 119 127 0.0672269 0.0650751 0.0650406
2197 0 1 8 137 147 0.0583942 0.056373 0.056338
2198 0 1 10 127 133 0.0787402 0.0769436 0.0769231
2199 0 1 8 110 114 0.0727273 0.07144 0.0714286
2200 0 1 5 107 135 0.046729 0.0416017 0.0413223
2201 0 1 5 95 107 0.0526316 0.0495925 0.049505
2202 0 1 8 95 97 0.0842105 0.0833379 0.0833333
2203 0 1 6 110 146 0.0545455 0.0473455 0.046875
2204 0 1 6 95 124 0.0631579 0.0552813 0.0547945
2205 0 1 6 90 110 0.0666667 0.0603023 0.06
2206 0 1 5 102 162 0.0490196 0.0388967 0.0378788
2207 0 1 4 93 139 0.0430108 0.0351812 0.0344828
2208 0 1 6 101 133 0.0594059 0.0517684 0.0512821
2209 0 1 2 88 108 0.0227273 0.0205152 0.0204082
2210 0 1 8 102 160 0.0784314 0.0626224 0.0610687
2211 0 1 8 91 134 0.0879121 0.0724464 0.0711111
2212 0 1 4 87 127 0.045977 0.0380538 0.0373832
2213 0 1 7 103 197 0.0679612 0.0491413 0.0466667
2214 0 1 5 101 166 0.049505 0.0386149 0.0374532
2215 0 1 6 105 159 0.0571429 0.0464363 0.0454545
2216 0 1 10 94 169 0.106383 0.0793401 0.0760456
2217 0 1 16 82 153 0.195122 0.142846 0.13617
2218 0 1 19 81 129 0.234568 0.185873 0.180952
2219 0 1 13 113 185 0.115044 0.0899121 0.0872483
2220 0 1 16 101 154 0.158416 0.128292 0.12549
2221 0 1 17 93 158 0.182796 0.140242 0.135458
2222 0 1 14 98 149 0.142857 0.115857 0.11336
2223 0 1 13 83 129 0.156627 0.125635 0.122642
2224 0 1 16 122 194 0.131148 0.104001 0.101266
2225 0 1 18 115 181 0.156522 0.124763 0.121622
2226 0 1 20 96 178 0.208333 0.152998 0.145985
2227 0 1 10 88 163 0.113636 0.0834958 0.0796813
2228 0 1 22 82 168 0.268293 0.18744 0.176
2229 0 1 20 86 145 0.232558 0.1791 0.17316
2230 0 1 18 70 143 0.257143 0.17991 0.169014
2231 0 1 17 106 229 0.160377 0.109113 0.101493
2232 0 1 13 105 205 0.12381 0.0886078 0.083871
2233 0 1 13 107 207 0.121495 0.0873507 0.0828025
2234 0 1 12 102 195 0.117647 0.0850871 0.0808081
2235 0 1 11 80 187 0.1375 0.0899346 0.082397
2236 0 1 9 81 182 0.111111 0.0741249 0.0684411
2237 0 1 8 83 165 0.0963855 0.0683611 0.0645161
2238 0 1 11 114 286 0.0964912 0.0609196 0.055
2239 0 1 14 117 283 0.119658 0.0769382 0.07
2240 0 1 9 96 261 0.09375 0.0568574 0.0504202
2241 0 1 12 100 273 0.12 0.0726273 0.0643432
2242 0 1 12 91 261 0.131868 0.0778646 0.0681818
2243 0 1 10 93 230 0.107527 0.0683746 0.0619195
2244 0 1 7 76 220 0.0921053 0.0541352 0.0472973
2245 0 1 12 77 206 0.155844 0.0952801 0.0848057
2246 0 1 9 145 333 0.062069 0.0409578 0.0376569
2247 0 1 15 149 321 0.100671 0.0685876 0.0638298
2248 0 1 10 149 312 0.0671141 0.0463799 0.0433839
2249 0 1 18 151 304 0.119205 0.0840131 0.0791209
2250 0 1 19 145 281 0.131034 0.0941275 0.0892019
2251 0 1 20 139 274 0.143885 0.102482 0.0968523
2252 0 1 24 132 269 0.181818 0.127364 0.119701
2253 0 1 19 119 265 0.159664 0.106993 0.0989583
2254 0 1 23 123 248 0.186992 0.131689 0.123989
2255 0 1 23 121 236 0.190083 0.136107 0.128852
2256 0 1 17 116 237 0.146552 0.102529 0.0963173
2257 0 1 21 113 220 0.185841 0.133189 0.126126
2258 0 1 14 158 298 0.0886076 0.0645196 0.0614035
2259 0 1 18 181 293 0.0994475 0.0781627 0.0759494
2260 0 1 16 174 269 0.091954 0.0739553 0.0722348
2261 0 1 12 147 259 0.0816327 0.0614997 0.0591133
2262 0 1 17 143 239 0.118881 0.0919564 0.0890052
2263 0 1 19 122 232 0.155738 0.112935 0.107345
2264 0 1 11 137 315 0.080292 0.0529514 0.0486726
2265 0 1 12 123 277 0.097561 0.0650113 0.06
2266 0 1 8 105 248 0.0761905 0.0495758 0.0453258
2267 0 1 8 144 336 0.0555556 0.0363696 0.0333333
2268 0 1 10 117 262 0.0854701 0.0571158 0.0527704
2269 0 1 10 101 236 0.0990099 0.0647714 0.0593472
2270 0 1 4 105 254 0.0380952 0.0244934 0.0222841
2271 0 1 4 95 197 0.0421053 0.0292392 0.0273973
2272 0 1 6 101 251 0.0594059 0.0376837 0.0340909
2273 0 1 11 89 224 0.123596 0.0779065 0.0702875
2274 0 1 14 80 190 0.175 0.113555 0.103704
2275 0 1 11 101 222 0.108911 0.0734608 0.0681115
2276 0 1 7 94 192 0.0744681 0.0521055 0.048951
2277 0 1 9 111 235 0.0810811 0.0557246 0.0520231
2278 0 1 13 92 224 0.141304 0.0905577 0.0822785
2279 0 1 9 100 192 0.09 0.0649519 0.0616438
2280 0 1 6 123 219 0.0487805 0.0365575 0.0350877
2281 0 1 6 105 201 0.0571429 0.0413008 0.0392157
2282 0 1 6 105 231 0.0571429 0.0385257 0.0357143
2283 0 1 6 109 210 0.0550459 0.0396578 0.0376176
2284 0 1 5 132 250 0.0378788 0.0275241 0.026178
2285 0 1 6 116 223 0.0517241 0.0373052 0.0353982
2286 0 1 2 119 254 0.0168067 0.0115038 0.0107239
2287 0 1 3 114 202 0.0263158 0.0197694 0.0189873
2288 0 1 4 132 236 0.030303 0.022663 0.0217391
2289 0 1 5 116 193 0.0431034 0.0334166 0.0323625
2290 0 1 3 122 215 0.0245902 0.0185235 0.0178042
2291 0 1 4 115 198 0.0347826 0.0265081 0.0255591
2292 0 1 8 141 232 0.0567376 0.044232 0.0428954
2293 0 1 10 117 207 0.0854701 0.0642572 0.0617284
2294 0 1 10 106 177 0.0943396 0.0730063 0.0706714
2295 0 1 2 93 194 0.0215054 0.0148898 0.0139373
2296 0 1 5 100 166 0.05 0.0388075 0.037594
2297 0 1 6 109 212 0.0550459 0.0394703 0.0373832
2298 0 1 4 98 159 0.0408163 0.0320441 0.0311284
2299 0 1 3 114 166 0.0263158 0.0218079 0.0214286
2300 0 1 3 100 129 0.03 0.0264135 0.0262009
2301 0 1 5 115 168 0.0434783 0.0359722 0.0353357
2302 0 1 2 104 151 0.0192308 0.0159597 0.0156863
2303 0 1 1 106 180 0.00943396 0.00723954 0.00699301
2304 0 1 2 87 132 0.0229885 0.0186631 0.0182648
2305 0 1 1 94 145 0.0106383 0.00856549 0.0083682
2306 0 1 2 78 129 0.025641 0.0199383 0.0193237
2307 0 1 2 102 159 0.0196078 0.0157048 0.0153257
2308 0 1 2 90 141 0.0222222 0.0177541 0.017316
2309 0 1 1 103 172 0.00970874 0.00751306 0.00727273
2310 0 1 3 89 145 0.0337079 0.0264084 0.025641
2311 0 1 3 106 157 0.0283019 0.0232551 0.0228137
2312 0 1 3 88 130 0.0340909 0.0280484 0.0275229
2313 0 1 3 120 146 0.025 0.0226649 0.0225564
2314 0 1 3 100 111 0.03 0.0284747 0.028436
2315 0 1 1 105 119 0.00952381 0.00894606 0.00892857
2316 0 1 1 92 104 0.0108696 0.0102233 0.0102041
2317 0 1 0 92 149 0 0 0
2318 0 1 2 93 112 0.0215054 0.0195965 0.0195122
2319 0 1 2 117 146 0.017094 0.0153024 0.0152091
2320 0 1 3 111 143 0.027027 0.0238118 0.023622
2321 0 1 0 92 108 0 0 0
2322 0 1 2 117 167 0.017094 0.014308 0.0140845
2323 0 1 3 113 138 0.0265487 0.0240238 0.0239044
2324 0 1 4 97 131 0.0412371 0.0354845 0.0350877
2325 0 1 2 90 112 0.0222222 0.0199205 0.019802
2326 0 1 2 113 153 0.0176991 0.0152106 0.0150376
2327 0 1 2 104 128 0.0192308 0.0173344 0.0172414
2328 0 1 0 135 153 0 0 0
2329 0 1 2 124 136 0.016129 0.015401 0.0153846
2330 0 1 1 137 178 0.00729927 0.00640368 0.00634921
2331 0 1 1 114 144 0.00877193 0.00780488 0.00775194
2332 0 1 0 139 183 0 0 0
2333 0 1 1 125 145 0.008 0.00742781 0.00740741
2334 0 1 0 144 203 0 0 0
2335 0 1 0 112 156 0 0 0
2336 0 1 0 133 185 0 0 0
2337 0 1 0 109 122 0 0 0
2338 0 1 1 115 127 0.00869565 0.00827464 0.00826446
2339 0 1 0 102 92 0 0 0
2340 0 1 0 102 101 0 0 0
2341 0 1 1 97 72 0.0138889 0.011966 0.0118343
2342 0 1 2 108 101 0.019802 0.0191495 0.0191388
2343 0 1 2 87 85 0.0235294 0.0232574 0.0232558
2344 0 1 1 128 119 0.00840336 0.00810255 0.00809717
2345 0 1 0 108 103 0 0 0
2346 0 1 3 140 138 0.0217391 0.0215833 0.0215827
2347 0 1 0 118 104 0 0 0
2348 0 1 0 139 118 0 0 0
2349 0 1 1 114 101 0.00990099 0.00931938 0.00930233
2350 0 1 1 153 117 0.00854701 0.00747414 0.00740741
2351 0 1 1 130 104 0.00961538 0.00860026 0.00854701
2352 0 1 1 150 141 0.0070922 0.00687614 0.00687285
2353 0 1 1 146 107 0.00934579 0.00800077 0.00790514
2354 0 1 4 172 142 0.028169 0.0255948 0.0254777
2355 0 1 5 154 120 0.0416667 0.0367806 0.0364963
2356 0 1 5 144 99 0.050505 0.0418766 0.0411523
2357 0 1 6 159 119 0.0504202 0.0436194 0.0431655
2358 0 1 4 139 111 0.036036 0.0322026 0.032
2359 0 1 6 135 153 0.0444444 0.0417483 0.0416667
2360 0 1 3 118 114 0.0263158 0.0258659 0.0258621
2361 0 1 5 128 137 0.0390625 0.0377576 0.0377358
2362 0 1 2 127 118 0.0169492 0.0163376 0.0163265
2363 0 1 1 133 153 0.0075188 0.00701017 0.00699301
2364 0 1 2 118 143 0.0169492 0.0153965 0.0153257
2365 0 1 5 145 170 0.0344828 0.0318465 0.031746
2366 0 1 3 135 148 0.0222222 0.0212238 0.0212014
2367 0 1 2 148 156 0.0135135 0.0131625 0.0131579
2368 0 1 3 132 140 0.0227273 0.0220684 0.0220588
2369 0 1 6 102 104 0.0588235 0.0582552 0.0582524
2370 0 1 6 115 125 0.0521739 0.0500435 0.05
2371 0 1 7 105 92 0.076087 0.0712212 0.071066
2372 0 1 5 76 73 0.0684932 0.0671277 0.0671141
2373 0 1 3 116 105 0.0285714 0.027183 0.0271493
2374 0 1 8 97 98 0.0824742 0.0820524 0.0820513
2375 0 1 7 75 84 0.0933333 0.0881917 0.0880503
2376 0 1 6 81 106 0.0740741 0.0647524 0.0641711
2377 0 1 9 73 79 0.123288 0.118513 0.118421
2378 0 1 6 87 98 0.0689655 0.0649798 0.0648649
2379 0 1 9 84 79 0.113924 0.110481 0.110429
2380 0 1 5 73 70 0.0714286 0.0699455 0.0699301
2381 0 1 4 78 84 0.0512821 0.0494166 0.0493827
2382 0 1 6 66 64 0.09375 0.0923186 0.0923077
2383 0 1 7 59 55 0.127273 0.122883 0.122807
2384 0 1 2 74 73 0.0273973 0.0272115 0.0272109
2385 0 1 4 58 55 0.0727273 0.0708214 0.0707965
2386 0 1 3 73 76 0.0410959 0.0402766 0.0402685
2387 0 1 4 64 69 0.0625 0.0601929 0.0601504
2388 0 1 2 59 62 0.0338983 0.033068 0.0330578
2389 0 1 4 72 73 0.0555556 0.0551737 0.0551724
2390 0 1 5 70 61 0.0819672 0.0765167 0.0763359
2391 0 1 7 85 99 0.0823529 0.0763082 0.076087
2392 0 1 7 70 76 0.1 0.0959715 0.0958904
2393 0 1 3 69 68 0.0441176 0.0437968 0.0437956
2394 0 1 2 84 86 0.0238095 0.023531 0.0235294
2395 0 1 4 73 68 0.0588235 0.0567733 0.0567376
2396 0 1 4 72 58 0.0689655 0.0618984 0.0615385
2397 0 1 6 83 81 0.0740741 0.0731762 0.0731707
2398 0 1 6 83 71 0.084507 0.0781597 0.0779221
2399 0 1 6 64 62 0.0967742 0.0952501 0.0952381
2400 0 1 5 87 83 0.060241 0.0588398 0.0588235
2401 0 1 6 83 62 0.0967742 0.0836404 0.0827586
2402 0 1 5 72 43 0.116279 0.0898606 0.0869565
2403 0 1 3 100 75 0.04 0.034641 0.0342857
2404 0 1 5 93 56 0.0892857 0.0692843 0.0671141
2405 0 1 3 80 57 0.0526316 0.0444262 0.0437956
2406 0 1 2 97 79 0.0253165 0.0228471 0.0227273
2407 0 1 2 91 52 0.0384615 0.0290742 0.027972
2408 0 1 4 104 67 0.0597015 0.0479188 0.0467836
2409 0 1 6 95 64 0.09375 0.0769484 0.0754717
2410 0 1 5 133 93 0.0537634 0.0449576 0.0442478
2411 0 1 5 119 77 0.0649351 0.0522337 0.0510204
2412 0 1 6 156 134 0.0447761 0.0414989 0.0413793
2413 0 1 3 153 133 0.0225564 0.0210305 0.020979
2414 0 1 6 143 102 0.0588235 0.0496802 0.0489796
2415 0 1 7 188 150 0.0466667 0.0416844 0.0414201
2416 0 1 9 187 138 0.0652174 0.056025 0.0553846
2417 0 1 11 174 123 0.0894309 0.0751909 0.0740741
2418 0 1 11 216 188 0.0585106 0.0545867 0.0544554
2419 0 1 17 220 178 0.0955056 0.0859068 0.0854271
2420 0 1 15 211 160 0.09375 0.0816376 0.0808625
2421 0 1 18 198 139 0.129496 0.108501 0.106825
2422 0 1 16 177 117 0.136752 0.111184 0.108844
2423 0 1 14 193 162 0.0864198 0.0791757 0.0788732
2424 0 1 15 189 131 0.114504 0.0953289 0.09375
2425 0 1 9 186 118 0.0762712 0.0607498 0.0592105
2426 0 1 8 213 162 0.0493827 0.0430668 0.0426667
2427 0 1 6 196 146 0.0410959 0.0354688 0.0350877
2428 0 1 5 183 118 0.0423729 0.0340254 0.0332226
2429 0 1 4 228 168 0.0238095 0.020438 0.020202
2430 0 1 3 202 163 0.0184049 0.016533 0.0164384
2431 0 1 5 190 121 0.0413223 0.0329762 0.0321543
2432 0 1 3 210 161 0.0186335 0.0163154 0.0161725
2433 0 1 1 181 122 0.00819672 0.00672947 0.00660066
2434 0 1 5 193 160 0.03125 0.0284532 0.0283286
2435 0 1 2 154 115 0.0173913 0.0150287 0.0148699
2436 0 1 2 148 137 0.0145985 0.0140456 0.0140351
2437 0 1 2 166 164 0.0121951 0.0121214 0.0121212
2438 0 1 6 146 130 0.0461538 0.0435515 0.0434783
2439 0 1 5 166 165 0.030303 0.0302116 0.0302115
2440 0 1 5 152 120 0.0416667 0.0370218 0.0367647
2441 0 1 6 164 151 0.0397351 0.0381277 0.0380952
2442 0 1 4 147 115 0.0347826 0.0307647 0.0305344
2443 0 1 3 155 155 0.0193548 0.0193548 0.0193548
2444 0 1 9 138 122 0.0737705 0.0693622 0.0692308
2445 0 1 7 153 167 0.0457516 0.0437919 0.04375
2446 0 1 12 153 140 0.0857143 0.081992 0.0819113
2447 0 1 22 148 110 0.2 0.172423 0.170543
2448 0 1 21 156 141 0.148936 0.141595 0.141414
2449 0 1 17 144 114 0.149123 0.132683 0.131783
2450 0 1 23 144 133 0.172932 0.166196 0.166065
2451 0 1 16 133 134 0.120301 0.119851 0.11985
2452 0 1 17 140 159 0.121429 0.113943 0.113712
2453 0 1 12 133 129 0.0930233 0.0916137 0.0916031
2454 0 1 17 135 165 0.125926 0.113904 0.113333
2455 0 1 24 243 216 0.111111 0.104757 0.104575
2456 0 1 27 203 218 0.133005 0.128348 0.128266
2457 0 1 18 176 194 0.102273 0.0974126 0.0972973
2458 0 1 24 175 197 0.137143 0.129258 0.129032
2459 0 1 22 159 183 0.138365 0.128973 0.128655
2460 0 1 19 157 162 0.121019 0.119137 0.119122
2461 0 1 15 148 147 0.102041 0.101696 0.101695
2462 0 1 20 151 144 0.138889 0.135631 0.135593
2463 0 1 15 156 189 0.0961538 0.0873571 0.0869565
2464 0 1 9 130 149 0.0692308 0.0646663 0.0645161
2465 0 1 11 110 130 0.1 0.0919866 0.0916667
2466 0 1 8 104 110 0.0769231 0.0747958 0.0747664
2467 0 1 2 88 77 0.025974 0.0242965 0.0242424
2468 0 1 6 77 71 0.084507 0.0811478 0.0810811
2469 0 1 6 106 94 0.0638298 0.0601083 0.06
2470 0 1 2 84 82 0.0243902 0.0240981 0.0240964
2471 0 1 3 71 72 0.0422535 0.0419591 0.041958
2472 0 1 4 80 69 0.057971 0.0538382 0.0536913
2473 0 1 2 99 100 0.020202 0.0201008 0.0201005
2474 0 1 4 80 90 0.05 0.0471405 0.0470588
2475 0 1 5 77 72 0.0694444 0.0671519 0.0671141
2476 0 1 3 67 62 0.0483871 0.0465466 0.0465116
2477 0 1 3 89 81 0.037037 0.0353333 0.0352941
2478 0 1 3 72 65 0.0461538 0.0438529 0.0437956
2479 0 1 2 72 67 0.0298507 0.0287956 0.028777
2480 0 1 1 55 55 0.0181818 0.0181818 0.0181818
2481 0 1 2 83 79 0.0253165 0.0246989 0.0246914
2482 0 1 3 58 70 0.0517241 0.0470824 0.046875
2483 0 1 3 66 65 0.0461538 0.0458029 0.0458015
2484 0 1 4 50 57 0.08 0.0749269 0.0747664
2485 0 1 1 76 89 0.0131579 0.012159 0.0121212
2486 0 1 2 70 79 0.0285714 0.0268947 0.0268456
2487 0 1 1 61 72 0.0163934 0.0150893 0.0150376
2488 0 1 1 71 69 0.0144928 0.0142872 0.0142857
2489 0 1 2 86 101 0.0232558 0.0214595 0.0213904
2490 0 1 2 82 95 0.0243902 0.0226601 0.0225989
2491 0 1 1 70 93 0.0142857 0.0123939 0.0122699
2492 0 1 1 105 121 0.00952381 0.00887182 0.00884956
2493 0 1 0 96 102 0 0 0
2494 0 1 2 81 81 0.0246914 0.0246914 0.0246914
2495 0 1 1 77 60 0.0166667 0.0147122 0.0145985
2496 0 1 3 95 96 0.0315789 0.031414 0.0314136
2497 0 1 2 85 76 0.0263158 0.0248836 0.0248447
2498 0 1 1 73 63 0.015873 0.0147458 0.0147059
2499 0 1 0 92 102 0 0 0
2500 0 1 1 82 80 0.0125 0.0123466 0.0123457
2501 0 1 4 85 68 0.0588235 0.0526134 0.0522876
2502 0 1 3 104 110 0.0288462 0.0280484 0.0280374
2503 0 1 5 84 76 0.0657895 0.0625783 0.0625
2504 0 1 6 82 61 0.0983607 0.0848358 0.0839161
2505 0 1 2 96 112 0.0208333 0.0192879 0.0192308
2506 0 1 2 85 92 0.0235294 0.0226166 0.0225989
2507 0 1 0 72 61 0 0 0
2508 0 1 1 100 98 0.0102041 0.0101015 0.010101
2509 0 1 4 63 76 0.0634921 0.0578073 0.057554
2510 0 1 5 68 62 0.0806452 0.0770051 0.0769231
2511 0 1 5 87 96 0.0574713 0.054711 0.0546448
2512 0 1 4 89 83 0.0481928 0.04654 0.0465116
2513 0 1 5 71 65 0.0769231 0.0736011 0.0735294
2514 0 1 6 98 121 0.0612245 0.0550992 0.0547945
2515 0 1 4 90 99 0.0444444 0.0423761 0.042328
2516 0 1 4 79 85 0.0506329 0.0488132 0.0487805
2517 0 1 5 73 72 0.0694444 0.0689672 0.0689655
2518 0 1 4 87 109 0.045977 0.0410759 0.0408163
2519 0 1 3 79 88 0.0379747 0.0359804 0.0359281
2520 0 1 2 71 71 0.028169 0.028169 0.028169
2521 0 1 1 90 112 0.0111111 0.00996024 0.00990099
2522 0 1 2 88 78 0.025641 0.0241402 0.0240964
2523 0 1 2 94 121 0.0212766 0.0187531 0.0186047
2524 0 1 3 84 95 0.0357143 0.033583 0.0335196
2525 0 1 1 100 122 0.01 0.00905357 0.00900901
2526 0 1 0 81 91 0 0 0
2527 0 1 0 70 81 0 0 0
2528 0 1 1 94 94 0.0106383 0.0106383 0.0106383
2529 0 1 1 76 85 0.0131579 0.0124418 0.0124224
2530 0 1 3 82 99 0.0365854 0.0332964 0.0331492
2531 0 1 3 88 87 0.0344828 0.0342863 0.0342857
2532 0 1 4 119 144 0.0336134 0.0305566 0.0304183
2533 0 1 0 99 102 0 0 0
2534 0 1 4 76 82 0.0526316 0.0506695 0.0506329
2535 0 1 4 86 124 0.0465116 0.0387347 0.0380952
2536 0 1 6 91 100 0.0659341 0.0628971 0.0628272
2537 0 1 6 123 137 0.0487805 0.0462209 0.0461538
2538 0 1 6 121 119 0.0504202 0.0500017 0.05
2539 0 1 5 105 102 0.0490196 0.0483143 0.0483092
2540 0 1 2 124 139 0.016129 0.0152339 0.0152091
2541 0 1 5 102 123 0.0490196 0.0446393 0.0444444
2542 0 1 5 116 169 0.0431034 0.0357106 0.0350877
2543 0 1 4 114 143 0.0350877 0.0313285 0.0311284
2544 0 1 5 104 118 0.0480769 0.0451349 0.045045
2545 0 1 3 110 155 0.0272727 0.0229752 0.0226415
2546 0 1 4 107 131 0.0373832 0.0337857 0.0336134
2547 0 1 4 118 159 0.0338983 0.0292025 0.0288809
2548 0 1 1 106 134 0.00943396 0.00839063 0.00833333
2549 0 1 6 106 167 0.0566038 0.0450962 0.043956
2550 0 1 7 102 156 0.0686275 0.0554927 0.0542636
2551 0 1 7 94 139 0.0744681 0.0612388 0.0600858
2552 0 1 9 126 158 0.0714286 0.0637865 0.0633803
2553 0 1 6 106 129 0.0566038 0.0513102 0.0510638
2554 0 1 7 129 188 0.0542636 0.0449494 0.044164
2555 0 1 5 135 141 0.037037 0.0362404 0.0362319
2556 0 1 7 121 134 0.0578512 0.0549734 0.054902
2557 0 1 6 135 178 0.0444444 0.0387057 0.0383387
2558 0 1 6 143 152 0.041958 0.0406969 0.040678
2559 0 1 6 180 210 0.0333333 0.0308607 0.0307692
2560 0 1 8 166 176 0.0481928 0.0468036 0.0467836
2561 0 1 8 149 144 0.0555556 0.0546155 0.0546075
2562 0 1 3 157 197 0.0191083 0.0170584 0.0169492
2563 0 1 9 162 169 0.0555556 0.0543928 0.0543807
2564 0 1 7 191 211 0.0366492 0.0348691 0.0348259
2565 0 1 5 167 183 0.0299401 0.0286013 0.0285714
2566 0 1 6 197 228 0.0304569 0.0283107 0.0282353
2567 0 1 3 185 200 0.0162162 0.0155963 0.0155844
2568 0 1 3 183 227 0.0163934 0.0147192 0.0146341
2569 0 1 2 165 175 0.0121212 0.0117698 0.0117647
2570 0 1 3 148 144 0.0208333 0.0205499 0.0205479
2571 0 1 3 165 191 0.0181818 0.0168991 0.0168539
2572 0 1 5 129 159 0.0387597 0.0349122 0.0347222
2573 0 1 6 122 131 0.0491803 0.0474609 0.0474308
2574 0 1 4 125 198 0.032 0.0254257 0.0247678
2575 0 1 4 131 177 0.0305344 0.0262686 0.025974
2576 0 1 7 111 140 0.0630631 0.0561529 0.0557769
2577 0 1 3 130 219 0.0230769 0.0177798 0.017192
2578 0 1 3 114 211 0.0263158 0.0193432 0.0184615
2579 0 1 5 106 162 0.0471698 0.0381557 0.0373134
2580 0 1 1 133 221 0.0075188 0.00583281 0.00564972
2581 0 1 4 133 199 0.0300752 0.0245871 0.0240964
2582 0 1 3 125 183 0.024 0.0198354 0.0194805
2583 0 1 4 106 153 0.0377358 0.0314095 0.030888
2584 0 1 4 142 229 0.028169 0.0221819 0.0215633
2585 0 1 4 133 202 0.0300752 0.0244039 0.0238806
2586 0 1 4 100 192 0.04 0.0288675 0.0273973
2587 0 1 2 141 263 0.0141844 0.0103859 0.00990099
2588 0 1 3 139 259 0.0215827 0.0158112 0.0150754
2589 0 1 4 138 221 0.0289855 0.0229047 0.0222841
2590 0 1 6 132 218 0.0454545 0.0353701 0.0342857
2591 0 1 10 121 210 0.0826446 0.0627332 0.060423
2592 0 1 6 130 176 0.0461538 0.0396664 0.0392157
2593 0 1 7 163 273 0.0429448 0.0331836 0.0321101
2594 0 1 7 150 220 0.0466667 0.0385337 0.0378378
2595 0 1 10 142 200 0.0704225 0.0593391 0.0584795
2596 0 1 7 115 185 0.0608696 0.0479914 0.0466667
2597 0 1 9 187 294 0.0481283 0.0383838 0.037422
2598 0 1 9 166 255 0.0542169 0.043744 0.0427553
2599 0 1 10 164 219 0.0609756 0.0527662 0.0522193
2600 0 1 7 147 196 0.047619 0.0412393 0.0408163
2601 0 1 9 125 167 0.072 0.0622916 0.0616438
2602 0 1 12 197 249 0.0609137 0.0541812 0.0538117
2603 0 1 7 188 221 0.037234 0.0343418 0.0342298
2604 0 1 7 164 202 0.0426829 0.0384592 0.0382514
2605 0 1 8 162 181 0.0493827 0.046719 0.0466472
2606 0 1 8 170 234 0.0470588 0.0401105 0.039604
2607 0 1 7 169 190 0.0414201 0.0390641 0.0389972
2608 0 1 5 165 162 0.0308642 0.0305823 0.030581
2609 0 1 5 215 234 0.0232558 0.0222917 0.0222717
2610 0 1 6 180 181 0.0333333 0.0332411 0.033241
2611 0 1 5 171 152 0.0328947 0.0310135 0.0309598
2612 0 1 4 225 207 0.0193237 0.0185346 0.0185185
2613 0 1 4 193 202 0.0207254 0.0202584 0.0202532
2614 0 1 5 188 193 0.0265957 0.026249 0.0262467
2615 0 1 5 202 260 0.0247525 0.0218176 0.021645
2616 0 1 6 178 201 0.0337079 0.0317207 0.0316623
2617 0 1 5 158 173 0.0316456 0.0302426 0.0302115
2618 0 1 3 201 230 0.0149254 0.0139527 0.0139211
2619 0 1 11 181 188 0.0607735 0.0596313 0.0596206
2620 0 1 8 168 181 0.047619 0.0458771 0.0458453
2621 0 1 7 227 223 0.0313901 0.0311123 0.0311111
2622 0 1 4 192 185 0.0216216 0.0212238 0.0212202
2623 0 1 1 159 154 0.00649351 0.00639059 0.00638978
2624 0 1 1 206 226 0.00485437 0.0046346 0.00462963
2625 0 1 0 159 182 0 0 0
2626 0 1 0 135 156 0 0 0
2627 0 1 1 154 207 0.00649351 0.00560086 0.00554017
2628 0 1 0 124 166 0 0 0
2629 0 1 1 107 127 0.00934579 0.0085784 0.00854701
2630 0 1 2 128 184 0.015625 0.0130322 0.0128205
2631 0 1 1 113 142 0.00884956 0.00789435 0.00784314
2632 0 1 1 102 123 0.00980392 0.00892786 0.00888889
2633 0 1 1 120 160 0.00833333 0.00721688 0.00714286
2634 0 1 3 100 130 0.03 0.0263117 0.026087
2635 0 1 5 106 114 0.0471698 0.0454846 0.0454545
2636 0 1 2 143 169 0.013986 0.0128653 0.0128205
2637 0 1 4 126 115 0.0347826 0.0332297 0.033195
2638 0 1 3 113 97 0.0309278 0.0286547 0.0285714
2639 0 1 2 88 72 0.0277778 0.0251259 0.025
2640 0 1 3 126 122 0.0245902 0.0241967 0.0241935
2641 0 1 4 101 119 0.039604 0.036486 0.0363636
2642 0 1 5 95 105 0.0526316 0.0500626 0.05
2643 0 1 2 129 147 0.0155039 0.0145237 0.0144928
2644 0 1 3 113 137 0.0265487 0.0241114 0.024
2645 0 1 3 114 115 0.0263158 0.0262011 0.0262009
2646 0 1 5 151 192 0.0331126 0.0293651 0.0291545
2647 0 1 4 133 170 0.0300752 0.0266017 0.0264026
2648 0 1 3 113 137 0.0265487 0.0241114 0.024
2649 0 1 3 147 176 0.0204082 0.0186512 0.0185759
2650 0 1 3 128 162 0.0234375 0.0208333 0.0206897
2651 0 1 3 111 140 0.027027 0.0240655 0.0239044
2652 0 1 3 151 198 0.0198676 0.01735 0.017192
2653 0 1 8 133 167 0.0601504 0.0536792 0.0533333
2654 0 1 5 116 147 0.0431034 0.0382897 0.0380228
2655 0 1 4 166 207 0.0240964 0.0215785 0.0214477
2656 0 1 4 163 170 0.0245399 0.0240293 0.024024
2657 0 1 5 122 140 0.0409836 0.0382583 0.0381679
2658 0 1 8 175 167 0.0479042 0.0467964 0.0467836
2659 0 1 6 140 146 0.0428571 0.0419673 0.041958
2660 0 1 4 120 132 0.0333333 0.0317821 0.031746
2661 0 1 3 155 195 0.0193548 0.0172559 0.0171429
2662 0 1 4 136 180 0.0294118 0.0255655 0.0253165
2663 0 1 3 122 140 0.0245902 0.022955 0.0229008
2664 0 1 2 156 200 0.0128205 0.0113228 0.011236
2665 0 1 4 144 182 0.0277778 0.0247083 0.0245399
2666 0 1 2 121 158 0.0165289 0.0144647 0.0143369
2667 0 1 5 163 211 0.0306748 0.0269609 0.026738
2668 0 1 7 154 173 0.0454545 0.0428859 0.0428135
2669 0 1 8 143 163 0.0559441 0.0523996 0.0522876
2670 0 1 5 198 241 0.0252525 0.0228891 0.022779
2671 0 1 8 189 231 0.042328 0.0382872 0.0380952
2672 0 1 6 168 203 0.0357143 0.0324899 0.032345
2673 0 1 6 158 193 0.0379747 0.0343593 0.034188
2674 0 1 9 205 247 0.0439024 0.0399961 0.039823
2675 0 1 8 191 217 0.0418848 0.0392956 0.0392157
2676 0 1 7 165 197 0.0424242 0.038826 0.038674
2677 0 1 9 225 262 0.04 0.0370681 0.036961
2678 0 1 5 178 229 0.0280899 0.0247652 0.02457
2679 0 1 3 170 191 0.0176471 0.0166487 0.0166205
2680 0 1 7 188 273 0.037234 0.0308985 0.0303688
2681 0 1 8 163 258 0.0490798 0.0390109 0.0380048
2682 0 1 6 153 213 0.0392157 0.0332365 0.0327869
2683 0 1 5 197 297 0.0253807 0.0206709 0.0202429
2684 0 1 6 197 265 0.0304569 0.02626 0.025974
2685 0 1 3 168 245 0.0178571 0.0147871 0.0145278
2686 0 1 6 145 200 0.0413793 0.0352332 0.0347826
2687 0 1 8 161 250 0.0496894 0.0398756 0.0389294
2688 0 1 7 151 201 0.0463576 0.0401802 0.0397727
2689 0 1 8 140 192 0.0571429 0.048795 0.0481928
2690 0 1 7 143 229 0.048951 0.0386823 0.0376344
2691 0 1 3 116 178 0.0258621 0.0208777 0.0204082
2692 0 1 3 102 167 0.0294118 0.022986 0.0223048
2693 0 1 3 136 183 0.0220588 0.0190163 0.0188088
2694 0 1 3 91 136 0.032967 0.0269669 0.0264317
2695 0 1 2 87 114 0.0229885 0.0200825 0.0199005
2696 0 1 0 99 160 0 0 0
2697 0 1 1 77 119 0.012987 0.0104467 0.0102041
2698 0 1 1 103 204 0.00970874 0.00689868 0.00651466
2699 0 1 2 83 155 0.0240964 0.017633 0.0168067
2700 0 1 0 69 113 0 0 0
2701 0 1 0 79 137 0 0 0
2702 0 1 0 61 82 0 0 0
2703 0 1 2 82 103 0.0243902 0.0217623 0.0216216
2704 0 1 0 68 67 0 0 0
2705 0 1 0 87 88 0 0 0
2706 0 1 0 79 85 0 0 0
2707 0 1 0 75 101 0 0 0
2708 0 1 0 73 128 0 0 0
2709 0 1 0 86 174 0 0 0
2710 0 1 0 40 113 0 0 0
2711 0 1 0 38 98 0 0 0
2712 0 1 1 47 141 0.0212766 0.012284 0.0106383
2713 0 1 0 26 126 0 0 0
2714 0 1 0 48 172 0 0 0
2715 0 1 0 36 135 0 0 0
2716 0 1 0 72 176 0 0 0
2717 0 1 0 61 129 0 0 0
2718 0 1 2 90 169 0.0222222 0.0162168 0.015444
2719 0 1 1 76 136 0.0131579 0.00983612 0.00943396
2720 0 1 1 100 171 0.01 0.00764719 0.00738007
2721 0 1 1 86 149 0.0116279 0.00883401 0.00851064
2722 0 1 1 115 194 0.00869565 0.00669499 0.00647249
2723 0 1 1 111 175 0.00900901 0.00717496 0.00699301
2724 0 1 4 147 201 0.0272109 0.0232704 0.0229885
2725 0 1 4 147 187 0.0272109 0.0241257 0.0239521
2726 0 1 3 177 203 0.0169492 0.0158266 0.0157895
2727 0 1 2 161 181 0.0124224 0.011716 0.0116959
2728 0 1 1 206 221 0.00485437 0.00468673 0.00468384
2729 0 1 0 177 169 0 0 0
2730 0 1 2 188 248 0.0106383 0.00926244 0.00917431
2731 0 1 2 179 185 0.0111732 0.0109905 0.010989
2732 0 1 1 208 262 0.00480769 0.00428369 0.00425532
2733 0 1 6 171 150 0.04 0.0374634 0.0373832
2734 0 1 3 188 194 0.0159574 0.0157087 0.0157068
2735 0 1 4 176 154 0.025974 0.0242965 0.0242424
2736 0 1 8 147 136 0.0588235 0.0565799 0.0565371
2737 0 1 8 167 151 0.0529801 0.0503783 0.0503145
2738 0 1 7 139 128 0.0546875 0.052479 0.0524345
2739 0 1 7 128 162 0.0546875 0.0486111 0.0482759
2740 0 1 4 110 131 0.0363636 0.0333218 0.033195
2741 0 1 7 82 95 0.0853659 0.0793102 0.079096
2742 0 1 6 92 116 0.0652174 0.0580802 0.0576923
2743 0 1 3 94 87 0.0344828 0.033174 0.0331492
2744 0 1 6 95 132 0.0631579 0.05358 0.0528634
2745 0 1 0 79 97 0 0 0
2746 0 1 0 80 116 0 0 0
2747 0 1 2 66 88 0.030303 0.0262432 0.025974
2748 0 1 3 47 72 0.0638298 0.0515711 0.0504202
2749 0 1 3 58 116 0.0517241 0.0365745 0.0344828
2750 0 1 2 45 97 0.0444444 0.0302718 0.028169
2751 0 1 3 51 86 0.0588235 0.0452988 0.0437956
2752 0 1 3 41 62 0.0731707 0.0595023 0.0582524
2753 0 1 6 60 103 0.1 0.0763233 0.0736196
2754 0 1 4 47 90 0.0851064 0.0615021 0.0583942
2755 0 1 3 41 74 0.0731707 0.0544645 0.0521739
2756 0 1 4 62 112 0.0645161 0.0480015 0.045977
2757 0 1 5 58 81 0.0862069 0.072948 0.0719424
2758 0 1 5 47 76 0.106383 0.0836593 0.0813008
2759 0 1 4 71 120 0.056338 0.0433351 0.0418848
2760 0 1 5 69 98 0.0724638 0.060804 0.0598802
2761 0 1 4 76 86 0.0526316 0.0494771 0.0493827
2762 0 1 6 72 78 0.0833333 0.0800641 0.08
2763 0 1 4 59 78 0.0677966 0.058964 0.0583942
2764 0 1 7 100 113 0.07 0.0658505 0.0657277
2765 0 1 4 87 96 0.045977 0.0437688 0.0437158
2766 0 1 6 87 94 0.0689655 0.066348 0.0662983
2767 0 1 6 88 81 0.0740741 0.0710669 0.0710059
2768 0 1 6 77 74 0.0810811 0.0794859 0.0794702
2769 0 1 7 99 97 0.0721649 0.0714323 0.0714286
2770 0 1 6 91 85 0.0705882 0.0682215 0.0681818
2771 0 1 8 80 77 0.103896 0.101929 0.101911
2772 0 1 8 129 116 0.0689655 0.0653983 0.0653061
2773 0 1 6 108 113 0.0555556 0.0543125 0.0542986
2774 0 1 6 97 93 0.0645161 0.0631719 0.0631579
2775 0 1 2 132 125 0.016 0.01557 0.0155642
2776 0 1 10 118 114 0.0877193 0.0862197 0.0862069
2777 0 1 7 98 84 0.0833333 0.0771517 0.0769231
2778 0 1 6 121 132 0.0495868 0.0474757 0.0474308
2779 0 1 5 110 109 0.0458716 0.0456626 0.0456621
2780 0 1 7 87 101 0.0804598 0.0746754 0.0744681
2781 0 1 10 113 105 0.0952381 0.091805 0.0917431
2782 0 1 9 90 104 0.1 0.093026 0.0927835
2783 0 1 7 125 127 0.056 0.0555573 0.0555556
2784 0 1 6 104 109 0.0576923 0.0563536 0.056338
2785 0 1 9 85 82 0.109756 0.107802 0.107784
2786 0 1 9 102 105 0.0882353 0.0869657 0.0869565
2787 0 1 6 84 89 0.0714286 0.0693932 0.0693642
2788 0 1 9 90 75 0.12 0.109545 0.109091
2789 0 1 11 105 109 0.104762 0.102822 0.102804
2790 0 1 11 102 95 0.115789 0.111746 0.111675
2791 0 1 7 87 79 0.0886076 0.0844355 0.0843373
2792 0 1 8 107 115 0.0747664 0.0721189 0.0720721
2793 0 1 9 100 100 0.09 0.09 0.09
2794 0 1 10 97 84 0.119048 0.110783 0.110497
2795 0 1 8 118 107 0.0747664 0.0711962 0.0711111
2796 0 1 4 91 94 0.043956 0.0432489 0.0432432
2797 0 1 4 99 123 0.040404 0.0362485 0.036036
2798 0 1 1 97 102 0.0103093 0.0100534 0.0100503
2799 0 1 2 127 139 0.015748 0.0150529 0.0150376
2800 0 1 5 119 115 0.0434783 0.0427413 0.042735
2801 0 1 5 96 97 0.0520833 0.0518142 0.0518135
2802 0 1 6 93 117 0.0645161 0.0575197 0.0571429
2803 0 1 3 81 84 0.037037 0.0363696 0.0363636
2804 0 1 5 115 117 0.0434783 0.0431051 0.0431034
2805 0 1 1 113 100 0.01 0.00940721 0.00938967
2806 0 1 5 97 108 0.0515464 0.0488509 0.0487805
2807 0 1 4 100 89 0.0449438 0.0423999 0.042328
2808 0 1 8 115 123 0.0695652 0.0672649 0.0672269
2809 0 1 5 112 103 0.0485437 0.0465524 0.0465116
2810 0 1 4 93 100 0.0430108 0.0414781 0.0414508
2811 0 1 4 126 119 0.0336134 0.0326664 0.0326531
2812 0 1 4 117 124 0.034188 0.033209 0.033195
2813 0 1 7 115 122 0.0608696 0.0590975 0.0590717
2814 0 1 6 105 110 0.0571429 0.0558291 0.055814
2815 0 1 7 102 113 0.0686275 0.0652017 0.0651163
2816 0 1 8 83 95 0.0963855 0.0900926 0.0898876
2817 0 1 11 113 126 0.0973451 0.0921867 0.0920502
2818 0 1 4 108 108 0.037037 0.037037 0.037037
2819 0 1 3 97 107 0.0309278 0.0294472 0.0294118
2820 0 1 2 133 145 0.0150376 0.0144019 0.0143885
2821 0 1 6 127 135 0.0472441 0.0458229 0.0458015
2822 0 1 7 125 133 0.056 0.0542897 0.0542636
2823 0 1 8 117 124 0.0683761 0.0664181 0.06639
2824 0 1 6 95 106 0.0631579 0.0597911 0.0597015
2825 0 1 7 144 159 0.0486111 0.0462613 0.0462046
2826 0 1 6 133 147 0.0451128 0.0429108 0.0428571
2827 0 1 5 128 138 0.0390625 0.0376206 0.037594
2828 0 1 3 115 121 0.026087 0.0254319 0.0254237
2829 0 1 5 144 209 0.0347222 0.0288214 0.0283286
2830 0 1 9 130 198 0.0692308 0.0560968 0.054878
2831 0 1 5 130 184 0.0384615 0.0323288 0.0318471
2832 0 1 7 115 160 0.0608696 0.0516047 0.0509091
2833 0 1 4 115 149 0.0347826 0.0305575 0.030303
2834 0 1 6 93 136 0.0645161 0.0533507 0.0524017
2835 0 1 8 149 238 0.0536913 0.0424823 0.0413437
2836 0 1 6 137 213 0.0437956 0.0351238 0.0342857
2837 0 1 5 132 184 0.0378788 0.0320829 0.0316456
2838 0 1 6 119 165 0.0504202 0.0428189 0.0422535
2839 0 1 3 108 154 0.0277778 0.0232621 0.0229008
2840 0 1 3 105 131 0.0285714 0.0255794 0.0254237
2841 0 1 3 182 190 0.0164835 0.0161328 0.016129
2842 0 1 4 162 161 0.0248447 0.0247679 0.0247678
2843 0 1 3 143 149 0.020979 0.0205523 0.0205479
2844 0 1 2 142 136 0.0147059 0.0143918 0.0143885
2845 0 1 6 137 102 0.0588235 0.0507564 0.0502092
2846 0 1 2 234 205 0.0097561 0.00913156 0.00911162
2847 0 1 2 220 188 0.0106383 0.00983422 0.00980392
2848 0 1 3 207 175 0.0171429 0.0157622 0.0157068
2849 0 1 2 189 142 0.0140845 0.0122083 0.0120846
2850 0 1 7 171 129 0.0542636 0.0471308 0.0466667
2851 0 1 5 151 103 0.0485437 0.0400925 0.0393701
2852 0 1 4 231 170 0.0235294 0.020185 0.0199501
2853 0 1 4 209 164 0.0243902 0.0216055 0.0214477
2854 0 1 2 193 146 0.0136986 0.0119145 0.0117994
2855 0 1 3 197 127 0.023622 0.0189665 0.0185185
2856 0 1 8 196 122 0.0655738 0.0517347 0.0503145
2857 0 1 8 279 232 0.0344828 0.0314444 0.0313112
2858 0 1 4 258 198 0.020202 0.0176977 0.0175439
2859 0 1 7 232 169 0.0414201 0.0353517 0.0349127
2860 0 1 3 206 123 0.0243902 0.0188467 0.0182371
2861 0 1 4 254 207 0.0193237 0.0174445 0.0173536
2862 0 1 6 234 173 0.0346821 0.0298209 0.029484
2863 0 1 4 218 160 0.025 0.0214176 0.021164
2864 0 1 6 199 135 0.0444444 0.0366065 0.0359281
2865 0 1 9 277 200 0.045 0.0382373 0.0377358
2866 0 1 7 267 177 0.039548 0.0322 0.0315315
2867 0 1 7 244 144 0.0486111 0.0373441 0.0360825
2868 0 1 6 208 113 0.0530973 0.0391364 0.0373832
2869 0 1 6 244 162 0.037037 0.0301786 0.0295567
2870 0 1 5 203 133 0.037594 0.0304296 0.0297619
2871 0 1 5 199 180 0.0277778 0.0264184 0.0263852
2872 0 1 2 153 138 0.0144928 0.013764 0.0137457
2873 0 1 3 167 182 0.0179641 0.0172079 0.017192
2874 0 1 2 128 129 0.015625 0.0155643 0.0155642
2875 0 1 0 149 138 0 0 0
2876 0 1 2 92 106 0.0217391 0.0202527 0.020202
2877 0 1 3 118 132 0.0254237 0.0240377 0.024
2878 0 1 4 89 96 0.0449438 0.0432742 0.0432432
2879 0 1 5 112 122 0.0446429 0.0427741 0.042735
2880 0 1 3 82 94 0.0365854 0.0341704 0.0340909
2881 0 1 3 116 114 0.0263158 0.0260879 0.026087
2882 0 1 2 93 87 0.0229885 0.0222346 0.0222222
2883 0 1 2 119 134 0.0168067 0.0158381 0.0158103
2884 0 1 3 95 106 0.0315789 0.0298955 0.0298507
2885 0 1 3 110 147 0.0272727 0.0235921 0.0233463
2886 0 1 4 98 105 0.0408163 0.0394323 0.0394089
2887 0 1 3 104 113 0.0288462 0.0276736 0.0276498
2888 0 1 2 82 87 0.0243902 0.023679 0.0236686
2889 0 1 1 98 120 0.0102041 0.00922139 0.00917431
2890 0 1 3 73 79 0.0410959 0.0395045 0.0394737
2891 0 1 4 80 87 0.05 0.0479463 0.0479042
2892 0 1 2 87 105 0.0229885 0.0209255 0.0208333
2893 0 1 2 77 68 0.0294118 0.0276395 0.0275862
2894 0 1 4 73 97 0.0547945 0.0475349 0.0470588
2895 0 1 4 78 76 0.0526316 0.0519524 0.0519481
2896 0 1 5 88 98 0.0568182 0.0538413 0.0537634
2897 0 1 5 97 107 0.0515464 0.0490786 0.0490196
2898 0 1 3 72 68 0.0441176 0.0428746 0.0428571
2899 0 1 3 92 94 0.0326087 0.0322599 0.0322581
2900 0 1 4 82 72 0.0555556 0.0520579 0.0519481
2901 0 1 2 91 90 0.0222222 0.0220998 0.0220994
2902 0 1 4 80 68 0.0588235 0.0542326 0.0540541
2903 0 1 4 93 87 0.045977 0.0444692 0.0444444
2904 0 1 1 65 60 0.0166667 0.0160128 0.016
2905 0 1 2 78 88 0.025641 0.0241402 0.0240964
2906 0 1 2 68 69 0.0294118 0.0291979 0.0291971
2907 0 1 1 79 96 0.0126582 0.0114829 0.0114286
2908 0 1 3 72 71 0.0422535 0.0419591 0.041958
2909 0 1 3 74 90 0.0405405 0.0367607 0.0365854
2910 0 1 2 68 69 0.0294118 0.0291979 0.0291971
2911 0 1 2 66 81 0.030303 0.0273537 0.0272109
2912 0 1 1 54 58 0.0185185 0.0178685 0.0178571
2913 0 1 0 78 86 0 0 0
2914 0 1 1 72 69 0.0144928 0.0141876 0.0141844
2915 0 1 1 50 56 0.02 0.0188982 0.0188679
2916 0 1 1 66 66 0.0151515 0.0151515 0.0151515
2917 0 1 1 59 68 0.0169492 0.0157877 0.015748
2918 0 1 1 77 92 0.012987 0.0118812 0.0118343
2919 0 1 2 58 62 0.0344828 0.0333519 0.0333333
2920 0 1 3 61 80 0.0491803 0.0429449 0.0425532
2921 0 1 2 53 69 0.0377358 0.0330725 0.0327869
2922 0 1 2 68 83 0.0294118 0.0266217 0.0264901
2923 0 1 2 61 66 0.0327869 0.0315205 0.0314961
2924 0 1 1 81 77 0.012987 0.0126623 0.0126582
2925 0 1 1 65 68 0.0153846 0.0150414 0.0150376
2926 0 1 2 71 74 0.028169 0.0275921 0.0275862
2927 0 1 6 62 54 0.111111 0.103695 0.103448
2928 0 1 3 75 73 0.0410959 0.0405442 0.0405405
2929 0 1 2 61 57 0.0350877 0.0339178 0.0338983
2930 0 1 0 61 77 0 0 0
2931 0 1 1 57 66 0.0175439 0.0163039 0.0162602
2932 0 1 1 75 88 0.0133333 0.0123091 0.0122699
2933 0 1 0 60 61 0 0 0
2934 0 1 0 86 103 0 0 0
2935 0 1 3 67 85 0.0447761 0.0397534 0.0394737
2936 0 1 2 62 46 0.0434783 0.0374503 0.037037
2937 0 1 1 85 77 0.012987 0.0123608 0.0123457
2938 0 1 0 74 54 0 0 0
2939 0 1 0 87 85 0 0 0
2940 0 1 0 83 53 0 0 0
2941 0 1 0 116 79 0 0 0
2942 0 1 0 89 57 0 0 0
2943 0 1 1 101 80 0.0125 0.0111249 0.0110497
2944 0 1 0 123 105 0 0 0
2945 0 1 1 90 85 0.0117647 0.0114332 0.0114286
2946 0 1 0 105 84 0 0 0
2947 0 1 0 86 68 0 0 0
2948 0 1 0 109 83 0 0 0
2949 0 1 0 128 100 0 0 0
2950 0 1 0 86 63 0 0 0
2951 0 1 0 107 81 0 0 0
2952 0 1 0 104 91 0 0 0
2953 0 1 0 80 52 0 0 0
2954 0 1 0 85 63 0 0 0
2955 0 1 0 70 39 0 0 0
2956 0 1 0 75 62 0 0 0
2957 0 1 0 81 71 0 0 0
2958 0 1 0 64 55 0 0 0
2959 0 1 0 63 62 0 0 0
2960 0 1 1 56 45 0.0222222 0.0199205 0.019802
2961 0 1 0 70 62 0 0 0
2962 0 1 2 75 79 0.0266667 0.0259828 0.025974
2963 0 1 1 63 59 0.0169492 0.0164023 0.0163934
2964 0 1 2 76 77 0.0263158 0.0261443 0.0261438
2965 0 1 1 64 64 0.015625 0.015625 0.015625
2966 0 1 3 86 87 0.0348837 0.0346827 0.0346821
2967 0 1 6 76 80 0.0789474 0.0769484 0.0769231
2968 0 1 6 62 59 0.101695 0.099204 0.0991736
2969 0 1 5 89 85 0.0588235 0.0574865 0.0574713
2970 0 1 9 88 75 0.12 0.110782 0.110429
2971 0 1 8 105 99 0.0808081 0.0784653 0.0784314
2972 0 1 10 93 92 0.108696 0.10811 0.108108
2973 0 1 9 110 128 0.0818182 0.0758475 0.0756303
2974 0 1 10 106 103 0.0970874 0.0957036 0.0956938
2975 0 1 7 114 127 0.0614035 0.058176 0.0580913
2976 0 1 5 110 101 0.049505 0.0474365 0.0473934
2977 0 1 10 115 141 0.0869565 0.0785311 0.078125
2978 0 1 9 106 141 0.0849057 0.0736173 0.0728745
2979 0 1 5 108 165 0.0462963 0.0374555 0.03663
2980 0 1 13 104 126 0.125 0.113564 0.113043
2981 0 1 7 110 140 0.0636364 0.0564076 0.056
2982 0 1 4 79 116 0.0506329 0.0417847 0.0410256
2983 0 1 7 102 129 0.0686275 0.0610243 0.0606061
2984 0 1 7 82 102 0.0853659 0.0765404 0.076087
2985 0 1 1 94 132 0.0106383 0.00897737 0.00884956
2986 0 1 0 68 109 0 0 0
2987 0 1 2 75 136 0.0266667 0.019803 0.0189573
2988 0 1 0 66 107 0 0 0
2989 0 1 0 98 148 0 0 0
2990 0 1 0 79 98 0 0 0
2991 0 1 0 87 109 0 0 0
2992 0 1 0 72 78 0 0 0
2993 0 1 2 75 100 0.0266667 0.023094 0.0228571
2994 0 1 0 68 81 0 0 0
2995 0 1 0 91 118 0 0 0
2996 0 1 1 75 95 0.0133333 0.011847 0.0117647
2997 0 1 3 140 168 0.0214286 0.0195615 0.0194805
2998 0 1 2 134 153 0.0149254 0.0139679 0.0139373
2999 0 1 1 102 119 0.00980392 0.00907667 0.00904977
3000 0 1 0 160 195 0 0 0
3001 0 1 3 137 163 0.0218978 0.0200755 0.02
3002 0 1 4 109 149 0.0366972 0.0313873 0.0310078
3003 0 1 2 132 171 0.0151515 0.0133121 0.0132013
3004 0 1 3 108 128 0.0277778 0.0255155 0.0254237
3005 0 1 4 133 152 0.0300752 0.0281328 0.0280702
3006 0 1 2 111 128 0.018018 0.0167789 0.0167364
3007 0 1 5 144 162 0.0347222 0.0327364 0.0326797
3008 0 1 6 112 117 0.0535714 0.0524142 0.0524017
3009 0 1 10 128 120 0.0833333 0.0806872 0.0806452
3010 0 1 9 156 130 0.0692308 0.0631988 0.0629371
3011 0 1 7 133 94 0.0744681 0.0626049 0.061674
3012 0 1 8 140 104 0.0769231 0.0662994 0.0655738
3013 0 1 7 122 85 0.0823529 0.0687399 0.0676328
3014 0 1 5 155 98 0.0510204 0.0405687 0.0395257
3015 0 1 7 136 82 0.0853659 0.066286 0.0642202
3016 0 1 9 158 122 0.0737705 0.0648237 0.0642857
3017 0 1 11 142 96 0.114583 0.0942134 0.092437
3018 0 1 9 174 164 0.054878 0.0532778 0.0532544
3019 0 1 7 152 122 0.057377 0.0514039 0.0510949
3020 0 1 5 127 92 0.0543478 0.0462567 0.0456621
3021 0 1 6 159 129 0.0465116 0.0418946 0.0416667
3022 0 1 7 152 105 0.0666667 0.0554092 0.0544747
3023 0 1 3 141 80 0.0375 0.0282466 0.0271493
3024 0 1 5 141 110 0.0454545 0.040148 0.0398406
3025 0 1 5 135 90 0.0555556 0.0453609 0.0444444
3026 0 1 3 141 114 0.0263158 0.0236624 0.0235294
3027 0 1 3 124 99 0.030303 0.0270765 0.0269058
3028 0 1 3 144 134 0.0223881 0.0215967 0.0215827
3029 0 1 3 149 109 0.0275229 0.0235405 0.0232558
3030 0 1 4 126 101 0.039604 0.035458 0.0352423
3031 0 1 3 140 119 0.0252101 0.0232425 0.023166
3032 0 1 4 134 97 0.0412371 0.035085 0.034632
3033 0 1 4 136 124 0.0322581 0.0308021 0.0307692
3034 0 1 2 117 112 0.0178571 0.0174714 0.0174672
3035 0 1 3 132 146 0.0227273 0.0216102 0.0215827
3036 0 1 5 137 105 0.047619 0.0416884 0.0413223
3037 0 1 5 141 149 0.035461 0.0344959 0.0344828
3038 0 1 2 139 102 0.0196078 0.0167966 0.0165975
3039 0 1 3 137 128 0.0234375 0.0226546 0.0226415
3040 0 1 2 131 95 0.0210526 0.017928 0.0176991
3041 0 1 2 150 115 0.0173913 0.0152277 0.0150943
3042 0 1 1 124 82 0.0121951 0.00991704 0.00970874
3043 0 1 1 145 82 0.0121951 0.00917084 0.00881057
3044 0 1 0 118 55 0 0 0
3045 0 1 0 115 78 0 0 0
3046 0 1 0 99 49 0 0 0
3047 0 1 1 111 70 0.0142857 0.0113446 0.0110497
3048 0 1 1 96 56 0.0178571 0.0136386 0.0131579
3049 0 1 1 93 55 0.0181818 0.0139823 0.0135135
3050 0 1 1 80 39 0.025641 0.0179029 0.0168067
3051 0 1 1 89 67 0.0149254 0.0129499 0.0128205
3052 0 1 1 91 56 0.0178571 0.0140083 0.0136054
3053 0 1 3 108 105 0.0285714 0.0281718 0.028169
3054 0 1 3 82 89 0.0365854 0.0351172 0.0350877
3055 0 1 2 70 62 0.0322581 0.0303588 0.030303
3056 0 1 1 98 86 0.0116279 0.0108928 0.0108696
3057 0 1 1 81 70 0.0142857 0.0132803 0.013245
3058 0 1 2 110 121 0.0181818 0.0173357 0.017316
3059 0 1 1 95 92 0.0108696 0.0106966 0.0106952
3060 0 1 4 73 74 0.0547945 0.054423 0.0544218
3061 0 1 1 81 89 0.0123457 0.0117778 0.0117647
3062 0 1 2 77 84 0.025974 0.0248682 0.0248447
3063 0 1 2 89 114 0.0224719 0.0198556 0.0197044
3064 0 1 3 78 95 0.0384615 0.0348508 0.0346821
3065 0 1 3 79 115 0.0379747 0.0314745 0.0309278
3066 0 1 4 63 95 0.0634921 0.0517044 0.0506329
3067 0 1 5 83 110 0.060241 0.0523281 0.0518135
3068 0 1 4 72 82 0.0555556 0.0520579 0.0519481
3069 0 1 4 77 94 0.0519481 0.0470165 0.0467836
3070 0 1 4 74 83 0.0540541 0.0510393 0.0509554
3071 0 1 5 102 111 0.0490196 0.0469903 0.0469484
3072 0 1 4 92 91 0.043956 0.0437165 0.0437158
3073 0 1 4 124 122 0.0327869 0.0325214 0.0325203
3074 0 1 4 110 112 0.0363636 0.0360375 0.036036
3075 0 1 4 83 96 0.0481928 0.0448111 0.0446927
3076 0 1 3 118 152 0.0254237 0.0224005 0.0222222
3077 0 1 3 105 121 0.0285714 0.0266155 0.0265487
3078 0 1 3 142 140 0.0214286 0.0212771 0.0212766
3079 0 1 1 125 114 0.00877193 0.00837708 0.0083682
3080 0 1 4 143 142 0.028169 0.0280703 0.0280702
3081 0 1 3 138 123 0.0243902 0.0230266 0.0229885
3082 0 1 4 156 177 0.025641 0.0240719 0.024024
3083 0 1 2 129 149 0.0155039 0.0144259 0.0143885
3084 0 1 3 114 114 0.0263158 0.0263158 0.0263158
3085 0 1 1 136 147 0.00735294 0.00707248 0.00706714
3086 0 1 4 114 137 0.0350877 0.0320072 0.0318725
3087 0 1 3 134 209 0.0223881 0.0179265 0.0174927
3088 0 1 2 129 173 0.0155039 0.0133879 0.013245
3089 0 1 3 153 256 0.0196078 0.0151585 0.0146699
3090 0 1 4 146 222 0.0273973 0.0222181 0.0217391
3091 0 1 5 127 173 0.0393701 0.0337322 0.0333333
3092 0 1 2 161 248 0.0124224 0.010009 0.00977995
3093 0 1 5 151 215 0.0331126 0.02775 0.0273224
3094 0 1 6 134 202 0.0447761 0.0364689 0.0357143
3095 0 1 6 168 253 0.0357143 0.0291029 0.0285036
3096 0 1 9 158 238 0.056962 0.0464115 0.0454545
3097 0 1 9 139 201 0.0647482 0.053844 0.0529412
3098 0 1 8 176 266 0.0454545 0.0369737 0.0361991
3099 0 1 10 165 233 0.0606061 0.0510012 0.0502513
3100 0 1 10 149 193 0.0671141 0.0589696 0.0584795
3101 0 1 4 164 229 0.0243902 0.0206405 0.0203562
3102 0 1 7 165 207 0.0424242 0.0378766 0.0376344
3103 0 1 8 196 241 0.0408163 0.036809 0.0366133
3104 0 1 8 170 212 0.0470588 0.0421403 0.0418848
3105 0 1 5 238 242 0.0210084 0.0208341 0.0208333
3106 0 1 6 205 197 0.0304569 0.0298567 0.0298507
3107 0 1 7 281 253 0.027668 0.0262533 0.0262172
3108 0 1 2 227 168 0.0119048 0.0102415 0.0101266
3109 0 1 3 235 166 0.0180723 0.0151891 0.0149626
3110 0 1 2 181 133 0.0150376 0.0128904 0.0127389
3111 0 1 2 168 174 0.0119048 0.0116977 0.0116959
3112 0 1 4 146 117 0.034188 0.0306049 0.0304183
3113 0 1 5 133 136 0.037594 0.037177 0.0371747
3114 0 1 4 104 95 0.0421053 0.0402422 0.040201
3115 0 1 3 114 86 0.0348837 0.0302984 0.03
3116 0 1 2 112 85 0.0235294 0.020498 0.0203046
3117 0 1 1 112 89 0.011236 0.010016 0.00995025
3118 0 1 1 102 118 0.00980392 0.00911505 0.00909091
3119 0 1 1 84 83 0.0120482 0.0119763 0.011976
3120 0 1 0 110 139 0 0 0
3121 0 1 0 77 83 0 0 0
3122 0 1 0 83 111 0 0 0
3123 0 1 0 62 78 0 0 0
3124 0 1 1 77 100 0.012987 0.0113961 0.0112994
3125 0 1 0 61 79 0 0 0
3126 0 1 0 96 110 0 0 0
3127 0 1 0 79 88 0 0 0
3128 0 1 0 99 121 0 0 0
3129 0 1 1 90 105 0.0111111 0.0102869 0.0102564
3130 0 1 2 126 161 0.015873 0.0140421 0.0139373
3131 0 1 1 112 137 0.00892857 0.00807292 0.00803213
3132 0 1 2 99 110 0.020202 0.0191653 0.0191388
3133 0 1 3 106 160 0.0283019 0.0230361 0.0225564
3134 0 1 5 95 140 0.0526316 0.0433555 0.0425532
3135 0 1 1 120 189 0.00833333 0.00664016 0.00647249
3136 0 1 5 108 161 0.0462963 0.037918 0.0371747
3137 0 1 3 86 138 0.0348837 0.027538 0.0267857
3138 0 1 4 118 156 0.0338983 0.029482 0.0291971
3139 0 1 6 99 132 0.0606061 0.0524864 0.0519481
3140 0 1 4 109 180 0.0366972 0.0285569 0.0276817
3141 0 1 3 78 130 0.0384615 0.0297922 0.0288462
3142 0 1 4 108 172 0.037037 0.0293484 0.0285714
3143 0 1 4 93 138 0.0430108 0.0353085 0.034632
3144 0 1 4 81 156 0.0493827 0.035584 0.0337553
3145 0 1 5 76 119 0.0657895 0.0525763 0.0512821
3146 0 1 0 83 132 0 0 0
3147 0 1 0 72 91 0 0 0
3148 0 1 0 60 106 0 0 0
3149 0 1 0 41 70 0 0 0
3150 0 1 0 59 115 0 0 0
3151 0 1 1 53 72 0.0188679 0.0161881 0.016
3152 0 1 1 68 109 0.0147059 0.0116153 0.0112994
3153 0 1 0 75 86 0 0 0
3154 0 1 1 46 63 0.0217391 0.0185759 0.0183486
3155 0 1 0 57 63 0 0 0
3156 0 1 0 72 92 0 0 0
3157 0 1 0 48 70 0 0 0
3158 0 1 0 65 81 0 0 0
3159 0 1 0 63 77 0 0 0
3160 0 1 0 58 68 0 0 0
3161 0 1 0 78 90 0 0 0
3162 0 1 0 67 77 0 0 0
3163 0 1 2 73 92 0.0273973 0.0244048 0.0242424
3164 0 1 1 59 68 0.0169492 0.0157877 0.015748
3165 0 1 0 82 86 0 0 0
3166 0 1 0 71 68 0 0 0
3167 0 1 0 88 89 0 0 0
3168 0 1 0 75 75 0 0 0
3169 0 1 0 89 98 0 0 0
3170 0 1 1 63 93 0.015873 0.0130644 0.0128205
3171 0 1 0 88 91 0 0 0
3172 0 1 0 62 71 0 0 0
3173 0 1 0 67 100 0 0 0
3174 0 1 0 55 99 0 0 0
3175 0 1 1 84 125 0.0119048 0.009759 0.00956938
3176 0 1 0 79 96 0 0 0
3177 0 1 0 63 86 0 0 0
3178 0 1 1 92 99 0.0108696 0.0104782 0.0104712
3179 0 1 0 72 91 0 0 0
3180 0 1 2 105 117 0.0190476 0.0180444 0.018018
3181 0 1 2 87 105 0.0229885 0.0209255 0.0208333
3182 0 1 1 78 85 0.0128205 0.0122813 0.0122699
3183 0 1 2 91 104 0.021978 0.0205586 0.0205128
3184 0 1 2 81 87 0.0246914 0.0238247 0.0238095
3185 0 1 1 105 125 0.00952381 0.00872872 0.00869565
3186 0 1 2 90 110 0.0222222 0.0201008 0.02
3187 0 1 3 102 143 0.0294118 0.0248401 0.0244898
3188 0 1 0 82 100 0 0 0
3189 0 1 3 89 125 0.0337079 0.0284427 0.0280374
3190 0 1 3 76 102 0.0394737 0.0340733 0.0337079
3191 0 1 2 92 126 0.0217391 0.0185759 0.0183486
3192 0 1 3 84 110 0.0357143 0.0312094 0.0309278
3193 0 1 3 103 146 0.0291262 0.0244639 0.0240964
3194 0 1 4 99 119 0.040404 0.0368527 0.0366972
3195 0 1 4 122 154 0.0327869 0.0291823 0.0289855
3196 0 1 7 108 132 0.0648148 0.0586272 0.0583333
3197 0 1 4 86 102 0.0465116 0.0427081 0.0425532
3198 0 1 2 104 123 0.0192308 0.0176832 0.0176211
3199 0 1 1 93 107 0.0107527 0.0100246 0.01
3200 0 1 2 123 158 0.0162602 0.0143466 0.0142349
3201 0 1 2 110 144 0.0181818 0.015891 0.015748
3202 0 1 6 89 120 0.0674157 0.0580585 0.0574163
3203 0 1 1 100 125 0.01 0.00894427 0.00888889
3204 0 1 5 88 116 0.0568182 0.049488 0.0490196
3205 0 1 3 106 128 0.0283019 0.0257551 0.025641
3206 0 1 6 95 127 0.0631579 0.0546245 0.0540541
3207 0 1 4 123 142 0.0325203 0.0302666 0.0301887
3208 0 1 4 111 116 0.036036 0.0352508 0.0352423
3209 0 1 3 143 178 0.020979 0.0188037 0.0186916
3210 0 1 6 119 123 0.0504202 0.0495936 0.0495868
3211 0 1 4 140 181 0.0285714 0.0251279 0.0249221
3212 0 1 3 118 153 0.0254237 0.0223272 0.0221402
3213 0 1 4 104 116 0.0384615 0.0364179 0.0363636
3214 0 1 2 114 131 0.0175439 0.016366 0.0163265
3215 0 1 3 90 111 0.0333333 0.030015 0.0298507
3216 0 1 5 95 132 0.0526316 0.04465 0.0440529
3217 0 1 2 81 74 0.027027 0.0258328 0.0258065
3218 0 1 6 80 94 0.075 0.0691898 0.0689655
3219 0 1 5 68 67 0.0746269 0.0740761 0.0740741
3220 0 1 1 78 92 0.0128205 0.0118048 0.0117647
3221 0 1 4 73 73 0.0547945 0.0547945 0.0547945
3222 0 1 6 66 116 0.0909091 0.0685725 0.0659341
3223 0 1 3 56 81 0.0535714 0.0445435 0.0437956
3224 0 1 2 62 82 0.0322581 0.0280496 0.0277778
3225 0 1 2 69 82 0.0289855 0.0265888 0.0264901
3226 0 1 3 79 95 0.0379747 0.0346295 0.0344828
3227 0 1 1 80 82 0.0125 0.0123466 0.0123457
3228 0 1 1 106 104 0.00961538 0.00952424 0.00952381
3229 0 1 4 81 89 0.0493827 0.047111 0.0470588
3230 0 1 4 110 112 0.0363636 0.0360375 0.036036
3231 0 1 0 97 91 0 0 0
3232 0 1 6 89 99 0.0674157 0.0639203 0.0638298
3233 0 1 4 83 74 0.0540541 0.0510393 0.0509554
3234 0 1 4 78 104 0.0512821 0.0444116 0.043956
3235 0 1 5 99 137 0.050505 0.0429331 0.0423729
3236 0 1 6 87 94 0.0689655 0.066348 0.0662983
3237 0 1 3 88 108 0.0340909 0.0307729 0.0306122
3238 0 1 2 82 99 0.0243902 0.0221976 0.0220994
3239 0 1 1 54 68 0.0185185 0.0165025 0.0163934
3240 0 1 3 55 91 0.0545455 0.0424052 0.0410959
3241 0 1 3 40 64 0.075 0.0592927 0.0576923
3242 0 1 0 50 77 0 0 0
3243 0 1 0 34 44 0 0 0
3244 0 1 0 59 71 0 0 0
3245 0 1 2 53 64 0.0377358 0.0343401 0.034188
3246 0 1 2 44 52 0.0454545 0.0418121 0.0416667
3247 0 1 2 23 40 0.0869565 0.065938 0.0634921
3248 0 1 3 43 58 0.0697674 0.0600721 0.0594059
3249 0 1 3 34 52 0.0882353 0.0713477 0.0697674
3250 0 1 2 50 103 0.04 0.0278693 0.0261438
3251 0 1 0 37 91 0 0 0
3252 0 1 0 28 65 0 0 0
3253 0 1 0 40 96 0 0 0
3254 0 1 0 16 62 0 0 0
3255 0 1 0 38 99 0 0 0
3256 0 1 0 29 94 0 0 0
3257 0 1 0 20 65 0 0 0
3258 0 1 0 36 119 0 0 0
3259 0 1 0 18 102 0 0 0
3260 0 1 0 19 77 0 0 0
3261 0 1 0 23 68 0 0 0
3262 0 1 0 17 65 0 0 0
3263 0 1 0 32 107 0 0 0
3264 0 1 2 21 92 0.0952381 0.0455016 0.0353982
3265 0 1 1 13 83 0.0769231 0.0304431 0.0208333
3266 0 1 0 13 71 0 0 0
3267 0 1 0 13 112 0 0 0
3268 0 1 0 14 110 0 0 0
3269 0 1 0 9 84 0 0 0
3270 0 1 0 7 71 0 0 0
3271 0 1 0 10 122 0 0 0
3272 0 1 0 7 99 0 0 0
3273 0 1 0 5 96 0 0 0
3274 0 1 0 9 75 0 0 0
3275 0 1 0 5 66 0 0 0
3276 0 1 0 17 110 0 0 0
3277 0 1 0 13 92 0 0 0
3278 0 1 0 11 75 0 0 0
3279 0 1 0 9 64 0 0 0
3280 0 1 0 25 116 0 0 0
3281 0 1 0 15 90 0 0 0
3282 0 1 0 14 60 0 0 0
3283 0 1 0 26 86 0 0 0
3284 0 1 0 32 95 0 0 0
3285 0 1 0 27 65 0 0 0
3286 0 1 0 43 90 0 0 0
3287 0 1 0 28 55 0 0 0
3288 0 1 0 35 60 0 0 0
3289 0 1 0 62 84 0 0 0
3290 0 1 0 47 57 0 0 0
3291 0 1 0 91 83 0 0 0
3292 0 1 1 73 65 0.0153846 0.0145172 0.0144928
3293 0 1 1 110 105 0.00952381 0.00930484 0.00930233
3294 0 1 1 104 95 0.0105263 0.0100605 0.0100503
3295 0 1 1 92 79 0.0126582 0.0117299 0.0116959
3296 0 1 1 113 92 0.0108696 0.00980769 0.0097561
3297 0 1 0 94 61 0 0 0
3298 0 1 0 105 90 0 0 0
3299 0 1 1 103 67 0.0149254 0.0120377 0.0117647
3300 0 1 1 125 82 0.0121951 0.0098773 0.00966184
3301 0 1 2 137 96 0.0208333 0.0174395 0.0171674
3302 0 1 2 152 127 0.015748 0.0143948 0.0143369
3303 0 1 2 116 85 0.0235294 0.0201415 0.0199005
3304 0 1 3 145 125 0.024 0.0222834 0.0222222
3305 0 1 3 133 113 0.0265487 0.0244713 0.0243902
3306 0 1 1 170 164 0.00609756 0.00598899 0.00598802
3307 0 1 18 286 213 0.084507 0.0729289 0.0721443
3308 0 1 17 212 202 0.0841584 0.0821496 0.0821256
3309 0 1 12 205 179 0.0670391 0.0626438 0.0625
3310 0 1 9 182 166 0.0542169 0.0517789 0.0517241
3311 0 1 13 173 157 0.0828025 0.0788806 0.0787879
3312 0 1 15 174 135 0.111111 0.09787 0.0970874
3313 0 1 12 148 146 0.0821918 0.0816345 0.0816327
3314 0 1 15 146 127 0.11811 0.110157 0.10989
3315 0 1 15 148 117 0.128205 0.11399 0.113208
3316 0 1 17 134 116 0.146552 0.136354 0.136
3317 0 1 11 154 140 0.0785714 0.0749149 0.0748299
3318 0 1 20 150 140 0.142857 0.138013 0.137931
3319 0 1 14 136 146 0.102941 0.0993533 0.0992908
3320 0 1 16 136 134 0.119403 0.118522 0.118519
3321 0 1 16 127 133 0.125984 0.12311 0.123077
3322 0 1 14 124 120 0.116667 0.11477 0.114754
3323 0 1 13 119 117 0.111111 0.110173 0.110169
3324 0 1 14 122 110 0.127273 0.120851 0.12069
3325 0 1 11 114 102 0.107843 0.102009 0.101852
3326 0 1 10 111 97 0.103093 0.0963724 0.0961538
3327 0 1 13 156 137 0.0948905 0.0889244 0.0887372
3328 0 1 13 135 117 0.111111 0.103439 0.103175
3329 0 1 20 123 120 0.166667 0.164622 0.164609
3330 0 1 17 123 96 0.177083 0.156445 0.155251
3331 0 1 12 134 89 0.134831 0.109884 0.107623
3332 0 1 19 147 99 0.191919 0.157499 0.154472
3333 0 1 18 148 106 0.169811 0.143711 0.141732
3334 0 1 16 165 134 0.119403 0.107603 0.107023
3335 0 1 20 163 130 0.153846 0.137393 0.136519
3336 0 1 17 158 117 0.145299 0.125034 0.123636
3337 0 1 14 157 107 0.130841 0.108016 0.106061
3338 0 1 12 160 101 0.118812 0.0943975 0.091954
3339 0 1 15 190 184 0.0815217 0.0802242 0.0802139
3340 0 1 18 199 167 0.107784 0.0987388 0.0983607
3341 0 1 13 193 134 0.0970149 0.0808374 0.0795107
3342 0 1 15 182 97 0.154639 0.112894 0.107527
3343 0 1 15 190 98 0.153061 0.109926 0.104167
3344 0 1 16 191 92 0.173913 0.120701 0.113074
3345 0 1 16 186 82 0.195122 0.129556 0.119403
3346 0 1 19 250 138 0.137681 0.102293 0.0979381
3347 0 1 17 216 113 0.150442 0.108814 0.103343
3348 0 1 24 221 101 0.237624 0.16064 0.149068
3349 0 1 29 235 108 0.268519 0.182034 0.169096
3350 0 1 31 239 114 0.27193 0.187806 0.175637
3351 0 1 32 248 122 0.262295 0.183969 0.172973
3352 0 1 36 258 136 0.264706 0.192187 0.182741
3353 0 1 41 264 150 0.273333 0.206033 0.198068
3354 0 1 46 306 180 0.255556 0.196002 0.1893
3355 0 1 36 326 189 0.190476 0.145032 0.139806
3356 0 1 39 322 200 0.195 0.153682 0.149425
3357 0 1 40 296 205 0.195122 0.162382 0.159681
3358 0 1 53 304 203 0.261084 0.213349 0.209073
3359 0 1 47 306 172 0.273256 0.204867 0.196653
3360 0 1 52 333 248 0.209677 0.180949 0.179002
3361 0 1 37 320 212 0.174528 0.142056 0.139098
3362 0 1 42 318 234 0.179487 0.153967 0.152174
3363 0 1 44 325 235 0.187234 0.159212 0.157143
3364 0 1 47 304 233 0.201717 0.176597 0.175047
3365 0 1 47 300 208 0.225962 0.188151 0.185039
3366 0 1 40 341 283 0.141343 0.128763 0.128205
3367 0 1 38 314 281 0.135231 0.127928 0.127731
3368 0 1 42 322 265 0.158491 0.14378 0.143101
3369 0 1 44 318 257 0.171206 0.153912 0.153043
3370 0 1 37 306 227 0.162996 0.140387 0.138837
3371 0 1 42 295 228 0.184211 0.161946 0.160612
3372 0 1 38 294 236 0.161017 0.144263 0.143396
3373 0 1 26 295 203 0.128079 0.106246 0.104418
3374 0 1 32 315 215 0.148837 0.122963 0.120755
3375 0 1 28 294 209 0.133971 0.112956 0.111332
3376 0 1 31 311 204 0.151961 0.123074 0.120388
3377 0 1 24 309 198 0.121212 0.0970285 0.0946746
3378 0 1 23 307 198 0.116162 0.0932881 0.0910891
3379 0 1 21 310 208 0.100962 0.0827002 0.0810811
3380 0 1 21 289 195 0.107692 0.0884613 0.0867769
3381 0 1 26 366 299 0.0869565 0.0785954 0.0781955
3382 0 1 21 342 291 0.0721649 0.0665671 0.0663507
3383 0 1 21 330 261 0.0804598 0.0715553 0.071066
3384 0 1 27 308 238 0.113445 0.0997241 0.0989011
3385 0 1 25 309 243 0.102881 0.0912342 0.0905797
3386 0 1 36 340 237 0.151899 0.12682 0.124783
3387 0 1 37 305 226 0.163717 0.140928 0.13936
3388 0 1 27 298 204 0.132353 0.109507 0.10757
3389 0 1 36 315 234 0.153846 0.132599 0.131148
3390 0 1 35 303 230 0.152174 0.132581 0.131332
3391 0 1 38 298 223 0.170404 0.147409 0.145873
3392 0 1 42 292 230 0.182609 0.162067 0.16092
3393 0 1 47 285 227 0.207048 0.184783 0.183594
3394 0 1 38 267 232 0.163793 0.152681 0.152305
3395 0 1 49 256 224 0.21875 0.204622 0.204167
3396 0 1 53 235 225 0.235556 0.230489 0.230435
3397 0 1 44 244 217 0.202765 0.191218 0.190889
3398 0 1 51 238 217 0.235023 0.224415 0.224176
3399 0 1 51 256 218 0.233945 0.215885 0.21519
3400 0 1 50 257 203 0.246305 0.218905 0.217391
3401 0 1 55 264 215 0.255814 0.230856 0.229645
3402 0 1 52 239 199 0.261307 0.238439 0.237443
3403 0 1 57 246 182 0.313187 0.269384 0.266355
3404 0 1 43 241 190 0.226316 0.200948 0.199536
3405 0 1 40 236 180 0.222222 0.194074 0.192308
3406 0 1 44 238 173 0.254335 0.216841 0.214112
3407 0 1 41 222 166 0.246988 0.213576 0.21134
3408 0 1 47 231 165 0.284848 0.240741 0.237374
3409 0 1 40 220 165 0.242424 0.209946 0.207792
3410 0 1 46 265 245 0.187755 0.180531 0.180392
3411 0 1 36 248 238 0.151261 0.14818 0.148148
3412 0 1 36 231 241 0.155844 0.152577 0.152542
3413 0 1 30 234 228 0.131579 0.129881 0.12987
3414 0 1 44 260 237 0.185654 0.177252 0.177062
3415 0 1 39 253 227 0.171806 0.162739 0.1625
3416 0 1 43 243 223 0.192825 0.18472 0.184549
3417 0 1 41 250 235 0.174468 0.169153 0.169072
3418 0 1 38 250 210 0.180952 0.165846 0.165217
3419 0 1 41 248 239 0.171548 0.168407 0.168378
3420 0 1 37 246 232 0.159483 0.154878 0.154812
3421 0 1 30 227 205 0.146341 0.139069 0.138889
3422 0 1 30 262 306 0.114504 0.105952 0.105634
3423 0 1 24 229 295 0.104803 0.0923384 0.0916031
3424 0 1 16 223 251 0.0717489 0.0676286 0.0675105
3425 0 1 19 203 239 0.0935961 0.0862594 0.0859729
3426 0 1 10 158 193 0.0632911 0.0572655 0.0569801
3427 0 1 10 167 139 0.0719424 0.0656348 0.0653595
3428 0 1 7 124 90 0.0777778 0.0662622 0.0654206
3429 0 1 3 99 101 0.030303 0.0300015 0.03
3430 0 1 5 97 82 0.0609756 0.0560631 0.0558659
3431 0 1 3 97 66 0.0454545 0.0374941 0.0368098
3432 0 1 3 126 76 0.0394737 0.030657 0.029703
3433 0 1 2 145 122 0.0163934 0.0150372 0.0149813
3434 0 1 4 105 74 0.0540541 0.0453784 0.0446927
3435 0 1 0 118 101 0 0 0
3436 0 1 3 118 88 0.0340909 0.0294401 0.0291262
3437 0 1 2 112 65 0.0307692 0.0234404 0.0225989
3438 0 1 5 170 108 0.0462963 0.0369006 0.0359712
3439 0 1 8 216 195 0.0410256 0.0389804 0.0389294
3440 0 1 15 251 200 0.075 0.0669483 0.0665189
3441 0 1 17 247 213 0.0798122 0.0741158 0.073913
3442 0 1 23 281 227 0.101322 0.0910672 0.0905512
3443 0 1 27 268 244 0.110656 0.105585 0.105469
3444 0 1 23 301 244 0.0942623 0.0848691 0.0844037
3445 0 1 29 301 254 0.114173 0.104881 0.104505
3446 0 1 36 324 278 0.129496 0.119952 0.119601
3447 0 1 31 313 275 0.112727 0.105663 0.105442
3448 0 1 30 302 247 0.121457 0.109842 0.10929
3449 0 1 30 378 373 0.080429 0.0798953 0.0798935
3450 0 1 43 349 364 0.123209 0.120644 0.120617
3451 0 1 42 355 361 0.11831 0.117323 0.117318
3452 0 1 31 308 335 0.100649 0.0965081 0.096423
3453 0 1 30 291 317 0.103093 0.0987746 0.0986842
3454 0 1 27 285 305 0.0947368 0.0915781 0.0915254
3455 0 1 37 356 424 0.103933 0.0952344 0.0948718
3456 0 1 33 331 383 0.0996979 0.0926831 0.092437
3457 0 1 30 316 367 0.0949367 0.0880937 0.0878477
3458 0 1 28 292 345 0.0958904 0.088218 0.0879121
3459 0 1 20 265 331 0.0754717 0.0675294 0.0671141
3460 0 1 15 251 315 0.059761 0.0533457 0.0530035
3461 0 1 26 252 306 0.103175 0.0936294 0.09319
3462 0 1 14 249 296 0.0562249 0.0515683 0.0513761
3463 0 1 17 235 306 0.0723404 0.0633949 0.0628466
3464 0 1 15 217 279 0.0691244 0.060962 0.0604839
3465 0 1 14 266 373 0.0526316 0.044446 0.0438185
3466 0 1 19 242 319 0.0785124 0.0683834 0.0677362
3467 0 1 19 234 309 0.0811966 0.0706588 0.0699816
3468 0 1 22 238 294 0.092437 0.0831688 0.0827068
3469 0 1 25 233 268 0.107296 0.100045 0.0998004
3470 0 1 21 263 335 0.0798479 0.0707488 0.0702341
3471 0 1 19 245 310 0.077551 0.0689429 0.0684685
3472 0 1 19 237 273 0.0801688 0.0746961 0.0745098
3473 0 1 21 251 250 0.084 0.0838325 0.0838323
3474 0 1 22 233 243 0.0944206 0.0924574 0.092437
3475 0 1 23 288 339 0.0798611 0.0736091 0.0733652
3476 0 1 32 280 305 0.114286 0.109502 0.109402
3477 0 1 32 271 281 0.118081 0.115961 0.115942
3478 0 1 24 268 257 0.0933852 0.0914486 0.0914286
3479 0 1 36 282 218 0.165138 0.145194 0.144
3480 0 1 38 271 208 0.182692 0.160054 0.158664
3481 0 1 35 268 207 0.169082 0.148599 0.147368
3482 0 1 32 258 200 0.16 0.140872 0.139738
3483 0 1 31 234 217 0.142857 0.13757 0.137472
3484 0 1 36 241 203 0.17734 0.162759 0.162162
3485 0 1 45 236 203 0.221675 0.205593 0.205011
3486 0 1 45 213 202 0.222772 0.216944 0.216867
3487 0 1 43 204 184 0.233696 0.221945 0.221649
3488 0 1 39 249 254 0.156627 0.155077 0.15507
3489 0 1 44 220 225 0.2 0.197765 0.197753
3490 0 1 36 216 173 0.208092 0.186231 0.18509
3491 0 1 40 200 157 0.254777 0.225733 0.22409
3492 0 1 36 195 169 0.213018 0.198309 0.197802
3493 0 1 41 198 175 0.234286 0.220258 0.219839
3494 0 1 46 231 227 0.202643 0.200881 0.200873
3495 0 1 49 237 211 0.232227 0.219119 0.21875
3496 0 1 47 232 225 0.208889 0.205713 0.205689
3497 0 1 47 234 206 0.228155 0.21407 0.213636
3498 0 1 57 238 216 0.263889 0.251397 0.251101
3499 0 1 54 238 207 0.26087 0.243288 0.242697
3500 0 1 63 236 197 0.319797 0.292181 0.290993
3501 0 1 56 286 275 0.203636 0.199682 0.199643
3502 0 1 58 260 265 0.223077 0.220962 0.220952
3503 0 1 40 237 242 0.168776 0.167024 0.167015
3504 0 1 39 244 233 0.167382 0.163566 0.163522
3505 0 1 33 230 221 0.149321 0.146371 0.146341
3506 0 1 37 240 207 0.178744 0.166001 0.165548
3507 0 1 39 247 214 0.182243 0.169633 0.169197
3508 0 1 34 247 214 0.158879 0.147885 0.147505
3509 0 1 42 303 311 0.138614 0.136819 0.136808
3510 0 1 39 287 291 0.135889 0.134951 0.134948
3511 0 1 36 305 289 0.124567 0.121256 0.121212
3512 0 1 38 316 305 0.12459 0.122402 0.122383
3513 0 1 39 295 293 0.133106 0.132654 0.132653
3514 0 1 31 303 284 0.109155 0.105677 0.105622
3515 0 1 37 363 421 0.101928 0.0946471 0.0943878
3516 0 1 37 372 426 0.0994624 0.0929449 0.0927318
3517 0 1 37 382 413 0.0968586 0.0931526 0.0930818
3518 0 1 40 352 391 0.113636 0.10782 0.107672
3519 0 1 43 362 380 0.118785 0.115937 0.115903
3520 0 1 32 339 384 0.0943953 0.088692 0.0885201
3521 0 1 42 346 365 0.121387 0.118186 0.118143
3522 0 1 49 342 370 0.143275 0.137747 0.13764
3523 0 1 43 339 346 0.126844 0.125554 0.125547
3524 0 1 44 340 360 0.129412 0.125766 0.125714
3525 0 1 49 347 372 0.14121 0.136383 0.1363
3526 0 1 49 340 342 0.144118 0.143696 0.143695
3527 0 1 44 344 316 0.139241 0.133453 0.133333
3528 0 1 50 345 307 0.162866 0.153635 0.153374
3529 0 1 61 346 310 0.196774 0.186256 0.185976
3530 0 1 46 347 299 0.153846 0.14281 0.142415
3531 0 1 56 339 279 0.200717 0.18209 0.18123
3532 0 1 55 416 369 0.149051 0.140379 0.140127
3533 0 1 45 420 373 0.120643 0.113693 0.113493
3534 0 1 54 423 356 0.151685 0.139155 0.138639
3535 0 1 58 420 351 0.165242 0.15106 0.150454
3536 0 1 61 428 339 0.179941 0.160143 0.159061
3537 0 1 59 454 317 0.18612 0.155523 0.153048
3538 0 1 57 445 294 0.193878 0.157587 0.154263
3539 0 1 53 467 265 0.2 0.150659 0.144809
3540 0 1 58 470 260 0.223077 0.165918 0.158904
3541 0 1 62 488 259 0.239382 0.174394 0.165997
3542 0 1 54 474 238 0.226891 0.160774 0.151685
3543 0 1 44 555 329 0.133739 0.102969 0.0995475
3544 0 1 49 548 290 0.168966 0.122916 0.116945
3545 0 1 40 509 280 0.142857 0.105955 0.101394
3546 0 1 35 532 278 0.125899 0.0910102 0.0864198
3547 0 1 42 513 277 0.151625 0.111417 0.106329
3548 0 1 47 517 277 0.169675 0.124197 0.118388
3549 0 1 44 522 299 0.147157 0.111373 0.107186
3550 0 1 47 498 277 0.169675 0.126545 0.12129
3551 0 1 41 479 270 0.151852 0.114008 0.109479
3552 0 1 39 471 267 0.146067 0.109976 0.105691
3553 0 1 29 452 284 0.102113 0.0809412 0.0788044
3554 0 1 30 442 282 0.106383 0.0849739 0.0828729
3555 0 1 36 412 270 0.133333 0.107937 0.105572
3556 0 1 40 421 273 0.14652 0.117988 0.115274
3557 0 1 49 412 285 0.17193 0.142996 0.140603
3558 0 1 41 425 272 0.150735 0.120588 0.117647
3559 0 1 36 389 260 0.138462 0.113199 0.11094
3560 0 1 57 427 292 0.195205 0.161425 0.158554
3561 0 1 51 407 289 0.176471 0.148704 0.146552
3562 0 1 46 404 295 0.155932 0.133247 0.131617
3563 0 1 53 388 311 0.170418 0.152574 0.151645
3564 0 1 41 395 287 0.142857 0.121771 0.120235
3565 0 1 48 369 299 0.160535 0.144508 0.143713
3566 0 1 43 361 289 0.148789 0.133127 0.132308
3567 0 1 47 382 288 0.163194 0.1417 0.140299
3568 0 1 42 357 301 0.139535 0.128124 0.12766
3569 0 1 39 372 302 0.129139 0.116356 0.115727
3570 0 1 41 356 306 0.133987 0.124222 0.123867
3571 0 1 31 342 301 0.10299 0.0966196 0.096423
3572 0 1 33 367 343 0.0962099 0.0930109 0.0929577
3573 0 1 35 361 297 0.117845 0.10689 0.106383
3574 0 1 29 328 259 0.111969 0.0994973 0.0988075
3575 0 1 24 288 240 0.1 0.0912871 0.0909091
3576 0 1 22 299 231 0.0952381 0.0837107 0.0830189
3577 0 1 19 285 197 0.0964467 0.0801859 0.0788382
3578 0 1 16 250 185 0.0864865 0.0743985 0.0735632
3579 0 1 16 298 269 0.0594796 0.0565114 0.0564374
3580 0 1 14 256 201 0.0696517 0.0617177 0.0612691
3581 0 1 16 248 176 0.0909091 0.076584 0.0754717
3582 0 1 20 238 154 0.12987 0.104467 0.102041
3583 0 1 21 256 126 0.166667 0.116927 0.109948
3584 0 1 17 239 124 0.137097 0.0987505 0.0936639
3585 0 1 21 233 123 0.170732 0.124048 0.117978
3586 0 1 17 286 200 0.085 0.0710806 0.0699589
3587 0 1 18 255 186 0.0967742 0.0826506 0.0816327
3588 0 1 19 268 167 0.113772 0.0898107 0.0873563
3589 0 1 20 248 153 0.130719 0.102674 0.0997506
3590 0 1 18 258 147 0.122449 0.0924281 0.0888889
3591 0 1 16 262 123 0.130081 0.0891285 0.0831169
3592 0 1 17 243 135 0.125926 0.0938596 0.0899471
3593 0 1 18 245 146 0.123288 0.0951728 0.0920716
3594 0 1 20 259 138 0.144928 0.105789 0.100756
3595 0 1 24 255 142 0.169014 0.126124 0.120907
3596 0 1 12 252 124 0.0967742 0.0678844 0.0638298
3597 0 1 24 322 222 0.108108 0.089765 0.0882353
3598 0 1 17 303 199 0.0854271 0.0692311 0.0677291
3599 0 1 25 305 194 0.128866 0.102775 0.1002
3600 0 1 19 262 179 0.106145 0.0877357 0.0861678
3601 0 1 16 267 174 0.091954 0.0742318 0.0725624
3602 0 1 11 248 158 0.0696203 0.0555697 0.0541872
3603 0 1 21 270 165 0.127273 0.0994937 0.0965517
3604 0 1 20 269 159 0.125786 0.0967064 0.0934579
3605 0 1 20 261 146 0.136986 0.102455 0.0982801
3606 0 1 19 253 157 0.121019 0.0953331 0.0926829
3607 0 1 21 249 141 0.148936 0.112075 0.107692
3608 0 1 18 321 197 0.0913706 0.0715792 0.0694981
3609 0 1 29 312 204 0.142157 0.114949 0.112403
3610 0 1 23 302 158 0.14557 0.105292 0.1
3611 0 1 26 297 156 0.166667 0.120791 0.11479
3612 0 1 28 266 141 0.198582 0.14458 0.137592
3613 0 1 25 259 125 0.2 0.138943 0.130208
3614 0 1 22 285 157 0.140127 0.104004 0.0995475
3615 0 1 22 290 150 0.146667 0.105482 0.1
3616 0 1 19 289 140 0.135714 0.0944584 0.0885781
3617 0 1 24 295 137 0.175182 0.119382 0.111111
3618 0 1 18 288 148 0.121622 0.0871857 0.0825688
3619 0 1 26 297 161 0.161491 0.1189 0.113537
3620 0 1 28 299 171 0.163743 0.12383 0.119149
3621 0 1 21 337 183 0.114754 0.0845627 0.0807692
3622 0 1 29 346 203 0.142857 0.109424 0.105647
3623 0 1 33 332 202 0.163366 0.127429 0.123596
3624 0 1 33 345 202 0.163366 0.125005 0.120658
3625 0 1 30 305 193 0.15544 0.12365 0.120482
3626 0 1 35 354 267 0.131086 0.113844 0.112721
3627 0 1 38 358 235 0.161702 0.131011 0.128162
3628 0 1 27 326 242 0.11157 0.0961274 0.0950704
3629 0 1 31 315 226 0.137168 0.116186 0.114603
3630 0 1 29 303 197 0.147208 0.118698 0.116
3631 0 1 31 296 209 0.148325 0.124636 0.122772
3632 0 1 38 288 195 0.194872 0.16035 0.15735
3633 0 1 33 309 260 0.126923 0.116425 0.115993
3634 0 1 21 287 229 0.0917031 0.0819145 0.0813954
3635 0 1 34 270 221 0.153846 0.139188 0.138493
3636 0 1 26 261 206 0.126214 0.112129 0.111349
3637 0 1 37 273 188 0.196809 0.163321 0.160521
3638 0 1 35 276 194 0.180412 0.151256 0.148936
3639 0 1 40 285 187 0.213904 0.173267 0.169492
3640 0 1 31 348 274 0.113139 0.100391 0.0996785
3641 0 1 46 359 262 0.175573 0.149989 0.148148
3642 0 1 44 336 264 0.166667 0.147734 0.146667
3643 0 1 44 330 264 0.166667 0.149071 0.148148
3644 0 1 56 338 238 0.235294 0.197443 0.194444
3645 0 1 57 336 230 0.247826 0.205041 0.201413
3646 0 1 55 346 238 0.231092 0.191662 0.188356
3647 0 1 59 409 394 0.149746 0.146975 0.146949
3648 0 1 63 389 377 0.167109 0.164511 0.164491
3649 0 1 58 395 347 0.167147 0.156662 0.156334
3650 0 1 50 394 353 0.141643 0.134071 0.133869
3651 0 1 54 399 354 0.152542 0.143683 0.143426
3652 0 1 59 409 313 0.188498 0.164899 0.163435
3653 0 1 61 510 421 0.144893 0.131645 0.131042
3654 0 1 60 493 428 0.140187 0.130619 0.130293
3655 0 1 47 481 389 0.120823 0.108655 0.108046
3656 0 1 74 507 405 0.182716 0.163305 0.162281
3657 0 1 62 452 371 0.167116 0.151403 0.150668
3658 0 1 75 479 408 0.183824 0.169654 0.169109
3659 0 1 76 462 400 0.19 0.176792 0.176334
3660 0 1 73 539 521 0.140115 0.137756 0.137736
3661 0 1 78 534 509 0.153242 0.149612 0.149569
3662 0 1 68 525 492 0.138211 0.133797 0.133727
3663 0 1 61 532 496 0.122984 0.11875 0.118677
3664 0 1 69 526 488 0.141393 0.13619 0.136095
3665 0 1 73 494 480 0.152083 0.149913 0.149897
3666 0 1 75 502 450 0.166667 0.157799 0.157563
3667 0 1 73 475 417 0.17506 0.164024 0.163677
3668 0 1 73 535 517 0.141199 0.138804 0.138783
3669 0 1 54 489 472 0.114407 0.112401 0.112383
3670 0 1 61 460 445 0.137079 0.134825 0.134807
3671 0 1 65 479 427 0.152225 0.143725 0.143488
3672 0 1 59 431 390 0.151282 0.143907 0.143727
3673 0 1 77 449 391 0.196931 0.183772 0.183333
3674 0 1 65 503 462 0.140693 0.134837 0.134715
3675 0 1 69 501 435 0.158621 0.147804 0.147436
3676 0 1 73 474 405 0.180247 0.166612 0.166098
3677 0 1 53 473 415 0.127711 0.119625 0.119369
3678 0 1 68 458 384 0.177083 0.162148 0.16152
3679 0 1 60 450 370 0.162162 0.147043 0.146341
3680 0 1 56 457 350 0.16 0.140022 0.138786
3681 0 1 43 498 446 0.0964126 0.0912402 0.0911017
3682 0 1 50 470 414 0.120773 0.11335 0.113122
3683 0 1 45 389 350 0.128571 0.121956 0.121786
3684 0 1 30 368 283 0.106007 0.0929617 0.0921659
3685 0 1 39 312 268 0.145522 0.134871 0.134483
3686 0 1 32 291 213 0.150235 0.128533 0.126984
3687 0 1 36 336 330 0.109091 0.108112 0.108108
3688 0 1 24 304 283 0.0848057 0.0818241 0.0817717
3689 0 1 26 266 250 0.104 0.100824 0.100775
3690 0 1 29 247 250 0.117409 0.116702 0.1167
3691 0 1 22 222 245 0.0990991 0.0943329 0.0942184
3692 0 1 18 241 349 0.0746888 0.0620656 0.061017
3693 0 1 10 198 309 0.050505 0.0404285 0.0394477
3694 0 1 8 179 271 0.0446927 0.0363228 0.0355556
3695 0 1 10 169 267 0.0591716 0.0470762 0.0458716
3696 0 1 7 162 268 0.0432099 0.0335949 0.0325581
3697 0 1 5 164 260 0.0304878 0.0242137 0.0235849
3698 0 1 8 145 284 0.0551724 0.0394227 0.037296
3699 0 1 7 158 279 0.0443038 0.0333401 0.0320366
3700 0 1 11 204 382 0.0539216 0.0394045 0.0375427
3701 0 1 11 198 362 0.0555556 0.0410871 0.0392857
3702 0 1 13 202 316 0.0643564 0.0514546 0.050193
3703 0 1 18 213 277 0.084507 0.0741042 0.0734694
3704 0 1 20 228 252 0.0877193 0.0834377 0.0833333
3705 0 1 14 237 222 0.0630631 0.0610348 0.0610022
3706 0 1 17 223 200 0.085 0.0804973 0.0803782
3707 0 1 26 276 257 0.101167 0.097623 0.097561
3708 0 1 34 265 257 0.132296 0.130283 0.130268
3709 0 1 30 256 231 0.12987 0.123366 0.123203
3710 0 1 19 260 218 0.087156 0.0798066 0.0794979
3711 0 1 20 257 197 0.101523 0.0888854 0.0881057
3712 0 1 32 274 256 0.125 0.120824 0.120755
3713 0 1 35 276 242 0.144628 0.135427 0.135135
3714 0 1 24 294 228 0.105263 0.092698 0.091954
3715 0 1 31 315 244 0.127049 0.111818 0.110912
3716 0 1 27 307 224 0.120536 0.10296 0.101695
3717 0 1 25 310 234 0.106838 0.0928221 0.0919118
3718 0 1 22 306 219 0.100457 0.0849845 0.0838095
3719 0 1 32 344 316 0.101266 0.0970571 0.0969697
3720 0 1 32 309 233 0.137339 0.119259 0.118081
3721 0 1 24 315 251 0.0956175 0.0853531 0.0848057
3722 0 1 24 293 234 0.102564 0.0916578 0.0910816
3723 0 1 29 283 212 0.136792 0.118396 0.117172
3724 0 1 26 276 199 0.130653 0.110941 0.109474
3725 0 1 26 258 208 0.125 0.112236 0.111588
3726 0 1 27 236 200 0.135 0.124278 0.123853
3727 0 1 33 239 207 0.15942 0.148364 0.147982
3728 0 1 40 249 216 0.185185 0.172478 0.172043
3729 0 1 37 233 222 0.166667 0.162685 0.162637
3730 0 1 33 238 230 0.143478 0.141046 0.141026
3731 0 1 32 307 339 0.104235 0.099193 0.0990712
3732 0 1 35 268 282 0.130597 0.127314 0.127273
3733 0 1 38 255 277 0.14902 0.142979 0.142857
3734 0 1 39 250 270 0.156 0.150111 0.15
3735 0 1 37 252 266 0.146825 0.142909 0.142857
3736 0 1 41 260 255 0.160784 0.159231 0.159223
3737 0 1 36 242 235 0.153191 0.15096 0.150943
3738 0 1 43 253 225 0.191111 0.180226 0.179916
3739 0 1 41 242 191 0.21466 0.190704 0.189376
3740 0 1 47 267 273 0.17603 0.174085 0.174074
3741 0 1 40 270 247 0.161943 0.154892 0.154739
3742 0 1 45 261 215 0.209302 0.189965 0.189076
3743 0 1 53 259 232 0.228448 0.216213 0.215886
3744 0 1 55 259 218 0.252294 0.231465 0.230608
3745 0 1 47 249 243 0.193416 0.191071 0.191057
3746 0 1 71 276 235 0.302128 0.278785 0.277887
3747 0 1 58 288 225 0.257778 0.227846 0.226121
3748 0 1 66 296 241 0.273859 0.24711 0.24581
3749 0 1 48 305 248 0.193548 0.174528 0.173599
3750 0 1 58 298 263 0.220532 0.207177 0.206774
3751 0 1 59 292 266 0.221805 0.211699 0.21147
3752 0 1 59 319 253 0.233202 0.207681 0.206294
3753 0 1 52 322 237 0.219409 0.188235 0.186047
3754 0 1 51 326 246 0.207317 0.180092 0.178322
3755 0 1 61 401 269 0.226766 0.18573 0.18209
3756 0 1 57 393 345 0.165217 0.154799 0.154472
3757 0 1 55 407 337 0.163205 0.148508 0.147849
3758 0 1 61 418 324 0.188272 0.165756 0.16442
3759 0 1 65 406 320 0.203125 0.180333 0.179063
3760 0 1 69 412 327 0.211009 0.187986 0.186739
3761 0 1 69 424 339 0.20354 0.181998 0.180865
3762 0 1 72 412 359 0.200557 0.187213 0.18677
3763 0 1 63 400 356 0.176966 0.16695 0.166667
3764 0 1 60 392 370 0.162162 0.157546 0.15748
3765 0 1 56 368 367 0.152589 0.152381 0.152381
3766 0 1 67 370 394 0.181081 0.175479 0.175393
3767 0 1 59 382 393 0.15445 0.152273 0.152258
3768 0 1 76 366 422 0.20765 0.193382 0.192893
3769 0 1 66 371 419 0.177898 0.167398 0.167089
3770 0 1 72 366 428 0.196721 0.181916 0.18136
3771 0 1 65 334 400 0.194611 0.177832 0.177112
3772 0 1 55 331 397 0.166163 0.151724 0.151099
3773 0 1 60 302 361 0.198675 0.181716 0.180995
3774 0 1 57 362 539 0.157459 0.129041 0.126526
3775 0 1 53 324 452 0.16358 0.138495 0.136598
3776 0 1 38 288 393 0.131944 0.112951 0.111601
3777 0 1 45 260 347 0.173077 0.149817 0.14827
3778 0 1 39 243 324 0.160494 0.138992 0.137566
3779 0 1 41 216 293 0.189815 0.162976 0.1611
3780 0 1 42 207 257 0.202899 0.182095 0.181034
3781 0 1 30 190 248 0.157895 0.138203 0.136986
3782 0 1 36 190 241 0.189474 0.168235 0.167053
3783 0 1 30 221 299 0.135747 0.116705 0.115385
3784 0 1 23 201 262 0.114428 0.100226 0.0993521
3785 0 1 31 218 267 0.142202 0.128493 0.127835
3786 0 1 31 205 240 0.15122 0.139759 0.139326
3787 0 1 24 224 237 0.107143 0.104163 0.104121
3788 0 1 25 214 230 0.116822 0.112686 0.112613
3789 0 1 28 274 313 0.10219 0.0956116 0.0954003
3790 0 1 31 270 315 0.114815 0.106298 0.105983
3791 0 1 24 254 290 0.0944882 0.0884291 0.0882353
3792 0 1 25 266 281 0.093985 0.0914421 0.0914077
3793 0 1 21 260 263 0.0807692 0.0803072 0.0803059
3794 0 1 26 250 248 0.104839 0.104419 0.104418
3795 0 1 20 288 339 0.0694444 0.0640079 0.0637958
3796 0 1 20 294 337 0.0680272 0.0635391 0.0633914
3797 0 1 21 269 296 0.0780669 0.0744213 0.0743363
3798 0 1 23 244 271 0.0942623 0.0894434 0.0893204
3799 0 1 23 230 247 0.1 0.0964974 0.0964361
3800 0 1 32 222 226 0.144144 0.142863 0.142857
3801 0 1 26 239 288 0.108787 0.099101 0.0986717
3802 0 1 28 256 251 0.111554 0.110459 0.110454
3803 0 1 20 246 237 0.0843882 0.0828301 0.0828157
3804 0 1 24 225 214 0.11215 0.109374 0.109339
3805 0 1 26 242 191 0.136126 0.120934 0.120092
3806 0 1 25 263 218 0.114679 0.104408 0.10395
3807 0 1 23 230 203 0.1133 0.106443 0.106236
3808 0 1 17 224 203 0.0837438 0.0797218 0.0796253
3809 0 1 21 223 176 0.119318 0.106001 0.105263
3810 0 1 18 215 170 0.105882 0.0941518 0.0935065
3811 0 1 20 224 182 0.10989 0.0990536 0.0985222
3812 0 1 20 207 173 0.115607 0.105687 0.105263
3813 0 1 15 197 164 0.0914634 0.0834519 0.0831025
3814 0 1 15 191 143 0.104895 0.0907625 0.0898204
3815 0 1 19 176 145 0.131034 0.118936 0.11838
3816 0 1 19 166 136 0.139706 0.126453 0.125828
3817 0 1 14 154 137 0.10219 0.0963845 0.0962199
3818 0 1 17 209 210 0.0813397 0.0811458 0.0811456
3819 0 1 22 196 192 0.114583 0.113408 0.113402
3820 0 1 21 179 169 0.12426 0.12074 0.12069
3821 0 1 18 170 150 0.12 0.11272 0.1125
3822 0 1 17 185 151 0.112583 0.101713 0.10119
3823 0 1 17 162 149 0.114094 0.10942 0.109325
3824 0 1 22 247 249 0.0890688 0.0887104 0.0887097
3825 0 1 20 236 230 0.0869565 0.085844 0.0858369
3826 0 1 29 247 255 0.117409 0.115553 0.115538
3827 0 1 29 232 231 0.125541 0.12527 0.12527
3828 0 1 28 234 208 0.134615 0.126917 0.126697
3829 0 1 35 226 217 0.16129 0.158046 0.158014
3830 0 1 34 244 207 0.164251 0.151286 0.150776
3831 0 1 32 239 230 0.13913 0.136486 0.136461
3832 0 1 28 273 326 0.102564 0.0938573 0.0934891
3833 0 1 31 279 297 0.111111 0.107691 0.107639
3834 0 1 34 234 280 0.145299 0.132829 0.132296
3835 0 1 37 238 260 0.155462 0.14874 0.148594
3836 0 1 20 227 257 0.0881057 0.0828038 0.0826446
3837 0 1 27 234 239 0.115385 0.114171 0.114165
3838 0 1 31 281 334 0.11032 0.101189 0.100813
3839 0 1 27 268 293 0.100746 0.0963524 0.0962567
3840 0 1 27 263 264 0.102662 0.102467 0.102467
3841 0 1 32 239 258 0.133891 0.128867 0.128773
3842 0 1 34 230 255 0.147826 0.140393 0.140206
3843 0 1 25 223 232 0.112108 0.109912 0.10989
3844 0 1 22 242 296 0.0909091 0.0821995 0.0817844
3845 0 1 20 206 261 0.0970874 0.0862534 0.0856531
3846 0 1 11 154 189 0.0714286 0.0644765 0.0641399
3847 0 1 12 123 131 0.097561 0.0945351 0.0944882
3848 0 1 13 115 115 0.113043 0.113043 0.113043
3849 0 1 7 116 135 0.0603448 0.0559374 0.0557769
3850 0 1 6 97 83 0.0722892 0.0668692 0.0666667
3851 0 1 3 71 82 0.0422535 0.0393174 0.0392157
3852 0 1 6 72 71 0.084507 0.0839181 0.0839161
3853 0 1 5 86 111 0.0581395 0.0511752 0.0507614
3854 0 1 3 72 97 0.0416667 0.0358979 0.035503
3855 0 1 2 85 79 0.0253165 0.0244066 0.0243902
3856 0 1 4 69 68 0.0588235 0.0583957 0.0583942
3857 0 1 5 96 123 0.0520833 0.0460131 0.0456621
3858 0 1 5 87 95 0.0574713 0.0549982 0.0549451
3859 0 1 6 74 77 0.0810811 0.0794859 0.0794702
3860 0 1 7 100 116 0.07 0.0649934 0.0648148
3861 0 1 5 84 90 0.0595238 0.0575055 0.0574713
3862 0 1 4 78 70 0.0571429 0.0541332 0.0540541
3863 0 1 2 73 65 0.0307692 0.0290343 0.0289855
3864 0 1 3 73 100 0.0410959 0.0351123 0.0346821
3865 0 1 2 59 81 0.0338983 0.0289309 0.0285714
3866 0 1 4 58 68 0.0689655 0.063693 0.0634921
3867 0 1 1 63 89 0.015873 0.0133547 0.0131579
3868 0 1 4 60 86 0.0666667 0.0556846 0.0547945
3869 0 1 4 58 75 0.0689655 0.0606478 0.0601504
3870 0 1 3 72 100 0.0416667 0.0353553 0.0348837
3871 0 1 1 64 91 0.015625 0.0131036 0.0129032
3872 0 1 3 46 70 0.0652174 0.0528681 0.0517241
3873 0 1 1 68 111 0.0147059 0.0115102 0.0111732
3874 0 1 2 53 88 0.0377358 0.0292854 0.0283688
3875 0 1 5 46 69 0.108696 0.0887496 0.0869565
3876 0 1 2 64 81 0.03125 0.0277778 0.0275862
3877 0 1 1 44 71 0.0227273 0.0178914 0.0173913
3878 0 1 1 40 60 0.025 0.0204124 0.02
3879 0 1 1 61 90 0.0163934 0.0134963 0.013245
3880 0 1 1 54 83 0.0185185 0.014937 0.0145985
3881 0 1 2 46 71 0.0434783 0.0349963 0.034188
3882 0 1 0 64 104 0 0 0
3883 0 1 1 60 92 0.0166667 0.0134595 0.0131579
3884 0 1 2 49 69 0.0408163 0.034396 0.0338983
3885 0 1 1 75 116 0.0133333 0.0107211 0.0104712
3886 0 1 1 67 107 0.0149254 0.0118106 0.0114943
3887 0 1 1 49 99 0.0204082 0.0143577 0.0135135
3888 0 1 1 53 131 0.0188679 0.0120012 0.0108696
3889 0 1 2 44 118 0.0454545 0.0277564 0.0246914
3890 0 1 3 29 99 0.103448 0.0559893 0.046875
3891 0 1 1 51 159 0.0196078 0.0111049 0.00952381
3892 0 1 2 49 152 0.0408163 0.0231745 0.0199005
3893 0 1 2 38 132 0.0526316 0.0282391 0.0235294
3894 0 1 1 41 121 0.0243902 0.0141976 0.0123457
3895 0 1 3 36 88 0.0833333 0.0533002 0.0483871
3896 0 1 6 59 168 0.101695 0.0602658 0.0528634
3897 0 1 5 55 134 0.0909091 0.058242 0.0529101
3898 0 1 6 59 133 0.101695 0.0677329 0.0625
3899 0 1 5 46 123 0.108696 0.066472 0.0591716
3900 0 1 5 50 107 0.1 0.0683586 0.0636943
3901 0 1 6 41 95 0.146341 0.0961385 0.0882353
3902 0 1 7 76 152 0.0921053 0.0651283 0.0614035
3903 0 1 6 70 134 0.0857143 0.0619512 0.0588235
3904 0 1 7 65 122 0.107692 0.078607 0.0748663
3905 0 1 7 71 105 0.0985916 0.0810726 0.0795455
3906 0 1 7 58 96 0.12069 0.0938098 0.0909091
3907 0 1 6 89 135 0.0674157 0.0547381 0.0535714
3908 0 1 7 82 129 0.0853659 0.0680607 0.0663507
3909 0 1 10 77 120 0.12987 0.104031 0.101523
3910 0 1 13 73 112 0.178082 0.143772 0.140541
3911 0 1 5 66 117 0.0757576 0.0568991 0.0546448
3912 0 1 8 69 112 0.115942 0.0910031 0.0883978
3913 0 1 13 72 104 0.180556 0.150231 0.147727
3914 0 1 6 56 97 0.107143 0.0814088 0.0784314
3915 0 1 9 86 164 0.104651 0.0757829 0.072
3916 0 1 9 89 154 0.101124 0.0768754 0.0740741
3917 0 1 9 94 150 0.0957447 0.0757937 0.0737705
3918 0 1 8 73 132 0.109589 0.081497 0.0780488
3919 0 1 8 73 119 0.109589 0.0858332 0.0833333
3920 0 1 6 67 113 0.0895522 0.0689564 0.0666667
3921 0 1 6 60 104 0.1 0.0759555 0.0731707
3922 0 1 5 82 149 0.0609756 0.0452345 0.04329
3923 0 1 3 82 148 0.0365854 0.0272322 0.026087
3924 0 1 6 80 117 0.075 0.0620174 0.0609137
3925 0 1 4 72 122 0.0555556 0.042679 0.0412371
3926 0 1 4 111 180 0.036036 0.0282984 0.0274914
3927 0 1 7 94 157 0.0744681 0.0576215 0.0557769
3928 0 1 6 90 136 0.0666667 0.0542326 0.0530973
3929 0 1 7 87 124 0.0804598 0.067395 0.0663507
3930 0 1 8 151 215 0.0529801 0.0443999 0.0437158
3931 0 1 7 140 204 0.05 0.0414208 0.0406977
3932 0 1 6 130 201 0.0461538 0.0371177 0.0362538
3933 0 1 7 126 179 0.0555556 0.0466108 0.0459016
3934 0 1 11 111 163 0.0990991 0.0817782 0.080292
3935 0 1 10 108 154 0.0925926 0.0775403 0.0763359
3936 0 1 8 215 270 0.0372093 0.0332039 0.0329897
3937 0 1 9 208 253 0.0432692 0.0392329 0.0390456
3938 0 1 10 199 238 0.0502513 0.0459499 0.0457666
3939 0 1 9 189 213 0.047619 0.0448561 0.0447761
3940 0 1 15 174 211 0.0862069 0.0782844 0.0779221
3941 0 1 16 161 187 0.0993789 0.0922117 0.091954
3942 0 1 14 165 166 0.0848485 0.0845925 0.0845921
3943 0 1 13 233 273 0.055794 0.0515447 0.0513834
3944 0 1 14 233 254 0.0600858 0.0575484 0.0574949
3945 0 1 14 217 226 0.0645161 0.0632185 0.0632054
3946 0 1 10 228 210 0.047619 0.0457007 0.0456621
3947 0 1 14 222 172 0.0813954 0.0716452 0.071066
3948 0 1 13 212 180 0.0722222 0.0665486 0.0663265
3949 0 1 10 190 164 0.0609756 0.0566502 0.0564972
3950 0 1 13 268 253 0.0513834 0.0499247 0.049904
3951 0 1 13 258 230 0.0565217 0.0533666 0.0532787
3952 0 1 10 232 182 0.0549451 0.0486654 0.0483092
3953 0 1 15 208 170 0.0882353 0.0797692 0.0793651
3954 0 1 18 271 244 0.0737705 0.0699992 0.0699029
3955 0 1 13 251 225 0.0577778 0.0547035 0.0546218
3956 0 1 13 230 173 0.0751445 0.0651713 0.0645161
3957 0 1 7 251 229 0.0305677 0.0291974 0.0291667
3958 0 1 7 222 195 0.0358974 0.0336437 0.0335731
3959 0 1 9 219 268 0.0410959 0.0371495 0.036961
3960 0 1 11 207 195 0.0564103 0.0547508 0.0547264
3961 0 1 8 213 212 0.0377358 0.0376472 0.0376471
3962 0 1 9 239 239 0.0376569 0.0376569 0.0376569
3963 0 1 12 184 172 0.0697674 0.0674541 0.0674157
3964 0 1 9 209 209 0.0430622 0.0430622 0.0430622
3965 0 1 10 191 163 0.0613497 0.0566747 0.0564972
3966 0 1 10 207 190 0.0526316 0.0504241 0.0503778
3967 0 1 8 149 141 0.0567376 0.0551934 0.0551724
3968 0 1 8 142 122 0.0655738 0.0607807 0.0606061
3969 0 1 6 99 78 0.0769231 0.0682789 0.0677966
3970 0 1 2 101 80 0.025 0.0222497 0.0220994
3971 0 1 2 72 47 0.0425532 0.0343807 0.0336134
3972 0 1 2 71 65 0.0307692 0.0294404 0.0294118
3973 0 1 1 100 79 0.0126582 0.0112509 0.0111732
3974 0 1 0 49 41 0 0 0
3975 0 1 0 49 49 0 0 0
3976 0 1 0 51 44 0 0 0
3977 0 1 0 68 62 0 0 0
3978 0 1 0 44 43 0 0 0
3979 0 1 0 51 43 0 0 0
3980 0 1 0 57 58 0 0 0
3981 0 1 0 79 74 0 0 0
3982 0 1 0 96 86 0 0 0
3983 0 1 1 58 53 0.0188679 0.0180363 0.018018
3984 0 1 1 72 59 0.0169492 0.0153429 0.0152672
3985 0 1 2 68 65 0.0307692 0.0300828 0.0300752
3986 0 1 3 90 71 0.0422535 0.0375293 0.0372671
3987 0 1 3 90 63 0.047619 0.039841 0.0392157
3988 0 1 1 98 85 0.0117647 0.0109566 0.010929
3989 0 1 2 138 97 0.0206186 0.0172864 0.0170213
3990 0 1 2 102 57 0.0350877 0.0262296 0.0251572
3991 0 1 2 121 80 0.025 0.0203279 0.0199005
3992 0 1 2 128 96 0.0208333 0.0180422 0.0178571
3993 0 1 2 74 64 0.03125 0.0290619 0.0289855
3994 0 1 1 81 67 0.0149254 0.0135744 0.0135135
3995 0 1 2 88 77 0.025974 0.0242965 0.0242424
3996 0 1 2 67 58 0.0344828 0.0320833 0.032
3997 0 1 2 81 64 0.03125 0.0277778 0.0275862
3998 0 1 1 84 54 0.0185185 0.0148478 0.0144928
3999 0 1 2 101 72 0.0277778 0.0234533 0.0231214
4000 0 1 1 96 55 0.0181818 0.013762 0.013245
4001 0 1 3 98 70 0.0428571 0.0362209 0.0357143
4002 0 1 1 89 64 0.015625 0.01325 0.0130719
4003 0 1 2 102 81 0.0246914 0.0220033 0.0218579
4004 0 1 2 94 62 0.0322581 0.0261981 0.025641
4005 0 1 5 99 70 0.0714286 0.0600625 0.0591716
4006 0 1 7 86 73 0.0958904 0.0883461 0.0880503
4007 0 1 6 96 90 0.0666667 0.0645497 0.0645161
4008 0 1 7 95 82 0.0853659 0.0793102 0.079096
4009 0 1 6 94 93 0.0645161 0.064172 0.0641711
4010 0 1 4 86 66 0.0606061 0.0530932 0.0526316
4011 0 1 4 99 83 0.0481928 0.0441269 0.043956
4012 0 1 3 75 71 0.0422535 0.0411113 0.0410959
4013 0 1 2 84 83 0.0240964 0.0239525 0.0239521
4014 0 1 2 75 81 0.0266667 0.02566 0.025641
4015 0 1 2 87 87 0.0229885 0.0229885 0.0229885
4016 0 1 1 68 69 0.0147059 0.0145989 0.0145985
4017 0 1 3 81 64 0.046875 0.0416667 0.0413793
4018 0 1 2 69 57 0.0350877 0.031891 0.031746
4019 0 1 2 72 66 0.030303 0.0290129 0.0289855
4020 0 1 1 70 54 0.0185185 0.016265 0.016129
4021 0 1 1 78 44 0.0227273 0.0170697 0.0163934
4022 0 1 0 68 35 0 0 0
4023 0 1 0 71 35 0 0 0
4024 0 1 0 53 33 0 0 0
4025 0 1 0 59 35 0 0 0
4026 0 1 1 71 53 0.0188679 0.0163017 0.016129
4027 0 1 0 59 35 0 0 0
4028 0 1 0 72 38 0 0 0
4029 0 1 0 60 24 0 0 0
4030 0 1 0 52 22 0 0 0
4031 0 1 0 58 38 0 0 0
4032 0 1 0 55 35 0 0 0
4033 0 1 0 44 25 0 0 0
4034 0 1 0 63 42 0 0 0
4035 0 1 0 48 36 0 0 0
4036 0 1 0 42 35 0 0 0
4037 0 1 0 41 24 0 0 0
4038 0 1 0 51 42 0 0 0
4039 0 1 0 63 58 0 0 0
4040 0 1 0 51 41 0 0 0
4041 0 1 0 64 39 0 0 0
4042 0 1 0 90 56 0 0 0
4043 0 1 0 69 54 0 0 0
4044 0 1 0 84 60 0 0 0
4045 0 1 0 59 70 0 0 0
4046 0 1 0 57 57 0 0 0
4047 0 1 0 66 52 0 0 0
4048 0 1 0 85 60 0 0 0
4049 0 1 0 96 55 0 0 0
4050 0 1 0 75 62 0 0 0
4051 0 1 0 66 31 0 0 0
4052 0 1 0 58 36 0 0 0
4053 0 1 0 79 45 0 0 0
4054 0 1 0 80 48 0 0 0
4055 0 1 0 46 41 0 0 0
4056 0 1 0 56 52 0 0 0
4057 0 1 0 67 56 0 0 0
4058 0 1 2 46 37 0.0540541 0.0484786 0.0481928
4059 0 1 1 53 32 0.03125 0.0242821 0.0235294
4060 0 1 2 48 25 0.08 0.057735 0.0547945
4061 0 1 1 62 41 0.0243902 0.0198341 0.0194175
4062 0 1 1 38 26 0.0384615 0.0318142 0.03125
4063 0 1 0 48 35 0 0 0
4064 0 1 0 57 53 0 0 0
4065 0 1 0 82 57 0 0 0
4066 0 1 0 82 62 0 0 0
4067 0 1 0 87 56 0 0 0
4068 0 1 0 77 71 0 0 0
4069 0 1 1 63 61 0.0163934 0.0161311 0.016129
4070 0 1 0 68 67 0 0 0
4071 0 1 0 74 73 0 0 0
4072 0 1 0 57 52 0 0 0
4073 0 1 1 59 54 0.0185185 0.0177165 0.0176991
4074 0 1 1 53 59 0.0188679 0.0178828 0.0178571
4075 0 1 0 41 37 0 0 0
4076 0 1 1 60 63 0.0166667 0.016265 0.0162602
4077 0 1 0 44 45 0 0 0
4078 0 1 0 46 72 0 0 0
4079 0 1 1 42 64 0.0238095 0.0192879 0.0188679
4080 0 1 1 50 68 0.02 0.0171499 0.0169492
4081 0 1 1 57 69 0.0175439 0.0159455 0.015873
4082 0 1 1 46 48 0.0217391 0.0212814 0.0212766
4083 0 1 0 67 63 0 0 0
4084 0 1 0 58 54 0 0 0
4085 0 1 2 65 62 0.0322581 0.0315049 0.0314961
4086 0 1 0 59 60 0 0 0
4087 0 1 1 70 67 0.0149254 0.014602 0.0145985
4088 0 1 1 65 57 0.0175439 0.0164288 0.0163934
4089 0 1 0 74 69 0 0 0
4090 0 1 0 58 46 0 0 0
4091 0 1 0 79 63 0 0 0
4092 0 1 0 62 54 0 0 0
4093 0 1 0 73 80 0 0 0
4094 0 1 0 60 62 0 0 0
4095 0 1 0 83 63 0 0 0
4096 0 1 0 67 54 0 0 0
4097 0 1 0 85 66 0 0 0
4098 0 1 0 71 54 0 0 0
4099 0 1 0 98 66 0 0 0
4100 0 1 0 83 51 0 0 0
4101 0 1 0 93 64 0 0 0
4102 0 1 0 72 51 0 0 0
4103 0 1 0 82 77 0 0 0
4104 0 1 0 70 61 0 0 0
4105 0 1 1 86 77 0.012987 0.0122887 0.0122699
4106 0 1 2 76 57 0.0350877 0.0303869 0.0300752
4107 0 1 1 81 64 0.015625 0.0138889 0.0137931
4108 0 1 1 73 56 0.0178571 0.0156403 0.0155039
4109 0 1 2 76 66 0.030303 0.0282391 0.028169
4110 0 1 1 60 55 0.0181818 0.0174078 0.0173913
4111 0 1 4 59 71 0.0677966 0.0618023 0.0615385
4112 0 1 1 39 53 0.025641 0.0219953 0.0217391
4113 0 1 1 45 56 0.0222222 0.0199205 0.019802
4114 0 1 0 26 33 0 0 0
4115 0 1 0 36 48 0 0 0
4116 0 1 1 32 30 0.0333333 0.0322749 0.0322581
4117 0 1 1 53 34 0.0294118 0.0235571 0.0229885
4118 0 1 0 68 37 0 0 0
4119 0 1 1 55 31 0.0322581 0.024218 0.0232558
4120 0 1 0 56 41 0 0 0
4121 0 1 0 45 28 0 0 0
4122 0 1 0 52 42 0 0 0
4123 0 1 0 48 32 0 0 0
4124 0 1 0 52 42 0 0 0
4125 0 1 1 48 30 0.0333333 0.0263523 0.025641
4126 0 1 1 61 50 0.02 0.0181071 0.018018
4127 0 1 1 53 40 0.025 0.0217186 0.0215054
4128 0 1 1 76 47 0.0212766 0.0167319 0.0162602
4129 0 1 1 64 40 0.025 0.0197642 0.0192308
4130 0 1 0 74 46 0 0 0
4131 0 1 1 65 31 0.0322581 0.0222773 0.0208333
4132 0 1 3 84 57 0.0526316 0.0433555 0.0425532
4133 0 1 1 59 42 0.0238095 0.0200886 0.019802
4134 0 1 0 56 48 0 0 0
4135 0 1 0 56 35 0 0 0
4136 0 1 0 58 54 0 0 0
4137 0 1 0 50 36 0 0 0
4138 0 1 1 54 56 0.0185185 0.0181848 0.0181818
4139 0 1 0 49 50 0 0 0
4140 0 1 1 71 61 0.0163934 0.0151952 0.0151515
4141 0 1 0 72 66 0 0 0
4142 0 1 0 68 50 0 0 0
4143 0 1 0 71 65 0 0 0
4144 0 1 0 89 74 0 0 0
4145 0 1 1 58 57 0.0175439 0.017392 0.0173913
4146 0 1 1 84 59 0.0169492 0.0142048 0.013986
4147 0 1 1 67 64 0.015625 0.0152712 0.0152672
4148 0 1 1 55 43 0.0232558 0.0205629 0.0204082
4149 0 1 1 71 52 0.0192308 0.0164577 0.0162602
4150 0 1 1 52 39 0.025641 0.0222058 0.021978
4151 0 1 1 68 48 0.0208333 0.0175035 0.0172414
4152 0 1 2 60 31 0.0645161 0.0463739 0.043956
4153 0 1 0 60 52 0 0 0
4154 0 1 0 72 63 0 0 0
4155 0 1 0 61 51 0 0 0
4156 0 1 1 62 45 0.0222222 0.0189321 0.0186916
4157 0 1 0 43 30 0 0 0
4158 0 1 0 52 43 0 0 0
4159 0 1 1 55 56 0.0181818 0.0180187 0.018018
4160 0 1 0 59 74 0 0 0
4161 0 1 0 62 55 0 0 0
4162 0 1 1 58 70 0.0172414 0.0156941 0.015625
4163 0 1 1 47 53 0.0212766 0.0200361 0.02
4164 0 1 1 52 54 0.0192308 0.0188713 0.0188679
4165 0 1 0 48 37 0 0 0
4166 0 1 0 55 42 0 0 0
4167 0 1 1 60 57 0.0175439 0.0170996 0.017094
4168 0 1 1 40 34 0.0294118 0.0271163 0.027027
4169 0 1 0 50 39 0 0 0
4170 0 1 0 48 39 0 0 0
4171 0 1 0 50 48 0 0 0
4172 0 1 0 64 62 0 0 0
4173 0 1 0 65 69 0 0 0
4174 0 1 0 75 63 0 0 0
4175 0 1 0 68 41 0 0 0
4176 0 1 0 71 57 0 0 0
4177 0 1 0 68 45 0 0 0
4178 0 1 1 84 76 0.0131579 0.0125157 0.0125
4179 0 1 2 66 64 0.03125 0.0307729 0.0307692
4180 0 1 2 95 95 0.0210526 0.0210526 0.0210526
4181 0 1 3 69 77 0.0434783 0.0411577 0.0410959
4182 0 1 2 85 91 0.0235294 0.0227405 0.0227273
4183 0 1 3 118 112 0.0267857 0.0260958 0.026087
4184 0 1 3 97 93 0.0322581 0.0315859 0.0315789
4185 0 1 2 122 105 0.0190476 0.0176708 0.0176211
4186 0 1 1 101 91 0.010989 0.0104308 0.0104167
4187 0 1 3 102 121 0.0294118 0.027004 0.0269058
4188 0 1 4 96 96 0.0416667 0.0416667 0.0416667
4189 0 1 3 94 109 0.0319149 0.0296377 0.0295567
4190 0 1 1 93 91 0.010989 0.0108702 0.0108696
4191 0 1 4 95 102 0.0421053 0.0406348 0.0406091
4192 0 1 4 97 86 0.0465116 0.043795 0.0437158
4193 0 1 4 103 117 0.038835 0.0364375 0.0363636
4194 0 1 3 102 90 0.0333333 0.0313112 0.03125
4195 0 1 3 124 104 0.0288462 0.0264176 0.0263158
4196 0 1 5 112 82 0.0609756 0.052174 0.0515464
4197 0 1 6 136 109 0.0550459 0.0492798 0.0489796
4198 0 1 5 111 107 0.046729 0.0458793 0.0458716
4199 0 1 5 111 118 0.045045 0.0436885 0.0436681
4200 0 1 8 107 111 0.0747664 0.0734069 0.0733945
4201 0 1 2 124 128 0.016129 0.015875 0.015873
4202 0 1 5 99 112 0.050505 0.0474836 0.0473934
4203 0 1 2 116 114 0.0175439 0.017392 0.0173913
4204 0 1 4 120 101 0.039604 0.0363336 0.0361991
4205 0 1 5 132 125 0.04 0.0389249 0.0389105
4206 0 1 4 122 110 0.0363636 0.034529 0.0344828
4207 0 1 6 147 146 0.0410959 0.0409559 0.0409556
4208 0 1 7 131 114 0.0614035 0.0572809 0.0571429
4209 0 1 6 148 120 0.05 0.0450225 0.0447761
4210 0 1 6 135 111 0.0540541 0.0490143 0.0487805
4211 0 1 5 117 92 0.0543478 0.0481929 0.0478469
4212 0 1 7 133 101 0.0693069 0.0603965 0.0598291
4213 0 1 8 115 98 0.0816327 0.0753578 0.0751174
4214 0 1 8 118 108 0.0740741 0.0708659 0.0707965
4215 0 1 8 105 101 0.0792079 0.0776845 0.0776699
4216 0 1 8 84 87 0.0952381 0.0935817 0.0935673
4217 0 1 7 117 128 0.0598291 0.0572005 0.0571429
4218 0 1 5 108 114 0.0462963 0.0450615 0.045045
4219 0 1 5 114 127 0.0438596 0.0415543 0.0414938
4220 0 1 6 110 117 0.0545455 0.0528886 0.0528634
4221 0 1 8 120 145 0.0666667 0.0606478 0.0603774
4222 0 1 3 117 116 0.0258621 0.0257513 0.0257511
4223 0 1 3 95 84 0.0357143 0.033583 0.0335196
4224 0 1 2 112 106 0.0188679 0.0183556 0.0183486
4225 0 1 2 87 93 0.0229885 0.0222346 0.0222222
4226 0 1 5 90 82 0.0609756 0.0582025 0.0581395
4227 0 1 5 85 98 0.0588235 0.0547832 0.0546448
4228 0 1 2 77 86 0.025974 0.0245774 0.0245399
4229 0 1 4 69 71 0.057971 0.0571487 0.0571429
4230 0 1 3 88 93 0.0340909 0.0331618 0.0331492
4231 0 1 4 78 76 0.0526316 0.0519524 0.0519481
4232 0 1 1 96 84 0.0119048 0.0111359 0.0111111
4233 0 1 0 91 74 0 0 0
4234 0 1 1 69 62 0.016129 0.015289 0.0152672
4235 0 1 1 85 83 0.0120482 0.0119056 0.0119048
4236 0 1 3 73 80 0.0410959 0.0392568 0.0392157
4237 0 1 3 90 87 0.0344828 0.0339032 0.0338983
4238 0 1 1 82 81 0.0123457 0.0122702 0.0122699
4239 0 1 1 74 54 0.0185185 0.0158193 0.015625
4240 0 1 2 70 65 0.0307692 0.02965 0.0296296
4241 0 1 2 68 47 0.0425532 0.0353775 0.0347826
4242 0 1 3 56 46 0.0652174 0.0591083 0.0588235
4243 0 1 3 61 70 0.0491803 0.04591 0.0458015
4244 0 1 2 62 73 0.0322581 0.0297285 0.0296296
4245 0 1 1 58 56 0.0178571 0.0175466 0.0175439
4246 0 1 2 62 75 0.0322581 0.0293294 0.0291971
4247 0 1 2 56 57 0.0357143 0.0353996 0.0353982
4248 0 1 3 45 47 0.0666667 0.0652328 0.0652174
4249 0 1 2 51 70 0.0392157 0.0334731 0.0330578
4250 0 1 2 46 55 0.0434783 0.0397621 0.039604
4251 0 1 1 46 44 0.0227273 0.0222277 0.0222222
4252 0 1 1 51 54 0.0196078 0.0190554 0.0190476
4253 0 1 2 47 44 0.0454545 0.04398 0.043956
4254 0 1 1 72 82 0.0138889 0.0130145 0.012987
4255 0 1 1 62 69 0.016129 0.015289 0.0152672
4256 0 1 1 47 62 0.0212766 0.0185249 0.0183486
4257 0 1 2 61 70 0.0327869 0.0306067 0.0305344
4258 0 1 2 58 59 0.0344828 0.0341893 0.034188
4259 0 1 2 65 76 0.0307692 0.0284555 0.0283688
4260 0 1 2 72 65 0.0307692 0.0292353 0.0291971
4261 0 1 2 60 53 0.0377358 0.0354663 0.0353982
4262 0 1 2 83 70 0.0285714 0.0262387 0.0261438
4263 0 1 3 73 67 0.0447761 0.0428966 0.0428571
4264 0 1 3 80 84 0.0375 0.0365962 0.0365854
4265 0 1 2 64 76 0.03125 0.028677 0.0285714
4266 0 1 6 81 95 0.0740741 0.0683986 0.0681818
4267 0 1 6 69 78 0.0869565 0.0817861 0.0816327
4268 0 1 5 63 69 0.0793651 0.075836 0.0757576
4269 0 1 2 85 101 0.0235294 0.0215854 0.0215054
4270 0 1 6 90 93 0.0666667 0.0655826 0.0655738
4271 0 1 7 72 69 0.101449 0.0993133 0.0992908
4272 0 1 5 88 83 0.060241 0.0585045 0.0584795
4273 0 1 2 74 66 0.030303 0.0286182 0.0285714
4274 0 1 5 97 94 0.0531915 0.0523625 0.052356
4275 0 1 5 87 77 0.0649351 0.0610893 0.0609756
4276 0 1 5 111 86 0.0581395 0.0511752 0.0507614
4277 0 1 2 100 77 0.025974 0.0227921 0.0225989
4278 0 1 5 99 85 0.0588235 0.0545058 0.0543478
4279 0 1 5 94 73 0.0684932 0.0603594 0.0598802
4280 0 1 4 96 86 0.0465116 0.0440225 0.043956
4281 0 1 6 95 71 0.084507 0.0730567 0.0722892
4282 0 1 10 93 83 0.120482 0.11382 0.113636
4283 0 1 4 89 69 0.057971 0.0510435 0.0506329
4284 0 1 7 96 77 0.0909091 0.0814174 0.0809249
4285 0 1 12 92 63 0.190476 0.157622 0.154839
4286 0 1 10 98 88 0.113636 0.107683 0.107527
4287 0 1 9 88 76 0.118421 0.110051 0.109756
4288 0 1 13 99 91 0.142857 0.136964 0.136842
4289 0 1 9 85 86 0.105882 0.105265 0.105263
4290 0 1 11 92 104 0.119565 0.112456 0.112245
4291 0 1 10 80 87 0.125 0.119866 0.11976
4292 0 1 12 103 100 0.12 0.11824 0.118227
4293 0 1 6 90 91 0.0666667 0.0662994 0.0662983
4294 0 1 6 84 109 0.0714286 0.0627045 0.0621762
4295 0 1 9 80 86 0.1125 0.108505 0.108434
4296 0 1 5 86 111 0.0581395 0.0511752 0.0507614
4297 0 1 6 65 97 0.0923077 0.0755629 0.0740741
4298 0 1 3 69 116 0.0434783 0.0335326 0.0324324
4299 0 1 4 63 98 0.0634921 0.0509069 0.0496894
4300 0 1 6 77 130 0.0779221 0.05997 0.057971
4301 0 1 3 65 106 0.0461538 0.036142 0.0350877
4302 0 1 3 67 109 0.0447761 0.0351051 0.0340909
4303 0 1 1 56 87 0.0178571 0.0143267 0.013986
4304 0 1 2 76 95 0.0263158 0.0235376 0.0233918
4305 0 1 2 62 88 0.0322581 0.0270765 0.0266667
4306 0 1 0 74 103 0 0 0
4307 0 1 0 56 71 0 0 0
4308 0 1 0 68 73 0 0 0
4309 0 1 2 69 91 0.0289855 0.0252397 0.025
4310 0 1 2 68 68 0.0294118 0.0294118 0.0294118
4311 0 1 0 67 82 0 0 0
4312 0 1 0 50 64 0 0 0
4313 0 1 1 76 79 0.0131579 0.0129056 0.0129032
4314 0 1 0 61 71 0 0 0
4315 0 1 1 72 78 0.0138889 0.013344 0.0133333
4316 0 1 1 70 63 0.015873 0.0150585 0.0150376
4317 0 1 1 78 85 0.0128205 0.0122813 0.0122699
4318 0 1 2 105 118 0.0190476 0.0179678 0.0179372
4319 0 1 1 92 75 0.0133333 0.0120386 0.011976
4320 0 1 2 98 87 0.0229885 0.0216599 0.0216216
4321 0 1 3 91 81 0.037037 0.0349428 0.0348837
4322 0 1 2 99 81 0.0246914 0.0223342 0.0222222
4323 0 1 4 78 75 0.0533333 0.0522976 0.0522876
4324 0 1 3 76 69 0.0434783 0.0414276 0.0413793
4325 0 1 0 58 54 0 0 0
4326 0 1 0 64 64 0 0 0
4327 0 1 1 64 56 0.0178571 0.0167038 0.0166667
4328 0 1 0 70 65 0 0 0
4329 0 1 0 64 53 0 0 0
4330 0 1 1 63 62 0.016129 0.0160005 0.016
4331 0 1 1 57 51 0.0196078 0.0185472 0.0185185
4332 0 1 2 70 68 0.0294118 0.0289886 0.0289855
4333 0 1 3 54 60 0.0555556 0.0527046 0.0526316
4334 0 1 1 65 73 0.0153846 0.0145172 0.0144928
4335 0 1 1 58 56 0.0178571 0.0175466 0.0175439
4336 0 1 1 55 60 0.0181818 0.0174078 0.0173913
4337 0 1 3 54 51 0.0588235 0.0571662 0.0571429
4338 0 1 3 67 55 0.0545455 0.04942 0.0491803
4339 0 1 2 47 39 0.0512821 0.0467142 0.0465116
4340 0 1 1 72 48 0.0208333 0.0170103 0.0166667
4341 0 1 2 51 33 0.0606061 0.0487515 0.047619
4342 0 1 0 62 53 0 0 0
4343 0 1 0 43 41 0 0 0
4344 0 1 1 61 58 0.0172414 0.0168121 0.0168067
4345 0 1 0 50 40 0 0 0
4346 0 1 0 59 48 0 0 0
4347 0 1 0 62 40 0 0 0
4348 0 1 0 54 60 0 0 0
4349 0 1 0 57 50 0 0 0
4350 0 1 0 67 64 0 0 0
4351 0 1 0 52 41 0 0 0
4352 0 1 0 59 48 0 0 0
4353 0 1 0 51 46 0 0 0
4354 0 1 1 53 43 0.0232558 0.0209473 0.0208333
4355 0 1 0 75 52 0 0 0
4356 0 1 0 81 64 0 0 0
4357 0 1 0 106 83 0 0 0
4358 0 1 0 76 64 0 0 0
4359 0 1 0 82 76 0 0 0
4360 0 1 0 93 95 0 0 0
4361 0 1 1 96 107 0.0104167 0.00986671 0.00985222
4362 0 1 0 70 82 0 0 0
4363 0 1 0 82 87 0 0 0
4364 0 1 0 52 54 0 0 0
4365 0 1 0 76 69 0 0 0
4366 0 1 0 54 59 0 0 0
4367 0 1 0 62 74 0 0 0
4368 0 1 0 68 77 0 0 0
4369 0 1 1 74 80 0.0135135 0.0129969 0.012987
4370 0 1 1 78 84 0.0128205 0.0123542 0.0123457
4371 0 1 0 63 76 0 0 0
4372 0 1 0 87 98 0 0 0
4373 0 1 1 68 82 0.0147059 0.0133918 0.0133333
4374 0 1 1 82 115 0.0121951 0.0102978 0.0101523
4375 0 1 0 70 86 0 0 0
4376 0 1 1 83 97 0.0120482 0.0111449 0.0111111
4377 0 1 0 75 89 0 0 0
4378 0 1 3 92 101 0.0326087 0.0311219 0.0310881
4379 0 1 5 79 92 0.0632911 0.0586493 0.0584795
4380 0 1 5 96 95 0.0526316 0.0523567 0.052356
4381 0 1 5 104 99 0.050505 0.049276 0.0492611
4382 0 1 6 124 132 0.0483871 0.0468979 0.046875
4383 0 1 4 115 116 0.0347826 0.0346324 0.034632
4384 0 1 4 100 103 0.04 0.0394132 0.0394089
4385 0 1 9 110 135 0.0818182 0.0738549 0.0734694
4386 0 1 5 99 115 0.050505 0.0468601 0.046729
4387 0 1 9 120 147 0.075 0.0677631 0.0674157
4388 0 1 1 105 127 0.00952381 0.00865971 0.00862069
4389 0 1 9 138 153 0.0652174 0.061938 0.0618557
4390 0 1 6 109 133 0.0550459 0.0498324 0.0495868
4391 0 1 7 146 180 0.0479452 0.0431803 0.0429448
4392 0 1 6 120 157 0.05 0.043713 0.0433213
4393 0 1 6 107 139 0.0560748 0.0491985 0.0487805
4394 0 1 5 156 206 0.0320513 0.0278916 0.0276243
4395 0 1 2 119 172 0.0168067 0.0139795 0.0137457
4396 0 1 6 182 239 0.032967 0.0287685 0.0285036
4397 0 1 3 135 220 0.0222222 0.0174078 0.0169014
4398 0 1 3 121 206 0.0247934 0.0190018 0.0183486
4399 0 1 1 177 271 0.00564972 0.00456592 0.00446429
4400 0 1 0 161 235 0 0 0
4401 0 1 2 146 204 0.0136986 0.0115888 0.0114286
4402 0 1 1 174 270 0.00574713 0.00461364 0.0045045
4403 0 1 5 154 260 0.0324675 0.0249875 0.0241546
4404 0 1 7 151 239 0.0463576 0.0368477 0.0358974
4405 0 1 5 189 298 0.026455 0.0210684 0.0205339
4406 0 1 7 183 286 0.0382514 0.0305978 0.0298507
4407 0 1 10 166 253 0.060241 0.0487962 0.0477327
4408 0 1 12 197 328 0.0609137 0.0472075 0.0457143
4409 0 1 13 197 325 0.0659898 0.051377 0.0498084
4410 0 1 17 173 298 0.0982659 0.0748717 0.0721868
4411 0 1 17 149 274 0.114094 0.0841357 0.0803782
4412 0 1 14 165 339 0.0848485 0.0591952 0.0555556
4413 0 1 12 154 316 0.0779221 0.0543973 0.0510638
4414 0 1 15 136 277 0.110294 0.0772826 0.0726392
4415 0 1 13 175 353 0.0742857 0.0523042 0.0492424
4416 0 1 13 170 320 0.0764706 0.055737 0.0530612
4417 0 1 12 168 306 0.0714286 0.0529256 0.0506329
4418 0 1 15 162 272 0.0925926 0.0714577 0.0691244
4419 0 1 13 175 354 0.0742857 0.0522303 0.0491493
4420 0 1 13 172 331 0.0755814 0.0544835 0.0516899
4421 0 1 14 148 284 0.0945946 0.068287 0.0648148
4422 0 1 13 168 367 0.077381 0.0523547 0.0485981
4423 0 1 13 169 348 0.0769231 0.0536056 0.0502901
4424 0 1 13 160 323 0.08125 0.057185 0.0538302
4425 0 1 9 165 289 0.0545455 0.0412146 0.0396476
4426 0 1 14 169 261 0.0828402 0.0666599 0.0651163
4427 0 1 19 178 293 0.106742 0.0831974 0.0806794
4428 0 1 20 173 283 0.115607 0.0903886 0.0877193
4429 0 1 8 191 286 0.0418848 0.0342287 0.033543
4430 0 1 7 186 265 0.0376344 0.0315296 0.0310421
4431 0 1 9 197 322 0.0456853 0.035734 0.0346821
4432 0 1 11 189 245 0.0582011 0.0511186 0.0506912
4433 0 1 6 201 315 0.0298507 0.023845 0.0232558
4434 0 1 5 195 255 0.025641 0.0224224 0.0222222
4435 0 1 11 196 236 0.0561224 0.0511456 0.0509259
4436 0 1 11 184 271 0.0597826 0.0492605 0.0483516
4437 0 1 11 179 228 0.0614525 0.0544501 0.0540541
4438 0 1 6 158 203 0.0379747 0.0335023 0.033241
4439 0 1 6 146 210 0.0410959 0.0342661 0.0337079
4440 0 1 7 138 184 0.0507246 0.0439288 0.0434783
4441 0 1 3 153 206 0.0196078 0.0168983 0.0167131
4442 0 1 3 147 183 0.0204082 0.018291 0.0181818
4443 0 1 2 138 124 0.016129 0.015289 0.0152672
4444 0 1 5 143 168 0.034965 0.0322587 0.0321543
4445 0 1 10 135 125 0.08 0.07698 0.0769231
4446 0 1 7 120 107 0.0654206 0.0617754 0.061674
4447 0 1 6 145 129 0.0465116 0.0438705 0.0437956
4448 0 1 7 141 109 0.0642202 0.0564645 0.056
4449 0 1 6 149 138 0.0434783 0.0418426 0.0418118
4450 0 1 8 145 121 0.0661157 0.0603967 0.0601504
4451 0 1 9 122 95 0.0947368 0.0835989 0.0829493
4452 0 1 2 159 126 0.015873 0.0141301 0.0140351
4453 0 1 3 139 117 0.025641 0.0235245 0.0234375
4454 0 1 2 122 78 0.025641 0.0205023 0.02
4455 0 1 2 135 151 0.0148148 0.014008 0.013986
4456 0 1 2 125 123 0.0162602 0.0161296 0.016129
4457 0 1 4 118 102 0.0392157 0.0364602 0.0363636
4458 0 1 6 139 152 0.0431655 0.0412783 0.0412371
4459 0 1 10 132 148 0.0757576 0.0715455 0.0714286
4460 0 1 6 109 121 0.0550459 0.0522451 0.0521739
4461 0 1 8 146 158 0.0547945 0.0526726 0.0526316
4462 0 1 5 110 145 0.0454545 0.0395904 0.0392157
4463 0 1 13 293 213 0.0610329 0.0520379 0.0513834
4464 0 1 20 282 183 0.10929 0.08804 0.0860215
4465 0 1 12 202 163 0.0736196 0.066132 0.0657534
4466 0 1 8 198 155 0.0516129 0.0456658 0.0453258
4467 0 1 12 177 153 0.0784314 0.0729204 0.0727273
4468 0 1 15 183 134 0.11194 0.0957885 0.0946372
4469 0 1 18 185 141 0.12766 0.111449 0.110429
4470 0 1 20 210 149 0.134228 0.113065 0.111421
4471 0 1 19 208 155 0.122581 0.105817 0.104683
4472 0 1 24 214 146 0.164384 0.135778 0.133333
4473 0 1 22 217 147 0.14966 0.123178 0.120879
4474 0 1 21 262 183 0.114754 0.0959054 0.094382
4475 0 1 25 219 168 0.14881 0.130336 0.129199
4476 0 1 18 226 148 0.121622 0.0984209 0.0962567
4477 0 1 21 210 142 0.147887 0.121609 0.119318
4478 0 1 21 204 139 0.151079 0.124709 0.122449
4479 0 1 18 204 134 0.134328 0.108869 0.106509
4480 0 1 20 198 127 0.15748 0.126123 0.123077
4481 0 1 27 214 129 0.209302 0.162503 0.157434
4482 0 1 25 267 197 0.126904 0.109006 0.107759
4483 0 1 21 246 178 0.117978 0.100356 0.0990566
4484 0 1 18 221 156 0.115385 0.0969425 0.0954907
4485 0 1 17 218 164 0.103659 0.0899081 0.0890052
4486 0 1 18 223 135 0.133333 0.103742 0.100559
4487 0 1 23 219 152 0.151316 0.126062 0.123989
4488 0 1 21 232 147 0.142857 0.113715 0.110818
4489 0 1 29 232 162 0.179012 0.149588 0.147208
4490 0 1 26 220 142 0.183099 0.147102 0.143646
4491 0 1 28 267 233 0.120172 0.11226 0.112
4492 0 1 27 258 221 0.122172 0.113073 0.112735
4493 0 1 27 262 229 0.117904 0.110229 0.10998
4494 0 1 22 274 227 0.0969163 0.0882134 0.0878244
4495 0 1 26 253 212 0.122642 0.112265 0.111828
4496 0 1 31 256 192 0.161458 0.139827 0.138393
4497 0 1 29 244 197 0.147208 0.132273 0.131519
4498 0 1 32 291 299 0.109966 0.108485 0.108475
4499 0 1 24 279 263 0.0912548 0.0885995 0.0885609
4500 0 1 29 290 272 0.106618 0.103256 0.103203
4501 0 1 28 277 251 0.111554 0.106189 0.106061
4502 0 1 30 270 238 0.12605 0.118345 0.11811
4503 0 1 32 257 222 0.144144 0.13397 0.133612
4504 0 1 40 299 284 0.140845 0.137267 0.137221
4505 0 1 33 285 275 0.12 0.117876 0.117857
4506 0 1 38 285 249 0.15261 0.142647 0.142322
4507 0 1 28 255 242 0.115702 0.112715 0.112676
4508 0 1 42 254 238 0.176471 0.170822 0.170732
4509 0 1 34 266 246 0.138211 0.132914 0.132812
4510 0 1 29 270 225 0.128889 0.117659 0.117172
4511 0 1 38 306 304 0.125 0.124591 0.12459
4512 0 1 29 300 270 0.107407 0.101896 0.101754
4513 0 1 26 297 250 0.104 0.0954169 0.095064
4514 0 1 31 313 269 0.115242 0.106835 0.106529
4515 0 1 33 329 268 0.123134 0.111134 0.110553
4516 0 1 28 391 349 0.0802292 0.0757979 0.0756757
4517 0 1 32 374 297 0.107744 0.0960143 0.09538
4518 0 1 20 380 311 0.0643087 0.0581779 0.0578871
4519 0 1 26 384 334 0.0778443 0.0725996 0.0724234
4520 0 1 36 379 329 0.109422 0.101949 0.101695
4521 0 1 36 395 335 0.107463 0.098965 0.0986301
4522 0 1 32 467 404 0.0792079 0.0736717 0.0734788
4523 0 1 39 437 402 0.0970149 0.0930488 0.0929678
4524 0 1 43 433 373 0.115281 0.106997 0.1067
4525 0 1 43 404 349 0.123209 0.114516 0.11421
4526 0 1 36 372 334 0.107784 0.102131 0.101983
4527 0 1 36 335 285 0.126316 0.116509 0.116129
4528 0 1 28 308 267 0.104869 0.0976398 0.0973913
4529 0 1 21 280 293 0.075 0.0733173 0.0732984
4530 0 1 12 198 187 0.0641711 0.0623631 0.0623377
4531 0 1 11 155 122 0.0901639 0.0799921 0.0794224
4532 0 1 5 116 81 0.0617284 0.051582 0.0507614
4533 0 1 3 86 50 0.06 0.0457496 0.0441176
4534 0 1 3 64 48 0.0625 0.0541266 0.0535714
4535 0 1 5 74 72 0.0694444 0.0684996 0.0684932
4536 0 1 2 55 58 0.0363636 0.0354107 0.0353982
4537 0 1 3 55 47 0.0638298 0.0590053 0.0588235
4538 0 1 3 55 43 0.0697674 0.0616887 0.0612245
4539 0 1 3 43 36 0.0833333 0.0762493 0.0759494
4540 0 1 3 87 53 0.0566038 0.0441798 0.0428571

# ---------- Global Summary ----------
# CorrFrames: 4539
avg_CorrEdges: 9.03944
avg_match_A: 135.999
avg_match_B: 144.756
global_RI_MNR: 0.0664668
global_RI_GNR: 0.064425
global_RI_DICE: 0.0643937

# ---------- Per-Channel Summary ----------
chA: 0 chB: 1 | avgC: 9.03944 avgA: 135.999 avgB: 144.756 MNR: 0.0571998 GNR: 0.0505261 DICE: 0.0499188
