1403637133.288319 0.000227538 -0.000665367 -0.000635393 0.001346160 0.003274200 -0.003786185 0.999986529
1403637133.338319 0.000291250 -0.001098970 -0.000872097 0.000224761 0.004791911 -0.004961848 0.999976158
1403637133.388319 0.001540551 -0.006429852 -0.003734754 -0.003158753 0.007937370 -0.004803344 0.999951959
1403637133.438319 0.001827856 -0.008800444 -0.004654453 -0.006639351 0.010481440 -0.004214994 0.999914169
1403637133.488319 0.000825596 -0.005962461 -0.003133167 -0.009784692 0.010348030 -0.002994836 0.999894083
1403637133.538319 0.001328076 -0.006787239 -0.003682827 -0.014768476 0.012275239 -0.001434128 0.999814570
1403637133.588319 0.001639649 -0.006901943 -0.003590790 -0.019337120 0.014318523 0.000339454 0.999710441
1403637133.638319 0.002227519 -0.007857522 -0.003942810 -0.022623781 0.016843520 0.000897002 0.999601722
1403637133.688319 0.003098536 -0.010030965 -0.004885993 -0.024818825 0.019494027 -0.000615696 0.999501705
1403637133.738319 0.003627253 -0.012401650 -0.005535778 -0.025704052 0.021711869 -0.001232665 0.999433041
1403637133.788319 0.004345133 -0.017115032 -0.007335600 -0.026577972 0.024545124 -0.001448979 0.999344289
1403637133.838319 0.004989248 -0.023653831 -0.009142777 -0.029229572 0.029723210 -0.001550453 0.999129474
1403637133.888319 0.004185266 -0.023918876 -0.008957818 -0.031082099 0.035112765 -0.000295277 0.998899877
1403637133.938319 0.003658271 -0.028147923 -0.009721476 -0.033967018 0.038789183 0.001234524 0.998669147
1403637133.988319 0.003732501 -0.037550535 -0.012109947 -0.036608785 0.042665593 0.000978018 0.998417974
1403637134.038319 0.003126689 -0.047731627 -0.014392288 -0.037800618 0.045895785 -0.000231900 0.998230755
1403637134.088319 0.002389207 -0.044194274 -0.013337376 -0.035052549 0.050383583 -0.003674802 0.998107851
1403637134.138319 0.001847526 -0.053652503 -0.015449164 -0.035269409 0.055929668 -0.007775514 0.997781277
1403637134.188319 0.001332284 -0.063044675 -0.017283499 -0.034141351 0.061874703 -0.012481934 0.997421741
1403637134.238319 0.000553181 -0.072401762 -0.019080613 -0.029587794 0.068032548 -0.016551863 0.997106910
1403637134.288319 0.000356342 -0.073087044 -0.019561356 -0.020950755 0.070008211 -0.017918428 0.997165382
1403637134.338319 -0.000237757 -0.079767689 -0.020902433 -0.013088548 0.070976183 -0.018856002 0.997213840
1403637134.388319 -0.000659294 -0.085156374 -0.021889415 -0.004956288 0.071800120 -0.019042648 0.997224927
1403637134.438319 -0.000812219 -0.088915959 -0.022530880 0.001381442 0.073826768 -0.016782777 0.997128904
1403637134.488319 -0.000982712 -0.090914428 -0.022908349 0.005221495 0.074179925 -0.011774951 0.997161686
1403637134.538319 -0.000742739 -0.090156302 -0.022235654 0.005721537 0.075093694 -0.008352853 0.997125089
1403637134.588319 -0.000285892 -0.087182872 -0.021376977 0.002953834 0.076353967 -0.007446791 0.997048616
1403637134.638319 0.000942109 -0.082041919 -0.019690925 -0.002197727 0.077465557 -0.008753057 0.996954203
1403637134.688319 0.002131447 -0.074881740 -0.017790355 -0.009060972 0.077776216 -0.010479680 0.996874571
1403637134.738319 0.003055562 -0.066461943 -0.015758073 -0.018113000 0.075895004 -0.010799457 0.996892810
1403637134.788319 0.004152209 -0.056924991 -0.013563572 -0.029326148 0.073135071 -0.010985606 0.996830225
1403637134.838319 0.005421574 -0.050677616 -0.011441492 -0.042286292 0.070194915 -0.008189773 0.996602952
1403637134.888319 0.006197176 -0.040591422 -0.009286481 -0.054191343 0.067255400 -0.005182715 0.996249557
1403637134.938319 0.006418348 -0.032638978 -0.007988913 -0.063816860 0.066076286 -0.000431816 0.995771646
1403637134.988319 0.006801980 -0.024798911 -0.006566541 -0.069098160 0.063496701 0.004558465 0.995576620
1403637135.038319 0.007165598 -0.018087432 -0.005416868 -0.071589939 0.062173102 0.007280080 0.995467901
1403637135.088319 0.007369042 -0.012850976 -0.004748241 -0.073062666 0.061250489 0.009078136 0.995403349
1403637135.138319 0.007685074 -0.010126106 -0.004503869 -0.075764284 0.060633026 0.008225813 0.995246589
1403637135.188319 0.007897617 -0.007848941 -0.004451200 -0.080269173 0.060646929 0.006592066 0.994904697
1403637135.238319 0.005698693 0.001149711 -0.002297780 -0.085434161 0.061264161 0.005915436 0.994440913
1403637135.288319 0.005761485 -0.001490905 -0.003084240 -0.092599571 0.062151350 0.005210847 0.993748128
1403637135.338319 0.005724537 -0.007474225 -0.004393768 -0.095234178 0.063825518 0.004552674 0.993396223
1403637135.388319 0.005587890 -0.014632240 -0.005865972 -0.091932394 0.065813437 0.002851580 0.993583858
1403637135.438319 0.005430659 -0.020577420 -0.007077141 -0.082865342 0.068314284 -0.000739665 0.994216263
1403637135.488319 0.005255024 -0.030356254 -0.008897103 -0.072239578 0.071535647 -0.005847563 0.994801462
1403637135.538319 0.004789741 -0.040624373 -0.010734167 -0.061131317 0.073837444 -0.009767657 0.995346963
1403637135.588319 0.006566371 -0.061647456 -0.015158409 -0.054259218 0.077318929 -0.015348251 0.995410562
1403637135.638319 0.004565184 -0.051396661 -0.012631714 -0.038757037 0.081557594 -0.015362591 0.995796263
1403637135.688319 0.003508847 -0.060985647 -0.014804576 -0.028879832 0.084609158 -0.015628250 0.995872974
1403637135.738319 0.002700564 -0.069583185 -0.016489740 -0.020001000 0.085277110 -0.013248747 0.996068418
1403637135.788319 0.003138704 -0.071204320 -0.016634280 -0.010799316 0.084305219 -0.009161908 0.996339381
1403637135.838319 0.003053813 -0.075697333 -0.017367791 -0.005621330 0.084036931 -0.006764725 0.996423841
1403637135.888319 0.002909407 -0.078454375 -0.017829638 -0.002743109 0.083867453 -0.004007152 0.996465087
1403637135.938319 0.003169843 -0.078763954 -0.017547619 -0.002643218 0.084558696 -0.002692494 0.996411383
1403637135.988319 0.003241760 -0.077182792 -0.017041914 -0.004893896 0.083899975 -0.002055276 0.996460080
1403637136.038319 0.003340886 -0.073073149 -0.015783453 -0.008434705 0.082998350 -0.002692424 0.996510386
1403637136.088319 0.003706391 -0.067231916 -0.013780389 -0.013106112 0.083123781 -0.004558817 0.996442616
1403637136.138319 0.004291957 -0.059667539 -0.011216425 -0.018362202 0.083395168 -0.004539928 0.996337056
1403637136.188319 0.004878007 -0.051037028 -0.008459168 -0.025909433 0.084544353 -0.007183161 0.996056914
1403637136.238319 0.004429027 -0.046121612 -0.007129282 -0.036221679 0.084946871 -0.006161059 0.995707810
1403637136.288319 0.004854360 -0.036871370 -0.004726628 -0.047930125 0.084404014 -0.005921201 0.995260596
1403637136.338319 0.005355190 -0.027665975 -0.002543332 -0.060035873 0.084539294 -0.004387152 0.994600177
1403637136.388319 0.005673296 -0.019252893 -0.001044065 -0.072002493 0.082641631 -0.001227699 0.993974090
1403637136.438319 0.005551130 -0.018713063 -0.001279430 -0.085267566 0.080425203 0.001255551 0.993106067
1403637136.488319 0.005615918 -0.014044228 -0.001701566 -0.094995499 0.077289715 0.006261355 0.992453039
1403637136.538319 0.005680951 -0.009779960 -0.001420329 -0.101701260 0.074807823 0.010830675 0.991939187
1403637136.588319 0.005679838 -0.008469352 -0.001500641 -0.106214061 0.073749304 0.012540152 0.991525292
1403637136.638319 0.005706074 -0.008334632 -0.001884536 -0.109076329 0.073338181 0.011821710 0.991253853
1403637136.688319 0.005685948 -0.010533109 -0.002657159 -0.110923089 0.073584162 0.009353692 0.991057038
1403637136.738319 0.004835063 -0.017570047 -0.004488722 -0.111731999 0.073515676 0.009016236 0.990974307
1403637136.788319 0.004418930 -0.024430294 -0.006277946 -0.109419785 0.073542200 0.008097872 0.991238236
1403637136.838319 0.004826728 -0.027869629 -0.006989624 -0.101119056 0.072842136 0.006820250 0.992180645
1403637136.888319 0.004567824 -0.037317194 -0.008997838 -0.091297448 0.074475273 0.004048082 0.993026614
1403637136.938319 0.004331822 -0.047254529 -0.011044946 -0.079959795 0.077551156 0.002798289 0.993772864
1403637136.988319 0.004471148 -0.053729881 -0.012228999 -0.067397743 0.083462022 0.000591377 0.994229019
1403637137.038319 0.004476129 -0.063082092 -0.013916776 -0.055464774 0.088716291 0.000902359 0.994511068
1403637137.088319 0.004289556 -0.069166683 -0.015571983 -0.042793449 0.093454272 0.002344527 0.994700730
1403637137.138319 0.003836057 -0.075899303 -0.017057106 -0.030832417 0.094407119 0.007023280 0.995031297
1403637137.188319 0.003455176 -0.080812536 -0.018270731 -0.020837067 0.093145050 0.011317805 0.995370150
1403637137.238319 0.003986588 -0.078295693 -0.018003276 -0.012033956 0.090982638 0.012166820 0.995705426
1403637137.288319 0.004213890 -0.078890719 -0.017957803 -0.007246684 0.090734713 0.011465237 0.995782733
1403637137.338319 0.004539929 -0.077537365 -0.017396344 -0.003727325 0.090812370 0.010225629 0.995808542
1403637137.388319 0.004781329 -0.074365437 -0.016481344 -0.001822953 0.090004988 0.008778722 0.995900929
1403637137.438319 0.004954520 -0.069592156 -0.014957628 -0.001965255 0.088280328 0.008840040 0.996054530
1403637137.488319 0.005340316 -0.063415371 -0.013076424 -0.006258060 0.088052556 0.006204789 0.996076882
1403637137.538319 0.005277110 -0.060678903 -0.011758900 -0.015256203 0.087861389 0.002282907 0.996013224
1403637137.588319 0.005725620 -0.052458722 -0.009478432 -0.026389841 0.089506917 -0.002310605 0.995633841
1403637137.638319 0.006058365 -0.045217901 -0.007479001 -0.040857811 0.092077941 -0.005687936 0.994896948
1403637137.688319 0.006233894 -0.036796983 -0.005465680 -0.055049840 0.093833894 -0.005665310 0.994048595
1403637137.738319 0.006317453 -0.028753059 -0.003743965 -0.067807987 0.092476696 -0.003306809 0.993397832
1403637137.788319 0.006112580 -0.022825439 -0.002939361 -0.078077748 0.089552321 -0.000293566 0.992917001
1403637137.838319 0.006067136 -0.016358793 -0.002179748 -0.085811518 0.085835963 0.002279823 0.992604315
1403637137.888319 0.006034275 -0.011534777 -0.001986687 -0.093204953 0.081887007 0.003422230 0.992267966
1403637137.938319 0.005295891 -0.012693167 -0.003284960 -0.102583759 0.080685727 0.002307048 0.991443932
1403637137.988319 0.005451309 -0.011571051 -0.003491785 -0.111527495 0.079830453 0.001270633 0.990548849
1403637138.038319 0.005678021 -0.012469508 -0.004032070 -0.119426407 0.079386137 0.001333683 0.989663303
1403637138.088319 0.005707016 -0.014884011 -0.004648202 -0.122628778 0.078165025 0.003847997 0.989362240
1403637138.138319 0.005664588 -0.020377094 -0.005978834 -0.120652236 0.075258628 0.004651299 0.989827037
1403637138.188319 0.005869613 -0.026643917 -0.007385303 -0.114017300 0.073802814 -0.001809689 0.990732014
1403637138.238319 0.006212650 -0.034833211 -0.008969685 -0.102975048 0.077145174 -0.012217712 0.991612554
1403637138.288319 0.006402750 -0.043761007 -0.010523940 -0.087984711 0.080649115 -0.017897574 0.992690325
1403637138.338319 0.006479397 -0.048441011 -0.011569906 -0.069736391 0.084224634 -0.020364635 0.993794918
1403637138.388319 0.006119218 -0.057039466 -0.013210382 -0.051707763 0.088907301 -0.020119358 0.994493306
1403637138.438319 0.006269222 -0.065383852 -0.014629137 -0.035178419 0.094361424 -0.021688174 0.994679868
1403637138.488319 0.005780874 -0.071668573 -0.016017213 -0.021525132 0.099468328 -0.021381225 0.994578063
1403637138.538319 0.006037618 -0.072168753 -0.016423160 -0.009580603 0.102311231 -0.019637287 0.994512439
1403637138.588319 0.005957398 -0.074861445 -0.017002830 -0.002084414 0.104075529 -0.019415241 0.994377673
1403637138.638319 0.006044759 -0.075661242 -0.017178640 0.002318630 0.103484370 -0.018107235 0.994463563
1403637138.688319 0.006142510 -0.074566640 -0.016804954 0.002909709 0.102473103 -0.016999830 0.994586289
1403637138.738319 0.006346605 -0.071652278 -0.015505658 0.001258621 0.100598417 -0.013929174 0.994828820
1403637138.788319 0.006792411 -0.067177415 -0.013680675 -0.003177179 0.100054771 -0.011252767 0.994913220
1403637138.838319 0.007057418 -0.061768126 -0.011821211 -0.010091313 0.101271152 -0.009142537 0.994765699
1403637138.888319 0.007371987 -0.058829568 -0.010090861 -0.019647151 0.101715446 -0.008552738 0.994582713
1403637138.938319 0.007902598 -0.051220745 -0.007719372 -0.027840469 0.099896997 -0.008154141 0.994574785
1403637138.988319 0.008345982 -0.043457996 -0.005154612 -0.033874243 0.094132558 -0.002893559 0.994979024
1403637139.038319 0.008579724 -0.035834178 -0.002782635 -0.039053805 0.087536231 0.002396855 0.995392621
1403637139.088319 0.008509677 -0.028623559 -0.000787851 -0.043221444 0.082025401 0.007404339 0.995665073
1403637139.138319 0.008355821 -0.021979555 0.001002581 -0.047010776 0.077854387 0.010476825 0.995800614
1403637139.188319 0.008123863 -0.015920049 0.002558335 -0.050761301 0.073579639 0.013431594 0.995906055
1403637139.238319 0.007211347 -0.015024242 0.002738001 -0.055064168 0.070950285 0.013107316 0.995872557
1403637139.288319 0.007092585 -0.010949427 0.004005564 -0.055887204 0.068456277 0.012743646 0.996006012
1403637139.338319 0.006976435 -0.007982514 0.005019591 -0.056708988 0.066667840 0.011132736 0.996100187
1403637139.388319 0.007798368 -0.008551836 0.004853121 -0.058132969 0.064605787 0.008053335 0.996183634
1403637139.438319 0.007766178 -0.007158470 0.005388427 -0.057838697 0.060070943 0.005773215 0.996500313
1403637139.488319 0.007678244 -0.006236402 0.005803751 -0.056127738 0.055271182 0.004705817 0.996881485
1403637139.538319 0.007511237 -0.005527009 0.006185103 -0.053597402 0.051442318 0.004831744 0.997224987
1403637139.588319 0.007335736 -0.004933076 0.006564592 -0.050378673 0.049694873 0.004264191 0.997483969
1403637139.638319 0.007203300 -0.004370668 0.006892588 -0.047214076 0.048422799 0.001914696 0.997708559
1403637139.688319 0.007107958 -0.003754208 0.007147555 -0.044659097 0.046651043 0.000503928 0.997912347
1403637139.738319 0.007034341 -0.003202093 0.007344478 -0.043127306 0.045066562 -0.000062666 0.998052597
1403637139.788319 0.007123713 -0.002522912 0.007564256 -0.042457387 0.045025166 -0.000929587 0.998082757
1403637139.838319 0.007278578 -0.002164201 0.007609930 -0.039394107 0.044425149 0.000737227 0.998235464
1403637139.888319 0.007497258 -0.002087518 0.007562326 -0.032015689 0.045152865 0.001354331 0.998466015
1403637139.938319 0.007727073 -0.002003071 0.007521193 -0.026694776 0.047066484 0.003473984 0.998528957
1403637139.988319 0.007841030 -0.001888443 0.007410918 -0.022825308 0.049344484 0.006886047 0.998497248
1403637140.038319 0.007932168 -0.001912076 0.007224493 -0.017878193 0.051524777 0.011249434 0.998448312
1403637140.088319 0.008129198 -0.001923890 0.007032339 -0.012019173 0.054721523 0.010835590 0.998370528
1403637140.138319 0.008234432 -0.001993413 0.006751572 -0.005778220 0.057892695 0.011030632 0.998245180
1403637140.188319 0.008360757 -0.002040727 0.006573111 -0.002830228 0.059629951 0.012207554 0.998141885
1403637140.238319 0.008600593 -0.001881964 0.006533143 -0.004257765 0.062252276 0.012057717 0.997978568
1403637140.288319 0.008772324 -0.001805312 0.006516470 -0.004103997 0.063004009 0.013063812 0.997919321
1403637140.338319 0.008860893 -0.001730756 0.006473782 -0.003456366 0.062737718 0.015591807 0.997902274
1403637140.388319 0.008821613 -0.001790141 0.006462024 -0.003260546 0.062304650 0.017173549 0.997904062
1403637140.438319 0.008848088 -0.001760304 0.006450410 -0.003455976 0.062416174 0.016350087 0.997910261
1403637140.488319 0.008797664 -0.001781291 0.006468057 -0.003237654 0.062186591 0.017464316 0.997906506
1403637140.538319 0.008808573 -0.001779575 0.006449050 -0.003234660 0.062175732 0.017539138 0.997905850
1403637140.588319 0.008744429 -0.001799573 0.006437401 -0.003102108 0.061797317 0.018657712 0.997909486
1403637140.638319 0.008739889 -0.001799133 0.006444847 -0.003122129 0.061806973 0.018556716 0.997910738
1403637140.688319 0.008734945 -0.001801045 0.006452526 -0.003122724 0.061678596 0.018642047 0.997917056
1403637140.738319 0.008742413 -0.001795320 0.006446424 -0.003125311 0.061684035 0.018591709 0.997917652
1403637140.788319 0.008744755 -0.001802064 0.006434889 -0.003120422 0.061609514 0.018684451 0.997920573
1403637140.838319 0.008726905 -0.001805986 0.006440162 -0.003127550 0.061648503 0.018725935 0.997917354
1403637140.888319 0.008736413 -0.001798975 0.006446317 -0.003119998 0.061654110 0.018802742 0.997915566
1403637140.938319 0.008744231 -0.001806738 0.006427232 -0.003121978 0.061689604 0.018686522 0.997915566
1403637140.988319 0.008735355 -0.001805398 0.006426403 -0.003150967 0.061676588 0.018786302 0.997914433
1403637141.038319 0.008734462 -0.001798317 0.006439554 -0.003144835 0.061693598 0.018742787 0.997914195
1403637141.088319 0.008739145 -0.001797447 0.006440331 -0.003112698 0.061658904 0.018791376 0.997915506
1403637141.138319 0.008743256 -0.001806699 0.006427915 -0.003142661 0.061685588 0.018706456 0.997915387
1403637141.188319 0.008734583 -0.001800788 0.006436606 -0.003125308 0.061662614 0.018803183 0.997915030
1403637141.238319 0.008733509 -0.001800281 0.006430473 -0.003127645 0.061663508 0.018742885 0.997916102
1403637141.288319 0.008728137 -0.001804153 0.006451990 -0.003109164 0.061671261 0.018751882 0.997915506
1403637141.338319 0.008733648 -0.001802474 0.006421564 -0.003119009 0.061666995 0.018730069 0.997916162
1403637141.388319 0.008724476 -0.001808160 0.006445534 -0.003122606 0.061682679 0.018718278 0.997915387
1403637141.438319 0.008730100 -0.001796972 0.006444999 -0.003140402 0.061657406 0.018761890 0.997916043
1403637141.488319 0.008725147 -0.001807001 0.006454151 -0.003127827 0.061681077 0.018729707 0.997915268
1403637141.538319 0.008723860 -0.001807569 0.006481435 -0.003131421 0.061665349 0.018771488 0.997915447
1403637141.588319 0.008732697 -0.001806054 0.006447592 -0.003144758 0.061666526 0.018757310 0.997915626
1403637141.638319 0.008737682 -0.001799738 0.006439511 -0.003118687 0.061663259 0.018811898 0.997914851
1403637141.688319 0.008737161 -0.001801196 0.006428429 -0.003093737 0.061648067 0.018859198 0.997914970
1403637141.738319 0.008732640 -0.001798067 0.006425475 -0.003087712 0.061690990 0.018818073 0.997913122
1403637141.788319 0.008735989 -0.001797011 0.006432545 -0.003091268 0.061673157 0.018821141 0.997914135
1403637141.838319 0.008726319 -0.001794409 0.006435605 -0.003066316 0.061689653 0.018844912 0.997912765
1403637141.888319 0.008729754 -0.001799676 0.006444409 -0.003104857 0.061709471 0.018776616 0.997912705
1403637141.938319 0.008724003 -0.001792783 0.006425532 -0.003106251 0.061666835 0.018905958 0.997912884
1403637141.988319 0.008728839 -0.001800182 0.006446929 -0.003078163 0.061696440 0.018823948 0.997912705
1403637142.038319 0.008725381 -0.001789416 0.006425558 -0.003056513 0.061686128 0.018883511 0.997912288
1403637142.088319 0.008735814 -0.001798921 0.006415963 -0.003075026 0.061688136 0.018805638 0.997913539
1403637142.138319 0.008733958 -0.001796170 0.006425648 -0.003091433 0.061674349 0.018876506 0.997913003
1403637142.188319 0.008735413 -0.001804594 0.006449685 -0.003064201 0.061685491 0.018809455 0.997913659
1403637142.238319 0.008729547 -0.001787952 0.006429191 -0.003066471 0.061686549 0.018870464 0.997912467
1403637142.288319 0.008731174 -0.001800470 0.006428526 -0.003073484 0.061679680 0.018863257 0.997913003
1403637142.338319 0.008730628 -0.001795310 0.006418338 -0.003070528 0.061703734 0.018869236 0.997911394
1403637142.388319 0.008732055 -0.001791707 0.006434893 -0.003046536 0.061711784 0.018779196 0.997912705
1403637142.438319 0.008732815 -0.001792365 0.006434512 -0.003072527 0.061663941 0.018888488 0.997913480
1403637142.488319 0.008739683 -0.001798153 0.006425042 -0.003079866 0.061683048 0.018852992 0.997912943
1403637142.538319 0.008725982 -0.001795202 0.006452819 -0.003044835 0.061687764 0.018869719 0.997912467
1403637142.588319 0.008722031 -0.001783513 0.006437442 -0.003048819 0.061714467 0.018840179 0.997911334
1403637142.638319 0.008728179 -0.001790206 0.006427760 -0.003049265 0.061692346 0.018866921 0.997912228
1403637142.688319 0.008728501 -0.001784944 0.006434188 -0.003062615 0.061686877 0.018879345 0.997912288
1403637142.738319 0.008726424 -0.001793918 0.006449942 -0.003058379 0.061709497 0.018838339 0.997911692
1403637142.788319 0.008734751 -0.001797372 0.006447317 -0.003054910 0.061668981 0.018900283 0.997913003
1403637142.838319 0.008723456 -0.001794088 0.006452976 -0.003018918 0.061690640 0.018905757 0.997911692
1403637142.888319 0.008732094 -0.001790158 0.006418901 -0.003017911 0.061666634 0.018911775 0.997913063
1403637142.938319 0.008727627 -0.001798882 0.006424182 -0.003019494 0.061673068 0.018958844 0.997911751
1403637142.988319 0.008716494 -0.001796889 0.006430390 -0.003035257 0.061659928 0.018945934 0.997912765
1403637143.038319 0.008719731 -0.001794469 0.006432308 -0.003009031 0.061675381 0.018931786 0.997912169
1403637143.088319 0.008721829 -0.001797731 0.006446018 -0.003016541 0.061663691 0.018936129 0.997912765
1403637143.138319 0.008722246 -0.001798006 0.006434356 -0.003024335 0.061666783 0.018956868 0.997912169
1403637143.188319 0.008726329 -0.001793647 0.006417307 -0.003015836 0.061660882 0.018956076 0.997912586
1403637143.238319 0.008721241 -0.001787970 0.006413213 -0.003009542 0.061696950 0.018907990 0.997911274
1403637143.288319 0.008721853 -0.001800728 0.006440277 -0.003018457 0.061674621 0.018963842 0.997911572
1403637143.338319 0.008717765 -0.001794734 0.006428044 -0.003014748 0.061667502 0.018923478 0.997912824
1403637143.388319 0.008725795 -0.001794658 0.006436574 -0.003019775 0.061660543 0.018977651 0.997912169
1403637143.438319 0.008715159 -0.001797672 0.006463042 -0.002966006 0.061700914 0.018944236 0.997910500
1403637143.488319 0.008719572 -0.001796620 0.006441196 -0.002951285 0.061711676 0.018959122 0.997909546
1403637143.538319 0.008719037 -0.001784252 0.006412308 -0.003054319 0.061691463 0.019012213 0.997909486
1403637143.588319 0.008726524 -0.001798558 0.006423168 -0.002927568 0.061691340 0.018973108 0.997910619
1403637143.638319 0.008720712 -0.001785493 0.006447531 -0.002984524 0.061689697 0.018987939 0.997910261
1403637143.688319 0.008718883 -0.001789958 0.006427655 -0.003027907 0.061693486 0.018935243 0.997910917
1403637143.738319 0.008721763 -0.001793276 0.006432669 -0.002996417 0.061687846 0.018975202 0.997910619
1403637143.788319 0.008725459 -0.001792795 0.006419167 -0.002969258 0.061672457 0.018957356 0.997911990
1403637143.838319 0.008721313 -0.001790151 0.006424131 -0.003028973 0.061689429 0.018960716 0.997910738
1403637143.888319 0.008719424 -0.001788001 0.006418464 -0.002994608 0.061679222 0.018969949 0.997911274
1403637143.938319 0.008709593 -0.001801226 0.006465394 -0.002986856 0.061495997 0.018931998 0.997923315
1403637143.988319 0.008706737 -0.001789456 0.006476115 -0.003039006 0.061482124 0.018928107 0.997924089
1403637144.038319 0.008695778 -0.001797940 0.006462439 -0.002999095 0.061506130 0.018996323 0.997921407
1403637144.088319 0.008707757 -0.001792265 0.006432659 -0.003010219 0.061545629 0.019042216 0.997918069
1403637144.138319 0.008704266 -0.001799004 0.006468248 -0.003000177 0.061681177 0.019163376 0.997907400
1403637144.188319 0.008717305 -0.001792733 0.006439722 -0.003062396 0.061741307 0.019011101 0.997906387
1403637144.238319 0.008727168 -0.001794291 0.006417235 -0.003101116 0.061718218 0.019202836 0.997904062
1403637144.288319 0.008722898 -0.001788698 0.006418376 -0.003139769 0.061750431 0.019187625 0.997902215
1403637144.338319 0.008716697 -0.001802908 0.006430979 -0.003031906 0.061767459 0.019233320 0.997900665
1403637144.388319 0.008716822 -0.001793737 0.006425425 -0.002971291 0.061696868 0.019198554 0.997905850
1403637144.438319 0.008713243 -0.001800240 0.006435869 -0.002880136 0.061623197 0.019192746 0.997910798
1403637144.488319 0.008702034 -0.001806314 0.006446163 -0.002860357 0.061575219 0.019196598 0.997913718
1403637144.538319 0.008710794 -0.001804194 0.006426434 -0.002848909 0.061572477 0.019163661 0.997914553
1403637144.588319 0.008733617 -0.001790288 0.006441179 -0.002991218 0.061894681 0.019225026 0.997893035
1403637144.638319 0.008722520 -0.001805060 0.006432394 -0.002922758 0.061789479 0.019147322 0.997901261
1403637144.688319 0.008717512 -0.001792905 0.006446975 -0.002988735 0.061766524 0.019197959 0.997901499
1403637144.738319 0.008720527 -0.001795810 0.006443887 -0.002906682 0.061682247 0.018975606 0.997911215
1403637144.788319 0.008720979 -0.001805112 0.006420392 -0.002886142 0.061624497 0.019109080 0.997912288
1403637144.838319 0.008720671 -0.001804735 0.006430809 -0.002875153 0.061609976 0.019019848 0.997914910
1403637144.888319 0.008728004 -0.001792448 0.006426018 -0.002877112 0.061505709 0.019104697 0.997919738
1403637144.938319 0.008713420 -0.001795401 0.006432473 -0.002911294 0.061428986 0.018873051 0.997928798
1403637144.988319 0.008710276 -0.001796665 0.006417371 -0.003053578 0.061209541 0.018879395 0.997941673
1403637145.038319 0.008706379 -0.001797282 0.006448870 -0.003066059 0.061408371 0.018841591 0.997930169
1403637145.088319 0.008717558 -0.001790841 0.006444865 -0.003011179 0.061499882 0.018937904 0.997922897
1403637145.138319 0.008720278 -0.001790625 0.006441319 -0.003072800 0.061638255 0.018895147 0.997914970
1403637145.188319 0.008722362 -0.001793404 0.006445349 -0.003069135 0.061727647 0.018886905 0.997909606
1403637145.238319 0.008717444 -0.001790387 0.006442172 -0.003019806 0.061758656 0.018908678 0.997907400
1403637145.288319 0.008725280 -0.001788200 0.006446992 -0.003055573 0.061762206 0.018956350 0.997906208
1403637145.338319 0.008725157 -0.001792104 0.006433384 -0.003029132 0.061737549 0.018957067 0.997907758
1403637145.388319 0.008724435 -0.001791791 0.006436220 -0.003032175 0.061753400 0.018950306 0.997906923
1403637145.438319 0.008720620 -0.001797968 0.006436314 -0.002996546 0.061742321 0.018907031 0.997908533
1403637145.488319 0.008729946 -0.001788455 0.006444530 -0.002988156 0.061698582 0.018943734 0.997910559
1403637145.538319 0.008723774 -0.001797602 0.006434242 -0.003010155 0.061740909 0.018962052 0.997907519
1403637145.588319 0.008725343 -0.001794048 0.006450979 -0.002991739 0.061722361 0.018905638 0.997909784
1403637145.638319 0.008726851 -0.001796009 0.006426031 -0.003001365 0.061640289 0.018968971 0.997913659
1403637145.688319 0.008723116 -0.001791108 0.006447580 -0.003025236 0.061656032 0.018894937 0.997914016
1403637145.738319 0.008723630 -0.001799116 0.006428779 -0.002995008 0.061628282 0.018940933 0.997914970
1403637145.788319 0.008724112 -0.001795815 0.006445552 -0.002988759 0.061626863 0.018909648 0.997915626
1403637145.838319 0.008726905 -0.001794109 0.006443063 -0.003001372 0.061670128 0.018930189 0.997912526
1403637145.888319 0.008717684 -0.001786508 0.006444225 -0.002994332 0.061683897 0.018923741 0.997911870
1403637145.938319 0.008721665 -0.001799874 0.006425942 -0.003004505 0.061677858 0.018950555 0.997911692
1403637145.988319 0.008720473 -0.001797203 0.006440985 -0.003011047 0.061658017 0.018935209 0.997913182
1403637146.038319 0.008723025 -0.001798847 0.006427663 -0.003006981 0.061650794 0.018945554 0.997913420
1403637146.088319 0.008723140 -0.001787567 0.006438891 -0.003046360 0.061674695 0.018921325 0.997912288
1403637146.138319 0.008723937 -0.001795288 0.006433842 -0.003025079 0.061721630 0.018893605 0.997909963
1403637146.188319 0.008727095 -0.001788454 0.006441425 -0.003029556 0.061726838 0.018787440 0.997911632
1403637146.238319 0.008760562 -0.001787729 0.006439045 -0.003014747 0.062001478 0.018292243 0.997903883
1403637146.288319 0.008733082 -0.001801061 0.006453658 -0.002907968 0.061602108 0.019021774 0.997915268
1403637146.338319 0.008748562 -0.001793736 0.006446604 -0.002963613 0.061829951 0.018445188 0.997911811
1403637146.388319 0.008722273 -0.001798398 0.006450990 -0.002940566 0.061652027 0.018943232 0.997913599
1403637146.438319 0.008750020 -0.001792719 0.006444142 -0.003050928 0.061811689 0.018497525 0.997911751
1403637146.488319 0.008726223 -0.001804777 0.006424336 -0.003013353 0.061679512 0.018961539 0.997911334
1403637146.538319 0.008737873 -0.001795718 0.006438492 -0.003009308 0.061811108 0.018604925 0.997909904
1403637146.588319 0.008721485 -0.001798257 0.006443309 -0.003003043 0.061680820 0.019000776 0.997910559
1403637146.638319 0.008738471 -0.001802289 0.006432870 -0.003004274 0.061798133 0.018671554 0.997909486
1403637146.688319 0.008722318 -0.001794285 0.006448926 -0.002983271 0.061678808 0.018939417 0.997911870
1403637146.738319 0.008736486 -0.001799731 0.006425579 -0.003041121 0.061781738 0.018728927 0.997909307
1403637146.788319 0.008723379 -0.001798429 0.006444617 -0.002999539 0.061691869 0.018886413 0.997912049
1403637146.838319 0.008732893 -0.001791823 0.006437971 -0.002981422 0.061762050 0.018739522 0.997910500
1403637146.888319 0.008725565 -0.001798859 0.006429684 -0.003000323 0.061729133 0.018758630 0.997912169
1403637146.938319 0.008739021 -0.001795483 0.006430341 -0.003018171 0.061740264 0.018735887 0.997911811
1403637146.988319 0.008732913 -0.001799104 0.006427726 -0.002977541 0.061780415 0.018653782 0.997910976
1403637147.038319 0.008736651 -0.001797428 0.006439153 -0.003018177 0.061709534 0.018749477 0.997913480
1403637147.088319 0.008732051 -0.001799355 0.006436432 -0.003029868 0.061754253 0.018740015 0.997910857
1403637147.138319 0.008739090 -0.001799742 0.006440398 -0.003029411 0.061788946 0.018713517 0.997909188
1403637147.188319 0.008734438 -0.001801473 0.006429743 -0.003017537 0.061800305 0.018719053 0.997908413
1403637147.238319 0.008738358 -0.001792719 0.006439305 -0.002992002 0.061800808 0.018706126 0.997908711
1403637147.288319 0.008738139 -0.001801055 0.006435377 -0.003025952 0.061767071 0.018747211 0.997909904
1403637147.338319 0.008735930 -0.001797795 0.006426877 -0.002998768 0.061778191 0.018707128 0.997910082
1403637147.388319 0.008730644 -0.001801074 0.006436274 -0.003030491 0.061719328 0.018798601 0.997911930
1403637147.438319 0.008739403 -0.001797081 0.006423904 -0.003026119 0.061780952 0.018655222 0.997910798
1403637147.488319 0.008726378 -0.001798648 0.006432422 -0.003024176 0.061738029 0.018709378 0.997912467
1403637147.538319 0.008734648 -0.001790160 0.006432258 -0.002991347 0.061747331 0.018602936 0.997913957
1403637147.588319 0.008728229 -0.001799805 0.006437193 -0.002985931 0.061709456 0.018745299 0.997913659
1403637147.638319 0.008741114 -0.001797725 0.006435503 -0.002991874 0.061765153 0.018585565 0.997913182
1403637147.688319 0.008734885 -0.001803465 0.006425934 -0.002977165 0.061713770 0.018706379 0.997914135
1403637147.738319 0.008735293 -0.001802208 0.006432396 -0.002973706 0.061750907 0.018674079 0.997912467
1403637147.788319 0.008739753 -0.001804123 0.006434995 -0.003015984 0.061706364 0.018725218 0.997914135
1403637147.838319 0.008731102 -0.001802248 0.006437895 -0.002970005 0.061770916 0.018665662 0.997911394
1403637147.888319 0.008740690 -0.001803659 0.006435067 -0.003022628 0.061723035 0.018768312 0.997912288
1403637147.938319 0.008740151 -0.001802820 0.006435787 -0.003008504 0.061756901 0.018658826 0.997912288
1403637147.988319 0.008740771 -0.001801478 0.006427695 -0.002992389 0.061704107 0.018741308 0.997914016
1403637148.038319 0.008735436 -0.001804826 0.006428268 -0.002986387 0.061771397 0.018680887 0.997911036
1403637148.088319 0.008734414 -0.001805012 0.006429396 -0.002966687 0.061760049 0.018717328 0.997911096
1403637148.138319 0.008736153 -0.001796889 0.006446140 -0.002924617 0.061810922 0.018649096 0.997909367
1403637148.188319 0.008743250 -0.001800977 0.006445770 -0.002900335 0.061746106 0.018708004 0.997912347
1403637148.238319 0.008736052 -0.001801272 0.006417677 -0.003012063 0.061649404 0.018607484 0.997919858
1403637148.288319 0.008737689 -0.001812155 0.006426115 -0.002947248 0.061604988 0.018664708 0.997921765
1403637148.338319 0.008737929 -0.001803911 0.006435162 -0.003093353 0.061592594 0.018536074 0.997924447
1403637148.388319 0.008733484 -0.001802433 0.006420731 -0.003008922 0.061509658 0.018633785 0.997927964
1403637148.438319 0.008720207 -0.001806230 0.006415193 -0.003021217 0.061419219 0.018558767 0.997934937
1403637148.488319 0.008733440 -0.001793764 0.006429620 -0.003113253 0.061317537 0.018504268 0.997941911
1403637148.538319 0.008726841 -0.001797850 0.006418361 -0.003133637 0.061202191 0.018511152 0.997948825
1403637148.588319 0.008731702 -0.001796708 0.006408682 -0.003198666 0.061029911 0.018409954 0.997960985
1403637148.638319 0.008710625 -0.001784680 0.006385488 -0.003565389 0.060643114 0.018265821 0.997986019
1403637148.688319 0.008709315 -0.001790650 0.006354040 -0.003579688 0.060157381 0.018325714 0.998014271
1403637148.738319 0.008720261 -0.001775126 0.006349689 -0.003817079 0.059960637 0.017998260 0.998031139
1403637148.788319 0.008713136 -0.001777481 0.006353602 -0.003887737 0.059626136 0.018253786 0.998046279
1403637148.838319 0.008711735 -0.001770697 0.006324081 -0.004016255 0.059496310 0.017878512 0.998060346
1403637148.888319 0.008703738 -0.001768387 0.006306145 -0.004303216 0.058925975 0.017933240 0.998091996
1403637148.938319 0.008706521 -0.001761660 0.006270733 -0.004428052 0.058637816 0.017702693 0.998112559
1403637148.988319 0.008694503 -0.001764168 0.006279501 -0.004495630 0.058268677 0.017802048 0.998132050
1403637149.038319 0.008693049 -0.001755201 0.006247890 -0.004779384 0.058096923 0.017405758 0.998147786
1403637149.088319 0.008694150 -0.001749489 0.006249410 -0.004769234 0.057727247 0.017489973 0.998167813
1403637149.138319 0.008689438 -0.001740353 0.006224939 -0.004987129 0.057498850 0.017401494 0.998181462
1403637149.188319 0.008718432 -0.001734289 0.006206547 -0.005090143 0.057186864 0.017200217 0.998202324
1403637149.238319 0.008703548 -0.001742095 0.006183607 -0.005090555 0.056979228 0.017164771 0.998214841
1403637149.288319 0.008707833 -0.001734192 0.006172447 -0.005187656 0.056588065 0.017081544 0.998237967
1403637149.338319 0.008704026 -0.001730095 0.006152706 -0.005357830 0.056210592 0.016977524 0.998260200
1403637149.388319 0.008717122 -0.001725840 0.006132604 -0.005560544 0.055774573 0.016756484 0.998287261
1403637149.438319 0.008714671 -0.001717240 0.006092413 -0.005757258 0.055137321 0.016462959 0.998326480
1403637149.488319 0.008719928 -0.001704125 0.006065409 -0.006163966 0.054350961 0.016072378 0.998373508
1403637149.538319 0.008729309 -0.001687279 0.006053350 -0.006761408 0.053820375 0.015508190 0.998407304
1403637149.588319 0.008761230 -0.001642268 0.005991382 -0.008884307 0.051908799 0.014002481 0.998514116
1403637149.638319 0.008785193 -0.001526195 0.005833700 -0.013577534 0.048126467 0.011429183 0.998683572
1403637149.688319 0.008800501 -0.001400074 0.005601968 -0.017430538 0.042577062 0.008377457 0.998906016
1403637149.738319 0.008924897 -0.001310214 0.005464082 -0.019032370 0.040014978 0.006636120 0.998995781
1403637149.788319 0.009097816 -0.001260850 0.005393143 -0.022935344 0.037719805 0.007059249 0.999000192
1403637149.838319 0.009258522 -0.001291401 0.005280018 -0.028196732 0.036081024 0.006506685 0.998929799
1403637149.888319 0.009671956 -0.001271818 0.005087317 -0.036830619 0.035469156 0.007597154 0.998662949
1403637149.938319 0.010290436 -0.001284905 0.004800325 -0.045821134 0.036480047 0.004870739 0.998271465
1403637149.988319 0.011038019 -0.001435702 0.004488701 -0.056686904 0.037939642 0.000175570 0.997670889
1403637150.038319 0.011914436 -0.001902678 0.004162908 -0.066421241 0.040842474 -0.006798560 0.996932209
1403637150.088319 0.012745460 -0.002690756 0.003819599 -0.075174876 0.044426467 -0.012422417 0.996102750
1403637150.138319 0.014091068 -0.003974448 0.003816038 -0.080882803 0.047815941 -0.017169006 0.995427966
1403637150.188319 0.014154033 -0.005221874 0.003739498 -0.082258932 0.051451471 -0.020381277 0.995073259
1403637150.238319 0.015462862 -0.007104591 0.004196962 -0.081207260 0.054601237 -0.022216825 0.994952500
1403637150.288319 0.016895149 -0.009608023 0.005017129 -0.077223122 0.057139046 -0.022577537 0.995119035
1403637150.338319 0.018247863 -0.012283575 0.005959491 -0.073027633 0.059484698 -0.022170562 0.995307505
1403637150.388319 0.019629696 -0.015308652 0.007263894 -0.064488642 0.060822159 -0.019794056 0.995866537
1403637150.438319 0.020976204 -0.018313030 0.008564884 -0.057889346 0.062384710 -0.018289199 0.996204078
1403637150.488319 0.023993306 -0.020107936 0.011156860 -0.052901614 0.063770033 -0.017711580 0.996404111
1403637150.538319 0.025039203 -0.023138644 0.012408916 -0.049912307 0.065891109 -0.017018888 0.996432364
1403637150.588319 0.026405629 -0.025871523 0.014071183 -0.048724547 0.067446209 -0.016811166 0.996390641
1403637150.638319 0.027816758 -0.028554227 0.015766853 -0.047173839 0.068680644 -0.016264245 0.996390045
1403637150.688319 0.029283147 -0.031193957 0.017334549 -0.046734679 0.069778301 -0.016061043 0.996337712
1403637150.738319 0.029920092 -0.034204241 0.018287808 -0.046806835 0.071009047 -0.016477410 0.996240616
1403637150.788319 0.031161662 -0.036671381 0.020003110 -0.046309046 0.071914278 -0.016738301 0.996194601
1403637150.838319 0.032496955 -0.039102510 0.021882737 -0.044708729 0.072915442 -0.017624490 0.996179640
1403637150.888319 0.033814471 -0.041559700 0.023774151 -0.040930033 0.073472567 -0.018376971 0.996287525
1403637150.938319 0.035054449 -0.043914340 0.025691729 -0.036930628 0.073705077 -0.018731089 0.996420026
1403637150.988319 0.036164626 -0.046171281 0.027604254 -0.033052318 0.073767141 -0.019141937 0.996543825
1403637151.038319 0.037279181 -0.048210058 0.029202705 -0.029798731 0.073475368 -0.019549239 0.996660054
1403637151.088319 0.035850145 -0.045721993 0.028934289 -0.025138400 0.073676139 -0.020564927 0.996753216
1403637151.138319 0.036866136 -0.047261864 0.030701736 -0.020901410 0.073261388 -0.021451609 0.996862948
1403637151.188319 0.037904065 -0.048665680 0.032477625 -0.019839760 0.072390787 -0.021893175 0.996938646
1403637151.238319 0.038674776 -0.050175168 0.033741992 -0.022698579 0.071725540 -0.021443006 0.996935487
1403637151.288319 0.039703865 -0.051878456 0.035112377 -0.026239924 0.070150256 -0.019852936 0.996993601
1403637151.338319 0.040302653 -0.053912226 0.035936184 -0.030497309 0.068202235 -0.016154001 0.997074425
1403637151.388319 0.040873013 -0.056300744 0.036774531 -0.034336340 0.065648362 -0.010383015 0.997197807
1403637151.438319 0.041202124 -0.058224481 0.036762990 -0.037164543 0.063833617 -0.005614143 0.997252464
1403637151.488319 0.042075161 -0.061117392 0.037257519 -0.039155260 0.063825376 -0.007665934 0.997163177
1403637151.538319 0.043029156 -0.064091526 0.037758257 -0.040392343 0.063587032 -0.008676275 0.997120738
1403637151.588319 0.043701053 -0.066182591 0.038486909 -0.040635757 0.063846566 -0.010608693 0.997075617
1403637151.638319 0.044638973 -0.068618298 0.039250795 -0.040916469 0.063897863 -0.012612382 0.997037530
1403637151.688319 0.045757636 -0.070924923 0.039937984 -0.040437967 0.063899048 -0.014181518 0.997035921
1403637151.738319 0.046789326 -0.072816849 0.040248059 -0.041294903 0.064023271 -0.015250836 0.996976972
1403637151.788319 0.047834102 -0.074745648 0.040985536 -0.041708555 0.063951790 -0.016141195 0.996950328
1403637151.838319 0.049045935 -0.076400839 0.041784659 -0.041735094 0.063720815 -0.016863463 0.996952057
1403637151.888319 0.050280459 -0.077673294 0.042800989 -0.041495033 0.063844204 -0.017922942 0.996935725
1403637151.938319 0.051230159 -0.079059318 0.043707959 -0.041954167 0.064195745 -0.018816549 0.996877432
1403637151.988319 0.052470058 -0.080279008 0.044854347 -0.041865535 0.063740298 -0.018673221 0.996913075
1403637152.038319 0.053748943 -0.081953995 0.045539867 -0.042127695 0.063206993 -0.018286193 0.996943176
1403637152.088319 0.054311246 -0.083493903 0.046037491 -0.042715624 0.062807262 -0.017617423 0.996955454
1403637152.138319 0.055323929 -0.085493803 0.046745740 -0.043590214 0.062483162 -0.016803179 0.996951997
1403637152.188319 0.056504384 -0.087538660 0.047397599 -0.044570290 0.062324099 -0.016069761 0.996930718
1403637152.238319 0.057585686 -0.089138910 0.048415102 -0.045299109 0.061888095 -0.014789736 0.996944845
1403637152.288319 0.058943007 -0.090691648 0.049366206 -0.046074186 0.061690509 -0.014519516 0.996925533
1403637152.338319 0.059990138 -0.091994748 0.050562881 -0.047236040 0.061246365 -0.012882808 0.996921062
1403637152.388319 0.061520651 -0.093006574 0.051659357 -0.046798460 0.061082892 -0.013642907 0.996941626
1403637152.438319 0.062963165 -0.093913518 0.052884482 -0.047303274 0.060915135 -0.013555897 0.996929228
1403637152.488319 0.064045124 -0.094612971 0.054487627 -0.047621235 0.061171610 -0.014440034 0.996886015
1403637152.538319 0.064694494 -0.094848529 0.055757139 -0.047334701 0.061194722 -0.014610628 0.996895730
1403637152.588319 0.066019095 -0.095089681 0.057260904 -0.047858302 0.061564293 -0.015337405 0.996837080
1403637152.638319 0.067387424 -0.095140383 0.059044369 -0.046875391 0.061594531 -0.015427043 0.996880531
1403637152.688319 0.068936899 -0.095444486 0.060384907 -0.046308450 0.061639875 -0.015350482 0.996905446
1403637152.738319 0.070489578 -0.095633090 0.062222417 -0.044393644 0.061406206 -0.014856169 0.997014403
1403637152.788319 0.071813568 -0.096090548 0.063934132 -0.041715261 0.060438000 -0.012617953 0.997220099
1403637152.838319 0.073444054 -0.096699908 0.065651745 -0.039087817 0.060080849 -0.011832713 0.997357666
1403637152.888319 0.074977763 -0.097734682 0.067010716 -0.036861952 0.059750337 -0.011754570 0.997463226
1403637152.938319 0.076743864 -0.098808669 0.068300091 -0.035030063 0.059645623 -0.013004805 0.997520030
1403637152.988319 0.078451142 -0.100209549 0.069559477 -0.034855306 0.059651293 -0.013690072 0.997516632
1403637153.038319 0.079862513 -0.101541385 0.071328148 -0.034220114 0.059663836 -0.014380317 0.997528136
1403637153.088319 0.081713654 -0.102823675 0.072260626 -0.034989040 0.060289659 -0.015428320 0.997448206
1403637153.138319 0.083372787 -0.104201287 0.073498890 -0.036147796 0.060628545 -0.016354362 0.997371554
1403637153.188319 0.084428228 -0.105236635 0.074276268 -0.037829462 0.061065588 -0.016762884 0.997275770
1403637153.238319 0.086173788 -0.106034629 0.075603023 -0.038967092 0.061751958 -0.018416453 0.997160494
1403637153.288319 0.087917492 -0.106646314 0.076765679 -0.039524462 0.062152922 -0.019334374 0.997096300
1403637153.338319 0.089539863 -0.107135810 0.078033179 -0.039526753 0.062596016 -0.020327015 0.997048736
1403637153.388319 0.091370717 -0.107505694 0.079350859 -0.040135052 0.063119262 -0.021445120 0.996968031
1403637153.438319 0.092997529 -0.107970506 0.080693662 -0.041209444 0.063277297 -0.022026699 0.996901512
1403637153.488319 0.094776019 -0.108644038 0.081862971 -0.042982120 0.063726693 -0.022937981 0.996777475
1403637153.538319 0.096317932 -0.109515488 0.083157301 -0.045401145 0.064056642 -0.023138145 0.996644437
1403637153.588319 0.097682498 -0.110442683 0.084359027 -0.046630356 0.063720800 -0.022156848 0.996631503
1403637153.638319 0.099197879 -0.111813463 0.085436016 -0.047159553 0.063815042 -0.022658600 0.996589303
1403637153.688319 0.100779444 -0.113446958 0.086531833 -0.045713823 0.063380152 -0.022289939 0.996692717
1403637153.738319 0.102114357 -0.115465745 0.087520055 -0.044770647 0.063804172 -0.023058247 0.996690989
1403637153.788319 0.103150740 -0.117531694 0.088837162 -0.042103983 0.063883394 -0.022882322 0.996806204
1403637153.838319 0.104483746 -0.119313776 0.090026639 -0.040370770 0.063344203 -0.021513218 0.996942759
1403637153.888319 0.105602369 -0.120781228 0.091315635 -0.039511696 0.063759163 -0.021958159 0.996941030
1403637153.938319 0.106879577 -0.122043729 0.092535228 -0.037889045 0.063969731 -0.022469288 0.996979177
1403637153.988319 0.108147234 -0.122906268 0.093845479 -0.037013121 0.063690662 -0.021521766 0.997050822
1403637154.038319 0.109127030 -0.123507611 0.095069967 -0.037733462 0.063716836 -0.021466317 0.997023344
1403637154.088319 0.110207081 -0.123849198 0.096516147 -0.039648630 0.063151829 -0.019505907 0.997025251
1403637154.138319 0.111512303 -0.123797722 0.097816557 -0.044000190 0.061708521 -0.015065866 0.997010052
1403637154.188319 0.112473644 -0.123823315 0.099431932 -0.050051160 0.059446536 -0.006752365 0.996953070
1403637154.238319 0.113781102 -0.123629779 0.100838028 -0.054324217 0.057168175 0.001681992 0.996884048
1403637154.288319 0.115098938 -0.123325616 0.102618113 -0.058283530 0.055516664 0.007923298 0.996723711
1403637154.338319 0.116620138 -0.122960314 0.104435176 -0.060044866 0.054848056 0.010992593 0.996627033
1403637154.388319 0.118663587 -0.122234404 0.106461197 -0.059333254 0.055965766 0.008431855 0.996632457
1403637154.438319 0.120697603 -0.121661015 0.108706079 -0.055341866 0.057625644 0.004366327 0.996793568
1403637154.488319 0.122912288 -0.120881818 0.111023411 -0.050498042 0.059322156 0.000088825 0.996960759
1403637154.538319 0.125263408 -0.120305955 0.113256566 -0.047489271 0.061202884 -0.003938614 0.996987164
1403637154.588319 0.127834186 -0.119807757 0.115733348 -0.046627402 0.063561454 -0.008353130 0.996853054
1403637154.638319 0.130188823 -0.119428560 0.118071385 -0.048291057 0.066574603 -0.013511946 0.996520519
1403637154.688319 0.133053333 -0.118762538 0.120118819 -0.052396625 0.069749765 -0.018763708 0.996010780
1403637154.738319 0.135576010 -0.118433461 0.122729786 -0.056260630 0.073767699 -0.021938622 0.995445549
1403637154.788319 0.138161838 -0.118118577 0.125273243 -0.059689652 0.079366557 -0.022310110 0.994806707
1403637154.838319 0.140578762 -0.118196383 0.128016651 -0.063087843 0.085517153 -0.020517189 0.994125664
1403637154.888319 0.142937660 -0.118496701 0.130767286 -0.064262360 0.090963811 -0.017643737 0.993622005
1403637154.938319 0.145386070 -0.118772782 0.133791015 -0.067426585 0.096106544 -0.015923476 0.992957056
1403637154.988319 0.147696704 -0.119478762 0.136642963 -0.066639930 0.100601226 -0.012279090 0.992616653
1403637155.038319 0.150109366 -0.120260336 0.139596403 -0.065025344 0.106112778 -0.010512582 0.992169976
1403637155.088319 0.152421370 -0.121861413 0.142352909 -0.063068971 0.112336352 -0.006784026 0.991643488
1403637155.138319 0.154520333 -0.123605080 0.146039769 -0.056915682 0.119379967 -0.003890165 0.991208255
1403637155.188319 0.156555980 -0.125535071 0.149445534 -0.052860260 0.125116631 -0.000337013 0.990732849
1403637155.238319 0.158680916 -0.127829358 0.152808756 -0.048731551 0.129893824 0.000392134 0.990329564
1403637155.288319 0.160642594 -0.130358160 0.156031415 -0.045272842 0.133035615 0.001582116 0.990075409
1403637155.338319 0.162818193 -0.132870302 0.159398526 -0.041105773 0.136507869 0.002390350 0.989782929
1403637155.388319 0.164810523 -0.135448635 0.162664711 -0.037383068 0.141010121 0.004731201 0.989290774
1403637155.438319 0.166837171 -0.137884542 0.165943891 -0.034759358 0.147319734 0.007171679 0.988451958
1403637155.488319 0.169047594 -0.139866173 0.168864191 -0.031534526 0.154568166 0.010305650 0.987424910
1403637155.538319 0.171192914 -0.141430750 0.172203794 -0.029901512 0.161262229 0.014244249 0.986355662
1403637155.588319 0.173359990 -0.142839015 0.175673708 -0.028970441 0.166819364 0.019112121 0.985376418
1403637155.638319 0.175413638 -0.143989414 0.179105595 -0.028111953 0.171349391 0.024881821 0.984494805
1403637155.688319 0.177515551 -0.144718945 0.182679743 -0.028589612 0.175707087 0.030303931 0.983560503
1403637155.738319 0.179851919 -0.145283535 0.186035156 -0.027711622 0.181168556 0.034945242 0.982440233
1403637155.788319 0.182412654 -0.145591646 0.189093456 -0.027644785 0.187449902 0.040601589 0.981045246
1403637155.838319 0.184995204 -0.145701051 0.192395553 -0.026617061 0.195244685 0.046081446 0.979309738
1403637155.888319 0.187685028 -0.145917833 0.195767865 -0.028984435 0.205045104 0.050135668 0.977037787
1403637155.938319 0.190537840 -0.145759791 0.198975697 -0.031801488 0.215664119 0.053516190 0.974481225
1403637155.988319 0.193454266 -0.145464823 0.201972187 -0.032062463 0.226882324 0.057125866 0.971716583
1403637156.038319 0.196681932 -0.145124063 0.205009088 -0.030042307 0.237790644 0.061875504 0.968877971
1403637156.088319 0.199939549 -0.144824386 0.207351059 -0.027403353 0.248580560 0.067357339 0.965877712
1403637156.138319 0.203394860 -0.144509241 0.210303217 -0.024438301 0.259967268 0.072415814 0.962588012
1403637156.188319 0.206982955 -0.144114375 0.212696075 -0.022388915 0.271634191 0.078202538 0.958956718
1403637156.238319 0.210766405 -0.143662617 0.215135515 -0.019940013 0.283662379 0.084127761 0.955018580
1403637156.288319 0.214811087 -0.143104941 0.217292726 -0.018643590 0.296279013 0.089060009 0.950757325
1403637156.338319 0.218909010 -0.142792165 0.219334960 -0.017314808 0.308556587 0.094959460 0.946295798
1403637156.388319 0.222979367 -0.142496452 0.220996410 -0.017035976 0.321695358 0.099306859 0.941466987
1403637156.438319 0.227422491 -0.141630620 0.222970724 -0.016508611 0.334587425 0.104218498 0.936438560
1403637156.488319 0.231945574 -0.141166821 0.223976135 -0.015388832 0.347488105 0.108336799 0.931277812
1403637156.538319 0.236763537 -0.140446916 0.225323007 -0.013326060 0.360379905 0.111715272 0.925995946
1403637156.588319 0.241722852 -0.139522344 0.226219043 -0.012935717 0.372922540 0.114786573 0.920644045
1403637156.638319 0.245929658 -0.138449952 0.227285817 -0.011418282 0.386088669 0.116794117 0.914966822
1403637156.688319 0.251139492 -0.137095928 0.228564918 -0.011163962 0.398728937 0.118963219 0.909251571
1403637156.738319 0.256898493 -0.135759443 0.228632554 -0.010580290 0.410513073 0.120500192 0.903795779
1403637156.788319 0.261416823 -0.134193271 0.229122043 -0.013230838 0.421083748 0.121026568 0.898813665
1403637156.838319 0.266728282 -0.132190883 0.229638070 -0.017488554 0.430169195 0.120381966 0.894514859
1403637156.888319 0.272219509 -0.129736185 0.230013996 -0.021704990 0.437091827 0.120772675 0.891007066
1403637156.938319 0.277536333 -0.127666131 0.229822755 -0.026151016 0.442804456 0.119103126 0.888287544
1403637156.988319 0.282771528 -0.125293702 0.229763508 -0.030389072 0.446805209 0.119242653 0.886128008
1403637157.038319 0.287646443 -0.122316651 0.230431378 -0.033294857 0.449471265 0.120124131 0.884554863
1403637157.088319 0.292690277 -0.119349718 0.231054455 -0.034767363 0.450753063 0.121806480 0.883615375
1403637157.138319 0.298366994 -0.116943493 0.230902284 -0.035327472 0.450754434 0.124389969 0.883232474
1403637157.188319 0.303676873 -0.114582278 0.231134415 -0.034986954 0.450245291 0.126304105 0.883234084
1403637157.238319 0.309054255 -0.112812974 0.231261611 -0.034259919 0.449726403 0.127947837 0.883290350
1403637157.288319 0.314465165 -0.111147180 0.231465936 -0.033046722 0.448649228 0.129570827 0.883647680
1403637157.338319 0.320006609 -0.109673783 0.231498286 -0.031365391 0.447021753 0.131506011 0.884247661
1403637157.388319 0.325607777 -0.108496957 0.231542528 -0.029568614 0.444912344 0.134845585 0.884870291
1403637157.438319 0.331241369 -0.107500389 0.231374070 -0.027395528 0.442317933 0.138844609 0.885622144
1403637157.488319 0.337318152 -0.106994055 0.230881944 -0.026063574 0.439648420 0.141772792 0.886527181
1403637157.538319 0.343272805 -0.106781684 0.230098799 -0.024766844 0.437317222 0.144272715 0.887313724
1403637157.588319 0.349877119 -0.106654420 0.229309127 -0.023627590 0.435074508 0.145301789 0.888278842
1403637157.638319 0.356339991 -0.106612034 0.228337869 -0.023776518 0.433632344 0.145127162 0.889008343
1403637157.688319 0.362694204 -0.106783226 0.227130488 -0.023626853 0.432339966 0.145187259 0.889631748
1403637157.738319 0.369742841 -0.107385822 0.225488394 -0.023684071 0.431025743 0.145321175 0.890245855
1403637157.788319 0.376630843 -0.108039379 0.224060625 -0.020890431 0.431232303 0.142231882 0.890714526
1403637157.838319 0.383614272 -0.108755313 0.222091675 -0.018513409 0.432129890 0.137638032 0.891053736
1403637157.888319 0.391491383 -0.108966187 0.220108420 -0.016305331 0.432877332 0.134128958 0.891269207
1403637157.938319 0.400263965 -0.108781844 0.217424244 -0.014285199 0.433501393 0.129582271 0.891673148
1403637157.988319 0.407875001 -0.108618729 0.215420067 -0.014141835 0.434774220 0.125374690 0.891657233
1403637158.038319 0.415646791 -0.108231932 0.213083714 -0.014428506 0.436327010 0.119694933 0.891674638
1403637158.088319 0.423075318 -0.107926123 0.210839495 -0.015120184 0.438020200 0.115205459 0.891424358
1403637158.138319 0.431086957 -0.107850507 0.208557084 -0.015000963 0.438495904 0.113068454 0.891466141
1403637158.188319 0.439016581 -0.108001620 0.205178738 -0.015429207 0.438817352 0.111097157 0.891548455
1403637158.238319 0.446899652 -0.108555108 0.202307880 -0.013814432 0.439540297 0.110932678 0.891239226
1403637158.288319 0.454428673 -0.108975269 0.199416190 -0.014290421 0.441413999 0.111268178 0.890263379
1403637158.338319 0.462551236 -0.110261753 0.195248812 -0.014184743 0.444692403 0.112292930 0.888503075
1403637158.388319 0.469979793 -0.110761218 0.192362711 -0.012824112 0.449285507 0.115319625 0.885821342
1403637158.438319 0.477548540 -0.110783197 0.189059749 -0.011488676 0.455243737 0.117528722 0.882501066
1403637158.488319 0.484820426 -0.111102626 0.185884535 -0.009168491 0.461892396 0.121554658 0.878519118
1403637158.538319 0.493707746 -0.110892661 0.181091726 -0.006505789 0.468366593 0.127152994 0.874312639
1403637158.588319 0.500670612 -0.110841587 0.178087577 -0.003603491 0.476069272 0.134199247 0.869100511
1403637158.638319 0.508564174 -0.109887496 0.174168646 -0.000921606 0.483918190 0.140778631 0.863715112
1403637158.688319 0.516051948 -0.109293029 0.170319334 0.001179459 0.493261158 0.145919725 0.857554376
1403637158.738319 0.523725986 -0.107546620 0.165668309 0.002147981 0.502894878 0.149813667 0.851262629
1403637158.788319 0.531151175 -0.106105365 0.161651075 0.001422173 0.511647224 0.153056875 0.845451772
1403637158.838319 0.538846612 -0.104560904 0.157499880 -0.002096349 0.519131720 0.155712485 0.840387762
1403637158.888319 0.546735287 -0.103144452 0.152241990 -0.003994946 0.524760604 0.158399597 0.836373031
1403637158.938319 0.553753734 -0.101516299 0.147785559 -0.008170742 0.531022310 0.156381160 0.832762539
1403637158.988319 0.561169147 -0.100298867 0.142960280 -0.012652005 0.535556614 0.155940205 0.829880476
1403637159.038319 0.567712307 -0.098951519 0.137421519 -0.016542699 0.539464235 0.154466540 0.827553511
1403637159.088319 0.574488521 -0.097817756 0.132560849 -0.017727433 0.541811228 0.154393807 0.826007843
1403637159.138319 0.581913650 -0.097039394 0.127654672 -0.016963441 0.542820513 0.155949906 0.825068355
1403637159.188319 0.589460969 -0.096286878 0.122089826 -0.014237022 0.542420328 0.159087077 0.824784100
1403637159.238319 0.596545935 -0.095171325 0.117328972 -0.011707650 0.541779637 0.161988974 0.824680150
1403637159.288319 0.603726983 -0.093703829 0.112182312 -0.009890343 0.540563524 0.164564058 0.824992061
1403637159.338319 0.610825896 -0.091887176 0.107346281 -0.008538062 0.539472818 0.166526049 0.825327337
1403637159.388319 0.617863834 -0.090018153 0.102242425 -0.008121318 0.538358212 0.167530537 0.825855911
1403637159.438319 0.626010656 -0.088223867 0.095865622 -0.008692193 0.537220240 0.166785464 0.826741517
1403637159.488319 0.633331418 -0.086130954 0.090664983 -0.008263667 0.536103189 0.166346893 0.827558935
1403637159.538319 0.640996218 -0.083575457 0.085511729 -0.012000592 0.536366165 0.162415937 0.828123450
1403637159.588319 0.648703277 -0.081309520 0.079864576 -0.015649866 0.536247790 0.159656405 0.828675628
1403637159.638319 0.656608403 -0.078766547 0.073342502 -0.019723741 0.536317170 0.156192064 0.829203784
1403637159.688319 0.664241910 -0.076271228 0.067882851 -0.021850633 0.536385417 0.153033063 0.829695165
1403637159.738319 0.671833932 -0.074343823 0.062130153 -0.024065552 0.536748827 0.149820268 0.829985142
1403637159.788319 0.680006206 -0.072353251 0.056006059 -0.024436627 0.536690414 0.147708341 0.830390573
1403637159.838319 0.687699676 -0.070612028 0.050574228 -0.024588682 0.538056254 0.145676091 0.829861045
1403637159.888319 0.695413470 -0.068872817 0.044336036 -0.025407117 0.541041255 0.144402906 0.828116357
1403637159.938319 0.703812897 -0.068799525 0.038378388 -0.026515273 0.545366704 0.147680759 0.824659050
1403637159.988319 0.711611032 -0.066920221 0.033148736 -0.026806628 0.551966548 0.149758980 0.819869936
1403637160.038319 0.719944715 -0.065845296 0.026479065 -0.023988171 0.559004664 0.152473032 0.814671934
1403637160.088319 0.728124678 -0.065089732 0.021151409 -0.019712204 0.567235112 0.155530244 0.808496237
1403637160.138319 0.737180531 -0.063631088 0.015382111 -0.014298576 0.576024473 0.159465164 0.801599741
1403637160.188319 0.745340884 -0.061979011 0.009976327 -0.010853757 0.585986376 0.162327960 0.793821037
1403637160.238319 0.753390908 -0.059155136 0.003849998 -0.008982995 0.596576452 0.164368942 0.785492659
1403637160.288319 0.761564791 -0.056867555 -0.001900718 -0.006934741 0.607323468 0.168074548 0.776441336
1403637160.338319 0.769975424 -0.054936364 -0.007782534 -0.006829759 0.618831277 0.170867890 0.766684711
1403637160.388319 0.777978659 -0.052022532 -0.013740167 -0.005555651 0.630403697 0.175240219 0.756208420
1403637160.438319 0.785935998 -0.049213722 -0.018915549 -0.006239464 0.643137157 0.178475529 0.744635522
1403637160.488319 0.793893576 -0.046034232 -0.024660617 -0.008288264 0.655878961 0.181064025 0.732782304
1403637160.538319 0.801757276 -0.042996138 -0.031018034 -0.011688896 0.668161869 0.184211761 0.720755935
1403637160.588319 0.809616148 -0.040277436 -0.036723748 -0.013250407 0.680257618 0.187440351 0.708477318
1403637160.638319 0.816909730 -0.036721706 -0.042679448 -0.015862567 0.691751897 0.189965233 0.696520507
1403637160.688319 0.824707091 -0.032695666 -0.047839206 -0.017602317 0.701051950 0.194028631 0.685980558
1403637160.738319 0.831962168 -0.029430866 -0.052647866 -0.020019762 0.708458245 0.198364541 0.677006423
1403637160.788319 0.839443147 -0.026002914 -0.058681216 -0.022966623 0.714271426 0.200891688 0.670023441
1403637160.838319 0.846904397 -0.023333073 -0.063820332 -0.023845488 0.719040334 0.203011572 0.664227962
1403637160.888319 0.854490101 -0.021277934 -0.069636077 -0.024444642 0.722062767 0.205968186 0.660003722
1403637160.938319 0.861947358 -0.019438654 -0.074786916 -0.025490956 0.724196672 0.209356472 0.656551003
1403637160.988319 0.869787872 -0.018453479 -0.080177702 -0.024937734 0.725133002 0.213454649 0.654215038
1403637161.038319 0.877274156 -0.017421484 -0.084811248 -0.022930853 0.725498199 0.217721328 0.652475357
1403637161.088319 0.884925723 -0.016535074 -0.090652421 -0.019064089 0.725168288 0.221287623 0.651766419
1403637161.138319 0.893469632 -0.018444061 -0.097896427 -0.014509507 0.723675549 0.226021677 0.651918232
1403637161.188319 0.901120186 -0.018201977 -0.103351332 -0.005345719 0.722390354 0.230577886 0.651887536
1403637161.238319 0.909062505 -0.019179165 -0.109611720 0.005250408 0.721127331 0.233478919 0.652254045
1403637161.288319 0.917097032 -0.020354509 -0.114707261 0.013776673 0.719766676 0.237216830 0.652283907
1403637161.338319 0.925707340 -0.021947086 -0.121179700 0.018707845 0.718618810 0.239247099 0.652685106
1403637161.388319 0.933689654 -0.022754520 -0.127370849 0.018915547 0.719034970 0.237673253 0.652795732
1403637161.438319 0.941483021 -0.023764700 -0.134550825 0.015224283 0.720796227 0.234603509 0.652060032
1403637161.488319 0.949360609 -0.025204062 -0.142032325 0.013081139 0.723187029 0.232672334 0.650148392
1403637161.538319 0.957343102 -0.026666194 -0.149281412 0.009335174 0.726547241 0.232562616 0.646495640
1403637161.588319 0.965347648 -0.028122216 -0.157602221 0.008169070 0.730401635 0.232502460 0.642175436
1403637161.638319 0.973155379 -0.029073924 -0.165165782 0.007309995 0.734866858 0.232081115 0.637224913
1403637161.688319 0.981027007 -0.029393077 -0.173404902 0.008589501 0.739523292 0.229894146 0.632598042
1403637161.738319 0.988762259 -0.030220181 -0.182210818 0.010312742 0.744194269 0.225883991 0.628526032
1403637161.788319 0.996318817 -0.030218750 -0.190450802 0.013041258 0.749813199 0.218062416 0.624546945
1403637161.838319 1.004201770 -0.030774415 -0.198731005 0.017105494 0.755560637 0.209444061 0.620458424
1403637161.888319 1.011401176 -0.030820847 -0.207724661 0.020822590 0.760850668 0.200663686 0.616771221
1403637161.938319 1.018329620 -0.030513346 -0.215694740 0.026501002 0.765641809 0.192593262 0.613186896
1403637161.988319 1.024192452 -0.029948190 -0.223704994 0.030901223 0.769436419 0.185275123 0.610480011
1403637162.038319 1.030642033 -0.029516235 -0.231829196 0.034587044 0.772640586 0.179595858 0.607927322
1403637162.088319 1.036545873 -0.028606430 -0.239288747 0.036833689 0.774872124 0.176612750 0.605825365
1403637162.138319 1.042019844 -0.027542219 -0.246857762 0.039937843 0.775734723 0.176297992 0.604615271
1403637162.188319 1.047120214 -0.026292965 -0.254060626 0.043071762 0.775024116 0.180666834 0.604021430
1403637162.238319 1.051329255 -0.024455234 -0.261742771 0.045535192 0.772998512 0.187201500 0.604446352
1403637162.288319 1.055357575 -0.022145152 -0.268260241 0.047386087 0.771352232 0.192846194 0.604632676
1403637162.338319 1.058996439 -0.020207703 -0.275800079 0.047314420 0.769555151 0.198031664 0.605251789
1403637162.388319 1.062240720 -0.017922372 -0.283141404 0.048825804 0.767296433 0.203832969 0.606072783
1403637162.438319 1.064741254 -0.015006602 -0.290174603 0.049866673 0.764596403 0.210550845 0.607102931
1403637162.488319 1.067325473 -0.012401730 -0.297454715 0.043586750 0.762276888 0.218115002 0.607832193
1403637162.538319 1.069312096 -0.009617329 -0.305250406 0.035561651 0.760897040 0.222639203 0.608443022
1403637162.588319 1.071163535 -0.007125199 -0.312853426 0.030104665 0.760845959 0.222886682 0.608710647
1403637162.638319 1.072803617 -0.005175054 -0.320891768 0.027504453 0.762348592 0.217962906 0.608736634
1403637162.688319 1.074506402 -0.003837168 -0.330096960 0.032350708 0.764355183 0.211508274 0.608258784
1403637162.738319 1.075928807 -0.002432555 -0.338507354 0.042039834 0.767773271 0.204775199 0.605659962
1403637162.788319 1.076576114 -0.000549436 -0.346873045 0.050070349 0.772191346 0.199807450 0.601074278
1403637162.838319 1.077096820 0.001695931 -0.355074823 0.052218914 0.777598262 0.197698683 0.594583392
1403637162.888319 1.077194691 0.004313976 -0.363595784 0.053437635 0.784216762 0.195947617 0.586304605
1403637162.938319 1.076995015 0.007040232 -0.372077554 0.052185096 0.792023122 0.194789305 0.576223254
1403637162.988319 1.076347709 0.010151505 -0.380889297 0.049388383 0.800243795 0.194457382 0.565116763
1403637163.038319 1.075465322 0.013448745 -0.389568746 0.046641469 0.809046865 0.195067510 0.552463889
1403637163.088319 1.074130297 0.016929269 -0.397845387 0.044133876 0.818501234 0.196006760 0.538227916
1403637163.138319 1.072393775 0.020606101 -0.406450152 0.041101355 0.828530431 0.196432292 0.522745073
1403637163.188319 1.070238829 0.024122357 -0.415283263 0.039375570 0.838018060 0.198712155 0.506644785
1403637163.238319 1.067784548 0.028086036 -0.424094409 0.037718922 0.847616374 0.199572191 0.490198612
1403637163.288319 1.064796209 0.031891674 -0.431737155 0.036982339 0.856653571 0.201003879 0.473681688
1403637163.338319 1.062119126 0.035412490 -0.439337730 0.038043760 0.864593983 0.204208761 0.457524508
1403637163.388319 1.058388948 0.039409727 -0.447317034 0.040618282 0.870996952 0.208803758 0.442849249
1403637163.438319 1.054335356 0.043557733 -0.454209983 0.043283764 0.876772940 0.214483768 0.428243488
1403637163.488319 1.050430536 0.047920108 -0.460744441 0.046827726 0.880977988 0.221287772 0.415591955
1403637163.538319 1.045667171 0.051562130 -0.467852592 0.048433062 0.883694887 0.230001211 0.404767931
1403637163.588319 1.041086435 0.055259675 -0.474487364 0.050376892 0.884955823 0.240297541 0.395692378
1403637163.638319 1.035604715 0.058678716 -0.479868233 0.050395712 0.885525823 0.251135796 0.387601703
1403637163.688319 1.030111551 0.061565578 -0.486358345 0.051739167 0.885465860 0.260256350 0.381496966
1403637163.738319 1.024076223 0.064494431 -0.493139446 0.053417426 0.884422243 0.269864649 0.376984060
1403637163.788319 1.018280268 0.066719502 -0.499291390 0.054192375 0.884409547 0.275423139 0.372860581
1403637163.838319 1.011791706 0.068915129 -0.506553531 0.057083793 0.883493006 0.280855209 0.370542794
1403637163.888319 1.005099058 0.071114421 -0.513587415 0.061954420 0.882880330 0.284252077 0.368625432
1403637163.938319 0.998167634 0.072475761 -0.521727085 0.066137433 0.882787526 0.285146832 0.367427945
1403637163.988319 0.991143942 0.073971421 -0.529709041 0.069346488 0.883244157 0.284377247 0.366333783
1403637164.038319 0.983314872 0.074706703 -0.537357271 0.069817953 0.883704424 0.283052623 0.366160095
1403637164.088319 0.975486100 0.075649768 -0.546190262 0.070265591 0.884617686 0.280056685 0.366172850
1403637164.138319 0.966828465 0.076512188 -0.555189192 0.069698825 0.885287702 0.276634812 0.367261410
1403637164.188319 0.958742261 0.077278048 -0.563986540 0.068029515 0.886377573 0.272847235 0.367778659
1403637164.238319 0.949861825 0.077761233 -0.573676169 0.064414658 0.886806488 0.270585477 0.369064450
1403637164.288319 0.940594792 0.078378886 -0.582502723 0.058088928 0.888259649 0.265614718 0.370228648
1403637164.338319 0.931264758 0.079167694 -0.592160821 0.051355898 0.888527632 0.263864696 0.371828824
1403637164.388319 0.921870708 0.079967588 -0.602119684 0.047295049 0.888186574 0.263508886 0.373431146
1403637164.438319 0.912195206 0.080745339 -0.610874057 0.043424495 0.887066901 0.265180081 0.375374645
1403637164.488319 0.902227223 0.082119614 -0.620435834 0.044580646 0.885189593 0.268067926 0.377612889
1403637164.538319 0.892447531 0.083762497 -0.629766107 0.049231172 0.883100748 0.270815432 0.379958361
1403637164.588319 0.882543087 0.085632086 -0.639324129 0.052036259 0.881143928 0.273409605 0.382262707
1403637164.638319 0.872541070 0.087777823 -0.648778737 0.054520819 0.879464805 0.275649488 0.384169847
1403637164.688319 0.862211764 0.090387195 -0.657944441 0.052220196 0.878933668 0.275333166 0.385927916
1403637164.738319 0.851581931 0.093347937 -0.667978883 0.046966691 0.879860282 0.271566451 0.387158513
1403637164.788319 0.841068745 0.096345663 -0.677847147 0.040381342 0.882301271 0.265176147 0.386775762
1403637164.838319 0.830532551 0.099838287 -0.687759101 0.035956834 0.885109007 0.259083629 0.384921849
1403637164.888319 0.819598079 0.103515446 -0.698308349 0.031147119 0.887938738 0.254648954 0.381770223
1403637164.938319 0.809029162 0.107091010 -0.708610952 0.028243460 0.890574992 0.252303392 0.377387762
1403637164.988319 0.798059046 0.110599935 -0.718526423 0.026574364 0.893237054 0.251574308 0.371660799
1403637165.038319 0.786900103 0.114316851 -0.728159428 0.025421863 0.896398306 0.250772148 0.364605457
1403637165.088319 0.776445389 0.118387133 -0.738431096 0.025915172 0.899871349 0.249436066 0.356849581
1403637165.138319 0.765214026 0.121776342 -0.748000920 0.027869869 0.904384017 0.246547908 0.347169966
1403637165.188319 0.754325390 0.125862062 -0.757396460 0.026666068 0.908941388 0.244965911 0.336312532
1403637165.238319 0.743511915 0.129953563 -0.766496003 0.026456658 0.913148344 0.244938210 0.324754447
1403637165.288319 0.732394993 0.134059280 -0.776471913 0.024462368 0.916361213 0.248090029 0.313265145
1403637165.338319 0.721144259 0.137426734 -0.785020113 0.022438169 0.918727934 0.254250854 0.301317245
1403637165.388319 0.709701478 0.140873015 -0.794122219 0.019944174 0.920153677 0.260961086 0.291236520
1403637165.438319 0.698599756 0.143277436 -0.802841127 0.018015547 0.920935333 0.268593192 0.281800032
1403637165.488319 0.687654853 0.146357179 -0.811608136 0.017731426 0.921897054 0.273026139 0.274313927
1403637165.538319 0.676294327 0.148082525 -0.820399463 0.014448365 0.923169255 0.275913179 0.267248273
1403637165.588319 0.665443897 0.150327384 -0.828739822 0.012688719 0.924307585 0.278248906 0.260906160
1403637165.638319 0.654504299 0.151899278 -0.837485552 0.005348116 0.926018894 0.278322875 0.254944623
1403637165.688319 0.643767655 0.153733462 -0.845632911 -0.001488057 0.927671790 0.277129591 0.250243962
1403637165.738319 0.632988751 0.155546874 -0.854235291 -0.008651901 0.928980112 0.276092023 0.246362224
1403637165.788319 0.622834146 0.157758713 -0.862260163 -0.016472152 0.930167198 0.274449944 0.243299976
1403637165.838319 0.612910211 0.160147786 -0.870522618 -0.023972245 0.931329787 0.272052199 0.240910217
1403637165.888319 0.603125095 0.162020206 -0.878174603 -0.030024311 0.931589365 0.270960420 0.240458474
1403637165.938319 0.594018400 0.164411455 -0.885991573 -0.035985351 0.931525290 0.268964261 0.242123812
1403637165.988319 0.585552752 0.167187840 -0.893421113 -0.042565815 0.930896044 0.266979933 0.245647013
1403637166.038319 0.576931119 0.169415534 -0.899927676 -0.047283549 0.929964125 0.265014738 0.250396073
1403637166.088319 0.568873525 0.172724217 -0.906750441 -0.052157924 0.929007947 0.263245821 0.254804552
1403637166.138319 0.561612308 0.175855219 -0.912866235 -0.055087119 0.928098202 0.261836797 0.258922070
1403637166.188319 0.554959416 0.180350900 -0.918835521 -0.057238888 0.927244484 0.260497212 0.262835622
1403637166.238319 0.548757553 0.184536308 -0.924397588 -0.056023020 0.927006900 0.257511944 0.266846746
1403637166.288319 0.542595625 0.188957483 -0.929457545 -0.051166084 0.927435160 0.252815545 0.270795852
1403637166.338319 0.537395716 0.193014801 -0.934316754 -0.045166418 0.929416656 0.241574347 0.275293469
1403637166.388319 0.532277524 0.196462244 -0.939210057 -0.035793241 0.931978524 0.226349354 0.280892819
1403637166.438319 0.527723551 0.199479610 -0.943432033 -0.027122732 0.933541536 0.213514343 0.286663800
1403637166.488319 0.523114085 0.202261776 -0.947200418 -0.023144813 0.933776021 0.205918878 0.291760325
1403637166.538319 0.518524885 0.204865471 -0.950287998 -0.020338593 0.933015823 0.203345031 0.296173215
1403637166.588319 0.514276147 0.207042962 -0.952778816 -0.022044390 0.930965424 0.206962749 0.299973071
1403637166.638319 0.510205150 0.209064752 -0.954698324 -0.025729515 0.927913368 0.215799898 0.302894652
1403637166.688319 0.506391406 0.210921705 -0.956270337 -0.031769581 0.923682213 0.229328960 0.305303186
1403637166.738319 0.501926124 0.212665379 -0.957305372 -0.040707998 0.920396149 0.237990320 0.307529479
1403637166.788319 0.498473376 0.214498103 -0.958136678 -0.049169209 0.917859793 0.243737519 0.309366852
1403637166.838319 0.495146394 0.216250122 -0.958600521 -0.058158759 0.916428268 0.245348379 0.310774714
1403637166.888319 0.492171288 0.217951417 -0.958651364 -0.067421250 0.916226566 0.242221728 0.311948508
1403637166.938319 0.490209699 0.219761223 -0.958492994 -0.076071307 0.916574895 0.236899197 0.313021272
1403637166.988319 0.488398880 0.221399784 -0.958099544 -0.082846232 0.917855620 0.228332579 0.313913733
1403637167.038319 0.487251043 0.222648025 -0.957052112 -0.089652903 0.918955028 0.220076561 0.314722598
1403637167.088319 0.486478657 0.223485574 -0.955535769 -0.095177598 0.919947505 0.211440280 0.316118360
1403637167.138319 0.486653060 0.223540336 -0.953399897 -0.099902533 0.921114504 0.203235894 0.316642940
1403637167.188319 0.487071902 0.223253623 -0.950540304 -0.102978699 0.922263801 0.195307627 0.317300737
1403637167.238319 0.488697737 0.222324789 -0.947220564 -0.105592914 0.923040271 0.189974606 0.317421615
1403637167.288319 0.490473300 0.220828757 -0.942808032 -0.106350541 0.923448443 0.187898576 0.317217112
1403637167.338319 0.493360221 0.218828768 -0.937781096 -0.105905525 0.923370779 0.189821810 0.316445917
1403637167.388319 0.496363342 0.216779977 -0.931813955 -0.102990270 0.922727048 0.195625141 0.315750778
1403637167.438319 0.500047922 0.215117246 -0.925559580 -0.094339319 0.921061277 0.206699118 0.316262156
1403637167.488319 0.504312098 0.212896913 -0.918225169 -0.079566836 0.919289172 0.218339369 0.317654699
1403637167.538319 0.508543015 0.210676849 -0.910192847 -0.063060045 0.916925013 0.230992749 0.319240153
1403637167.588319 0.513487577 0.208374709 -0.902205884 -0.045819107 0.914622605 0.241838053 0.320749909
1403637167.638319 0.519459367 0.206337392 -0.893976688 -0.029662613 0.912490189 0.250191629 0.322313398
1403637167.688319 0.524560213 0.204210937 -0.885417998 -0.018723596 0.910307586 0.255975425 0.324755460
1403637167.738319 0.530137062 0.202642977 -0.876768172 -0.012741271 0.907842755 0.260681778 0.328183204
1403637167.788319 0.535712838 0.201389551 -0.868471920 -0.009777372 0.904899478 0.265315801 0.332669228
1403637167.838319 0.540649295 0.200006783 -0.859508514 -0.009327696 0.901401877 0.269557267 0.338713020
1403637167.888319 0.546871662 0.199175477 -0.850519836 -0.011102831 0.897974014 0.273444206 0.344597816
1403637167.938319 0.552588522 0.197950155 -0.842285216 -0.014631683 0.895121932 0.275643796 0.350090086
1403637167.988319 0.558678865 0.196688563 -0.833619237 -0.020921243 0.893630505 0.274195045 0.354688376
1403637168.038319 0.564882517 0.195055634 -0.825624704 -0.026272004 0.892574668 0.271495521 0.359041035
1403637168.088319 0.570566416 0.193333149 -0.818323255 -0.027783608 0.891157389 0.270236194 0.363371670
1403637168.138319 0.577319860 0.191720486 -0.810397625 -0.024607828 0.889110625 0.272569865 0.366854757
1403637168.188319 0.584588885 0.190008163 -0.802290320 -0.022328055 0.887719572 0.273371816 0.369761139
1403637168.238319 0.591640890 0.189401031 -0.794485092 -0.019812133 0.887619078 0.270646453 0.372143000
1403637168.288319 0.598593593 0.189382434 -0.786306500 -0.018921843 0.888064682 0.266763300 0.373925716
1403637168.338319 0.606406212 0.190232337 -0.777983189 -0.017783025 0.889533460 0.260657519 0.374795496
1403637168.388319 0.612559378 0.190655157 -0.770626366 -0.016550504 0.891369283 0.252676308 0.375954121
1403637168.438319 0.619629681 0.191707402 -0.762670100 -0.015319196 0.893124938 0.245022073 0.376904935
1403637168.488319 0.627263427 0.193207577 -0.754032731 -0.010155578 0.894551754 0.238848418 0.377657801
1403637168.538319 0.634426892 0.194477692 -0.745520115 -0.006525694 0.894851983 0.237021059 0.378177792
1403637168.588319 0.641298234 0.195677027 -0.737105429 -0.004440390 0.893845260 0.239810362 0.378829628
1403637168.638319 0.648258448 0.196973756 -0.728867292 -0.004289395 0.892729759 0.243050143 0.379396617
1403637168.688319 0.655609846 0.197054625 -0.720045030 -0.006598669 0.891807199 0.247075573 0.378932804
1403637168.738319 0.662470222 0.197607741 -0.711439133 -0.008942204 0.891080678 0.249694854 0.378876954
1403637168.788319 0.669210970 0.198262066 -0.703248620 -0.008089987 0.890525877 0.252200037 0.378541052
1403637168.838319 0.676335633 0.197489455 -0.694752634 -0.012017934 0.890689015 0.253011048 0.377510279
1403637168.888319 0.683466136 0.197640359 -0.686608315 -0.014564221 0.890601277 0.253178298 0.377515614
1403637168.938319 0.690271914 0.197733730 -0.677733660 -0.018615259 0.891129494 0.252661765 0.376435548
1403637168.988319 0.697187662 0.197637931 -0.669821680 -0.020862896 0.891426623 0.252687186 0.375596195
1403637169.038319 0.704680741 0.197490394 -0.661246598 -0.024805965 0.892064214 0.251423687 0.374689519
1403637169.088319 0.712080598 0.197758004 -0.652887583 -0.029803023 0.892428160 0.249496326 0.374747008
1403637169.138319 0.719659925 0.196854413 -0.644107103 -0.031628359 0.892261028 0.247393027 0.376386315
1403637169.188319 0.726936758 0.196525380 -0.635537863 -0.033176806 0.891519189 0.243552312 0.380493194
1403637169.238319 0.735013247 0.195469007 -0.626640022 -0.033227071 0.889788449 0.240441024 0.386471957
1403637169.288319 0.742962420 0.194156766 -0.617772102 -0.031899132 0.887088895 0.236727074 0.394988567
1403637169.338319 0.751203954 0.192957014 -0.608082175 -0.029620022 0.883938909 0.232596725 0.404565722
1403637169.388319 0.758888304 0.190687060 -0.599041760 -0.028388590 0.879999042 0.228880182 0.415222377
1403637169.438319 0.766787708 0.188641652 -0.590047002 -0.028201573 0.874843299 0.225003272 0.428050697
1403637169.488319 0.775108099 0.185248971 -0.580225587 -0.027480276 0.869441867 0.220812723 0.441086560
1403637169.538319 0.783108175 0.182820901 -0.570175886 -0.028403522 0.863928974 0.213951826 0.455021530
1403637169.588319 0.791215420 0.179202586 -0.560336351 -0.028511522 0.857530951 0.207982063 0.469650090
1403637169.638319 0.799335003 0.175871864 -0.550359845 -0.031553753 0.850808203 0.199086696 0.485277474
1403637169.688319 0.807807803 0.172171712 -0.539720297 -0.030964198 0.843200684 0.193229944 0.500715315
1403637169.738319 0.816236615 0.168102890 -0.530313969 -0.031300224 0.834165931 0.189546853 0.516971409
1403637169.788319 0.823347509 0.164892226 -0.519161344 -0.031341732 0.825776815 0.185303360 0.531763971
1403637169.838319 0.831121445 0.161696941 -0.507776976 -0.031401489 0.817428231 0.180932119 0.545974970
1403637169.888319 0.838691175 0.158779427 -0.496831685 -0.034468114 0.809650719 0.175353795 0.559042633
1403637169.938319 0.846219003 0.154925197 -0.484731257 -0.036061160 0.802219093 0.170427904 0.571050346
1403637169.988319 0.853637338 0.153706908 -0.472403169 -0.037250802 0.795446455 0.163319290 0.582412243
1403637170.038319 0.860842705 0.151907608 -0.460333347 -0.038523816 0.787838519 0.158816099 0.593804419
1403637170.088319 0.868004024 0.148712382 -0.447498143 -0.039913230 0.779913306 0.156231850 0.604759276
1403637170.138319 0.875855565 0.146998823 -0.433402777 -0.039909542 0.772690475 0.151381060 0.615175068
1403637170.188319 0.882620513 0.144526899 -0.419803977 -0.039208796 0.765061736 0.147126183 0.625697255
1403637170.238319 0.889102638 0.141989514 -0.406542391 -0.039374180 0.756826222 0.143017501 0.636560857
1403637170.288319 0.895637572 0.140516281 -0.391475677 -0.040577471 0.749231100 0.136874676 0.646739244
1403637170.338319 0.901789725 0.137934178 -0.376719862 -0.037471071 0.740277171 0.133237779 0.657900691
1403637170.388319 0.907894492 0.136732370 -0.360627830 -0.030415244 0.730279267 0.131336346 0.669714808
1403637170.438319 0.913721085 0.134360254 -0.345577866 -0.020468723 0.718989730 0.130451366 0.682361603
1403637170.488319 0.919428825 0.132701322 -0.329074979 -0.008468187 0.707265258 0.129222229 0.694986165
1403637170.538319 0.924563050 0.131559446 -0.313276440 0.003487308 0.695113420 0.125846833 0.707790732
1403637170.588319 0.928207517 0.131244332 -0.299268752 0.015045409 0.683302045 0.121060587 0.719872415
1403637170.638319 0.933038414 0.130114004 -0.283151329 0.024596460 0.670982480 0.116854906 0.731794059
1403637170.688319 0.936369181 0.128302753 -0.265947521 0.032716002 0.659355760 0.110706754 0.742915630
1403637170.738319 0.939811468 0.126386195 -0.249259472 0.037460681 0.647350907 0.105511032 0.753923655
1403637170.788319 0.942658842 0.126254827 -0.234827727 0.041404199 0.632597983 0.102574944 0.766540229
1403637170.838319 0.944142342 0.125685334 -0.220302701 0.038812649 0.618210137 0.101800315 0.778425694
1403637170.888319 0.945255697 0.124139994 -0.205882877 0.036402531 0.602906168 0.099811964 0.790706456
1403637170.938319 0.946279287 0.121720701 -0.191109926 0.031266212 0.587387025 0.098518558 0.802678645
1403637170.988319 0.946319044 0.118323624 -0.175122559 0.025532514 0.572694361 0.097956993 0.813494742
1403637171.038319 0.945576966 0.115982391 -0.160303652 0.023088634 0.557616293 0.097206503 0.824064255
1403637171.088319 0.944321871 0.116360143 -0.147751480 0.022778111 0.540855885 0.097444020 0.835141182
1403637171.138319 0.943036079 0.114554137 -0.135931879 0.019127885 0.526176572 0.096411251 0.844675839
1403637171.188319 0.941633582 0.110347293 -0.120024920 0.016478796 0.516063571 0.094768651 0.851132035
1403637171.238319 0.940097094 0.107318774 -0.108286202 0.017714949 0.505162835 0.094061129 0.857699931
1403637171.288319 0.937401891 0.105346523 -0.096060038 0.020131677 0.497115910 0.090508975 0.862715781
1403637171.338319 0.935131431 0.102019720 -0.083429813 0.020773320 0.491388679 0.086299494 0.866405249
1403637171.388319 0.932698965 0.099513844 -0.073177338 0.019670008 0.486947984 0.079589464 0.869574785
1403637171.438319 0.929466367 0.096168816 -0.061853558 0.017651500 0.485251844 0.072141148 0.871214509
1403637171.488319 0.925770164 0.093034126 -0.050578684 0.015814567 0.483455747 0.068063825 0.872575343
1403637171.538319 0.921375394 0.090099707 -0.040118814 0.014048303 0.482295334 0.064885065 0.873489439
1403637171.588319 0.916758657 0.086848110 -0.029703051 0.012285468 0.481870174 0.062578946 0.873918772
1403637171.638319 0.911883593 0.084151633 -0.019806921 0.010561762 0.482541800 0.058639631 0.873843968
1403637171.688319 0.906622350 0.081724063 -0.009891808 0.010093550 0.483861059 0.056666117 0.873250008
1403637171.738319 0.901216984 0.078723773 -0.000400007 0.009672560 0.485343188 0.055033568 0.872536421
1403637171.788319 0.894957304 0.076623082 0.010147363 0.009913367 0.487949401 0.053111210 0.871198237
1403637171.838319 0.888309002 0.074114129 0.020284802 0.009459665 0.490986913 0.050940927 0.869624853
1403637171.888319 0.881415129 0.072147734 0.029521346 0.010062597 0.493000299 0.049784448 0.868545294
1403637171.938319 0.873810351 0.071063548 0.039907098 0.011043986 0.495801866 0.049281642 0.866965890
1403637171.988319 0.865956783 0.069116503 0.049490422 0.012144385 0.498195112 0.048814699 0.865604639
1403637172.038319 0.857415795 0.067528814 0.059548110 0.012489812 0.500716269 0.048778199 0.864145756
1403637172.088319 0.848848879 0.066411592 0.069114566 0.013599878 0.502597868 0.048356339 0.863059700
1403637172.138319 0.839386106 0.066069558 0.078473002 0.014681215 0.503249943 0.051993892 0.862450302
1403637172.188319 0.829403341 0.064568132 0.086562395 0.015435649 0.501854241 0.060329497 0.862707555
1403637172.238319 0.819977760 0.063765891 0.093781143 0.013829623 0.497882724 0.073020786 0.864054084
1403637172.288319 0.808896422 0.062817276 0.103165656 0.012827469 0.495471746 0.087183096 0.864142478
1403637172.338319 0.797894657 0.061322637 0.112263560 0.011849830 0.493475854 0.099824913 0.863930643
1403637172.388319 0.786328793 0.059225880 0.121364117 0.011393496 0.492274165 0.111080714 0.863248169
1403637172.438319 0.775077224 0.058420852 0.129217833 0.012554965 0.490662634 0.120128781 0.862937808
1403637172.488319 0.764728367 0.056492709 0.135671079 0.013352026 0.488059819 0.130027115 0.862967134
1403637172.538319 0.753355861 0.054701224 0.142847404 0.015003424 0.487659186 0.135581583 0.862311423
1403637172.588319 0.742778838 0.052096590 0.149286807 0.015762575 0.487517357 0.140491113 0.861591935
1403637172.638319 0.731055915 0.049788091 0.155248567 0.016632462 0.487681389 0.144027799 0.860898495
1403637172.688319 0.719614744 0.047567550 0.160920277 0.016461957 0.487642944 0.148103669 0.860231757
1403637172.738319 0.708585024 0.045241266 0.165600330 0.015550414 0.488210678 0.151304409 0.859369218
1403637172.788319 0.698186576 0.042401955 0.170186400 0.011963007 0.489769995 0.156171635 0.857666969
1403637172.838319 0.687652290 0.037706822 0.173617080 0.004506603 0.491494715 0.164935261 0.855107546
1403637172.888319 0.677056372 0.034624875 0.176928401 -0.005814954 0.494453937 0.174102485 0.851569057
1403637172.938319 0.667536497 0.032894403 0.180111587 -0.017343892 0.497731268 0.182972565 0.847634256
1403637172.988319 0.657764792 0.031533241 0.183743536 -0.027276011 0.500837624 0.191586003 0.843630552
1403637173.038319 0.648814797 0.030890197 0.186786592 -0.035959397 0.503295600 0.199744567 0.839942038
1403637173.088319 0.640425444 0.030404374 0.189852118 -0.041421417 0.507279515 0.205884710 0.835800946
1403637173.138319 0.632573724 0.030437976 0.192769662 -0.045242976 0.512269735 0.213057697 0.830746174
1403637173.188319 0.625451744 0.031036720 0.195723861 -0.045880150 0.518889308 0.219704390 0.824850857
1403637173.238319 0.619058132 0.031915888 0.198274642 -0.044142116 0.527820587 0.223587170 0.818208814
1403637173.288319 0.613463104 0.033091262 0.200921148 -0.039332524 0.538224459 0.225492582 0.811122954
1403637173.338319 0.608088315 0.034312710 0.202958345 -0.033742182 0.549795032 0.225293353 0.803635359
1403637173.388319 0.603691161 0.034939185 0.204974040 -0.028143121 0.560918212 0.226482958 0.795791507
1403637173.438319 0.599615514 0.036274672 0.206546843 -0.022773543 0.571879745 0.227368578 0.787869573
1403637173.488319 0.596085310 0.037821114 0.207952976 -0.018060897 0.582813859 0.228469461 0.779617488
1403637173.538319 0.592910886 0.038901314 0.208976954 -0.013900769 0.592660248 0.231563270 0.771322906
1403637173.588319 0.590076149 0.040452555 0.209701881 -0.009332550 0.601619661 0.236251429 0.762988865
1403637173.638319 0.587842107 0.042357057 0.210072294 -0.004071888 0.609071195 0.243744478 0.754721344
1403637173.688319 0.586118817 0.045143932 0.210065782 0.000518830 0.615802824 0.251418233 0.746709704
1403637173.738319 0.584492266 0.047733620 0.209638149 0.003403746 0.621894479 0.260154933 0.738616943
1403637173.788319 0.583481610 0.050724000 0.208695993 0.004135202 0.627551377 0.269054651 0.730596840
1403637173.838319 0.582431138 0.053692207 0.207659185 0.002790561 0.632724822 0.279548138 0.722152591
1403637173.888319 0.582055390 0.056663528 0.205934942 -0.001548104 0.637458801 0.288769186 0.714322209
1403637173.938319 0.582386494 0.059961528 0.203388304 -0.010105003 0.642986774 0.291833729 0.708024681
1403637173.988319 0.583030581 0.062646881 0.199926406 -0.017746836 0.650411904 0.287152886 0.702988327
1403637174.038319 0.584524274 0.065401226 0.196109012 -0.024576653 0.660166681 0.272683829 0.699442267
1403637174.088319 0.586684406 0.067091659 0.191518396 -0.024100892 0.669440985 0.256548584 0.696742952
1403637174.138319 0.589226723 0.068463266 0.186493963 -0.019353257 0.678558290 0.237493888 0.694824278
1403637174.188319 0.592178464 0.068685241 0.181021914 -0.010917124 0.685471594 0.221703202 0.693438649
1403637174.238319 0.595208466 0.068935700 0.175590217 -0.000639700 0.690321028 0.209039062 0.692646503
1403637174.288319 0.598471403 0.069169104 0.169845164 0.009537415 0.692922413 0.201451808 0.692231715
1403637174.338319 0.601302981 0.069211781 0.164094195 0.014736616 0.693292260 0.199893981 0.692221820
1403637174.388319 0.604167461 0.069383301 0.158334374 0.021087278 0.692618012 0.200949863 0.692426741
1403637174.438319 0.606754541 0.068981916 0.152468801 0.029092064 0.691292822 0.205728412 0.692057610
1403637174.488319 0.608622909 0.067276120 0.145762473 0.038868360 0.689964950 0.212036967 0.690997839
1403637174.538319 0.610988796 0.067014247 0.139124468 0.044227250 0.690984368 0.214657858 0.688844383
1403637174.588319 0.613047063 0.066256672 0.131952450 0.047654193 0.693542480 0.218083858 0.684957922
1403637174.638319 0.614997268 0.065683112 0.124723844 0.046039436 0.699823499 0.216362298 0.679201603
1403637174.688319 0.616456866 0.064966060 0.115722232 0.044260759 0.708246648 0.211895838 0.671958208
1403637174.738319 0.618034720 0.064846829 0.107985146 0.042147357 0.718380332 0.207100019 0.662769139
1403637174.788319 0.619239151 0.065037102 0.100037113 0.040091157 0.729315698 0.201882720 0.652483463
1403637174.838319 0.620784760 0.065895192 0.091248132 0.036836594 0.738578796 0.202845871 0.641870677
1403637174.888319 0.620833933 0.066150203 0.082202375 0.033272017 0.746185720 0.209944442 0.630890846
1403637174.938319 0.621798515 0.067650281 0.073702551 0.031049775 0.753698647 0.217817172 0.619297981
1403637174.988319 0.622283995 0.068975598 0.065254040 0.028859893 0.761564672 0.223543644 0.607630432
1403637175.038319 0.622605562 0.070050567 0.056396477 0.028054802 0.768179774 0.228284225 0.597494066
1403637175.088319 0.622655392 0.071226314 0.047058865 0.029364090 0.775043905 0.228523538 0.588406086
1403637175.138319 0.622784138 0.072668642 0.038294062 0.033737861 0.781314075 0.227025092 0.580404758
1403637175.188319 0.622805595 0.074286915 0.029620692 0.040199831 0.786819339 0.224635020 0.573444307
1403637175.238319 0.622328699 0.076096162 0.020259559 0.047971651 0.791805804 0.221007228 0.567360580
1403637175.288319 0.621493697 0.078319125 0.011064738 0.054850608 0.796602190 0.215477467 0.562126160
1403637175.338319 0.620325089 0.080673508 0.001981527 0.059231952 0.800999761 0.209916174 0.557517767
1403637175.388319 0.618837416 0.082961515 -0.007128730 0.062538967 0.804143608 0.205753416 0.554172754
1403637175.438319 0.617806375 0.085631140 -0.015988469 0.064850576 0.805241585 0.206909209 0.551877618
1403637175.488319 0.614907265 0.088167921 -0.025279269 0.065280281 0.804597795 0.211787000 0.550914764
1403637175.538319 0.612040401 0.091430515 -0.034509644 0.065607272 0.802818358 0.219092965 0.550614655
1403637175.588319 0.608633876 0.094600700 -0.043326393 0.064359464 0.800609648 0.226744682 0.550880134
1403637175.638319 0.604924083 0.097655885 -0.052666709 0.060095213 0.798119307 0.235157311 0.551448226
1403637175.688319 0.601647019 0.101044476 -0.061824925 0.057229340 0.796478033 0.240739942 0.551717103
1403637175.738319 0.597109616 0.103782207 -0.071599752 0.055794805 0.794671953 0.245095626 0.552550018
1403637175.788319 0.592654824 0.106823713 -0.081761278 0.051982045 0.794134915 0.246127680 0.553234875
1403637175.838319 0.587708592 0.109551236 -0.092318863 0.048038471 0.794521093 0.244109094 0.553930759
1403637175.888319 0.582589090 0.112011097 -0.103600062 0.041933063 0.795734882 0.239951238 0.554500699
1403637175.938319 0.577266991 0.114029214 -0.114032999 0.036648434 0.797598004 0.233368441 0.555007637
1403637175.988319 0.571813107 0.116027966 -0.125436842 0.035349913 0.799236476 0.226427108 0.555609822
1403637176.038319 0.565875530 0.117452845 -0.137132436 0.038584199 0.799847305 0.221083492 0.556666553
1403637176.088319 0.560260594 0.118826650 -0.148797631 0.041314159 0.800658286 0.215116337 0.557641745
1403637176.138319 0.554541111 0.119927272 -0.159448445 0.041608360 0.801796854 0.208812937 0.558379531
1403637176.188319 0.548388302 0.121731557 -0.170820788 0.043658018 0.802270770 0.203749523 0.559411943
1403637176.238319 0.541735470 0.123547740 -0.182220429 0.044103496 0.803153574 0.199618235 0.559599638
1403637176.288319 0.534610331 0.125597790 -0.193497911 0.044591993 0.804211318 0.197924778 0.558642447
1403637176.338319 0.527471602 0.127417088 -0.203935206 0.045303840 0.805227339 0.197906032 0.557126284
1403637176.388319 0.519455671 0.130041361 -0.215265155 0.043942146 0.806026816 0.197657689 0.556166649
1403637176.438319 0.510797977 0.132519677 -0.226650879 0.042386599 0.806154490 0.200353980 0.555136502
1403637176.488319 0.503662527 0.135575920 -0.236879259 0.036650069 0.808232129 0.202196345 0.551846087
1403637176.538319 0.495662659 0.138282120 -0.247115701 0.033223402 0.810515344 0.205424950 0.547504842
1403637176.588319 0.487122267 0.141159773 -0.257742345 0.032292832 0.812716365 0.210182264 0.542468965
1403637176.638319 0.478696167 0.144509286 -0.267944932 0.030802833 0.814902008 0.215819478 0.537036121
1403637176.688319 0.469339162 0.147771105 -0.278606653 0.029044447 0.816789448 0.221081674 0.532103717
1403637176.738319 0.459553659 0.150971442 -0.289006174 0.027620664 0.818084240 0.226818115 0.527758181
1403637176.788319 0.450612068 0.154455960 -0.299064726 0.026116308 0.819652617 0.230886385 0.523621023
1403637176.838319 0.441658527 0.158386886 -0.308757186 0.024050282 0.821070910 0.234483570 0.519886136
1403637176.888319 0.432560146 0.162361458 -0.317832768 0.020930102 0.821644425 0.239814177 0.516673386
1403637176.938319 0.422294557 0.166119993 -0.329387903 0.017183093 0.821463764 0.244550139 0.514876008
1403637176.988319 0.412820399 0.170065880 -0.339113235 0.012115901 0.821159601 0.249659151 0.513050079
1403637177.038319 0.403533250 0.174376637 -0.348912448 0.007722750 0.819741607 0.257499903 0.511525035
1403637177.088319 0.394424915 0.178996593 -0.357989728 -0.000061824 0.817749977 0.266781271 0.510012567
1403637177.138319 0.385118276 0.183812872 -0.367999375 -0.005806216 0.815052629 0.276912510 0.508895755
1403637177.188319 0.376351804 0.188240871 -0.379434228 -0.011153331 0.812300146 0.285869628 0.508254409
1403637177.238319 0.367982805 0.194042847 -0.389503181 -0.015451191 0.810490370 0.292110831 0.507481873
1403637177.288319 0.359771699 0.199220046 -0.399746418 -0.017726153 0.809296012 0.296127707 0.506985247
1403637177.338319 0.352124572 0.203846797 -0.410053849 -0.020632034 0.808162630 0.300112128 0.506339967
1403637177.388319 0.345563471 0.209567577 -0.421469450 -0.023661176 0.807764649 0.301287979 0.506144166
1403637177.438319 0.338754863 0.214812458 -0.432846814 -0.029680282 0.808144510 0.300162077 0.505889654
1403637177.488319 0.332378745 0.220865369 -0.444556862 -0.037189052 0.809309900 0.298156857 0.504714906
1403637177.538319 0.327120125 0.226854861 -0.455913186 -0.042693272 0.811523259 0.295080125 0.502528727
1403637177.588319 0.322523832 0.233103305 -0.466813207 -0.050873045 0.814624250 0.289402664 0.500045359
1403637177.638319 0.318645179 0.237925217 -0.478109002 -0.057215594 0.817831516 0.282328188 0.498165339
1403637177.688319 0.314856440 0.242944002 -0.489866018 -0.061196949 0.821051240 0.274550229 0.496741384
1403637177.738319 0.312194705 0.247522771 -0.501675904 -0.065229014 0.824317932 0.266346186 0.495282590
1403637177.788319 0.309522212 0.251622379 -0.513334453 -0.063580438 0.827719927 0.260332525 0.493015409
1403637177.838319 0.307741821 0.255767554 -0.525134444 -0.059425775 0.829956234 0.261135221 0.489335924
1403637177.888319 0.306276321 0.259434283 -0.536358833 -0.055750206 0.833134770 0.262299150 0.483712256
1403637177.938319 0.305878013 0.263341308 -0.547047138 -0.053587418 0.837341130 0.263334781 0.476070344
1403637177.988319 0.305603087 0.267109871 -0.557735801 -0.055826839 0.842186987 0.263612390 0.467025697
1403637178.038319 0.305548966 0.271352023 -0.569295406 -0.061680458 0.848094344 0.260435969 0.457279533
1403637178.088319 0.306055069 0.275919646 -0.579509258 -0.070296638 0.854964972 0.254783332 0.446294367
1403637178.138319 0.307053030 0.280618846 -0.589835644 -0.075083449 0.860563457 0.252606899 0.435870111
1403637178.188319 0.308201194 0.285257369 -0.599366367 -0.079699993 0.865436494 0.251190871 0.426111162
1403637178.238319 0.310552329 0.288800120 -0.609425187 -0.083450057 0.870196342 0.247193143 0.417959154
1403637178.288319 0.313260138 0.292352229 -0.618139267 -0.086504363 0.874862134 0.241058469 0.411125213
1403637178.338319 0.316675723 0.295727879 -0.627255201 -0.089215368 0.879311562 0.233390376 0.405438811
1403637178.388319 0.321673781 0.298898131 -0.636449039 -0.094118759 0.882167518 0.228391260 0.400948197
1403637178.438319 0.326367676 0.300684780 -0.644317150 -0.096725322 0.884938896 0.223357573 0.397037297
1403637178.488319 0.331545115 0.302190840 -0.651580095 -0.098354131 0.886478186 0.222052872 0.393923044
1403637178.538319 0.337365746 0.301761687 -0.654839754 -0.096466556 0.887637079 0.222428277 0.391561359
1403637178.588319 0.343680382 0.302471757 -0.660945177 -0.094535202 0.888424635 0.222755983 0.390057117
1403637178.638319 0.350395411 0.303041339 -0.666280150 -0.086041093 0.888869584 0.224532157 0.389991105
1403637178.688319 0.358086199 0.303080499 -0.670607746 -0.075875126 0.889357865 0.225679263 0.390326053
1403637178.738319 0.365068555 0.303096592 -0.675025225 -0.063090578 0.890130162 0.225136384 0.391154051
1403637178.788319 0.373163581 0.303884357 -0.678952098 -0.050815810 0.890872002 0.223413840 0.392238498
1403637178.838319 0.381567836 0.303750992 -0.682691574 -0.040791422 0.891457438 0.221730560 0.393033355
1403637178.888319 0.389905959 0.304602563 -0.685798645 -0.029010469 0.891232431 0.222415715 0.394201010
1403637178.938319 0.397746265 0.305786073 -0.688088596 -0.019079521 0.891001642 0.222658008 0.395190388
1403637178.988319 0.405859768 0.306987315 -0.690320373 -0.011817567 0.890980661 0.221615195 0.396106780
1403637179.038319 0.414189458 0.307587713 -0.691857517 -0.005942121 0.890992641 0.220581278 0.396787971
1403637179.088319 0.422192931 0.309061706 -0.693351865 -0.004192390 0.890227735 0.222176388 0.397636384
1403637179.138319 0.430283159 0.310940325 -0.694332480 -0.005368539 0.888813019 0.226527557 0.398331434
1403637179.188319 0.438299954 0.312483341 -0.695281982 -0.005911633 0.887669742 0.229310051 0.399279803
1403637179.238319 0.446161866 0.313668936 -0.695984721 -0.009704554 0.886322737 0.232562378 0.400315583
1403637179.288319 0.453888595 0.314493984 -0.696392000 -0.012700235 0.885524750 0.234065518 0.401120901
1403637179.338319 0.461390167 0.314186573 -0.696716309 -0.016018054 0.885351419 0.234029889 0.401405394
1403637179.388319 0.468646169 0.313258588 -0.696779966 -0.018686609 0.884792149 0.234777376 0.402086049
1403637179.438319 0.476236016 0.311828792 -0.696987510 -0.020222345 0.884396255 0.234889790 0.402816474
1403637179.488319 0.483905733 0.309552193 -0.696958184 -0.020149773 0.883970141 0.235899076 0.403165489
1403637179.538319 0.491403133 0.307782590 -0.696997762 -0.019460276 0.883747578 0.235835075 0.403724372
1403637179.588319 0.499215722 0.305254668 -0.696665525 -0.019648697 0.884122550 0.235012054 0.403373957
1403637179.638319 0.506705105 0.303603411 -0.696195483 -0.018597541 0.884150267 0.235072225 0.403328001
1403637179.688319 0.514455795 0.302747846 -0.695266366 -0.018889334 0.884802461 0.233434781 0.402834982
1403637179.738319 0.522209942 0.302602351 -0.694085479 -0.021252966 0.885642648 0.231491596 0.401991457
1403637179.788319 0.529904306 0.303719759 -0.692319632 -0.027061971 0.886814117 0.228641883 0.400688469
1403637179.838319 0.537764668 0.306192011 -0.689333558 -0.034581121 0.888903201 0.222609282 0.398873836
1403637179.888319 0.545882225 0.308785260 -0.686854899 -0.041913196 0.890802145 0.215958372 0.397588760
1403637179.938319 0.553865433 0.311822027 -0.683745384 -0.046383172 0.892385840 0.210601464 0.396412760
1403637179.988319 0.562042773 0.314835191 -0.680063605 -0.047442075 0.892835438 0.208720952 0.396269768
1403637180.038319 0.570196271 0.317722738 -0.675908983 -0.042967785 0.892098486 0.212034121 0.396680713
1403637180.088319 0.579194248 0.319716811 -0.671281219 -0.038085878 0.890829146 0.216886640 0.397407949
1403637180.138319 0.587999403 0.321598321 -0.666385710 -0.030507633 0.889319241 0.222076297 0.398575872
1403637180.188319 0.596516013 0.322976470 -0.661081493 -0.023447083 0.887457848 0.228083387 0.399808407
1403637180.238319 0.605373681 0.323872268 -0.655707240 -0.018136987 0.886088789 0.231993303 0.400869966
1403637180.288319 0.614016771 0.325073004 -0.650321603 -0.013124321 0.884338856 0.236421391 0.402339995
1403637180.338319 0.622585833 0.324920863 -0.645237744 -0.010023057 0.882919610 0.240270823 0.403264731
1403637180.388319 0.631084383 0.325959444 -0.638930917 -0.008727388 0.880570114 0.247400060 0.404120386
1403637180.438319 0.639344752 0.325996876 -0.632836163 -0.010962276 0.877892077 0.256062627 0.404496253
1403637180.488319 0.647971988 0.326069951 -0.626663506 -0.013821217 0.874936223 0.266096950 0.404336452
1403637180.538319 0.656389952 0.326171577 -0.620725632 -0.016381392 0.872840226 0.272940576 0.404209167
1403637180.588319 0.664650440 0.326534033 -0.615455508 -0.019204456 0.872113645 0.275105149 0.404185712
1403637180.638319 0.673902750 0.325212002 -0.610481679 -0.025563616 0.874329150 0.268873900 0.403239191
1403637180.688319 0.682601988 0.323817492 -0.604940772 -0.027508952 0.877636909 0.259143740 0.402294904
1403637180.738319 0.691767573 0.321927845 -0.599718213 -0.026190238 0.879738450 0.253625661 0.401308298
1403637180.788319 0.700501680 0.319484711 -0.594441652 -0.026316406 0.882199585 0.247172192 0.399921507
1403637180.838319 0.708896399 0.317174375 -0.589862704 -0.028903263 0.884182632 0.242422581 0.398267418
1403637180.888319 0.718232095 0.314513177 -0.584353030 -0.035045579 0.886906624 0.235507205 0.395859599
1403637180.938319 0.727647007 0.311734170 -0.578698158 -0.039831754 0.888629019 0.231998846 0.393609405
1403637180.988319 0.737140059 0.308289498 -0.572680175 -0.045313526 0.890460074 0.228115231 0.391140580
1403637181.038319 0.746934354 0.304946482 -0.566649795 -0.051728398 0.892015278 0.224925488 0.388640553
1403637181.088319 0.756523490 0.300489843 -0.560711563 -0.051533889 0.892575085 0.225138426 0.387255311
1403637181.138319 0.765852571 0.296011984 -0.554834127 -0.045552500 0.892588258 0.228014648 0.386290699
1403637181.188319 0.775936186 0.291445851 -0.548269033 -0.036253944 0.892163396 0.231800005 0.386003733
1403637181.238319 0.785910964 0.285914302 -0.540927768 -0.026282363 0.892323136 0.233620092 0.385344386
1403637181.288319 0.796008229 0.280817389 -0.533758402 -0.016714057 0.892589808 0.234143883 0.384942472
1403637181.338319 0.806870520 0.274591297 -0.525667489 -0.011542234 0.893916309 0.231863067 0.383431703
1403637181.388319 0.816331565 0.268415719 -0.519255579 -0.008958006 0.895020127 0.228659764 0.382849097
1403637181.438319 0.826704621 0.261347592 -0.511868477 -0.009554997 0.896095812 0.226846009 0.381394744
1403637181.488319 0.836796284 0.255240738 -0.503431380 -0.011928600 0.896743238 0.226729542 0.379872322
1403637181.538319 0.845766008 0.249314278 -0.496032149 -0.014042857 0.896637976 0.228963643 0.378706753
1403637181.588319 0.855370760 0.242418319 -0.488417268 -0.014797330 0.896117389 0.232541561 0.377728820
1403637181.638319 0.865044475 0.235645235 -0.479734331 -0.016145363 0.896124303 0.235252067 0.375974685
1403637181.688319 0.874693632 0.227839977 -0.472184330 -0.015809471 0.895861924 0.238028437 0.374865144
1403637181.738319 0.883719623 0.220348060 -0.464338481 -0.012725490 0.895323038 0.240986660 0.374379665
1403637181.788319 0.893277407 0.212986946 -0.455587685 -0.008517122 0.895846248 0.241403908 0.372976094
1403637181.838319 0.902905107 0.205057383 -0.447262913 -0.004531317 0.896079600 0.242004424 0.372094959
1403637181.888319 0.911723971 0.199162543 -0.438603759 -0.001094280 0.896411002 0.241448015 0.371683866
1403637181.938319 0.920964956 0.192511275 -0.429938763 0.000385078 0.896297157 0.242263049 0.371429533
1403637181.988319 0.929818034 0.185850158 -0.421463758 0.001563035 0.896373272 0.241863951 0.371502787
1403637182.038319 0.939225018 0.179410189 -0.412250996 0.002765607 0.896932602 0.240174696 0.371241659
1403637182.088319 0.948657751 0.172939986 -0.403112680 0.004937198 0.898130894 0.235799998 0.371126562
1403637182.138319 0.957695603 0.166394562 -0.394031078 0.008152573 0.898452878 0.233588070 0.371688813
1403637182.188319 0.966053724 0.159974784 -0.385234267 0.014699877 0.898089826 0.232126668 0.373277098
1403637182.238319 0.974860191 0.153837621 -0.375973850 0.020787541 0.897861600 0.230145290 0.374760747
1403637182.288319 0.983084857 0.148761928 -0.365887284 0.027743159 0.897600055 0.228289202 0.376069814
1403637182.338319 0.990814507 0.142826974 -0.356589973 0.033547278 0.897091448 0.226615876 0.377818495
1403637182.388319 0.998467922 0.136988044 -0.346984595 0.036625359 0.897046566 0.224431813 0.378941238
1403637182.438319 1.005954862 0.131197125 -0.337062478 0.042104408 0.896918833 0.221466094 0.380416334
1403637182.488319 1.012239218 0.125963271 -0.327341676 0.040549025 0.898514926 0.213961884 0.381112933
1403637182.538319 1.018295527 0.120015174 -0.317932993 0.037937053 0.899181962 0.209784403 0.382129729
1403637182.588319 1.024079800 0.113812178 -0.307925880 0.034532771 0.900100768 0.205875888 0.382415026
1403637182.638319 1.029458284 0.107627451 -0.297814608 0.031990983 0.900312126 0.204615653 0.382814765
1403637182.688319 1.034419894 0.100705907 -0.287550718 0.031785369 0.899824917 0.205841780 0.383319795
1403637182.738319 1.038912177 0.093194529 -0.277234524 0.033597104 0.899388254 0.206485808 0.383843213
1403637182.788319 1.042662382 0.086971223 -0.266786665 0.037095699 0.898476541 0.208899617 0.384349883
1403637182.838319 1.046263814 0.081091911 -0.255926609 0.041061968 0.897822201 0.210736260 0.384472996
1403637182.888319 1.049970865 0.074539363 -0.244916469 0.043863371 0.897485137 0.212407678 0.384030521
1403637182.938319 1.052628875 0.068840533 -0.233638138 0.048808109 0.897091866 0.213365242 0.383821905
1403637182.988319 1.055298686 0.063799158 -0.221814185 0.054195516 0.896620572 0.214854330 0.383369297
1403637183.038319 1.057255507 0.058412969 -0.210415483 0.060083255 0.895580292 0.217551127 0.383402526
1403637183.088319 1.058819056 0.054311454 -0.198441237 0.065436132 0.894997656 0.218735799 0.383212715
1403637183.138319 1.060484648 0.050257772 -0.186849028 0.070356861 0.893911362 0.221736401 0.383151859
1403637183.188319 1.061434984 0.047753602 -0.174802423 0.073528081 0.893376231 0.223112807 0.383005410
1403637183.238319 1.061576724 0.045286685 -0.162564725 0.076064184 0.892593384 0.224980220 0.383242995
1403637183.288319 1.061389923 0.043066382 -0.150189489 0.077967256 0.892018020 0.226678744 0.383199304
1403637183.338319 1.060568094 0.040727526 -0.138223588 0.080038823 0.891219616 0.229239136 0.383106828
1403637183.388319 1.058840990 0.039120704 -0.126628399 0.082270987 0.890387714 0.231203958 0.383387387
1403637183.438319 1.057253122 0.037250519 -0.115008205 0.082847945 0.890488446 0.231622398 0.382776260
1403637183.488319 1.054563284 0.036079377 -0.102890491 0.083311342 0.890648484 0.231257841 0.382523626
1403637183.538319 1.051243782 0.034917921 -0.091278106 0.085044108 0.889895082 0.233326837 0.382639438
1403637183.588319 1.046289802 0.035009295 -0.082168132 0.086640649 0.889631808 0.234307840 0.382293671
1403637183.638319 1.041433811 0.034393787 -0.071269631 0.089390524 0.888863623 0.235497430 0.382716268
1403637183.688319 1.036756039 0.033804223 -0.059590042 0.091251291 0.888858318 0.235694095 0.382168084
1403637183.738319 1.031310320 0.033213004 -0.048403740 0.093909174 0.887489617 0.239707857 0.382208586
1403637183.788319 1.025337100 0.032524660 -0.037344664 0.096826360 0.885185242 0.246299505 0.382633328
1403637183.838319 1.017624378 0.032125264 -0.026778817 0.099021748 0.882755160 0.252604097 0.383574218
1403637183.888319 1.011772871 0.030152142 -0.016133726 0.101229385 0.880843818 0.259450942 0.382821083
1403637183.938319 1.003081679 0.030053318 -0.006366968 0.104208700 0.878871620 0.264445215 0.383136928
1403637183.988319 0.995383739 0.028546453 0.003347278 0.105659135 0.877264321 0.270043910 0.382517666
1403637184.038319 0.985225320 0.027524084 0.011827171 0.107772842 0.875493765 0.274627298 0.382721245
1403637184.088319 0.974395335 0.026657760 0.020047575 0.108045310 0.874841809 0.276921183 0.382482290
1403637184.138319 0.963967204 0.024584204 0.027876794 0.105682135 0.875127196 0.278255403 0.381520182
1403637184.188319 0.952668548 0.023455352 0.034593552 0.102065742 0.875500083 0.278998494 0.381106347
1403637184.238319 0.939923525 0.023154408 0.041262060 0.095231384 0.877459884 0.275829405 0.380674750
1403637184.288319 0.926304221 0.023010224 0.047478944 0.083810404 0.879562199 0.272887498 0.380629152
1403637184.338319 0.915189624 0.022275254 0.053977549 0.070423588 0.881996393 0.270956784 0.379084915
1403637184.388319 0.902608931 0.024273619 0.060598612 0.058338612 0.883426726 0.269799799 0.378631532
1403637184.438319 0.889723778 0.025588334 0.066328526 0.047600824 0.883911431 0.270552725 0.378465295
1403637184.488319 0.875804901 0.026451394 0.071109653 0.039573129 0.882829666 0.274453372 0.379105717
1403637184.538319 0.861052692 0.028432742 0.076357067 0.033071004 0.881561875 0.278080672 0.380034328
1403637184.588319 0.850006580 0.029645398 0.082215399 0.026224913 0.880188107 0.283931285 0.379426152
1403637184.638319 0.836499333 0.031587362 0.087617278 0.021497164 0.878543496 0.288558662 0.380043596
1403637184.688319 0.823720157 0.033773333 0.093061537 0.018034048 0.877087414 0.293045670 0.380153537
1403637184.738319 0.811549604 0.035380423 0.097659826 0.015686933 0.875248253 0.298337072 0.380380630
1403637184.788319 0.798696756 0.036482289 0.102125436 0.012709141 0.873934805 0.302141100 0.380509168
1403637184.838319 0.787078738 0.037593871 0.107029855 0.010365386 0.873053670 0.304814517 0.380470663
1403637184.888319 0.774067044 0.038755238 0.109929323 0.009350351 0.872152925 0.306866467 0.380913109
1403637184.938319 0.762616932 0.040549859 0.113270760 0.006042318 0.872076452 0.307149559 0.380926788
1403637184.988319 0.750698686 0.040729955 0.115476489 0.007105706 0.870949268 0.310133517 0.381069660
1403637185.038319 0.739235699 0.040966198 0.117607400 0.002758631 0.870598912 0.311344117 0.380939275
1403637185.088319 0.727975607 0.040922448 0.119694740 0.002484830 0.870063841 0.312916964 0.380874842
1403637185.138319 0.716963828 0.041498080 0.120315954 0.003031727 0.869733274 0.314146250 0.380613923
1403637185.188319 0.706425905 0.041678533 0.120680392 0.002424116 0.869709134 0.314429551 0.380439430
1403637185.238319 0.696108162 0.041175529 0.121171281 0.000634436 0.869404078 0.315758973 0.380042613
1403637185.288319 0.686116874 0.040466234 0.121128380 -0.002079760 0.868646383 0.318149775 0.379776001
1403637185.338319 0.676358104 0.040042043 0.120230600 -0.006125250 0.868039966 0.320095539 0.379483789
1403637185.388319 0.666767359 0.039234444 0.119083703 -0.012116719 0.867557108 0.321827322 0.378978819
1403637185.438319 0.657625914 0.038362592 0.117625847 -0.017205914 0.866960883 0.323732644 0.378523320
1403637185.488319 0.649270236 0.037298724 0.115529492 -0.021107588 0.867139876 0.323661149 0.377976716
1403637185.538319 0.641022503 0.035943136 0.113000005 -0.022713693 0.867906451 0.322038859 0.377509475
1403637185.588319 0.633554578 0.034530625 0.109931365 -0.020676399 0.869602263 0.318286866 0.376905590
1403637185.638319 0.625896573 0.031786904 0.106687590 -0.016903143 0.872167349 0.311723560 0.376652092
1403637185.688319 0.619083107 0.029855147 0.102962822 -0.012670305 0.875645280 0.302625269 0.376168489
1403637185.738319 0.612351239 0.028190643 0.099168345 -0.009029145 0.878677428 0.294359565 0.375761777
1403637185.788319 0.605563045 0.026409134 0.095206648 -0.008863905 0.881252825 0.287027627 0.375406414
1403637185.838319 0.599564970 0.025722489 0.090998113 -0.010329201 0.882869065 0.282383472 0.375093430
1403637185.888319 0.593510211 0.024876803 0.087036520 -0.010257835 0.884497166 0.277478516 0.374920309
1403637185.938319 0.587546706 0.024088830 0.083076388 -0.009710197 0.885561824 0.274476707 0.374631196
1403637185.988319 0.582166314 0.023624450 0.079163313 -0.007684076 0.886778116 0.270767063 0.374500692
1403637186.038319 0.576938093 0.023634374 0.075298473 -0.004829781 0.887965918 0.267102242 0.374365658
1403637186.088319 0.571339965 0.022834107 0.071331769 -0.003748738 0.888774753 0.264310807 0.374439806
1403637186.138319 0.566062033 0.022161543 0.067566171 -0.002610823 0.889103353 0.263031632 0.374570191
1403637186.188319 0.561327338 0.021452248 0.063680589 -0.001955389 0.889359653 0.262217939 0.374536097
1403637186.238319 0.556094885 0.020031467 0.059882686 -0.002510772 0.889165640 0.262859046 0.374544114
1403637186.288319 0.551325202 0.018538639 0.055931389 -0.003866764 0.889150083 0.262773871 0.374629200
1403637186.338319 0.546465755 0.016712040 0.051923901 -0.002665541 0.889941573 0.260188878 0.374564588
1403637186.388319 0.541467309 0.014537036 0.047943011 -0.000602884 0.890268683 0.259310931 0.374405205
1403637186.438319 0.536904216 0.012308106 0.043857083 0.002670745 0.890330374 0.259084731 0.374405950
1403637186.488319 0.532298803 0.009508356 0.039873987 0.006191376 0.890199482 0.259669811 0.374270111
1403637186.538319 0.527940094 0.006803960 0.035822138 0.011169436 0.890091479 0.259880930 0.374265105
1403637186.588319 0.523136199 0.003735065 0.031851247 0.013185589 0.890190482 0.259834677 0.373996019
1403637186.638319 0.518507957 0.000943810 0.027884319 0.014471305 0.890143394 0.260526836 0.373578727
1403637186.688319 0.513802767 -0.001319721 0.024058849 0.015766425 0.889769673 0.262378663 0.373120397
1403637186.738319 0.508999765 -0.003397524 0.020361602 0.017682217 0.888587952 0.266607851 0.372852623
1403637186.788319 0.504288316 -0.005158648 0.016759679 0.021295600 0.887013435 0.271740973 0.372707039
1403637186.838319 0.499425888 -0.006968498 0.013176516 0.027177820 0.884904027 0.277874976 0.372815907
1403637186.888319 0.494680882 -0.007992536 0.009424731 0.033497896 0.882932901 0.283183843 0.372980326
1403637186.938319 0.489822030 -0.008852765 0.005648613 0.041231114 0.881244183 0.287294000 0.373056024
1403637186.988319 0.485158682 -0.009418488 0.001883820 0.046860110 0.879891455 0.290782034 0.372881979
1403637187.038319 0.479915500 -0.009866357 -0.002610207 0.052037477 0.879395247 0.291176170 0.373058408
1403637187.088319 0.475088418 -0.009724244 -0.006994501 0.054672014 0.879837394 0.289408505 0.373014450
1403637187.138319 0.469464600 -0.009566709 -0.011681929 0.054157190 0.880864024 0.286466569 0.372937620
1403637187.188319 0.464002877 -0.008595452 -0.016347975 0.051043902 0.882491887 0.283790141 0.371572018
1403637187.238319 0.457952142 -0.007266596 -0.021279380 0.045995377 0.883686781 0.284301966 0.368991166
1403637187.288319 0.452331930 -0.005446166 -0.025813505 0.037421249 0.884460330 0.287774771 0.365397424
1403637187.338319 0.445899129 -0.003629208 -0.031138331 0.029430144 0.884819448 0.291570336 0.362236232
1403637187.388319 0.439775109 -0.001289412 -0.036297202 0.020344278 0.885378361 0.294235736 0.359328002
1403637187.438319 0.433850229 0.000852674 -0.041846111 0.013302965 0.885827541 0.296614200 0.356584668
1403637187.488319 0.428908288 0.003114536 -0.047079794 0.008641545 0.886173964 0.298776835 0.354052901
1403637187.538319 0.423466146 0.005398706 -0.052762762 0.005088654 0.886158049 0.301384062 0.351945549
1403637187.588319 0.417495072 0.007739425 -0.058957145 0.003445576 0.886236131 0.303078860 0.350309610
1403637187.638319 0.412636638 0.010379151 -0.065081939 0.003455925 0.886162877 0.305081904 0.348752677
1403637187.688319 0.407083005 0.012840450 -0.071848646 0.004753785 0.886028290 0.306518137 0.347818762
1403637187.738319 0.402277172 0.015539542 -0.077745490 0.005162668 0.885784984 0.308602452 0.346587390
1403637187.788319 0.397456586 0.018712729 -0.084535584 0.005403814 0.885847211 0.309332848 0.345772713
1403637187.838319 0.393445820 0.021329001 -0.091318771 0.005720288 0.884969234 0.312440753 0.345220953
1403637187.888319 0.389288604 0.024374291 -0.098259367 0.003717668 0.885031879 0.313042611 0.344541788
1403637187.938319 0.384867072 0.027633056 -0.105853476 0.000710990 0.885389566 0.312467158 0.344164252
1403637187.988319 0.380692720 0.031291351 -0.113460325 -0.000516330 0.886226237 0.310363352 0.343914658
1403637188.038319 0.376830220 0.034730598 -0.121771187 -0.002996169 0.887264252 0.307650566 0.343663067
1403637188.088319 0.373633534 0.038576394 -0.129395217 -0.005025394 0.888497651 0.304694444 0.343085974
1403637188.138319 0.370204628 0.041917890 -0.138076261 -0.006368210 0.889672101 0.301201284 0.343104601
1403637188.188319 0.366491616 0.045963451 -0.146989375 -0.010478998 0.891848385 0.294632316 0.343057513
1403637188.238319 0.363856196 0.049794659 -0.154968724 -0.014726967 0.894983590 0.285779744 0.342224181
1403637188.288319 0.361179352 0.053591438 -0.163882911 -0.016321285 0.897174418 0.278970718 0.342033535
1403637188.338319 0.358649790 0.057032391 -0.172628641 -0.015581124 0.898349881 0.275603116 0.341712862
1403637188.388319 0.356710583 0.061254486 -0.180726171 -0.012146199 0.899968922 0.270825297 0.341411918
1403637188.438319 0.354121447 0.065640897 -0.189504206 -0.008276273 0.900970995 0.267324209 0.341643780
1403637188.488319 0.352549434 0.069728702 -0.196954280 -0.005201789 0.902378261 0.264148951 0.340458095
1403637188.538319 0.351141036 0.073872805 -0.204242483 -0.000618072 0.903989494 0.262123913 0.337777495
1403637188.588319 0.349216163 0.078138255 -0.212330699 0.004481557 0.904973388 0.262878418 0.334511638
1403637188.638319 0.347170770 0.083758600 -0.219847858 0.009907030 0.906583428 0.262705237 0.330142885
1403637188.688319 0.345508009 0.088162616 -0.227521628 0.017794834 0.907795191 0.265205711 0.324433684
1403637188.738319 0.343185544 0.093428954 -0.235623091 0.026180316 0.909336805 0.267232269 0.317817688
1403637188.788319 0.341383398 0.098806441 -0.243078500 0.035319358 0.910542309 0.270925015 0.310265929
1403637188.838319 0.339686722 0.103422500 -0.250310957 0.041423462 0.911958992 0.274719685 0.301900625
1403637188.888319 0.338301539 0.108169682 -0.257043570 0.044635158 0.913607538 0.277348936 0.293949813
1403637188.938319 0.335910052 0.113620490 -0.264345109 0.046244122 0.914852679 0.279738814 0.287492931
1403637188.988319 0.333809078 0.118377872 -0.271177530 0.042824019 0.916068912 0.282547653 0.281337261
1403637189.038319 0.331142962 0.122375965 -0.278004646 0.035494305 0.917239249 0.284925193 0.276097834
1403637189.088319 0.327975005 0.127466559 -0.285194308 0.029173717 0.917708158 0.288044006 0.272013366
1403637189.138319 0.324941158 0.131545782 -0.292617321 0.022469098 0.916852832 0.294411302 0.268696874
1403637189.188319 0.322337687 0.135165721 -0.299783111 0.019136759 0.915976107 0.299957573 0.265794963
1403637189.238319 0.319259316 0.139680997 -0.307254374 0.018095430 0.914853156 0.305326849 0.263612866
1403637189.288319 0.316412330 0.144551188 -0.315103680 0.020747336 0.914159656 0.308236122 0.262435049
1403637189.338319 0.313473016 0.149928823 -0.322939366 0.025664138 0.914543867 0.307314873 0.261741221
1403637189.388319 0.310314506 0.155909956 -0.331083179 0.029644324 0.916159213 0.302179575 0.261650562
1403637189.438319 0.307560623 0.161625952 -0.339137077 0.032405671 0.918510437 0.294667065 0.261648208
1403637189.488319 0.304522574 0.166906774 -0.347545952 0.033603363 0.920377553 0.288458079 0.261854619
1403637189.538319 0.301644295 0.172086954 -0.355681360 0.031927954 0.921935141 0.283355504 0.262156010
1403637189.588319 0.298277199 0.177227885 -0.364041626 0.029076846 0.923173964 0.278909802 0.262894779
1403637189.638319 0.295040518 0.182083815 -0.372100532 0.025707116 0.924152970 0.275651425 0.263242632
1403637189.688319 0.291572928 0.186174691 -0.381040543 0.022940483 0.924992979 0.272271544 0.264064312
1403637189.738319 0.288156718 0.190384537 -0.389032930 0.020852046 0.924544096 0.273101717 0.264950782
1403637189.788319 0.282877207 0.192948699 -0.398207814 0.019162588 0.923799753 0.274692237 0.266028136
1403637189.838319 0.279324383 0.195825130 -0.407068908 0.015854592 0.923193812 0.276407897 0.266571581
1403637189.888319 0.275797248 0.199075609 -0.415581793 0.015600303 0.923459530 0.275108963 0.267009646
1403637189.938319 0.272298902 0.201412290 -0.424001217 0.016791286 0.923776865 0.273845375 0.267138511
1403637189.988319 0.268592179 0.203369394 -0.432519615 0.015350224 0.924399912 0.272004694 0.266950428
1403637190.038319 0.265933871 0.206269532 -0.441843182 0.016224764 0.924984753 0.269794226 0.267116159
1403637190.088319 0.262438655 0.207467645 -0.450063467 0.015134742 0.925914049 0.267443359 0.266323388
1403637190.138319 0.258865058 0.209037334 -0.458606988 0.015863886 0.926240087 0.266483903 0.266108721
1403637190.188319 0.255164146 0.210243508 -0.467030257 0.015622444 0.926898420 0.264741689 0.265569270
1403637190.238319 0.251564205 0.211249918 -0.475329757 0.017655801 0.927075088 0.264242083 0.265322685
1403637190.288319 0.247796908 0.212196022 -0.483260512 0.018039403 0.927588522 0.263156533 0.264580160
1403637190.338319 0.243793964 0.212339967 -0.491654247 0.018384971 0.927654505 0.263323605 0.264158607
1403637190.388319 0.240156740 0.212640345 -0.499775589 0.019766696 0.927626133 0.263891041 0.263591677
1403637190.438319 0.236850053 0.212118104 -0.506996810 0.021685012 0.927738965 0.264110208 0.262823075
1403637190.488319 0.233407736 0.211182386 -0.514590800 0.021934930 0.928284109 0.263055265 0.261934072
1403637190.538319 0.229439035 0.211185485 -0.521775067 0.019927083 0.928700507 0.262788862 0.260883719
1403637190.588319 0.225397229 0.211036831 -0.529434562 0.017204249 0.929114640 0.261811823 0.260585189
1403637190.638319 0.221384645 0.211051345 -0.536603570 0.011774265 0.929291368 0.260343999 0.261724859
1403637190.688319 0.217714489 0.211345047 -0.542988122 0.007199463 0.928882658 0.258711785 0.264940292
1403637190.738319 0.214276046 0.211784571 -0.549485862 0.006937127 0.927158237 0.259132892 0.270517260
1403637190.788319 0.210789472 0.212274522 -0.555199802 0.007994919 0.925565779 0.258570611 0.276415139
1403637190.838319 0.206763580 0.213168442 -0.561439455 0.010371989 0.923566282 0.258720785 0.282809556
1403637190.888319 0.203243807 0.214230776 -0.567538857 0.013681456 0.921695054 0.258883625 0.288565904
1403637190.938319 0.199654460 0.215070993 -0.572929442 0.016349200 0.920244873 0.258449316 0.293404073
1403637190.988319 0.196361244 0.215992019 -0.578564525 0.018254587 0.918966532 0.258018583 0.297646910
1403637191.038319 0.192794457 0.218270406 -0.583631516 0.019620320 0.917998254 0.257002413 0.301403373
1403637191.088319 0.189198971 0.219787911 -0.588522255 0.021062842 0.917292833 0.255954117 0.304331511
1403637191.138319 0.185736150 0.221824110 -0.593407631 0.021569079 0.916741192 0.255190283 0.306591332
1403637191.188319 0.181651190 0.223936304 -0.598577917 0.020947741 0.916376233 0.254126728 0.308602244
1403637191.238319 0.178168535 0.225527227 -0.602726400 0.020230666 0.916235149 0.253874898 0.309275538
1403637191.288319 0.173984632 0.228238150 -0.607419252 0.018776514 0.916106761 0.253120273 0.310364187
1403637191.338319 0.169813395 0.230732247 -0.611980438 0.018866271 0.916070938 0.252282828 0.311145306
1403637191.388319 0.165716290 0.233288497 -0.616493285 0.016509660 0.916558087 0.250507265 0.311279327
1403637191.438319 0.161541998 0.235507935 -0.620742440 0.014647537 0.916858852 0.249470696 0.311319172
1403637191.488319 0.157491624 0.237610668 -0.624566972 0.014525273 0.917169750 0.248900488 0.310865164
1403637191.538319 0.152962565 0.239325717 -0.628954887 0.011535634 0.917613983 0.248035997 0.310370147
1403637191.588319 0.148689315 0.240951657 -0.632946372 0.007492951 0.918032229 0.247792035 0.309450716
1403637191.638319 0.144867882 0.241932839 -0.636178553 0.003383919 0.917475939 0.251579672 0.308113873
1403637191.688319 0.140643314 0.243281364 -0.639463127 0.000187850 0.916359901 0.257088035 0.306904346
1403637191.738319 0.136459634 0.243449956 -0.642893553 -0.001858558 0.915270507 0.261941075 0.306044698
1403637191.788319 0.132561162 0.244037271 -0.646098793 -0.004850991 0.914309740 0.266457677 0.304982811
1403637191.838319 0.128535450 0.243556589 -0.649931550 -0.011065236 0.914428294 0.267013490 0.303977460
1403637191.888319 0.124566391 0.243521065 -0.653124928 -0.017630581 0.914933503 0.266187131 0.302870154
1403637191.938319 0.121098265 0.242547005 -0.656604648 -0.024438472 0.915677905 0.264540434 0.301587671
1403637191.988319 0.117792770 0.241597921 -0.660057664 -0.029920476 0.916103601 0.263382137 0.300813675
1403637192.038319 0.114510447 0.240279406 -0.663493872 -0.031744663 0.915448606 0.266357332 0.299999803
1403637192.088319 0.112254173 0.238675594 -0.666194916 -0.031855192 0.914040446 0.272264719 0.298976868
1403637192.138319 0.110032558 0.236898497 -0.668797374 -0.032567512 0.912785649 0.277069241 0.298319131
1403637192.188319 0.107985169 0.234633386 -0.671308875 -0.034224536 0.911941707 0.280421227 0.297581732
1403637192.238319 0.106391937 0.232039258 -0.674271464 -0.036859404 0.911573946 0.281859845 0.297034264
1403637192.288319 0.105182454 0.229334980 -0.677341461 -0.042015959 0.911803663 0.281160265 0.296306580
1403637192.338319 0.104288712 0.226283550 -0.680613458 -0.047063187 0.912368238 0.278926134 0.295921385
1403637192.388319 0.103951707 0.223639369 -0.683583617 -0.048315331 0.913315237 0.275881141 0.295652568
1403637192.438319 0.104219213 0.221059740 -0.686143219 -0.045870531 0.913111687 0.277218550 0.295419574
1403637192.488319 0.104814440 0.218398392 -0.688511908 -0.039901398 0.911842585 0.282363534 0.295333326
1403637192.538319 0.105848745 0.216229588 -0.690312147 -0.033323944 0.910553634 0.287480563 0.295188993
1403637192.588319 0.107503757 0.213878512 -0.692019701 -0.027121732 0.908998847 0.293069392 0.295120120
1403637192.638319 0.109071434 0.211977258 -0.694175363 -0.022804841 0.907637119 0.297662646 0.295079201
1403637192.688319 0.110554367 0.210747153 -0.697554111 -0.019770620 0.906355619 0.300967723 0.295883447
1403637192.738319 0.112769425 0.209456474 -0.700076640 -0.017897509 0.905990779 0.302065939 0.296000898
1403637192.788319 0.114965528 0.208372384 -0.702875137 -0.017070223 0.906017601 0.301716089 0.296324283
1403637192.838319 0.117743164 0.207401171 -0.705372632 -0.016528610 0.906810343 0.299076855 0.296605527
1403637192.888319 0.120611578 0.206049144 -0.708221555 -0.016036261 0.908090055 0.294975042 0.296824962
1403637192.938319 0.123492420 0.204639375 -0.711396396 -0.014111235 0.909048676 0.291471094 0.297449172
1403637192.988319 0.126692683 0.202877283 -0.714331150 -0.013339627 0.910012543 0.288030595 0.297888607
1403637193.038319 0.129897684 0.201286256 -0.717886448 -0.010389267 0.910115004 0.287082702 0.298607200
1403637193.088319 0.133199871 0.199269146 -0.720659435 -0.004736947 0.909204304 0.289773345 0.298925638
1403637193.138319 0.136883989 0.196834639 -0.724644303 0.004633024 0.906504035 0.297308207 0.299727887
1403637193.188319 0.140264660 0.194199547 -0.729097843 0.015091033 0.903173506 0.305972993 0.300716549
1403637193.238319 0.143586814 0.192345828 -0.733040512 0.021730457 0.900873184 0.311775982 0.301249117
1403637193.288319 0.147355735 0.190464228 -0.737251937 0.025625771 0.899632335 0.315164149 0.301125467
1403637193.338319 0.151001066 0.189509064 -0.741927803 0.019458899 0.901191652 0.311508060 0.300728470
1403637193.388319 0.154571414 0.189044476 -0.746350884 0.013606178 0.903596163 0.305324197 0.300176531
1403637193.438319 0.158073723 0.189046368 -0.750977397 0.007362438 0.906176388 0.298424691 0.299554467
1403637193.488319 0.161497399 0.189440966 -0.755901814 0.001759434 0.908111632 0.292554647 0.299569577
1403637193.538319 0.165505528 0.189030498 -0.760637999 -0.003953944 0.909644008 0.288054705 0.299260050
1403637193.588319 0.169726133 0.188729063 -0.765847206 -0.009025511 0.910281003 0.285841137 0.299335659
1403637193.638319 0.173711449 0.188206851 -0.770941019 -0.012214393 0.910824299 0.283992320 0.299329668
1403637193.688319 0.177971274 0.187522411 -0.776009381 -0.014983755 0.911043346 0.283106774 0.299376100
1403637193.738319 0.182080120 0.186545938 -0.781494737 -0.017843828 0.911295712 0.281843424 0.299643099
1403637193.788319 0.186691821 0.185220629 -0.786818981 -0.019324582 0.911451876 0.281327933 0.299560755
1403637193.838319 0.191429466 0.183611006 -0.792181373 -0.021133251 0.911407113 0.281099051 0.299789518
1403637193.888319 0.196211338 0.181844130 -0.797430456 -0.021319373 0.911433578 0.281062514 0.299730182
1403637193.938319 0.201409742 0.180163175 -0.802457392 -0.019663371 0.912012577 0.279352248 0.299680948
1403637193.988319 0.206425339 0.178871110 -0.807796597 -0.018209992 0.913241684 0.275338560 0.299744248
1403637194.038319 0.211707368 0.178500861 -0.812753260 -0.016048742 0.914435029 0.271346450 0.299870074
1403637194.088319 0.217579246 0.178587437 -0.817793846 -0.014172250 0.915291250 0.268907130 0.299549609
1403637194.138319 0.223766193 0.177319139 -0.817809105 -0.014193203 0.915853977 0.267688632 0.298919439
1403637194.188319 0.229558244 0.178239942 -0.821719229 -0.013673408 0.915974259 0.267584622 0.298668146
1403637194.238319 0.235347286 0.179466471 -0.825746059 -0.012446768 0.915274262 0.270117104 0.298588097
1403637194.288319 0.241191208 0.180361450 -0.829839587 -0.012194773 0.915022552 0.271078467 0.298498780
1403637194.338319 0.247383177 0.180960596 -0.833981395 -0.012758862 0.914401233 0.273462921 0.298204094
1403637194.388319 0.253412545 0.181373179 -0.837795794 -0.013280412 0.913989842 0.274806052 0.298207581
1403637194.438319 0.259770751 0.181533501 -0.841826439 -0.014788808 0.913704216 0.275936246 0.297968239
1403637194.488319 0.265655309 0.181643456 -0.846272707 -0.013021803 0.913384736 0.276785791 0.298242122
1403637194.538319 0.272474945 0.180934459 -0.849974275 -0.013349731 0.913204014 0.277805626 0.297832489
1403637194.588319 0.279031157 0.180234715 -0.854390860 -0.013267030 0.912991703 0.278626502 0.297720283
1403637194.638319 0.285569608 0.179272115 -0.858301640 -0.014100312 0.912971795 0.279200464 0.297204912
1403637194.688319 0.292489767 0.178260714 -0.862975121 -0.015327333 0.912000358 0.282460958 0.297045827
1403637194.738319 0.299479365 0.177215189 -0.866618514 -0.016299540 0.911199689 0.285827905 0.296229333
1403637194.788319 0.306303859 0.176049709 -0.870871484 -0.016510865 0.910519063 0.288383752 0.295833021
1403637194.838319 0.313978136 0.174883604 -0.875337899 -0.016596550 0.910068572 0.290350080 0.295290619
1403637194.888319 0.321140110 0.174329221 -0.879689693 -0.016620008 0.909622908 0.291948318 0.295086741
1403637194.938319 0.328714311 0.173603982 -0.883894503 -0.013660772 0.910314381 0.290153325 0.294876486
1403637194.988319 0.336292356 0.173507750 -0.888265312 -0.011070748 0.911696613 0.286228478 0.294550449
1403637195.038319 0.343493283 0.173590273 -0.892270565 -0.009615200 0.913568676 0.280461758 0.294348449
1403637195.088319 0.351426899 0.173817486 -0.896940649 -0.007717367 0.915084183 0.275758266 0.294140607
1403637195.138319 0.359838098 0.173745215 -0.900902808 -0.006157121 0.916659355 0.271128774 0.293576121
1403637195.188319 0.367961287 0.174177915 -0.904884815 -0.004973399 0.917968035 0.266780108 0.293493271
1403637195.238319 0.375601977 0.174815595 -0.909114003 -0.003503386 0.918942571 0.263499707 0.293428212
1403637195.288319 0.383266151 0.175907284 -0.912952304 -0.002879595 0.919709563 0.260582983 0.293636739
1403637195.338319 0.390516579 0.177108407 -0.916029215 -0.000923680 0.920304418 0.258267134 0.293831587
1403637195.388319 0.398546576 0.178066432 -0.919197261 -0.001993272 0.920611858 0.256994069 0.293979526
1403637195.438319 0.406507075 0.178827375 -0.922525525 -0.000211601 0.920316517 0.256109715 0.295677722
1403637195.488319 0.414265811 0.179388404 -0.925362527 0.000193865 0.919055998 0.256375253 0.299345613
1403637195.538319 0.422170132 0.179943323 -0.928512692 0.000450743 0.917241335 0.257818401 0.303640991
1403637195.588319 0.429697663 0.179569185 -0.931372881 -0.000111479 0.915956557 0.257599056 0.307678908
1403637195.638319 0.437399864 0.179029644 -0.933983922 0.000007028 0.914884448 0.257001221 0.311346740
1403637195.688319 0.444846928 0.178172737 -0.936437607 0.000400890 0.914097905 0.255823493 0.314609557
1403637195.738319 0.452076644 0.177102804 -0.939109087 -0.000407630 0.913652480 0.253972203 0.317391038
1403637195.788319 0.460017383 0.176033348 -0.941866875 -0.002563220 0.912824094 0.254231632 0.319549561
1403637195.838319 0.467441320 0.174922496 -0.944177687 -0.007590540 0.913339376 0.250085622 0.321264267
1403637195.888319 0.474862605 0.173599690 -0.946484387 -0.013486513 0.913444817 0.247998744 0.322386920
1403637195.938319 0.482521147 0.172637105 -0.948515296 -0.019242777 0.913686872 0.245553255 0.323279500
1403637195.988319 0.489862263 0.171590418 -0.950250208 -0.026828235 0.914363384 0.241749555 0.323692709
1403637196.038319 0.497065425 0.170616329 -0.951695800 -0.033560678 0.915134013 0.237431869 0.324082494
1403637196.088319 0.504895091 0.169652402 -0.952862322 -0.039256852 0.916796088 0.230197921 0.323964089
1403637196.138319 0.512994230 0.169132650 -0.953498065 -0.044000253 0.918850005 0.221670672 0.323482215
1403637196.188319 0.521022320 0.167776793 -0.953859448 -0.048149582 0.921022177 0.212122172 0.323116064
1403637196.238319 0.529394567 0.167220920 -0.953873932 -0.049473941 0.923119009 0.203116998 0.322718233
1403637196.288319 0.537848711 0.166619405 -0.953043580 -0.051124763 0.924920499 0.195011809 0.322302222
1403637196.338319 0.546467423 0.165865332 -0.951770246 -0.053194080 0.926487565 0.188185126 0.321523964
1403637196.388319 0.555155814 0.165021941 -0.949753821 -0.054556295 0.927767575 0.182952046 0.320623517
1403637196.438319 0.564594507 0.164331526 -0.947026432 -0.055066001 0.928644657 0.179858848 0.319746137
1403637196.488319 0.573447287 0.163535312 -0.943235099 -0.053290863 0.928885520 0.179773256 0.319395244
1403637196.538319 0.582645953 0.162993848 -0.938750625 -0.051763631 0.929020703 0.180776536 0.318686306
1403637196.588319 0.591856003 0.162482738 -0.933719099 -0.047722116 0.929136276 0.181692183 0.318459392
1403637196.638319 0.601120532 0.161648750 -0.927997231 -0.045340601 0.928722799 0.185139686 0.318027556
1403637196.688319 0.611221433 0.161227599 -0.921448588 -0.041548107 0.928460598 0.187725931 0.317795068
1403637196.738319 0.620236635 0.160359830 -0.914199829 -0.037070509 0.928281784 0.189815775 0.317629844
1403637196.788319 0.629794419 0.159935772 -0.906524301 -0.032980289 0.927727997 0.193198830 0.317659050
1403637196.838319 0.638765454 0.158893973 -0.898373544 -0.033023801 0.927712321 0.193909138 0.317267239
1403637196.888319 0.648893535 0.158305928 -0.889502287 -0.033333652 0.928546429 0.191696450 0.316137493
1403637196.938319 0.658295929 0.157529712 -0.880187631 -0.030529693 0.928742707 0.191688359 0.315848887
1403637196.988319 0.667551160 0.156793773 -0.870784879 -0.022207184 0.928283751 0.193837509 0.316580355
1403637197.038319 0.676909387 0.155659080 -0.860589743 -0.014960144 0.926523447 0.198344439 0.319358647
1403637197.088319 0.686116159 0.154120535 -0.849707067 -0.009852627 0.924173534 0.202465385 0.323749900
1403637197.138319 0.695106268 0.152273923 -0.838383377 -0.005559680 0.921297312 0.205972239 0.329781413
1403637197.188319 0.704201400 0.150481194 -0.826727927 -0.002139739 0.917374074 0.210609123 0.337733597
1403637197.238319 0.712328315 0.147667885 -0.815142155 -0.000473216 0.913114548 0.212849066 0.347731113
1403637197.288319 0.720963895 0.144486129 -0.803064585 0.000520585 0.907254934 0.218104914 0.359608769
1403637197.338319 0.728678584 0.141225308 -0.790367603 0.001378163 0.900959373 0.221798569 0.372928560
1403637197.388319 0.736456156 0.137084574 -0.777845442 0.002558715 0.894055784 0.223632574 0.388131708
1403637197.438319 0.744828999 0.133077443 -0.764408767 0.002285427 0.886407793 0.225003421 0.404536068
1403637197.488319 0.752248228 0.129451603 -0.751991153 -0.001930238 0.877867460 0.224619687 0.422955036
1403637197.538319 0.759770155 0.124533802 -0.738732696 -0.005916304 0.868709326 0.223694682 0.441893429
1403637197.588319 0.766949594 0.119674057 -0.725032210 -0.012471185 0.858857393 0.221355319 0.461746961
1403637197.638319 0.774156988 0.114766657 -0.711456835 -0.016254690 0.848517954 0.217526227 0.482115477
1403637197.688319 0.781536937 0.109442890 -0.699335635 -0.018071007 0.837328732 0.213654950 0.502897322
1403637197.738319 0.787894785 0.104560107 -0.687215805 -0.021456139 0.826760411 0.207814738 0.522321701
1403637197.788319 0.795021772 0.098515898 -0.674148977 -0.024277275 0.816612422 0.200389087 0.540739298
1403637197.838319 0.802366674 0.092416152 -0.660825491 -0.027983760 0.807103992 0.190222114 0.558225393
1403637197.888319 0.809056938 0.086183101 -0.648567379 -0.032171708 0.796701431 0.182786658 0.575170219
1403637197.938319 0.815653741 0.079414979 -0.634823084 -0.033783544 0.786854506 0.176353723 0.590438783
1403637197.988319 0.822154284 0.072175846 -0.621080339 -0.036268216 0.777307987 0.170166627 0.604582667
1403637198.038319 0.828347623 0.065512046 -0.607100129 -0.036441784 0.767769039 0.164353445 0.618215680
1403637198.088319 0.834479213 0.058276638 -0.592774272 -0.036300272 0.758457899 0.159145758 0.630948901
1403637198.138319 0.840094686 0.050551146 -0.578833103 -0.036963522 0.748849392 0.154298216 0.643467426
1403637198.188319 0.845400333 0.042068705 -0.564547002 -0.036867023 0.739332080 0.151446015 0.655051887
1403637198.238319 0.850387454 0.034461483 -0.549900174 -0.038247623 0.729688823 0.147416309 0.666603148
1403637198.288319 0.856041312 0.026027977 -0.535831630 -0.038495451 0.721351743 0.140437812 0.677087188
1403637198.338319 0.862094402 0.015926704 -0.522372603 -0.039980471 0.711846709 0.136890829 0.687703967
1403637198.388319 0.866983235 0.005844325 -0.506778359 -0.041658215 0.704912901 0.128457367 0.696319699
1403637198.438319 0.871679962 -0.002805874 -0.492210180 -0.041766621 0.698660791 0.121094123 0.703892648
1403637198.488319 0.875603497 -0.010238886 -0.475593179 -0.042480782 0.694733799 0.113526143 0.708979666
1403637198.538319 0.880990386 -0.018733367 -0.460938573 -0.043487646 0.691297412 0.107706659 0.713173211
1403637198.588319 0.884204865 -0.025166094 -0.444397956 -0.043823022 0.689381838 0.100957833 0.715988696
1403637198.638319 0.888269722 -0.031465977 -0.428221583 -0.044988927 0.687843025 0.096124142 0.718058586
1403637198.688319 0.891857088 -0.036915660 -0.412069082 -0.044198424 0.686502337 0.094471827 0.719608366
1403637198.738319 0.895187974 -0.042176068 -0.394697100 -0.043193031 0.685159743 0.093817823 0.721033096
1403637198.788319 0.899011850 -0.046931356 -0.378792375 -0.040688679 0.683864236 0.093214668 0.722485363
1403637198.838319 0.901830494 -0.051378414 -0.360013843 -0.034672368 0.683997631 0.091120206 0.722939968
1403637198.888319 0.904060245 -0.055550337 -0.340744495 -0.027702942 0.684630036 0.089389652 0.722858071
1403637198.938319 0.906164527 -0.059585497 -0.321339577 -0.018023990 0.684084773 0.091510676 0.723414838
1403637198.988319 0.907853425 -0.064140610 -0.301426113 -0.007166653 0.682526171 0.093265735 0.724850416
1403637199.038319 0.908699512 -0.068353772 -0.280720681 0.000977282 0.680018008 0.096728958 0.726786137
1403637199.088319 0.909337699 -0.073265083 -0.260591865 0.005348943 0.675595403 0.102382407 0.730109632
1403637199.138319 0.909123302 -0.077318981 -0.242189273 0.007765575 0.669449151 0.107260533 0.735032439
1403637199.188319 0.908325374 -0.081681110 -0.221618474 0.008265995 0.663332045 0.111098379 0.739986062
1403637199.238319 0.906941593 -0.086945482 -0.201733738 0.008090097 0.656192064 0.112800747 0.746071398
1403637199.288319 0.905167580 -0.091685615 -0.181434616 0.007339522 0.649488330 0.111086309 0.752177477
1403637199.338319 0.903664768 -0.096195094 -0.161122143 0.008214619 0.641834736 0.107656494 0.759204030
1403637199.388319 0.900212407 -0.101496257 -0.141697004 0.007363103 0.633888364 0.103363082 0.766451120
1403637199.438319 0.897701204 -0.106987044 -0.121985555 0.007574524 0.624151826 0.099102862 0.774955332
1403637199.488319 0.894460499 -0.112416908 -0.102519229 0.007231014 0.614111125 0.094092220 0.783557177
1403637199.538319 0.890810609 -0.117405839 -0.083847791 0.007471770 0.602851987 0.090509519 0.792667389
1403637199.588319 0.886473417 -0.122682996 -0.064061701 0.008300216 0.592213452 0.086566836 0.801074564
1403637199.638319 0.882050395 -0.126944721 -0.045185417 0.012866811 0.580199778 0.085138872 0.809909880
1403637199.688319 0.877012253 -0.131716669 -0.026456505 0.018144352 0.567485273 0.083954886 0.818891227
1403637199.738319 0.871173501 -0.136324868 -0.007123023 0.022313945 0.554622114 0.083642259 0.827587068
1403637199.788319 0.865331531 -0.139573097 0.010811418 0.030136479 0.538308024 0.086091563 0.837797403
1403637199.838319 0.859278560 -0.142786890 0.030472308 0.037205674 0.522271037 0.087035492 0.847510159
1403637199.888319 0.853085697 -0.143702924 0.049076110 0.048257887 0.504141748 0.089522429 0.857611775
1403637199.938319 0.845949709 -0.144927204 0.068470687 0.058331810 0.486497939 0.090559490 0.867015660
1403637199.988319 0.838667214 -0.145877510 0.086052537 0.070922054 0.466998309 0.089612424 0.876842201
1403637200.038319 0.831653595 -0.144944057 0.104202449 0.082366042 0.447466344 0.087580860 0.886182427
1403637200.088319 0.823295534 -0.145017684 0.120315164 0.089535952 0.428257436 0.082287155 0.895437181
1403637200.138319 0.815320849 -0.144561231 0.135804981 0.095823295 0.409509957 0.075468659 0.904115021
1403637200.188319 0.807343364 -0.143483102 0.151192784 0.093212083 0.392404854 0.069188654 0.912437856
1403637200.238319 0.799090981 -0.141909152 0.166055202 0.088213660 0.376140267 0.063527271 0.920163631
1403637200.288319 0.790062428 -0.139472991 0.178946942 0.076230943 0.364129990 0.052463442 0.926739335
1403637200.338319 0.781100273 -0.136598587 0.191450447 0.059384804 0.354669988 0.043614827 0.932083905
1403637200.388319 0.772809029 -0.134482175 0.203453064 0.042864680 0.345448762 0.039245788 0.936636269
1403637200.438319 0.763149023 -0.132631153 0.214645535 0.026569556 0.337821275 0.038093638 0.940063655
1403637200.488319 0.751376629 -0.130415156 0.224465668 0.011771490 0.331959605 0.036736216 0.942504466
1403637200.538319 0.741581917 -0.128983274 0.234344244 0.004117236 0.324725628 0.042591311 0.944839835
1403637200.588319 0.730650961 -0.127586931 0.243808925 0.001904833 0.319295138 0.048609689 0.946405828
1403637200.638319 0.720654249 -0.126584038 0.253329992 -0.000423567 0.315518707 0.053077571 0.947433650
1403637200.688319 0.709093809 -0.125753641 0.262052566 -0.001444368 0.313888222 0.056928560 0.947750628
1403637200.738319 0.699888349 -0.124904081 0.270861775 -0.002492951 0.312658370 0.061063964 0.947897553
1403637200.788319 0.689006209 -0.124406002 0.278790832 -0.000106915 0.312785089 0.066190332 0.947514832
1403637200.838319 0.678737164 -0.124471158 0.286608160 0.003453461 0.314846396 0.071975119 0.946403384
1403637200.888319 0.669752479 -0.124701589 0.294023097 0.006008703 0.318067998 0.075529054 0.945035458
1403637200.938319 0.659077406 -0.124875516 0.300530344 0.006364687 0.322506577 0.077495903 0.943368137
1403637200.988319 0.648823261 -0.125300020 0.306663871 0.006010144 0.327111959 0.078937016 0.941663742
1403637201.038319 0.638867974 -0.125804991 0.312383831 0.006169608 0.332135886 0.079514384 0.939853787
1403637201.088319 0.628760278 -0.126174495 0.317790270 0.005393551 0.336761057 0.080236040 0.938149810
1403637201.138319 0.618894935 -0.126702875 0.322825134 0.003913878 0.341668099 0.080469437 0.936361194
1403637201.188319 0.609301865 -0.127454221 0.327728450 0.004211894 0.345349848 0.082754761 0.934808731
1403637201.238319 0.600135863 -0.128782213 0.331956238 0.002999294 0.347979665 0.086843289 0.933466315
1403637201.288319 0.591064155 -0.130122066 0.335690498 0.004472011 0.350112885 0.094487518 0.931919038
1403637201.338319 0.581435382 -0.131363317 0.338983744 0.007070050 0.351780415 0.106995277 0.929920733
1403637201.388319 0.572348356 -0.132543594 0.342437387 0.007441547 0.354450464 0.119842798 0.927333355
1403637201.438319 0.563596964 -0.133170903 0.345300615 0.007131737 0.357592374 0.133283436 0.924290180
1403637201.488319 0.555202901 -0.133334041 0.347726405 0.006178974 0.361401170 0.145971119 0.920892775
1403637201.538319 0.547151327 -0.133438140 0.349887162 0.005687395 0.365193546 0.157627404 0.917472005
1403637201.588319 0.539790750 -0.133237809 0.351724595 0.006332151 0.368583262 0.166824833 0.914481163
1403637201.638319 0.532701671 -0.132478803 0.353296280 0.007606378 0.371568263 0.174261793 0.911872804
1403637201.688319 0.526688695 -0.131144822 0.354251087 0.010063155 0.375128061 0.177844450 0.909697235
1403637201.738319 0.520554066 -0.130165547 0.354564160 0.012608749 0.380369574 0.174834326 0.908070982
1403637201.788319 0.514800131 -0.129111767 0.354409933 0.013588902 0.385783523 0.169019476 0.906873107
1403637201.838319 0.510030210 -0.127743468 0.353662133 0.014864204 0.389493883 0.165283680 0.905955255
1403637201.888319 0.505401492 -0.126837075 0.352263004 0.015471161 0.392481059 0.161620781 0.905316532
1403637201.938319 0.501315355 -0.126108378 0.350586593 0.015258952 0.394232780 0.159513220 0.904932737
1403637201.988319 0.497402549 -0.125078917 0.348032504 0.013379621 0.393628418 0.161765605 0.904825687
1403637202.038319 0.493993282 -0.124367036 0.345247775 0.010763479 0.391708195 0.166515380 0.904832304
1403637202.088319 0.491041720 -0.123505741 0.341636389 0.006301139 0.388586879 0.172685996 0.905063629
1403637202.138319 0.487872481 -0.123013645 0.337752998 -0.000859009 0.386138290 0.176993102 0.905301034
1403637202.188319 0.485801518 -0.122429661 0.333171725 -0.009636697 0.385511398 0.176021084 0.905706763
1403637202.238319 0.484126627 -0.121431462 0.328498095 -0.019658700 0.387633920 0.167923152 0.906176209
1403637202.288319 0.482838422 -0.120571420 0.323355079 -0.030748464 0.390476763 0.157357126 0.906543553
1403637202.338319 0.482097983 -0.119645178 0.318118721 -0.039877113 0.392626226 0.148596406 0.906737864
1403637202.388319 0.481460541 -0.118250050 0.312866628 -0.046811912 0.394640386 0.140044659 0.906893134
1403637202.438319 0.481628418 -0.116864845 0.307788670 -0.050125226 0.396088034 0.133941397 0.907006860
1403637202.488319 0.482564449 -0.115907669 0.302495778 -0.049324334 0.397010714 0.129268721 0.907325327
1403637202.538319 0.483281106 -0.114867456 0.297841936 -0.046757568 0.397881687 0.125263870 0.907641351
1403637202.588319 0.484181374 -0.114135213 0.292830765 -0.042069972 0.398229480 0.122791283 0.908056021
1403637202.638319 0.485759735 -0.113585107 0.287872016 -0.036702700 0.398981065 0.118888617 0.908478141
1403637202.688319 0.487454891 -0.113448575 0.282624751 -0.033240691 0.399802476 0.115081303 0.908740520
1403637202.738319 0.489136249 -0.113350302 0.277642250 -0.029484682 0.400590658 0.110927373 0.909039557
1403637202.788319 0.491033882 -0.113336898 0.272636980 -0.029389301 0.402270824 0.104731582 0.909035623
1403637202.838319 0.493372977 -0.113411993 0.267498761 -0.029799744 0.404015988 0.098958455 0.908895075
1403637202.888319 0.494581044 -0.113347366 0.262580484 -0.031202240 0.406098962 0.093273886 0.908520818
1403637202.938319 0.496888578 -0.113178581 0.257793486 -0.032575872 0.407644242 0.088407926 0.908267021
1403637202.988319 0.498885572 -0.112923451 0.253027022 -0.033867996 0.408898562 0.085022360 0.907979131
1403637203.038319 0.501421690 -0.112016141 0.248258621 -0.034212913 0.409643382 0.082903437 0.907826424
1403637203.088319 0.503003955 -0.111317582 0.243790776 -0.034061536 0.410022080 0.082556732 0.907692730
1403637203.138319 0.505048394 -0.110515326 0.239606261 -0.032584682 0.409771651 0.083991952 0.907728374
1403637203.188319 0.506942809 -0.109453209 0.235373497 -0.033634055 0.410585076 0.082137637 0.907492161
1403637203.238319 0.508614242 -0.108496472 0.231346130 -0.032761190 0.411254704 0.081680544 0.907262087
1403637203.288319 0.510363579 -0.107401580 0.227390200 -0.032709848 0.411929905 0.080808267 0.907035768
1403637203.338319 0.512375057 -0.106205776 0.223471195 -0.032302395 0.412115514 0.080435775 0.906999171
1403637203.388319 0.514223337 -0.104975402 0.219895750 -0.031788107 0.412031949 0.081617191 0.906949759
1403637203.438319 0.515665233 -0.103898019 0.216363713 -0.032623939 0.412710011 0.080909491 0.906675160
1403637203.488319 0.517339945 -0.102329843 0.212912381 -0.032529525 0.412866801 0.080975354 0.906601250
1403637203.538319 0.518514991 -0.101042248 0.209634408 -0.032219686 0.413473845 0.080155738 0.906408489
1403637203.588319 0.520153046 -0.099266641 0.206576869 -0.032051906 0.414289713 0.078553081 0.906182170
1403637203.638319 0.521476328 -0.097253293 0.203545377 -0.032717593 0.415405005 0.076521635 0.905821562
1403637203.688319 0.522830904 -0.095305189 0.200857460 -0.032307029 0.415626109 0.076857418 0.905706406
1403637203.738319 0.524028480 -0.093365684 0.198161870 -0.031090958 0.416058630 0.077094264 0.905530274
1403637203.788319 0.525111794 -0.091100171 0.195660457 -0.030898398 0.416465431 0.077333041 0.905329466
1403637203.838319 0.525974989 -0.089053161 0.193392947 -0.030514957 0.416685313 0.077801920 0.905201077
1403637203.888319 0.527463853 -0.086730748 0.190864190 -0.030077152 0.416938126 0.077158481 0.905154467
1403637203.938319 0.528621197 -0.084589943 0.188449338 -0.029769739 0.417090029 0.077007443 0.905107498
1403637203.988319 0.529578090 -0.082174182 0.186521083 -0.030215560 0.417368084 0.076991029 0.904965937
1403637204.038319 0.529985547 -0.079550251 0.184625790 -0.030539704 0.418002248 0.076434441 0.904709458
1403637204.088319 0.530661702 -0.077348068 0.182642981 -0.030117286 0.417989612 0.077332437 0.904653192
1403637204.138319 0.530836821 -0.075323880 0.180928186 -0.030174909 0.418354958 0.076916464 0.904517829
1403637204.188319 0.531069756 -0.073689640 0.179016426 -0.030578997 0.418403119 0.077659048 0.904418528
1403637204.238319 0.531333923 -0.072511040 0.177209303 -0.030708512 0.418881178 0.077067256 0.904243469
1403637204.288319 0.530822515 -0.071764797 0.175068483 -0.031762946 0.418824315 0.078856453 0.904079080
1403637204.338319 0.530796885 -0.070976347 0.173311412 -0.030619791 0.418586791 0.080078334 0.904121101
1403637204.388319 0.530740380 -0.070685871 0.171598166 -0.028196912 0.418323278 0.082158685 0.904135227
1403637204.438319 0.530770004 -0.070847556 0.169789478 -0.025956536 0.419141978 0.081864797 0.903849781
1403637204.488319 0.530320168 -0.071098313 0.167953625 -0.021369828 0.419142216 0.084016107 0.903772354
1403637204.538319 0.530021727 -0.071511872 0.165960416 -0.019561082 0.419825584 0.084228016 0.903476357
1403637204.588319 0.529444456 -0.072132125 0.164088741 -0.019698091 0.420675069 0.085376523 0.902970254
1403637204.638319 0.529060245 -0.072881311 0.162083626 -0.020586379 0.421484858 0.086579368 0.902458131
1403637204.688319 0.528419077 -0.073750004 0.159992173 -0.022836255 0.423063427 0.085537031 0.901764512
1403637204.738319 0.527606785 -0.074622616 0.157985240 -0.023072550 0.423737615 0.086540505 0.901346087
1403637204.788319 0.526753902 -0.075377233 0.155999929 -0.025111429 0.424744695 0.087115303 0.900762081
1403637204.838319 0.526102483 -0.075715736 0.154122695 -0.026213394 0.425061613 0.088671289 0.900429249
1403637204.888319 0.525347888 -0.076164767 0.152329221 -0.027506256 0.425910950 0.088611476 0.899995148
1403637204.938319 0.524160028 -0.076168902 0.150546238 -0.029557025 0.426256001 0.089306593 0.899698019
1403637204.988319 0.523210406 -0.075952396 0.149164036 -0.032765843 0.426352352 0.090828136 0.899388850
1403637205.038319 0.522264898 -0.075533964 0.147638828 -0.035867941 0.426249683 0.092040375 0.899195910
1403637205.088319 0.521336198 -0.074898586 0.146229804 -0.037976108 0.426192254 0.092552520 0.899083972
1403637205.138319 0.520639658 -0.074356727 0.144978493 -0.038223747 0.426080734 0.092854314 0.899095237
1403637205.188319 0.519611776 -0.073414974 0.143974245 -0.038562179 0.426144898 0.091990598 0.899139166
1403637205.238319 0.519064546 -0.072625995 0.143049315 -0.039404016 0.424555242 0.092071556 0.899846137
1403637205.288319 0.517971992 -0.071524188 0.142406717 -0.040291607 0.422239631 0.091137558 0.900990725
1403637205.338319 0.516999125 -0.070570551 0.141785592 -0.039736424 0.419054449 0.089159988 0.902698696
1403637205.388319 0.516194940 -0.069892265 0.141221568 -0.039959509 0.416076154 0.087166548 0.904259861
1403637205.438319 0.514950275 -0.069571622 0.140779182 -0.039348979 0.413563758 0.084703587 0.905672133
1403637205.488319 0.514397919 -0.069669694 0.140174776 -0.037286259 0.410692573 0.082184494 0.907296598
1403637205.538319 0.513418317 -0.069810539 0.139518172 -0.034660842 0.408104181 0.079836547 0.908777058
1403637205.588319 0.512306571 -0.069854483 0.139278129 -0.033445787 0.406271666 0.077282377 0.909863830
1403637205.638319 0.511316836 -0.070008799 0.139038876 -0.032011319 0.404276788 0.076388434 0.910878897
1403637205.688319 0.510379791 -0.069691032 0.138903052 -0.031699944 0.402889341 0.075242996 0.911599576
1403637205.738319 0.509191871 -0.069219135 0.138790920 -0.031790733 0.401431173 0.075621702 0.912208140
1403637205.788319 0.508215249 -0.068361804 0.139035299 -0.031719491 0.400527894 0.075024940 0.912656844
1403637205.838319 0.507002234 -0.067577988 0.139142290 -0.032260347 0.400006413 0.074442536 0.912914276
1403637205.888319 0.505882859 -0.066663802 0.139371186 -0.031994224 0.399133354 0.075134292 0.913249016
1403637205.938319 0.504692256 -0.065424964 0.139732331 -0.031685188 0.398813725 0.075042196 0.913407028
1403637205.988319 0.503439248 -0.064438671 0.140085131 -0.031362638 0.398439586 0.074343264 0.913638532
1403637206.038319 0.501960397 -0.063836843 0.140524358 -0.030676357 0.397922605 0.074974246 0.913835526
1403637206.088319 0.500540614 -0.063352853 0.140730724 -0.029951131 0.397166938 0.076254457 0.914082408
1403637206.138319 0.499095976 -0.063191816 0.141107336 -0.028663231 0.395851135 0.079385161 0.914427876
1403637206.188319 0.497360259 -0.063311577 0.141263440 -0.026566647 0.394023210 0.083802007 0.914886415
1403637206.238319 0.495977730 -0.063738808 0.141550943 -0.025823258 0.393012673 0.085999183 0.915138423
1403637206.288319 0.494161010 -0.064321041 0.141695991 -0.024187919 0.392437577 0.087872274 0.915251970
1403637206.338319 0.492601693 -0.064961769 0.141736522 -0.022670386 0.392130584 0.089234933 0.915290594
1403637206.388319 0.491001189 -0.065935709 0.141617164 -0.022589540 0.391996801 0.089211211 0.915352166
1403637206.438319 0.489528775 -0.067233346 0.141285270 -0.022751607 0.392067403 0.089530639 0.915286720
1403637206.488319 0.487731040 -0.068564504 0.141117260 -0.022728937 0.392438501 0.089059927 0.915174186
1403637206.538319 0.486418068 -0.069743857 0.140791908 -0.022351341 0.392694086 0.089068420 0.915073037
1403637206.588319 0.484655857 -0.070698746 0.140422225 -0.022599172 0.393363237 0.088184774 0.914865077
1403637206.638319 0.483290315 -0.071490884 0.140132993 -0.023079235 0.393958420 0.087229267 0.914688587
1403637206.688319 0.481557846 -0.071926065 0.139687210 -0.023618137 0.394919991 0.085819386 0.914393485
1403637206.738319 0.480352938 -0.072270758 0.139539003 -0.023366570 0.395474136 0.084973045 0.914239466
1403637206.788319 0.478420585 -0.072436437 0.139148116 -0.022659963 0.396256626 0.083814017 0.914025366
1403637206.838319 0.477020025 -0.072652966 0.138967380 -0.022854825 0.396732092 0.083476819 0.913845122
1403637206.888319 0.475545347 -0.073094890 0.138630584 -0.021942563 0.397303641 0.083002567 0.913662374
1403637206.938319 0.473877609 -0.073417462 0.138289034 -0.020240571 0.397423089 0.082738228 0.913673699
1403637206.988319 0.472223878 -0.074081816 0.137823224 -0.019948984 0.397933096 0.082723923 0.913459420
1403637207.038319 0.470435053 -0.074645452 0.137195110 -0.019440312 0.398524761 0.082664371 0.913217783
1403637207.088319 0.468662888 -0.075473219 0.136492044 -0.020025427 0.398834288 0.083422557 0.913001060
1403637207.138319 0.466630816 -0.075952835 0.135878175 -0.018566970 0.399673015 0.083318792 0.912674487
1403637207.188319 0.464956343 -0.076295391 0.135235950 -0.018469464 0.400268376 0.083890229 0.912363172
1403637207.238319 0.462993205 -0.076483354 0.134660810 -0.016785454 0.400904208 0.083765164 0.912127972
1403637207.288319 0.461158991 -0.076259851 0.133923844 -0.017132247 0.401307791 0.084472179 0.911878824
1403637207.338319 0.459009022 -0.075804360 0.133440718 -0.017457101 0.401783526 0.085088454 0.911605895
1403637207.388319 0.457196653 -0.075093582 0.132627100 -0.017629549 0.402200043 0.084870093 0.911439180
1403637207.438319 0.455012381 -0.074332654 0.132110685 -0.017536439 0.402836531 0.084880650 0.911158860
1403637207.488319 0.452793479 -0.073226899 0.131353736 -0.017870160 0.403223187 0.085633062 0.910910964
1403637207.538319 0.450683475 -0.071937993 0.130769938 -0.019515373 0.403203011 0.087367162 0.910721421
1403637207.588319 0.448581100 -0.070404604 0.130060777 -0.021693870 0.402287483 0.092115000 0.910609126
1403637207.638319 0.446284235 -0.069061369 0.129237264 -0.025980955 0.400340706 0.099417716 0.910586894
1403637207.688319 0.444456518 -0.067541793 0.128670290 -0.029189926 0.399125338 0.104671516 0.910434425
1403637207.738319 0.442593813 -0.066925690 0.127707988 -0.031756606 0.398818374 0.106463172 0.910275280
1403637207.788319 0.440828711 -0.066277899 0.126493007 -0.032047357 0.399419695 0.105212584 0.910146773
1403637207.838319 0.438974977 -0.066279307 0.125305042 -0.031790085 0.400645107 0.102674834 0.909906983
1403637207.888319 0.437711865 -0.066405274 0.124075606 -0.031606998 0.402099937 0.099114873 0.909666359
1403637207.938319 0.435964733 -0.067186363 0.122593373 -0.030706728 0.403389305 0.096016340 0.909458697
1403637207.988319 0.434687108 -0.067999959 0.121058345 -0.030084379 0.404370636 0.093438461 0.909312189
1403637208.038319 0.433314174 -0.069408216 0.119565383 -0.030133294 0.405356884 0.091132373 0.909105420
1403637208.088319 0.431722939 -0.070723958 0.117889047 -0.030451402 0.406246424 0.089365683 0.908873081
1403637208.138319 0.430323482 -0.072334245 0.116202056 -0.031068927 0.406782269 0.088367835 0.908710122
1403637208.188319 0.428993285 -0.074177593 0.114554361 -0.030367969 0.407754183 0.086216025 0.908504903
1403637208.238319 0.427408427 -0.076082677 0.112929761 -0.031555302 0.408060580 0.086883865 0.908263206
1403637208.288319 0.425928533 -0.077733107 0.111375570 -0.029498450 0.407195985 0.091356948 0.908281446
1403637208.338319 0.424711108 -0.079117298 0.110051602 -0.026708808 0.406370610 0.095576540 0.908303201
1403637208.388319 0.423370242 -0.080359280 0.108718827 -0.024559367 0.405914605 0.098700345 0.908233702
1403637208.438319 0.422333270 -0.081247076 0.107247651 -0.023097301 0.406425983 0.099127933 0.907996774
1403637208.488319 0.421059310 -0.081834689 0.105977491 -0.023082420 0.407045096 0.098647870 0.907772064
1403637208.538319 0.420034558 -0.082248352 0.104529187 -0.022177955 0.407827109 0.097266704 0.907592654
1403637208.588319 0.418951511 -0.082418948 0.103304520 -0.023123190 0.409195840 0.094739199 0.907220244
1403637208.638319 0.418012500 -0.082424417 0.101924911 -0.023468230 0.409940094 0.092698671 0.907086194
1403637208.688319 0.417003065 -0.082171656 0.100680560 -0.023921074 0.411024958 0.090294182 0.906825900
1403637208.738319 0.415964067 -0.081548929 0.099495739 -0.023063123 0.411595821 0.088633627 0.906753063
1403637208.788319 0.415090919 -0.081223607 0.098065361 -0.022327686 0.411871016 0.087680608 0.906739175
1403637208.838319 0.414059937 -0.080440164 0.096814007 -0.022401683 0.412249655 0.086831994 0.906646907
1403637208.888319 0.412946403 -0.079315580 0.095810235 -0.023634832 0.413005799 0.085003510 0.906444728
1403637208.938319 0.411887407 -0.078144193 0.094559073 -0.025786044 0.414508700 0.080262177 0.906132221
1403637208.988319 0.410748899 -0.076648660 0.093707576 -0.028892357 0.416666746 0.074468203 0.905543268
1403637209.038319 0.409677774 -0.074918784 0.092799157 -0.031869460 0.418667346 0.068507239 0.904991031
1403637209.088319 0.408534735 -0.073278308 0.091866925 -0.034582414 0.419623077 0.062996849 0.904849112
1403637209.138319 0.407040894 -0.071728706 0.091253147 -0.034991167 0.418207467 0.059135873 0.905748904
1403637209.188319 0.405193329 -0.070573285 0.091046274 -0.035807200 0.412942737 0.060635049 0.908030570
1403637209.238319 0.403151214 -0.069264069 0.090431914 -0.034815531 0.404946238 0.065042235 0.911359370
1403637209.288319 0.400604427 -0.068465427 0.090170622 -0.036800694 0.396396220 0.069050692 0.914739192
1403637209.338319 0.398288786 -0.067897543 0.089699402 -0.038803767 0.388293147 0.071806476 0.917914212
1403637209.388319 0.396058828 -0.067621231 0.089278996 -0.042275872 0.381475210 0.073309623 0.920497179
1403637209.438319 0.393417388 -0.067687809 0.089023903 -0.046376169 0.375951946 0.074250944 0.922494531
1403637209.488319 0.391242206 -0.067866445 0.088790506 -0.053084847 0.370586693 0.075589597 0.924193561
1403637209.538319 0.388942122 -0.068102151 0.088745102 -0.061529715 0.365896016 0.076638781 0.925451636
1403637209.588319 0.387320966 -0.068511203 0.088636458 -0.070847698 0.361443341 0.078190394 0.926404655
1403637209.638319 0.385254651 -0.069460556 0.088799015 -0.079013146 0.357637346 0.080150872 0.927053571
1403637209.688319 0.383624822 -0.070918217 0.089278042 -0.085043222 0.354398668 0.081709608 0.927627504
1403637209.738319 0.382142872 -0.072398074 0.089925766 -0.089410089 0.351879537 0.082893133 0.928070784
1403637209.788319 0.380580842 -0.074292161 0.091213226 -0.092230648 0.350600570 0.083383672 0.928234875
1403637209.838319 0.379556298 -0.076309323 0.092644148 -0.094847485 0.349725515 0.083825797 0.928261399
1403637209.888319 0.378972769 -0.078256927 0.094348192 -0.097120881 0.348416179 0.086146243 0.928306222
1403637209.938319 0.378375411 -0.079904489 0.096631572 -0.100676179 0.347813100 0.088004604 0.927979290
1403637209.988319 0.378534794 -0.081278794 0.099103376 -0.105696350 0.347079247 0.089386709 0.927563608
1403637210.038319 0.378573418 -0.081811644 0.102598689 -0.111785337 0.346623152 0.091007233 0.926862538
1403637210.088319 0.378763497 -0.081980065 0.106186002 -0.117697909 0.346490234 0.092626780 0.926019430
1403637210.138319 0.379561543 -0.081823438 0.110421263 -0.122915417 0.345719665 0.095570989 0.925330162
1403637210.188319 0.380749285 -0.081430756 0.115490034 -0.129049346 0.345191449 0.097904317 0.924447894
1403637210.238319 0.382398665 -0.080825798 0.120890960 -0.134083092 0.344558626 0.100037880 0.923738837
1403637210.288319 0.384195656 -0.080510512 0.126994550 -0.138482481 0.344372720 0.100995339 0.923054695
1403637210.338319 0.387116075 -0.080106996 0.133514762 -0.140626132 0.343741119 0.102451064 0.922805548
1403637210.388319 0.390211225 -0.079906270 0.140614793 -0.142524227 0.343421459 0.103267483 0.922542334
1403637210.438319 0.393619299 -0.080367580 0.148468763 -0.140977055 0.343541712 0.102482714 0.922822773
1403637210.488319 0.397370726 -0.080667689 0.157016098 -0.135354519 0.344427228 0.099613510 0.923648298
1403637210.538319 0.401728988 -0.081451394 0.165954739 -0.127479181 0.345161319 0.096543767 0.924820006
1403637210.588319 0.406486541 -0.082359232 0.175523669 -0.120189577 0.345509231 0.094560608 0.925870478
1403637210.638319 0.411755443 -0.083347581 0.185401917 -0.112545542 0.345459521 0.093263119 0.926980674
1403637210.688319 0.417493045 -0.084180206 0.195593670 -0.106698990 0.345234662 0.091624767 0.927918792
1403637210.738319 0.423202753 -0.085130222 0.206295222 -0.102532253 0.344603419 0.091575652 0.928627729
1403637210.788319 0.429051936 -0.086509861 0.217486441 -0.097340971 0.342886984 0.095573746 0.929418564
1403637210.838319 0.435422122 -0.087345362 0.228990316 -0.092126861 0.341493040 0.098618098 0.930144966
1403637210.888319 0.441964656 -0.088041835 0.240664095 -0.086234100 0.340133101 0.102543212 0.930783570
1403637210.938319 0.448204935 -0.088951923 0.252646387 -0.077593081 0.339122295 0.105813459 0.931546509
1403637210.988319 0.455443978 -0.090014420 0.264353544 -0.068898022 0.338503897 0.107557625 0.932255089
1403637211.038319 0.463065803 -0.090887524 0.276427358 -0.060201097 0.338406712 0.108709179 0.932758808
1403637211.088319 0.470637053 -0.091791198 0.288480163 -0.052251533 0.338358313 0.110680878 0.933023691
1403637211.138319 0.478242487 -0.091872767 0.300648391 -0.048595563 0.339757413 0.108877495 0.932924986
1403637211.188319 0.486038536 -0.092176840 0.312815726 -0.046632733 0.342486084 0.103631444 0.932624876
1403637211.238319 0.493981481 -0.092394948 0.324551672 -0.043270964 0.345105559 0.098559558 0.932371080
1403637211.288319 0.502667367 -0.092426702 0.336688399 -0.039055247 0.348332107 0.093035221 0.931924820
1403637211.338319 0.511406660 -0.092530467 0.348187417 -0.034487281 0.351160735 0.088291869 0.931504905
1403637211.388319 0.519719779 -0.092564367 0.360009193 -0.030285876 0.353444755 0.085034929 0.931090057
1403637211.438319 0.528260231 -0.092327759 0.371449053 -0.028209060 0.354952633 0.083269916 0.930741072
1403637211.488319 0.536585927 -0.091817848 0.383007944 -0.026907846 0.355926245 0.082715802 0.930457175
1403637211.538319 0.544883847 -0.091290116 0.394284517 -0.028716747 0.355786979 0.084536918 0.930292666
1403637211.588319 0.553201318 -0.090922207 0.405404896 -0.031363141 0.355778843 0.086331002 0.930045545
1403637211.638319 0.561737418 -0.090709463 0.416250437 -0.033423137 0.355075359 0.088521294 0.930036783
1403637211.688319 0.569849551 -0.090986878 0.427218258 -0.034636401 0.354411185 0.090958454 0.930010557
1403637211.738319 0.578430235 -0.091425903 0.437909216 -0.039348979 0.352742255 0.096032813 0.929947436
1403637211.788319 0.586856842 -0.091906890 0.448293418 -0.043181598 0.350607038 0.102339700 0.929912150
1403637211.838319 0.595544457 -0.093185961 0.458476633 -0.046057560 0.348320633 0.109518662 0.929815650
1403637211.888319 0.604494333 -0.094432674 0.468497962 -0.048936035 0.347542018 0.112590425 0.929593027
1403637211.938319 0.613371491 -0.096035153 0.478587329 -0.050540388 0.348013848 0.111749917 0.929432094
1403637211.988319 0.622263551 -0.098120764 0.488220483 -0.050110228 0.349302232 0.108303964 0.929380000
1403637212.038319 0.631812871 -0.100257128 0.497596294 -0.047319852 0.351680189 0.102390736 0.929299772
1403637212.088319 0.641726077 -0.102612719 0.508027494 -0.040780295 0.354034305 0.096164465 0.929381013
1403637212.138319 0.650761724 -0.105466358 0.517252564 -0.033413228 0.355846733 0.090881437 0.929514527
1403637212.188319 0.659858227 -0.108639076 0.526538610 -0.027412234 0.357996225 0.085852437 0.929363608
1403637212.238319 0.669824421 -0.111695491 0.535817742 -0.022498477 0.359130353 0.082935899 0.929322779
1403637212.288319 0.679557860 -0.114892095 0.545010805 -0.019921374 0.360165775 0.080462463 0.929198325
1403637212.338319 0.688498795 -0.118049957 0.553675532 -0.016959067 0.361083627 0.079059258 0.929021358
1403637212.388319 0.697954416 -0.121807635 0.562344253 -0.015635168 0.361951619 0.078374706 0.928764760
1403637212.438319 0.707162499 -0.125674278 0.570174813 -0.015165173 0.362983048 0.077344596 0.928456366
1403637212.488319 0.716024935 -0.129098266 0.578545988 -0.017586773 0.363508791 0.077992506 0.928153694
1403637212.538319 0.724681854 -0.133232519 0.586349726 -0.021687223 0.364205897 0.079133213 0.927697003
1403637212.588319 0.733434081 -0.137184188 0.594033599 -0.025968798 0.364409387 0.081288256 0.927320659
1403637212.638319 0.741861641 -0.141182214 0.601607144 -0.031443886 0.364996076 0.082775168 0.926788747
1403637212.688319 0.750464916 -0.144911766 0.609273911 -0.035733715 0.364911467 0.084313050 0.926527917
1403637212.738319 0.759094059 -0.148741484 0.616679311 -0.039316688 0.365491927 0.083995625 0.926182806
1403637212.788319 0.767665625 -0.153278291 0.623709977 -0.041202106 0.365762681 0.083144382 0.926070750
1403637212.838319 0.776136756 -0.157522634 0.631205857 -0.044554550 0.366148561 0.082493700 0.925821185
1403637212.888319 0.784762919 -0.161670417 0.638430774 -0.045653958 0.366621822 0.080822200 0.925727785
1403637212.938319 0.793320894 -0.166201055 0.645600796 -0.046841171 0.367070049 0.078457646 0.925694287
1403637212.988319 0.801200747 -0.170516774 0.653143346 -0.047623660 0.367246181 0.076092243 0.925781965
1403637213.038319 0.810146451 -0.175000995 0.660362840 -0.047982767 0.366310358 0.076116644 0.926132083
1403637213.088319 0.818278909 -0.179561317 0.667870522 -0.047241848 0.365108103 0.077408746 0.926537752
1403637213.138319 0.826783061 -0.183899716 0.675071180 -0.047681581 0.363389790 0.079260968 0.927034020
1403637213.188319 0.835243583 -0.187651485 0.682726681 -0.047089495 0.361789525 0.081179492 0.927524030
1403637213.238319 0.843463480 -0.191712707 0.691000462 -0.046346202 0.361082882 0.081693649 0.927791655
1403637213.288319 0.851620436 -0.195167989 0.699038029 -0.046164490 0.360244602 0.082585335 0.928047597
1403637213.338319 0.860363007 -0.198544279 0.706478715 -0.044903792 0.359909117 0.082363047 0.928259373
1403637213.388319 0.868763089 -0.201808736 0.714158356 -0.043683060 0.359948337 0.081157073 0.928408563
1403637213.438319 0.877119601 -0.205179781 0.722396910 -0.041401744 0.360176921 0.080030680 0.928522229
1403637213.488319 0.885134816 -0.207868770 0.730494201 -0.039691880 0.360847771 0.078557894 0.928462207
1403637213.538319 0.893743634 -0.210633546 0.738451421 -0.038355641 0.361149967 0.076671965 0.928558528
1403637213.588319 0.901995301 -0.213350624 0.746519089 -0.038723283 0.363577306 0.069244310 0.928179562
1403637213.638319 0.910316527 -0.216257751 0.754745662 -0.040222313 0.365273684 0.063418679 0.927865982
1403637213.688319 0.918494046 -0.218077257 0.763114274 -0.043529432 0.366832167 0.057682622 0.927476168
1403637213.738319 0.926477730 -0.219635233 0.771793664 -0.045162894 0.368068546 0.053600416 0.927153111
1403637213.788319 0.934336483 -0.221677721 0.779438078 -0.048599418 0.368320316 0.051523589 0.926997066
1403637213.838319 0.942453980 -0.223474488 0.787874520 -0.050167609 0.368081421 0.049645245 0.927110910
1403637213.888319 0.949540675 -0.225257695 0.796716154 -0.051443182 0.368314773 0.047917586 0.927039206
1403637213.938319 0.956773460 -0.226042822 0.805412829 -0.052704558 0.368044287 0.047568746 0.927093744
1403637213.988319 0.963904381 -0.227683574 0.814385891 -0.050311666 0.367840737 0.045641981 0.927404284
1403637214.038319 0.970898390 -0.229794204 0.823393226 -0.046586227 0.365694135 0.044658408 0.928495109
1403637214.088319 0.977312446 -0.232104152 0.832413316 -0.041386619 0.361578524 0.045076139 0.930331290
1403637214.138319 0.983437300 -0.234642312 0.841387510 -0.036502540 0.355733663 0.048283029 0.932625234
1403637214.188319 0.989048183 -0.237153292 0.850570977 -0.031739246 0.349198431 0.049542017 0.935199797
1403637214.238319 0.994788349 -0.240089297 0.859631240 -0.028318264 0.342357218 0.048760246 0.937876344
1403637214.288319 1.000262022 -0.243324578 0.868525982 -0.025173446 0.334989876 0.045446265 0.940788329
1403637214.338319 1.005105257 -0.246878669 0.876929879 -0.021695986 0.326367289 0.041231807 0.944094062
1403637214.388319 1.010131121 -0.250238717 0.886165738 -0.018739905 0.317418545 0.033323456 0.947514594
1403637214.438319 1.014512062 -0.253688991 0.894662380 -0.017970700 0.307755470 0.023403723 0.951007843
1403637214.488319 1.018258333 -0.257204175 0.903698206 -0.017651720 0.297397137 0.012985911 0.954502344
1403637214.538319 1.021578789 -0.260759592 0.911908686 -0.017141171 0.286878228 0.002177661 0.957811236
1403637214.588319 1.024607658 -0.264470875 0.919936895 -0.017141167 0.277451992 -0.008548621 0.960548520
1403637214.638319 1.027514935 -0.268808514 0.927965164 -0.016010921 0.269071966 -0.019561231 0.962788284
1403637214.688319 1.029475331 -0.272869170 0.936051309 -0.014822799 0.262183338 -0.029526824 0.964452326
1403637214.738319 1.030848026 -0.277528375 0.943888545 -0.014629353 0.256937563 -0.039524343 0.965508640
1403637214.788319 1.031850100 -0.282077014 0.951461911 -0.012980505 0.251639575 -0.045854747 0.966646969
1403637214.838319 1.032344341 -0.286743432 0.958626032 -0.012430000 0.246944472 -0.048701569 0.967725217
1403637214.888319 1.031785727 -0.291296542 0.966599107 -0.012359752 0.243642166 -0.050105717 0.968491137
1403637214.938319 1.030700207 -0.294983387 0.974292338 -0.011286615 0.240985274 -0.051139161 0.969114780
1403637214.988319 1.029311299 -0.299744695 0.981316805 -0.009878542 0.238959908 -0.051236548 0.969626427
1403637215.038319 1.027356148 -0.303304523 0.988415480 -0.008191663 0.237359077 -0.050706018 0.970063090
1403637215.088319 1.024760008 -0.306432128 0.995984435 -0.005481950 0.236914083 -0.051220391 0.970164001
1403637215.138319 1.022014260 -0.310058087 1.002742767 -0.003158051 0.236413345 -0.051215496 0.970296741
1403637215.188319 1.018587351 -0.313409895 1.009346843 -0.000726086 0.236050695 -0.050214142 0.970442235
1403637215.238319 1.014271617 -0.315748692 1.016317844 0.002163945 0.234729975 -0.046710938 0.970935225
1403637215.288319 1.008816481 -0.317695856 1.023668051 0.004515011 0.232417032 -0.043795776 0.971619189
1403637215.338319 1.003487229 -0.319626898 1.030441999 0.008411291 0.227769747 -0.040066071 0.972854018
1403637215.388319 0.997115850 -0.321128815 1.036893368 0.013146619 0.222087875 -0.037557758 0.974214315
1403637215.438319 0.990797400 -0.322878242 1.043311238 0.020027965 0.213623300 -0.033389416 0.976139903
1403637215.488319 0.983656764 -0.324998617 1.048318505 0.027168315 0.203937516 -0.031181419 0.978109956
1403637215.538319 0.976641774 -0.326471984 1.052958727 0.032348365 0.193273321 -0.030582115 0.980134547
1403637215.588319 0.969201744 -0.328227401 1.057152271 0.034118723 0.181975290 -0.030835830 0.982227087
1403637215.638319 0.960421085 -0.330094099 1.061326027 0.033753227 0.169583991 -0.031229187 0.984442353
1403637215.688319 0.950698733 -0.331486791 1.065083385 0.031572051 0.157222226 -0.034634706 0.986450613
1403637215.738319 0.942105114 -0.332741171 1.068193913 0.024466584 0.143475458 -0.037046295 0.988657534
1403637215.788319 0.933227658 -0.334364355 1.070586085 0.016182425 0.129122823 -0.038558900 0.990746498
1403637215.838319 0.923137903 -0.336204320 1.072793365 0.007885505 0.115265906 -0.040224198 0.992488563
1403637215.888319 0.914035439 -0.337280154 1.074371815 0.001966759 0.101336628 -0.041465972 0.993985713
1403637215.938319 0.903531671 -0.339274049 1.074809909 -0.003057487 0.088714264 -0.041011386 0.995207727
1403637215.988319 0.893759668 -0.341005445 1.075359941 -0.008039268 0.077311397 -0.040704720 0.996143281
1403637216.038319 0.883504093 -0.342994004 1.076258302 -0.010059709 0.065764688 -0.039215501 0.997013509
1403637216.088319 0.873275161 -0.344885528 1.076554418 -0.012465909 0.054526061 -0.038867082 0.997677743
1403637216.138319 0.861978352 -0.347478598 1.075863719 -0.014112089 0.043980543 -0.038043447 0.998208046
1403637216.188319 0.851862013 -0.349586755 1.075636387 -0.014162099 0.034920108 -0.037758198 0.998576164
1403637216.238319 0.842488825 -0.351065278 1.075409055 -0.014643363 0.027207762 -0.036332492 0.998861969
1403637216.288319 0.832846344 -0.352122575 1.075100064 -0.013112806 0.020995274 -0.034687709 0.999091566
1403637216.338319 0.821346283 -0.353732407 1.074017644 -0.011662847 0.017331367 -0.034369864 0.999190807
1403637216.388319 0.812125087 -0.354357570 1.073206306 -0.007945900 0.014000614 -0.033791639 0.999299228
1403637216.438319 0.803152561 -0.354916126 1.072457790 -0.003021385 0.011759025 -0.033978831 0.999348819
1403637216.488319 0.794019699 -0.355040967 1.071188211 0.001022545 0.010567795 -0.034714654 0.999340892
1403637216.538319 0.783141613 -0.355354071 1.069874763 0.005239735 0.010534409 -0.034309939 0.999341965
1403637216.588319 0.774442732 -0.355213284 1.068277359 0.007668625 0.009338217 -0.031816792 0.999420702
1403637216.638319 0.765920281 -0.354787529 1.066320777 0.010636133 0.008676397 -0.029232694 0.999478400
1403637216.688319 0.756832838 -0.354146302 1.064194798 0.015275272 0.008500137 -0.025842428 0.999513149
1403637216.738319 0.748293161 -0.353432566 1.061727285 0.020524736 0.008939490 -0.023976995 0.999461830
1403637216.788319 0.740211487 -0.352411240 1.058734894 0.025458863 0.009931642 -0.023338959 0.999354064
1403637216.838319 0.730722249 -0.351296216 1.054901123 0.029986916 0.011819922 -0.024228904 0.999186695
1403637216.888319 0.722811222 -0.350784987 1.051001310 0.033536281 0.013771862 -0.025688263 0.999012411
1403637216.938319 0.715284884 -0.349895865 1.046477795 0.035690833 0.016071532 -0.027557952 0.998853564
1403637216.988319 0.707907617 -0.348674595 1.040868521 0.034660585 0.017741453 -0.027717229 0.998857141
1403637217.038319 0.700205326 -0.347809464 1.035122633 0.030164575 0.018262686 -0.024464410 0.999078631
1403637217.088319 0.692651868 -0.347057104 1.028975129 0.024155116 0.017550560 -0.017595099 0.999399304
1403637217.138319 0.684428990 -0.345922202 1.021531463 0.018952854 0.017087109 -0.010802465 0.999615967
1403637217.188319 0.677234650 -0.344534576 1.014502883 0.015885977 0.016165636 -0.002819951 0.999739170
1403637217.238319 0.670520067 -0.343206018 1.007211447 0.014197880 0.015269740 0.004597130 0.999772072
1403637217.288319 0.664026976 -0.341280878 0.999915898 0.012275130 0.015368154 0.009465793 0.999761760
1403637217.338319 0.657778144 -0.339001268 0.992154002 0.010442455 0.015592576 0.013985672 0.999726057
1403637217.388319 0.652157962 -0.336298972 0.984052956 0.009835000 0.015913313 0.017777549 0.999666929
1403637217.438319 0.646743655 -0.333496422 0.975991786 0.008986977 0.016631071 0.020851636 0.999603868
1403637217.488319 0.641099334 -0.330456704 0.967218041 0.008300510 0.016977297 0.022327131 0.999572098
1403637217.538319 0.636766315 -0.327182949 0.958359003 0.009691584 0.016291989 0.020738682 0.999605179
1403637217.588319 0.632498801 -0.323652297 0.949710310 0.011963578 0.014509389 0.016996229 0.999678731
1403637217.638319 0.628612816 -0.319886118 0.940509796 0.014502364 0.012134292 0.009299539 0.999777973
1403637217.688319 0.624708235 -0.315697312 0.930814624 0.019262338 0.009105640 -0.003843531 0.999765635
1403637217.738319 0.621306539 -0.311533809 0.921000540 0.023093149 0.004151699 -0.018919177 0.999545634
1403637217.788319 0.618078232 -0.307546914 0.910413623 0.026737306 -0.003183360 -0.033572212 0.999073505
1403637217.838319 0.614886165 -0.303845763 0.899845898 0.025255164 -0.013831660 -0.043969613 0.998617828
1403637217.888319 0.611818552 -0.299501657 0.888298154 0.025200952 -0.024821937 -0.054251026 0.997900605
1403637217.938319 0.608348846 -0.296204269 0.876804590 0.022408539 -0.035146803 -0.060295820 0.997309864
1403637217.988319 0.605078042 -0.292431802 0.864674926 0.019465102 -0.045243144 -0.064982325 0.996670187
1403637218.038319 0.601888537 -0.288991660 0.852214575 0.016751546 -0.054484989 -0.067314707 0.996102154
1403637218.088319 0.598643661 -0.285634577 0.839120626 0.011898722 -0.062840164 -0.068253733 0.995615840
1403637218.138319 0.595165670 -0.282103240 0.825185776 0.009354231 -0.069424696 -0.070063002 0.995079815
1403637218.188319 0.591771543 -0.278328508 0.812299013 0.006755042 -0.074737988 -0.071214817 0.994634092
1403637218.238319 0.588861644 -0.274491459 0.798838019 0.004493963 -0.078833900 -0.072759107 0.994218826
1403637218.288319 0.585647821 -0.270510703 0.785748780 0.003458278 -0.082225531 -0.073371187 0.993903220
1403637218.338319 0.582454324 -0.266099274 0.771738529 0.003433994 -0.083802238 -0.076203637 0.993558466
1403637218.388319 0.579563618 -0.261003524 0.756674290 0.003530588 -0.085777938 -0.075925030 0.993410826
1403637218.438319 0.576839685 -0.256164938 0.742574751 0.003293677 -0.087096922 -0.075678192 0.993315697
1403637218.488319 0.573892713 -0.251391143 0.728231490 0.004340935 -0.087484770 -0.076357268 0.993225634
1403637218.538319 0.571903586 -0.246805906 0.713247895 0.003816946 -0.088118210 -0.076927468 0.993127763
1403637218.588319 0.568352878 -0.242047116 0.699632823 0.003927053 -0.087296367 -0.077119142 0.993185043
1403637218.638319 0.564977288 -0.236537203 0.684367001 0.001405112 -0.086389877 -0.076837160 0.993292928
1403637218.688319 0.562515557 -0.231909588 0.669199586 -0.000916028 -0.085038386 -0.078401573 0.993287921
1403637218.738319 0.559461236 -0.227500170 0.653347790 -0.005316549 -0.084534653 -0.076483205 0.993466616
1403637218.788319 0.556075931 -0.222431630 0.638304949 -0.006809431 -0.083460674 -0.075265169 0.993641317
1403637218.838319 0.553316832 -0.218502536 0.622176826 -0.009322789 -0.081234366 -0.079222582 0.993497789
1403637218.888319 0.550081730 -0.212818116 0.606830955 -0.011175228 -0.078345165 -0.083705425 0.993343115
1403637218.938319 0.547050178 -0.205931857 0.590610087 -0.010480685 -0.076201625 -0.087836504 0.993160725
1403637218.988319 0.544113517 -0.199000850 0.575732112 -0.011000037 -0.073895268 -0.092442408 0.992911279
1403637219.038319 0.540707588 -0.191861466 0.560142338 -0.011363738 -0.072097920 -0.095819712 0.992719173
1403637219.088319 0.537446260 -0.185272515 0.544178426 -0.011943780 -0.071300469 -0.097427122 0.992613494
1403637219.138319 0.533027589 -0.178378433 0.528781176 -0.011581630 -0.070618913 -0.098190710 0.992591262
1403637219.188319 0.528867066 -0.170898959 0.512731075 -0.012235879 -0.070188016 -0.097886041 0.992644072
1403637219.238319 0.524215758 -0.164322495 0.497561216 -0.012833947 -0.069775559 -0.096545570 0.992796838
1403637219.288319 0.519624591 -0.157833129 0.480901420 -0.014512131 -0.069725752 -0.095329374 0.992894769
1403637219.338319 0.514069855 -0.151923299 0.464299202 -0.015303966 -0.069604151 -0.092899822 0.993121684
1403637219.388319 0.509568095 -0.145245120 0.447731823 -0.017663369 -0.069230348 -0.092159815 0.993177593
1403637219.438319 0.504598796 -0.139526263 0.430030704 -0.019751435 -0.069674052 -0.090464130 0.993263125
1403637219.488319 0.498783290 -0.133055180 0.414937019 -0.028382083 -0.069324061 -0.088349700 0.993268788
1403637219.538319 0.493206590 -0.127777696 0.398292661 -0.035492100 -0.068859436 -0.087139085 0.993179500
1403637219.588319 0.488025963 -0.122048385 0.381345779 -0.044180054 -0.068653740 -0.085799530 0.992961824
1403637219.638319 0.482293248 -0.117280170 0.364712238 -0.050887004 -0.068234041 -0.084153205 0.992810607
1403637219.688319 0.476433992 -0.111632988 0.349173903 -0.056063011 -0.067513734 -0.083561741 0.992631018
1403637219.738319 0.470726848 -0.107187629 0.333799660 -0.058623627 -0.067141123 -0.082474284 0.992599249
1403637219.788319 0.465299845 -0.103225075 0.317850947 -0.061434466 -0.066925012 -0.081153147 0.992552757
1403637219.838319 0.459458917 -0.099738739 0.301649928 -0.064167269 -0.066377118 -0.081906907 0.992354691
1403637219.888319 0.453426629 -0.096448116 0.285999507 -0.067408077 -0.066587389 -0.081177309 0.992185771
1403637219.938319 0.446787357 -0.093517996 0.270657629 -0.067453556 -0.066525631 -0.080678716 0.992227435
1403637219.988319 0.440766007 -0.090474881 0.255226552 -0.067212671 -0.066625126 -0.080562204 0.992246568
1403637220.038319 0.434225678 -0.087856740 0.241372779 -0.068155698 -0.066692658 -0.080021545 0.992221475
1403637220.088319 0.427632600 -0.085380651 0.226795673 -0.068719812 -0.066753604 -0.079080015 0.992253959
1403637220.138319 0.421073467 -0.084156372 0.212667361 -0.068949141 -0.065966561 -0.081189431 0.992120326
1403637220.188319 0.414622664 -0.082451314 0.198983818 -0.069535471 -0.067008868 -0.078843541 0.992198765
1403637220.238319 0.407835424 -0.081645317 0.185072765 -0.069369428 -0.067672066 -0.076638669 0.992338121
1403637220.288319 0.401611924 -0.081421688 0.171356052 -0.067863226 -0.068953164 -0.071905971 0.992708206
1403637220.338319 0.394643068 -0.080838442 0.158676624 -0.065863408 -0.070275500 -0.066901110 0.993099988
1403637220.388319 0.387547731 -0.081192710 0.145353064 -0.063715957 -0.071854666 -0.060317874 0.993548691
1403637220.438319 0.380744278 -0.081215367 0.132805660 -0.061255291 -0.072770528 -0.055829559 0.993899047
1403637220.488319 0.374427646 -0.081285141 0.120604523 -0.059772532 -0.073592447 -0.052049298 0.994133890
1403637220.538319 0.367805153 -0.081100374 0.108355075 -0.056899127 -0.074311554 -0.048447259 0.994431078
1403637220.588319 0.361580908 -0.080584802 0.096745476 -0.054566260 -0.074822403 -0.045212034 0.994675815
1403637220.638319 0.355629206 -0.080143310 0.085047506 -0.054373957 -0.074387409 -0.046048097 0.994680643
1403637220.688319 0.349572837 -0.079376191 0.073726356 -0.055376112 -0.074202828 -0.045754887 0.994652689
1403637220.738319 0.343366742 -0.078668237 0.062494785 -0.055578724 -0.073370509 -0.047175188 0.994636714
1403637220.788319 0.337724328 -0.077478096 0.051452968 -0.056599848 -0.073044516 -0.047494572 0.994587958
1403637220.838319 0.332066238 -0.076524734 0.041571058 -0.057690166 -0.072773963 -0.047622256 0.994539022
1403637220.888319 0.326597095 -0.075370088 0.030773822 -0.058383495 -0.072187342 -0.048372597 0.994505107
1403637220.938319 0.321233928 -0.073867902 0.020656064 -0.059560861 -0.071823798 -0.048331361 0.994463623
1403637220.988319 0.316175461 -0.072229497 0.010515045 -0.060600933 -0.070552111 -0.047995601 0.994508088
1403637221.038319 0.311442047 -0.070264913 0.000622887 -0.063295119 -0.067700066 -0.048505712 0.994513750
1403637221.088319 0.306791127 -0.068804666 -0.008561779 -0.065031148 -0.063706234 -0.047615845 0.994708598
1403637221.138319 0.301828444 -0.066318259 -0.016962245 -0.067688294 -0.058212664 -0.046485327 0.994921446
1403637221.188319 0.297440499 -0.064128004 -0.025661044 -0.069412954 -0.051267780 -0.045863137 0.995213568
1403637221.238319 0.293223828 -0.061492663 -0.033980042 -0.070393443 -0.043456279 -0.044490438 0.995578706
1403637221.288319 0.289136171 -0.058709428 -0.042090323 -0.070738025 -0.035061639 -0.043349393 0.995935559
1403637221.338319 0.284896195 -0.057417575 -0.049918760 -0.071184859 -0.027658688 -0.040939931 0.996238768
1403637221.388319 0.281205833 -0.054324150 -0.057323124 -0.071380489 -0.021331083 -0.038797691 0.996465981
1403637221.438319 0.277303934 -0.051476598 -0.064375937 -0.069726191 -0.015946308 -0.036268603 0.996779084
1403637221.488319 0.273826420 -0.048629470 -0.071296804 -0.070427828 -0.011161252 -0.034939665 0.996842265
1403637221.538319 0.270143211 -0.045666624 -0.078110389 -0.071059085 -0.007731552 -0.031428315 0.996946871
1403637221.588319 0.266632736 -0.042736661 -0.084387235 -0.071789093 -0.004162190 -0.030225394 0.996953070
1403637221.638319 0.262742788 -0.040438861 -0.090285085 -0.072273761 -0.000579670 -0.029593127 0.996945500
1403637221.688319 0.259587675 -0.037173111 -0.096057884 -0.073469833 0.002040633 -0.027879529 0.996905565
1403637221.738319 0.256365389 -0.033874273 -0.101450317 -0.073538713 0.004373638 -0.026722766 0.996924698
1403637221.788319 0.253456235 -0.030668508 -0.106862910 -0.073761068 0.006280192 -0.025168598 0.996938527
1403637221.838319 0.250434548 -0.027318908 -0.111572586 -0.074605331 0.009065809 -0.023802005 0.996887803
1403637221.888319 0.247543633 -0.023758514 -0.116027564 -0.075096533 0.012797888 -0.021183249 0.996869087
1403637221.938319 0.245176196 -0.020490386 -0.120593667 -0.075953931 0.018014301 -0.017761370 0.996790349
1403637221.988319 0.243079081 -0.016747387 -0.124660723 -0.075958863 0.025478834 -0.015937151 0.996657968
1403637222.038319 0.240887269 -0.013198277 -0.128085271 -0.075637214 0.034747694 -0.012945801 0.996445656
1403637222.088319 0.239129826 -0.009342424 -0.131384999 -0.076270059 0.045319177 -0.009700093 0.996009529
1403637222.138319 0.237081692 -0.005518522 -0.134061843 -0.076058261 0.056835826 -0.005910821 0.995464683
1403637222.188319 0.235265255 -0.001709323 -0.136441588 -0.075571924 0.069141917 -0.002252524 0.994737744
1403637222.238319 0.233863384 0.002229183 -0.138718486 -0.072121941 0.080528550 0.001260956 0.994138837
1403637222.288319 0.232925653 0.006102584 -0.141227171 -0.068534896 0.090518944 0.002838493 0.993529677
1403637222.338319 0.231775850 0.009760743 -0.143285915 -0.062130887 0.098849729 0.005066949 0.993147910
1403637222.388319 0.230509177 0.013105503 -0.145746708 -0.055428427 0.106266789 0.006929076 0.992767394
1403637222.438319 0.229259118 0.016597008 -0.147229135 -0.049175527 0.112834267 0.008145208 0.992362738
1403637222.488319 0.228299409 0.019793026 -0.148976490 -0.043871667 0.118190795 0.008156427 0.991987765
1403637222.538319 0.227189109 0.022512827 -0.150939658 -0.040947713 0.121998802 0.010204636 0.991632700
1403637222.588319 0.226506218 0.025106061 -0.152667537 -0.039513659 0.125208810 0.011137158 0.991280675
1403637222.638319 0.225240901 0.027285293 -0.154401630 -0.037696689 0.128375515 0.010626818 0.990951955
1403637222.688319 0.224489719 0.029633146 -0.156364501 -0.038228944 0.130411506 0.010111427 0.990671039
1403637222.738319 0.223470077 0.031565081 -0.157862023 -0.039638754 0.131472215 0.011066013 0.990465224
1403637222.788319 0.222795695 0.033224277 -0.159782469 -0.043206222 0.132336348 0.011027212 0.990201354
1403637222.838319 0.221743479 0.034757119 -0.161354065 -0.047490466 0.132576987 0.011460328 0.989968002
1403637222.888319 0.220948219 0.035769068 -0.163353831 -0.052920002 0.132234290 0.012519163 0.989725649
1403637222.938319 0.220172077 0.036896527 -0.165062249 -0.059080951 0.131675392 0.012835258 0.989447474
1403637222.988319 0.219535708 0.036997937 -0.166943282 -0.063976288 0.131178051 0.012719716 0.989210546
1403637223.038319 0.218953058 0.036778115 -0.168598041 -0.067618608 0.130282268 0.013130836 0.989081323
1403637223.088319 0.218610466 0.036367401 -0.170102119 -0.070301034 0.129365578 0.012841379 0.989018381
1403637223.138319 0.218187779 0.035530616 -0.171706736 -0.071068130 0.128571436 0.012045990 0.989077151
1403637223.188319 0.218092725 0.034366045 -0.172762901 -0.070759140 0.127440706 0.011414692 0.989253104
1403637223.238319 0.218107611 0.032700710 -0.173942819 -0.068937033 0.126497537 0.010030679 0.989517808
1403637223.288319 0.218130901 0.030768570 -0.174934179 -0.064975366 0.125551239 0.008271300 0.989922583
1403637223.338319 0.218312263 0.028619530 -0.175519481 -0.059998788 0.124255404 0.006344884 0.990414321
1403637223.388319 0.218171239 0.026190639 -0.175721914 -0.055860389 0.123476319 0.003969991 0.990766108
1403637223.438319 0.218083993 0.023377404 -0.176266700 -0.051849071 0.122230813 0.002876689 0.991142273
1403637223.488319 0.218049109 0.020564301 -0.176195756 -0.048821986 0.121349581 0.001290449 0.991407573
1403637223.538319 0.217993349 0.017385876 -0.176469073 -0.046099063 0.120755203 -0.000111131 0.991611302
1403637223.588319 0.217849150 0.014517304 -0.176791057 -0.043753684 0.120293103 -0.000950005 0.991773307
1403637223.638319 0.218015388 0.011620034 -0.176730707 -0.042121124 0.119991772 -0.001939324 0.991879046
1403637223.688319 0.218006209 0.008967685 -0.177024022 -0.041195899 0.119645365 -0.002347043 0.991958857
1403637223.738319 0.218125477 0.006760138 -0.176673353 -0.040783737 0.119625390 -0.003271351 0.991975665
1403637223.788319 0.218202427 0.004681902 -0.176924273 -0.039697025 0.119310267 -0.003208480 0.992057920
1403637223.838319 0.218265280 0.003000504 -0.176576227 -0.039101910 0.119276665 -0.003684257 0.992083907
1403637223.888319 0.218255684 0.001542357 -0.176221997 -0.038108889 0.119474605 -0.004365249 0.992096007
1403637223.938319 0.218447894 0.000146381 -0.175859988 -0.037905205 0.119761638 -0.005771779 0.992061973
1403637223.988319 0.218567491 -0.000727853 -0.175554812 -0.037389155 0.119675562 -0.005181069 0.992095232
1403637224.038319 0.218704373 -0.001588938 -0.175095186 -0.036946516 0.119873777 -0.005082046 0.992088437
1403637224.088319 0.218840539 -0.002080564 -0.174622491 -0.037297335 0.119867124 -0.005068162 0.992076159
1403637224.138319 0.218827292 -0.002413607 -0.174057961 -0.036705822 0.120379418 -0.006219069 0.992029607
1403637224.188319 0.218842253 -0.002377683 -0.173491165 -0.036377072 0.120522231 -0.006348582 0.992023587
1403637224.238319 0.218894556 -0.002265972 -0.172844261 -0.035945281 0.120991826 -0.007389805 0.991974950
1403637224.288319 0.219072729 -0.001866183 -0.172259688 -0.034977719 0.121138521 -0.007773192 0.991988719
1403637224.338319 0.219025552 -0.001330664 -0.171515703 -0.034498055 0.121061154 -0.007688831 0.992015600
1403637224.388319 0.219009548 -0.000348853 -0.170831054 -0.034611963 0.121325262 -0.008504599 0.991972685
1403637224.438319 0.219175920 0.000536668 -0.170138597 -0.034472320 0.121886738 -0.009726830 0.991897523
1403637224.488319 0.219103977 0.001859837 -0.169384509 -0.034191214 0.121993631 -0.010170940 0.991889656
1403637224.538319 0.219054610 0.003296056 -0.168585211 -0.033484802 0.122290932 -0.010980887 0.991868496
1403637224.588319 0.218683034 0.004830976 -0.167660713 -0.033153396 0.122151956 -0.010092349 0.991906166
1403637224.638319 0.218506366 0.006106172 -0.167003125 -0.032424740 0.121165194 -0.007596371 0.992073536
1403637224.688319 0.218029261 0.007269887 -0.166365176 -0.031338573 0.119710825 -0.003121945 0.992309153
1403637224.738319 0.217718810 0.007909359 -0.165978819 -0.032442838 0.118262440 0.001520503 0.992451072
1403637224.788319 0.217405677 0.008555014 -0.165515587 -0.032808650 0.117764883 0.003003638 0.992494822
1403637224.838319 0.217099980 0.009043335 -0.165272936 -0.033381768 0.117983505 0.002866981 0.992450178
1403637224.888319 0.216785580 0.009354694 -0.164984271 -0.032345235 0.118853226 0.000279983 0.992384791
1403637224.938319 0.216425627 0.009768663 -0.164795280 -0.032016475 0.120163605 -0.003138220 0.992232740
1403637224.988319 0.216214538 0.010500448 -0.164482415 -0.031822659 0.120917469 -0.005527883 0.992136955
1403637225.038319 0.216052458 0.011503844 -0.164559156 -0.031791933 0.121223107 -0.006853531 0.992092371
1403637225.088319 0.215597436 0.012747704 -0.163953304 -0.031853322 0.121906765 -0.008668751 0.991992414
1403637225.138319 0.215243012 0.014141660 -0.163962513 -0.030473031 0.122007698 -0.009996648 0.992010891
1403637225.188319 0.214814380 0.015657516 -0.163855165 -0.030090850 0.121873215 -0.010246656 0.992036521
1403637225.238319 0.214471936 0.017437970 -0.163617373 -0.029438769 0.121492110 -0.010892734 0.992095947
1403637225.288319 0.213938534 0.019228242 -0.163429841 -0.029406842 0.120720506 -0.010286581 0.992197573
1403637225.338319 0.213221416 0.021127552 -0.163158208 -0.028407557 0.120663755 -0.011121178 0.992224574
1403637225.388319 0.212430507 0.022656811 -0.163360804 -0.027553132 0.120353781 -0.011635442 0.992280364
1403637225.438319 0.211856455 0.024084151 -0.163428545 -0.026232401 0.119717032 -0.012026360 0.992388546
1403637225.488319 0.210840791 0.025084788 -0.163685575 -0.025710307 0.119453534 -0.012374769 0.992429733
1403637225.538319 0.209710002 0.025891785 -0.164297730 -0.026130624 0.119148217 -0.013313482 0.992443264
1403637225.588319 0.208580896 0.026603121 -0.164968789 -0.027544543 0.118562378 -0.013260337 0.992475867
1403637225.638319 0.207341671 0.026982658 -0.165491819 -0.029413970 0.118428126 -0.013946365 0.992428899
1403637225.688319 0.205991045 0.027078092 -0.166246027 -0.033324543 0.118024364 -0.013049552 0.992365539
1403637225.738319 0.204782248 0.026971694 -0.167254627 -0.035533093 0.117997564 -0.013741281 0.992282808
1403637225.788319 0.203185260 0.026486672 -0.168196440 -0.039384075 0.118000172 -0.013566009 0.992139518
1403637225.838319 0.201555640 0.025770025 -0.169088110 -0.042791970 0.117741250 -0.012479220 0.992043376
1403637225.888319 0.199854285 0.024735678 -0.170329496 -0.045406826 0.117490441 -0.012242656 0.991959810
1403637225.938319 0.198047146 0.023102544 -0.171875328 -0.043040685 0.117017642 -0.012569589 0.992117107
1403637225.988319 0.195934504 0.021242253 -0.172679901 -0.039297812 0.117040299 -0.012928091 0.992265165
1403637226.038319 0.193704143 0.019318227 -0.173559040 -0.034837525 0.116865881 -0.013200874 0.992448688
1403637226.088319 0.191792965 0.017600724 -0.174434736 -0.031952392 0.116838805 -0.013564428 0.992544055
1403637226.138319 0.189645827 0.015998179 -0.175787836 -0.028801534 0.116662905 -0.013707721 0.992659211
1403637226.188319 0.187492833 0.014674327 -0.176694691 -0.027340153 0.116879098 -0.013881587 0.992672741
1403637226.238319 0.185402960 0.013450263 -0.178004026 -0.026182000 0.116781287 -0.014106470 0.992712259
1403637226.288319 0.183134094 0.012539521 -0.179103479 -0.027432732 0.117137261 -0.014917629 0.992624700
1403637226.338319 0.180903822 0.011973743 -0.180054158 -0.031169662 0.117343150 -0.014878559 0.992490649
1403637226.388319 0.178684339 0.011413353 -0.181535572 -0.036209375 0.117547132 -0.015366855 0.992287934
1403637226.438319 0.176167518 0.010991028 -0.182642668 -0.043505691 0.117908165 -0.015160568 0.991955161
1403637226.488319 0.173780233 0.010999065 -0.184066147 -0.049146160 0.117738076 -0.014303182 0.991724670
1403637226.538319 0.171388462 0.010974828 -0.184440851 -0.053115997 0.117985301 -0.014782593 0.991483569
1403637226.588319 0.169242024 0.011089908 -0.185759336 -0.056689370 0.118059739 -0.015618634 0.991263986
1403637226.638319 0.166545153 0.011301711 -0.185898557 -0.058393564 0.118208081 -0.015745921 0.991145313
1403637226.688319 0.164006233 0.011388618 -0.186642379 -0.059401836 0.118066654 -0.015085230 0.991112530
1403637226.738319 0.161560938 0.011963787 -0.186988533 -0.060266893 0.117578894 -0.013956990 0.991134882
1403637226.788319 0.158467755 0.012197299 -0.187009722 -0.060717933 0.117159277 -0.013337248 0.991165519
1403637226.838319 0.155956447 0.012842586 -0.187010735 -0.060125060 0.117107950 -0.013273920 0.991208613
1403637226.888319 0.153270677 0.013456302 -0.186691612 -0.059606351 0.116577402 -0.010888197 0.991331518
1403637226.938319 0.150634125 0.014006734 -0.186234847 -0.058413275 0.115736090 -0.006935440 0.991536677
1403637226.988319 0.147964656 0.014531676 -0.185658604 -0.056432720 0.114605889 -0.001874526 0.991805077
1403637227.038319 0.145215064 0.015312323 -0.184818253 -0.053674046 0.112493917 0.005951278 0.992183864
1403637227.088319 0.142585427 0.015833938 -0.183997467 -0.050623268 0.110640272 0.013510273 0.992478490
1403637227.138319 0.140226200 0.016235983 -0.183358639 -0.047631018 0.109038591 0.020712888 0.992679596
1403637227.188319 0.138007313 0.016147748 -0.182365596 -0.046558954 0.108913019 0.022820415 0.992698073
1403637227.238319 0.136215046 0.016253525 -0.181713432 -0.045319110 0.109179519 0.023558311 0.992708921
1403637227.288319 0.134802520 0.015671371 -0.181641698 -0.045209631 0.111033991 0.018946717 0.992606938
1403637227.338319 0.133364201 0.015217933 -0.180917934 -0.045883510 0.113013707 0.014922930 0.992421269
1403637227.388319 0.132070571 0.014390483 -0.180447951 -0.045995362 0.115035258 0.010801448 0.992237210
1403637227.438319 0.130804151 0.013541319 -0.179724231 -0.047978457 0.116701163 0.007069891 0.991982341
1403637227.488319 0.129840672 0.012985788 -0.179524750 -0.048733708 0.117642470 0.005477326 0.991844416
1403637227.538319 0.128855631 0.012618331 -0.178739369 -0.049105007 0.118614219 0.005268350 0.991711497
1403637227.588319 0.127248406 0.012101332 -0.177340299 -0.050150178 0.119077995 0.006735208 0.991594672
1403637227.638319 0.126344636 0.011815559 -0.176389083 -0.049805269 0.118556343 0.010341181 0.991643548
1403637227.688319 0.125588566 0.011898302 -0.175383434 -0.050659489 0.118328325 0.012846402 0.991598189
1403637227.738319 0.124920234 0.012060233 -0.174141124 -0.050592348 0.117831744 0.015437396 0.991623819
1403637227.788319 0.124390692 0.012422321 -0.172893301 -0.050551567 0.117393978 0.017997777 0.991634607
1403637227.838319 0.124004990 0.012967443 -0.171513915 -0.050084829 0.118515886 0.015902860 0.991560698
1403637227.888319 0.123830982 0.013426304 -0.170148954 -0.045858201 0.119038627 0.013943251 0.991732001
1403637227.938319 0.123668700 0.014012177 -0.168494388 -0.040534552 0.120674960 0.009086765 0.991822541
1403637227.988319 0.123591557 0.014800977 -0.166782111 -0.035966191 0.121664248 0.005014760 0.991906822
1403637228.038319 0.123601526 0.015565435 -0.165285915 -0.031173535 0.122764662 0.000138033 0.991946101
1403637228.088319 0.123618774 0.016604524 -0.163861245 -0.028714072 0.122912705 -0.002028058 0.991999924
1403637228.138319 0.123560689 0.017536741 -0.162489340 -0.025311457 0.122345418 -0.002756891 0.992160916
1403637228.188319 0.123483032 0.018557858 -0.161244124 -0.023902787 0.121871196 -0.003955408 0.992250144
1403637228.238319 0.123304792 0.019289868 -0.160068542 -0.021757822 0.121086635 -0.004228558 0.992394447
1403637228.288319 0.123169333 0.019862315 -0.159299374 -0.021284157 0.120822683 -0.005468832 0.992430866
1403637228.338319 0.122857615 0.020185243 -0.158508331 -0.020045903 0.120175146 -0.005076788 0.992537320
1403637228.388319 0.122633770 0.020325430 -0.158209950 -0.020793226 0.120472834 -0.007745123 0.992468596
1403637228.438319 0.122257970 0.020250872 -0.157988369 -0.020015210 0.120269656 -0.008830544 0.992500186
1403637228.488319 0.121842563 0.019939156 -0.157963797 -0.019254895 0.120652363 -0.011069235 0.992446303
1403637228.538319 0.121294603 0.019425295 -0.158079550 -0.018518602 0.120755665 -0.013248543 0.992421091
1403637228.588319 0.120652810 0.018730208 -0.158472419 -0.018037582 0.121193461 -0.015609086 0.992342234
1403637228.638319 0.119822271 0.017850975 -0.158972710 -0.018388525 0.121256076 -0.016912978 0.992306769
1403637228.688319 0.118896954 0.016981142 -0.159698248 -0.021784702 0.121243283 -0.016333524 0.992249310
1403637228.738319 0.117822170 0.016185384 -0.160530105 -0.026148850 0.120844126 -0.014085865 0.992227077
1403637228.788319 0.116659299 0.015530890 -0.161276683 -0.030623706 0.119745083 -0.010116855 0.992280662
1403637228.838319 0.115498453 0.015069179 -0.162405819 -0.035035100 0.118923157 -0.006606991 0.992263138
1403637228.888319 0.114336610 0.014823313 -0.163271636 -0.038013730 0.118142121 -0.003013643 0.992264211
1403637228.938319 0.113120556 0.014737681 -0.163899258 -0.038669664 0.118564598 -0.002894177 0.992188871
1403637228.988319 0.112109259 0.014790381 -0.164795533 -0.038067505 0.119789630 -0.005820166 0.992052138
1403637229.038319 0.110980287 0.014935008 -0.165449843 -0.036772970 0.120710351 -0.008563696 0.991969466
1403637229.088319 0.109835938 0.015166552 -0.166142195 -0.033518087 0.121469602 -0.010827395 0.991970003
1403637229.138319 0.108623430 0.015648499 -0.166576266 -0.030272372 0.122161299 -0.012898291 0.991964638
1403637229.188319 0.107323177 0.016214781 -0.167277023 -0.028724005 0.122912064 -0.015372320 0.991882682
1403637229.238319 0.105978869 0.016998645 -0.167753994 -0.027685419 0.123510808 -0.016280128 0.991823375
1403637229.288319 0.104517624 0.017958870 -0.168617040 -0.027716383 0.125194609 -0.016785888 0.991602898
1403637229.338319 0.103030503 0.019102173 -0.169275329 -0.028686646 0.128310621 -0.016248880 0.991185904
1403637229.388319 0.101635754 0.020384734 -0.170204952 -0.032056794 0.132170945 -0.011136033 0.990645885
1403637229.438319 0.100158170 0.021770447 -0.171282485 -0.037734397 0.137013867 -0.002714151 0.989846468
1403637229.488319 0.098588012 0.023243746 -0.172517061 -0.043476131 0.142946646 0.009127688 0.988732874
1403637229.538319 0.096645616 0.024971070 -0.173044354 -0.048393752 0.150282040 0.022464577 0.987202466
1403637229.588319 0.095414281 0.026640231 -0.173810691 -0.052634813 0.159377679 0.035214070 0.985184371
1403637229.638319 0.094378218 0.028378667 -0.173952729 -0.055672009 0.170145378 0.047630623 0.982691467
1403637229.688319 0.093664154 0.030048065 -0.174430907 -0.057844460 0.182510346 0.058342077 0.979765356
1403637229.738319 0.093284190 0.031882316 -0.174775422 -0.058739558 0.196913064 0.064553350 0.976528406
1403637229.788319 0.093294635 0.033714630 -0.175358385 -0.057022080 0.214251652 0.063167028 0.973064542
1403637229.838319 0.093655527 0.035514556 -0.175380796 -0.052931800 0.232353747 0.059977826 0.969336152
1403637229.888319 0.094197631 0.037409149 -0.175168902 -0.048323050 0.250636309 0.055510670 0.965279698
1403637229.938319 0.094970584 0.039262246 -0.175011888 -0.044211544 0.268430918 0.052570038 0.960846841
1403637229.988319 0.095749438 0.041112818 -0.175016984 -0.039568320 0.285435826 0.051142555 0.956213951
1403637230.038319 0.096531063 0.042999517 -0.174855232 -0.039018933 0.301162004 0.052711174 0.951315165
1403637230.088319 0.096997499 0.044749990 -0.174438834 -0.039991457 0.315006942 0.058944259 0.946412623
1403637230.138319 0.097542971 0.046420641 -0.174476370 -0.043016445 0.327228397 0.066958040 0.941587925
1403637230.188319 0.097972915 0.047659799 -0.173823833 -0.045736693 0.339034617 0.072723478 0.936843097
1403637230.238319 0.098475635 0.048420712 -0.173721343 -0.047855817 0.349054903 0.076868758 0.932717383
1403637230.288319 0.098995015 0.048998311 -0.173586220 -0.049847797 0.357713312 0.078824721 0.929162562
1403637230.338319 0.099513769 0.049085587 -0.173447788 -0.049863711 0.364635438 0.079500906 0.926409304
1403637230.388319 0.100082517 0.048977844 -0.173159242 -0.047125734 0.369928002 0.080439165 0.924371123
1403637230.438319 0.100736365 0.048470374 -0.173545361 -0.042174786 0.374791056 0.079061456 0.922768772
1403637230.488319 0.101199687 0.047687549 -0.173155814 -0.036000881 0.378660738 0.076453775 0.921669543
1403637230.538319 0.101594537 0.046500321 -0.173135385 -0.029621741 0.382233918 0.074583627 0.920574307
1403637230.588319 0.102070414 0.045141120 -0.172981545 -0.022831596 0.386965662 0.072416738 0.918962479
1403637230.638319 0.102359787 0.043684866 -0.173014805 -0.016506687 0.392087698 0.074404925 0.916765332
1403637230.688319 0.102484480 0.042051945 -0.172815621 -0.012932962 0.398421884 0.076980710 0.913874567
1403637230.738319 0.102665812 0.040166691 -0.173623025 -0.012386655 0.404897481 0.083257109 0.910479486
1403637230.788319 0.102476396 0.038493484 -0.173518464 -0.014850820 0.412310064 0.091252118 0.906340361
1403637230.838319 0.102365807 0.036817912 -0.174269319 -0.020002801 0.420092940 0.102432102 0.901459634
1403637230.888319 0.102302670 0.035184532 -0.175133795 -0.025700420 0.429863065 0.112158410 0.895532072
1403637230.938319 0.102519095 0.033971183 -0.175427169 -0.030532792 0.440586001 0.122494504 0.888789535
1403637230.988319 0.103064910 0.032991368 -0.175070807 -0.034481924 0.453013122 0.130882502 0.881169617
1403637231.038319 0.103747055 0.032110278 -0.176081821 -0.037643399 0.466634303 0.138510406 0.872725785
1403637231.088319 0.104350843 0.031899251 -0.175647452 -0.038189474 0.481187522 0.146069258 0.863518357
1403637231.138319 0.106037743 0.031735878 -0.176510155 -0.038862698 0.496503353 0.152701974 0.853613615
1403637231.188319 0.107438147 0.032095678 -0.176883623 -0.037051413 0.511982858 0.160931364 0.842971981
1403637231.238319 0.106613211 0.032908052 -0.176475525 -0.034664262 0.529296398 0.167681307 0.830979347
1403637231.288319 0.107776240 0.033927612 -0.176511392 -0.032470908 0.546087563 0.174871042 0.818629384
1403637231.338319 0.109425709 0.036214679 -0.176299304 -0.028716540 0.563525259 0.181560725 0.805388331
1403637231.388319 0.111092985 0.038388319 -0.176402897 -0.024492869 0.581490457 0.186745912 0.791451156
1403637231.438319 0.111816987 0.040487833 -0.176907778 -0.020200165 0.599256217 0.193091229 0.776659310
1403637231.488319 0.117210545 0.046584085 -0.176837444 -0.015339267 0.615247667 0.201751620 0.761926055
1403637231.538319 0.117612168 0.049297065 -0.176891059 -0.012774403 0.632156551 0.211858869 0.745205104
1403637231.588319 0.119297534 0.053627230 -0.176804543 -0.011140202 0.648204625 0.221671104 0.728401423
1403637231.638319 0.121258855 0.056375716 -0.177730501 -0.011406853 0.664464712 0.228746146 0.711359024
1403637231.688319 0.123597153 0.060526643 -0.178235129 -0.012104051 0.681011856 0.233061299 0.694088399
1403637231.738319 0.127653345 0.066077068 -0.178851247 -0.009562758 0.695901275 0.237594709 0.677627325
1403637231.788319 0.131303430 0.071190894 -0.180204466 -0.007251943 0.710087538 0.240937784 0.661567867
1403637231.838319 0.134767696 0.074143536 -0.182310060 -0.006878428 0.722395003 0.245771840 0.646292806
1403637231.888319 0.138336226 0.078403458 -0.183989987 -0.006988552 0.733542442 0.250859529 0.631613910
1403637231.938319 0.140309811 0.080845073 -0.187812850 -0.005857608 0.742763758 0.256748289 0.618342876
1403637231.988319 0.143863127 0.084892854 -0.190835163 -0.003751112 0.752160192 0.260517299 0.605286419
1403637232.038319 0.147430912 0.088126987 -0.194194108 0.003930951 0.762418211 0.260331392 0.592393994
1403637232.088319 0.150821865 0.090759888 -0.198503748 0.012908084 0.772416115 0.258783609 0.579860091
1403637232.138319 0.155820608 0.094407499 -0.200864151 0.021152455 0.782877386 0.256399244 0.566493630
1403637232.188319 0.157032445 0.098592460 -0.206176370 0.029027380 0.791244745 0.255146414 0.554967940
1403637232.238319 0.160502940 0.100259155 -0.210461736 0.031649090 0.799520910 0.255170971 0.542818964
1403637232.288319 0.168108061 0.105024271 -0.214226857 0.033312112 0.808053493 0.254080415 0.530455530
1403637232.338319 0.171778351 0.106956348 -0.218826801 0.033492327 0.816541612 0.251994371 0.518301964
1403637232.388319 0.175092772 0.109119982 -0.223407388 0.032273460 0.825347602 0.248683780 0.505881548
1403637232.438319 0.177255780 0.111864433 -0.231057107 0.033029597 0.832499385 0.248056516 0.494289190
1403637232.488319 0.180549741 0.113640636 -0.236690462 0.034846764 0.839282453 0.249732524 0.481689066
1403637232.538319 0.182585210 0.115025342 -0.243799120 0.039177813 0.843101621 0.258970916 0.469658107
1403637232.588319 0.185027316 0.117535457 -0.248680428 0.041781541 0.847337425 0.268040627 0.456538945
1403637232.638319 0.186676577 0.118133128 -0.254359365 0.044426024 0.850957096 0.278459162 0.443123966
1403637232.688319 0.187675804 0.119449884 -0.262949526 0.047352847 0.854186893 0.287774116 0.430474728
1403637232.738319 0.188721657 0.122515514 -0.269792318 0.049176615 0.857392013 0.296709269 0.417641222
1403637232.788319 0.190372154 0.121801950 -0.276056290 0.050511040 0.860405028 0.306154907 0.404253662
1403637232.838319 0.192031503 0.122203358 -0.283455670 0.048161007 0.862900317 0.313976198 0.393068045
1403637232.888319 0.193497926 0.122801393 -0.291541457 0.043291941 0.865200400 0.320211172 0.383430362
1403637232.938319 0.194898173 0.124001168 -0.300389022 0.038097631 0.866712630 0.326164544 0.375465631
1403637232.988319 0.195958018 0.124423355 -0.309180677 0.032258321 0.868558288 0.329245001 0.369003564
1403637233.038319 0.196925849 0.125368685 -0.318964064 0.026164426 0.869633973 0.332297981 0.364184290
1403637233.088319 0.198256895 0.125326514 -0.328706086 0.019695403 0.870622337 0.334548026 0.360147804
1403637233.138319 0.199194416 0.125807345 -0.339969516 0.014023692 0.870633602 0.337262422 0.357847065
1403637233.188319 0.200818539 0.126486331 -0.351493925 0.008164208 0.869655132 0.341414779 0.356467754
1403637233.238319 0.202082664 0.128375828 -0.362084806 0.004820376 0.869015396 0.343950182 0.355650365
1403637233.288319 0.203870475 0.130456179 -0.373774678 0.000536753 0.867886186 0.346886247 0.355588496
1403637233.338319 0.205792934 0.132374287 -0.385635972 -0.002741542 0.866304457 0.350063294 0.356321096
1403637233.388319 0.208212808 0.134598613 -0.397873372 -0.006032958 0.864499331 0.353626490 0.357145339
1403637233.438319 0.210822523 0.137092590 -0.410590768 -0.010652208 0.863244355 0.355465978 0.358245373
1403637233.488319 0.213733599 0.140784875 -0.423686266 -0.018808376 0.863844991 0.352055430 0.359826446
1403637233.538319 0.217234403 0.145099148 -0.436629653 -0.030624444 0.866755247 0.342121065 0.361594617
1403637233.588319 0.220522612 0.149669617 -0.449938178 -0.044998173 0.871743977 0.325376183 0.363549113
1403637233.638319 0.225057393 0.154685289 -0.463031024 -0.059286177 0.877727747 0.304601461 0.365098834
1403637233.688319 0.229496330 0.160752982 -0.476650655 -0.071268216 0.883113742 0.284048438 0.366534442
1403637233.738319 0.234872937 0.165689260 -0.489879012 -0.082241550 0.887454093 0.265832543 0.367416054
1403637233.788319 0.240444854 0.171374708 -0.503098965 -0.091228575 0.891165078 0.249186352 0.367978632
1403637233.838319 0.246787205 0.176480025 -0.515677452 -0.097855583 0.893667161 0.237196952 0.368131638
1403637233.888319 0.253927529 0.182151049 -0.527440429 -0.102839716 0.895529866 0.228049308 0.368026882
1403637233.938319 0.261557102 0.188166618 -0.538368821 -0.106994234 0.896709263 0.222082838 0.367619306
1403637233.988319 0.269299328 0.193575025 -0.548588097 -0.111100473 0.897411168 0.217909038 0.367185920
1403637234.038319 0.277584732 0.198700458 -0.559001207 -0.115876749 0.898291647 0.211954713 0.367042065
1403637234.088319 0.286904395 0.202161908 -0.567080021 -0.120028675 0.899309933 0.205442667 0.366917074
1403637234.138319 0.296204478 0.207546830 -0.575130224 -0.125084057 0.900714815 0.197811723 0.365974486
1403637234.188319 0.307051718 0.212707132 -0.582739949 -0.128930897 0.901979268 0.191319034 0.364975601
1403637234.238319 0.318227291 0.217324972 -0.590034008 -0.129025146 0.902832866 0.187880263 0.364618093
1403637234.288319 0.330709994 0.221727535 -0.595527411 -0.125787675 0.904021263 0.185529232 0.364008099
1403637234.338319 0.343394428 0.225570068 -0.599274933 -0.119644821 0.905141294 0.184746757 0.363693535
1403637234.388319 0.356308401 0.229538873 -0.603086591 -0.110421367 0.905514061 0.185888469 0.365098566
1403637234.438319 0.370620549 0.233102024 -0.605708420 -0.098666199 0.905206501 0.188071787 0.368096739
1403637234.488319 0.384817719 0.236193866 -0.608050108 -0.088724770 0.904124081 0.189163730 0.372699112
1403637234.538319 0.399135232 0.239767879 -0.609098971 -0.076728515 0.902700245 0.188956827 0.378867149
1403637234.588319 0.413585842 0.243719965 -0.609795451 -0.065263711 0.900472164 0.190162241 0.385653824
1403637234.638319 0.428928196 0.247113466 -0.609004617 -0.055327523 0.897995651 0.190098107 0.392944545
1403637234.688319 0.443634599 0.250410140 -0.607693434 -0.046778183 0.894932091 0.189667061 0.401166677
1403637234.738319 0.458997428 0.253599137 -0.606128454 -0.037761565 0.890906990 0.191222504 0.410234898
1403637234.788319 0.473952711 0.257053018 -0.603693247 -0.028008841 0.886283517 0.193166047 0.420004696
1403637234.838319 0.488534033 0.260297984 -0.601593375 -0.019692743 0.881141543 0.194830433 0.430398524
1403637234.888319 0.502257943 0.264284164 -0.597806394 -0.009234787 0.875315309 0.197916716 0.441097200
1403637234.938319 0.516270995 0.266712815 -0.594297767 -0.000879608 0.869264603 0.199605212 0.452256590
1403637234.988319 0.530356824 0.269006461 -0.589838743 0.003459853 0.863689184 0.200194135 0.462548763
1403637235.038319 0.543680251 0.270721763 -0.586781800 0.004137290 0.858076751 0.198806554 0.473458678
1403637235.088319 0.557525992 0.273342878 -0.582343638 0.003967863 0.852739871 0.196250379 0.484050333
1403637235.138319 0.570048630 0.273396164 -0.576599538 0.002096437 0.847467303 0.194376573 0.493976206
1403637235.188319 0.582596600 0.274734288 -0.571988106 0.001407606 0.841772020 0.191656440 0.504664004
1403637235.238319 0.594256878 0.275971115 -0.566594958 0.000413215 0.836571038 0.189409748 0.514074504
1403637235.288319 0.605933011 0.275939524 -0.559987366 -0.003244100 0.831999302 0.189260289 0.521485567
1403637235.338319 0.617471814 0.276184887 -0.554490268 -0.008128279 0.827311397 0.191239491 0.528126121
1403637235.388319 0.628415048 0.276776969 -0.549471974 -0.012750801 0.821733773 0.198429763 0.534056783
1403637235.438319 0.639666140 0.275911838 -0.543172479 -0.017410817 0.816525996 0.206344962 0.538891315
1403637235.488319 0.650220037 0.275217056 -0.536843896 -0.022432052 0.810951948 0.213548303 0.544289351
1403637235.538319 0.660947084 0.274875581 -0.530725121 -0.025419548 0.805433750 0.219312370 0.550029397
1403637235.588319 0.671886086 0.274139404 -0.524241328 -0.029924575 0.801064014 0.220843241 0.555544078
1403637235.638319 0.682850957 0.273441792 -0.517851293 -0.031517416 0.796802998 0.221012309 0.561484814
1403637235.688319 0.693714261 0.271861136 -0.511138022 -0.031990055 0.793272555 0.218117565 0.567556262
1403637235.738319 0.704940617 0.269320875 -0.505255938 -0.031692345 0.790204465 0.211585715 0.574285626
1403637235.788319 0.715887606 0.266851664 -0.498871565 -0.033605520 0.788132668 0.200531363 0.580951571
1403637235.838319 0.726553679 0.264798850 -0.492317617 -0.035821412 0.786826968 0.184562415 0.587840855
1403637235.888319 0.737117469 0.261146635 -0.486424804 -0.039029747 0.783935010 0.172438800 0.595136523
1403637235.938319 0.747908533 0.257300436 -0.479929835 -0.045393337 0.780867219 0.159776062 0.602210522
1403637235.988319 0.758085370 0.255023152 -0.472542554 -0.049592186 0.776163101 0.151642591 0.610013008
1403637236.038319 0.768279552 0.251540959 -0.465444475 -0.054224439 0.770937145 0.143048897 0.618265748
1403637236.088319 0.778368235 0.247359604 -0.457030714 -0.057130970 0.765137136 0.138141215 0.626273274
1403637236.138319 0.788083494 0.243402913 -0.448738575 -0.059794296 0.758922279 0.132572323 0.634733140
1403637236.188319 0.798090219 0.238534987 -0.438987494 -0.063040502 0.752487838 0.129298493 0.642705023
1403637236.238319 0.807701707 0.232399642 -0.428989917 -0.064987056 0.746215105 0.124868914 0.650651574
1403637236.288319 0.816831708 0.225425750 -0.417974949 -0.064876080 0.739229441 0.123390652 0.658866942
1403637236.338319 0.826519072 0.219225362 -0.406753182 -0.064225048 0.731944799 0.120751351 0.667496085
1403637236.388319 0.835703552 0.212823451 -0.394878477 -0.062261485 0.724352658 0.119212911 0.676184118
1403637236.438319 0.844642878 0.206108317 -0.382709831 -0.058945306 0.716921747 0.119253479 0.684344411
1403637236.488319 0.852978587 0.197192937 -0.370129138 -0.054738555 0.709850311 0.120554119 0.691796899
1403637236.538319 0.861321807 0.189607352 -0.357098639 -0.051182117 0.704149127 0.120631598 0.697855592
1403637236.588319 0.869205177 0.182100043 -0.344183326 -0.047080088 0.699409544 0.120435439 0.702926099
1403637236.638319 0.876886308 0.174566850 -0.330745906 -0.042626005 0.696426451 0.117801212 0.706608891
1403637236.688319 0.884307742 0.167776763 -0.316384971 -0.039204352 0.693843722 0.115021758 0.709798515
1403637236.738319 0.891558111 0.160653338 -0.302094907 -0.033097055 0.690861762 0.110210106 0.713770509
1403637236.788319 0.898843527 0.152976945 -0.287556916 -0.027726356 0.686966240 0.106051609 0.718374372
1403637236.838319 0.905542374 0.146324515 -0.273137867 -0.019871492 0.681799531 0.102075927 0.724109828
1403637236.888319 0.911288202 0.138606623 -0.257710993 -0.010330569 0.676199734 0.096831083 0.730254114
1403637236.938319 0.916716218 0.130783886 -0.241997510 0.000436517 0.670569599 0.091001965 0.736243784
1403637236.988319 0.921847463 0.121636972 -0.225870907 0.010255781 0.666381776 0.084168173 0.740773797
1403637237.038319 0.925966561 0.112179175 -0.209999412 0.021864431 0.662245512 0.077526152 0.744944632
1403637237.088319 0.929342270 0.103218585 -0.194981620 0.033074584 0.657507181 0.071608387 0.749308109
1403637237.138319 0.931020796 0.094087601 -0.178989127 0.044837788 0.652309239 0.067118265 0.753642738
1403637237.188319 0.932367980 0.086007968 -0.164598167 0.054451115 0.645002246 0.065444484 0.759423614
1403637237.238319 0.933504939 0.076403402 -0.148647010 0.059524976 0.637489855 0.065783836 0.765333951
1403637237.288319 0.932974994 0.067339726 -0.132894486 0.061922193 0.629322290 0.067521714 0.771725297
1403637237.338319 0.931814790 0.058262907 -0.118392676 0.061508618 0.622322381 0.068312138 0.777344823
1403637237.388319 0.929342270 0.049128551 -0.103610277 0.062084086 0.615592957 0.070412114 0.782453179
1403637237.438319 0.925690591 0.039092280 -0.089185789 0.062792465 0.609696865 0.072249591 0.786833465
1403637237.488319 0.921568453 0.029521167 -0.074984297 0.062307876 0.604923368 0.073187299 0.790461302
1403637237.538319 0.915822327 0.020929877 -0.062612355 0.063942134 0.599549949 0.075073354 0.794238746
1403637237.588319 0.910287023 0.011147886 -0.047896609 0.064506374 0.596107364 0.077491887 0.796548784
1403637237.638319 0.903669417 0.000339831 -0.034905300 0.066832781 0.592167556 0.080855094 0.798957705
1403637237.688319 0.895739555 -0.008993798 -0.022553086 0.070600107 0.588278890 0.084125273 0.801165700
1403637237.738319 0.887623847 -0.018977329 -0.010192931 0.072874963 0.584976137 0.089195617 0.802830160
1403637237.788319 0.878646255 -0.028785173 0.001601547 0.074667186 0.582143128 0.094895855 0.804070234
1403637237.838319 0.868969321 -0.036999598 0.013739213 0.075246170 0.581104755 0.101850018 0.803916574
1403637237.888319 0.859171689 -0.046124332 0.024904713 0.073377997 0.581406772 0.110372216 0.802745163
1403637237.938319 0.848308086 -0.053233437 0.035339355 0.072904803 0.582956731 0.119303249 0.800383091
1403637237.988319 0.837313592 -0.060601477 0.045019537 0.069982842 0.585758448 0.129163697 0.797060907
1403637238.038319 0.826422334 -0.068594597 0.054518193 0.066574231 0.589065671 0.141218364 0.792859912
1403637238.088319 0.815078259 -0.075410120 0.063329354 0.065269589 0.592551470 0.156582043 0.787467301
1403637238.138319 0.803189039 -0.081634678 0.071868166 0.064538859 0.597678781 0.170904309 0.780644953
1403637238.188319 0.791236043 -0.088521563 0.080176756 0.065134525 0.603830636 0.185988963 0.772369206
1403637238.238319 0.778937221 -0.093237564 0.087998487 0.067847565 0.610933483 0.200373024 0.762894273
1403637238.288319 0.767129183 -0.099920392 0.093139470 0.070220940 0.618050694 0.215734378 0.752689183
1403637238.338319 0.754759610 -0.103611603 0.100081950 0.074544489 0.627085567 0.229623511 0.740594268
1403637238.388319 0.742583156 -0.108406231 0.104840010 0.079762325 0.637118518 0.241809964 0.727492869
1403637238.438319 0.730379760 -0.113256112 0.108721055 0.084095351 0.647630036 0.253285378 0.713687539
1403637238.488319 0.717749834 -0.116346553 0.112868644 0.089813106 0.659318626 0.262474090 0.698813200
1403637238.538319 0.705804646 -0.120209709 0.115296543 0.092252657 0.670667350 0.270966023 0.684304118
1403637238.588319 0.694028258 -0.123129621 0.117400989 0.093991101 0.681369424 0.279647768 0.669849575
1403637238.638319 0.680830896 -0.125143096 0.117133684 0.094412066 0.688037097 0.292870879 0.657204628
1403637238.688319 0.668801010 -0.127826422 0.117409080 0.089080103 0.693297923 0.307424724 0.645672321
1403637238.738319 0.656361938 -0.129633322 0.116558664 0.082059085 0.696048200 0.323308617 0.635810316
1403637238.788319 0.643828869 -0.130171731 0.114032336 0.074045695 0.697236240 0.339051634 0.627234280
1403637238.838319 0.631702781 -0.131441519 0.111242726 0.064621821 0.697473407 0.354922384 0.619180918
1403637238.888319 0.619646072 -0.131740242 0.106063798 0.054774612 0.696328759 0.369679242 0.612750590
1403637238.938319 0.608635724 -0.132114321 0.100812472 0.044055436 0.694937110 0.383492112 0.606675565
1403637238.988319 0.597794890 -0.132339835 0.093767792 0.033348680 0.694131672 0.394087017 0.601468682
1403637239.038319 0.587811470 -0.131958291 0.085456714 0.022407332 0.695907950 0.397465527 0.597688198
1403637239.088319 0.578765869 -0.131302893 0.075966395 0.011928407 0.699727714 0.395557612 0.594788194
1403637239.138319 0.570661664 -0.131164089 0.065611221 0.003228167 0.707540929 0.385515422 0.592244267
1403637239.188319 0.563352406 -0.130873442 0.053337868 -0.003275125 0.716880679 0.371842563 0.589749455
1403637239.238319 0.556541800 -0.129443765 0.040229317 -0.005243857 0.727037430 0.356977344 0.586477816
1403637239.288319 0.550283134 -0.128683209 0.026489675 -0.006028492 0.735900342 0.345296681 0.582395554
1403637239.338319 0.544537961 -0.127972245 0.012143005 -0.005592893 0.743951380 0.337598175 0.576656342
1403637239.388319 0.539687574 -0.126576141 -0.002967276 -0.003320332 0.751191914 0.333560586 0.569593728
1403637239.438319 0.535089612 -0.124466613 -0.018484995 -0.000449107 0.758386314 0.331858337 0.560999155
1403637239.488319 0.531737089 -0.121568024 -0.034432165 0.001561407 0.766177356 0.330520779 0.551113307
1403637239.538319 0.528732479 -0.117738664 -0.049516894 0.004286379 0.775074363 0.328208596 0.539926350
1403637239.588319 0.525821805 -0.112493709 -0.065585397 0.006644840 0.783858895 0.326012343 0.528428793
1403637239.638319 0.523267150 -0.106938154 -0.081636846 0.008662272 0.792869866 0.324479043 0.515747726
1403637239.688319 0.520251215 -0.101551041 -0.098902449 0.011295396 0.801934361 0.321951449 0.503111303
1403637239.738319 0.518025458 -0.094162479 -0.115265056 0.013885985 0.813080490 0.314115047 0.489937782
1403637239.788319 0.515547633 -0.087465703 -0.133033544 0.017236959 0.824400902 0.304706126 0.476676315
1403637239.838319 0.513113737 -0.080510780 -0.151800707 0.018098043 0.836387813 0.292786181 0.463037938
1403637239.888319 0.510757923 -0.073144734 -0.168003127 0.019267328 0.847831607 0.281915009 0.448702842
1403637239.938319 0.508439302 -0.064699873 -0.185048595 0.021958698 0.857936203 0.273910284 0.434092700
1403637239.988319 0.506267607 -0.056324065 -0.203165263 0.022462077 0.867526412 0.266805798 0.419175416
1403637240.038319 0.505121469 -0.047180995 -0.218787163 0.022701735 0.876686513 0.261335611 0.403248191
1403637240.088319 0.502631485 -0.037534267 -0.235863730 0.024250170 0.884188592 0.258776307 0.388145983
1403637240.138319 0.500754774 -0.028130308 -0.252003402 0.024665039 0.891163826 0.258578807 0.371961951
1403637240.188319 0.497042835 -0.018127605 -0.268751949 0.025740901 0.896989405 0.259266108 0.357111305
1403637240.238319 0.494725078 -0.008976191 -0.284674048 0.024661647 0.901861072 0.262651920 0.342129111
1403637240.288319 0.492584914 0.000359774 -0.300958723 0.022578914 0.904889882 0.269972086 0.328298092
1403637240.338319 0.490567088 0.009735420 -0.316711873 0.018171417 0.906709671 0.277917325 0.316716403
1403637240.388319 0.488334030 0.019499585 -0.331762403 0.012716626 0.907773077 0.286427200 0.306179374
1403637240.438319 0.486378312 0.027562708 -0.348338962 0.004499797 0.907842100 0.295470864 0.297488421
1403637240.488319 0.484468699 0.036337882 -0.364221513 -0.002469566 0.907908797 0.302194238 0.290472299
1403637240.538319 0.482414365 0.044807911 -0.380614996 -0.008044201 0.907978415 0.306649417 0.285441130
1403637240.588319 0.480065823 0.052863657 -0.396523833 -0.009754570 0.908340633 0.308889389 0.281796813
1403637240.638319 0.478322148 0.060529739 -0.413095653 -0.012212893 0.908964157 0.309161246 0.279381990
1403637240.688319 0.477442414 0.067797601 -0.429152876 -0.014763366 0.909874856 0.307935834 0.277642399
1403637240.738319 0.476246804 0.074496955 -0.446239173 -0.014844747 0.910554767 0.306487292 0.277011037
1403637240.788319 0.474930346 0.081877664 -0.462550819 -0.015052631 0.912207425 0.301682591 0.276836872
1403637240.838319 0.473781735 0.089170367 -0.478772014 -0.016870389 0.915513515 0.290979713 0.277274519
1403637240.888319 0.474294066 0.095941991 -0.493784845 -0.015130514 0.919365227 0.278667301 0.277278215
1403637240.938319 0.474034667 0.100432128 -0.511608601 -0.015554435 0.921596646 0.269846141 0.278569043
1403637240.988319 0.474616408 0.106379241 -0.527972400 -0.015400742 0.923103631 0.263284653 0.279863834
1403637241.038319 0.474820375 0.112066984 -0.544253230 -0.014518297 0.922936678 0.262316644 0.281366557
1403637241.088319 0.475285292 0.117956057 -0.559761465 -0.012970926 0.921880603 0.264218658 0.283119023
1403637241.138319 0.475639582 0.125093877 -0.574456453 -0.012800828 0.920971632 0.265355825 0.285015136
1403637241.188319 0.476524323 0.131362364 -0.589131713 -0.013314104 0.920137882 0.266447097 0.286661804
1403637241.238319 0.477391511 0.137146562 -0.604707122 -0.016994059 0.919735312 0.265792847 0.288361520
1403637241.288319 0.478103578 0.143495634 -0.619501829 -0.021237653 0.919387579 0.264678836 0.290207714
1403637241.338319 0.479314774 0.149991527 -0.633458257 -0.024051463 0.919522285 0.262553543 0.291489273
1403637241.388319 0.481003344 0.156368241 -0.647718549 -0.029323984 0.919753253 0.259836525 0.292709768
1403637241.438319 0.482559979 0.163384199 -0.661239684 -0.033899173 0.919930518 0.257252514 0.293938607
1403637241.488319 0.484381080 0.170378536 -0.674931705 -0.038072973 0.920451820 0.253544450 0.295015395
1403637241.538319 0.486944646 0.176594675 -0.687387943 -0.042897429 0.921752036 0.247437313 0.295478940
1403637241.588319 0.489765823 0.182159394 -0.699853837 -0.046462361 0.922376275 0.243400499 0.296343565
1403637241.638319 0.492519349 0.186830565 -0.712546706 -0.047571085 0.923007250 0.239198565 0.297621578
1403637241.688319 0.495592654 0.191517428 -0.724236906 -0.046532758 0.924303472 0.232998028 0.298679948
1403637241.738319 0.499323845 0.195967942 -0.735508561 -0.045890450 0.925587595 0.226771280 0.299593836
1403637241.788319 0.503243446 0.199554116 -0.746445775 -0.044398416 0.926862299 0.221099541 0.300116658
1403637241.838319 0.506807208 0.203128427 -0.756603897 -0.040368360 0.928000212 0.215936512 0.300927520
1403637241.888319 0.511007369 0.206352040 -0.765780985 -0.031912766 0.928737104 0.212975353 0.301778942
1403637241.938319 0.515518248 0.209381387 -0.775288582 -0.019107927 0.929181099 0.210300133 0.303366601
1403637241.988319 0.519706666 0.211718678 -0.783449829 -0.009363205 0.929731429 0.207366481 0.304156154
1403637242.038319 0.523737192 0.213751718 -0.791072309 -0.003528000 0.930448711 0.204415157 0.304084122
1403637242.088319 0.527723014 0.215263858 -0.798780203 -0.003647027 0.930741131 0.204001203 0.303465188
1403637242.138319 0.531405151 0.216885000 -0.805768192 -0.007277657 0.930771947 0.204775766 0.302782983
1403637242.188319 0.534998357 0.217922032 -0.811756611 -0.013247577 0.930758297 0.206323624 0.301569402
1403637242.238319 0.539031267 0.218968093 -0.817835093 -0.018595744 0.930869341 0.206827253 0.300597548
1403637242.288319 0.543547630 0.219748586 -0.822985768 -0.023435911 0.931211591 0.206884623 0.299156278
1403637242.338319 0.547663331 0.220415547 -0.827931046 -0.029909112 0.931903958 0.204753444 0.297886729
1403637242.388319 0.551589549 0.220799983 -0.831930280 -0.036292553 0.932834625 0.201411217 0.296539873
1403637242.438319 0.555892825 0.221530423 -0.835379779 -0.041508585 0.933912516 0.197141275 0.295329869
1403637242.488319 0.560172439 0.222341105 -0.838073015 -0.045656446 0.934936166 0.193078279 0.294160932
1403637242.538319 0.564740181 0.222889408 -0.840339303 -0.047221966 0.935286880 0.190198943 0.294674307
1403637242.588319 0.569508672 0.223287642 -0.841335058 -0.046439148 0.935096800 0.187402710 0.297182709
1403637242.638319 0.574190557 0.223385215 -0.841971874 -0.044167854 0.933573842 0.186979845 0.302535325
1403637242.688319 0.579568565 0.223007724 -0.841696382 -0.041298658 0.931293666 0.187303871 0.309683442
1403637242.738319 0.584546387 0.221981749 -0.840610027 -0.036488745 0.928218067 0.188281015 0.318794668
1403637242.788319 0.589788735 0.220669553 -0.838960230 -0.028989108 0.924991727 0.189553156 0.328054160
1403637242.838319 0.595046461 0.218846351 -0.836724579 -0.022027951 0.922352076 0.188506469 0.336521417
1403637242.888319 0.599975824 0.216539502 -0.833802223 -0.015909223 0.919812918 0.187885225 0.344078869
1403637242.938319 0.605184436 0.213942096 -0.830322802 -0.013046974 0.918192685 0.184858993 0.350113064
1403637242.988319 0.610130489 0.211169466 -0.826604307 -0.011400994 0.916793942 0.181783020 0.355406642
1403637243.038319 0.614765167 0.208426908 -0.822079182 -0.013361919 0.915333092 0.181043461 0.359457970
1403637243.088319 0.619633257 0.205662742 -0.817197680 -0.017591801 0.914164066 0.180930227 0.362296641
1403637243.138319 0.624242246 0.202975169 -0.811620355 -0.022098837 0.912946224 0.182142898 0.364506215
1403637243.188319 0.628205180 0.200405553 -0.805474639 -0.024151236 0.910952687 0.187366441 0.366709352
1403637243.238319 0.632866263 0.198102891 -0.798846662 -0.024334984 0.908772826 0.194120571 0.368587732
1403637243.288319 0.636977732 0.195493251 -0.791660190 -0.023281176 0.906898320 0.199842975 0.370211035
1403637243.338319 0.641104221 0.193595916 -0.783766210 -0.022146013 0.905364275 0.204762325 0.371345550
1403637243.388319 0.645147622 0.191507056 -0.775748789 -0.020332746 0.904257178 0.208379641 0.372133553
1403637243.438319 0.649494231 0.189490795 -0.767439723 -0.018060636 0.903497040 0.211414531 0.372385293
1403637243.488319 0.653861642 0.187761024 -0.758751571 -0.017133571 0.903289676 0.211955577 0.372624576
1403637243.538319 0.657934427 0.185313061 -0.749660134 -0.015354887 0.902605057 0.214969799 0.372634262
1403637243.588319 0.661900640 0.182599142 -0.740253150 -0.012977909 0.901031971 0.221219569 0.372873753
1403637243.638319 0.665783405 0.179376021 -0.730355978 -0.010596140 0.899622858 0.227257401 0.372720450
1403637243.688319 0.670271575 0.176475108 -0.720941424 -0.008882767 0.897735536 0.234908044 0.372572482
1403637243.738319 0.674265146 0.172635138 -0.711022198 -0.005338647 0.896681964 0.239979625 0.371944487
1403637243.788319 0.678389430 0.168667674 -0.701264501 -0.000157593 0.894440114 0.248738497 0.371626258
1403637243.838319 0.681918859 0.164795220 -0.691650391 0.007278795 0.891932428 0.257248014 0.371788949
1403637243.888319 0.685927868 0.159297615 -0.682676077 0.011087935 0.889957190 0.265011728 0.370974451
1403637243.938319 0.689415693 0.154588640 -0.673406899 0.016258448 0.888369679 0.270461529 0.370655537
1403637243.988319 0.692746282 0.149351001 -0.664531589 0.017947365 0.887997806 0.272780806 0.369768023
1403637244.038319 0.696335018 0.143831372 -0.656167626 0.018340787 0.888162673 0.273656398 0.368704200
1403637244.088319 0.699640691 0.138511270 -0.647574246 0.018729670 0.888674259 0.273519009 0.367552191
1403637244.138319 0.702886701 0.132886618 -0.639808118 0.017527286 0.889228225 0.273239136 0.366478324
1403637244.188319 0.705879688 0.126690626 -0.632454157 0.017074907 0.890215039 0.271580756 0.365334779
1403637244.238319 0.708970428 0.120282114 -0.625427604 0.017193075 0.890830815 0.270896167 0.364335239
1403637244.288319 0.711862445 0.114213735 -0.618000865 0.017423665 0.890835106 0.271905243 0.363561332
1403637244.338319 0.714625478 0.107963383 -0.611642182 0.016997511 0.890537024 0.273817509 0.362875909
1403637244.388319 0.717304051 0.101150274 -0.604678929 0.016738331 0.889429867 0.276866645 0.363289535
1403637244.438319 0.719751537 0.094624490 -0.598053575 0.015106062 0.888028502 0.278973788 0.365172386
1403637244.488319 0.722249150 0.087833047 -0.591630101 0.011431632 0.886823356 0.279234201 0.368024439
1403637244.538319 0.724467576 0.081231445 -0.585764050 0.005077655 0.885602236 0.277234763 0.372590631
1403637244.588319 0.726998329 0.074476749 -0.579418957 -0.002358771 0.884028018 0.275380403 0.377696335
1403637244.638319 0.729253292 0.068160623 -0.574189663 -0.009819300 0.881756008 0.273701102 0.384054244
1403637244.688319 0.731925488 0.061806113 -0.568210363 -0.015755566 0.879202187 0.272143155 0.390760005
1403637244.738319 0.734795332 0.055659264 -0.561873138 -0.020039527 0.876603067 0.270926535 0.397195578
1403637244.788319 0.737659097 0.050111592 -0.556749225 -0.022973385 0.873902321 0.270002633 0.403566062
1403637244.838319 0.740669131 0.044761449 -0.550531626 -0.025165383 0.871789932 0.268952817 0.408672690
1403637244.888319 0.744265974 0.038808972 -0.545011520 -0.026707979 0.869561076 0.268626392 0.413509429
1403637244.938319 0.747510970 0.034435958 -0.539253533 -0.026111180 0.867250741 0.269368023 0.417893797
1403637244.988319 0.751645684 0.029278278 -0.533711553 -0.025497189 0.864826381 0.271886736 0.421310812
1403637245.038319 0.755250156 0.024761021 -0.528407991 -0.021933272 0.861918449 0.277214706 0.423989952
1403637245.088319 0.759193420 0.020168245 -0.523772836 -0.015882192 0.857641876 0.286851525 0.426514208
1403637245.138319 0.763865113 0.015971750 -0.517650723 -0.011199925 0.854126930 0.295632660 0.427718490
1403637245.188319 0.768197536 0.012488663 -0.512979269 -0.009351646 0.851245165 0.302489191 0.428712666
1403637245.238319 0.772817016 0.009155989 -0.508160949 -0.011378825 0.851234555 0.301678210 0.429255724
1403637245.288319 0.777642310 0.005626470 -0.504328012 -0.014638561 0.852895916 0.296620548 0.429383963
1403637245.338319 0.782893121 0.002793103 -0.500022531 -0.019739782 0.855251849 0.290237308 0.428855300
1403637245.388319 0.788347602 -0.000167042 -0.496708155 -0.022424910 0.856840968 0.285109431 0.428991020
1403637245.438319 0.793598592 -0.002752841 -0.492929488 -0.025238762 0.857799590 0.280410826 0.430014640
1403637245.488319 0.799316585 -0.005310744 -0.489709973 -0.027609594 0.857550383 0.277506709 0.432244271
1403637245.538319 0.805072248 -0.007588834 -0.486014694 -0.028385213 0.856321216 0.275414407 0.435953140
1403637245.588319 0.811192274 -0.010035068 -0.483047009 -0.030860610 0.854471147 0.273583055 0.440543979
1403637245.638319 0.817669749 -0.011560649 -0.479843646 -0.031340182 0.851399899 0.273122132 0.446699351
1403637245.688319 0.823876739 -0.013010055 -0.476738274 -0.032482088 0.848064482 0.271710873 0.453767300
1403637245.738319 0.830676615 -0.014438987 -0.474269569 -0.031500977 0.844365597 0.268685848 0.462452531
1403637245.788319 0.837587953 -0.015619695 -0.471702039 -0.028254589 0.840740442 0.262321919 0.472804844
1403637245.838319 0.844926238 -0.016560853 -0.468028218 -0.024749774 0.837619185 0.251895905 0.484076440
1403637245.888319 0.853003323 -0.017923057 -0.464738876 -0.021865647 0.832928300 0.243231550 0.496579051
1403637245.938319 0.860139310 -0.019216686 -0.462676823 -0.018842269 0.826144695 0.236059040 0.511278808
1403637245.988319 0.867939293 -0.019829482 -0.458409429 -0.017548047 0.819191754 0.228135884 0.525900126
1403637246.038319 0.875343204 -0.020525068 -0.454089105 -0.016899040 0.810815752 0.220921010 0.541743517
1403637246.088319 0.883140385 -0.020275831 -0.451194584 -0.015615450 0.800367057 0.214285612 0.559687793
1403637246.138319 0.890433431 -0.021386892 -0.446044981 -0.015727162 0.789760172 0.207727909 0.576958060
1403637246.188319 0.897962511 -0.021151870 -0.441479385 -0.015731828 0.777507246 0.201039687 0.595665991
1403637246.238319 0.905528665 -0.021178156 -0.437561631 -0.015051577 0.764024854 0.195109278 0.614794135
1403637246.288319 0.912773430 -0.020797849 -0.433446437 -0.016226694 0.749562323 0.189116761 0.634135485
1403637246.338319 0.919450521 -0.020579815 -0.428638250 -0.016946416 0.734753430 0.181329474 0.653429210
1403637246.388319 0.926191568 -0.019222319 -0.424748540 -0.019133128 0.719345331 0.172122642 0.672718346
1403637246.438319 0.932303131 -0.018446848 -0.419433326 -0.022716552 0.704556942 0.161442459 0.690666258
1403637246.488319 0.938685179 -0.017920211 -0.414789677 -0.024900526 0.689482808 0.149969816 0.708168387
1403637246.538319 0.945205212 -0.017100602 -0.410554379 -0.024404427 0.674042523 0.139871463 0.724918664
1403637246.588319 0.950960755 -0.015825152 -0.405061036 -0.023910331 0.659838438 0.127408653 0.740140915
1403637246.638319 0.956641078 -0.015648812 -0.399012715 -0.022328293 0.644998670 0.118225366 0.754652858
1403637246.688319 0.961786091 -0.014655158 -0.392605811 -0.018227743 0.630738616 0.107546568 0.768290460
1403637246.738319 0.966718018 -0.013805464 -0.386246026 -0.017115569 0.616335094 0.098615862 0.781097293
1403637246.788319 0.971154809 -0.013281621 -0.379940212 -0.015340772 0.601266325 0.091237105 0.793674529
1403637246.838319 0.974922717 -0.012528859 -0.373947442 -0.014486511 0.586173177 0.084317371 0.805656075
1403637246.888319 0.978501141 -0.012227513 -0.366970658 -0.015642386 0.571434796 0.079165556 0.816670299
1403637246.938319 0.981516123 -0.012009293 -0.361753941 -0.018703699 0.556163788 0.078063078 0.827186882
1403637246.988319 0.984172583 -0.011915877 -0.354661673 -0.024777852 0.543097913 0.078060478 0.835665762
1403637247.038319 0.986554027 -0.012050688 -0.348173589 -0.029677760 0.531463683 0.079646453 0.842806041
1403637247.088319 0.988249421 -0.012394801 -0.341417491 -0.035086654 0.521920800 0.082909316 0.848229706
1403637247.138319 0.989788651 -0.013115473 -0.334147185 -0.039234083 0.514041781 0.087789454 0.852358341
1403637247.188319 0.991596997 -0.012744762 -0.328043252 -0.042475820 0.507479846 0.091012396 0.855790079
1403637247.238319 0.993313372 -0.012697652 -0.321463585 -0.043804366 0.502283990 0.095224090 0.858326495
1403637247.288319 0.995153069 -0.013177313 -0.314535409 -0.043032873 0.498771727 0.096861064 0.860228419
1403637247.338319 0.996564031 -0.014017932 -0.306450427 -0.037569117 0.497800678 0.095444120 0.861204684
1403637247.388319 0.997873902 -0.014558315 -0.298520297 -0.025711576 0.498674691 0.088872276 0.861837685
1403637247.438319 0.999100685 -0.014764950 -0.290764421 -0.012892281 0.500025034 0.082158834 0.862008512
1403637247.488319 1.000122666 -0.014796607 -0.283472031 -0.005343702 0.500552833 0.079597868 0.862022340
1403637247.538319 1.000352383 -0.015115805 -0.274858952 -0.003985627 0.501174569 0.077971257 0.861817062
1403637247.588319 1.000337839 -0.014152333 -0.266986400 -0.003962706 0.500084758 0.076296978 0.862599730
1403637247.638319 1.000074983 -0.013556443 -0.259703338 -0.005156849 0.497623146 0.073829703 0.864230156
1403637247.688319 0.999720931 -0.012549244 -0.251810759 -0.006636212 0.495434165 0.067414112 0.866000175
1403637247.738319 0.998655081 -0.011670277 -0.243839353 -0.008846947 0.492433012 0.060525380 0.868198216
1403637247.788319 0.997065842 -0.010927215 -0.236007690 -0.012168191 0.488891631 0.053424705 0.870622039
1403637247.838319 0.994932055 -0.010656957 -0.227956742 -0.013599236 0.484301865 0.046924707 0.873535812
1403637247.888319 0.992008567 -0.009925731 -0.220151126 -0.012406034 0.477832943 0.044521991 0.877234042
1403637247.938319 0.988811493 -0.009562463 -0.212119639 -0.007241891 0.469807208 0.043970827 0.881643534
1403637247.988319 0.985611200 -0.010382049 -0.204966366 -0.002916896 0.460581928 0.045341481 0.886453569
1403637248.038319 0.981344938 -0.011553206 -0.197179794 -0.003551229 0.451352239 0.048932545 0.890996158
1403637248.088319 0.976234794 -0.010443341 -0.189936072 -0.007280907 0.442255169 0.050648782 0.895428419
1403637248.138319 0.971391082 -0.011678685 -0.181912690 -0.012976835 0.433106154 0.053666580 0.899650276
1403637248.188319 0.966373444 -0.013921909 -0.174306601 -0.019608509 0.424731880 0.056496434 0.903341830
1403637248.238319 0.960892558 -0.014326699 -0.166745335 -0.025754169 0.418140233 0.057580993 0.906189799
1403637248.288319 0.955109060 -0.015851684 -0.158973426 -0.028735746 0.411815226 0.061131075 0.908760428
1403637248.338319 0.950119555 -0.016134039 -0.151852697 -0.031389996 0.406807929 0.060809780 0.910946846
1403637248.388319 0.944095731 -0.016824588 -0.144349337 -0.031852603 0.403281271 0.061634317 0.912442207
1403637248.438319 0.936680675 -0.012974814 -0.136019319 -0.027347894 0.401679933 0.061768353 0.913285255
1403637248.488319 0.930826783 -0.013420593 -0.127798975 -0.025507778 0.400400102 0.060850516 0.913961887
1403637248.538319 0.924040794 -0.013208315 -0.119244367 -0.019929450 0.400505990 0.058919653 0.914180636
1403637248.588319 0.918832958 -0.012558084 -0.112120569 -0.015755860 0.399787664 0.056510963 0.914728403
1403637248.638319 0.912695169 -0.012579497 -0.105509937 -0.015586248 0.399730891 0.055050410 0.914845169
1403637248.688319 0.905972362 -0.013043635 -0.098150343 -0.019052368 0.400404871 0.055680159 0.914446652
1403637248.738319 0.898736835 -0.013902143 -0.091071695 -0.023868887 0.401421547 0.057428315 0.913779497
1403637248.788319 0.891326070 -0.015855920 -0.084040403 -0.029864756 0.403083891 0.059086643 0.912765145
1403637248.838319 0.884463131 -0.015792131 -0.076685607 -0.032190941 0.404345781 0.060994565 0.912002146
1403637248.888319 0.877261460 -0.017759539 -0.069910407 -0.034851577 0.405440390 0.063645802 0.911236882
1403637248.938319 0.870317101 -0.019659512 -0.063425958 -0.035640668 0.406087518 0.066685028 0.910700738
1403637248.988319 0.862453580 -0.021092698 -0.056155294 -0.035957426 0.407736331 0.068466455 0.909818947
1403637249.038319 0.854826212 -0.023601539 -0.049493968 -0.035761736 0.409280509 0.068730503 0.909113109
1403637249.088319 0.847218990 -0.025872663 -0.042693257 -0.036179870 0.410765409 0.069215022 0.908389807
1403637249.138319 0.839763165 -0.028718434 -0.035882384 -0.035451628 0.412032783 0.069467418 0.907825112
1403637249.188319 0.831594467 -0.031832412 -0.028945953 -0.036110986 0.413331389 0.069662623 0.907193661
1403637249.238319 0.823846579 -0.035592385 -0.022130162 -0.035548411 0.414194912 0.070369661 0.906767368
1403637249.288319 0.815884829 -0.039585307 -0.015290290 -0.034479558 0.414999276 0.071325526 0.906366050
1403637249.338319 0.807968616 -0.042970255 -0.008542389 -0.033270091 0.416419446 0.069611222 0.905893028
1403637249.388319 0.799977899 -0.046172865 -0.002004206 -0.032903198 0.416669816 0.070756495 0.905702591
1403637249.438319 0.791947246 -0.048399709 0.005181849 -0.032295506 0.416834712 0.071458258 0.905593455
1403637249.488319 0.783769011 -0.049855307 0.012485027 -0.031277254 0.417239398 0.071466058 0.905442178
1403637249.538319 0.775767922 -0.051850952 0.019925624 -0.031724744 0.417124867 0.072268352 0.905415773
1403637249.588319 0.767664552 -0.052050427 0.027632982 -0.030949932 0.416782022 0.072625786 0.905571818
1403637249.638319 0.759551406 -0.052656464 0.035294205 -0.030753868 0.416578084 0.072697952 0.905666530
1403637249.688319 0.751315296 -0.052480578 0.043138474 -0.028657345 0.416569382 0.071653076 0.905822575
1403637249.738319 0.743404150 -0.051776607 0.050878197 -0.023310758 0.415938050 0.070065670 0.906390071
1403637249.788319 0.735119700 -0.051389877 0.058746248 -0.019124666 0.415389836 0.067010619 0.906970322
1403637249.838319 0.726156533 -0.051881690 0.066255659 -0.015383916 0.413526982 0.064883471 0.908046722
1403637249.888319 0.717742562 -0.052232396 0.074077278 -0.013407136 0.410144985 0.063393734 0.909715652
1403637249.938319 0.708512664 -0.052243929 0.081385672 -0.013736946 0.405277133 0.061574508 0.912014425
1403637249.988319 0.699242949 -0.053339198 0.088552922 -0.014745818 0.398341715 0.063737474 0.914901078
1403637250.038319 0.689383507 -0.054216400 0.095720559 -0.016336372 0.391434550 0.067707337 0.917566240
1403637250.088319 0.680112004 -0.055327240 0.102994651 -0.017338717 0.384353459 0.072103195 0.920202613
1403637250.138319 0.670656323 -0.056672722 0.109855890 -0.020403370 0.377611101 0.074774720 0.922714651
1403637250.188319 0.661265254 -0.058111928 0.116577595 -0.021240782 0.370886385 0.075689442 0.925344884
1403637250.238319 0.651747465 -0.059462674 0.122866243 -0.021080127 0.363360524 0.077540502 0.928176820
1403637250.288319 0.642128348 -0.060660161 0.129592031 -0.020890851 0.356829613 0.079666018 0.930531859
1403637250.338319 0.632823110 -0.061683837 0.136122301 -0.019502958 0.350683898 0.082493298 0.932649612
1403637250.388319 0.623600483 -0.062331457 0.142628774 -0.019501401 0.345971674 0.084084779 0.934266031
1403637250.438319 0.614523590 -0.062560312 0.148741350 -0.019349450 0.341400802 0.087423325 0.935643256
1403637250.488319 0.606022239 -0.062668622 0.154826626 -0.019559100 0.337199986 0.091136828 0.936807156
1403637250.538319 0.597439349 -0.063029513 0.160814345 -0.021939224 0.334281623 0.093935326 0.937523603
1403637250.588319 0.589199603 -0.062945738 0.166630194 -0.023259711 0.331769913 0.096002705 0.938174427
1403637250.638319 0.580996871 -0.063434154 0.171941087 -0.026213344 0.329170704 0.094723709 0.939141572
1403637250.688319 0.573558152 -0.064176500 0.177081868 -0.027781380 0.326282382 0.094432116 0.940133274
1403637250.738319 0.565907419 -0.065067023 0.182305843 -0.029072085 0.324365884 0.093456671 0.940854609
1403637250.788319 0.559140563 -0.065949172 0.186986625 -0.030737566 0.322893173 0.090957038 0.941552997
1403637250.838319 0.552362025 -0.067332424 0.191571891 -0.029830759 0.321467280 0.090403162 0.942123234
1403637250.888319 0.545398116 -0.068832539 0.196029454 -0.028110957 0.320507169 0.089602597 0.942579627
1403637250.938319 0.538722336 -0.070879184 0.200225115 -0.028205642 0.319276571 0.091233537 0.942837894
1403637250.988319 0.532637000 -0.072934218 0.204177409 -0.027094966 0.318232656 0.092191674 0.943130136
1403637251.038319 0.526607335 -0.075126827 0.208259404 -0.026897376 0.316234231 0.093111634 0.943717480
1403637251.088319 0.520973742 -0.077595726 0.211773038 -0.027687412 0.312719107 0.094812185 0.944696128
1403637251.138319 0.515143871 -0.080129705 0.215347558 -0.029143862 0.308299452 0.097486995 0.945832074
1403637251.188319 0.509761274 -0.082851022 0.218626186 -0.030021863 0.304027081 0.099563800 0.946970582
1403637251.238319 0.504786909 -0.086025514 0.221236408 -0.031134799 0.299968690 0.100796074 0.948097885
1403637251.288319 0.499921441 -0.089331158 0.224047884 -0.031044737 0.296499640 0.100748427 0.949196458
1403637251.338319 0.495432794 -0.092988551 0.226482973 -0.030516664 0.293292016 0.096662134 0.950634003
1403637251.388319 0.491433352 -0.096690081 0.228743717 -0.029142460 0.291488886 0.087092102 0.952155411
1403637251.438319 0.487460196 -0.100702018 0.230867863 -0.027877551 0.287488133 0.081127405 0.953934908
1403637251.488319 0.483537912 -0.104303718 0.233017311 -0.026839398 0.282897681 0.074349530 0.955887377
1403637251.538319 0.480102599 -0.108014405 0.234938323 -0.025997806 0.276860505 0.069420472 0.958046556
1403637251.588319 0.476782739 -0.111465082 0.236877874 -0.025736861 0.270617545 0.064695045 0.960165799
1403637251.638319 0.473628759 -0.114356965 0.238798440 -0.025143545 0.264611632 0.061102122 0.962088883
1403637251.688319 0.470536172 -0.117181420 0.240530059 -0.024986174 0.258511722 0.059374053 0.963857889
1403637251.738319 0.467495203 -0.119741283 0.242446527 -0.024886306 0.253316373 0.058120213 0.965315223
1403637251.788319 0.464671195 -0.122221403 0.243965596 -0.024344608 0.248989508 0.056851041 0.966529608
1403637251.838319 0.462134004 -0.124379069 0.245578751 -0.024634510 0.245996743 0.054340918 0.967432618
1403637251.888319 0.459475219 -0.126347542 0.247176260 -0.021854019 0.244135484 0.050915129 0.968156993
1403637251.938319 0.457185566 -0.128204092 0.248458683 -0.019901400 0.243394509 0.044778351 0.968688786
1403637251.988319 0.454833835 -0.129471734 0.250001073 -0.016272053 0.243622765 0.037616305 0.969003677
1403637252.038319 0.452541739 -0.131122276 0.251115620 -0.013895419 0.243612483 0.033131443 0.969206989
1403637252.088319 0.450059026 -0.132400736 0.252301872 -0.010555100 0.243330657 0.029324064 0.969442546
1403637252.138319 0.447525203 -0.133526787 0.253259897 -0.007259379 0.242737651 0.028061014 0.969658852
1403637252.188319 0.445180774 -0.134473428 0.254164159 -0.003779916 0.241432101 0.029268425 0.969968855
1403637252.238319 0.442538381 -0.135170236 0.254848629 -0.002735678 0.240252852 0.031518828 0.970194638
1403637252.288319 0.440059125 -0.135689095 0.255388141 -0.002896816 0.239178658 0.033760186 0.970384181
1403637252.338319 0.437307537 -0.135804415 0.255962670 -0.004223363 0.238397613 0.036033839 0.970489681
1403637252.388319 0.434665203 -0.135607511 0.256074697 -0.007590385 0.237637475 0.038700547 0.970552981
1403637252.438319 0.431935757 -0.135064825 0.256375492 -0.012310771 0.237214476 0.041558359 0.970489919
1403637252.488319 0.429486781 -0.134233564 0.256239116 -0.015760954 0.236899301 0.043568544 0.970428824
1403637252.538319 0.426818341 -0.133271977 0.256358653 -0.018614290 0.236858755 0.044914063 0.970326841
1403637252.588319 0.424452305 -0.131937042 0.256225109 -0.020983974 0.236780465 0.046494231 0.970223129
1403637252.638319 0.422103643 -0.130342871 0.255906343 -0.023344222 0.236346126 0.049041055 0.970149755
1403637252.688319 0.419727147 -0.128531843 0.255873561 -0.027998665 0.235588640 0.052349005 0.970037937
1403637252.738319 0.417697549 -0.126874298 0.255453855 -0.032852720 0.234193265 0.057435326 0.969935775
1403637252.788319 0.415735185 -0.125301242 0.255192906 -0.037475735 0.233019620 0.062857486 0.969714582
1403637252.838319 0.413870454 -0.124003470 0.254862964 -0.041135617 0.233019903 0.063659489 0.969513834
1403637252.888319 0.412165493 -0.123000883 0.254426122 -0.040175024 0.234500200 0.060181655 0.969419301
1403637252.938319 0.410753757 -0.122637630 0.253680825 -0.036231250 0.236368656 0.055741880 0.969386399
1403637252.988319 0.409637958 -0.122499757 0.253128320 -0.033449665 0.238212273 0.050458804 0.969324470
1403637253.038319 0.408424795 -0.122492060 0.252188444 -0.030903293 0.239780143 0.046487994 0.969220996
1403637253.088319 0.407311261 -0.122856371 0.251160264 -0.028656930 0.240554065 0.044696841 0.969182491
1403637253.138319 0.406369209 -0.123205118 0.250005484 -0.026771907 0.241426975 0.042753715 0.969106972
1403637253.188319 0.405200303 -0.123346373 0.249124974 -0.025937537 0.242058173 0.041990161 0.969005644
1403637253.238319 0.404295862 -0.123514079 0.247900158 -0.024609713 0.242491037 0.041557435 0.968950689
1403637253.288319 0.403322220 -0.123366632 0.246809617 -0.024725409 0.243044704 0.041290924 0.968820453
1403637253.338319 0.402413130 -0.123073116 0.245667636 -0.024778202 0.242896006 0.042839006 0.968789160
1403637253.388319 0.401469320 -0.122285180 0.244681209 -0.024613529 0.243523464 0.041555636 0.968691707
1403637253.438319 0.400583208 -0.121533401 0.243369818 -0.023652440 0.242969781 0.043734130 0.968758762
1403637253.488319 0.399770319 -0.120414495 0.242212474 -0.023154756 0.243502364 0.042830080 0.968677461
1403637253.538319 0.398821414 -0.118948534 0.241259456 -0.024503196 0.244013980 0.042564955 0.968527257
1403637253.588319 0.398132026 -0.117680162 0.239972413 -0.024907440 0.244238719 0.042101011 0.968480527
1403637253.638319 0.397238612 -0.116499759 0.238685891 -0.025466856 0.244945019 0.040020779 0.968375802
1403637253.688319 0.396555543 -0.115626261 0.237141758 -0.025008326 0.245583609 0.037610006 0.968322635
1403637253.738319 0.395711690 -0.114904523 0.235559106 -0.024783192 0.246205434 0.035707392 0.968242586
1403637253.788319 0.394890994 -0.114331171 0.233916387 -0.023534384 0.247256279 0.032071222 0.968133211
1403637253.838319 0.393907070 -0.114103749 0.232116222 -0.023375373 0.247771844 0.031261548 0.968031704
1403637253.888319 0.392872304 -0.114041112 0.230247676 -0.023143608 0.247952178 0.030181799 0.968025386
1403637253.938319 0.391791284 -0.114126578 0.228387952 -0.022912262 0.248003751 0.030192889 0.968017340
1403637253.988319 0.390579343 -0.114390485 0.226243407 -0.022971492 0.248320401 0.029776409 0.967947662
1403637254.038319 0.389192104 -0.114880525 0.223994136 -0.022333927 0.248875529 0.027899165 0.967875898
1403637254.088319 0.387873083 -0.115549527 0.221765548 -0.021660220 0.248376861 0.027809363 0.968021929
1403637254.138319 0.386070609 -0.116415359 0.219393060 -0.020896969 0.246611550 0.026185403 0.968535185
1403637254.188319 0.384235680 -0.117387585 0.217010617 -0.021340417 0.243268102 0.025795555 0.969381154
1403637254.238319 0.382593453 -0.118610404 0.214072421 -0.023533246 0.239027604 0.024199124 0.970425904
1403637254.288319 0.380510449 -0.119752720 0.211460486 -0.026555577 0.234585777 0.022154192 0.971480072
1403637254.338319 0.378413320 -0.121265896 0.208496794 -0.029971052 0.230045453 0.020761425 0.972496688
1403637254.388319 0.376322776 -0.122556351 0.205730036 -0.033430986 0.225448415 0.019829543 0.973479450
1403637254.438319 0.374071211 -0.123724334 0.202997386 -0.035584938 0.221245050 0.019602727 0.974371612
1403637254.488319 0.371699452 -0.124745913 0.200503618 -0.038432933 0.218372673 0.018161466 0.974939227
1403637254.538319 0.369602114 -0.125342369 0.197944418 -0.039818481 0.214925334 0.018047260 0.975651503
1403637254.588319 0.367354691 -0.125860497 0.195681423 -0.039674558 0.212433964 0.016763283 0.976225734
1403637254.638319 0.365066528 -0.126166761 0.193447769 -0.038485423 0.210315183 0.016475977 0.976736903
1403637254.688319 0.362678647 -0.126492009 0.191243246 -0.037466843 0.208806932 0.015101618 0.977122188
1403637254.738319 0.360429704 -0.126378044 0.189175323 -0.034970362 0.207511470 0.014001598 0.977507055
1403637254.788319 0.358061820 -0.126242787 0.187259078 -0.032219477 0.206336468 0.014090711 0.977849007
1403637254.838319 0.355560064 -0.125928909 0.185396448 -0.029532844 0.204958186 0.015268585 0.978205919
1403637254.888319 0.353298724 -0.125294387 0.183339894 -0.027245963 0.204042464 0.015407601 0.978461504
1403637254.938319 0.350770295 -0.124463312 0.181538582 -0.025486177 0.203405589 0.015896086 0.978633702
1403637254.988319 0.348215342 -0.123652600 0.179632515 -0.023331741 0.203266099 0.015428517 0.978723884
1403637255.038319 0.345725656 -0.122528695 0.177532613 -0.023252379 0.202576354 0.015154590 0.978873074
1403637255.088319 0.343020976 -0.121443957 0.175815493 -0.022226231 0.200355962 0.014531625 0.979363203
1403637255.138319 0.340373725 -0.120267853 0.173716351 -0.022375546 0.196467891 0.014640866 0.980145574
1403637255.188319 0.337340653 -0.119450808 0.171527803 -0.022745548 0.192168757 0.012982303 0.981012344
1403637255.238319 0.334550768 -0.118739404 0.168998748 -0.022608152 0.187123120 0.012056371 0.982002258
1403637255.288319 0.331267983 -0.118621930 0.166487068 -0.022064796 0.182410821 0.011590272 0.982906461
1403637255.338319 0.328094840 -0.118523590 0.163725272 -0.021033529 0.177903041 0.010957170 0.983762205
1403637255.388319 0.324789971 -0.118365586 0.161129236 -0.022160120 0.172464728 0.011234962 0.984702289
1403637255.438319 0.321605623 -0.117964819 0.158730656 -0.023119515 0.167098388 0.009442571 0.985623896
1403637255.488319 0.318423092 -0.117397994 0.155873567 -0.024157785 0.160954326 0.007559273 0.986637175
1403637255.538319 0.315337479 -0.116497703 0.153046548 -0.025012454 0.154364973 0.004546679 0.987686753
1403637255.588319 0.312020689 -0.115355916 0.150427461 -0.025845276 0.147443742 0.000308780 0.988732696
1403637255.638319 0.308763593 -0.114032030 0.147517234 -0.025972715 0.139827520 -0.003465984 0.989829123
1403637255.688319 0.305641085 -0.112403587 0.144917369 -0.027855556 0.131441846 -0.007716035 0.990902364
1403637255.738319 0.302138060 -0.110905580 0.142309442 -0.030379571 0.122424833 -0.011849645 0.991941929
1403637255.788319 0.298794597 -0.109608598 0.139359459 -0.032853339 0.113002740 -0.016412223 0.992915750
1403637255.838319 0.295377910 -0.108678259 0.135990217 -0.035764504 0.102769397 -0.019793356 0.993864954
1403637255.888319 0.291877210 -0.107729353 0.132789925 -0.038491584 0.092378616 -0.023296630 0.994706929
1403637255.938319 0.288432777 -0.107367702 0.129190013 -0.039427336 0.082372047 -0.026572902 0.995466828
1403637255.988319 0.284770459 -0.107234299 0.126003295 -0.040817089 0.073194705 -0.028606944 0.996071339
1403637256.038319 0.280880928 -0.107568979 0.122902945 -0.041590102 0.065809630 -0.031673823 0.996461809
1403637256.088319 0.277027071 -0.107889913 0.119773448 -0.042498991 0.060027912 -0.034589276 0.996691585
1403637256.138319 0.273123920 -0.108381912 0.116561048 -0.041752551 0.055362672 -0.036608711 0.996921003
1403637256.188319 0.269607961 -0.109061658 0.113363601 -0.039611582 0.051693294 -0.038312465 0.997141361
1403637256.238319 0.265733629 -0.109303370 0.110331386 -0.035672422 0.048704501 -0.039498277 0.997394264
1403637256.288319 0.261883974 -0.109672152 0.107071042 -0.033633463 0.046540413 -0.039969452 0.997549653
1403637256.338319 0.257954448 -0.109708183 0.103908859 -0.032043867 0.045409072 -0.041304555 0.997599721
1403637256.388319 0.253820598 -0.109451957 0.101191349 -0.030466996 0.044875048 -0.041878764 0.997649312
1403637256.438319 0.250260919 -0.108685724 0.098032027 -0.029703578 0.044943150 -0.043386016 0.997604847
1403637256.488319 0.246257484 -0.107912689 0.094899870 -0.028855233 0.045513172 -0.043913502 0.997580826
1403637256.538319 0.242027909 -0.106726475 0.092277512 -0.027657736 0.045791503 -0.042963687 0.997643352
1403637256.588319 0.238000348 -0.105477735 0.089318722 -0.027613271 0.046403587 -0.042256065 0.997646511
1403637256.638319 0.233325958 -0.104061380 0.086709335 -0.030643638 0.047568303 -0.040644672 0.997570157
1403637256.688319 0.229168534 -0.102440491 0.083637744 -0.035516776 0.046886224 -0.035001650 0.997654796
1403637256.738319 0.224696130 -0.100550659 0.081061386 -0.041639742 0.046069432 -0.027949408 0.997678578
1403637256.788319 0.220433310 -0.098811738 0.077917464 -0.046116821 0.045443743 -0.020863894 0.997683704
1403637256.838319 0.216148734 -0.096698724 0.075221360 -0.048182584 0.045031384 -0.014694427 0.997714698
1403637256.888319 0.212156519 -0.094800644 0.072472304 -0.047962844 0.044303998 -0.012549082 0.997787178
1403637256.938319 0.207972959 -0.092860140 0.070031382 -0.044638358 0.043676779 -0.015124450 0.997933388
1403637256.988319 0.203880519 -0.091066673 0.067599103 -0.042820349 0.041433591 -0.017700683 0.998066306
1403637257.038319 0.199795619 -0.089680120 0.065165959 -0.040237319 0.038236190 -0.022644745 0.998201430
1403637257.088319 0.196048588 -0.088337801 0.062237494 -0.038196523 0.034709688 -0.026833519 0.998306692
1403637257.138319 0.192175031 -0.087159276 0.059229024 -0.037129231 0.031487644 -0.030763352 0.998340368
1403637257.188319 0.188096404 -0.086641967 0.056823932 -0.036458727 0.028339082 -0.033737540 0.998363376
1403637257.238319 0.184142828 -0.086099245 0.053912401 -0.037327949 0.025354590 -0.036056507 0.998330414
1403637257.288319 0.180091336 -0.085831106 0.051272139 -0.038640749 0.022255143 -0.038190842 0.998275042
1403637257.338319 0.176164761 -0.085546203 0.048253149 -0.040129274 0.019454572 -0.040111363 0.998199463
1403637257.388319 0.172392830 -0.085868336 0.045103602 -0.041379698 0.017321689 -0.043190148 0.998059273
1403637257.438319 0.168570146 -0.085910387 0.042021796 -0.042168930 0.015323919 -0.045043740 0.997976959
1403637257.488319 0.164333984 -0.085921787 0.039442729 -0.042717427 0.013798270 -0.046073351 0.997928858
1403637257.538319 0.160427257 -0.085399240 0.036673207 -0.043226536 0.013081512 -0.049486894 0.997753143
1403637257.588319 0.156576976 -0.084792018 0.033852391 -0.045291357 0.011540550 -0.049082179 0.997700572
1403637257.638319 0.152387112 -0.083954573 0.031624541 -0.047758982 0.010358919 -0.047943190 0.997653842
1403637257.688319 0.148300797 -0.083308138 0.029135253 -0.052445304 0.009184889 -0.046850335 0.997481883
1403637257.738319 0.143934637 -0.082471147 0.026863188 -0.055382594 0.007398436 -0.046390727 0.997359455
1403637257.788319 0.140021816 -0.080717519 0.024371665 -0.058367245 0.004343732 -0.045686234 0.997239769
1403637257.838319 0.135920018 -0.079342052 0.022425288 -0.061177552 0.000829177 -0.045609538 0.997083962
1403637257.888319 0.131691098 -0.077846162 0.020571884 -0.064044982 -0.003583862 -0.045930214 0.996883035
1403637257.938319 0.127336070 -0.076130711 0.019003822 -0.065643735 -0.009143662 -0.045777541 0.996750593
1403637257.988319 0.123414494 -0.074575700 0.017280677 -0.066596746 -0.015465662 -0.046977147 0.996553481
1403637258.038319 0.118976638 -0.073039085 0.016283317 -0.067351863 -0.023238759 -0.047594178 0.996322513
1403637258.088319 0.114895567 -0.071472965 0.014738078 -0.067543268 -0.032040834 -0.048975557 0.995998323
1403637258.138319 0.110837333 -0.070721485 0.013576707 -0.065696180 -0.041740391 -0.052205976 0.995598435
1403637258.188319 0.106755324 -0.069960430 0.012633067 -0.061279036 -0.051787943 -0.056911491 0.995150208
1403637258.238319 0.102403924 -0.069232382 0.012047037 -0.056425400 -0.060282096 -0.062356763 0.994632542
1403637258.288319 0.097771078 -0.068558112 0.011726079 -0.051200278 -0.067812257 -0.066277564 0.994176686
1403637258.338319 0.094071224 -0.068084203 0.011009799 -0.046979096 -0.075003952 -0.070182495 0.993600428
1403637258.388319 0.089840941 -0.066496566 0.010365213 -0.044403594 -0.081475653 -0.070978209 0.993152618
1403637258.438319 0.085362434 -0.065944538 0.009787225 -0.044099238 -0.087469868 -0.069794990 0.992740095
1403637258.488319 0.080962166 -0.064867124 0.009345951 -0.046167929 -0.092853867 -0.067178279 0.992337525
1403637258.538319 0.076505817 -0.063865878 0.008742816 -0.049556818 -0.097430147 -0.063567035 0.991973162
1403637258.588319 0.072577186 -0.062192120 0.008529264 -0.050627839 -0.100681670 -0.061663821 0.991714478
1403637258.638319 0.068777695 -0.060355201 0.008459520 -0.048709307 -0.102818727 -0.061158903 0.991622567
1403637258.688319 0.064700238 -0.059004135 0.008622177 -0.046089664 -0.103833377 -0.061646771 0.991611838
1403637258.738319 0.061071113 -0.057047643 0.009175778 -0.043969795 -0.105137363 -0.061195094 0.991598666
1403637258.788319 0.057357721 -0.055433452 0.009223454 -0.042153437 -0.105139658 -0.061840300 0.991637290
1403637258.838319 0.053786706 -0.053681821 0.009478352 -0.040391665 -0.105538107 -0.061524592 0.991687953
1403637258.888319 0.050345827 -0.052101739 0.009609041 -0.038815871 -0.105791867 -0.060428645 0.991791189
1403637258.938319 0.046930548 -0.050692990 0.009545219 -0.038820103 -0.106000967 -0.058544245 0.991881728
1403637258.988319 0.043464582 -0.049505010 0.009372643 -0.039017580 -0.105681762 -0.057697210 0.991957664
1403637259.038319 0.040319856 -0.048787095 0.009138336 -0.039346900 -0.105692394 -0.055265296 0.992082000
1403637259.088319 0.037302714 -0.048350386 0.009795627 -0.039161898 -0.104498200 -0.056372691 0.992153525
1403637259.138319 0.034356147 -0.048550807 0.009343368 -0.038483739 -0.104115508 -0.056299921 0.992224395
1403637259.188319 0.031431481 -0.049075257 0.008923586 -0.038588848 -0.103888795 -0.054996092 0.992317200
1403637259.238319 0.028546015 -0.049813226 0.008155986 -0.037744135 -0.103075795 -0.054560032 0.992458582
1403637259.288319 0.026089448 -0.050961208 0.007499707 -0.037436806 -0.103054501 -0.053312067 0.992540181
1403637259.338319 0.023502965 -0.051788133 0.006992196 -0.037971899 -0.102369897 -0.052405614 0.992639005
1403637259.388319 0.021186685 -0.052625623 0.006394250 -0.038093042 -0.102095865 -0.051159471 0.992727578
1403637259.438319 0.018878054 -0.053264655 0.005868903 -0.037535205 -0.102521494 -0.047222834 0.992900014
1403637259.488319 0.016710380 -0.054033861 0.005164279 -0.037357505 -0.103618741 -0.041808944 0.993035495
1403637259.538319 0.014917797 -0.054335579 0.004685720 -0.037047196 -0.104274094 -0.038385391 0.993116796
1403637259.588319 0.013319477 -0.054691501 0.004047007 -0.037073098 -0.104554124 -0.036723007 0.993149281
1403637259.638319 0.011945980 -0.054832008 0.003641904 -0.036173880 -0.103979230 -0.037080873 0.993229449
1403637259.688319 0.010825516 -0.054856963 0.003078402 -0.036815047 -0.102640949 -0.040154617 0.993225634
1403637259.738319 0.009840354 -0.054661594 0.002672394 -0.039346427 -0.101290055 -0.043405384 0.993130505
1403637259.788319 0.009083354 -0.054339107 0.002225277 -0.042185888 -0.099839389 -0.047337770 0.992981136
1403637259.838319 0.008507956 -0.053937946 0.001877889 -0.043583471 -0.098704450 -0.050385021 0.992884338
1403637259.888319 0.007932414 -0.053632874 0.001454053 -0.042591043 -0.099131405 -0.048516676 0.992977917
1403637259.938319 0.007544503 -0.053085130 0.001336408 -0.040353075 -0.100147553 -0.044940177 0.993137717
1403637259.988319 0.007345618 -0.052516598 0.000977350 -0.038837299 -0.100468941 -0.044411402 0.993189454
1403637260.038319 0.007329165 -0.051629256 0.000815365 -0.036904644 -0.099913105 -0.046519648 0.993222713
1403637260.088319 0.007395864 -0.050710406 0.000586513 -0.035604708 -0.099236481 -0.049190488 0.993209302
1403637260.138319 0.007647582 -0.049473625 0.000431698 -0.035887457 -0.098271802 -0.052805416 0.993109405
1403637260.188319 0.008024649 -0.048150837 0.000280572 -0.036662426 -0.097275116 -0.056452338 0.992978632
1403637260.238319 0.008493792 -0.046613876 0.000133472 -0.037989851 -0.096123911 -0.061380662 0.992748380
1403637260.288319 0.009090126 -0.045102715 -0.000038536 -0.037930600 -0.095103264 -0.065603256 0.992578924
1403637260.338319 0.009607559 -0.043485090 -0.000233565 -0.037628096 -0.093892150 -0.070619054 0.992361486
1403637260.388319 0.010061009 -0.041845459 -0.000483594 -0.036206998 -0.092241943 -0.076771386 0.992112219
1403637260.438319 0.010516758 -0.040309552 -0.000663127 -0.034926619 -0.091106027 -0.081902884 0.991852641
1403637260.488319 0.010830264 -0.038536586 -0.000932164 -0.037499528 -0.091083124 -0.083154261 0.991656721
1403637260.538319 0.010928825 -0.036789190 -0.001331892 -0.042898513 -0.090733103 -0.084081993 0.991391659
1403637260.588319 0.011037673 -0.034940351 -0.001663737 -0.049059525 -0.091045178 -0.083450586 0.991130650
1403637260.638319 0.010841779 -0.033188868 -0.002122114 -0.054407407 -0.091520950 -0.081635974 0.990958810
1403637260.688319 0.010587604 -0.031456966 -0.002337015 -0.056636937 -0.091615349 -0.080830902 0.990891159
1403637260.738319 0.010164367 -0.029775908 -0.002456498 -0.055445101 -0.092675500 -0.077971227 0.991089106
1403637260.788319 0.009722028 -0.028063713 -0.002495694 -0.052116614 -0.093077995 -0.077609971 0.991260350
1403637260.838319 0.009120405 -0.026370812 -0.002441113 -0.047226463 -0.094158143 -0.076201946 0.991512597
1403637260.888319 0.008488189 -0.024672257 -0.002378759 -0.043733720 -0.095106080 -0.074928261 0.991679370
1403637260.938319 0.007790937 -0.022989914 -0.002289775 -0.039449427 -0.095853485 -0.073695466 0.991879463
1403637260.988319 0.007020060 -0.021264441 -0.002286943 -0.035966802 -0.095985353 -0.074239820 0.991958499
1403637261.038319 0.006253662 -0.019445257 -0.002244837 -0.035398252 -0.096289039 -0.073661014 0.991992712
1403637261.088319 0.005492397 -0.017622139 -0.002320722 -0.038807206 -0.096487552 -0.073147520 0.991883874
1403637261.138319 0.004687402 -0.015746880 -0.002434925 -0.044536825 -0.096315674 -0.073017702 0.991669416
1403637261.188319 0.003843181 -0.013930999 -0.002575362 -0.050879534 -0.095769197 -0.074315809 0.991320670
1403637261.238319 0.002918271 -0.012273284 -0.002668874 -0.057058454 -0.095451616 -0.074996188 0.990963638
1403637261.288319 0.001937392 -0.010798289 -0.002800681 -0.060495839 -0.095066525 -0.075659782 0.990746260
1403637261.338319 0.000888896 -0.009714683 -0.002780787 -0.058921497 -0.094958320 -0.075855061 0.990836620
1403637261.388319 -0.000242313 -0.008894713 -0.002688464 -0.054084525 -0.095535822 -0.074185543 0.991183281
1403637261.438319 -0.001442484 -0.008306897 -0.002572530 -0.049420409 -0.096820451 -0.070162140 0.991595030
1403637261.488319 -0.002668844 -0.007841670 -0.002513461 -0.046217348 -0.098004632 -0.066946983 0.991855383
1403637261.538319 -0.003836737 -0.007310315 -0.002458271 -0.048806384 -0.097968541 -0.065868177 0.991807222
1403637261.588319 -0.004958622 -0.006797160 -0.002359220 -0.054918069 -0.097469717 -0.066580728 0.991489112
1403637261.638319 -0.006057850 -0.006445400 -0.002221781 -0.061223537 -0.096538357 -0.068544656 0.991077006
1403637261.688319 -0.007161166 -0.006379290 -0.002006226 -0.065300703 -0.095685087 -0.069942541 0.990801811
1403637261.738319 -0.008306280 -0.006575501 -0.001608147 -0.065819740 -0.094959259 -0.071354739 0.990736604
1403637261.788319 -0.009494223 -0.007173885 -0.001117921 -0.061261211 -0.095018089 -0.071506947 0.991012275
1403637261.838319 -0.010706663 -0.007919399 -0.000519718 -0.054278173 -0.094880924 -0.071751453 0.991414785
1403637261.888319 -0.011933220 -0.008543040 0.000159966 -0.048470531 -0.095222510 -0.070468947 0.991774857
1403637261.938319 -0.013148615 -0.008910457 0.000995603 -0.043562006 -0.095299914 -0.069521062 0.992062032
1403637261.988319 -0.014323178 -0.008960016 0.001874125 -0.040002067 -0.094800949 -0.069151372 0.992285609
1403637262.038319 -0.015547864 -0.008675983 0.002793519 -0.037241045 -0.095012084 -0.066508949 0.992553473
1403637262.088319 -0.016680321 -0.008056139 0.003792304 -0.034581885 -0.095127188 -0.064540848 0.992768526
1403637262.138319 -0.017757930 -0.007059040 0.004762355 -0.034531508 -0.095373370 -0.061682828 0.992928386
1403637262.188319 -0.018785646 -0.005827656 0.005773165 -0.033930443 -0.095599793 -0.059469443 0.993062317
1403637262.238319 -0.019688893 -0.004272670 0.006777968 -0.033340592 -0.095614262 -0.057437189 0.993200541
1403637262.288319 -0.020437019 -0.002523449 0.007664531 -0.033643529 -0.095126361 -0.056346428 0.993299663
1403637262.338319 -0.021440670 0.001411963 0.009880362 -0.018038014 -0.100076929 -0.036738377 0.994137585
1403637262.388319 -0.021391919 0.001585375 0.010621503 -0.018693244 -0.089281499 -0.068441704 0.993476272
1403637262.438319 -0.019970750 0.003543594 0.007613517 -0.026003972 -0.075601399 -0.057861332 0.995118260
1403637262.488319 -0.016529866 0.006507249 0.003667879 -0.025075914 -0.070064239 -0.033945341 0.996649325
1403637262.538319 -0.020011889 0.002175911 0.009956442 -0.016714146 -0.065578811 -0.035256933 0.997084260
1403637262.588319 -0.019640276 -0.000816611 0.022547983 -0.002317024 -0.064904436 -0.032190938 0.997369409
1403637262.638319 -0.015861759 0.001117502 0.006749116 0.005713539 -0.069633603 -0.022526661 0.997301877
1403637262.688319 -0.018972857 -0.000115459 0.022554589 -0.018005576 -0.063902989 -0.032267198 0.997271776
1403637262.738319 -0.019992374 -0.000635274 0.024217313 -0.023211943 -0.060023233 -0.035739381 0.997286856
1403637262.788319 -0.018840078 0.001016965 0.025701465 -0.014963534 -0.062386099 -0.031547379 0.997441113
1403637262.838319 -0.017411510 0.001976704 0.024044642 -0.011516947 -0.065168723 -0.027914032 0.997417271
1403637262.888319 -0.016949030 0.000708418 0.022444615 -0.014497050 -0.066087328 -0.027674904 0.997324586
1403637262.938319 -0.016672326 0.002821684 0.021875409 -0.012029264 -0.065566443 -0.028094517 0.997380078
1403637262.988319 -0.016022960 0.003219760 0.020730022 -0.012685450 -0.066701457 -0.026859239 0.997330725
1403637263.038319 -0.017044947 0.002652786 0.022494415 -0.012433092 -0.065933131 -0.027383186 0.997370720
1403637263.088319 -0.017612115 0.002435547 0.022974042 -0.013022416 -0.065649889 -0.027667090 0.997374058
1403637263.138319 -0.017414322 0.002028785 0.023867352 -0.012756559 -0.065852150 -0.027104566 0.997379661
1403637263.188319 -0.017463084 0.001997550 0.024095343 -0.012546106 -0.065402515 -0.027856437 0.997391164
1403637263.238319 -0.017423997 0.001960773 0.024006464 -0.013179305 -0.065701023 -0.027420985 0.997375429
1403637263.288319 -0.017397059 0.001988545 0.024061255 -0.012848572 -0.065497950 -0.027603514 0.997388065
1403637263.338319 -0.017405095 0.001954794 0.024004459 -0.013190174 -0.065343186 -0.027996566 0.997382820
1403637263.388319 -0.017478008 0.001977472 0.024073664 -0.013027774 -0.065522186 -0.027744276 0.997380257
1403637263.438319 -0.017470069 0.001999214 0.024094906 -0.013145036 -0.065475903 -0.027472952 0.997389257
1403637263.488319 -0.017461989 0.002020833 0.024115235 -0.012737198 -0.065462187 -0.027760269 0.997387469
1403637263.538319 -0.017474554 0.002006571 0.024093175 -0.013045031 -0.065602876 -0.027322441 0.997386336
1403637263.588319 -0.017485119 0.001985460 0.024117941 -0.012962434 -0.065406702 -0.027794352 0.997387290
1403637263.638319 -0.017459799 0.002008396 0.024091158 -0.013071080 -0.065555461 -0.027461644 0.997385323
1403637263.688319 -0.017468818 0.001994204 0.024097623 -0.013082144 -0.065474816 -0.027789259 0.997381389
1403637263.738319 -0.017459663 0.001993115 0.024079887 -0.013076089 -0.065399237 -0.027777702 0.997386754
1403637263.788319 -0.017466519 0.002005591 0.024092646 -0.012970754 -0.065724738 -0.027241563 0.997381508
1403637263.838319 -0.017453384 0.001999890 0.024077099 -0.013156904 -0.065226562 -0.028192135 0.997385383
1403637263.888319 -0.017457668 0.002001701 0.024074452 -0.012966670 -0.065698557 -0.027353615 0.997380197
1403637263.938319 -0.017490467 0.001978954 0.024101168 -0.013181632 -0.065287493 -0.027922448 0.997388661
1403637263.988319 -0.017446952 0.001998053 0.024078179 -0.013003902 -0.065517023 -0.027692037 0.997382343
1403637264.038319 -0.017496666 0.001993577 0.024106925 -0.013187759 -0.065441035 -0.027681986 0.997385204
1403637264.088319 -0.017449278 0.002000825 0.024074439 -0.013060502 -0.065537840 -0.027727572 0.997379243
1403637264.138319 -0.017485209 0.001998268 0.024096416 -0.013109258 -0.065459557 -0.027617550 0.997386813
1403637264.188319 -0.017454663 0.001993284 0.024087289 -0.013069195 -0.065446049 -0.027908044 0.997380137
1403637264.238319 -0.017484423 0.001993435 0.024101404 -0.013162788 -0.065537795 -0.027572544 0.997382224
1403637264.288319 -0.017457303 0.002010635 0.024076482 -0.012925342 -0.065591484 -0.027534552 0.997382820
1403637264.338319 -0.017481999 0.001983057 0.024081677 -0.013168665 -0.065432124 -0.027816327 0.997382283
1403637264.388319 -0.017446941 0.001991460 0.024074666 -0.013061309 -0.065595873 -0.027611133 0.997378647
1403637264.438319 -0.017504821 0.001999501 0.024116453 -0.013161106 -0.065496929 -0.027660424 0.997382462
1403637264.488319 -0.017458230 0.001990045 0.024081239 -0.013063969 -0.065497249 -0.027739709 0.997381568
1403637264.538319 -0.017470153 0.001994524 0.024095656 -0.013176025 -0.065560967 -0.027592245 0.997379959
1403637264.588319 -0.017475296 0.001983830 0.024076084 -0.013140581 -0.065464139 -0.027789764 0.997381330
1403637264.638319 -0.017475493 0.001995494 0.024065038 -0.013208417 -0.065418273 -0.027829817 0.997382283
1403637264.688319 -0.017457336 0.001996860 0.024082258 -0.013101655 -0.065536492 -0.027679574 0.997380137
1403637264.738319 -0.017513039 0.002010756 0.024129102 -0.013162231 -0.065454490 -0.027730772 0.997383296
1403637264.788319 -0.017443327 0.002015677 0.024082346 -0.013033472 -0.065636449 -0.027457807 0.997380614
1403637264.838319 -0.017475527 0.001993652 0.024085430 -0.013211677 -0.065400608 -0.027911671 0.997381151
1403637264.888319 -0.017442927 0.002016342 0.024071380 -0.013022535 -0.065586120 -0.027508402 0.997382641
1403637264.938319 -0.017510928 0.001983845 0.024095027 -0.013255825 -0.065431200 -0.027765809 0.997382641
1403637264.988319 -0.017455027 0.001999753 0.024082620 -0.013136507 -0.065499619 -0.027752073 0.997380078
1403637265.038319 -0.017490728 0.001985928 0.024103368 -0.013260772 -0.065467253 -0.027780043 0.997379780
1403637265.088319 -0.017449137 0.002000858 0.024077328 -0.013181330 -0.065565616 -0.027721692 0.997376025
1403637265.138319 -0.017491320 0.001990192 0.024101712 -0.013321563 -0.065466337 -0.027885994 0.997376084
1403637265.188319 -0.017456848 0.001998608 0.024075219 -0.013146877 -0.065479666 -0.027730184 0.997381866
1403637265.238319 -0.017477699 0.001986897 0.024091547 -0.013314604 -0.065503635 -0.027822090 0.997375488
1403637265.288319 -0.017453911 0.001994959 0.024073757 -0.013239327 -0.065495960 -0.027761566 0.997378707
1403637265.338319 -0.017488388 0.001991231 0.024101768 -0.013289636 -0.065520197 -0.027770706 0.997376204
1403637265.388319 -0.017457474 0.001994917 0.024090804 -0.013211640 -0.065552391 -0.027758086 0.997375488
1403637265.438319 -0.017466962 0.001992894 0.024087401 -0.013301142 -0.065540753 -0.027795134 0.997373998
1403637265.488319 -0.017463306 0.002003738 0.024087284 -0.013149871 -0.065529220 -0.027725631 0.997378707
