1403636579.863556 0.000187904 0.042635772 0.017416961 -0.000669321 0.004997418 -0.002429217 0.999984324
1403636579.913555 -0.000076265 0.068013847 0.026157299 -0.005956006 0.005916963 -0.002798354 0.999960840
1403636579.963556 -0.000474335 0.057123676 0.022609137 -0.016356062 0.005787067 -0.002600881 0.999846101
1403636580.013556 -0.001784852 0.129686475 0.043894026 -0.017087417 0.005816253 -0.001381453 0.999836147
1403636580.063555 -0.002344702 0.149254799 0.049837984 -0.021666527 0.006081013 -0.000380989 0.999746680
1403636580.113555 -0.003030342 0.184361428 0.059918810 -0.024026534 0.005625416 0.001823448 0.999693811
1403636580.163556 -0.003515054 0.201781377 0.064755045 -0.027063191 0.005272755 0.003410853 0.999614000
1403636580.213556 -0.004650397 0.242880240 0.075420670 -0.028191159 0.004811144 0.003251398 0.999585688
1403636580.263556 -0.004885916 0.258495539 0.079283431 -0.031709321 0.004571784 0.002734766 0.999482930
1403636580.313555 -0.005440464 0.272761077 0.082592741 -0.036527272 0.004655861 0.000245126 0.999321759
1403636580.363556 -0.007031672 0.313109368 0.090120815 -0.040549926 0.003648223 -0.000209627 0.999170780
1403636580.413555 -0.007460622 0.325515568 0.091824338 -0.048904072 0.003437098 -0.001537243 0.998796344
1403636580.463556 -0.008107191 0.335040629 0.092965856 -0.057874531 0.003045451 -0.002102101 0.998317003
1403636580.513556 -0.010410509 0.368143082 0.097680151 -0.064481631 0.003074997 -0.002561137 0.997910857
1403636580.563555 -0.010882362 0.367017537 0.096614599 -0.070975073 0.001829018 -0.001497584 0.997475266
1403636580.613555 -0.011716869 0.358356833 0.093505710 -0.073270187 0.000518333 -0.000829043 0.997311652
1403636580.663556 -0.013619898 0.328244239 0.084632620 -0.072712332 0.000388361 -0.000941825 0.997352421
1403636580.713556 -0.014284647 0.305043578 0.078909591 -0.068268113 0.001789634 -0.002656447 0.997661889
1403636580.763556 -0.015148703 0.261161357 0.069117531 -0.063227341 0.004270476 -0.006345795 0.997969806
1403636580.813555 -0.015357473 0.227711380 0.062045403 -0.055911802 0.007668164 -0.009767405 0.998358488
1403636580.863556 -0.015244103 0.191380963 0.054160930 -0.047625873 0.012616940 -0.012870469 0.998702645
1403636580.913555 -0.016145419 0.122961394 0.040965930 -0.041555062 0.017898964 -0.016394993 0.998841345
1403636580.963556 -0.017830633 0.085177898 0.032677915 -0.033177681 0.020209720 -0.018254440 0.999078393
1403636581.013556 -0.019493971 0.049563728 0.023859438 -0.025371533 0.020393319 -0.019860029 0.999272704
1403636581.063555 -0.022496223 -0.007787833 0.011335577 -0.019774806 0.019608879 -0.019440172 0.999423087
1403636581.113555 -0.023542598 -0.040533546 0.003293033 -0.012619204 0.020116864 -0.018777372 0.999541640
1403636581.163556 -0.024301261 -0.083262146 -0.006523842 -0.005249963 0.020645754 -0.015558606 0.999652028
1403636581.213556 -0.024099402 -0.110996068 -0.013238729 0.003105615 0.021118322 -0.013694542 0.999678373
1403636581.263556 -0.022767456 -0.139875427 -0.021668255 0.012017678 0.021055443 -0.010966481 0.999645948
1403636581.313555 -0.021438906 -0.157667220 -0.028040050 0.019568577 0.020688526 -0.011630613 0.999526799
1403636581.363556 -0.021584891 -0.171651483 -0.034745019 0.024518684 0.021340616 -0.011852765 0.999401271
1403636581.413555 -0.019224916 -0.171302676 -0.035074234 0.025719764 0.023319157 -0.014333876 0.999294400
1403636581.463556 -0.017868245 -0.160192028 -0.033806115 0.023457365 0.024648948 -0.017176541 0.999273300
1403636581.513556 -0.016065637 -0.140259087 -0.029193290 0.018017506 0.025914010 -0.019915264 0.999303401
1403636581.563555 -0.014348267 -0.111668803 -0.020654507 0.011891269 0.026593193 -0.018438037 0.999405563
1403636581.613555 -0.013199585 -0.080701292 -0.012111832 0.005227843 0.025670458 -0.017267816 0.999507666
1403636581.663556 -0.012026474 -0.044129767 -0.001540548 0.000085660 0.025212450 -0.015299629 0.999565005
1403636581.713556 -0.008716108 -0.008759826 0.009388275 -0.003848220 0.024457557 -0.016819844 0.999551952
1403636581.763556 -0.004386091 0.036841810 0.021644015 -0.005160069 0.023042273 -0.014972667 0.999609053
1403636581.813555 -0.002851431 0.074918658 0.030867055 -0.006927445 0.020092793 -0.014825515 0.999664187
1403636581.863556 -0.000728445 0.113033958 0.040077344 -0.009555367 0.018701140 -0.013888340 0.999683022
1403636581.913555 -0.000448715 0.156208426 0.049578108 -0.013952844 0.017154556 -0.011887645 0.999684811
1403636581.963556 -0.000007154 0.191602498 0.058060572 -0.021083118 0.019044479 -0.010445109 0.999541759
1403636582.013556 0.000528534 0.222416595 0.065867133 -0.029588301 0.021049837 -0.008980199 0.999300122
1403636582.063555 0.000592820 0.256100267 0.074120179 -0.038278710 0.022594711 -0.009107961 0.998970091
1403636582.113555 0.000001462 0.282734811 0.079626255 -0.046874844 0.022222675 -0.010003880 0.998603404
1403636582.163556 -0.001552626 0.300968707 0.082624070 -0.054134153 0.020422282 -0.009724715 0.998277426
1403636582.213556 -0.003191036 0.312947124 0.083884627 -0.059823498 0.018696479 -0.010273872 0.997980952
1403636582.263556 -0.004649207 0.312554836 0.083488494 -0.063350983 0.017632185 -0.010490413 0.997780383
1403636582.313555 -0.006694510 0.300998062 0.080730155 -0.064376019 0.016236324 -0.010467784 0.997738719
1403636582.363556 -0.009583557 0.279340684 0.075270310 -0.061890218 0.015336227 -0.009577622 0.997919142
1403636582.413555 -0.012189349 0.250859708 0.067830361 -0.055491656 0.014920606 -0.009461558 0.998302817
1403636582.463556 -0.014722004 0.215785652 0.059232738 -0.047598142 0.015195927 -0.009092407 0.998709619
1403636582.513556 -0.015916295 0.182216749 0.051541187 -0.040800169 0.016355082 -0.010803631 0.998975039
1403636582.563555 -0.017303614 0.144410372 0.041926134 -0.035680380 0.018199403 -0.011359800 0.999132931
1403636582.613555 -0.018258058 0.106715783 0.032947235 -0.032310713 0.021238377 -0.013984378 0.999154329
1403636582.663556 -0.017518478 0.065506235 0.021908991 -0.029945403 0.023876786 -0.014051471 0.999167502
1403636582.713556 -0.017409245 0.028000195 0.011665937 -0.027353661 0.025243660 -0.013702169 0.999213099
1403636582.763556 -0.017554374 -0.012214130 0.002637122 -0.023828592 0.027523901 -0.012147808 0.999263287
1403636582.813555 -0.015452002 -0.049703948 -0.005856968 -0.018810241 0.030743258 -0.009595470 0.999304235
1403636582.863556 -0.013496838 -0.091897935 -0.014841967 -0.012249811 0.035344645 -0.007190304 0.999274254
1403636582.913555 -0.011247466 -0.126437530 -0.023628134 -0.003873789 0.038485873 -0.004649723 0.999240816
1403636582.963556 -0.008269822 -0.158735424 -0.032885533 0.004671239 0.040044729 -0.003842440 0.999179602
1403636583.013556 -0.006929046 -0.182971358 -0.040864378 0.013158921 0.041913036 -0.003919594 0.999026954
1403636583.063555 -0.006017458 -0.197866827 -0.045248777 0.018507412 0.041871645 -0.005082081 0.998938620
1403636583.113555 -0.003996250 -0.204961360 -0.047850348 0.020819200 0.042682081 -0.006196345 0.998852551
1403636583.163556 -0.002554549 -0.201004595 -0.046845224 0.020864086 0.044750061 -0.008331654 0.998745561
1403636583.213556 -0.000997570 -0.188714862 -0.043245837 0.019600904 0.045138478 -0.010255473 0.998735785
1403636583.263556 -0.001033887 -0.167461798 -0.037021350 0.017836796 0.044472285 -0.011178584 0.998788834
1403636583.313555 -0.000079351 -0.141928300 -0.028999880 0.015693730 0.043474402 -0.010857949 0.998872280
1403636583.363556 0.001710441 -0.111477077 -0.017929710 0.013130682 0.042676818 -0.011510064 0.998936355
1403636583.413555 0.004020429 -0.076630875 -0.006748288 0.010736320 0.040359259 -0.010587707 0.999071479
1403636583.463556 0.005826412 -0.036468282 0.004643075 0.007321446 0.038110211 -0.012734484 0.999165595
1403636583.513556 0.008346701 0.003033933 0.016257251 0.004018390 0.036603566 -0.013319572 0.999233007
1403636583.563555 0.011795728 0.047850426 0.028353155 -0.000409620 0.036219958 -0.015096306 0.999229729
1403636583.613555 0.014006803 0.088485382 0.041524947 -0.006285421 0.038590092 -0.016432973 0.999100208
1403636583.663556 0.015380156 0.128945500 0.051876530 -0.014886688 0.035455219 -0.014424825 0.999156296
1403636583.713556 0.015684839 0.169149995 0.062388927 -0.025361942 0.033830173 -0.011008518 0.999045074
1403636583.763556 0.016090989 0.204282090 0.070945941 -0.036960565 0.031659946 -0.006926986 0.998791039
1403636583.813555 0.016805638 0.233452395 0.077624395 -0.047351338 0.031253781 -0.004046341 0.998381019
1403636583.863556 0.017534327 0.262861073 0.083985947 -0.055109337 0.031203581 -0.003866205 0.997985125
1403636583.913555 0.018361449 0.297986329 0.090846658 -0.059904441 0.031809811 -0.007003095 0.997672558
1403636583.963556 0.018275835 0.319012523 0.093789160 -0.062968865 0.030341035 -0.010328395 0.997500718
1403636584.013556 0.017020363 0.332017601 0.094841495 -0.064279407 0.027541582 -0.011874917 0.997481167
1403636584.063555 0.014778971 0.338286400 0.093896091 -0.064352393 0.023960050 -0.013120847 0.997553289
1403636584.113555 0.013149733 0.335306913 0.092104301 -0.064231373 0.020849947 -0.012616523 0.997637451
1403636584.163556 0.011255002 0.322966486 0.088799633 -0.064338170 0.018966377 -0.012888169 0.997664690
1403636584.213556 0.010131011 0.302001834 0.083919406 -0.064200267 0.018094296 -0.013664639 0.997679412
1403636584.263556 0.008395763 0.275906026 0.078083977 -0.062590249 0.018004701 -0.013624407 0.997783899
1403636584.313555 0.006552045 0.243785694 0.071168356 -0.060521960 0.018236086 -0.013980376 0.997902393
1403636584.363556 0.005841091 0.199548930 0.062452666 -0.059309527 0.019203553 -0.015107571 0.997940540
1403636584.413555 0.006212495 0.159338057 0.055258047 -0.057276532 0.022982134 -0.018862935 0.997915506
1403636584.463556 0.006323962 0.122467555 0.049481381 -0.053553127 0.026312413 -0.021509932 0.997986495
1403636584.513556 0.005540867 0.078628086 0.040508792 -0.048428956 0.028217750 -0.022328617 0.998178244
1403636584.563555 0.004883216 0.033182897 0.032352906 -0.041577172 0.030111734 -0.021832464 0.998442769
1403636584.613555 0.003933509 -0.012105968 0.023965769 -0.032724157 0.032782756 -0.021198612 0.998701692
1403636584.663556 0.003046668 -0.055322353 0.014545288 -0.022264516 0.036674272 -0.019923206 0.998880565
1403636584.713556 0.001695256 -0.096968070 0.004516674 -0.011318174 0.039938305 -0.020005455 0.998937726
1403636584.763556 0.001335011 -0.133985743 -0.004939440 -0.001156022 0.043761570 -0.019286962 0.998855114
1403636584.813555 0.001913227 -0.166663423 -0.014048110 0.007232299 0.045332916 -0.018886615 0.998767197
1403636584.863556 0.001023092 -0.195065334 -0.023573279 0.014129600 0.046234082 -0.016398327 0.998696089
1403636584.913555 -0.000324099 -0.217846796 -0.031922966 0.018752782 0.045721043 -0.014816407 0.998668313
1403636584.963556 -0.001803417 -0.230857983 -0.036719687 0.021149602 0.046659276 -0.011713894 0.998618245
1403636585.013556 -0.001325187 -0.234948501 -0.037067376 0.020919641 0.048311070 -0.010472482 0.998558342
1403636585.063555 -0.002314938 -0.231169805 -0.035735618 0.019295627 0.050082922 -0.009139195 0.998516798
1403636585.113555 -0.001615396 -0.220574677 -0.031602778 0.016941313 0.050291304 -0.008729646 0.998552740
1403636585.163556 -0.000423589 -0.202899188 -0.024514176 0.014025928 0.052684877 -0.008085628 0.998479962
1403636585.213556 0.001509650 -0.179121211 -0.015610302 0.010775858 0.055442732 -0.008528602 0.998367310
1403636585.263556 0.004223211 -0.149255663 -0.004104970 0.007585953 0.058645450 -0.011728111 0.998181164
1403636585.313555 0.008039110 -0.119655974 0.007083540 0.004618553 0.061082870 -0.014527412 0.998016298
1403636585.363556 0.011494132 -0.087412849 0.018051369 0.001477636 0.062339209 -0.019072589 0.997871637
1403636585.413555 0.014746247 -0.056199379 0.027512839 -0.002260995 0.062750958 -0.021264419 0.997800052
1403636585.463556 0.017889276 -0.023161765 0.036976457 -0.006996005 0.059440359 -0.023028659 0.997941673
1403636585.513556 0.019532839 0.008611673 0.043731742 -0.012474128 0.056749977 -0.024316438 0.998014271
1403636585.563555 0.020628316 0.040834855 0.048087850 -0.018272936 0.050805628 -0.025090929 0.998226106
1403636585.613555 0.021381656 0.065657549 0.047818400 -0.024728289 0.044109665 -0.024549276 0.998418808
1403636585.663556 0.022075729 0.088043153 0.046593394 -0.031653356 0.037626959 -0.022385539 0.998539507
1403636585.713556 0.021521859 0.106280878 0.042721231 -0.039022371 0.031439167 -0.019793469 0.998547435
1403636585.763556 0.021746727 0.119455621 0.038781777 -0.046923824 0.027274553 -0.016448030 0.998390555
1403636585.813555 0.020812446 0.128822893 0.033851933 -0.054862615 0.022882985 -0.012217354 0.998156905
1403636585.863556 0.020102041 0.134306878 0.027705893 -0.064111717 0.019291358 -0.008782124 0.997717559
1403636585.913555 0.019367764 0.137373850 0.021968085 -0.073423870 0.016876439 -0.005925232 0.997140408
1403636585.963556 0.018855263 0.138093516 0.016320478 -0.084066831 0.017188929 -0.003558206 0.996305525
1403636586.013556 0.018725164 0.138128579 0.012032788 -0.096172653 0.020462364 -0.001423143 0.995153308
1403636586.063555 0.018946415 0.137865499 0.008738291 -0.108639210 0.027320670 -0.001020047 0.993705213
1403636586.113555 0.017417649 0.136781499 0.005471580 -0.119392216 0.033881478 0.000668627 0.992268682
1403636586.163556 0.015053036 0.133764520 0.003104568 -0.128858507 0.039164115 0.002879593 0.990885139
1403636586.213556 0.011589579 0.131809995 -0.001776475 -0.137540296 0.041690800 0.005093730 0.989605248
1403636586.263556 0.009182936 0.130963847 -0.007690530 -0.146944165 0.042302046 0.006610071 0.988217711
1403636586.313555 0.006904950 0.129927203 -0.013746383 -0.156861320 0.043363407 0.009266239 0.986624658
1403636586.363556 0.005892733 0.130069703 -0.020457443 -0.167227224 0.044221696 0.011597387 0.984857798
1403636586.413555 0.006190976 0.135125905 -0.028332137 -0.177024946 0.044535451 0.014620637 0.983089507
1403636586.463556 0.006823274 0.136391819 -0.036172785 -0.186623707 0.044517424 0.014727022 0.981311798
1403636586.513556 0.008396124 0.137215704 -0.043408867 -0.195071131 0.044354197 0.013991066 0.979685783
1403636586.563555 0.010962828 0.136402652 -0.049783722 -0.201827630 0.042919885 0.013274365 0.978390157
1403636586.613555 0.014982494 0.134877890 -0.054241315 -0.205548272 0.041416634 0.013008458 0.977683663
1403636586.663556 0.020078391 0.132204607 -0.056686178 -0.206071913 0.041602772 0.013669028 0.977556527
1403636586.713556 0.025760191 0.129596412 -0.057775047 -0.203607336 0.040581990 0.013752818 0.978114486
1403636586.763556 0.031347614 0.127239257 -0.057646938 -0.199835509 0.038214944 0.014788670 0.978972256
1403636586.813555 0.036920521 0.124736644 -0.056201700 -0.195720270 0.036427908 0.014995926 0.979868233
1403636586.863556 0.041203212 0.123727188 -0.054015771 -0.192175016 0.035390683 0.014105511 0.980620861
1403636586.913555 0.043546788 0.123354964 -0.051607605 -0.189319819 0.033656709 0.012074798 0.981264174
1403636586.963556 0.045022193 0.122897319 -0.048825562 -0.187138930 0.031402938 0.010874187 0.981771171
1403636587.013556 0.046218395 0.122039825 -0.045922365 -0.186032265 0.028988263 0.008024014 0.982083142
1403636587.063555 0.047270864 0.121124133 -0.042657830 -0.186685532 0.027535828 0.006821531 0.982010067
1403636587.113555 0.049128205 0.119860291 -0.039868914 -0.189070866 0.026388267 0.004972040 0.981596231
1403636587.163556 0.052424740 0.119197100 -0.036616586 -0.191365927 0.025903450 0.003398035 0.981171012
1403636587.213556 0.057457127 0.118175089 -0.033197008 -0.192877159 0.025071312 0.003005403 0.980897963
1403636587.263556 0.064530797 0.117429487 -0.029666036 -0.193828300 0.025453908 0.003657431 0.980698407
1403636587.313555 0.074004777 0.116462179 -0.025526194 -0.194359332 0.026107261 0.004593872 0.980572164
1403636587.363556 0.085871920 0.114995867 -0.021099007 -0.195230201 0.027360477 0.005335892 0.980361223
1403636587.413555 0.097032182 0.114369646 -0.018401470 -0.195867389 0.028346824 0.006421976 0.980199575
1403636587.463556 0.112431437 0.112657808 -0.014755908 -0.197068319 0.029402973 0.008437715 0.979912400
1403636587.513556 0.130228937 0.111538604 -0.011227656 -0.197902977 0.030246787 0.010512130 0.979698420
1403636587.563555 0.145319209 0.110257000 -0.009801589 -0.198455244 0.031295076 0.012401967 0.979531705
1403636587.613555 0.166986972 0.108418465 -0.006807845 -0.197966293 0.033117689 0.014326592 0.979544461
1403636587.663556 0.188633174 0.105680168 -0.004078809 -0.195847392 0.035383634 0.016270394 0.979860723
1403636587.713556 0.208540082 0.102914289 -0.001016159 -0.192514375 0.038250342 0.018640446 0.980371177
1403636587.763556 0.231820002 0.099529788 0.002040464 -0.188792959 0.041405350 0.021561617 0.980906665
1403636587.813555 0.254613966 0.096846797 0.005082287 -0.186086848 0.044997104 0.023541488 0.981220067
1403636587.863556 0.283502638 0.096442074 0.007773619 -0.185249940 0.048238307 0.025727699 0.981169522
1403636587.913555 0.305281252 0.096791349 0.009978965 -0.186272517 0.051555093 0.027043615 0.980771780
1403636587.963556 0.333385676 0.094877556 0.014272746 -0.189971194 0.055815395 0.027803989 0.979807377
1403636588.013556 0.353044420 0.096723132 0.015795678 -0.195375413 0.061025236 0.027976600 0.978428185
1403636588.063555 0.370289922 0.098919749 0.018374085 -0.200170621 0.064966120 0.029766660 0.977151513
1403636588.113555 0.387472510 0.101017520 0.019452326 -0.203445703 0.065913633 0.031170545 0.976367593
1403636588.163556 0.400631219 0.102989480 0.020788707 -0.205502778 0.066558801 0.030672839 0.975908637
1403636588.213556 0.411304265 0.105240874 0.022024326 -0.205754548 0.065995052 0.030645842 0.975894749
1403636588.263556 0.419207901 0.107296363 0.023168035 -0.204791158 0.065343812 0.030926678 0.976132333
1403636588.313555 0.424652934 0.108548626 0.023921944 -0.203026041 0.064057440 0.031784061 0.976558685
1403636588.363556 0.427634776 0.109654456 0.024417460 -0.201182500 0.062327247 0.032435674 0.977030635
1403636588.413555 0.428106844 0.110398009 0.024064027 -0.199654013 0.061757307 0.033737820 0.977336228
1403636588.463556 0.426148653 0.111337349 0.023611054 -0.199058712 0.061856400 0.034366325 0.977429509
1403636588.513556 0.422217369 0.111331433 0.022298694 -0.199676916 0.063524038 0.033416480 0.977229357
1403636588.563555 0.415850341 0.110342562 0.020605788 -0.199580088 0.064452350 0.032554436 0.977217436
1403636588.613555 0.406399995 0.108797789 0.018258385 -0.199164674 0.064318649 0.032694530 0.977306306
1403636588.663556 0.394852519 0.107599311 0.015329912 -0.198681325 0.063471399 0.032384619 0.977470398
1403636588.713556 0.380774349 0.107346162 0.011975661 -0.199175104 0.061479598 0.032918867 0.977479339
1403636588.763556 0.365210325 0.108214147 0.008768886 -0.200599179 0.059007701 0.031733442 0.977379680
1403636588.813555 0.348032475 0.109145813 0.005689114 -0.202152088 0.056709897 0.031049203 0.977217734
1403636588.863556 0.325748354 0.110395163 0.003626920 -0.202874169 0.054555628 0.030725192 0.977200985
1403636588.913555 0.304378211 0.110791996 0.000472069 -0.202807575 0.051711019 0.030596096 0.977373481
1403636588.963556 0.273164243 0.114022173 -0.005345110 -0.202003509 0.049322259 0.029495019 0.977697253
1403636589.013556 0.249120831 0.113648623 -0.008963566 -0.200272352 0.046361089 0.028320795 0.978232861
1403636589.063555 0.224224806 0.112932697 -0.013037827 -0.197734073 0.043135233 0.027045598 0.978932619
1403636589.113555 0.189873427 0.110879026 -0.017463885 -0.194915622 0.040504500 0.025102064 0.979661763
1403636589.163556 0.163624808 0.109342784 -0.021246549 -0.192480475 0.038073145 0.023915298 0.980270267
1403636589.213556 0.136486724 0.107771650 -0.024807641 -0.191153362 0.035942901 0.022918388 0.980634093
1403636589.263556 0.108722754 0.106846623 -0.028347885 -0.191393539 0.033728499 0.021842942 0.980690479
1403636589.313555 0.080328971 0.106817596 -0.031809002 -0.192633942 0.031019630 0.019927863 0.980577826
1403636589.363556 0.053369246 0.107574314 -0.034786679 -0.194807157 0.028250158 0.018609744 0.980257988
1403636589.413555 0.025159929 0.108895086 -0.037332352 -0.196638033 0.025944985 0.016393673 0.979995728
1403636589.463556 -0.004620396 0.111251466 -0.038464665 -0.196978942 0.024483459 0.014534643 0.979994178
1403636589.513556 -0.031537727 0.113545455 -0.039965358 -0.196156815 0.023235833 0.013914145 0.980198503
1403636589.563555 -0.059481096 0.115152918 -0.042482037 -0.194918796 0.021295147 0.013431112 0.980496228
1403636589.613555 -0.087101690 0.117428318 -0.044599358 -0.193577781 0.019950626 0.012406517 0.980803609
1403636589.663556 -0.116796881 0.117153093 -0.046842828 -0.192625508 0.018508075 0.011256051 0.981033206
1403636589.713556 -0.143765613 0.119662575 -0.049021881 -0.191859618 0.017028814 0.010435523 0.981219172
1403636589.763556 -0.170564443 0.122658335 -0.050947528 -0.192210883 0.013609246 0.010118254 0.981207132
1403636589.813555 -0.205410078 0.127369970 -0.054693997 -0.194097787 0.009907297 0.009233252 0.980888665
1403636589.863556 -0.228255823 0.131342635 -0.056504879 -0.197213277 0.006085427 0.007947938 0.980309486
1403636589.913555 -0.248810127 0.135301828 -0.057643242 -0.200388715 0.001656190 0.007291622 0.979687929
1403636589.963556 -0.271705806 0.139521539 -0.059605241 -0.202155799 -0.003200731 0.007775941 0.979317248
1403636590.013556 -0.288916945 0.142139494 -0.060641412 -0.201840833 -0.007604908 0.008007986 0.979356050
1403636590.063555 -0.303106159 0.143354416 -0.061875124 -0.199218512 -0.010758881 0.007408511 0.979867995
1403636590.113555 -0.318179041 0.144247562 -0.063354537 -0.195855230 -0.013607508 0.006964732 0.980513692
1403636590.163556 -0.326163590 0.143754438 -0.064503446 -0.192635670 -0.016517172 0.007174596 0.981105089
1403636590.213556 -0.329909712 0.143167317 -0.065672912 -0.190438032 -0.018014858 0.006881276 0.981509745
1403636590.263556 -0.330643117 0.142649069 -0.067010619 -0.189826578 -0.018093251 0.005953908 0.981632829
1403636590.313555 -0.327638447 0.141871870 -0.068854339 -0.190636069 -0.017220238 0.004713128 0.981498420
1403636590.363556 -0.321288973 0.141360551 -0.070142701 -0.191599727 -0.014926729 0.004229294 0.981350482
1403636590.413555 -0.311249852 0.140376121 -0.071650870 -0.192245141 -0.012313251 0.003494188 0.981263459
1403636590.463556 -0.294201285 0.138778925 -0.073198669 -0.191867560 -0.008569605 0.003084757 0.981378555
1403636590.513556 -0.277768493 0.137000680 -0.074861228 -0.190726563 -0.005340861 0.002529449 0.981625378
1403636590.563555 -0.259465784 0.134798467 -0.076302633 -0.189247966 -0.001483186 0.001728864 0.981926680
1403636590.613555 -0.239108890 0.132456601 -0.077754304 -0.187733382 0.001484449 0.001421777 0.982217848
1403636590.663556 -0.212314665 0.129617214 -0.077879377 -0.186880693 0.004811266 0.001569246 0.982369542
1403636590.713556 -0.189199358 0.128334492 -0.077932298 -0.187114537 0.007885779 0.001912585 0.982304573
1403636590.763556 -0.164949030 0.127062902 -0.077880122 -0.188624352 0.010954211 0.003334297 0.981982529
1403636590.813555 -0.127958447 0.125478849 -0.074682556 -0.191174373 0.011763526 0.005337285 0.981471121
1403636590.863556 -0.102050439 0.125289544 -0.073048480 -0.194268569 0.013108108 0.007528652 0.980831921
1403636590.913555 -0.074888028 0.125435531 -0.071059600 -0.196656331 0.014574680 0.008707360 0.980325520
1403636590.963556 -0.042805258 0.127462164 -0.068718381 -0.197787493 0.016058315 0.008932223 0.980072737
1403636591.013556 -0.015938068 0.127105653 -0.066073030 -0.197850451 0.016575981 0.009190558 0.980049014
1403636591.063555 0.010354327 0.126623854 -0.063631885 -0.197073177 0.015667794 0.010102949 0.980211556
1403636591.113555 0.036038861 0.125744864 -0.060807534 -0.196419731 0.014970168 0.010914303 0.980344892
1403636591.163556 0.063078023 0.124058746 -0.059990551 -0.196436241 0.015211006 0.012621956 0.980317354
1403636591.213556 0.089108214 0.122862175 -0.055638772 -0.197170481 0.015824188 0.013524214 0.980148196
1403636591.263556 0.111413568 0.123164445 -0.052235078 -0.198418438 0.016985759 0.014484860 0.979863167
1403636591.313555 0.132101640 0.124445856 -0.048546255 -0.199732110 0.018745029 0.015017090 0.979556143
1403636591.363556 0.149544045 0.126295239 -0.044918511 -0.201047286 0.021293357 0.015943458 0.979220271
1403636591.413555 0.164701536 0.128792271 -0.041191690 -0.201556206 0.023433965 0.017008746 0.979048848
1403636591.463556 0.177204460 0.131857157 -0.037061535 -0.201541975 0.024840660 0.018615581 0.978987813
1403636591.513556 0.200069979 0.135883600 -0.031803809 -0.200755745 0.026983257 0.018687472 0.979091287
1403636591.563555 0.210553393 0.138852507 -0.025792845 -0.197178110 0.032940220 0.019191926 0.979626179
1403636591.613555 0.219617963 0.141117379 -0.019004978 -0.191182077 0.041193474 0.020050360 0.980484843
1403636591.663556 0.227793396 0.143372476 -0.011610877 -0.181970134 0.048071153 0.020333888 0.981917799
1403636591.713556 0.232922718 0.144771606 -0.005942829 -0.171491310 0.053642191 0.019476604 0.983531356
1403636591.763556 0.237226397 0.144712955 -0.000787653 -0.161124915 0.059367768 0.018306008 0.984976709
1403636591.813555 0.240906373 0.143301785 0.004045188 -0.150468752 0.065548174 0.017904522 0.986276865
1403636591.863556 0.244205445 0.141742542 0.008572087 -0.141545936 0.070542023 0.018191846 0.987247467
1403636591.913555 0.247991234 0.139561206 0.012971736 -0.136109605 0.075358957 0.019549137 0.987630010
1403636591.963556 0.251660496 0.137638658 0.017471716 -0.135655954 0.079314128 0.022957128 0.987309277
1403636592.013556 0.257408947 0.134308413 0.023227483 -0.139242262 0.083511546 0.026332578 0.986379206
1403636592.063555 0.263707608 0.133073568 0.031392530 -0.142718300 0.088930756 0.030555643 0.985286355
1403636592.113555 0.273683965 0.129835516 0.043864273 -0.146234378 0.093938164 0.034596678 0.984171808
1403636592.163556 0.281832933 0.127111956 0.055150010 -0.150371045 0.098721758 0.038459674 0.982936084
1403636592.213556 0.289931297 0.124133147 0.066862300 -0.155164048 0.102089219 0.041058369 0.981741309
1403636592.263556 0.296908140 0.120887324 0.079302050 -0.159699723 0.104059197 0.042492483 0.980745673
1403636592.313555 0.302482188 0.117181242 0.092735082 -0.163784832 0.103947051 0.043302380 0.980048180
1403636592.363556 0.312188208 0.110518105 0.116687573 -0.167222232 0.101717561 0.045810834 0.979587436
1403636592.413555 0.313288718 0.105236121 0.132107690 -0.169855922 0.097473256 0.046372946 0.979539394
1403636592.463556 0.311607033 0.099040143 0.148712665 -0.170226410 0.092211723 0.045906600 0.980006397
1403636592.513556 0.306795388 0.090655208 0.170331344 -0.167856663 0.084912375 0.043794051 0.981170774
1403636592.563555 0.299644113 0.084076814 0.187306598 -0.163500682 0.077341437 0.040610094 0.982668102
1403636592.613555 0.289847225 0.078498334 0.204337448 -0.158474877 0.068644643 0.035917472 0.984318852
1403636592.663556 0.275771767 0.073179677 0.224200383 -0.154646635 0.060612891 0.030217823 0.985645652
1403636592.713556 0.260813355 0.068422049 0.239737928 -0.152480289 0.051299460 0.025424238 0.986646712
1403636592.763556 0.242110178 0.065362215 0.253628284 -0.151712358 0.039983477 0.020563068 0.987401545
1403636592.813555 0.218400925 0.061564580 0.266533047 -0.152154341 0.026658012 0.017265158 0.987846255
1403636592.863556 0.192180842 0.059927754 0.274456024 -0.154022232 0.011499142 0.014326396 0.987896562
1403636592.913555 0.163578391 0.060624838 0.279121190 -0.156727865 -0.003275146 0.010651508 0.987578928
1403636592.963556 0.129144445 0.062161192 0.282238424 -0.159588873 -0.017540017 0.007364033 0.987000227
1403636593.013556 0.095171906 0.064728260 0.279104412 -0.162598789 -0.032420434 0.003885223 0.986151814
1403636593.063555 0.060518067 0.068846099 0.272090673 -0.165156022 -0.046386059 -0.000318041 0.985175967
1403636593.113555 0.021416802 0.073345624 0.258389741 -0.167049885 -0.059281752 -0.005240495 0.984150708
1403636593.163556 -0.014218586 0.079020642 0.241435528 -0.168137103 -0.072718829 -0.007358238 0.983050227
1403636593.213556 -0.049591586 0.084776178 0.223504722 -0.168595508 -0.084126055 -0.007708613 0.982058525
1403636593.263556 -0.084013805 0.090705588 0.200682059 -0.169254676 -0.095813572 -0.005876673 0.980886400
1403636593.313555 -0.114329219 0.098030224 0.175391763 -0.171143889 -0.103923827 -0.005850317 0.979732335
1403636593.363556 -0.139012307 0.106148973 0.149563998 -0.173352346 -0.108486824 -0.007174448 0.978840232
1403636593.413555 -0.158112556 0.115835011 0.123620197 -0.175301388 -0.111084476 -0.007874653 0.978196144
1403636593.463556 -0.172082901 0.126027688 0.096682712 -0.177098975 -0.110709138 -0.009074420 0.977904439
1403636593.513556 -0.200456515 0.138959840 0.060367242 -0.178708240 -0.106656320 -0.009152257 0.978061378
1403636593.563555 -0.203753173 0.150625035 0.034935206 -0.181027144 -0.102783926 -0.006536378 0.978070498
1403636593.613555 -0.202738389 0.162354469 0.010247543 -0.184702680 -0.096320726 -0.002953716 0.978058517
1403636593.663556 -0.196165532 0.173925951 -0.014071830 -0.189074293 -0.089308724 0.002830557 0.977888942
1403636593.713556 -0.183814898 0.187975377 -0.036879044 -0.193408206 -0.079150632 0.007686664 0.977890253
1403636593.763556 -0.168170929 0.198075131 -0.057881694 -0.196560264 -0.065871224 0.014241684 0.978172898
1403636593.813555 -0.147571713 0.206189170 -0.077579193 -0.198094502 -0.049864661 0.021190409 0.978684366
1403636593.863556 -0.124876469 0.214101374 -0.094497740 -0.195805639 -0.031147879 0.029005675 0.979718626
1403636593.913555 -0.098667540 0.217838943 -0.109983131 -0.191490129 -0.011280376 0.036601327 0.980746925
1403636593.963556 -0.069747470 0.221450284 -0.122956857 -0.186175182 0.009215478 0.043237813 0.981521428
1403636594.013556 -0.038425665 0.223925173 -0.133393258 -0.180217803 0.029913684 0.048952717 0.981952310
1403636594.063555 -0.004716010 0.225127101 -0.139259532 -0.175951287 0.049459551 0.055031847 0.981614172
1403636594.113555 0.037227929 0.227593184 -0.146147728 -0.173412248 0.067443222 0.061218802 0.980628252
1403636594.163556 0.070880525 0.226921141 -0.143407911 -0.172690094 0.084119439 0.067194045 0.979074538
1403636594.213556 0.104677103 0.224963173 -0.138229430 -0.173249692 0.098617263 0.070707388 0.977373838
1403636594.263556 0.139311746 0.221484944 -0.127255768 -0.174309835 0.110603414 0.073409349 0.975701809
1403636594.313555 0.180481285 0.216884017 -0.111838326 -0.174734414 0.120178632 0.073427051 0.974491358
1403636594.363556 0.214256808 0.211237803 -0.093605816 -0.174414888 0.128653213 0.072500125 0.973535597
1403636594.413555 0.246496871 0.203913704 -0.072262868 -0.172256693 0.135163113 0.070451014 0.973188162
1403636594.463556 0.276667804 0.196435824 -0.047346875 -0.168197587 0.139569774 0.066912480 0.973525822
1403636594.513556 0.307187140 0.184659466 -0.016474776 -0.162968874 0.141093239 0.063793994 0.974404514
1403636594.563555 0.330171973 0.174769133 0.011271656 -0.157188326 0.141615316 0.063831717 0.975275576
1403636594.613555 0.347337067 0.165498346 0.039329171 -0.152448669 0.140655920 0.063995413 0.976155698
1403636594.663556 0.357064009 0.155930936 0.067056201 -0.148664594 0.139205769 0.065126717 0.976872146
1403636594.713556 0.358701617 0.147593513 0.093328051 -0.146190852 0.136048704 0.064179137 0.977752507
1403636594.763556 0.359391004 0.141217977 0.124915034 -0.143989503 0.129511699 0.062497519 0.979074955
1403636594.813555 0.345686793 0.136175007 0.148609340 -0.142104849 0.119502120 0.058476619 0.980870008
1403636594.863556 0.324264616 0.131820962 0.170303017 -0.140226573 0.108269215 0.053900875 0.982704937
1403636594.913555 0.294932455 0.129393756 0.189147383 -0.138009354 0.094584651 0.046501242 0.984807014
1403636594.963556 0.254631370 0.126271337 0.205806106 -0.136662260 0.078417897 0.038463909 0.986759663
1403636595.013556 0.211994976 0.125413582 0.214716226 -0.135269880 0.058546014 0.031232471 0.988584340
1403636595.063555 0.166674435 0.126545414 0.220172316 -0.135887727 0.038254619 0.023056440 0.989716887
1403636595.113555 0.119351745 0.129385903 0.222861752 -0.138207972 0.017854061 0.016618954 0.990102828
1403636595.163556 0.074392125 0.132071763 0.219882160 -0.140787855 -0.001106770 0.010326045 0.989985347
1403636595.213556 0.031435091 0.136328667 0.215166762 -0.143998131 -0.020004243 0.006458563 0.989354670
1403636595.263556 -0.008700488 0.141410679 0.205467269 -0.146640733 -0.037398659 0.002590839 0.988479197
1403636595.313555 -0.045141436 0.147592008 0.191934675 -0.149425894 -0.052467931 -0.000962397 0.987379432
1403636595.363556 -0.076112509 0.154301241 0.177887455 -0.151572481 -0.063826174 -0.004977852 0.986370742
1403636595.413555 -0.097252920 0.160950303 0.161773935 -0.153028548 -0.071708702 -0.006818011 0.985593081
1403636595.463556 -0.110179476 0.167660877 0.144278213 -0.154477641 -0.077098459 -0.008662770 0.984945416
1403636595.513556 -0.115150608 0.174120501 0.126229897 -0.156600878 -0.079607092 -0.008422640 0.984412491
1403636595.563555 -0.111640841 0.180954278 0.107559115 -0.159106717 -0.081683852 -0.009942916 0.983826220
1403636595.613555 -0.100970693 0.187967688 0.089296401 -0.161428913 -0.080528229 -0.010530559 0.983537018
1403636595.663556 -0.083327405 0.195512474 0.071084470 -0.163545907 -0.076625824 -0.011261584 0.983491004
1403636595.713556 -0.070318609 0.204673544 0.047262706 -0.164634630 -0.069178648 -0.010241323 0.983872354
1403636595.763556 -0.041609563 0.212776005 0.031577609 -0.165133700 -0.058867250 -0.010820835 0.984453321
1403636595.813555 -0.009086288 0.220170617 0.016741626 -0.165007070 -0.044273078 -0.009277917 0.985254526
1403636595.863556 0.025008902 0.228468060 0.003863141 -0.164622962 -0.028765064 -0.007916836 0.985905230
1403636595.913555 0.060820963 0.239553556 -0.009075366 -0.164876327 -0.012695967 -0.003727882 0.986225486
1403636595.963556 0.092948519 0.246782184 -0.022481609 -0.165909767 0.003351468 0.000191087 0.986135185
1403636596.013556 0.122192599 0.254285932 -0.038436826 -0.168253034 0.019129079 0.003788885 0.985550940
1403636596.063555 0.146262810 0.261703521 -0.054377828 -0.170461625 0.034233753 0.008900397 0.984729230
1403636596.113555 0.167468786 0.269976467 -0.074038476 -0.172473893 0.046872206 0.014212298 0.983795583
1403636596.163556 0.176863849 0.276152283 -0.091719978 -0.173675761 0.055885781 0.018883931 0.983034551
1403636596.213556 0.177445158 0.280054331 -0.111595467 -0.173640236 0.061755739 0.022782380 0.982606888
1403636596.263556 0.169236705 0.283188224 -0.130983815 -0.172469661 0.064731978 0.026334694 0.982532680
1403636596.313555 0.154954359 0.284481227 -0.151820615 -0.170610562 0.066023223 0.029381653 0.982684970
1403636596.363556 0.135374278 0.285282165 -0.174585164 -0.168429837 0.067349255 0.030704120 0.982930660
1403636596.413555 0.113215633 0.285907209 -0.198646054 -0.165796176 0.068008006 0.029580822 0.983367443
1403636596.463556 0.086826146 0.287289441 -0.229030639 -0.162922248 0.067135975 0.027083438 0.983979464
1403636596.513556 0.063966602 0.288851291 -0.251006931 -0.160112143 0.065787762 0.024101768 0.984609127
1403636596.563555 0.041837946 0.289929032 -0.271008104 -0.157876819 0.064198852 0.020802135 0.985150099
1403636596.613555 0.021793278 0.291450113 -0.287167013 -0.158028275 0.064159542 0.018865468 0.985167384
1403636596.663556 0.001771595 0.291997135 -0.303302824 -0.159429640 0.063626237 0.018314568 0.984986544
1403636596.713556 -0.011717962 0.293266058 -0.311934084 -0.160821617 0.062672324 0.017521145 0.984835863
1403636596.763556 -0.020093648 0.294347167 -0.314435869 -0.160588473 0.061270755 0.015110768 0.985001981
1403636596.813555 -0.024356060 0.293823421 -0.310360521 -0.158338010 0.060923699 0.013412408 0.985412359
1403636596.863556 -0.024280563 0.292064875 -0.300294131 -0.155389488 0.061239839 0.009641454 0.985906124
1403636596.913555 -0.020570660 0.288542330 -0.283692330 -0.152659521 0.061731026 0.007645040 0.986319363
1403636596.963556 -0.014123660 0.283746421 -0.260938346 -0.152668431 0.063012265 0.004112578 0.986258030
1403636597.013556 -0.005101576 0.277079165 -0.233710781 -0.154917687 0.063881680 0.003583675 0.985853314
1403636597.063555 0.007783395 0.269611329 -0.200515181 -0.160325080 0.064038828 0.002608070 0.984981239
1403636597.113555 0.018514309 0.260769069 -0.166811526 -0.166196898 0.061406571 0.002924864 0.984174430
1403636597.163556 0.029312786 0.250611067 -0.131571531 -0.171205178 0.056400802 0.001410835 0.983618736
1403636597.213556 0.038318813 0.235476390 -0.090202153 -0.174484387 0.050006315 -0.000594963 0.983389139
1403636597.263556 0.048409574 0.220873058 -0.053342640 -0.175130740 0.043288391 -0.003436513 0.983587086
1403636597.313555 0.057520088 0.206166700 -0.016258709 -0.173786730 0.035888303 -0.007350067 0.984101713
1403636597.363556 0.064050630 0.190654859 0.021012180 -0.171365455 0.027916756 -0.010283650 0.984758198
1403636597.413555 0.069420800 0.176166296 0.056928776 -0.169286117 0.020215631 -0.015339564 0.985240161
1403636597.463556 0.070894368 0.158879071 0.093140662 -0.167558610 0.011579487 -0.019607356 0.985599160
1403636597.513556 0.070907541 0.148032486 0.123091765 -0.165363967 0.001902446 -0.024852116 0.985917568
1403636597.563555 0.067052417 0.139445975 0.148541585 -0.162307188 -0.009181734 -0.027658859 0.986309826
1403636597.613555 0.060122736 0.133027807 0.167828277 -0.158292055 -0.021398515 -0.028933126 0.986736298
1403636597.663556 0.050031111 0.129790664 0.179679811 -0.153850704 -0.033791915 -0.029836640 0.987065315
1403636597.713556 0.037295587 0.129049748 0.185379028 -0.149310082 -0.045421038 -0.030613625 0.987272143
1403636597.763556 0.022778820 0.130759090 0.184622362 -0.144987121 -0.054599971 -0.032514874 0.987390697
1403636597.813555 0.008754455 0.134170920 0.177362695 -0.140958875 -0.062147256 -0.034190819 0.987471223
1403636597.863556 -0.004163519 0.139835954 0.164616317 -0.137946516 -0.067150831 -0.037745632 0.987439513
1403636597.913555 -0.015114494 0.147276998 0.148352668 -0.136143014 -0.072023958 -0.041746404 0.987185299
1403636597.963556 -0.024343258 0.155726120 0.127861470 -0.136449143 -0.074680373 -0.045894127 0.986761451
1403636598.013556 -0.031458780 0.165556207 0.105529502 -0.138502866 -0.076792836 -0.048770465 0.986175060
1403636598.063555 -0.037085027 0.176412031 0.081366181 -0.142366454 -0.077287793 -0.050080080 0.985520363
1403636598.113555 -0.040667046 0.188019067 0.056649111 -0.148528486 -0.077708505 -0.049639884 0.984599710
1403636598.163556 -0.041931614 0.200754434 0.032700308 -0.156117141 -0.075856268 -0.050392631 0.983531296
1403636598.213556 -0.042213280 0.217117056 0.013048217 -0.165401846 -0.073264517 -0.050666485 0.982195199
1403636598.263556 -0.039156727 0.230847001 -0.004711211 -0.174908340 -0.070376515 -0.053130347 0.980628073
1403636598.313555 -0.034574177 0.243431211 -0.018105373 -0.182182014 -0.066970177 -0.053844683 0.979502678
1403636598.363556 -0.028216042 0.254914731 -0.025318809 -0.186855897 -0.062733851 -0.056141362 0.978773475
1403636598.413555 -0.020930048 0.266744286 -0.027682185 -0.188783705 -0.058093291 -0.057294104 0.978623152
1403636598.463556 -0.013213105 0.275143236 -0.023121357 -0.188448444 -0.055908501 -0.059023503 0.978712261
1403636598.513556 -0.005967511 0.280982107 -0.012866400 -0.185571283 -0.055240802 -0.059002683 0.979300976
1403636598.563555 0.000871100 0.283704549 0.001470238 -0.180550590 -0.057925422 -0.059446994 0.980057180
1403636598.613555 0.007136878 0.285313010 0.019610703 -0.173268139 -0.061138015 -0.058695488 0.981221259
1403636598.663556 0.013271686 0.286062628 0.040534951 -0.165267259 -0.066067278 -0.058444541 0.982296288
1403636598.713556 0.018896639 0.287607759 0.062726103 -0.155833423 -0.072192878 -0.057538390 0.983459949
1403636598.763556 0.025950972 0.291428834 0.090230271 -0.144797891 -0.079378933 -0.056793585 0.984635472
1403636598.813555 0.030447841 0.296086341 0.112738572 -0.133255884 -0.085172512 -0.055168390 0.985872686
1403636598.863556 0.035281941 0.301863045 0.134777665 -0.121383592 -0.089167282 -0.053270310 0.987156272
1403636598.913555 0.039717484 0.309045672 0.156500638 -0.110705525 -0.090821832 -0.050901387 0.988384902
1403636598.963556 0.044976436 0.318540990 0.180624261 -0.101390086 -0.090788558 -0.051195674 0.989371777
1403636599.013556 0.048477750 0.327064216 0.198161662 -0.093709916 -0.091634601 -0.051291037 0.990045846
1403636599.063555 0.050893985 0.334063679 0.213865906 -0.085072801 -0.093774810 -0.049277853 0.990727305
1403636599.113555 0.053243190 0.339772940 0.226557806 -0.075547673 -0.098065920 -0.046390455 0.991223276
1403636599.163556 0.055090036 0.344552934 0.239595145 -0.063075885 -0.102710880 -0.042841613 0.991784453
1403636599.213556 0.056469224 0.347336352 0.250402480 -0.047009617 -0.103439078 -0.041846141 0.992642581
1403636599.263556 0.057210095 0.349072069 0.260219127 -0.031128528 -0.103809670 -0.038475968 0.993365049
1403636599.313555 0.057603411 0.351117879 0.269454420 -0.017807938 -0.103875421 -0.035749968 0.993788064
1403636599.363556 0.058245696 0.353633285 0.278048247 -0.008280834 -0.102548696 -0.033996761 0.994112372
1403636599.413555 0.058955360 0.357311368 0.287036806 -0.002420926 -0.099883385 -0.034863230 0.994385242
1403636599.463556 0.060055748 0.362238705 0.297400475 0.000065351 -0.096086614 -0.036367372 0.994708359
1403636599.513556 0.060395304 0.366019338 0.303880513 -0.001244991 -0.091633350 -0.035057951 0.995174706
1403636599.563555 0.060825691 0.369710058 0.309558988 -0.004070474 -0.087577559 -0.033531576 0.995584846
1403636599.613555 0.061482668 0.373928845 0.313480735 -0.007480551 -0.085003734 -0.032456651 0.995823741
1403636599.663556 0.062629923 0.378585905 0.317169100 -0.009800529 -0.083008163 -0.032766573 0.995961785
1403636599.713556 0.063823938 0.382494509 0.319465458 -0.008368705 -0.082571276 -0.032036614 0.996034920
1403636599.763556 0.065310344 0.382634550 0.319260240 0.000820420 -0.083819568 -0.032147657 0.995961905
1403636599.813555 0.066463113 0.382470876 0.319513649 0.008934017 -0.083942272 -0.031178474 0.995942652
1403636599.863556 0.067213431 0.382792324 0.319226027 0.015153170 -0.084113002 -0.029821917 0.995894611
1403636599.913555 0.067979611 0.383361340 0.318518341 0.017223841 -0.084975243 -0.028225243 0.995834291
1403636599.963556 0.068504199 0.383633792 0.319104433 0.016317395 -0.083890229 -0.026527351 0.995988190
1403636600.013556 0.069140390 0.383868128 0.318959653 0.015695211 -0.083196200 -0.025540307 0.996082187
1403636600.063555 0.070281669 0.384718657 0.319331616 0.015720831 -0.084137060 -0.022995830 0.996064782
1403636600.113555 0.071022823 0.384489357 0.318870366 0.018853663 -0.084992044 -0.020480169 0.995992720
1403636600.163556 0.071724281 0.384712636 0.318738222 0.019485323 -0.084734716 -0.021823209 0.995973945
1403636600.213556 0.071172357 0.384591222 0.318590879 0.019178325 -0.085099272 -0.020760190 0.995971560
1403636600.263556 0.071135268 0.384594291 0.318459302 0.019123523 -0.085344061 -0.020536141 0.995956302
1403636600.313555 0.070968144 0.384672582 0.318490863 0.019197511 -0.085483499 -0.020071957 0.995952427
1403636600.363556 0.070797712 0.384753019 0.318342268 0.019406389 -0.085593708 -0.019580603 0.995948672
1403636600.413555 0.070908785 0.384593695 0.318154275 0.019273467 -0.085766770 -0.019597309 0.995936036
1403636600.463556 0.070706978 0.384552777 0.317987025 0.019204216 -0.085939959 -0.018994732 0.995934069
1403636600.513556 0.070801638 0.384556800 0.318157673 0.019511858 -0.085691862 -0.019194063 0.995945692
1403636600.563555 0.070846513 0.384683967 0.318289489 0.019443467 -0.085636109 -0.019667955 0.995942593
1403636600.613555 0.070682362 0.384566396 0.318379760 0.019420257 -0.085904911 -0.018873341 0.995935261
1403636600.663556 0.070858076 0.384603739 0.318067849 0.019373484 -0.085723579 -0.019175554 0.995945990
1403636600.713556 0.070868567 0.384538561 0.318031609 0.019367220 -0.085755199 -0.019194119 0.995943069
1403636600.763556 0.070719980 0.384565294 0.318140298 0.019306419 -0.085849069 -0.018889919 0.995941937
1403636600.813555 0.070822924 0.384713888 0.318312317 0.019417925 -0.085695460 -0.019332420 0.995944500
1403636600.863556 0.070792414 0.384515792 0.317965955 0.019218270 -0.085826062 -0.018864475 0.995946169
1403636600.913555 0.070805162 0.384641618 0.318216532 0.019422917 -0.085639499 -0.019327166 0.995949328
1403636600.963556 0.070809916 0.384506822 0.318143249 0.019279337 -0.085868992 -0.018747341 0.995943487
1403636601.013556 0.070817888 0.384702832 0.318308562 0.019416707 -0.085621461 -0.019419398 0.995949209
1403636601.063555 0.070791364 0.384526491 0.318213701 0.019251563 -0.085844979 -0.018866865 0.995943785
1403636601.113555 0.070889816 0.384575099 0.318133116 0.019288315 -0.085699625 -0.019338448 0.995946586
1403636601.163556 0.070793197 0.384541839 0.318265527 0.019252963 -0.085838586 -0.018824801 0.995945156
1403636601.213556 0.070917889 0.384644926 0.318141282 0.019337511 -0.085707337 -0.019297557 0.995945752
1403636601.263556 0.070845298 0.384553075 0.318159014 0.019221561 -0.085868724 -0.018844416 0.995942771
1403636601.313555 0.070802301 0.384676009 0.318153054 0.019344322 -0.085646175 -0.019285103 0.995951116
1403636601.363556 0.070829183 0.384579182 0.318212509 0.019271713 -0.085819013 -0.018822305 0.995946527
1403636601.413555 0.070878863 0.384585679 0.318160564 0.019288806 -0.085681252 -0.019211054 0.995950580
1403636601.463556 0.070855722 0.384604365 0.318115979 0.019263169 -0.085770972 -0.018876448 0.995949745
1403636601.513556 0.070895031 0.384613484 0.318295836 0.019340700 -0.085735068 -0.019106930 0.995947003
1403636601.563555 0.070922583 0.384548098 0.318171024 0.019321153 -0.085834421 -0.018724686 0.995946050
1403636601.613555 0.070891917 0.384596556 0.318157345 0.019327886 -0.085753575 -0.018924410 0.995949090
1403636601.663556 0.070934020 0.384573460 0.318055630 0.019366054 -0.085733734 -0.018904224 0.995950460
1403636601.713556 0.070792288 0.384590715 0.318069816 0.019340917 -0.085695319 -0.018955167 0.995953262
1403636601.763556 0.070801973 0.384656399 0.318114042 0.019385003 -0.085623272 -0.019054597 0.995956719
1403636601.813555 0.070846498 0.384579927 0.318152785 0.019229701 -0.085764781 -0.018882239 0.995950818
1403636601.863556 0.070908368 0.384607881 0.318200588 0.019330589 -0.085693285 -0.019035099 0.995952129
1403636601.913555 0.070874795 0.384526044 0.318049312 0.019251576 -0.085750438 -0.018880066 0.995951712
1403636601.963556 0.070803247 0.384657830 0.318244010 0.019295342 -0.085708603 -0.018998688 0.995952189
1403636602.013556 0.070832849 0.384568840 0.318093836 0.019326786 -0.085707478 -0.018964628 0.995952308
1403636602.063555 0.070866711 0.384669214 0.318086028 0.019333469 -0.085664205 -0.019083712 0.995953679
1403636602.113555 0.070902735 0.384556204 0.318068743 0.019277439 -0.085781425 -0.018741859 0.995951176
1403636602.163556 0.070857733 0.384635299 0.318188071 0.019349305 -0.085648842 -0.019045684 0.995955408
1403636602.213556 0.070834577 0.384581059 0.317997873 0.019368967 -0.085692950 -0.018866578 0.995954633
1403636602.263556 0.070789024 0.384700239 0.318137944 0.019349761 -0.085640170 -0.019013627 0.995956719
1403636602.313555 0.070877612 0.384569883 0.317979634 0.019290090 -0.085781395 -0.018833527 0.995949209
1403636602.363556 0.070928641 0.384605318 0.317998260 0.019251764 -0.085724413 -0.018940879 0.995952785
1403636602.413555 0.070850834 0.384655893 0.318116516 0.019260542 -0.085710682 -0.018889271 0.995954752
1403636602.463556 0.070778728 0.384697855 0.318228126 0.019334681 -0.085634701 -0.018943222 0.995958865
1403636602.513556 0.070846401 0.384597301 0.318117917 0.019293543 -0.085705623 -0.018919440 0.995953977
1403636602.563555 0.070764504 0.384669662 0.318133056 0.019276882 -0.085707322 -0.018856190 0.995955348
1403636602.613555 0.070838422 0.384630293 0.318084598 0.019330699 -0.085683867 -0.018949237 0.995954573
1403636602.663556 0.070859715 0.384623766 0.318119675 0.019322056 -0.085689187 -0.018916303 0.995954931
1403636602.713556 0.070849068 0.384585381 0.318030208 0.019265082 -0.085733391 -0.018875942 0.995952964
1403636602.763556 0.070778690 0.384632468 0.318021923 0.019355837 -0.085618362 -0.018972846 0.995959282
1403636602.813555 0.070789725 0.384734064 0.318024367 0.019342633 -0.085638262 -0.018981773 0.995957673
1403636602.863556 0.070844829 0.384638339 0.318018496 0.019353710 -0.085682489 -0.018921504 0.995954812
1403636602.913555 0.070795156 0.384741843 0.318181604 0.019394390 -0.085663930 -0.019002870 0.995954037
1403636602.963556 0.070703059 0.384689778 0.318180621 0.019351266 -0.085654989 -0.018862015 0.995958328
1403636603.013556 0.070790283 0.384711266 0.318067193 0.019357409 -0.085646681 -0.018929914 0.995957613
1403636603.063555 0.070717633 0.384715796 0.318100691 0.019380648 -0.085683241 -0.018894318 0.995954692
1403636603.113555 0.070791617 0.384720355 0.318074405 0.019374633 -0.085651010 -0.018888250 0.995957732
1403636603.163556 0.070745736 0.384692729 0.317947745 0.019370943 -0.085683711 -0.018837353 0.995955944
1403636603.213556 0.070788577 0.384716153 0.318018228 0.019384617 -0.085704893 -0.018865261 0.995953321
1403636603.263556 0.070800483 0.384635568 0.317952782 0.019346097 -0.085673511 -0.018950235 0.995955169
1403636603.313555 0.070740417 0.384743303 0.318047494 0.019389067 -0.085658059 -0.018836005 0.995957851
1403636603.363556 0.070796177 0.384715557 0.318011552 0.019355511 -0.085710116 -0.018795880 0.995954752
1403636603.413555 0.070744038 0.384727865 0.317970216 0.019409396 -0.085613526 -0.018935535 0.995959401
1403636603.463556 0.070778385 0.384702235 0.318070978 0.019373298 -0.085714474 -0.018826602 0.995953441
1403636603.513556 0.070786193 0.384705067 0.318049490 0.019388659 -0.085672744 -0.018879568 0.995955765
1403636603.563555 0.070763536 0.384734154 0.318131417 0.019372599 -0.085685074 -0.018859670 0.995955348
1403636603.613555 0.070821673 0.384649038 0.317935884 0.019340366 -0.085666336 -0.018924678 0.995956361
1403636603.663556 0.070772596 0.384718865 0.318168938 0.019372029 -0.085707046 -0.018858790 0.995953500
1403636603.713556 0.070792601 0.384689599 0.317974031 0.019411875 -0.085643157 -0.018925738 0.995956957
1403636603.763556 0.070826031 0.384724200 0.317968309 0.019397929 -0.085646383 -0.018894812 0.995957553
1403636603.813555 0.070841655 0.384705096 0.317972302 0.019375693 -0.085689269 -0.018901955 0.995954156
1403636603.863556 0.070799746 0.384712607 0.317971438 0.019441491 -0.085679531 -0.018858526 0.995954514
1403636603.913555 0.070770234 0.384708017 0.317851901 0.019341333 -0.085667647 -0.018886561 0.995956957
1403636603.963556 0.070764914 0.384730190 0.318210363 0.019431334 -0.085631661 -0.018903933 0.995957971
1403636604.013556 0.070735067 0.384763181 0.317960918 0.019377701 -0.085668698 -0.018876277 0.995956361
1403636604.063555 0.070806026 0.384727597 0.318125248 0.019370107 -0.085669644 -0.018858761 0.995956719
1403636604.113555 0.070734203 0.384747416 0.318067491 0.019395093 -0.085680962 -0.018807543 0.995956302
1403636604.163556 0.070784241 0.384734660 0.317973226 0.019388730 -0.085652731 -0.018909216 0.995956898
1403636604.213556 0.070758581 0.384723872 0.318006903 0.019398702 -0.085675836 -0.018843208 0.995955944
1403636604.263556 0.070858970 0.384700805 0.318078965 0.019358832 -0.085676976 -0.018880878 0.995955944
1403636604.313555 0.070741311 0.384774446 0.318059593 0.019426435 -0.085630886 -0.018826678 0.995959640
1403636604.363556 0.070798218 0.384762824 0.318126082 0.019405169 -0.085650191 -0.018943971 0.995956123
1403636604.413555 0.070803791 0.384688616 0.317990869 0.019354653 -0.085654408 -0.018877914 0.995958030
1403636604.463556 0.070788294 0.384733081 0.318118930 0.019353375 -0.085687511 -0.018880006 0.995955169
1403636604.513556 0.070742711 0.384719342 0.317998379 0.019413345 -0.085610069 -0.018931242 0.995959640
1403636604.563555 0.070792124 0.384700745 0.317995697 0.019370075 -0.085673168 -0.018898819 0.995955706
1403636604.613555 0.070751533 0.384763896 0.318076581 0.019395996 -0.085622974 -0.018910000 0.995959342
1403636604.663556 0.070786737 0.384708971 0.318078339 0.019335056 -0.085697986 -0.018805873 0.995956004
1403636604.713556 0.070754573 0.384715766 0.318107486 0.019369353 -0.085640796 -0.018879274 0.995958865
1403636604.763556 0.070849985 0.384702176 0.318071038 0.019349374 -0.085711733 -0.018799536 0.995954633
1403636604.813555 0.070852697 0.384689212 0.317971021 0.019350858 -0.085662402 -0.018886451 0.995957255
1403636604.863556 0.070795313 0.384708822 0.318070292 0.019349989 -0.085642360 -0.018908942 0.995958567
1403636604.913555 0.070793301 0.384644181 0.318045199 0.019353315 -0.085639663 -0.018932346 0.995958269
1403636604.963556 0.070828304 0.384588003 0.318080992 0.019262673 -0.085758381 -0.018721435 0.995953798
1403636605.013556 0.070788212 0.384755045 0.318071455 0.019385995 -0.085686728 -0.018855371 0.995955050
1403636605.063555 0.070778742 0.384743243 0.318122447 0.019350871 -0.085716911 -0.018845256 0.995953321
1403636605.113555 0.070780411 0.384764165 0.318035007 0.019371670 -0.085640162 -0.018954398 0.995957434
1403636605.163556 0.070747010 0.384721160 0.317958802 0.019356607 -0.085647635 -0.018875301 0.995958626
1403636605.213556 0.070845068 0.384649217 0.317947447 0.019325525 -0.085669398 -0.018908452 0.995956719
1403636605.263556 0.070707560 0.384638309 0.318021655 0.019344918 -0.085691482 -0.018876705 0.995954990
1403636605.313555 0.070789739 0.384737253 0.318061054 0.019397868 -0.085689463 -0.018875122 0.995954216
1403636605.363556 0.070749849 0.384724855 0.317966938 0.019355349 -0.085662253 -0.018857481 0.995957732
1403636605.413555 0.070818067 0.384731025 0.318057626 0.019342318 -0.085679598 -0.018882075 0.995956004
1403636605.463556 0.070819676 0.384691328 0.318001628 0.019359365 -0.085645720 -0.018918535 0.995957911
1403636605.513556 0.070817709 0.384710044 0.317997694 0.019351205 -0.085701630 -0.018890919 0.995953798
1403636605.563555 0.070788294 0.384739429 0.318085998 0.019363903 -0.085682668 -0.018910479 0.995954812
1403636605.613555 0.070765100 0.384706318 0.318039477 0.019349337 -0.085682541 -0.018858206 0.995956063
1403636605.663556 0.070755951 0.384734064 0.318014741 0.019358613 -0.085675694 -0.018905107 0.995955586
1403636605.713556 0.070857428 0.384653330 0.318080127 0.019288616 -0.085701138 -0.018868722 0.995955408
1403636605.763556 0.070754826 0.384658396 0.318122387 0.019288724 -0.085727453 -0.018842613 0.995953679
1403636605.813555 0.070868872 0.384640574 0.317989647 0.019272592 -0.085712455 -0.018829534 0.995955527
1403636605.863556 0.070839226 0.384629250 0.317968935 0.019320637 -0.085639432 -0.018944778 0.995958686
1403636605.913555 0.070867866 0.384632498 0.317960858 0.019325022 -0.085664973 -0.018947760 0.995956361
1403636605.963556 0.070829198 0.384643167 0.318162352 0.019295419 -0.085721493 -0.018904639 0.995952845
1403636606.013556 0.070854023 0.384635031 0.318079472 0.019316394 -0.085659847 -0.018940413 0.995957136
1403636606.063555 0.070864089 0.384649098 0.317985058 0.019288734 -0.085741028 -0.018862793 0.995952129
1403636606.113555 0.070840053 0.384593189 0.318009019 0.019307271 -0.085642666 -0.018921290 0.995959103
1403636606.163556 0.070894077 0.384629011 0.317985505 0.019258909 -0.085736461 -0.018826328 0.995953798
1403636606.213556 0.070879005 0.384607077 0.317938179 0.019269856 -0.085687965 -0.018863989 0.995957017
1403636606.263556 0.070849136 0.384697765 0.318106949 0.019330861 -0.085629232 -0.018997950 0.995958328
1403636606.313555 0.070892900 0.384627610 0.318016171 0.019264966 -0.085706882 -0.018858373 0.995955586
1403636606.363556 0.070898324 0.384624600 0.317907035 0.019271655 -0.085719965 -0.018849634 0.995954514
1403636606.413555 0.070893772 0.384626567 0.318020374 0.019305138 -0.085733943 -0.018829826 0.995953023
1403636606.463556 0.070896849 0.384634227 0.318004280 0.019265914 -0.085741289 -0.018841114 0.995952964
1403636606.513556 0.070903197 0.384621084 0.317918748 0.019271502 -0.085683592 -0.018881407 0.995957077
1403636606.563555 0.070885807 0.384632289 0.318049073 0.019239910 -0.085708417 -0.018886872 0.995955408
1403636606.613555 0.070885479 0.384637594 0.318032980 0.019284615 -0.085738897 -0.018859915 0.995952427
1403636606.663556 0.070867337 0.384606808 0.318023980 0.019272665 -0.085732840 -0.018873671 0.995952904
1403636606.713556 0.070878185 0.384655714 0.317959070 0.019295676 -0.085636586 -0.018967871 0.995958984
1403636606.763556 0.070905238 0.384641290 0.318029732 0.019260196 -0.085724346 -0.018835049 0.995954633
1403636606.813555 0.070920184 0.384663373 0.317995518 0.019274231 -0.085731357 -0.018838508 0.995953679
1403636606.863556 0.070904180 0.384641349 0.318113565 0.019275863 -0.085753515 -0.018839458 0.995951712
1403636606.913555 0.070900708 0.384605408 0.317965925 0.019261252 -0.085740298 -0.018901680 0.995952010
1403636606.963556 0.070907965 0.384638667 0.317888707 0.019289151 -0.085689068 -0.018979570 0.995954335
1403636607.013556 0.070954546 0.384606659 0.317959160 0.019246524 -0.085780807 -0.018782154 0.995951056
1403636607.063555 0.070842929 0.384621769 0.318044573 0.019240689 -0.085698172 -0.018840156 0.995957196
1403636607.113555 0.070928887 0.384640902 0.317961514 0.019282103 -0.085753590 -0.018886736 0.995950699
1403636607.163556 0.070905164 0.384611815 0.318056107 0.019256899 -0.085708387 -0.018869460 0.995955408
1403636607.213556 0.070890382 0.384638041 0.318013340 0.019261755 -0.085799530 -0.018834902 0.995948136
1403636607.263556 0.070909694 0.384650439 0.318026662 0.019302202 -0.085699096 -0.018913612 0.995954514
1403636607.313555 0.070927039 0.384653091 0.318118691 0.019252028 -0.085759893 -0.018812468 0.995952129
1403636607.363556 0.070846990 0.384626538 0.318103999 0.019261854 -0.085710339 -0.018815367 0.995956182
1403636607.413555 0.070905581 0.384687722 0.318171829 0.019285671 -0.085775033 -0.018808970 0.995950282
1403636607.463556 0.070882365 0.384642571 0.317975760 0.019272249 -0.085711353 -0.018833373 0.995955586
1403636607.513556 0.070906140 0.384647548 0.318041235 0.019290334 -0.085772671 -0.018824307 0.995950103
1403636607.563555 0.070918433 0.384641796 0.318000257 0.019237755 -0.085715875 -0.018834213 0.995955825
1403636607.613555 0.070908748 0.384645909 0.318122894 0.019290334 -0.085783422 -0.018836567 0.995948911
1403636607.663556 0.070857257 0.384656966 0.318147093 0.019284626 -0.085719265 -0.018838599 0.995954514
1403636607.713556 0.070893914 0.384656936 0.317952067 0.019298194 -0.085691102 -0.018915806 0.995955229
1403636607.763556 0.070823863 0.384663165 0.318033010 0.019317843 -0.085642926 -0.018947370 0.995958388
1403636607.813555 0.070917487 0.384629011 0.317944676 0.019264678 -0.085760139 -0.018859819 0.995950997
1403636607.863556 0.070817456 0.384659469 0.317972004 0.019324176 -0.085589722 -0.018981677 0.995962203
1403636607.913555 0.070916355 0.384657025 0.318029404 0.019293128 -0.085766770 -0.018810473 0.995950818
1403636607.963556 0.070862561 0.384653747 0.318097502 0.019275181 -0.085705407 -0.018842498 0.995955825
1403636608.013556 0.070857182 0.384644300 0.318146706 0.019313622 -0.085754760 -0.018845277 0.995950818
1403636608.063555 0.070845641 0.384646386 0.318279803 0.019275362 -0.085704297 -0.018859085 0.995955586
1403636608.113555 0.070754975 0.384728342 0.318230510 0.019342678 -0.085672699 -0.018925266 0.995955765
1403636608.163556 0.070796654 0.384726048 0.318216741 0.019311566 -0.085666187 -0.018862857 0.995958149
1403636608.213556 0.070906430 0.384637147 0.318029940 0.019271342 -0.085707068 -0.018869331 0.995955229
1403636608.263556 0.070895292 0.384652644 0.318015695 0.019257836 -0.085739441 -0.018802080 0.995953977
1403636608.313555 0.070918590 0.384641647 0.317984670 0.019280666 -0.085725144 -0.018889999 0.995953083
1403636608.363556 0.070894428 0.384630740 0.318013132 0.019265153 -0.085736766 -0.018876150 0.995952666
1403636608.413555 0.070921637 0.384653866 0.318063617 0.019281203 -0.085713498 -0.018896172 0.995953977
1403636608.463556 0.070865199 0.384613812 0.318063021 0.019243240 -0.085704297 -0.018878128 0.995955884
1403636608.513556 0.070952609 0.384630084 0.318019778 0.019263977 -0.085771725 -0.018860850 0.995949984
1403636608.563555 0.070802949 0.384674221 0.318118215 0.019261006 -0.085707515 -0.018858681 0.995955646
1403636608.613555 0.070936151 0.384658128 0.317953706 0.019297771 -0.085707575 -0.018922521 0.995953679
1403636608.663556 0.070903651 0.384634286 0.318034291 0.019267349 -0.085727885 -0.018843949 0.995953977
1403636608.713556 0.070892982 0.384656638 0.318024188 0.019284649 -0.085725926 -0.018915458 0.995952487
1403636608.763556 0.070932239 0.384655267 0.317983806 0.019288730 -0.085696697 -0.018877361 0.995955646
1403636608.813555 0.070856065 0.384679168 0.318200827 0.019299665 -0.085690454 -0.018979423 0.995954037
1403636608.863556 0.070884183 0.384624213 0.317989409 0.019236809 -0.085702069 -0.018841268 0.995956898
1403636608.913555 0.070890903 0.384671777 0.318064898 0.019290229 -0.085759446 -0.018830124 0.995951116
1403636608.963556 0.070872590 0.384650111 0.318088859 0.019276746 -0.085723713 -0.018823199 0.995954573
1403636609.013556 0.070895404 0.384629339 0.318050802 0.019268366 -0.085740939 -0.018852875 0.995952725
1403636609.063555 0.070912197 0.384642035 0.317963511 0.019236580 -0.085701279 -0.018888146 0.995956063
1403636609.113555 0.070881054 0.384628117 0.317974567 0.019292621 -0.085709952 -0.018912232 0.995953798
1403636609.163556 0.070914224 0.384627789 0.317898124 0.019248912 -0.085742138 -0.018792428 0.995954096
1403636609.213556 0.070944555 0.384651542 0.318008929 0.019295324 -0.085749283 -0.018901220 0.995950520
1403636609.263556 0.070867673 0.384599149 0.317984164 0.019235978 -0.085692167 -0.018924266 0.995956182
1403636609.313555 0.070895135 0.384650916 0.318102211 0.019271838 -0.085742921 -0.018835936 0.995952785
1403636609.363556 0.070864089 0.384657770 0.317996770 0.019264733 -0.085717149 -0.018813429 0.995955586
1403636609.413555 0.070914790 0.384650975 0.318101496 0.019264674 -0.085765161 -0.018847551 0.995950818
1403636609.463556 0.070840344 0.384675890 0.317956448 0.019310394 -0.085636608 -0.018949335 0.995959044
1403636609.513556 0.070918679 0.384653419 0.318005800 0.019239385 -0.085728906 -0.018887138 0.995953679
1403636609.563555 0.070902646 0.384642273 0.317991555 0.019293992 -0.085752510 -0.018828988 0.995951653
1403636609.613555 0.070879087 0.384624749 0.318118185 0.019252462 -0.085710488 -0.018879652 0.995955110
1403636609.663556 0.070858404 0.384674340 0.317989558 0.019251054 -0.085756786 -0.018757077 0.995953500
1403636609.713556 0.070925169 0.384643644 0.317902267 0.019293627 -0.085705154 -0.018899344 0.995954394
1403636609.763556 0.070815906 0.384633005 0.318059742 0.019344555 -0.085660912 -0.018836299 0.995958447
1403636609.813555 0.070835933 0.384757847 0.318109602 0.019216485 -0.085790180 -0.018777058 0.995950878
1403636609.863556 0.070879459 0.384655565 0.318014920 0.019328082 -0.085644014 -0.018901259 0.995958984
1403636609.913555 0.070880309 0.384644151 0.318032205 0.019276554 -0.085699461 -0.018828657 0.995956600
1403636609.963556 0.070862398 0.384665102 0.317938566 0.019285444 -0.085642397 -0.018935807 0.995959282
1403636610.013556 0.070925854 0.384632558 0.317990899 0.019247353 -0.085760638 -0.018776735 0.995952845
1403636610.063555 0.070825115 0.384652555 0.318100840 0.019291112 -0.085647881 -0.018891653 0.995959580
1403636610.113555 0.070896789 0.384646207 0.318006575 0.019276451 -0.085764416 -0.018709861 0.995953262
1403636610.163556 0.070848718 0.384650886 0.318038404 0.019335514 -0.085633099 -0.018904047 0.995959759
1403636610.213556 0.070854649 0.384680957 0.318137527 0.019329578 -0.085664406 -0.018880552 0.995957553
1403636610.263556 0.070867233 0.384651661 0.317983776 0.019261243 -0.085577346 -0.019029688 0.995963573
1403636610.313555 0.070897669 0.384695709 0.318118602 0.019321205 -0.085655563 -0.018973522 0.995956719
1403636610.363556 0.070816666 0.384653270 0.318048686 0.019295137 -0.085628636 -0.018865390 0.995961607
1403636610.413555 0.070849955 0.384687603 0.318132132 0.019327959 -0.085610397 -0.019013790 0.995959759
1403636610.463556 0.070758313 0.384701639 0.318144083 0.019303514 -0.085640177 -0.018853830 0.995960653
1403636610.513556 0.070910990 0.384639204 0.317994833 0.019220561 -0.085661545 -0.018957224 0.995958447
1403636610.563555 0.070839763 0.384680897 0.318077624 0.019272594 -0.085623972 -0.018997416 0.995959938
1403636610.613555 0.070786372 0.384692341 0.318140060 0.019290533 -0.085608035 -0.018967526 0.995961547
1403636610.663556 0.070892736 0.384624541 0.318040282 0.019224184 -0.085720956 -0.018841108 0.995955527
1403636610.713556 0.070879698 0.384629726 0.318149060 0.019209795 -0.085695423 -0.018901130 0.995956838
1403636610.763556 0.070825845 0.384590358 0.318152100 0.019095805 -0.085674606 -0.019014908 0.995958686
1403636610.813555 0.070859447 0.384544998 0.318144023 0.019038441 -0.085609645 -0.019200860 0.995961785
1403636610.863556 0.070847064 0.384612679 0.318073213 0.019007713 -0.085766800 -0.019099584 0.995950818
1403636610.913555 0.070925668 0.384588718 0.318043321 0.019108912 -0.085683458 -0.019262636 0.995952904
1403636610.963556 0.070906237 0.384570867 0.318024278 0.018976402 -0.085805409 -0.019095078 0.995948136
1403636611.013556 0.070840091 0.384586841 0.318217665 0.019181838 -0.085704193 -0.019104600 0.995952725
1403636611.063555 0.070792079 0.384577602 0.318039626 0.019006848 -0.085644975 -0.019253908 0.995958328
1403636611.113555 0.070841655 0.384553254 0.317992151 0.019107832 -0.085696913 -0.019090021 0.995955050
1403636611.163556 0.070840351 0.384583414 0.318076253 0.019026056 -0.085745648 -0.019111140 0.995952070
1403636611.213556 0.070889443 0.384610564 0.318163633 0.019058341 -0.085719459 -0.019249264 0.995951056
1403636611.263556 0.070834965 0.384576440 0.317959934 0.019083517 -0.085728161 -0.019049171 0.995953619
1403636611.313555 0.070850663 0.384595692 0.317953557 0.019066969 -0.085728325 -0.019130034 0.995952427
1403636611.363556 0.070357040 0.384681195 0.318037927 0.018953053 -0.086195610 -0.018462304 0.995926857
1403636611.413555 0.070642576 0.384611160 0.318183839 0.019129459 -0.086008742 -0.018749544 0.995934248
1403636611.463556 0.070982233 0.384893656 0.318363845 0.018892596 -0.086099975 -0.017968897 0.995945275
1403636611.513556 0.071643122 0.384923995 0.318341672 0.019280827 -0.085269891 -0.019540498 0.995979667
1403636611.563555 0.071400285 0.384775758 0.318221271 0.018931841 -0.085615158 -0.018656190 0.995973706
1403636611.613555 0.071503952 0.384833694 0.318358660 0.019131297 -0.085632749 -0.019039592 0.995961070
1403636611.663556 0.071319178 0.384729117 0.318136334 0.019023240 -0.085774712 -0.018504681 0.995961070
1403636611.713556 0.071592033 0.384866029 0.318259150 0.019390153 -0.085448205 -0.019131983 0.995970190
1403636611.763556 0.071265221 0.384874284 0.318379998 0.019180505 -0.085845903 -0.018445829 0.995953023
1403636611.813555 0.071318895 0.384788036 0.318193138 0.019163739 -0.085781313 -0.018185262 0.995963693
1403636611.863556 0.071641162 0.384792536 0.318306655 0.019555546 -0.085397735 -0.018849697 0.995976627
1403636611.913555 0.071583420 0.384786218 0.318170071 0.019157799 -0.085713744 -0.018726811 0.995959580
1403636611.963556 0.071284153 0.384782314 0.318161398 0.019205563 -0.085920192 -0.018438471 0.995946229
1403636612.013556 0.071135610 0.384738117 0.318306774 0.019343894 -0.086135589 -0.017945308 0.995933950
1403636612.063555 0.071479402 0.384822041 0.318443537 0.019208206 -0.085665517 -0.018961271 0.995958328
1403636612.113555 0.071076781 0.384642661 0.318437338 0.019082405 -0.086324513 -0.017600471 0.995928824
1403636612.163556 0.071116954 0.384607434 0.318362117 0.019363368 -0.086333737 -0.017895158 0.995917320
1403636612.213556 0.071229771 0.384668499 0.318174601 0.019041678 -0.086197428 -0.017955342 0.995934248
1403636612.263556 0.072032496 0.385065407 0.318619996 0.019703537 -0.085182317 -0.020614816 0.995957196
1403636612.313555 0.071016364 0.384784192 0.318290949 0.019258840 -0.086387083 -0.017509593 0.995921612
1403636612.363556 0.071942613 0.384891868 0.318255752 0.019496093 -0.085320689 -0.020317502 0.995955586
1403636612.413555 0.071267866 0.384671926 0.318182707 0.019302135 -0.086219653 -0.017747382 0.995931029
1403636612.463556 0.071957625 0.384982288 0.318422019 0.019557657 -0.085468575 -0.019782256 0.995952427
1403636612.513556 0.071312264 0.384673178 0.318123460 0.019244142 -0.086058505 -0.018232312 0.995937347
1403636612.563555 0.071758583 0.384884834 0.318465531 0.019484498 -0.085589424 -0.019469190 0.995949686
1403636612.613555 0.071355000 0.384887308 0.318421096 0.019369189 -0.085916087 -0.018530646 0.995941699
1403636612.663556 0.071596161 0.384926200 0.318559706 0.019460836 -0.085548058 -0.019421656 0.995954633
1403636612.713556 0.071432099 0.384741396 0.318326175 0.019361462 -0.085977525 -0.018521369 0.995936692
1403636612.763556 0.071674645 0.384872884 0.318360746 0.019482765 -0.085462354 -0.019412955 0.995961726
1403636612.813555 0.071474411 0.384750932 0.318269551 0.019470688 -0.085719891 -0.018786877 0.995951831
1403636612.863556 0.071554013 0.384787053 0.318320960 0.019463455 -0.085634276 -0.019038673 0.995954573
1403636612.913555 0.071598485 0.384893745 0.318454266 0.019485731 -0.085636906 -0.019015079 0.995954335
1403636612.963556 0.071522206 0.384828717 0.318374425 0.019490328 -0.085756257 -0.018672645 0.995950460
1403636613.013556 0.071562693 0.384822309 0.318598777 0.019608969 -0.085575238 -0.019076666 0.995956063
1403636613.063555 0.071430892 0.384858787 0.318267524 0.019578714 -0.085761391 -0.018520616 0.995951116
1403636613.113555 0.071670070 0.384891629 0.318410635 0.019533530 -0.085595913 -0.019149678 0.995954394
1403636613.163556 0.071425319 0.384808898 0.318412542 0.019639675 -0.085781798 -0.018414970 0.995950103
1403636613.213556 0.071564279 0.384863704 0.318479091 0.019619027 -0.085521787 -0.019108417 0.995959818
1403636613.263556 0.071489409 0.384869099 0.318266809 0.019461852 -0.085810781 -0.018398231 0.995951414
1403636613.313555 0.071548603 0.384838700 0.318567008 0.019700833 -0.085581750 -0.019005306 0.995955050
1403636613.363556 0.071438387 0.384778976 0.318270624 0.019515838 -0.085826971 -0.018448815 0.995948076
1403636613.413555 0.071601927 0.384830296 0.318425298 0.019599229 -0.085467204 -0.019144777 0.995964229
1403636613.463556 0.071373373 0.384909689 0.318329126 0.019609045 -0.085725978 -0.018514816 0.995953679
1403636613.513556 0.071524054 0.384840995 0.318397522 0.019636819 -0.085490435 -0.019093715 0.995962441
1403636613.563555 0.071458936 0.384831816 0.318286538 0.019620419 -0.085741341 -0.018528666 0.995951891
1403636613.613555 0.071545258 0.384907663 0.318342447 0.019640679 -0.085616484 -0.018817192 0.995956838
1403636613.663556 0.071455091 0.384807110 0.318313658 0.019569112 -0.085682817 -0.018507961 0.995958328
1403636613.713556 0.071612164 0.384825140 0.318118513 0.019699084 -0.085626625 -0.018705649 0.995956898
1403636613.763556 0.071420029 0.384866685 0.318265617 0.019681837 -0.085609034 -0.018625267 0.995960236
1403636613.813555 0.071463659 0.384793669 0.318163991 0.019681804 -0.085600197 -0.018605348 0.995961368
1403636613.863556 0.071528956 0.384878516 0.318163872 0.019650999 -0.085641928 -0.018609127 0.995958328
1403636613.913555 0.071530066 0.384785086 0.318212241 0.019588688 -0.085648529 -0.018640235 0.995958447
1403636613.963556 0.071552262 0.384853303 0.318110228 0.019646335 -0.085651129 -0.018645098 0.995956957
1403636614.013556 0.071543142 0.384830922 0.318067282 0.019649697 -0.085674636 -0.018579109 0.995956123
1403636614.063555 0.071521036 0.384861499 0.318272710 0.019644564 -0.085572548 -0.018774623 0.995961308
1403636614.113555 0.071436331 0.384879321 0.318275690 0.019664347 -0.085620783 -0.018576790 0.995960474
1403636614.163556 0.071466446 0.384904623 0.318280995 0.019674860 -0.085573077 -0.018659335 0.995962858
1403636614.213556 0.071463659 0.384898454 0.318292618 0.019609349 -0.085664369 -0.018587852 0.995957613
1403636614.263556 0.071491957 0.384886235 0.318314850 0.019596297 -0.085553825 -0.018735822 0.995964587
1403636614.313555 0.071486518 0.384918898 0.318393886 0.019648461 -0.085620686 -0.018645065 0.995959520
1403636614.363556 0.071417741 0.384856671 0.318420529 0.019700846 -0.085507363 -0.018794511 0.995965421
1403636614.413555 0.071403049 0.384911090 0.318306804 0.019532477 -0.085658997 -0.018529987 0.995960653
1403636614.463556 0.071506791 0.384987026 0.318307996 0.019641496 -0.085480005 -0.018903021 0.995966911
1403636614.513556 0.071443200 0.384877861 0.318334877 0.019630341 -0.085696526 -0.018518029 0.995955765
1403636614.563555 0.071501851 0.384847879 0.318257749 0.019601384 -0.085612416 -0.018785996 0.995958507
1403636614.613555 0.071515456 0.384861559 0.318299294 0.019581232 -0.085658334 -0.018560920 0.995959222
1403636614.663556 0.071541913 0.384810060 0.318125159 0.019596992 -0.085583158 -0.018770527 0.995961428
1403636614.713556 0.071498051 0.384837776 0.318203390 0.019618005 -0.085655585 -0.018577073 0.995958388
1403636614.763556 0.071454711 0.384865791 0.318225831 0.019577041 -0.085616842 -0.018725710 0.995959759
1403636614.813555 0.071410909 0.384909272 0.318269700 0.019664016 -0.085594222 -0.018713897 0.995960236
1403636614.863556 0.071463816 0.384866208 0.318241894 0.019561242 -0.085650682 -0.018736986 0.995956957
1403636614.913555 0.071531452 0.384836316 0.318192422 0.019565539 -0.085608639 -0.018706404 0.995961070
1403636614.963556 0.071583316 0.384772241 0.318096757 0.019589350 -0.085674383 -0.018642195 0.995956123
1403636615.013556 0.071509510 0.384857357 0.318324387 0.019624053 -0.085595854 -0.018702364 0.995961070
1403636615.063555 0.071502104 0.384780496 0.318192214 0.019592002 -0.085617356 -0.018725256 0.995959461
1403636615.113555 0.071487412 0.384804130 0.318194777 0.019558556 -0.085562900 -0.018754907 0.995964229
1403636615.163556 0.071552128 0.384775817 0.318209857 0.019569993 -0.085674562 -0.018660810 0.995956182
1403636615.213556 0.071506664 0.384756416 0.318248898 0.019572917 -0.085663281 -0.018653270 0.995957196
1403636615.263556 0.071442179 0.384884924 0.318274021 0.019659793 -0.085602000 -0.018661113 0.995960653
1403636615.313555 0.071566314 0.384805650 0.318133682 0.019549958 -0.085642792 -0.018704876 0.995958447
1403636615.363556 0.071494505 0.384860992 0.318218350 0.019585252 -0.085610263 -0.018608158 0.995962381
1403636615.413555 0.071526341 0.384777009 0.318265766 0.019581733 -0.085648991 -0.018650148 0.995958328
1403636615.463556 0.071508192 0.384821534 0.318249106 0.019566448 -0.085601687 -0.018721722 0.995961368
1403636615.513556 0.071510591 0.384771168 0.318351924 0.019597484 -0.085672267 -0.018682308 0.995955408
1403636615.563555 0.071561396 0.384817272 0.318219304 0.019592140 -0.085632019 -0.018674841 0.995959103
1403636615.613555 0.071477704 0.384932190 0.318373621 0.019589283 -0.085560210 -0.018770203 0.995963573
1403636615.663556 0.071421258 0.384887457 0.318261266 0.019614924 -0.085645683 -0.018630806 0.995958328
1403636615.713556 0.071488529 0.384783536 0.318124533 0.019576300 -0.085617244 -0.018651258 0.995961130
1403636615.763556 0.071514383 0.384790272 0.318210065 0.019556716 -0.085613213 -0.018684918 0.995961249
1403636615.813555 0.071513981 0.384795576 0.318211466 0.019579275 -0.085605346 -0.018716825 0.995960891
1403636615.863556 0.071538329 0.384766489 0.318175972 0.019558962 -0.085670806 -0.018721953 0.995955586
1403636615.913555 0.071503885 0.384836733 0.318171114 0.019606063 -0.085588738 -0.018702261 0.995962083
1403636615.963556 0.071448043 0.384913772 0.318143129 0.019642606 -0.085669585 -0.018637901 0.995955586
1403636616.013556 0.071444213 0.384862512 0.318312705 0.019587683 -0.085612528 -0.018746270 0.995959520
1403636616.063555 0.071436852 0.384882987 0.318384767 0.019561235 -0.085569590 -0.018764934 0.995963395
1403636616.113555 0.071432218 0.384857208 0.318456739 0.019611567 -0.085607402 -0.018680882 0.995960772
1403636616.163556 0.071545094 0.384831905 0.318146646 0.019578977 -0.085656345 -0.018622363 0.995958269
1403636616.213556 0.071551263 0.384821773 0.318244427 0.019582439 -0.085599631 -0.018764189 0.995960414
1403636616.263556 0.071483612 0.384836465 0.318230569 0.019589359 -0.085627668 -0.018675946 0.995959520
1403636616.313555 0.071536049 0.384759426 0.318182528 0.019550089 -0.085639358 -0.018697701 0.995958924
1403636616.363556 0.071498558 0.384792328 0.318246126 0.019599659 -0.085610919 -0.018748535 0.995959401
1403636616.413555 0.071442977 0.384843767 0.318311900 0.019590562 -0.085609972 -0.018721042 0.995960176
1403636616.463556 0.071456850 0.384857774 0.318384588 0.019562468 -0.085611850 -0.018742608 0.995960176
1403636616.513556 0.071426943 0.384888262 0.318339020 0.019614005 -0.085582472 -0.018672546 0.995962977
1403636616.563555 0.071537867 0.384789616 0.318158239 0.019597931 -0.085627042 -0.018682104 0.995959342
1403636616.613555 0.071519598 0.384811491 0.318191588 0.019547816 -0.085651383 -0.018727634 0.995957375
1403636616.663556 0.071487427 0.384792179 0.318421602 0.019609623 -0.085586131 -0.018709328 0.995962083
1403636616.713556 0.071539752 0.384830743 0.318188578 0.019599164 -0.085589550 -0.018753435 0.995961189
1403636616.763556 0.071539417 0.384757102 0.318088561 0.019592732 -0.085638061 -0.018682521 0.995958447
1403636616.813555 0.071546435 0.384787798 0.318057925 0.019560477 -0.085605055 -0.018719092 0.995961249
1403636616.863556 0.071512863 0.384813845 0.318277776 0.019576626 -0.085605651 -0.018684052 0.995961547
1403636616.913555 0.071517438 0.384833723 0.318149507 0.019569710 -0.085603930 -0.018725444 0.995961010
1403636616.963556 0.071502358 0.384840012 0.318209946 0.019592814 -0.085643224 -0.018613597 0.995959282
1403636617.013556 0.071502283 0.384828925 0.318212748 0.019591892 -0.085615046 -0.018687975 0.995960355
1403636617.063555 0.071497709 0.384828955 0.318362147 0.019592918 -0.085574791 -0.018756865 0.995962501
1403636617.113555 0.071541488 0.384815216 0.318080366 0.019567072 -0.085569121 -0.018755471 0.995963514
1403636617.163556 0.071486175 0.384828627 0.318169206 0.019599790 -0.085610598 -0.018751422 0.995959401
1403636617.213556 0.071501754 0.384838462 0.318234414 0.019582275 -0.085601084 -0.018725511 0.995961010
1403636617.263556 0.071532726 0.384822011 0.318151385 0.019611852 -0.085675791 -0.018677235 0.995954931
1403636617.313555 0.071512364 0.384861350 0.318223864 0.019604709 -0.085645147 -0.018710446 0.995957077
1403636617.363556 0.071585536 0.384767324 0.318088382 0.019581418 -0.085609630 -0.018773120 0.995959401
1403636617.413555 0.071518123 0.384798318 0.318156689 0.019576544 -0.085667975 -0.018542510 0.995958805
1403636617.463556 0.071460620 0.384898663 0.318194449 0.019609375 -0.085585654 -0.018692452 0.995962441
1403636617.513556 0.071449451 0.384844691 0.318248898 0.019619646 -0.085642695 -0.018679656 0.995957553
1403636617.563555 0.071448326 0.384882033 0.318265527 0.019634163 -0.085628226 -0.018743025 0.995957315
1403636617.613555 0.071453594 0.384896636 0.318278432 0.019621557 -0.085623853 -0.018689968 0.995958984
1403636617.663556 0.071477234 0.384899378 0.318244129 0.019608680 -0.085614689 -0.018614247 0.995961428
1403636617.713556 0.071496531 0.384846568 0.318193942 0.019612381 -0.085576415 -0.018726747 0.995962560
1403636617.763556 0.071522906 0.384843946 0.318174124 0.019622164 -0.085609786 -0.018636812 0.995961130
1403636617.813555 0.071465582 0.384890258 0.318308294 0.019617213 -0.085614450 -0.018697493 0.995959699
1403636617.863556 0.071539193 0.384836704 0.318157792 0.019599246 -0.085609801 -0.018712545 0.995960176
1403636617.913555 0.071508549 0.384849846 0.318191439 0.019566849 -0.085616797 -0.018749546 0.995959520
1403636617.963556 0.071529515 0.384790659 0.318370998 0.019601557 -0.085563198 -0.018734705 0.995963752
1403636618.013556 0.071485095 0.384854198 0.318307281 0.019582460 -0.085546643 -0.018805820 0.995964170
1403636618.063555 0.071395382 0.384881705 0.318272799 0.019640505 -0.085571133 -0.018718392 0.995962560
1403636618.113555 0.071528673 0.384811401 0.318056911 0.019605493 -0.085622706 -0.018648988 0.995960116
1403636618.163556 0.071519360 0.384803146 0.318273902 0.019590497 -0.085671313 -0.018612769 0.995956957
1403636618.213556 0.071448870 0.384884357 0.318364173 0.019624479 -0.085533649 -0.018823622 0.995964170
1403636618.263556 0.071504757 0.384781122 0.318231404 0.019604748 -0.085575148 -0.018797239 0.995961428
1403636618.313555 0.071519829 0.384866595 0.318104714 0.019614758 -0.085621610 -0.018694783 0.995959222
1403636618.363556 0.071554765 0.384788275 0.318049401 0.019550275 -0.085616745 -0.018729214 0.995960236
1403636618.413555 0.071511060 0.384901643 0.318336964 0.019573495 -0.085581578 -0.018772790 0.995961964
1403636618.463556 0.071487740 0.384781241 0.318231523 0.019574536 -0.085600682 -0.018724190 0.995961249
1403636618.513556 0.071461886 0.384903312 0.318187654 0.019615961 -0.085931413 -0.018827962 0.995929956
1403636618.563555 0.071435705 0.384944022 0.318384945 0.019651562 -0.085765980 -0.018841326 0.995943308
1403636618.613555 0.071503505 0.384866059 0.318057895 0.019632256 -0.085784279 -0.018709296 0.995944560
1403636618.663556 0.071473166 0.384788960 0.318149745 0.019626210 -0.085708767 -0.018796913 0.995949566
1403636618.713556 0.071509242 0.384928137 0.318400443 0.019586405 -0.085508958 -0.018581294 0.995971560
1403636618.763556 0.071524590 0.384837210 0.318264961 0.019616760 -0.085621461 -0.018591657 0.995961070
1403636618.813555 0.071518123 0.384903431 0.318279684 0.019573204 -0.085624963 -0.018531248 0.995962799
1403636618.863556 0.071509957 0.384854913 0.318191826 0.019644925 -0.085601762 -0.018670937 0.995960772
1403636618.913555 0.071359865 0.384896904 0.318221301 0.019572094 -0.085992530 -0.018499980 0.995931685
1403636618.963556 0.071397245 0.384920299 0.318277627 0.019660259 -0.085909694 -0.018693171 0.995933533
1403636619.013556 0.071458958 0.384869218 0.318327576 0.019607197 -0.086005099 -0.018504327 0.995929837
1403636619.063555 0.071483240 0.384897798 0.318264484 0.019603144 -0.085812233 -0.018683383 0.995943248
1403636619.113555 0.071507886 0.384858489 0.318255574 0.019602213 -0.085710086 -0.018442804 0.995956540
1403636619.163556 0.071517929 0.384873986 0.318317115 0.019563632 -0.085597351 -0.018499086 0.995965958
1403636619.213556 0.071549922 0.384858549 0.318517536 0.019574424 -0.085561283 -0.018466383 0.995969415
1403636619.263556 0.071454450 0.384917438 0.318394065 0.019650681 -0.085522421 -0.018508036 0.995970488
1403636619.313555 0.071435690 0.384921581 0.318328798 0.019612202 -0.085534446 -0.018668467 0.995967209
1403636619.363556 0.071432643 0.384858102 0.318311870 0.019561002 -0.085904844 -0.018685475 0.995936036
1403636619.413555 0.071451664 0.384856522 0.318229705 0.019642832 -0.085868441 -0.018781783 0.995935738
1403636619.463556 0.071511149 0.384866029 0.318192273 0.019610459 -0.085898265 -0.018755374 0.995934308
1403636619.513556 0.071503073 0.384849459 0.318296820 0.019580970 -0.085743368 -0.018756883 0.995948255
1403636619.563555 0.071550243 0.384829670 0.318217963 0.019561345 -0.085672811 -0.018558411 0.995958388
1403636619.613555 0.071520805 0.384830177 0.318415582 0.019584626 -0.085640244 -0.018699771 0.995958090
1403636619.663556 0.071544826 0.384796768 0.318274140 0.019625049 -0.085665688 -0.018612789 0.995956719
1403636619.713556 0.071599849 0.384874642 0.318340480 0.019625312 -0.085553207 -0.018753994 0.995963752
1403636619.763556 0.071573824 0.384803087 0.318225026 0.019616960 -0.085594334 -0.018609321 0.995963097
1403636619.813555 0.071613282 0.384878039 0.318290710 0.019590219 -0.085570209 -0.018665688 0.995964646
1403636619.863556 0.071527004 0.384863764 0.318197876 0.019629180 -0.085576773 -0.018699676 0.995962679
1403636619.913555 0.071592003 0.384804904 0.318309546 0.019606447 -0.085553296 -0.018645775 0.995966136
1403636619.963556 0.071433976 0.384898514 0.318429977 0.019679433 -0.085590549 -0.018715419 0.995960176
1403636620.013556 0.071554698 0.384843081 0.318353295 0.019617805 -0.085621513 -0.018643275 0.995960116
1403636620.063555 0.071563497 0.384919047 0.318438709 0.019600008 -0.085517570 -0.018876035 0.995965004
1403636620.113555 0.071506187 0.384789646 0.318161309 0.019648828 -0.085596718 -0.018705154 0.995960474
1403636620.163556 0.071586847 0.384931505 0.318254858 0.019660994 -0.085620396 -0.018823987 0.995955944
1403636620.213556 0.071556300 0.384859502 0.318195075 0.019639535 -0.085653536 -0.018742641 0.995955050
1403636620.263556 0.071513802 0.384895831 0.318213165 0.019623004 -0.085639179 -0.018781237 0.995955884
1403636620.313555 0.071594633 0.384837151 0.318306625 0.019623220 -0.085582837 -0.018736470 0.995961547
1403636620.363556 0.071594045 0.384870887 0.318297714 0.019619895 -0.085568346 -0.018878372 0.995960236
1403636620.413555 0.071516275 0.384866923 0.318368584 0.019629057 -0.085614145 -0.018829402 0.995957017
1403636620.463556 0.071476080 0.384855598 0.318290502 0.019672614 -0.085525885 -0.018801417 0.995964289
1403636620.513556 0.071559720 0.384848177 0.318239510 0.019581927 -0.085540123 -0.018763399 0.995965540
1403636620.563555 0.071536109 0.384884626 0.318375885 0.019664332 -0.085541733 -0.018869409 0.995961785
1403636620.613555 0.071497150 0.384879917 0.318285555 0.019600900 -0.085603178 -0.018625153 0.995962381
1403636620.663556 0.071587116 0.384840906 0.318257093 0.019613538 -0.085578024 -0.018782636 0.995961308
1403636620.713556 0.071542203 0.384878278 0.318341762 0.019629989 -0.085561335 -0.018775597 0.995962560
1403636620.763556 0.071533114 0.384854347 0.318335414 0.019616080 -0.085528605 -0.018848378 0.995964289
1403636620.813555 0.071509577 0.384824842 0.318261683 0.019587195 -0.085609302 -0.018742705 0.995959878
1403636620.863556 0.071541071 0.384860724 0.318291634 0.019651301 -0.085604012 -0.018709959 0.995959699
1403636620.913555 0.071499467 0.384868681 0.318331838 0.019620961 -0.085570142 -0.018677277 0.995963812
1403636620.963556 0.071587302 0.384847283 0.318476737 0.019616719 -0.085562587 -0.018820845 0.995961845
1403636621.013556 0.071595639 0.384797841 0.318348110 0.019593401 -0.085559659 -0.018782325 0.995963335
1403636621.063555 0.071756795 0.384844750 0.318354368 0.019685615 -0.085401401 -0.019155037 0.995967984
1403636621.113555 0.071623780 0.384781301 0.318293095 0.019612705 -0.085590214 -0.018620128 0.995963335
1403636621.163556 0.071745098 0.384882390 0.318465412 0.019643102 -0.085489012 -0.019100400 0.995962322
1403636621.213556 0.071572393 0.384772211 0.318161368 0.019635035 -0.085612386 -0.018733265 0.995958865
1403636621.263556 0.071596511 0.384923786 0.318453610 0.019667130 -0.085477561 -0.019095628 0.995962918
1403636621.313555 0.071514025 0.384788126 0.318235844 0.019613912 -0.085576028 -0.018763645 0.995961845
1403636621.363556 0.071645297 0.384804130 0.318359107 0.019662932 -0.085517839 -0.018946337 0.995962441
1403636621.413555 0.071516015 0.384824008 0.318257868 0.019582674 -0.085561968 -0.018783536 0.995963275
1403636621.463556 0.071611933 0.384817779 0.318424284 0.019648222 -0.085473605 -0.019030727 0.995964885
1403636621.513556 0.071501896 0.384883344 0.318510532 0.019623043 -0.085538790 -0.018828899 0.995963633
1403636621.563555 0.071529627 0.384864450 0.318432331 0.019645806 -0.085457042 -0.019001151 0.995966971
1403636621.613555 0.071465418 0.384900242 0.318443537 0.019640649 -0.085440479 -0.018895729 0.995970428
1403636621.663556 0.071519323 0.384924382 0.318406463 0.019665321 -0.085454628 -0.018958429 0.995967567
1403636621.713556 0.071499519 0.384919047 0.318587065 0.019665888 -0.085513525 -0.018941585 0.995962858
1403636621.763556 0.071582139 0.384896815 0.318415463 0.019637616 -0.085438281 -0.019055024 0.995967627
1403636621.813555 0.071616367 0.384855777 0.318503886 0.019635241 -0.085550845 -0.018933343 0.995960355
1403636621.863556 0.071607254 0.384889632 0.318477094 0.019610036 -0.085494004 -0.019003676 0.995964408
1403636621.913555 0.071469828 0.384935915 0.318493932 0.019655610 -0.085491143 -0.019010613 0.995963633
1403636621.963556 0.071555153 0.384823710 0.318405867 0.019675156 -0.085530035 -0.018960567 0.995960891
1403636622.013556 0.071590126 0.384832710 0.318427265 0.019673621 -0.085498191 -0.019045569 0.995962024
1403636622.063555 0.071467444 0.384905219 0.318588287 0.019713037 -0.085527629 -0.018965304 0.995960236
1403636622.113555 0.071642891 0.384794325 0.318535328 0.019670157 -0.085511111 -0.019052820 0.995960832
1403636622.163556 0.071529463 0.384847492 0.318460554 0.019657334 -0.085491344 -0.019017424 0.995963454
1403636622.213556 0.071507946 0.384921849 0.318613857 0.019709196 -0.085500054 -0.018984988 0.995962262
1403636622.263556 0.071560189 0.384916157 0.318526566 0.019682312 -0.085574530 -0.018941605 0.995957255
1403636622.313555 0.071613096 0.384793639 0.318415642 0.019632017 -0.085501105 -0.018956937 0.995964229
1403636622.363556 0.071515329 0.384876519 0.318431169 0.019646270 -0.085454486 -0.019023510 0.995966733
1403636622.413555 0.071604073 0.384814054 0.318459958 0.019658120 -0.085503288 -0.018931046 0.995964050
1403636622.463556 0.071642987 0.384805650 0.318317622 0.019648766 -0.085526168 -0.018968320 0.995961547
1403636622.513556 0.071553573 0.384848356 0.318474621 0.019606745 -0.085478857 -0.019019822 0.995965481
1403636622.563555 0.071518347 0.384901255 0.318492591 0.019609334 -0.085478708 -0.019006880 0.995965660
1403636622.613555 0.071508013 0.384909660 0.318446219 0.019613616 -0.085470423 -0.019031562 0.995965838
1403636622.663556 0.071570076 0.384850383 0.318468869 0.019639928 -0.085466534 -0.019033117 0.995965600
1403636622.713556 0.071563110 0.384846509 0.318436712 0.019650729 -0.085444525 -0.019027311 0.995967388
1403636622.763556 0.071566343 0.384913027 0.318457663 0.019672126 -0.085478596 -0.019006047 0.995964468
1403636622.813555 0.071557507 0.384886771 0.318549097 0.019639872 -0.085445806 -0.018886274 0.995970190
1403636622.863556 0.071670122 0.384678066 0.318397939 0.019670224 -0.085379317 -0.018836383 0.995976210
1403636622.913555 0.071733445 0.384731591 0.318437755 0.019853480 -0.085333832 -0.018801967 0.995977163
1403636622.963556 0.071660876 0.384674489 0.318349898 0.019881574 -0.085377261 -0.018482551 0.995978832
1403636623.013556 0.071706921 0.384734929 0.318532348 0.020022450 -0.085219972 -0.018828791 0.995983005
1403636623.063555 0.071673907 0.384667844 0.318410277 0.020006288 -0.085307725 -0.018638898 0.995979369
1403636623.113555 0.071862735 0.384512961 0.318271816 0.020038063 -0.085278995 -0.018702153 0.995980024
1403636623.163556 0.071818255 0.384558916 0.318335384 0.020070782 -0.085273698 -0.018618437 0.995981395
1403636623.213556 0.071894258 0.384504616 0.318299204 0.020053826 -0.085231125 -0.018676559 0.995984316
1403636623.263556 0.071806043 0.384513408 0.318233848 0.019987332 -0.085312732 -0.018517280 0.995981634
1403636623.313555 0.071952984 0.384561628 0.318379521 0.020070424 -0.085251823 -0.018668428 0.995982349
1403636623.363556 0.071893156 0.384535015 0.318375587 0.020048726 -0.085189961 -0.018592931 0.995989501
1403636623.413555 0.072049044 0.384530038 0.318294525 0.020079147 -0.085210383 -0.018607518 0.995986879
1403636623.463556 0.071939759 0.384534478 0.318508983 0.020092016 -0.085179105 -0.018591654 0.995989561
1403636623.513556 0.071962878 0.384479076 0.318358243 0.020020956 -0.085095085 -0.018668788 0.995996714
1403636623.563555 0.071981512 0.384515882 0.318282515 0.020021390 -0.085054167 -0.018586935 0.996001720
1403636623.613555 0.072007269 0.384545982 0.318686455 0.019978866 -0.084929839 -0.018564250 0.996013641
1403636623.663556 0.071965709 0.384496391 0.318593234 0.019841610 -0.084950127 -0.018582696 0.996014297
1403636623.713556 0.072019786 0.384546340 0.318808764 0.019917643 -0.084800303 -0.018500593 0.996027112
1403636623.763556 0.072045296 0.384425402 0.318616688 0.019813105 -0.084611759 -0.018432671 0.996046424
1403636623.813555 0.072090954 0.384436131 0.318467259 0.019536180 -0.084360108 -0.018393142 0.996073961
1403636623.863556 0.072118819 0.384408087 0.318671346 0.019686114 -0.084151715 -0.018236497 0.996091545
1403636623.913555 0.072214290 0.384461462 0.318562746 0.019448275 -0.084012054 -0.018305538 0.996106744
1403636623.963556 0.072170958 0.384353459 0.318589896 0.019376282 -0.083916210 -0.017926885 0.996123135
1403636624.013556 0.072292671 0.384411335 0.318571389 0.019500226 -0.083928645 -0.018280126 0.996113181
1403636624.063555 0.072139092 0.384390652 0.318632603 0.019440992 -0.083734185 -0.018014442 0.996135592
1403636624.113555 0.072220206 0.384272426 0.318579733 0.019069396 -0.082994409 -0.018164594 0.996201932
1403636624.163556 0.072188586 0.384194940 0.318403453 0.018873600 -0.082791798 -0.017718038 0.996230602
1403636624.213556 0.072238699 0.384160608 0.318570554 0.018712094 -0.082735509 -0.017860780 0.996235788
1403636624.263556 0.072404519 0.384185910 0.318305463 0.018327901 -0.082761034 -0.017859930 0.996240795
1403636624.313555 0.072764248 0.384379745 0.318287849 0.015766589 -0.081582099 -0.018724516 0.996366024
1403636624.363556 0.074411184 0.384851724 0.317305028 0.011010829 -0.080160514 -0.019285372 0.996534586
1403636624.413555 0.076657973 0.385504007 0.315816760 0.007424307 -0.078378610 -0.020110989 0.996693194
1403636624.463556 0.079732522 0.386139691 0.313833833 0.002679816 -0.076947033 -0.019680806 0.996837318
1403636624.513556 0.083595052 0.386910766 0.311526716 -0.002002876 -0.075027145 -0.020000407 0.996978879
1403636624.563555 0.087838501 0.387335986 0.308795989 -0.005197018 -0.073087990 -0.020359041 0.997104168
1403636624.613555 0.093052559 0.388058692 0.306073815 -0.005947394 -0.071696147 -0.022098403 0.997163951
1403636624.663556 0.098926052 0.388785154 0.303318530 -0.003995869 -0.070219509 -0.024150874 0.997231185
1403636624.713556 0.106265962 0.391564399 0.299844801 -0.003440988 -0.068525389 -0.028488750 0.997236609
1403636624.763556 0.113755882 0.393118650 0.296476007 -0.000689549 -0.067695081 -0.030759430 0.997231543
1403636624.813555 0.125911474 0.396390855 0.288823694 -0.003687109 -0.065501876 -0.038344190 0.997108638
1403636624.863556 0.135752916 0.397602975 0.281882763 -0.007010656 -0.063706279 -0.044981170 0.996929824
1403636624.913555 0.145343363 0.396941066 0.273392618 -0.013354767 -0.060944449 -0.053368405 0.996623933
1403636624.963556 0.155761182 0.393451631 0.262572020 -0.019573320 -0.058468331 -0.061554294 0.996197462
1403636625.013556 0.163596794 0.387785286 0.252377689 -0.025194960 -0.057154566 -0.066453546 0.995832562
1403636625.063555 0.171572983 0.378678143 0.239458621 -0.031466346 -0.056037880 -0.070335209 0.995450974
1403636625.113555 0.176558986 0.367614031 0.227674782 -0.036796007 -0.055983722 -0.071243383 0.995206654
1403636625.163556 0.179360285 0.354106724 0.217779875 -0.039368719 -0.057683036 -0.066993043 0.995306313
1403636625.213556 0.181350008 0.338507533 0.207881063 -0.037923373 -0.059618164 -0.062863916 0.995517790
1403636625.263556 0.182038337 0.322144866 0.199509457 -0.034398612 -0.061042618 -0.059392303 0.995772600
1403636625.313555 0.182773590 0.308902353 0.192791149 -0.030687129 -0.062655121 -0.056792535 0.995945454
1403636625.363556 0.183341295 0.301698595 0.189320788 -0.028376775 -0.064147450 -0.055111207 0.996013403
1403636625.413555 0.184117436 0.297445148 0.185833335 -0.030198932 -0.064774930 -0.054887086 0.995931506
1403636625.463556 0.184395894 0.300224215 0.186573893 -0.033335026 -0.065155387 -0.055434044 0.995776355
1403636625.513556 0.184121221 0.304698795 0.188953713 -0.034957763 -0.065546498 -0.055488214 0.995692074
1403636625.563555 0.183554143 0.308861703 0.192311749 -0.036105525 -0.066014089 -0.056140829 0.995583594
1403636625.613555 0.182408601 0.309830070 0.196504205 -0.036107350 -0.066461846 -0.057142641 0.995496750
1403636625.663556 0.180009291 0.305854350 0.200764656 -0.034578618 -0.066762283 -0.057822309 0.995491683
1403636625.713556 0.176831514 0.296507418 0.204423100 -0.031299878 -0.067831390 -0.057193059 0.995564222
1403636625.763556 0.172850847 0.281095833 0.207668260 -0.026186872 -0.068412714 -0.057274077 0.995667398
1403636625.813555 0.168510661 0.261327058 0.210477158 -0.021045789 -0.069352739 -0.056252427 0.995782554
1403636625.863556 0.162666425 0.236348674 0.212583303 -0.015073687 -0.070494615 -0.054648332 0.995900035
1403636625.913555 0.157770842 0.206236139 0.214730859 -0.011589923 -0.071321636 -0.053315397 0.995959997
1403636625.963556 0.151242137 0.175466657 0.213611379 -0.008623139 -0.071958967 -0.052538358 0.995985568
1403636626.013556 0.144652128 0.145102531 0.213360056 -0.006143714 -0.072596289 -0.051507272 0.996011555
1403636626.063555 0.138219342 0.114591256 0.211799443 -0.005055355 -0.074403688 -0.047418699 0.996087313
1403636626.113555 0.132991269 0.085441507 0.210636377 -0.004607820 -0.076465294 -0.042465288 0.996156871
1403636626.163556 0.125826851 0.052058250 0.208619624 -0.004353910 -0.078351185 -0.037608698 0.996206701
1403636626.213556 0.121491134 0.025921442 0.206885606 -0.004137732 -0.080060832 -0.033163842 0.996229529
1403636626.263556 0.117840886 0.004927958 0.206678763 -0.003993697 -0.080896676 -0.030751063 0.996240020
1403636626.313555 0.116338000 -0.011853134 0.208573520 -0.003706200 -0.081586063 -0.029754747 0.996215165
1403636626.363556 0.115931310 -0.024251722 0.211093932 -0.003490052 -0.081531785 -0.029870991 0.996216893
1403636626.413555 0.117210403 -0.033125896 0.214350745 -0.002797311 -0.081214003 -0.031580631 0.996192336
1403636626.463556 0.120086968 -0.038550902 0.219063520 -0.001523350 -0.080585018 -0.034427911 0.996151865
1403636626.513556 0.123364657 -0.043527059 0.222736329 0.002163592 -0.079857260 -0.037761372 0.996088445
1403636626.563555 0.127936512 -0.046601553 0.226869017 0.006112627 -0.079261757 -0.041450374 0.995972931
1403636626.613555 0.132038146 -0.050529078 0.228896648 0.009629595 -0.078993514 -0.045059353 0.995809674
1403636626.663556 0.137963161 -0.050432362 0.231062859 0.012595902 -0.078954481 -0.048119847 0.995636463
1403636626.713556 0.143851727 -0.049546272 0.232613817 0.012235130 -0.079363205 -0.049471751 0.995542228
1403636626.763556 0.150241867 -0.046932783 0.231763348 0.009878280 -0.080162562 -0.050382588 0.995458663
1403636626.813555 0.156657755 -0.041843459 0.231764436 0.007068001 -0.080873229 -0.050944775 0.995396495
1403636626.863556 0.163204476 -0.035546541 0.229577690 0.003277565 -0.081323177 -0.051932409 0.995328486
1403636626.913555 0.169768035 -0.028131459 0.228001192 -0.000957098 -0.081525244 -0.052769773 0.995272815
1403636626.963556 0.176459327 -0.019844990 0.225598022 -0.005671081 -0.081268802 -0.053999975 0.995212138
1403636627.013556 0.183661625 -0.010476897 0.223513544 -0.010021986 -0.081196010 -0.054826453 0.995138586
1403636627.063555 0.190905362 -0.001129654 0.221473724 -0.013949027 -0.080714084 -0.055305816 0.995104015
1403636627.113555 0.197584823 0.005017741 0.218076557 -0.018863846 -0.080872945 -0.055748187 0.994985402
1403636627.163556 0.203002185 0.006958453 0.214521989 -0.017770188 -0.081163406 -0.055326015 0.995005429
1403636627.213556 0.208876625 0.005526925 0.211025149 -0.015083426 -0.081259780 -0.055507835 0.995031774
1403636627.263556 0.214220405 0.000888815 0.205624565 -0.010985122 -0.081365168 -0.055334587 0.995086491
1403636627.313555 0.219519168 -0.007397289 0.198860973 -0.007708904 -0.082316831 -0.054262765 0.995097995
1403636627.363556 0.224852592 -0.017249592 0.192466423 -0.006456581 -0.082767189 -0.053121027 0.995131195
1403636627.413555 0.229524374 -0.029831219 0.184287250 -0.006163417 -0.083254904 -0.052193284 0.995141447
1403636627.463556 0.234396562 -0.044833843 0.175257191 -0.005204611 -0.083143905 -0.050723575 0.995232224
1403636627.513556 0.240245834 -0.059367191 0.166200459 -0.006323743 -0.081485093 -0.048653912 0.995466232
1403636627.563555 0.246743277 -0.070158787 0.158548832 -0.007277460 -0.078282386 -0.046726003 0.995809019
1403636627.613555 0.254067153 -0.075880907 0.152585030 -0.008701676 -0.074188232 -0.045227472 0.996180117
1403636627.663556 0.261569470 -0.075971261 0.148008823 -0.011715804 -0.070521377 -0.044420104 0.996451855
1403636627.713556 0.269895166 -0.072090931 0.144093066 -0.016518302 -0.065658495 -0.043640070 0.996750534
1403636627.763556 0.278385341 -0.065425150 0.142528623 -0.022630988 -0.059810713 -0.042776387 0.997035921
1403636627.813555 0.286990672 -0.056519270 0.141886383 -0.027854122 -0.053367920 -0.042138875 0.997296512
1403636627.863556 0.296280742 -0.048416924 0.143059835 -0.033163093 -0.046519700 -0.040926669 0.997527480
1403636627.913555 0.304848045 -0.041680336 0.144262925 -0.038046904 -0.040601447 -0.040632673 0.997623682
1403636627.963556 0.313269734 -0.038526379 0.145944282 -0.040611029 -0.035572346 -0.040406983 0.997723699
1403636628.013556 0.321375012 -0.038833156 0.150206536 -0.041563313 -0.031197891 -0.039932154 0.997850001
1403636628.063555 0.328001022 -0.044278331 0.152748957 -0.039376061 -0.027822567 -0.039153121 0.998069346
1403636628.113555 0.334581792 -0.052962258 0.157798901 -0.032751780 -0.025438102 -0.037576463 0.998432934
1403636628.163556 0.340190321 -0.065955788 0.162829176 -0.023697212 -0.023812154 -0.035100050 0.998818994
1403636628.213556 0.345620394 -0.081182539 0.167299658 -0.015412731 -0.022895597 -0.032316614 0.999096513
1403636628.263556 0.350755602 -0.098198779 0.170856357 -0.009370338 -0.022701768 -0.028099379 0.999303401
1403636628.313555 0.355548114 -0.114890359 0.176189393 -0.005319017 -0.023396637 -0.023369245 0.999438941
1403636628.363556 0.362359196 -0.132209972 0.179998830 -0.003622231 -0.023813562 -0.020586830 0.999497890
1403636628.413555 0.368571550 -0.149872124 0.182215393 -0.003345078 -0.024212923 -0.018288180 0.999533951
1403636628.463556 0.376857549 -0.164621532 0.185625941 -0.003199292 -0.024806146 -0.016932670 0.999543726
1403636628.513556 0.385621250 -0.178013429 0.187752798 -0.003804546 -0.025602940 -0.015888378 0.999538660
1403636628.563555 0.395163268 -0.188035801 0.191375837 -0.004503673 -0.026422380 -0.014710492 0.999532461
1403636628.613555 0.405888289 -0.196928471 0.193386137 -0.005197385 -0.027739502 -0.014098564 0.999502242
1403636628.663556 0.417753607 -0.204467013 0.196546495 -0.005269084 -0.028382896 -0.014204846 0.999482274
1403636628.713556 0.431968093 -0.208819270 0.201017618 -0.005350975 -0.027190987 -0.015889375 0.999489665
1403636628.763556 0.447207004 -0.211727887 0.205142006 -0.007656916 -0.023965603 -0.018420624 0.999513745
1403636628.813555 0.462422431 -0.212495849 0.210228682 -0.011110676 -0.019284559 -0.021073373 0.999530196
1403636628.863556 0.479514509 -0.211842090 0.216950759 -0.015315305 -0.014570290 -0.022764347 0.999517322
1403636628.913555 0.496018767 -0.212760150 0.222605765 -0.019602517 -0.010112877 -0.023770597 0.999474049
1403636628.963556 0.513649583 -0.215962753 0.226737663 -0.023090264 -0.006579087 -0.024428612 0.999413192
1403636629.013556 0.530669689 -0.222814977 0.231280223 -0.026002128 -0.003602578 -0.024063135 0.999365747
1403636629.063555 0.546167970 -0.232865989 0.235554546 -0.027634686 -0.000641843 -0.023544613 0.999340594
1403636629.113555 0.563782275 -0.244682789 0.239870891 -0.028084796 0.002562946 -0.023849975 0.999317646
1403636629.163556 0.580261827 -0.255642295 0.247329757 -0.028246872 0.006802414 -0.022476157 0.999325097
1403636629.213556 0.598194957 -0.266210467 0.254851013 -0.027113216 0.012155409 -0.020480473 0.999348581
1403636629.263556 0.615661561 -0.275841892 0.263255417 -0.025323097 0.017075203 -0.018525494 0.999361813
1403636629.313555 0.633354902 -0.283175260 0.275491148 -0.022815043 0.021271132 -0.015424978 0.999394357
1403636629.363556 0.650721669 -0.290397078 0.286425054 -0.020464931 0.024479082 -0.012052692 0.999418199
1403636629.413555 0.667837918 -0.296155930 0.298355967 -0.017399348 0.026980855 -0.007456337 0.999456704
1403636629.463556 0.686685324 -0.301444948 0.310409307 -0.013830118 0.030847915 -0.001838328 0.999426723
1403636629.513556 0.705151677 -0.303186059 0.324002922 -0.011647508 0.035897866 0.003589461 0.999281108
1403636629.563555 0.724954784 -0.301438451 0.339315116 -0.012063374 0.042310491 0.007929455 0.999000192
1403636629.613555 0.746242285 -0.299996436 0.354015589 -0.015008765 0.050771140 0.010216479 0.998545229
1403636629.663556 0.771354437 -0.294332415 0.366937280 -0.020081954 0.059912778 0.012239006 0.997926533
1403636629.713556 0.795037568 -0.288049191 0.382895648 -0.025125196 0.069981359 0.014090786 0.997132301
1403636629.763556 0.819668114 -0.281174421 0.398435742 -0.029611623 0.080874912 0.016003905 0.996155739
1403636629.813555 0.844953060 -0.271554917 0.418825477 -0.032563165 0.092156544 0.018779552 0.995034754
1403636629.863556 0.872446537 -0.263003528 0.438893974 -0.035090588 0.103422672 0.021531761 0.993785083
1403636629.913555 0.899430513 -0.255551904 0.459847510 -0.036576118 0.113778099 0.024797045 0.992522955
1403636629.963556 0.926982760 -0.248166785 0.483586252 -0.037104655 0.123025917 0.027057635 0.991340339
1403636630.013556 0.955379665 -0.243487418 0.508010924 -0.036702376 0.130270958 0.029516650 0.990359068
1403636630.063555 0.982466578 -0.245058179 0.532952189 -0.035013601 0.136540115 0.030892631 0.989533424
1403636630.113555 1.009639859 -0.249496639 0.554642916 -0.030373599 0.141913801 0.031884413 0.988898993
1403636630.163556 1.039462328 -0.254752994 0.578945041 -0.023066401 0.146050945 0.032916822 0.988460183
1403636630.213556 1.066944718 -0.268761218 0.601469159 -0.016373280 0.150240391 0.032169446 0.987990320
1403636630.263556 1.094738841 -0.281424284 0.624507189 -0.010265386 0.153130785 0.032616973 0.987614155
1403636630.313555 1.124778986 -0.294064462 0.644485593 -0.006703113 0.155189678 0.032200679 0.987336993
1403636630.363556 1.151639819 -0.305005342 0.666246414 -0.007125276 0.156403899 0.032600239 0.987129331
1403636630.413555 1.180341721 -0.323417097 0.686844230 -0.008674061 0.157219663 0.032280512 0.986997843
1403636630.463556 1.208150625 -0.340778500 0.701585472 -0.011836903 0.157399714 0.031218430 0.986970425
1403636630.513556 1.234316945 -0.357356340 0.719748437 -0.013282612 0.157384992 0.029916927 0.986994684
1403636630.563555 1.261031985 -0.378969252 0.743815422 -0.015381606 0.157519788 0.026851967 0.987030864
1403636630.613555 1.287268996 -0.397242367 0.758739352 -0.015999816 0.157092661 0.023997927 0.987162590
1403636630.663556 1.312311649 -0.415022641 0.778062105 -0.017599814 0.156225950 0.021771602 0.987324536
1403636630.713556 1.337755680 -0.430507839 0.798415303 -0.018352069 0.155199409 0.020414587 0.987501681
1403636630.763556 1.361827135 -0.448942065 0.820796490 -0.018389074 0.153632313 0.020760348 0.987738788
1403636630.813555 1.384939075 -0.465102732 0.840124011 -0.019165555 0.151686624 0.021562273 0.988007545
1403636630.863556 1.409716845 -0.474268168 0.862191439 -0.018931294 0.149875820 0.023083210 0.988254011
1403636630.913555 1.434033751 -0.480754554 0.887652159 -0.018279439 0.148045093 0.024875702 0.988498688
1403636630.963556 1.458415866 -0.491344035 0.910203815 -0.018085457 0.146559894 0.025998617 0.988694668
1403636631.013556 1.483120680 -0.497102469 0.936950922 -0.017657809 0.145652324 0.026978621 0.988810301
1403636631.063555 1.504209876 -0.505297124 0.962751031 -0.016641848 0.144922972 0.026948038 0.988935888
1403636631.113555 1.528612375 -0.514255583 0.989399672 -0.015053027 0.144483998 0.026688134 0.989032626
1403636631.163556 1.550952196 -0.520767689 1.017924190 -0.013526922 0.144296393 0.026430523 0.989089012
1403636631.213556 1.575257540 -0.524530053 1.041761994 -0.011348938 0.143569037 0.026455108 0.989221513
1403636631.263556 1.599951982 -0.532301068 1.069918990 -0.010124774 0.143419102 0.025731711 0.989275634
1403636631.313555 1.615804195 -0.543485582 1.099530697 -0.010289866 0.143294156 0.025733670 0.989292026
1403636631.363556 1.637792230 -0.545691729 1.126096010 -0.010299504 0.143178537 0.025198802 0.989322424
1403636631.413555 1.662983537 -0.545366228 1.150072694 -0.010188788 0.142507315 0.025180880 0.989420950
1403636631.463556 1.686700106 -0.544822872 1.175768018 -0.010336367 0.142346397 0.024190413 0.989467263
1403636631.513556 1.708438396 -0.542687118 1.209091783 -0.010708006 0.142261729 0.022895191 0.989506304
1403636631.563555 1.731691122 -0.541150451 1.235434294 -0.010660983 0.142215222 0.021400621 0.989546955
1403636631.613555 1.752803326 -0.538340330 1.262666106 -0.011109831 0.141988248 0.020046251 0.989602983
1403636631.663556 1.773237824 -0.539304197 1.290751338 -0.011995244 0.141503796 0.018909335 0.989684403
1403636631.713556 1.796461821 -0.540115952 1.312117815 -0.012338033 0.140945345 0.018181028 0.989773512
1403636631.763556 1.819551229 -0.542223036 1.337829709 -0.012837065 0.140491292 0.017469870 0.989844561
1403636631.813555 1.835792303 -0.547448039 1.366908550 -0.012616808 0.140086010 0.017099952 0.989911258
1403636631.863556 1.857194185 -0.552349687 1.387006044 -0.013244747 0.140103668 0.015960276 0.989919603
1403636631.913555 1.878142834 -0.560161173 1.413595915 -0.014283751 0.140041292 0.015021536 0.989928663
1403636631.963556 1.896811843 -0.567863226 1.434235096 -0.014642974 0.139988482 0.014652009 0.989936411
1403636632.013556 1.913282871 -0.576261699 1.462056875 -0.014320180 0.140279368 0.014683919 0.989899516
1403636632.063555 1.930515528 -0.588123262 1.481514931 -0.012969534 0.140525594 0.014153027 0.989890933
1403636632.113555 1.944197655 -0.595766664 1.508578300 -0.011315732 0.141332522 0.012626665 0.989816964
1403636632.163556 1.961522341 -0.604676723 1.531864285 -0.009986245 0.142823815 0.009486619 0.989652276
1403636632.213556 1.975114584 -0.616468489 1.557146311 -0.010496462 0.143670484 0.008531149 0.989533126
1403636632.263556 1.992344856 -0.622917235 1.577279806 -0.009697155 0.143789500 0.009676886 0.989513457
1403636632.313555 2.006492853 -0.629825592 1.589791656 -0.009502991 0.143772095 0.010737262 0.989506960
1403636632.363556 2.016365528 -0.635526836 1.616000295 -0.009252719 0.143954754 0.011605039 0.989472985
1403636632.413555 2.030599117 -0.635159194 1.636679053 -0.009946990 0.144329518 0.012286535 0.989403427
1403636632.463556 2.040868044 -0.635854363 1.661082506 -0.012713832 0.143576622 0.015649175 0.989433765
1403636632.513556 2.052438259 -0.634352028 1.689109683 -0.015902270 0.140829712 0.019583410 0.989712417
1403636632.563555 2.057368040 -0.632056177 1.717173457 -0.021054868 0.136839226 0.024463741 0.990067303
1403636632.613555 2.069152832 -0.630182862 1.741278887 -0.025816659 0.130965635 0.028803132 0.990632057
1403636632.663556 2.076550245 -0.626767218 1.772274137 -0.029450418 0.124264702 0.030955281 0.991328776
1403636632.713556 2.087946415 -0.618761897 1.797230959 -0.031273123 0.115846097 0.031397015 0.992278159
1403636632.763556 2.093693018 -0.620716095 1.828233719 -0.032620911 0.106663674 0.029776748 0.993313670
1403636632.813555 2.106148243 -0.619924903 1.851535916 -0.032054264 0.096512318 0.024621358 0.994510770
1403636632.863556 2.114613056 -0.624058723 1.884072423 -0.029196607 0.086699530 0.016193220 0.995674908
1403636632.913555 2.123976946 -0.631294906 1.915653586 -0.025002383 0.076832369 0.007432748 0.996702731
1403636632.963556 2.137715578 -0.640701592 1.945687890 -0.022476763 0.068024419 -0.000936888 0.997429967
1403636633.013556 2.148377895 -0.650486827 1.976783276 -0.020164331 0.060427029 -0.008216098 0.997935116
1403636633.063555 2.163252115 -0.661968350 2.005271912 -0.019505804 0.053303100 -0.013789867 0.998292565
1403636633.113555 2.174560308 -0.672847331 2.035859585 -0.018614763 0.046931069 -0.017656917 0.998568535
1403636633.163556 2.186391592 -0.686103582 2.061032534 -0.018795956 0.041855484 -0.020831831 0.998729587
1403636633.213556 2.198459625 -0.692460835 2.089968443 -0.018439773 0.037198391 -0.022299763 0.998888850
1403636633.263556 2.209044695 -0.698545456 2.119485855 -0.019803338 0.033463020 -0.022339832 0.998993993
1403636633.313555 2.218682528 -0.703002095 2.154635906 -0.021128034 0.030504433 -0.021870986 0.999071956
1403636633.363556 2.230219603 -0.707953453 2.186967850 -0.022919595 0.027651086 -0.019694841 0.999160767
1403636633.413555 2.240345716 -0.709557176 2.218991041 -0.024965748 0.026135528 -0.017516818 0.999193072
1403636633.463556 2.252941370 -0.713662505 2.253486633 -0.027111152 0.024714779 -0.015369792 0.999208629
1403636633.513556 2.265662909 -0.713037848 2.288012743 -0.028509142 0.024427088 -0.014089906 0.999195695
1403636633.563555 2.275045872 -0.712425947 2.323703527 -0.030322522 0.025005355 -0.012691920 0.999146760
1403636633.613555 2.287165642 -0.711824059 2.361662626 -0.032292798 0.025648354 -0.011805620 0.999079585
1403636633.663556 2.299290419 -0.715233088 2.398658752 -0.033828009 0.027245156 -0.011667025 0.998988092
1403636633.713556 2.311437845 -0.718863249 2.435960054 -0.033455227 0.028495135 -0.010944171 0.998973966
1403636633.763556 2.321485519 -0.727534831 2.475578785 -0.032913413 0.029802343 -0.009949849 0.998964250
1403636633.813555 2.334903002 -0.737875342 2.512417078 -0.032798100 0.030973321 -0.008855252 0.998942733
1403636633.863556 2.347651958 -0.748838902 2.549644470 -0.031489532 0.031809565 -0.006711293 0.998975217
1403636633.913555 2.358565331 -0.766922891 2.590828419 -0.030744858 0.032111488 -0.002890477 0.999007106
1403636633.963556 2.373059988 -0.779965758 2.629729033 -0.028621774 0.032052696 0.001900676 0.999074459
1403636634.013556 2.384304523 -0.796396077 2.672213316 -0.026951956 0.032655049 0.005637640 0.999087334
1403636634.063555 2.398784399 -0.808346748 2.711592436 -0.026684076 0.033514734 0.007996959 0.999049902
1403636634.113555 2.414923906 -0.819797456 2.754005909 -0.027017754 0.033264834 0.008133009 0.999048233
1403636634.163556 2.434549093 -0.832043529 2.791938782 -0.027947163 0.033109050 0.007381635 0.999033689
1403636634.213556 2.451606274 -0.848172307 2.834367275 -0.029433569 0.033546358 0.004058274 0.998995423
1403636634.263556 2.469535351 -0.869235754 2.874658108 -0.029358687 0.034318510 -0.000203855 0.998979628
1403636634.313555 2.488236904 -0.890682697 2.917765141 -0.026162600 0.034736883 -0.003783533 0.999046803
1403636634.363556 2.508885860 -0.915338933 2.960835695 -0.021770766 0.034892872 -0.007139741 0.999128401
1403636634.413555 2.531248331 -0.935551107 3.002199173 -0.017264860 0.034762420 -0.010379042 0.999192595
1403636634.463556 2.551405430 -0.954566121 3.045926571 -0.014431764 0.034660175 -0.012836156 0.999212503
1403636634.513556 2.569964170 -0.972280502 3.090131760 -0.010958477 0.034165971 -0.014434519 0.999251842
1403636634.563555 2.591106892 -0.988400936 3.131878138 -0.008795009 0.033407867 -0.015832467 0.999277711
1403636634.613555 2.608678341 -1.000506878 3.176969051 -0.007608707 0.032193523 -0.017803749 0.999294102
1403636634.663556 2.625984669 -1.009652495 3.217698097 -0.006953017 0.029037856 -0.019997459 0.999354064
1403636634.713556 2.643294811 -1.018598199 3.261192799 -0.006503794 0.025714973 -0.023045722 0.999382496
1403636634.763556 2.661797047 -1.030243635 3.302508593 -0.008499755 0.022038292 -0.025263632 0.999401748
1403636634.813555 2.678652048 -1.040261030 3.343602419 -0.010410920 0.018541951 -0.026044119 0.999434590
1403636634.863556 2.694016933 -1.053850889 3.384178400 -0.012563499 0.015373506 -0.026853180 0.999442220
1403636634.913555 2.708250523 -1.068570614 3.423177242 -0.014222071 0.012004250 -0.027745126 0.999441743
1403636634.963556 2.723947763 -1.085509419 3.460387230 -0.016753515 0.009010287 -0.029182162 0.999393106
1403636635.013556 2.742537022 -1.105757594 3.495115519 -0.017331671 0.006224302 -0.031105967 0.999346435
1403636635.063555 2.753695250 -1.123110533 3.532785892 -0.018811688 0.004330824 -0.032801084 0.999275446
1403636635.113555 2.770284176 -1.139547825 3.570641994 -0.020215642 0.002345952 -0.034059227 0.999212563
1403636635.163556 2.781371593 -1.153775930 3.609691858 -0.021199528 0.000797243 -0.034399882 0.999182940
1403636635.213556 2.794621468 -1.168853283 3.650173426 -0.022939811 -0.000713367 -0.034674127 0.999135137
1403636635.263556 2.807757139 -1.179709911 3.689087391 -0.023869390 -0.002785553 -0.032982189 0.999166965
1403636635.313555 2.820553780 -1.189912438 3.730233192 -0.025410526 -0.004533429 -0.031178493 0.999180496
1403636635.363556 2.832576513 -1.199770331 3.772233725 -0.027292011 -0.006438445 -0.027504710 0.999228299
1403636635.413555 2.845207453 -1.210070133 3.812940121 -0.028337445 -0.007727072 -0.025738351 0.999237120
1403636635.463556 2.855655193 -1.222959280 3.855057955 -0.027920447 -0.008268315 -0.024335820 0.999279678
1403636635.513556 2.869019985 -1.238244057 3.895852327 -0.028540954 -0.009284932 -0.021458356 0.999319136
1403636635.563555 2.879673243 -1.254795551 3.940185785 -0.028573114 -0.009384681 -0.020425079 0.999338925
1403636635.613555 2.892244101 -1.274362206 3.982511997 -0.027952531 -0.009534052 -0.019406090 0.999375403
1403636635.663556 2.905008316 -1.298004150 4.026427746 -0.027056841 -0.009251836 -0.018351583 0.999422610
1403636635.713556 2.918064594 -1.320466280 4.069507122 -0.025563624 -0.008869333 -0.017659426 0.999477863
1403636635.763556 2.933523655 -1.349774361 4.108355999 -0.022456966 -0.009159738 -0.015524340 0.999585330
1403636635.813555 2.948263168 -1.379410386 4.150249958 -0.018360985 -0.010060298 -0.011171464 0.999718368
1403636635.863556 2.963490248 -1.412755847 4.190773010 -0.016047979 -0.010528776 -0.007398895 0.999788404
1403636635.913555 2.980534077 -1.445636630 4.230230808 -0.017511755 -0.011278724 -0.003817613 0.999775767
1403636635.963556 2.996629477 -1.479451180 4.270027161 -0.021233069 -0.010790952 -0.003168679 0.999711275
1403636636.013556 3.019368172 -1.510831475 4.309447765 -0.026280247 -0.009768371 -0.005034629 0.999594212
1403636636.063555 3.038528919 -1.541562676 4.351665497 -0.030308725 -0.007608490 -0.009515843 0.999466360
1403636636.113555 3.061224699 -1.571466923 4.392762184 -0.032798469 -0.005849797 -0.014194768 0.999344051
1403636636.163556 3.081432581 -1.603245378 4.436143875 -0.031165587 -0.004256426 -0.018378964 0.999336183
1403636636.213556 3.106120825 -1.637985110 4.477177143 -0.026073836 -0.003055899 -0.022711821 0.999397337
1403636636.263556 3.128544092 -1.674187422 4.521045208 -0.019885516 -0.001867737 -0.026322249 0.999453962
1403636636.313555 3.151418447 -1.714169145 4.559417248 -0.014351163 -0.001454627 -0.028132161 0.999500096
1403636636.363556 3.171362400 -1.753103256 4.601764679 -0.007472092 -0.000896505 -0.029583335 0.999533951
1403636636.413555 3.193851233 -1.791656613 4.640656948 0.001212887 -0.000836025 -0.030466480 0.999534667
1403636636.463556 3.217236280 -1.826408982 4.678618908 0.008289716 -0.001007519 -0.030979725 0.999485135
1403636636.513556 3.237911463 -1.859443903 4.722013950 0.010985160 0.000165616 -0.034113832 0.999357581
1403636636.563555 3.258507013 -1.887720466 4.758941174 0.012217877 0.001258785 -0.037431970 0.999223709
1403636636.613555 3.279247284 -1.914510012 4.793734074 0.012805512 0.002630902 -0.041843910 0.999038637
1403636636.663556 3.300941706 -1.934107304 4.831339359 0.012546596 0.004098423 -0.046404768 0.998835504
1403636636.713556 3.316938877 -1.952749252 4.868522167 0.012670556 0.005671928 -0.050226297 0.998641372
1403636636.763556 3.333863497 -1.971402407 4.900802612 0.012018099 0.006838968 -0.054290853 0.998429418
1403636636.813555 3.347728491 -1.982656360 4.936112881 0.011847915 0.008553478 -0.059500288 0.998121321
1403636636.863556 3.362496853 -1.992175221 4.968197346 0.010292128 0.009799114 -0.063933820 0.997852921
1403636636.913555 3.372781038 -1.999065161 5.003235817 0.007429624 0.008453772 -0.061439194 0.998047352
1403636636.963556 3.380646229 -2.007839203 5.032786846 0.005102410 0.005643800 -0.056035660 0.998399794
1403636637.013556 3.390088320 -2.013166189 5.061226368 0.002345517 0.002211022 -0.049139231 0.998786747
1403636637.063555 3.394644737 -2.014653444 5.092653751 0.000719567 -0.000483537 -0.043035831 0.999073148
1403636637.113555 3.398488283 -2.017318726 5.125888824 -0.002117442 -0.002761855 -0.038458541 0.999254107
1403636637.163556 3.401554108 -2.018625498 5.150770664 -0.005992957 -0.004111507 -0.035803914 0.999332428
1403636637.213556 3.407014847 -2.017162561 5.178466797 -0.010309715 -0.004966110 -0.034657966 0.999333739
1403636637.263556 3.410180330 -2.015896797 5.207839489 -0.013384657 -0.005735414 -0.034074873 0.999313235
1403636637.313555 3.413959265 -2.016153812 5.237982273 -0.016017718 -0.006221283 -0.033998255 0.999274194
1403636637.363556 3.417534590 -2.020797253 5.263635159 -0.017797858 -0.006341884 -0.034814663 0.999215186
1403636637.413555 3.418628454 -2.027105331 5.288848400 -0.018791787 -0.007426228 -0.034288876 0.999207675
1403636637.463556 3.422344685 -2.036162138 5.314047337 -0.020673513 -0.007953670 -0.035305943 0.999131024
1403636637.513556 3.422936201 -2.047451258 5.338837624 -0.021251675 -0.008619484 -0.034782793 0.999131739
1403636637.563555 3.423014641 -2.061507702 5.364622116 -0.022796148 -0.009300643 -0.034506012 0.999101162
1403636637.613555 3.424478531 -2.074700356 5.389445782 -0.022823701 -0.010354835 -0.033437531 0.999126494
1403636637.663556 3.425455570 -2.093454361 5.413654327 -0.023903485 -0.010942164 -0.032950688 0.999111176
1403636637.713556 3.425853014 -2.115314484 5.436244011 -0.023194827 -0.011371151 -0.033163741 0.999116063
1403636637.763556 3.425682306 -2.139033079 5.460319519 -0.022009915 -0.011874462 -0.033537686 0.999124527
1403636637.813555 3.425747156 -2.164724827 5.482211113 -0.019807722 -0.012061633 -0.034287583 0.999142885
1403636637.863556 3.425567389 -2.190294743 5.505711555 -0.018115703 -0.012477149 -0.034426648 0.999165118
1403636637.913555 3.426805973 -2.217181921 5.527500629 -0.016093727 -0.013035121 -0.034286410 0.999197423
1403636637.963556 3.426087141 -2.241791487 5.552441597 -0.013584299 -0.013331595 -0.034410249 0.999226511
1403636638.013556 3.425879955 -2.262996674 5.574812412 -0.011788291 -0.013736087 -0.034078419 0.999255240
1403636638.063555 3.424438715 -2.277241945 5.601521492 -0.009979242 -0.014052048 -0.034201436 0.999266326
1403636638.113555 3.424786329 -2.287424326 5.629859447 -0.007727676 -0.014448874 -0.033882216 0.999291480
1403636638.163556 3.426233768 -2.294944286 5.657030106 -0.006344249 -0.014847244 -0.033553690 0.999306500
1403636638.213556 3.426722527 -2.299559116 5.685647011 -0.006096973 -0.015137797 -0.033712983 0.999298334
1403636638.263556 3.424671412 -2.301886797 5.715555668 -0.005585591 -0.014959482 -0.034201711 0.999287367
1403636638.313555 3.426129103 -2.303002596 5.741221428 -0.007499089 -0.016126111 -0.032351337 0.999318302
1403636638.363556 3.426535130 -2.303039312 5.767649651 -0.013669709 -0.017752750 -0.028241163 0.999350011
1403636638.413555 3.427298546 -2.299418926 5.794331551 -0.024027335 -0.019361576 -0.023058139 0.999257803
1403636638.463556 3.430342197 -2.296990871 5.821238041 -0.034482732 -0.020955900 -0.019076554 0.999003470
1403636638.513556 3.430693150 -2.290369272 5.853305817 -0.042934366 -0.022284908 -0.014817487 0.998719394
1403636638.563555 3.433841705 -2.288200140 5.884082794 -0.047993861 -0.022611661 -0.013457700 0.998500943
1403636638.613555 3.438630819 -2.288089275 5.918825150 -0.049905911 -0.022036100 -0.015754189 0.998386502
1403636638.663556 3.444630146 -2.294058323 5.949492931 -0.048084807 -0.020661231 -0.021105200 0.998406470
1403636638.713556 3.450778246 -2.301963568 5.986383438 -0.045129444 -0.019415041 -0.024780033 0.998485029
1403636638.763556 3.457217455 -2.313130856 6.022953033 -0.040307786 -0.018800657 -0.027733589 0.998625398
1403636638.813555 3.464166880 -2.328166723 6.057690620 -0.034936942 -0.018721774 -0.029241927 0.998786151
1403636638.863556 3.470926285 -2.346758842 6.095483303 -0.030514240 -0.018836582 -0.028837813 0.998940647
1403636638.913555 3.476775169 -2.367257118 6.131331444 -0.027223386 -0.019859953 -0.027073462 0.999065280
1403636638.963556 3.485025167 -2.389160872 6.167943001 -0.024672331 -0.021042915 -0.024442190 0.999175191
1403636639.013556 3.491257668 -2.413394690 6.203471184 -0.024437862 -0.022930307 -0.019314116 0.999251723
1403636639.063555 3.500057697 -2.436236858 6.239017963 -0.023794949 -0.025160668 -0.013367586 0.999310791
1403636639.113555 3.508550882 -2.454738617 6.277749062 -0.023483623 -0.026800515 -0.008597385 0.999327958
1403636639.163556 3.517499447 -2.471105814 6.318377018 -0.024281025 -0.027950507 -0.004620438 0.999303699
1403636639.213556 3.531329632 -2.484895468 6.359199047 -0.024730774 -0.029158931 -0.001339154 0.999267936
1403636639.263556 3.545318842 -2.490371227 6.404079914 -0.025545482 -0.029553771 0.000025585 0.999236703
1403636639.313555 3.563686132 -2.493909597 6.447940826 -0.025597170 -0.028062392 -0.004343183 0.999268949
1403636639.363556 3.581011772 -2.495241642 6.493619919 -0.025672276 -0.026009576 -0.010539307 0.999276400
1403636639.413555 3.599545479 -2.494649410 6.541043282 -0.025813630 -0.023804510 -0.016805528 0.999242008
1403636639.463556 3.621614218 -2.496645451 6.586369514 -0.025900401 -0.021886943 -0.023446005 0.999149859
1403636639.513556 3.643853426 -2.494287729 6.633790970 -0.024386879 -0.019809483 -0.029993972 0.999056160
1403636639.563555 3.665280104 -2.491105795 6.683017254 -0.022031706 -0.017401248 -0.037286062 0.998910189
1403636639.613555 3.688668966 -2.488872051 6.732948780 -0.020077594 -0.016079633 -0.042626437 0.998759866
1403636639.663556 3.705215931 -2.488146782 6.781630993 -0.016852638 -0.015727907 -0.044702563 0.998734355
1403636639.713556 3.724750757 -2.490244865 6.826378345 -0.012752045 -0.016511504 -0.043299824 0.998844266
1403636639.763556 3.744931459 -2.494827986 6.870807171 -0.009111403 -0.018009745 -0.040357891 0.998981416
1403636639.813555 3.759484768 -2.496988297 6.917898655 -0.007068767 -0.018603485 -0.038529474 0.999059260
1403636639.863556 3.774341822 -2.504017115 6.965521812 -0.005837411 -0.019660432 -0.035714444 0.999151587
1403636639.913555 3.791955233 -2.510510683 7.008612633 -0.005254732 -0.020918904 -0.033589002 0.999202967
1403636639.963556 3.808754683 -2.521562338 7.047767639 -0.004949812 -0.021301989 -0.033131558 0.999211729
1403636640.013556 3.825460911 -2.531897783 7.088451862 -0.004394159 -0.022131944 -0.033210915 0.999193609
1403636640.063555 3.840039730 -2.542200089 7.127078533 -0.003856028 -0.024158368 -0.034537893 0.999103904
1403636640.113555 3.854266167 -2.556034327 7.164287567 -0.003482663 -0.027045405 -0.038418055 0.998889625
1403636640.163556 3.868982077 -2.573002338 7.199905396 -0.003368154 -0.031377144 -0.040469956 0.998682261
1403636640.213556 3.882256269 -2.589606047 7.234360695 -0.003083916 -0.035710208 -0.042056385 0.998472095
1403636640.263556 3.896956444 -2.607435942 7.264194489 -0.004425888 -0.039194573 -0.044465929 0.998231947
1403636640.313555 3.908856630 -2.625967503 7.295673847 -0.005150092 -0.042223006 -0.044919819 0.998084605
1403636640.363556 3.924021244 -2.640980721 7.328600883 -0.004906040 -0.045227170 -0.046473790 0.997883081
1403636640.413555 3.939834356 -2.655490637 7.357081413 -0.005037060 -0.047693267 -0.047837432 0.997703135
1403636640.463556 3.953803539 -2.662094831 7.386204243 -0.004575476 -0.049662005 -0.049124122 0.997546732
1403636640.513556 3.967183113 -2.669610739 7.418470383 -0.005821913 -0.051311564 -0.049724557 0.997427046
1403636640.563555 3.981235266 -2.676352739 7.447265625 -0.005615237 -0.052739866 -0.050683357 0.997305453
1403636640.613555 3.994409561 -2.685161352 7.479100227 -0.005774216 -0.053915441 -0.050947286 0.997228205
1403636640.663556 4.010023117 -2.686841011 7.506820679 -0.005124760 -0.054985758 -0.051364616 0.997151971
1403636640.713556 4.022277832 -2.688385963 7.537118912 -0.005731922 -0.055752855 -0.051518016 0.997098088
1403636640.763556 4.035036564 -2.692260504 7.563992500 -0.007374650 -0.056546967 -0.051436692 0.997046769
1403636640.813555 4.043674946 -2.694159508 7.593199730 -0.008439527 -0.056756381 -0.051993288 0.996997595
1403636640.863556 4.054371357 -2.701255798 7.620687008 -0.010242195 -0.057052895 -0.052692596 0.996927083
1403636640.913555 4.067008972 -2.707825184 7.643607140 -0.010848853 -0.057401054 -0.052695312 0.996900499
1403636640.963556 4.078967094 -2.713036776 7.668083191 -0.011025785 -0.057261370 -0.053182390 0.996880770
1403636641.013556 4.088584900 -2.722850323 7.693840504 -0.010385024 -0.056954753 -0.053479228 0.996889293
1403636641.063555 4.099005222 -2.734204531 7.720877647 -0.009391021 -0.056994371 -0.052487433 0.996949613
1403636641.113555 4.108722210 -2.740790606 7.746770859 -0.008764443 -0.056387424 -0.052850518 0.996970654
1403636641.163556 4.118477821 -2.742080688 7.767578602 -0.008668156 -0.055942770 -0.052941840 0.996991694
1403636641.213556 4.125538349 -2.748486042 7.794927597 -0.007969768 -0.055255909 -0.052705329 0.997048378
1403636641.263556 4.135927677 -2.750951529 7.821617126 -0.007008962 -0.055664524 -0.051109910 0.997115910
1403636641.313555 4.143104076 -2.752544641 7.846532345 -0.007581770 -0.056229178 -0.047747400 0.997246683
1403636641.363556 4.152384281 -2.753226995 7.871074200 -0.008328510 -0.057251859 -0.043353043 0.997383296
1403636641.413555 4.162164688 -2.748886347 7.889547348 -0.008708333 -0.058470301 -0.039605279 0.997465193
1403636641.463556 4.172551155 -2.745319605 7.914060116 -0.008579316 -0.058452222 -0.038913164 0.997494578
1403636641.513556 4.183784008 -2.743593931 7.938414574 -0.008066451 -0.057737190 -0.040181268 0.997490227
1403636641.563555 4.191992760 -2.741408348 7.960692883 -0.008295810 -0.056913566 -0.041906223 0.997464716
1403636641.613555 4.202858925 -2.741216183 7.981791973 -0.008094485 -0.055749126 -0.044015285 0.997441292
1403636641.663556 4.211428165 -2.742738247 8.002904892 -0.008437870 -0.054874547 -0.045604620 0.997415543
1403636641.713556 4.220361233 -2.746783972 8.020822525 -0.007441843 -0.054154463 -0.046865024 0.997404397
1403636641.763556 4.233534336 -2.753218651 8.038850784 -0.007949444 -0.053675584 -0.047530118 0.997394919
1403636641.813555 4.243160725 -2.760580063 8.053740501 -0.007083863 -0.053459819 -0.047836553 0.997398376
1403636641.863556 4.252423763 -2.773698330 8.070129395 -0.006510559 -0.053287830 -0.047975425 0.997404814
1403636641.913555 4.261235237 -2.785324812 8.084218979 -0.006265973 -0.051995218 -0.047444105 0.997500002
1403636641.963556 4.270032406 -2.798669815 8.097818375 -0.005761231 -0.049481533 -0.045859598 0.997704983
1403636642.013556 4.278294086 -2.812060595 8.108921051 -0.004363250 -0.045412049 -0.044675823 0.997959316
1403636642.063555 4.289046288 -2.826179743 8.119764328 -0.003433977 -0.040859584 -0.042616218 0.998249710
1403636642.113555 4.297699451 -2.841096878 8.129522324 -0.002442489 -0.036306866 -0.041777033 0.998464048
1403636642.163556 4.304752827 -2.855247736 8.141434669 -0.001978611 -0.032131329 -0.041137099 0.998634756
1403636642.213556 4.315333843 -2.866347075 8.150997162 -0.001050574 -0.029105881 -0.039829593 0.998781919
1403636642.263556 4.322644711 -2.876720428 8.162187576 -0.000752280 -0.026042148 -0.038354050 0.998924553
1403636642.313555 4.332187653 -2.883381367 8.172541618 -0.000439966 -0.022458307 -0.036409371 0.999084473
1403636642.363556 4.340621948 -2.887662411 8.181613922 0.000193115 -0.017549125 -0.034418102 0.999253392
1403636642.413555 4.351367950 -2.889686346 8.190890312 0.001078472 -0.013424601 -0.032291695 0.999387741
1403636642.463556 4.358469486 -2.893207788 8.202751160 0.000657855 -0.009343222 -0.030884981 0.999479055
1403636642.513556 4.369004726 -2.888721228 8.209540367 -0.000416077 -0.006341248 -0.029403932 0.999547422
1403636642.563555 4.378607273 -2.884354353 8.220126152 -0.003622583 -0.003364043 -0.029061846 0.999565363
1403636642.613555 4.387641907 -2.878148794 8.226478577 -0.007704095 -0.001288120 -0.027782287 0.999583483
1403636642.663556 4.395403862 -2.872083902 8.237625122 -0.012276750 0.000529187 -0.026645629 0.999569416
1403636642.713556 4.403702259 -2.865241766 8.248408318 -0.016381649 0.002128031 -0.026263297 0.999518573
1403636642.763556 4.410827160 -2.857488871 8.256916046 -0.020145247 0.003043735 -0.025572887 0.999465346
1403636642.813555 4.421003342 -2.854560137 8.268522263 -0.023175541 0.003642987 -0.024696928 0.999419689
1403636642.863556 4.428936958 -2.852605343 8.278197289 -0.025033811 0.003854101 -0.023787549 0.999396145
1403636642.913555 4.435791492 -2.852368832 8.288771629 -0.026984680 0.004062000 -0.023613187 0.999348640
1403636642.963556 4.444393635 -2.855373859 8.296222687 -0.027574092 0.003969812 -0.022872074 0.999350190
1403636643.013556 4.450802803 -2.860237598 8.306889534 -0.026844643 0.003846298 -0.022608289 0.999376535
1403636643.063555 4.460891247 -2.867853165 8.315112114 -0.023200436 0.003551444 -0.022416383 0.999473155
1403636643.113555 4.467946053 -2.875107527 8.326955795 -0.018841233 0.003347670 -0.021899100 0.999576986
1403636643.163556 4.477093220 -2.879734755 8.335723877 -0.015506679 0.002826142 -0.021122420 0.999652624
1403636643.213556 4.485275269 -2.885345936 8.348819733 -0.013138980 0.002640338 -0.020783002 0.999694169
1403636643.263556 4.494792461 -2.887419701 8.361029625 -0.012091327 0.002298074 -0.020701464 0.999709964
1403636643.313555 4.503540993 -2.888103724 8.373600006 -0.012462329 0.002216560 -0.021170868 0.999695718
1403636643.363556 4.515189171 -2.888193846 8.384582520 -0.014356759 0.001941457 -0.021416094 0.999665678
1403636643.413555 4.525940895 -2.889269590 8.396092415 -0.016737169 0.001463424 -0.020962389 0.999639094
1403636643.463556 4.536210060 -2.892474413 8.407442093 -0.020399697 0.000834104 -0.020442130 0.999582529
1403636643.513556 4.545935154 -2.898359537 8.418309212 -0.024316482 0.000437277 -0.020723075 0.999489427
1403636643.563555 4.555058479 -2.905786991 8.428844452 -0.027634783 0.000047424 -0.021080542 0.999395788
1403636643.613555 4.566168308 -2.917420864 8.439536095 -0.031429421 -0.000050751 -0.022090554 0.999261856
1403636643.663556 4.578596592 -2.928432465 8.447744370 -0.034376979 -0.000875039 -0.022978095 0.999144375
1403636643.713556 4.588544369 -2.945493221 8.460113525 -0.037241805 -0.001182651 -0.023764197 0.999022961
1403636643.763556 4.599587440 -2.962515354 8.472713470 -0.038742088 -0.001408667 -0.024462124 0.998948753
1403636643.813555 4.610765457 -2.980656385 8.486466408 -0.041624349 -0.001269060 -0.026027314 0.998793483
1403636643.863556 4.622772694 -2.995749235 8.502408028 -0.044372097 -0.001503169 -0.026280355 0.998668194
1403636643.913555 4.634311199 -3.010308504 8.519751549 -0.046126153 -0.001630026 -0.026925718 0.998571336
1403636643.963556 4.646665096 -3.025429726 8.539953232 -0.048194088 -0.001547096 -0.027862510 0.998448074
1403636644.013556 4.657438755 -3.040328026 8.565888405 -0.049252246 -0.001214057 -0.028544514 0.998377681
1403636644.063555 4.667953968 -3.053509712 8.589576721 -0.050005384 -0.001286934 -0.028618792 0.998337984
1403636644.113555 4.680111408 -3.065415382 8.617127419 -0.050912838 -0.001129867 -0.028747734 0.998288631
1403636644.163556 4.692339897 -3.076519012 8.645681381 -0.049555521 -0.001185742 -0.028990986 0.998349786
1403636644.213556 4.703712940 -3.087273598 8.676901817 -0.044226009 -0.002053244 -0.026466295 0.998668790
1403636644.263556 4.712130070 -3.098418713 8.712577820 -0.037155118 -0.003613563 -0.020831438 0.999085844
1403636644.313555 4.724423409 -3.107797146 8.748335838 -0.029039331 -0.005812897 -0.014269969 0.999459505
1403636644.363556 4.737285137 -3.115345955 8.784526825 -0.021534899 -0.007509280 -0.008332982 0.999705136
1403636644.413555 4.750452042 -3.120444775 8.823769569 -0.015621050 -0.008683196 -0.004364571 0.999830723
1403636644.463556 4.766055584 -3.122164011 8.862811089 -0.010440219 -0.009512588 -0.001391747 0.999899268
1403636644.513556 4.780262470 -3.125345230 8.902696609 -0.006031410 -0.011055886 0.003513246 0.999914527
1403636644.563555 4.796865940 -3.125072241 8.941861153 -0.003517404 -0.012624028 0.007564444 0.999885559
1403636644.613555 4.817624092 -3.119404316 8.979932785 -0.001860866 -0.012851695 0.008645761 0.999878287
1403636644.663556 4.841582775 -3.110319138 9.016791344 -0.000568384 -0.011493888 0.004599161 0.999923229
1403636644.713556 4.865588188 -3.102108240 9.054368019 0.000225236 -0.008911865 -0.002518015 0.999957085
1403636644.763556 4.889029980 -3.088975430 9.094288826 -0.000150480 -0.005512106 -0.011506193 0.999918580
1403636644.813555 4.918709755 -3.075119972 9.129567146 0.000078235 -0.002316475 -0.019921804 0.999798834
1403636644.863556 4.945295334 -3.060048580 9.166196823 -0.001651317 0.000530227 -0.026081845 0.999658346
1403636644.913555 4.973166466 -3.044879913 9.199257851 -0.004346345 0.001891614 -0.028023470 0.999596059
1403636644.963556 5.000026703 -3.031502724 9.232496262 -0.007295611 0.002391827 -0.028160237 0.999573946
1403636645.013556 5.025726795 -3.017546415 9.265774727 -0.014834278 0.003101846 -0.028279033 0.999485195
1403636645.063555 5.049905300 -3.006107807 9.299551964 -0.026413659 0.003287991 -0.026377030 0.999297619
1403636645.113555 5.075750351 -2.996696472 9.329587936 -0.037869725 0.003317493 -0.024546934 0.998975635
1403636645.163556 5.101343155 -2.990631580 9.362741470 -0.048320092 0.004168633 -0.025669524 0.998493314
1403636645.213556 5.119765759 -2.990095139 9.397685051 -0.057517618 0.004642723 -0.024063183 0.998043656
1403636645.263556 5.146773338 -2.991653919 9.430570602 -0.062291179 0.004922823 -0.024623049 0.997742057
1403636645.313555 5.170496941 -2.994053364 9.469020844 -0.061422016 0.005044039 -0.024320990 0.997802794
1403636645.363556 5.194243908 -3.003807068 9.509506226 -0.056948341 0.005321732 -0.024694974 0.998057425
1403636645.413555 5.218108177 -3.015832901 9.551467896 -0.051902752 0.005845514 -0.025296766 0.998314559
1403636645.463556 5.243842602 -3.026232719 9.596199989 -0.047834732 0.005964097 -0.024898533 0.998527050
1403636645.513556 5.266233444 -3.039333105 9.642356873 -0.044858005 0.006254180 -0.025400171 0.998650849
1403636645.563555 5.290550232 -3.046344280 9.690167427 -0.043435182 0.006574737 -0.025817575 0.998700976
1403636645.613555 5.313861370 -3.054157019 9.740717888 -0.041318081 0.006955258 -0.025885968 0.998786449
1403636645.663556 5.335355282 -3.061706781 9.792729378 -0.039936073 0.007203878 -0.026877105 0.998814702
1403636645.713556 5.360854149 -3.069005489 9.843324661 -0.038521882 0.007093888 -0.027041836 0.998866618
1403636645.763556 5.379979610 -3.080235481 9.896449089 -0.037625886 0.006884871 -0.026413115 0.998919010
1403636645.813555 5.400055408 -3.092387676 9.949276924 -0.037132017 0.006432133 -0.025403185 0.998966694
1403636645.863556 5.421204090 -3.109764814 10.000897408 -0.038109586 0.006397051 -0.024860729 0.998943806
1403636645.913555 5.442029476 -3.130517960 10.055162430 -0.038595747 0.005830966 -0.023522710 0.998960972
1403636645.963556 5.464297295 -3.155441999 10.107703209 -0.033979733 0.006690300 -0.021696502 0.999164581
1403636646.013556 5.485300064 -3.181676626 10.161964417 -0.029489532 0.008927476 -0.018680587 0.999350607
1403636646.063555 5.508147240 -3.211480618 10.215292931 -0.026074221 0.012387605 -0.013478369 0.999492407
1403636646.113555 5.529784203 -3.240548849 10.266426086 -0.022448948 0.018556450 -0.008103116 0.999542892
1403636646.163556 5.553476810 -3.274470806 10.319794655 -0.019076956 0.026835695 -0.002683626 0.999454200
1403636646.213556 5.577106953 -3.303907156 10.373952866 -0.015674567 0.036082167 0.004301016 0.999216616
1403636646.263556 5.603702545 -3.327515364 10.425463676 -0.011784949 0.047022093 0.011353932 0.998759806
1403636646.313555 5.631814003 -3.354843616 10.479311943 -0.007257830 0.059147492 0.018381855 0.998053610
1403636646.363556 5.660372734 -3.378140688 10.529438019 -0.002821586 0.071580485 0.025641380 0.997101188
1403636646.413555 5.689951897 -3.403161764 10.591186523 0.000552363 0.086175025 0.029272221 0.995849729
1403636646.463556 5.723719597 -3.422819376 10.643371582 0.005817693 0.099257834 0.030374803 0.994581044
1403636646.513556 5.756963253 -3.443567038 10.694117546 0.010347763 0.111375548 0.029367035 0.993290484
1403636646.563555 5.787274361 -3.464759827 10.741723061 0.013164412 0.122111566 0.029082214 0.992002845
1403636646.613555 5.817214966 -3.490237474 10.788323402 0.012809073 0.130546227 0.029701166 0.990914464
1403636646.663556 5.847723961 -3.515136719 10.829450607 0.010301992 0.138203681 0.028638253 0.989936054
1403636646.713556 5.880648613 -3.541074276 10.870088577 0.008139495 0.143800825 0.029653108 0.989128768
1403636646.763556 5.911832809 -3.567346573 10.905102730 0.007275094 0.148284346 0.030499026 0.988447607
1403636646.813555 5.942006111 -3.597789764 10.943535805 0.007429477 0.151952192 0.030648112 0.987884641
1403636646.863556 5.971971512 -3.628926039 10.977084160 0.007560594 0.155200228 0.030955618 0.987369001
1403636646.913555 6.001995087 -3.658437967 11.006632805 0.006713933 0.156521007 0.031888712 0.987136900
1403636646.963556 6.031691551 -3.688144684 11.035619736 0.005234287 0.157829225 0.032194354 0.986927569
1403636647.013556 6.061718941 -3.716576099 11.067939758 0.003524425 0.158807352 0.032143105 0.986779928
1403636647.063555 6.092321396 -3.739339828 11.093811035 0.001125602 0.158977613 0.031689838 0.986772835
1403636647.113555 6.120070457 -3.764673710 11.125194550 -0.003194422 0.159304276 0.031727131 0.986714423
1403636647.163556 6.146154404 -3.785133123 11.154632568 -0.006234867 0.159114495 0.032213185 0.986714780
1403636647.213556 6.178178787 -3.804258823 11.181241989 -0.008292592 0.158814222 0.031647447 0.986766279
1403636647.263556 6.208601952 -3.820214510 11.207428932 -0.008037242 0.157774314 0.031974919 0.986924648
1403636647.313555 6.235556602 -3.838066339 11.238574982 -0.007020783 0.156600744 0.033103775 0.987082124
1403636647.363556 6.264451027 -3.852333069 11.268191338 -0.005169850 0.155365407 0.033752155 0.987266779
1403636647.413555 6.293761730 -3.863309860 11.294630051 -0.003105864 0.154153883 0.034067888 0.987454474
1403636647.463556 6.320704460 -3.876447678 11.325806618 -0.001103550 0.152719140 0.034970704 0.987650096
1403636647.513556 6.351078033 -3.884212017 11.351065636 0.002522861 0.150932655 0.035594199 0.987899840
1403636647.563555 6.380578041 -3.894736052 11.378411293 0.007017742 0.148972794 0.037053123 0.988121927
1403636647.613555 6.411824226 -3.910124779 11.403414726 0.012143005 0.147217184 0.039490629 0.988240957
1403636647.663556 6.444096565 -3.919241190 11.426553726 0.013247994 0.147843435 0.040005263 0.988112569
1403636647.713556 6.475596428 -3.932845831 11.447890282 0.012114665 0.149014056 0.039418310 0.987974823
1403636647.763556 6.506657600 -3.948693752 11.462982178 0.009530902 0.150337189 0.038371731 0.987843871
1403636647.813555 6.536194801 -3.960395098 11.482174873 0.008349139 0.152633771 0.036921315 0.987557590
1403636647.863556 6.570248604 -3.971851587 11.495867729 0.006246733 0.155472264 0.037198626 0.987119853
1403636647.913555 6.602848053 -3.980980635 11.513449669 0.005940081 0.160189539 0.037602667 0.986351907
1403636647.963556 6.634935379 -3.988495588 11.529126167 0.005887807 0.166116565 0.039320003 0.985304296
1403636648.013556 6.666666985 -3.990005493 11.541653633 0.005508632 0.174009964 0.041415565 0.983857214
1403636648.063555 6.702754974 -3.991689920 11.559402466 0.005023816 0.183525398 0.044442814 0.981996953
1403636648.113555 6.734406948 -3.988246679 11.575210571 0.004814397 0.194542021 0.048234269 0.979695737
1403636648.163556 6.770172596 -3.988070965 11.588748932 0.004646916 0.206491694 0.052184723 0.977044702
1403636648.213556 6.804934502 -3.984622478 11.604563713 0.004916094 0.218816996 0.056170020 0.974135458
1403636648.263556 6.839678764 -3.980557919 11.617525101 0.005156054 0.231491104 0.061000679 0.970908940
1403636648.313555 6.875970840 -3.972341299 11.629434586 0.005188039 0.244196907 0.065844670 0.967473745
1403636648.363556 6.912230968 -3.957815170 11.640711784 0.006247717 0.257245243 0.069938444 0.963791728
1403636648.413555 6.949864864 -3.947317123 11.649844170 0.006118126 0.270296454 0.074033126 0.959906995
1403636648.463556 6.982274532 -3.935201168 11.660442352 0.005736875 0.283933640 0.078910664 0.955574095
1403636648.513556 7.020174026 -3.921205997 11.666278839 0.005940001 0.296499044 0.083720833 0.951337934
1403636648.563555 7.051827431 -3.904337883 11.676088333 0.006532956 0.308146656 0.087838843 0.947252512
1403636648.613555 7.088881493 -3.896560907 11.677840233 0.006351790 0.317748249 0.090969443 0.943779767
1403636648.663556 7.122425556 -3.882490635 11.679518700 0.004970071 0.326091945 0.093276709 0.940711856
1403636648.713556 7.153337479 -3.882476568 11.682574272 0.001425409 0.333663285 0.094619296 0.937930703
1403636648.763556 7.189365387 -3.868709326 11.682142258 -0.001292091 0.338822693 0.096932590 0.935842693
1403636648.813555 7.214899063 -3.870772600 11.683742523 -0.008888830 0.342869103 0.100119084 0.933990359
1403636648.863556 7.240958214 -3.863268375 11.682500839 -0.015202115 0.345449567 0.103319697 0.932608485
1403636648.913555 7.270256042 -3.870490551 11.681856155 -0.022490015 0.347654849 0.104819372 0.931473672
1403636648.963556 7.298595428 -3.877391815 11.685981750 -0.027225321 0.349113286 0.105957784 0.930672705
1403636649.013556 7.334763050 -3.880386829 11.676795959 -0.028067568 0.349893332 0.105704285 0.930383503
1403636649.063555 7.357991219 -3.891840935 11.685213089 -0.024984293 0.351677895 0.104054652 0.929984450
1403636649.113555 7.397040367 -3.904459000 11.672255516 -0.018370871 0.351698786 0.100895457 0.930478692
1403636649.163556 7.438651085 -3.932104349 11.659184456 -0.011314408 0.351309031 0.098621078 0.930982172
1403636649.213556 7.466042519 -3.952700853 11.657585144 -0.005088971 0.351813406 0.095310688 0.931191325
1403636649.263556 7.497982979 -3.968025923 11.655731201 0.000178891 0.351562887 0.092662677 0.931567013
1403636649.313555 7.523842812 -3.985748768 11.653791428 0.001903326 0.351006806 0.091394290 0.931900024
1403636649.363556 7.553550243 -4.004848480 11.649689674 0.000779097 0.349780321 0.090802640 0.932420492
1403636649.413555 7.587815285 -4.028911114 11.633431435 -0.001835177 0.347488642 0.090796098 0.933276176
1403636649.463556 7.613429070 -4.052373886 11.630523682 -0.005433879 0.345786214 0.091062978 0.933868229
1403636649.513556 7.641491890 -4.080980301 11.619722366 -0.005284080 0.343718320 0.090569630 0.934680104
1403636649.563555 7.666378021 -4.102013588 11.611812592 -0.001832946 0.341999352 0.089971274 0.935381353
1403636649.613555 7.698545456 -4.143364906 11.592966080 0.000887039 0.340443283 0.090864308 0.935863912
1403636649.663556 7.728580952 -4.174215794 11.581109047 0.005269210 0.340913922 0.092264600 0.935541153
1403636649.713556 7.752510071 -4.200485706 11.571607590 0.007933402 0.343517393 0.094380729 0.934358180
1403636649.763556 7.776213646 -4.227198601 11.565631866 0.009633956 0.347982526 0.095040724 0.932621360
1403636649.813555 7.801731586 -4.246554852 11.552145004 0.010428855 0.351712853 0.094942227 0.931222439
1403636649.863556 7.824689865 -4.264555454 11.543285370 0.011636795 0.355698168 0.094691873 0.929718673
1403636649.913555 7.854646683 -4.285223484 11.521128654 0.011895412 0.358372778 0.094716020 0.928685248
1403636649.963556 7.876313210 -4.298387527 11.513328552 0.012101611 0.361821800 0.094437793 0.927372634
1403636650.013556 7.902598858 -4.313018322 11.496233940 0.011469452 0.364148974 0.094414942 0.926471651
1403636650.063555 7.920612335 -4.317364693 11.491251945 0.012548595 0.367081761 0.095061474 0.925233424
1403636650.113555 7.938429832 -4.321821213 11.483731270 0.012974002 0.371170312 0.096478127 0.923448026
1403636650.163556 7.964861393 -4.328185558 11.461894989 0.013136119 0.376181096 0.098412335 0.921211243
1403636650.213556 7.981395721 -4.322280407 11.455509186 0.012800005 0.384493738 0.100432821 0.917558670
1403636650.263556 8.002992630 -4.322158813 11.445459366 0.012102142 0.393997610 0.103812717 0.913149655
1403636650.313555 8.021263123 -4.316276550 11.429262161 0.011778631 0.404040396 0.108502902 0.908206880
1403636650.363556 8.038293839 -4.306499481 11.412223816 0.010636647 0.415159255 0.113452196 0.902584195
1403636650.413555 8.056884766 -4.297517300 11.394331932 0.008692245 0.426712424 0.117986232 0.896615922
1403636650.463556 8.072451591 -4.293959618 11.391252518 0.005535251 0.439182341 0.123149320 0.889900267
1403636650.513556 8.086565971 -4.278077126 11.378344536 0.002666729 0.450483352 0.128406435 0.883498430
1403636650.563555 8.107325554 -4.264991760 11.353930473 -0.000299399 0.459186792 0.133947626 0.878183007
1403636650.613555 8.114744186 -4.240382195 11.345317841 -0.001865205 0.467679650 0.137688339 0.873106062
1403636650.663556 8.137800217 -4.234339714 11.323768616 -0.004027917 0.473818958 0.141181588 0.869222164
1403636650.713556 8.150101662 -4.224336624 11.311087608 -0.006041271 0.480227500 0.143211901 0.865352750
1403636650.763556 8.164915085 -4.204723358 11.296134949 -0.005852122 0.485033721 0.145561993 0.862275898
1403636650.813555 8.180558205 -4.191985607 11.278893471 -0.005137299 0.488932043 0.146596357 0.859900296
1403636650.863556 8.193222046 -4.186188221 11.265693665 -0.003450750 0.492709368 0.146064609 0.857840717
1403636650.913555 8.199953079 -4.180248260 11.257724762 0.000327804 0.496333331 0.144426093 0.856034040
1403636650.963556 8.211255074 -4.174263477 11.239919662 0.003897576 0.498291075 0.143179029 0.855096817
1403636651.013556 8.223991394 -4.171379089 11.215240479 0.006335554 0.499565035 0.141146347 0.854676723
1403636651.063555 8.229109764 -4.168855190 11.202884674 0.007956777 0.500607073 0.140157223 0.854216158
1403636651.113555 8.237939835 -4.168734074 11.183017731 0.009609967 0.500586629 0.139441714 0.854328215
1403636651.163556 8.247282028 -4.174900055 11.162323952 0.008964151 0.500320554 0.139093444 0.854547799
1403636651.213556 8.249764442 -4.174528122 11.143331528 0.007457417 0.499335110 0.139688730 0.855041444
1403636651.263556 8.254405975 -4.180155277 11.119727135 0.005113878 0.498128593 0.140442044 0.855638802
1403636651.313555 8.255136490 -4.182772636 11.099441528 0.002616910 0.496777564 0.141232878 0.856305122
1403636651.363556 8.256490707 -4.189765930 11.076595306 0.000034349 0.495005220 0.142608076 0.857107222
1403636651.413555 8.257363319 -4.191308022 11.055893898 -0.001370648 0.493628621 0.142516166 0.857914925
1403636651.463556 8.260538101 -4.193094254 11.031806946 -0.002221254 0.491669506 0.142834157 0.858984649
1403636651.513556 8.264401436 -4.195012093 11.010059357 -0.001935658 0.490387619 0.141714960 0.859902978
1403636651.563555 8.265501022 -4.194105625 10.987440109 0.000696078 0.488983393 0.140782699 0.860857129
1403636651.613555 8.267498970 -4.189119339 10.968338966 0.004034578 0.488171428 0.138457373 0.861685514
1403636651.663556 8.264370918 -4.187705994 10.953834534 0.007379257 0.487599343 0.137219951 0.862185061
1403636651.713556 8.266486168 -4.177207947 10.932079315 0.010331567 0.486531705 0.137456268 0.862720072
1403636651.763556 8.267313004 -4.174785614 10.912755966 0.013144259 0.486577630 0.139676318 0.862299263
1403636651.813555 8.269087791 -4.165859222 10.885711670 0.016958762 0.487414747 0.143844634 0.861073732
1403636651.863556 8.266364098 -4.152189732 10.868646622 0.020956678 0.490695268 0.147480637 0.858503580
1403636651.913555 8.267536163 -4.145920277 10.846727371 0.023114484 0.495667398 0.151815042 0.854828477
1403636651.963556 8.264352798 -4.128396988 10.822205544 0.025469966 0.502566397 0.155672878 0.850026011
1403636652.013556 8.262384415 -4.116142750 10.799614906 0.026509805 0.511487484 0.158662185 0.844099581
1403636652.063555 8.262989044 -4.094914913 10.769177437 0.024905892 0.522013068 0.161633685 0.837112069
1403636652.113555 8.262743950 -4.074701309 10.738555908 0.021168351 0.534298241 0.163967773 0.828970373
1403636652.163556 8.260822296 -4.053032398 10.711376190 0.016859272 0.548175871 0.166991100 0.819349110
1403636652.213556 8.251537323 -4.030445576 10.686513901 0.012107897 0.562988758 0.171773389 0.808326006
1403636652.263556 8.248351097 -4.006691933 10.659664154 0.007713924 0.577150345 0.177809820 0.797007918
1403636652.313555 8.241419792 -3.972604990 10.621024132 0.002149216 0.590402067 0.185472742 0.785506606
1403636652.363556 8.233550072 -3.948182344 10.597436905 -0.002694674 0.603318334 0.193618387 0.773635328
1403636652.413555 8.230538368 -3.923626184 10.566983223 -0.006277820 0.614406407 0.199981302 0.763199091
1403636652.463556 8.227854729 -3.892384291 10.528841019 -0.008112615 0.623105109 0.205536008 0.754605234
1403636652.513556 8.225820541 -3.869309425 10.497550964 -0.010294405 0.630299568 0.211150140 0.747015476
1403636652.563555 8.219097137 -3.850404024 10.470369339 -0.013091077 0.636626065 0.216809005 0.739952505
1403636652.613555 8.215761185 -3.827577591 10.444531441 -0.016322626 0.641424060 0.221552417 0.734318316
1403636652.663556 8.217366219 -3.817528725 10.413242340 -0.021053646 0.644962668 0.225559860 0.729864836
1403636652.713556 8.213017464 -3.795237303 10.382533073 -0.024107706 0.648575664 0.226212531 0.726358294
1403636652.763556 8.212201118 -3.784176826 10.349890709 -0.024864795 0.650390506 0.228146061 0.724101722
1403636652.813555 8.212386131 -3.777628660 10.323757172 -0.025400070 0.652492762 0.228213012 0.722168148
1403636652.863556 8.221211433 -3.771686316 10.288377762 -0.024551027 0.653372169 0.228231877 0.721396089
1403636652.913555 8.226744652 -3.765040636 10.258851051 -0.023109786 0.654611468 0.226184323 0.720964909
1403636652.963556 8.237718582 -3.764594078 10.223664284 -0.022044353 0.655265510 0.223700091 0.721179187
1403636653.013556 8.248444557 -3.762336969 10.190919876 -0.020553019 0.655570865 0.221839711 0.721520305
1403636653.063555 8.255815506 -3.755433559 10.152486801 -0.019481832 0.655726254 0.218309373 0.722485006
1403636653.113555 8.273252487 -3.747093678 10.120902061 -0.016776143 0.655441225 0.215730473 0.723585248
1403636653.163556 8.284746170 -3.735668182 10.094265938 -0.014155450 0.655550897 0.211828336 0.724693954
1403636653.213556 8.298305511 -3.724571228 10.068510056 -0.010311689 0.655824184 0.207238123 0.725837886
1403636653.263556 8.312051773 -3.713774443 10.037568092 -0.006015866 0.655598462 0.202662766 0.727380455
1403636653.313555 8.326371193 -3.700380087 10.010188103 -0.003203540 0.655425727 0.197847575 0.728878021
1403636653.363556 8.339565277 -3.692046165 9.988254547 -0.001376550 0.654605865 0.195066318 0.730368614
1403636653.413555 8.353103638 -3.689193010 9.962546349 -0.000797818 0.653363764 0.193410710 0.731920421
1403636653.463556 8.363924026 -3.682812691 9.932694435 -0.000984243 0.651801765 0.192692846 0.733500481
1403636653.513556 8.372635841 -3.678667545 9.900145531 -0.001347465 0.650112569 0.191899583 0.735204995
1403636653.563555 8.381250381 -3.678839445 9.873679161 -0.001696493 0.648468196 0.191949829 0.736641943
1403636653.613555 8.393386841 -3.682584047 9.843830109 -0.000066734 0.647346914 0.191227004 0.737817168
1403636653.663556 8.403134346 -3.685534954 9.817080498 0.001707473 0.646647811 0.189268246 0.738932490
1403636653.713556 8.411614418 -3.686383009 9.786171913 0.003448634 0.646199465 0.187143818 0.739859104
1403636653.763556 8.418559074 -3.681647778 9.760400772 0.005877511 0.646027684 0.185413748 0.740429223
1403636653.813555 8.424582481 -3.681550503 9.737181664 0.006500984 0.645916760 0.183790177 0.740925431
1403636653.863556 8.430821419 -3.676875114 9.711966515 0.007192613 0.646030903 0.182310104 0.741185129
1403636653.913555 8.434002876 -3.670705557 9.689650536 0.007414365 0.645943761 0.182024792 0.741328955
1403636653.963556 8.436185837 -3.661493778 9.668803215 0.007361569 0.645158470 0.184131503 0.741493046
1403636654.013556 8.437374115 -3.649863005 9.646230698 0.007374071 0.644085228 0.187021747 0.741702557
1403636654.063555 8.439263344 -3.638328075 9.622511864 0.007794953 0.643097937 0.189491838 0.741927922
1403636654.113555 8.439352036 -3.624995232 9.602971077 0.008785823 0.643632889 0.190929487 0.741083920
1403636654.163556 8.437020302 -3.613176346 9.584594727 0.010528598 0.645560920 0.191831023 0.739148974
1403636654.213556 8.435116768 -3.599806547 9.561494827 0.011598118 0.648649454 0.192417800 0.736270845
1403636654.263556 8.433110237 -3.590326548 9.538335800 0.010170355 0.652736604 0.193078384 0.732497275
1403636654.313555 8.429623604 -3.578858614 9.515321732 0.008881088 0.657587707 0.194539368 0.727773368
1403636654.363556 8.425314903 -3.573429346 9.492685318 0.006884539 0.662771702 0.197143286 0.722371638
1403636654.413555 8.420207024 -3.568955898 9.468110085 0.004809660 0.668787718 0.199986801 0.716034353
1403636654.463556 8.413304329 -3.565759420 9.440810204 0.003476587 0.674982369 0.203281954 0.709269464
1403636654.513556 8.409464836 -3.567099333 9.415789604 0.002018327 0.682190061 0.205690384 0.701643884
1403636654.563555 8.400622368 -3.569797516 9.390064240 0.000714451 0.689607620 0.208357871 0.693561733
1403636654.613555 8.391041756 -3.567819834 9.360717773 -0.000192243 0.695080221 0.212788180 0.686720192
1403636654.663556 8.382612228 -3.572271585 9.336034775 -0.000237111 0.699327230 0.218730003 0.680513442
1403636654.713556 8.372988701 -3.571008444 9.307929039 -0.001264793 0.703339458 0.222305447 0.675198019
1403636654.763556 8.364299774 -3.568127394 9.288893700 -0.002320305 0.706938326 0.225305289 0.670425475
1403636654.813555 8.355847359 -3.564356804 9.260987282 -0.003276997 0.710214555 0.227176413 0.666314781
1403636654.863556 8.348001480 -3.559947252 9.237371445 -0.004518592 0.713018596 0.228398710 0.662886143
1403636654.913555 8.340248108 -3.553997517 9.216880798 -0.004496139 0.715761840 0.228553697 0.659869611
1403636654.963556 8.330117226 -3.543883801 9.196212769 -0.002400793 0.718909144 0.225602642 0.657470405
1403636655.013556 8.322846413 -3.533922195 9.176057816 0.001306050 0.721684098 0.222361207 0.655534744
1403636655.063555 8.314328194 -3.524607182 9.162042618 0.004907222 0.723949015 0.219688863 0.653919339
1403636655.113555 8.305510521 -3.513458252 9.143978119 0.007768447 0.725480199 0.217866823 0.652803302
1403636655.163556 8.296236038 -3.503622055 9.127878189 0.010000702 0.726947367 0.215642974 0.651878595
1403636655.213556 8.286870003 -3.492028236 9.109296799 0.012754810 0.727457821 0.214698970 0.651572466
1403636655.263556 8.269407272 -3.477476597 9.090384483 0.015536938 0.728719473 0.214678749 0.650107324
1403636655.313555 8.256767273 -3.466461658 9.072787285 0.017043348 0.730678082 0.214868799 0.647804320
1403636655.363556 8.243036270 -3.453035355 9.055191040 0.019081770 0.732988000 0.216016889 0.644748926
1403636655.413555 8.225327492 -3.436950684 9.040190697 0.021275308 0.735429883 0.217178315 0.641501307
1403636655.463556 8.208488464 -3.427505493 9.022562981 0.021729397 0.738502920 0.217691287 0.637770951
1403636655.513556 8.186794281 -3.417240620 9.006770134 0.021747654 0.742092609 0.219421178 0.632992864
1403636655.563555 8.163697243 -3.409487724 8.986307144 0.019558694 0.744916499 0.224594414 0.627912581
1403636655.613555 8.142435074 -3.400705338 8.968917847 0.015952105 0.747856796 0.231786132 0.621876955
1403636655.663556 8.118527412 -3.390685558 8.949790001 0.013449229 0.750355959 0.239403650 0.616012156
1403636655.713556 8.091682434 -3.377766609 8.934097290 0.011017166 0.752453506 0.246186465 0.610806525
1403636655.763556 8.065422058 -3.358360529 8.915893555 0.008856505 0.755273819 0.251002640 0.605376482
1403636655.813555 8.041814804 -3.340200901 8.901937485 0.007965635 0.758928120 0.255396008 0.598947108
1403636655.863556 8.016394615 -3.316959143 8.889186859 0.007822539 0.763264537 0.259721220 0.591532707
1403636655.913555 7.995200157 -3.287103176 8.871227264 0.008503475 0.768179178 0.263609052 0.583385587
1403636655.963556 7.969408035 -3.259042263 8.850579262 0.009380403 0.773526073 0.266474515 0.574944079
1403636656.013556 7.945582390 -3.236435652 8.832895279 0.010876765 0.778221071 0.268690854 0.567502320
1403636656.063555 7.925033569 -3.211651325 8.811355591 0.011179126 0.782923698 0.269530207 0.560588062
1403636656.113555 7.898573875 -3.193168163 8.792366028 0.009594528 0.786883414 0.270364165 0.554640114
1403636656.163556 7.874429226 -3.172987938 8.765852928 0.008443280 0.790024638 0.270912379 0.549905717
1403636656.213556 7.853028297 -3.156229734 8.743087769 0.005022661 0.792679131 0.271358430 0.545893073
1403636656.263556 7.829971313 -3.145866871 8.718250275 0.003416432 0.794523478 0.272030234 0.542881489
1403636656.313555 7.808075905 -3.138675213 8.693047523 0.001632673 0.795845449 0.273200750 0.540359795
1403636656.363556 7.785456181 -3.132432938 8.661963463 0.001283928 0.796400130 0.274312168 0.538978696
1403636656.413555 7.761900902 -3.128564835 8.628828049 0.000115379 0.796637118 0.274839878 0.538360715
1403636656.463556 7.743413925 -3.127746344 8.593478203 0.000080861 0.796680331 0.275216967 0.538104177
1403636656.513556 7.722692013 -3.126568794 8.557024956 -0.001020519 0.796473503 0.274986356 0.538527071
1403636656.563555 7.701414108 -3.130946636 8.529349327 -0.001700333 0.796976984 0.273260057 0.538659215
1403636656.613555 7.684038162 -3.129827499 8.493051529 -0.001444323 0.797176242 0.270992905 0.539509714
1403636656.663556 7.669874191 -3.127226830 8.458476067 0.001000685 0.797948241 0.267007977 0.540355742
1403636656.713556 7.652308464 -3.127958775 8.425873756 0.005931554 0.799319267 0.260824859 0.541316867
1403636656.763556 7.632759094 -3.123568535 8.393209457 0.010391654 0.800605237 0.254662693 0.542282224
1403636656.813555 7.615608692 -3.117266417 8.359113693 0.012080329 0.801575482 0.249284819 0.543312073
1403636656.863556 7.598727226 -3.108220577 8.329180717 0.012249554 0.802286804 0.245081082 0.544170082
1403636656.913555 7.580006599 -3.098830462 8.301549911 0.013397305 0.802573502 0.242018774 0.545090139
1403636656.963556 7.561638832 -3.086428404 8.275594711 0.014866338 0.802445948 0.240261301 0.546016514
1403636657.013556 7.541126251 -3.072845936 8.246254921 0.016978567 0.801794410 0.239599928 0.547201335
1403636657.063555 7.518825531 -3.056561232 8.218894005 0.019260945 0.801141620 0.239428014 0.548156381
1403636657.113555 7.493474960 -3.040268660 8.196805000 0.021494906 0.800468206 0.239982083 0.548814356
1403636657.163556 7.468503952 -3.022320747 8.172786713 0.023994172 0.799550235 0.241000816 0.549601972
1403636657.213556 7.443151951 -3.007216692 8.150809288 0.025593128 0.798612475 0.242764175 0.550116956
1403636657.263556 7.415329933 -2.992546558 8.125604630 0.025047617 0.797384083 0.245649591 0.550642848
1403636657.313555 7.384335041 -2.978703022 8.100792885 0.024007313 0.796431124 0.248238653 0.550907195
1403636657.363556 7.354353428 -2.963794708 8.072677612 0.023263268 0.795225382 0.251775056 0.551075876
1403636657.413555 7.320096493 -2.956112623 8.047796249 0.021965612 0.793601692 0.257282794 0.550926030
1403636657.463556 7.287544250 -2.942605495 8.023012161 0.020073077 0.791947603 0.262649506 0.550846100
1403636657.513556 7.252826214 -2.930097103 8.001123428 0.018534841 0.790521681 0.267367274 0.550678432
1403636657.563555 7.219829559 -2.911078453 7.971599579 0.016714044 0.789661705 0.270178497 0.550598443
1403636657.613555 7.184762001 -2.892397881 7.944129944 0.015809016 0.789331377 0.271320909 0.550536990
1403636657.663556 7.150773048 -2.874475002 7.917744637 0.015305251 0.789289832 0.271627486 0.550459623
1403636657.713556 7.117481232 -2.854792118 7.891009331 0.016129456 0.789626479 0.271426052 0.550052464
1403636657.763556 7.085409641 -2.831011295 7.859151840 0.017010609 0.790296912 0.271835744 0.548859537
1403636657.813555 7.051553726 -2.808143616 7.832464695 0.018127071 0.790996492 0.273383260 0.547044396
1403636657.863556 7.017133236 -2.783891201 7.801788330 0.020444568 0.790590227 0.277281284 0.545586050
1403636657.913555 6.983792305 -2.760397434 7.772135735 0.022009829 0.789816499 0.281885386 0.544284880
1403636657.963556 6.949920177 -2.738364935 7.743093014 0.022350919 0.789608717 0.285139203 0.542875648
1403636658.013556 6.916253090 -2.718217850 7.707086086 0.021238809 0.790071130 0.286181778 0.541697741
1403636658.063555 6.882648468 -2.697159052 7.664844036 0.018033797 0.790764332 0.286019593 0.540887535
1403636658.113555 6.848537445 -2.679593086 7.623509407 0.013614837 0.792714775 0.282544047 0.539987743
1403636658.163556 6.815656662 -2.664025784 7.580209732 0.008921636 0.794278026 0.280207872 0.539004922
1403636658.213556 6.785485744 -2.646389961 7.534176826 0.005656300 0.795775652 0.277888387 0.538040102
1403636658.263556 6.754147530 -2.629559755 7.490465164 0.000852271 0.797424674 0.274796367 0.537215114
1403636658.313555 6.722171783 -2.613568783 7.447663784 -0.002051736 0.798325241 0.273676395 0.536445558
1403636658.363556 6.692543030 -2.592370749 7.400488377 -0.004268426 0.798924983 0.272938520 0.535915315
1403636658.413555 6.664028168 -2.570013523 7.351053238 -0.006398180 0.799063027 0.272675008 0.535822392
1403636658.463556 6.634689331 -2.550083876 7.311859131 -0.009399654 0.800020933 0.271524251 0.534932494
1403636658.513556 6.608627319 -2.528651237 7.268821239 -0.012630853 0.800678730 0.270173013 0.534565806
1403636658.563555 6.582532883 -2.504379511 7.227675915 -0.016366292 0.801916003 0.267308801 0.534049511
1403636658.613555 6.558564186 -2.480052471 7.183712482 -0.019117517 0.802569628 0.265304118 0.533975899
1403636658.663556 6.536097527 -2.457320929 7.143573284 -0.020789085 0.803210020 0.264059871 0.533567131
1403636658.713556 6.514799118 -2.434205294 7.103947639 -0.021693237 0.803966641 0.262014031 0.533400178
1403636658.763556 6.494708538 -2.408803940 7.064140320 -0.022531852 0.804940403 0.259122044 0.533309579
1403636658.813555 6.473113060 -2.383028507 7.029143810 -0.023888284 0.806740344 0.254100293 0.532946885
1403636658.863556 6.455879211 -2.359248161 6.992656708 -0.023468377 0.808002293 0.250515789 0.532750785
1403636658.913555 6.438493729 -2.335320950 6.957499504 -0.019727135 0.808572352 0.248823881 0.532830536
1403636658.963556 6.424595833 -2.310677052 6.926931381 -0.014515211 0.808806479 0.248436198 0.532823503
1403636659.013556 6.408718109 -2.287649870 6.897844791 -0.009832043 0.808819294 0.248786554 0.532747507
1403636659.063555 6.392517090 -2.260067940 6.870108604 -0.004875642 0.809497118 0.246524423 0.532838106
1403636659.113555 6.378198624 -2.233848095 6.842903137 -0.002378244 0.809699476 0.245646209 0.532953203
1403636659.163556 6.362672806 -2.205554485 6.818670273 0.000297314 0.810093045 0.244652018 0.532817483
1403636659.213556 6.346594810 -2.177809238 6.792298317 0.001740797 0.809997499 0.243903771 0.533302784
1403636659.263556 6.329252243 -2.150991201 6.771696091 0.002503656 0.809986472 0.244157687 0.533200443
1403636659.313555 6.313390732 -2.123873949 6.751212120 0.001059645 0.809401691 0.245938405 0.533274829
1403636659.363556 6.294723034 -2.098459244 6.727348804 -0.000924704 0.808343709 0.248663291 0.533616126
1403636659.413555 6.275239944 -2.075254440 6.707227230 -0.004388261 0.807249486 0.251622230 0.533868253
1403636659.463556 6.256500244 -2.056818962 6.687353134 -0.007862427 0.805950344 0.255271435 0.534058809
1403636659.513556 6.237426758 -2.039131641 6.667021275 -0.009808775 0.805938601 0.255572289 0.533900380
1403636659.563555 6.222396374 -2.024678230 6.646663666 -0.009007674 0.805600524 0.257206321 0.533639848
1403636659.613555 6.205590248 -2.011285782 6.627885342 -0.009088084 0.806410551 0.255539596 0.533215761
1403636659.663556 6.187133312 -1.993942261 6.610082150 -0.008188359 0.807229757 0.253797740 0.532822430
1403636659.713556 6.171526909 -1.974940300 6.593461990 -0.007404858 0.808191419 0.251944333 0.532255352
1403636659.763556 6.155317307 -1.954010129 6.580335617 -0.006114266 0.809239209 0.250475138 0.531372368
1403636659.813555 6.139117718 -1.934870958 6.566494465 -0.006225520 0.809772670 0.250089139 0.530739844
1403636659.863556 6.124919415 -1.915054202 6.553792477 -0.005982402 0.810076058 0.250745654 0.529969454
1403636659.913555 6.108005047 -1.892009139 6.540588379 -0.006929006 0.809784532 0.252165943 0.529729486
1403636659.963556 6.090187073 -1.869143486 6.534363747 -0.010188169 0.809428275 0.255268067 0.528734505
1403636660.013556 6.073379517 -1.839699626 6.528991699 -0.011884597 0.808788061 0.258162916 0.528273165
1403636660.063555 6.060025215 -1.815247178 6.520223618 -0.014584539 0.807721615 0.262676448 0.527611792
1403636660.113555 6.047018051 -1.787102461 6.517176628 -0.016936461 0.807342768 0.265375257 0.526770234
1403636660.163556 6.033259869 -1.762154102 6.514143467 -0.019310042 0.806734502 0.267993510 0.526294589
1403636660.213556 6.022119999 -1.735493541 6.507502556 -0.019850319 0.806269467 0.269116074 0.526414275
1403636660.263556 6.011496544 -1.707085848 6.503888130 -0.021948949 0.805537045 0.271832228 0.526056588
1403636660.313555 6.001528740 -1.679543376 6.499096870 -0.024447910 0.804587066 0.274517179 0.526005983
1403636660.363556 5.994730949 -1.655291915 6.496912479 -0.029008674 0.802839220 0.279877305 0.525619984
1403636660.413555 5.987939835 -1.632819533 6.493450642 -0.032508064 0.801148295 0.284871221 0.525312364
1403636660.463556 5.984427452 -1.611974478 6.488887310 -0.034243174 0.800156772 0.287327349 0.525375664
1403636660.513556 5.987829208 -1.597443938 6.482618809 -0.035274554 0.800088346 0.287567735 0.525280058
1403636660.563555 5.991624832 -1.583609104 6.474869728 -0.033873778 0.801215768 0.284302741 0.525431037
1403636660.613555 5.998004436 -1.564874530 6.467971802 -0.030467959 0.803303719 0.277804404 0.525927365
1403636660.663556 6.004776001 -1.547593117 6.465443134 -0.027132366 0.806060851 0.269904047 0.526005208
1403636660.713556 6.016884804 -1.526319623 6.458526611 -0.024542643 0.808549166 0.261877656 0.526370585
1403636660.763556 6.025068283 -1.502927661 6.458830833 -0.023082770 0.811284304 0.253436863 0.526359737
1403636660.813555 6.040266037 -1.480416656 6.455533028 -0.024142945 0.813264072 0.246672049 0.526470840
1403636660.863556 6.050852776 -1.455128908 6.458115578 -0.026039526 0.815103233 0.240465492 0.526407719
1403636660.913555 6.063621998 -1.428190470 6.463289261 -0.026089573 0.816252768 0.236807764 0.526282012
1403636660.963556 6.077285767 -1.404422045 6.469139576 -0.024048792 0.816275179 0.236513138 0.526477039
1403636661.013556 6.090319633 -1.378563762 6.478505135 -0.020357583 0.815925717 0.237406000 0.526772499
1403636661.063555 6.103900909 -1.352601290 6.489545822 -0.016528474 0.815570891 0.238451600 0.526983619
1403636661.113555 6.116364956 -1.327903032 6.501911163 -0.012909261 0.815158546 0.239517644 0.527239263
1403636661.163556 6.126798153 -1.300843954 6.517075539 -0.009728899 0.814711571 0.240757346 0.527433634
1403636661.213556 6.139840126 -1.279692769 6.532478809 -0.006603801 0.814663947 0.240837514 0.527518988
1403636661.263556 6.153092861 -1.253364682 6.550268173 -0.005029037 0.814172029 0.242571443 0.527501404
1403636661.313555 6.163249016 -1.233771920 6.567933559 -0.003272722 0.814213753 0.242410913 0.527524590
1403636661.363556 6.174842834 -1.217584491 6.586798668 -0.002607528 0.814196825 0.242570311 0.527481198
1403636661.413555 6.184806824 -1.202413678 6.604850292 -0.002653195 0.814237416 0.242256671 0.527562380
1403636661.463556 6.192461014 -1.190297365 6.620892048 -0.002085986 0.813894749 0.242813691 0.527837574
1403636661.513556 6.198863029 -1.180575728 6.640479565 -0.002227634 0.813326776 0.244145244 0.528098106
1403636661.563555 6.208296776 -1.172182918 6.659461975 -0.001334437 0.812597334 0.246031046 0.528348923
1403636661.613555 6.214827061 -1.168261051 6.679900169 -0.000818285 0.811700583 0.248524740 0.528561115
1403636661.663556 6.220665932 -1.165213823 6.699238777 0.000886132 0.811424911 0.248641580 0.528929234
1403636661.713556 6.226765633 -1.167053223 6.715702534 0.001707642 0.811334372 0.248053700 0.529341996
1403636661.763556 6.230685234 -1.170397162 6.734767914 0.006816736 0.810778320 0.249430552 0.529505670
1403636661.813555 6.235046387 -1.177718997 6.752678394 0.011619438 0.809712231 0.251505882 0.530071557
1403636661.863556 6.237802505 -1.183601856 6.769860744 0.014982393 0.809227586 0.251917899 0.530531406
1403636661.913555 6.238998890 -1.191703439 6.786596298 0.016705412 0.809028685 0.251989692 0.530749202
1403636661.963556 6.238770485 -1.202481151 6.803024292 0.017903501 0.808627784 0.252064556 0.531285226
1403636662.013556 6.235754490 -1.214536190 6.818758011 0.018091381 0.808810055 0.251342416 0.531343579
1403636662.063555 6.234102249 -1.227499485 6.831593990 0.017708948 0.809052587 0.250298262 0.531480074
1403636662.113555 6.230724335 -1.243558884 6.844934940 0.017032897 0.809166610 0.249728158 0.531596661
1403636662.163556 6.225016594 -1.256748676 6.859868050 0.013419803 0.809609890 0.249049708 0.531343579
1403636662.213556 6.218819618 -1.266567469 6.874618530 0.008567165 0.810238838 0.247769043 0.531083941
1403636662.263556 6.211697102 -1.274940372 6.889484882 0.003046509 0.811113477 0.245793462 0.530727208
1403636662.313555 6.203717709 -1.285043955 6.905021667 -0.001220003 0.811514795 0.245504931 0.530254185
1403636662.363556 6.194631577 -1.291651368 6.923063278 -0.005392506 0.811795354 0.245616019 0.529747128
1403636662.413555 6.185773849 -1.296488047 6.942603588 -0.008683345 0.811492860 0.247456759 0.529309988
1403636662.463556 6.176928520 -1.297904611 6.962899208 -0.012056116 0.810604274 0.251128137 0.528876126
1403636662.513556 6.169778824 -1.300059795 6.984839439 -0.014848960 0.809509993 0.255330682 0.528468788
1403636662.563555 6.159587383 -1.302796483 7.007732391 -0.014962487 0.808411479 0.259567469 0.528083146
1403636662.613555 6.153941154 -1.304387808 7.033263683 -0.011318811 0.807028651 0.264704168 0.527738810
1403636662.663556 6.146419525 -1.304131031 7.055255413 -0.003606086 0.805344641 0.270154953 0.527658343
1403636662.713556 6.141054630 -1.303976417 7.080645084 0.004005801 0.804397523 0.273492515 0.527380705
1403636662.763556 6.136489391 -1.303877234 7.101963520 0.010242917 0.803720951 0.275528848 0.527267992
1403636662.813555 6.130375862 -1.300763607 7.126665115 0.014861564 0.803496361 0.276923925 0.526769280
1403636662.863556 6.127884865 -1.297011256 7.149010658 0.015256091 0.802764475 0.279432416 0.526549160
1403636662.913555 6.119775772 -1.287400723 7.169213772 0.012287251 0.802374840 0.281305492 0.526223242
1403636662.963556 6.115413666 -1.278123140 7.188199043 0.010305567 0.801523924 0.284279883 0.525964022
1403636663.013556 6.110150337 -1.269561172 7.207039833 0.010792954 0.800040007 0.288930684 0.525679231
1403636663.063555 6.106278896 -1.262086034 7.224402905 0.012728895 0.798588336 0.293773770 0.525158763
1403636663.113555 6.100530624 -1.256262183 7.235497952 0.015127786 0.797068834 0.297645211 0.525223613
1403636663.163556 6.097067833 -1.250239491 7.244782925 0.014726668 0.796160638 0.300668955 0.524890006
1403636663.213556 6.094313622 -1.243947268 7.249802589 0.010562571 0.797084272 0.299201459 0.524427056
1403636663.263556 6.090845108 -1.235041499 7.255033970 0.000411701 0.799492240 0.293432415 0.524127364
1403636663.313555 6.089628220 -1.225867867 7.258572578 -0.009012167 0.801173627 0.289407760 0.523720086
1403636663.363556 6.087668896 -1.212507725 7.261548042 -0.017742727 0.802350163 0.286200970 0.523458064
1403636663.413555 6.088247776 -1.197340369 7.263643265 -0.026247796 0.802648127 0.285011411 0.523292959
1403636663.463556 6.092926502 -1.179760695 7.266993523 -0.032208454 0.802398682 0.285238713 0.523218751
1403636663.513556 6.097280025 -1.163995266 7.272295952 -0.038011011 0.802237630 0.285863906 0.522735000
1403636663.563555 6.105200768 -1.145919085 7.275600433 -0.041523717 0.801968813 0.286390930 0.522591710
1403636663.613555 6.117433548 -1.127475023 7.280714512 -0.043109406 0.801522732 0.287336320 0.522628725
1403636663.663556 6.128224850 -1.109677196 7.285169125 -0.044695511 0.801239312 0.287625015 0.522771239
1403636663.713556 6.144832611 -1.089939713 7.289971352 -0.048240822 0.801967025 0.284936905 0.522812307
1403636663.763556 6.164580345 -1.075012207 7.294904709 -0.051825974 0.802914917 0.281079561 0.523102283
1403636663.813555 6.191368580 -1.058380365 7.298870564 -0.055459131 0.804765880 0.274176031 0.523549199
1403636663.863556 6.216742516 -1.046005964 7.300667763 -0.058121804 0.806414604 0.266996443 0.524433315
1403636663.913555 6.244452477 -1.036850214 7.307998657 -0.058077250 0.807817996 0.261265129 0.525164485
1403636663.963556 6.280400276 -1.030143976 7.312509060 -0.058578458 0.809823036 0.252926141 0.526102304
1403636664.013556 6.316575050 -1.027465701 7.321151257 -0.057622805 0.811904728 0.244856983 0.526816368
1403636664.063555 6.354712963 -1.027150273 7.332880020 -0.055005360 0.812684417 0.240634784 0.527838469
1403636664.113555 6.396291733 -1.030123949 7.345168591 -0.050043937 0.812649786 0.238960087 0.529144645
1403636664.163556 6.438289642 -1.039252400 7.359983921 -0.043739535 0.812342346 0.238216415 0.530508935
1403636664.213556 6.482131958 -1.046980500 7.377297878 -0.036125280 0.811892450 0.237517461 0.532081783
1403636664.263556 6.523697853 -1.053263426 7.395535469 -0.029151406 0.811393619 0.236120999 0.533888996
1403636664.313555 6.567964077 -1.059079051 7.417662144 -0.023561636 0.810705066 0.235760152 0.535368323
1403636664.363556 6.610677719 -1.056890607 7.443199635 -0.019565638 0.809875846 0.235386118 0.536946714
1403636664.413555 6.657420635 -1.052448153 7.468667507 -0.016213534 0.808839262 0.234974146 0.538798034
1403636664.463556 6.700170040 -1.048182487 7.499229431 -0.014148906 0.807688594 0.235321134 0.540428460
1403636664.513556 6.742660046 -1.040468216 7.530642986 -0.011462486 0.806834877 0.234461337 0.542138398
1403636664.563555 6.786655426 -1.031337380 7.565684319 -0.008638866 0.805571616 0.234609976 0.544001758
1403636664.613555 6.829125404 -1.025335550 7.601742268 -0.002095734 0.803580284 0.236979678 0.545980692
1403636664.663556 6.868793488 -1.021932602 7.636783600 0.001169815 0.801971495 0.237676755 0.548041999
1403636664.713556 6.909401894 -1.018389821 7.670989990 0.004049584 0.799812853 0.240369260 0.550005078
1403636664.763556 6.948211670 -1.015084505 7.707014084 0.000401855 0.798878014 0.240244016 0.551431298
1403636664.813555 6.982319832 -1.016608715 7.741706848 -0.003501171 0.798152983 0.239208475 0.552918434
1403636664.863556 7.018565178 -1.020801306 7.776772499 -0.004450294 0.797035515 0.239088878 0.554572880
1403636664.913555 7.055563927 -1.029427528 7.812316895 -0.003620188 0.796063781 0.240055799 0.555555999
1403636664.963556 7.089303970 -1.042830944 7.845551014 -0.005610007 0.794269025 0.242917225 0.556863070
1403636665.013556 7.122859001 -1.054276347 7.879991531 -0.006215577 0.792132795 0.246987954 0.558107495
1403636665.063555 7.156958580 -1.067024350 7.916591167 -0.009160903 0.790321410 0.251002699 0.558843374
1403636665.113555 7.189142227 -1.083153129 7.954059601 -0.010849120 0.788557470 0.254490376 0.559726834
1403636665.163556 7.225244045 -1.097033381 7.975874901 -0.012100040 0.786657333 0.257717848 0.560896933
1403636665.213556 7.258853912 -1.114388108 8.011476517 -0.008885240 0.785265505 0.260217309 0.561752677
1403636665.263556 7.292657375 -1.132292628 8.043771744 -0.001616854 0.784701347 0.260684162 0.562392175
1403636665.313555 7.328129768 -1.153178334 8.075330734 0.003765150 0.785041094 0.259228349 0.562580526
1403636665.363556 7.359567642 -1.175334454 8.113202095 0.005786975 0.785575330 0.257763088 0.562491000
1403636665.413555 7.394916534 -1.191820264 8.139052391 0.004552930 0.786163449 0.255989254 0.562490642
1403636665.463556 7.426848412 -1.203361869 8.161469460 0.000192003 0.786789119 0.253541738 0.562742829
1403636665.513556 7.461118698 -1.224275589 8.191029549 -0.005996117 0.788013935 0.251788586 0.561783433
1403636665.563555 7.494784355 -1.236763954 8.209515572 -0.010956898 0.789083719 0.248824656 0.561527550
1403636665.613555 7.528299332 -1.261106968 8.248362541 -0.016373416 0.790170610 0.247546554 0.560431123
1403636665.663556 7.558820724 -1.274791121 8.275757790 -0.018411642 0.790953875 0.246052086 0.559920847
1403636665.713556 7.593028545 -1.297975063 8.304059029 -0.019029699 0.792038560 0.244466558 0.559060812
1403636665.763556 7.627296448 -1.320632458 8.333866119 -0.018197244 0.793586195 0.241526365 0.558171093
1403636665.813555 7.661952972 -1.345048308 8.365222931 -0.015605100 0.794535398 0.240447789 0.557364285
1403636665.863556 7.694397926 -1.368969083 8.401740074 -0.006851356 0.794679582 0.241381899 0.556931019
1403636665.913555 7.728613853 -1.398884892 8.438231468 0.001427478 0.794106245 0.245007485 0.556205630
1403636665.963556 7.761259079 -1.421005011 8.471331596 0.008919298 0.793247700 0.248769492 0.555690825
1403636666.013556 7.792818069 -1.443388462 8.506290436 0.013475996 0.792433321 0.252520055 0.555068970
1403636666.063555 7.824099541 -1.467897773 8.541433334 0.015693435 0.791924775 0.254862487 0.554665685
1403636666.113555 7.853231430 -1.484887719 8.572549820 0.014866256 0.792497694 0.253765494 0.554373085
1403636666.163556 7.881541252 -1.497812748 8.606699944 0.011701109 0.793933809 0.250260502 0.553987324
1403636666.213556 7.909473896 -1.512073517 8.642116547 0.010587188 0.794870198 0.247722700 0.553807497
1403636666.263556 7.935989380 -1.523030877 8.676808357 0.010715239 0.795067191 0.246903419 0.553888083
1403636666.313555 7.961992264 -1.535257339 8.712249756 0.012843969 0.795140207 0.246699989 0.553828776
1403636666.363556 7.984814644 -1.537517428 8.744007111 0.016080651 0.794478655 0.246304139 0.554868758
1403636666.413555 8.007099152 -1.547235250 8.777592659 0.018545495 0.793240488 0.249100700 0.555314720
1403636666.463556 8.028461456 -1.553698897 8.811658859 0.019703669 0.791899085 0.251568019 0.556076586
1403636666.513556 8.049902916 -1.570082307 8.844011307 0.019009542 0.790746331 0.253825426 0.556714833
1403636666.563555 8.068288803 -1.581669092 8.879361153 0.015345366 0.790345490 0.254492342 0.557092547
1403636666.613555 8.084226608 -1.591755748 8.909431458 0.010760637 0.789562464 0.255223095 0.557975292
1403636666.663556 8.103822708 -1.611269474 8.940531731 0.004630275 0.789407432 0.254972696 0.558393478
1403636666.713556 8.118602753 -1.625543714 8.959507942 -0.001024507 0.787930012 0.256833881 0.559644103
1403636666.763556 8.134472847 -1.643869281 8.991696358 -0.005929058 0.786934972 0.259017974 0.560006976
1403636666.813555 8.148242950 -1.665919185 9.016715050 -0.008389114 0.785171092 0.262245387 0.560948491
1403636666.863556 8.165584564 -1.683548808 9.039440155 -0.009140351 0.782505751 0.268411547 0.561744034
1403636666.913555 8.180309296 -1.699923992 9.069407463 -0.005054037 0.778578639 0.278423071 0.562379062
1403636666.963556 8.200933456 -1.713352203 9.098850250 -0.000727604 0.775187671 0.287080139 0.562733114
1403636667.013556 8.223546982 -1.722778797 9.121281624 0.002476642 0.773653269 0.290187865 0.563245416
1403636667.063555 8.244482040 -1.730168104 9.141711235 0.004818234 0.773468912 0.289624304 0.563773394
1403636667.113555 8.264997482 -1.734912992 9.167222023 0.005219006 0.776852071 0.280400753 0.563780963
1403636667.163556 8.284463882 -1.743548155 9.188672066 0.004020664 0.781172216 0.268249065 0.563734174
1403636667.213556 8.311128616 -1.751108050 9.208871841 0.002990379 0.784440637 0.258431792 0.563787997
1403636667.263556 8.332234383 -1.754573107 9.223609924 0.000305797 0.787227154 0.249378517 0.563989043
1403636667.313555 8.350355148 -1.753232002 9.243210793 -0.001679311 0.788911045 0.243000418 0.564417720
1403636667.363556 8.371791840 -1.754594207 9.260273933 -0.001851344 0.789443672 0.240360245 0.564802766
1403636667.413555 8.390417099 -1.750236750 9.285190582 -0.003149109 0.789599001 0.239429012 0.564975321
1403636667.463556 8.411223412 -1.754223108 9.308565140 -0.006048847 0.788543999 0.242161363 0.565260708
1403636667.513556 8.430513382 -1.754758239 9.334118843 -0.008445253 0.787179530 0.245304197 0.565776408
1403636667.563555 8.453797340 -1.754277468 9.362445831 -0.009355661 0.784965038 0.251935750 0.565924644
1403636667.613555 8.470338821 -1.751788378 9.384859085 -0.008302561 0.782455981 0.258694261 0.566366494
1403636667.663556 8.484025002 -1.757843018 9.406579971 -0.007294776 0.780292034 0.263995409 0.566919267
1403636667.713556 8.504510880 -1.762549758 9.427575111 -0.004843208 0.778982460 0.267439872 0.567132056
1403636667.763556 8.530714035 -1.780565739 9.449586868 -0.003456198 0.778680086 0.269203842 0.566722631
1403636667.813555 8.552278519 -1.785278082 9.468722343 -0.001694327 0.778957963 0.268413037 0.566723943
1403636667.863556 8.571508408 -1.798598289 9.487670898 -0.000668653 0.778995872 0.268982589 0.566403866
1403636667.913555 8.591968536 -1.805741310 9.505324364 0.000861990 0.779135227 0.269373059 0.566026151
1403636667.963556 8.615648270 -1.808096886 9.518597603 0.000240740 0.778989196 0.269873202 0.565989614
1403636668.013556 8.640283585 -1.816911459 9.537633896 0.000242769 0.779535651 0.269463450 0.565432012
1403636668.063555 8.661275864 -1.819873691 9.557175636 -0.001714714 0.780928373 0.267434448 0.564470232
1403636668.113555 8.685938835 -1.817910314 9.574690819 -0.003804465 0.782268167 0.265266865 0.563627064
1403636668.163556 8.708459854 -1.819968343 9.593067169 -0.006572821 0.783713698 0.263678342 0.562337458
1403636668.213556 8.730867386 -1.815306783 9.608271599 -0.009875643 0.784419179 0.263513595 0.561381876
1403636668.263556 8.755898476 -1.809233427 9.624706268 -0.012766206 0.785206318 0.263235331 0.560352683
1403636668.313555 8.782869339 -1.807787657 9.646362305 -0.015058099 0.786343038 0.263024300 0.558798790
1403636668.363556 8.807619095 -1.797517300 9.667778015 -0.015294231 0.787324786 0.262587577 0.557614028
1403636668.413555 8.834383965 -1.789673686 9.685147285 -0.015296744 0.788372159 0.261556536 0.556617916
1403636668.463556 8.862895012 -1.783580184 9.705078125 -0.014493629 0.789729416 0.259895653 0.555492163
1403636668.513556 8.889245033 -1.777481675 9.725843430 -0.014657689 0.790777206 0.259048760 0.554391801
1403636668.563555 8.915790558 -1.768076181 9.746743202 -0.014196068 0.791384876 0.259199768 0.553465366
1403636668.613555 8.947397232 -1.758353949 9.770681381 -0.014335444 0.792200089 0.258936435 0.552417815
1403636668.663556 8.977747917 -1.750149250 9.788545609 -0.014997048 0.792737365 0.259060353 0.551570714
1403636668.713556 9.005519867 -1.742447972 9.807363510 -0.017828092 0.793990314 0.256458730 0.550899625
1403636668.763556 9.039301872 -1.737299085 9.832602501 -0.021514829 0.796079993 0.251848668 0.549878001
1403636668.813555 9.067516327 -1.724825144 9.855116844 -0.023054222 0.798219144 0.246702194 0.549046993
1403636668.863556 9.098568916 -1.721516371 9.877497673 -0.026615821 0.800044417 0.241067618 0.548732162
1403636668.913555 9.135623932 -1.717632294 9.903410912 -0.028190345 0.802111447 0.235255167 0.548158348
1403636668.963556 9.168185234 -1.720334530 9.927782059 -0.024792813 0.802600026 0.233957767 0.548162580
1403636669.013556 9.197330475 -1.727739215 9.955398560 -0.018824063 0.802256465 0.235306099 0.548325896
1403636669.063555 9.235706329 -1.743087053 9.987097740 -0.013659245 0.802076936 0.236506537 0.548225045
1403636669.113555 9.266425133 -1.750197053 10.015562057 -0.007960657 0.801780999 0.237728685 0.548241735
1403636669.163556 9.297815323 -1.764122367 10.046129227 -0.005322642 0.801624715 0.238897741 0.547993958
1403636669.213556 9.326623917 -1.776607633 10.076434135 -0.003137798 0.801761925 0.239100322 0.547721744
1403636669.263556 9.356014252 -1.786189556 10.108504295 -0.002210540 0.801975787 0.239107639 0.547409832
1403636669.313555 9.386299133 -1.793084025 10.143148422 -0.002872435 0.802343130 0.238769636 0.547015965
1403636669.363556 9.416108131 -1.799539328 10.180210114 -0.002779141 0.802141964 0.239949599 0.546795011
1403636669.413555 9.444761276 -1.804441929 10.216192245 -0.001711315 0.802465141 0.239222124 0.546643972
1403636669.463556 9.471397400 -1.809157133 10.254551888 0.000585089 0.802901149 0.237631246 0.546699882
1403636669.513556 9.497169495 -1.812192798 10.294013023 0.002078487 0.803466499 0.235119611 0.546951652
1403636669.563555 9.520224571 -1.813738942 10.333652496 0.004283549 0.804180622 0.232082099 0.547186494
1403636669.613555 9.545518875 -1.813729525 10.374087334 0.007001969 0.805473447 0.227024928 0.547378600
1403636669.663556 9.565859795 -1.819377184 10.413945198 0.009990683 0.806238353 0.222879976 0.547909141
1403636669.713556 9.583211899 -1.825814009 10.455901146 0.013398826 0.807211757 0.218621373 0.548118830
1403636669.763556 9.601831436 -1.832254529 10.500699043 0.016167339 0.807349265 0.217133194 0.548433185
1403636669.813555 9.610187531 -1.844041348 10.543336868 0.024602519 0.804893851 0.222089365 0.549742639
1403636669.863556 9.622728348 -1.856966972 10.590471268 0.036387969 0.801138103 0.230803251 0.550984085
1403636669.913555 9.635036469 -1.873262167 10.635737419 0.045260616 0.796193063 0.243121579 0.552195549
1403636669.963556 9.637948990 -1.889081717 10.679593086 0.051417045 0.792429447 0.252808452 0.552720249
1403636670.013556 9.643635750 -1.904302716 10.720899582 0.053597100 0.789680302 0.260092348 0.553068042
1403636670.063555 9.642185211 -1.922942281 10.758653641 0.055495594 0.787385702 0.265569210 0.553549469
1403636670.113555 9.638690948 -1.941722035 10.794455528 0.057353429 0.784731746 0.270050734 0.554958820
1403636670.163556 9.634185791 -1.964569211 10.823675156 0.061716370 0.782691896 0.271040291 0.556885660
1403636670.213556 9.626438141 -1.981784105 10.852454185 0.071322404 0.779892802 0.271634489 0.559370160
1403636670.263556 9.614131927 -1.999417186 10.877600670 0.080257758 0.777258933 0.271400779 0.561933160
1403636670.313555 9.601102829 -2.014589310 10.898763657 0.087448925 0.774405479 0.271901965 0.564551294
1403636670.363556 9.580427170 -2.023152351 10.918382645 0.091859363 0.770861447 0.273658097 0.567842960
1403636670.413555 9.561425209 -2.033073902 10.933217049 0.093708612 0.766733766 0.275800794 0.572076797
1403636670.463556 9.535905838 -2.036161900 10.947620392 0.095975600 0.761461675 0.278582394 0.577370524
1403636670.513556 9.509239197 -2.042828798 10.953468323 0.097315408 0.755992115 0.280201852 0.583517492
1403636670.563555 9.476181030 -2.051026344 10.956798553 0.097550079 0.749930322 0.280662000 0.591030717
1403636670.613555 9.439788818 -2.058824778 10.953413963 0.097043574 0.743612468 0.280433178 0.599149644
1403636670.663556 9.400020599 -2.065284491 10.942396164 0.095750585 0.737285018 0.278861284 0.607847869
1403636670.713556 9.357221603 -2.075660467 10.927105904 0.094547808 0.730848134 0.276408046 0.616863251
1403636670.763556 9.310442924 -2.082366467 10.903740883 0.094224073 0.723731279 0.274070889 0.626274705
1403636670.813555 9.261644363 -2.087698460 10.876253128 0.095728785 0.715376318 0.272798002 0.636124194
1403636670.863556 9.212838173 -2.087661028 10.842168808 0.099154055 0.705742300 0.272397727 0.646448612
1403636670.913555 9.161146164 -2.086031675 10.802333832 0.103433885 0.695492685 0.271612108 0.657128811
1403636670.963556 9.101880074 -2.088615179 10.760132790 0.109759137 0.684243977 0.270548820 0.668256283
1403636671.013556 9.042309761 -2.084315777 10.708114624 0.113231145 0.672949433 0.266943336 0.680484414
1403636671.063555 8.979244232 -2.079369545 10.650166512 0.113437518 0.662469983 0.260966778 0.692937136
1403636671.113555 8.912817001 -2.077286482 10.583570480 0.109116808 0.652840734 0.253588110 0.705397487
1403636671.163556 8.846834183 -2.071911812 10.511626244 0.102895923 0.643287241 0.246697605 0.717449784
1403636671.213556 8.776041031 -2.066069365 10.431539536 0.095585726 0.634410083 0.241265520 0.728133321
1403636671.263556 8.703139305 -2.060654640 10.350290298 0.085254833 0.627329648 0.235497773 0.737380445
1403636671.313555 8.629100800 -2.053419828 10.259756088 0.069619447 0.622352660 0.228947923 0.745260417
1403636671.363556 8.554796219 -2.044488907 10.165960312 0.049944330 0.619034052 0.219854623 0.752307355
1403636671.413555 8.481060028 -2.034866571 10.063886642 0.029778050 0.615283608 0.209732652 0.759309947
1403636671.463556 8.404954910 -2.023101091 9.960460663 0.012057668 0.609488964 0.202730998 0.766340673
1403636671.513556 8.330926895 -2.013585329 9.863707542 -0.002644561 0.602981269 0.199135050 0.772497177
1403636671.563555 8.257186890 -2.000009775 9.767599106 -0.013845938 0.596083999 0.198591337 0.777851939
1403636671.613555 8.187069893 -1.988072157 9.670475006 -0.024307886 0.589770913 0.199478537 0.782168567
1403636671.663556 8.116525650 -1.967704058 9.573827744 -0.032406233 0.584248841 0.201213568 0.785567462
1403636671.713556 8.050129890 -1.956857920 9.481533051 -0.039032016 0.579797983 0.203571931 0.787952602
1403636671.763556 7.988086700 -1.936024904 9.387282372 -0.044019874 0.576463580 0.205052972 0.789750099
1403636671.813555 7.929258823 -1.920621872 9.295961380 -0.050551437 0.574274421 0.205677539 0.790790856
1403636671.863556 7.872795105 -1.900797844 9.208120346 -0.055393271 0.572377384 0.207755610 0.791298509
1403636671.913555 7.822157383 -1.882314682 9.122215271 -0.061892558 0.571073115 0.210672528 0.790987909
1403636671.963556 7.775266647 -1.868513823 9.036922455 -0.069222480 0.570558310 0.212654948 0.790221035
1403636672.013556 7.728985786 -1.859974384 8.953075409 -0.077609882 0.570644200 0.213539690 0.789140522
1403636672.063555 7.694094658 -1.854683161 8.870146751 -0.083827808 0.572382569 0.210309580 0.788112283
1403636672.113555 7.665068626 -1.853688240 8.793815613 -0.088968754 0.575418591 0.203421056 0.787145376
1403636672.163556 7.634646416 -1.853159666 8.709866524 -0.091466539 0.578144014 0.197441533 0.786384225
1403636672.213556 7.611431599 -1.863322258 8.636790276 -0.093901269 0.580499947 0.193322763 0.785384417
1403636672.263556 7.593196869 -1.868921757 8.571893692 -0.094466761 0.582890987 0.190604642 0.784209132
1403636672.313555 7.580763817 -1.875882149 8.510008812 -0.095125720 0.585351884 0.185826078 0.783443034
1403636672.363556 7.569199562 -1.888427258 8.444864273 -0.095075294 0.588324785 0.178028643 0.783032835
1403636672.413555 7.559875965 -1.894656181 8.394191742 -0.093653820 0.591830373 0.168501943 0.782670319
1403636672.463556 7.557647705 -1.896929264 8.345266342 -0.087292053 0.595245540 0.158702806 0.782864153
1403636672.513556 7.560962677 -1.898839712 8.296954155 -0.072667055 0.597179294 0.154594839 0.783707082
1403636672.563555 7.565346241 -1.895896196 8.262689590 -0.056398224 0.598523259 0.150861666 0.784748316
1403636672.613555 7.561522484 -1.892728329 8.229761124 -0.040918536 0.598402083 0.151528910 0.785671413
1403636672.663556 7.559108257 -1.879878759 8.203686714 -0.028227599 0.598362029 0.152638346 0.786045551
1403636672.713556 7.556679726 -1.863065362 8.179182053 -0.021866817 0.596929193 0.157584563 0.786361575
1403636672.763556 7.555552959 -1.839770079 8.156416893 -0.021508636 0.594353974 0.164895356 0.786822915
1403636672.813555 7.550696850 -1.817934752 8.140695572 -0.023533225 0.590826452 0.171527699 0.788002908
1403636672.863556 7.550302505 -1.792225599 8.126004219 -0.025573803 0.587252378 0.172874063 0.790313303
1403636672.913555 7.544260979 -1.769097328 8.110918045 -0.026240319 0.582637012 0.171983048 0.793893874
1403636672.963556 7.539440632 -1.752623081 8.096590996 -0.027893420 0.577353358 0.169619903 0.798194289
1403636673.013556 7.540629864 -1.737934351 8.081472397 -0.029531306 0.570985138 0.166833922 0.803287148
1403636673.063555 7.537111282 -1.724660158 8.073156357 -0.032285463 0.565090716 0.163075551 0.808106780
1403636673.113555 7.533952713 -1.714566708 8.059774399 -0.035028070 0.558475852 0.160972610 0.812997878
1403636673.163556 7.529753685 -1.705330133 8.050565720 -0.040454317 0.552017510 0.161962718 0.816950560
1403636673.213556 7.530042171 -1.703990698 8.042347908 -0.048072577 0.545640945 0.164575621 0.820292532
1403636673.263556 7.531124115 -1.700624704 8.032930374 -0.056019675 0.539943099 0.166000903 0.823266029
1403636673.313555 7.530624866 -1.701501131 8.026479721 -0.061757196 0.535263717 0.168500498 0.825400770
1403636673.363556 7.536153316 -1.705123186 8.021296501 -0.065942712 0.531514525 0.169495746 0.827293813
1403636673.413555 7.543012619 -1.705634832 8.021184921 -0.066543132 0.529004216 0.168789387 0.828997433
1403636673.463556 7.554213047 -1.715530396 8.022872925 -0.066073634 0.527051628 0.168156445 0.830406070
1403636673.513556 7.567455292 -1.717074633 8.027702332 -0.065004803 0.525897145 0.166606054 0.831534147
1403636673.563555 7.582162857 -1.721275091 8.036634445 -0.062042955 0.525254130 0.164189309 0.832646787
1403636673.613555 7.599531174 -1.725741386 8.043223381 -0.056476228 0.525448084 0.159600928 0.833811879
1403636673.663556 7.614350319 -1.727967501 8.057635307 -0.050135609 0.526209950 0.154852390 0.834631860
1403636673.713556 7.636528015 -1.729162216 8.071950912 -0.043417051 0.526505411 0.150675818 0.835585952
1403636673.763556 7.659415722 -1.732057810 8.086090088 -0.036549814 0.527591109 0.144841194 0.836261153
1403636673.813555 7.678329468 -1.739358902 8.103917122 -0.030516131 0.527530372 0.142300010 0.836977363
1403636673.863556 7.697109222 -1.744766116 8.123529434 -0.027759861 0.527994335 0.139378577 0.837272346
1403636673.913555 7.717278004 -1.751155615 8.142748833 -0.029314596 0.528008163 0.138029367 0.837434113
1403636673.963556 7.737648010 -1.757430315 8.166303635 -0.029520413 0.527870774 0.137670562 0.837572515
1403636674.013556 7.756142616 -1.768110871 8.188421249 -0.029892946 0.527345598 0.139342964 0.837613642
1403636674.063555 7.776420116 -1.775755048 8.210721970 -0.029884741 0.526994109 0.139942542 0.837735176
1403636674.113555 7.795251846 -1.785631180 8.238586426 -0.029290970 0.526487410 0.141668171 0.837784648
1403636674.163556 7.811261177 -1.791484833 8.267831802 -0.027731966 0.526406467 0.141944215 0.837841868
1403636674.213556 7.824900627 -1.795992374 8.299765587 -0.024932263 0.526515067 0.142389178 0.837786078
1403636674.263556 7.839674473 -1.797540426 8.335177422 -0.020329142 0.526090801 0.144566491 0.837804139
1403636674.313555 7.857227325 -1.798703790 8.372586250 -0.015167525 0.524595678 0.149604246 0.837966502
1403636674.363556 7.870462894 -1.800078034 8.406161308 -0.011312600 0.521712184 0.155396223 0.838773131
1403636674.413555 7.883007526 -1.792671442 8.446913719 -0.006515736 0.517592132 0.160269171 0.840458035
1403636674.463556 7.904654503 -1.797620296 8.476026535 -0.002752210 0.511813283 0.163898289 0.843313098
1403636674.513556 7.915170670 -1.788861752 8.518690109 0.000930749 0.506433666 0.164811790 0.846381187
1403636674.563555 7.931214809 -1.782574415 8.549718857 0.002395587 0.500831604 0.164465249 0.849772394
1403636674.613555 7.944636345 -1.772827983 8.587789536 0.003305570 0.496726125 0.162626773 0.852528453
1403636674.663556 7.961615562 -1.761305809 8.622510910 0.003633243 0.493071645 0.159347698 0.855263352
1403636674.713556 7.976326942 -1.750695825 8.656513214 0.002737120 0.489001870 0.159386128 0.857593000
1403636674.763556 7.991558552 -1.735329986 8.693485260 -0.001466602 0.484870315 0.161054954 0.859627783
1403636674.813555 8.006501198 -1.720061779 8.724688530 -0.008167391 0.480401069 0.164832592 0.861381650
1403636674.863556 8.027780533 -1.702792168 8.758486748 -0.015085823 0.476591438 0.168388724 0.862715602
1403636674.913555 8.047191620 -1.689614773 8.785971642 -0.021365056 0.473286778 0.171295226 0.863829315
1403636674.963556 8.067411423 -1.679411650 8.820062637 -0.027704047 0.471212357 0.173700541 0.864302874
1403636675.013556 8.089558601 -1.671486855 8.851366997 -0.032174326 0.469439596 0.176275238 0.864591420
1403636675.063555 8.115411758 -1.667639971 8.879931450 -0.037615713 0.468317866 0.176885366 0.864855468
1403636675.113555 8.144458771 -1.664595604 8.905809402 -0.041908860 0.468902647 0.174189687 0.864888370
1403636675.163556 8.174082756 -1.666980267 8.932970047 -0.048173759 0.470425814 0.168922901 0.864779651
1403636675.213556 8.208800316 -1.672086954 8.958858490 -0.052111838 0.472790062 0.160599768 0.864847720
1403636675.263556 8.241133690 -1.679116249 8.991794586 -0.055109318 0.475579947 0.153975293 0.864336908
1403636675.313555 8.279211044 -1.688235760 9.018716812 -0.056819536 0.477428943 0.148553282 0.864155710
1403636675.363556 8.319865227 -1.703250885 9.049421310 -0.053855449 0.479212821 0.141891703 0.864477575
1403636675.413555 8.361898422 -1.723805189 9.081186295 -0.047512077 0.479565084 0.135004684 0.865756154
1403636675.463556 8.400850296 -1.738447428 9.117034912 -0.041139938 0.477902979 0.129451290 0.867847085
1403636675.513556 8.441576004 -1.753517151 9.154411316 -0.036523409 0.475636005 0.122384593 0.870320916
1403636675.563555 8.482410431 -1.764807343 9.193336487 -0.032097895 0.473061860 0.114829794 0.872924030
1403636675.613555 8.518295288 -1.777706504 9.237379074 -0.028637061 0.470474154 0.108375393 0.875264943
1403636675.663556 8.554540634 -1.788942099 9.282914162 -0.025871590 0.466658592 0.103868872 0.877936006
1403636675.713556 8.589738846 -1.798419118 9.330385208 -0.021718508 0.461376339 0.100461103 0.881230772
1403636675.763556 8.628051758 -1.805770755 9.378237724 -0.015570932 0.454537392 0.098530740 0.885124326
1403636675.813555 8.659208298 -1.818442106 9.422495842 -0.008147391 0.444751471 0.102906123 0.889685392
1403636675.863556 8.683364868 -1.829161167 9.477920532 -0.000081943 0.434144676 0.109103613 0.894211829
1403636675.913555 8.711503029 -1.831023574 9.532730103 0.005133905 0.421717167 0.117605828 0.899053514
1403636675.963556 8.741003990 -1.836308956 9.581733704 0.006926994 0.408917874 0.124528319 0.904008269
1403636676.013556 8.769464493 -1.836069465 9.630539894 0.006008936 0.397051334 0.127812639 0.908833385
1403636676.063555 8.791989326 -1.838291407 9.678916931 0.003643354 0.386913627 0.127194956 0.913294077
1403636676.113555 8.819887161 -1.837722778 9.729197502 -0.001412983 0.378198773 0.122394942 0.917596400
1403636676.163556 8.842641830 -1.830864072 9.771465302 -0.007083695 0.370653242 0.111657068 0.922007978
1403636676.213556 8.874277115 -1.823086739 9.820287704 -0.012371779 0.362859160 0.100620896 0.926312923
1403636676.263556 8.900020599 -1.813346505 9.865515709 -0.018987766 0.355582207 0.086646639 0.930426300
1403636676.313555 8.925938606 -1.803475857 9.916100502 -0.025156919 0.346448720 0.076507285 0.934605300
1403636676.363556 8.952672005 -1.798962712 9.962955475 -0.028360849 0.337627769 0.063967891 0.938675284
1403636676.413555 8.974454880 -1.796666980 10.018115044 -0.031906608 0.328677356 0.053719040 0.942373276
1403636676.463556 8.995729446 -1.798951268 10.065427780 -0.033684000 0.317620546 0.048348293 0.946385264
1403636676.513556 9.010478020 -1.801197410 10.119942665 -0.034459472 0.306105256 0.046333842 0.950244844
1403636676.563555 9.030054092 -1.811028600 10.172704697 -0.031995840 0.293830991 0.048271615 0.954101384
1403636676.613555 9.047504425 -1.817808390 10.218923569 -0.029739868 0.282315046 0.049830928 0.957564950
1403636676.663556 9.062831879 -1.832735300 10.268928528 -0.026771164 0.272959650 0.051976830 0.960247219
1403636676.713556 9.075824738 -1.847620726 10.325695038 -0.023919757 0.265493751 0.054690078 0.962262928
1403636676.763556 9.087154388 -1.864094377 10.376619339 -0.020460904 0.259328067 0.057435889 0.963862777
1403636676.813555 9.104378700 -1.887483478 10.428967476 -0.018933298 0.253025800 0.060727697 0.965366066
1403636676.863556 9.113062859 -1.902441144 10.483747482 -0.017687632 0.247094423 0.064238399 0.966697931
1403636676.913555 9.130835533 -1.929602027 10.530026436 -0.016300349 0.242643297 0.065818071 0.967742980
1403636676.963556 9.148101807 -1.951800585 10.576053619 -0.015454383 0.239194214 0.066952556 0.968537390
1403636677.013556 9.163341522 -1.965644121 10.625605583 -0.015115942 0.237950414 0.064826161 0.968993604
1403636677.063555 9.182390213 -1.976062298 10.676346779 -0.015796402 0.238576189 0.059480641 0.969171762
1403636677.113555 9.200566292 -1.980537891 10.727425575 -0.016365938 0.239795819 0.054171849 0.969172597
1403636677.163556 9.214021683 -1.983204126 10.786837578 -0.017554406 0.241827741 0.049265653 0.968908727
1403636677.213556 9.233064651 -1.980512619 10.841075897 -0.016310049 0.243012503 0.045524709 0.968816996
1403636677.263556 9.251131058 -1.979682207 10.897994041 -0.013682382 0.243466690 0.041669402 0.968917131
1403636677.313555 9.266494751 -1.980227947 10.949884415 -0.010000062 0.241709158 0.039075475 0.969510078
1403636677.363556 9.278875351 -1.981884480 10.999296188 -0.004419702 0.238478824 0.034941833 0.970508814
1403636677.413555 9.283500671 -1.990903258 11.056740761 0.001562996 0.234865755 0.031420913 0.971518576
1403636677.463556 9.293227196 -1.999410629 11.107429504 0.008278244 0.229153380 0.028660046 0.972933114
1403636677.513556 9.299938202 -2.011477232 11.153548241 0.013443785 0.221862376 0.027652850 0.974593103
1403636677.563555 9.301268578 -2.022499323 11.201644897 0.017230563 0.213984445 0.026792007 0.976317585
1403636677.613555 9.304363251 -2.034729004 11.243893623 0.018985124 0.204297200 0.027442997 0.978339970
1403636677.663556 9.303066254 -2.045967817 11.282954216 0.018711599 0.194369927 0.028245253 0.980342984
1403636677.713556 9.301259995 -2.060401678 11.318925858 0.018242083 0.182879716 0.029862976 0.982512295
1403636677.763556 9.297629356 -2.072835445 11.355737686 0.015387542 0.171425015 0.030595496 0.984601736
1403636677.813555 9.298521042 -2.088213205 11.386230469 0.010131018 0.157703057 0.033620391 0.986862063
1403636677.863556 9.291606903 -2.102497816 11.420146942 0.004783547 0.143251806 0.037753072 0.988954365
1403636677.913555 9.292837143 -2.118776321 11.443192482 -0.001181455 0.128307521 0.039861526 0.990932345
1403636677.963556 9.291892052 -2.137139797 11.470276833 -0.005854756 0.114285380 0.039846476 0.992631257
1403636678.013556 9.290022850 -2.151483059 11.496884346 -0.009941348 0.101812713 0.036578897 0.994081140
1403636678.063555 9.292345047 -2.167166948 11.520056725 -0.011419391 0.090535060 0.031657167 0.995324492
1403636678.113555 9.298463821 -2.178077221 11.542901039 -0.011420132 0.081988618 0.023656158 0.996286988
1403636678.163556 9.301924706 -2.186511517 11.572606087 -0.011052165 0.075511500 0.015528251 0.996962726
1403636678.213556 9.310358047 -2.193849564 11.596029282 -0.011876384 0.069923759 0.006846000 0.997458160
1403636678.263556 9.314537048 -2.200463772 11.624721527 -0.011918912 0.064493299 -0.000718864 0.997846723
1403636678.313555 9.321172714 -2.206422329 11.650563240 -0.011356996 0.057612766 -0.006035959 0.998256147
1403636678.363556 9.328920364 -2.217699528 11.675020218 -0.010869163 0.048962925 -0.007720865 0.998711586
1403636678.413555 9.337915421 -2.227754593 11.696303368 -0.012056718 0.040198743 -0.009827785 0.999070585
1403636678.463556 9.341564178 -2.240870714 11.720802307 -0.012960312 0.031943981 -0.013391052 0.999315917
1403636678.513556 9.350894928 -2.259300470 11.739141464 -0.014660506 0.022916403 -0.016812705 0.999488473
1403636678.563555 9.355890274 -2.276729584 11.758853912 -0.014610612 0.013656426 -0.019847497 0.999602973
1403636678.613555 9.363837242 -2.297002316 11.774765968 -0.014583171 0.002622817 -0.023969227 0.999602914
1403636678.663556 9.371654510 -2.313237667 11.794353485 -0.013776798 -0.007748742 -0.031096440 0.999391377
1403636678.713556 9.375452995 -2.328499794 11.816783905 -0.013221490 -0.017229702 -0.041357659 0.998908341
1403636678.763556 9.380323410 -2.341011763 11.836348534 -0.012860071 -0.027416052 -0.053463738 0.998110533
1403636678.813555 9.388735771 -2.355897427 11.852268219 -0.013196981 -0.037390679 -0.066307522 0.997011125
1403636678.863556 9.393400192 -2.364588499 11.869488716 -0.013612224 -0.046389837 -0.077797204 0.995796323
1403636678.913555 9.395762444 -2.371629953 11.889437675 -0.013047420 -0.054373141 -0.089119308 0.994450152
1403636678.963556 9.395771980 -2.376703501 11.907549858 -0.013588830 -0.063564464 -0.096415468 0.993216455
1403636679.013556 9.392378807 -2.381286860 11.928591728 -0.012496362 -0.073617436 -0.100341901 0.992147088
1403636679.063555 9.386156082 -2.383473158 11.948315620 -0.011257416 -0.084692270 -0.101549141 0.991154969
1403636679.113555 9.378265381 -2.385572672 11.970653534 -0.009397570 -0.096480243 -0.102061577 0.990043759
1403636679.163556 9.368673325 -2.383545876 11.987737656 -0.007315019 -0.109858863 -0.098425254 0.989034891
1403636679.213556 9.353923798 -2.382786751 12.008484840 -0.004463058 -0.124569312 -0.093297146 0.987804711
1403636679.263556 9.341171265 -2.383833408 12.021467209 -0.002458055 -0.139650375 -0.088990882 0.986190796
1403636679.313555 9.328290939 -2.381441832 12.038151741 -0.001173566 -0.154372901 -0.085571669 0.984299302
1403636679.363556 9.313223839 -2.385367632 12.046764374 -0.000050824 -0.168255925 -0.085518882 0.982026756
1403636679.413555 9.298265457 -2.387008667 12.059738159 -0.000333480 -0.181460574 -0.086892717 0.979551733
1403636679.463556 9.285285950 -2.389788628 12.069538116 -0.000480603 -0.194362581 -0.088966668 0.976886809
1403636679.513556 9.274522781 -2.395846128 12.074751854 -0.001550961 -0.206014499 -0.092502162 0.974165797
1403636679.563555 9.263209343 -2.402099609 12.082565308 -0.002831743 -0.215850815 -0.095696494 0.971721470
1403636679.613555 9.253658295 -2.411372423 12.087491989 -0.004207125 -0.224652901 -0.097578697 0.969531715
1403636679.663556 9.243192673 -2.424846172 12.089073181 -0.007216759 -0.231436893 -0.099930927 0.967676938
1403636679.713556 9.236329079 -2.436113119 12.090251923 -0.008758956 -0.236958921 -0.102486372 0.966059148
1403636679.763556 9.228206635 -2.451306820 12.092201233 -0.008604770 -0.240747347 -0.106410347 0.964698672
1403636679.813555 9.220692635 -2.468068600 12.093553543 -0.004965608 -0.244103298 -0.108062655 0.963696718
1403636679.863556 9.213936806 -2.489617109 12.094974518 -0.000959692 -0.246064574 -0.110066004 0.962983251
1403636679.913555 9.207182884 -2.510418177 12.091915131 0.005033358 -0.246744365 -0.114188887 0.962316394
1403636679.963556 9.201897621 -2.532156944 12.087696075 0.007142658 -0.246440217 -0.117875494 0.961936355
1403636680.013556 9.196470261 -2.554866314 12.080886841 0.010122654 -0.244157895 -0.124818660 0.961615682
1403636680.063555 9.192728043 -2.576318264 12.077369690 0.012860263 -0.241534218 -0.132201970 0.961258829
1403636680.113555 9.186086655 -2.600668907 12.068347931 0.016303236 -0.238138661 -0.140345380 0.960899234
1403636680.163556 9.179515839 -2.621720791 12.054233551 0.017539646 -0.235942006 -0.144385457 0.960820794
1403636680.213556 9.171171188 -2.638861656 12.041131973 0.017862627 -0.235752702 -0.143442288 0.961002588
1403636680.263556 9.161851883 -2.656699181 12.025951385 0.020491924 -0.235500425 -0.142417833 0.961164296
1403636680.313555 9.151482582 -2.668603182 12.009274483 0.022246338 -0.233187661 -0.145152986 0.961279988
1403636680.363556 9.138518333 -2.678168058 11.991477966 0.021443553 -0.229483336 -0.151348144 0.961234272
1403636680.413555 9.124917984 -2.687012911 11.970823288 0.019023547 -0.226131693 -0.156034321 0.961330235
1403636680.463556 9.110828400 -2.689585447 11.949706078 0.016919008 -0.223531201 -0.159191117 0.961460233
1403636680.513556 9.092411041 -2.690844536 11.926942825 0.014844251 -0.221021160 -0.161610901 0.961671054
1403636680.563555 9.071931839 -2.691174746 11.900026321 0.012310139 -0.220087051 -0.159962788 0.962196529
1403636680.613555 9.050081253 -2.690943003 11.870808601 0.011110305 -0.220109269 -0.155918613 0.962869644
1403636680.663556 9.025472641 -2.684932709 11.843366623 0.010330258 -0.219527647 -0.153869808 0.963340521
1403636680.713556 8.999483109 -2.680244923 11.810562134 0.007497793 -0.219933614 -0.149760142 0.963921607
1403636680.763556 8.967296600 -2.671973705 11.776410103 0.002881854 -0.221824080 -0.141014218 0.964831948
1403636680.813555 8.936458588 -2.664538383 11.742916107 -0.001157867 -0.224180847 -0.131830230 0.965589106
1403636680.863556 8.905995369 -2.657431602 11.708805084 -0.006552925 -0.227313086 -0.120593719 0.966303766
1403636680.913555 8.874385834 -2.646885157 11.675160408 -0.013796732 -0.230205342 -0.110053651 0.966800570
1403636680.963556 8.844825745 -2.630092621 11.641887665 -0.022874648 -0.231704086 -0.104588196 0.966877043
1403636681.013556 8.812077522 -2.613702536 11.608259201 -0.031220250 -0.231110677 -0.104071185 0.966841400
1403636681.063555 8.777173996 -2.596175909 11.575012207 -0.039374176 -0.230180621 -0.105253987 0.966637552
1403636681.113555 8.748098373 -2.578176498 11.548744202 -0.044807997 -0.229138941 -0.108186252 0.966324687
1403636681.163556 8.719009399 -2.561014891 11.522481918 -0.044527829 -0.228421852 -0.110304080 0.966267943
1403636681.213556 8.687747955 -2.541855812 11.500701904 -0.037843216 -0.227564767 -0.114271507 0.966294050
1403636681.263556 8.654856682 -2.526950359 11.474367142 -0.028402369 -0.227036238 -0.117392734 0.966367841
1403636681.313555 8.622628212 -2.514713764 11.453628540 -0.021332366 -0.227376610 -0.117853530 0.966413677
1403636681.363556 8.587907791 -2.503349543 11.431150436 -0.014561598 -0.227814853 -0.117295936 0.966504037
1403636681.413555 8.555613518 -2.495918512 11.406930923 -0.009934206 -0.229213208 -0.115418784 0.966458023
1403636681.463556 8.525144577 -2.489755869 11.379503250 -0.007349811 -0.230943903 -0.112708561 0.966389000
1403636681.513556 8.489797592 -2.483455181 11.356490135 -0.005630947 -0.232172683 -0.111319050 0.966267169
1403636681.563555 8.455349922 -2.475265265 11.328706741 -0.005080399 -0.233135566 -0.111208774 0.966051042
1403636681.613555 8.416289330 -2.466377735 11.301605225 -0.004548220 -0.232668877 -0.114459127 0.965786517
1403636681.663556 8.382657051 -2.457357407 11.274530411 -0.003959315 -0.233068362 -0.115727380 0.965541601
1403636681.713556 8.349206924 -2.447878838 11.248441696 -0.003342322 -0.233485177 -0.117406853 0.965240479
1403636681.763556 8.315666199 -2.435250282 11.222915649 -0.002336887 -0.234017938 -0.118218869 0.965015292
1403636681.813555 8.281150818 -2.424980640 11.195052147 -0.001886848 -0.234597221 -0.118794732 0.964804828
1403636681.863556 8.248327255 -2.413110018 11.169065475 -0.001240886 -0.235851556 -0.118430957 0.964544773
1403636681.913555 8.209218979 -2.402740240 11.134079933 -0.000511115 -0.236363202 -0.118093379 0.964461565
1403636681.963556 8.173063278 -2.394070625 11.102545738 -0.000732730 -0.237549216 -0.117047057 0.964297593
1403636682.013556 8.138551712 -2.388654470 11.071395874 -0.001197500 -0.238858864 -0.116050683 0.964093983
1403636682.063555 8.100552559 -2.384704828 11.036548615 -0.002146019 -0.239799276 -0.114477850 0.964046955
1403636682.113555 8.066724777 -2.380877733 10.999074936 -0.002055015 -0.240776017 -0.113543771 0.963914156
1403636682.163556 8.030008316 -2.379703760 10.966177940 -0.002748348 -0.241632417 -0.112543084 0.963815510
1403636682.213556 7.996833801 -2.376068354 10.931007385 -0.005694814 -0.242351621 -0.112211540 0.963660657
1403636682.263556 7.964080334 -2.373867035 10.895648956 -0.010177611 -0.242809966 -0.111280262 0.963616312
1403636682.313555 7.929740429 -2.363916397 10.858712196 -0.015852654 -0.242242783 -0.112198479 0.963575959
1403636682.363556 7.894981861 -2.359504461 10.822210312 -0.022346709 -0.241784751 -0.112224460 0.963559270
1403636682.413555 7.863175869 -2.352422237 10.790872574 -0.025719095 -0.241468862 -0.112284772 0.963547289
1403636682.463556 7.826377392 -2.345562458 10.757751465 -0.024061514 -0.240916863 -0.111770891 0.963788033
1403636682.513556 7.793089867 -2.331650734 10.728937149 -0.019194240 -0.239864171 -0.112735316 0.964047432
1403636682.563555 7.760636330 -2.321161509 10.701761246 -0.014487321 -0.238980174 -0.113517225 0.964257479
1403636682.613555 7.727343082 -2.307286501 10.670766830 -0.010028343 -0.238079831 -0.114195831 0.964456677
1403636682.663556 7.696089745 -2.296813250 10.643022537 -0.006465137 -0.237126246 -0.114359781 0.964702606
1403636682.713556 7.659867287 -2.283083677 10.611124039 -0.004420300 -0.236836776 -0.112339139 0.965022624
1403636682.763556 7.627773285 -2.271242380 10.580657959 -0.002323833 -0.236674905 -0.110223658 0.965313613
1403636682.813555 7.594830513 -2.260315895 10.548109055 0.000141221 -0.235995784 -0.108860008 0.965637326
1403636682.863556 7.560667992 -2.251569033 10.519719124 0.002062474 -0.234921619 -0.110203043 0.965744734
1403636682.913555 7.529737473 -2.241138458 10.485878944 0.003149649 -0.232956976 -0.112554044 0.965946555
1403636682.963556 7.500781059 -2.233280420 10.450628281 0.003998117 -0.231793523 -0.114954598 0.965940595
1403636683.013556 7.468169689 -2.224792719 10.415061951 0.004623530 -0.230460137 -0.118028291 0.965886116
1403636683.063555 7.436944008 -2.220656633 10.376857758 0.005690681 -0.230334699 -0.117830619 0.965934515
1403636683.113555 7.403086185 -2.215801239 10.338213921 0.004276483 -0.230590850 -0.117658250 0.965901732
1403636683.163556 7.366786480 -2.202294588 10.303450584 0.003519460 -0.231448114 -0.115910903 0.965910971
1403636683.213556 7.331241608 -2.191272736 10.263719559 0.001227480 -0.232389018 -0.114476725 0.965861738
1403636683.263556 7.297066689 -2.179328203 10.221286774 0.000023680 -0.233095080 -0.113365971 0.965823412
1403636683.313555 7.262979031 -2.163485050 10.182882309 -0.000982685 -0.234425783 -0.111949541 0.965665996
1403636683.363556 7.229936600 -2.143592119 10.141206741 -0.001710603 -0.235488638 -0.110912025 0.965526164
1403636683.413555 7.196661472 -2.126797676 10.103351593 -0.002387895 -0.236554414 -0.110327184 0.965331137
1403636683.463556 7.165634155 -2.107013941 10.066869736 -0.003221347 -0.238112658 -0.109895557 0.964994788
1403636683.513556 7.136640549 -2.084645748 10.027889252 -0.003100525 -0.238729596 -0.110372663 0.964788258
1403636683.563555 7.108145714 -2.061637163 9.994228363 -0.003266701 -0.239824682 -0.109828182 0.964578271
1403636683.613555 7.070418358 -2.037429810 9.953937531 -0.004944982 -0.239892498 -0.110247605 0.964506388
1403636683.663556 7.038682461 -2.015367985 9.914718628 -0.007516186 -0.240588859 -0.110139288 0.964328706
1403636683.713556 7.005911827 -1.989485741 9.876056671 -0.010178600 -0.240809113 -0.110562205 0.964200914
1403636683.763556 6.984705925 -1.963917375 9.843942642 -0.013004201 -0.242326632 -0.109471984 0.963911116
1403636683.813555 6.946405411 -1.944748163 9.801246643 -0.016198687 -0.242085829 -0.110931754 0.963756323
1403636683.863556 6.917119503 -1.928484201 9.761314392 -0.019328857 -0.243574232 -0.109079994 0.963534892
1403636683.913555 6.882423401 -1.907513976 9.721143723 -0.019141139 -0.243348688 -0.111358695 0.963334978
1403636683.963556 6.851676941 -1.892755747 9.679269791 -0.018969944 -0.244158909 -0.110531501 0.963228583
1403636684.013556 6.820695877 -1.882304668 9.640461922 -0.017228981 -0.245215178 -0.109832473 0.963072956
1403636684.063555 6.792658806 -1.874526620 9.602567673 -0.015207550 -0.246437460 -0.109738022 0.962805748
1403636684.113555 6.758855820 -1.863529086 9.562428474 -0.013183231 -0.247084171 -0.109952688 0.962645292
1403636684.163556 6.730842590 -1.861486435 9.520195007 -0.012370517 -0.248262674 -0.110424124 0.962298870
1403636684.213556 6.698940754 -1.858665824 9.480314255 -0.011017999 -0.249332920 -0.109952644 0.962092578
1403636684.263556 6.671324730 -1.857596993 9.439025879 -0.009561118 -0.250735700 -0.109187812 0.961830676
1403636684.313555 6.640743732 -1.859944701 9.396034241 -0.007513748 -0.251426965 -0.109501123 0.961632788
1403636684.363556 6.613649368 -1.857628107 9.357851982 -0.005673289 -0.252528697 -0.109382600 0.961370111
1403636684.413555 6.590207100 -1.856807113 9.317384720 -0.004672579 -0.253541172 -0.109359652 0.961111605
1403636684.463556 6.561676979 -1.850140572 9.281396866 -0.004345425 -0.254539013 -0.108177349 0.960983217
1403636684.513556 6.535721779 -1.841855288 9.239689827 -0.004535224 -0.256171077 -0.105172068 0.960882246
1403636684.563555 6.509253979 -1.829556465 9.200145721 -0.003526231 -0.256972998 -0.103307620 0.960874557
1403636684.613555 6.483325958 -1.817620158 9.162307739 -0.003459870 -0.257995754 -0.101408638 0.960803032
1403636684.663556 6.460094452 -1.801186562 9.127446175 -0.002865437 -0.258793443 -0.100894235 0.960644662
1403636684.713556 6.439043045 -1.787786126 9.088649750 -0.002219498 -0.259191126 -0.099995591 0.960633099
1403636684.763556 6.413454533 -1.772581577 9.046253204 -0.001656893 -0.258928180 -0.100833699 0.960617483
1403636684.813555 6.394903183 -1.755022526 9.012372017 -0.001418756 -0.259133726 -0.100454777 0.960602164
1403636684.863556 6.375168324 -1.733471990 8.976640701 -0.001658686 -0.258785009 -0.101772711 0.960557103
1403636684.913555 6.354960442 -1.711177826 8.939855576 -0.000050828 -0.257343680 -0.104864620 0.960613132
1403636684.963556 6.335439205 -1.690819860 8.902292252 -0.000005111 -0.255078793 -0.110601954 0.960573792
1403636685.013556 6.324090958 -1.669755697 8.870007515 -0.000118561 -0.253552765 -0.114260174 0.960549653
1403636685.063555 6.311568260 -1.652120113 8.831865311 -0.000368467 -0.252301693 -0.116973504 0.960552394
1403636685.113555 6.293274879 -1.635572195 8.792227745 -0.002039487 -0.251136541 -0.117964983 0.960734367
1403636685.163556 6.280447483 -1.618460894 8.755034447 -0.004555910 -0.250681311 -0.117078051 0.960953116
1403636685.213556 6.265628815 -1.606031537 8.713370323 -0.006349787 -0.248568952 -0.119772777 0.961159527
1403636685.263556 6.249969482 -1.595170736 8.672450066 -0.007809466 -0.246295124 -0.122493528 0.961391211
1403636685.313555 6.234550476 -1.585689068 8.628048897 -0.008736228 -0.244233027 -0.124569006 0.961642623
1403636685.363556 6.218649864 -1.580945253 8.583253860 -0.009396548 -0.242720068 -0.125654623 0.961878181
1403636685.413555 6.199609756 -1.570564032 8.542107582 -0.009079408 -0.241538033 -0.125144839 0.962245166
1403636685.463556 6.182455063 -1.562039852 8.497897148 -0.010204321 -0.241217494 -0.122902602 0.962603211
1403636685.513556 6.165234566 -1.551135540 8.455917358 -0.010609494 -0.241092741 -0.120624341 0.962918222
1403636685.563555 6.144856930 -1.530743480 8.411757469 -0.011206939 -0.240609705 -0.119380228 0.963187277
1403636685.613555 6.125420094 -1.514646292 8.370680809 -0.011278952 -0.240721583 -0.116968103 0.963454425
1403636685.663556 6.110421181 -1.498400450 8.330121994 -0.010532141 -0.240191713 -0.117448330 0.963536680
1403636685.713556 6.087830544 -1.480171084 8.291564941 -0.009326897 -0.239495978 -0.118136629 0.963638127
1403636685.763556 6.072773457 -1.459795356 8.255760193 -0.008540993 -0.239476487 -0.118703105 0.963580608
1403636685.813555 6.049847126 -1.436064124 8.212258339 -0.006510271 -0.238284454 -0.121010609 0.963604987
1403636685.863556 6.032798767 -1.413822174 8.170829773 -0.004761165 -0.237727880 -0.122613810 0.963550031
1403636685.913555 6.013391495 -1.386997461 8.129321098 -0.005158736 -0.238097534 -0.121564858 0.963589609
1403636685.963556 5.989992619 -1.364881039 8.084913254 -0.007176179 -0.239262775 -0.119018145 0.963606000
1403636686.013556 5.971602917 -1.342060208 8.044488907 -0.009608125 -0.240311354 -0.116483308 0.963633657
1403636686.063555 5.951942444 -1.321120739 8.002083778 -0.013043259 -0.241532922 -0.114028908 0.963581383
1403636686.113555 5.930878639 -1.298420072 7.960598946 -0.015260681 -0.242305055 -0.111916251 0.963602662
1403636686.163556 5.906335354 -1.279415727 7.919240952 -0.014952037 -0.242198616 -0.111342736 0.963700712
1403636686.213556 5.887606621 -1.258155942 7.880598068 -0.015857382 -0.242311716 -0.110520460 0.963752449
1403636686.263556 5.866345406 -1.247047424 7.837332726 -0.017464397 -0.242571801 -0.109360635 0.963791549
1403636686.313555 5.846778870 -1.236348152 7.790062904 -0.018987907 -0.242587894 -0.108587690 0.963846087
1403636686.363556 5.824077129 -1.227903962 7.750400543 -0.020167641 -0.242833808 -0.107774653 0.963851452
1403636686.413555 5.803793907 -1.218001127 7.711561203 -0.021007117 -0.242340595 -0.108326867 0.963895738
1403636686.463556 5.779749393 -1.209335089 7.665282726 -0.022760281 -0.242116839 -0.108340062 0.963910699
1403636686.513556 5.758486271 -1.199113369 7.626195431 -0.024377070 -0.242342353 -0.107695721 0.963886678
1403636686.563555 5.739863873 -1.183982968 7.590386391 -0.024187613 -0.242281616 -0.108203478 0.963849843
1403636686.613555 5.721517086 -1.168045163 7.554130077 -0.024190269 -0.242378235 -0.110156007 0.963604271
1403636686.663556 5.698551655 -1.150955796 7.525037289 -0.023962416 -0.242235631 -0.110666364 0.963587403
1403636686.713556 5.678425312 -1.134709835 7.487446785 -0.023569105 -0.242445603 -0.110407665 0.963573992
1403636686.763556 5.658872128 -1.119493008 7.454677105 -0.022157207 -0.243172526 -0.109841585 0.963488996
1403636686.813555 5.638016224 -1.102866054 7.422666550 -0.020263655 -0.243284509 -0.109820269 0.963504851
1403636686.863556 5.617301941 -1.089515686 7.391501904 -0.019266767 -0.244175047 -0.108776584 0.963418424
1403636686.913555 5.601742268 -1.079371214 7.356589317 -0.017964350 -0.245205268 -0.107239649 0.963354170
1403636686.963556 5.583092690 -1.070857763 7.324233055 -0.017161921 -0.245832235 -0.106399477 0.963302195
1403636687.013556 5.558202267 -1.060964346 7.293894291 -0.016010717 -0.246203080 -0.105968460 0.963274837
1403636687.063555 5.537805080 -1.057098031 7.261946678 -0.015880883 -0.246475205 -0.104856096 0.963329136
1403636687.113555 5.520241737 -1.053909183 7.228219032 -0.015928311 -0.246904865 -0.104732625 0.963231742
1403636687.163556 5.499651909 -1.050882578 7.197031975 -0.015593224 -0.247081295 -0.104938053 0.963169634
1403636687.213556 5.481902599 -1.048406959 7.165709496 -0.014049427 -0.247199357 -0.104838863 0.963173866
1403636687.263556 5.465179920 -1.044002056 7.135679245 -0.013687784 -0.247464150 -0.105358504 0.963054359
1403636687.313555 5.447241783 -1.037389874 7.105289459 -0.012805370 -0.247657046 -0.105396211 0.963012815
1403636687.363556 5.429685593 -1.029023170 7.076351643 -0.010854933 -0.247494042 -0.106048249 0.963007092
1403636687.413555 5.415532589 -1.018176317 7.050419807 -0.009351388 -0.247770995 -0.106890470 0.962858498
1403636687.463556 5.400639057 -1.005441189 7.023248672 -0.008340294 -0.247925192 -0.107112899 0.962803423
1403636687.513556 5.383622169 -0.990510702 6.997007370 -0.007722985 -0.247968212 -0.107081175 0.962800980
1403636687.563555 5.369769573 -0.975211978 6.971707344 -0.008157848 -0.248892620 -0.105593190 0.962723255
1403636687.613555 5.354128838 -0.958114445 6.946626663 -0.007231459 -0.249569342 -0.104584344 0.962665558
1403636687.663556 5.341709137 -0.937673509 6.922553062 -0.007285190 -0.250408143 -0.103757568 0.962536752
1403636687.713556 5.326965332 -0.917034984 6.898742676 -0.006149013 -0.251086861 -0.102622002 0.962489605
1403636687.763556 5.316549778 -0.893851280 6.872922897 -0.006726741 -0.251756012 -0.102188043 0.962357163
1403636687.813555 5.304647923 -0.868083656 6.851931572 -0.006651848 -0.251626104 -0.102891527 0.962316692
1403636687.863556 5.293583393 -0.841044664 6.829527855 -0.007080952 -0.251758069 -0.103299186 0.962235451
1403636687.913555 5.284983635 -0.814906955 6.807391167 -0.007187426 -0.251499981 -0.104787223 0.962141216
1403636687.963556 5.274446011 -0.783649206 6.786804199 -0.006607099 -0.250742137 -0.107246943 0.962072134
1403636688.013556 5.265313148 -0.753221691 6.765619278 -0.005865626 -0.250081569 -0.109215282 0.962027431
1403636688.063555 5.253993988 -0.722877622 6.746082306 -0.005304404 -0.248749912 -0.113486171 0.961881638
1403636688.113555 5.246858597 -0.693398952 6.723648071 -0.004734510 -0.247982055 -0.115803294 0.961806655
1403636688.163556 5.238006592 -0.665540099 6.701674461 -0.004855760 -0.247828722 -0.116474919 0.961764455
1403636688.213556 5.227520943 -0.640543401 6.678262234 -0.005312934 -0.247716039 -0.116778180 0.961754322
1403636688.263556 5.217992783 -0.617267489 6.653691292 -0.004950379 -0.248352051 -0.115297116 0.961770952
1403636688.313555 5.206167698 -0.592997611 6.630270958 -0.006270606 -0.249092147 -0.113048598 0.961838722
1403636688.363556 5.199511051 -0.572800100 6.603294849 -0.007134732 -0.250202566 -0.110556141 0.961834252
1403636688.413555 5.188563347 -0.550105095 6.575605869 -0.008735322 -0.250323355 -0.110454574 0.961801291
1403636688.463556 5.179020882 -0.528224587 6.550554276 -0.008174287 -0.249467686 -0.112280220 0.961817086
1403636688.513556 5.170356274 -0.503471136 6.525351524 -0.008007753 -0.248659149 -0.114731029 0.961738646
1403636688.563555 5.158652782 -0.477472425 6.503334045 -0.007515292 -0.246797934 -0.119592726 0.961629808
1403636688.613555 5.152195930 -0.450743228 6.479384422 -0.007133283 -0.245754793 -0.123986095 0.961343408
1403636688.663556 5.140967369 -0.420703709 6.457259655 -0.006438676 -0.245011806 -0.126939088 0.961152554
1403636688.713556 5.132062912 -0.390854776 6.428859711 -0.005805198 -0.245241523 -0.128299728 0.960917294
1403636688.763556 5.117280960 -0.361848950 6.404657364 -0.006410562 -0.245323285 -0.130240902 0.960631430
1403636688.813555 5.109177113 -0.334352821 6.378810406 -0.007122509 -0.247301117 -0.128472492 0.960357368
1403636688.863556 5.094305515 -0.304485172 6.352487564 -0.008173367 -0.249077678 -0.129627421 0.959734440
1403636688.913555 5.077816010 -0.279855579 6.325258255 -0.009981399 -0.252772868 -0.128706992 0.958874762
1403636688.963556 5.059283257 -0.259823978 6.297523975 -0.012787483 -0.256377369 -0.128128782 0.957961440
1403636689.013556 5.044574261 -0.236552596 6.264723301 -0.014590946 -0.260264993 -0.127179503 0.957013428
1403636689.063555 5.027230263 -0.220720619 6.234606743 -0.016730094 -0.264240503 -0.125897884 0.956057966
1403636689.113555 5.008697510 -0.204144716 6.205397606 -0.018795349 -0.268413335 -0.124149047 0.955085337
1403636689.163556 4.991281509 -0.189178944 6.173820496 -0.021080742 -0.271965384 -0.122840092 0.954201579
1403636689.213556 4.970261574 -0.178659678 6.147105217 -0.022949453 -0.274978608 -0.123296112 0.953235626
1403636689.263556 4.949995995 -0.171093553 6.115619659 -0.024557415 -0.277749538 -0.122782670 0.952458143
1403636689.313555 4.927117348 -0.164059579 6.082849503 -0.026187582 -0.279869676 -0.123690106 0.951676369
1403636689.363556 4.905175209 -0.161509007 6.051784992 -0.026218023 -0.281714737 -0.124086119 0.951079428
1403636689.413555 4.885710716 -0.161555886 6.023502350 -0.026000720 -0.283391237 -0.125071019 0.950458050
1403636689.463556 4.862522125 -0.165401518 5.995574951 -0.026064212 -0.284821808 -0.125022709 0.950034976
1403636689.513556 4.841777802 -0.170259029 5.968297005 -0.026952593 -0.285955817 -0.125483140 0.949608743
1403636689.563555 4.817485809 -0.177053660 5.940969944 -0.028908303 -0.286742687 -0.125088423 0.949365973
1403636689.613555 4.797919750 -0.184961110 5.913921833 -0.031674940 -0.287547171 -0.124634899 0.949093997
1403636689.663556 4.770852566 -0.195733160 5.886286259 -0.035646044 -0.288146257 -0.123040847 0.948979497
1403636689.713556 4.748877048 -0.201064527 5.862849712 -0.040027443 -0.289048105 -0.120116182 0.948905230
1403636689.763556 4.725328445 -0.207964361 5.840703011 -0.046000428 -0.289641559 -0.116079785 0.948955834
1403636689.813555 4.702803135 -0.214779824 5.821755409 -0.049633335 -0.290307075 -0.112605482 0.948988080
1403636689.863556 4.677944660 -0.222818851 5.805274487 -0.050553046 -0.290659457 -0.109231010 0.949226022
1403636689.913555 4.657441139 -0.229888171 5.790166378 -0.050473247 -0.292630434 -0.102017760 0.949427307
1403636689.963556 4.635290146 -0.234895915 5.779028893 -0.048954025 -0.292934060 -0.097699896 0.949867308
1403636690.013556 4.614045143 -0.239927948 5.771614075 -0.047444761 -0.292393833 -0.096804827 0.950201929
1403636690.063555 4.593841076 -0.245221585 5.766779900 -0.046520844 -0.291022331 -0.098224573 0.950522900
1403636690.113555 4.576796532 -0.247490793 5.764489651 -0.046493277 -0.288866162 -0.103165947 0.950658441
1403636690.163556 4.560978889 -0.251566470 5.764437199 -0.045491625 -0.286311954 -0.108742006 0.950858116
1403636690.213556 4.543287754 -0.255893379 5.766506195 -0.044681553 -0.284020931 -0.113514371 0.951025844
1403636690.263556 4.525652409 -0.266638100 5.769216537 -0.043990288 -0.282828182 -0.115791969 0.951138973
1403636690.313555 4.506532192 -0.279862165 5.773402214 -0.042675063 -0.281628013 -0.118508846 0.951220334
1403636690.363556 4.488373280 -0.291898519 5.778525829 -0.041425452 -0.280505031 -0.120035261 0.951416016
1403636690.413555 4.467987061 -0.308066130 5.785483837 -0.041104533 -0.279757410 -0.120845325 0.951547503
1403636690.463556 4.448057652 -0.325534344 5.793402195 -0.040493257 -0.280105531 -0.119794384 0.951604187
1403636690.513556 4.430156708 -0.340085328 5.802795410 -0.039576564 -0.281551123 -0.115245827 0.951777816
1403636690.563555 4.414607048 -0.355264425 5.811511040 -0.039018385 -0.283108234 -0.111228250 0.951816976
1403636690.613555 4.395025253 -0.367194772 5.825459480 -0.040554278 -0.285087496 -0.104608543 0.951912582
1403636690.663556 4.377386093 -0.379593313 5.840060234 -0.040695682 -0.286869496 -0.099001341 0.951970816
1403636690.713556 4.359615326 -0.389862120 5.856842995 -0.039756656 -0.289996892 -0.089664958 0.951988161
1403636690.763556 4.343264580 -0.396611899 5.877779484 -0.039429899 -0.293288529 -0.079152532 0.951925397
1403636690.813555 4.328255177 -0.400119543 5.901685238 -0.038393401 -0.295922697 -0.071217366 0.951779246
1403636690.863556 4.316365719 -0.399957418 5.928596497 -0.034620024 -0.298119992 -0.064770721 0.951698840
1403636690.913555 4.307329178 -0.396414131 5.958680153 -0.028830729 -0.299942344 -0.059142049 0.951685667
1403636690.963556 4.301176071 -0.395492196 5.989042282 -0.021358281 -0.301916629 -0.052924842 0.951624453
1403636691.013556 4.298565865 -0.397776306 6.021921158 -0.012401429 -0.303600103 -0.048275173 0.951494992
1403636691.063555 4.303005219 -0.401075274 6.054805279 -0.003631488 -0.305230349 -0.045296051 0.951193750
1403636691.113555 4.312819004 -0.406604052 6.086997509 0.002565555 -0.306048870 -0.044822529 0.950956643
1403636691.163556 4.325570583 -0.417967141 6.118567944 0.010286513 -0.305618078 -0.048167385 0.950879395
1403636691.213556 4.346580982 -0.428602844 6.146759033 0.018031619 -0.303920776 -0.055764049 0.950892925
1403636691.263556 4.370397091 -0.441047966 6.177274227 0.025255561 -0.300717354 -0.067033343 0.951019347
1403636691.313555 4.398376942 -0.453652352 6.204220772 0.029561812 -0.297750503 -0.077942073 0.950997233
1403636691.363556 4.432267666 -0.469247729 6.228162289 0.030241851 -0.295780241 -0.087444551 0.950764358
1403636691.413555 4.468338013 -0.483874530 6.249091625 0.024335682 -0.295162350 -0.093763635 0.950523734
1403636691.463556 4.502947807 -0.503644049 6.267482281 0.015487068 -0.294457972 -0.099625997 0.950331151
1403636691.513556 4.540218830 -0.524730384 6.283770084 0.006792628 -0.294862032 -0.102428481 0.950009823
1403636691.563555 4.582296371 -0.547247171 6.295496941 0.002122808 -0.295687854 -0.103705436 0.949636459
1403636691.613555 4.622919559 -0.573774338 6.308320045 -0.002398452 -0.295817345 -0.107258856 0.949200690
1403636691.663556 4.668220997 -0.599582314 6.320724487 -0.003866133 -0.294649631 -0.113539480 0.948828459
1403636691.713556 4.713745117 -0.627186179 6.331276417 -0.005451398 -0.292992026 -0.120616198 0.948460698
1403636691.763556 4.753509521 -0.651041090 6.345071316 -0.004797051 -0.291459352 -0.126281574 0.948199034
1403636691.813555 4.800612450 -0.673662543 6.354028702 -0.005399087 -0.291659087 -0.127511293 0.947969794
1403636691.863556 4.843107700 -0.694383740 6.364852428 -0.006769580 -0.292268574 -0.126565531 0.947899997
1403636691.913555 4.885395050 -0.714285910 6.375848293 -0.007351561 -0.293359071 -0.124050736 0.947891235
1403636691.963556 4.926773548 -0.734109342 6.386948586 -0.004040593 -0.294833183 -0.119948559 0.947981775
1403636692.013556 4.968996525 -0.750864029 6.397223473 -0.000255373 -0.295926869 -0.116492450 0.948080599
1403636692.063555 5.007344723 -0.767447948 6.407204628 -0.000413067 -0.296265483 -0.114652291 0.948199093
1403636692.113555 5.050114155 -0.783331275 6.416051865 -0.000816412 -0.295467645 -0.116338506 0.948242366
1403636692.163556 5.093112946 -0.801083088 6.426910400 0.000519137 -0.293151379 -0.121281236 0.948342144
1403636692.213556 5.135736465 -0.820639729 6.433664322 -0.000146101 -0.291829079 -0.124466114 0.948337436
1403636692.263556 5.181746483 -0.843352675 6.439211369 -0.001307063 -0.291140318 -0.125937536 0.948354006
1403636692.313555 5.223731041 -0.866915882 6.442223549 -0.002579836 -0.290981114 -0.125273958 0.948488176
1403636692.363556 5.266823292 -0.894433498 6.441668034 -0.004203273 -0.291470766 -0.122661054 0.948673487
1403636692.413555 5.307143211 -0.925080061 6.441183567 -0.006010366 -0.290668160 -0.123562038 0.948793054
1403636692.463556 5.349006653 -0.953767776 6.440178871 -0.006219728 -0.289185762 -0.125922382 0.948934376
1403636692.513556 5.391487122 -0.985702574 6.439418793 -0.005323437 -0.287123203 -0.130013153 0.949014485
1403636692.563555 5.427095413 -1.018398881 6.438783169 -0.005180284 -0.286163300 -0.130532473 0.949233890
1403636692.613555 5.465618610 -1.052864075 6.434276581 -0.005944814 -0.286060870 -0.129235789 0.949437678
1403636692.663556 5.507681847 -1.089223146 6.430338860 -0.006296293 -0.285887688 -0.127801955 0.949681640
1403636692.713556 5.546897411 -1.124751449 6.422855377 -0.008048500 -0.284033567 -0.130821839 0.949813545
1403636692.763556 5.583205223 -1.157904148 6.418602943 -0.009667950 -0.280526549 -0.138976529 0.949682534
1403636692.813555 5.619175911 -1.186162353 6.417832851 -0.011030496 -0.276400745 -0.148280457 0.949470341
1403636692.863556 5.655502319 -1.213244677 6.413319588 -0.011554008 -0.273592889 -0.155105978 0.949186802
1403636692.913555 5.689172268 -1.242087483 6.408008575 -0.012410605 -0.271610826 -0.160377070 0.948869169
1403636692.963556 5.720359802 -1.268855929 6.401009560 -0.013754454 -0.271422297 -0.160567060 0.948872447
1403636693.013556 5.747012138 -1.295415282 6.392695427 -0.016172515 -0.272685468 -0.157494709 0.948987067
1403636693.063555 5.771031857 -1.316465974 6.386785030 -0.015977571 -0.274095982 -0.153370291 0.949259520
1403636693.113555 5.791859627 -1.338924527 6.379871368 -0.014956622 -0.275772750 -0.149510950 0.949406207
1403636693.163556 5.814667225 -1.359949231 6.373427391 -0.014656150 -0.277716219 -0.145275995 0.949501872
1403636693.213556 5.835188866 -1.379406214 6.365892887 -0.017055819 -0.278658599 -0.143888339 0.949396968
1403636693.263556 5.854044914 -1.392601967 6.360295773 -0.020954743 -0.279750824 -0.141905919 0.949296117
1403636693.313555 5.871383667 -1.408282042 6.356086254 -0.026710372 -0.281064451 -0.139515385 0.949117899
1403636693.363556 5.886895180 -1.420517564 6.351392269 -0.031445682 -0.281957090 -0.137755960 0.948965073
1403636693.413555 5.903319359 -1.434419513 6.347926617 -0.036027834 -0.283253163 -0.135839015 0.948692441
1403636693.463556 5.913674355 -1.442762494 6.344261169 -0.040906485 -0.283675730 -0.135310546 0.948443890
1403636693.513556 5.928875923 -1.452733874 6.344996929 -0.047663577 -0.284150690 -0.134114817 0.948155999
1403636693.563555 5.937590122 -1.460157633 6.346172333 -0.054254841 -0.283868730 -0.134822920 0.947785676
1403636693.613555 5.946716309 -1.468268394 6.348880768 -0.058734827 -0.283650011 -0.136230648 0.947382748
1403636693.663556 5.956251144 -1.478005528 6.354495049 -0.061506305 -0.283715934 -0.136718750 0.947116792
1403636693.713556 5.961082458 -1.486388206 6.362795830 -0.060337216 -0.284190983 -0.136051819 0.947145581
1403636693.763556 5.966791153 -1.499002814 6.375124454 -0.055052262 -0.285372049 -0.135220021 0.947231531
1403636693.813555 5.972583771 -1.508151293 6.384385586 -0.049050134 -0.285940886 -0.134682819 0.947466314
1403636693.863556 5.973056316 -1.518289804 6.402090073 -0.042182416 -0.287034243 -0.132976443 0.947707355
1403636693.913555 5.974124432 -1.527334571 6.417925358 -0.034117099 -0.288657993 -0.129621312 0.948003650
1403636693.963556 5.973045826 -1.535776496 6.435228348 -0.026006717 -0.289309293 -0.128398880 0.948228598
1403636694.013556 5.974619389 -1.544508696 6.453266621 -0.018354261 -0.291164935 -0.125257656 0.948259771
1403636694.063555 5.972967148 -1.552375317 6.469769478 -0.012322176 -0.291857690 -0.123947464 0.948316574
1403636694.113555 5.972827911 -1.556278706 6.489278793 -0.009463163 -0.292565703 -0.123241238 0.948223233
1403636694.163556 5.974559784 -1.563397169 6.504714489 -0.006523557 -0.293088585 -0.122336030 0.948203802
1403636694.213556 5.974569321 -1.572208524 6.522654057 -0.004813977 -0.293418705 -0.122044228 0.948149502
1403636694.263556 5.975790501 -1.581093431 6.536641121 -0.005077460 -0.293392628 -0.123236924 0.948001921
1403636694.313555 5.976170540 -1.590515137 6.549869061 -0.006732645 -0.293466896 -0.123731047 0.947904289
1403636694.363556 5.975650787 -1.603186727 6.562750816 -0.009748881 -0.293504030 -0.123431742 0.947905540
1403636694.413555 5.975848675 -1.616183758 6.574819565 -0.012941594 -0.293297619 -0.124741703 0.947759748
1403636694.463556 5.976366997 -1.629166842 6.587210655 -0.015235297 -0.292855024 -0.125446022 0.947769523
1403636694.513556 5.978638649 -1.637499332 6.599560261 -0.016325355 -0.292178690 -0.126646072 0.947800517
1403636694.563555 5.981680393 -1.648505926 6.611813545 -0.017519535 -0.292135864 -0.126796991 0.947772264
1403636694.613555 5.983197689 -1.655040026 6.625741959 -0.018059485 -0.291720539 -0.126900688 0.947876155
1403636694.663556 5.983711720 -1.660752296 6.640428543 -0.018214578 -0.291108966 -0.127479449 0.947983563
1403636694.713556 5.984496593 -1.664580464 6.654071808 -0.016932201 -0.290771544 -0.127544031 0.948102176
1403636694.763556 5.983981133 -1.668130875 6.668932915 -0.015406872 -0.291253865 -0.124754168 0.948351324
1403636694.813555 5.985762119 -1.667894363 6.682664394 -0.013583422 -0.290854156 -0.123860285 0.948618948
1403636694.863556 5.984084129 -1.665761709 6.698657990 -0.015563877 -0.292475939 -0.117954455 0.948842645
1403636694.913555 5.988095760 -1.666035652 6.714613438 -0.017155405 -0.293595225 -0.113219120 0.949046373
1403636694.963556 5.988090515 -1.660923481 6.728772163 -0.018895710 -0.294427991 -0.108544908 0.949301362
1403636695.013556 5.989943504 -1.658330202 6.748981953 -0.020424495 -0.294561803 -0.106561773 0.949452877
1403636695.063555 5.993669033 -1.654957414 6.764523029 -0.021147950 -0.293260872 -0.108534537 0.949616253
1403636695.113555 5.996537209 -1.652564168 6.782611370 -0.019905480 -0.291449368 -0.111437500 0.949864566
1403636695.163556 5.999210358 -1.654350519 6.800827980 -0.019647229 -0.289926201 -0.113018230 0.950149298
1403636695.213556 6.006242752 -1.656917691 6.816827297 -0.018260209 -0.288055599 -0.115620799 0.950432718
1403636695.263556 6.013350487 -1.662273526 6.833712101 -0.016533792 -0.286501050 -0.118078493 0.950632036
1403636695.313555 6.017308235 -1.671847939 6.847781658 -0.015362972 -0.284955412 -0.119620346 0.950923443
1403636695.363556 6.020888329 -1.679475546 6.863968372 -0.014099568 -0.283360213 -0.120933607 0.951253533
1403636695.413555 6.024208546 -1.694463372 6.877511501 -0.013967467 -0.282548606 -0.121483810 0.951426744
1403636695.463556 6.031003952 -1.705281496 6.891233444 -0.012716356 -0.281717926 -0.122073866 0.951615095
1403636695.513556 6.034485817 -1.719096899 6.905474663 -0.011639629 -0.280301690 -0.124135077 0.951780438
1403636695.563555 6.041150093 -1.729207873 6.918566227 -0.010162456 -0.279623389 -0.125131071 0.951866448
1403636695.613555 6.045811653 -1.737272620 6.932061195 -0.008940844 -0.278383434 -0.126707360 0.952033579
1403636695.663556 6.049655437 -1.746293545 6.943866730 -0.007691913 -0.276889294 -0.129194975 0.952145875
1403636695.713556 6.053708076 -1.751294136 6.957878113 -0.007068068 -0.276427478 -0.129447863 0.952250540
1403636695.763556 6.056406498 -1.753084898 6.969560623 -0.008538700 -0.276651204 -0.126561135 0.952561557
1403636695.813555 6.061730385 -1.756240606 6.980528355 -0.009119390 -0.276514918 -0.126307219 0.952629447
1403636695.863556 6.064104557 -1.759384155 6.993191242 -0.009517865 -0.276415080 -0.125266224 0.952791989
1403636695.913555 6.065565586 -1.757078171 7.002609253 -0.010420374 -0.275724769 -0.125289574 0.952979445
1403636695.963556 6.067932129 -1.755573750 7.015442848 -0.012792249 -0.275660187 -0.124241307 0.953106463
1403636696.013556 6.071890831 -1.754376888 7.025681496 -0.015659533 -0.275592417 -0.123043083 0.953238666
1403636696.063555 6.074182987 -1.748426676 7.037483692 -0.019112047 -0.274715513 -0.124142833 0.953286231
1403636696.113555 6.078126907 -1.742803097 7.049865246 -0.022108128 -0.273092449 -0.126669571 0.953355432
1403636696.163556 6.080792427 -1.740197897 7.060909271 -0.023075374 -0.271459222 -0.130033687 0.953346014
1403636696.213556 6.083067894 -1.730122805 7.074272156 -0.023755301 -0.270220518 -0.132367268 0.953360081
1403636696.263556 6.081824780 -1.724334836 7.085717201 -0.020678243 -0.269496232 -0.133679911 0.953453660
1403636696.313555 6.079852104 -1.721110821 7.099944115 -0.017539756 -0.269998103 -0.132079169 0.953597665
1403636696.363556 6.075392246 -1.711561441 7.112325668 -0.009687928 -0.270482093 -0.129067227 0.953984916
1403636696.413555 6.074521065 -1.707922697 7.122396946 -0.002215567 -0.272082299 -0.124163792 0.954227269
1403636696.463556 6.071651936 -1.698851109 7.135813713 0.002088889 -0.273504347 -0.119057149 0.954471767
1403636696.513556 6.069392204 -1.694023609 7.145213604 0.003682018 -0.273413181 -0.117905796 0.954636037
1403636696.563555 6.068080425 -1.691476941 7.150578499 0.002183727 -0.273230940 -0.116619878 0.954850733
1403636696.613555 6.067912579 -1.690206885 7.153906822 0.001312898 -0.273185760 -0.116752096 0.954849064
1403636696.663556 6.066359043 -1.689228654 7.156384468 -0.000674548 -0.273165286 -0.115345120 0.955026567
1403636696.713556 6.065377235 -1.690647602 7.158554554 -0.001347923 -0.273160279 -0.115341119 0.955027759
1403636696.763556 6.067156792 -1.691300035 7.159111023 -0.003314892 -0.273056239 -0.115518391 0.955031335
1403636696.813555 6.066991806 -1.689536214 7.160171509 -0.003344208 -0.272333264 -0.116670303 0.955097616
1403636696.863556 6.067813396 -1.686665773 7.162676811 -0.004136556 -0.271949440 -0.117687114 0.955079079
1403636696.913555 6.070467949 -1.682753563 7.161187172 -0.003784340 -0.271275371 -0.119494706 0.955047846
1403636696.963556 6.071507454 -1.678309202 7.163039207 -0.002082145 -0.269070148 -0.125627294 0.954889894
1403636697.013556 6.075579643 -1.671382785 7.163281918 -0.000255085 -0.266746014 -0.132311285 0.954641402
1403636697.063555 6.074542999 -1.663539171 7.161485672 0.001799499 -0.264397651 -0.138430193 0.954425335
1403636697.113555 6.075827599 -1.656159401 7.159946442 0.003558318 -0.261641741 -0.145475224 0.954132020
1403636697.163556 6.073258400 -1.652370453 7.154828548 0.005220318 -0.259365410 -0.150574133 0.953954816
1403636697.213556 6.069375992 -1.648620963 7.146881104 0.007061991 -0.258193761 -0.153424591 0.953806579
1403636697.263556 6.065908432 -1.650909901 7.132965088 0.007640443 -0.257550180 -0.154425740 0.953814566
1403636697.313555 6.057332993 -1.651256084 7.118521690 0.004507137 -0.258211195 -0.152169436 0.954018414
1403636697.363556 6.047989845 -1.653137088 7.101434231 0.000740854 -0.259873718 -0.146475047 0.954468548
1403636697.413555 6.036862373 -1.661603689 7.080274582 -0.004112458 -0.261940628 -0.140392050 0.954809010
1403636697.463556 6.023413181 -1.667892098 7.058734894 -0.008662250 -0.263644546 -0.135710448 0.954986453
1403636697.513556 6.009429455 -1.677219391 7.036509991 -0.012289428 -0.264350653 -0.132203177 0.955243468
1403636697.563555 5.994438171 -1.687341690 7.013348103 -0.014106755 -0.262853384 -0.129898682 0.955947399
1403636697.613555 5.980742455 -1.697782278 6.990509987 -0.013905843 -0.259245187 -0.129042596 0.957050979
1403636697.663556 5.966590881 -1.705916405 6.969748020 -0.013162727 -0.253160298 -0.127947509 0.958835781
1403636697.713556 5.951340675 -1.714965582 6.946872711 -0.013734206 -0.245098755 -0.125030160 0.961304009
1403636697.763556 5.936588287 -1.717714906 6.928664207 -0.014626157 -0.234998941 -0.122801654 0.964096069
1403636697.813555 5.920844078 -1.723365307 6.906435966 -0.014487300 -0.224494249 -0.119339511 0.967031837
1403636697.863556 5.903355122 -1.726366162 6.885175705 -0.014341481 -0.214902386 -0.115705885 0.969651163
1403636697.913555 5.888303757 -1.725963593 6.865634918 -0.014618227 -0.206268668 -0.111964919 0.971958518
1403636697.963556 5.867209435 -1.723785996 6.848637581 -0.014817859 -0.198366553 -0.107609257 0.974090040
1403636698.013556 5.848923683 -1.722265482 6.828285217 -0.015618592 -0.191797718 -0.104442239 0.975736380
1403636698.063555 5.829643726 -1.715282202 6.810837746 -0.014700253 -0.186173245 -0.102013476 0.977096021
1403636698.113555 5.809155941 -1.709472179 6.792727470 -0.015326245 -0.181750596 -0.099465646 0.978181183
1403636698.163556 5.788531303 -1.701481462 6.772841454 -0.015572486 -0.178195700 -0.096926764 0.979085803
1403636698.213556 5.766948700 -1.692022681 6.757067204 -0.015006846 -0.174360305 -0.094912678 0.979982078
1403636698.263556 5.744759083 -1.681206703 6.740100384 -0.015316509 -0.169521734 -0.092383526 0.981067300
1403636698.313555 5.721607685 -1.669606447 6.723276138 -0.015301337 -0.162707582 -0.091142632 0.982336581
1403636698.363556 5.699772358 -1.656839848 6.706066132 -0.014587964 -0.155107245 -0.088962443 0.983775735
1403636698.413555 5.677378178 -1.643318653 6.691665173 -0.015294184 -0.146291271 -0.086587325 0.985326111
1403636698.463556 5.658713341 -1.628271937 6.674370289 -0.016373951 -0.137227461 -0.083176933 0.986905277
1403636698.513556 5.634901047 -1.612771511 6.660793304 -0.016832922 -0.126642138 -0.080999285 0.988492548
1403636698.563555 5.609477043 -1.597583890 6.648823261 -0.017111907 -0.115607217 -0.077290595 0.990135491
1403636698.613555 5.589279175 -1.580753565 6.634356499 -0.017489443 -0.104335241 -0.073130421 0.991695642
1403636698.663556 5.566286564 -1.562149882 6.622673988 -0.018341485 -0.092758760 -0.067920834 0.993199944
1403636698.713556 5.542040348 -1.540394902 6.613088608 -0.018584641 -0.080320381 -0.062522411 0.994632661
1403636698.763556 5.519628048 -1.521043777 6.604045868 -0.019208556 -0.067414425 -0.056784090 0.995922625
1403636698.813555 5.495942116 -1.500216246 6.595369339 -0.019889368 -0.053824909 -0.051596154 0.997018099
1403636698.863556 5.471193790 -1.479475021 6.584410667 -0.020291466 -0.040444244 -0.044566344 0.997981131
1403636698.913555 5.448758602 -1.457292318 6.575006485 -0.019917738 -0.026522687 -0.039022934 0.998687685
1403636698.963556 5.424302101 -1.441371322 6.560180664 -0.020605059 -0.013124500 -0.032580070 0.999170542
1403636699.013556 5.396947384 -1.426526666 6.553386688 -0.020607278 -0.000085332 -0.026782148 0.999428868
1403636699.063555 5.371304512 -1.409554482 6.545842171 -0.020139676 0.012785664 -0.020160710 0.999512136
1403636699.113555 5.346691132 -1.400695801 6.531529427 -0.019348243 0.025926216 -0.013202276 0.999389410
1403636699.163556 5.322732925 -1.389298439 6.520529747 -0.018350709 0.038217928 -0.003504196 0.999094784
1403636699.213556 5.297513962 -1.383566022 6.508586884 -0.018588221 0.051631808 0.003974857 0.998485267
1403636699.263556 5.273925781 -1.375372052 6.501477718 -0.018496824 0.065532148 0.012640906 0.997598886
1403636699.313555 5.254683971 -1.371878147 6.490914822 -0.019821480 0.078701228 0.022145977 0.996455133
1403636699.363556 5.233649254 -1.369429827 6.478319168 -0.020269386 0.092283212 0.029198401 0.995098233
1403636699.413555 5.212985992 -1.369420409 6.469491482 -0.020820683 0.105371095 0.037601925 0.993503630
1403636699.463556 5.198670864 -1.369277954 6.457823753 -0.021503609 0.117752716 0.044476878 0.991813362
1403636699.513556 5.183866024 -1.370655656 6.448377132 -0.021721866 0.130361363 0.049817514 0.989975870
1403636699.563555 5.170119286 -1.367803693 6.437470436 -0.021443741 0.142545864 0.056154732 0.987961292
1403636699.613555 5.157473087 -1.366144776 6.431766987 -0.021215983 0.154414237 0.062243037 0.985815346
1403636699.663556 5.146166801 -1.364243746 6.420929432 -0.020679928 0.166414186 0.068448864 0.983459890
1403636699.713556 5.138097763 -1.359083652 6.412363529 -0.019418159 0.178874031 0.072509535 0.981004238
1403636699.763556 5.135252953 -1.351025581 6.404429436 -0.018861281 0.190758243 0.073326506 0.978712797
1403636699.813555 5.129046440 -1.343172550 6.402830601 -0.017633568 0.201859340 0.071844369 0.976616740
1403636699.863556 5.123626709 -1.339504361 6.394235134 -0.015843621 0.210989863 0.070665546 0.974801838
1403636699.913555 5.124368191 -1.331477880 6.386991978 -0.013644299 0.217625096 0.070389323 0.973395348
1403636699.963556 5.126498222 -1.316096544 6.382634163 -0.011132564 0.221889749 0.071982130 0.972347438
1403636700.013556 5.125337124 -1.304433107 6.378972054 -0.010253440 0.225279182 0.073320881 0.971477330
1403636700.063555 5.124548912 -1.292336702 6.374145985 -0.009851896 0.227536500 0.074056573 0.970899403
1403636700.113555 5.124839306 -1.279127240 6.370616913 -0.008918018 0.228496388 0.075616114 0.970562756
1403636700.163556 5.125524998 -1.266012907 6.363395691 -0.008391609 0.229949564 0.075444497 0.970237553
1403636700.213556 5.127825260 -1.248952627 6.359021187 -0.008040155 0.230171844 0.075820707 0.970158517
1403636700.263556 5.130999088 -1.232327700 6.356067657 -0.008307836 0.230819643 0.076401569 0.969956756
1403636700.313555 5.134665489 -1.210838795 6.354368210 -0.009538030 0.232431039 0.078371137 0.969403327
1403636700.363556 5.141892910 -1.191335320 6.348898411 -0.010998636 0.234510735 0.081921257 0.968593121
1403636700.413555 5.147275925 -1.168112636 6.349761009 -0.011499552 0.238443613 0.085352749 0.967329979
1403636700.463556 5.158660412 -1.143874288 6.345882416 -0.010052002 0.243626222 0.085729212 0.966020584
1403636700.513556 5.169630051 -1.120465994 6.339625359 -0.007669378 0.248139977 0.085718915 0.964893818
1403636700.563555 5.181775093 -1.094230294 6.338451385 -0.005452383 0.253609985 0.084203303 0.963619232
1403636700.613555 5.194332600 -1.069003344 6.332744122 -0.002751433 0.260060251 0.082856864 0.962026954
1403636700.663556 5.207891464 -1.043650389 6.322876453 -0.001585616 0.267734587 0.081418902 0.960045099
1403636700.713556 5.221631050 -1.016192794 6.320071697 -0.000320150 0.274805754 0.081693366 0.958022892
1403636700.763556 5.237112045 -0.991273403 6.317726612 0.000435781 0.280814111 0.081554182 0.956290841
1403636700.813555 5.250945568 -0.966449142 6.310765266 -0.000178366 0.285530031 0.081578918 0.954891324
1403636700.863556 5.264388561 -0.944921970 6.304019451 -0.002957019 0.289020330 0.082772501 0.953733325
1403636700.913555 5.278461456 -0.923284650 6.294758320 -0.005408260 0.291563272 0.083870597 0.952852249
1403636700.963556 5.292961121 -0.903768539 6.283916473 -0.009146934 0.293323994 0.085102201 0.952173829
1403636701.013556 5.304265976 -0.888988197 6.273255825 -0.012325357 0.294259280 0.086237684 0.951747119
1403636701.063555 5.317401886 -0.874130428 6.260309219 -0.016990174 0.294510722 0.087492988 0.951482892
1403636701.113555 5.330224037 -0.865297616 6.246938705 -0.022070641 0.293994248 0.088556059 0.951440036
1403636701.163556 5.344840527 -0.853367448 6.237866879 -0.024194736 0.293549597 0.088043943 0.951573193
1403636701.213556 5.356348991 -0.847790360 6.227495193 -0.026976140 0.292925835 0.087545857 0.951736569
1403636701.263556 5.369133949 -0.847948253 6.220199585 -0.027735271 0.291998953 0.087252349 0.952026486
1403636701.313555 5.385476112 -0.848316550 6.204697609 -0.029243249 0.290629834 0.086389527 0.952478886
1403636701.363556 5.401462078 -0.848625481 6.194625378 -0.028237274 0.289257407 0.086475514 0.952919126
1403636701.413555 5.415833473 -0.853917539 6.183712006 -0.026940333 0.288487792 0.084158316 0.953397274
1403636701.463556 5.433014393 -0.858783245 6.174543858 -0.024152949 0.287142307 0.082306050 0.954039633
1403636701.513556 5.450772285 -0.865250170 6.165733814 -0.019883484 0.286275595 0.079839379 0.954608083
1403636701.563555 5.468400002 -0.867954612 6.160709381 -0.015591963 0.285065949 0.077868663 0.955212414
1403636701.613555 5.484877586 -0.873232901 6.153638363 -0.013250595 0.283768922 0.075985581 0.955785453
1403636701.663556 5.503206253 -0.878049970 6.147620201 -0.011283074 0.282692075 0.073469400 0.956326365
1403636701.713556 5.521422863 -0.880984187 6.138643265 -0.009487388 0.282365382 0.073114216 0.956469595
1403636701.763556 5.537669182 -0.884189188 6.134456158 -0.008930108 0.283604592 0.073945597 0.956044316
1403636701.813555 5.556191444 -0.886259139 6.125032425 -0.009326222 0.286205322 0.076437838 0.955069005
1403636701.863556 5.575176716 -0.885120153 6.117747307 -0.009860499 0.291425079 0.077730224 0.953379333
1403636701.913555 5.593627930 -0.883521438 6.110037804 -0.010555556 0.297012568 0.081814848 0.951303542
1403636701.963556 5.613355637 -0.877321720 6.112446785 -0.010101339 0.304301858 0.084868520 0.948733747
1403636702.013556 5.635387897 -0.870511949 6.105080128 -0.010087072 0.312095135 0.088959701 0.945822954
1403636702.063555 5.653965950 -0.862572670 6.102740288 -0.009388161 0.321311444 0.093089141 0.942340255
1403636702.113555 5.672211170 -0.852534592 6.100726604 -0.008255543 0.331341118 0.097448796 0.938428819
1403636702.163556 5.695811749 -0.840826333 6.098865509 -0.007055071 0.341895849 0.101152137 0.934251428
1403636702.213556 5.710883617 -0.826083481 6.090883255 -0.006886078 0.351566255 0.105360404 0.930189729
1403636702.263556 5.725825787 -0.812440157 6.089072227 -0.007973232 0.359977901 0.108275034 0.926622272
1403636702.313555 5.748355389 -0.794209421 6.087360859 -0.010461180 0.367020696 0.111085437 0.923496842
1403636702.363556 5.765538692 -0.777107835 6.087327480 -0.013069512 0.373346508 0.112113766 0.920799732
1403636702.413555 5.788600445 -0.755148470 6.087464333 -0.015385351 0.379013777 0.111979507 0.918461978
1403636702.463556 5.809055328 -0.733381569 6.088440895 -0.018343301 0.383691937 0.112777904 0.916365206
1403636702.513556 5.829277039 -0.712191701 6.090679169 -0.020373804 0.387766272 0.112317838 0.914662182
1403636702.563555 5.852672100 -0.688164115 6.093926430 -0.021585900 0.390501857 0.112432078 0.913455725
1403636702.613555 5.870584488 -0.663419604 6.097454548 -0.023972809 0.392907619 0.112316623 0.912378132
1403636702.663556 5.890190601 -0.640028119 6.104171276 -0.026682269 0.394577622 0.112485744 0.911561072
1403636702.713556 5.914450645 -0.610540628 6.107347012 -0.028176181 0.395625949 0.111797892 0.911146224
1403636702.763556 5.933408737 -0.585100412 6.117084503 -0.028903451 0.396046907 0.112811156 0.910815597
1403636702.813555 5.956907272 -0.557740569 6.125342846 -0.031387653 0.396235794 0.112307258 0.910713494
1403636702.863556 5.978875637 -0.529210567 6.136619568 -0.032782242 0.396149099 0.112193428 0.910716116
1403636702.913555 5.999433517 -0.503005981 6.152673244 -0.033654876 0.395902932 0.112935774 0.910699606
1403636702.963556 6.020033836 -0.480982065 6.167665482 -0.033549801 0.395633012 0.112348281 0.910893440
1403636703.013556 6.041239738 -0.462640285 6.179952145 -0.030844914 0.394617677 0.114343584 0.911181092
1403636703.063555 6.064142704 -0.447622061 6.192892551 -0.028126419 0.394062161 0.114800707 0.911451995
1403636703.113555 6.088540077 -0.432752371 6.207225800 -0.023107950 0.392712802 0.117078193 0.911885619
1403636703.163556 6.109823227 -0.422008395 6.222992897 -0.015260099 0.391406775 0.119593106 0.912285745
1403636703.213556 6.132908344 -0.413846552 6.234688282 -0.009651300 0.389410555 0.123027563 0.912759781
1403636703.263556 6.159287930 -0.406888604 6.246368885 -0.003477359 0.387447149 0.127564684 0.913016915
1403636703.313555 6.183614731 -0.401390314 6.258303642 0.001647295 0.385781556 0.131276920 0.913201094
1403636703.363556 6.210561752 -0.397306442 6.269610405 0.004229821 0.385551870 0.130726188 0.913368821
1403636703.413555 6.236464977 -0.393983126 6.274997711 0.004004017 0.386746556 0.127075270 0.913379967
1403636703.463556 6.261801720 -0.391469896 6.277719975 0.000443556 0.388324350 0.121930115 0.913420498
1403636703.513556 6.290585518 -0.391400814 6.281696320 -0.003970046 0.390059680 0.116275020 0.913410008
1403636703.563555 6.314158916 -0.394526243 6.285962105 -0.007459039 0.391554028 0.111894973 0.913295865
1403636703.613555 6.341668129 -0.397338271 6.286356449 -0.011117901 0.391392976 0.110611804 0.913483977
1403636703.663556 6.366630077 -0.401893675 6.287847519 -0.013276231 0.391131997 0.110121369 0.913626194
1403636703.713556 6.391092777 -0.406774879 6.291066647 -0.014601301 0.390766889 0.109906852 0.913788021
1403636703.763556 6.417701244 -0.408479393 6.293883801 -0.013129110 0.389926821 0.110072263 0.914149225
1403636703.813555 6.440674305 -0.411759198 6.297911644 -0.011116125 0.389087230 0.110984474 0.914423347
1403636703.863556 6.464071274 -0.413846552 6.302071095 -0.008135959 0.387898743 0.112246700 0.914805472
1403636703.913555 6.489172935 -0.412580669 6.306839466 -0.005420419 0.386453956 0.113628261 0.915266395
1403636703.963556 6.511557579 -0.412355542 6.311039448 -0.004253534 0.385743558 0.113946520 0.915532649
1403636704.013556 6.537286758 -0.409115553 6.316475868 -0.002610113 0.384198219 0.115681894 0.915970862
1403636704.063555 6.560878277 -0.402930021 6.320729733 -0.001350858 0.382908404 0.116640411 0.916392028
1403636704.113555 6.584781170 -0.397048056 6.326215744 -0.002921895 0.382016420 0.116896674 0.916727901
1403636704.163556 6.609820366 -0.389465451 6.331124783 -0.006019139 0.381304562 0.116794124 0.917022228
1403636704.213556 6.635369301 -0.378728569 6.333150387 -0.010035811 0.380573481 0.116462320 0.917332888
1403636704.263556 6.661655903 -0.366279840 6.339115143 -0.013799654 0.380310237 0.115819924 0.917474508
1403636704.313555 6.686322212 -0.357409120 6.346061707 -0.016944190 0.380393803 0.114148088 0.917596698
1403636704.363556 6.714014530 -0.350308061 6.349103451 -0.019615360 0.380251586 0.112691931 0.917782366
1403636704.413555 6.736062050 -0.346945882 6.355598927 -0.021099076 0.379939377 0.112785064 0.917867303
1403636704.463556 6.767177105 -0.344592214 6.364055157 -0.024122654 0.379943043 0.111701667 0.917923808
1403636704.513556 6.794118881 -0.345533133 6.368087769 -0.027094010 0.379933715 0.110634804 0.917973995
1403636704.563555 6.820099831 -0.348834872 6.373466492 -0.029358346 0.379721463 0.111212187 0.917922378
1403636704.613555 6.849352360 -0.354370594 6.378663063 -0.031761009 0.379428566 0.111215554 0.917963088
1403636704.663556 6.878630638 -0.358217359 6.385501385 -0.033643231 0.379302770 0.111177012 0.917952716
1403636704.713556 6.905718327 -0.360282660 6.393904209 -0.038430735 0.379056185 0.110870652 0.917903721
1403636704.763556 6.937053680 -0.359481931 6.404358864 -0.041443113 0.378567666 0.110762455 0.917987287
1403636704.813555 6.966400623 -0.359054923 6.417708397 -0.044659819 0.377638102 0.111961558 0.918073893
1403636704.863556 6.996308327 -0.356988192 6.432272434 -0.048066039 0.376585424 0.113367878 0.918161631
1403636704.913555 7.031232834 -0.353042603 6.452116013 -0.050739273 0.375224352 0.114609085 0.918420911
1403636704.963556 7.063664913 -0.349032998 6.470507145 -0.053674892 0.374539256 0.114885442 0.918499172
1403636705.013556 7.100729942 -0.345169425 6.493979454 -0.055963859 0.373954982 0.114638485 0.918631434
1403636705.063555 7.136447906 -0.339353561 6.518192291 -0.056849673 0.374032110 0.112663008 0.918790102
1403636705.113555 7.174481869 -0.336432815 6.548382759 -0.052315615 0.374291897 0.110712186 0.919190645
1403636705.163556 7.211586475 -0.335021377 6.579977512 -0.044280779 0.375348300 0.106688015 0.919657826
1403636705.213556 7.252161980 -0.334927201 6.611494064 -0.036052331 0.376302153 0.102108069 0.920147181
1403636705.263556 7.287192345 -0.339771509 6.639159203 -0.029798074 0.377266318 0.097756244 0.920448780
1403636705.313555 7.330586910 -0.343238354 6.676548481 -0.025596248 0.377549797 0.096071839 0.920636296
1403636705.363556 7.367596626 -0.350345016 6.704032898 -0.022582315 0.377548337 0.095320642 0.920793831
1403636705.413555 7.406270027 -0.358909845 6.737955093 -0.024194073 0.377202064 0.095928624 0.920831621
1403636705.463556 7.442230225 -0.366753697 6.774695396 -0.025973367 0.377001613 0.097465135 0.920703948
1403636705.513556 7.479181767 -0.373758197 6.808792591 -0.029629799 0.376730204 0.099331923 0.920505047
1403636705.563555 7.518004417 -0.379560709 6.845888138 -0.033051867 0.376498550 0.100256905 0.920383036
1403636705.613555 7.555335999 -0.384165168 6.884562492 -0.034163993 0.376222014 0.101648644 0.920302868
1403636705.663556 7.590628624 -0.388738036 6.920554161 -0.035575960 0.376465052 0.102219947 0.920086682
1403636705.713556 7.630839348 -0.391315341 6.963670731 -0.033497319 0.376609385 0.101924203 0.920138419
1403636705.763556 7.668251991 -0.392526627 7.003141880 -0.030485159 0.376593947 0.102310106 0.920206666
1403636705.813555 7.706185341 -0.397748113 7.047375679 -0.026510438 0.376123220 0.103372805 0.920403481
1403636705.863556 7.745086193 -0.404129148 7.090057373 -0.021561861 0.375813812 0.103785478 0.920612633
1403636705.913555 7.778954983 -0.412512541 7.136916637 -0.015955368 0.374952555 0.106304474 0.920790613
1403636705.963556 7.815776825 -0.420996547 7.175122261 -0.010616091 0.373293579 0.109733433 0.921139419
1403636706.013556 7.855557442 -0.434645057 7.212673187 -0.005266020 0.370583504 0.114973933 0.921640456
1403636706.063555 7.890022755 -0.446284413 7.254315376 -0.000665006 0.368025512 0.120439813 0.921982110
1403636706.113555 7.928691387 -0.465036690 7.293645859 0.003958797 0.366057694 0.124645911 0.922198176
1403636706.163556 7.969133377 -0.473976612 7.332435608 0.004922989 0.366365045 0.121693879 0.922465742
1403636706.213556 8.008014679 -0.485112846 7.367148399 0.003170298 0.367764950 0.115390837 0.922726333
1403636706.263556 8.045335770 -0.489065468 7.404474258 0.000313324 0.369044572 0.110338204 0.922838867
1403636706.313555 8.085008621 -0.492997646 7.437222958 -0.003818448 0.370545030 0.103608206 0.923009813
1403636706.363556 8.124995232 -0.499284804 7.470853806 -0.008348113 0.371340722 0.099681132 0.923092663
1403636706.413555 8.161549568 -0.496231794 7.510239601 -0.011953688 0.372261316 0.095664695 0.923107207
1403636706.463556 8.205077171 -0.495897412 7.550016403 -0.015663428 0.372519583 0.093374088 0.923182070
1403636706.513556 8.244171143 -0.498750210 7.583365917 -0.018189132 0.372739106 0.091496296 0.923235178
1403636706.563555 8.281373024 -0.496890426 7.620754719 -0.020343682 0.373199970 0.090646990 0.923087776
1403636706.613555 8.314146996 -0.504504323 7.657223701 -0.021335371 0.373214215 0.091001034 0.923024774
1403636706.663556 8.343778610 -0.513870716 7.685458660 -0.023022683 0.373518676 0.090930358 0.922868073
1403636706.713556 8.386023521 -0.519696832 7.724421024 -0.025239740 0.373359680 0.091594055 0.922808766
1403636706.763556 8.421907425 -0.533878803 7.760203838 -0.027453924 0.373018950 0.094309054 0.922609866
1403636706.813555 8.449938774 -0.543921947 7.793635845 -0.030213194 0.373724908 0.094934106 0.922173738
1403636706.863556 8.488458633 -0.557592630 7.830318451 -0.031870466 0.374140918 0.096018344 0.921836972
1403636706.913555 8.523328781 -0.573684692 7.871486187 -0.032028668 0.374765933 0.097294904 0.921443641
1403636706.963556 8.554365158 -0.593830585 7.909346104 -0.031999361 0.376111269 0.097454257 0.920879483
1403636707.013556 8.586277008 -0.613074303 7.949173927 -0.029228209 0.377487838 0.097121090 0.920443475
1403636707.063555 8.623559952 -0.630478144 7.987083435 -0.026679972 0.378795207 0.096057765 0.920095265
1403636707.113555 8.654742241 -0.654351830 8.029348373 -0.024450848 0.380471379 0.095899053 0.919481933
1403636707.163556 8.685344696 -0.671432972 8.067450523 -0.023950703 0.381916076 0.095724091 0.918914258
1403636707.213556 8.714293480 -0.696533561 8.109815598 -0.024634043 0.383814007 0.096604362 0.918012857
1403636707.263556 8.745514870 -0.717590570 8.150377274 -0.025177887 0.385339230 0.096786313 0.917339742
1403636707.313555 8.783746719 -0.742467880 8.189336777 -0.026646378 0.386617392 0.096639365 0.916775763
1403636707.363556 8.817962646 -0.771744847 8.232367516 -0.027581962 0.387649029 0.097123295 0.916261196
1403636707.413555 8.847796440 -0.800259352 8.276585579 -0.028178230 0.388463378 0.097893946 0.915816009
1403636707.463556 8.875948906 -0.828539014 8.319793701 -0.029199926 0.389308035 0.097369529 0.915481150
1403636707.513556 8.912953377 -0.871278524 8.356690407 -0.029417375 0.388834625 0.099539816 0.915441990
1403636707.563555 8.939745903 -0.904430628 8.401826859 -0.028766900 0.388970166 0.100880586 0.915258288
1403636707.613555 8.966645241 -0.944949031 8.449192047 -0.029454995 0.388585359 0.103906259 0.915061355
1403636707.663556 8.996144295 -0.979783416 8.492860794 -0.028207166 0.386165142 0.110745981 0.915322959
1403636707.713556 9.025968552 -1.014403343 8.538924217 -0.027577886 0.384694785 0.114940152 0.915444255
1403636707.763556 9.056778908 -1.039247274 8.590213776 -0.026980298 0.383198470 0.118260421 0.915666699
1403636707.813555 9.087837219 -1.062048912 8.640316010 -0.025485992 0.382636696 0.119545646 0.915777504
1403636707.863556 9.121841431 -1.083467722 8.688400269 -0.023703903 0.381725281 0.119864509 0.916163981
1403636707.913555 9.151130676 -1.104460597 8.743601799 -0.021627404 0.381309807 0.119558983 0.916428268
1403636707.963556 9.191321373 -1.118907928 8.794584274 -0.020419875 0.380407393 0.118138641 0.917014956
1403636708.013556 9.226152420 -1.131185412 8.850652695 -0.019550227 0.379964769 0.115834698 0.917511225
1403636708.063555 9.261491776 -1.136039853 8.907932281 -0.018807216 0.379776388 0.112618908 0.918004990
1403636708.113555 9.296941757 -1.144365191 8.962339401 -0.017609050 0.379416347 0.109412298 0.918565273
1403636708.163556 9.334557533 -1.149200320 9.016165733 -0.016764417 0.378985554 0.106312521 0.919122696
1403636708.213556 9.375904083 -1.153425694 9.072404861 -0.014881519 0.377500683 0.106528886 0.919740915
1403636708.263556 9.409500122 -1.152446747 9.131464005 -0.011678750 0.376179039 0.108359002 0.920114815
1403636708.313555 9.447722435 -1.158154249 9.186035156 -0.007092958 0.373700202 0.112957411 0.920618534
1403636708.363556 9.486037254 -1.161221147 9.244538307 -0.002060516 0.370759845 0.119875491 0.920957506
1403636708.413555 9.522089958 -1.165459871 9.297229767 0.001929155 0.368549287 0.124905288 0.921176612
1403636708.463556 9.558318138 -1.172789097 9.348153114 0.005166280 0.366853774 0.128784701 0.921306729
1403636708.513556 9.593974113 -1.180812955 9.396801949 0.006817607 0.366537601 0.129963413 0.921256304
1403636708.563555 9.629986763 -1.187135220 9.444967270 0.008318620 0.367128223 0.128365353 0.921232879
1403636708.613555 9.674043655 -1.193646312 9.490094185 0.008001741 0.369048983 0.123663276 0.921111345
1403636708.663556 9.716978073 -1.197163582 9.530481339 0.005158377 0.371622890 0.117286801 0.920930862
1403636708.713556 9.758760452 -1.201629519 9.571858406 0.003787944 0.375097662 0.109169655 0.920526743
1403636708.763556 9.798174858 -1.206227183 9.612730026 0.001081664 0.378433585 0.101693623 0.920024574
1403636708.813555 9.836240768 -1.211563587 9.654458046 0.000083850 0.382060200 0.094420008 0.919301271
1403636708.863556 9.870795250 -1.212688923 9.695844650 -0.001187077 0.384363651 0.091796234 0.918605804
1403636708.913555 9.914175034 -1.211937428 9.732550621 -0.000189732 0.386532336 0.089189157 0.917953134
1403636708.963556 9.948485374 -1.212399483 9.774609566 0.000370904 0.389327943 0.086853199 0.916995168
1403636709.013556 9.986804962 -1.218593597 9.807527542 0.002921108 0.390433758 0.086803935 0.916525006
1403636709.063555 10.015277863 -1.228200674 9.844861984 0.003669520 0.393334448 0.083897062 0.915552199
1403636709.113555 10.042744637 -1.236074448 9.881377220 0.005092532 0.394983053 0.084494039 0.914780438
1403636709.163556 10.064124107 -1.248914838 9.916960716 0.003450269 0.397047818 0.084456384 0.913897276
1403636709.213556 10.091218948 -1.258660436 9.952170372 0.001119595 0.397817492 0.086356744 0.913390636
1403636709.263556 10.117192268 -1.270370126 9.982460022 -0.002793476 0.398434937 0.086930506 0.913063467
1403636709.313555 10.136622429 -1.286830068 10.011904716 -0.006254729 0.398376077 0.088973708 0.912875175
1403636709.363556 10.153273582 -1.300707102 10.047626495 -0.009004549 0.398440272 0.090651974 0.912659049
1403636709.413555 10.165904045 -1.315049529 10.080645561 -0.011719855 0.399581999 0.089409411 0.912251532
1403636709.463556 10.185859680 -1.328187823 10.115753174 -0.012259630 0.398992807 0.090555079 0.912389278
1403636709.513556 10.202785492 -1.333333373 10.153174400 -0.013648704 0.399394900 0.089548953 0.912292957
1403636709.563555 10.216601372 -1.342007279 10.191425323 -0.014720663 0.399105430 0.090161182 0.912342608
1403636709.613555 10.230135918 -1.346644402 10.229215622 -0.016243128 0.398856401 0.090659343 0.912376344
1403636709.663556 10.243714333 -1.351662755 10.265654564 -0.017253203 0.398302257 0.090822913 0.912583590
1403636709.713556 10.253343582 -1.357097507 10.307367325 -0.018046144 0.397930175 0.090244099 0.912787974
1403636709.763556 10.264128685 -1.359342456 10.349324226 -0.017897036 0.396604210 0.090991773 0.913293660
1403636709.813555 10.273057938 -1.365022659 10.393419266 -0.017968882 0.396358907 0.089492127 0.913546860
1403636709.863556 10.284059525 -1.372205734 10.434378624 -0.017180955 0.394984066 0.090399213 0.914068103
1403636709.913555 10.288996696 -1.381906152 10.473457336 -0.017098308 0.394677758 0.089101933 0.914329231
1403636709.963556 10.295616150 -1.392158508 10.516904831 -0.016258273 0.394034773 0.088362217 0.914693594
1403636710.013556 10.298173904 -1.405918479 10.558591843 -0.015825046 0.393010616 0.088704221 0.915108621
1403636710.063555 10.298363686 -1.421644568 10.605054855 -0.015383021 0.392593980 0.087921217 0.915370524
1403636710.113555 10.298964500 -1.442153096 10.647325516 -0.014833350 0.391587824 0.087439492 0.915856600
1403636710.163556 10.300337791 -1.454499602 10.689616203 -0.014617543 0.390699595 0.086534120 0.916325271
1403636710.213556 10.299956322 -1.464017630 10.736996651 -0.013959504 0.389606684 0.085784465 0.916871190
1403636710.263556 10.300155640 -1.471379161 10.783664703 -0.012735485 0.387627274 0.086717390 0.917639911
1403636710.313555 10.300681114 -1.479085803 10.830664635 -0.009109161 0.384085029 0.091680221 0.918689489
1403636710.363556 10.294843674 -1.482956290 10.880371094 -0.005857618 0.379633307 0.098204955 0.919891298
1403636710.413555 10.294349670 -1.486650825 10.923933029 -0.002943528 0.373598844 0.103748627 0.921765447
1403636710.463556 10.287250519 -1.489878774 10.976245880 -0.001346033 0.367446899 0.108049311 0.923745811
1403636710.513556 10.284621239 -1.489112020 11.021533966 0.000577907 0.359869629 0.111313291 0.926338434
1403636710.563555 10.275762558 -1.486009836 11.070469856 0.001853107 0.353313863 0.112509467 0.928712845
1403636710.613555 10.271607399 -1.482903004 11.116945267 0.002975577 0.346988648 0.112252928 0.931122601
1403636710.663556 10.269486427 -1.475971103 11.162631035 0.003575554 0.340008914 0.110647693 0.933883429
1403636710.713556 10.266326904 -1.471106887 11.206535339 0.003778752 0.333221614 0.106987685 0.936751127
1403636710.763556 10.264045715 -1.462879181 11.248539925 0.004192078 0.325794786 0.102527946 0.939855397
1403636710.813555 10.262140274 -1.453836799 11.295088768 0.003450771 0.319252431 0.093886226 0.943001270
1403636710.863556 10.258018494 -1.447350979 11.337291718 0.001422814 0.312201262 0.085309632 0.946176827
1403636710.913555 10.257021904 -1.444130659 11.376230240 -0.000602943 0.304532081 0.077536114 0.949340820
1403636710.963556 10.254370689 -1.449873805 11.409109116 -0.002373009 0.297657430 0.070000008 0.952099979
1403636711.013556 10.253402710 -1.444105625 11.451380730 -0.005427909 0.292399198 0.060986761 0.954334259
1403636711.063555 10.245677948 -1.450700283 11.483665466 -0.006044942 0.286950409 0.056738254 0.956244588
1403636711.113555 10.243984222 -1.458166957 11.514578819 -0.007290466 0.282928824 0.051116161 0.957750082
1403636711.163556 10.236946106 -1.460248470 11.548727989 -0.006512171 0.279863060 0.047454458 0.958844244
1403636711.213556 10.230231285 -1.470592976 11.580543518 -0.006571373 0.277305961 0.044700846 0.959718704
1403636711.263556 10.221793175 -1.480697751 11.612326622 -0.006563538 0.275377452 0.043178346 0.960343599
1403636711.313555 10.213401794 -1.487500429 11.643457413 -0.004468292 0.272726059 0.044537622 0.961049914
1403636711.363556 10.200494766 -1.496846318 11.674761772 -0.002553250 0.271153510 0.046280205 0.961419463
1403636711.413555 10.187804222 -1.508682132 11.707385063 0.003264336 0.270211041 0.047554642 0.961620450
1403636711.463556 10.176376343 -1.523389578 11.737152100 0.010871096 0.269666761 0.048371602 0.961676598
1403636711.513556 10.162036896 -1.536190629 11.766926765 0.017569622 0.270069480 0.047941104 0.961486042
1403636711.563555 10.142808914 -1.547761559 11.791101456 0.022490317 0.271863043 0.045407817 0.961000919
1403636711.613555 10.124947548 -1.560412049 11.817247391 0.024937069 0.273740262 0.043083288 0.960514545
1403636711.663556 10.106612206 -1.572305202 11.840606689 0.025742123 0.275460064 0.041458197 0.960073054
1403636711.713556 10.086448669 -1.582659602 11.860776901 0.024296911 0.277401209 0.039632306 0.959628820
1403636711.763556 10.063782692 -1.593869805 11.878614426 0.023226358 0.278352261 0.040393021 0.959348202
1403636711.813555 10.038318634 -1.603420734 11.896086693 0.021305108 0.278577447 0.043314178 0.959199965
1403636711.863556 10.009305954 -1.617929935 11.911356926 0.018255606 0.277854949 0.048457563 0.959226370
1403636711.913555 9.979047775 -1.624555469 11.925723076 0.015934151 0.276493430 0.055384077 0.959286213
1403636711.963556 9.947289467 -1.640678406 11.936945915 0.013057233 0.275093704 0.062184189 0.959315419
1403636712.013556 9.917542458 -1.653029799 11.949390411 0.011707046 0.273409545 0.069329716 0.959324539
1403636712.063555 9.885784149 -1.666666865 11.957045555 0.010828816 0.271634072 0.075629808 0.959363222
1403636712.113555 9.853907585 -1.684953809 11.961347580 0.011291944 0.270770937 0.079263680 0.959308505
1403636712.163556 9.823265076 -1.699779987 11.968438148 0.012337002 0.270097017 0.080416910 0.959389627
1403636712.213556 9.792296410 -1.715471268 11.969683647 0.011448651 0.269139946 0.075558811 0.960064292
1403636712.263556 9.761930466 -1.733782291 11.972008705 0.009990442 0.266833186 0.068305202 0.961267233
1403636712.313555 9.729690552 -1.748625517 11.974482536 0.010137834 0.263371140 0.060134191 0.962765157
1403636712.363556 9.697834969 -1.764417171 11.971632004 0.009584161 0.258599311 0.052123114 0.964529812
1403636712.413555 9.667586327 -1.784242034 11.967020988 0.009463346 0.253622949 0.046171617 0.966154277
1403636712.463556 9.635533333 -1.805933595 11.963375092 0.010280934 0.248643801 0.040614028 0.967688501
1403636712.513556 9.598700523 -1.823739886 11.956073761 0.011115566 0.243463665 0.036549278 0.969157398
1403636712.563555 9.564033508 -1.843533516 11.953766823 0.012264438 0.238511354 0.034171756 0.970460832
1403636712.613555 9.530114174 -1.862863660 11.947038651 0.015355286 0.233071759 0.032719348 0.971787632
1403636712.663556 9.492148399 -1.886725187 11.935933113 0.018808791 0.227860093 0.033034217 0.972951591
1403636712.713556 9.452799797 -1.905839920 11.925151825 0.022006856 0.223313555 0.033315431 0.973928571
1403636712.763556 9.411599159 -1.915730238 11.916296959 0.023902014 0.219608486 0.033437341 0.974721849
1403636712.813555 9.371651649 -1.927270532 11.907384872 0.023444008 0.216709733 0.033714361 0.975372076
1403636712.863556 9.331835747 -1.937776804 11.893764496 0.021276509 0.214399889 0.034157485 0.975916624
1403636712.913555 9.292116165 -1.943442583 11.881129265 0.018908080 0.212732449 0.034502387 0.976318061
1403636712.963556 9.252232552 -1.950249910 11.866646767 0.015427308 0.211981818 0.034274504 0.976550519
1403636713.013556 9.209080696 -1.950186849 11.852425575 0.013375775 0.212364271 0.032435030 0.976560533
1403636713.063555 9.168761253 -1.954282761 11.836561203 0.013835284 0.211645871 0.033198755 0.976684391
1403636713.113555 9.125539780 -1.961341619 11.816676140 0.014333162 0.209933653 0.034948688 0.976985693
1403636713.163556 9.083056450 -1.967167139 11.796627045 0.013324306 0.208594874 0.035990007 0.977248847
1403636713.213556 9.037544250 -1.977145433 11.777915955 0.011746341 0.208045751 0.037644375 0.977323830
1403636713.263556 8.994806290 -1.984713674 11.750770569 0.009428683 0.207211345 0.038701504 0.977484941
1403636713.313555 8.953039169 -1.995387912 11.723272324 0.008100278 0.207305863 0.038582608 0.977481484
1403636713.363556 8.908957481 -2.008153915 11.698766708 0.006004613 0.207378954 0.039008155 0.977464199
1403636713.413555 8.865226746 -2.023617029 11.669475555 0.005945190 0.206730559 0.041384786 0.977504194
1403636713.463556 8.820132256 -2.040295601 11.638533592 0.005438625 0.206615925 0.043188129 0.977453351
1403636713.513556 8.775413513 -2.057507992 11.607946396 0.004945813 0.206370190 0.045533702 0.977401435
1403636713.563555 8.731756210 -2.076636314 11.574035645 0.005066504 0.205844983 0.048273858 0.977380097
1403636713.613555 8.688960075 -2.090436697 11.543526649 0.003790239 0.205425799 0.052454147 0.977258623
1403636713.663556 8.646486282 -2.104424715 11.509153366 0.002277353 0.205200449 0.055574983 0.977138162
1403636713.713556 8.603719711 -2.115107059 11.479294777 0.001702520 0.204962090 0.058980979 0.976989686
1403636713.763556 8.566089630 -2.123836994 11.447427750 0.001171188 0.204828992 0.062296975 0.976812541
1403636713.813555 8.526897430 -2.130756140 11.410120010 0.000482012 0.204734802 0.064596906 0.976683497
1403636713.863556 8.490005493 -2.138444901 11.378294945 0.000073315 0.205633119 0.065200746 0.976454794
1403636713.913555 8.454717636 -2.141320229 11.346776962 -0.000641494 0.207254231 0.063875161 0.976199389
1403636713.963556 8.419712067 -2.144485950 11.314251900 -0.001566441 0.209000841 0.061760534 0.975961983
1403636714.013556 8.387231827 -2.144602060 11.281820297 -0.002970354 0.210513830 0.060729377 0.975698233
1403636714.063555 8.354218483 -2.145896196 11.249658585 -0.003504165 0.213502556 0.056022611 0.975328565
1403636714.113555 8.325771332 -2.143299103 11.212529182 -0.004148262 0.214692995 0.055445958 0.975097656
1403636714.163556 8.293274879 -2.138932467 11.179552078 -0.004212282 0.216475189 0.054341666 0.974765480
1403636714.213556 8.261198044 -2.136815548 11.149783134 -0.002941660 0.217692897 0.054389618 0.974496245
1403636714.263556 8.231485367 -2.131777763 11.116044998 -0.001563373 0.217797801 0.056768976 0.974340260
1403636714.313555 8.200913429 -2.122818947 11.086148262 -0.000768786 0.218187779 0.059365805 0.974099219
1403636714.363556 8.172062874 -2.111514568 11.054979324 -0.001425788 0.218832612 0.060585987 0.973878622
1403636714.413555 8.145316124 -2.100059032 11.021456718 -0.005046515 0.219391048 0.061101004 0.973708749
1403636714.463556 8.119812965 -2.087299347 10.986577034 -0.009610123 0.218210146 0.061709248 0.973901391
1403636714.513556 8.091426849 -2.074571133 10.955684662 -0.014209422 0.215935543 0.061692789 0.974353075
1403636714.563555 8.065290451 -2.059212685 10.927881241 -0.017989030 0.211754769 0.062201452 0.975175500
1403636714.613555 8.040924072 -2.044415236 10.893299103 -0.021775043 0.205941662 0.060936987 0.976422310
1403636714.663556 8.017004013 -2.028885365 10.865364075 -0.024049306 0.199566409 0.057836745 0.977880239
1403636714.713556 7.994859695 -2.017534971 10.835977554 -0.026226092 0.191415414 0.054701295 0.979632676
1403636714.763556 7.973709106 -2.007038593 10.809681892 -0.027786423 0.182240516 0.050078843 0.981584668
1403636714.813555 7.950825691 -2.001067162 10.778925896 -0.028543975 0.172272474 0.043023378 0.983695269
1403636714.863556 7.929546356 -1.999397755 10.749458313 -0.028926134 0.161711112 0.035220154 0.985785127
1403636714.913555 7.906217098 -1.993261814 10.723884583 -0.029343324 0.150538966 0.028197279 0.987766147
1403636714.963556 7.891281128 -1.992931843 10.697270393 -0.030302156 0.138556272 0.022616943 0.989632487
1403636715.013556 7.869706631 -1.995733261 10.669080734 -0.031114122 0.128118142 0.016978364 0.991125345
1403636715.063555 7.853168964 -2.002576828 10.638019562 -0.031824846 0.118234523 0.012569784 0.992395997
1403636715.113555 7.829014778 -2.012225628 10.614299774 -0.033344939 0.110822871 0.007330027 0.993253589
1403636715.163556 7.817675114 -2.020971537 10.592522621 -0.033936784 0.103514805 0.004701991 0.994037628
1403636715.213556 7.795591354 -2.031116009 10.565826416 -0.034191798 0.098393925 0.001700447 0.994558513
1403636715.263556 7.777732849 -2.045218945 10.543231010 -0.033570901 0.093630128 0.000697193 0.995040655
1403636715.313555 7.761967182 -2.051501274 10.524249077 -0.031211199 0.089585885 0.000928168 0.995489538
1403636715.363556 7.749240398 -2.059747458 10.506096840 -0.029581692 0.086497210 0.000589717 0.995812654
1403636715.413555 7.733444691 -2.066729069 10.488777161 -0.025656808 0.083392449 0.003542022 0.996180177
1403636715.463556 7.717400074 -2.071444273 10.475478172 -0.022021770 0.081287012 0.006480782 0.996426344
1403636715.513556 7.703086853 -2.069785595 10.462566376 -0.018116068 0.078516409 0.012222698 0.996673286
1403636715.563555 7.690901756 -2.071210146 10.449265480 -0.015285669 0.075451449 0.019971544 0.996832252
1403636715.613555 7.679152489 -2.067880869 10.437884331 -0.014517072 0.074401088 0.023018070 0.996856987
1403636715.663556 7.669526100 -2.064088345 10.428934097 -0.010353422 0.075164348 0.022315895 0.996867657
1403636715.713556 7.661499977 -2.059564352 10.417221069 -0.004337159 0.077463798 0.017701050 0.996828556
1403636715.763556 7.656739235 -2.054629087 10.407513618 0.000839566 0.080109686 0.012739019 0.996704280
1403636715.813555 7.650851250 -2.045783281 10.395151138 0.005693873 0.082771987 0.008561580 0.996515453
1403636715.863556 7.645744324 -2.042756557 10.382210732 0.009859073 0.084573969 0.005835961 0.996351361
1403636715.913555 7.638598442 -2.037564516 10.369142532 0.013927380 0.087130576 0.002110051 0.996097326
1403636715.963556 7.635657787 -2.033373833 10.351305008 0.016780308 0.088558927 0.001435129 0.995928526
1403636716.013556 7.628048897 -2.034156322 10.334622383 0.017980857 0.089882746 0.001243569 0.995789289
1403636716.063555 7.622288704 -2.031615019 10.313230515 0.017658375 0.091231287 0.001582828 0.995671868
1403636716.113555 7.614697456 -2.032029390 10.290176392 0.016574772 0.091853052 0.003947813 0.995626807
1403636716.163556 7.607012272 -2.032355309 10.263286591 0.011618050 0.092670895 0.006321937 0.995608926
1403636716.213556 7.602352619 -2.032526970 10.236358643 0.005261057 0.093417369 0.009185718 0.995570779
1403636716.263556 7.596352577 -2.031313658 10.209237099 0.001315567 0.094990417 0.010532362 0.995421588
1403636716.313555 7.587096691 -2.032927990 10.181806564 -0.002591387 0.096628189 0.011810589 0.995247126
1403636716.363556 7.579620838 -2.026921034 10.152485847 -0.005026638 0.098140337 0.013011227 0.995074868
1403636716.413555 7.576602936 -2.021970987 10.127825737 -0.005506760 0.099466011 0.013611509 0.994932592
1403636716.463556 7.571390152 -2.015847206 10.099115372 -0.006648007 0.100789174 0.013694417 0.994791329
1403636716.513556 7.565804482 -2.007708549 10.074858665 -0.006289977 0.102269374 0.013893386 0.994639814
1403636716.563555 7.560514450 -1.994782686 10.049741745 -0.005593927 0.102893338 0.011657962 0.994608343
1403636716.613555 7.558622360 -1.984207273 10.022689819 -0.005876075 0.101651184 0.010037393 0.994752109
1403636716.663556 7.549777985 -1.973067641 9.999193192 -0.005437376 0.098970018 0.008269816 0.995041192
1403636716.713556 7.544455051 -1.956524491 9.973810196 -0.005336331 0.094721921 0.006276462 0.995469689
1403636716.763556 7.541399956 -1.939521790 9.948867798 -0.004853497 0.089243211 0.004711182 0.995986879
1403636716.813555 7.534436703 -1.922734141 9.923375130 -0.004983073 0.082402721 0.002568580 0.996583343
1403636716.863556 7.533602715 -1.904114962 9.900479317 -0.005324648 0.074084565 0.000623682 0.997237563
1403636716.913555 7.526360512 -1.887811184 9.871259689 -0.005493764 0.064730100 -0.001966586 0.997885764
1403636716.963556 7.519407272 -1.873852134 9.843358040 -0.006926407 0.054222792 -0.006468510 0.998483896
1403636717.013556 7.514604092 -1.862866879 9.813932419 -0.006803577 0.043061033 -0.010426618 0.998994887
1403636717.063555 7.505598068 -1.856786370 9.784786224 -0.008102288 0.032009903 -0.014936989 0.999343097
1403636717.113555 7.501709938 -1.848991632 9.753274918 -0.008327061 0.021105843 -0.019057963 0.999560893
1403636717.163556 7.494906425 -1.839644432 9.724691391 -0.008503172 0.012595530 -0.023601316 0.999605954
1403636717.213556 7.489561558 -1.835022449 9.692684174 -0.008995934 0.004999519 -0.027597526 0.999566138
1403636717.263556 7.483381271 -1.829228163 9.662182808 -0.009103809 -0.000520445 -0.032988247 0.999414146
1403636717.313555 7.480594635 -1.825531006 9.630631447 -0.009731095 -0.004354172 -0.039595619 0.999158919
1403636717.363556 7.473837376 -1.817692757 9.600574493 -0.008879247 -0.006459680 -0.047648244 0.998803794
1403636717.413555 7.467600822 -1.811069369 9.569964409 -0.008140896 -0.007982437 -0.054079719 0.998471558
1403636717.463556 7.461105347 -1.805783629 9.540010452 -0.007818882 -0.009634305 -0.058059644 0.998236001
1403636717.513556 7.448184013 -1.798361540 9.513716698 -0.008126476 -0.010904632 -0.059388340 0.998142302
1403636717.563555 7.435596943 -1.792815685 9.481239319 -0.007826689 -0.012752450 -0.057713058 0.998221040
1403636717.613555 7.424998760 -1.782230973 9.450886726 -0.008480379 -0.014894810 -0.054203454 0.998382807
1403636717.663556 7.414476395 -1.767611384 9.423814774 -0.007684392 -0.015727557 -0.052494831 0.998467803
1403636717.713556 7.403986931 -1.749889851 9.396869659 -0.006832746 -0.016277142 -0.050907686 0.998547375
1403636717.763556 7.381867409 -1.736674547 9.367576599 -0.007693619 -0.015706196 -0.054149028 0.998379648
1403636717.813555 7.368160248 -1.716792226 9.340579987 -0.007941060 -0.017528685 -0.056026377 0.998243809
1403636717.863556 7.348305702 -1.700362682 9.311348915 -0.008602171 -0.020283217 -0.059025764 0.998013318
1403636717.913555 7.324838638 -1.685906768 9.282008171 -0.008828389 -0.024672944 -0.062287331 0.997714162
1403636717.963556 7.306002140 -1.674085021 9.250781059 -0.008573413 -0.030152824 -0.065821260 0.997338891
1403636718.013556 7.286323071 -1.664049983 9.220363617 -0.008488617 -0.037676807 -0.068672180 0.996891439
1403636718.063555 7.261754990 -1.653083801 9.187666893 -0.008765052 -0.046133924 -0.070671670 0.996393681
1403636718.113555 7.233267307 -1.645918727 9.155171394 -0.008840157 -0.056747872 -0.070143692 0.995882213
1403636718.163556 7.201868057 -1.635168552 9.122052193 -0.009500781 -0.067359746 -0.069551080 0.995256245
1403636718.213556 7.174098015 -1.626254201 9.090650558 -0.010121495 -0.077203602 -0.068819016 0.994585872
1403636718.263556 7.145274162 -1.614288807 9.059469223 -0.010957076 -0.085879527 -0.068256311 0.993904293
1403636718.313555 7.113035202 -1.596635938 9.026371956 -0.011705067 -0.093645111 -0.067480110 0.993247211
1403636718.363556 7.081218719 -1.582551718 8.994388580 -0.012395400 -0.101463899 -0.067972623 0.992436945
1403636718.413555 7.050727844 -1.560767174 8.968733788 -0.013469776 -0.109617375 -0.068221577 0.991538405
1403636718.463556 7.017184734 -1.545981169 8.935926437 -0.014428061 -0.118165590 -0.067437813 0.990596235
1403636718.513556 6.987029076 -1.525799751 8.908750534 -0.014728567 -0.127060905 -0.068028480 0.989449680
1403636718.563555 6.960058212 -1.498462439 8.887457848 -0.014976975 -0.135528266 -0.067027420 0.988390148
1403636718.613555 6.924142838 -1.482415915 8.853305817 -0.016718136 -0.142347902 -0.065875828 0.987480581
1403636718.663556 6.891127586 -1.458270669 8.830005646 -0.018128630 -0.149480566 -0.062242202 0.986637115
1403636718.713556 6.861636639 -1.433877230 8.803249359 -0.020058202 -0.155649111 -0.060166955 0.985774338
1403636718.763556 6.834352016 -1.409354210 8.779249191 -0.020132551 -0.160365045 -0.060152505 0.985017478
1403636718.813555 6.807044029 -1.381696820 8.753504753 -0.020020802 -0.162766501 -0.064314373 0.984362662
1403636718.863556 6.785335541 -1.358219147 8.736785889 -0.019150410 -0.164121360 -0.070801944 0.983709574
1403636718.913555 6.761319160 -1.333902478 8.716930389 -0.017581407 -0.164646164 -0.076208636 0.983247042
1403636718.963556 6.735109806 -1.311000228 8.695981026 -0.015490851 -0.164641336 -0.081496239 0.982858896
1403636719.013556 6.710693836 -1.294549942 8.670687675 -0.014322702 -0.164765045 -0.085219413 0.982540071
1403636719.063555 6.690336704 -1.275322556 8.650960922 -0.011765404 -0.165550157 -0.086669408 0.982315183
1403636719.113555 6.664285660 -1.266514778 8.625951767 -0.009225875 -0.165567562 -0.087973602 0.982223451
1403636719.163556 6.649299622 -1.252954483 8.606716156 -0.005540480 -0.166639268 -0.087671235 0.982096910
1403636719.213556 6.627161980 -1.243372083 8.581230164 -0.002186749 -0.166923985 -0.086631969 0.982154012
1403636719.263556 6.605410099 -1.231504679 8.557403564 0.001097150 -0.166844651 -0.085744902 0.982247174
1403636719.313555 6.581449032 -1.218960166 8.531852722 0.003265604 -0.167300582 -0.082553186 0.982438207
1403636719.363556 6.557941914 -1.205914497 8.510429382 0.005612553 -0.167025581 -0.081188656 0.982588112
1403636719.413555 6.537462711 -1.191330314 8.483049393 0.006707849 -0.166881233 -0.079523832 0.982741892
1403636719.463556 6.513731003 -1.174030185 8.459138870 0.007262794 -0.166484252 -0.077906102 0.982934833
1403636719.513556 6.493683815 -1.156365395 8.433694839 0.006981295 -0.165958241 -0.076560326 0.983131528
1403636719.563555 6.479361534 -1.128744841 8.410562515 0.004552362 -0.165290490 -0.076137319 0.983291149
1403636719.613555 6.456038475 -1.114717484 8.376462936 0.001080105 -0.164385438 -0.074391440 0.983586371
1403636719.663556 6.437569141 -1.091882110 8.351858139 -0.002165986 -0.162772954 -0.074901193 0.983814061
1403636719.713556 6.424442291 -1.072860241 8.326967239 -0.005554632 -0.161499798 -0.074693568 0.984026313
1403636719.763556 6.404202461 -1.057287455 8.296068192 -0.008055588 -0.159703195 -0.074129321 0.984344900
1403636719.813555 6.389163971 -1.045926929 8.265535355 -0.010240407 -0.158121318 -0.073713914 0.984611094
1403636719.863556 6.374397755 -1.034698844 8.237527847 -0.010692817 -0.156865582 -0.072865590 0.984870255
1403636719.913555 6.357873440 -1.027390361 8.203482628 -0.011520674 -0.155429602 -0.071878575 0.985161126
1403636719.963556 6.345620632 -1.019613028 8.175855637 -0.013356832 -0.154429361 -0.071456991 0.985325873
1403636720.013556 6.331263542 -1.010209918 8.146852493 -0.013647479 -0.152883649 -0.071691848 0.985545874
1403636720.063555 6.318076611 -0.996619999 8.118682861 -0.014041794 -0.152406782 -0.071394466 0.985635757
1403636720.113555 6.302477837 -0.983719468 8.091145515 -0.014410872 -0.151523739 -0.071619749 0.985750258
1403636720.163556 6.287838936 -0.972691894 8.064851761 -0.015780570 -0.151096389 -0.071620442 0.985794783
1403636720.213556 6.277871132 -0.958167434 8.037275314 -0.016083861 -0.151316315 -0.070747778 0.985819161
1403636720.263556 6.268647671 -0.941199005 8.014510155 -0.015840238 -0.151671559 -0.070437767 0.985790730
1403636720.313555 6.256074905 -0.926498890 7.991660118 -0.016017506 -0.151814923 -0.069735184 0.985815763
1403636720.363556 6.243670940 -0.904749990 7.969382286 -0.015699970 -0.151938438 -0.070304334 0.985761404
1403636720.413555 6.234170914 -0.887863576 7.946341515 -0.015982794 -0.152683794 -0.070023246 0.985661685
1403636720.463556 6.226544380 -0.868773222 7.923085213 -0.016509339 -0.153659090 -0.069417343 0.985544324
1403636720.513556 6.216274738 -0.850132406 7.902452469 -0.016970525 -0.154144511 -0.069084808 0.985484004
1403636720.563555 6.207003593 -0.837247849 7.880537987 -0.017363271 -0.155129880 -0.068681471 0.985350788
1403636720.613555 6.198526859 -0.823791265 7.857530117 -0.017887356 -0.155222610 -0.070333757 0.985210180
1403636720.663556 6.192167759 -0.813902259 7.835632324 -0.017930374 -0.156454414 -0.069722049 0.985058069
1403636720.713556 6.184293747 -0.809759855 7.811071396 -0.016820431 -0.156196564 -0.069663845 0.985122681
1403636720.763556 6.181528091 -0.802707791 7.793946743 -0.017106242 -0.155327693 -0.068665378 0.985325217
1403636720.813555 6.174646378 -0.800821900 7.773015022 -0.017416475 -0.152047709 -0.067851223 0.985887587
1403636720.863556 6.169726372 -0.798990130 7.751865387 -0.017614905 -0.147157177 -0.067846991 0.986626208
1403636720.913555 6.163879871 -0.795015216 7.729523659 -0.017748525 -0.141047269 -0.065982617 0.987642109
1403636720.963556 6.164075375 -0.784458518 7.722218990 -0.016128503 -0.134906486 -0.063679352 0.988678455
1403636721.013556 6.159392834 -0.776722252 7.702791214 -0.014970893 -0.129441872 -0.059898142 0.989663005
1403636721.063555 6.159596443 -0.769675732 7.683231831 -0.013261844 -0.123349316 -0.056503601 0.990664661
1403636721.113555 6.157073021 -0.759016931 7.667054176 -0.012358203 -0.116207361 -0.053286206 0.991717577
1403636721.163556 6.156676292 -0.747410476 7.655303001 -0.009909865 -0.107659116 -0.050537869 0.992853105
1403636721.213556 6.156557560 -0.736363411 7.642335415 -0.008577330 -0.099685811 -0.047113255 0.993865967
1403636721.263556 6.157763481 -0.727360010 7.626539230 -0.005957036 -0.092767626 -0.043581422 0.994715691
1403636721.313555 6.160330296 -0.718826711 7.615916729 -0.005698125 -0.086220235 -0.041614804 0.995390236
1403636721.363556 6.160390854 -0.714274526 7.594501495 -0.005444516 -0.079750948 -0.039930802 0.995999813
1403636721.413555 6.164736271 -0.711574852 7.577399731 -0.004482610 -0.074639902 -0.039335884 0.996424377
1403636721.463556 6.163424492 -0.708143830 7.555322170 -0.004635273 -0.070019335 -0.038144071 0.996805310
1403636721.513556 6.171596050 -0.702858090 7.540900230 -0.005062602 -0.064881757 -0.038017798 0.997155666
1403636721.563555 6.172996998 -0.703664601 7.517741680 -0.005980393 -0.058950733 -0.036821160 0.997563660
1403636721.613555 6.179172993 -0.699677885 7.501488209 -0.006835515 -0.052927032 -0.036801305 0.997896612
1403636721.663556 6.182942867 -0.692456484 7.482699871 -0.007941071 -0.047858488 -0.036460306 0.998156846
1403636721.713556 6.190352917 -0.687167346 7.467000484 -0.007230988 -0.044121224 -0.036505949 0.998332798
1403636721.763556 6.195914268 -0.677013695 7.450802326 -0.007662407 -0.040531352 -0.037805516 0.998433411
1403636721.813555 6.202979088 -0.667125881 7.429114819 -0.007416151 -0.038699456 -0.037316520 0.998526335
1403636721.863556 6.203465462 -0.655066013 7.412237167 -0.006865406 -0.037340276 -0.036293186 0.998619735
1403636721.913555 6.203126907 -0.642936289 7.392640591 -0.006806345 -0.036299597 -0.036377657 0.998655438
1403636721.963556 6.207302570 -0.631264627 7.372672558 -0.006539667 -0.035214510 -0.039354045 0.998583198
1403636722.013556 6.213320732 -0.612442315 7.360514164 -0.005780505 -0.034289721 -0.042648852 0.998484790
1403636722.063555 6.216224194 -0.604226291 7.339761257 -0.005907369 -0.033668760 -0.045928556 0.998359680
1403636722.113555 6.220255375 -0.593557119 7.320038795 -0.006146189 -0.034402754 -0.047008820 0.998282969
1403636722.163556 6.221058369 -0.587596476 7.297325611 -0.006651650 -0.035546012 -0.045686491 0.998301029
1403636722.213556 6.222572327 -0.583953023 7.274912834 -0.007054441 -0.036716882 -0.044728033 0.998299301
1403636722.263556 6.224601269 -0.577368498 7.254212379 -0.007638399 -0.038233399 -0.043497991 0.998292446
1403636722.313555 6.226174355 -0.575712144 7.232982635 -0.007498377 -0.039912678 -0.041949619 0.998294055
1403636722.363556 6.225099087 -0.573419273 7.209727287 -0.008214771 -0.040269617 -0.041305225 0.998300910
1403636722.413555 6.226587772 -0.568027079 7.187187195 -0.008529584 -0.039006446 -0.041210301 0.998352349
1403636722.463556 6.228396893 -0.555963874 7.167993069 -0.007611814 -0.036686108 -0.040526800 0.998475730
1403636722.513556 6.226456642 -0.548853815 7.147376537 -0.007535446 -0.034313776 -0.039240327 0.998612046
1403636722.563555 6.225324154 -0.541497827 7.125353813 -0.008097256 -0.031976681 -0.038582746 0.998710811
1403636722.613555 6.226124763 -0.527641416 7.107544422 -0.007901398 -0.029833201 -0.039335895 0.998749316
1403636722.663556 6.229327679 -0.516151488 7.088622093 -0.008353844 -0.028160283 -0.039496809 0.998787880
1403636722.713556 6.230632782 -0.501191139 7.069231033 -0.007598621 -0.026603723 -0.039747126 0.998826683
1403636722.763556 6.229903698 -0.487273127 7.054358482 -0.007832169 -0.024921114 -0.040754411 0.998827636
1403636722.813555 6.230298519 -0.474984914 7.032598019 -0.008554691 -0.023949141 -0.041484583 0.998815417
1403636722.863556 6.231295586 -0.467078626 7.010493755 -0.008577997 -0.023103351 -0.042392042 0.998797059
1403636722.913555 6.226657867 -0.459846377 6.988112450 -0.008940422 -0.022851303 -0.041455682 0.998838961
1403636722.963556 6.225068569 -0.455009580 6.966185093 -0.009377596 -0.023298703 -0.040163018 0.998877466
1403636723.013556 6.222899914 -0.453857958 6.943296432 -0.009025436 -0.024127368 -0.038223289 0.998937130
1403636723.063555 6.216908932 -0.453642696 6.919292927 -0.008311885 -0.024858125 -0.035879057 0.999012351
1403636723.113555 6.211084843 -0.455586821 6.894590378 -0.008311154 -0.025147730 -0.035072029 0.999033749
1403636723.163556 6.206991673 -0.458707303 6.866906643 -0.008412946 -0.025072806 -0.034773070 0.999045253
1403636723.213556 6.201933384 -0.456136823 6.844131947 -0.008519406 -0.024916871 -0.034235910 0.999066830
1403636723.263556 6.202733040 -0.452917576 6.818825722 -0.009159675 -0.024631528 -0.035212331 0.999034286
1403636723.313555 6.195687294 -0.448734403 6.797360420 -0.008906343 -0.023155294 -0.037495729 0.998988807
1403636723.363556 6.194311142 -0.440114975 6.779210091 -0.008656439 -0.021230208 -0.037955660 0.999016404
1403636723.413555 6.191985130 -0.432599962 6.756900311 -0.007909590 -0.017248491 -0.039008409 0.999058664
1403636723.463556 6.185718060 -0.423891068 6.739554405 -0.005585486 -0.011625604 -0.040180705 0.999109209
1403636723.513556 6.180491924 -0.418724835 6.715685844 -0.001645577 -0.006036217 -0.038182154 0.999251187
1403636723.563555 6.176708698 -0.414072335 6.696380615 0.004575221 -0.001633011 -0.033794623 0.999417007
1403636723.613555 6.167599201 -0.411320537 6.670576572 0.010826062 0.002700102 -0.030198939 0.999481618
1403636723.663556 6.164049625 -0.405312806 6.647371292 0.012150423 0.006586127 -0.027282994 0.999532223
1403636723.713556 6.156647682 -0.404592425 6.620358467 0.008484749 0.010531195 -0.025925085 0.999572396
1403636723.763556 6.152723312 -0.403012961 6.592295170 0.004048284 0.014145741 -0.024070520 0.999601960
1403636723.813555 6.147872448 -0.397284448 6.565777302 -0.000682023 0.016678061 -0.021515246 0.999629200
1403636723.863556 6.141804695 -0.392733097 6.536934853 -0.004222343 0.019112028 -0.019755490 0.999613225
1403636723.913555 6.129919052 -0.392182589 6.507935047 -0.008126751 0.021416502 -0.018007087 0.999575436
1403636723.963556 6.124061108 -0.385157108 6.481307983 -0.012421277 0.023360847 -0.015970496 0.999522328
1403636724.013556 6.115352631 -0.370939732 6.454760075 -0.016409075 0.026649268 -0.014925709 0.999398708
1403636724.063555 6.107603550 -0.359295994 6.425896168 -0.019750919 0.031092148 -0.013180369 0.999234438
1403636724.113555 6.101778030 -0.349858582 6.402033329 -0.023714626 0.036932345 -0.011664513 0.998968244
1403636724.163556 6.097027779 -0.337955713 6.383195400 -0.023844628 0.043974113 -0.010307685 0.998694897
1403636724.213556 6.093704224 -0.323569328 6.364412308 -0.024818253 0.051249582 -0.006766661 0.998354495
1403636724.263556 6.088594913 -0.309012026 6.342371464 -0.024614660 0.060016163 -0.004300167 0.997884572
1403636724.313555 6.086231709 -0.293033302 6.327623367 -0.023138009 0.069372915 -0.002281044 0.997319818
1403636724.363556 6.080462456 -0.279756159 6.309839249 -0.021040421 0.078920037 0.000311486 0.996658802
1403636724.413555 6.077081680 -0.266799688 6.293589592 -0.017982444 0.088362046 0.002524162 0.995922863
1403636724.463556 6.068166256 -0.254949749 6.274290085 -0.015742181 0.096474536 0.005020686 0.995198250
1403636724.513556 6.065189838 -0.246310532 6.259365082 -0.012518201 0.103521720 0.006030007 0.994530141
1403636724.563555 6.058554649 -0.243075535 6.239095688 -0.010205273 0.109175459 0.007646301 0.993940711
1403636724.613555 6.052539349 -0.239199340 6.222879410 -0.009610996 0.114041887 0.008545619 0.993392706
1403636724.663556 6.044895649 -0.239979580 6.202641487 -0.008839323 0.117704578 0.009545262 0.992963433
1403636724.713556 6.036255836 -0.242120653 6.182195663 -0.008881602 0.120462857 0.010658797 0.992620885
1403636724.763556 6.026832581 -0.246441856 6.159432411 -0.009440192 0.122446395 0.011550079 0.992363036
1403636724.813555 6.019501686 -0.252775311 6.140434742 -0.010267962 0.123589732 0.012338916 0.992203534
1403636724.863556 6.009003639 -0.263263047 6.117368221 -0.011365853 0.123955972 0.013409992 0.992132008
1403636724.913555 6.000967979 -0.276096463 6.095899582 -0.012159597 0.123091996 0.015390959 0.992201388
1403636724.963556 5.990694046 -0.288398892 6.073376179 -0.012741634 0.121870711 0.017593974 0.992308199
1403636725.013556 5.983158112 -0.305187762 6.050657272 -0.012774939 0.119908340 0.020369867 0.992493749
1403636725.063555 5.973025322 -0.322768390 6.027830124 -0.012146816 0.118429467 0.022352299 0.992636561
1403636725.113555 5.962608337 -0.343963325 6.005538940 -0.012494133 0.117099702 0.023981584 0.992751956
1403636725.163556 5.953597069 -0.363538742 5.979858398 -0.013386212 0.115775511 0.025517823 0.992857337
1403636725.213556 5.946956158 -0.385476440 5.952208042 -0.013441922 0.115293518 0.024700085 0.992933333
1403636725.263556 5.939185619 -0.403849840 5.932434082 -0.013837893 0.114543706 0.024730798 0.993013918
1403636725.313555 5.930508614 -0.420458794 5.911517620 -0.014474349 0.115208425 0.022509046 0.992980778
1403636725.363556 5.925268650 -0.436422378 5.888070107 -0.014660378 0.115268342 0.021429945 0.992994964
1403636725.413555 5.919764519 -0.451454997 5.869209290 -0.014424067 0.115694135 0.019508537 0.992988527
1403636725.463556 5.912887096 -0.464099228 5.850880146 -0.014467312 0.116047569 0.018536050 0.992965281
1403636725.513556 5.908254147 -0.476717770 5.831990242 -0.014677911 0.116504289 0.017003110 0.992936134
1403636725.563555 5.904195786 -0.484557509 5.813549042 -0.015312873 0.117032506 0.016235579 0.992877305
1403636725.613555 5.898258686 -0.492110014 5.799740314 -0.015249391 0.117769644 0.014738287 0.992814481
1403636725.663556 5.893004417 -0.500143588 5.783333778 -0.013659939 0.118006617 0.014710732 0.992809832
1403636725.713556 5.889812946 -0.504915357 5.767951488 -0.013255687 0.117917918 0.015164998 0.992819071
1403636725.763556 5.883613110 -0.506749392 5.753282547 -0.013572373 0.118013240 0.015111202 0.992804289
1403636725.813555 5.877656937 -0.507202327 5.742748260 -0.013190478 0.118012667 0.014806592 0.992814064
1403636725.863556 5.875289440 -0.506796241 5.731369019 -0.014745537 0.117385410 0.015402663 0.992857456
1403636725.913555 5.870671272 -0.505715907 5.718273163 -0.014428303 0.116355509 0.017509496 0.992948472
1403636725.963556 5.867131710 -0.500923216 5.710464001 -0.014943548 0.115709618 0.017924240 0.993008912
1403636726.013556 5.861334801 -0.497840255 5.700368881 -0.014054975 0.115117304 0.018436804 0.993081331
1403636726.063555 5.859333515 -0.491251886 5.690029621 -0.013697694 0.114723951 0.017506786 0.993148685
1403636726.113555 5.854747772 -0.485459745 5.682494164 -0.013486285 0.114788696 0.016156321 0.993166983
1403636726.163556 5.850811481 -0.478688776 5.675592422 -0.011694949 0.114607774 0.015004672 0.993228614
1403636726.213556 5.849535942 -0.467554688 5.669437885 -0.010699006 0.114062332 0.014643729 0.993308067
1403636726.263556 5.846538544 -0.457471013 5.662538052 -0.010479162 0.113691509 0.013276641 0.993372142
1403636726.313555 5.842282772 -0.451798528 5.654884338 -0.010222020 0.113007389 0.013063094 0.993455648
1403636726.363556 5.839647293 -0.443522096 5.650446415 -0.008955228 0.112683415 0.011987752 0.993518293
1403636726.413555 5.834333420 -0.439991891 5.641705513 -0.008379342 0.111991026 0.011613349 0.993606031
1403636726.463556 5.831358433 -0.438359082 5.635911942 -0.007589393 0.111003354 0.011950137 0.993719161
1403636726.513556 5.825746059 -0.439742088 5.625292778 -0.006922631 0.109458625 0.014162911 0.993866324
1403636726.563555 5.821314335 -0.445932984 5.613002300 -0.005259202 0.106402397 0.020437676 0.994099200
1403636726.613555 5.820538521 -0.450991631 5.601799011 -0.003655684 0.102756254 0.028850852 0.994281352
1403636726.663556 5.816949844 -0.458853930 5.587662697 -0.000758124 0.099625349 0.035854958 0.994378507
1403636726.713556 5.813720226 -0.465868652 5.576438427 -0.000635534 0.099170201 0.036551487 0.994398713
1403636726.763556 5.815285683 -0.477280825 5.560951233 -0.000144543 0.100099541 0.032960258 0.994431317
1403636726.813555 5.818256855 -0.485076010 5.547894955 0.000046187 0.101471171 0.027301254 0.994463801
1403636726.863556 5.821655273 -0.496809930 5.528624535 0.000215875 0.101463772 0.020960081 0.994618356
1403636726.913555 5.824151039 -0.512473643 5.510442734 -0.000299579 0.100975186 0.015901841 0.994761825
1403636726.963556 5.826707363 -0.529096425 5.489143372 -0.000508910 0.099974886 0.012311785 0.994913638
1403636727.013556 5.830849171 -0.547059715 5.473246574 -0.000435647 0.098937325 0.010346178 0.995039761
1403636727.063555 5.832209110 -0.566944957 5.450141430 -0.000321080 0.098594934 0.007775272 0.995097220
1403636727.113555 5.832402229 -0.584460258 5.426777840 -0.001026805 0.098249979 0.005184098 0.995147705
1403636727.163556 5.834413052 -0.600408316 5.404842377 -0.002047255 0.098280683 0.002118323 0.995154381
1403636727.213556 5.839879513 -0.612331033 5.384172440 -0.002742315 0.098451465 -0.000768499 0.995137751
1403636727.263556 5.838850975 -0.624735236 5.362363338 -0.003473319 0.098974980 -0.003435471 0.995077908
1403636727.313555 5.839388371 -0.636503816 5.342146397 -0.004395373 0.099667028 -0.006280491 0.994991302
1403636727.363556 5.841633797 -0.645157456 5.320969105 -0.006138081 0.099701248 -0.007139949 0.994972885
1403636727.413555 5.839817524 -0.652401030 5.306888103 -0.006399017 0.099965096 -0.008166956 0.994936824
1403636727.463556 5.837745667 -0.660964489 5.280779839 -0.006478116 0.100138858 -0.009337779 0.994908571
1403636727.513556 5.831912041 -0.668913841 5.264651299 -0.004926906 0.099606976 -0.007644726 0.994985282
1403636727.563555 5.827745438 -0.677846193 5.244805813 -0.003317568 0.098404355 -0.004068310 0.995132685
1403636727.613555 5.821293354 -0.691630065 5.221330166 -0.001857252 0.097952224 -0.002810711 0.995185435
1403636727.663556 5.816139698 -0.701466560 5.199919701 -0.001339981 0.097113274 -0.000836803 0.995272040
1403636727.713556 5.810944557 -0.714630544 5.176285744 -0.002912981 0.097249620 -0.001004548 0.995255232
1403636727.763556 5.802506924 -0.728314757 5.154170513 -0.003573959 0.097673118 -0.002147226 0.995209813
1403636727.813555 5.795028210 -0.746301472 5.126873493 -0.004289942 0.097947881 -0.003580642 0.995175838
1403636727.863556 5.786345005 -0.762723267 5.104464531 -0.005256308 0.100007884 -0.008401468 0.994937301
1403636727.913555 5.774729729 -0.781361461 5.077291489 -0.005522479 0.101783179 -0.012938268 0.994707108
1403636727.963556 5.762552738 -0.798800349 5.049925327 -0.005685812 0.102248743 -0.014062429 0.994643211
1403636728.013556 5.750758171 -0.816094458 5.027076721 -0.006142476 0.101987928 -0.012750311 0.994684935
1403636728.063555 5.739807129 -0.826647520 5.001662254 -0.006057000 0.101247340 -0.010816179 0.994784057
1403636728.113555 5.721816063 -0.840897501 4.979721546 -0.004578903 0.100357682 -0.007369616 0.994913578
1403636728.163556 5.710021973 -0.846782029 4.959774971 -0.003093026 0.100035183 -0.005523211 0.994963765
1403636728.213556 5.691459179 -0.858108640 4.935732365 -0.002077710 0.099504724 -0.003691239 0.995028079
1403636728.263556 5.676261902 -0.863252699 4.913489819 -0.001413597 0.099115282 -0.002462499 0.995071888
1403636728.313555 5.660170555 -0.864571393 4.895806313 -0.001441296 0.098747648 -0.000961342 0.995110989
1403636728.363556 5.642687798 -0.864616096 4.875049591 -0.001803312 0.099064492 -0.001085060 0.995078802
1403636728.413555 5.623988628 -0.868112922 4.852759838 -0.002313632 0.097608596 0.003006930 0.995217621
1403636728.463556 5.606489658 -0.868488550 4.833234310 -0.001578719 0.095551580 0.009242170 0.995380282
1403636728.513556 5.588708878 -0.863421202 4.810870647 -0.001421902 0.093190998 0.016576074 0.995509207
1403636728.563555 5.572784901 -0.859285831 4.792150497 -0.001886902 0.091342494 0.020001786 0.995616853
1403636728.613555 5.553470135 -0.854297221 4.776892185 -0.001398626 0.089191176 0.021504426 0.995781362
1403636728.663556 5.538726807 -0.840779841 4.755543709 -0.001941020 0.087350003 0.016825166 0.996033728
1403636728.713556 5.522844791 -0.834091842 4.736947060 -0.001956647 0.084532939 0.010314509 0.996365368
1403636728.763556 5.508644104 -0.831945121 4.713142872 -0.002595871 0.079829924 0.003895981 0.996797502
1403636728.813555 5.493155479 -0.825664818 4.689633369 -0.003031391 0.074031733 -0.003045543 0.997246623
1403636728.863556 5.481343746 -0.825311542 4.666371822 -0.003025874 0.067718565 -0.008175879 0.997666359
1403636728.913555 5.465358257 -0.829013348 4.640425682 -0.001876463 0.061773080 -0.012972766 0.998004138
1403636728.963556 5.449630260 -0.827413440 4.616360188 -0.000811709 0.056357395 -0.015632005 0.998287916
1403636729.013556 5.432327271 -0.826017261 4.587089539 0.000468701 0.051206853 -0.018258454 0.998521030
1403636729.063555 5.415986538 -0.823319554 4.562216759 0.002070942 0.046898685 -0.020901287 0.998678803
1403636729.113555 5.400413990 -0.814236522 4.537509918 0.003333003 0.042942159 -0.022151507 0.998826385
1403636729.163556 5.381579399 -0.811103284 4.512132645 0.002741409 0.040130142 -0.024027528 0.998901784
1403636729.213556 5.367758274 -0.805856287 4.486240864 0.000602333 0.037404940 -0.024135863 0.999008477
1403636729.263556 5.348408699 -0.794539511 4.461359978 -0.000398342 0.034699280 -0.023058949 0.999131680
1403636729.313555 5.330338001 -0.788427353 4.434366703 -0.001062783 0.033381671 -0.023449548 0.999166965
1403636729.363556 5.310244560 -0.777299225 4.412728786 -0.001062160 0.032157544 -0.022941472 0.999218941
1403636729.413555 5.295515060 -0.761963844 4.384533405 -0.000031392 0.031335846 -0.023260830 0.999238193
1403636729.463556 5.276675701 -0.753449798 4.356954575 0.000107259 0.030792668 -0.023476873 0.999250054
1403636729.513556 5.259408474 -0.740295351 4.332804203 0.000383186 0.030193958 -0.023360832 0.999270916
1403636729.563555 5.239785671 -0.735447288 4.298700809 -0.000304177 0.029660344 -0.022835681 0.999299109
1403636729.613555 5.217843056 -0.732240677 4.274958611 -0.001280802 0.029681979 -0.023008466 0.999293745
1403636729.663556 5.200318336 -0.725340128 4.240575314 -0.001758362 0.029403707 -0.022635080 0.999309778
1403636729.713556 5.178107262 -0.722624719 4.212825775 -0.001435173 0.029093539 -0.021341855 0.999347806
1403636729.763556 5.161552429 -0.718181968 4.179615974 -0.003101937 0.029451106 -0.021689638 0.999326050
1403636729.813555 5.139892101 -0.715189457 4.153765202 -0.005189101 0.029925296 -0.021150267 0.999314904
1403636729.863556 5.119828701 -0.714356482 4.120341778 -0.008067884 0.030437523 -0.021545492 0.999271870
1403636729.913555 5.095901966 -0.710086584 4.087325573 -0.009964782 0.030253939 -0.019546846 0.999301434
1403636729.963556 5.079116344 -0.702583015 4.060482979 -0.011679813 0.030631401 -0.020481855 0.999252617
1403636730.013556 5.060526848 -0.694231808 4.029011250 -0.013103769 0.030502217 -0.019377990 0.999260902
1403636730.063555 5.042936325 -0.681190729 4.002526283 -0.013851499 0.030161034 -0.019373856 0.999261260
1403636730.113555 5.020699501 -0.674170196 3.974040508 -0.014775034 0.029841876 -0.019442458 0.999256313
1403636730.163556 5.000500679 -0.664441705 3.944856405 -0.014663738 0.029397795 -0.018295610 0.999292731
1403636730.213556 4.980737209 -0.646084011 3.920412064 -0.015565008 0.029594002 -0.019275216 0.999254882
1403636730.263556 4.961803436 -0.632689595 3.898330688 -0.015636891 0.029335603 -0.019649256 0.999254107
1403636730.313555 4.943953037 -0.620235860 3.863847733 -0.015059181 0.028152123 -0.017518239 0.999336660
1403636730.363556 4.924578190 -0.604492664 3.844328642 -0.015534475 0.027876258 -0.017491924 0.999337614
1403636730.413555 4.903845310 -0.591436327 3.821771622 -0.016927091 0.027892342 -0.018236514 0.999301255
1403636730.463556 4.886475086 -0.574394286 3.794169188 -0.020550847 0.027272578 -0.017997876 0.999254704
1403636730.513556 4.866745472 -0.561582863 3.774843931 -0.024290765 0.027628839 -0.018998168 0.999142468
1403636730.563555 4.843752384 -0.548595726 3.753695488 -0.028230980 0.027396340 -0.018203536 0.999060094
1403636730.613555 4.827604294 -0.548485994 3.720432520 -0.031454504 0.026759474 -0.017613631 0.998991668
1403636730.663556 4.808269501 -0.544987440 3.701087475 -0.033046573 0.026575968 -0.017120736 0.998953700
1403636730.713556 4.790766239 -0.544823885 3.679218292 -0.034042843 0.026190802 -0.016933242 0.998933613
1403636730.763556 4.773289680 -0.549111187 3.658443928 -0.035268165 0.026376635 -0.017518323 0.998876154
1403636730.813555 4.757164478 -0.549638271 3.639540672 -0.035271518 0.026044767 -0.017862419 0.998878658
1403636730.863556 4.735539913 -0.559797883 3.617838860 -0.036211509 0.025578406 -0.015843255 0.998891115
1403636730.913555 4.719526291 -0.567711592 3.599839687 -0.036979884 0.024497354 -0.012237919 0.998940766
1403636730.963556 4.699899197 -0.576179504 3.586046219 -0.035767447 0.023038927 -0.007043153 0.999069691
1403636731.013556 4.679588318 -0.586165071 3.571970224 -0.034440000 0.021800166 -0.001796507 0.999167383
1403636731.063555 4.662701130 -0.593450546 3.561695576 -0.029091608 0.019806175 0.005012734 0.999367952
1403636731.113555 4.648179531 -0.598289788 3.549906492 -0.022490082 0.019019386 0.009060721 0.999525070
1403636731.163556 4.641061783 -0.598449945 3.542388439 -0.016921008 0.018330026 0.011530253 0.999622285
1403636731.213556 4.626708984 -0.600813448 3.535953283 -0.013106347 0.019616358 0.009626603 0.999675333
1403636731.263556 4.619800091 -0.598681629 3.533211470 -0.009437094 0.021307323 0.005818313 0.999711514
1403636731.313555 4.612612247 -0.595210612 3.529733658 -0.007417306 0.023677627 0.000746984 0.999691844
1403636731.363556 4.609374523 -0.595745623 3.517184973 -0.006868294 0.025258483 -0.003207252 0.999652207
1403636731.413555 4.604434967 -0.588364601 3.515835285 -0.007518613 0.027191162 -0.007997388 0.999570012
1403636731.463556 4.594810486 -0.588742495 3.507232428 -0.007153095 0.027952712 -0.009615975 0.999537408
1403636731.513556 4.587678909 -0.585248649 3.496639967 -0.008090147 0.027629778 -0.008403223 0.999550164
1403636731.563555 4.584599018 -0.578612506 3.491291761 -0.008636839 0.026019286 -0.004288130 0.999614954
1403636731.613555 4.582355022 -0.569723368 3.483017921 -0.008413830 0.024850897 -0.001196023 0.999655068
1403636731.663556 4.576890945 -0.560414851 3.479517460 -0.008697193 0.024119465 0.001141997 0.999670625
1403636731.713556 4.573214054 -0.550383866 3.474389553 -0.008607585 0.024532545 0.000586736 0.999661803
1403636731.763556 4.573018551 -0.540864646 3.469719887 -0.009040275 0.025614776 -0.002465534 0.999628007
1403636731.813555 4.577195644 -0.525597155 3.468610764 -0.008879273 0.026079951 -0.004393724 0.999610782
1403636731.863556 4.572955132 -0.512761295 3.462106466 -0.009015732 0.026897356 -0.006876054 0.999573886
1403636731.913555 4.575642586 -0.499179810 3.458381414 -0.008663676 0.026900362 -0.008752002 0.999562263
1403636731.963556 4.575077534 -0.482602268 3.452584505 -0.007909737 0.026758732 -0.009139474 0.999568880
1403636732.013556 4.576632500 -0.466379851 3.450664997 -0.007633473 0.026637588 -0.009780809 0.999568164
1403636732.063555 4.583441734 -0.450298250 3.447493076 -0.006122773 0.026504193 -0.010889739 0.999570668
1403636732.113555 4.584077358 -0.427446872 3.444201946 -0.005778073 0.026093388 -0.010186890 0.999590933
1403636732.163556 4.586650372 -0.405382156 3.439772606 -0.005571641 0.025986116 -0.011267153 0.999583304
1403636732.213556 4.586635590 -0.387923986 3.436393738 -0.004094042 0.025982484 -0.011902929 0.999583125
1403636732.263556 4.593414783 -0.367232680 3.433309078 -0.003095762 0.026161047 -0.013923234 0.999556005
1403636732.313555 4.598952293 -0.349266678 3.429172516 -0.001993693 0.025346618 -0.012932266 0.999593079
1403636732.363556 4.601146221 -0.333818585 3.423082829 -0.002339840 0.026116041 -0.015391040 0.999537706
1403636732.413555 4.602696419 -0.326341987 3.413367987 -0.001017147 0.027690073 -0.019877732 0.999418378
1403636732.463556 4.602736950 -0.315803349 3.401110888 0.001534010 0.030116266 -0.027193222 0.999175251
1403636732.513556 4.605866432 -0.310177833 3.387403965 0.004455165 0.032662518 -0.035738152 0.998817384
1403636732.563555 4.609528065 -0.301235318 3.375381470 0.007858247 0.034311805 -0.041969392 0.998498619
1403636732.613555 4.609862804 -0.299759507 3.360508919 0.010818273 0.035669815 -0.047020726 0.998198211
1403636732.663556 4.603162766 -0.299906999 3.344360590 0.013047520 0.035145391 -0.046751376 0.998202801
1403636732.713556 4.597747803 -0.297139347 3.326867580 0.014992402 0.033406183 -0.042974968 0.998404920
1403636732.763556 4.592146873 -0.296176046 3.307580709 0.015211035 0.031219186 -0.038323399 0.998661757
1403636732.813555 4.582175255 -0.294255614 3.288587570 0.016345989 0.029283198 -0.033400636 0.998879194
1403636732.863556 4.570060253 -0.297173917 3.265139103 0.016111122 0.028517254 -0.031699501 0.998960614
1403636732.913555 4.562128067 -0.294283211 3.240396500 0.015252302 0.027757879 -0.030386666 0.999036312
1403636732.963556 4.549603462 -0.288116574 3.217461824 0.013146481 0.027251650 -0.029265776 0.999113619
1403636733.013556 4.538037300 -0.279159665 3.190436602 0.010185434 0.026657712 -0.029090827 0.999169350
1403636733.063555 4.527225018 -0.272082239 3.164467335 0.007396307 0.026494887 -0.028999265 0.999200881
1403636733.113555 4.516043186 -0.261641949 3.137468815 0.003635152 0.026039816 -0.028742962 0.999240994
1403636733.163556 4.499933720 -0.258294940 3.111057281 0.003309494 0.027000064 -0.031568654 0.999131322
1403636733.213556 4.485662460 -0.256351382 3.079049587 0.001829398 0.026673691 -0.031719957 0.999139130
1403636733.263556 4.469657898 -0.255488515 3.045358181 0.001031124 0.026464589 -0.032745626 0.999112785
1403636733.313555 4.452984333 -0.255994827 3.017500639 0.000441867 0.025663225 -0.031188961 0.999183893
1403636733.363556 4.438721657 -0.255124927 2.980119228 -0.001445914 0.024293248 -0.029288774 0.999274671
1403636733.413555 4.417286873 -0.264670849 2.948653936 -0.004429246 0.023414439 -0.028010676 0.999323547
1403636733.463556 4.401590347 -0.266987026 2.916951656 -0.005986793 0.022484595 -0.025207870 0.999411464
1403636733.513556 4.381742477 -0.274542719 2.879843950 -0.008250940 0.022208098 -0.025053747 0.999405324
1403636733.563555 4.366153240 -0.277375966 2.841979980 -0.009659149 0.021678392 -0.024022495 0.999429703
1403636733.613555 4.343298435 -0.285038888 2.810565472 -0.011304091 0.021882391 -0.025307985 0.999376237
1403636733.663556 4.323366165 -0.283880085 2.779353142 -0.012348842 0.021294923 -0.023438698 0.999422133
1403636733.713556 4.306436062 -0.286100566 2.743925333 -0.013603122 0.021101275 -0.023742346 0.999402821
1403636733.763556 4.284360886 -0.284210831 2.714295149 -0.013916167 0.021299860 -0.024636032 0.999372661
1403636733.813555 4.263656139 -0.283047378 2.679509878 -0.016113183 0.021002397 -0.024170974 0.999357343
1403636733.863556 4.245428562 -0.275238633 2.656016350 -0.016798588 0.020961827 -0.024180340 0.999346614
1403636733.913555 4.225082397 -0.272096515 2.625399828 -0.015915126 0.021432834 -0.025996784 0.999305487
1403636733.963556 4.209075928 -0.262667894 2.599580526 -0.013501738 0.022434687 -0.029020065 0.999235809
1403636734.013556 4.193523407 -0.251893252 2.571807861 -0.009986016 0.022686493 -0.030177217 0.999237180
1403636734.063555 4.173995018 -0.246644974 2.543646574 -0.007768576 0.023116425 -0.030385533 0.999240756
1403636734.113555 4.155672550 -0.238257021 2.512833595 -0.005710496 0.023036199 -0.028771661 0.999304235
1403636734.163556 4.132427692 -0.229707971 2.486505985 -0.005057346 0.023409110 -0.028421171 0.999309123
1403636734.213556 4.113198757 -0.220045447 2.455660105 -0.004503634 0.022529878 -0.026653240 0.999380648
1403636734.263556 4.091999531 -0.218477130 2.425372362 -0.003949502 0.021467343 -0.025635786 0.999433041
1403636734.313555 4.069610119 -0.217205405 2.392479420 -0.005143359 0.020542653 -0.024041357 0.999486685
1403636734.363556 4.053670883 -0.215940014 2.360895157 -0.006504558 0.019463247 -0.022815268 0.999529064
1403636734.413555 4.029735565 -0.215606138 2.330177546 -0.008111828 0.018630903 -0.021663694 0.999558806
1403636734.463556 4.008349895 -0.221135378 2.301065922 -0.010079037 0.018088885 -0.021546165 0.999553382
1403636734.513556 3.986135244 -0.222422794 2.268434048 -0.011651536 0.017442144 -0.021165678 0.999555945
1403636734.563555 3.966659784 -0.227472037 2.235764503 -0.014164148 0.016861921 -0.020903166 0.999538958
1403636734.613555 3.943401814 -0.225333303 2.208935976 -0.016005425 0.016318573 -0.020648120 0.999525487
1403636734.663556 3.922486544 -0.221283257 2.177683115 -0.017823195 0.016169202 -0.021509774 0.999478936
1403636734.713556 3.906953573 -0.215454176 2.151526451 -0.018501448 0.015756395 -0.022392934 0.999453843
1403636734.763556 3.883605242 -0.212655589 2.124299765 -0.018398248 0.015509969 -0.023861347 0.999425650
1403636734.813555 3.860452652 -0.200765356 2.099918604 -0.019278821 0.014965708 -0.023733640 0.999420345
1403636734.863556 3.840519667 -0.195161045 2.077860117 -0.019579720 0.014203734 -0.023950726 0.999420464
1403636734.913555 3.821449041 -0.185094506 2.050164938 -0.019832185 0.013357024 -0.023446234 0.999439120
1403636734.963556 3.800771713 -0.177623957 2.023906946 -0.020166233 0.012916259 -0.022909889 0.999450624
1403636735.013556 3.782273054 -0.163446367 2.005014181 -0.019767648 0.012912056 -0.023862628 0.999436378
1403636735.063555 3.758721828 -0.157285005 1.987785101 -0.019560292 0.012739598 -0.023529500 0.999450564
1403636735.113555 3.743996143 -0.141099080 1.963574529 -0.019147594 0.012280259 -0.022305563 0.999492347
1403636735.163556 3.722609282 -0.130448669 1.944260955 -0.019348562 0.012008759 -0.021134973 0.999517262
1403636735.213556 3.706028700 -0.122675613 1.925157189 -0.020412410 0.012111599 -0.020254482 0.999513090
1403636735.263556 3.686594248 -0.119702756 1.903866172 -0.021768702 0.012109259 -0.018679531 0.999515176
1403636735.313555 3.671411514 -0.116005212 1.882734656 -0.023257952 0.012267990 -0.017171230 0.999506772
1403636735.363556 3.646597147 -0.116727300 1.867957473 -0.024409225 0.013198243 -0.015878091 0.999488831
1403636735.413555 3.631782055 -0.121019915 1.846988201 -0.023027519 0.014253587 -0.015817989 0.999508083
1403636735.463556 3.612529516 -0.128457993 1.826510668 -0.021912785 0.015447712 -0.014231856 0.999539196
1403636735.513556 3.600316048 -0.134510159 1.806989908 -0.020613287 0.017295144 -0.014324184 0.999535263
1403636735.563555 3.583076954 -0.149328083 1.786271453 -0.019322678 0.019139040 -0.014432709 0.999525905
1403636735.613555 3.568441629 -0.161165625 1.769766808 -0.018088352 0.020875752 -0.014644461 0.999511182
1403636735.663556 3.553372622 -0.172131479 1.751115799 -0.017520480 0.022707172 -0.014746203 0.999479830
1403636735.713556 3.538777351 -0.183765203 1.728106380 -0.018417291 0.023805600 -0.013958014 0.999449492
1403636735.763556 3.525768042 -0.186774522 1.719184518 -0.018365104 0.025356639 -0.014366194 0.999406517
1403636735.813555 3.509930372 -0.199307472 1.701956391 -0.018475136 0.026015226 -0.013486056 0.999399841
1403636735.863556 3.495029688 -0.205686390 1.689731359 -0.017789999 0.026671505 -0.013520288 0.999394476
1403636735.913555 3.481624603 -0.210711241 1.675541878 -0.017281089 0.026840962 -0.013377181 0.999400795
1403636735.963556 3.468836784 -0.214788511 1.664714813 -0.017088169 0.027242133 -0.013975265 0.999385059
1403636736.013556 3.457184792 -0.212139830 1.655129790 -0.015761444 0.025908321 -0.015202220 0.999424398
1403636736.063555 3.440755129 -0.221653730 1.643858194 -0.015285281 0.023237471 -0.017160643 0.999465823
1403636736.113555 3.426697493 -0.229103670 1.632938385 -0.013048624 0.018430084 -0.017928490 0.999584198
1403636736.163556 3.411279440 -0.240498334 1.623803020 -0.011049025 0.012727024 -0.020010659 0.999657691
1403636736.213556 3.399481535 -0.252419829 1.604359627 -0.009329574 0.006238837 -0.021666404 0.999702275
1403636736.263556 3.383882284 -0.265066266 1.597048163 -0.008551390 0.000452706 -0.023845896 0.999678969
1403636736.313555 3.379164219 -0.276496738 1.579025984 -0.008034130 -0.005182664 -0.026552947 0.999601662
1403636736.363556 3.363912582 -0.287656665 1.572242975 -0.007783698 -0.009356727 -0.029467603 0.999491632
1403636736.413555 3.352880716 -0.298618257 1.558113217 -0.008036412 -0.013369187 -0.031386569 0.999385595
1403636736.463556 3.337265253 -0.301012129 1.549027324 -0.007337084 -0.015281301 -0.036280207 0.999197841
1403636736.513556 3.323448420 -0.307134718 1.539506078 -0.006345124 -0.016685825 -0.041459844 0.998980701
1403636736.563555 3.312221766 -0.309904993 1.528275847 -0.005616667 -0.017920418 -0.046217445 0.998754859
1403636736.613555 3.296613455 -0.311018705 1.520352960 -0.004911785 -0.018550025 -0.050090138 0.998560309
1403636736.663556 3.282300234 -0.310759813 1.508542299 -0.004018202 -0.019716229 -0.051582169 0.998466015
1403636736.713556 3.267551899 -0.308956176 1.498899460 -0.003244415 -0.020489760 -0.052958500 0.998381197
1403636736.763556 3.251823664 -0.306437463 1.489884853 -0.003991827 -0.021236425 -0.053993389 0.998307467
1403636736.813555 3.233833551 -0.302366227 1.482499003 -0.002945336 -0.021809300 -0.055158872 0.998235047
1403636736.863556 3.214906931 -0.298969686 1.468602180 -0.002750436 -0.023238268 -0.054072123 0.998262823
1403636736.913555 3.196601629 -0.290613055 1.459332108 -0.003552491 -0.023955394 -0.054973673 0.998194039
1403636736.963556 3.177952528 -0.292075485 1.446971178 -0.004125934 -0.025811255 -0.053182885 0.998242617
1403636737.013556 3.155315161 -0.278543353 1.438026428 -0.004262901 -0.028128758 -0.049565740 0.998365581
1403636737.063555 3.136337042 -0.272787660 1.425874472 -0.004346686 -0.030600715 -0.047016311 0.998415828
1403636737.113555 3.109777451 -0.263901114 1.411369801 -0.003868417 -0.033378609 -0.043083813 0.998506248
1403636737.163556 3.089164972 -0.251256824 1.401899338 -0.004176908 -0.035177343 -0.042485684 0.998468876
1403636737.213556 3.066079617 -0.238733053 1.391758442 -0.004382406 -0.036919478 -0.041358456 0.998452425
1403636737.263556 3.045114517 -0.226902917 1.377053022 -0.005402110 -0.039049596 -0.039422244 0.998444736
1403636737.313555 3.023712397 -0.216076463 1.367072821 -0.007609050 -0.039983563 -0.040513765 0.998349667
1403636737.363556 3.000033855 -0.204082683 1.354678035 -0.009586441 -0.041465174 -0.039952729 0.998294830
1403636737.413555 2.981097698 -0.192998931 1.341000557 -0.011788057 -0.042648353 -0.040417038 0.998202682
1403636737.463556 2.964122772 -0.185177296 1.326804042 -0.014146827 -0.044049479 -0.040734790 0.998098314
1403636737.513556 2.941479683 -0.184155673 1.315516233 -0.016316541 -0.044379499 -0.042348072 0.997983396
1403636737.563555 2.920211554 -0.181543127 1.301013350 -0.017322104 -0.045672312 -0.040718827 0.997975945
1403636737.613555 2.901807785 -0.179175735 1.284091592 -0.018413622 -0.046976741 -0.038676456 0.997977078
1403636737.663556 2.882243156 -0.182360381 1.267170548 -0.020110397 -0.048681866 -0.035170194 0.997992337
1403636737.713556 2.864292145 -0.186516270 1.253150702 -0.021809908 -0.049955487 -0.032023560 0.997999609
1403636737.763556 2.841228962 -0.192140818 1.242352962 -0.022588126 -0.050607469 -0.029808233 0.998018086
1403636737.813555 2.826811314 -0.201673150 1.226217985 -0.023575449 -0.051505506 -0.027241375 0.998022676
1403636737.863556 2.811817884 -0.208995953 1.214188576 -0.023647213 -0.051785070 -0.025526322 0.998051882
1403636737.913555 2.793591261 -0.223545983 1.203927040 -0.023884546 -0.051634211 -0.025106469 0.998064697
1403636737.963556 2.777510166 -0.238509387 1.192897558 -0.023395920 -0.051315807 -0.024451748 0.998108923
1403636738.013556 2.766373873 -0.255923808 1.179295778 -0.022912506 -0.050655931 -0.024598984 0.998150229
1403636738.063555 2.753608942 -0.271511376 1.168403149 -0.022956342 -0.049611647 -0.025171129 0.998187423
1403636738.113555 2.741528273 -0.292184114 1.153295279 -0.021428959 -0.047885191 -0.028098516 0.998227596
1403636738.163556 2.735555410 -0.308933318 1.142606974 -0.019949183 -0.047032207 -0.028827038 0.998278022
1403636738.213556 2.727246523 -0.326260954 1.133896589 -0.018760273 -0.045661826 -0.030419491 0.998317480
1403636738.263556 2.717322111 -0.340888113 1.127552032 -0.018470392 -0.044690840 -0.030210439 0.998373151
1403636738.313555 2.711372852 -0.353388518 1.118528605 -0.018371973 -0.043776494 -0.030736774 0.998399377
1403636738.363556 2.702790022 -0.365234166 1.112457871 -0.018628888 -0.042749073 -0.030317260 0.998452008
1403636738.413555 2.694814444 -0.376288146 1.107616782 -0.019068012 -0.041853424 -0.030185848 0.998485625
1403636738.463556 2.690343857 -0.385884911 1.103903294 -0.019506369 -0.039951082 -0.030090392 0.998557985
1403636738.513556 2.685332775 -0.389946759 1.099442720 -0.020391736 -0.036638901 -0.028389324 0.998717070
1403636738.563555 2.679717302 -0.398570627 1.100797415 -0.022238290 -0.031744473 -0.026550803 0.998895824
1403636738.613555 2.678281307 -0.399230361 1.102874756 -0.023776937 -0.025981668 -0.023204166 0.999110222
1403636738.663556 2.672666788 -0.405245423 1.104696751 -0.024300957 -0.018169820 -0.020200677 0.999335408
1403636738.713556 2.670478821 -0.404508293 1.108915806 -0.023400161 -0.009676900 -0.015595105 0.999557734
1403636738.763556 2.670210123 -0.407103628 1.112782836 -0.020729503 -0.000110949 -0.010800252 0.999726772
1403636738.813555 2.671265125 -0.409001887 1.115814209 -0.018198267 0.009969525 -0.004946199 0.999772489
1403636738.863556 2.670283794 -0.404275447 1.124268413 -0.014811033 0.020746171 0.001647599 0.999673724
1403636738.913555 2.676200151 -0.399917006 1.126950383 -0.012871852 0.032033186 0.007911941 0.999372602
1403636738.963556 2.677990437 -0.389827579 1.139871359 -0.011018964 0.043635197 0.015708888 0.998863280
1403636739.013556 2.684890270 -0.383690715 1.148058772 -0.009408740 0.055588234 0.023781529 0.998126209
1403636739.063555 2.689661026 -0.375870883 1.158166885 -0.008843629 0.068477526 0.031165272 0.997126579
1403636739.113555 2.701529980 -0.365376651 1.165901065 -0.008204105 0.082731850 0.035284936 0.995913208
1403636739.163556 2.712493420 -0.350945175 1.173519611 -0.008558210 0.097957142 0.036682874 0.994477510
1403636739.213556 2.727755547 -0.336299479 1.184835911 -0.007849761 0.113204174 0.038352173 0.992800236
1403636739.263556 2.747283459 -0.315903366 1.192937374 -0.007853628 0.128881365 0.038977820 0.990862548
1403636739.313555 2.761592150 -0.304017156 1.202082872 -0.007854131 0.144767955 0.038300082 0.988692880
1403636739.363556 2.779589891 -0.286499709 1.209657192 -0.008073122 0.160625383 0.037352540 0.986275375
1403636739.413555 2.794666529 -0.266178370 1.217296600 -0.008287737 0.175083414 0.038179807 0.983778119
1403636739.463556 2.811713457 -0.255399734 1.223464727 -0.008499587 0.188917771 0.039590806 0.981157720
1403636739.513556 2.826519489 -0.248844981 1.229414463 -0.009050160 0.201330945 0.043586321 0.978511214
1403636739.563555 2.842749119 -0.239852488 1.230041265 -0.007483561 0.211420745 0.048930157 0.976140916
1403636739.613555 2.853307962 -0.238401294 1.234143734 -0.007045879 0.219845444 0.053870004 0.974020720
1403636739.663556 2.871143341 -0.233676374 1.235174179 -0.007974284 0.227021232 0.056557372 0.972213447
1403636739.713556 2.880716801 -0.236711651 1.236014366 -0.007439247 0.232711360 0.058720734 0.970743001
1403636739.763556 2.895147324 -0.235138535 1.230110884 -0.006787031 0.235922351 0.063452102 0.969674408
1403636739.813555 2.911232471 -0.233515769 1.232617855 -0.006474230 0.238394484 0.066190675 0.968888521
1403636739.863556 2.923159122 -0.227732092 1.236798048 -0.006768505 0.240601644 0.067707323 0.968235910
1403636739.913555 2.937015057 -0.220263839 1.239167690 -0.006764497 0.241949841 0.068253420 0.967861593
1403636739.963556 2.951539755 -0.211557001 1.242570400 -0.006708751 0.242882699 0.067921966 0.967651606
1403636740.013556 2.964299440 -0.200187430 1.244261384 -0.007372517 0.243319601 0.067095920 0.967594624
1403636740.063555 2.976681948 -0.188793346 1.248780131 -0.008163435 0.243565977 0.065332696 0.967646956
1403636740.113555 2.987346649 -0.174743325 1.254587531 -0.008236791 0.244116217 0.061930429 0.967731416
1403636740.163556 3.002573967 -0.158230394 1.263462543 -0.008845093 0.244614571 0.057839878 0.967853308
1403636740.213556 3.013574600 -0.145284563 1.265621662 -0.008848269 0.245013729 0.053098831 0.968024015
1403636740.263556 3.027296066 -0.129211813 1.269740343 -0.009383526 0.244937524 0.049547605 0.968226492
1403636740.313555 3.041358709 -0.111045785 1.273856878 -0.007461418 0.243538439 0.049762167 0.968585074
1403636740.363556 3.052352190 -0.093247540 1.281035542 -0.006441487 0.241370335 0.051158492 0.969062269
1403636740.413555 3.066292286 -0.072545327 1.285218596 -0.004919641 0.238968879 0.054281089 0.969496369
1403636740.463556 3.074558735 -0.054403320 1.290073872 -0.005108629 0.237166166 0.056359090 0.969819427
1403636740.513556 3.084807396 -0.035796948 1.298530817 -0.002739927 0.235198215 0.057960395 0.970213830
1403636740.563555 3.095116377 -0.017016336 1.305154085 -0.002074758 0.234152034 0.057545859 0.970493138
1403636740.613555 3.106297731 0.002628066 1.307913542 -0.001523191 0.232850030 0.057549052 0.970807195
1403636740.663556 3.116560936 0.019402042 1.311216593 -0.002364918 0.231241822 0.059343982 0.971081793
1403636740.713556 3.124875069 0.035016440 1.314590931 -0.004339722 0.230016947 0.060477782 0.971295953
1403636740.763556 3.133986712 0.050207622 1.317259312 -0.006994445 0.229333073 0.059670944 0.971491992
1403636740.813555 3.142722130 0.062354460 1.317150354 -0.007424074 0.228343964 0.060095422 0.971695662
1403636740.863556 3.151621580 0.078038149 1.321022987 -0.006499813 0.227734461 0.059858877 0.971859932
1403636740.913555 3.163197756 0.094950661 1.322880626 -0.005678731 0.228039473 0.056453969 0.971997261
1403636740.963556 3.174500942 0.112333879 1.324254632 -0.004396894 0.229194298 0.051470593 0.972008944
1403636741.013556 3.182094574 0.133639753 1.329740524 -0.004617099 0.231567636 0.044057433 0.971809626
1403636741.063555 3.195736647 0.155994266 1.328717947 -0.004049160 0.234433427 0.037614152 0.971395791
1403636741.113555 3.206546307 0.181327969 1.331106782 -0.002616660 0.237079158 0.035879362 0.970824003
1403636741.163556 3.214373112 0.207411677 1.336782098 -0.000753133 0.240626052 0.037296951 0.969900727
1403636741.213556 3.219433784 0.234830216 1.342613101 0.001432924 0.243548304 0.042154863 0.968971193
1403636741.263556 3.227355480 0.264486909 1.345133305 0.002961689 0.245180279 0.049122788 0.968227625
1403636741.313555 3.233822107 0.292995781 1.349253297 0.002766735 0.246197820 0.054887123 0.967660248
1403636741.363556 3.236660004 0.326429546 1.353505850 -0.000320715 0.247310042 0.061342340 0.966992617
1403636741.413555 3.241250038 0.356276900 1.353892446 -0.003856644 0.248699531 0.065591462 0.966349542
1403636741.463556 3.245325089 0.385261655 1.357169509 -0.008062529 0.250195920 0.068369560 0.965744615
1403636741.513556 3.248882771 0.414898813 1.359040141 -0.015070027 0.251262009 0.071039170 0.965191007
1403636741.563555 3.251497746 0.436123282 1.359910846 -0.018547364 0.250937879 0.076498531 0.964797497
1403636741.613555 3.252620220 0.460571438 1.364352345 -0.022742284 0.252926886 0.074656881 0.964332461
1403636741.663556 3.258274555 0.480070889 1.363397241 -0.024537854 0.253396034 0.074959345 0.964141786
1403636741.713556 3.266606808 0.494949877 1.361344099 -0.024228675 0.253760546 0.074031711 0.964125454
1403636741.763556 3.273395538 0.510414720 1.363010526 -0.022091795 0.254164994 0.071948156 0.964227974
1403636741.813555 3.276963949 0.522261441 1.364708185 -0.020146048 0.254729718 0.069044732 0.964333832
1403636741.863556 3.290349245 0.538354039 1.365542769 -0.017536584 0.254750550 0.065605141 0.964619458
1403636741.913555 3.296068192 0.552776814 1.368489861 -0.016617425 0.255011857 0.061590634 0.964831293
1403636741.963556 3.305550337 0.573769867 1.370580316 -0.016036708 0.255239546 0.055944618 0.965124786
1403636742.013556 3.311841488 0.594071448 1.376642346 -0.017973581 0.255301088 0.051568575 0.965318084
1403636742.063555 3.318994522 0.614363134 1.381870151 -0.020888923 0.253998369 0.050101016 0.965680301
1403636742.113555 3.324655056 0.634341657 1.387389064 -0.025571052 0.251708090 0.051582474 0.966089249
1403636742.163556 3.328961134 0.650083065 1.394166470 -0.028429369 0.249190286 0.054670028 0.966492176
1403636742.213556 3.335040092 0.666943252 1.401884913 -0.029349964 0.246877015 0.056869514 0.966931343
1403636742.263556 3.339840651 0.672132134 1.407540917 -0.029497126 0.243960872 0.060724087 0.967432499
1403636742.313555 3.345208168 0.682673216 1.415140271 -0.026826045 0.241954356 0.061291020 0.967978239
1403636742.363556 3.349641323 0.688832998 1.425272703 -0.022539167 0.240710363 0.061899714 0.968358874
1403636742.413555 3.354926109 0.690366268 1.433689713 -0.018413257 0.239504769 0.061173420 0.968791127
1403636742.463556 3.359206438 0.690410495 1.442983747 -0.015604279 0.238652557 0.061083853 0.969056368
1403636742.513556 3.367020607 0.691040695 1.448995948 -0.013566904 0.237690300 0.060311157 0.969371855
1403636742.563555 3.373137474 0.690524757 1.456565142 -0.012494331 0.236754671 0.060052857 0.969631255
1403636742.613555 3.377375603 0.689693689 1.465810061 -0.010410651 0.236447215 0.058995180 0.969795823
1403636742.663556 3.384543896 0.689096808 1.473109841 -0.007784589 0.236081079 0.058208402 0.969957173
1403636742.713556 3.394507885 0.690233469 1.480309367 -0.005245683 0.235108003 0.057873201 0.970230579
1403636742.763556 3.398350716 0.695751488 1.490347862 -0.003274078 0.234631926 0.057112150 0.970399559
1403636742.813555 3.407499790 0.703012586 1.497979283 -0.001880927 0.233945802 0.056702383 0.970592976
1403636742.863556 3.412010908 0.712820828 1.506564140 -0.000457712 0.233013704 0.057267193 0.970785677
1403636742.913555 3.419848442 0.724684596 1.517518759 0.000192415 0.232193932 0.057575379 0.970963955
1403636742.963556 3.426033020 0.740168095 1.528145194 0.000375230 0.232839331 0.058422077 0.970758796
1403636743.013556 3.434577703 0.756241441 1.538205504 -0.001899268 0.234702647 0.059332494 0.970252931
1403636743.063555 3.439688921 0.777853489 1.548946381 -0.007166091 0.237189353 0.062414192 0.969429910
1403636743.113555 3.448522329 0.799071789 1.556565404 -0.015584652 0.239428848 0.066701412 0.968494654
1403636743.163556 3.454907417 0.817396283 1.567041397 -0.026724517 0.241482049 0.071092509 0.967428565
1403636743.213556 3.462393284 0.836966515 1.578555107 -0.034918074 0.243507937 0.073896252 0.966449142
1403636743.263556 3.474302292 0.856653035 1.589039564 -0.043367226 0.245588258 0.075327337 0.965469539
1403636743.313555 3.484765530 0.865676641 1.600527883 -0.047013886 0.246754721 0.077823050 0.964803278
1403636743.363556 3.492466450 0.875369191 1.616576552 -0.048650697 0.247766778 0.080245912 0.964264154
1403636743.413555 3.508322716 0.881754994 1.629426837 -0.048292655 0.248422593 0.081692196 0.963991940
1403636743.463556 3.524779558 0.886377096 1.646642685 -0.044588070 0.249369830 0.081349395 0.963954747
1403636743.513556 3.537456751 0.891139746 1.668416500 -0.040908661 0.250742227 0.080413178 0.963840485
1403636743.563555 3.555994749 0.892199457 1.686657429 -0.036166817 0.251743764 0.079006769 0.963885367
1403636743.613555 3.575845480 0.897159338 1.708980441 -0.031611957 0.253003120 0.075177267 0.964022040
1403636743.663556 3.596447468 0.903652847 1.730858684 -0.028357899 0.253868580 0.072375812 0.964110136
1403636743.713556 3.616449833 0.913151264 1.757759690 -0.023697793 0.255191356 0.069213986 0.964118898
1403636743.763556 3.636907101 0.922417104 1.783358097 -0.018627066 0.257904202 0.066787243 0.963679373
1403636743.813555 3.656526804 0.933925271 1.813791394 -0.015620261 0.261029720 0.067435563 0.962845743
1403636743.863556 3.680646896 0.944880486 1.839883208 -0.011747682 0.263255864 0.070609540 0.962066829
1403636743.913555 3.699704170 0.962354720 1.871644497 -0.008663004 0.266929299 0.069306776 0.961181700
1403636743.963556 3.718778133 0.978670180 1.901769400 -0.006061663 0.269810975 0.068663284 0.960442960
1403636744.013556 3.740048409 0.996800661 1.930483341 -0.004515456 0.271689028 0.069391459 0.959869504
1403636744.063555 3.757764816 1.017638683 1.960353613 -0.003455252 0.275761783 0.068122499 0.958802819
1403636744.113555 3.778714657 1.037706017 1.991050839 -0.002723633 0.279841304 0.069054730 0.957555711
1403636744.163556 3.798411846 1.060099721 2.019888878 -0.001675351 0.283784628 0.070413291 0.956297815
1403636744.213556 3.814985275 1.083367348 2.050828218 0.000100129 0.286858946 0.072780445 0.955204129
1403636744.263556 3.831631422 1.109422088 2.082837582 0.002748754 0.289033651 0.076260671 0.954272628
1403636744.313555 3.847266674 1.138649464 2.112206459 0.003710060 0.291025817 0.078136742 0.953511834
1403636744.363556 3.866024256 1.168391228 2.147641897 0.004680330 0.291936934 0.081868500 0.952915788
1403636744.413555 3.882339239 1.195719242 2.175060749 0.005616750 0.291829884 0.085598305 0.952615738
1403636744.463556 3.899524450 1.228542805 2.207515717 0.006766222 0.291296810 0.089683563 0.952395558
1403636744.513556 3.914829731 1.262456894 2.236756802 0.008578127 0.289353371 0.095137924 0.952444136
1403636744.563555 3.931446314 1.298961163 2.267300129 0.010766567 0.288766891 0.096197568 0.952493489
1403636744.613555 3.948278666 1.339397550 2.294521570 0.013075600 0.287331223 0.098671265 0.952645659
1403636744.663556 3.964870453 1.379459381 2.323692799 0.014948364 0.286971033 0.098898798 0.952703118
1403636744.713556 3.982157230 1.418924332 2.348921299 0.016219489 0.287911892 0.095873155 0.952707767
1403636744.763556 4.002369881 1.463370562 2.374330997 0.015810249 0.289630413 0.090414472 0.952727377
1403636744.813555 4.020638466 1.505440831 2.399085999 0.014489682 0.291016996 0.086655170 0.952675223
1403636744.863556 4.039484024 1.543750644 2.420758724 0.011527273 0.292097986 0.083354548 0.952679336
1403636744.913555 4.053957939 1.583089709 2.438558102 0.006898576 0.292937815 0.080640681 0.952699780
1403636744.963556 4.072123051 1.617536306 2.452115297 0.003619663 0.292281032 0.079798505 0.952990532
1403636745.013556 4.087215424 1.651485920 2.472323895 -0.000756512 0.291252434 0.080285832 0.953271031
1403636745.063555 4.104883194 1.682412028 2.487338543 -0.004577567 0.289818615 0.079997919 0.953721404
1403636745.113555 4.123260498 1.708599448 2.500586510 -0.009393808 0.287646830 0.080773465 0.954278111
1403636745.163556 4.136421204 1.736436486 2.515169144 -0.010322009 0.285100281 0.083076619 0.954834819
1403636745.213556 4.149408817 1.760691762 2.531421661 -0.011445326 0.283732355 0.080816850 0.955423236
1403636745.263556 4.170708179 1.778895497 2.539128304 -0.012804641 0.281209946 0.079861470 0.956231713
1403636745.313555 4.184400082 1.799684048 2.557101011 -0.012211632 0.279629767 0.077639371 0.956885695
1403636745.363556 4.202687263 1.815312862 2.569231510 -0.008298607 0.277875841 0.074489959 0.957688570
1403636745.413555 4.217571259 1.827733278 2.581956387 -0.003535378 0.277027726 0.071777418 0.958170712
1403636745.463556 4.232687473 1.836699724 2.594446182 -0.000048254 0.277068079 0.068934783 0.958374262
1403636745.513556 4.250216484 1.843558311 2.604435444 0.003067237 0.276921183 0.068659194 0.958431602
1403636745.563555 4.267949581 1.850624442 2.614585161 0.004592864 0.277448863 0.068790689 0.958263457
1403636745.613555 4.282431602 1.855649352 2.624484062 0.005805352 0.279141068 0.068968542 0.957752526
1403636745.663556 4.297039509 1.859643698 2.634047031 0.006588956 0.281404793 0.069563903 0.957041681
1403636745.713556 4.307720184 1.860468268 2.640358448 0.007038673 0.284287602 0.069155790 0.956215680
1403636745.763556 4.323811531 1.860744715 2.649634838 0.006525317 0.287612200 0.068435654 0.955276489
1403636745.813555 4.334856987 1.854797602 2.652114868 0.004789795 0.290917605 0.068163976 0.954304814
1403636745.863556 4.342050552 1.851793766 2.657763481 0.004075275 0.295071512 0.066839002 0.953125715
1403636745.913555 4.352115154 1.843753934 2.659073114 0.003610597 0.298899084 0.066316120 0.951970875
1403636745.963556 4.359562874 1.836463928 2.663366079 0.002452608 0.303457975 0.063997924 0.950690031
1403636746.013556 4.371706486 1.826693177 2.662889957 0.001304816 0.306933671 0.062813029 0.949654937
1403636746.063555 4.371780396 1.813038230 2.664156437 -0.000182422 0.310874104 0.061288379 0.948472977
1403636746.113555 4.376845360 1.802057028 2.665217161 -0.002239330 0.314054340 0.059842173 0.947514534
1403636746.163556 4.375506401 1.785061717 2.664919615 -0.001872303 0.316552669 0.059174936 0.946725547
1403636746.213556 4.374627113 1.769457579 2.664824009 -0.000191865 0.318389118 0.058693137 0.946141362
1403636746.263556 4.372232437 1.753047347 2.667919159 0.004427867 0.319937468 0.058369666 0.945628583
1403636746.313555 4.367346764 1.730089068 2.666476727 0.012528719 0.321544141 0.056247357 0.945139527
1403636746.363556 4.362245083 1.711589575 2.667985916 0.018623574 0.322024435 0.056516018 0.944859445
1403636746.413555 4.351178646 1.699494481 2.670746326 0.021809528 0.322513133 0.056164347 0.944645584
1403636746.463556 4.340409279 1.687318683 2.672831535 0.020173743 0.321136564 0.059747681 0.944930971
1403636746.513556 4.324514389 1.679910541 2.674882412 0.015508018 0.319595724 0.063254900 0.945313156
1403636746.563555 4.312780380 1.675726652 2.674995422 0.007613649 0.316388369 0.069069378 0.946081340
1403636746.613555 4.292896271 1.671791673 2.674628735 -0.002892773 0.313305855 0.074682534 0.946706712
1403636746.663556 4.277189255 1.673156142 2.678417683 -0.013014019 0.309086531 0.081738807 0.947425425
1403636746.713556 4.258500099 1.670101404 2.682434559 -0.022126814 0.304656565 0.089838199 0.947957754
1403636746.763556 4.244272709 1.670380831 2.686053276 -0.027088415 0.300331056 0.096669137 0.948537052
1403636746.813555 4.227878571 1.670504093 2.691272497 -0.028020963 0.296998620 0.101782344 0.949024200
1403636746.863556 4.215470314 1.670318127 2.699066401 -0.027351748 0.294284940 0.105553865 0.949477017
1403636746.913555 4.204536438 1.667205811 2.704162359 -0.025739903 0.292279601 0.106910348 0.949989617
1403636746.963556 4.195189476 1.665124655 2.715668201 -0.024429785 0.291410297 0.105949864 0.950398803
1403636747.013556 4.188626289 1.661577106 2.724217415 -0.022003032 0.290732503 0.104795381 0.950793564
1403636747.063555 4.183639526 1.654453516 2.733785629 -0.019383006 0.292127192 0.098457344 0.951100469
1403636747.113555 4.181410789 1.644723415 2.739915848 -0.016652482 0.294110388 0.091524668 0.951233447
1403636747.163556 4.178317070 1.632649064 2.746881485 -0.012936272 0.295557857 0.087081879 0.951259673
1403636747.213556 4.175399303 1.616347313 2.755855560 -0.011017651 0.298009604 0.080789424 0.951074123
1403636747.263556 4.173663139 1.599565148 2.761786938 -0.009003477 0.299755782 0.076667756 0.950887740
1403636747.313555 4.172538757 1.580180526 2.768001080 -0.008654587 0.301070243 0.073920138 0.950693250
1403636747.363556 4.166737080 1.559155583 2.777257919 -0.007999089 0.302279353 0.072752945 0.950405300
1403636747.413555 4.164361000 1.538121581 2.782501936 -0.007369441 0.303258687 0.072148278 0.950144470
1403636747.463556 4.158966064 1.520477891 2.793036699 -0.007263584 0.304813057 0.071632557 0.949686825
1403636747.513556 4.154529095 1.504189968 2.799361229 -0.008125728 0.305554599 0.073471844 0.949300885
1403636747.563555 4.147421837 1.486383677 2.808764935 -0.009403538 0.306338161 0.074543640 0.948952973
1403636747.613555 4.141474724 1.472288728 2.817884445 -0.009930976 0.306899190 0.076240793 0.948631406
1403636747.663556 4.133802891 1.455608845 2.827939510 -0.010761658 0.307977766 0.076791003 0.948228359
1403636747.713556 4.127400398 1.437114120 2.839691639 -0.010862088 0.309073091 0.077650964 0.947800696
1403636747.763556 4.120939255 1.416101575 2.851057053 -0.011581853 0.310357720 0.078176066 0.947329104
1403636747.813555 4.113818169 1.392517924 2.860253811 -0.011733448 0.311206579 0.079092756 0.946972609
1403636747.863556 4.104428768 1.365497708 2.870467901 -0.010540084 0.312022179 0.080740243 0.946579158
1403636747.913555 4.095628738 1.335683465 2.878361225 -0.008080896 0.310935289 0.087693341 0.946342349
1403636747.963556 4.088352203 1.303666592 2.889865398 -0.002926811 0.309529871 0.095467269 0.946080685
1403636748.013556 4.079390526 1.273343444 2.900311470 0.000109528 0.308329076 0.102935232 0.945694208
1403636748.063555 4.070119858 1.246245980 2.912361860 0.002192422 0.307804376 0.108572066 0.945232093
1403636748.113555 4.065031528 1.222098231 2.921512842 0.002404193 0.307904452 0.111068368 0.944908917
1403636748.163556 4.062815666 1.201707244 2.929286480 0.002621167 0.307500422 0.114632845 0.944614172
1403636748.213556 4.058339596 1.182993650 2.940521240 0.001364755 0.308787704 0.113711976 0.944308162
1403636748.263556 4.054342747 1.165179491 2.950317860 -0.001366182 0.311144710 0.108272679 0.944173753
1403636748.313555 4.055564880 1.150766492 2.958224058 -0.004128364 0.313727260 0.101358905 0.944078684
1403636748.363556 4.057380199 1.138794303 2.968999863 -0.006762912 0.316293716 0.093552820 0.944012940
1403636748.413555 4.059208393 1.125033498 2.976488113 -0.008644323 0.318213493 0.086865462 0.943991423
1403636748.463556 4.056728363 1.110163689 2.987469673 -0.008582925 0.319213599 0.083472051 0.943960488
1403636748.513556 4.059548378 1.094809294 2.997479677 -0.008382076 0.319944888 0.080288045 0.943990886
1403636748.563555 4.058323860 1.076065660 3.005648136 -0.008102545 0.320120007 0.079924129 0.943964839
1403636748.613555 4.056090355 1.052638412 3.013994694 -0.006067165 0.319124252 0.083432935 0.944013655
1403636748.663556 4.056680679 1.031800032 3.021369934 -0.003901136 0.318066776 0.087146223 0.944046497
1403636748.713556 4.054901123 1.006652594 3.030311584 -0.001587212 0.316852897 0.092178300 0.943983495
1403636748.763556 4.055000305 0.984447718 3.037699461 0.000048987 0.315692395 0.096628755 0.943928599
1403636748.813555 4.052660942 0.965802073 3.045946836 0.001357842 0.315320253 0.100345731 0.943664134
1403636748.863556 4.055255413 0.947340369 3.054089785 0.002707118 0.315369397 0.102931410 0.943366289
1403636748.913555 4.056738377 0.930691838 3.061228752 0.004089114 0.315860510 0.105532818 0.942909420
1403636748.963556 4.059219837 0.916049778 3.068592548 0.004791796 0.317092180 0.106826141 0.942346931
1403636749.013556 4.062108517 0.902483821 3.074943542 0.005506464 0.318355322 0.108183026 0.941762149
1403636749.063555 4.065829754 0.890699863 3.081674576 0.006930523 0.318493187 0.111576311 0.941310167
1403636749.113555 4.071467400 0.880225301 3.088592529 0.009129928 0.318318665 0.115928337 0.940824330
1403636749.163556 4.074988365 0.868099630 3.094469547 0.010130691 0.318973541 0.117380738 0.940412164
1403636749.213556 4.083520889 0.858136415 3.096271276 0.009831727 0.320508718 0.116173498 0.940043211
1403636749.263556 4.093380928 0.846756935 3.100854874 0.008535224 0.323818505 0.110440888 0.939612448
1403636749.313555 4.103600502 0.832861066 3.099531412 0.007490610 0.326648563 0.104878277 0.939279079
1403636749.363556 4.111807823 0.818892121 3.096229076 0.005685519 0.329014778 0.100358620 0.938959599
1403636749.413555 4.119024754 0.802627921 3.094559431 0.004339309 0.331155419 0.095953748 0.938674688
1403636749.463556 4.128350258 0.784187794 3.090361595 0.003118502 0.332993954 0.091481753 0.938475609
1403636749.513556 4.136175632 0.766587853 3.085443258 0.001440115 0.334481120 0.087327711 0.938346505
1403636749.563555 4.145278931 0.744735718 3.079649925 -0.001006105 0.335780919 0.082685262 0.938303411
1403636749.613555 4.152640820 0.726655960 3.075007439 -0.001354044 0.337004364 0.078281887 0.938242078
1403636749.663556 4.159111977 0.710613012 3.072134733 -0.001757682 0.336991161 0.076724015 0.938374817
1403636749.713556 4.165904045 0.694243193 3.068631649 -0.000620068 0.336147666 0.076862283 0.938667417
1403636749.763556 4.170291901 0.680279672 3.066473722 0.002504820 0.335195303 0.076840237 0.939006627
1403636749.813555 4.172901154 0.666059613 3.061836243 0.006934731 0.334248692 0.076793283 0.939325571
1403636749.863556 4.177305698 0.655731559 3.063014746 0.011971461 0.332842320 0.076917380 0.939764023
1403636749.913555 4.181162357 0.647421479 3.063755512 0.015243812 0.331531465 0.076561771 0.940208912
1403636749.963556 4.183393478 0.639604449 3.061434269 0.018285481 0.329952955 0.075956829 0.940758884
1403636750.013556 4.180473804 0.635655046 3.059113264 0.020018209 0.328379065 0.075668506 0.941297352
1403636750.063555 4.178423882 0.631308556 3.057465553 0.020549694 0.326775998 0.075735509 0.941838264
1403636750.113555 4.176040173 0.628978729 3.054375172 0.019131534 0.324987501 0.076278180 0.942443013
1403636750.163556 4.171427727 0.626313150 3.049637794 0.017026072 0.323495269 0.076727077 0.942960143
1403636750.213556 4.167123318 0.622411251 3.041024208 0.015529078 0.321594387 0.077681720 0.943557858
1403636750.263556 4.157853603 0.616368055 3.035950899 0.012014781 0.320441157 0.077505447 0.944015920
1403636750.313555 4.151287079 0.609782338 3.025748730 0.009980704 0.318313926 0.078682430 0.944661677
1403636750.363556 4.142185211 0.596409082 3.015902281 0.006571775 0.317159325 0.077990443 0.945137203
1403636750.413555 4.129714966 0.584386528 3.004220963 0.005569169 0.315244645 0.079761855 0.945636213
1403636750.463556 4.120992661 0.566506147 2.990751266 0.003863640 0.313755155 0.078691050 0.946229637
1403636750.513556 4.110070229 0.547798395 2.974121332 0.004037700 0.311889261 0.078026876 0.946900487
1403636750.563555 4.099366665 0.528144240 2.958345175 0.003296249 0.310188442 0.077311799 0.947520494
1403636750.613555 4.089758873 0.506421506 2.943660021 0.002612239 0.308365852 0.077008478 0.948142052
1403636750.663556 4.076184750 0.480224490 2.926600456 0.001857879 0.307742864 0.075004302 0.948506832
1403636750.713556 4.062543869 0.454194158 2.910450697 0.000897030 0.306558222 0.074589483 0.948924482
1403636750.763556 4.051539421 0.428651810 2.890081882 -0.000253706 0.305337697 0.074475199 0.949327290
1403636750.813555 4.038537979 0.394398659 2.865966797 -0.001615459 0.304687917 0.073547266 0.949607015
1403636750.863556 4.025537491 0.364341557 2.850865126 -0.002211450 0.303924054 0.073310092 0.949868917
1403636750.913555 4.009558201 0.330759048 2.832506657 -0.004605496 0.304153293 0.071686335 0.949910879
1403636750.963556 3.996637344 0.297331482 2.810379744 -0.005999388 0.304294676 0.070140511 0.949973166
1403636751.013556 3.984924793 0.263161778 2.790940285 -0.007788136 0.304568648 0.069555439 0.949915409
1403636751.063555 3.970579386 0.235878870 2.774163723 -0.007961352 0.304869562 0.069128163 0.949848652
1403636751.113555 3.955559492 0.204519525 2.756636143 -0.008247560 0.304937571 0.069851823 0.949771464
1403636751.163556 3.941368580 0.177507713 2.741779804 -0.010521592 0.304843336 0.072086304 0.949612260
1403636751.213556 3.926274776 0.152068511 2.725255489 -0.015289675 0.305343568 0.072324969 0.949368536
1403636751.263556 3.910484552 0.126088366 2.709202290 -0.019682277 0.304935783 0.075191766 0.949195981
1403636751.313555 3.893846512 0.099934131 2.698826551 -0.021567872 0.304701567 0.078060187 0.948998630
1403636751.363556 3.876004219 0.073429257 2.687730789 -0.020810140 0.304221630 0.082335733 0.948808193
1403636751.413555 3.866570473 0.047514319 2.673647165 -0.017444633 0.303372771 0.086147666 0.948809385
1403636751.463556 3.851699114 0.021351933 2.664645672 -0.013067564 0.302470177 0.090789542 0.948735058
1403636751.513556 3.839433193 -0.005052567 2.654553175 -0.008651699 0.301051646 0.094032079 0.948920965
1403636751.563555 3.824787855 -0.031610101 2.645080090 -0.004266150 0.298700660 0.095585212 0.949538410
1403636751.613555 3.812125921 -0.054478168 2.636861801 -0.002345411 0.295302749 0.097464897 0.950416446
1403636751.663556 3.801353931 -0.078074217 2.626603603 -0.001933026 0.291999251 0.098686226 0.951311588
1403636751.713556 3.792175293 -0.098678857 2.615709066 -0.004694755 0.288611740 0.099991754 0.952198982
1403636751.763556 3.782621622 -0.117147058 2.606410027 -0.008710104 0.285682321 0.101187974 0.952927470
1403636751.813555 3.776896477 -0.140133858 2.594706535 -0.013431023 0.282809973 0.102535062 0.953585148
1403636751.863556 3.770556450 -0.157618493 2.587131262 -0.019083980 0.281927019 0.100133844 0.954005301
1403636751.913555 3.766057968 -0.176563770 2.576490879 -0.022669354 0.281630993 0.095848776 0.954454362
1403636751.963556 3.766248703 -0.196527511 2.566236734 -0.025820499 0.281645864 0.090953551 0.954848886
1403636752.013556 3.766203403 -0.211931646 2.560578823 -0.027664185 0.282205671 0.086558104 0.955040514
1403636752.063555 3.764024734 -0.231490701 2.552660465 -0.027522245 0.282559782 0.083525784 0.955209911
1403636752.113555 3.770123482 -0.254364729 2.544008255 -0.025957398 0.282419056 0.081468828 0.955472946
1403636752.163556 3.771637440 -0.272297323 2.540369272 -0.021476515 0.281721622 0.078775197 0.956015766
1403636752.213556 3.776134253 -0.291187555 2.536249638 -0.016550917 0.279647261 0.075769842 0.956965208
1403636752.263556 3.774772406 -0.310914934 2.534137726 -0.012114194 0.276073933 0.073219605 0.958266854
1403636752.313555 3.780397892 -0.331582516 2.528283358 -0.006438900 0.270996988 0.070286386 0.959989071
1403636752.363556 3.781556129 -0.356988698 2.524192810 -0.002105796 0.264917076 0.067336664 0.961914897
1403636752.413555 3.783417702 -0.381749868 2.519204617 0.000436297 0.257549644 0.064178564 0.964131296
1403636752.463556 3.782602072 -0.409727335 2.516119480 0.000663348 0.249097735 0.061277915 0.966537595
1403636752.513556 3.781639576 -0.437212080 2.509310961 0.000509028 0.240082949 0.057056561 0.969074011
1403636752.563555 3.782552481 -0.457878202 2.501557589 -0.000828761 0.230404258 0.053572178 0.971618831
1403636752.613555 3.782000542 -0.482809722 2.494729996 -0.002408226 0.220443174 0.049420737 0.974144042
1403636752.663556 3.782394409 -0.503065526 2.484024286 -0.005120931 0.210134566 0.045715183 0.976589680
1403636752.713556 3.780496597 -0.523298800 2.477441311 -0.005666166 0.199543104 0.042083733 0.978968501
1403636752.763556 3.782736778 -0.540971279 2.468795300 -0.006709971 0.188514978 0.038484763 0.981293023
1403636752.813555 3.780721188 -0.558289051 2.467461586 -0.008019423 0.178335130 0.032562368 0.983398199
1403636752.863556 3.779355049 -0.572267473 2.459709644 -0.009716208 0.167283624 0.027903160 0.985465944
1403636752.913555 3.774506569 -0.583168268 2.459999800 -0.009310052 0.157305822 0.020441372 0.987294436
1403636752.963556 3.773396254 -0.589896619 2.454697609 -0.009954643 0.146678954 0.013190310 0.989046097
1403636753.013556 3.770952940 -0.595832050 2.453043461 -0.010794944 0.135840893 0.006365425 0.990651429
1403636753.063555 3.768473148 -0.600844026 2.448687792 -0.011810471 0.124505490 -0.000407178 0.992148519
1403636753.113555 3.766441584 -0.603827357 2.448313713 -0.012371470 0.112712085 -0.006364112 0.993530273
1403636753.163556 3.762350321 -0.603711128 2.448485851 -0.012817905 0.100471631 -0.011939061 0.994785666
1403636753.213556 3.758460999 -0.603255510 2.443125010 -0.013100508 0.088149138 -0.017759042 0.995862782
1403636753.263556 3.753867149 -0.601587594 2.445125580 -0.013557505 0.076365873 -0.024479322 0.996687114
1403636753.313555 3.746147633 -0.596194029 2.449856281 -0.013477720 0.064951606 -0.032873161 0.997255743
1403636753.363556 3.742073059 -0.587936878 2.448631048 -0.011815917 0.053439014 -0.037249368 0.997806191
1403636753.413555 3.736323357 -0.583752573 2.444817066 -0.010558102 0.043008927 -0.039080549 0.998254180
1403636753.463556 3.723936319 -0.583403885 2.443506241 -0.009971335 0.033740897 -0.038155347 0.998652220
1403636753.513556 3.710058928 -0.580640256 2.448836803 -0.009460892 0.026522141 -0.036828827 0.998924792
1403636753.563555 3.697207928 -0.581382334 2.451617956 -0.009158838 0.020275034 -0.034893028 0.999143422
1403636753.613555 3.685473680 -0.585677326 2.449428082 -0.007576072 0.015719239 -0.033668578 0.999280691
1403636753.663556 3.672105789 -0.588506877 2.449232817 -0.007123945 0.012821903 -0.032505699 0.999363899
1403636753.713556 3.658748150 -0.591599286 2.446982384 -0.007044351 0.010870404 -0.031224165 0.999428511
1403636753.763556 3.643279076 -0.595780134 2.447160244 -0.006102165 0.010382500 -0.031772051 0.999422610
1403636753.813555 3.628949642 -0.597859859 2.447277546 -0.005469401 0.010586987 -0.032628424 0.999396503
1403636753.863556 3.616381884 -0.597918868 2.445425749 -0.004832940 0.011162949 -0.032733776 0.999390066
1403636753.913555 3.603852272 -0.594028413 2.444222689 -0.005066356 0.011541290 -0.031368561 0.999428391
1403636753.963556 3.588263750 -0.590057790 2.445003510 -0.004566066 0.012725597 -0.031362407 0.999416649
1403636754.013556 3.574424028 -0.585204303 2.441669226 -0.003829748 0.014211386 -0.031558361 0.999393523
1403636754.063555 3.558081150 -0.585455060 2.439405441 -0.000778201 0.015476178 -0.030854084 0.999403775
1403636754.113555 3.545202971 -0.585108697 2.431895256 0.002853091 0.016367547 -0.030020518 0.999411166
1403636754.163556 3.529710531 -0.584123552 2.428229570 0.005641110 0.017862659 -0.029844511 0.999379039
1403636754.213556 3.511528730 -0.587905169 2.422599792 0.008016120 0.019983161 -0.031023612 0.999286771
1403636754.263556 3.494345903 -0.594069123 2.412962437 0.008883235 0.021744734 -0.032004595 0.999211669
1403636754.313555 3.478446245 -0.598417759 2.401490211 0.009148440 0.023188202 -0.032321196 0.999166667
1403636754.363556 3.458465576 -0.606167734 2.390138149 0.009108115 0.024428762 -0.033825364 0.999087632
1403636754.413555 3.435521364 -0.614310324 2.377462387 0.008976014 0.023905007 -0.033833187 0.999101222
1403636754.463556 3.413565397 -0.623326063 2.363447428 0.008360405 0.022023583 -0.034304272 0.999133766
1403636754.513556 3.395629168 -0.627580523 2.345825672 0.007660240 0.019161157 -0.035380069 0.999160826
1403636754.563555 3.372225285 -0.630853772 2.329985857 0.005758876 0.015517020 -0.038177844 0.999133885
1403636754.613555 3.348332644 -0.629501879 2.312166214 0.004170107 0.010454286 -0.040804707 0.999103725
1403636754.663556 3.325378656 -0.630091190 2.292355061 0.003627523 0.003774742 -0.043134801 0.999055564
1403636754.713556 3.298062801 -0.625176549 2.275453806 0.002802088 -0.003813162 -0.044710994 0.998988748
1403636754.763556 3.267975569 -0.622339547 2.261889458 0.002992704 -0.012129285 -0.047072846 0.998813331
1403636754.813555 3.244226694 -0.615494967 2.242037058 0.002825093 -0.020203447 -0.049886502 0.998546481
1403636754.863556 3.217788696 -0.608461916 2.220636606 0.002648592 -0.027815143 -0.051026687 0.998306334
1403636754.913555 3.191981792 -0.600232363 2.201676846 0.003258585 -0.033760265 -0.053563610 0.997988224
1403636754.963556 3.163232565 -0.589432895 2.186043739 0.002701275 -0.039632708 -0.054369051 0.997730374
1403636755.013556 3.132811308 -0.579111695 2.164792061 0.002342038 -0.043641418 -0.057680760 0.997377992
1403636755.063555 3.106989622 -0.565503597 2.145915031 0.002689252 -0.047786720 -0.057635672 0.997189701
1403636755.113555 3.078732491 -0.554760993 2.122749567 0.002271278 -0.050950695 -0.058733683 0.996969998
1403636755.163556 3.048501968 -0.546598613 2.100066662 0.001378333 -0.053688105 -0.058466706 0.996843696
1403636755.213556 3.015947104 -0.540371180 2.078012228 0.000981893 -0.055772886 -0.058521912 0.996726394
1403636755.263556 2.986868858 -0.535180688 2.052391052 -0.001722241 -0.057088979 -0.058754634 0.996637225
1403636755.313555 2.956204891 -0.528195739 2.026186466 -0.006797255 -0.058035966 -0.058779627 0.996559322
1403636755.363556 2.925971270 -0.526427388 1.996736169 -0.013160835 -0.058684990 -0.058675908 0.996463716
1403636755.413555 2.891338348 -0.525846779 1.967370510 -0.018428385 -0.058332816 -0.059695698 0.996340334
1403636755.463556 2.860231876 -0.524450302 1.942762494 -0.021726821 -0.058339678 -0.059190270 0.996303618
1403636755.513556 2.827967644 -0.527496397 1.914521575 -0.022675898 -0.057532817 -0.060104817 0.996274650
1403636755.563555 2.796100855 -0.526723146 1.889909983 -0.022679830 -0.056462064 -0.061502483 0.996250510
1403636755.613555 2.761998415 -0.525572836 1.864923954 -0.020915648 -0.055491161 -0.062365163 0.996290028
1403636755.663556 2.729111195 -0.522809327 1.842104316 -0.019624155 -0.055383641 -0.060513873 0.996436417
1403636755.713556 2.694616556 -0.518540621 1.820479870 -0.018811168 -0.054931872 -0.059847493 0.996517420
1403636755.763556 2.658692837 -0.511468828 1.801248431 -0.017139496 -0.054731652 -0.058065321 0.996663988
1403636755.813555 2.623920202 -0.505772531 1.780356646 -0.014367463 -0.054771282 -0.056816291 0.996777594
1403636755.863556 2.585944653 -0.496265858 1.763501406 -0.012561593 -0.054622080 -0.055627923 0.996877193
1403636755.913555 2.551631927 -0.486818254 1.743612289 -0.009837702 -0.054502919 -0.055370338 0.996928632
1403636755.963556 2.515068054 -0.479197741 1.725349426 -0.009098006 -0.054832127 -0.053983018 0.996993721
1403636756.013556 2.477511883 -0.472739995 1.705353618 -0.007888650 -0.054945529 -0.053265367 0.997036397
1403636756.063555 2.441265106 -0.466964275 1.686084032 -0.006898993 -0.055242252 -0.052561931 0.997064650
1403636756.113555 2.404266834 -0.461944103 1.664420605 -0.005895143 -0.054720361 -0.053750869 0.997036517
1403636756.163556 2.368615866 -0.460504949 1.640338659 -0.004704563 -0.054685611 -0.054320823 0.997013807
1403636756.213556 2.331968069 -0.460752338 1.617463589 -0.003510392 -0.055006519 -0.054039955 0.997016370
1403636756.263556 2.293986082 -0.461539030 1.593105793 -0.003383528 -0.055374879 -0.053625885 0.997018754
1403636756.313555 2.258208990 -0.458879620 1.570297480 -0.003154315 -0.055852003 -0.053430811 0.997003376
1403636756.363556 2.218800545 -0.457002848 1.549048901 -0.002567994 -0.056074902 -0.054019488 0.996960819
1403636756.413555 2.183564186 -0.453259110 1.522921085 -0.002008943 -0.056308452 -0.054912046 0.996900201
1403636756.463556 2.144738913 -0.447370917 1.501824617 -0.001781248 -0.056721386 -0.054574922 0.996895730
1403636756.513556 2.107190609 -0.438915789 1.478652954 -0.001597571 -0.057468463 -0.054229163 0.996872127
1403636756.563555 2.070130825 -0.428570032 1.456065893 -0.001350716 -0.057763949 -0.054741088 0.996827424
1403636756.613555 2.031783104 -0.419390619 1.432014465 -0.000934549 -0.058277417 -0.054519854 0.996810138
1403636756.663556 1.995612025 -0.406933486 1.404641867 -0.000587787 -0.059156492 -0.054214545 0.996775270
1403636756.713556 1.957312107 -0.396070570 1.381290674 0.000742575 -0.059723005 -0.054020550 0.996751904
1403636756.763556 1.921206474 -0.387732178 1.353268385 0.001503617 -0.060419109 -0.054116558 0.996703923
1403636756.813555 1.881108046 -0.380616724 1.331644535 0.002111570 -0.061038855 -0.053668443 0.996689260
1403636756.863556 1.844004989 -0.377045900 1.302074790 0.001809869 -0.061733738 -0.053326204 0.996665418
1403636756.913555 1.808621049 -0.372914076 1.269999027 0.001593806 -0.061994098 -0.053785030 0.996625006
1403636756.963556 1.772459984 -0.370858967 1.236185908 0.001298407 -0.062956281 -0.053038195 0.996605158
1403636757.013556 1.731645703 -0.369054466 1.206996083 0.001474603 -0.062990345 -0.053589325 0.996573210
1403636757.063555 1.691834331 -0.367728263 1.173861623 0.000775491 -0.063936301 -0.051893588 0.996603549
1403636757.113555 1.655560613 -0.362730086 1.141880393 0.001209708 -0.064146690 -0.051997911 0.996584177
1403636757.163556 1.621500611 -0.356241226 1.109294534 0.000365516 -0.064406663 -0.051945422 0.996570766
1403636757.213556 1.585169315 -0.348121434 1.074879646 0.000688394 -0.064585648 -0.051684033 0.996572614
1403636757.263556 1.551811337 -0.336176276 1.043044329 0.000698641 -0.064821452 -0.052382853 0.996520817
1403636757.313555 1.515215278 -0.324962616 1.010068655 -0.000082366 -0.064055569 -0.055154737 0.996420979
1403636757.363556 1.478832483 -0.312034488 0.978062034 -0.001290350 -0.064360425 -0.055114347 0.996402740
1403636757.413555 1.443412304 -0.294765860 0.946657777 -0.002925139 -0.064081602 -0.056837961 0.996320426
1403636757.463556 1.409853220 -0.280652016 0.912833095 -0.004955636 -0.063735396 -0.058893535 0.996215224
1403636757.513556 1.372309208 -0.261594117 0.884597123 -0.007078037 -0.064616874 -0.061319113 0.995999277
1403636757.563555 1.333348274 -0.250991344 0.852435708 -0.011473091 -0.066882327 -0.063377343 0.995679855
1403636757.613555 1.294774055 -0.237322003 0.818499207 -0.017230984 -0.070080183 -0.065582834 0.995234013
1403636757.663556 1.256541967 -0.224736631 0.781604230 -0.023284018 -0.073266834 -0.067388587 0.994760573
1403636757.713556 1.218195200 -0.220539495 0.745830536 -0.029788820 -0.076852433 -0.068947658 0.994209528
1403636757.763556 1.179545641 -0.216327593 0.711576641 -0.034810830 -0.080571115 -0.069387473 0.993721247
1403636757.813555 1.139120221 -0.212656513 0.680306017 -0.038547870 -0.083836682 -0.070183806 0.993257105
1403636757.863556 1.096191525 -0.214032292 0.648929477 -0.040817741 -0.087032467 -0.069594257 0.992932975
1403636757.913555 1.055218816 -0.219503134 0.618181169 -0.041025430 -0.089927837 -0.069382578 0.992681205
1403636757.963556 1.012123823 -0.228592038 0.588417709 -0.038432568 -0.092911057 -0.067666031 0.992628753
1403636758.013556 0.970007300 -0.237195387 0.562019706 -0.030329710 -0.095068261 -0.067290239 0.992730677
1403636758.063555 0.926702976 -0.248712867 0.534316540 -0.023540854 -0.097271323 -0.066466413 0.992756963
1403636758.113555 0.883790672 -0.256081343 0.508378148 -0.017041679 -0.099263765 -0.064392246 0.992829263
1403636758.163556 0.840628922 -0.263307452 0.487108111 -0.011713156 -0.100456774 -0.063614406 0.992836595
1403636758.213556 0.800942719 -0.266295463 0.465411425 -0.007045364 -0.101890229 -0.062683992 0.992793798
1403636758.263556 0.758363903 -0.268707424 0.440819919 -0.005099465 -0.102797583 -0.061589889 0.992780626
1403636758.313555 0.715652704 -0.267368793 0.420936286 -0.003241284 -0.103567898 -0.059992660 0.992806137
1403636758.363556 0.675640345 -0.264987141 0.399183214 -0.005017557 -0.104120739 -0.059059061 0.992796898
1403636758.413555 0.633937716 -0.256747454 0.381077230 -0.011523676 -0.104784578 -0.056967176 0.992795110
1403636758.463556 0.594443798 -0.247362390 0.361162841 -0.020984139 -0.105661958 -0.054033376 0.992711246
1403636758.513556 0.554962397 -0.235026389 0.343641937 -0.032497503 -0.107074149 -0.048854753 0.992518127
1403636758.563555 0.517712235 -0.223435476 0.325420976 -0.043861184 -0.108913191 -0.042683378 0.992165446
1403636758.613555 0.481723607 -0.212991893 0.308976769 -0.053095911 -0.110401586 -0.037609585 0.991754949
1403636758.663556 0.447598845 -0.205175132 0.298165381 -0.055020351 -0.110563762 -0.036119413 0.991687357
1403636758.713556 0.413388163 -0.198586434 0.288861603 -0.048507899 -0.109868124 -0.036338273 0.992096543
1403636758.763556 0.382482141 -0.191519439 0.282290161 -0.039371267 -0.108212598 -0.039222334 0.992573202
1403636758.813555 0.352591902 -0.184719905 0.277594209 -0.031050982 -0.108023703 -0.039291304 0.992886126
1403636758.863556 0.324163556 -0.177822679 0.274084806 -0.022115776 -0.107065611 -0.041964922 0.993119717
1403636758.913555 0.297135979 -0.169911489 0.271532983 -0.016126871 -0.105047941 -0.047351286 0.993208289
1403636758.963556 0.270150304 -0.160934806 0.270444781 -0.011468094 -0.104233153 -0.049489122 0.993254602
1403636759.013556 0.244743437 -0.151761934 0.268673480 -0.009110859 -0.103624180 -0.051229674 0.993254483
1403636759.063555 0.218221471 -0.141340509 0.266416043 -0.006810572 -0.104558155 -0.048863824 0.993294299
1403636759.113555 0.194345519 -0.131580800 0.264772296 -0.006292311 -0.107171170 -0.041699275 0.993345797
1403636759.163556 0.170421988 -0.120406553 0.265915513 -0.006773184 -0.111114629 -0.030899005 0.993304074
1403636759.213556 0.148634523 -0.108920619 0.263624102 -0.007723003 -0.114934437 -0.020484973 0.993131816
1403636759.263556 0.129564345 -0.097970650 0.261475444 -0.008672069 -0.118047766 -0.011753664 0.992900491
1403636759.313555 0.114826404 -0.083828159 0.260371685 -0.008746239 -0.119035743 -0.009853761 0.992802560
1403636759.363556 0.104057759 -0.066887446 0.261276305 -0.007006480 -0.117199764 -0.016173858 0.992951870
1403636759.413555 0.095019199 -0.048391033 0.263540149 -0.006259506 -0.114487074 -0.024514450 0.993102491
1403636759.463556 0.088791475 -0.029912783 0.265174776 -0.004266963 -0.112221986 -0.032253928 0.993150353
1403636759.513556 0.084415644 -0.010399039 0.266106248 -0.003353209 -0.109781303 -0.040235408 0.993135393
1403636759.563555 0.080865517 0.009405611 0.267150283 -0.002184212 -0.108556181 -0.045642938 0.993039489
1403636759.613555 0.078893796 0.027908802 0.267906606 -0.001326870 -0.106957860 -0.051957224 0.992904186
1403636759.663556 0.077524707 0.044252321 0.267412484 -0.001083639 -0.106315382 -0.055439822 0.992785096
1403636759.713556 0.076245412 0.055925339 0.263714850 -0.001525078 -0.106034413 -0.057873677 0.992675722
1403636759.763556 0.075221807 0.064139538 0.258832008 -0.001086103 -0.106897041 -0.057183329 0.992623746
1403636759.813555 0.074055493 0.070344813 0.252281338 0.000094585 -0.106417850 -0.058806699 0.992581010
1403636759.863556 0.073172942 0.075865462 0.245212108 -0.000964295 -0.106518976 -0.058467548 0.992589712
1403636759.913555 0.072225928 0.082218416 0.237896264 -0.006138468 -0.106362402 -0.059110031 0.992549956
1403636759.963556 0.072290942 0.090117522 0.229997665 -0.011602319 -0.105971448 -0.059954371 0.992492259
1403636760.013556 0.071741387 0.098198466 0.221676812 -0.016303295 -0.105785362 -0.059855979 0.992451966
1403636760.063555 0.071388133 0.106301971 0.214363471 -0.020715360 -0.105955124 -0.058440037 0.992435992
1403636760.113555 0.070653662 0.115039997 0.207508892 -0.025309013 -0.105150841 -0.059585515 0.992346883
1403636760.163556 0.070175074 0.124416843 0.202574074 -0.028721318 -0.104840532 -0.060037233 0.992259562
1403636760.213556 0.069481194 0.131891906 0.198475450 -0.024703838 -0.105219498 -0.058574695 0.992415011
1403636760.263556 0.068686970 0.139437646 0.195226356 -0.017295837 -0.105337940 -0.057600949 0.992616177
1403636760.313555 0.068281904 0.147511765 0.192763537 -0.010372121 -0.106201634 -0.055367868 0.992747724
1403636760.363556 0.068324737 0.157125458 0.190773442 -0.006092089 -0.105816022 -0.056237720 0.992775500
1403636760.413555 0.068739027 0.167422637 0.188259572 -0.002092932 -0.105452143 -0.057849228 0.992738128
1403636760.463556 0.069743574 0.178770348 0.185786843 -0.000617909 -0.105091527 -0.059126023 0.992703140
1403636760.513556 0.070656076 0.190899342 0.181315213 -0.002234162 -0.104427449 -0.061068594 0.992653310
1403636760.563555 0.071723945 0.204441667 0.178089395 -0.007146866 -0.104196407 -0.062558681 0.992561579
1403636760.613555 0.072619855 0.217185378 0.173126891 -0.012749609 -0.103780940 -0.064112030 0.992449820
1403636760.663556 0.073442996 0.229591146 0.168697178 -0.016546849 -0.103093393 -0.066691034 0.992295444
1403636760.713556 0.073576942 0.241627514 0.163696796 -0.019777985 -0.102658600 -0.068927586 0.992128551
1403636760.763556 0.073230110 0.251983702 0.159444645 -0.019293146 -0.102242500 -0.071050771 0.992031276
1403636760.813555 0.071727917 0.261810035 0.155258387 -0.016642850 -0.102295518 -0.071594089 0.992034733
1403636760.863556 0.069804482 0.271471202 0.151652753 -0.012811648 -0.102127209 -0.072966717 0.992008984
1403636760.913555 0.067163870 0.280655682 0.147337571 -0.009591093 -0.102306820 -0.074232116 0.991932929
1403636760.963556 0.063306659 0.290902197 0.143009797 -0.009911333 -0.102420337 -0.074426040 0.991903484
1403636761.013556 0.058987729 0.301163077 0.137865901 -0.013755911 -0.103193030 -0.072928697 0.991888821
1403636761.063555 0.053476438 0.311961561 0.132877693 -0.018851485 -0.103715606 -0.071263947 0.991871536
1403636761.113555 0.047720067 0.322722524 0.127836049 -0.025523428 -0.104571104 -0.069642328 0.991747618
1403636761.163556 0.041479379 0.333921671 0.123678796 -0.033262789 -0.104866676 -0.069115542 0.991523862
1403636761.213556 0.034214094 0.344279259 0.120119900 -0.040181864 -0.104545712 -0.070638016 0.991194189
1403636761.263556 0.026837030 0.352854878 0.118156783 -0.044849031 -0.104881562 -0.069661260 0.991027594
1403636761.313555 0.018597174 0.359755576 0.117831945 -0.045982350 -0.104727924 -0.070472099 0.990934610
1403636761.363556 0.008902909 0.364145339 0.118622020 -0.043226574 -0.105051503 -0.069879636 0.991066337
1403636761.413555 -0.001074549 0.366419017 0.121237598 -0.036085583 -0.105382837 -0.069251165 0.991360962
1403636761.463556 -0.011550212 0.366994411 0.124001101 -0.028231645 -0.105246536 -0.069135517 0.991638243
1403636761.513556 -0.022295002 0.366761386 0.128335014 -0.020766033 -0.105587982 -0.067759164 0.991881371
1403636761.563555 -0.033259731 0.365567178 0.131507248 -0.014645747 -0.105546229 -0.066749975 0.992063463
1403636761.613555 -0.044557892 0.363747805 0.134960681 -0.009839813 -0.105685756 -0.065273501 0.992206156
1403636761.663556 -0.056332421 0.361255020 0.138030842 -0.008092570 -0.106706634 -0.060907897 0.992390275
1403636761.713556 -0.067432985 0.358130485 0.139732137 -0.007161520 -0.108575106 -0.054082990 0.992590129
1403636761.763556 -0.078083672 0.354940951 0.141400516 -0.007492135 -0.110361412 -0.048101787 0.992698550
1403636761.813555 -0.087499857 0.351328582 0.142247185 -0.007815312 -0.111785337 -0.042889442 0.992775619
1403636761.863556 -0.095268726 0.347461402 0.142757982 -0.008266171 -0.112575039 -0.039957028 0.992805123
1403636761.913555 -0.101723745 0.343821585 0.143455878 -0.008991432 -0.111827925 -0.041267376 0.992829621
1403636761.963556 -0.106251270 0.340115219 0.143918797 -0.009106630 -0.110187218 -0.044901676 0.992854357
1403636762.013556 -0.109738313 0.336456537 0.144211113 -0.007420452 -0.106889822 -0.053652398 0.992794514
1403636762.063555 -0.111949921 0.332352012 0.144423604 -0.005741997 -0.103297487 -0.062664919 0.992657959
1403636762.113555 -0.114473909 0.328341305 0.144045189 -0.003973511 -0.098921061 -0.074490085 0.992295325
1403636762.163556 -0.117172882 0.324529678 0.142290264 -0.004432810 -0.095737658 -0.082981870 0.991931796
1403636762.213556 -0.122245163 0.320396274 0.140064970 -0.009134195 -0.093959160 -0.086420245 0.991776049
1403636762.263556 -0.128743589 0.317341894 0.136968166 -0.017085416 -0.093687601 -0.085978977 0.991734982
1403636762.313555 -0.137463748 0.316028655 0.135007843 -0.025365267 -0.093925208 -0.083737835 0.991727054
1403636762.363556 -0.147137448 0.317097127 0.133592591 -0.032580663 -0.094494954 -0.081092380 0.991681993
1403636762.413555 -0.158153653 0.319822133 0.135116860 -0.036860712 -0.095703982 -0.076790191 0.991758704
1403636762.463556 -0.170536488 0.323660582 0.137729257 -0.039218575 -0.098287679 -0.069046453 0.991984904
1403636762.513556 -0.184432819 0.328072578 0.142111599 -0.036443364 -0.103144445 -0.054514814 0.992502511
1403636762.563555 -0.197585076 0.334586710 0.148720562 -0.032134689 -0.107956268 -0.040399592 0.992814541
1403636762.613555 -0.209826320 0.343042165 0.157141268 -0.027434804 -0.112500437 -0.027089907 0.992903352
1403636762.663556 -0.219911665 0.353965938 0.167035401 -0.021948405 -0.115277857 -0.019198820 0.992905140
1403636762.713556 -0.226979673 0.369422168 0.179466993 -0.016717587 -0.114543967 -0.022512194 0.993022323
1403636762.763556 -0.231755823 0.386750728 0.193478987 -0.013216090 -0.112527139 -0.028607232 0.993148804
1403636762.813555 -0.234417140 0.406210691 0.207788616 -0.010815943 -0.109649688 -0.038130749 0.993179739
1403636762.863556 -0.232610747 0.406667173 0.210757822 0.019970858 -0.113896370 -0.028236160 0.992890477
1403636762.913555 -0.226583451 0.406055510 0.206377208 0.032227878 -0.110284649 -0.033025384 0.992828250
1403636762.963556 -0.213052452 0.414654881 0.201788053 0.003205509 -0.100026980 -0.049073979 0.993768632
1403636763.013556 -0.204907849 0.417123348 0.194736123 -0.005232578 -0.090766482 -0.039892945 0.995059133
1403636763.063555 -0.196867779 0.423415273 0.192651033 -0.005934531 -0.082802229 -0.027039332 0.996181428
1403636763.113555 -0.191555589 0.424877107 0.191606492 0.002359931 -0.076765746 -0.017752424 0.996888280
1403636763.163556 -0.187860608 0.419083506 0.187087074 0.018394034 -0.070068032 -0.014356339 0.997269273
1403636763.213556 -0.186393648 0.423583508 0.186123773 0.009836704 -0.068315238 -0.010912458 0.997555614
1403636763.263556 -0.186195925 0.425304919 0.190383017 0.001050658 -0.068650968 -0.010329618 0.997586727
1403636763.313555 -0.186266705 0.423734576 0.192411870 0.004317750 -0.068573050 -0.009443223 0.997592032
1403636763.363556 -0.186386675 0.423860341 0.191379234 0.004315973 -0.068617150 -0.009887853 0.997584760
1403636763.413555 -0.186433524 0.423757166 0.191682294 0.002956607 -0.068792745 -0.009230599 0.997583926
1403636763.463556 -0.186377957 0.423820823 0.192071840 0.003268898 -0.068457507 -0.009864191 0.997599959
1403636763.513556 -0.186596856 0.423858851 0.191995025 0.003300273 -0.068692304 -0.009251978 0.997589529
1403636763.563555 -0.186506808 0.424160868 0.191875160 0.003280843 -0.068500951 -0.009645295 0.997599065
1403636763.613555 -0.186565608 0.424105436 0.191718414 0.003273723 -0.068523593 -0.009375678 0.997600079
1403636763.663556 -0.186596274 0.424098313 0.191952214 0.003482572 -0.068523243 -0.009554848 0.997597694
1403636763.713556 -0.186677232 0.424049705 0.192165941 0.003315271 -0.068567552 -0.009159910 0.997598946
1403636763.763556 -0.186179638 0.424310982 0.191271782 0.003420164 -0.068369277 -0.009758786 0.997606516
1403636763.813555 -0.186317295 0.424126923 0.191641793 0.003410949 -0.068738475 -0.008924116 0.997588992
