numLines=21
>>> Experiments to run: 21 (withCorr=0, noEvo=1, start=0,skip=6)
line=name=oxf_orb seq=~/dataset/tum/oxf_car yaml=../Install/etc/orbslam2/Monocular/TUM_OC.yaml runs=20 exe=../Install/bin features=[ORB]
[INFO] YAML for oxf_orb: TUM_OC.yaml -> oxf_orb.yaml  [ORB]

===== RUN: oxf_orb =====
[bench] seq=/home/howard/dataset/tum/oxf_car  yaml=../../../../Experiments/oxf_orb.yaml  runs=20  exe_dir=../Install/bin  mode=tum times=
[RESUME] Reusing existing tmp summary: /home/howard/Refactored_ORB_SLAM2/Experiments/Performances/oxf_orb_pref.txt.tmp
[INFO] name=oxf_orb  seq=/home/howard/dataset/tum/oxf_car  runs=20  yaml=../../../../Experiments/oxf_orb.yaml  withCorr=1  mode=tum  times=
[RESUME] Skip run 01; found /home/howard/Refactored_ORB_SLAM2/Experiments/Poses/oxf_orb/result01.txt
[RESUME] Skip run 02; found /home/howard/Refactored_ORB_SLAM2/Experiments/Poses/oxf_orb/result02.txt
[RESUME] Skip run 03; found /home/howard/Refactored_ORB_SLAM2/Experiments/Poses/oxf_orb/result03.txt
[RUN 04/20] 2025-09-08 21:08:36
Registering ORBextractor...
Registering AKAZEextractor...
Registering BRISKextractor...
Registering SIFTextractor...
Registering KAZEextractor...
Registering SuperPointExtractor...

ORB-SLAM2 Copyright (C) 2014-2016 Raul Mur-Artal, University of Zaragoza.
This program comes with ABSOLUTELY NO WARRANTY;
This is free software, and you are welcome to redistribute it
under certain conditions. See LICENSE.txt.

Input sensor was set to: Monocular

Loading Vocabulary : /home/howard/Refactored_ORB_SLAM2/Install/var/lib/orbslam2/voc/orb_mur.fbow
This could take a while...
Loading ORB Vocabulary in FBoW.
ORB Vocabulary loaded in 0.050448s


Camera Parameters: 
- fx: 983.044
- fy: 983.044
- cx: 643.647
- cy: 493.379
- k1: 0
- k2: 0
- p1: 0
- p2: 0
- fps: 16
- color order: RGB (ignored if grayscale)

[Feature 0] ORB Extractor Parameters: 
 ( TH_LOW: 50, TH_HIGH: 100 )
- Number of Features: 2000
- Scale Levels: 8
- Scale Factor: 1.2
- Initial Fast Threshold: 20
- Minimum Fast Threshold: 7

-------
Start processing sequence ...
Images in the sequence: 7513

0
New map created with 96 points for 0 Feature Type 
Wrong initialization, reseting...
System Reseting
Reseting Local Mapper... done
Reseting Loop Closing... done
Reseting Database... done
0
New map created with 114 points for 0 Feature Type 
Tracking Initlized in 4.30s
The initlized frame ID: 48
The lost frame ID: 686
The lost frame ID: 687
The lost frame ID: 688
The lost frame ID: 689
The lost frame ID: 690
The lost frame ID: 691
The lost frame ID: 692
The lost frame ID: 693
The lost frame ID: 694

Saving camera trajectory to TrajectoryBeforeReset_oxf_orb_r04_seg01_pid2276750_1757362167037.txt ...

trajectory saved!
[Tracking] wrote pre-reset trajectory to TrajectoryBeforeReset_oxf_orb_r04_seg01_pid2276750_1757362167037.txt
[Tracking] LOST for 10 consecutive frames -> reset
System Reseting
Reseting Local Mapper... done
Reseting Loop Closing... done
Reseting Database... done
0
New map created with 117 points for 0 Feature Type 
Tracking Initlized in 1.13s
The initlized frame ID: 12
The lost frame ID: 632
The lost frame ID: 633
The lost frame ID: 634
The lost frame ID: 635
The lost frame ID: 636
The lost frame ID: 637
The lost frame ID: 638
The lost frame ID: 639
The lost frame ID: 640

Saving camera trajectory to TrajectoryBeforeReset_oxf_orb_r04_seg02_pid2276750_1757362207628.txt ...

trajectory saved!
[Tracking] wrote pre-reset trajectory to TrajectoryBeforeReset_oxf_orb_r04_seg02_pid2276750_1757362207628.txt
[Tracking] LOST for 10 consecutive frames -> reset
System Reseting
Reseting Local Mapper... done
Reseting Loop Closing... done
Reseting Database... done
0
New map created with 121 points for 0 Feature Type 
Tracking Initlized in 2.89s
The initlized frame ID: 30
The lost frame ID: 260
The lost frame ID: 261
The lost frame ID: 262
The lost frame ID: 263
The lost frame ID: 264
The lost frame ID: 265
The lost frame ID: 266
The lost frame ID: 267
The lost frame ID: 268

Saving camera trajectory to TrajectoryBeforeReset_oxf_orb_r04_seg03_pid2276750_1757362226445.txt ...

trajectory saved!
[Tracking] wrote pre-reset trajectory to TrajectoryBeforeReset_oxf_orb_r04_seg03_pid2276750_1757362226445.txt
[Tracking] LOST for 10 consecutive frames -> reset
System Reseting
Reseting Local Mapper... done
Reseting Loop Closing... done
Reseting Database... done
0
New map created with 95 points for 0 Feature Type 
Wrong initialization, reseting...
System Reseting
Reseting Local Mapper... done
Reseting Loop Closing... done
Reseting Database... done
0
New map created with 96 points for 0 Feature Type 
Wrong initialization, reseting...
System Reseting
Reseting Local Mapper... done
Reseting Loop Closing... done
Reseting Database... done
0
New map created with 68 points for 0 Feature Type 
Wrong initialization, reseting...
System Reseting
Reseting Local Mapper... done
Reseting Loop Closing... done
Reseting Database... done
0
New map created with 88 points for 0 Feature Type 
Wrong initialization, reseting...
System Reseting
Reseting Local Mapper... done
Reseting Loop Closing... done
Reseting Database... done
0
New map created with 102 points for 0 Feature Type 
Tracking Initlized in 4.12s
The initlized frame ID: 41
The lost frame ID: 765
The lost frame ID: 766
The lost frame ID: 767
The lost frame ID: 768
The lost frame ID: 769
The lost frame ID: 770
The lost frame ID: 771
The lost frame ID: 772
The lost frame ID: 773

Saving camera trajectory to TrajectoryBeforeReset_oxf_orb_r04_seg04_pid2276750_1757362282656.txt ...

trajectory saved!
[Tracking] wrote pre-reset trajectory to TrajectoryBeforeReset_oxf_orb_r04_seg04_pid2276750_1757362282656.txt
[Tracking] LOST for 10 consecutive frames -> reset
System Reseting
Reseting Local Mapper... done
Reseting Loop Closing... done
Reseting Database... done
0
New map created with 113 points for 0 Feature Type 
Tracking Initlized in 0.94s
The initlized frame ID: 9
The lost frame ID: 209
The lost frame ID: 210
The lost frame ID: 211
The lost frame ID: 212
The lost frame ID: 213
The lost frame ID: 214
The lost frame ID: 215
The lost frame ID: 216
The lost frame ID: 217

Saving camera trajectory to TrajectoryBeforeReset_oxf_orb_r04_seg05_pid2276750_1757362297872.txt ...

trajectory saved!
[Tracking] wrote pre-reset trajectory to TrajectoryBeforeReset_oxf_orb_r04_seg05_pid2276750_1757362297872.txt
[Tracking] LOST for 10 consecutive frames -> reset
System Reseting
Reseting Local Mapper... done
Reseting Loop Closing... done
Reseting Database... done
0
New map created with 85 points for 0 Feature Type 
Wrong initialization, reseting...
System Reseting
Reseting Local Mapper... done
Reseting Loop Closing... done
Reseting Database... done
0
New map created with 98 points for 0 Feature Type 
Wrong initialization, reseting...
System Reseting
Reseting Local Mapper... done
Reseting Loop Closing... done
Reseting Database... done
0
New map created with 79 points for 0 Feature Type 
Wrong initialization, reseting...
System Reseting
Reseting Local Mapper... done
Reseting Loop Closing... done
Reseting Database... done
0
New map created with 109 points for 0 Feature Type 
Tracking Initlized in 0.22s
The initlized frame ID: 2
The lost frame ID: 486
The lost frame ID: 487
The lost frame ID: 488
The lost frame ID: 489
The lost frame ID: 490
The lost frame ID: 491
The lost frame ID: 492
The lost frame ID: 493
The lost frame ID: 494

Saving camera trajectory to TrajectoryBeforeReset_oxf_orb_r04_seg06_pid2276750_1757362355946.txt ...

trajectory saved!
[Tracking] wrote pre-reset trajectory to TrajectoryBeforeReset_oxf_orb_r04_seg06_pid2276750_1757362355946.txt
[Tracking] LOST for 10 consecutive frames -> reset
System Reseting
Reseting Local Mapper... done
Reseting Loop Closing... done
Reseting Database... done
0
New map created with 100 points for 0 Feature Type 
Tracking Initlized in 8.85s
The initlized frame ID: 88
The lost frame ID: 1481
The lost frame ID: 1482
The lost frame ID: 1483
The lost frame ID: 1484
The lost frame ID: 1485
The lost frame ID: 1486
The lost frame ID: 1487
The lost frame ID: 1488
The lost frame ID: 1489

Saving camera trajectory to TrajectoryBeforeReset_oxf_orb_r04_seg07_pid2276750_1757362461431.txt ...

trajectory saved!
[Tracking] wrote pre-reset trajectory to TrajectoryBeforeReset_oxf_orb_r04_seg07_pid2276750_1757362461431.txt
[Tracking] LOST for 10 consecutive frames -> reset
System Reseting
Reseting Local Mapper... done
Reseting Loop Closing... done
Reseting Database... done
0
New map created with 153 points for 0 Feature Type 
Tracking Initlized in 0.34s
The initlized frame ID: 2
The lost frame ID: 2244
The lost frame ID: 2245
The lost frame ID: 2246
The lost frame ID: 2247
The lost frame ID: 2248
The lost frame ID: 2249
The lost frame ID: 2250
The lost frame ID: 2251
The lost frame ID: 2252

Saving camera trajectory to TrajectoryBeforeReset_oxf_orb_r04_seg08_pid2276750_1757362617850.txt ...

trajectory saved!
[Tracking] wrote pre-reset trajectory to TrajectoryBeforeReset_oxf_orb_r04_seg08_pid2276750_1757362617850.txt
[Tracking] LOST for 10 consecutive frames -> reset
System Reseting
Reseting Local Mapper... done
Reseting Loop Closing... done
Reseting Database... done
0
New map created with 78 points for 0 Feature Type 
Wrong initialization, reseting...
System Reseting
Reseting Local Mapper... done
Reseting Loop Closing... done
Reseting Database... done
0
New map created with 119 points for 0 Feature Type 
Tracking Initlized in 0.13s
The initlized frame ID: 1
Track lost soon after initialisation, reseting...
System Reseting
Reseting Local Mapper... done
Reseting Loop Closing... done
Reseting Database... done
0
New map created with 108 points for 0 Feature Type 
Tracking Initlized in 0.14s
The initlized frame ID: 1
The lost frame ID: 133
The lost frame ID: 134
The lost frame ID: 135
The lost frame ID: 136
The lost frame ID: 137
The lost frame ID: 138
The lost frame ID: 139
The lost frame ID: 140
The lost frame ID: 141

Saving camera trajectory to TrajectoryBeforeReset_oxf_orb_r04_seg09_pid2276750_1757362631057.txt ...

trajectory saved!
[Tracking] wrote pre-reset trajectory to TrajectoryBeforeReset_oxf_orb_r04_seg09_pid2276750_1757362631057.txt
[Tracking] LOST for 10 consecutive frames -> reset
System Reseting
Reseting Local Mapper... done
Reseting Loop Closing... done
Reseting Database... done
0
New map created with 122 points for 0 Feature Type 
Tracking Initlized in 0.67s
The initlized frame ID: 6
System::StopViewer()
System::StopViewer() done

Saving correlation status...

Correlation status saved!

System Shutdown
-------

median tracking time: 0.039696
mean tracking time: 0.0417897

Saving camera trajectory to result04.txt ...

trajectory saved!
All done

========== Performance Summary (ms) ==========
name                                mean      median        rmse         min         max       count
Lost Count                         1.000       1.000       0.000       1.000       1.000           9
Tracking                           5.954       5.215       3.948       0.950     192.060        6847
Total Init                     12711.020   12711.020       0.000   12711.020   12711.020           2
Correlation                        0.001       0.001       0.001       0.000       0.049        6756
Reset Count                        1.000       1.000       0.000       1.000       1.000          19
Pipeline                          41.259      39.669      12.269       8.465     606.939        7513
ORB Extract                       30.015      28.680       7.620       6.429      70.163        7513
[WARN] Per-Channel Summary not found in run 04 (exit 0)
[RUN 05/20] 2025-09-08 21:17:22
Registering ORBextractor...
Registering AKAZEextractor...
Registering BRISKextractor...
Registering SIFTextractor...
Registering KAZEextractor...
Registering SuperPointExtractor...

ORB-SLAM2 Copyright (C) 2014-2016 Raul Mur-Artal, University of Zaragoza.
This program comes with ABSOLUTELY NO WARRANTY;
This is free software, and you are welcome to redistribute it
under certain conditions. See LICENSE.txt.

Input sensor was set to: Monocular

Loading Vocabulary : /home/howard/Refactored_ORB_SLAM2/Install/var/lib/orbslam2/voc/orb_mur.fbow
This could take a while...
Loading ORB Vocabulary in FBoW.
ORB Vocabulary loaded in 0.021275s


Camera Parameters: 
- fx: 983.044
- fy: 983.044
- cx: 643.647
- cy: 493.379
- k1: 0
- k2: 0
- p1: 0
- p2: 0
- fps: 16
- color order: RGB (ignored if grayscale)

[Feature 0] ORB Extractor Parameters: 
 ( TH_LOW: 50, TH_HIGH: 100 )
- Number of Features: 2000
- Scale Levels: 8
- Scale Factor: 1.2
- Initial Fast Threshold: 20
- Minimum Fast Threshold: 7

-------
Start processing sequence ...
Images in the sequence: 7513

0
New map created with 98 points for 0 Feature Type 
Wrong initialization, reseting...
System Reseting
Reseting Local Mapper... done
Reseting Loop Closing... done
Reseting Database... done
0
New map created with 131 points for 0 Feature Type 
Tracking Initlized in 4.58s
The initlized frame ID: 47
The lost frame ID: 687
The lost frame ID: 688
The lost frame ID: 689
The lost frame ID: 690
The lost frame ID: 691
The lost frame ID: 692
The lost frame ID: 693
The lost frame ID: 694
The lost frame ID: 695

Saving camera trajectory to TrajectoryBeforeReset_oxf_orb_r05_seg01_pid2331145_1757362690569.txt ...

trajectory saved!
[Tracking] wrote pre-reset trajectory to TrajectoryBeforeReset_oxf_orb_r05_seg01_pid2331145_1757362690569.txt
[Tracking] LOST for 10 consecutive frames -> reset
System Reseting
Reseting Local Mapper... done
Reseting Loop Closing... done
Reseting Database... done
0
New map created with 69 points for 0 Feature Type 
Wrong initialization, reseting...
System Reseting
Reseting Local Mapper... done
Reseting Loop Closing... done
Reseting Database... done
0
New map created with 122 points for 0 Feature Type 
Tracking Initlized in 0.23s
The initlized frame ID: 2
The lost frame ID: 634
The lost frame ID: 635
The lost frame ID: 636
The lost frame ID: 637
The lost frame ID: 638
The lost frame ID: 639
The lost frame ID: 640
The lost frame ID: 641
The lost frame ID: 642

Saving camera trajectory to TrajectoryBeforeReset_oxf_orb_r05_seg02_pid2331145_1757362729639.txt ...

trajectory saved!
[Tracking] wrote pre-reset trajectory to TrajectoryBeforeReset_oxf_orb_r05_seg02_pid2331145_1757362729639.txt
[Tracking] LOST for 10 consecutive frames -> reset
System Reseting
Reseting Local Mapper... done
Reseting Loop Closing... done
Reseting Database... done
0
New map created with 83 points for 0 Feature Type 
Wrong initialization, reseting...
System Reseting
Reseting Local Mapper... done
Reseting Loop Closing... done
Reseting Database... done
0
New map created with 105 points for 0 Feature Type 
Tracking Initlized in 0.52s
The initlized frame ID: 5
Track lost soon after initialisation, reseting...
System Reseting
Reseting Local Mapper... done
Reseting Loop Closing... done
Reseting Database... done
0
New map created with 152 points for 0 Feature Type 
Tracking Initlized in 0.20s
The initlized frame ID: 2
The lost frame ID: 226
The lost frame ID: 227
The lost frame ID: 228
The lost frame ID: 229
The lost frame ID: 230
The lost frame ID: 231
The lost frame ID: 232
The lost frame ID: 233
The lost frame ID: 234

Saving camera trajectory to TrajectoryBeforeReset_oxf_orb_r05_seg03_pid2331145_1757362745923.txt ...

trajectory saved!
[Tracking] wrote pre-reset trajectory to TrajectoryBeforeReset_oxf_orb_r05_seg03_pid2331145_1757362745923.txt
[Tracking] LOST for 10 consecutive frames -> reset
System Reseting
Reseting Local Mapper... done
Reseting Loop Closing... done
Reseting Database... done
0
New map created with 106 points for 0 Feature Type 
Tracking Initlized in 2.20s
The initlized frame ID: 25
The lost frame ID: 793
The lost frame ID: 794
The lost frame ID: 795
The lost frame ID: 796
The lost frame ID: 797
The lost frame ID: 798
The lost frame ID: 799
The lost frame ID: 800
The lost frame ID: 801

Saving camera trajectory to TrajectoryBeforeReset_oxf_orb_r05_seg04_pid2331145_1757362792056.txt ...

trajectory saved!
[Tracking] wrote pre-reset trajectory to TrajectoryBeforeReset_oxf_orb_r05_seg04_pid2331145_1757362792056.txt
[Tracking] LOST for 10 consecutive frames -> reset
System Reseting
Reseting Local Mapper... done
Reseting Loop Closing... done
Reseting Database... done
0
New map created with 102 points for 0 Feature Type 
Tracking Initlized in 0.83s
The initlized frame ID: 9
Track lost soon after initialisation, reseting...
System Reseting
Reseting Local Mapper... done
Reseting Loop Closing... done
Reseting Database... done
0
New map created with 102 points for 0 Feature Type 
Tracking Initlized in 2.93s
The initlized frame ID: 33
The lost frame ID: 198
The lost frame ID: 199
The lost frame ID: 200
The lost frame ID: 201
The lost frame ID: 202
The lost frame ID: 203
The lost frame ID: 204
The lost frame ID: 205
The lost frame ID: 206

Saving camera trajectory to TrajectoryBeforeReset_oxf_orb_r05_seg05_pid2331145_1757362804894.txt ...

trajectory saved!
[Tracking] wrote pre-reset trajectory to TrajectoryBeforeReset_oxf_orb_r05_seg05_pid2331145_1757362804894.txt
[Tracking] LOST for 10 consecutive frames -> reset
System Reseting
Reseting Local Mapper... done
Reseting Loop Closing... done
Reseting Database... done
0
New map created with 106 points for 0 Feature Type 
Tracking Initlized in 0.38s
The initlized frame ID: 4
Track lost soon after initialisation, reseting...
System Reseting
Reseting Local Mapper... done
Reseting Loop Closing... done
Reseting Database... done
0
New map created with 83 points for 0 Feature Type 
Wrong initialization, reseting...
System Reseting
Reseting Local Mapper... done
Reseting Loop Closing... done
Reseting Database... done
0
New map created with 107 points for 0 Feature Type 
Tracking Initlized in 1.31s
The initlized frame ID: 13
The lost frame ID: 171
The lost frame ID: 172
The lost frame ID: 173
The lost frame ID: 174
The lost frame ID: 175
The lost frame ID: 176
The lost frame ID: 177
The lost frame ID: 178
The lost frame ID: 179

Saving camera trajectory to TrajectoryBeforeReset_oxf_orb_r05_seg06_pid2331145_1757362816263.txt ...

trajectory saved!
[Tracking] wrote pre-reset trajectory to TrajectoryBeforeReset_oxf_orb_r05_seg06_pid2331145_1757362816263.txt
[Tracking] LOST for 10 consecutive frames -> reset
System Reseting
Reseting Local Mapper... done
Reseting Loop Closing... done
Reseting Database... done
0
New map created with 126 points for 0 Feature Type 
Tracking Initlized in 0.51s
The initlized frame ID: 5
The lost frame ID: 596
The lost frame ID: 597
The lost frame ID: 598
The lost frame ID: 599
The lost frame ID: 600
The lost frame ID: 601
The lost frame ID: 602
The lost frame ID: 603
The lost frame ID: 604

Saving camera trajectory to TrajectoryBeforeReset_oxf_orb_r05_seg07_pid2331145_1757362855110.txt ...

trajectory saved!
[Tracking] wrote pre-reset trajectory to TrajectoryBeforeReset_oxf_orb_r05_seg07_pid2331145_1757362855110.txt
[Tracking] LOST for 10 consecutive frames -> reset
System Reseting
Reseting Local Mapper... done
Reseting Loop Closing... done
Reseting Database... done
0
New map created with 93 points for 0 Feature Type 
Wrong initialization, reseting...
System Reseting
Reseting Local Mapper... done
Reseting Loop Closing... done
Reseting Database... done
0
New map created with 131 points for 0 Feature Type 
Tracking Initlized in 0.11s
The initlized frame ID: 1
Track lost soon after initialisation, reseting...
System Reseting
Reseting Local Mapper... done
Reseting Loop Closing... done
Reseting Database... done
0
New map created with 124 points for 0 Feature Type 
Tracking Initlized in 0.10s
The initlized frame ID: 1
The lost frame ID: 1386
The lost frame ID: 1387
The lost frame ID: 1388
The lost frame ID: 1389
The lost frame ID: 1390
The lost frame ID: 1391
The lost frame ID: 1392
The lost frame ID: 1393
The lost frame ID: 1394

Saving camera trajectory to TrajectoryBeforeReset_oxf_orb_r05_seg08_pid2331145_1757362935020.txt ...

trajectory saved!
[Tracking] wrote pre-reset trajectory to TrajectoryBeforeReset_oxf_orb_r05_seg08_pid2331145_1757362935020.txt
[Tracking] LOST for 10 consecutive frames -> reset
System Reseting
Reseting Local Mapper... done
Reseting Loop Closing... done
Reseting Database... done
0
New map created with 147 points for 0 Feature Type 
Tracking Initlized in 0.19s
The initlized frame ID: 2
Track lost soon after initialisation, reseting...
System Reseting
Reseting Local Mapper... done
Reseting Loop Closing... done
Reseting Database... done
0
New map created with 167 points for 0 Feature Type 
Tracking Initlized in 0.08s
The initlized frame ID: 1
The lost frame ID: 2239
The lost frame ID: 2240
The lost frame ID: 2241
The lost frame ID: 2242
The lost frame ID: 2243
The lost frame ID: 2244
The lost frame ID: 2245
The lost frame ID: 2246
The lost frame ID: 2247

Saving camera trajectory to TrajectoryBeforeReset_oxf_orb_r05_seg09_pid2331145_1757363064901.txt ...

trajectory saved!
[Tracking] wrote pre-reset trajectory to TrajectoryBeforeReset_oxf_orb_r05_seg09_pid2331145_1757363064901.txt
[Tracking] LOST for 10 consecutive frames -> reset
System Reseting
Reseting Local Mapper... done
Reseting Loop Closing... done
Reseting Database... done
0
New map created with 109 points for 0 Feature Type 
Tracking Initlized in 1.08s
The initlized frame ID: 14
Track lost soon after initialisation, reseting...
System Reseting
Reseting Local Mapper... done
Reseting Loop Closing... done
Reseting Database... done
0
New map created with 81 points for 0 Feature Type 
Wrong initialization, reseting...
System Reseting
Reseting Local Mapper... done
Reseting Loop Closing... done
Reseting Database... done
0
New map created with 119 points for 0 Feature Type 
Tracking Initlized in 0.13s
The initlized frame ID: 1
The lost frame ID: 136
The lost frame ID: 137
The lost frame ID: 138
The lost frame ID: 139
The lost frame ID: 140
The lost frame ID: 141
The lost frame ID: 142
The lost frame ID: 143
The lost frame ID: 144

Saving camera trajectory to TrajectoryBeforeReset_oxf_orb_r05_seg10_pid2331145_1757363075962.txt ...

trajectory saved!
[Tracking] wrote pre-reset trajectory to TrajectoryBeforeReset_oxf_orb_r05_seg10_pid2331145_1757363075962.txt
[Tracking] LOST for 10 consecutive frames -> reset
System Reseting
Reseting Local Mapper... done
Reseting Loop Closing... done
Reseting Database... done
0
New map created with 101 points for 0 Feature Type 
Tracking Initlized in 0.14s
The initlized frame ID: 1
Track lost soon after initialisation, reseting...
System Reseting
Reseting Local Mapper... done
Reseting Loop Closing... done
Reseting Database... done
0
New map created with 117 points for 0 Feature Type 
Tracking Initlized in 0.11s
The initlized frame ID: 1
System::StopViewer()
System::StopViewer() done

Saving correlation status...

Correlation status saved!

System Shutdown
-------

median tracking time: 0.0346268
mean tracking time: 0.0369074

Saving camera trajectory to result05.txt ...

trajectory saved!
All done

========== Performance Summary (ms) ==========
name                                mean      median        rmse         min         max       count
Lost Count                         1.000       1.000       0.000       1.000       1.000          10
Tracking                           5.247       4.442       6.937       0.756     436.743        7136
Total Init                     12699.621   12699.621       0.000   12699.621   12699.621           2
Correlation                        0.001       0.000       0.001       0.000       0.024        7029
Reset Count                        1.000       1.000       0.000       1.000       1.000          23
Pipeline                          36.393      34.610      10.665       9.940     471.293        7513
ORB Extract                       26.748      25.471       6.656       7.007      62.469        7513
[WARN] Per-Channel Summary not found in run 05 (exit 0)
[RESUME] Skip run 06; found /home/howard/Refactored_ORB_SLAM2/Experiments/Poses/oxf_orb/result06.txt
[RESUME] Skip run 07; found /home/howard/Refactored_ORB_SLAM2/Experiments/Poses/oxf_orb/result07.txt
[RESUME] Skip run 08; found /home/howard/Refactored_ORB_SLAM2/Experiments/Poses/oxf_orb/result08.txt
[RESUME] Skip run 09; found /home/howard/Refactored_ORB_SLAM2/Experiments/Poses/oxf_orb/result09.txt
[RESUME] Skip run 10; found /home/howard/Refactored_ORB_SLAM2/Experiments/Poses/oxf_orb/result10.txt
[RESUME] Skip run 11; found /home/howard/Refactored_ORB_SLAM2/Experiments/Poses/oxf_orb/result11.txt
[RUN 12/20] 2025-09-08 21:24:44
Registering ORBextractor...
Registering AKAZEextractor...
Registering BRISKextractor...
Registering SIFTextractor...
Registering KAZEextractor...
Registering SuperPointExtractor...

ORB-SLAM2 Copyright (C) 2014-2016 Raul Mur-Artal, University of Zaragoza.
This program comes with ABSOLUTELY NO WARRANTY;
This is free software, and you are welcome to redistribute it
under certain conditions. See LICENSE.txt.

Input sensor was set to: Monocular

Loading Vocabulary : /home/howard/Refactored_ORB_SLAM2/Install/var/lib/orbslam2/voc/orb_mur.fbow
This could take a while...
Loading ORB Vocabulary in FBoW.
ORB Vocabulary loaded in 0.014008s


Camera Parameters: 
- fx: 983.044
- fy: 983.044
- cx: 643.647
- cy: 493.379
- k1: 0
- k2: 0
- p1: 0
- p2: 0
- fps: 16
- color order: RGB (ignored if grayscale)

[Feature 0] ORB Extractor Parameters: 
 ( TH_LOW: 50, TH_HIGH: 100 )
- Number of Features: 2000
- Scale Levels: 8
- Scale Factor: 1.2
- Initial Fast Threshold: 20
- Minimum Fast Threshold: 7

-------
Start processing sequence ...
Images in the sequence: 7513

0
New map created with 95 points for 0 Feature Type 
Wrong initialization, reseting...
System Reseting
Reseting Local Mapper... done
Reseting Loop Closing... done
Reseting Database... done
0
New map created with 131 points for 0 Feature Type 
Tracking Initlized in 3.97s
The initlized frame ID: 47
The lost frame ID: 687
The lost frame ID: 688
The lost frame ID: 689
The lost frame ID: 690
The lost frame ID: 691
The lost frame ID: 692
The lost frame ID: 693
The lost frame ID: 694
The lost frame ID: 695

Saving camera trajectory to TrajectoryBeforeReset_oxf_orb_r12_seg01_pid2376268_1757363128448.txt ...

trajectory saved!
[Tracking] wrote pre-reset trajectory to TrajectoryBeforeReset_oxf_orb_r12_seg01_pid2376268_1757363128448.txt
[Tracking] LOST for 10 consecutive frames -> reset
System Reseting
Reseting Local Mapper... done
Reseting Loop Closing... done
Reseting Database... done
0
New map created with 81 points for 0 Feature Type 
Wrong initialization, reseting...
System Reseting
Reseting Local Mapper... done
Reseting Loop Closing... done
Reseting Database... done
0
New map created with 123 points for 0 Feature Type 
Tracking Initlized in 0.20s
The initlized frame ID: 2
The lost frame ID: 626
The lost frame ID: 633
The lost frame ID: 634
The lost frame ID: 635
The lost frame ID: 636
The lost frame ID: 637
The lost frame ID: 638
The lost frame ID: 639
The lost frame ID: 640
The lost frame ID: 641

Saving camera trajectory to TrajectoryBeforeReset_oxf_orb_r12_seg02_pid2376268_1757363162696.txt ...

trajectory saved!
[Tracking] wrote pre-reset trajectory to TrajectoryBeforeReset_oxf_orb_r12_seg02_pid2376268_1757363162696.txt
[Tracking] LOST for 10 consecutive frames -> reset
System Reseting
Reseting Local Mapper... done
Reseting Loop Closing... done
Reseting Database... done
0
New map created with 124 points for 0 Feature Type 
Tracking Initlized in 1.80s
The initlized frame ID: 20
The lost frame ID: 253
The lost frame ID: 254
The lost frame ID: 255
The lost frame ID: 256
The lost frame ID: 257
The lost frame ID: 258
The lost frame ID: 259
The lost frame ID: 260
The lost frame ID: 261

Saving camera trajectory to TrajectoryBeforeReset_oxf_orb_r12_seg03_pid2376268_1757363178322.txt ...

trajectory saved!
[Tracking] wrote pre-reset trajectory to TrajectoryBeforeReset_oxf_orb_r12_seg03_pid2376268_1757363178322.txt
[Tracking] LOST for 10 consecutive frames -> reset
System Reseting
Reseting Local Mapper... done
Reseting Loop Closing... done
Reseting Database... done
0
New map created with 100 points for 0 Feature Type 
Tracking Initlized in 2.14s
The initlized frame ID: 25
The lost frame ID: 792
The lost frame ID: 793
The lost frame ID: 794
The lost frame ID: 795
The lost frame ID: 796
The lost frame ID: 797
The lost frame ID: 798
The lost frame ID: 799
The lost frame ID: 800

Saving camera trajectory to TrajectoryBeforeReset_oxf_orb_r12_seg04_pid2376268_1757363223527.txt ...

trajectory saved!
[Tracking] wrote pre-reset trajectory to TrajectoryBeforeReset_oxf_orb_r12_seg04_pid2376268_1757363223527.txt
[Tracking] LOST for 10 consecutive frames -> reset
System Reseting
Reseting Local Mapper... done
Reseting Loop Closing... done
Reseting Database... done
0
New map created with 89 points for 0 Feature Type 
Wrong initialization, reseting...
System Reseting
Reseting Local Mapper... done
Reseting Loop Closing... done
Reseting Database... done
0
New map created with 71 points for 0 Feature Type 
Wrong initialization, reseting...
System Reseting
Reseting Local Mapper... done
Reseting Loop Closing... done
Reseting Database... done
0
New map created with 116 points for 0 Feature Type 
Tracking Initlized in 2.47s
The initlized frame ID: 29
Track lost soon after initialisation, reseting...
System Reseting
Reseting Local Mapper... done
Reseting Loop Closing... done
Reseting Database... done
0
New map created with 96 points for 0 Feature Type 
Wrong initialization, reseting...
System Reseting
Reseting Local Mapper... done
Reseting Loop Closing... done
Reseting Database... done
0
New map created with 97 points for 0 Feature Type 
Wrong initialization, reseting...
System Reseting
Reseting Local Mapper... done
Reseting Loop Closing... done
Reseting Database... done
0
New map created with 87 points for 0 Feature Type 
Wrong initialization, reseting...
System Reseting
Reseting Local Mapper... done
Reseting Loop Closing... done
Reseting Database... done
0
New map created with 112 points for 0 Feature Type 
Tracking Initlized in 0.20s
The initlized frame ID: 2
The lost frame ID: 494
The lost frame ID: 495
The lost frame ID: 496
The lost frame ID: 497
The lost frame ID: 498
The lost frame ID: 499
The lost frame ID: 500
The lost frame ID: 501
The lost frame ID: 502

Saving camera trajectory to TrajectoryBeforeReset_oxf_orb_r12_seg05_pid2376268_1757363283544.txt ...

trajectory saved!
[Tracking] wrote pre-reset trajectory to TrajectoryBeforeReset_oxf_orb_r12_seg05_pid2376268_1757363283544.txt
[Tracking] LOST for 10 consecutive frames -> reset
System Reseting
Reseting Local Mapper... done
Reseting Loop Closing... done
Reseting Database... done
0
New map created with 113 points for 0 Feature Type 
Tracking Initlized in 5.41s
The initlized frame ID: 64
The lost frame ID: 751
The lost frame ID: 752
The lost frame ID: 753
The lost frame ID: 754
The lost frame ID: 755
The lost frame ID: 756
The lost frame ID: 757
The lost frame ID: 758
The lost frame ID: 759

Saving camera trajectory to TrajectoryBeforeReset_oxf_orb_r12_seg06_pid2376268_1757363325046.txt ...

trajectory saved!
[Tracking] wrote pre-reset trajectory to TrajectoryBeforeReset_oxf_orb_r12_seg06_pid2376268_1757363325046.txt
[Tracking] LOST for 10 consecutive frames -> reset
System Reseting
Reseting Local Mapper... done
Reseting Loop Closing... done
Reseting Database... done
0
New map created with 82 points for 0 Feature Type 
Wrong initialization, reseting...
System Reseting
Reseting Local Mapper... done
Reseting Loop Closing... done
Reseting Database... done
0
New map created with 88 points for 0 Feature Type 
Wrong initialization, reseting...
System Reseting
Reseting Local Mapper... done
Reseting Loop Closing... done
Reseting Database... done
0
New map created with 86 points for 0 Feature Type 
Wrong initialization, reseting...
System Reseting
Reseting Local Mapper... done
Reseting Loop Closing... done
Reseting Database... done
0
New map created with 117 points for 0 Feature Type 
Tracking Initlized in 3.08s
The initlized frame ID: 35
The lost frame ID: 560
The lost frame ID: 561
The lost frame ID: 562
The lost frame ID: 563
The lost frame ID: 564
The lost frame ID: 565
The lost frame ID: 566
The lost frame ID: 567
The lost frame ID: 568

Saving camera trajectory to TrajectoryBeforeReset_oxf_orb_r12_seg07_pid2376268_1757363368069.txt ...

trajectory saved!
[Tracking] wrote pre-reset trajectory to TrajectoryBeforeReset_oxf_orb_r12_seg07_pid2376268_1757363368069.txt
[Tracking] LOST for 10 consecutive frames -> reset
System Reseting
Reseting Local Mapper... done
Reseting Loop Closing... done
Reseting Database... done
0
New map created with 153 points for 0 Feature Type 
Tracking Initlized in 0.18s
The initlized frame ID: 2
The lost frame ID: 2244
The lost frame ID: 2245
The lost frame ID: 2246
The lost frame ID: 2247
The lost frame ID: 2248
The lost frame ID: 2249
The lost frame ID: 2250
The lost frame ID: 2251
The lost frame ID: 2252

Saving camera trajectory to TrajectoryBeforeReset_oxf_orb_r12_seg08_pid2376268_1757363494367.txt ...

trajectory saved!
[Tracking] wrote pre-reset trajectory to TrajectoryBeforeReset_oxf_orb_r12_seg08_pid2376268_1757363494367.txt
[Tracking] LOST for 10 consecutive frames -> reset
System Reseting
Reseting Local Mapper... done
Reseting Loop Closing... done
Reseting Database... done
0
New map created with 109 points for 0 Feature Type 
Tracking Initlized in 1.08s
The initlized frame ID: 14
Track lost soon after initialisation, reseting...
System Reseting
Reseting Local Mapper... done
Reseting Loop Closing... done
Reseting Database... done
0
New map created with 80 points for 0 Feature Type 
Wrong initialization, reseting...
System Reseting
Reseting Local Mapper... done
Reseting Loop Closing... done
Reseting Database... done
0
New map created with 121 points for 0 Feature Type 
Tracking Initlized in 0.10s
The initlized frame ID: 1
The lost frame ID: 137
The lost frame ID: 138
The lost frame ID: 139
The lost frame ID: 140
The lost frame ID: 141
The lost frame ID: 142
The lost frame ID: 143
The lost frame ID: 144
The lost frame ID: 145

Saving camera trajectory to TrajectoryBeforeReset_oxf_orb_r12_seg09_pid2376268_1757363506148.txt ...

trajectory saved!
[Tracking] wrote pre-reset trajectory to TrajectoryBeforeReset_oxf_orb_r12_seg09_pid2376268_1757363506148.txt
[Tracking] LOST for 10 consecutive frames -> reset
System Reseting
Reseting Local Mapper... done
Reseting Loop Closing... done
Reseting Database... done
0
New map created with 101 points for 0 Feature Type 
Tracking Initlized in 0.15s
The initlized frame ID: 1
Track lost soon after initialisation, reseting...
System Reseting
Reseting Local Mapper... done
Reseting Loop Closing... done
Reseting Database... done
0
New map created with 109 points for 0 Feature Type 
Tracking Initlized in 0.52s
The initlized frame ID: 5
System::StopViewer()
System::StopViewer() done

Saving correlation status...

Correlation status saved!

System Shutdown
-------

median tracking time: 0.0336338
mean tracking time: 0.0355662

Saving camera trajectory to result12.txt ...

trajectory saved!
All done

========== Performance Summary (ms) ==========
name                                mean      median        rmse         min         max       count
Lost Count                         1.000       1.000       0.000       1.000       1.000           9
Tracking                           5.088       4.317       6.282       0.821     437.228        6539
Total Init                     11973.566   11973.566       0.000   11973.566   11973.566           2
Correlation                        0.000       0.000       0.001       0.000       0.024        6445
Reset Count                        1.000       1.000       0.000       1.000       1.000          23
Pipeline                          35.133      33.603      10.524       9.979     466.518        7513
ORB Extract                       25.903      24.726       6.760       7.017      60.388        7513
[WARN] Per-Channel Summary not found in run 12 (exit 0)
[RUN 13/20] 2025-09-08 21:31:54
Registering ORBextractor...
Registering AKAZEextractor...
Registering BRISKextractor...
Registering SIFTextractor...
Registering KAZEextractor...
Registering SuperPointExtractor...

ORB-SLAM2 Copyright (C) 2014-2016 Raul Mur-Artal, University of Zaragoza.
This program comes with ABSOLUTELY NO WARRANTY;
This is free software, and you are welcome to redistribute it
under certain conditions. See LICENSE.txt.

Input sensor was set to: Monocular

Loading Vocabulary : /home/howard/Refactored_ORB_SLAM2/Install/var/lib/orbslam2/voc/orb_mur.fbow
This could take a while...
Loading ORB Vocabulary in FBoW.
ORB Vocabulary loaded in 0.011899s


Camera Parameters: 
- fx: 983.044
- fy: 983.044
- cx: 643.647
- cy: 493.379
- k1: 0
- k2: 0
- p1: 0
- p2: 0
- fps: 16
- color order: RGB (ignored if grayscale)

[Feature 0] ORB Extractor Parameters: 
 ( TH_LOW: 50, TH_HIGH: 100 )
- Number of Features: 2000
- Scale Levels: 8
- Scale Factor: 1.2
- Initial Fast Threshold: 20
- Minimum Fast Threshold: 7

-------
Start processing sequence ...
Images in the sequence: 7513

0
New map created with 94 points for 0 Feature Type 
Wrong initialization, reseting...
System Reseting
Reseting Local Mapper... done
Reseting Loop Closing... done
Reseting Database... done
0
New map created with 114 points for 0 Feature Type 
Tracking Initlized in 4.06s
The initlized frame ID: 49
The lost frame ID: 687
The lost frame ID: 688
The lost frame ID: 689
The lost frame ID: 690
The lost frame ID: 691
The lost frame ID: 692
The lost frame ID: 693
The lost frame ID: 694
The lost frame ID: 695

Saving camera trajectory to TrajectoryBeforeReset_oxf_orb_r13_seg01_pid2422314_1757363557547.txt ...

trajectory saved!
[Tracking] wrote pre-reset trajectory to TrajectoryBeforeReset_oxf_orb_r13_seg01_pid2422314_1757363557547.txt
[Tracking] LOST for 10 consecutive frames -> reset
System Reseting
Reseting Local Mapper... done
Reseting Loop Closing... done
Reseting Database... done
0
New map created with 113 points for 0 Feature Type 
Tracking Initlized in 0.17s
The initlized frame ID: 2
The lost frame ID: 631
The lost frame ID: 638
The lost frame ID: 639
The lost frame ID: 640
The lost frame ID: 641
The lost frame ID: 642
The lost frame ID: 643
The lost frame ID: 644
The lost frame ID: 645
The lost frame ID: 646

Saving camera trajectory to TrajectoryBeforeReset_oxf_orb_r13_seg02_pid2422314_1757363591734.txt ...

trajectory saved!
[Tracking] wrote pre-reset trajectory to TrajectoryBeforeReset_oxf_orb_r13_seg02_pid2422314_1757363591734.txt
[Tracking] LOST for 10 consecutive frames -> reset
System Reseting
Reseting Local Mapper... done
Reseting Loop Closing... done
Reseting Database... done
0
New map created with 124 points for 0 Feature Type 
Tracking Initlized in 1.82s
The initlized frame ID: 21
The lost frame ID: 253
The lost frame ID: 254
The lost frame ID: 255
The lost frame ID: 256
The lost frame ID: 257
The lost frame ID: 258
The lost frame ID: 259
The lost frame ID: 260
The lost frame ID: 261

Saving camera trajectory to TrajectoryBeforeReset_oxf_orb_r13_seg03_pid2422314_1757363607527.txt ...

trajectory saved!
[Tracking] wrote pre-reset trajectory to TrajectoryBeforeReset_oxf_orb_r13_seg03_pid2422314_1757363607527.txt
[Tracking] LOST for 10 consecutive frames -> reset
System Reseting
Reseting Local Mapper... done
Reseting Loop Closing... done
Reseting Database... done
0
New map created with 103 points for 0 Feature Type 
Tracking Initlized in 5.98s
The initlized frame ID: 68
Track lost soon after initialisation, reseting...
System Reseting
Reseting Local Mapper... done
Reseting Loop Closing... done
Reseting Database... done
0
New map created with 87 points for 0 Feature Type 
Wrong initialization, reseting...
System Reseting
Reseting Local Mapper... done
Reseting Loop Closing... done
Reseting Database... done
0
New map created with 72 points for 0 Feature Type 
Wrong initialization, reseting...
System Reseting
Reseting Local Mapper... done
Reseting Loop Closing... done
Reseting Database... done
0
New map created with 67 points for 0 Feature Type 
Wrong initialization, reseting...
System Reseting
Reseting Local Mapper... done
Reseting Loop Closing... done
Reseting Database... done
0
New map created with 94 points for 0 Feature Type 
Wrong initialization, reseting...
System Reseting
Reseting Local Mapper... done
Reseting Loop Closing... done
Reseting Database... done
0
New map created with 73 points for 0 Feature Type 
Wrong initialization, reseting...
System Reseting
Reseting Local Mapper... done
Reseting Loop Closing... done
Reseting Database... done
0
New map created with 90 points for 0 Feature Type 
Wrong initialization, reseting...
System Reseting
Reseting Local Mapper... done
Reseting Loop Closing... done
Reseting Database... done
0
New map created with 99 points for 0 Feature Type 
Wrong initialization, reseting...
System Reseting
Reseting Local Mapper... done
Reseting Loop Closing... done
Reseting Database... done
0
New map created with 139 points for 0 Feature Type 
Tracking Initlized in 0.80s
The initlized frame ID: 9
The lost frame ID: 496
The lost frame ID: 497
The lost frame ID: 498
The lost frame ID: 499
The lost frame ID: 500
The lost frame ID: 501
The lost frame ID: 712
The lost frame ID: 713
The lost frame ID: 714
The lost frame ID: 715
The lost frame ID: 716
The lost frame ID: 717
The lost frame ID: 718
The lost frame ID: 719
The lost frame ID: 720

Saving camera trajectory to TrajectoryBeforeReset_oxf_orb_r13_seg04_pid2422314_1757363667240.txt ...

trajectory saved!
[Tracking] wrote pre-reset trajectory to TrajectoryBeforeReset_oxf_orb_r13_seg04_pid2422314_1757363667240.txt
[Tracking] LOST for 10 consecutive frames -> reset
System Reseting
Reseting Local Mapper... done
Reseting Loop Closing... done
Reseting Database... done
0
New map created with 86 points for 0 Feature Type 
Wrong initialization, reseting...
System Reseting
Reseting Local Mapper... done
Reseting Loop Closing... done
Reseting Database... done
0
New map created with 108 points for 0 Feature Type 
Tracking Initlized in 1.21s
The initlized frame ID: 13
The lost frame ID: 171
The lost frame ID: 172
The lost frame ID: 173
The lost frame ID: 174
The lost frame ID: 175
The lost frame ID: 176
The lost frame ID: 177
The lost frame ID: 178
The lost frame ID: 179

Saving camera trajectory to TrajectoryBeforeReset_oxf_orb_r13_seg05_pid2422314_1757363677673.txt ...

trajectory saved!
[Tracking] wrote pre-reset trajectory to TrajectoryBeforeReset_oxf_orb_r13_seg05_pid2422314_1757363677673.txt
[Tracking] LOST for 10 consecutive frames -> reset
System Reseting
Reseting Local Mapper... done
Reseting Loop Closing... done
Reseting Database... done
0
New map created with 116 points for 0 Feature Type 
Tracking Initlized in 0.48s
The initlized frame ID: 5
The lost frame ID: 595
The lost frame ID: 596
The lost frame ID: 597
The lost frame ID: 598
The lost frame ID: 599
The lost frame ID: 600
The lost frame ID: 601
The lost frame ID: 602
The lost frame ID: 603

Saving camera trajectory to TrajectoryBeforeReset_oxf_orb_r13_seg06_pid2422314_1757363714916.txt ...

trajectory saved!
[Tracking] wrote pre-reset trajectory to TrajectoryBeforeReset_oxf_orb_r13_seg06_pid2422314_1757363714916.txt
[Tracking] LOST for 10 consecutive frames -> reset
System Reseting
Reseting Local Mapper... done
Reseting Loop Closing... done
Reseting Database... done
0
New map created with 115 points for 0 Feature Type 
Tracking Initlized in 0.74s
The initlized frame ID: 9
Track lost soon after initialisation, reseting...
System Reseting
Reseting Local Mapper... done
Reseting Loop Closing... done
Reseting Database... done
0
New map created with 98 points for 0 Feature Type 
Wrong initialization, reseting...
System Reseting
Reseting Local Mapper... done
Reseting Loop Closing... done
Reseting Database... done
0
New map created with 129 points for 0 Feature Type 
Tracking Initlized in 0.12s
The initlized frame ID: 1
The lost frame ID: 1388
The lost frame ID: 1389
The lost frame ID: 1390
The lost frame ID: 1391
The lost frame ID: 1392
The lost frame ID: 1393
The lost frame ID: 1394
The lost frame ID: 1395
The lost frame ID: 1396

Saving camera trajectory to TrajectoryBeforeReset_oxf_orb_r13_seg07_pid2422314_1757363792550.txt ...

trajectory saved!
[Tracking] wrote pre-reset trajectory to TrajectoryBeforeReset_oxf_orb_r13_seg07_pid2422314_1757363792550.txt
[Tracking] LOST for 10 consecutive frames -> reset
System Reseting
Reseting Local Mapper... done
Reseting Loop Closing... done
Reseting Database... done
0
New map created with 158 points for 0 Feature Type 
Tracking Initlized in 0.17s
The initlized frame ID: 2
The lost frame ID: 2244
The lost frame ID: 2245
The lost frame ID: 2246
The lost frame ID: 2247
The lost frame ID: 2248
The lost frame ID: 2249
The lost frame ID: 2250
The lost frame ID: 2251
The lost frame ID: 2252

Saving camera trajectory to TrajectoryBeforeReset_oxf_orb_r13_seg08_pid2422314_1757363916249.txt ...

trajectory saved!
[Tracking] wrote pre-reset trajectory to TrajectoryBeforeReset_oxf_orb_r13_seg08_pid2422314_1757363916249.txt
[Tracking] LOST for 10 consecutive frames -> reset
System Reseting
Reseting Local Mapper... done
Reseting Loop Closing... done
Reseting Database... done
0
New map created with 80 points for 0 Feature Type 
Wrong initialization, reseting...
System Reseting
Reseting Local Mapper... done
Reseting Loop Closing... done
Reseting Database... done
0
New map created with 118 points for 0 Feature Type 
Tracking Initlized in 0.11s
The initlized frame ID: 1
Track lost soon after initialisation, reseting...
System Reseting
Reseting Local Mapper... done
Reseting Loop Closing... done
Reseting Database... done
0
New map created with 113 points for 0 Feature Type 
Tracking Initlized in 0.10s
The initlized frame ID: 1
The lost frame ID: 134
The lost frame ID: 135
The lost frame ID: 136
The lost frame ID: 137
The lost frame ID: 138
The lost frame ID: 139
The lost frame ID: 140
The lost frame ID: 141
The lost frame ID: 142

Saving camera trajectory to TrajectoryBeforeReset_oxf_orb_r13_seg09_pid2422314_1757363927414.txt ...

trajectory saved!
[Tracking] wrote pre-reset trajectory to TrajectoryBeforeReset_oxf_orb_r13_seg09_pid2422314_1757363927414.txt
[Tracking] LOST for 10 consecutive frames -> reset
System Reseting
Reseting Local Mapper... done
Reseting Loop Closing... done
Reseting Database... done
0
New map created with 102 points for 0 Feature Type 
Tracking Initlized in 0.11s
The initlized frame ID: 1
Track lost soon after initialisation, reseting...
System Reseting
Reseting Local Mapper... done
Reseting Loop Closing... done
Reseting Database... done
0
New map created with 110 points for 0 Feature Type 
Tracking Initlized in 0.50s
The initlized frame ID: 5
System::StopViewer()
System::StopViewer() done

Saving correlation status...

Correlation status saved!

System Shutdown
-------

median tracking time: 0.0328154
mean tracking time: 0.0348991

Saving camera trajectory to result13.txt ...

trajectory saved!
All done

========== Performance Summary (ms) ==========
name                                mean      median        rmse         min         max       count
Lost Count                         1.000       1.000       0.000       1.000       1.000           9
Tracking                           4.916       4.140       6.623       0.886     445.622        6905
Total Init                     11520.498   11520.498       0.000   11520.498   11520.498           2
Correlation                        0.000       0.000       0.001       0.000       0.021        6804
Reset Count                        1.000       1.000       0.000       1.000       1.000          24
Pipeline                          34.462      32.806      10.507       8.200     477.828        7513
ORB Extract                       25.548      24.332       6.447       6.354      60.353        7513
[WARN] Per-Channel Summary not found in run 13 (exit 0)
[RUN 14/20] 2025-09-08 21:38:55
Registering ORBextractor...
Registering AKAZEextractor...
Registering BRISKextractor...
Registering SIFTextractor...
Registering KAZEextractor...
Registering SuperPointExtractor...

ORB-SLAM2 Copyright (C) 2014-2016 Raul Mur-Artal, University of Zaragoza.
This program comes with ABSOLUTELY NO WARRANTY;
This is free software, and you are welcome to redistribute it
under certain conditions. See LICENSE.txt.

Input sensor was set to: Monocular

Loading Vocabulary : /home/howard/Refactored_ORB_SLAM2/Install/var/lib/orbslam2/voc/orb_mur.fbow
This could take a while...
Loading ORB Vocabulary in FBoW.
ORB Vocabulary loaded in 0.012288s


Camera Parameters: 
- fx: 983.044
- fy: 983.044
- cx: 643.647
- cy: 493.379
- k1: 0
- k2: 0
- p1: 0
- p2: 0
- fps: 16
- color order: RGB (ignored if grayscale)

[Feature 0] ORB Extractor Parameters: 
 ( TH_LOW: 50, TH_HIGH: 100 )
- Number of Features: 2000
- Scale Levels: 8
- Scale Factor: 1.2
- Initial Fast Threshold: 20
- Minimum Fast Threshold: 7

-------
Start processing sequence ...
Images in the sequence: 7513

0
New map created with 86 points for 0 Feature Type 
Wrong initialization, reseting...
System Reseting
Reseting Local Mapper... done
Reseting Loop Closing... done
Reseting Database... done
0
New map created with 114 points for 0 Feature Type 
Tracking Initlized in 4.13s
The initlized frame ID: 47
The lost frame ID: 686
The lost frame ID: 687
The lost frame ID: 688
The lost frame ID: 689
The lost frame ID: 690
The lost frame ID: 691
The lost frame ID: 692
The lost frame ID: 693
The lost frame ID: 694

Saving camera trajectory to TrajectoryBeforeReset_oxf_orb_r14_seg01_pid2466014_1757363979437.txt ...

trajectory saved!
[Tracking] wrote pre-reset trajectory to TrajectoryBeforeReset_oxf_orb_r14_seg01_pid2466014_1757363979437.txt
[Tracking] LOST for 10 consecutive frames -> reset
System Reseting
Reseting Local Mapper... done
Reseting Loop Closing... done
Reseting Database... done
0
New map created with 113 points for 0 Feature Type 
Tracking Initlized in 0.19s
The initlized frame ID: 2
The lost frame ID: 631
The lost frame ID: 632
The lost frame ID: 633
The lost frame ID: 634
The lost frame ID: 635
The lost frame ID: 636
The lost frame ID: 637
The lost frame ID: 638
The lost frame ID: 639

Saving camera trajectory to TrajectoryBeforeReset_oxf_orb_r14_seg02_pid2466014_1757364013554.txt ...

trajectory saved!
[Tracking] wrote pre-reset trajectory to TrajectoryBeforeReset_oxf_orb_r14_seg02_pid2466014_1757364013554.txt
[Tracking] LOST for 10 consecutive frames -> reset
System Reseting
Reseting Local Mapper... done
Reseting Loop Closing... done
Reseting Database... done
0
New map created with 84 points for 0 Feature Type 
Wrong initialization, reseting...
System Reseting
Reseting Local Mapper... done
Reseting Loop Closing... done
Reseting Database... done
0
New map created with 117 points for 0 Feature Type 
Tracking Initlized in 0.45s
The initlized frame ID: 4
The lost frame ID: 233
The lost frame ID: 234
The lost frame ID: 235
The lost frame ID: 236
The lost frame ID: 237
The lost frame ID: 238
The lost frame ID: 239
The lost frame ID: 240
The lost frame ID: 241

Saving camera trajectory to TrajectoryBeforeReset_oxf_orb_r14_seg03_pid2466014_1757364029646.txt ...

trajectory saved!
[Tracking] wrote pre-reset trajectory to TrajectoryBeforeReset_oxf_orb_r14_seg03_pid2466014_1757364029646.txt
[Tracking] LOST for 10 consecutive frames -> reset
System Reseting
Reseting Local Mapper... done
Reseting Loop Closing... done
Reseting Database... done
0
New map created with 104 points for 0 Feature Type 
Tracking Initlized in 5.63s
The initlized frame ID: 68
The lost frame ID: 793
The lost frame ID: 794
The lost frame ID: 795
The lost frame ID: 796
The lost frame ID: 797
The lost frame ID: 798
The lost frame ID: 799
The lost frame ID: 800
The lost frame ID: 801

Saving camera trajectory to TrajectoryBeforeReset_oxf_orb_r14_seg04_pid2466014_1757364073814.txt ...

trajectory saved!
[Tracking] wrote pre-reset trajectory to TrajectoryBeforeReset_oxf_orb_r14_seg04_pid2466014_1757364073814.txt
[Tracking] LOST for 10 consecutive frames -> reset
System Reseting
Reseting Local Mapper... done
Reseting Loop Closing... done
Reseting Database... done
0
New map created with 111 points for 0 Feature Type 
Tracking Initlized in 0.76s
The initlized frame ID: 9
Track lost soon after initialisation, reseting...
System Reseting
Reseting Local Mapper... done
Reseting Loop Closing... done
Reseting Database... done
0
New map created with 103 points for 0 Feature Type 
Tracking Initlized in 2.63s
The initlized frame ID: 31
The lost frame ID: 196
The lost frame ID: 197
The lost frame ID: 198
The lost frame ID: 199
The lost frame ID: 200
The lost frame ID: 201
The lost frame ID: 202
The lost frame ID: 203
The lost frame ID: 204

Saving camera trajectory to TrajectoryBeforeReset_oxf_orb_r14_seg05_pid2466014_1757364086940.txt ...

trajectory saved!
[Tracking] wrote pre-reset trajectory to TrajectoryBeforeReset_oxf_orb_r14_seg05_pid2466014_1757364086940.txt
[Tracking] LOST for 10 consecutive frames -> reset
System Reseting
Reseting Local Mapper... done
Reseting Loop Closing... done
Reseting Database... done
0
New map created with 110 points for 0 Feature Type 
Tracking Initlized in 0.36s
The initlized frame ID: 4
The lost frame ID: 179
The lost frame ID: 180
The lost frame ID: 181
The lost frame ID: 182
The lost frame ID: 183
The lost frame ID: 184
The lost frame ID: 185
The lost frame ID: 186
The lost frame ID: 187

Saving camera trajectory to TrajectoryBeforeReset_oxf_orb_r14_seg06_pid2466014_1757364097462.txt ...

trajectory saved!
[Tracking] wrote pre-reset trajectory to TrajectoryBeforeReset_oxf_orb_r14_seg06_pid2466014_1757364097462.txt
[Tracking] LOST for 10 consecutive frames -> reset
System Reseting
Reseting Local Mapper... done
Reseting Loop Closing... done
Reseting Database... done
0
New map created with 109 points for 0 Feature Type 
Tracking Initlized in 0.47s
The initlized frame ID: 5
Track lost soon after initialisation, reseting...
System Reseting
Reseting Local Mapper... done
Reseting Loop Closing... done
Reseting Database... done
0
New map created with 111 points for 0 Feature Type 
Tracking Initlized in 1.32s
The initlized frame ID: 14
The lost frame ID: 515
The lost frame ID: 516
The lost frame ID: 517
The lost frame ID: 518
The lost frame ID: 519
The lost frame ID: 520
The lost frame ID: 521
The lost frame ID: 522
The lost frame ID: 523

Saving camera trajectory to TrajectoryBeforeReset_oxf_orb_r14_seg07_pid2466014_1757364130853.txt ...

trajectory saved!
[Tracking] wrote pre-reset trajectory to TrajectoryBeforeReset_oxf_orb_r14_seg07_pid2466014_1757364130853.txt
[Tracking] LOST for 10 consecutive frames -> reset
System Reseting
Reseting Local Mapper... done
Reseting Loop Closing... done
Reseting Database... done
0
New map created with 114 points for 0 Feature Type 
Tracking Initlized in 6.11s
The initlized frame ID: 72
Track lost soon after initialisation, reseting...
System Reseting
Reseting Local Mapper... done
Reseting Loop Closing... done
Reseting Database... done
0
New map created with 99 points for 0 Feature Type 
Wrong initialization, reseting...
System Reseting
Reseting Local Mapper... done
Reseting Loop Closing... done
Reseting Database... done
0
New map created with 125 points for 0 Feature Type 
Tracking Initlized in 0.11s
The initlized frame ID: 1
The lost frame ID: 1388
The lost frame ID: 1389
The lost frame ID: 1390
The lost frame ID: 1391
The lost frame ID: 1392
The lost frame ID: 1393
The lost frame ID: 1394
The lost frame ID: 1395
The lost frame ID: 1396

Saving camera trajectory to TrajectoryBeforeReset_oxf_orb_r14_seg08_pid2466014_1757364211514.txt ...

trajectory saved!
[Tracking] wrote pre-reset trajectory to TrajectoryBeforeReset_oxf_orb_r14_seg08_pid2466014_1757364211514.txt
[Tracking] LOST for 10 consecutive frames -> reset
System Reseting
Reseting Local Mapper... done
Reseting Loop Closing... done
Reseting Database... done
0
New map created with 159 points for 0 Feature Type 
Tracking Initlized in 0.22s
The initlized frame ID: 2
The lost frame ID: 2244
The lost frame ID: 2245
The lost frame ID: 2246
The lost frame ID: 2247
The lost frame ID: 2248
The lost frame ID: 2249
The lost frame ID: 2250
The lost frame ID: 2251
The lost frame ID: 2252

Saving camera trajectory to TrajectoryBeforeReset_oxf_orb_r14_seg09_pid2466014_1757364332941.txt ...

trajectory saved!
[Tracking] wrote pre-reset trajectory to TrajectoryBeforeReset_oxf_orb_r14_seg09_pid2466014_1757364332941.txt
[Tracking] LOST for 10 consecutive frames -> reset
System Reseting
Reseting Local Mapper... done
Reseting Loop Closing... done
Reseting Database... done
0
New map created with 110 points for 0 Feature Type 
Tracking Initlized in 1.04s
The initlized frame ID: 14
Track lost soon after initialisation, reseting...
System Reseting
Reseting Local Mapper... done
Reseting Loop Closing... done
Reseting Database... done
0
New map created with 78 points for 0 Feature Type 
Wrong initialization, reseting...
System Reseting
Reseting Local Mapper... done
Reseting Loop Closing... done
Reseting Database... done
0
New map created with 118 points for 0 Feature Type 
Tracking Initlized in 0.10s
The initlized frame ID: 1
Track lost soon after initialisation, reseting...
System Reseting
Reseting Local Mapper... done
Reseting Loop Closing... done
Reseting Database... done
0
New map created with 112 points for 0 Feature Type 
Tracking Initlized in 0.10s
The initlized frame ID: 1
The lost frame ID: 134
The lost frame ID: 135
The lost frame ID: 136
The lost frame ID: 137
The lost frame ID: 138
The lost frame ID: 139
The lost frame ID: 140
The lost frame ID: 141
The lost frame ID: 142

Saving camera trajectory to TrajectoryBeforeReset_oxf_orb_r14_seg10_pid2466014_1757364344028.txt ...

trajectory saved!
[Tracking] wrote pre-reset trajectory to TrajectoryBeforeReset_oxf_orb_r14_seg10_pid2466014_1757364344028.txt
[Tracking] LOST for 10 consecutive frames -> reset
System Reseting
Reseting Local Mapper... done
Reseting Loop Closing... done
Reseting Database... done
0
New map created with 102 points for 0 Feature Type 
Tracking Initlized in 0.11s
The initlized frame ID: 1
Track lost soon after initialisation, reseting...
System Reseting
Reseting Local Mapper... done
Reseting Loop Closing... done
Reseting Database... done
0
New map created with 117 points for 0 Feature Type 
Tracking Initlized in 0.54s
The initlized frame ID: 5
System::StopViewer()
System::StopViewer() done

Saving correlation status...

Correlation status saved!

System Shutdown
-------

median tracking time: 0.0324964
mean tracking time: 0.0345913

Saving camera trajectory to result14.txt ...

trajectory saved!
All done

========== Performance Summary (ms) ==========
name                                mean      median        rmse         min         max       count
Lost Count                         1.000       1.000       0.000       1.000       1.000          10
Tracking                           4.807       4.200       5.894       0.690     455.711        7022
Total Init                     11575.642   11575.642       0.000   11575.642   11575.642           2
Correlation                        0.000       0.000       0.000       0.000       0.008        6916
Reset Count                        1.000       1.000       0.000       1.000       1.000          20
Pipeline                          34.044      32.484       9.917       8.941     498.879        7513
ORB Extract                       25.384      24.078       6.441       6.554      64.234        7513
[WARN] Per-Channel Summary not found in run 14 (exit 0)
[RUN 15/20] 2025-09-08 21:45:53
Registering ORBextractor...
Registering AKAZEextractor...
Registering BRISKextractor...
Registering SIFTextractor...
Registering KAZEextractor...
Registering SuperPointExtractor...

ORB-SLAM2 Copyright (C) 2014-2016 Raul Mur-Artal, University of Zaragoza.
This program comes with ABSOLUTELY NO WARRANTY;
This is free software, and you are welcome to redistribute it
under certain conditions. See LICENSE.txt.

Input sensor was set to: Monocular

Loading Vocabulary : /home/howard/Refactored_ORB_SLAM2/Install/var/lib/orbslam2/voc/orb_mur.fbow
This could take a while...
Loading ORB Vocabulary in FBoW.
ORB Vocabulary loaded in 0.018016s


Camera Parameters: 
- fx: 983.044
- fy: 983.044
- cx: 643.647
- cy: 493.379
- k1: 0
- k2: 0
- p1: 0
- p2: 0
- fps: 16
- color order: RGB (ignored if grayscale)

[Feature 0] ORB Extractor Parameters: 
 ( TH_LOW: 50, TH_HIGH: 100 )
- Number of Features: 2000
- Scale Levels: 8
- Scale Factor: 1.2
- Initial Fast Threshold: 20
- Minimum Fast Threshold: 7

-------
Start processing sequence ...
Images in the sequence: 7513

0
New map created with 133 points for 0 Feature Type 
Tracking Initlized in 12.08s
The initlized frame ID: 141
The lost frame ID: 831
The lost frame ID: 832
The lost frame ID: 833
The lost frame ID: 834
The lost frame ID: 835
The lost frame ID: 836
The lost frame ID: 837
The lost frame ID: 838
The lost frame ID: 839

Saving camera trajectory to TrajectoryBeforeReset_oxf_orb_r15_seg01_pid2509640_1757364395283.txt ...

trajectory saved!
[Tracking] wrote pre-reset trajectory to TrajectoryBeforeReset_oxf_orb_r15_seg01_pid2509640_1757364395283.txt
[Tracking] LOST for 10 consecutive frames -> reset
System Reseting
Reseting Local Mapper... done
Reseting Loop Closing... done
Reseting Database... done
0
New map created with 113 points for 0 Feature Type 
Tracking Initlized in 0.16s
The initlized frame ID: 2
The lost frame ID: 639
The lost frame ID: 640
The lost frame ID: 641
The lost frame ID: 642
The lost frame ID: 643
The lost frame ID: 644
The lost frame ID: 645
The lost frame ID: 646
The lost frame ID: 647

Saving camera trajectory to TrajectoryBeforeReset_oxf_orb_r15_seg02_pid2509640_1757364429363.txt ...

trajectory saved!
[Tracking] wrote pre-reset trajectory to TrajectoryBeforeReset_oxf_orb_r15_seg02_pid2509640_1757364429363.txt
[Tracking] LOST for 10 consecutive frames -> reset
System Reseting
Reseting Local Mapper... done
Reseting Loop Closing... done
Reseting Database... done
0
New map created with 124 points for 0 Feature Type 
Tracking Initlized in 1.93s
The initlized frame ID: 22
The lost frame ID: 252
The lost frame ID: 253
The lost frame ID: 254
The lost frame ID: 255
The lost frame ID: 256
The lost frame ID: 257
The lost frame ID: 258
The lost frame ID: 259
The lost frame ID: 260

Saving camera trajectory to TrajectoryBeforeReset_oxf_orb_r15_seg03_pid2509640_1757364444143.txt ...

trajectory saved!
[Tracking] wrote pre-reset trajectory to TrajectoryBeforeReset_oxf_orb_r15_seg03_pid2509640_1757364444143.txt
[Tracking] LOST for 10 consecutive frames -> reset
System Reseting
Reseting Local Mapper... done
Reseting Loop Closing... done
Reseting Database... done
0
New map created with 94 points for 0 Feature Type 
Wrong initialization, reseting...
System Reseting
Reseting Local Mapper... done
Reseting Loop Closing... done
Reseting Database... done
0
New map created with 124 points for 0 Feature Type 
Tracking Initlized in 3.95s
The initlized frame ID: 45
The lost frame ID: 727
The lost frame ID: 728
The lost frame ID: 729
The lost frame ID: 730
The lost frame ID: 731
The lost frame ID: 942
The lost frame ID: 943
The lost frame ID: 944
The lost frame ID: 945
The lost frame ID: 946
The lost frame ID: 947
The lost frame ID: 948
The lost frame ID: 949
The lost frame ID: 950

Saving camera trajectory to TrajectoryBeforeReset_oxf_orb_r15_seg04_pid2509640_1757364500996.txt ...

trajectory saved!
[Tracking] wrote pre-reset trajectory to TrajectoryBeforeReset_oxf_orb_r15_seg04_pid2509640_1757364500996.txt
[Tracking] LOST for 10 consecutive frames -> reset
System Reseting
Reseting Local Mapper... done
Reseting Loop Closing... done
Reseting Database... done
0
New map created with 111 points for 0 Feature Type 
Tracking Initlized in 0.39s
The initlized frame ID: 4
The lost frame ID: 180
The lost frame ID: 181
The lost frame ID: 182
The lost frame ID: 183
The lost frame ID: 184
The lost frame ID: 185
The lost frame ID: 186
The lost frame ID: 187
The lost frame ID: 188

Saving camera trajectory to TrajectoryBeforeReset_oxf_orb_r15_seg05_pid2509640_1757364511891.txt ...

trajectory saved!
[Tracking] wrote pre-reset trajectory to TrajectoryBeforeReset_oxf_orb_r15_seg05_pid2509640_1757364511891.txt
[Tracking] LOST for 10 consecutive frames -> reset
System Reseting
Reseting Local Mapper... done
Reseting Loop Closing... done
Reseting Database... done
0
New map created with 108 points for 0 Feature Type 
Tracking Initlized in 0.87s
The initlized frame ID: 9
The lost frame ID: 594
The lost frame ID: 595
The lost frame ID: 596
The lost frame ID: 597
The lost frame ID: 598
The lost frame ID: 599
The lost frame ID: 600
The lost frame ID: 601
The lost frame ID: 602

Saving camera trajectory to TrajectoryBeforeReset_oxf_orb_r15_seg06_pid2509640_1757364549821.txt ...

trajectory saved!
[Tracking] wrote pre-reset trajectory to TrajectoryBeforeReset_oxf_orb_r15_seg06_pid2509640_1757364549821.txt
[Tracking] LOST for 10 consecutive frames -> reset
System Reseting
Reseting Local Mapper... done
Reseting Loop Closing... done
Reseting Database... done
0
New map created with 127 points for 0 Feature Type 
Tracking Initlized in 1.88s
The initlized frame ID: 21
Track lost soon after initialisation, reseting...
System Reseting
Reseting Local Mapper... done
Reseting Loop Closing... done
Reseting Database... done
0
New map created with 120 points for 0 Feature Type 
Tracking Initlized in 0.09s
The initlized frame ID: 1
The lost frame ID: 1384
The lost frame ID: 1385
The lost frame ID: 1386
The lost frame ID: 1387
The lost frame ID: 1388
The lost frame ID: 1389
The lost frame ID: 1390
The lost frame ID: 1391
The lost frame ID: 1392

Saving camera trajectory to TrajectoryBeforeReset_oxf_orb_r15_seg07_pid2509640_1757364631293.txt ...

trajectory saved!
[Tracking] wrote pre-reset trajectory to TrajectoryBeforeReset_oxf_orb_r15_seg07_pid2509640_1757364631293.txt
[Tracking] LOST for 10 consecutive frames -> reset
System Reseting
Reseting Local Mapper... done
Reseting Loop Closing... done
Reseting Database... done
0
New map created with 160 points for 0 Feature Type 
Tracking Initlized in 0.19s
The initlized frame ID: 2
The lost frame ID: 2244
The lost frame ID: 2245
The lost frame ID: 2246
The lost frame ID: 2247
The lost frame ID: 2248
The lost frame ID: 2249
The lost frame ID: 2250
The lost frame ID: 2251
The lost frame ID: 2252

Saving camera trajectory to TrajectoryBeforeReset_oxf_orb_r15_seg08_pid2509640_1757364764008.txt ...

trajectory saved!
[Tracking] wrote pre-reset trajectory to TrajectoryBeforeReset_oxf_orb_r15_seg08_pid2509640_1757364764008.txt
[Tracking] LOST for 10 consecutive frames -> reset
System Reseting
Reseting Local Mapper... done
Reseting Loop Closing... done
Reseting Database... done
0
New map created with 107 points for 0 Feature Type 
Tracking Initlized in 1.09s
The initlized frame ID: 14
Track lost soon after initialisation, reseting...
System Reseting
Reseting Local Mapper... done
Reseting Loop Closing... done
Reseting Database... done
0
New map created with 80 points for 0 Feature Type 
Wrong initialization, reseting...
System Reseting
Reseting Local Mapper... done
Reseting Loop Closing... done
Reseting Database... done
0
New map created with 117 points for 0 Feature Type 
Tracking Initlized in 0.12s
The initlized frame ID: 1
The lost frame ID: 137
The lost frame ID: 138
The lost frame ID: 139
The lost frame ID: 140
The lost frame ID: 141
The lost frame ID: 142
The lost frame ID: 143
The lost frame ID: 144
The lost frame ID: 145

Saving camera trajectory to TrajectoryBeforeReset_oxf_orb_r15_seg09_pid2509640_1757364776882.txt ...

trajectory saved!
[Tracking] wrote pre-reset trajectory to TrajectoryBeforeReset_oxf_orb_r15_seg09_pid2509640_1757364776882.txt
[Tracking] LOST for 10 consecutive frames -> reset
System Reseting
Reseting Local Mapper... done
Reseting Loop Closing... done
Reseting Database... done
0
New map created with 102 points for 0 Feature Type 
Tracking Initlized in 0.11s
The initlized frame ID: 1
Track lost soon after initialisation, reseting...
System Reseting
Reseting Local Mapper... done
Reseting Loop Closing... done
Reseting Database... done
0
New map created with 109 points for 0 Feature Type 
Tracking Initlized in 0.50s
The initlized frame ID: 5
System::StopViewer()
System::StopViewer() done

Saving correlation status...

Correlation status saved!

System Shutdown
-------

median tracking time: 0.0341076
mean tracking time: 0.036161

Saving camera trajectory to result15.txt ...

trajectory saved!
All done

========== Performance Summary (ms) ==========
name                                mean      median        rmse         min         max       count
Lost Count                         1.000       1.000       0.000       1.000       1.000           9
Tracking                           5.167       4.343       7.638       0.824     493.412        7160
Reset Count                        1.000       1.000       0.000       1.000       1.000          14
Correlation                        0.000       0.000       0.001       0.000       0.034        7062
Total Init                      8503.528    8503.528       0.000    8503.528    8503.528           1
Pipeline                          35.680      34.089      11.137       9.432     530.546        7513
ORB Extract                       26.310      25.068       6.722       7.065      72.283        7513
[WARN] Per-Channel Summary not found in run 15 (exit 0)
[RUN 16/20] 2025-09-08 21:53:05
Registering ORBextractor...
Registering AKAZEextractor...
Registering BRISKextractor...
Registering SIFTextractor...
Registering KAZEextractor...
Registering SuperPointExtractor...

ORB-SLAM2 Copyright (C) 2014-2016 Raul Mur-Artal, University of Zaragoza.
This program comes with ABSOLUTELY NO WARRANTY;
This is free software, and you are welcome to redistribute it
under certain conditions. See LICENSE.txt.

Input sensor was set to: Monocular

Loading Vocabulary : /home/howard/Refactored_ORB_SLAM2/Install/var/lib/orbslam2/voc/orb_mur.fbow
This could take a while...
Loading ORB Vocabulary in FBoW.
ORB Vocabulary loaded in 0.022322s


Camera Parameters: 
- fx: 983.044
- fy: 983.044
- cx: 643.647
- cy: 493.379
- k1: 0
- k2: 0
- p1: 0
- p2: 0
- fps: 16
- color order: RGB (ignored if grayscale)

[Feature 0] ORB Extractor Parameters: 
 ( TH_LOW: 50, TH_HIGH: 100 )
- Number of Features: 2000
- Scale Levels: 8
- Scale Factor: 1.2
- Initial Fast Threshold: 20
- Minimum Fast Threshold: 7

-------
Start processing sequence ...
Images in the sequence: 7513

0
New map created with 95 points for 0 Feature Type 
Wrong initialization, reseting...
System Reseting
Reseting Local Mapper... done
Reseting Loop Closing... done
Reseting Database... done
0
New map created with 114 points for 0 Feature Type 
Tracking Initlized in 4.22s
The initlized frame ID: 48
The lost frame ID: 686
The lost frame ID: 687
The lost frame ID: 688
The lost frame ID: 689
The lost frame ID: 690
The lost frame ID: 691
The lost frame ID: 692
The lost frame ID: 693
The lost frame ID: 694

Saving camera trajectory to TrajectoryBeforeReset_oxf_orb_r16_seg01_pid2555316_1757364830893.txt ...

trajectory saved!
[Tracking] wrote pre-reset trajectory to TrajectoryBeforeReset_oxf_orb_r16_seg01_pid2555316_1757364830893.txt
[Tracking] LOST for 10 consecutive frames -> reset
System Reseting
Reseting Local Mapper... done
Reseting Loop Closing... done
Reseting Database... done
0
New map created with 115 points for 0 Feature Type 
Tracking Initlized in 1.02s
The initlized frame ID: 12
The lost frame ID: 624
The lost frame ID: 625
The lost frame ID: 626
The lost frame ID: 627
The lost frame ID: 628
The lost frame ID: 629
The lost frame ID: 630
The lost frame ID: 631
The lost frame ID: 632

Saving camera trajectory to TrajectoryBeforeReset_oxf_orb_r16_seg02_pid2555316_1757364866755.txt ...

trajectory saved!
[Tracking] wrote pre-reset trajectory to TrajectoryBeforeReset_oxf_orb_r16_seg02_pid2555316_1757364866755.txt
[Tracking] LOST for 10 consecutive frames -> reset
System Reseting
Reseting Local Mapper... done
Reseting Loop Closing... done
Reseting Database... done
0
New map created with 124 points for 0 Feature Type 
Tracking Initlized in 3.39s
The initlized frame ID: 38
Track lost soon after initialisation, reseting...
System Reseting
Reseting Local Mapper... done
Reseting Loop Closing... done
Reseting Database... done
0
New map created with 135 points for 0 Feature Type 
Tracking Initlized in 0.38s
The initlized frame ID: 3
The lost frame ID: 230
The lost frame ID: 231
The lost frame ID: 232
The lost frame ID: 233
The lost frame ID: 234
The lost frame ID: 235
The lost frame ID: 236
The lost frame ID: 237
The lost frame ID: 238

Saving camera trajectory to TrajectoryBeforeReset_oxf_orb_r16_seg03_pid2555316_1757364884405.txt ...

trajectory saved!
[Tracking] wrote pre-reset trajectory to TrajectoryBeforeReset_oxf_orb_r16_seg03_pid2555316_1757364884405.txt
[Tracking] LOST for 10 consecutive frames -> reset
System Reseting
Reseting Local Mapper... done
Reseting Loop Closing... done
Reseting Database... done
0
New map created with 105 points for 0 Feature Type 
Tracking Initlized in 5.97s
The initlized frame ID: 66
The lost frame ID: 791
The lost frame ID: 792
The lost frame ID: 793
The lost frame ID: 794
The lost frame ID: 795
The lost frame ID: 796
The lost frame ID: 797
The lost frame ID: 798
The lost frame ID: 799

Saving camera trajectory to TrajectoryBeforeReset_oxf_orb_r16_seg04_pid2555316_1757364931489.txt ...

trajectory saved!
[Tracking] wrote pre-reset trajectory to TrajectoryBeforeReset_oxf_orb_r16_seg04_pid2555316_1757364931489.txt
[Tracking] LOST for 10 consecutive frames -> reset
System Reseting
Reseting Local Mapper... done
Reseting Loop Closing... done
Reseting Database... done
0
New map created with 111 points for 0 Feature Type 
Tracking Initlized in 0.81s
The initlized frame ID: 9
The lost frame ID: 209
The lost frame ID: 210
The lost frame ID: 211
The lost frame ID: 212
The lost frame ID: 213
The lost frame ID: 214
The lost frame ID: 215
The lost frame ID: 216
The lost frame ID: 217

Saving camera trajectory to TrajectoryBeforeReset_oxf_orb_r16_seg05_pid2555316_1757364946009.txt ...

trajectory saved!
[Tracking] wrote pre-reset trajectory to TrajectoryBeforeReset_oxf_orb_r16_seg05_pid2555316_1757364946009.txt
[Tracking] LOST for 10 consecutive frames -> reset
System Reseting
Reseting Local Mapper... done
Reseting Loop Closing... done
Reseting Database... done
0
New map created with 108 points for 0 Feature Type 
Tracking Initlized in 0.39s
The initlized frame ID: 4
The lost frame ID: 179
The lost frame ID: 180
The lost frame ID: 181
The lost frame ID: 182
The lost frame ID: 183
The lost frame ID: 184
The lost frame ID: 185
The lost frame ID: 186
The lost frame ID: 187

Saving camera trajectory to TrajectoryBeforeReset_oxf_orb_r16_seg06_pid2555316_1757364956335.txt ...

trajectory saved!
[Tracking] wrote pre-reset trajectory to TrajectoryBeforeReset_oxf_orb_r16_seg06_pid2555316_1757364956335.txt
[Tracking] LOST for 10 consecutive frames -> reset
System Reseting
Reseting Local Mapper... done
Reseting Loop Closing... done
Reseting Database... done
0
New map created with 116 points for 0 Feature Type 
Tracking Initlized in 0.53s
The initlized frame ID: 5
Track lost soon after initialisation, reseting...
System Reseting
Reseting Local Mapper... done
Reseting Loop Closing... done
Reseting Database... done
0
New map created with 99 points for 0 Feature Type 
Wrong initialization, reseting...
System Reseting
Reseting Local Mapper... done
Reseting Loop Closing... done
Reseting Database... done
0
New map created with 92 points for 0 Feature Type 
Wrong initialization, reseting...
System Reseting
Reseting Local Mapper... done
Reseting Loop Closing... done
Reseting Database... done
0
New map created with 96 points for 0 Feature Type 
Wrong initialization, reseting...
System Reseting
Reseting Local Mapper... done
Reseting Loop Closing... done
Reseting Database... done
0
New map created with 87 points for 0 Feature Type 
Wrong initialization, reseting...
System Reseting
Reseting Local Mapper... done
Reseting Loop Closing... done
Reseting Database... done
0
New map created with 102 points for 0 Feature Type 
Tracking Initlized in 2.06s
The initlized frame ID: 21
The lost frame ID: 550
The lost frame ID: 551
The lost frame ID: 552
The lost frame ID: 553
The lost frame ID: 554
The lost frame ID: 555
The lost frame ID: 556
The lost frame ID: 557
The lost frame ID: 558

Saving camera trajectory to TrajectoryBeforeReset_oxf_orb_r16_seg07_pid2555316_1757364996435.txt ...

trajectory saved!
[Tracking] wrote pre-reset trajectory to TrajectoryBeforeReset_oxf_orb_r16_seg07_pid2555316_1757364996435.txt
[Tracking] LOST for 10 consecutive frames -> reset
System Reseting
Reseting Local Mapper... done
Reseting Loop Closing... done
Reseting Database... done
0
New map created with 113 points for 0 Feature Type 
Tracking Initlized in 2.66s
The initlized frame ID: 31
The lost frame ID: 1407
The lost frame ID: 1408
The lost frame ID: 1409
The lost frame ID: 1410
The lost frame ID: 1411
The lost frame ID: 1412
The lost frame ID: 1413
The lost frame ID: 1414
The lost frame ID: 1415

Saving camera trajectory to TrajectoryBeforeReset_oxf_orb_r16_seg08_pid2555316_1757365077475.txt ...

trajectory saved!
[Tracking] wrote pre-reset trajectory to TrajectoryBeforeReset_oxf_orb_r16_seg08_pid2555316_1757365077475.txt
[Tracking] LOST for 10 consecutive frames -> reset
System Reseting
Reseting Local Mapper... done
Reseting Loop Closing... done
Reseting Database... done
0
New map created with 151 points for 0 Feature Type 
Tracking Initlized in 0.19s
The initlized frame ID: 2
The lost frame ID: 2244
The lost frame ID: 2245
The lost frame ID: 2246
The lost frame ID: 2247
The lost frame ID: 2248
The lost frame ID: 2249
The lost frame ID: 2250
The lost frame ID: 2251
The lost frame ID: 2252

Saving camera trajectory to TrajectoryBeforeReset_oxf_orb_r16_seg09_pid2555316_1757365206777.txt ...

trajectory saved!
[Tracking] wrote pre-reset trajectory to TrajectoryBeforeReset_oxf_orb_r16_seg09_pid2555316_1757365206777.txt
[Tracking] LOST for 10 consecutive frames -> reset
System Reseting
Reseting Local Mapper... done
Reseting Loop Closing... done
Reseting Database... done
0
New map created with 109 points for 0 Feature Type 
Tracking Initlized in 1.09s
The initlized frame ID: 14
Track lost soon after initialisation, reseting...
System Reseting
Reseting Local Mapper... done
Reseting Loop Closing... done
Reseting Database... done
0
New map created with 77 points for 0 Feature Type 
Wrong initialization, reseting...
System Reseting
Reseting Local Mapper... done
Reseting Loop Closing... done
Reseting Database... done
0
New map created with 121 points for 0 Feature Type 
Tracking Initlized in 0.10s
The initlized frame ID: 1
Track lost soon after initialisation, reseting...
System Reseting
Reseting Local Mapper... done
Reseting Loop Closing... done
Reseting Database... done
0
New map created with 108 points for 0 Feature Type 
Tracking Initlized in 0.12s
The initlized frame ID: 1
The lost frame ID: 133
The lost frame ID: 134
The lost frame ID: 135
The lost frame ID: 136
The lost frame ID: 137
The lost frame ID: 138
The lost frame ID: 139
The lost frame ID: 140
The lost frame ID: 141

Saving camera trajectory to TrajectoryBeforeReset_oxf_orb_r16_seg10_pid2555316_1757365217862.txt ...

trajectory saved!
[Tracking] wrote pre-reset trajectory to TrajectoryBeforeReset_oxf_orb_r16_seg10_pid2555316_1757365217862.txt
[Tracking] LOST for 10 consecutive frames -> reset
System Reseting
Reseting Local Mapper... done
Reseting Loop Closing... done
Reseting Database... done
0
New map created with 103 points for 0 Feature Type 
Tracking Initlized in 0.11s
The initlized frame ID: 1
Track lost soon after initialisation, reseting...
System Reseting
Reseting Local Mapper... done
Reseting Loop Closing... done
Reseting Database... done
0
New map created with 111 points for 0 Feature Type 
Tracking Initlized in 0.50s
The initlized frame ID: 5
System::StopViewer()
System::StopViewer() done

Saving correlation status...

Correlation status saved!

System Shutdown
-------

median tracking time: 0.0345006
mean tracking time: 0.0367731

Saving camera trajectory to result16.txt ...

trajectory saved!
All done

========== Performance Summary (ms) ==========
name                                mean      median        rmse         min         max       count
Lost Count                         1.000       1.000       0.000       1.000       1.000          10
Tracking                           5.250       4.457       4.300       0.692     202.102        7050
Total Init                     11928.681   11928.681       0.000   11928.681   11928.681           2
Correlation                        0.001       0.000       0.010       0.000       0.833        6945
Reset Count                        1.000       1.000       0.000       1.000       1.000          21
Pipeline                          36.200      34.472       9.411       8.559     230.669        7513
ORB Extract                       26.705      25.385       6.668       6.562      65.856        7513
[WARN] Per-Channel Summary not found in run 16 (exit 0)
[RUN 17/20] 2025-09-08 22:00:26
Registering ORBextractor...
Registering AKAZEextractor...
Registering BRISKextractor...
Registering SIFTextractor...
Registering KAZEextractor...
Registering SuperPointExtractor...

ORB-SLAM2 Copyright (C) 2014-2016 Raul Mur-Artal, University of Zaragoza.
This program comes with ABSOLUTELY NO WARRANTY;
This is free software, and you are welcome to redistribute it
under certain conditions. See LICENSE.txt.

Input sensor was set to: Monocular

Loading Vocabulary : /home/howard/Refactored_ORB_SLAM2/Install/var/lib/orbslam2/voc/orb_mur.fbow
This could take a while...
Loading ORB Vocabulary in FBoW.
ORB Vocabulary loaded in 0.013728s


Camera Parameters: 
- fx: 983.044
- fy: 983.044
- cx: 643.647
- cy: 493.379
- k1: 0
- k2: 0
- p1: 0
- p2: 0
- fps: 16
- color order: RGB (ignored if grayscale)

[Feature 0] ORB Extractor Parameters: 
 ( TH_LOW: 50, TH_HIGH: 100 )
- Number of Features: 2000
- Scale Levels: 8
- Scale Factor: 1.2
- Initial Fast Threshold: 20
- Minimum Fast Threshold: 7

-------
Start processing sequence ...
Images in the sequence: 7513

0
New map created with 93 points for 0 Feature Type 
Wrong initialization, reseting...
System Reseting
Reseting Local Mapper... done
Reseting Loop Closing... done
Reseting Database... done
0
New map created with 131 points for 0 Feature Type 
Tracking Initlized in 4.16s
The initlized frame ID: 47
The lost frame ID: 687
The lost frame ID: 688
The lost frame ID: 689
The lost frame ID: 690
The lost frame ID: 691
The lost frame ID: 692
The lost frame ID: 693
The lost frame ID: 694
The lost frame ID: 695

Saving camera trajectory to TrajectoryBeforeReset_oxf_orb_r17_seg01_pid2600070_1757365272190.txt ...

trajectory saved!
[Tracking] wrote pre-reset trajectory to TrajectoryBeforeReset_oxf_orb_r17_seg01_pid2600070_1757365272190.txt
[Tracking] LOST for 10 consecutive frames -> reset
System Reseting
Reseting Local Mapper... done
Reseting Loop Closing... done
Reseting Database... done
0
New map created with 112 points for 0 Feature Type 
Tracking Initlized in 0.18s
The initlized frame ID: 2
The lost frame ID: 631
The lost frame ID: 632
The lost frame ID: 633
The lost frame ID: 634
The lost frame ID: 635
The lost frame ID: 636
The lost frame ID: 637
The lost frame ID: 638
The lost frame ID: 639

Saving camera trajectory to TrajectoryBeforeReset_oxf_orb_r17_seg02_pid2600070_1757365307622.txt ...

trajectory saved!
[Tracking] wrote pre-reset trajectory to TrajectoryBeforeReset_oxf_orb_r17_seg02_pid2600070_1757365307622.txt
[Tracking] LOST for 10 consecutive frames -> reset
System Reseting
Reseting Local Mapper... done
Reseting Loop Closing... done
Reseting Database... done
0
New map created with 83 points for 0 Feature Type 
Wrong initialization, reseting...
System Reseting
Reseting Local Mapper... done
Reseting Loop Closing... done
Reseting Database... done
0
New map created with 101 points for 0 Feature Type 
Tracking Initlized in 0.49s
The initlized frame ID: 5
Track lost soon after initialisation, reseting...
System Reseting
Reseting Local Mapper... done
Reseting Loop Closing... done
Reseting Database... done
0
New map created with 138 points for 0 Feature Type 
Tracking Initlized in 0.19s
The initlized frame ID: 2
The lost frame ID: 1027
The lost frame ID: 1028
The lost frame ID: 1029
The lost frame ID: 1030
The lost frame ID: 1031
The lost frame ID: 1032
The lost frame ID: 1033
The lost frame ID: 1034
The lost frame ID: 1035

Saving camera trajectory to TrajectoryBeforeReset_oxf_orb_r17_seg03_pid2600070_1757365370549.txt ...

trajectory saved!
[Tracking] wrote pre-reset trajectory to TrajectoryBeforeReset_oxf_orb_r17_seg03_pid2600070_1757365370549.txt
[Tracking] LOST for 10 consecutive frames -> reset
System Reseting
Reseting Local Mapper... done
Reseting Loop Closing... done
Reseting Database... done
0
New map created with 108 points for 0 Feature Type 
Tracking Initlized in 0.61s
The initlized frame ID: 7
The lost frame ID: 210
The lost frame ID: 211
The lost frame ID: 212
The lost frame ID: 213
The lost frame ID: 214
The lost frame ID: 215
The lost frame ID: 216
The lost frame ID: 217
The lost frame ID: 218

Saving camera trajectory to TrajectoryBeforeReset_oxf_orb_r17_seg04_pid2600070_1757365383824.txt ...

trajectory saved!
[Tracking] wrote pre-reset trajectory to TrajectoryBeforeReset_oxf_orb_r17_seg04_pid2600070_1757365383824.txt
[Tracking] LOST for 10 consecutive frames -> reset
System Reseting
Reseting Local Mapper... done
Reseting Loop Closing... done
Reseting Database... done
0
New map created with 108 points for 0 Feature Type 
Tracking Initlized in 0.37s
The initlized frame ID: 4
The lost frame ID: 178
The lost frame ID: 179
The lost frame ID: 180
The lost frame ID: 181
The lost frame ID: 182
The lost frame ID: 183
The lost frame ID: 184
The lost frame ID: 185
The lost frame ID: 186

Saving camera trajectory to TrajectoryBeforeReset_oxf_orb_r17_seg05_pid2600070_1757365394730.txt ...

trajectory saved!
[Tracking] wrote pre-reset trajectory to TrajectoryBeforeReset_oxf_orb_r17_seg05_pid2600070_1757365394730.txt
[Tracking] LOST for 10 consecutive frames -> reset
System Reseting
Reseting Local Mapper... done
Reseting Loop Closing... done
Reseting Database... done
0
New map created with 116 points for 0 Feature Type 
Tracking Initlized in 2.26s
The initlized frame ID: 22
The lost frame ID: 596
The lost frame ID: 597
The lost frame ID: 598
The lost frame ID: 599
The lost frame ID: 600
The lost frame ID: 601
The lost frame ID: 602
The lost frame ID: 603
The lost frame ID: 604

Saving camera trajectory to TrajectoryBeforeReset_oxf_orb_r17_seg06_pid2600070_1757365434361.txt ...

trajectory saved!
[Tracking] wrote pre-reset trajectory to TrajectoryBeforeReset_oxf_orb_r17_seg06_pid2600070_1757365434361.txt
[Tracking] LOST for 10 consecutive frames -> reset
System Reseting
Reseting Local Mapper... done
Reseting Loop Closing... done
Reseting Database... done
0
New map created with 77 points for 0 Feature Type 
Wrong initialization, reseting...
System Reseting
Reseting Local Mapper... done
Reseting Loop Closing... done
Reseting Database... done
0
New map created with 102 points for 0 Feature Type 
Tracking Initlized in 0.19s
The initlized frame ID: 2
Track lost soon after initialisation, reseting...
System Reseting
Reseting Local Mapper... done
Reseting Loop Closing... done
Reseting Database... done
0
New map created with 99 points for 0 Feature Type 
Wrong initialization, reseting...
System Reseting
Reseting Local Mapper... done
Reseting Loop Closing... done
Reseting Database... done
0
New map created with 128 points for 0 Feature Type 
Tracking Initlized in 0.12s
The initlized frame ID: 1
The lost frame ID: 1388
The lost frame ID: 1389
The lost frame ID: 1390
The lost frame ID: 1391
The lost frame ID: 1392
The lost frame ID: 1393
The lost frame ID: 1394
The lost frame ID: 1395
The lost frame ID: 1396

Saving camera trajectory to TrajectoryBeforeReset_oxf_orb_r17_seg07_pid2600070_1757365513704.txt ...

trajectory saved!
[Tracking] wrote pre-reset trajectory to TrajectoryBeforeReset_oxf_orb_r17_seg07_pid2600070_1757365513704.txt
[Tracking] LOST for 10 consecutive frames -> reset
System Reseting
Reseting Local Mapper... done
Reseting Loop Closing... done
Reseting Database... done
0
New map created with 156 points for 0 Feature Type 
Tracking Initlized in 0.20s
The initlized frame ID: 2
The lost frame ID: 2244
The lost frame ID: 2245
The lost frame ID: 2246
The lost frame ID: 2247
The lost frame ID: 2248
The lost frame ID: 2249
The lost frame ID: 2250
The lost frame ID: 2251
The lost frame ID: 2252

Saving camera trajectory to TrajectoryBeforeReset_oxf_orb_r17_seg08_pid2600070_1757365641849.txt ...

trajectory saved!
[Tracking] wrote pre-reset trajectory to TrajectoryBeforeReset_oxf_orb_r17_seg08_pid2600070_1757365641849.txt
[Tracking] LOST for 10 consecutive frames -> reset
System Reseting
Reseting Local Mapper... done
Reseting Loop Closing... done
Reseting Database... done
0
New map created with 79 points for 0 Feature Type 
Wrong initialization, reseting...
System Reseting
Reseting Local Mapper... done
Reseting Loop Closing... done
Reseting Database... done
0
New map created with 108 points for 0 Feature Type 
Tracking Initlized in 0.46s
The initlized frame ID: 5
Track lost soon after initialisation, reseting...
System Reseting
Reseting Local Mapper... done
Reseting Loop Closing... done
Reseting Database... done
0
New map created with 118 points for 0 Feature Type 
Tracking Initlized in 0.12s
The initlized frame ID: 1
The lost frame ID: 130
The lost frame ID: 131
The lost frame ID: 132
The lost frame ID: 133
The lost frame ID: 134
The lost frame ID: 135
The lost frame ID: 136
The lost frame ID: 137
The lost frame ID: 138

Saving camera trajectory to TrajectoryBeforeReset_oxf_orb_r17_seg09_pid2600070_1757365653499.txt ...

trajectory saved!
[Tracking] wrote pre-reset trajectory to TrajectoryBeforeReset_oxf_orb_r17_seg09_pid2600070_1757365653499.txt
[Tracking] LOST for 10 consecutive frames -> reset
System Reseting
Reseting Local Mapper... done
Reseting Loop Closing... done
Reseting Database... done
0
New map created with 103 points for 0 Feature Type 
Tracking Initlized in 0.11s
The initlized frame ID: 1
Track lost soon after initialisation, reseting...
System Reseting
Reseting Local Mapper... done
Reseting Loop Closing... done
Reseting Database... done
0
New map created with 115 points for 0 Feature Type 
Tracking Initlized in 0.50s
The initlized frame ID: 5
System::StopViewer()
System::StopViewer() done

Saving correlation status...

Correlation status saved!

System Shutdown
-------

median tracking time: 0.0349187
mean tracking time: 0.036987

Saving camera trajectory to result17.txt ...

trajectory saved!
All done

========== Performance Summary (ms) ==========
name                                mean      median        rmse         min         max       count
Lost Count                         1.000       1.000       0.000       1.000       1.000           9
Tracking                           5.207       4.521       3.383       0.843     123.300        7187
Total Init                     12103.364   12103.364       0.000   12103.364   12103.364           2
Correlation                        0.000       0.000       0.000       0.000       0.025        7093
Reset Count                        1.000       1.000       0.000       1.000       1.000          18
Pipeline                          36.397      34.892       9.180       9.553     236.904        7513
ORB Extract                       26.975      25.711       6.702       6.931      60.755        7513
[WARN] Per-Channel Summary not found in run 17 (exit 0)
[RUN 18/20] 2025-09-08 22:07:42
Registering ORBextractor...
Registering AKAZEextractor...
Registering BRISKextractor...
Registering SIFTextractor...
Registering KAZEextractor...
Registering SuperPointExtractor...

ORB-SLAM2 Copyright (C) 2014-2016 Raul Mur-Artal, University of Zaragoza.
This program comes with ABSOLUTELY NO WARRANTY;
This is free software, and you are welcome to redistribute it
under certain conditions. See LICENSE.txt.

Input sensor was set to: Monocular

Loading Vocabulary : /home/howard/Refactored_ORB_SLAM2/Install/var/lib/orbslam2/voc/orb_mur.fbow
This could take a while...
Loading ORB Vocabulary in FBoW.
ORB Vocabulary loaded in 0.014965s


Camera Parameters: 
- fx: 983.044
- fy: 983.044
- cx: 643.647
- cy: 493.379
- k1: 0
- k2: 0
- p1: 0
- p2: 0
- fps: 16
- color order: RGB (ignored if grayscale)

[Feature 0] ORB Extractor Parameters: 
 ( TH_LOW: 50, TH_HIGH: 100 )
- Number of Features: 2000
- Scale Levels: 8
- Scale Factor: 1.2
- Initial Fast Threshold: 20
- Minimum Fast Threshold: 7

-------
Start processing sequence ...
Images in the sequence: 7513

0
New map created with 98 points for 0 Feature Type 
Wrong initialization, reseting...
System Reseting
Reseting Local Mapper... done
Reseting Loop Closing... done
Reseting Database... done
0
New map created with 131 points for 0 Feature Type 
Tracking Initlized in 3.98s
The initlized frame ID: 47
The lost frame ID: 687
The lost frame ID: 688
The lost frame ID: 689
The lost frame ID: 690
The lost frame ID: 691
The lost frame ID: 692
The lost frame ID: 693
The lost frame ID: 694
The lost frame ID: 695

Saving camera trajectory to TrajectoryBeforeReset_oxf_orb_r18_seg01_pid2644696_1757365707181.txt ...

trajectory saved!
[Tracking] wrote pre-reset trajectory to TrajectoryBeforeReset_oxf_orb_r18_seg01_pid2644696_1757365707181.txt
[Tracking] LOST for 10 consecutive frames -> reset
System Reseting
Reseting Local Mapper... done
Reseting Loop Closing... done
Reseting Database... done
0
New map created with 76 points for 0 Feature Type 
Wrong initialization, reseting...
System Reseting
Reseting Local Mapper... done
Reseting Loop Closing... done
Reseting Database... done
0
New map created with 124 points for 0 Feature Type 
Tracking Initlized in 0.18s
The initlized frame ID: 2
The lost frame ID: 627
The lost frame ID: 628
The lost frame ID: 629
The lost frame ID: 630
The lost frame ID: 631
The lost frame ID: 632
The lost frame ID: 633
The lost frame ID: 634
The lost frame ID: 635

Saving camera trajectory to TrajectoryBeforeReset_oxf_orb_r18_seg02_pid2644696_1757365742841.txt ...

trajectory saved!
[Tracking] wrote pre-reset trajectory to TrajectoryBeforeReset_oxf_orb_r18_seg02_pid2644696_1757365742841.txt
[Tracking] LOST for 10 consecutive frames -> reset
System Reseting
Reseting Local Mapper... done
Reseting Loop Closing... done
Reseting Database... done
0
New map created with 80 points for 0 Feature Type 
Wrong initialization, reseting...
System Reseting
Reseting Local Mapper... done
Reseting Loop Closing... done
Reseting Database... done
0
New map created with 106 points for 0 Feature Type 
Tracking Initlized in 0.55s
The initlized frame ID: 5
Track lost soon after initialisation, reseting...
System Reseting
Reseting Local Mapper... done
Reseting Loop Closing... done
Reseting Database... done
0
New map created with 154 points for 0 Feature Type 
Tracking Initlized in 0.20s
The initlized frame ID: 2
The lost frame ID: 226
The lost frame ID: 227
The lost frame ID: 228
The lost frame ID: 229
The lost frame ID: 230
The lost frame ID: 231
The lost frame ID: 232
The lost frame ID: 233
The lost frame ID: 234

Saving camera trajectory to TrajectoryBeforeReset_oxf_orb_r18_seg03_pid2644696_1757365759333.txt ...

trajectory saved!
[Tracking] wrote pre-reset trajectory to TrajectoryBeforeReset_oxf_orb_r18_seg03_pid2644696_1757365759333.txt
[Tracking] LOST for 10 consecutive frames -> reset
System Reseting
Reseting Local Mapper... done
Reseting Loop Closing... done
Reseting Database... done
0
New map created with 102 points for 0 Feature Type 
Tracking Initlized in 5.98s
The initlized frame ID: 68
The lost frame ID: 793
The lost frame ID: 794
The lost frame ID: 795
The lost frame ID: 796
The lost frame ID: 797
The lost frame ID: 798
The lost frame ID: 799
The lost frame ID: 800
The lost frame ID: 801

Saving camera trajectory to TrajectoryBeforeReset_oxf_orb_r18_seg04_pid2644696_1757365805117.txt ...

trajectory saved!
[Tracking] wrote pre-reset trajectory to TrajectoryBeforeReset_oxf_orb_r18_seg04_pid2644696_1757365805117.txt
[Tracking] LOST for 10 consecutive frames -> reset
System Reseting
Reseting Local Mapper... done
Reseting Loop Closing... done
Reseting Database... done
0
New map created with 107 points for 0 Feature Type 
Tracking Initlized in 0.82s
The initlized frame ID: 9
Track lost soon after initialisation, reseting...
System Reseting
Reseting Local Mapper... done
Reseting Loop Closing... done
Reseting Database... done
0
New map created with 106 points for 0 Feature Type 
Tracking Initlized in 2.74s
The initlized frame ID: 31
The lost frame ID: 196
The lost frame ID: 197
The lost frame ID: 198
The lost frame ID: 199
The lost frame ID: 200
The lost frame ID: 201
The lost frame ID: 202
The lost frame ID: 203
The lost frame ID: 204

Saving camera trajectory to TrajectoryBeforeReset_oxf_orb_r18_seg05_pid2644696_1757365818561.txt ...

trajectory saved!
[Tracking] wrote pre-reset trajectory to TrajectoryBeforeReset_oxf_orb_r18_seg05_pid2644696_1757365818561.txt
[Tracking] LOST for 10 consecutive frames -> reset
System Reseting
Reseting Local Mapper... done
Reseting Loop Closing... done
Reseting Database... done
0
New map created with 113 points for 0 Feature Type 
Tracking Initlized in 0.41s
The initlized frame ID: 4
Track lost soon after initialisation, reseting...
System Reseting
Reseting Local Mapper... done
Reseting Loop Closing... done
Reseting Database... done
0
New map created with 84 points for 0 Feature Type 
Wrong initialization, reseting...
System Reseting
Reseting Local Mapper... done
Reseting Loop Closing... done
Reseting Database... done
0
New map created with 105 points for 0 Feature Type 
Tracking Initlized in 1.25s
The initlized frame ID: 13
The lost frame ID: 170
The lost frame ID: 171
The lost frame ID: 172
The lost frame ID: 173
The lost frame ID: 174
The lost frame ID: 175
The lost frame ID: 176
The lost frame ID: 177
The lost frame ID: 178

Saving camera trajectory to TrajectoryBeforeReset_oxf_orb_r18_seg06_pid2644696_1757365829843.txt ...

trajectory saved!
[Tracking] wrote pre-reset trajectory to TrajectoryBeforeReset_oxf_orb_r18_seg06_pid2644696_1757365829843.txt
[Tracking] LOST for 10 consecutive frames -> reset
System Reseting
Reseting Local Mapper... done
Reseting Loop Closing... done
Reseting Database... done
0
New map created with 97 points for 0 Feature Type 
Wrong initialization, reseting...
System Reseting
Reseting Local Mapper... done
Reseting Loop Closing... done
Reseting Database... done
0
New map created with 94 points for 0 Feature Type 
Wrong initialization, reseting...
System Reseting
Reseting Local Mapper... done
Reseting Loop Closing... done
Reseting Database... done
0
New map created with 106 points for 0 Feature Type 
Tracking Initlized in 0.21s
The initlized frame ID: 2
Track lost soon after initialisation, reseting...
System Reseting
Reseting Local Mapper... done
Reseting Loop Closing... done
Reseting Database... done
0
New map created with 98 points for 0 Feature Type 
Wrong initialization, reseting...
System Reseting
Reseting Local Mapper... done
Reseting Loop Closing... done
Reseting Database... done
0
New map created with 123 points for 0 Feature Type 
Tracking Initlized in 0.60s
The initlized frame ID: 6
The lost frame ID: 533
The lost frame ID: 534
The lost frame ID: 535
The lost frame ID: 536
The lost frame ID: 537
The lost frame ID: 538
The lost frame ID: 539
The lost frame ID: 540
The lost frame ID: 541

Saving camera trajectory to TrajectoryBeforeReset_oxf_orb_r18_seg07_pid2644696_1757365869561.txt ...

trajectory saved!
[Tracking] wrote pre-reset trajectory to TrajectoryBeforeReset_oxf_orb_r18_seg07_pid2644696_1757365869561.txt
[Tracking] LOST for 10 consecutive frames -> reset
System Reseting
Reseting Local Mapper... done
Reseting Loop Closing... done
Reseting Database... done
0
New map created with 115 points for 0 Feature Type 
Tracking Initlized in 1.58s
The initlized frame ID: 19
Track lost soon after initialisation, reseting...
System Reseting
Reseting Local Mapper... done
Reseting Loop Closing... done
Reseting Database... done
0
New map created with 126 points for 0 Feature Type 
Tracking Initlized in 0.09s
The initlized frame ID: 1
Track lost soon after initialisation, reseting...
System Reseting
Reseting Local Mapper... done
Reseting Loop Closing... done
Reseting Database... done
0
New map created with 125 points for 0 Feature Type 
Tracking Initlized in 0.11s
The initlized frame ID: 1
The lost frame ID: 1384
The lost frame ID: 1385
The lost frame ID: 1386
The lost frame ID: 1387
The lost frame ID: 1388
The lost frame ID: 1389
The lost frame ID: 1390
The lost frame ID: 1391
The lost frame ID: 1392

Saving camera trajectory to TrajectoryBeforeReset_oxf_orb_r18_seg08_pid2644696_1757365950206.txt ...

trajectory saved!
[Tracking] wrote pre-reset trajectory to TrajectoryBeforeReset_oxf_orb_r18_seg08_pid2644696_1757365950206.txt
[Tracking] LOST for 10 consecutive frames -> reset
System Reseting
Reseting Local Mapper... done
Reseting Loop Closing... done
Reseting Database... done
0
New map created with 147 points for 0 Feature Type 
Tracking Initlized in 0.28s
The initlized frame ID: 2
The lost frame ID: 2244
The lost frame ID: 2245
The lost frame ID: 2246
The lost frame ID: 2247
The lost frame ID: 2248
The lost frame ID: 2249
The lost frame ID: 2250
The lost frame ID: 2251
The lost frame ID: 2252

Saving camera trajectory to TrajectoryBeforeReset_oxf_orb_r18_seg09_pid2644696_1757366077182.txt ...

trajectory saved!
[Tracking] wrote pre-reset trajectory to TrajectoryBeforeReset_oxf_orb_r18_seg09_pid2644696_1757366077182.txt
[Tracking] LOST for 10 consecutive frames -> reset
System Reseting
Reseting Local Mapper... done
Reseting Loop Closing... done
Reseting Database... done
0
New map created with 108 points for 0 Feature Type 
Tracking Initlized in 1.09s
The initlized frame ID: 14
Track lost soon after initialisation, reseting...
System Reseting
Reseting Local Mapper... done
Reseting Loop Closing... done
Reseting Database... done
0
New map created with 79 points for 0 Feature Type 
Wrong initialization, reseting...
System Reseting
Reseting Local Mapper... done
Reseting Loop Closing... done
Reseting Database... done
0
New map created with 119 points for 0 Feature Type 
Tracking Initlized in 0.10s
The initlized frame ID: 1
The lost frame ID: 136
The lost frame ID: 137
The lost frame ID: 138
The lost frame ID: 139
The lost frame ID: 140
The lost frame ID: 141
The lost frame ID: 142
The lost frame ID: 143
The lost frame ID: 144

Saving camera trajectory to TrajectoryBeforeReset_oxf_orb_r18_seg10_pid2644696_1757366089772.txt ...

trajectory saved!
[Tracking] wrote pre-reset trajectory to TrajectoryBeforeReset_oxf_orb_r18_seg10_pid2644696_1757366089772.txt
[Tracking] LOST for 10 consecutive frames -> reset
System Reseting
Reseting Local Mapper... done
Reseting Loop Closing... done
Reseting Database... done
0
New map created with 116 points for 0 Feature Type 
Tracking Initlized in 0.49s
The initlized frame ID: 5
Track lost soon after initialisation, reseting...
System Reseting
Reseting Local Mapper... done
Reseting Loop Closing... done
Reseting Database... done
0
New map created with 111 points for 0 Feature Type 
Tracking Initlized in 0.12s
The initlized frame ID: 1
System::StopViewer()
System::StopViewer() done

Saving correlation status...

Correlation status saved!

System Shutdown
-------

median tracking time: 0.0342938
mean tracking time: 0.0365376

Saving camera trajectory to result18.txt ...

trajectory saved!
All done

========== Performance Summary (ms) ==========
name                                mean      median        rmse         min         max       count
Lost Count                         1.000       1.000       0.000       1.000       1.000          10
Tracking                           5.245       4.464       7.143       0.705     472.724        7022
Total Init                     11638.198   11638.198       0.000   11638.198   11638.198           2
Correlation                        0.000       0.000       0.001       0.000       0.030        6914
Reset Count                        1.000       1.000       0.000       1.000       1.000          26
Pipeline                          36.022      34.256      10.955      10.027     504.130        7513
ORB Extract                       26.618      25.295       6.699       7.252      63.902        7513
[WARN] Per-Channel Summary not found in run 18 (exit 0)
[RUN 19/20] 2025-09-08 22:14:57
Registering ORBextractor...
Registering AKAZEextractor...
Registering BRISKextractor...
Registering SIFTextractor...
Registering KAZEextractor...
Registering SuperPointExtractor...

ORB-SLAM2 Copyright (C) 2014-2016 Raul Mur-Artal, University of Zaragoza.
This program comes with ABSOLUTELY NO WARRANTY;
This is free software, and you are welcome to redistribute it
under certain conditions. See LICENSE.txt.

Input sensor was set to: Monocular

Loading Vocabulary : /home/howard/Refactored_ORB_SLAM2/Install/var/lib/orbslam2/voc/orb_mur.fbow
This could take a while...
Loading ORB Vocabulary in FBoW.
ORB Vocabulary loaded in 0.018370s


Camera Parameters: 
- fx: 983.044
- fy: 983.044
- cx: 643.647
- cy: 493.379
- k1: 0
- k2: 0
- p1: 0
- p2: 0
- fps: 16
- color order: RGB (ignored if grayscale)

[Feature 0] ORB Extractor Parameters: 
 ( TH_LOW: 50, TH_HIGH: 100 )
- Number of Features: 2000
- Scale Levels: 8
- Scale Factor: 1.2
- Initial Fast Threshold: 20
- Minimum Fast Threshold: 7

-------
Start processing sequence ...
Images in the sequence: 7513

0
New map created with 87 points for 0 Feature Type 
Wrong initialization, reseting...
System Reseting
Reseting Local Mapper... done
Reseting Loop Closing... done
Reseting Database... done
0
New map created with 131 points for 0 Feature Type 
Tracking Initlized in 3.93s
The initlized frame ID: 46
The lost frame ID: 686
The lost frame ID: 687
The lost frame ID: 688
The lost frame ID: 689
The lost frame ID: 690
The lost frame ID: 691
The lost frame ID: 692
The lost frame ID: 693
The lost frame ID: 694

Saving camera trajectory to TrajectoryBeforeReset_oxf_orb_r19_seg01_pid2688353_1757366140610.txt ...

trajectory saved!
[Tracking] wrote pre-reset trajectory to TrajectoryBeforeReset_oxf_orb_r19_seg01_pid2688353_1757366140610.txt
[Tracking] LOST for 10 consecutive frames -> reset
System Reseting
Reseting Local Mapper... done
Reseting Loop Closing... done
Reseting Database... done
0
New map created with 76 points for 0 Feature Type 
Wrong initialization, reseting...
System Reseting
Reseting Local Mapper... done
Reseting Loop Closing... done
Reseting Database... done
0
New map created with 125 points for 0 Feature Type 
Tracking Initlized in 0.19s
The initlized frame ID: 2
The lost frame ID: 634
The lost frame ID: 635
The lost frame ID: 636
The lost frame ID: 637
The lost frame ID: 638
The lost frame ID: 639
The lost frame ID: 640
The lost frame ID: 641
The lost frame ID: 642

Saving camera trajectory to TrajectoryBeforeReset_oxf_orb_r19_seg02_pid2688353_1757366175194.txt ...

trajectory saved!
[Tracking] wrote pre-reset trajectory to TrajectoryBeforeReset_oxf_orb_r19_seg02_pid2688353_1757366175194.txt
[Tracking] LOST for 10 consecutive frames -> reset
System Reseting
Reseting Local Mapper... done
Reseting Loop Closing... done
Reseting Database... done
0
New map created with 127 points for 0 Feature Type 
Tracking Initlized in 2.03s
The initlized frame ID: 22
The lost frame ID: 254
The lost frame ID: 256
The lost frame ID: 257
The lost frame ID: 258
The lost frame ID: 259
The lost frame ID: 260
The lost frame ID: 261
The lost frame ID: 262
The lost frame ID: 263
The lost frame ID: 264

Saving camera trajectory to TrajectoryBeforeReset_oxf_orb_r19_seg03_pid2688353_1757366191508.txt ...

trajectory saved!
[Tracking] wrote pre-reset trajectory to TrajectoryBeforeReset_oxf_orb_r19_seg03_pid2688353_1757366191508.txt
[Tracking] LOST for 10 consecutive frames -> reset
System Reseting
Reseting Local Mapper... done
Reseting Loop Closing... done
Reseting Database... done
0
New map created with 126 points for 0 Feature Type 
Tracking Initlized in 0.76s
The initlized frame ID: 9
Track lost soon after initialisation, reseting...
System Reseting
Reseting Local Mapper... done
Reseting Loop Closing... done
Reseting Database... done
0
New map created with 69 points for 0 Feature Type 
Wrong initialization, reseting...
System Reseting
Reseting Local Mapper... done
Reseting Loop Closing... done
Reseting Database... done
0
New map created with 85 points for 0 Feature Type 
Wrong initialization, reseting...
System Reseting
Reseting Local Mapper... done
Reseting Loop Closing... done
Reseting Database... done
0
New map created with 120 points for 0 Feature Type 
Tracking Initlized in 7.52s
The initlized frame ID: 86
The lost frame ID: 765
The lost frame ID: 766
The lost frame ID: 767
The lost frame ID: 768
The lost frame ID: 769
The lost frame ID: 770
The lost frame ID: 771
The lost frame ID: 772
The lost frame ID: 773

Saving camera trajectory to TrajectoryBeforeReset_oxf_orb_r19_seg04_pid2688353_1757366236244.txt ...

trajectory saved!
[Tracking] wrote pre-reset trajectory to TrajectoryBeforeReset_oxf_orb_r19_seg04_pid2688353_1757366236244.txt
[Tracking] LOST for 10 consecutive frames -> reset
System Reseting
Reseting Local Mapper... done
Reseting Loop Closing... done
Reseting Database... done
0
New map created with 132 points for 0 Feature Type 
Tracking Initlized in 0.69s
The initlized frame ID: 8
The lost frame ID: 209
The lost frame ID: 210
The lost frame ID: 211
The lost frame ID: 212
The lost frame ID: 213
The lost frame ID: 214
The lost frame ID: 215
The lost frame ID: 216
The lost frame ID: 217

Saving camera trajectory to TrajectoryBeforeReset_oxf_orb_r19_seg05_pid2688353_1757366250084.txt ...

trajectory saved!
[Tracking] wrote pre-reset trajectory to TrajectoryBeforeReset_oxf_orb_r19_seg05_pid2688353_1757366250084.txt
[Tracking] LOST for 10 consecutive frames -> reset
System Reseting
Reseting Local Mapper... done
Reseting Loop Closing... done
Reseting Database... done
0
New map created with 115 points for 0 Feature Type 
Tracking Initlized in 0.39s
The initlized frame ID: 4
Track lost soon after initialisation, reseting...
System Reseting
Reseting Local Mapper... done
Reseting Loop Closing... done
Reseting Database... done
0
New map created with 85 points for 0 Feature Type 
Wrong initialization, reseting...
System Reseting
Reseting Local Mapper... done
Reseting Loop Closing... done
Reseting Database... done
0
New map created with 107 points for 0 Feature Type 
Tracking Initlized in 1.25s
The initlized frame ID: 13
The lost frame ID: 172
The lost frame ID: 173
The lost frame ID: 174
The lost frame ID: 175
The lost frame ID: 176
The lost frame ID: 177
The lost frame ID: 178
The lost frame ID: 179
The lost frame ID: 180

Saving camera trajectory to TrajectoryBeforeReset_oxf_orb_r19_seg06_pid2688353_1757366260765.txt ...

trajectory saved!
[Tracking] wrote pre-reset trajectory to TrajectoryBeforeReset_oxf_orb_r19_seg06_pid2688353_1757366260765.txt
[Tracking] LOST for 10 consecutive frames -> reset
System Reseting
Reseting Local Mapper... done
Reseting Loop Closing... done
Reseting Database... done
0
New map created with 94 points for 0 Feature Type 
Wrong initialization, reseting...
System Reseting
Reseting Local Mapper... done
Reseting Loop Closing... done
Reseting Database... done
0
New map created with 107 points for 0 Feature Type 
Tracking Initlized in 0.65s
The initlized frame ID: 7
Track lost soon after initialisation, reseting...
System Reseting
Reseting Local Mapper... done
Reseting Loop Closing... done
Reseting Database... done
0
New map created with 94 points for 0 Feature Type 
Wrong initialization, reseting...
System Reseting
Reseting Local Mapper... done
Reseting Loop Closing... done
Reseting Database... done
0
New map created with 94 points for 0 Feature Type 
Wrong initialization, reseting...
System Reseting
Reseting Local Mapper... done
Reseting Loop Closing... done
Reseting Database... done
0
New map created with 106 points for 0 Feature Type 
Tracking Initlized in 0.21s
The initlized frame ID: 2
The lost frame ID: 530
The lost frame ID: 531
The lost frame ID: 532
The lost frame ID: 533
The lost frame ID: 534
The lost frame ID: 535
The lost frame ID: 536
The lost frame ID: 537
The lost frame ID: 538

Saving camera trajectory to TrajectoryBeforeReset_oxf_orb_r19_seg07_pid2688353_1757366298848.txt ...

trajectory saved!
[Tracking] wrote pre-reset trajectory to TrajectoryBeforeReset_oxf_orb_r19_seg07_pid2688353_1757366298848.txt
[Tracking] LOST for 10 consecutive frames -> reset
System Reseting
Reseting Local Mapper... done
Reseting Loop Closing... done
Reseting Database... done
0
New map created with 84 points for 0 Feature Type 
Wrong initialization, reseting...
System Reseting
Reseting Local Mapper... done
Reseting Loop Closing... done
Reseting Database... done
0
New map created with 103 points for 0 Feature Type 
Tracking Initlized in 0.20s
The initlized frame ID: 2
Track lost soon after initialisation, reseting...
System Reseting
Reseting Local Mapper... done
Reseting Loop Closing... done
Reseting Database... done
0
New map created with 100 points for 0 Feature Type 
Tracking Initlized in 0.18s
The initlized frame ID: 2
The lost frame ID: 660
The lost frame ID: 661
The lost frame ID: 664
The lost frame ID: 665
The lost frame ID: 666
The lost frame ID: 667
The lost frame ID: 668
The lost frame ID: 670
The lost frame ID: 671
The lost frame ID: 672
The lost frame ID: 673
The lost frame ID: 674
The lost frame ID: 676
The lost frame ID: 678
The lost frame ID: 680
The lost frame ID: 682
The lost frame ID: 685
The lost frame ID: 686
The lost frame ID: 687
The lost frame ID: 688
The lost frame ID: 689
The lost frame ID: 690
The lost frame ID: 691
The lost frame ID: 692
The lost frame ID: 693

Saving camera trajectory to TrajectoryBeforeReset_oxf_orb_r19_seg08_pid2688353_1757366338669.txt ...

trajectory saved!
[Tracking] wrote pre-reset trajectory to TrajectoryBeforeReset_oxf_orb_r19_seg08_pid2688353_1757366338669.txt
[Tracking] LOST for 10 consecutive frames -> reset
System Reseting
Reseting Local Mapper... done
Reseting Loop Closing... done
Reseting Database... done
0
New map created with 79 points for 0 Feature Type 
Wrong initialization, reseting...
System Reseting
Reseting Local Mapper... done
Reseting Loop Closing... done
Reseting Database... done
0
New map created with 86 points for 0 Feature Type 
Wrong initialization, reseting...
System Reseting
Reseting Local Mapper... done
Reseting Loop Closing... done
Reseting Database... done
0
New map created with 86 points for 0 Feature Type 
Wrong initialization, reseting...
System Reseting
Reseting Local Mapper... done
Reseting Loop Closing... done
Reseting Database... done
0
New map created with 102 points for 0 Feature Type 
Tracking Initlized in 3.56s
The initlized frame ID: 41
The lost frame ID: 561
The lost frame ID: 562
The lost frame ID: 563
The lost frame ID: 564
The lost frame ID: 565
The lost frame ID: 566
The lost frame ID: 567
The lost frame ID: 568
The lost frame ID: 569

Saving camera trajectory to TrajectoryBeforeReset_oxf_orb_r19_seg09_pid2688353_1757366378072.txt ...

trajectory saved!
[Tracking] wrote pre-reset trajectory to TrajectoryBeforeReset_oxf_orb_r19_seg09_pid2688353_1757366378072.txt
[Tracking] LOST for 10 consecutive frames -> reset
System Reseting
Reseting Local Mapper... done
Reseting Loop Closing... done
Reseting Database... done
0
New map created with 141 points for 0 Feature Type 
Tracking Initlized in 0.17s
The initlized frame ID: 2
The lost frame ID: 2243
The lost frame ID: 2244
The lost frame ID: 2245
The lost frame ID: 2246
The lost frame ID: 2247
The lost frame ID: 2248
The lost frame ID: 2249
The lost frame ID: 2250
The lost frame ID: 2251

Saving camera trajectory to TrajectoryBeforeReset_oxf_orb_r19_seg10_pid2688353_1757366503693.txt ...

trajectory saved!
[Tracking] wrote pre-reset trajectory to TrajectoryBeforeReset_oxf_orb_r19_seg10_pid2688353_1757366503693.txt
[Tracking] LOST for 10 consecutive frames -> reset
System Reseting
Reseting Local Mapper... done
Reseting Loop Closing... done
Reseting Database... done
0
New map created with 108 points for 0 Feature Type 
Tracking Initlized in 1.63s
The initlized frame ID: 14
Track lost soon after initialisation, reseting...
System Reseting
Reseting Local Mapper... done
Reseting Loop Closing... done
Reseting Database... done
0
New map created with 76 points for 0 Feature Type 
Wrong initialization, reseting...
System Reseting
Reseting Local Mapper... done
Reseting Loop Closing... done
Reseting Database... done
0
New map created with 121 points for 0 Feature Type 
Tracking Initlized in 0.12s
The initlized frame ID: 1
The lost frame ID: 136
The lost frame ID: 137
The lost frame ID: 138
The lost frame ID: 139
The lost frame ID: 140
The lost frame ID: 141
The lost frame ID: 142
The lost frame ID: 143
The lost frame ID: 144

Saving camera trajectory to TrajectoryBeforeReset_oxf_orb_r19_seg11_pid2688353_1757366514967.txt ...

trajectory saved!
[Tracking] wrote pre-reset trajectory to TrajectoryBeforeReset_oxf_orb_r19_seg11_pid2688353_1757366514967.txt
[Tracking] LOST for 10 consecutive frames -> reset
System Reseting
Reseting Local Mapper... done
Reseting Loop Closing... done
Reseting Database... done
0
New map created with 103 points for 0 Feature Type 
Tracking Initlized in 0.12s
The initlized frame ID: 1
Track lost soon after initialisation, reseting...
System Reseting
Reseting Local Mapper... done
Reseting Loop Closing... done
Reseting Database... done
0
New map created with 117 points for 0 Feature Type 
Tracking Initlized in 0.11s
The initlized frame ID: 1
System::StopViewer()
System::StopViewer() done

Saving correlation status...

Correlation status saved!

System Shutdown
-------

median tracking time: 0.0328926
mean tracking time: 0.0350427

Saving camera trajectory to result19.txt ...

trajectory saved!
All done

========== Performance Summary (ms) ==========
name                                mean      median        rmse         min         max       count
Lost Count                         1.000       1.000       0.000       1.000       1.000          11
Tracking                           4.923       4.227       3.947       0.732     190.348        6859
Total Init                     11349.510   11349.510       0.000   11349.510   11349.510           2
Correlation                        0.000       0.000       0.000       0.000       0.005        6726
Reset Count                        1.000       1.000       0.000       1.000       1.000          30
Pipeline                          34.560      32.870      10.757       9.627     528.047        7513
ORB Extract                       25.521      24.281       6.507       6.618      63.001        7513
[WARN] Per-Channel Summary not found in run 19 (exit 0)
[RUN 20/20] 2025-09-08 22:22:03
Registering ORBextractor...
Registering AKAZEextractor...
Registering BRISKextractor...
Registering SIFTextractor...
Registering KAZEextractor...
Registering SuperPointExtractor...

ORB-SLAM2 Copyright (C) 2014-2016 Raul Mur-Artal, University of Zaragoza.
This program comes with ABSOLUTELY NO WARRANTY;
This is free software, and you are welcome to redistribute it
under certain conditions. See LICENSE.txt.

Input sensor was set to: Monocular

Loading Vocabulary : /home/howard/Refactored_ORB_SLAM2/Install/var/lib/orbslam2/voc/orb_mur.fbow
This could take a while...
Loading ORB Vocabulary in FBoW.
ORB Vocabulary loaded in 0.014689s


Camera Parameters: 
- fx: 983.044
- fy: 983.044
- cx: 643.647
- cy: 493.379
- k1: 0
- k2: 0
- p1: 0
- p2: 0
- fps: 16
- color order: RGB (ignored if grayscale)

[Feature 0] ORB Extractor Parameters: 
 ( TH_LOW: 50, TH_HIGH: 100 )
- Number of Features: 2000
- Scale Levels: 8
- Scale Factor: 1.2
- Initial Fast Threshold: 20
- Minimum Fast Threshold: 7

-------
Start processing sequence ...
Images in the sequence: 7513

0
New map created with 91 points for 0 Feature Type 
Wrong initialization, reseting...
System Reseting
Reseting Local Mapper... done
Reseting Loop Closing... done
Reseting Database... done
0
New map created with 114 points for 0 Feature Type 
Tracking Initlized in 4.19s
The initlized frame ID: 49
The lost frame ID: 687
The lost frame ID: 688
The lost frame ID: 689
The lost frame ID: 690
The lost frame ID: 691
The lost frame ID: 692
The lost frame ID: 693
The lost frame ID: 694
The lost frame ID: 695

Saving camera trajectory to TrajectoryBeforeReset_oxf_orb_r20_seg01_pid2731986_1757366566117.txt ...

trajectory saved!
[Tracking] wrote pre-reset trajectory to TrajectoryBeforeReset_oxf_orb_r20_seg01_pid2731986_1757366566117.txt
[Tracking] LOST for 10 consecutive frames -> reset
System Reseting
Reseting Local Mapper... done
Reseting Loop Closing... done
Reseting Database... done
0
New map created with 112 points for 0 Feature Type 
Tracking Initlized in 0.21s
The initlized frame ID: 2
The lost frame ID: 631
The lost frame ID: 632
The lost frame ID: 633
The lost frame ID: 634
The lost frame ID: 635
The lost frame ID: 636
The lost frame ID: 637
The lost frame ID: 638
The lost frame ID: 639

Saving camera trajectory to TrajectoryBeforeReset_oxf_orb_r20_seg02_pid2731986_1757366600340.txt ...

trajectory saved!
[Tracking] wrote pre-reset trajectory to TrajectoryBeforeReset_oxf_orb_r20_seg02_pid2731986_1757366600340.txt
[Tracking] LOST for 10 consecutive frames -> reset
System Reseting
Reseting Local Mapper... done
Reseting Loop Closing... done
Reseting Database... done
0
New map created with 123 points for 0 Feature Type 
Tracking Initlized in 2.67s
The initlized frame ID: 30
The lost frame ID: 262
The lost frame ID: 264
The lost frame ID: 265
The lost frame ID: 267
The lost frame ID: 268
The lost frame ID: 269
The lost frame ID: 270
The lost frame ID: 271
The lost frame ID: 272
The lost frame ID: 273
The lost frame ID: 274
The lost frame ID: 275

Saving camera trajectory to TrajectoryBeforeReset_oxf_orb_r20_seg03_pid2731986_1757366617944.txt ...

trajectory saved!
[Tracking] wrote pre-reset trajectory to TrajectoryBeforeReset_oxf_orb_r20_seg03_pid2731986_1757366617944.txt
[Tracking] LOST for 10 consecutive frames -> reset
System Reseting
Reseting Local Mapper... done
Reseting Loop Closing... done
Reseting Database... done
0
New map created with 123 points for 0 Feature Type 
Tracking Initlized in 0.13s
The initlized frame ID: 1
Track lost soon after initialisation, reseting...
System Reseting
Reseting Local Mapper... done
Reseting Loop Closing... done
Reseting Database... done
0
New map created with 101 points for 0 Feature Type 
Tracking Initlized in 5.12s
The initlized frame ID: 58
The lost frame ID: 785
The lost frame ID: 786
The lost frame ID: 787
The lost frame ID: 788
The lost frame ID: 789
The lost frame ID: 790
The lost frame ID: 791
The lost frame ID: 792
The lost frame ID: 793

Saving camera trajectory to TrajectoryBeforeReset_oxf_orb_r20_seg04_pid2731986_1757366663159.txt ...

trajectory saved!
[Tracking] wrote pre-reset trajectory to TrajectoryBeforeReset_oxf_orb_r20_seg04_pid2731986_1757366663159.txt
[Tracking] LOST for 10 consecutive frames -> reset
System Reseting
Reseting Local Mapper... done
Reseting Loop Closing... done
Reseting Database... done
0
New map created with 118 points for 0 Feature Type 
Tracking Initlized in 0.21s
The initlized frame ID: 2
The lost frame ID: 207
The lost frame ID: 208
The lost frame ID: 209
The lost frame ID: 210
The lost frame ID: 211
The lost frame ID: 212
The lost frame ID: 213
The lost frame ID: 214
The lost frame ID: 215

Saving camera trajectory to TrajectoryBeforeReset_oxf_orb_r20_seg05_pid2731986_1757366675198.txt ...

trajectory saved!
[Tracking] wrote pre-reset trajectory to TrajectoryBeforeReset_oxf_orb_r20_seg05_pid2731986_1757366675198.txt
[Tracking] LOST for 10 consecutive frames -> reset
System Reseting
Reseting Local Mapper... done
Reseting Loop Closing... done
Reseting Database... done
0
New map created with 105 points for 0 Feature Type 
Tracking Initlized in 0.36s
The initlized frame ID: 4
Track lost soon after initialisation, reseting...
System Reseting
Reseting Local Mapper... done
Reseting Loop Closing... done
Reseting Database... done
0
New map created with 86 points for 0 Feature Type 
Wrong initialization, reseting...
System Reseting
Reseting Local Mapper... done
Reseting Loop Closing... done
Reseting Database... done
0
New map created with 109 points for 0 Feature Type 
Tracking Initlized in 1.39s
The initlized frame ID: 13
The lost frame ID: 171
The lost frame ID: 172
The lost frame ID: 173
The lost frame ID: 174
The lost frame ID: 175
The lost frame ID: 176
The lost frame ID: 177
The lost frame ID: 178
The lost frame ID: 179

Saving camera trajectory to TrajectoryBeforeReset_oxf_orb_r20_seg06_pid2731986_1757366686447.txt ...

trajectory saved!
[Tracking] wrote pre-reset trajectory to TrajectoryBeforeReset_oxf_orb_r20_seg06_pid2731986_1757366686447.txt
[Tracking] LOST for 10 consecutive frames -> reset
System Reseting
Reseting Local Mapper... done
Reseting Loop Closing... done
Reseting Database... done
0
New map created with 117 points for 0 Feature Type 
Tracking Initlized in 0.48s
The initlized frame ID: 5
The lost frame ID: 595
The lost frame ID: 596
The lost frame ID: 597
The lost frame ID: 598
The lost frame ID: 599
The lost frame ID: 600
The lost frame ID: 601
The lost frame ID: 602
The lost frame ID: 603

Saving camera trajectory to TrajectoryBeforeReset_oxf_orb_r20_seg07_pid2731986_1757366724910.txt ...

trajectory saved!
[Tracking] wrote pre-reset trajectory to TrajectoryBeforeReset_oxf_orb_r20_seg07_pid2731986_1757366724910.txt
[Tracking] LOST for 10 consecutive frames -> reset
System Reseting
Reseting Local Mapper... done
Reseting Loop Closing... done
Reseting Database... done
0
New map created with 122 points for 0 Feature Type 
Tracking Initlized in 0.73s
The initlized frame ID: 9
Track lost soon after initialisation, reseting...
System Reseting
Reseting Local Mapper... done
Reseting Loop Closing... done
Reseting Database... done
0
New map created with 96 points for 0 Feature Type 
Wrong initialization, reseting...
System Reseting
Reseting Local Mapper... done
Reseting Loop Closing... done
Reseting Database... done
0
New map created with 132 points for 0 Feature Type 
Tracking Initlized in 0.10s
The initlized frame ID: 1
The lost frame ID: 1388
The lost frame ID: 1389
The lost frame ID: 1390
The lost frame ID: 1391
The lost frame ID: 1392
The lost frame ID: 1393
The lost frame ID: 1394
The lost frame ID: 1395
The lost frame ID: 1396

Saving camera trajectory to TrajectoryBeforeReset_oxf_orb_r20_seg08_pid2731986_1757366805694.txt ...

trajectory saved!
[Tracking] wrote pre-reset trajectory to TrajectoryBeforeReset_oxf_orb_r20_seg08_pid2731986_1757366805694.txt
[Tracking] LOST for 10 consecutive frames -> reset
System Reseting
Reseting Local Mapper... done
Reseting Loop Closing... done
Reseting Database... done
0
New map created with 159 points for 0 Feature Type 
Tracking Initlized in 0.20s
The initlized frame ID: 2
The lost frame ID: 2244
The lost frame ID: 2245
The lost frame ID: 2246
The lost frame ID: 2247
The lost frame ID: 2248
The lost frame ID: 2249
The lost frame ID: 2250
The lost frame ID: 2251
The lost frame ID: 2252

Saving camera trajectory to TrajectoryBeforeReset_oxf_orb_r20_seg09_pid2731986_1757366934420.txt ...

trajectory saved!
[Tracking] wrote pre-reset trajectory to TrajectoryBeforeReset_oxf_orb_r20_seg09_pid2731986_1757366934420.txt
[Tracking] LOST for 10 consecutive frames -> reset
System Reseting
Reseting Local Mapper... done
Reseting Loop Closing... done
Reseting Database... done
0
New map created with 113 points for 0 Feature Type 
Tracking Initlized in 1.79s
The initlized frame ID: 22
The lost frame ID: 156
The lost frame ID: 157
The lost frame ID: 158
The lost frame ID: 159
The lost frame ID: 160
The lost frame ID: 161
The lost frame ID: 162
The lost frame ID: 163
The lost frame ID: 164

Saving camera trajectory to TrajectoryBeforeReset_oxf_orb_r20_seg10_pid2731986_1757366945739.txt ...

trajectory saved!
[Tracking] wrote pre-reset trajectory to TrajectoryBeforeReset_oxf_orb_r20_seg10_pid2731986_1757366945739.txt
[Tracking] LOST for 10 consecutive frames -> reset
System Reseting
Reseting Local Mapper... done
Reseting Loop Closing... done
Reseting Database... done
0
New map created with 101 points for 0 Feature Type 
Tracking Initlized in 0.10s
The initlized frame ID: 1
Track lost soon after initialisation, reseting...
System Reseting
Reseting Local Mapper... done
Reseting Loop Closing... done
Reseting Database... done
0
New map created with 113 points for 0 Feature Type 
Tracking Initlized in 0.51s
The initlized frame ID: 5
System::StopViewer()
System::StopViewer() done

Saving correlation status...

Correlation status saved!

System Shutdown
-------

median tracking time: 0.0338965
mean tracking time: 0.035917

Saving camera trajectory to result20.txt ...

trajectory saved!
All done

========== Performance Summary (ms) ==========
name                                mean      median        rmse         min         max       count
Lost Count                         1.000       1.000       0.000       1.000       1.000          10
Tracking                           5.016       4.268       6.721       0.624     478.754        7139
Total Init                     11299.384   11299.384       0.000   11299.384   11299.384           2
Correlation                        0.000       0.000       0.001       0.000       0.023        7032
Reset Count                        1.000       1.000       0.000       1.000       1.000          17
Pipeline                          35.373      33.854      10.503       9.533     515.700        7513
ORB Extract                       26.271      24.925       6.688       6.815      64.121        7513
[WARN] Per-Channel Summary not found in run 20 (exit 0)
[DONE] Summary: /home/howard/Refactored_ORB_SLAM2/Experiments/Performances/oxf_orb_pref.txt
[SKIP] No Per-Channel summaries captured; no correlation files created.
[DONE] Logs:    /home/howard/Refactored_ORB_SLAM2/Experiments/Logs/oxf_orb
[DONE] Results: /home/howard/Refactored_ORB_SLAM2/Experiments/Poses/oxf_orb
[SKIP] --noEvo set; skip APE/RPE for 'oxf_orb'.
line=name=oxf_orb_akz seq=~/dataset/tum/oxf_car yaml=../Install/etc/orbslam2/Monocular/TUM_OC.yaml runs=20 exe=../Install/bin features=[ORB,AKAZE]
[INFO] YAML for oxf_orb_akz: TUM_OC.yaml -> oxf_orb_akz.yaml  [ORB AKAZE]

===== RUN: oxf_orb_akz =====
[bench] seq=/home/howard/dataset/tum/oxf_car  yaml=../../../../Experiments/oxf_orb_akz.yaml  runs=20  exe_dir=../Install/bin  mode=tum times=
[INFO] name=oxf_orb_akz  seq=/home/howard/dataset/tum/oxf_car  runs=20  yaml=../../../../Experiments/oxf_orb_akz.yaml  withCorr=1  mode=tum  times=
[RUN 01/20] 2025-09-08 22:29:14
Registering ORBextractor...
Registering AKAZEextractor...
Registering BRISKextractor...
Registering SIFTextractor...
Registering KAZEextractor...
Registering SuperPointExtractor...

ORB-SLAM2 Copyright (C) 2014-2016 Raul Mur-Artal, University of Zaragoza.
This program comes with ABSOLUTELY NO WARRANTY;
This is free software, and you are welcome to redistribute it
under certain conditions. See LICENSE.txt.

Input sensor was set to: Monocular

Loading Vocabulary : /home/howard/Refactored_ORB_SLAM2/Install/var/lib/orbslam2/voc/orb_mur.fbow
This could take a while...
Loading ORB Vocabulary in FBoW.
ORB Vocabulary loaded in 0.025753s


Loading Vocabulary : /home/howard/Refactored_ORB_SLAM2/Install/var/lib/orbslam2/voc/akaze_cv.fbow
This could take a while...
Loading AKAZE Vocabulary in FBoW.
AKAZE Vocabulary loaded in 0.041610s


Camera Parameters: 
- fx: 983.044
- fy: 983.044
- cx: 643.647
- cy: 493.379
- k1: 0
- k2: 0
- p1: 0
- p2: 0
- fps: 16
- color order: RGB (ignored if grayscale)

[Feature 0] ORB Extractor Parameters: 
 ( TH_LOW: 50, TH_HIGH: 100 )
- Number of Features: 2000
- Scale Levels: 8
- Scale Factor: 1.2
- Initial Fast Threshold: 20
- Minimum Fast Threshold: 7

[Feature 1] AKAZE Extractor Parameters: 
 ( TH_LOW: 100, TH_HIGH: 200 )
- Number of Features: 1000
- Scale Levels: 4
- Scale Factor: 1.2
- Threshold: 0.001
- Num of Octaves: 4
- Num of Octave Layers: 4

-------
Start processing sequence ...
Images in the sequence: 7513

1
New map created with 25 points for 0 Feature Type 
New map created with 130 points for 1 Feature Type 
Tracking Initlized in 86.70s
The initlized frame ID: 141
The lost frame ID: 831
The lost frame ID: 832
The lost frame ID: 833
The lost frame ID: 834
The lost frame ID: 835
The lost frame ID: 836
The lost frame ID: 837
The lost frame ID: 838
The lost frame ID: 839

Saving camera trajectory to TrajectoryBeforeReset_oxf_orb_akz_r01_seg01_pid2776816_1757367075414.txt ...

trajectory saved!
[Tracking] wrote pre-reset trajectory to TrajectoryBeforeReset_oxf_orb_akz_r01_seg01_pid2776816_1757367075414.txt
[Tracking] LOST for 10 consecutive frames -> reset
System Reseting
Reseting Local Mapper... done
Reseting Loop Closing... done
Reseting Database... done
0
New map created with 111 points for 0 Feature Type 
New map created with 516 points for 1 Feature Type 
Tracking Initlized in 1.22s
The initlized frame ID: 2
The lost frame ID: 640
The lost frame ID: 641
The lost frame ID: 642
The lost frame ID: 643
The lost frame ID: 644
The lost frame ID: 645
The lost frame ID: 646
The lost frame ID: 647
The lost frame ID: 648

Saving camera trajectory to TrajectoryBeforeReset_oxf_orb_akz_r01_seg02_pid2776816_1757367163228.txt ...

trajectory saved!
[Tracking] wrote pre-reset trajectory to TrajectoryBeforeReset_oxf_orb_akz_r01_seg02_pid2776816_1757367163228.txt
[Tracking] LOST for 10 consecutive frames -> reset
System Reseting
Reseting Local Mapper... done
Reseting Loop Closing... done
Reseting Database... done
1
New map created with 75 points for 0 Feature Type 
New map created with 224 points for 1 Feature Type 
Tracking Initlized in 1.77s
The initlized frame ID: 3
The lost frame ID: 251
The lost frame ID: 252
The lost frame ID: 253
The lost frame ID: 254
The lost frame ID: 255
The lost frame ID: 256
The lost frame ID: 257
The lost frame ID: 258
The lost frame ID: 259

Saving camera trajectory to TrajectoryBeforeReset_oxf_orb_akz_r01_seg03_pid2776816_1757367200861.txt ...

trajectory saved!
[Tracking] wrote pre-reset trajectory to TrajectoryBeforeReset_oxf_orb_akz_r01_seg03_pid2776816_1757367200861.txt
[Tracking] LOST for 10 consecutive frames -> reset
System Reseting
Reseting Local Mapper... done
Reseting Loop Closing... done
Reseting Database... done
1
New map created with 83 points for 0 Feature Type 
New map created with 277 points for 1 Feature Type 
Tracking Initlized in 1.50s
The initlized frame ID: 2
The lost frame ID: 1011
The lost frame ID: 1012
The lost frame ID: 1013
The lost frame ID: 1014
The lost frame ID: 1015
The lost frame ID: 1016
The lost frame ID: 1017
The lost frame ID: 1018
The lost frame ID: 1019

Saving camera trajectory to TrajectoryBeforeReset_oxf_orb_akz_r01_seg04_pid2776816_1757367367471.txt ...

trajectory saved!
[Tracking] wrote pre-reset trajectory to TrajectoryBeforeReset_oxf_orb_akz_r01_seg04_pid2776816_1757367367471.txt
[Tracking] LOST for 10 consecutive frames -> reset
System Reseting
Reseting Local Mapper... done
Reseting Loop Closing... done
Reseting Database... done
1
New map created with 63 points for 0 Feature Type 
New map created with 249 points for 1 Feature Type 
Tracking Initlized in 1.52s
The initlized frame ID: 2
The lost frame ID: 180
The lost frame ID: 181
The lost frame ID: 182
The lost frame ID: 183
The lost frame ID: 184
The lost frame ID: 185
The lost frame ID: 186
The lost frame ID: 187
The lost frame ID: 188

Saving camera trajectory to TrajectoryBeforeReset_oxf_orb_akz_r01_seg05_pid2776816_1757367398972.txt ...

trajectory saved!
[Tracking] wrote pre-reset trajectory to TrajectoryBeforeReset_oxf_orb_akz_r01_seg05_pid2776816_1757367398972.txt
[Tracking] LOST for 10 consecutive frames -> reset
System Reseting
Reseting Local Mapper... done
Reseting Loop Closing... done
Reseting Database... done
1
New map created with 69 points for 0 Feature Type 
New map created with 113 points for 1 Feature Type 
Tracking Initlized in 1.47s
The initlized frame ID: 2
The lost frame ID: 594
The lost frame ID: 595
The lost frame ID: 596
The lost frame ID: 597
The lost frame ID: 598
The lost frame ID: 599
The lost frame ID: 600
The lost frame ID: 601
The lost frame ID: 602

Saving camera trajectory to TrajectoryBeforeReset_oxf_orb_akz_r01_seg06_pid2776816_1757367497083.txt ...

trajectory saved!
[Tracking] wrote pre-reset trajectory to TrajectoryBeforeReset_oxf_orb_akz_r01_seg06_pid2776816_1757367497083.txt
[Tracking] LOST for 10 consecutive frames -> reset
System Reseting
Reseting Local Mapper... done
Reseting Loop Closing... done
Reseting Database... done
1
New map created with 61 points for 0 Feature Type 
New map created with 462 points for 1 Feature Type 
Tracking Initlized in 1.99s
The initlized frame ID: 3
The lost frame ID: 1409
The lost frame ID: 1410
The lost frame ID: 1411
The lost frame ID: 1412
The lost frame ID: 1413
The lost frame ID: 1414
The lost frame ID: 1415
The lost frame ID: 1416
The lost frame ID: 1417

Saving camera trajectory to TrajectoryBeforeReset_oxf_orb_akz_r01_seg07_pid2776816_1757367733204.txt ...

trajectory saved!
[Tracking] wrote pre-reset trajectory to TrajectoryBeforeReset_oxf_orb_akz_r01_seg07_pid2776816_1757367733204.txt
[Tracking] LOST for 10 consecutive frames -> reset
System Reseting
Reseting Local Mapper... done
Reseting Loop Closing... done
Reseting Database... done
0
New map created with 146 points for 0 Feature Type 
New map created with 626 points for 1 Feature Type 
Tracking Initlized in 1.48s
The initlized frame ID: 2
The lost frame ID: 2243
The lost frame ID: 2244
The lost frame ID: 2245
The lost frame ID: 2246
The lost frame ID: 2247
The lost frame ID: 2248
The lost frame ID: 2249
The lost frame ID: 2250
The lost frame ID: 2251

Saving camera trajectory to TrajectoryBeforeReset_oxf_orb_akz_r01_seg08_pid2776816_1757368134370.txt ...

trajectory saved!
[Tracking] wrote pre-reset trajectory to TrajectoryBeforeReset_oxf_orb_akz_r01_seg08_pid2776816_1757368134370.txt
[Tracking] LOST for 10 consecutive frames -> reset
System Reseting
Reseting Local Mapper... done
Reseting Loop Closing... done
Reseting Database... done
1
New map created with 74 points for 0 Feature Type 
New map created with 341 points for 1 Feature Type 
Tracking Initlized in 6.38s
The initlized frame ID: 10
The lost frame ID: 156
The lost frame ID: 157
The lost frame ID: 158
The lost frame ID: 159
The lost frame ID: 160
The lost frame ID: 161
The lost frame ID: 162
The lost frame ID: 163
The lost frame ID: 164

Saving camera trajectory to TrajectoryBeforeReset_oxf_orb_akz_r01_seg09_pid2776816_1757368164685.txt ...

trajectory saved!
[Tracking] wrote pre-reset trajectory to TrajectoryBeforeReset_oxf_orb_akz_r01_seg09_pid2776816_1757368164685.txt
[Tracking] LOST for 10 consecutive frames -> reset
System Reseting
Reseting Local Mapper... done
Reseting Loop Closing... done
Reseting Database... done
0
New map created with 102 points for 0 Feature Type 
New map created with 340 points for 1 Feature Type 
Tracking Initlized in 0.76s
The initlized frame ID: 1
System::StopViewer()
System::StopViewer() done

Saving correlation status...

========== Global Summary ==========
Frames: 7244
avg_CorrEdges: 4.19671
avg_match_A: 110.615
avg_match_B: 98.1984
global_RI_MNR: 0.0427371
global_RI_GNR: 0.0402671
global_RI_DICE: 0.0401959

========== Per-Channel Summary ==========
   chA   chB     avgCorr        avgA        avgB   avgRI_MNR   avgRI_GNR  avgRI_DICE
     0     1     4.19671     110.615     98.1984   0.0418282   0.0358785   0.0352847

Correlation status saved!

System Shutdown
-------

median tracking time: 0.135992
mean tracking time: 0.138471

Saving camera trajectory to result01.txt ...

trajectory saved!
All done

========== Performance Summary (ms) ==========
name                                mean      median        rmse         min         max       count
Lost Count                         1.000       1.000       0.000       1.000       1.000           9
Tracking                           8.785       7.308       6.941       1.364     293.732        7335
Total Init                     23991.859   23991.859       0.000   23991.859   23991.859           1
Pipeline                         137.712     135.954      26.838      75.534     421.727        7513
Reset Count                        1.000       1.000       0.000       1.000       1.000           9
Correlation                        0.190       0.157       0.144       0.031       4.306        7245
AKAZE Extract                    123.395     121.068      24.346      66.791     217.840        7513
ORB Extract                       30.458      29.034       8.055       7.335      73.132        7513
[RUN 02/20] 2025-09-08 22:49:46
Registering ORBextractor...
Registering AKAZEextractor...
Registering BRISKextractor...
Registering SIFTextractor...
Registering KAZEextractor...
Registering SuperPointExtractor...

ORB-SLAM2 Copyright (C) 2014-2016 Raul Mur-Artal, University of Zaragoza.
This program comes with ABSOLUTELY NO WARRANTY;
This is free software, and you are welcome to redistribute it
under certain conditions. See LICENSE.txt.

Input sensor was set to: Monocular

Loading Vocabulary : /home/howard/Refactored_ORB_SLAM2/Install/var/lib/orbslam2/voc/orb_mur.fbow
This could take a while...
Loading ORB Vocabulary in FBoW.
ORB Vocabulary loaded in 0.032235s


Loading Vocabulary : /home/howard/Refactored_ORB_SLAM2/Install/var/lib/orbslam2/voc/akaze_cv.fbow
This could take a while...
Loading AKAZE Vocabulary in FBoW.
AKAZE Vocabulary loaded in 0.004034s


Camera Parameters: 
- fx: 983.044
- fy: 983.044
- cx: 643.647
- cy: 493.379
- k1: 0
- k2: 0
- p1: 0
- p2: 0
- fps: 16
- color order: RGB (ignored if grayscale)

[Feature 0] ORB Extractor Parameters: 
 ( TH_LOW: 50, TH_HIGH: 100 )
- Number of Features: 2000
- Scale Levels: 8
- Scale Factor: 1.2
- Initial Fast Threshold: 20
- Minimum Fast Threshold: 7

[Feature 1] AKAZE Extractor Parameters: 
 ( TH_LOW: 100, TH_HIGH: 200 )
- Number of Features: 1000
- Scale Levels: 4
- Scale Factor: 1.2
- Threshold: 0.001
- Num of Octaves: 4
- Num of Octave Layers: 4

-------
Start processing sequence ...
Images in the sequence: 7513

1
New map created with 24 points for 0 Feature Type 
New map created with 130 points for 1 Feature Type 
Tracking Initlized in 95.93s
The initlized frame ID: 141
The lost frame ID: 831
The lost frame ID: 832
The lost frame ID: 833
The lost frame ID: 834
The lost frame ID: 835
The lost frame ID: 836
The lost frame ID: 837
The lost frame ID: 838
The lost frame ID: 839

Saving camera trajectory to TrajectoryBeforeReset_oxf_orb_akz_r02_seg01_pid2879634_1757368325882.txt ...

trajectory saved!
[Tracking] wrote pre-reset trajectory to TrajectoryBeforeReset_oxf_orb_akz_r02_seg01_pid2879634_1757368325882.txt
[Tracking] LOST for 10 consecutive frames -> reset
System Reseting
Reseting Local Mapper... done
Reseting Loop Closing... done
Reseting Database... done
1
New map created with 93 points for 0 Feature Type 
New map created with 498 points for 1 Feature Type 
Tracking Initlized in 1.34s
The initlized frame ID: 2
The lost frame ID: 639
The lost frame ID: 640
The lost frame ID: 641
The lost frame ID: 642
The lost frame ID: 643
The lost frame ID: 644
The lost frame ID: 645
The lost frame ID: 646
The lost frame ID: 647

Saving camera trajectory to TrajectoryBeforeReset_oxf_orb_akz_r02_seg02_pid2879634_1757368431203.txt ...

trajectory saved!
[Tracking] wrote pre-reset trajectory to TrajectoryBeforeReset_oxf_orb_akz_r02_seg02_pid2879634_1757368431203.txt
[Tracking] LOST for 10 consecutive frames -> reset
System Reseting
Reseting Local Mapper... done
Reseting Loop Closing... done
Reseting Database... done
1
New map created with 51 points for 0 Feature Type 
New map created with 311 points for 1 Feature Type 
Tracking Initlized in 5.29s
The initlized frame ID: 8
The lost frame ID: 252
The lost frame ID: 253
The lost frame ID: 254
The lost frame ID: 255
The lost frame ID: 256
The lost frame ID: 257
The lost frame ID: 258
The lost frame ID: 259
The lost frame ID: 260

Saving camera trajectory to TrajectoryBeforeReset_oxf_orb_akz_r02_seg03_pid2879634_1757368478165.txt ...

trajectory saved!
[Tracking] wrote pre-reset trajectory to TrajectoryBeforeReset_oxf_orb_akz_r02_seg03_pid2879634_1757368478165.txt
[Tracking] LOST for 10 consecutive frames -> reset
System Reseting
Reseting Local Mapper... done
Reseting Loop Closing... done
Reseting Database... done
1
New map created with 88 points for 0 Feature Type 
New map created with 283 points for 1 Feature Type 
Tracking Initlized in 1.41s
The initlized frame ID: 2
The lost frame ID: 1011
The lost frame ID: 1012
The lost frame ID: 1013
The lost frame ID: 1014
The lost frame ID: 1015
The lost frame ID: 1016
The lost frame ID: 1017
The lost frame ID: 1018
The lost frame ID: 1019

Saving camera trajectory to TrajectoryBeforeReset_oxf_orb_akz_r02_seg04_pid2879634_1757368654604.txt ...

trajectory saved!
[Tracking] wrote pre-reset trajectory to TrajectoryBeforeReset_oxf_orb_akz_r02_seg04_pid2879634_1757368654604.txt
[Tracking] LOST for 10 consecutive frames -> reset
System Reseting
Reseting Local Mapper... done
Reseting Loop Closing... done
Reseting Database... done
1
New map created with 59 points for 0 Feature Type 
New map created with 248 points for 1 Feature Type 
Tracking Initlized in 1.39s
The initlized frame ID: 2
The lost frame ID: 180
The lost frame ID: 181
The lost frame ID: 182
The lost frame ID: 183
The lost frame ID: 184
The lost frame ID: 185
The lost frame ID: 186
The lost frame ID: 187
The lost frame ID: 188

Saving camera trajectory to TrajectoryBeforeReset_oxf_orb_akz_r02_seg05_pid2879634_1757368690504.txt ...

trajectory saved!
[Tracking] wrote pre-reset trajectory to TrajectoryBeforeReset_oxf_orb_akz_r02_seg05_pid2879634_1757368690504.txt
[Tracking] LOST for 10 consecutive frames -> reset
System Reseting
Reseting Local Mapper... done
Reseting Loop Closing... done
Reseting Database... done
1
New map created with 71 points for 0 Feature Type 
New map created with 118 points for 1 Feature Type 
Tracking Initlized in 1.54s
The initlized frame ID: 2
The lost frame ID: 594
The lost frame ID: 595
The lost frame ID: 596
The lost frame ID: 597
The lost frame ID: 598
The lost frame ID: 599
The lost frame ID: 600
The lost frame ID: 601
The lost frame ID: 602

Saving camera trajectory to TrajectoryBeforeReset_oxf_orb_akz_r02_seg06_pid2879634_1757368798608.txt ...

trajectory saved!
[Tracking] wrote pre-reset trajectory to TrajectoryBeforeReset_oxf_orb_akz_r02_seg06_pid2879634_1757368798608.txt
[Tracking] LOST for 10 consecutive frames -> reset
System Reseting
Reseting Local Mapper... done
Reseting Loop Closing... done
Reseting Database... done
1
New map created with 69 points for 0 Feature Type 
New map created with 512 points for 1 Feature Type 
Tracking Initlized in 1.96s
The initlized frame ID: 3
The lost frame ID: 1410
The lost frame ID: 1411
The lost frame ID: 1412
The lost frame ID: 1413
The lost frame ID: 1414
The lost frame ID: 1415
The lost frame ID: 1416
The lost frame ID: 1417
The lost frame ID: 1418

Saving camera trajectory to TrajectoryBeforeReset_oxf_orb_akz_r02_seg07_pid2879634_1757369047013.txt ...

trajectory saved!
[Tracking] wrote pre-reset trajectory to TrajectoryBeforeReset_oxf_orb_akz_r02_seg07_pid2879634_1757369047013.txt
[Tracking] LOST for 10 consecutive frames -> reset
System Reseting
Reseting Local Mapper... done
Reseting Loop Closing... done
Reseting Database... done
0
New map created with 143 points for 0 Feature Type 
New map created with 579 points for 1 Feature Type 
Tracking Initlized in 1.36s
The initlized frame ID: 2
The lost frame ID: 2242
The lost frame ID: 2243
The lost frame ID: 2244
The lost frame ID: 2245
The lost frame ID: 2246
The lost frame ID: 2247
The lost frame ID: 2248
The lost frame ID: 2249
The lost frame ID: 2250

Saving camera trajectory to TrajectoryBeforeReset_oxf_orb_akz_r02_seg08_pid2879634_1757369456368.txt ...

trajectory saved!
[Tracking] wrote pre-reset trajectory to TrajectoryBeforeReset_oxf_orb_akz_r02_seg08_pid2879634_1757369456368.txt
[Tracking] LOST for 10 consecutive frames -> reset
System Reseting
Reseting Local Mapper... done
Reseting Loop Closing... done
Reseting Database... done
1
New map created with 90 points for 0 Feature Type 
New map created with 377 points for 1 Feature Type 
Tracking Initlized in 6.29s
The initlized frame ID: 10
The lost frame ID: 156
The lost frame ID: 157
The lost frame ID: 158
The lost frame ID: 159
The lost frame ID: 160
The lost frame ID: 161
The lost frame ID: 162
The lost frame ID: 163
The lost frame ID: 164

Saving camera trajectory to TrajectoryBeforeReset_oxf_orb_akz_r02_seg09_pid2879634_1757369488946.txt ...

trajectory saved!
[Tracking] wrote pre-reset trajectory to TrajectoryBeforeReset_oxf_orb_akz_r02_seg09_pid2879634_1757369488946.txt
[Tracking] LOST for 10 consecutive frames -> reset
System Reseting
Reseting Local Mapper... done
Reseting Loop Closing... done
Reseting Database... done
0
New map created with 104 points for 0 Feature Type 
New map created with 340 points for 1 Feature Type 
Tracking Initlized in 0.79s
The initlized frame ID: 1
System::StopViewer()
System::StopViewer() done

Saving correlation status...

========== Global Summary ==========
Frames: 7240
avg_CorrEdges: 4.20566
avg_match_A: 110.948
avg_match_B: 98.167
global_RI_MNR: 0.0428419
global_RI_GNR: 0.0402989
global_RI_DICE: 0.0402235

========== Per-Channel Summary ==========
   chA   chB     avgCorr        avgA        avgB   avgRI_MNR   avgRI_GNR  avgRI_DICE
     0     1     4.20566     110.948      98.167   0.0420243    0.036122   0.0355381

Correlation status saved!

System Shutdown
-------

median tracking time: 0.149608
mean tracking time: 0.151775

Saving camera trajectory to result02.txt ...

trajectory saved!
All done

========== Performance Summary (ms) ==========
name                                mean      median        rmse         min         max       count
Lost Count                         1.000       1.000       0.000       1.000       1.000           9
Tracking                           9.597       8.368       6.903       1.625     374.825        7330
Total Init                     28099.045   28099.045       0.000   28099.045   28099.045           1
Pipeline                         150.830     149.579      24.858      85.378     480.138        7513
Reset Count                        1.000       1.000       0.000       1.000       1.000           9
Correlation                        0.208       0.171       0.213       0.041       8.688        7240
AKAZE Extract                    134.922     132.786      22.972      75.571     245.778        7513
ORB Extract                       32.290      30.533       8.618       8.484     121.406        7513
[RUN 03/20] 2025-09-08 23:11:51
Registering ORBextractor...
Registering AKAZEextractor...
Registering BRISKextractor...
Registering SIFTextractor...
Registering KAZEextractor...
Registering SuperPointExtractor...

ORB-SLAM2 Copyright (C) 2014-2016 Raul Mur-Artal, University of Zaragoza.
This program comes with ABSOLUTELY NO WARRANTY;
This is free software, and you are welcome to redistribute it
under certain conditions. See LICENSE.txt.

Input sensor was set to: Monocular

Loading Vocabulary : /home/howard/Refactored_ORB_SLAM2/Install/var/lib/orbslam2/voc/orb_mur.fbow
This could take a while...
Loading ORB Vocabulary in FBoW.
ORB Vocabulary loaded in 0.019404s


Loading Vocabulary : /home/howard/Refactored_ORB_SLAM2/Install/var/lib/orbslam2/voc/akaze_cv.fbow
This could take a while...
Loading AKAZE Vocabulary in FBoW.
AKAZE Vocabulary loaded in 0.002550s


Camera Parameters: 
- fx: 983.044
- fy: 983.044
- cx: 643.647
- cy: 493.379
- k1: 0
- k2: 0
- p1: 0
- p2: 0
- fps: 16
- color order: RGB (ignored if grayscale)

[Feature 0] ORB Extractor Parameters: 
 ( TH_LOW: 50, TH_HIGH: 100 )
- Number of Features: 2000
- Scale Levels: 8
- Scale Factor: 1.2
- Initial Fast Threshold: 20
- Minimum Fast Threshold: 7

[Feature 1] AKAZE Extractor Parameters: 
 ( TH_LOW: 100, TH_HIGH: 200 )
- Number of Features: 1000
- Scale Levels: 4
- Scale Factor: 1.2
- Threshold: 0.001
- Num of Octaves: 4
- Num of Octave Layers: 4

-------
Start processing sequence ...
Images in the sequence: 7513

1
New map created with 24 points for 0 Feature Type 
New map created with 130 points for 1 Feature Type 
Tracking Initlized in 100.12s
The initlized frame ID: 141
The lost frame ID: 831
The lost frame ID: 832
The lost frame ID: 833
The lost frame ID: 834
The lost frame ID: 835
The lost frame ID: 836
The lost frame ID: 837
The lost frame ID: 838
The lost frame ID: 839

Saving camera trajectory to TrajectoryBeforeReset_oxf_orb_akz_r03_seg01_pid2987941_1757369660682.txt ...

trajectory saved!
[Tracking] wrote pre-reset trajectory to TrajectoryBeforeReset_oxf_orb_akz_r03_seg01_pid2987941_1757369660682.txt
[Tracking] LOST for 10 consecutive frames -> reset
System Reseting
Reseting Local Mapper... done
Reseting Loop Closing... done
Reseting Database... done
1
New map created with 94 points for 0 Feature Type 
New map created with 498 points for 1 Feature Type 
Tracking Initlized in 1.43s
The initlized frame ID: 2
The lost frame ID: 623
The lost frame ID: 624
The lost frame ID: 625
The lost frame ID: 626
The lost frame ID: 627
The lost frame ID: 628
The lost frame ID: 629
The lost frame ID: 630
The lost frame ID: 631

Saving camera trajectory to TrajectoryBeforeReset_oxf_orb_akz_r03_seg02_pid2987941_1757369770862.txt ...

trajectory saved!
[Tracking] wrote pre-reset trajectory to TrajectoryBeforeReset_oxf_orb_akz_r03_seg02_pid2987941_1757369770862.txt
[Tracking] LOST for 10 consecutive frames -> reset
System Reseting
Reseting Local Mapper... done
Reseting Loop Closing... done
Reseting Database... done
1
New map created with 25 points for 0 Feature Type 
New map created with 163 points for 1 Feature Type 
Tracking Initlized in 10.61s
The initlized frame ID: 16
The lost frame ID: 268
The lost frame ID: 269
The lost frame ID: 270
The lost frame ID: 271
The lost frame ID: 272
The lost frame ID: 273
The lost frame ID: 274
The lost frame ID: 275
The lost frame ID: 276

Saving camera trajectory to TrajectoryBeforeReset_oxf_orb_akz_r03_seg03_pid2987941_1757369817586.txt ...

trajectory saved!
[Tracking] wrote pre-reset trajectory to TrajectoryBeforeReset_oxf_orb_akz_r03_seg03_pid2987941_1757369817586.txt
[Tracking] LOST for 10 consecutive frames -> reset
System Reseting
Reseting Local Mapper... done
Reseting Loop Closing... done
Reseting Database... done
1
New map created with 68 points for 0 Feature Type 
New map created with 284 points for 1 Feature Type 
Tracking Initlized in 2.15s
The initlized frame ID: 3
The lost frame ID: 1011
The lost frame ID: 1012
The lost frame ID: 1013
The lost frame ID: 1014
The lost frame ID: 1015
The lost frame ID: 1016
The lost frame ID: 1017
The lost frame ID: 1018
The lost frame ID: 1019

Saving camera trajectory to TrajectoryBeforeReset_oxf_orb_akz_r03_seg04_pid2987941_1757369985462.txt ...

trajectory saved!
[Tracking] wrote pre-reset trajectory to TrajectoryBeforeReset_oxf_orb_akz_r03_seg04_pid2987941_1757369985462.txt
[Tracking] LOST for 10 consecutive frames -> reset
System Reseting
Reseting Local Mapper... done
Reseting Loop Closing... done
Reseting Database... done
1
New map created with 62 points for 0 Feature Type 
New map created with 254 points for 1 Feature Type 
Tracking Initlized in 1.43s
The initlized frame ID: 2
The lost frame ID: 180
The lost frame ID: 181
The lost frame ID: 182
The lost frame ID: 183
The lost frame ID: 184
The lost frame ID: 185
The lost frame ID: 186
The lost frame ID: 187
The lost frame ID: 188

Saving camera trajectory to TrajectoryBeforeReset_oxf_orb_akz_r03_seg05_pid2987941_1757370016759.txt ...

trajectory saved!
[Tracking] wrote pre-reset trajectory to TrajectoryBeforeReset_oxf_orb_akz_r03_seg05_pid2987941_1757370016759.txt
[Tracking] LOST for 10 consecutive frames -> reset
System Reseting
Reseting Local Mapper... done
Reseting Loop Closing... done
Reseting Database... done
1
New map created with 69 points for 0 Feature Type 
New map created with 119 points for 1 Feature Type 
Tracking Initlized in 1.54s
The initlized frame ID: 2
The lost frame ID: 595
The lost frame ID: 596
The lost frame ID: 597
The lost frame ID: 598
The lost frame ID: 599
The lost frame ID: 600
The lost frame ID: 601
The lost frame ID: 602
The lost frame ID: 603

Saving camera trajectory to TrajectoryBeforeReset_oxf_orb_akz_r03_seg06_pid2987941_1757370116298.txt ...

trajectory saved!
[Tracking] wrote pre-reset trajectory to TrajectoryBeforeReset_oxf_orb_akz_r03_seg06_pid2987941_1757370116298.txt
[Tracking] LOST for 10 consecutive frames -> reset
System Reseting
Reseting Local Mapper... done
Reseting Loop Closing... done
Reseting Database... done
1
New map created with 110 points for 0 Feature Type 
New map created with 535 points for 1 Feature Type 
Tracking Initlized in 1.19s
The initlized frame ID: 2
The lost frame ID: 1407
The lost frame ID: 1408
The lost frame ID: 1409
The lost frame ID: 1410
The lost frame ID: 1411
The lost frame ID: 1412
The lost frame ID: 1413
The lost frame ID: 1414
The lost frame ID: 1415

Saving camera trajectory to TrajectoryBeforeReset_oxf_orb_akz_r03_seg07_pid2987941_1757370352892.txt ...

trajectory saved!
[Tracking] wrote pre-reset trajectory to TrajectoryBeforeReset_oxf_orb_akz_r03_seg07_pid2987941_1757370352892.txt
[Tracking] LOST for 10 consecutive frames -> reset
System Reseting
Reseting Local Mapper... done
Reseting Loop Closing... done
Reseting Database... done
0
New map created with 147 points for 0 Feature Type 
New map created with 575 points for 1 Feature Type 
Tracking Initlized in 1.66s
The initlized frame ID: 2
The lost frame ID: 2244
The lost frame ID: 2245
The lost frame ID: 2246
The lost frame ID: 2247
The lost frame ID: 2248
The lost frame ID: 2249
The lost frame ID: 2250
The lost frame ID: 2251
The lost frame ID: 2252

Saving camera trajectory to TrajectoryBeforeReset_oxf_orb_akz_r03_seg08_pid2987941_1757370745592.txt ...

trajectory saved!
[Tracking] wrote pre-reset trajectory to TrajectoryBeforeReset_oxf_orb_akz_r03_seg08_pid2987941_1757370745592.txt
[Tracking] LOST for 10 consecutive frames -> reset
System Reseting
Reseting Local Mapper... done
Reseting Loop Closing... done
Reseting Database... done
1
New map created with 89 points for 0 Feature Type 
New map created with 341 points for 1 Feature Type 
Tracking Initlized in 6.43s
The initlized frame ID: 10
The lost frame ID: 156
The lost frame ID: 157
The lost frame ID: 158
The lost frame ID: 159
The lost frame ID: 160
The lost frame ID: 161
The lost frame ID: 162
The lost frame ID: 163
The lost frame ID: 164

Saving camera trajectory to TrajectoryBeforeReset_oxf_orb_akz_r03_seg09_pid2987941_1757370776298.txt ...

trajectory saved!
[Tracking] wrote pre-reset trajectory to TrajectoryBeforeReset_oxf_orb_akz_r03_seg09_pid2987941_1757370776298.txt
[Tracking] LOST for 10 consecutive frames -> reset
System Reseting
Reseting Local Mapper... done
Reseting Loop Closing... done
Reseting Database... done
0
New map created with 101 points for 0 Feature Type 
New map created with 349 points for 1 Feature Type 
Tracking Initlized in 0.84s
The initlized frame ID: 1
System::StopViewer()
System::StopViewer() done

Saving correlation status...

========== Global Summary ==========
Frames: 7232
avg_CorrEdges: 4.01106
avg_match_A: 109.787
avg_match_B: 97.7785
global_RI_MNR: 0.0410219
global_RI_GNR: 0.0387134
global_RI_DICE: 0.0386486

========== Per-Channel Summary ==========
   chA   chB     avgCorr        avgA        avgB   avgRI_MNR   avgRI_GNR  avgRI_DICE
     0     1     4.01106     109.787     97.7785   0.0402672   0.0347437   0.0341922

Correlation status saved!

System Shutdown
-------

median tracking time: 0.146263
mean tracking time: 0.149058

Saving camera trajectory to result03.txt ...

trajectory saved!
All done

========== Performance Summary (ms) ==========
name                                mean      median        rmse         min         max       count
Lost Count                         1.000       1.000       0.000       1.000       1.000           9
Tracking                           9.340       8.058      10.031       0.890     675.610        7322
Total Init                     30652.175   30652.175       0.000   30652.175   30652.175           1
Pipeline                         148.328     146.227      27.158      87.321     857.103        7513
Reset Count                        1.000       1.000       0.000       1.000       1.000           9
Correlation                        0.201       0.164       0.194       0.034       6.950        7232
AKAZE Extract                    132.762     130.234      23.372      79.162     230.863        7513
ORB Extract                       32.481      30.710       8.444       7.587      84.092        7513
[RUN 04/20] 2025-09-08 23:33:18
Registering ORBextractor...
Registering AKAZEextractor...
Registering BRISKextractor...
Registering SIFTextractor...
Registering KAZEextractor...
Registering SuperPointExtractor...

ORB-SLAM2 Copyright (C) 2014-2016 Raul Mur-Artal, University of Zaragoza.
This program comes with ABSOLUTELY NO WARRANTY;
This is free software, and you are welcome to redistribute it
under certain conditions. See LICENSE.txt.

Input sensor was set to: Monocular

Loading Vocabulary : /home/howard/Refactored_ORB_SLAM2/Install/var/lib/orbslam2/voc/orb_mur.fbow
This could take a while...
Loading ORB Vocabulary in FBoW.
ORB Vocabulary loaded in 0.015730s


Loading Vocabulary : /home/howard/Refactored_ORB_SLAM2/Install/var/lib/orbslam2/voc/akaze_cv.fbow
This could take a while...
Loading AKAZE Vocabulary in FBoW.
AKAZE Vocabulary loaded in 0.004321s


Camera Parameters: 
- fx: 983.044
- fy: 983.044
- cx: 643.647
- cy: 493.379
- k1: 0
- k2: 0
- p1: 0
- p2: 0
- fps: 16
- color order: RGB (ignored if grayscale)

[Feature 0] ORB Extractor Parameters: 
 ( TH_LOW: 50, TH_HIGH: 100 )
- Number of Features: 2000
- Scale Levels: 8
- Scale Factor: 1.2
- Initial Fast Threshold: 20
- Minimum Fast Threshold: 7

[Feature 1] AKAZE Extractor Parameters: 
 ( TH_LOW: 100, TH_HIGH: 200 )
- Number of Features: 1000
- Scale Levels: 4
- Scale Factor: 1.2
- Threshold: 0.001
- Num of Octaves: 4
- Num of Octave Layers: 4

-------
Start processing sequence ...
Images in the sequence: 7513

1
New map created with 24 points for 0 Feature Type 
New map created with 130 points for 1 Feature Type 
Tracking Initlized in 98.21s
The initlized frame ID: 141
The lost frame ID: 633
The lost frame ID: 634
The lost frame ID: 635
The lost frame ID: 636
The lost frame ID: 637
The lost frame ID: 638
The lost frame ID: 639
The lost frame ID: 640
The lost frame ID: 641

Saving camera trajectory to TrajectoryBeforeReset_oxf_orb_akz_r04_seg01_pid3094987_1757370916027.txt ...

trajectory saved!
[Tracking] wrote pre-reset trajectory to TrajectoryBeforeReset_oxf_orb_akz_r04_seg01_pid3094987_1757370916027.txt
[Tracking] LOST for 10 consecutive frames -> reset
System Reseting
Reseting Local Mapper... done
Reseting Loop Closing... done
Reseting Database... done
1
New map created with 16 points for 0 Feature Type 
New map created with 175 points for 1 Feature Type 
Tracking Initlized in 2.53s
The initlized frame ID: 4
The lost frame ID: 189
The lost frame ID: 190
The lost frame ID: 191
The lost frame ID: 192
The lost frame ID: 193
The lost frame ID: 194
The lost frame ID: 195
The lost frame ID: 196
The lost frame ID: 197

Saving camera trajectory to TrajectoryBeforeReset_oxf_orb_akz_r04_seg02_pid3094987_1757370948061.txt ...

trajectory saved!
[Tracking] wrote pre-reset trajectory to TrajectoryBeforeReset_oxf_orb_akz_r04_seg02_pid3094987_1757370948061.txt
[Tracking] LOST for 10 consecutive frames -> reset
System Reseting
Reseting Local Mapper... done
Reseting Loop Closing... done
Reseting Database... done
0
New map created with 112 points for 0 Feature Type 
New map created with 511 points for 1 Feature Type 
Tracking Initlized in 1.46s
The initlized frame ID: 2
The lost frame ID: 622
The lost frame ID: 623
The lost frame ID: 624
The lost frame ID: 639
The lost frame ID: 640
The lost frame ID: 641
The lost frame ID: 642
The lost frame ID: 643
The lost frame ID: 644
The lost frame ID: 645
The lost frame ID: 646
The lost frame ID: 647

Saving camera trajectory to TrajectoryBeforeReset_oxf_orb_akz_r04_seg03_pid3094987_1757371052861.txt ...

trajectory saved!
[Tracking] wrote pre-reset trajectory to TrajectoryBeforeReset_oxf_orb_akz_r04_seg03_pid3094987_1757371052861.txt
[Tracking] LOST for 10 consecutive frames -> reset
System Reseting
Reseting Local Mapper... done
Reseting Loop Closing... done
Reseting Database... done
1
New map created with 61 points for 0 Feature Type 
New map created with 331 points for 1 Feature Type 
Tracking Initlized in 4.93s
The initlized frame ID: 7
The lost frame ID: 252
The lost frame ID: 253
The lost frame ID: 254
The lost frame ID: 255
The lost frame ID: 256
The lost frame ID: 257
The lost frame ID: 258
The lost frame ID: 259
The lost frame ID: 260

Saving camera trajectory to TrajectoryBeforeReset_oxf_orb_akz_r04_seg04_pid3094987_1757371096976.txt ...

trajectory saved!
[Tracking] wrote pre-reset trajectory to TrajectoryBeforeReset_oxf_orb_akz_r04_seg04_pid3094987_1757371096976.txt
[Tracking] LOST for 10 consecutive frames -> reset
System Reseting
Reseting Local Mapper... done
Reseting Loop Closing... done
Reseting Database... done
1
New map created with 90 points for 0 Feature Type 
New map created with 308 points for 1 Feature Type 
Tracking Initlized in 1.53s
The initlized frame ID: 2
The lost frame ID: 1011
The lost frame ID: 1012
The lost frame ID: 1013
The lost frame ID: 1014
The lost frame ID: 1015
The lost frame ID: 1016
The lost frame ID: 1017
The lost frame ID: 1018
The lost frame ID: 1019

Saving camera trajectory to TrajectoryBeforeReset_oxf_orb_akz_r04_seg05_pid3094987_1757371269999.txt ...

trajectory saved!
[Tracking] wrote pre-reset trajectory to TrajectoryBeforeReset_oxf_orb_akz_r04_seg05_pid3094987_1757371269999.txt
[Tracking] LOST for 10 consecutive frames -> reset
System Reseting
Reseting Local Mapper... done
Reseting Loop Closing... done
Reseting Database... done
1
New map created with 58 points for 0 Feature Type 
New map created with 223 points for 1 Feature Type 
Tracking Initlized in 1.48s
The initlized frame ID: 2
The lost frame ID: 180
The lost frame ID: 181
The lost frame ID: 182
The lost frame ID: 183
The lost frame ID: 184
The lost frame ID: 185
The lost frame ID: 186
The lost frame ID: 187
The lost frame ID: 188

Saving camera trajectory to TrajectoryBeforeReset_oxf_orb_akz_r04_seg06_pid3094987_1757371302642.txt ...

trajectory saved!
[Tracking] wrote pre-reset trajectory to TrajectoryBeforeReset_oxf_orb_akz_r04_seg06_pid3094987_1757371302642.txt
[Tracking] LOST for 10 consecutive frames -> reset
System Reseting
Reseting Local Mapper... done
Reseting Loop Closing... done
Reseting Database... done
1
New map created with 70 points for 0 Feature Type 
New map created with 118 points for 1 Feature Type 
Tracking Initlized in 1.65s
The initlized frame ID: 2
The lost frame ID: 592
The lost frame ID: 593
The lost frame ID: 594
The lost frame ID: 595
The lost frame ID: 596
The lost frame ID: 597
The lost frame ID: 598
The lost frame ID: 599
The lost frame ID: 600

Saving camera trajectory to TrajectoryBeforeReset_oxf_orb_akz_r04_seg07_pid3094987_1757371405391.txt ...

trajectory saved!
[Tracking] wrote pre-reset trajectory to TrajectoryBeforeReset_oxf_orb_akz_r04_seg07_pid3094987_1757371405391.txt
[Tracking] LOST for 10 consecutive frames -> reset
System Reseting
Reseting Local Mapper... done
Reseting Loop Closing... done
Reseting Database... done
0
New map created with 109 points for 0 Feature Type 
New map created with 202 points for 1 Feature Type 
Tracking Initlized in 0.73s
The initlized frame ID: 1
Track lost soon after initialisation, reseting...
System Reseting
Reseting Local Mapper... done
Reseting Loop Closing... done
Reseting Database... done
1
New map created with 112 points for 0 Feature Type 
New map created with 581 points for 1 Feature Type 
Tracking Initlized in 1.35s
The initlized frame ID: 2
The lost frame ID: 1408
The lost frame ID: 1409
The lost frame ID: 1410
The lost frame ID: 1411
The lost frame ID: 1412
The lost frame ID: 1413
The lost frame ID: 1414
The lost frame ID: 1415
The lost frame ID: 1416

Saving camera trajectory to TrajectoryBeforeReset_oxf_orb_akz_r04_seg08_pid3094987_1757371653077.txt ...

trajectory saved!
[Tracking] wrote pre-reset trajectory to TrajectoryBeforeReset_oxf_orb_akz_r04_seg08_pid3094987_1757371653077.txt
[Tracking] LOST for 10 consecutive frames -> reset
System Reseting
Reseting Local Mapper... done
Reseting Loop Closing... done
Reseting Database... done
0
New map created with 141 points for 0 Feature Type 
New map created with 623 points for 1 Feature Type 
Tracking Initlized in 1.34s
The initlized frame ID: 2
The lost frame ID: 2243
The lost frame ID: 2244
The lost frame ID: 2245
The lost frame ID: 2246
The lost frame ID: 2247
The lost frame ID: 2248
The lost frame ID: 2249
The lost frame ID: 2250
The lost frame ID: 2251

Saving camera trajectory to TrajectoryBeforeReset_oxf_orb_akz_r04_seg09_pid3094987_1757372049282.txt ...

trajectory saved!
[Tracking] wrote pre-reset trajectory to TrajectoryBeforeReset_oxf_orb_akz_r04_seg09_pid3094987_1757372049282.txt
[Tracking] LOST for 10 consecutive frames -> reset
System Reseting
Reseting Local Mapper... done
Reseting Loop Closing... done
Reseting Database... done
1
New map created with 87 points for 0 Feature Type 
New map created with 382 points for 1 Feature Type 
Tracking Initlized in 6.35s
The initlized frame ID: 10
The lost frame ID: 156
The lost frame ID: 157
The lost frame ID: 158
The lost frame ID: 159
The lost frame ID: 160
The lost frame ID: 161
The lost frame ID: 162
The lost frame ID: 163
The lost frame ID: 164

Saving camera trajectory to TrajectoryBeforeReset_oxf_orb_akz_r04_seg10_pid3094987_1757372079460.txt ...

trajectory saved!
[Tracking] wrote pre-reset trajectory to TrajectoryBeforeReset_oxf_orb_akz_r04_seg10_pid3094987_1757372079460.txt
[Tracking] LOST for 10 consecutive frames -> reset
System Reseting
Reseting Local Mapper... done
Reseting Loop Closing... done
Reseting Database... done
0
New map created with 104 points for 0 Feature Type 
New map created with 345 points for 1 Feature Type 
Tracking Initlized in 0.83s
The initlized frame ID: 1
System::StopViewer()
System::StopViewer() done

Saving correlation status...

========== Global Summary ==========
Frames: 7220
avg_CorrEdges: 4.42715
avg_match_A: 110.799
avg_match_B: 99.1424
global_RI_MNR: 0.0446544
global_RI_GNR: 0.0422402
global_RI_DICE: 0.042175

========== Per-Channel Summary ==========
   chA   chB     avgCorr        avgA        avgB   avgRI_MNR   avgRI_GNR  avgRI_DICE
     0     1     4.42715     110.799     99.1424   0.0430591   0.0370055   0.0363923

Correlation status saved!

System Shutdown
-------

median tracking time: 0.148735
mean tracking time: 0.151386

Saving camera trajectory to result04.txt ...

trajectory saved!
All done

========== Performance Summary (ms) ==========
name                                mean      median        rmse         min         max       count
Lost Count                         1.000       1.000       0.000       1.000       1.000          10
Tracking                           9.446       7.982      11.588       1.188     770.432        7325
Total Init                     29559.713   29559.713       0.000   29559.713   29559.713           1
Pipeline                         150.593     148.668      27.822      79.756     935.286        7513
Reset Count                        1.000       1.000       0.000       1.000       1.000          11
Correlation                        0.198       0.164       0.171       0.009       7.164        7221
AKAZE Extract                    134.888     132.509      23.988      71.198     292.247        7513
ORB Extract                       32.142      30.547       8.258       7.942      71.920        7513
[RUN 05/20] 2025-09-08 23:55:02
Registering ORBextractor...
Registering AKAZEextractor...
Registering BRISKextractor...
Registering SIFTextractor...
Registering KAZEextractor...
Registering SuperPointExtractor...

ORB-SLAM2 Copyright (C) 2014-2016 Raul Mur-Artal, University of Zaragoza.
This program comes with ABSOLUTELY NO WARRANTY;
This is free software, and you are welcome to redistribute it
under certain conditions. See LICENSE.txt.

Input sensor was set to: Monocular

Loading Vocabulary : /home/howard/Refactored_ORB_SLAM2/Install/var/lib/orbslam2/voc/orb_mur.fbow
This could take a while...
Loading ORB Vocabulary in FBoW.
ORB Vocabulary loaded in 0.025301s


Loading Vocabulary : /home/howard/Refactored_ORB_SLAM2/Install/var/lib/orbslam2/voc/akaze_cv.fbow
This could take a while...
Loading AKAZE Vocabulary in FBoW.
AKAZE Vocabulary loaded in 0.003492s


Camera Parameters: 
- fx: 983.044
- fy: 983.044
- cx: 643.647
- cy: 493.379
- k1: 0
- k2: 0
- p1: 0
- p2: 0
- fps: 16
- color order: RGB (ignored if grayscale)

[Feature 0] ORB Extractor Parameters: 
 ( TH_LOW: 50, TH_HIGH: 100 )
- Number of Features: 2000
- Scale Levels: 8
- Scale Factor: 1.2
- Initial Fast Threshold: 20
- Minimum Fast Threshold: 7

[Feature 1] AKAZE Extractor Parameters: 
 ( TH_LOW: 100, TH_HIGH: 200 )
- Number of Features: 1000
- Scale Levels: 4
- Scale Factor: 1.2
- Threshold: 0.001
- Num of Octaves: 4
- Num of Octave Layers: 4

-------
Start processing sequence ...
Images in the sequence: 7513

1
New map created with 25 points for 0 Feature Type 
New map created with 130 points for 1 Feature Type 
Tracking Initlized in 97.95s
The initlized frame ID: 141
The lost frame ID: 831
The lost frame ID: 832
The lost frame ID: 833
The lost frame ID: 834
The lost frame ID: 835
The lost frame ID: 836
The lost frame ID: 837
The lost frame ID: 838
The lost frame ID: 839

Saving camera trajectory to TrajectoryBeforeReset_oxf_orb_akz_r05_seg01_pid3202823_1757372242292.txt ...

trajectory saved!
[Tracking] wrote pre-reset trajectory to TrajectoryBeforeReset_oxf_orb_akz_r05_seg01_pid3202823_1757372242292.txt
[Tracking] LOST for 10 consecutive frames -> reset
System Reseting
Reseting Local Mapper... done
Reseting Loop Closing... done
Reseting Database... done
1
New map created with 94 points for 0 Feature Type 
New map created with 498 points for 1 Feature Type 
Tracking Initlized in 1.41s
The initlized frame ID: 2
The lost frame ID: 640
The lost frame ID: 641
The lost frame ID: 642
The lost frame ID: 643
The lost frame ID: 644
The lost frame ID: 645
The lost frame ID: 646
The lost frame ID: 647
The lost frame ID: 648

Saving camera trajectory to TrajectoryBeforeReset_oxf_orb_akz_r05_seg02_pid3202823_1757372345406.txt ...

trajectory saved!
[Tracking] wrote pre-reset trajectory to TrajectoryBeforeReset_oxf_orb_akz_r05_seg02_pid3202823_1757372345406.txt
[Tracking] LOST for 10 consecutive frames -> reset
System Reseting
Reseting Local Mapper... done
Reseting Loop Closing... done
Reseting Database... done
1
New map created with 75 points for 0 Feature Type 
New map created with 224 points for 1 Feature Type 
Tracking Initlized in 1.96s
The initlized frame ID: 3
The lost frame ID: 1271
The lost frame ID: 1272
The lost frame ID: 1273
The lost frame ID: 1274
The lost frame ID: 1275
The lost frame ID: 1276
The lost frame ID: 1277
The lost frame ID: 1278
The lost frame ID: 1279

Saving camera trajectory to TrajectoryBeforeReset_oxf_orb_akz_r05_seg03_pid3202823_1757372544521.txt ...

trajectory saved!
[Tracking] wrote pre-reset trajectory to TrajectoryBeforeReset_oxf_orb_akz_r05_seg03_pid3202823_1757372544521.txt
[Tracking] LOST for 10 consecutive frames -> reset
System Reseting
Reseting Local Mapper... done
Reseting Loop Closing... done
Reseting Database... done
1
New map created with 55 points for 0 Feature Type 
New map created with 253 points for 1 Feature Type 
Tracking Initlized in 1.29s
The initlized frame ID: 2
The lost frame ID: 180
The lost frame ID: 181
The lost frame ID: 182
The lost frame ID: 183
The lost frame ID: 184
The lost frame ID: 185
The lost frame ID: 186
The lost frame ID: 187
The lost frame ID: 188

Saving camera trajectory to TrajectoryBeforeReset_oxf_orb_akz_r05_seg04_pid3202823_1757372576159.txt ...

trajectory saved!
[Tracking] wrote pre-reset trajectory to TrajectoryBeforeReset_oxf_orb_akz_r05_seg04_pid3202823_1757372576159.txt
[Tracking] LOST for 10 consecutive frames -> reset
System Reseting
Reseting Local Mapper... done
Reseting Loop Closing... done
Reseting Database... done
1
New map created with 70 points for 0 Feature Type 
New map created with 123 points for 1 Feature Type 
Tracking Initlized in 1.35s
The initlized frame ID: 2
The lost frame ID: 594
The lost frame ID: 595
The lost frame ID: 596
The lost frame ID: 597
The lost frame ID: 598
The lost frame ID: 599
The lost frame ID: 600
The lost frame ID: 601
The lost frame ID: 602

Saving camera trajectory to TrajectoryBeforeReset_oxf_orb_akz_r05_seg05_pid3202823_1757372680172.txt ...

trajectory saved!
[Tracking] wrote pre-reset trajectory to TrajectoryBeforeReset_oxf_orb_akz_r05_seg05_pid3202823_1757372680172.txt
[Tracking] LOST for 10 consecutive frames -> reset
System Reseting
Reseting Local Mapper... done
Reseting Loop Closing... done
Reseting Database... done
1
New map created with 64 points for 0 Feature Type 
New map created with 498 points for 1 Feature Type 
Tracking Initlized in 1.91s
The initlized frame ID: 3
The lost frame ID: 1410
The lost frame ID: 1411
The lost frame ID: 1412
The lost frame ID: 1413
The lost frame ID: 1414
The lost frame ID: 1415
The lost frame ID: 1416
The lost frame ID: 1417
The lost frame ID: 1418

Saving camera trajectory to TrajectoryBeforeReset_oxf_orb_akz_r05_seg06_pid3202823_1757372927037.txt ...

trajectory saved!
[Tracking] wrote pre-reset trajectory to TrajectoryBeforeReset_oxf_orb_akz_r05_seg06_pid3202823_1757372927037.txt
[Tracking] LOST for 10 consecutive frames -> reset
System Reseting
Reseting Local Mapper... done
Reseting Loop Closing... done
Reseting Database... done
1
New map created with 164 points for 0 Feature Type 
New map created with 530 points for 1 Feature Type 
Tracking Initlized in 0.71s
The initlized frame ID: 1
The lost frame ID: 2242
The lost frame ID: 2243
The lost frame ID: 2244
The lost frame ID: 2245
The lost frame ID: 2246
The lost frame ID: 2247
The lost frame ID: 2248
The lost frame ID: 2249
The lost frame ID: 2250

Saving camera trajectory to TrajectoryBeforeReset_oxf_orb_akz_r05_seg07_pid3202823_1757373331748.txt ...

trajectory saved!
[Tracking] wrote pre-reset trajectory to TrajectoryBeforeReset_oxf_orb_akz_r05_seg07_pid3202823_1757373331748.txt
[Tracking] LOST for 10 consecutive frames -> reset
System Reseting
Reseting Local Mapper... done
Reseting Loop Closing... done
Reseting Database... done
1
New map created with 88 points for 0 Feature Type 
New map created with 390 points for 1 Feature Type 
Tracking Initlized in 6.70s
The initlized frame ID: 10
The lost frame ID: 156
The lost frame ID: 157
The lost frame ID: 158
The lost frame ID: 159
The lost frame ID: 160
The lost frame ID: 161
The lost frame ID: 162
The lost frame ID: 163
The lost frame ID: 164

Saving camera trajectory to TrajectoryBeforeReset_oxf_orb_akz_r05_seg08_pid3202823_1757373364685.txt ...

trajectory saved!
[Tracking] wrote pre-reset trajectory to TrajectoryBeforeReset_oxf_orb_akz_r05_seg08_pid3202823_1757373364685.txt
[Tracking] LOST for 10 consecutive frames -> reset
System Reseting
Reseting Local Mapper... done
Reseting Loop Closing... done
Reseting Database... done
0
New map created with 100 points for 0 Feature Type 
New map created with 348 points for 1 Feature Type 
Tracking Initlized in 0.84s
The initlized frame ID: 1
System::StopViewer()
System::StopViewer() done

Saving correlation status...

========== Global Summary ==========
Frames: 7256
avg_CorrEdges: 4.20659
avg_match_A: 110.214
avg_match_B: 97.8202
global_RI_MNR: 0.0430033
global_RI_GNR: 0.0405133
global_RI_DICE: 0.0404414

========== Per-Channel Summary ==========
   chA   chB     avgCorr        avgA        avgB   avgRI_MNR   avgRI_GNR  avgRI_DICE
     0     1     4.20659     110.214     97.8202   0.0420186   0.0360861   0.0354888

Correlation status saved!

System Shutdown
-------

median tracking time: 0.146352
mean tracking time: 0.148465

Saving camera trajectory to result05.txt ...

trajectory saved!
All done

========== Performance Summary (ms) ==========
name                                mean      median        rmse         min         max       count
Lost Count                         1.000       1.000       0.000       1.000       1.000           8
Tracking                           9.722       8.276      10.750       1.143     743.211        7339
Total Init                     28660.278   28660.278       0.000   28660.278   28660.278           1
Pipeline                         147.689     146.308      27.323      79.430     921.408        7513
Reset Count                        1.000       1.000       0.000       1.000       1.000           8
Correlation                        0.208       0.169       0.175       0.003       4.587        7259
AKAZE Extract                    131.722     129.797      23.397      69.547     303.150        7513
ORB Extract                       32.143      30.426       8.157       8.128      79.364        7513
[RUN 06/20] 2025-09-09 00:16:27
Registering ORBextractor...
Registering AKAZEextractor...
Registering BRISKextractor...
Registering SIFTextractor...
Registering KAZEextractor...
Registering SuperPointExtractor...

ORB-SLAM2 Copyright (C) 2014-2016 Raul Mur-Artal, University of Zaragoza.
This program comes with ABSOLUTELY NO WARRANTY;
This is free software, and you are welcome to redistribute it
under certain conditions. See LICENSE.txt.

Input sensor was set to: Monocular

Loading Vocabulary : /home/howard/Refactored_ORB_SLAM2/Install/var/lib/orbslam2/voc/orb_mur.fbow
This could take a while...
Loading ORB Vocabulary in FBoW.
ORB Vocabulary loaded in 0.028863s


Loading Vocabulary : /home/howard/Refactored_ORB_SLAM2/Install/var/lib/orbslam2/voc/akaze_cv.fbow
This could take a while...
Loading AKAZE Vocabulary in FBoW.
AKAZE Vocabulary loaded in 0.005430s


Camera Parameters: 
- fx: 983.044
- fy: 983.044
- cx: 643.647
- cy: 493.379
- k1: 0
- k2: 0
- p1: 0
- p2: 0
- fps: 16
- color order: RGB (ignored if grayscale)

[Feature 0] ORB Extractor Parameters: 
 ( TH_LOW: 50, TH_HIGH: 100 )
- Number of Features: 2000
- Scale Levels: 8
- Scale Factor: 1.2
- Initial Fast Threshold: 20
- Minimum Fast Threshold: 7

[Feature 1] AKAZE Extractor Parameters: 
 ( TH_LOW: 100, TH_HIGH: 200 )
- Number of Features: 1000
- Scale Levels: 4
- Scale Factor: 1.2
- Threshold: 0.001
- Num of Octaves: 4
- Num of Octave Layers: 4

-------
Start processing sequence ...
Images in the sequence: 7513

1
New map created with 24 points for 0 Feature Type 
New map created with 130 points for 1 Feature Type 
Tracking Initlized in 101.22s
The initlized frame ID: 141
The lost frame ID: 831
The lost frame ID: 832
The lost frame ID: 833
The lost frame ID: 834
The lost frame ID: 835
The lost frame ID: 836
The lost frame ID: 837
The lost frame ID: 838
The lost frame ID: 839

Saving camera trajectory to TrajectoryBeforeReset_oxf_orb_akz_r06_seg01_pid3308009_1757373537784.txt ...

trajectory saved!
[Tracking] wrote pre-reset trajectory to TrajectoryBeforeReset_oxf_orb_akz_r06_seg01_pid3308009_1757373537784.txt
[Tracking] LOST for 10 consecutive frames -> reset
System Reseting
Reseting Local Mapper... done
Reseting Loop Closing... done
Reseting Database... done
0
New map created with 112 points for 0 Feature Type 
New map created with 516 points for 1 Feature Type 
Tracking Initlized in 1.31s
The initlized frame ID: 2
The lost frame ID: 622
The lost frame ID: 624
The lost frame ID: 626
The lost frame ID: 627
The lost frame ID: 628
The lost frame ID: 629
The lost frame ID: 630
The lost frame ID: 631
The lost frame ID: 632
The lost frame ID: 633
The lost frame ID: 634

Saving camera trajectory to TrajectoryBeforeReset_oxf_orb_akz_r06_seg02_pid3308009_1757373647462.txt ...

trajectory saved!
[Tracking] wrote pre-reset trajectory to TrajectoryBeforeReset_oxf_orb_akz_r06_seg02_pid3308009_1757373647462.txt
[Tracking] LOST for 10 consecutive frames -> reset
System Reseting
Reseting Local Mapper... done
Reseting Loop Closing... done
Reseting Database... done
1
New map created with 59 points for 0 Feature Type 
New map created with 328 points for 1 Feature Type 
Tracking Initlized in 14.08s
The initlized frame ID: 21
The lost frame ID: 69
The lost frame ID: 70
The lost frame ID: 71
The lost frame ID: 72
The lost frame ID: 73
The lost frame ID: 74
The lost frame ID: 75
The lost frame ID: 76
The lost frame ID: 77

Saving camera trajectory to TrajectoryBeforeReset_oxf_orb_akz_r06_seg03_pid3308009_1757373662706.txt ...

trajectory saved!
[Tracking] wrote pre-reset trajectory to TrajectoryBeforeReset_oxf_orb_akz_r06_seg03_pid3308009_1757373662706.txt
[Tracking] LOST for 10 consecutive frames -> reset
System Reseting
Reseting Local Mapper... done
Reseting Loop Closing... done
Reseting Database... done
1
New map created with 129 points for 0 Feature Type 
New map created with 533 points for 1 Feature Type 
Tracking Initlized in 0.76s
The initlized frame ID: 1
The lost frame ID: 32
The lost frame ID: 33
The lost frame ID: 34
The lost frame ID: 35
The lost frame ID: 36
The lost frame ID: 37
The lost frame ID: 38
The lost frame ID: 39
The lost frame ID: 40

Saving camera trajectory to TrajectoryBeforeReset_oxf_orb_akz_r06_seg04_pid3308009_1757373670250.txt ...

trajectory saved!
[Tracking] wrote pre-reset trajectory to TrajectoryBeforeReset_oxf_orb_akz_r06_seg04_pid3308009_1757373670250.txt
[Tracking] LOST for 10 consecutive frames -> reset
System Reseting
Reseting Local Mapper... done
Reseting Loop Closing... done
Reseting Database... done
1
New map created with 90 points for 0 Feature Type 
New map created with 282 points for 1 Feature Type 
Tracking Initlized in 1.46s
The initlized frame ID: 2
The lost frame ID: 41
The lost frame ID: 44
The lost frame ID: 45
The lost frame ID: 46
The lost frame ID: 47
The lost frame ID: 48
The lost frame ID: 49
The lost frame ID: 50
The lost frame ID: 51
The lost frame ID: 52

Saving camera trajectory to TrajectoryBeforeReset_oxf_orb_akz_r06_seg05_pid3308009_1757373680143.txt ...

trajectory saved!
[Tracking] wrote pre-reset trajectory to TrajectoryBeforeReset_oxf_orb_akz_r06_seg05_pid3308009_1757373680143.txt
[Tracking] LOST for 10 consecutive frames -> reset
System Reseting
Reseting Local Mapper... done
Reseting Loop Closing... done
Reseting Database... done
1
New map created with 83 points for 0 Feature Type 
New map created with 388 points for 1 Feature Type 
Tracking Initlized in 1.52s
The initlized frame ID: 2
The lost frame ID: 38
The lost frame ID: 39
The lost frame ID: 40
The lost frame ID: 41
The lost frame ID: 42
The lost frame ID: 43
The lost frame ID: 44
The lost frame ID: 45
The lost frame ID: 46

Saving camera trajectory to TrajectoryBeforeReset_oxf_orb_akz_r06_seg06_pid3308009_1757373688856.txt ...

trajectory saved!
[Tracking] wrote pre-reset trajectory to TrajectoryBeforeReset_oxf_orb_akz_r06_seg06_pid3308009_1757373688856.txt
[Tracking] LOST for 10 consecutive frames -> reset
System Reseting
Reseting Local Mapper... done
Reseting Loop Closing... done
Reseting Database... done
0
New map created with 132 points for 0 Feature Type 
New map created with 424 points for 1 Feature Type 
Tracking Initlized in 0.78s
The initlized frame ID: 1
The lost frame ID: 33
The lost frame ID: 34
The lost frame ID: 35
The lost frame ID: 36
The lost frame ID: 37
The lost frame ID: 38
The lost frame ID: 39
The lost frame ID: 40
The lost frame ID: 41

Saving camera trajectory to TrajectoryBeforeReset_oxf_orb_akz_r06_seg07_pid3308009_1757373696614.txt ...

trajectory saved!
[Tracking] wrote pre-reset trajectory to TrajectoryBeforeReset_oxf_orb_akz_r06_seg07_pid3308009_1757373696614.txt
[Tracking] LOST for 10 consecutive frames -> reset
System Reseting
Reseting Local Mapper... done
Reseting Loop Closing... done
Reseting Database... done
1
New map created with 33 points for 0 Feature Type 
New map created with 200 points for 1 Feature Type 
Tracking Initlized in 1.52s
The initlized frame ID: 2
Track lost soon after initialisation, reseting...
System Reseting
Reseting Local Mapper... done
Reseting Loop Closing... done
Reseting Database... done
1
New map created with 70 points for 0 Feature Type 
New map created with 297 points for 1 Feature Type 
Tracking Initlized in 1.57s
The initlized frame ID: 2
The lost frame ID: 29
The lost frame ID: 30
The lost frame ID: 31
The lost frame ID: 32
The lost frame ID: 33
The lost frame ID: 34
The lost frame ID: 35
The lost frame ID: 36
The lost frame ID: 37

Saving camera trajectory to TrajectoryBeforeReset_oxf_orb_akz_r06_seg08_pid3308009_1757373705596.txt ...

trajectory saved!
[Tracking] wrote pre-reset trajectory to TrajectoryBeforeReset_oxf_orb_akz_r06_seg08_pid3308009_1757373705596.txt
[Tracking] LOST for 10 consecutive frames -> reset
System Reseting
Reseting Local Mapper... done
Reseting Loop Closing... done
Reseting Database... done
0
New map created with 86 points for 0 Feature Type 
New map created with 173 points for 1 Feature Type 
Tracking Initlized in 0.69s
The initlized frame ID: 1
The lost frame ID: 41
The lost frame ID: 43
The lost frame ID: 44
The lost frame ID: 45
The lost frame ID: 46
The lost frame ID: 47
The lost frame ID: 48
The lost frame ID: 49
The lost frame ID: 50
The lost frame ID: 51

Saving camera trajectory to TrajectoryBeforeReset_oxf_orb_akz_r06_seg09_pid3308009_1757373714998.txt ...

trajectory saved!
[Tracking] wrote pre-reset trajectory to TrajectoryBeforeReset_oxf_orb_akz_r06_seg09_pid3308009_1757373714998.txt
[Tracking] LOST for 10 consecutive frames -> reset
System Reseting
Reseting Local Mapper... done
Reseting Loop Closing... done
Reseting Database... done
1
New map created with 102 points for 0 Feature Type 
New map created with 450 points for 1 Feature Type 
Tracking Initlized in 1.29s
The initlized frame ID: 2
The lost frame ID: 49
The lost frame ID: 50
The lost frame ID: 51
The lost frame ID: 52
The lost frame ID: 53
The lost frame ID: 54
The lost frame ID: 55
The lost frame ID: 56
The lost frame ID: 57

Saving camera trajectory to TrajectoryBeforeReset_oxf_orb_akz_r06_seg10_pid3308009_1757373725468.txt ...

trajectory saved!
[Tracking] wrote pre-reset trajectory to TrajectoryBeforeReset_oxf_orb_akz_r06_seg10_pid3308009_1757373725468.txt
[Tracking] LOST for 10 consecutive frames -> reset
System Reseting
Reseting Local Mapper... done
Reseting Loop Closing... done
Reseting Database... done
1
New map created with 87 points for 0 Feature Type 
New map created with 373 points for 1 Feature Type 
Tracking Initlized in 1.34s
The initlized frame ID: 2
The lost frame ID: 35
The lost frame ID: 36
The lost frame ID: 37
The lost frame ID: 38
The lost frame ID: 39
The lost frame ID: 40
The lost frame ID: 41
The lost frame ID: 42
The lost frame ID: 43

Saving camera trajectory to TrajectoryBeforeReset_oxf_orb_akz_r06_seg11_pid3308009_1757373733468.txt ...

trajectory saved!
[Tracking] wrote pre-reset trajectory to TrajectoryBeforeReset_oxf_orb_akz_r06_seg11_pid3308009_1757373733468.txt
[Tracking] LOST for 10 consecutive frames -> reset
System Reseting
Reseting Local Mapper... done
Reseting Loop Closing... done
Reseting Database... done
1
New map created with 84 points for 0 Feature Type 
New map created with 349 points for 1 Feature Type 
Tracking Initlized in 0.75s
The initlized frame ID: 1
The lost frame ID: 39
The lost frame ID: 40
The lost frame ID: 42
The lost frame ID: 43
The lost frame ID: 44
The lost frame ID: 45
The lost frame ID: 46
The lost frame ID: 47
The lost frame ID: 48
The lost frame ID: 49
The lost frame ID: 50

Saving camera trajectory to TrajectoryBeforeReset_oxf_orb_akz_r06_seg12_pid3308009_1757373743147.txt ...

trajectory saved!
[Tracking] wrote pre-reset trajectory to TrajectoryBeforeReset_oxf_orb_akz_r06_seg12_pid3308009_1757373743147.txt
[Tracking] LOST for 10 consecutive frames -> reset
System Reseting
Reseting Local Mapper... done
Reseting Loop Closing... done
Reseting Database... done
1
New map created with 104 points for 0 Feature Type 
New map created with 502 points for 1 Feature Type 
Tracking Initlized in 1.57s
The initlized frame ID: 2
The lost frame ID: 35
The lost frame ID: 36
The lost frame ID: 37
The lost frame ID: 38
The lost frame ID: 39
The lost frame ID: 40
The lost frame ID: 41
The lost frame ID: 42
The lost frame ID: 43

Saving camera trajectory to TrajectoryBeforeReset_oxf_orb_akz_r06_seg13_pid3308009_1757373751608.txt ...

trajectory saved!
[Tracking] wrote pre-reset trajectory to TrajectoryBeforeReset_oxf_orb_akz_r06_seg13_pid3308009_1757373751608.txt
[Tracking] LOST for 10 consecutive frames -> reset
System Reseting
Reseting Local Mapper... done
Reseting Loop Closing... done
Reseting Database... done
1
New map created with 47 points for 0 Feature Type 
New map created with 237 points for 1 Feature Type 
Tracking Initlized in 1.47s
The initlized frame ID: 2
Track lost soon after initialisation, reseting...
System Reseting
Reseting Local Mapper... done
Reseting Loop Closing... done
Reseting Database... done
1
New map created with 48 points for 0 Feature Type 
New map created with 288 points for 1 Feature Type 
Tracking Initlized in 1.50s
The initlized frame ID: 2
The lost frame ID: 43
The lost frame ID: 44
The lost frame ID: 45
The lost frame ID: 46
The lost frame ID: 47
The lost frame ID: 48
The lost frame ID: 49
The lost frame ID: 50
The lost frame ID: 51

Saving camera trajectory to TrajectoryBeforeReset_oxf_orb_akz_r06_seg14_pid3308009_1757373762581.txt ...

trajectory saved!
[Tracking] wrote pre-reset trajectory to TrajectoryBeforeReset_oxf_orb_akz_r06_seg14_pid3308009_1757373762581.txt
[Tracking] LOST for 10 consecutive frames -> reset
System Reseting
Reseting Local Mapper... done
Reseting Loop Closing... done
Reseting Database... done
1
New map created with 93 points for 0 Feature Type 
New map created with 420 points for 1 Feature Type 
Tracking Initlized in 0.60s
The initlized frame ID: 1
The lost frame ID: 42
The lost frame ID: 44
The lost frame ID: 45
The lost frame ID: 46
The lost frame ID: 47
The lost frame ID: 48
The lost frame ID: 49
The lost frame ID: 50
The lost frame ID: 51
The lost frame ID: 52

Saving camera trajectory to TrajectoryBeforeReset_oxf_orb_akz_r06_seg15_pid3308009_1757373772207.txt ...

trajectory saved!
[Tracking] wrote pre-reset trajectory to TrajectoryBeforeReset_oxf_orb_akz_r06_seg15_pid3308009_1757373772207.txt
[Tracking] LOST for 10 consecutive frames -> reset
System Reseting
Reseting Local Mapper... done
Reseting Loop Closing... done
Reseting Database... done
1
New map created with 69 points for 0 Feature Type 
New map created with 260 points for 1 Feature Type 
Tracking Initlized in 0.60s
The initlized frame ID: 1
The lost frame ID: 33
The lost frame ID: 34
The lost frame ID: 35
The lost frame ID: 36
The lost frame ID: 37
The lost frame ID: 38
The lost frame ID: 39
The lost frame ID: 40
The lost frame ID: 41

Saving camera trajectory to TrajectoryBeforeReset_oxf_orb_akz_r06_seg16_pid3308009_1757373779840.txt ...

trajectory saved!
[Tracking] wrote pre-reset trajectory to TrajectoryBeforeReset_oxf_orb_akz_r06_seg16_pid3308009_1757373779840.txt
[Tracking] LOST for 10 consecutive frames -> reset
System Reseting
Reseting Local Mapper... done
Reseting Loop Closing... done
Reseting Database... done
1
New map created with 91 points for 0 Feature Type 
New map created with 336 points for 1 Feature Type 
Tracking Initlized in 2.06s
The initlized frame ID: 3
The lost frame ID: 49
The lost frame ID: 51
The lost frame ID: 53
The lost frame ID: 56
The lost frame ID: 57
The lost frame ID: 58
The lost frame ID: 59
The lost frame ID: 60
The lost frame ID: 61
The lost frame ID: 62
The lost frame ID: 63
The lost frame ID: 64

Saving camera trajectory to TrajectoryBeforeReset_oxf_orb_akz_r06_seg17_pid3308009_1757373791327.txt ...

trajectory saved!
[Tracking] wrote pre-reset trajectory to TrajectoryBeforeReset_oxf_orb_akz_r06_seg17_pid3308009_1757373791327.txt
[Tracking] LOST for 10 consecutive frames -> reset
System Reseting
Reseting Local Mapper... done
Reseting Loop Closing... done
Reseting Database... done
1
New map created with 96 points for 0 Feature Type 
New map created with 403 points for 1 Feature Type 
Tracking Initlized in 1.56s
The initlized frame ID: 2
The lost frame ID: 47
The lost frame ID: 48
The lost frame ID: 49
The lost frame ID: 50
The lost frame ID: 51
The lost frame ID: 52
The lost frame ID: 53
The lost frame ID: 54
The lost frame ID: 55

Saving camera trajectory to TrajectoryBeforeReset_oxf_orb_akz_r06_seg18_pid3308009_1757373801388.txt ...

trajectory saved!
[Tracking] wrote pre-reset trajectory to TrajectoryBeforeReset_oxf_orb_akz_r06_seg18_pid3308009_1757373801388.txt
[Tracking] LOST for 10 consecutive frames -> reset
System Reseting
Reseting Local Mapper... done
Reseting Loop Closing... done
Reseting Database... done
1
New map created with 73 points for 0 Feature Type 
New map created with 307 points for 1 Feature Type 
Tracking Initlized in 2.25s
The initlized frame ID: 3
The lost frame ID: 49
The lost frame ID: 50
The lost frame ID: 51
The lost frame ID: 52
The lost frame ID: 53
The lost frame ID: 54
The lost frame ID: 55
The lost frame ID: 56
The lost frame ID: 57

Saving camera trajectory to TrajectoryBeforeReset_oxf_orb_akz_r06_seg19_pid3308009_1757373811863.txt ...

trajectory saved!
[Tracking] wrote pre-reset trajectory to TrajectoryBeforeReset_oxf_orb_akz_r06_seg19_pid3308009_1757373811863.txt
[Tracking] LOST for 10 consecutive frames -> reset
System Reseting
Reseting Local Mapper... done
Reseting Loop Closing... done
Reseting Database... done
1
New map created with 115 points for 0 Feature Type 
New map created with 620 points for 1 Feature Type 
Tracking Initlized in 2.00s
The initlized frame ID: 3
The lost frame ID: 33
The lost frame ID: 34
The lost frame ID: 35
The lost frame ID: 36
The lost frame ID: 37
The lost frame ID: 38
The lost frame ID: 39
The lost frame ID: 40
The lost frame ID: 41

Saving camera trajectory to TrajectoryBeforeReset_oxf_orb_akz_r06_seg20_pid3308009_1757373819395.txt ...

trajectory saved!
[Tracking] wrote pre-reset trajectory to TrajectoryBeforeReset_oxf_orb_akz_r06_seg20_pid3308009_1757373819395.txt
[Tracking] LOST for 10 consecutive frames -> reset
System Reseting
Reseting Local Mapper... done
Reseting Loop Closing... done
Reseting Database... done
1
New map created with 44 points for 0 Feature Type 
New map created with 287 points for 1 Feature Type 
Tracking Initlized in 3.51s
The initlized frame ID: 5
The lost frame ID: 43
The lost frame ID: 44
The lost frame ID: 45
The lost frame ID: 46
The lost frame ID: 47
The lost frame ID: 48
The lost frame ID: 49
The lost frame ID: 50
The lost frame ID: 51

Saving camera trajectory to TrajectoryBeforeReset_oxf_orb_akz_r06_seg21_pid3308009_1757373828864.txt ...

trajectory saved!
[Tracking] wrote pre-reset trajectory to TrajectoryBeforeReset_oxf_orb_akz_r06_seg21_pid3308009_1757373828864.txt
[Tracking] LOST for 10 consecutive frames -> reset
System Reseting
Reseting Local Mapper... done
Reseting Loop Closing... done
Reseting Database... done
1
New map created with 59 points for 0 Feature Type 
New map created with 345 points for 1 Feature Type 
Tracking Initlized in 1.30s
The initlized frame ID: 2
The lost frame ID: 48
The lost frame ID: 49
The lost frame ID: 51
The lost frame ID: 52
The lost frame ID: 53
The lost frame ID: 54
The lost frame ID: 55
The lost frame ID: 56
The lost frame ID: 57
The lost frame ID: 58
The lost frame ID: 59

Saving camera trajectory to TrajectoryBeforeReset_oxf_orb_akz_r06_seg22_pid3308009_1757373839811.txt ...

trajectory saved!
[Tracking] wrote pre-reset trajectory to TrajectoryBeforeReset_oxf_orb_akz_r06_seg22_pid3308009_1757373839811.txt
[Tracking] LOST for 10 consecutive frames -> reset
System Reseting
Reseting Local Mapper... done
Reseting Loop Closing... done
Reseting Database... done
0
New map created with 136 points for 0 Feature Type 
New map created with 581 points for 1 Feature Type 
Tracking Initlized in 1.40s
The initlized frame ID: 2
The lost frame ID: 25
The lost frame ID: 26
The lost frame ID: 27
The lost frame ID: 28
The lost frame ID: 29
The lost frame ID: 30
The lost frame ID: 31
The lost frame ID: 32
The lost frame ID: 33

Saving camera trajectory to TrajectoryBeforeReset_oxf_orb_akz_r06_seg23_pid3308009_1757373845718.txt ...

trajectory saved!
[Tracking] wrote pre-reset trajectory to TrajectoryBeforeReset_oxf_orb_akz_r06_seg23_pid3308009_1757373845718.txt
[Tracking] LOST for 10 consecutive frames -> reset
System Reseting
Reseting Local Mapper... done
Reseting Loop Closing... done
Reseting Database... done
1
New map created with 49 points for 0 Feature Type 
New map created with 381 points for 1 Feature Type 
Tracking Initlized in 1.35s
The initlized frame ID: 2
The lost frame ID: 44
The lost frame ID: 45
The lost frame ID: 46
The lost frame ID: 47
The lost frame ID: 48
The lost frame ID: 49
The lost frame ID: 50
The lost frame ID: 51
The lost frame ID: 52

Saving camera trajectory to TrajectoryBeforeReset_oxf_orb_akz_r06_seg24_pid3308009_1757373855043.txt ...

trajectory saved!
[Tracking] wrote pre-reset trajectory to TrajectoryBeforeReset_oxf_orb_akz_r06_seg24_pid3308009_1757373855043.txt
[Tracking] LOST for 10 consecutive frames -> reset
System Reseting
Reseting Local Mapper... done
Reseting Loop Closing... done
Reseting Database... done
1
New map created with 115 points for 0 Feature Type 
New map created with 351 points for 1 Feature Type 
Tracking Initlized in 0.72s
The initlized frame ID: 1
The lost frame ID: 25
The lost frame ID: 26
The lost frame ID: 27
The lost frame ID: 28
The lost frame ID: 29
The lost frame ID: 30
The lost frame ID: 31
The lost frame ID: 32
The lost frame ID: 33

Saving camera trajectory to TrajectoryBeforeReset_oxf_orb_akz_r06_seg25_pid3308009_1757373861033.txt ...

trajectory saved!
[Tracking] wrote pre-reset trajectory to TrajectoryBeforeReset_oxf_orb_akz_r06_seg25_pid3308009_1757373861033.txt
[Tracking] LOST for 10 consecutive frames -> reset
System Reseting
Reseting Local Mapper... done
Reseting Loop Closing... done
Reseting Database... done
0
New map created with 113 points for 0 Feature Type 
New map created with 291 points for 1 Feature Type 
Tracking Initlized in 0.70s
The initlized frame ID: 1
The lost frame ID: 27
The lost frame ID: 28
The lost frame ID: 29
The lost frame ID: 30
The lost frame ID: 31
The lost frame ID: 32
The lost frame ID: 33
The lost frame ID: 34
The lost frame ID: 35

Saving camera trajectory to TrajectoryBeforeReset_oxf_orb_akz_r06_seg26_pid3308009_1757373867668.txt ...

trajectory saved!
[Tracking] wrote pre-reset trajectory to TrajectoryBeforeReset_oxf_orb_akz_r06_seg26_pid3308009_1757373867668.txt
[Tracking] LOST for 10 consecutive frames -> reset
System Reseting
Reseting Local Mapper... done
Reseting Loop Closing... done
Reseting Database... done
1
New map created with 66 points for 0 Feature Type 
New map created with 481 points for 1 Feature Type 
Tracking Initlized in 1.32s
The initlized frame ID: 2
The lost frame ID: 32
The lost frame ID: 33
The lost frame ID: 34
The lost frame ID: 35
The lost frame ID: 36
The lost frame ID: 37
The lost frame ID: 38
The lost frame ID: 39
The lost frame ID: 40

Saving camera trajectory to TrajectoryBeforeReset_oxf_orb_akz_r06_seg27_pid3308009_1757373875111.txt ...

trajectory saved!
[Tracking] wrote pre-reset trajectory to TrajectoryBeforeReset_oxf_orb_akz_r06_seg27_pid3308009_1757373875111.txt
[Tracking] LOST for 10 consecutive frames -> reset
System Reseting
Reseting Local Mapper... done
Reseting Loop Closing... done
Reseting Database... done
1
New map created with 66 points for 0 Feature Type 
New map created with 223 points for 1 Feature Type 
Tracking Initlized in 0.69s
The initlized frame ID: 1
Track lost soon after initialisation, reseting...
System Reseting
Reseting Local Mapper... done
Reseting Loop Closing... done
Reseting Database... done
1
New map created with 58 points for 0 Feature Type 
New map created with 314 points for 1 Feature Type 
Tracking Initlized in 1.49s
The initlized frame ID: 2
The lost frame ID: 28
The lost frame ID: 29
The lost frame ID: 30
The lost frame ID: 31
The lost frame ID: 32
The lost frame ID: 33
The lost frame ID: 34
The lost frame ID: 35
The lost frame ID: 36

Saving camera trajectory to TrajectoryBeforeReset_oxf_orb_akz_r06_seg28_pid3308009_1757373882468.txt ...

trajectory saved!
[Tracking] wrote pre-reset trajectory to TrajectoryBeforeReset_oxf_orb_akz_r06_seg28_pid3308009_1757373882468.txt
[Tracking] LOST for 10 consecutive frames -> reset
System Reseting
Reseting Local Mapper... done
Reseting Loop Closing... done
Reseting Database... done
1
New map created with 31 points for 0 Feature Type 
New map created with 128 points for 1 Feature Type 
Tracking Initlized in 2.09s
The initlized frame ID: 3
[WARN] Summary block not found in run 06 (exit 139)
[WARN] Per-Channel Summary not found in run 06 (exit 139)
[RUN 07/20] 2025-09-09 00:24:58
Registering ORBextractor...
Registering AKAZEextractor...
Registering BRISKextractor...
Registering SIFTextractor...
Registering KAZEextractor...
Registering SuperPointExtractor...

ORB-SLAM2 Copyright (C) 2014-2016 Raul Mur-Artal, University of Zaragoza.
This program comes with ABSOLUTELY NO WARRANTY;
This is free software, and you are welcome to redistribute it
under certain conditions. See LICENSE.txt.

Input sensor was set to: Monocular

Loading Vocabulary : /home/howard/Refactored_ORB_SLAM2/Install/var/lib/orbslam2/voc/orb_mur.fbow
This could take a while...
Loading ORB Vocabulary in FBoW.
ORB Vocabulary loaded in 0.017988s


Loading Vocabulary : /home/howard/Refactored_ORB_SLAM2/Install/var/lib/orbslam2/voc/akaze_cv.fbow
This could take a while...
Loading AKAZE Vocabulary in FBoW.
AKAZE Vocabulary loaded in 0.002856s


Camera Parameters: 
- fx: 983.044
- fy: 983.044
- cx: 643.647
- cy: 493.379
- k1: 0
- k2: 0
- p1: 0
- p2: 0
- fps: 16
- color order: RGB (ignored if grayscale)

[Feature 0] ORB Extractor Parameters: 
 ( TH_LOW: 50, TH_HIGH: 100 )
- Number of Features: 2000
- Scale Levels: 8
- Scale Factor: 1.2
- Initial Fast Threshold: 20
- Minimum Fast Threshold: 7

[Feature 1] AKAZE Extractor Parameters: 
 ( TH_LOW: 100, TH_HIGH: 200 )
- Number of Features: 1000
- Scale Levels: 4
- Scale Factor: 1.2
- Threshold: 0.001
- Num of Octaves: 4
- Num of Octave Layers: 4

-------
Start processing sequence ...
Images in the sequence: 7513

1
New map created with 24 points for 0 Feature Type 
New map created with 130 points for 1 Feature Type 
Tracking Initlized in 97.73s
The initlized frame ID: 141
The lost frame ID: 830
The lost frame ID: 831
The lost frame ID: 832
The lost frame ID: 833
The lost frame ID: 834
The lost frame ID: 835
The lost frame ID: 836
The lost frame ID: 837
The lost frame ID: 838

Saving camera trajectory to TrajectoryBeforeReset_oxf_orb_akz_r07_seg01_pid3349489_1757374048166.txt ...

trajectory saved!
[Tracking] wrote pre-reset trajectory to TrajectoryBeforeReset_oxf_orb_akz_r07_seg01_pid3349489_1757374048166.txt
[Tracking] LOST for 10 consecutive frames -> reset
System Reseting
Reseting Local Mapper... done
Reseting Loop Closing... done
Reseting Database... done
1
New map created with 27 points for 0 Feature Type 
New map created with 255 points for 1 Feature Type 
Tracking Initlized in 1.30s
The initlized frame ID: 2
The lost frame ID: 641
The lost frame ID: 642
The lost frame ID: 643
The lost frame ID: 644
The lost frame ID: 645
The lost frame ID: 646
The lost frame ID: 647
The lost frame ID: 648
The lost frame ID: 649

Saving camera trajectory to TrajectoryBeforeReset_oxf_orb_akz_r07_seg02_pid3349489_1757374159008.txt ...

trajectory saved!
[Tracking] wrote pre-reset trajectory to TrajectoryBeforeReset_oxf_orb_akz_r07_seg02_pid3349489_1757374159008.txt
[Tracking] LOST for 10 consecutive frames -> reset
System Reseting
Reseting Local Mapper... done
Reseting Loop Closing... done
Reseting Database... done
1
New map created with 75 points for 0 Feature Type 
New map created with 224 points for 1 Feature Type 
Tracking Initlized in 2.12s
The initlized frame ID: 3
The lost frame ID: 256
The lost frame ID: 257
The lost frame ID: 258
The lost frame ID: 259
The lost frame ID: 260
The lost frame ID: 261
The lost frame ID: 262
The lost frame ID: 263
The lost frame ID: 264

Saving camera trajectory to TrajectoryBeforeReset_oxf_orb_akz_r07_seg03_pid3349489_1757374206906.txt ...

trajectory saved!
[Tracking] wrote pre-reset trajectory to TrajectoryBeforeReset_oxf_orb_akz_r07_seg03_pid3349489_1757374206906.txt
[Tracking] LOST for 10 consecutive frames -> reset
System Reseting
Reseting Local Mapper... done
Reseting Loop Closing... done
Reseting Database... done
1
New map created with 80 points for 0 Feature Type 
New map created with 297 points for 1 Feature Type 
Tracking Initlized in 1.46s
The initlized frame ID: 2
The lost frame ID: 1006
The lost frame ID: 1007
The lost frame ID: 1008
The lost frame ID: 1009
The lost frame ID: 1010
The lost frame ID: 1011
The lost frame ID: 1012
The lost frame ID: 1013
The lost frame ID: 1014

Saving camera trajectory to TrajectoryBeforeReset_oxf_orb_akz_r07_seg04_pid3349489_1757374381451.txt ...

trajectory saved!
[Tracking] wrote pre-reset trajectory to TrajectoryBeforeReset_oxf_orb_akz_r07_seg04_pid3349489_1757374381451.txt
[Tracking] LOST for 10 consecutive frames -> reset
System Reseting
Reseting Local Mapper... done
Reseting Loop Closing... done
Reseting Database... done
1
New map created with 63 points for 0 Feature Type 
New map created with 249 points for 1 Feature Type 
Tracking Initlized in 1.35s
The initlized frame ID: 2
The lost frame ID: 180
The lost frame ID: 181
The lost frame ID: 182
The lost frame ID: 183
The lost frame ID: 184
The lost frame ID: 185
The lost frame ID: 186
The lost frame ID: 187
The lost frame ID: 188

Saving camera trajectory to TrajectoryBeforeReset_oxf_orb_akz_r07_seg05_pid3349489_1757374413934.txt ...

trajectory saved!
[Tracking] wrote pre-reset trajectory to TrajectoryBeforeReset_oxf_orb_akz_r07_seg05_pid3349489_1757374413934.txt
[Tracking] LOST for 10 consecutive frames -> reset
System Reseting
Reseting Local Mapper... done
Reseting Loop Closing... done
Reseting Database... done
1
New map created with 69 points for 0 Feature Type 
New map created with 113 points for 1 Feature Type 
Tracking Initlized in 1.37s
The initlized frame ID: 2
The lost frame ID: 594
The lost frame ID: 595
The lost frame ID: 596
The lost frame ID: 597
The lost frame ID: 598
The lost frame ID: 599
The lost frame ID: 600
The lost frame ID: 601
The lost frame ID: 602

Saving camera trajectory to TrajectoryBeforeReset_oxf_orb_akz_r07_seg06_pid3349489_1757374517914.txt ...

trajectory saved!
[Tracking] wrote pre-reset trajectory to TrajectoryBeforeReset_oxf_orb_akz_r07_seg06_pid3349489_1757374517914.txt
[Tracking] LOST for 10 consecutive frames -> reset
System Reseting
Reseting Local Mapper... done
Reseting Loop Closing... done
Reseting Database... done
1
New map created with 60 points for 0 Feature Type 
New map created with 462 points for 1 Feature Type 
Tracking Initlized in 2.06s
The initlized frame ID: 3
The lost frame ID: 1409
The lost frame ID: 1410
The lost frame ID: 1411
The lost frame ID: 1412
The lost frame ID: 1413
The lost frame ID: 1414
The lost frame ID: 1415
The lost frame ID: 1416
The lost frame ID: 1417

Saving camera trajectory to TrajectoryBeforeReset_oxf_orb_akz_r07_seg07_pid3349489_1757374757027.txt ...

trajectory saved!
[Tracking] wrote pre-reset trajectory to TrajectoryBeforeReset_oxf_orb_akz_r07_seg07_pid3349489_1757374757027.txt
[Tracking] LOST for 10 consecutive frames -> reset
System Reseting
Reseting Local Mapper... done
Reseting Loop Closing... done
Reseting Database... done
0
New map created with 145 points for 0 Feature Type 
New map created with 603 points for 1 Feature Type 
Tracking Initlized in 1.48s
The initlized frame ID: 2
The lost frame ID: 2243
The lost frame ID: 2244
The lost frame ID: 2245
The lost frame ID: 2246
The lost frame ID: 2247
The lost frame ID: 2248
The lost frame ID: 2249
The lost frame ID: 2250
The lost frame ID: 2251

Saving camera trajectory to TrajectoryBeforeReset_oxf_orb_akz_r07_seg08_pid3349489_1757375152951.txt ...

trajectory saved!
[Tracking] wrote pre-reset trajectory to TrajectoryBeforeReset_oxf_orb_akz_r07_seg08_pid3349489_1757375152951.txt
[Tracking] LOST for 10 consecutive frames -> reset
System Reseting
Reseting Local Mapper... done
Reseting Loop Closing... done
Reseting Database... done
1
New map created with 75 points for 0 Feature Type 
New map created with 341 points for 1 Feature Type 
Tracking Initlized in 6.59s
The initlized frame ID: 10
The lost frame ID: 156
The lost frame ID: 157
The lost frame ID: 158
The lost frame ID: 159
The lost frame ID: 160
The lost frame ID: 161
The lost frame ID: 162
The lost frame ID: 163
The lost frame ID: 164

Saving camera trajectory to TrajectoryBeforeReset_oxf_orb_akz_r07_seg09_pid3349489_1757375184505.txt ...

trajectory saved!
[Tracking] wrote pre-reset trajectory to TrajectoryBeforeReset_oxf_orb_akz_r07_seg09_pid3349489_1757375184505.txt
[Tracking] LOST for 10 consecutive frames -> reset
System Reseting
Reseting Local Mapper... done
Reseting Loop Closing... done
Reseting Database... done
0
New map created with 100 points for 0 Feature Type 
New map created with 345 points for 1 Feature Type 
Tracking Initlized in 0.78s
The initlized frame ID: 1
System::StopViewer()
System::StopViewer() done

Saving correlation status...

========== Global Summary ==========
Frames: 7242
avg_CorrEdges: 4.31083
avg_match_A: 110.613
avg_match_B: 98.0039
global_RI_MNR: 0.0439863
global_RI_GNR: 0.0414035
global_RI_DICE: 0.0413278

========== Per-Channel Summary ==========
   chA   chB     avgCorr        avgA        avgB   avgRI_MNR   avgRI_GNR  avgRI_DICE
     0     1     4.31083     110.613     98.0039   0.0428224   0.0367377   0.0361272

Correlation status saved!

System Shutdown
-------

median tracking time: 0.150027
mean tracking time: 0.152186

Saving camera trajectory to result07.txt ...

trajectory saved!
All done

========== Performance Summary (ms) ==========
name                                mean      median        rmse         min         max       count
Lost Count                         1.000       1.000       0.000       1.000       1.000           9
Tracking                           9.476       8.181       9.912       1.049     717.016        7335
Total Init                     28481.746   28481.746       0.000   28481.746   28481.746           1
Pipeline                         151.484     149.986      25.995      81.374     842.810        7513
Reset Count                        1.000       1.000       0.000       1.000       1.000           9
Correlation                        0.205       0.168       0.207       0.003       9.259        7245
AKAZE Extract                    135.512     133.214      23.005      69.382     269.013        7513
ORB Extract                       32.210      30.529       8.346       8.599      81.813        7513
[RUN 08/20] 2025-09-09 00:46:46
Registering ORBextractor...
Registering AKAZEextractor...
Registering BRISKextractor...
Registering SIFTextractor...
Registering KAZEextractor...
Registering SuperPointExtractor...

ORB-SLAM2 Copyright (C) 2014-2016 Raul Mur-Artal, University of Zaragoza.
This program comes with ABSOLUTELY NO WARRANTY;
This is free software, and you are welcome to redistribute it
under certain conditions. See LICENSE.txt.

Input sensor was set to: Monocular

Loading Vocabulary : /home/howard/Refactored_ORB_SLAM2/Install/var/lib/orbslam2/voc/orb_mur.fbow
This could take a while...
Loading ORB Vocabulary in FBoW.
ORB Vocabulary loaded in 0.024052s


Loading Vocabulary : /home/howard/Refactored_ORB_SLAM2/Install/var/lib/orbslam2/voc/akaze_cv.fbow
This could take a while...
Loading AKAZE Vocabulary in FBoW.
AKAZE Vocabulary loaded in 0.006100s


Camera Parameters: 
- fx: 983.044
- fy: 983.044
- cx: 643.647
- cy: 493.379
- k1: 0
- k2: 0
- p1: 0
- p2: 0
- fps: 16
- color order: RGB (ignored if grayscale)

[Feature 0] ORB Extractor Parameters: 
 ( TH_LOW: 50, TH_HIGH: 100 )
- Number of Features: 2000
- Scale Levels: 8
- Scale Factor: 1.2
- Initial Fast Threshold: 20
- Minimum Fast Threshold: 7

[Feature 1] AKAZE Extractor Parameters: 
 ( TH_LOW: 100, TH_HIGH: 200 )
- Number of Features: 1000
- Scale Levels: 4
- Scale Factor: 1.2
- Threshold: 0.001
- Num of Octaves: 4
- Num of Octave Layers: 4

-------
Start processing sequence ...
Images in the sequence: 7513

1
New map created with 24 points for 0 Feature Type 
New map created with 130 points for 1 Feature Type 
Tracking Initlized in 96.08s
The initlized frame ID: 141
The lost frame ID: 831
The lost frame ID: 832
The lost frame ID: 833
The lost frame ID: 834
The lost frame ID: 835
The lost frame ID: 836
The lost frame ID: 837
The lost frame ID: 838
The lost frame ID: 839

Saving camera trajectory to TrajectoryBeforeReset_oxf_orb_akz_r08_seg01_pid3457957_1757375350928.txt ...

trajectory saved!
[Tracking] wrote pre-reset trajectory to TrajectoryBeforeReset_oxf_orb_akz_r08_seg01_pid3457957_1757375350928.txt
[Tracking] LOST for 10 consecutive frames -> reset
System Reseting
Reseting Local Mapper... done
Reseting Loop Closing... done
Reseting Database... done
1
New map created with 94 points for 0 Feature Type 
New map created with 498 points for 1 Feature Type 
Tracking Initlized in 1.54s
The initlized frame ID: 2
The lost frame ID: 639
The lost frame ID: 640
The lost frame ID: 641
The lost frame ID: 642
The lost frame ID: 643
The lost frame ID: 644
The lost frame ID: 645
The lost frame ID: 646
The lost frame ID: 647

Saving camera trajectory to TrajectoryBeforeReset_oxf_orb_akz_r08_seg02_pid3457957_1757375458938.txt ...

trajectory saved!
[Tracking] wrote pre-reset trajectory to TrajectoryBeforeReset_oxf_orb_akz_r08_seg02_pid3457957_1757375458938.txt
[Tracking] LOST for 10 consecutive frames -> reset
System Reseting
Reseting Local Mapper... done
Reseting Loop Closing... done
Reseting Database... done
1
New map created with 51 points for 0 Feature Type 
New map created with 311 points for 1 Feature Type 
Tracking Initlized in 5.87s
The initlized frame ID: 8
The lost frame ID: 252
The lost frame ID: 253
The lost frame ID: 254
The lost frame ID: 255
The lost frame ID: 256
The lost frame ID: 257
The lost frame ID: 258
The lost frame ID: 259
The lost frame ID: 260

Saving camera trajectory to TrajectoryBeforeReset_oxf_orb_akz_r08_seg03_pid3457957_1757375502871.txt ...

trajectory saved!
[Tracking] wrote pre-reset trajectory to TrajectoryBeforeReset_oxf_orb_akz_r08_seg03_pid3457957_1757375502871.txt
[Tracking] LOST for 10 consecutive frames -> reset
System Reseting
Reseting Local Mapper... done
Reseting Loop Closing... done
Reseting Database... done
1
New map created with 88 points for 0 Feature Type 
New map created with 283 points for 1 Feature Type 
Tracking Initlized in 1.39s
The initlized frame ID: 2
The lost frame ID: 1011
The lost frame ID: 1012
The lost frame ID: 1013
The lost frame ID: 1014
The lost frame ID: 1015
The lost frame ID: 1016
The lost frame ID: 1017
The lost frame ID: 1018
The lost frame ID: 1019

Saving camera trajectory to TrajectoryBeforeReset_oxf_orb_akz_r08_seg04_pid3457957_1757375671181.txt ...

trajectory saved!
[Tracking] wrote pre-reset trajectory to TrajectoryBeforeReset_oxf_orb_akz_r08_seg04_pid3457957_1757375671181.txt
[Tracking] LOST for 10 consecutive frames -> reset
System Reseting
Reseting Local Mapper... done
Reseting Loop Closing... done
Reseting Database... done
1
New map created with 59 points for 0 Feature Type 
New map created with 248 points for 1 Feature Type 
Tracking Initlized in 1.45s
The initlized frame ID: 2
The lost frame ID: 180
The lost frame ID: 181
The lost frame ID: 182
The lost frame ID: 183
The lost frame ID: 184
The lost frame ID: 185
The lost frame ID: 186
The lost frame ID: 187
The lost frame ID: 188

Saving camera trajectory to TrajectoryBeforeReset_oxf_orb_akz_r08_seg05_pid3457957_1757375704481.txt ...

trajectory saved!
[Tracking] wrote pre-reset trajectory to TrajectoryBeforeReset_oxf_orb_akz_r08_seg05_pid3457957_1757375704481.txt
[Tracking] LOST for 10 consecutive frames -> reset
System Reseting
Reseting Local Mapper... done
Reseting Loop Closing... done
Reseting Database... done
1
New map created with 71 points for 0 Feature Type 
New map created with 118 points for 1 Feature Type 
Tracking Initlized in 1.52s
The initlized frame ID: 2
The lost frame ID: 594
The lost frame ID: 595
The lost frame ID: 596
The lost frame ID: 597
The lost frame ID: 598
The lost frame ID: 599
The lost frame ID: 600
The lost frame ID: 601
The lost frame ID: 602

Saving camera trajectory to TrajectoryBeforeReset_oxf_orb_akz_r08_seg06_pid3457957_1757375807673.txt ...

trajectory saved!
[Tracking] wrote pre-reset trajectory to TrajectoryBeforeReset_oxf_orb_akz_r08_seg06_pid3457957_1757375807673.txt
[Tracking] LOST for 10 consecutive frames -> reset
System Reseting
Reseting Local Mapper... done
Reseting Loop Closing... done
Reseting Database... done
1
New map created with 69 points for 0 Feature Type 
New map created with 512 points for 1 Feature Type 
Tracking Initlized in 1.88s
The initlized frame ID: 3
The lost frame ID: 1408
The lost frame ID: 1409
The lost frame ID: 1410
The lost frame ID: 1411
The lost frame ID: 1412
The lost frame ID: 1413
The lost frame ID: 1414
The lost frame ID: 1415
The lost frame ID: 1416

Saving camera trajectory to TrajectoryBeforeReset_oxf_orb_akz_r08_seg07_pid3457957_1757376042449.txt ...

trajectory saved!
[Tracking] wrote pre-reset trajectory to TrajectoryBeforeReset_oxf_orb_akz_r08_seg07_pid3457957_1757376042449.txt
[Tracking] LOST for 10 consecutive frames -> reset
System Reseting
Reseting Local Mapper... done
Reseting Loop Closing... done
Reseting Database... done
0
New map created with 157 points for 0 Feature Type 
New map created with 587 points for 1 Feature Type 
Tracking Initlized in 1.45s
The initlized frame ID: 2
The lost frame ID: 2244
The lost frame ID: 2245
The lost frame ID: 2246
The lost frame ID: 2247
The lost frame ID: 2248
The lost frame ID: 2249
The lost frame ID: 2250
The lost frame ID: 2251
The lost frame ID: 2252

Saving camera trajectory to TrajectoryBeforeReset_oxf_orb_akz_r08_seg08_pid3457957_1757376428820.txt ...

trajectory saved!
[Tracking] wrote pre-reset trajectory to TrajectoryBeforeReset_oxf_orb_akz_r08_seg08_pid3457957_1757376428820.txt
[Tracking] LOST for 10 consecutive frames -> reset
System Reseting
Reseting Local Mapper... done
Reseting Loop Closing... done
Reseting Database... done
1
New map created with 89 points for 0 Feature Type 
New map created with 377 points for 1 Feature Type 
Tracking Initlized in 6.81s
The initlized frame ID: 10
The lost frame ID: 156
The lost frame ID: 157
The lost frame ID: 158
The lost frame ID: 159
The lost frame ID: 160
The lost frame ID: 161
The lost frame ID: 162
The lost frame ID: 163
The lost frame ID: 164

Saving camera trajectory to TrajectoryBeforeReset_oxf_orb_akz_r08_seg09_pid3457957_1757376461344.txt ...

trajectory saved!
[Tracking] wrote pre-reset trajectory to TrajectoryBeforeReset_oxf_orb_akz_r08_seg09_pid3457957_1757376461344.txt
[Tracking] LOST for 10 consecutive frames -> reset
System Reseting
Reseting Local Mapper... done
Reseting Loop Closing... done
Reseting Database... done
0
New map created with 101 points for 0 Feature Type 
New map created with 352 points for 1 Feature Type 
Tracking Initlized in 0.84s
The initlized frame ID: 1
System::StopViewer()
System::StopViewer() done

Saving correlation status...

========== Global Summary ==========
Frames: 7240
avg_CorrEdges: 4.31754
avg_match_A: 111.592
avg_match_B: 100
global_RI_MNR: 0.0431754
global_RI_GNR: 0.0408714
global_RI_DICE: 0.0408101

========== Per-Channel Summary ==========
   chA   chB     avgCorr        avgA        avgB   avgRI_MNR   avgRI_GNR  avgRI_DICE
     0     1     4.31754     111.592         100   0.0428407   0.0366333   0.0360048

Correlation status saved!

System Shutdown
-------

median tracking time: 0.144555
mean tracking time: 0.148103

Saving camera trajectory to result08.txt ...

trajectory saved!
All done

========== Performance Summary (ms) ==========
name                                mean      median        rmse         min         max       count
Lost Count                         1.000       1.000       0.000       1.000       1.000           9
Tracking                           9.257       8.094       5.046       1.053      87.064        7330
Total Init                     28277.480   28277.480       0.000   28277.480   28277.480           1
Pipeline                         147.303     144.517      26.553      83.964     698.813        7513
Reset Count                        1.000       1.000       0.000       1.000       1.000           9
Correlation                        0.199       0.167       0.182       0.046       8.390        7240
AKAZE Extract                    131.825     128.654      24.034      71.670     249.344        7513
ORB Extract                       32.018      30.555       8.233       7.466      83.298        7513
[RUN 09/20] 2025-09-09 01:08:03
Registering ORBextractor...
Registering AKAZEextractor...
Registering BRISKextractor...
Registering SIFTextractor...
Registering KAZEextractor...
Registering SuperPointExtractor...

ORB-SLAM2 Copyright (C) 2014-2016 Raul Mur-Artal, University of Zaragoza.
This program comes with ABSOLUTELY NO WARRANTY;
This is free software, and you are welcome to redistribute it
under certain conditions. See LICENSE.txt.

Input sensor was set to: Monocular

Loading Vocabulary : /home/howard/Refactored_ORB_SLAM2/Install/var/lib/orbslam2/voc/orb_mur.fbow
This could take a while...
Loading ORB Vocabulary in FBoW.
ORB Vocabulary loaded in 0.020271s


Loading Vocabulary : /home/howard/Refactored_ORB_SLAM2/Install/var/lib/orbslam2/voc/akaze_cv.fbow
This could take a while...
Loading AKAZE Vocabulary in FBoW.
AKAZE Vocabulary loaded in 0.003174s


Camera Parameters: 
- fx: 983.044
- fy: 983.044
- cx: 643.647
- cy: 493.379
- k1: 0
- k2: 0
- p1: 0
- p2: 0
- fps: 16
- color order: RGB (ignored if grayscale)

[Feature 0] ORB Extractor Parameters: 
 ( TH_LOW: 50, TH_HIGH: 100 )
- Number of Features: 2000
- Scale Levels: 8
- Scale Factor: 1.2
- Initial Fast Threshold: 20
- Minimum Fast Threshold: 7

[Feature 1] AKAZE Extractor Parameters: 
 ( TH_LOW: 100, TH_HIGH: 200 )
- Number of Features: 1000
- Scale Levels: 4
- Scale Factor: 1.2
- Threshold: 0.001
- Num of Octaves: 4
- Num of Octave Layers: 4

-------
Start processing sequence ...
Images in the sequence: 7513

1
New map created with 24 points for 0 Feature Type 
New map created with 130 points for 1 Feature Type 
Tracking Initlized in 96.75s
The initlized frame ID: 141
The lost frame ID: 831
The lost frame ID: 832
The lost frame ID: 833
The lost frame ID: 834
The lost frame ID: 835
The lost frame ID: 836
The lost frame ID: 837
The lost frame ID: 838
The lost frame ID: 839

Saving camera trajectory to TrajectoryBeforeReset_oxf_orb_akz_r09_seg01_pid3561424_1757376626917.txt ...

trajectory saved!
[Tracking] wrote pre-reset trajectory to TrajectoryBeforeReset_oxf_orb_akz_r09_seg01_pid3561424_1757376626917.txt
[Tracking] LOST for 10 consecutive frames -> reset
System Reseting
Reseting Local Mapper... done
Reseting Loop Closing... done
Reseting Database... done
1
New map created with 93 points for 0 Feature Type 
New map created with 498 points for 1 Feature Type 
Tracking Initlized in 1.27s
The initlized frame ID: 2
The lost frame ID: 639
The lost frame ID: 640
The lost frame ID: 641
The lost frame ID: 642
The lost frame ID: 643
The lost frame ID: 644
The lost frame ID: 645
The lost frame ID: 646
The lost frame ID: 647

Saving camera trajectory to TrajectoryBeforeReset_oxf_orb_akz_r09_seg02_pid3561424_1757376732792.txt ...

trajectory saved!
[Tracking] wrote pre-reset trajectory to TrajectoryBeforeReset_oxf_orb_akz_r09_seg02_pid3561424_1757376732792.txt
[Tracking] LOST for 10 consecutive frames -> reset
System Reseting
Reseting Local Mapper... done
Reseting Loop Closing... done
Reseting Database... done
1
New map created with 51 points for 0 Feature Type 
New map created with 311 points for 1 Feature Type 
Tracking Initlized in 5.35s
The initlized frame ID: 8
The lost frame ID: 1272
The lost frame ID: 1273
The lost frame ID: 1274
The lost frame ID: 1275
The lost frame ID: 1276
The lost frame ID: 1277
The lost frame ID: 1278
The lost frame ID: 1279
The lost frame ID: 1280

Saving camera trajectory to TrajectoryBeforeReset_oxf_orb_akz_r09_seg03_pid3561424_1757376949857.txt ...

trajectory saved!
[Tracking] wrote pre-reset trajectory to TrajectoryBeforeReset_oxf_orb_akz_r09_seg03_pid3561424_1757376949857.txt
[Tracking] LOST for 10 consecutive frames -> reset
System Reseting
Reseting Local Mapper... done
Reseting Loop Closing... done
Reseting Database... done
1
New map created with 63 points for 0 Feature Type 
New map created with 249 points for 1 Feature Type 
Tracking Initlized in 1.42s
The initlized frame ID: 2
The lost frame ID: 180
The lost frame ID: 181
The lost frame ID: 182
The lost frame ID: 183
The lost frame ID: 184
The lost frame ID: 185
The lost frame ID: 186
The lost frame ID: 187
The lost frame ID: 188

Saving camera trajectory to TrajectoryBeforeReset_oxf_orb_akz_r09_seg04_pid3561424_1757376984522.txt ...

trajectory saved!
[Tracking] wrote pre-reset trajectory to TrajectoryBeforeReset_oxf_orb_akz_r09_seg04_pid3561424_1757376984522.txt
[Tracking] LOST for 10 consecutive frames -> reset
System Reseting
Reseting Local Mapper... done
Reseting Loop Closing... done
Reseting Database... done
1
New map created with 70 points for 0 Feature Type 
New map created with 122 points for 1 Feature Type 
Tracking Initlized in 1.59s
The initlized frame ID: 2
The lost frame ID: 595
The lost frame ID: 596
The lost frame ID: 597
The lost frame ID: 598
The lost frame ID: 599
The lost frame ID: 600
The lost frame ID: 601
The lost frame ID: 602
The lost frame ID: 603

Saving camera trajectory to TrajectoryBeforeReset_oxf_orb_akz_r09_seg05_pid3561424_1757377092745.txt ...

trajectory saved!
[Tracking] wrote pre-reset trajectory to TrajectoryBeforeReset_oxf_orb_akz_r09_seg05_pid3561424_1757377092745.txt
[Tracking] LOST for 10 consecutive frames -> reset
System Reseting
Reseting Local Mapper... done
Reseting Loop Closing... done
Reseting Database... done
1
New map created with 109 points for 0 Feature Type 
New map created with 575 points for 1 Feature Type 
Tracking Initlized in 1.60s
The initlized frame ID: 2
Track lost soon after initialisation, reseting...
System Reseting
Reseting Local Mapper... done
Reseting Loop Closing... done
Reseting Database... done
1
New map created with 113 points for 0 Feature Type 
New map created with 516 points for 1 Feature Type 
Tracking Initlized in 1.41s
The initlized frame ID: 2
Track lost soon after initialisation, reseting...
System Reseting
Reseting Local Mapper... done
Reseting Loop Closing... done
Reseting Database... done
1
New map created with 80 points for 0 Feature Type 
New map created with 518 points for 1 Feature Type 
Tracking Initlized in 1.53s
The initlized frame ID: 2
The lost frame ID: 1401
The lost frame ID: 1402
The lost frame ID: 1403
The lost frame ID: 1404
The lost frame ID: 1405
The lost frame ID: 1406
The lost frame ID: 1407
The lost frame ID: 1408
The lost frame ID: 1409

Saving camera trajectory to TrajectoryBeforeReset_oxf_orb_akz_r09_seg06_pid3561424_1757377339627.txt ...

trajectory saved!
[Tracking] wrote pre-reset trajectory to TrajectoryBeforeReset_oxf_orb_akz_r09_seg06_pid3561424_1757377339627.txt
[Tracking] LOST for 10 consecutive frames -> reset
System Reseting
Reseting Local Mapper... done
Reseting Loop Closing... done
Reseting Database... done
1
New map created with 169 points for 0 Feature Type 
New map created with 554 points for 1 Feature Type 
Tracking Initlized in 0.75s
The initlized frame ID: 1
The lost frame ID: 2242
The lost frame ID: 2243
The lost frame ID: 2244
The lost frame ID: 2245
The lost frame ID: 2246
The lost frame ID: 2247
The lost frame ID: 2248
The lost frame ID: 2249
The lost frame ID: 2250

Saving camera trajectory to TrajectoryBeforeReset_oxf_orb_akz_r09_seg07_pid3561424_1757377735976.txt ...

trajectory saved!
[Tracking] wrote pre-reset trajectory to TrajectoryBeforeReset_oxf_orb_akz_r09_seg07_pid3561424_1757377735976.txt
[Tracking] LOST for 10 consecutive frames -> reset
System Reseting
Reseting Local Mapper... done
Reseting Loop Closing... done
Reseting Database... done
1
New map created with 90 points for 0 Feature Type 
New map created with 377 points for 1 Feature Type 
Tracking Initlized in 6.54s
The initlized frame ID: 10
The lost frame ID: 61
The lost frame ID: 62
The lost frame ID: 63
The lost frame ID: 64
The lost frame ID: 65
The lost frame ID: 66
The lost frame ID: 67
The lost frame ID: 68
The lost frame ID: 69

Saving camera trajectory to TrajectoryBeforeReset_oxf_orb_akz_r09_seg08_pid3561424_1757377751187.txt ...

trajectory saved!
[Tracking] wrote pre-reset trajectory to TrajectoryBeforeReset_oxf_orb_akz_r09_seg08_pid3561424_1757377751187.txt
[Tracking] LOST for 10 consecutive frames -> reset
System Reseting
Reseting Local Mapper... done
Reseting Loop Closing... done
Reseting Database... done
0
New map created with 98 points for 0 Feature Type 
New map created with 294 points for 1 Feature Type 
Tracking Initlized in 0.75s
The initlized frame ID: 1
The lost frame ID: 86
The lost frame ID: 87
The lost frame ID: 88
The lost frame ID: 89
The lost frame ID: 90
The lost frame ID: 91
The lost frame ID: 92
The lost frame ID: 93
The lost frame ID: 94

Saving camera trajectory to TrajectoryBeforeReset_oxf_orb_akz_r09_seg09_pid3561424_1757377768461.txt ...

trajectory saved!
[Tracking] wrote pre-reset trajectory to TrajectoryBeforeReset_oxf_orb_akz_r09_seg09_pid3561424_1757377768461.txt
[Tracking] LOST for 10 consecutive frames -> reset
System Reseting
Reseting Local Mapper... done
Reseting Loop Closing... done
Reseting Database... done
0
New map created with 103 points for 0 Feature Type 
New map created with 349 points for 1 Feature Type 
Tracking Initlized in 0.82s
The initlized frame ID: 1
System::StopViewer()
System::StopViewer() done

Saving correlation status...

========== Global Summary ==========
Frames: 7235
avg_CorrEdges: 4.25764
avg_match_A: 110.034
avg_match_B: 97.4337
global_RI_MNR: 0.0436978
global_RI_GNR: 0.0411197
global_RI_DICE: 0.0410438

========== Per-Channel Summary ==========
   chA   chB     avgCorr        avgA        avgB   avgRI_MNR   avgRI_GNR  avgRI_DICE
     0     1     4.25764     110.034     97.4337   0.0427133   0.0368456   0.0362642

Correlation status saved!

System Shutdown
-------

median tracking time: 0.149468
mean tracking time: 0.151707

Saving camera trajectory to result09.txt ...

trajectory saved!
All done

========== Performance Summary (ms) ==========
name                                mean      median        rmse         min         max       count
Lost Count                         1.000       1.000       0.000       1.000       1.000           9
Tracking                           9.767       8.515       7.318       1.320     376.871        7327
Total Init                     28800.345   28800.345       0.000   28800.345   28800.345           1
Pipeline                         150.784     149.420      24.594      93.479     498.034        7513
Reset Count                        1.000       1.000       0.000       1.000       1.000          11
Correlation                        0.203       0.171       0.134       0.040       3.213        7235
AKAZE Extract                    134.543     132.664      22.370      79.967     231.723        7513
ORB Extract                       32.663      31.073       8.247       6.980      77.440        7513
[RUN 10/20] 2025-09-09 01:29:50
Registering ORBextractor...
Registering AKAZEextractor...
Registering BRISKextractor...
Registering SIFTextractor...
Registering KAZEextractor...
Registering SuperPointExtractor...

ORB-SLAM2 Copyright (C) 2014-2016 Raul Mur-Artal, University of Zaragoza.
This program comes with ABSOLUTELY NO WARRANTY;
This is free software, and you are welcome to redistribute it
under certain conditions. See LICENSE.txt.

Input sensor was set to: Monocular

Loading Vocabulary : /home/howard/Refactored_ORB_SLAM2/Install/var/lib/orbslam2/voc/orb_mur.fbow
This could take a while...
Loading ORB Vocabulary in FBoW.
ORB Vocabulary loaded in 0.022790s


Loading Vocabulary : /home/howard/Refactored_ORB_SLAM2/Install/var/lib/orbslam2/voc/akaze_cv.fbow
This could take a while...
Loading AKAZE Vocabulary in FBoW.
AKAZE Vocabulary loaded in 0.004985s


Camera Parameters: 
- fx: 983.044
- fy: 983.044
- cx: 643.647
- cy: 493.379
- k1: 0
- k2: 0
- p1: 0
- p2: 0
- fps: 16
- color order: RGB (ignored if grayscale)

[Feature 0] ORB Extractor Parameters: 
 ( TH_LOW: 50, TH_HIGH: 100 )
- Number of Features: 2000
- Scale Levels: 8
- Scale Factor: 1.2
- Initial Fast Threshold: 20
- Minimum Fast Threshold: 7

[Feature 1] AKAZE Extractor Parameters: 
 ( TH_LOW: 100, TH_HIGH: 200 )
- Number of Features: 1000
- Scale Levels: 4
- Scale Factor: 1.2
- Threshold: 0.001
- Num of Octaves: 4
- Num of Octave Layers: 4

-------
Start processing sequence ...
Images in the sequence: 7513

1
New map created with 25 points for 0 Feature Type 
New map created with 130 points for 1 Feature Type 
Tracking Initlized in 99.23s
The initlized frame ID: 141
The lost frame ID: 831
The lost frame ID: 832
The lost frame ID: 833
The lost frame ID: 834
The lost frame ID: 835
The lost frame ID: 836
The lost frame ID: 837
The lost frame ID: 838
The lost frame ID: 839

Saving camera trajectory to TrajectoryBeforeReset_oxf_orb_akz_r10_seg01_pid3669919_1757377937582.txt ...

trajectory saved!
[Tracking] wrote pre-reset trajectory to TrajectoryBeforeReset_oxf_orb_akz_r10_seg01_pid3669919_1757377937582.txt
[Tracking] LOST for 10 consecutive frames -> reset
System Reseting
Reseting Local Mapper... done
Reseting Loop Closing... done
Reseting Database... done
1
New map created with 94 points for 0 Feature Type 
New map created with 498 points for 1 Feature Type 
Tracking Initlized in 1.42s
The initlized frame ID: 2
The lost frame ID: 641
The lost frame ID: 642
The lost frame ID: 643
The lost frame ID: 644
The lost frame ID: 645
The lost frame ID: 646
The lost frame ID: 647
The lost frame ID: 648
The lost frame ID: 649

Saving camera trajectory to TrajectoryBeforeReset_oxf_orb_akz_r10_seg02_pid3669919_1757378048374.txt ...

trajectory saved!
[Tracking] wrote pre-reset trajectory to TrajectoryBeforeReset_oxf_orb_akz_r10_seg02_pid3669919_1757378048374.txt
[Tracking] LOST for 10 consecutive frames -> reset
System Reseting
Reseting Local Mapper... done
Reseting Loop Closing... done
Reseting Database... done
1
New map created with 78 points for 0 Feature Type 
New map created with 224 points for 1 Feature Type 
Tracking Initlized in 2.20s
The initlized frame ID: 3
The lost frame ID: 250
The lost frame ID: 251
The lost frame ID: 252
The lost frame ID: 253
The lost frame ID: 254
The lost frame ID: 255
The lost frame ID: 256
The lost frame ID: 257
The lost frame ID: 258

Saving camera trajectory to TrajectoryBeforeReset_oxf_orb_akz_r10_seg03_pid3669919_1757378093033.txt ...

trajectory saved!
[Tracking] wrote pre-reset trajectory to TrajectoryBeforeReset_oxf_orb_akz_r10_seg03_pid3669919_1757378093033.txt
[Tracking] LOST for 10 consecutive frames -> reset
System Reseting
Reseting Local Mapper... done
Reseting Loop Closing... done
Reseting Database... done
1
New map created with 83 points for 0 Feature Type 
New map created with 277 points for 1 Feature Type 
Tracking Initlized in 1.43s
The initlized frame ID: 2
The lost frame ID: 1011
The lost frame ID: 1012
The lost frame ID: 1013
The lost frame ID: 1014
The lost frame ID: 1015
The lost frame ID: 1016
The lost frame ID: 1017
The lost frame ID: 1018
The lost frame ID: 1019

Saving camera trajectory to TrajectoryBeforeReset_oxf_orb_akz_r10_seg04_pid3669919_1757378260843.txt ...

trajectory saved!
[Tracking] wrote pre-reset trajectory to TrajectoryBeforeReset_oxf_orb_akz_r10_seg04_pid3669919_1757378260843.txt
[Tracking] LOST for 10 consecutive frames -> reset
System Reseting
Reseting Local Mapper... done
Reseting Loop Closing... done
Reseting Database... done
1
New map created with 63 points for 0 Feature Type 
New map created with 249 points for 1 Feature Type 
Tracking Initlized in 1.51s
The initlized frame ID: 2
The lost frame ID: 180
The lost frame ID: 181
The lost frame ID: 182
The lost frame ID: 183
The lost frame ID: 184
The lost frame ID: 185
The lost frame ID: 186
The lost frame ID: 187
The lost frame ID: 188

Saving camera trajectory to TrajectoryBeforeReset_oxf_orb_akz_r10_seg05_pid3669919_1757378292512.txt ...

trajectory saved!
[Tracking] wrote pre-reset trajectory to TrajectoryBeforeReset_oxf_orb_akz_r10_seg05_pid3669919_1757378292512.txt
[Tracking] LOST for 10 consecutive frames -> reset
System Reseting
Reseting Local Mapper... done
Reseting Loop Closing... done
Reseting Database... done
1
New map created with 69 points for 0 Feature Type 
New map created with 113 points for 1 Feature Type 
Tracking Initlized in 1.44s
The initlized frame ID: 2
The lost frame ID: 593
The lost frame ID: 594
The lost frame ID: 595
The lost frame ID: 596
The lost frame ID: 597
The lost frame ID: 598
The lost frame ID: 599
The lost frame ID: 600
The lost frame ID: 601

Saving camera trajectory to TrajectoryBeforeReset_oxf_orb_akz_r10_seg06_pid3669919_1757378392027.txt ...

trajectory saved!
[Tracking] wrote pre-reset trajectory to TrajectoryBeforeReset_oxf_orb_akz_r10_seg06_pid3669919_1757378392027.txt
[Tracking] LOST for 10 consecutive frames -> reset
System Reseting
Reseting Local Mapper... done
Reseting Loop Closing... done
Reseting Database... done
1
New map created with 80 points for 0 Feature Type 
New map created with 528 points for 1 Feature Type 
Tracking Initlized in 2.03s
The initlized frame ID: 3
The lost frame ID: 1409
The lost frame ID: 1410
The lost frame ID: 1411
The lost frame ID: 1412
The lost frame ID: 1413
The lost frame ID: 1414
The lost frame ID: 1415
The lost frame ID: 1416
The lost frame ID: 1417

Saving camera trajectory to TrajectoryBeforeReset_oxf_orb_akz_r10_seg07_pid3669919_1757378633065.txt ...

trajectory saved!
[Tracking] wrote pre-reset trajectory to TrajectoryBeforeReset_oxf_orb_akz_r10_seg07_pid3669919_1757378633065.txt
[Tracking] LOST for 10 consecutive frames -> reset
System Reseting
Reseting Local Mapper... done
Reseting Loop Closing... done
Reseting Database... done
0
New map created with 152 points for 0 Feature Type 
New map created with 585 points for 1 Feature Type 
Tracking Initlized in 1.94s
The initlized frame ID: 2
The lost frame ID: 2244
The lost frame ID: 2245
The lost frame ID: 2246
The lost frame ID: 2247
The lost frame ID: 2248
The lost frame ID: 2249
The lost frame ID: 2250
The lost frame ID: 2251
The lost frame ID: 2252

Saving camera trajectory to TrajectoryBeforeReset_oxf_orb_akz_r10_seg08_pid3669919_1757379037652.txt ...

trajectory saved!
[Tracking] wrote pre-reset trajectory to TrajectoryBeforeReset_oxf_orb_akz_r10_seg08_pid3669919_1757379037652.txt
[Tracking] LOST for 10 consecutive frames -> reset
System Reseting
Reseting Local Mapper... done
Reseting Loop Closing... done
Reseting Database... done
1
New map created with 74 points for 0 Feature Type 
New map created with 341 points for 1 Feature Type 
Tracking Initlized in 6.74s
The initlized frame ID: 10
The lost frame ID: 156
The lost frame ID: 157
The lost frame ID: 158
The lost frame ID: 159
The lost frame ID: 160
The lost frame ID: 161
The lost frame ID: 162
The lost frame ID: 163
The lost frame ID: 164

Saving camera trajectory to TrajectoryBeforeReset_oxf_orb_akz_r10_seg09_pid3669919_1757379072376.txt ...

trajectory saved!
[Tracking] wrote pre-reset trajectory to TrajectoryBeforeReset_oxf_orb_akz_r10_seg09_pid3669919_1757379072376.txt
[Tracking] LOST for 10 consecutive frames -> reset
System Reseting
Reseting Local Mapper... done
Reseting Loop Closing... done
Reseting Database... done
0
New map created with 102 points for 0 Feature Type 
New map created with 349 points for 1 Feature Type 
Tracking Initlized in 0.95s
The initlized frame ID: 1
System::StopViewer()
System::StopViewer() done

Saving correlation status...

========== Global Summary ==========
Frames: 7245
avg_CorrEdges: 4.04734
avg_match_A: 110.367
avg_match_B: 97.4229
global_RI_MNR: 0.0415441
global_RI_GNR: 0.039032
global_RI_DICE: 0.0389562

========== Per-Channel Summary ==========
   chA   chB     avgCorr        avgA        avgB   avgRI_MNR   avgRI_GNR  avgRI_DICE
     0     1     4.04734     110.367     97.4229   0.0404796   0.0349233   0.0343723

Correlation status saved!

System Shutdown
-------

median tracking time: 0.149681
mean tracking time: 0.151739

Saving camera trajectory to result10.txt ...

trajectory saved!
All done

========== Performance Summary (ms) ==========
name                                mean      median        rmse         min         max       count
Lost Count                         1.000       1.000       0.000       1.000       1.000           9
Tracking                           9.665       8.250       9.874       1.163     615.809        7335
Total Init                     29498.509   29498.509       0.000   29498.509   29498.509           1
Pipeline                         151.001     149.611      28.000      83.589     820.494        7513
Reset Count                        1.000       1.000       0.000       1.000       1.000           9
Correlation                        0.202       0.168       0.172       0.033       5.286        7245
AKAZE Extract                    135.188     133.253      23.812      73.566     388.497        7513
ORB Extract                       32.738      31.168       8.276       7.664      82.217        7513
[RUN 11/20] 2025-09-09 01:51:36
Registering ORBextractor...
Registering AKAZEextractor...
Registering BRISKextractor...
Registering SIFTextractor...
Registering KAZEextractor...
Registering SuperPointExtractor...

ORB-SLAM2 Copyright (C) 2014-2016 Raul Mur-Artal, University of Zaragoza.
This program comes with ABSOLUTELY NO WARRANTY;
This is free software, and you are welcome to redistribute it
under certain conditions. See LICENSE.txt.

Input sensor was set to: Monocular

Loading Vocabulary : /home/howard/Refactored_ORB_SLAM2/Install/var/lib/orbslam2/voc/orb_mur.fbow
This could take a while...
Loading ORB Vocabulary in FBoW.
ORB Vocabulary loaded in 0.024963s


Loading Vocabulary : /home/howard/Refactored_ORB_SLAM2/Install/var/lib/orbslam2/voc/akaze_cv.fbow
This could take a while...
Loading AKAZE Vocabulary in FBoW.
AKAZE Vocabulary loaded in 0.003699s


Camera Parameters: 
- fx: 983.044
- fy: 983.044
- cx: 643.647
- cy: 493.379
- k1: 0
- k2: 0
- p1: 0
- p2: 0
- fps: 16
- color order: RGB (ignored if grayscale)

[Feature 0] ORB Extractor Parameters: 
 ( TH_LOW: 50, TH_HIGH: 100 )
- Number of Features: 2000
- Scale Levels: 8
- Scale Factor: 1.2
- Initial Fast Threshold: 20
- Minimum Fast Threshold: 7

[Feature 1] AKAZE Extractor Parameters: 
 ( TH_LOW: 100, TH_HIGH: 200 )
- Number of Features: 1000
- Scale Levels: 4
- Scale Factor: 1.2
- Threshold: 0.001
- Num of Octaves: 4
- Num of Octave Layers: 4

-------
Start processing sequence ...
Images in the sequence: 7513

1
New map created with 24 points for 0 Feature Type 
New map created with 130 points for 1 Feature Type 
Tracking Initlized in 99.80s
The initlized frame ID: 141
The lost frame ID: 830
The lost frame ID: 831
The lost frame ID: 832
The lost frame ID: 833
The lost frame ID: 834
The lost frame ID: 835
The lost frame ID: 836
The lost frame ID: 837
The lost frame ID: 838

Saving camera trajectory to TrajectoryBeforeReset_oxf_orb_akz_r11_seg01_pid3775634_1757379243952.txt ...

trajectory saved!
[Tracking] wrote pre-reset trajectory to TrajectoryBeforeReset_oxf_orb_akz_r11_seg01_pid3775634_1757379243952.txt
[Tracking] LOST for 10 consecutive frames -> reset
System Reseting
Reseting Local Mapper... done
Reseting Loop Closing... done
Reseting Database... done
1
New map created with 27 points for 0 Feature Type 
New map created with 255 points for 1 Feature Type 
Tracking Initlized in 1.43s
The initlized frame ID: 2
The lost frame ID: 645
The lost frame ID: 646
The lost frame ID: 647
The lost frame ID: 648
The lost frame ID: 649
The lost frame ID: 650
The lost frame ID: 651
The lost frame ID: 652
The lost frame ID: 653

Saving camera trajectory to TrajectoryBeforeReset_oxf_orb_akz_r11_seg02_pid3775634_1757379359347.txt ...

trajectory saved!
[Tracking] wrote pre-reset trajectory to TrajectoryBeforeReset_oxf_orb_akz_r11_seg02_pid3775634_1757379359347.txt
[Tracking] LOST for 10 consecutive frames -> reset
System Reseting
Reseting Local Mapper... done
Reseting Loop Closing... done
Reseting Database... done
1
New map created with 67 points for 0 Feature Type 
New map created with 357 points for 1 Feature Type 
Tracking Initlized in 4.24s
The initlized frame ID: 6
The lost frame ID: 247
The lost frame ID: 248
The lost frame ID: 249
The lost frame ID: 250
The lost frame ID: 251
The lost frame ID: 252
The lost frame ID: 253
The lost frame ID: 254
The lost frame ID: 255

Saving camera trajectory to TrajectoryBeforeReset_oxf_orb_akz_r11_seg03_pid3775634_1757379404279.txt ...

trajectory saved!
[Tracking] wrote pre-reset trajectory to TrajectoryBeforeReset_oxf_orb_akz_r11_seg03_pid3775634_1757379404279.txt
[Tracking] LOST for 10 consecutive frames -> reset
System Reseting
Reseting Local Mapper... done
Reseting Loop Closing... done
Reseting Database... done
1
New map created with 95 points for 0 Feature Type 
New map created with 328 points for 1 Feature Type 
Tracking Initlized in 1.50s
The initlized frame ID: 2
The lost frame ID: 1011
The lost frame ID: 1012
The lost frame ID: 1013
The lost frame ID: 1014
The lost frame ID: 1015
The lost frame ID: 1016
The lost frame ID: 1017
The lost frame ID: 1018
The lost frame ID: 1019

Saving camera trajectory to TrajectoryBeforeReset_oxf_orb_akz_r11_seg04_pid3775634_1757379576720.txt ...

trajectory saved!
[Tracking] wrote pre-reset trajectory to TrajectoryBeforeReset_oxf_orb_akz_r11_seg04_pid3775634_1757379576720.txt
[Tracking] LOST for 10 consecutive frames -> reset
System Reseting
Reseting Local Mapper... done
Reseting Loop Closing... done
Reseting Database... done
1
New map created with 63 points for 0 Feature Type 
New map created with 249 points for 1 Feature Type 
Tracking Initlized in 1.64s
The initlized frame ID: 2
The lost frame ID: 180
The lost frame ID: 181
The lost frame ID: 182
The lost frame ID: 183
The lost frame ID: 184
The lost frame ID: 185
The lost frame ID: 186
The lost frame ID: 187
The lost frame ID: 188

Saving camera trajectory to TrajectoryBeforeReset_oxf_orb_akz_r11_seg05_pid3775634_1757379612755.txt ...

trajectory saved!
[Tracking] wrote pre-reset trajectory to TrajectoryBeforeReset_oxf_orb_akz_r11_seg05_pid3775634_1757379612755.txt
[Tracking] LOST for 10 consecutive frames -> reset
System Reseting
Reseting Local Mapper... done
Reseting Loop Closing... done
Reseting Database... done
1
New map created with 70 points for 0 Feature Type 
New map created with 122 points for 1 Feature Type 
Tracking Initlized in 1.63s
The initlized frame ID: 2
The lost frame ID: 595
The lost frame ID: 596
The lost frame ID: 597
The lost frame ID: 598
The lost frame ID: 599
The lost frame ID: 600
The lost frame ID: 601
The lost frame ID: 602
The lost frame ID: 603

Saving camera trajectory to TrajectoryBeforeReset_oxf_orb_akz_r11_seg06_pid3775634_1757379720920.txt ...

trajectory saved!
[Tracking] wrote pre-reset trajectory to TrajectoryBeforeReset_oxf_orb_akz_r11_seg06_pid3775634_1757379720920.txt
[Tracking] LOST for 10 consecutive frames -> reset
System Reseting
Reseting Local Mapper... done
Reseting Loop Closing... done
Reseting Database... done
1
New map created with 107 points for 0 Feature Type 
New map created with 575 points for 1 Feature Type 
Tracking Initlized in 1.43s
The initlized frame ID: 2
The lost frame ID: 1409
The lost frame ID: 1410
The lost frame ID: 1411
The lost frame ID: 1412
The lost frame ID: 1413
The lost frame ID: 1414
The lost frame ID: 1415
The lost frame ID: 1416
The lost frame ID: 1417

Saving camera trajectory to TrajectoryBeforeReset_oxf_orb_akz_r11_seg07_pid3775634_1757379950534.txt ...

trajectory saved!
[Tracking] wrote pre-reset trajectory to TrajectoryBeforeReset_oxf_orb_akz_r11_seg07_pid3775634_1757379950534.txt
[Tracking] LOST for 10 consecutive frames -> reset
System Reseting
Reseting Local Mapper... done
Reseting Loop Closing... done
Reseting Database... done
1
New map created with 170 points for 0 Feature Type 
New map created with 526 points for 1 Feature Type 
Tracking Initlized in 0.67s
The initlized frame ID: 1
The lost frame ID: 2242
The lost frame ID: 2243
The lost frame ID: 2244
The lost frame ID: 2245
The lost frame ID: 2246
The lost frame ID: 2247
The lost frame ID: 2248
The lost frame ID: 2249
The lost frame ID: 2250

Saving camera trajectory to TrajectoryBeforeReset_oxf_orb_akz_r11_seg08_pid3775634_1757380296973.txt ...

trajectory saved!
[Tracking] wrote pre-reset trajectory to TrajectoryBeforeReset_oxf_orb_akz_r11_seg08_pid3775634_1757380296973.txt
[Tracking] LOST for 10 consecutive frames -> reset
System Reseting
Reseting Local Mapper... done
Reseting Loop Closing... done
Reseting Database... done
1
New map created with 80 points for 0 Feature Type 
New map created with 350 points for 1 Feature Type 
Tracking Initlized in 5.89s
The initlized frame ID: 10
The lost frame ID: 156
The lost frame ID: 157
The lost frame ID: 158
The lost frame ID: 159
The lost frame ID: 160
The lost frame ID: 161
The lost frame ID: 162
The lost frame ID: 163
The lost frame ID: 164

Saving camera trajectory to TrajectoryBeforeReset_oxf_orb_akz_r11_seg09_pid3775634_1757380325846.txt ...

trajectory saved!
[Tracking] wrote pre-reset trajectory to TrajectoryBeforeReset_oxf_orb_akz_r11_seg09_pid3775634_1757380325846.txt
[Tracking] LOST for 10 consecutive frames -> reset
System Reseting
Reseting Local Mapper... done
Reseting Loop Closing... done
Reseting Database... done
0
New map created with 101 points for 0 Feature Type 
New map created with 314 points for 1 Feature Type 
Tracking Initlized in 0.90s
The initlized frame ID: 1
System::StopViewer()
System::StopViewer() done

Saving correlation status...

========== Global Summary ==========
Frames: 7244
avg_CorrEdges: 4.21742
avg_match_A: 110.967
avg_match_B: 98.6996
global_RI_MNR: 0.0427299
global_RI_GNR: 0.0402989
global_RI_DICE: 0.0402298

========== Per-Channel Summary ==========
   chA   chB     avgCorr        avgA        avgB   avgRI_MNR   avgRI_GNR  avgRI_DICE
     0     1     4.21742     110.967     98.6996   0.0412939   0.0355329   0.0349567

Correlation status saved!

System Shutdown
-------

median tracking time: 0.141928
mean tracking time: 0.144299

Saving camera trajectory to result11.txt ...

trajectory saved!
All done

========== Performance Summary (ms) ==========
name                                mean      median        rmse         min         max       count
Lost Count                         1.000       1.000       0.000       1.000       1.000           9
Tracking                           9.055       7.914       5.908       1.209     303.786        7334
Total Init                     30146.228   30146.228       0.000   30146.228   30146.228           1
Pipeline                         143.456     141.890      24.557      78.075     474.587        7513
Reset Count                        1.000       1.000       0.000       1.000       1.000           9
Correlation                        0.197       0.164       0.205       0.034       7.618        7244
AKAZE Extract                    128.471     126.891      22.797      66.448     231.186        7513
ORB Extract                       31.632      29.717       8.345       7.412      74.337        7513
[RUN 12/20] 2025-09-09 02:12:26
Registering ORBextractor...
Registering AKAZEextractor...
Registering BRISKextractor...
Registering SIFTextractor...
Registering KAZEextractor...
Registering SuperPointExtractor...

ORB-SLAM2 Copyright (C) 2014-2016 Raul Mur-Artal, University of Zaragoza.
This program comes with ABSOLUTELY NO WARRANTY;
This is free software, and you are welcome to redistribute it
under certain conditions. See LICENSE.txt.

Input sensor was set to: Monocular

Loading Vocabulary : /home/howard/Refactored_ORB_SLAM2/Install/var/lib/orbslam2/voc/orb_mur.fbow
This could take a while...
Loading ORB Vocabulary in FBoW.
ORB Vocabulary loaded in 0.021834s


Loading Vocabulary : /home/howard/Refactored_ORB_SLAM2/Install/var/lib/orbslam2/voc/akaze_cv.fbow
This could take a while...
Loading AKAZE Vocabulary in FBoW.
AKAZE Vocabulary loaded in 0.009083s


Camera Parameters: 
- fx: 983.044
- fy: 983.044
- cx: 643.647
- cy: 493.379
- k1: 0
- k2: 0
- p1: 0
- p2: 0
- fps: 16
- color order: RGB (ignored if grayscale)

[Feature 0] ORB Extractor Parameters: 
 ( TH_LOW: 50, TH_HIGH: 100 )
- Number of Features: 2000
- Scale Levels: 8
- Scale Factor: 1.2
- Initial Fast Threshold: 20
- Minimum Fast Threshold: 7

[Feature 1] AKAZE Extractor Parameters: 
 ( TH_LOW: 100, TH_HIGH: 200 )
- Number of Features: 1000
- Scale Levels: 4
- Scale Factor: 1.2
- Threshold: 0.001
- Num of Octaves: 4
- Num of Octave Layers: 4

-------
Start processing sequence ...
Images in the sequence: 7513

1
New map created with 24 points for 0 Feature Type 
New map created with 130 points for 1 Feature Type 
Tracking Initlized in 91.56s
The initlized frame ID: 141
The lost frame ID: 830
The lost frame ID: 831
The lost frame ID: 832
The lost frame ID: 833
The lost frame ID: 834
The lost frame ID: 835
The lost frame ID: 836
The lost frame ID: 837
The lost frame ID: 838

Saving camera trajectory to TrajectoryBeforeReset_oxf_orb_akz_r12_seg01_pid3908460_1757380479951.txt ...

trajectory saved!
[Tracking] wrote pre-reset trajectory to TrajectoryBeforeReset_oxf_orb_akz_r12_seg01_pid3908460_1757380479951.txt
[Tracking] LOST for 10 consecutive frames -> reset
System Reseting
Reseting Local Mapper... done
Reseting Loop Closing... done
Reseting Database... done
1
New map created with 27 points for 0 Feature Type 
New map created with 255 points for 1 Feature Type 
Tracking Initlized in 1.27s
The initlized frame ID: 2
The lost frame ID: 641
The lost frame ID: 642
The lost frame ID: 643
The lost frame ID: 644
The lost frame ID: 645
The lost frame ID: 646
The lost frame ID: 647
The lost frame ID: 648
The lost frame ID: 649

Saving camera trajectory to TrajectoryBeforeReset_oxf_orb_akz_r12_seg02_pid3908460_1757380576245.txt ...

trajectory saved!
[Tracking] wrote pre-reset trajectory to TrajectoryBeforeReset_oxf_orb_akz_r12_seg02_pid3908460_1757380576245.txt
[Tracking] LOST for 10 consecutive frames -> reset
System Reseting
Reseting Local Mapper... done
Reseting Loop Closing... done
Reseting Database... done
1
New map created with 75 points for 0 Feature Type 
New map created with 224 points for 1 Feature Type 
Tracking Initlized in 1.94s
The initlized frame ID: 3
The lost frame ID: 1271
The lost frame ID: 1272
The lost frame ID: 1273
The lost frame ID: 1274
The lost frame ID: 1275
The lost frame ID: 1276
The lost frame ID: 1277
The lost frame ID: 1278
The lost frame ID: 1279

Saving camera trajectory to TrajectoryBeforeReset_oxf_orb_akz_r12_seg03_pid3908460_1757380768784.txt ...

trajectory saved!
[Tracking] wrote pre-reset trajectory to TrajectoryBeforeReset_oxf_orb_akz_r12_seg03_pid3908460_1757380768784.txt
[Tracking] LOST for 10 consecutive frames -> reset
System Reseting
Reseting Local Mapper... done
Reseting Loop Closing... done
Reseting Database... done
1
New map created with 55 points for 0 Feature Type 
New map created with 253 points for 1 Feature Type 
Tracking Initlized in 1.27s
The initlized frame ID: 2
The lost frame ID: 180
The lost frame ID: 181
The lost frame ID: 182
The lost frame ID: 183
The lost frame ID: 184
The lost frame ID: 185
The lost frame ID: 186
The lost frame ID: 187
The lost frame ID: 188

Saving camera trajectory to TrajectoryBeforeReset_oxf_orb_akz_r12_seg04_pid3908460_1757380798975.txt ...

trajectory saved!
[Tracking] wrote pre-reset trajectory to TrajectoryBeforeReset_oxf_orb_akz_r12_seg04_pid3908460_1757380798975.txt
[Tracking] LOST for 10 consecutive frames -> reset
System Reseting
Reseting Local Mapper... done
Reseting Loop Closing... done
Reseting Database... done
1
New map created with 70 points for 0 Feature Type 
New map created with 123 points for 1 Feature Type 
Tracking Initlized in 1.48s
The initlized frame ID: 2
The lost frame ID: 594
The lost frame ID: 595
The lost frame ID: 596
The lost frame ID: 597
The lost frame ID: 598
The lost frame ID: 599
The lost frame ID: 600
The lost frame ID: 601
The lost frame ID: 602

Saving camera trajectory to TrajectoryBeforeReset_oxf_orb_akz_r12_seg05_pid3908460_1757380895658.txt ...

trajectory saved!
[Tracking] wrote pre-reset trajectory to TrajectoryBeforeReset_oxf_orb_akz_r12_seg05_pid3908460_1757380895658.txt
[Tracking] LOST for 10 consecutive frames -> reset
System Reseting
Reseting Local Mapper... done
Reseting Loop Closing... done
Reseting Database... done
1
New map created with 63 points for 0 Feature Type 
New map created with 498 points for 1 Feature Type 
Tracking Initlized in 1.89s
The initlized frame ID: 3
The lost frame ID: 1408
The lost frame ID: 1409
The lost frame ID: 1410
The lost frame ID: 1411
The lost frame ID: 1412
The lost frame ID: 1413
The lost frame ID: 1414
The lost frame ID: 1415
The lost frame ID: 1416

Saving camera trajectory to TrajectoryBeforeReset_oxf_orb_akz_r12_seg06_pid3908460_1757381123215.txt ...

trajectory saved!
[Tracking] wrote pre-reset trajectory to TrajectoryBeforeReset_oxf_orb_akz_r12_seg06_pid3908460_1757381123215.txt
[Tracking] LOST for 10 consecutive frames -> reset
System Reseting
Reseting Local Mapper... done
Reseting Loop Closing... done
Reseting Database... done
0
New map created with 146 points for 0 Feature Type 
New map created with 584 points for 1 Feature Type 
Tracking Initlized in 1.55s
The initlized frame ID: 2
The lost frame ID: 2244
The lost frame ID: 2245
The lost frame ID: 2246
The lost frame ID: 2247
The lost frame ID: 2248
The lost frame ID: 2249
The lost frame ID: 2250
The lost frame ID: 2251
The lost frame ID: 2252

Saving camera trajectory to TrajectoryBeforeReset_oxf_orb_akz_r12_seg07_pid3908460_1757381489777.txt ...

trajectory saved!
[Tracking] wrote pre-reset trajectory to TrajectoryBeforeReset_oxf_orb_akz_r12_seg07_pid3908460_1757381489777.txt
[Tracking] LOST for 10 consecutive frames -> reset
System Reseting
Reseting Local Mapper... done
Reseting Loop Closing... done
Reseting Database... done
1
New map created with 87 points for 0 Feature Type 
New map created with 336 points for 1 Feature Type 
Tracking Initlized in 5.79s
The initlized frame ID: 10
The lost frame ID: 156
The lost frame ID: 157
The lost frame ID: 158
The lost frame ID: 159
The lost frame ID: 160
The lost frame ID: 161
The lost frame ID: 162
The lost frame ID: 163
The lost frame ID: 164

Saving camera trajectory to TrajectoryBeforeReset_oxf_orb_akz_r12_seg08_pid3908460_1757381518802.txt ...

trajectory saved!
[Tracking] wrote pre-reset trajectory to TrajectoryBeforeReset_oxf_orb_akz_r12_seg08_pid3908460_1757381518802.txt
[Tracking] LOST for 10 consecutive frames -> reset
System Reseting
Reseting Local Mapper... done
Reseting Loop Closing... done
Reseting Database... done
0
New map created with 99 points for 0 Feature Type 
New map created with 345 points for 1 Feature Type 
Tracking Initlized in 0.79s
The initlized frame ID: 1
System::StopViewer()
System::StopViewer() done

Saving correlation status...

========== Global Summary ==========
Frames: 7256
avg_CorrEdges: 4.26047
avg_match_A: 109.742
avg_match_B: 97.4803
global_RI_MNR: 0.043706
global_RI_GNR: 0.041192
global_RI_DICE: 0.0411198

========== Per-Channel Summary ==========
   chA   chB     avgCorr        avgA        avgB   avgRI_MNR   avgRI_GNR  avgRI_DICE
     0     1     4.26047     109.742     97.4803   0.0426585   0.0367162   0.0361313

Correlation status saved!

System Shutdown
-------

median tracking time: 0.135084
mean tracking time: 0.136951

Saving camera trajectory to result12.txt ...

trajectory saved!
All done

========== Performance Summary (ms) ==========
name                                mean      median        rmse         min         max       count
Lost Count                         1.000       1.000       0.000       1.000       1.000           8
Tracking                           8.946       7.676       9.175       1.314     597.024        7338
Total Init                     27370.342   27370.342       0.000   27370.342   27370.342           1
Pipeline                         136.276     135.032      23.963      85.261     740.201        7513
Reset Count                        1.000       1.000       0.000       1.000       1.000           8
Correlation                        0.192       0.162       0.166       0.004       7.749        7258
AKAZE Extract                    121.723     119.159      20.686      74.778     351.802        7513
ORB Extract                       30.549      28.857       7.517       7.812      84.110        7513
[RUN 13/20] 2025-09-09 02:32:19
Registering ORBextractor...
Registering AKAZEextractor...
Registering BRISKextractor...
Registering SIFTextractor...
Registering KAZEextractor...
Registering SuperPointExtractor...

ORB-SLAM2 Copyright (C) 2014-2016 Raul Mur-Artal, University of Zaragoza.
This program comes with ABSOLUTELY NO WARRANTY;
This is free software, and you are welcome to redistribute it
under certain conditions. See LICENSE.txt.

Input sensor was set to: Monocular

Loading Vocabulary : /home/howard/Refactored_ORB_SLAM2/Install/var/lib/orbslam2/voc/orb_mur.fbow
This could take a while...
Loading ORB Vocabulary in FBoW.
ORB Vocabulary loaded in 0.042379s


Loading Vocabulary : /home/howard/Refactored_ORB_SLAM2/Install/var/lib/orbslam2/voc/akaze_cv.fbow
This could take a while...
Loading AKAZE Vocabulary in FBoW.
AKAZE Vocabulary loaded in 0.005047s


Camera Parameters: 
- fx: 983.044
- fy: 983.044
- cx: 643.647
- cy: 493.379
- k1: 0
- k2: 0
- p1: 0
- p2: 0
- fps: 16
- color order: RGB (ignored if grayscale)

[Feature 0] ORB Extractor Parameters: 
 ( TH_LOW: 50, TH_HIGH: 100 )
- Number of Features: 2000
- Scale Levels: 8
- Scale Factor: 1.2
- Initial Fast Threshold: 20
- Minimum Fast Threshold: 7

[Feature 1] AKAZE Extractor Parameters: 
 ( TH_LOW: 100, TH_HIGH: 200 )
- Number of Features: 1000
- Scale Levels: 4
- Scale Factor: 1.2
- Threshold: 0.001
- Num of Octaves: 4
- Num of Octave Layers: 4

-------
Start processing sequence ...
Images in the sequence: 7513

1
New map created with 24 points for 0 Feature Type 
New map created with 130 points for 1 Feature Type 
Tracking Initlized in 95.38s
The initlized frame ID: 141
The lost frame ID: 831
The lost frame ID: 832
The lost frame ID: 833
The lost frame ID: 834
The lost frame ID: 835
The lost frame ID: 836
The lost frame ID: 837
The lost frame ID: 838
The lost frame ID: 839

Saving camera trajectory to TrajectoryBeforeReset_oxf_orb_akz_r13_seg01_pid4061363_1757381685210.txt ...

trajectory saved!
[Tracking] wrote pre-reset trajectory to TrajectoryBeforeReset_oxf_orb_akz_r13_seg01_pid4061363_1757381685210.txt
[Tracking] LOST for 10 consecutive frames -> reset
System Reseting
Reseting Local Mapper... done
Reseting Loop Closing... done
Reseting Database... done
0
New map created with 112 points for 0 Feature Type 
New map created with 516 points for 1 Feature Type 
Tracking Initlized in 1.27s
The initlized frame ID: 2
The lost frame ID: 639
The lost frame ID: 640
The lost frame ID: 641
The lost frame ID: 642
The lost frame ID: 643
The lost frame ID: 644
The lost frame ID: 645
The lost frame ID: 646
The lost frame ID: 647

Saving camera trajectory to TrajectoryBeforeReset_oxf_orb_akz_r13_seg02_pid4061363_1757381793147.txt ...

trajectory saved!
[Tracking] wrote pre-reset trajectory to TrajectoryBeforeReset_oxf_orb_akz_r13_seg02_pid4061363_1757381793147.txt
[Tracking] LOST for 10 consecutive frames -> reset
System Reseting
Reseting Local Mapper... done
Reseting Loop Closing... done
Reseting Database... done
1
New map created with 52 points for 0 Feature Type 
New map created with 311 points for 1 Feature Type 
Tracking Initlized in 5.47s
The initlized frame ID: 8
The lost frame ID: 1272
The lost frame ID: 1273
The lost frame ID: 1274
The lost frame ID: 1275
The lost frame ID: 1276
The lost frame ID: 1277
The lost frame ID: 1278
The lost frame ID: 1279
The lost frame ID: 1280

Saving camera trajectory to TrajectoryBeforeReset_oxf_orb_akz_r13_seg03_pid4061363_1757381994669.txt ...

trajectory saved!
[Tracking] wrote pre-reset trajectory to TrajectoryBeforeReset_oxf_orb_akz_r13_seg03_pid4061363_1757381994669.txt
[Tracking] LOST for 10 consecutive frames -> reset
System Reseting
Reseting Local Mapper... done
Reseting Loop Closing... done
Reseting Database... done
1
New map created with 63 points for 0 Feature Type 
New map created with 249 points for 1 Feature Type 
Tracking Initlized in 1.42s
The initlized frame ID: 2
The lost frame ID: 180
The lost frame ID: 181
The lost frame ID: 182
The lost frame ID: 183
The lost frame ID: 184
The lost frame ID: 185
The lost frame ID: 186
The lost frame ID: 187
The lost frame ID: 188

Saving camera trajectory to TrajectoryBeforeReset_oxf_orb_akz_r13_seg04_pid4061363_1757382025218.txt ...

trajectory saved!
[Tracking] wrote pre-reset trajectory to TrajectoryBeforeReset_oxf_orb_akz_r13_seg04_pid4061363_1757382025218.txt
[Tracking] LOST for 10 consecutive frames -> reset
System Reseting
Reseting Local Mapper... done
Reseting Loop Closing... done
Reseting Database... done
1
New map created with 70 points for 0 Feature Type 
New map created with 122 points for 1 Feature Type 
Tracking Initlized in 1.37s
The initlized frame ID: 2
The lost frame ID: 594
The lost frame ID: 595
The lost frame ID: 596
The lost frame ID: 597
The lost frame ID: 598
The lost frame ID: 599
The lost frame ID: 600
The lost frame ID: 601
The lost frame ID: 602

Saving camera trajectory to TrajectoryBeforeReset_oxf_orb_akz_r13_seg05_pid4061363_1757382125059.txt ...

trajectory saved!
[Tracking] wrote pre-reset trajectory to TrajectoryBeforeReset_oxf_orb_akz_r13_seg05_pid4061363_1757382125059.txt
[Tracking] LOST for 10 consecutive frames -> reset
System Reseting
Reseting Local Mapper... done
Reseting Loop Closing... done
Reseting Database... done
1
New map created with 73 points for 0 Feature Type 
New map created with 524 points for 1 Feature Type 
Tracking Initlized in 1.97s
The initlized frame ID: 3
The lost frame ID: 1410
The lost frame ID: 1411
The lost frame ID: 1412
The lost frame ID: 1413
The lost frame ID: 1414
The lost frame ID: 1415
The lost frame ID: 1416
The lost frame ID: 1417
The lost frame ID: 1418

Saving camera trajectory to TrajectoryBeforeReset_oxf_orb_akz_r13_seg06_pid4061363_1757382360012.txt ...

trajectory saved!
[Tracking] wrote pre-reset trajectory to TrajectoryBeforeReset_oxf_orb_akz_r13_seg06_pid4061363_1757382360012.txt
[Tracking] LOST for 10 consecutive frames -> reset
System Reseting
Reseting Local Mapper... done
Reseting Loop Closing... done
Reseting Database... done
1
New map created with 169 points for 0 Feature Type 
New map created with 528 points for 1 Feature Type 
Tracking Initlized in 0.70s
The initlized frame ID: 1
The lost frame ID: 2242
The lost frame ID: 2243
The lost frame ID: 2244
The lost frame ID: 2245
The lost frame ID: 2246
The lost frame ID: 2247
The lost frame ID: 2248
The lost frame ID: 2249
The lost frame ID: 2250

Saving camera trajectory to TrajectoryBeforeReset_oxf_orb_akz_r13_seg07_pid4061363_1757382733992.txt ...

trajectory saved!
[Tracking] wrote pre-reset trajectory to TrajectoryBeforeReset_oxf_orb_akz_r13_seg07_pid4061363_1757382733992.txt
[Tracking] LOST for 10 consecutive frames -> reset
System Reseting
Reseting Local Mapper... done
Reseting Loop Closing... done
Reseting Database... done
1
New map created with 86 points for 0 Feature Type 
New map created with 342 points for 1 Feature Type 
Tracking Initlized in 6.18s
The initlized frame ID: 10
The lost frame ID: 156
The lost frame ID: 157
The lost frame ID: 158
The lost frame ID: 159
The lost frame ID: 160
The lost frame ID: 161
The lost frame ID: 162
The lost frame ID: 163
The lost frame ID: 164

Saving camera trajectory to TrajectoryBeforeReset_oxf_orb_akz_r13_seg08_pid4061363_1757382762063.txt ...

trajectory saved!
[Tracking] wrote pre-reset trajectory to TrajectoryBeforeReset_oxf_orb_akz_r13_seg08_pid4061363_1757382762063.txt
[Tracking] LOST for 10 consecutive frames -> reset
System Reseting
Reseting Local Mapper... done
Reseting Loop Closing... done
Reseting Database... done
0
New map created with 100 points for 0 Feature Type 
New map created with 336 points for 1 Feature Type 
Tracking Initlized in 0.73s
The initlized frame ID: 1
System::StopViewer()
System::StopViewer() done

Saving correlation status...

========== Global Summary ==========
Frames: 7251
avg_CorrEdges: 4.16122
avg_match_A: 109.158
avg_match_B: 97.3282
global_RI_MNR: 0.0427545
global_RI_GNR: 0.0403713
global_RI_DICE: 0.040305

========== Per-Channel Summary ==========
   chA   chB     avgCorr        avgA        avgB   avgRI_MNR   avgRI_GNR  avgRI_DICE
     0     1     4.16122     109.158     97.3282   0.0418646    0.035847   0.0352352

Correlation status saved!

System Shutdown
-------

median tracking time: 0.141843
mean tracking time: 0.14358

Saving camera trajectory to result13.txt ...

trajectory saved!
All done

========== Performance Summary (ms) ==========
name                                mean      median        rmse         min         max       count
Lost Count                         1.000       1.000       0.000       1.000       1.000           8
Tracking                           8.832       7.623       6.321       1.178     260.384        7334
Total Init                     28842.343   28842.343       0.000   28842.343   28842.343           1
Pipeline                         142.801     141.790      22.172      90.540     384.630        7513
Reset Count                        1.000       1.000       0.000       1.000       1.000           8
Correlation                        0.186       0.156       0.170       0.003       7.551        7254
AKAZE Extract                    128.129     126.838      19.938      80.926     219.207        7513
ORB Extract                       30.836      29.063       7.954       7.635      77.218        7513
[RUN 14/20] 2025-09-09 02:53:02
Registering ORBextractor...
Registering AKAZEextractor...
Registering BRISKextractor...
Registering SIFTextractor...
Registering KAZEextractor...
Registering SuperPointExtractor...

ORB-SLAM2 Copyright (C) 2014-2016 Raul Mur-Artal, University of Zaragoza.
This program comes with ABSOLUTELY NO WARRANTY;
This is free software, and you are welcome to redistribute it
under certain conditions. See LICENSE.txt.

Input sensor was set to: Monocular

Loading Vocabulary : /home/howard/Refactored_ORB_SLAM2/Install/var/lib/orbslam2/voc/orb_mur.fbow
This could take a while...
Loading ORB Vocabulary in FBoW.
ORB Vocabulary loaded in 0.014242s


Loading Vocabulary : /home/howard/Refactored_ORB_SLAM2/Install/var/lib/orbslam2/voc/akaze_cv.fbow
This could take a while...
Loading AKAZE Vocabulary in FBoW.
AKAZE Vocabulary loaded in 0.002886s


Camera Parameters: 
- fx: 983.044
- fy: 983.044
- cx: 643.647
- cy: 493.379
- k1: 0
- k2: 0
- p1: 0
- p2: 0
- fps: 16
- color order: RGB (ignored if grayscale)

[Feature 0] ORB Extractor Parameters: 
 ( TH_LOW: 50, TH_HIGH: 100 )
- Number of Features: 2000
- Scale Levels: 8
- Scale Factor: 1.2
- Initial Fast Threshold: 20
- Minimum Fast Threshold: 7

[Feature 1] AKAZE Extractor Parameters: 
 ( TH_LOW: 100, TH_HIGH: 200 )
- Number of Features: 1000
- Scale Levels: 4
- Scale Factor: 1.2
- Threshold: 0.001
- Num of Octaves: 4
- Num of Octave Layers: 4

-------
Start processing sequence ...
Images in the sequence: 7513

1
New map created with 24 points for 0 Feature Type 
New map created with 130 points for 1 Feature Type 
Tracking Initlized in 92.08s
The initlized frame ID: 141
The lost frame ID: 831
The lost frame ID: 832
The lost frame ID: 833
The lost frame ID: 834
The lost frame ID: 835
The lost frame ID: 836
The lost frame ID: 837
The lost frame ID: 838
The lost frame ID: 839

Saving camera trajectory to TrajectoryBeforeReset_oxf_orb_akz_r14_seg01_pid27834_1757382921472.txt ...

trajectory saved!
[Tracking] wrote pre-reset trajectory to TrajectoryBeforeReset_oxf_orb_akz_r14_seg01_pid27834_1757382921472.txt
[Tracking] LOST for 10 consecutive frames -> reset
System Reseting
Reseting Local Mapper... done
Reseting Loop Closing... done
Reseting Database... done
1
New map created with 94 points for 0 Feature Type 
New map created with 498 points for 1 Feature Type 
Tracking Initlized in 1.26s
The initlized frame ID: 2
The lost frame ID: 640
The lost frame ID: 641
The lost frame ID: 642
The lost frame ID: 643
The lost frame ID: 644
The lost frame ID: 645
The lost frame ID: 646
The lost frame ID: 647
The lost frame ID: 648

Saving camera trajectory to TrajectoryBeforeReset_oxf_orb_akz_r14_seg02_pid27834_1757383022673.txt ...

trajectory saved!
[Tracking] wrote pre-reset trajectory to TrajectoryBeforeReset_oxf_orb_akz_r14_seg02_pid27834_1757383022673.txt
[Tracking] LOST for 10 consecutive frames -> reset
System Reseting
Reseting Local Mapper... done
Reseting Loop Closing... done
Reseting Database... done
1
New map created with 75 points for 0 Feature Type 
New map created with 224 points for 1 Feature Type 
Tracking Initlized in 1.93s
The initlized frame ID: 3
The lost frame ID: 1271
The lost frame ID: 1272
The lost frame ID: 1273
The lost frame ID: 1274
The lost frame ID: 1275
The lost frame ID: 1276
The lost frame ID: 1277
The lost frame ID: 1278
The lost frame ID: 1279

Saving camera trajectory to TrajectoryBeforeReset_oxf_orb_akz_r14_seg03_pid27834_1757383218381.txt ...

trajectory saved!
[Tracking] wrote pre-reset trajectory to TrajectoryBeforeReset_oxf_orb_akz_r14_seg03_pid27834_1757383218381.txt
[Tracking] LOST for 10 consecutive frames -> reset
System Reseting
Reseting Local Mapper... done
Reseting Loop Closing... done
Reseting Database... done
1
New map created with 55 points for 0 Feature Type 
New map created with 253 points for 1 Feature Type 
Tracking Initlized in 1.47s
The initlized frame ID: 2
The lost frame ID: 180
The lost frame ID: 181
The lost frame ID: 182
The lost frame ID: 183
The lost frame ID: 184
The lost frame ID: 185
The lost frame ID: 186
The lost frame ID: 187
The lost frame ID: 188

Saving camera trajectory to TrajectoryBeforeReset_oxf_orb_akz_r14_seg04_pid27834_1757383249401.txt ...

trajectory saved!
[Tracking] wrote pre-reset trajectory to TrajectoryBeforeReset_oxf_orb_akz_r14_seg04_pid27834_1757383249401.txt
[Tracking] LOST for 10 consecutive frames -> reset
System Reseting
Reseting Local Mapper... done
Reseting Loop Closing... done
Reseting Database... done
1
New map created with 70 points for 0 Feature Type 
New map created with 123 points for 1 Feature Type 
Tracking Initlized in 1.52s
The initlized frame ID: 2
The lost frame ID: 593
The lost frame ID: 594
The lost frame ID: 595
The lost frame ID: 596
The lost frame ID: 597
The lost frame ID: 598
The lost frame ID: 599
The lost frame ID: 600
The lost frame ID: 601

Saving camera trajectory to TrajectoryBeforeReset_oxf_orb_akz_r14_seg05_pid27834_1757383343118.txt ...

trajectory saved!
[Tracking] wrote pre-reset trajectory to TrajectoryBeforeReset_oxf_orb_akz_r14_seg05_pid27834_1757383343118.txt
[Tracking] LOST for 10 consecutive frames -> reset
System Reseting
Reseting Local Mapper... done
Reseting Loop Closing... done
Reseting Database... done
1
New map created with 77 points for 0 Feature Type 
New map created with 486 points for 1 Feature Type 
Tracking Initlized in 1.77s
The initlized frame ID: 3
The lost frame ID: 1409
The lost frame ID: 1410
The lost frame ID: 1411
The lost frame ID: 1412
The lost frame ID: 1413
The lost frame ID: 1414
The lost frame ID: 1415
The lost frame ID: 1416
The lost frame ID: 1417

Saving camera trajectory to TrajectoryBeforeReset_oxf_orb_akz_r14_seg06_pid27834_1757383564606.txt ...

trajectory saved!
[Tracking] wrote pre-reset trajectory to TrajectoryBeforeReset_oxf_orb_akz_r14_seg06_pid27834_1757383564606.txt
[Tracking] LOST for 10 consecutive frames -> reset
System Reseting
Reseting Local Mapper... done
Reseting Loop Closing... done
Reseting Database... done
0
New map created with 153 points for 0 Feature Type 
New map created with 609 points for 1 Feature Type 
Tracking Initlized in 1.28s
The initlized frame ID: 2
The lost frame ID: 2244
The lost frame ID: 2245
The lost frame ID: 2246
The lost frame ID: 2247
The lost frame ID: 2248
The lost frame ID: 2249
The lost frame ID: 2250
The lost frame ID: 2251
The lost frame ID: 2252

Saving camera trajectory to TrajectoryBeforeReset_oxf_orb_akz_r14_seg07_pid27834_1757383918752.txt ...

trajectory saved!
[Tracking] wrote pre-reset trajectory to TrajectoryBeforeReset_oxf_orb_akz_r14_seg07_pid27834_1757383918752.txt
[Tracking] LOST for 10 consecutive frames -> reset
System Reseting
Reseting Local Mapper... done
Reseting Loop Closing... done
Reseting Database... done
1
New map created with 87 points for 0 Feature Type 
New map created with 336 points for 1 Feature Type 
Tracking Initlized in 6.05s
The initlized frame ID: 10
The lost frame ID: 154
The lost frame ID: 155
The lost frame ID: 156
The lost frame ID: 157
The lost frame ID: 158
The lost frame ID: 159
The lost frame ID: 160
The lost frame ID: 161
The lost frame ID: 162

Saving camera trajectory to TrajectoryBeforeReset_oxf_orb_akz_r14_seg08_pid27834_1757383947019.txt ...

trajectory saved!
[Tracking] wrote pre-reset trajectory to TrajectoryBeforeReset_oxf_orb_akz_r14_seg08_pid27834_1757383947019.txt
[Tracking] LOST for 10 consecutive frames -> reset
System Reseting
Reseting Local Mapper... done
Reseting Loop Closing... done
Reseting Database... done
1
New map created with 95 points for 0 Feature Type 
New map created with 328 points for 1 Feature Type 
Tracking Initlized in 0.69s
The initlized frame ID: 1
System::StopViewer()
System::StopViewer() done

Saving correlation status...

========== Global Summary ==========
Frames: 7258
avg_CorrEdges: 4.18917
avg_match_A: 110.32
avg_match_B: 98.4143
global_RI_MNR: 0.0425667
global_RI_GNR: 0.0402042
global_RI_DICE: 0.0401387

========== Per-Channel Summary ==========
   chA   chB     avgCorr        avgA        avgB   avgRI_MNR   avgRI_GNR  avgRI_DICE
     0     1     4.18917      110.32     98.4143   0.0423734   0.0362891   0.0356801

Correlation status saved!

System Shutdown
-------

median tracking time: 0.133622
mean tracking time: 0.135829

Saving camera trajectory to result14.txt ...

trajectory saved!
All done

========== Performance Summary (ms) ==========
name                                mean      median        rmse         min         max       count
Lost Count                         1.000       1.000       0.000       1.000       1.000           8
Tracking                           8.606       7.504       8.523       0.866     550.961        7338
Total Init                     27315.786   27315.786       0.000   27315.786   27315.786           1
Pipeline                         135.117     133.554      23.466      77.519     684.967        7513
Reset Count                        1.000       1.000       0.000       1.000       1.000           8
Correlation                        0.187       0.155       0.197       0.030       8.358        7258
AKAZE Extract                    120.935     118.947      20.640      68.739     217.363        7513
ORB Extract                       30.897      29.196       7.983       7.837      77.203        7513
[RUN 15/20] 2025-09-09 03:12:46
Registering ORBextractor...
Registering AKAZEextractor...
Registering BRISKextractor...
Registering SIFTextractor...
Registering KAZEextractor...
Registering SuperPointExtractor...

ORB-SLAM2 Copyright (C) 2014-2016 Raul Mur-Artal, University of Zaragoza.
This program comes with ABSOLUTELY NO WARRANTY;
This is free software, and you are welcome to redistribute it
under certain conditions. See LICENSE.txt.

Input sensor was set to: Monocular

Loading Vocabulary : /home/howard/Refactored_ORB_SLAM2/Install/var/lib/orbslam2/voc/orb_mur.fbow
This could take a while...
Loading ORB Vocabulary in FBoW.
ORB Vocabulary loaded in 0.015173s


Loading Vocabulary : /home/howard/Refactored_ORB_SLAM2/Install/var/lib/orbslam2/voc/akaze_cv.fbow
This could take a while...
Loading AKAZE Vocabulary in FBoW.
AKAZE Vocabulary loaded in 0.002817s


Camera Parameters: 
- fx: 983.044
- fy: 983.044
- cx: 643.647
- cy: 493.379
- k1: 0
- k2: 0
- p1: 0
- p2: 0
- fps: 16
- color order: RGB (ignored if grayscale)

[Feature 0] ORB Extractor Parameters: 
 ( TH_LOW: 50, TH_HIGH: 100 )
- Number of Features: 2000
- Scale Levels: 8
- Scale Factor: 1.2
- Initial Fast Threshold: 20
- Minimum Fast Threshold: 7

[Feature 1] AKAZE Extractor Parameters: 
 ( TH_LOW: 100, TH_HIGH: 200 )
- Number of Features: 1000
- Scale Levels: 4
- Scale Factor: 1.2
- Threshold: 0.001
- Num of Octaves: 4
- Num of Octave Layers: 4

-------
Start processing sequence ...
Images in the sequence: 7513

1
New map created with 24 points for 0 Feature Type 
New map created with 130 points for 1 Feature Type 
Tracking Initlized in 90.53s
The initlized frame ID: 141
The lost frame ID: 831
The lost frame ID: 832
The lost frame ID: 833
The lost frame ID: 834
The lost frame ID: 835
The lost frame ID: 836
The lost frame ID: 837
The lost frame ID: 838
The lost frame ID: 839

Saving camera trajectory to TrajectoryBeforeReset_oxf_orb_akz_r15_seg01_pid179903_1757384096058.txt ...

trajectory saved!
[Tracking] wrote pre-reset trajectory to TrajectoryBeforeReset_oxf_orb_akz_r15_seg01_pid179903_1757384096058.txt
[Tracking] LOST for 10 consecutive frames -> reset
System Reseting
Reseting Local Mapper... done
Reseting Loop Closing... done
Reseting Database... done
0
New map created with 111 points for 0 Feature Type 
New map created with 518 points for 1 Feature Type 
Tracking Initlized in 1.26s
The initlized frame ID: 2
The lost frame ID: 639
The lost frame ID: 640
The lost frame ID: 641
The lost frame ID: 642
The lost frame ID: 643
The lost frame ID: 644
The lost frame ID: 645
The lost frame ID: 646
The lost frame ID: 647

Saving camera trajectory to TrajectoryBeforeReset_oxf_orb_akz_r15_seg02_pid179903_1757384190194.txt ...

trajectory saved!
[Tracking] wrote pre-reset trajectory to TrajectoryBeforeReset_oxf_orb_akz_r15_seg02_pid179903_1757384190194.txt
[Tracking] LOST for 10 consecutive frames -> reset
System Reseting
Reseting Local Mapper... done
Reseting Loop Closing... done
Reseting Database... done
1
New map created with 52 points for 0 Feature Type 
New map created with 311 points for 1 Feature Type 
Tracking Initlized in 4.90s
The initlized frame ID: 8
The lost frame ID: 252
The lost frame ID: 253
The lost frame ID: 254
The lost frame ID: 255
The lost frame ID: 256
The lost frame ID: 257
The lost frame ID: 258
The lost frame ID: 259
The lost frame ID: 260

Saving camera trajectory to TrajectoryBeforeReset_oxf_orb_akz_r15_seg03_pid179903_1757384230218.txt ...

trajectory saved!
[Tracking] wrote pre-reset trajectory to TrajectoryBeforeReset_oxf_orb_akz_r15_seg03_pid179903_1757384230218.txt
[Tracking] LOST for 10 consecutive frames -> reset
System Reseting
Reseting Local Mapper... done
Reseting Loop Closing... done
Reseting Database... done
1
New map created with 89 points for 0 Feature Type 
New map created with 283 points for 1 Feature Type 
Tracking Initlized in 1.41s
The initlized frame ID: 2
The lost frame ID: 1011
The lost frame ID: 1012
The lost frame ID: 1013
The lost frame ID: 1014
The lost frame ID: 1015
The lost frame ID: 1016
The lost frame ID: 1017
The lost frame ID: 1018
The lost frame ID: 1019

Saving camera trajectory to TrajectoryBeforeReset_oxf_orb_akz_r15_seg04_pid179903_1757384386217.txt ...

trajectory saved!
[Tracking] wrote pre-reset trajectory to TrajectoryBeforeReset_oxf_orb_akz_r15_seg04_pid179903_1757384386217.txt
[Tracking] LOST for 10 consecutive frames -> reset
System Reseting
Reseting Local Mapper... done
Reseting Loop Closing... done
Reseting Database... done
1
New map created with 59 points for 0 Feature Type 
New map created with 248 points for 1 Feature Type 
Tracking Initlized in 1.41s
The initlized frame ID: 2
The lost frame ID: 180
The lost frame ID: 181
The lost frame ID: 182
The lost frame ID: 183
The lost frame ID: 184
The lost frame ID: 185
The lost frame ID: 186
The lost frame ID: 187
The lost frame ID: 188

Saving camera trajectory to TrajectoryBeforeReset_oxf_orb_akz_r15_seg05_pid179903_1757384416057.txt ...

trajectory saved!
[Tracking] wrote pre-reset trajectory to TrajectoryBeforeReset_oxf_orb_akz_r15_seg05_pid179903_1757384416057.txt
[Tracking] LOST for 10 consecutive frames -> reset
System Reseting
Reseting Local Mapper... done
Reseting Loop Closing... done
Reseting Database... done
1
New map created with 71 points for 0 Feature Type 
New map created with 118 points for 1 Feature Type 
Tracking Initlized in 1.52s
The initlized frame ID: 2
The lost frame ID: 595
The lost frame ID: 596
The lost frame ID: 597
The lost frame ID: 598
The lost frame ID: 599
The lost frame ID: 600
The lost frame ID: 601
The lost frame ID: 602
The lost frame ID: 603

Saving camera trajectory to TrajectoryBeforeReset_oxf_orb_akz_r15_seg06_pid179903_1757384513569.txt ...

trajectory saved!
[Tracking] wrote pre-reset trajectory to TrajectoryBeforeReset_oxf_orb_akz_r15_seg06_pid179903_1757384513569.txt
[Tracking] LOST for 10 consecutive frames -> reset
System Reseting
Reseting Local Mapper... done
Reseting Loop Closing... done
Reseting Database... done
1
New map created with 107 points for 0 Feature Type 
New map created with 523 points for 1 Feature Type 
Tracking Initlized in 1.31s
The initlized frame ID: 2
Track lost soon after initialisation, reseting...
System Reseting
Reseting Local Mapper... done
Reseting Loop Closing... done
Reseting Database... done
1
New map created with 108 points for 0 Feature Type 
New map created with 356 points for 1 Feature Type 
Tracking Initlized in 0.68s
The initlized frame ID: 1
Track lost soon after initialisation, reseting...
System Reseting
Reseting Local Mapper... done
Reseting Loop Closing... done
Reseting Database... done
0
New map created with 81 points for 0 Feature Type 
New map created with 468 points for 1 Feature Type 
Tracking Initlized in 2.44s
The initlized frame ID: 4
Track lost soon after initialisation, reseting...
System Reseting
Reseting Local Mapper... done
Reseting Loop Closing... done
Reseting Database... done
1
New map created with 25 points for 0 Feature Type 
New map created with 251 points for 1 Feature Type 
Tracking Initlized in 3.00s
The initlized frame ID: 5
The lost frame ID: 1396
The lost frame ID: 1397
The lost frame ID: 1398
The lost frame ID: 1399
The lost frame ID: 1400
The lost frame ID: 1401
The lost frame ID: 1402
The lost frame ID: 1403
The lost frame ID: 1404

Saving camera trajectory to TrajectoryBeforeReset_oxf_orb_akz_r15_seg07_pid179903_1757384735184.txt ...

trajectory saved!
[Tracking] wrote pre-reset trajectory to TrajectoryBeforeReset_oxf_orb_akz_r15_seg07_pid179903_1757384735184.txt
[Tracking] LOST for 10 consecutive frames -> reset
System Reseting
Reseting Local Mapper... done
Reseting Loop Closing... done
Reseting Database... done
1
New map created with 170 points for 0 Feature Type 
New map created with 539 points for 1 Feature Type 
Tracking Initlized in 0.83s
The initlized frame ID: 1
The lost frame ID: 2242
The lost frame ID: 2243
The lost frame ID: 2244
The lost frame ID: 2245
The lost frame ID: 2246
The lost frame ID: 2247
The lost frame ID: 2248
The lost frame ID: 2249
The lost frame ID: 2250

Saving camera trajectory to TrajectoryBeforeReset_oxf_orb_akz_r15_seg08_pid179903_1757385116665.txt ...

trajectory saved!
[Tracking] wrote pre-reset trajectory to TrajectoryBeforeReset_oxf_orb_akz_r15_seg08_pid179903_1757385116665.txt
[Tracking] LOST for 10 consecutive frames -> reset
System Reseting
Reseting Local Mapper... done
Reseting Loop Closing... done
Reseting Database... done
1
New map created with 91 points for 0 Feature Type 
New map created with 343 points for 1 Feature Type 
Tracking Initlized in 5.73s
The initlized frame ID: 10
The lost frame ID: 156
The lost frame ID: 157
The lost frame ID: 158
The lost frame ID: 159
The lost frame ID: 160
The lost frame ID: 161
The lost frame ID: 162
The lost frame ID: 163
The lost frame ID: 164

Saving camera trajectory to TrajectoryBeforeReset_oxf_orb_akz_r15_seg09_pid179903_1757385145232.txt ...

trajectory saved!
[Tracking] wrote pre-reset trajectory to TrajectoryBeforeReset_oxf_orb_akz_r15_seg09_pid179903_1757385145232.txt
[Tracking] LOST for 10 consecutive frames -> reset
System Reseting
Reseting Local Mapper... done
Reseting Loop Closing... done
Reseting Database... done
0
New map created with 103 points for 0 Feature Type 
New map created with 351 points for 1 Feature Type 
Tracking Initlized in 0.79s
The initlized frame ID: 1
System::StopViewer()
System::StopViewer() done

Saving correlation status...

========== Global Summary ==========
Frames: 7226
avg_CorrEdges: 4.25796
avg_match_A: 111.115
avg_match_B: 98.3778
global_RI_MNR: 0.0432817
global_RI_GNR: 0.0407254
global_RI_DICE: 0.0406501

========== Per-Channel Summary ==========
   chA   chB     avgCorr        avgA        avgB   avgRI_MNR   avgRI_GNR  avgRI_DICE
     0     1     4.25796     111.115     98.3778    0.041949   0.0361734    0.035599

Correlation status saved!

System Shutdown
-------

median tracking time: 0.136708
mean tracking time: 0.137816

Saving camera trajectory to result15.txt ...

trajectory saved!
All done

========== Performance Summary (ms) ==========
name                                mean      median        rmse         min         max       count
Lost Count                         1.000       1.000       0.000       1.000       1.000           9
Tracking                           8.851       7.582       9.562       1.114     653.563        7319
Total Init                     26650.381   26650.381       0.000   26650.381   26650.381           1
Pipeline                         137.066     136.637      23.912      76.636     805.064        7513
Reset Count                        1.000       1.000       0.000       1.000       1.000          12
Correlation                        0.187       0.159       0.164       0.038       7.058        7226
AKAZE Extract                    122.559     121.180      20.269      69.510     206.142        7513
ORB Extract                       30.403      28.788       7.594       7.134      74.263        7513
[RUN 16/20] 2025-09-09 03:32:46
Registering ORBextractor...
Registering AKAZEextractor...
Registering BRISKextractor...
Registering SIFTextractor...
Registering KAZEextractor...
Registering SuperPointExtractor...

ORB-SLAM2 Copyright (C) 2014-2016 Raul Mur-Artal, University of Zaragoza.
This program comes with ABSOLUTELY NO WARRANTY;
This is free software, and you are welcome to redistribute it
under certain conditions. See LICENSE.txt.

Input sensor was set to: Monocular

Loading Vocabulary : /home/howard/Refactored_ORB_SLAM2/Install/var/lib/orbslam2/voc/orb_mur.fbow
This could take a while...
Loading ORB Vocabulary in FBoW.
ORB Vocabulary loaded in 0.020091s


Loading Vocabulary : /home/howard/Refactored_ORB_SLAM2/Install/var/lib/orbslam2/voc/akaze_cv.fbow
This could take a while...
Loading AKAZE Vocabulary in FBoW.
AKAZE Vocabulary loaded in 0.003767s


Camera Parameters: 
- fx: 983.044
- fy: 983.044
- cx: 643.647
- cy: 493.379
- k1: 0
- k2: 0
- p1: 0
- p2: 0
- fps: 16
- color order: RGB (ignored if grayscale)

[Feature 0] ORB Extractor Parameters: 
 ( TH_LOW: 50, TH_HIGH: 100 )
- Number of Features: 2000
- Scale Levels: 8
- Scale Factor: 1.2
- Initial Fast Threshold: 20
- Minimum Fast Threshold: 7

[Feature 1] AKAZE Extractor Parameters: 
 ( TH_LOW: 100, TH_HIGH: 200 )
- Number of Features: 1000
- Scale Levels: 4
- Scale Factor: 1.2
- Threshold: 0.001
- Num of Octaves: 4
- Num of Octave Layers: 4

-------
Start processing sequence ...
Images in the sequence: 7513

1
New map created with 24 points for 0 Feature Type 
New map created with 130 points for 1 Feature Type 
Tracking Initlized in 95.07s
The initlized frame ID: 141
The lost frame ID: 831
The lost frame ID: 832
The lost frame ID: 833
The lost frame ID: 834
The lost frame ID: 835
The lost frame ID: 836
The lost frame ID: 837
The lost frame ID: 838
The lost frame ID: 839

Saving camera trajectory to TrajectoryBeforeReset_oxf_orb_akz_r16_seg01_pid334793_1757385303611.txt ...

trajectory saved!
[Tracking] wrote pre-reset trajectory to TrajectoryBeforeReset_oxf_orb_akz_r16_seg01_pid334793_1757385303611.txt
[Tracking] LOST for 10 consecutive frames -> reset
System Reseting
Reseting Local Mapper... done
Reseting Loop Closing... done
Reseting Database... done
1
New map created with 94 points for 0 Feature Type 
New map created with 498 points for 1 Feature Type 
Tracking Initlized in 1.28s
The initlized frame ID: 2
The lost frame ID: 639
The lost frame ID: 640
The lost frame ID: 641
The lost frame ID: 642
The lost frame ID: 643
The lost frame ID: 644
The lost frame ID: 645
The lost frame ID: 646
The lost frame ID: 647

Saving camera trajectory to TrajectoryBeforeReset_oxf_orb_akz_r16_seg02_pid334793_1757385407403.txt ...

trajectory saved!
[Tracking] wrote pre-reset trajectory to TrajectoryBeforeReset_oxf_orb_akz_r16_seg02_pid334793_1757385407403.txt
[Tracking] LOST for 10 consecutive frames -> reset
System Reseting
Reseting Local Mapper... done
Reseting Loop Closing... done
Reseting Database... done
1
New map created with 51 points for 0 Feature Type 
New map created with 311 points for 1 Feature Type 
Tracking Initlized in 5.01s
The initlized frame ID: 8
The lost frame ID: 252
The lost frame ID: 253
The lost frame ID: 254
The lost frame ID: 255
The lost frame ID: 256
The lost frame ID: 257
The lost frame ID: 258
The lost frame ID: 259
The lost frame ID: 260

Saving camera trajectory to TrajectoryBeforeReset_oxf_orb_akz_r16_seg03_pid334793_1757385446838.txt ...

trajectory saved!
[Tracking] wrote pre-reset trajectory to TrajectoryBeforeReset_oxf_orb_akz_r16_seg03_pid334793_1757385446838.txt
[Tracking] LOST for 10 consecutive frames -> reset
System Reseting
Reseting Local Mapper... done
Reseting Loop Closing... done
Reseting Database... done
0
New map created with 91 points for 0 Feature Type 
New map created with 327 points for 1 Feature Type 
Tracking Initlized in 1.21s
The initlized frame ID: 2
The lost frame ID: 1011
The lost frame ID: 1012
The lost frame ID: 1013
The lost frame ID: 1014
The lost frame ID: 1015
The lost frame ID: 1016
The lost frame ID: 1017
The lost frame ID: 1018
The lost frame ID: 1019

Saving camera trajectory to TrajectoryBeforeReset_oxf_orb_akz_r16_seg04_pid334793_1757385599390.txt ...

trajectory saved!
[Tracking] wrote pre-reset trajectory to TrajectoryBeforeReset_oxf_orb_akz_r16_seg04_pid334793_1757385599390.txt
[Tracking] LOST for 10 consecutive frames -> reset
System Reseting
Reseting Local Mapper... done
Reseting Loop Closing... done
Reseting Database... done
1
New map created with 59 points for 0 Feature Type 
New map created with 248 points for 1 Feature Type 
Tracking Initlized in 1.60s
The initlized frame ID: 2
The lost frame ID: 180
The lost frame ID: 181
The lost frame ID: 182
The lost frame ID: 183
The lost frame ID: 184
The lost frame ID: 185
The lost frame ID: 186
The lost frame ID: 187
The lost frame ID: 188

Saving camera trajectory to TrajectoryBeforeReset_oxf_orb_akz_r16_seg05_pid334793_1757385628144.txt ...

trajectory saved!
[Tracking] wrote pre-reset trajectory to TrajectoryBeforeReset_oxf_orb_akz_r16_seg05_pid334793_1757385628144.txt
[Tracking] LOST for 10 consecutive frames -> reset
System Reseting
Reseting Local Mapper... done
Reseting Loop Closing... done
Reseting Database... done
1
New map created with 71 points for 0 Feature Type 
New map created with 118 points for 1 Feature Type 
Tracking Initlized in 1.34s
The initlized frame ID: 2
The lost frame ID: 594
The lost frame ID: 595
The lost frame ID: 596
The lost frame ID: 597
The lost frame ID: 598
The lost frame ID: 599
The lost frame ID: 600
The lost frame ID: 601
The lost frame ID: 602

Saving camera trajectory to TrajectoryBeforeReset_oxf_orb_akz_r16_seg06_pid334793_1757385720718.txt ...

trajectory saved!
[Tracking] wrote pre-reset trajectory to TrajectoryBeforeReset_oxf_orb_akz_r16_seg06_pid334793_1757385720718.txt
[Tracking] LOST for 10 consecutive frames -> reset
System Reseting
Reseting Local Mapper... done
Reseting Loop Closing... done
Reseting Database... done
1
New map created with 69 points for 0 Feature Type 
New map created with 512 points for 1 Feature Type 
Tracking Initlized in 2.10s
The initlized frame ID: 3
The lost frame ID: 1409
The lost frame ID: 1410
The lost frame ID: 1411
The lost frame ID: 1412
The lost frame ID: 1413
The lost frame ID: 1414
The lost frame ID: 1415
The lost frame ID: 1416
The lost frame ID: 1417

Saving camera trajectory to TrajectoryBeforeReset_oxf_orb_akz_r16_seg07_pid334793_1757385929005.txt ...

trajectory saved!
[Tracking] wrote pre-reset trajectory to TrajectoryBeforeReset_oxf_orb_akz_r16_seg07_pid334793_1757385929005.txt
[Tracking] LOST for 10 consecutive frames -> reset
System Reseting
Reseting Local Mapper... done
Reseting Loop Closing... done
Reseting Database... done
0
New map created with 142 points for 0 Feature Type 
New map created with 617 points for 1 Feature Type 
Tracking Initlized in 1.18s
The initlized frame ID: 2
The lost frame ID: 2243
The lost frame ID: 2244
The lost frame ID: 2245
The lost frame ID: 2246
The lost frame ID: 2247
The lost frame ID: 2248
The lost frame ID: 2249
The lost frame ID: 2250
The lost frame ID: 2251

Saving camera trajectory to TrajectoryBeforeReset_oxf_orb_akz_r16_seg08_pid334793_1757386275093.txt ...

trajectory saved!
[Tracking] wrote pre-reset trajectory to TrajectoryBeforeReset_oxf_orb_akz_r16_seg08_pid334793_1757386275093.txt
[Tracking] LOST for 10 consecutive frames -> reset
System Reseting
Reseting Local Mapper... done
Reseting Loop Closing... done
Reseting Database... done
1
New map created with 90 points for 0 Feature Type 
New map created with 377 points for 1 Feature Type 
Tracking Initlized in 5.71s
The initlized frame ID: 10
The lost frame ID: 156
The lost frame ID: 157
The lost frame ID: 158
The lost frame ID: 159
The lost frame ID: 160
The lost frame ID: 161
The lost frame ID: 162
The lost frame ID: 163
The lost frame ID: 164

Saving camera trajectory to TrajectoryBeforeReset_oxf_orb_akz_r16_seg09_pid334793_1757386303097.txt ...

trajectory saved!
[Tracking] wrote pre-reset trajectory to TrajectoryBeforeReset_oxf_orb_akz_r16_seg09_pid334793_1757386303097.txt
[Tracking] LOST for 10 consecutive frames -> reset
System Reseting
Reseting Local Mapper... done
Reseting Loop Closing... done
Reseting Database... done
1
New map created with 102 points for 0 Feature Type 
New map created with 343 points for 1 Feature Type 
Tracking Initlized in 0.73s
The initlized frame ID: 1
System::StopViewer()
System::StopViewer() done

Saving correlation status...

========== Global Summary ==========
Frames: 7239
avg_CorrEdges: 4.2079
avg_match_A: 111.036
avg_match_B: 98.7484
global_RI_MNR: 0.0426123
global_RI_GNR: 0.0401855
global_RI_DICE: 0.0401165

========== Per-Channel Summary ==========
   chA   chB     avgCorr        avgA        avgB   avgRI_MNR   avgRI_GNR  avgRI_DICE
     0     1      4.2079     111.036     98.7484   0.0417981   0.0360112   0.0354547

Correlation status saved!

System Shutdown
-------

median tracking time: 0.130423
mean tracking time: 0.132266

Saving camera trajectory to result16.txt ...

trajectory saved!
All done

========== Performance Summary (ms) ==========
name                                mean      median        rmse         min         max       count
Lost Count                         1.000       1.000       0.000       1.000       1.000           9
Tracking                           8.279       7.278       9.161       1.336     622.248        7330
Total Init                     28647.356   28647.356       0.000   28647.356   28647.356           1
Pipeline                         131.630     130.350      23.856      77.596     780.467        7513
Reset Count                        1.000       1.000       0.000       1.000       1.000           9
Correlation                        0.177       0.151       0.168       0.004       7.123        7240
AKAZE Extract                    117.984     116.395      20.181      68.188     195.693        7513
ORB Extract                       30.218      28.434       7.770       7.407      83.172        7513
[RUN 17/20] 2025-09-09 03:52:02
Registering ORBextractor...
Registering AKAZEextractor...
Registering BRISKextractor...
Registering SIFTextractor...
Registering KAZEextractor...
Registering SuperPointExtractor...

ORB-SLAM2 Copyright (C) 2014-2016 Raul Mur-Artal, University of Zaragoza.
This program comes with ABSOLUTELY NO WARRANTY;
This is free software, and you are welcome to redistribute it
under certain conditions. See LICENSE.txt.

Input sensor was set to: Monocular

Loading Vocabulary : /home/howard/Refactored_ORB_SLAM2/Install/var/lib/orbslam2/voc/orb_mur.fbow
This could take a while...
Loading ORB Vocabulary in FBoW.
ORB Vocabulary loaded in 0.013546s


Loading Vocabulary : /home/howard/Refactored_ORB_SLAM2/Install/var/lib/orbslam2/voc/akaze_cv.fbow
This could take a while...
Loading AKAZE Vocabulary in FBoW.
AKAZE Vocabulary loaded in 0.002237s


Camera Parameters: 
- fx: 983.044
- fy: 983.044
- cx: 643.647
- cy: 493.379
- k1: 0
- k2: 0
- p1: 0
- p2: 0
- fps: 16
- color order: RGB (ignored if grayscale)

[Feature 0] ORB Extractor Parameters: 
 ( TH_LOW: 50, TH_HIGH: 100 )
- Number of Features: 2000
- Scale Levels: 8
- Scale Factor: 1.2
- Initial Fast Threshold: 20
- Minimum Fast Threshold: 7

[Feature 1] AKAZE Extractor Parameters: 
 ( TH_LOW: 100, TH_HIGH: 200 )
- Number of Features: 1000
- Scale Levels: 4
- Scale Factor: 1.2
- Threshold: 0.001
- Num of Octaves: 4
- Num of Octave Layers: 4

-------
Start processing sequence ...
Images in the sequence: 7513

1
New map created with 24 points for 0 Feature Type 
New map created with 130 points for 1 Feature Type 
Tracking Initlized in 91.18s
The initlized frame ID: 141
The lost frame ID: 831
The lost frame ID: 832
The lost frame ID: 833
The lost frame ID: 834
The lost frame ID: 835
The lost frame ID: 836
The lost frame ID: 837
The lost frame ID: 838
The lost frame ID: 839

Saving camera trajectory to TrajectoryBeforeReset_oxf_orb_akz_r17_seg01_pid481547_1757386453848.txt ...

trajectory saved!
[Tracking] wrote pre-reset trajectory to TrajectoryBeforeReset_oxf_orb_akz_r17_seg01_pid481547_1757386453848.txt
[Tracking] LOST for 10 consecutive frames -> reset
System Reseting
Reseting Local Mapper... done
Reseting Loop Closing... done
Reseting Database... done
1
New map created with 94 points for 0 Feature Type 
New map created with 498 points for 1 Feature Type 
Tracking Initlized in 1.20s
The initlized frame ID: 2
The lost frame ID: 639
The lost frame ID: 640
The lost frame ID: 641
The lost frame ID: 642
The lost frame ID: 643
The lost frame ID: 644
The lost frame ID: 645
The lost frame ID: 646
The lost frame ID: 647

Saving camera trajectory to TrajectoryBeforeReset_oxf_orb_akz_r17_seg02_pid481547_1757386552814.txt ...

trajectory saved!
[Tracking] wrote pre-reset trajectory to TrajectoryBeforeReset_oxf_orb_akz_r17_seg02_pid481547_1757386552814.txt
[Tracking] LOST for 10 consecutive frames -> reset
System Reseting
Reseting Local Mapper... done
Reseting Loop Closing... done
Reseting Database... done
1
New map created with 52 points for 0 Feature Type 
New map created with 311 points for 1 Feature Type 
Tracking Initlized in 5.12s
The initlized frame ID: 8
The lost frame ID: 1272
The lost frame ID: 1273
The lost frame ID: 1274
The lost frame ID: 1275
The lost frame ID: 1276
The lost frame ID: 1277
The lost frame ID: 1278
The lost frame ID: 1279
The lost frame ID: 1280

Saving camera trajectory to TrajectoryBeforeReset_oxf_orb_akz_r17_seg03_pid481547_1757386739700.txt ...

trajectory saved!
[Tracking] wrote pre-reset trajectory to TrajectoryBeforeReset_oxf_orb_akz_r17_seg03_pid481547_1757386739700.txt
[Tracking] LOST for 10 consecutive frames -> reset
System Reseting
Reseting Local Mapper... done
Reseting Loop Closing... done
Reseting Database... done
1
New map created with 63 points for 0 Feature Type 
New map created with 249 points for 1 Feature Type 
Tracking Initlized in 1.39s
The initlized frame ID: 2
The lost frame ID: 180
The lost frame ID: 181
The lost frame ID: 182
The lost frame ID: 183
The lost frame ID: 184
The lost frame ID: 185
The lost frame ID: 186
The lost frame ID: 187
The lost frame ID: 188

Saving camera trajectory to TrajectoryBeforeReset_oxf_orb_akz_r17_seg04_pid481547_1757386770620.txt ...

trajectory saved!
[Tracking] wrote pre-reset trajectory to TrajectoryBeforeReset_oxf_orb_akz_r17_seg04_pid481547_1757386770620.txt
[Tracking] LOST for 10 consecutive frames -> reset
System Reseting
Reseting Local Mapper... done
Reseting Loop Closing... done
Reseting Database... done
1
New map created with 70 points for 0 Feature Type 
New map created with 122 points for 1 Feature Type 
Tracking Initlized in 1.44s
The initlized frame ID: 2
The lost frame ID: 594
The lost frame ID: 595
The lost frame ID: 596
The lost frame ID: 597
The lost frame ID: 598
The lost frame ID: 599
The lost frame ID: 600
The lost frame ID: 601
The lost frame ID: 602

Saving camera trajectory to TrajectoryBeforeReset_oxf_orb_akz_r17_seg05_pid481547_1757386873305.txt ...

trajectory saved!
[Tracking] wrote pre-reset trajectory to TrajectoryBeforeReset_oxf_orb_akz_r17_seg05_pid481547_1757386873305.txt
[Tracking] LOST for 10 consecutive frames -> reset
System Reseting
Reseting Local Mapper... done
Reseting Loop Closing... done
Reseting Database... done
1
New map created with 73 points for 0 Feature Type 
New map created with 524 points for 1 Feature Type 
Tracking Initlized in 1.94s
The initlized frame ID: 3
The lost frame ID: 1410
The lost frame ID: 1411
The lost frame ID: 1412
The lost frame ID: 1413
The lost frame ID: 1414
The lost frame ID: 1415
The lost frame ID: 1416
The lost frame ID: 1417
The lost frame ID: 1418

Saving camera trajectory to TrajectoryBeforeReset_oxf_orb_akz_r17_seg06_pid481547_1757387113268.txt ...

trajectory saved!
[Tracking] wrote pre-reset trajectory to TrajectoryBeforeReset_oxf_orb_akz_r17_seg06_pid481547_1757387113268.txt
[Tracking] LOST for 10 consecutive frames -> reset
System Reseting
Reseting Local Mapper... done
Reseting Loop Closing... done
Reseting Database... done
1
New map created with 170 points for 0 Feature Type 
New map created with 528 points for 1 Feature Type 
Tracking Initlized in 0.74s
The initlized frame ID: 1
The lost frame ID: 2242
The lost frame ID: 2243
The lost frame ID: 2244
The lost frame ID: 2245
The lost frame ID: 2246
The lost frame ID: 2247
The lost frame ID: 2248
The lost frame ID: 2249
The lost frame ID: 2250

Saving camera trajectory to TrajectoryBeforeReset_oxf_orb_akz_r17_seg07_pid481547_1757387479124.txt ...

trajectory saved!
[Tracking] wrote pre-reset trajectory to TrajectoryBeforeReset_oxf_orb_akz_r17_seg07_pid481547_1757387479124.txt
[Tracking] LOST for 10 consecutive frames -> reset
System Reseting
Reseting Local Mapper... done
Reseting Loop Closing... done
Reseting Database... done
1
New map created with 86 points for 0 Feature Type 
New map created with 342 points for 1 Feature Type 
Tracking Initlized in 6.06s
The initlized frame ID: 10
Track lost soon after initialisation, reseting...
System Reseting
Reseting Local Mapper... done
Reseting Loop Closing... done
Reseting Database... done
0
New map created with 80 points for 0 Feature Type 
New map created with 298 points for 1 Feature Type 
Tracking Initlized in 1.46s
The initlized frame ID: 2
The lost frame ID: 140
The lost frame ID: 141
The lost frame ID: 142
The lost frame ID: 143
The lost frame ID: 144
The lost frame ID: 145
The lost frame ID: 146
The lost frame ID: 147
The lost frame ID: 148

Saving camera trajectory to TrajectoryBeforeReset_oxf_orb_akz_r17_seg08_pid481547_1757387509319.txt ...

trajectory saved!
[Tracking] wrote pre-reset trajectory to TrajectoryBeforeReset_oxf_orb_akz_r17_seg08_pid481547_1757387509319.txt
[Tracking] LOST for 10 consecutive frames -> reset
System Reseting
Reseting Local Mapper... done
Reseting Loop Closing... done
Reseting Database... done
0
New map created with 101 points for 0 Feature Type 
New map created with 342 points for 1 Feature Type 
Tracking Initlized in 0.75s
The initlized frame ID: 1
System::StopViewer()
System::StopViewer() done

Saving correlation status...

========== Global Summary ==========
Frames: 7248
avg_CorrEdges: 4.2322
avg_match_A: 109.84
avg_match_B: 97.6766
global_RI_MNR: 0.0433287
global_RI_GNR: 0.0408593
global_RI_DICE: 0.0407891

========== Per-Channel Summary ==========
   chA   chB     avgCorr        avgA        avgB   avgRI_MNR   avgRI_GNR  avgRI_DICE
     0     1      4.2322      109.84     97.6766   0.0425343   0.0364013   0.0357829

Correlation status saved!

System Shutdown
-------

median tracking time: 0.136393
mean tracking time: 0.139186

Saving camera trajectory to result17.txt ...

trajectory saved!
All done

========== Performance Summary (ms) ==========
name                                mean      median        rmse         min         max       count
Lost Count                         1.000       1.000       0.000       1.000       1.000           8
Tracking                           8.749       7.342       8.764       0.907     591.265        7331
Total Init                     27376.429   27376.429       0.000   27376.429   27376.429           1
Pipeline                         138.503     136.263      26.565      79.123     697.587        7513
Reset Count                        1.000       1.000       0.000       1.000       1.000           9
Correlation                        0.188       0.157       0.130       0.003       3.636        7250
AKAZE Extract                    124.125     121.594      23.863      72.139     224.780        7513
ORB Extract                       30.411      28.765       7.774       7.541      75.650        7513
[RUN 18/20] 2025-09-09 04:12:11
Registering ORBextractor...
Registering AKAZEextractor...
Registering BRISKextractor...
Registering SIFTextractor...
Registering KAZEextractor...
Registering SuperPointExtractor...

ORB-SLAM2 Copyright (C) 2014-2016 Raul Mur-Artal, University of Zaragoza.
This program comes with ABSOLUTELY NO WARRANTY;
This is free software, and you are welcome to redistribute it
under certain conditions. See LICENSE.txt.

Input sensor was set to: Monocular

Loading Vocabulary : /home/howard/Refactored_ORB_SLAM2/Install/var/lib/orbslam2/voc/orb_mur.fbow
This could take a while...
Loading ORB Vocabulary in FBoW.
ORB Vocabulary loaded in 0.017726s


Loading Vocabulary : /home/howard/Refactored_ORB_SLAM2/Install/var/lib/orbslam2/voc/akaze_cv.fbow
This could take a while...
Loading AKAZE Vocabulary in FBoW.
AKAZE Vocabulary loaded in 0.003547s


Camera Parameters: 
- fx: 983.044
- fy: 983.044
- cx: 643.647
- cy: 493.379
- k1: 0
- k2: 0
- p1: 0
- p2: 0
- fps: 16
- color order: RGB (ignored if grayscale)

[Feature 0] ORB Extractor Parameters: 
 ( TH_LOW: 50, TH_HIGH: 100 )
- Number of Features: 2000
- Scale Levels: 8
- Scale Factor: 1.2
- Initial Fast Threshold: 20
- Minimum Fast Threshold: 7

[Feature 1] AKAZE Extractor Parameters: 
 ( TH_LOW: 100, TH_HIGH: 200 )
- Number of Features: 1000
- Scale Levels: 4
- Scale Factor: 1.2
- Threshold: 0.001
- Num of Octaves: 4
- Num of Octave Layers: 4

-------
Start processing sequence ...
Images in the sequence: 7513

1
New map created with 25 points for 0 Feature Type 
New map created with 130 points for 1 Feature Type 
Tracking Initlized in 98.01s
The initlized frame ID: 141
The lost frame ID: 831
The lost frame ID: 832
The lost frame ID: 833
The lost frame ID: 834
The lost frame ID: 835
The lost frame ID: 836
The lost frame ID: 837
The lost frame ID: 838
The lost frame ID: 839

Saving camera trajectory to TrajectoryBeforeReset_oxf_orb_akz_r18_seg01_pid608126_1757387673087.txt ...

trajectory saved!
[Tracking] wrote pre-reset trajectory to TrajectoryBeforeReset_oxf_orb_akz_r18_seg01_pid608126_1757387673087.txt
[Tracking] LOST for 10 consecutive frames -> reset
System Reseting
Reseting Local Mapper... done
Reseting Loop Closing... done
Reseting Database... done
1
New map created with 94 points for 0 Feature Type 
New map created with 498 points for 1 Feature Type 
Tracking Initlized in 1.46s
The initlized frame ID: 2
The lost frame ID: 639
The lost frame ID: 640
The lost frame ID: 641
The lost frame ID: 642
The lost frame ID: 643
The lost frame ID: 644
The lost frame ID: 645
The lost frame ID: 646
The lost frame ID: 647

Saving camera trajectory to TrajectoryBeforeReset_oxf_orb_akz_r18_seg02_pid608126_1757387779011.txt ...

trajectory saved!
[Tracking] wrote pre-reset trajectory to TrajectoryBeforeReset_oxf_orb_akz_r18_seg02_pid608126_1757387779011.txt
[Tracking] LOST for 10 consecutive frames -> reset
System Reseting
Reseting Local Mapper... done
Reseting Loop Closing... done
Reseting Database... done
1
New map created with 51 points for 0 Feature Type 
New map created with 311 points for 1 Feature Type 
Tracking Initlized in 5.46s
The initlized frame ID: 8
The lost frame ID: 252
The lost frame ID: 253
The lost frame ID: 254
The lost frame ID: 255
The lost frame ID: 256
The lost frame ID: 257
The lost frame ID: 258
The lost frame ID: 259
The lost frame ID: 260

Saving camera trajectory to TrajectoryBeforeReset_oxf_orb_akz_r18_seg03_pid608126_1757387821164.txt ...

trajectory saved!
[Tracking] wrote pre-reset trajectory to TrajectoryBeforeReset_oxf_orb_akz_r18_seg03_pid608126_1757387821164.txt
[Tracking] LOST for 10 consecutive frames -> reset
System Reseting
Reseting Local Mapper... done
Reseting Loop Closing... done
Reseting Database... done
1
New map created with 88 points for 0 Feature Type 
New map created with 283 points for 1 Feature Type 
Tracking Initlized in 1.35s
The initlized frame ID: 2
The lost frame ID: 795
The lost frame ID: 796
The lost frame ID: 797
The lost frame ID: 798
The lost frame ID: 799
The lost frame ID: 800
The lost frame ID: 801
The lost frame ID: 802
The lost frame ID: 803

Saving camera trajectory to TrajectoryBeforeReset_oxf_orb_akz_r18_seg04_pid608126_1757387948614.txt ...

trajectory saved!
[Tracking] wrote pre-reset trajectory to TrajectoryBeforeReset_oxf_orb_akz_r18_seg04_pid608126_1757387948614.txt
[Tracking] LOST for 10 consecutive frames -> reset
System Reseting
Reseting Local Mapper... done
Reseting Loop Closing... done
Reseting Database... done
0
New map created with 107 points for 0 Feature Type 
New map created with 485 points for 1 Feature Type 
Tracking Initlized in 1.22s
The initlized frame ID: 2
The lost frame ID: 207
The lost frame ID: 208
The lost frame ID: 209
The lost frame ID: 210
The lost frame ID: 211
The lost frame ID: 212
The lost frame ID: 213
The lost frame ID: 214
The lost frame ID: 215

Saving camera trajectory to TrajectoryBeforeReset_oxf_orb_akz_r18_seg05_pid608126_1757387983546.txt ...

trajectory saved!
[Tracking] wrote pre-reset trajectory to TrajectoryBeforeReset_oxf_orb_akz_r18_seg05_pid608126_1757387983546.txt
[Tracking] LOST for 10 consecutive frames -> reset
System Reseting
Reseting Local Mapper... done
Reseting Loop Closing... done
Reseting Database... done
1
New map created with 53 points for 0 Feature Type 
New map created with 236 points for 1 Feature Type 
Tracking Initlized in 1.36s
The initlized frame ID: 2
The lost frame ID: 180
The lost frame ID: 181
The lost frame ID: 182
The lost frame ID: 183
The lost frame ID: 184
The lost frame ID: 185
The lost frame ID: 186
The lost frame ID: 187
The lost frame ID: 188

Saving camera trajectory to TrajectoryBeforeReset_oxf_orb_akz_r18_seg06_pid608126_1757388013855.txt ...

trajectory saved!
[Tracking] wrote pre-reset trajectory to TrajectoryBeforeReset_oxf_orb_akz_r18_seg06_pid608126_1757388013855.txt
[Tracking] LOST for 10 consecutive frames -> reset
System Reseting
Reseting Local Mapper... done
Reseting Loop Closing... done
Reseting Database... done
1
New map created with 71 points for 0 Feature Type 
New map created with 121 points for 1 Feature Type 
Tracking Initlized in 1.52s
The initlized frame ID: 2
The lost frame ID: 594
The lost frame ID: 595
The lost frame ID: 596
The lost frame ID: 597
The lost frame ID: 598
The lost frame ID: 599
The lost frame ID: 600
The lost frame ID: 601
The lost frame ID: 602

Saving camera trajectory to TrajectoryBeforeReset_oxf_orb_akz_r18_seg07_pid608126_1757388115436.txt ...

trajectory saved!
[Tracking] wrote pre-reset trajectory to TrajectoryBeforeReset_oxf_orb_akz_r18_seg07_pid608126_1757388115436.txt
[Tracking] LOST for 10 consecutive frames -> reset
System Reseting
Reseting Local Mapper... done
Reseting Loop Closing... done
Reseting Database... done
1
New map created with 60 points for 0 Feature Type 
New map created with 457 points for 1 Feature Type 
Tracking Initlized in 2.01s
The initlized frame ID: 3
The lost frame ID: 1410
The lost frame ID: 1411
The lost frame ID: 1412
The lost frame ID: 1413
The lost frame ID: 1414
The lost frame ID: 1415
The lost frame ID: 1416
The lost frame ID: 1417
The lost frame ID: 1418

Saving camera trajectory to TrajectoryBeforeReset_oxf_orb_akz_r18_seg08_pid608126_1757388363119.txt ...

trajectory saved!
[Tracking] wrote pre-reset trajectory to TrajectoryBeforeReset_oxf_orb_akz_r18_seg08_pid608126_1757388363119.txt
[Tracking] LOST for 10 consecutive frames -> reset
System Reseting
Reseting Local Mapper... done
Reseting Loop Closing... done
Reseting Database... done
1
New map created with 168 points for 0 Feature Type 
New map created with 529 points for 1 Feature Type 
Tracking Initlized in 0.73s
The initlized frame ID: 1
The lost frame ID: 2242
The lost frame ID: 2243
The lost frame ID: 2244
The lost frame ID: 2245
The lost frame ID: 2246
The lost frame ID: 2247
The lost frame ID: 2248
The lost frame ID: 2249
The lost frame ID: 2250

Saving camera trajectory to TrajectoryBeforeReset_oxf_orb_akz_r18_seg09_pid608126_1757388746017.txt ...

trajectory saved!
[Tracking] wrote pre-reset trajectory to TrajectoryBeforeReset_oxf_orb_akz_r18_seg09_pid608126_1757388746017.txt
[Tracking] LOST for 10 consecutive frames -> reset
System Reseting
Reseting Local Mapper... done
Reseting Loop Closing... done
Reseting Database... done
1
New map created with 86 points for 0 Feature Type 
New map created with 373 points for 1 Feature Type 
Tracking Initlized in 6.24s
The initlized frame ID: 10
The lost frame ID: 156
The lost frame ID: 157
The lost frame ID: 158
The lost frame ID: 159
The lost frame ID: 160
The lost frame ID: 161
The lost frame ID: 162
The lost frame ID: 163
The lost frame ID: 164

Saving camera trajectory to TrajectoryBeforeReset_oxf_orb_akz_r18_seg10_pid608126_1757388778224.txt ...

trajectory saved!
[Tracking] wrote pre-reset trajectory to TrajectoryBeforeReset_oxf_orb_akz_r18_seg10_pid608126_1757388778224.txt
[Tracking] LOST for 10 consecutive frames -> reset
System Reseting
Reseting Local Mapper... done
Reseting Loop Closing... done
Reseting Database... done
0
New map created with 104 points for 0 Feature Type 
New map created with 355 points for 1 Feature Type 
Tracking Initlized in 0.85s
The initlized frame ID: 1
System::StopViewer()
System::StopViewer() done

Saving correlation status...

========== Global Summary ==========
Frames: 7227
avg_CorrEdges: 4.13643
avg_match_A: 110.913
avg_match_B: 99.1939
global_RI_MNR: 0.0417005
global_RI_GNR: 0.039436
global_RI_DICE: 0.0393746

========== Per-Channel Summary ==========
   chA   chB     avgCorr        avgA        avgB   avgRI_MNR   avgRI_GNR  avgRI_DICE
     0     1     4.13643     110.913     99.1939   0.0417294   0.0359692    0.035389

Correlation status saved!

System Shutdown
-------

median tracking time: 0.144292
mean tracking time: 0.146877

Saving camera trajectory to result18.txt ...

trajectory saved!
All done

========== Performance Summary (ms) ==========
name                                mean      median        rmse         min         max       count
Lost Count                         1.000       1.000       0.000       1.000       1.000          10
Tracking                           9.288       7.951       8.948       1.691     547.738        7328
Total Init                     29708.722   29708.722       0.000   29708.722   29708.722           1
Pipeline                         146.081     144.249      26.117      80.977     698.268        7513
Reset Count                        1.000       1.000       0.000       1.000       1.000          10
Correlation                        0.201       0.166       0.191       0.003       8.086        7228
AKAZE Extract                    130.831     129.158      23.075      73.976     225.978        7513
ORB Extract                       31.292      29.832       7.806       7.860      71.059        7513
[RUN 19/20] 2025-09-09 04:33:20
Registering ORBextractor...
Registering AKAZEextractor...
Registering BRISKextractor...
Registering SIFTextractor...
Registering KAZEextractor...
Registering SuperPointExtractor...

ORB-SLAM2 Copyright (C) 2014-2016 Raul Mur-Artal, University of Zaragoza.
This program comes with ABSOLUTELY NO WARRANTY;
This is free software, and you are welcome to redistribute it
under certain conditions. See LICENSE.txt.

Input sensor was set to: Monocular

Loading Vocabulary : /home/howard/Refactored_ORB_SLAM2/Install/var/lib/orbslam2/voc/orb_mur.fbow
This could take a while...
Loading ORB Vocabulary in FBoW.
ORB Vocabulary loaded in 0.014810s


Loading Vocabulary : /home/howard/Refactored_ORB_SLAM2/Install/var/lib/orbslam2/voc/akaze_cv.fbow
This could take a while...
Loading AKAZE Vocabulary in FBoW.
AKAZE Vocabulary loaded in 0.003528s


Camera Parameters: 
- fx: 983.044
- fy: 983.044
- cx: 643.647
- cy: 493.379
- k1: 0
- k2: 0
- p1: 0
- p2: 0
- fps: 16
- color order: RGB (ignored if grayscale)

[Feature 0] ORB Extractor Parameters: 
 ( TH_LOW: 50, TH_HIGH: 100 )
- Number of Features: 2000
- Scale Levels: 8
- Scale Factor: 1.2
- Initial Fast Threshold: 20
- Minimum Fast Threshold: 7

[Feature 1] AKAZE Extractor Parameters: 
 ( TH_LOW: 100, TH_HIGH: 200 )
- Number of Features: 1000
- Scale Levels: 4
- Scale Factor: 1.2
- Threshold: 0.001
- Num of Octaves: 4
- Num of Octave Layers: 4

-------
Start processing sequence ...
Images in the sequence: 7513

1
New map created with 24 points for 0 Feature Type 
New map created with 130 points for 1 Feature Type 
Tracking Initlized in 96.01s
The initlized frame ID: 141
The lost frame ID: 831
The lost frame ID: 832
The lost frame ID: 833
The lost frame ID: 834
The lost frame ID: 835
The lost frame ID: 836
The lost frame ID: 837
The lost frame ID: 838
The lost frame ID: 839

Saving camera trajectory to TrajectoryBeforeReset_oxf_orb_akz_r19_seg01_pid721485_1757388940890.txt ...

trajectory saved!
[Tracking] wrote pre-reset trajectory to TrajectoryBeforeReset_oxf_orb_akz_r19_seg01_pid721485_1757388940890.txt
[Tracking] LOST for 10 consecutive frames -> reset
System Reseting
Reseting Local Mapper... done
Reseting Loop Closing... done
Reseting Database... done
0
New map created with 114 points for 0 Feature Type 
New map created with 516 points for 1 Feature Type 
Tracking Initlized in 1.47s
The initlized frame ID: 2
The lost frame ID: 639
The lost frame ID: 640
The lost frame ID: 641
The lost frame ID: 642
The lost frame ID: 643
The lost frame ID: 644
The lost frame ID: 645
The lost frame ID: 646
The lost frame ID: 647

Saving camera trajectory to TrajectoryBeforeReset_oxf_orb_akz_r19_seg02_pid721485_1757389045013.txt ...

trajectory saved!
[Tracking] wrote pre-reset trajectory to TrajectoryBeforeReset_oxf_orb_akz_r19_seg02_pid721485_1757389045013.txt
[Tracking] LOST for 10 consecutive frames -> reset
System Reseting
Reseting Local Mapper... done
Reseting Loop Closing... done
Reseting Database... done
1
New map created with 51 points for 0 Feature Type 
New map created with 311 points for 1 Feature Type 
Tracking Initlized in 5.60s
The initlized frame ID: 8
The lost frame ID: 1272
The lost frame ID: 1273
The lost frame ID: 1274
The lost frame ID: 1275
The lost frame ID: 1276
The lost frame ID: 1277
The lost frame ID: 1278
The lost frame ID: 1279
The lost frame ID: 1280

Saving camera trajectory to TrajectoryBeforeReset_oxf_orb_akz_r19_seg03_pid721485_1757389252557.txt ...

trajectory saved!
[Tracking] wrote pre-reset trajectory to TrajectoryBeforeReset_oxf_orb_akz_r19_seg03_pid721485_1757389252557.txt
[Tracking] LOST for 10 consecutive frames -> reset
System Reseting
Reseting Local Mapper... done
Reseting Loop Closing... done
Reseting Database... done
1
New map created with 63 points for 0 Feature Type 
New map created with 249 points for 1 Feature Type 
Tracking Initlized in 1.62s
The initlized frame ID: 2
The lost frame ID: 180
The lost frame ID: 181
The lost frame ID: 182
The lost frame ID: 183
The lost frame ID: 184
The lost frame ID: 185
The lost frame ID: 186
The lost frame ID: 187
The lost frame ID: 188

Saving camera trajectory to TrajectoryBeforeReset_oxf_orb_akz_r19_seg04_pid721485_1757389284732.txt ...

trajectory saved!
[Tracking] wrote pre-reset trajectory to TrajectoryBeforeReset_oxf_orb_akz_r19_seg04_pid721485_1757389284732.txt
[Tracking] LOST for 10 consecutive frames -> reset
System Reseting
Reseting Local Mapper... done
Reseting Loop Closing... done
Reseting Database... done
1
New map created with 70 points for 0 Feature Type 
New map created with 122 points for 1 Feature Type 
Tracking Initlized in 1.42s
The initlized frame ID: 2
The lost frame ID: 594
The lost frame ID: 595
The lost frame ID: 596
The lost frame ID: 597
The lost frame ID: 598
The lost frame ID: 599
The lost frame ID: 600
The lost frame ID: 601
The lost frame ID: 602

Saving camera trajectory to TrajectoryBeforeReset_oxf_orb_akz_r19_seg05_pid721485_1757389385225.txt ...

trajectory saved!
[Tracking] wrote pre-reset trajectory to TrajectoryBeforeReset_oxf_orb_akz_r19_seg05_pid721485_1757389385225.txt
[Tracking] LOST for 10 consecutive frames -> reset
System Reseting
Reseting Local Mapper... done
Reseting Loop Closing... done
Reseting Database... done
1
New map created with 72 points for 0 Feature Type 
New map created with 524 points for 1 Feature Type 
Tracking Initlized in 1.98s
The initlized frame ID: 3
The lost frame ID: 1410
The lost frame ID: 1411
The lost frame ID: 1412
The lost frame ID: 1413
The lost frame ID: 1414
The lost frame ID: 1415
The lost frame ID: 1416
The lost frame ID: 1417
The lost frame ID: 1418

Saving camera trajectory to TrajectoryBeforeReset_oxf_orb_akz_r19_seg06_pid721485_1757389607674.txt ...

trajectory saved!
[Tracking] wrote pre-reset trajectory to TrajectoryBeforeReset_oxf_orb_akz_r19_seg06_pid721485_1757389607674.txt
[Tracking] LOST for 10 consecutive frames -> reset
System Reseting
Reseting Local Mapper... done
Reseting Loop Closing... done
Reseting Database... done
1
New map created with 168 points for 0 Feature Type 
New map created with 528 points for 1 Feature Type 
Tracking Initlized in 0.78s
The initlized frame ID: 1
The lost frame ID: 2242
The lost frame ID: 2243
The lost frame ID: 2244
The lost frame ID: 2245
The lost frame ID: 2246
The lost frame ID: 2247
The lost frame ID: 2248
The lost frame ID: 2249
The lost frame ID: 2250

Saving camera trajectory to TrajectoryBeforeReset_oxf_orb_akz_r19_seg07_pid721485_1757389970007.txt ...

trajectory saved!
[Tracking] wrote pre-reset trajectory to TrajectoryBeforeReset_oxf_orb_akz_r19_seg07_pid721485_1757389970007.txt
[Tracking] LOST for 10 consecutive frames -> reset
System Reseting
Reseting Local Mapper... done
Reseting Loop Closing... done
Reseting Database... done
1
New map created with 88 points for 0 Feature Type 
New map created with 338 points for 1 Feature Type 
Tracking Initlized in 6.05s
The initlized frame ID: 10
The lost frame ID: 154
The lost frame ID: 155
The lost frame ID: 156
The lost frame ID: 157
The lost frame ID: 158
The lost frame ID: 159
The lost frame ID: 160
The lost frame ID: 161
The lost frame ID: 162

Saving camera trajectory to TrajectoryBeforeReset_oxf_orb_akz_r19_seg08_pid721485_1757389999532.txt ...

trajectory saved!
[Tracking] wrote pre-reset trajectory to TrajectoryBeforeReset_oxf_orb_akz_r19_seg08_pid721485_1757389999532.txt
[Tracking] LOST for 10 consecutive frames -> reset
System Reseting
Reseting Local Mapper... done
Reseting Loop Closing... done
Reseting Database... done
1
New map created with 99 points for 0 Feature Type 
New map created with 333 points for 1 Feature Type 
Tracking Initlized in 0.91s
The initlized frame ID: 1
System::StopViewer()
System::StopViewer() done

Saving correlation status...

========== Global Summary ==========
Frames: 7252
avg_CorrEdges: 4.15003
avg_match_A: 108.994
avg_match_B: 96.2497
global_RI_MNR: 0.0431173
global_RI_GNR: 0.0405182
global_RI_DICE: 0.0404401

========== Per-Channel Summary ==========
   chA   chB     avgCorr        avgA        avgB   avgRI_MNR   avgRI_GNR  avgRI_DICE
     0     1     4.15003     108.994     96.2497   0.0416111   0.0358365   0.0352628

Correlation status saved!

System Shutdown
-------

median tracking time: 0.137909
mean tracking time: 0.140748

Saving camera trajectory to result19.txt ...

trajectory saved!
All done

========== Performance Summary (ms) ==========
name                                mean      median        rmse         min         max       count
Lost Count                         1.000       1.000       0.000       1.000       1.000           8
Tracking                           8.648       7.618       5.306       1.186     198.954        7334
Total Init                     28405.058   28405.058       0.000   28405.058   28405.058           1
Pipeline                         139.983     137.855      25.124      79.358     360.241        7513
Reset Count                        1.000       1.000       0.000       1.000       1.000           8
Correlation                        0.189       0.159       0.175       0.004       8.445        7254
AKAZE Extract                    125.827     123.490      23.381      71.952     330.505        7513
ORB Extract                       30.847      29.282       7.721       7.543      77.874        7513
[RUN 20/20] 2025-09-09 04:53:41
Registering ORBextractor...
Registering AKAZEextractor...
Registering BRISKextractor...
Registering SIFTextractor...
Registering KAZEextractor...
Registering SuperPointExtractor...

ORB-SLAM2 Copyright (C) 2014-2016 Raul Mur-Artal, University of Zaragoza.
This program comes with ABSOLUTELY NO WARRANTY;
This is free software, and you are welcome to redistribute it
under certain conditions. See LICENSE.txt.

Input sensor was set to: Monocular

Loading Vocabulary : /home/howard/Refactored_ORB_SLAM2/Install/var/lib/orbslam2/voc/orb_mur.fbow
This could take a while...
Loading ORB Vocabulary in FBoW.
ORB Vocabulary loaded in 0.012891s


Loading Vocabulary : /home/howard/Refactored_ORB_SLAM2/Install/var/lib/orbslam2/voc/akaze_cv.fbow
This could take a while...
Loading AKAZE Vocabulary in FBoW.
AKAZE Vocabulary loaded in 0.002085s


Camera Parameters: 
- fx: 983.044
- fy: 983.044
- cx: 643.647
- cy: 493.379
- k1: 0
- k2: 0
- p1: 0
- p2: 0
- fps: 16
- color order: RGB (ignored if grayscale)

[Feature 0] ORB Extractor Parameters: 
 ( TH_LOW: 50, TH_HIGH: 100 )
- Number of Features: 2000
- Scale Levels: 8
- Scale Factor: 1.2
- Initial Fast Threshold: 20
- Minimum Fast Threshold: 7

[Feature 1] AKAZE Extractor Parameters: 
 ( TH_LOW: 100, TH_HIGH: 200 )
- Number of Features: 1000
- Scale Levels: 4
- Scale Factor: 1.2
- Threshold: 0.001
- Num of Octaves: 4
- Num of Octave Layers: 4

-------
Start processing sequence ...
Images in the sequence: 7513

1
New map created with 24 points for 0 Feature Type 
New map created with 130 points for 1 Feature Type 
Tracking Initlized in 94.91s
The initlized frame ID: 141
The lost frame ID: 829
The lost frame ID: 830
The lost frame ID: 831
The lost frame ID: 832
The lost frame ID: 833
The lost frame ID: 834
The lost frame ID: 835
The lost frame ID: 836
The lost frame ID: 837

Saving camera trajectory to TrajectoryBeforeReset_oxf_orb_akz_r20_seg01_pid834442_1757390168580.txt ...

trajectory saved!
[Tracking] wrote pre-reset trajectory to TrajectoryBeforeReset_oxf_orb_akz_r20_seg01_pid834442_1757390168580.txt
[Tracking] LOST for 10 consecutive frames -> reset
System Reseting
Reseting Local Mapper... done
Reseting Loop Closing... done
Reseting Database... done
1
New map created with 111 points for 0 Feature Type 
New map created with 466 points for 1 Feature Type 
Tracking Initlized in 3.42s
The initlized frame ID: 5
The lost frame ID: 642
The lost frame ID: 643
The lost frame ID: 644
The lost frame ID: 645
The lost frame ID: 646
The lost frame ID: 647
The lost frame ID: 648
The lost frame ID: 649
The lost frame ID: 650

Saving camera trajectory to TrajectoryBeforeReset_oxf_orb_akz_r20_seg02_pid834442_1757390279458.txt ...

trajectory saved!
[Tracking] wrote pre-reset trajectory to TrajectoryBeforeReset_oxf_orb_akz_r20_seg02_pid834442_1757390279458.txt
[Tracking] LOST for 10 consecutive frames -> reset
System Reseting
Reseting Local Mapper... done
Reseting Loop Closing... done
Reseting Database... done
1
New map created with 56 points for 0 Feature Type 
New map created with 319 points for 1 Feature Type 
Tracking Initlized in 4.47s
The initlized frame ID: 7
The lost frame ID: 1271
The lost frame ID: 1272
The lost frame ID: 1273
The lost frame ID: 1274
The lost frame ID: 1275
The lost frame ID: 1276
The lost frame ID: 1277
The lost frame ID: 1278
The lost frame ID: 1279

Saving camera trajectory to TrajectoryBeforeReset_oxf_orb_akz_r20_seg03_pid834442_1757390482005.txt ...

trajectory saved!
[Tracking] wrote pre-reset trajectory to TrajectoryBeforeReset_oxf_orb_akz_r20_seg03_pid834442_1757390482005.txt
[Tracking] LOST for 10 consecutive frames -> reset
System Reseting
Reseting Local Mapper... done
Reseting Loop Closing... done
Reseting Database... done
1
New map created with 63 points for 0 Feature Type 
New map created with 249 points for 1 Feature Type 
Tracking Initlized in 1.33s
The initlized frame ID: 2
The lost frame ID: 180
The lost frame ID: 181
The lost frame ID: 182
The lost frame ID: 183
The lost frame ID: 184
The lost frame ID: 185
The lost frame ID: 186
The lost frame ID: 187
The lost frame ID: 188

Saving camera trajectory to TrajectoryBeforeReset_oxf_orb_akz_r20_seg04_pid834442_1757390513690.txt ...

trajectory saved!
[Tracking] wrote pre-reset trajectory to TrajectoryBeforeReset_oxf_orb_akz_r20_seg04_pid834442_1757390513690.txt
[Tracking] LOST for 10 consecutive frames -> reset
System Reseting
Reseting Local Mapper... done
Reseting Loop Closing... done
Reseting Database... done
1
New map created with 70 points for 0 Feature Type 
New map created with 122 points for 1 Feature Type 
Tracking Initlized in 1.42s
The initlized frame ID: 2
The lost frame ID: 594
The lost frame ID: 595
The lost frame ID: 596
The lost frame ID: 597
The lost frame ID: 598
The lost frame ID: 599
The lost frame ID: 600
The lost frame ID: 601
The lost frame ID: 602

Saving camera trajectory to TrajectoryBeforeReset_oxf_orb_akz_r20_seg05_pid834442_1757390612523.txt ...

trajectory saved!
[Tracking] wrote pre-reset trajectory to TrajectoryBeforeReset_oxf_orb_akz_r20_seg05_pid834442_1757390612523.txt
[Tracking] LOST for 10 consecutive frames -> reset
System Reseting
Reseting Local Mapper... done
Reseting Loop Closing... done
Reseting Database... done
1
New map created with 74 points for 0 Feature Type 
New map created with 524 points for 1 Feature Type 
Tracking Initlized in 2.12s
The initlized frame ID: 3
The lost frame ID: 1409
The lost frame ID: 1410
The lost frame ID: 1411
The lost frame ID: 1412
The lost frame ID: 1413
The lost frame ID: 1414
The lost frame ID: 1415
The lost frame ID: 1416
The lost frame ID: 1417

Saving camera trajectory to TrajectoryBeforeReset_oxf_orb_akz_r20_seg06_pid834442_1757390865655.txt ...

trajectory saved!
[Tracking] wrote pre-reset trajectory to TrajectoryBeforeReset_oxf_orb_akz_r20_seg06_pid834442_1757390865655.txt
[Tracking] LOST for 10 consecutive frames -> reset
System Reseting
Reseting Local Mapper... done
Reseting Loop Closing... done
Reseting Database... done
0
New map created with 143 points for 0 Feature Type 
New map created with 617 points for 1 Feature Type 
Tracking Initlized in 1.35s
The initlized frame ID: 2
The lost frame ID: 2243
The lost frame ID: 2244
The lost frame ID: 2245
The lost frame ID: 2246
The lost frame ID: 2247
The lost frame ID: 2248
The lost frame ID: 2249
The lost frame ID: 2250
The lost frame ID: 2251

Saving camera trajectory to TrajectoryBeforeReset_oxf_orb_akz_r20_seg07_pid834442_1757391262895.txt ...

trajectory saved!
[Tracking] wrote pre-reset trajectory to TrajectoryBeforeReset_oxf_orb_akz_r20_seg07_pid834442_1757391262895.txt
[Tracking] LOST for 10 consecutive frames -> reset
System Reseting
Reseting Local Mapper... done
Reseting Loop Closing... done
Reseting Database... done
1
New map created with 86 points for 0 Feature Type 
New map created with 318 points for 1 Feature Type 
Tracking Initlized in 6.35s
The initlized frame ID: 10
Track lost soon after initialisation, reseting...
System Reseting
Reseting Local Mapper... done
Reseting Loop Closing... done
Reseting Database... done
0
New map created with 79 points for 0 Feature Type 
New map created with 289 points for 1 Feature Type 
Tracking Initlized in 1.34s
The initlized frame ID: 2
The lost frame ID: 137
The lost frame ID: 138
The lost frame ID: 139
The lost frame ID: 140
The lost frame ID: 141
The lost frame ID: 142
The lost frame ID: 143
The lost frame ID: 144
The lost frame ID: 145

Saving camera trajectory to TrajectoryBeforeReset_oxf_orb_akz_r20_seg08_pid834442_1757391290349.txt ...

trajectory saved!
[Tracking] wrote pre-reset trajectory to TrajectoryBeforeReset_oxf_orb_akz_r20_seg08_pid834442_1757391290349.txt
[Tracking] LOST for 10 consecutive frames -> reset
System Reseting
Reseting Local Mapper... done
Reseting Loop Closing... done
Reseting Database... done
0
New map created with 106 points for 0 Feature Type 
New map created with 312 points for 1 Feature Type 
Tracking Initlized in 0.71s
The initlized frame ID: 1
System::StopViewer()
System::StopViewer() done

Saving correlation status...

========== Global Summary ==========
Frames: 7245
avg_CorrEdges: 4.12119
avg_match_A: 108.35
avg_match_B: 95.6467
global_RI_MNR: 0.0430876
global_RI_GNR: 0.0404831
global_RI_DICE: 0.0404045

========== Per-Channel Summary ==========
   chA   chB     avgCorr        avgA        avgB   avgRI_MNR   avgRI_GNR  avgRI_DICE
     0     1     4.12119      108.35     95.6467   0.0425566    0.036433   0.0358106

Correlation status saved!

System Shutdown
-------

median tracking time: 0.148161
mean tracking time: 0.150054

Saving camera trajectory to result20.txt ...

trajectory saved!
All done

========== Performance Summary (ms) ==========
name                                mean      median        rmse         min         max       count
Lost Count                         1.000       1.000       0.000       1.000       1.000           8
Tracking                           9.108       7.789       9.089       1.512     656.717        7328
Total Init                     28221.995   28221.995       0.000   28221.995   28221.995           1
Pipeline                         149.295     148.085      26.760      82.937     789.765        7513
Reset Count                        1.000       1.000       0.000       1.000       1.000           9
Correlation                        0.193       0.160       0.175       0.002       8.236        7247
AKAZE Extract                    133.816     132.001      23.879      71.113     218.355        7513
ORB Extract                       31.033      29.426       7.915       6.924      73.355        7513
[DONE] Summary: /home/howard/Refactored_ORB_SLAM2/Experiments/Performances/oxf_orb_akz_pref.txt
[DONE] Correlations aggregate: /home/howard/Refactored_ORB_SLAM2/Experiments/Correlations/corr_exp_oxf_orb_akz.txt
[DONE] Correlations per-run:   /home/howard/Refactored_ORB_SLAM2/Experiments/Correlations/oxf_orb_akz/XX.txt
[DONE] Logs:    /home/howard/Refactored_ORB_SLAM2/Experiments/Logs/oxf_orb_akz
[DONE] Results: /home/howard/Refactored_ORB_SLAM2/Experiments/Poses/oxf_orb_akz
[SKIP] --noEvo set; skip APE/RPE for 'oxf_orb_akz'.
line=name=oxf_akz_kaz seq=~/dataset/tum/oxf_car yaml=../Install/etc/orbslam2/Monocular/TUM_OC.yaml runs=20 exe=../Install/bin features=[AKAZE,KAZE]
[INFO] YAML for oxf_akz_kaz: TUM_OC.yaml -> oxf_akz_kaz.yaml  [AKAZE KAZE]

===== RUN: oxf_akz_kaz =====
[bench] seq=/home/howard/dataset/tum/oxf_car  yaml=../../../../Experiments/oxf_akz_kaz.yaml  runs=20  exe_dir=../Install/bin  mode=tum times=
[INFO] name=oxf_akz_kaz  seq=/home/howard/dataset/tum/oxf_car  runs=20  yaml=../../../../Experiments/oxf_akz_kaz.yaml  withCorr=1  mode=tum  times=
[RUN 01/20] 2025-09-09 05:15:12
Registering ORBextractor...
Registering AKAZEextractor...
Registering BRISKextractor...
Registering SIFTextractor...
Registering KAZEextractor...
Registering SuperPointExtractor...

ORB-SLAM2 Copyright (C) 2014-2016 Raul Mur-Artal, University of Zaragoza.
This program comes with ABSOLUTELY NO WARRANTY;
This is free software, and you are welcome to redistribute it
under certain conditions. See LICENSE.txt.

Input sensor was set to: Monocular

Loading Vocabulary : /home/howard/Refactored_ORB_SLAM2/Install/var/lib/orbslam2/voc/akaze_cv.fbow
This could take a while...
Loading AKAZE Vocabulary in FBoW.
AKAZE Vocabulary loaded in 0.002647s


Loading Vocabulary : /home/howard/Refactored_ORB_SLAM2/Install/var/lib/orbslam2/voc/kaze_cv.fbow
This could take a while...
Loading KAZE Vocabulary in FBoW.
KAZE Vocabulary loaded in 0.010600s


Camera Parameters: 
- fx: 983.044
- fy: 983.044
- cx: 643.647
- cy: 493.379
- k1: 0
- k2: 0
- p1: 0
- p2: 0
- fps: 16
- color order: RGB (ignored if grayscale)

[Feature 0] AKAZE Extractor Parameters: 
 ( TH_LOW: 100, TH_HIGH: 200 )
- Number of Features: 1000
- Scale Levels: 4
- Scale Factor: 1.2
- Threshold: 0.001
- Num of Octaves: 4
- Num of Octave Layers: 4

[Feature 1] KAZE Extractor Parameters: 
 ( TH_LOW: 0.5, TH_HIGH: 1 )
- Number of Features : 1000
- Scale Levels       : 4
- Scale Factor       : 1.2
- Threshold          : 0.0005
- nOctaves           : 4
- nOctaveLayers      : 4
- Extended (128‑dim) : 0
- Upright            : 0

-------
Start processing sequence ...
Images in the sequence: 7513

0
New map created with 117 points for 0 Feature Type 
New map created with 78 points for 1 Feature Type 
Tracking Initlized in 406.49s
The initlized frame ID: 144
The lost frame ID: 831
The lost frame ID: 832
The lost frame ID: 833
The lost frame ID: 834
The lost frame ID: 835
The lost frame ID: 836
The lost frame ID: 837
The lost frame ID: 838
The lost frame ID: 839
The lost frame ID: 853
The lost frame ID: 867
The lost frame ID: 869
The lost frame ID: 871
The lost frame ID: 872
The lost frame ID: 874
The lost frame ID: 876
The lost frame ID: 878
The lost frame ID: 880
The lost frame ID: 882
The lost frame ID: 892
The lost frame ID: 894
The lost frame ID: 898
The lost frame ID: 899
The lost frame ID: 906
The lost frame ID: 909
The lost frame ID: 912
The lost frame ID: 913
The lost frame ID: 914
The lost frame ID: 915
The lost frame ID: 916
The lost frame ID: 917
The lost frame ID: 919
The lost frame ID: 921
The lost frame ID: 922
The lost frame ID: 923
The lost frame ID: 924
The lost frame ID: 926
The lost frame ID: 928
The lost frame ID: 930
The lost frame ID: 933
The lost frame ID: 935
The lost frame ID: 937
The lost frame ID: 938
The lost frame ID: 940
The lost frame ID: 941
The lost frame ID: 942
The lost frame ID: 943
The lost frame ID: 948
The lost frame ID: 950
The lost frame ID: 951
The lost frame ID: 953
The lost frame ID: 954
The lost frame ID: 955
The lost frame ID: 956
The lost frame ID: 957
The lost frame ID: 959
The lost frame ID: 960
The lost frame ID: 961
The lost frame ID: 962
The lost frame ID: 963
The lost frame ID: 964
The lost frame ID: 966
The lost frame ID: 968
The lost frame ID: 972
The lost frame ID: 1000
The lost frame ID: 1012
The lost frame ID: 1015
The lost frame ID: 1016
The lost frame ID: 1048
The lost frame ID: 1050
The lost frame ID: 1053
The lost frame ID: 1057
The lost frame ID: 1065
The lost frame ID: 1069
The lost frame ID: 1074
The lost frame ID: 1087
The lost frame ID: 1090
The lost frame ID: 1096
The lost frame ID: 1119
The lost frame ID: 1143
The lost frame ID: 1145
The lost frame ID: 1148
The lost frame ID: 1149
The lost frame ID: 1150
The lost frame ID: 1151
The lost frame ID: 1152
The lost frame ID: 1153
The lost frame ID: 1154
The lost frame ID: 1155
The lost frame ID: 1156

Saving camera trajectory to TrajectoryBeforeReset_oxf_akz_kaz_r01_seg01_pid951354_1757391917676.txt ...

trajectory saved!
[Tracking] wrote pre-reset trajectory to TrajectoryBeforeReset_oxf_akz_kaz_r01_seg01_pid951354_1757391917676.txt
[Tracking] LOST for 10 consecutive frames -> reset
System Reseting
Reseting Local Mapper... done
Reseting Loop Closing... done
Reseting Database... done
0
New map created with 371 points for 0 Feature Type 
New map created with 200 points for 1 Feature Type 
Tracking Initlized in 5.52s
The initlized frame ID: 2
The lost frame ID: 15
The lost frame ID: 16
The lost frame ID: 23
The lost frame ID: 25
The lost frame ID: 26
The lost frame ID: 28
The lost frame ID: 30
The lost frame ID: 31
The lost frame ID: 32
The lost frame ID: 33
The lost frame ID: 34
The lost frame ID: 35
The lost frame ID: 36
The lost frame ID: 37
The lost frame ID: 38

Saving camera trajectory to TrajectoryBeforeReset_oxf_akz_kaz_r01_seg02_pid951354_1757391938795.txt ...

trajectory saved!
[Tracking] wrote pre-reset trajectory to TrajectoryBeforeReset_oxf_akz_kaz_r01_seg02_pid951354_1757391938795.txt
[Tracking] LOST for 10 consecutive frames -> reset
System Reseting
Reseting Local Mapper... done
Reseting Loop Closing... done
Reseting Database... done
0
New map created with 405 points for 0 Feature Type 
New map created with 283 points for 1 Feature Type 
Tracking Initlized in 8.86s
The initlized frame ID: 3
The lost frame ID: 281
The lost frame ID: 282
The lost frame ID: 283
The lost frame ID: 284
The lost frame ID: 285
The lost frame ID: 286
The lost frame ID: 287
The lost frame ID: 288
The lost frame ID: 289

Saving camera trajectory to TrajectoryBeforeReset_oxf_akz_kaz_r01_seg03_pid951354_1757392095789.txt ...

trajectory saved!
[Tracking] wrote pre-reset trajectory to TrajectoryBeforeReset_oxf_akz_kaz_r01_seg03_pid951354_1757392095789.txt
[Tracking] LOST for 10 consecutive frames -> reset
System Reseting
Reseting Local Mapper... done
Reseting Loop Closing... done
Reseting Database... done
1
New map created with 144 points for 0 Feature Type 
New map created with 126 points for 1 Feature Type 
Tracking Initlized in 8.14s
The initlized frame ID: 3
The lost frame ID: 254
The lost frame ID: 255
The lost frame ID: 256
The lost frame ID: 259
The lost frame ID: 260
The lost frame ID: 261
The lost frame ID: 262
The lost frame ID: 264
The lost frame ID: 265
The lost frame ID: 266
The lost frame ID: 267
The lost frame ID: 268
The lost frame ID: 269
The lost frame ID: 270
The lost frame ID: 271
The lost frame ID: 272

Saving camera trajectory to TrajectoryBeforeReset_oxf_akz_kaz_r01_seg04_pid951354_1757392241873.txt ...

trajectory saved!
[Tracking] wrote pre-reset trajectory to TrajectoryBeforeReset_oxf_akz_kaz_r01_seg04_pid951354_1757392241873.txt
[Tracking] LOST for 10 consecutive frames -> reset
System Reseting
Reseting Local Mapper... done
Reseting Loop Closing... done
Reseting Database... done
0
New map created with 333 points for 0 Feature Type 
New map created with 222 points for 1 Feature Type 
Tracking Initlized in 5.62s
The initlized frame ID: 2
The lost frame ID: 1002
The lost frame ID: 1004
The lost frame ID: 1009
The lost frame ID: 1010
The lost frame ID: 1015
The lost frame ID: 1022
The lost frame ID: 1023
The lost frame ID: 1024
The lost frame ID: 1025
The lost frame ID: 1027
The lost frame ID: 1029
The lost frame ID: 1030
The lost frame ID: 1031
The lost frame ID: 1032
The lost frame ID: 1033
The lost frame ID: 1034
The lost frame ID: 1035
The lost frame ID: 1036
The lost frame ID: 1037

Saving camera trajectory to TrajectoryBeforeReset_oxf_akz_kaz_r01_seg05_pid951354_1757392802734.txt ...

trajectory saved!
[Tracking] wrote pre-reset trajectory to TrajectoryBeforeReset_oxf_akz_kaz_r01_seg05_pid951354_1757392802734.txt
[Tracking] LOST for 10 consecutive frames -> reset
System Reseting
Reseting Local Mapper... done
Reseting Loop Closing... done
Reseting Database... done
0
New map created with 304 points for 0 Feature Type 
New map created with 193 points for 1 Feature Type 
Tracking Initlized in 3.19s
The initlized frame ID: 1
Track lost soon after initialisation, reseting...
System Reseting
Reseting Local Mapper... done
Reseting Loop Closing... done
Reseting Database... done
0
New map created with 317 points for 0 Feature Type 
New map created with 192 points for 1 Feature Type 
Tracking Initlized in 2.95s
The initlized frame ID: 1
Track lost soon after initialisation, reseting...
System Reseting
Reseting Local Mapper... done
Reseting Loop Closing... done
Reseting Database... done
0
New map created with 303 points for 0 Feature Type 
New map created with 196 points for 1 Feature Type 
Tracking Initlized in 2.82s
The initlized frame ID: 1
Track lost soon after initialisation, reseting...
System Reseting
Reseting Local Mapper... done
Reseting Loop Closing... done
Reseting Database... done
0
New map created with 318 points for 0 Feature Type 
New map created with 202 points for 1 Feature Type 
Tracking Initlized in 2.97s
The initlized frame ID: 1
Track lost soon after initialisation, reseting...
System Reseting
Reseting Local Mapper... done
Reseting Loop Closing... done
Reseting Database... done
0
New map created with 259 points for 0 Feature Type 
New map created with 152 points for 1 Feature Type 
Tracking Initlized in 2.85s
The initlized frame ID: 1
Track lost soon after initialisation, reseting...
System Reseting
Reseting Local Mapper... done
Reseting Loop Closing... done
Reseting Database... done
0
New map created with 247 points for 0 Feature Type 
New map created with 169 points for 1 Feature Type 
Tracking Initlized in 2.89s
The initlized frame ID: 1
The lost frame ID: 137
The lost frame ID: 138
The lost frame ID: 139
The lost frame ID: 140
The lost frame ID: 141
The lost frame ID: 142
The lost frame ID: 143
The lost frame ID: 145
The lost frame ID: 146
The lost frame ID: 147
The lost frame ID: 148
The lost frame ID: 149
The lost frame ID: 150
The lost frame ID: 151
The lost frame ID: 152
The lost frame ID: 153

Saving camera trajectory to TrajectoryBeforeReset_oxf_akz_kaz_r01_seg06_pid951354_1757392899195.txt ...

trajectory saved!
[Tracking] wrote pre-reset trajectory to TrajectoryBeforeReset_oxf_akz_kaz_r01_seg06_pid951354_1757392899195.txt
[Tracking] LOST for 10 consecutive frames -> reset
System Reseting
Reseting Local Mapper... done
Reseting Loop Closing... done
Reseting Database... done
0
New map created with 185 points for 0 Feature Type 
New map created with 123 points for 1 Feature Type 
Tracking Initlized in 6.28s
The initlized frame ID: 2
The lost frame ID: 582
The lost frame ID: 583
The lost frame ID: 584
The lost frame ID: 585
The lost frame ID: 586
The lost frame ID: 587
The lost frame ID: 588
The lost frame ID: 589
The lost frame ID: 590

Saving camera trajectory to TrajectoryBeforeReset_oxf_akz_kaz_r01_seg07_pid951354_1757393243827.txt ...

trajectory saved!
[Tracking] wrote pre-reset trajectory to TrajectoryBeforeReset_oxf_akz_kaz_r01_seg07_pid951354_1757393243827.txt
[Tracking] LOST for 10 consecutive frames -> reset
System Reseting
Reseting Local Mapper... done
Reseting Loop Closing... done
Reseting Database... done
0
New map created with 485 points for 0 Feature Type 
New map created with 254 points for 1 Feature Type 
Tracking Initlized in 16.78s
The initlized frame ID: 6
The lost frame ID: 1412
The lost frame ID: 1413
The lost frame ID: 1414
The lost frame ID: 1415
The lost frame ID: 1416
The lost frame ID: 1417
The lost frame ID: 1418
The lost frame ID: 1419
The lost frame ID: 1420

Saving camera trajectory to TrajectoryBeforeReset_oxf_akz_kaz_r01_seg08_pid951354_1757394028867.txt ...

trajectory saved!
[Tracking] wrote pre-reset trajectory to TrajectoryBeforeReset_oxf_akz_kaz_r01_seg08_pid951354_1757394028867.txt
[Tracking] LOST for 10 consecutive frames -> reset
System Reseting
Reseting Local Mapper... done
Reseting Loop Closing... done
Reseting Database... done
0
New map created with 593 points for 0 Feature Type 
New map created with 360 points for 1 Feature Type 
Tracking Initlized in 5.77s
The initlized frame ID: 2
The lost frame ID: 2234
The lost frame ID: 2235
The lost frame ID: 2236
The lost frame ID: 2237
The lost frame ID: 2238
The lost frame ID: 2239
The lost frame ID: 2240
The lost frame ID: 2241
The lost frame ID: 2242

Saving camera trajectory to TrajectoryBeforeReset_oxf_akz_kaz_r01_seg09_pid951354_1757395259474.txt ...

trajectory saved!
[Tracking] wrote pre-reset trajectory to TrajectoryBeforeReset_oxf_akz_kaz_r01_seg09_pid951354_1757395259474.txt
[Tracking] LOST for 10 consecutive frames -> reset
System Reseting
Reseting Local Mapper... done
Reseting Loop Closing... done
Reseting Database... done
0
New map created with 284 points for 0 Feature Type 
New map created with 151 points for 1 Feature Type 
Tracking Initlized in 5.31s
The initlized frame ID: 2
terminate called after throwing an instance of 'std::system_error'
  what():  Owner died
[WARN] Summary block not found in run 01 (exit 134)
[WARN] Per-Channel Summary not found in run 01 (exit 134)
[RUN 02/20] 2025-09-09 06:21:35
Registering ORBextractor...
Registering AKAZEextractor...
Registering BRISKextractor...
Registering SIFTextractor...
Registering KAZEextractor...
Registering SuperPointExtractor...

ORB-SLAM2 Copyright (C) 2014-2016 Raul Mur-Artal, University of Zaragoza.
This program comes with ABSOLUTELY NO WARRANTY;
This is free software, and you are welcome to redistribute it
under certain conditions. See LICENSE.txt.

Input sensor was set to: Monocular

Loading Vocabulary : /home/howard/Refactored_ORB_SLAM2/Install/var/lib/orbslam2/voc/akaze_cv.fbow
This could take a while...
Loading AKAZE Vocabulary in FBoW.
AKAZE Vocabulary loaded in 0.005047s


Loading Vocabulary : /home/howard/Refactored_ORB_SLAM2/Install/var/lib/orbslam2/voc/kaze_cv.fbow
This could take a while...
Loading KAZE Vocabulary in FBoW.
KAZE Vocabulary loaded in 0.017322s


Camera Parameters: 
- fx: 983.044
- fy: 983.044
- cx: 643.647
- cy: 493.379
- k1: 0
- k2: 0
- p1: 0
- p2: 0
- fps: 16
- color order: RGB (ignored if grayscale)

[Feature 0] AKAZE Extractor Parameters: 
 ( TH_LOW: 100, TH_HIGH: 200 )
- Number of Features: 1000
- Scale Levels: 4
- Scale Factor: 1.2
- Threshold: 0.001
- Num of Octaves: 4
- Num of Octave Layers: 4

[Feature 1] KAZE Extractor Parameters: 
 ( TH_LOW: 0.5, TH_HIGH: 1 )
- Number of Features : 1000
- Scale Levels       : 4
- Scale Factor       : 1.2
- Threshold          : 0.0005
- nOctaves           : 4
- nOctaveLayers      : 4
- Extended (128‑dim) : 0
- Upright            : 0

-------
Start processing sequence ...
Images in the sequence: 7513

0
New map created with 117 points for 0 Feature Type 
New map created with 78 points for 1 Feature Type 
Tracking Initlized in 410.24s
The initlized frame ID: 144
The lost frame ID: 830
The lost frame ID: 831
The lost frame ID: 832
The lost frame ID: 833
The lost frame ID: 834
The lost frame ID: 835
The lost frame ID: 836
The lost frame ID: 837
The lost frame ID: 838

Saving camera trajectory to TrajectoryBeforeReset_oxf_akz_kaz_r02_seg01_pid1260834_1757395734633.txt ...

trajectory saved!
[Tracking] wrote pre-reset trajectory to TrajectoryBeforeReset_oxf_akz_kaz_r02_seg01_pid1260834_1757395734633.txt
[Tracking] LOST for 10 consecutive frames -> reset
System Reseting
Reseting Local Mapper... done
Reseting Loop Closing... done
Reseting Database... done
0
New map created with 198 points for 0 Feature Type 
New map created with 112 points for 1 Feature Type 
Tracking Initlized in 8.12s
The initlized frame ID: 3
The lost frame ID: 640
The lost frame ID: 641
The lost frame ID: 642
The lost frame ID: 643
The lost frame ID: 644
The lost frame ID: 645
The lost frame ID: 646
The lost frame ID: 647
The lost frame ID: 648

Saving camera trajectory to TrajectoryBeforeReset_oxf_akz_kaz_r02_seg02_pid1260834_1757396081382.txt ...

trajectory saved!
[Tracking] wrote pre-reset trajectory to TrajectoryBeforeReset_oxf_akz_kaz_r02_seg02_pid1260834_1757396081382.txt
[Tracking] LOST for 10 consecutive frames -> reset
System Reseting
Reseting Local Mapper... done
Reseting Loop Closing... done
Reseting Database... done
1
New map created with 191 points for 0 Feature Type 
New map created with 150 points for 1 Feature Type 
Tracking Initlized in 8.25s
The initlized frame ID: 3
Track lost soon after initialisation, reseting...
System Reseting
Reseting Local Mapper... done
Reseting Loop Closing... done
Reseting Database... done
0
New map created with 357 points for 0 Feature Type 
New map created with 198 points for 1 Feature Type 
Tracking Initlized in 17.94s
The initlized frame ID: 6
Track lost soon after initialisation, reseting...
System Reseting
Reseting Local Mapper... done
Reseting Loop Closing... done
Reseting Database... done
0
New map created with 526 points for 0 Feature Type 
New map created with 327 points for 1 Feature Type 
Tracking Initlized in 12.15s
The initlized frame ID: 4
The lost frame ID: 238
The lost frame ID: 239
The lost frame ID: 240
The lost frame ID: 241
The lost frame ID: 242
The lost frame ID: 245
The lost frame ID: 247
The lost frame ID: 249
The lost frame ID: 252
The lost frame ID: 253
The lost frame ID: 255
The lost frame ID: 258
The lost frame ID: 259
The lost frame ID: 261
The lost frame ID: 262
The lost frame ID: 263
The lost frame ID: 264
The lost frame ID: 265
The lost frame ID: 266
The lost frame ID: 267
The lost frame ID: 268
The lost frame ID: 270
The lost frame ID: 271
The lost frame ID: 272
The lost frame ID: 274
The lost frame ID: 276
The lost frame ID: 278
The lost frame ID: 279
The lost frame ID: 280
The lost frame ID: 281
The lost frame ID: 282
The lost frame ID: 283
The lost frame ID: 284
The lost frame ID: 285
The lost frame ID: 286
The lost frame ID: 288
The lost frame ID: 289
The lost frame ID: 290
The lost frame ID: 294
The lost frame ID: 297
The lost frame ID: 301
The lost frame ID: 302
The lost frame ID: 303
The lost frame ID: 304
The lost frame ID: 305
The lost frame ID: 306
The lost frame ID: 307
The lost frame ID: 308
The lost frame ID: 310
The lost frame ID: 311
The lost frame ID: 312
The lost frame ID: 313
The lost frame ID: 315
The lost frame ID: 317
The lost frame ID: 319
The lost frame ID: 320
The lost frame ID: 321
The lost frame ID: 322
The lost frame ID: 323
The lost frame ID: 324
The lost frame ID: 325
The lost frame ID: 326
The lost frame ID: 328
The lost frame ID: 331
The lost frame ID: 332
The lost frame ID: 338
The lost frame ID: 342
The lost frame ID: 343
The lost frame ID: 345
The lost frame ID: 347
The lost frame ID: 348
The lost frame ID: 349
The lost frame ID: 350
The lost frame ID: 351
The lost frame ID: 352
The lost frame ID: 353
The lost frame ID: 354
The lost frame ID: 355
The lost frame ID: 357
The lost frame ID: 358
The lost frame ID: 359
The lost frame ID: 360
The lost frame ID: 361
The lost frame ID: 362
The lost frame ID: 363
The lost frame ID: 364
The lost frame ID: 365

Saving camera trajectory to TrajectoryBeforeReset_oxf_akz_kaz_r02_seg03_pid1260834_1757396289199.txt ...

trajectory saved!
[Tracking] wrote pre-reset trajectory to TrajectoryBeforeReset_oxf_akz_kaz_r02_seg03_pid1260834_1757396289199.txt
[Tracking] LOST for 10 consecutive frames -> reset
System Reseting
Reseting Local Mapper... done
Reseting Loop Closing... done
Reseting Database... done
0
New map created with 323 points for 0 Feature Type 
New map created with 185 points for 1 Feature Type 
Tracking Initlized in 2.98s
The initlized frame ID: 1
Track lost soon after initialisation, reseting...
System Reseting
Reseting Local Mapper... done
Reseting Loop Closing... done
Reseting Database... done
0
New map created with 318 points for 0 Feature Type 
New map created with 205 points for 1 Feature Type 
Tracking Initlized in 3.07s
The initlized frame ID: 1
Track lost soon after initialisation, reseting...
System Reseting
Reseting Local Mapper... done
Reseting Loop Closing... done
Reseting Database... done
0
New map created with 242 points for 0 Feature Type 
New map created with 196 points for 1 Feature Type 
Tracking Initlized in 2.98s
The initlized frame ID: 1
Track lost soon after initialisation, reseting...
System Reseting
Reseting Local Mapper... done
Reseting Loop Closing... done
Reseting Database... done
0
New map created with 233 points for 0 Feature Type 
New map created with 185 points for 1 Feature Type 
Tracking Initlized in 2.91s
The initlized frame ID: 1
The lost frame ID: 881
The lost frame ID: 884
The lost frame ID: 894
The lost frame ID: 896
The lost frame ID: 902
The lost frame ID: 903
The lost frame ID: 904
The lost frame ID: 905
The lost frame ID: 906
The lost frame ID: 909
The lost frame ID: 910
The lost frame ID: 912
The lost frame ID: 913
The lost frame ID: 914
The lost frame ID: 915
The lost frame ID: 916
The lost frame ID: 917
The lost frame ID: 918
The lost frame ID: 920
The lost frame ID: 922
The lost frame ID: 923
The lost frame ID: 924
The lost frame ID: 925
The lost frame ID: 926
The lost frame ID: 928
The lost frame ID: 929
The lost frame ID: 930
The lost frame ID: 931
The lost frame ID: 932
The lost frame ID: 933
The lost frame ID: 934
The lost frame ID: 935
The lost frame ID: 936

Saving camera trajectory to TrajectoryBeforeReset_oxf_akz_kaz_r02_seg04_pid1260834_1757396784714.txt ...

trajectory saved!
[Tracking] wrote pre-reset trajectory to TrajectoryBeforeReset_oxf_akz_kaz_r02_seg04_pid1260834_1757396784714.txt
[Tracking] LOST for 10 consecutive frames -> reset
System Reseting
Reseting Local Mapper... done
Reseting Loop Closing... done
Reseting Database... done
0
New map created with 291 points for 0 Feature Type 
New map created with 167 points for 1 Feature Type 
Tracking Initlized in 3.07s
The initlized frame ID: 1
Track lost soon after initialisation, reseting...
System Reseting
Reseting Local Mapper... done
Reseting Loop Closing... done
Reseting Database... done
0
New map created with 304 points for 0 Feature Type 
New map created with 214 points for 1 Feature Type 
Tracking Initlized in 3.00s
The initlized frame ID: 1
Track lost soon after initialisation, reseting...
System Reseting
Reseting Local Mapper... done
Reseting Loop Closing... done
Reseting Database... done
0
New map created with 203 points for 0 Feature Type 
New map created with 141 points for 1 Feature Type 
Tracking Initlized in 3.13s
The initlized frame ID: 1
The lost frame ID: 125
The lost frame ID: 126
The lost frame ID: 127
The lost frame ID: 128
The lost frame ID: 129
The lost frame ID: 130
The lost frame ID: 131
The lost frame ID: 132
The lost frame ID: 134
The lost frame ID: 135
The lost frame ID: 136
The lost frame ID: 137
The lost frame ID: 138
The lost frame ID: 139
The lost frame ID: 140
The lost frame ID: 141
The lost frame ID: 142

Saving camera trajectory to TrajectoryBeforeReset_oxf_akz_kaz_r02_seg05_pid1260834_1757396863894.txt ...

trajectory saved!
[Tracking] wrote pre-reset trajectory to TrajectoryBeforeReset_oxf_akz_kaz_r02_seg05_pid1260834_1757396863894.txt
[Tracking] LOST for 10 consecutive frames -> reset
System Reseting
Reseting Local Mapper... done
Reseting Loop Closing... done
Reseting Database... done
0
New map created with 213 points for 0 Feature Type 
New map created with 153 points for 1 Feature Type 
Tracking Initlized in 6.09s
The initlized frame ID: 2
The lost frame ID: 582
The lost frame ID: 583
The lost frame ID: 584
The lost frame ID: 585
The lost frame ID: 586
The lost frame ID: 587
The lost frame ID: 588
The lost frame ID: 589
The lost frame ID: 590

Saving camera trajectory to TrajectoryBeforeReset_oxf_akz_kaz_r02_seg06_pid1260834_1757397199572.txt ...

trajectory saved!
[Tracking] wrote pre-reset trajectory to TrajectoryBeforeReset_oxf_akz_kaz_r02_seg06_pid1260834_1757397199572.txt
[Tracking] LOST for 10 consecutive frames -> reset
System Reseting
Reseting Local Mapper... done
Reseting Loop Closing... done
Reseting Database... done
0
New map created with 115 points for 0 Feature Type 
New map created with 50 points for 1 Feature Type 
Tracking Initlized in 11.83s
The initlized frame ID: 4
The lost frame ID: 1411
The lost frame ID: 1412
The lost frame ID: 1413
The lost frame ID: 1414
The lost frame ID: 1415
The lost frame ID: 1416
The lost frame ID: 1417
The lost frame ID: 1418
The lost frame ID: 1419

Saving camera trajectory to TrajectoryBeforeReset_oxf_akz_kaz_r02_seg07_pid1260834_1757397961327.txt ...

trajectory saved!
[Tracking] wrote pre-reset trajectory to TrajectoryBeforeReset_oxf_akz_kaz_r02_seg07_pid1260834_1757397961327.txt
[Tracking] LOST for 10 consecutive frames -> reset
System Reseting
Reseting Local Mapper... done
Reseting Loop Closing... done
Reseting Database... done
0
New map created with 609 points for 0 Feature Type 
New map created with 367 points for 1 Feature Type 
Tracking Initlized in 5.61s
The initlized frame ID: 2
The lost frame ID: 2229
The lost frame ID: 2230
The lost frame ID: 2231
The lost frame ID: 2233
The lost frame ID: 2234
The lost frame ID: 2235
The lost frame ID: 2236
The lost frame ID: 2237
The lost frame ID: 2238
The lost frame ID: 2239
The lost frame ID: 2240
The lost frame ID: 2241

Saving camera trajectory to TrajectoryBeforeReset_oxf_akz_kaz_r02_seg08_pid1260834_1757399133622.txt ...

trajectory saved!
[Tracking] wrote pre-reset trajectory to TrajectoryBeforeReset_oxf_akz_kaz_r02_seg08_pid1260834_1757399133622.txt
[Tracking] LOST for 10 consecutive frames -> reset
System Reseting
Reseting Local Mapper... done
Reseting Loop Closing... done
Reseting Database... done
0
New map created with 241 points for 0 Feature Type 
New map created with 170 points for 1 Feature Type 
Tracking Initlized in 58.44s
The initlized frame ID: 23
The lost frame ID: 71
The lost frame ID: 72
The lost frame ID: 73
The lost frame ID: 74
The lost frame ID: 75
The lost frame ID: 76
The lost frame ID: 77
The lost frame ID: 78
The lost frame ID: 79

Saving camera trajectory to TrajectoryBeforeReset_oxf_akz_kaz_r02_seg09_pid1260834_1757399176004.txt ...

trajectory saved!
[Tracking] wrote pre-reset trajectory to TrajectoryBeforeReset_oxf_akz_kaz_r02_seg09_pid1260834_1757399176004.txt
[Tracking] LOST for 10 consecutive frames -> reset
System Reseting
Reseting Local Mapper... done
Reseting Loop Closing... done
Reseting Database... done
0
New map created with 324 points for 0 Feature Type 
New map created with 218 points for 1 Feature Type 
Tracking Initlized in 3.06s
The initlized frame ID: 1
The lost frame ID: 85
The lost frame ID: 86
The lost frame ID: 87
The lost frame ID: 88
The lost frame ID: 89
The lost frame ID: 90
The lost frame ID: 91
The lost frame ID: 92
The lost frame ID: 93

Saving camera trajectory to TrajectoryBeforeReset_oxf_akz_kaz_r02_seg10_pid1260834_1757399223304.txt ...

trajectory saved!
[Tracking] wrote pre-reset trajectory to TrajectoryBeforeReset_oxf_akz_kaz_r02_seg10_pid1260834_1757399223304.txt
[Tracking] LOST for 10 consecutive frames -> reset
System Reseting
Reseting Local Mapper... done
Reseting Loop Closing... done
Reseting Database... done
0
New map created with 319 points for 0 Feature Type 
New map created with 231 points for 1 Feature Type 
Tracking Initlized in 2.88s
The initlized frame ID: 1
System::StopViewer()
System::StopViewer() done

Saving correlation status...

========== Global Summary ==========
Frames: 7065
avg_CorrEdges: 33.0849
avg_match_A: 93.3233
avg_match_B: 144.219
global_RI_MNR: 0.35452
global_RI_GNR: 0.285183
global_RI_DICE: 0.27856

========== Per-Channel Summary ==========
   chA   chB     avgCorr        avgA        avgB   avgRI_MNR   avgRI_GNR  avgRI_DICE
     0     1     33.0849     93.3233     144.219     0.32594     0.26107    0.253888

Correlation status saved!

System Shutdown
-------

median tracking time: 0.509472
mean tracking time: 0.50983

Saving camera trajectory to result02.txt ...

trajectory saved!
All done

========== Performance Summary (ms) ==========
name                                mean      median        rmse         min         max       count
Lost Count                         1.000       1.000       0.000       1.000       1.000          10
Tracking                           9.121       8.104       5.205       1.599      60.322        7295
Total Init                     85396.041   85396.041       0.000   85396.041   85396.041           1
Pipeline                         509.175     509.340      47.785     306.237    1505.846        7513
KAZE Extract                     494.642     495.399      46.414     293.313    1488.679        7513
Reset Count                        1.000       1.000       0.000       1.000       1.000          17
Correlation                        0.229       0.198       0.184       0.003       8.978        7075
AKAZE Extract                    136.698     133.369      27.998      71.712     264.527        7513
[RUN 03/20] 2025-09-09 07:28:08
Registering ORBextractor...
Registering AKAZEextractor...
Registering BRISKextractor...
Registering SIFTextractor...
Registering KAZEextractor...
Registering SuperPointExtractor...

ORB-SLAM2 Copyright (C) 2014-2016 Raul Mur-Artal, University of Zaragoza.
This program comes with ABSOLUTELY NO WARRANTY;
This is free software, and you are welcome to redistribute it
under certain conditions. See LICENSE.txt.

Input sensor was set to: Monocular

Loading Vocabulary : /home/howard/Refactored_ORB_SLAM2/Install/var/lib/orbslam2/voc/akaze_cv.fbow
This could take a while...
Loading AKAZE Vocabulary in FBoW.
AKAZE Vocabulary loaded in 0.002796s


Loading Vocabulary : /home/howard/Refactored_ORB_SLAM2/Install/var/lib/orbslam2/voc/kaze_cv.fbow
This could take a while...
Loading KAZE Vocabulary in FBoW.
KAZE Vocabulary loaded in 0.011730s


Camera Parameters: 
- fx: 983.044
- fy: 983.044
- cx: 643.647
- cy: 493.379
- k1: 0
- k2: 0
- p1: 0
- p2: 0
- fps: 16
- color order: RGB (ignored if grayscale)

[Feature 0] AKAZE Extractor Parameters: 
 ( TH_LOW: 100, TH_HIGH: 200 )
- Number of Features: 1000
- Scale Levels: 4
- Scale Factor: 1.2
- Threshold: 0.001
- Num of Octaves: 4
- Num of Octave Layers: 4

[Feature 1] KAZE Extractor Parameters: 
 ( TH_LOW: 0.5, TH_HIGH: 1 )
- Number of Features : 1000
- Scale Levels       : 4
- Scale Factor       : 1.2
- Threshold          : 0.0005
- nOctaves           : 4
- nOctaveLayers      : 4
- Extended (128‑dim) : 0
- Upright            : 0

-------
Start processing sequence ...
Images in the sequence: 7513

0
New map created with 117 points for 0 Feature Type 
New map created with 78 points for 1 Feature Type 
Tracking Initlized in 410.08s
The initlized frame ID: 144
The lost frame ID: 640
The lost frame ID: 644
The lost frame ID: 646
The lost frame ID: 647
The lost frame ID: 650
The lost frame ID: 651
The lost frame ID: 655
The lost frame ID: 658
The lost frame ID: 659
The lost frame ID: 661
The lost frame ID: 662
The lost frame ID: 663
The lost frame ID: 664
The lost frame ID: 665
The lost frame ID: 671
The lost frame ID: 674
The lost frame ID: 675
The lost frame ID: 677
The lost frame ID: 678
The lost frame ID: 679
The lost frame ID: 680
The lost frame ID: 681
The lost frame ID: 682
The lost frame ID: 683
The lost frame ID: 684
The lost frame ID: 685

Saving camera trajectory to TrajectoryBeforeReset_oxf_akz_kaz_r03_seg01_pid1565973_1757399634983.txt ...

trajectory saved!
[Tracking] wrote pre-reset trajectory to TrajectoryBeforeReset_oxf_akz_kaz_r03_seg01_pid1565973_1757399634983.txt
[Tracking] LOST for 10 consecutive frames -> reset
System Reseting
Reseting Local Mapper... done
Reseting Loop Closing... done
Reseting Database... done
0
New map created with 341 points for 0 Feature Type 
New map created with 163 points for 1 Feature Type 
Tracking Initlized in 5.46s
The initlized frame ID: 2
The lost frame ID: 144
The lost frame ID: 145
The lost frame ID: 146
The lost frame ID: 147
The lost frame ID: 148
The lost frame ID: 149
The lost frame ID: 150
The lost frame ID: 151
The lost frame ID: 152

Saving camera trajectory to TrajectoryBeforeReset_oxf_akz_kaz_r03_seg02_pid1565973_1757399710786.txt ...

trajectory saved!
[Tracking] wrote pre-reset trajectory to TrajectoryBeforeReset_oxf_akz_kaz_r03_seg02_pid1565973_1757399710786.txt
[Tracking] LOST for 10 consecutive frames -> reset
System Reseting
Reseting Local Mapper... done
Reseting Loop Closing... done
Reseting Database... done
0
New map created with 253 points for 0 Feature Type 
New map created with 125 points for 1 Feature Type 
Tracking Initlized in 5.36s
The initlized frame ID: 2
The lost frame ID: 640
The lost frame ID: 641
The lost frame ID: 642
The lost frame ID: 643
The lost frame ID: 644
The lost frame ID: 645
The lost frame ID: 646
The lost frame ID: 647
The lost frame ID: 648

Saving camera trajectory to TrajectoryBeforeReset_oxf_akz_kaz_r03_seg03_pid1565973_1757400033771.txt ...

trajectory saved!
[Tracking] wrote pre-reset trajectory to TrajectoryBeforeReset_oxf_akz_kaz_r03_seg03_pid1565973_1757400033771.txt
[Tracking] LOST for 10 consecutive frames -> reset
System Reseting
Reseting Local Mapper... done
Reseting Loop Closing... done
Reseting Database... done
1
New map created with 190 points for 0 Feature Type 
New map created with 150 points for 1 Feature Type 
Tracking Initlized in 8.57s
The initlized frame ID: 3
The lost frame ID: 256
The lost frame ID: 257
The lost frame ID: 258
The lost frame ID: 259
The lost frame ID: 260
The lost frame ID: 263
The lost frame ID: 264
The lost frame ID: 265
The lost frame ID: 266
The lost frame ID: 267
The lost frame ID: 268
The lost frame ID: 269
The lost frame ID: 270
The lost frame ID: 271
The lost frame ID: 273
The lost frame ID: 276
The lost frame ID: 277
The lost frame ID: 278
The lost frame ID: 279
The lost frame ID: 281
The lost frame ID: 282
The lost frame ID: 284
The lost frame ID: 285
The lost frame ID: 287
The lost frame ID: 288
The lost frame ID: 289
The lost frame ID: 290
The lost frame ID: 292
The lost frame ID: 293
The lost frame ID: 295
The lost frame ID: 296
The lost frame ID: 297
The lost frame ID: 303
The lost frame ID: 304
The lost frame ID: 305
The lost frame ID: 307
The lost frame ID: 308
The lost frame ID: 310
The lost frame ID: 311
The lost frame ID: 312
The lost frame ID: 314
The lost frame ID: 315
The lost frame ID: 316
The lost frame ID: 317
The lost frame ID: 318
The lost frame ID: 319
The lost frame ID: 321
The lost frame ID: 326
The lost frame ID: 332
The lost frame ID: 333
The lost frame ID: 334
The lost frame ID: 337
The lost frame ID: 338
The lost frame ID: 339
The lost frame ID: 343
The lost frame ID: 344
The lost frame ID: 348
The lost frame ID: 349
The lost frame ID: 351
The lost frame ID: 353
The lost frame ID: 354
The lost frame ID: 355
The lost frame ID: 356
The lost frame ID: 357
The lost frame ID: 359
The lost frame ID: 360
The lost frame ID: 361
The lost frame ID: 362
The lost frame ID: 363
The lost frame ID: 364
The lost frame ID: 365
The lost frame ID: 366
The lost frame ID: 367
The lost frame ID: 369
The lost frame ID: 373
The lost frame ID: 374
The lost frame ID: 375
The lost frame ID: 376
The lost frame ID: 377
The lost frame ID: 381
The lost frame ID: 383
The lost frame ID: 384
The lost frame ID: 385
The lost frame ID: 387
The lost frame ID: 388
The lost frame ID: 389
The lost frame ID: 390
The lost frame ID: 391
The lost frame ID: 393
The lost frame ID: 394
The lost frame ID: 395
The lost frame ID: 396
The lost frame ID: 397
The lost frame ID: 398
The lost frame ID: 399
The lost frame ID: 400
The lost frame ID: 401

Saving camera trajectory to TrajectoryBeforeReset_oxf_akz_kaz_r03_seg04_pid1565973_1757400240034.txt ...

trajectory saved!
[Tracking] wrote pre-reset trajectory to TrajectoryBeforeReset_oxf_akz_kaz_r03_seg04_pid1565973_1757400240034.txt
[Tracking] LOST for 10 consecutive frames -> reset
System Reseting
Reseting Local Mapper... done
Reseting Loop Closing... done
Reseting Database... done
0
New map created with 347 points for 0 Feature Type 
New map created with 204 points for 1 Feature Type 
Tracking Initlized in 5.36s
The initlized frame ID: 2
The lost frame ID: 870
The lost frame ID: 872
The lost frame ID: 874
The lost frame ID: 879
The lost frame ID: 881
The lost frame ID: 883
The lost frame ID: 889
The lost frame ID: 892
The lost frame ID: 894
The lost frame ID: 895
The lost frame ID: 896
The lost frame ID: 897
The lost frame ID: 898
The lost frame ID: 899
The lost frame ID: 900
The lost frame ID: 901
The lost frame ID: 904
The lost frame ID: 905
The lost frame ID: 906
The lost frame ID: 907
The lost frame ID: 910
The lost frame ID: 911
The lost frame ID: 912
The lost frame ID: 913
The lost frame ID: 914
The lost frame ID: 915
The lost frame ID: 916
The lost frame ID: 917
The lost frame ID: 918

Saving camera trajectory to TrajectoryBeforeReset_oxf_akz_kaz_r03_seg05_pid1565973_1757400693998.txt ...

trajectory saved!
[Tracking] wrote pre-reset trajectory to TrajectoryBeforeReset_oxf_akz_kaz_r03_seg05_pid1565973_1757400693998.txt
[Tracking] LOST for 10 consecutive frames -> reset
System Reseting
Reseting Local Mapper... done
Reseting Loop Closing... done
Reseting Database... done
0
New map created with 260 points for 0 Feature Type 
New map created with 133 points for 1 Feature Type 
Tracking Initlized in 2.77s
The initlized frame ID: 1
The lost frame ID: 140
The lost frame ID: 141
The lost frame ID: 142
The lost frame ID: 143
The lost frame ID: 144
The lost frame ID: 145
The lost frame ID: 146
The lost frame ID: 147
The lost frame ID: 148

Saving camera trajectory to TrajectoryBeforeReset_oxf_akz_kaz_r03_seg06_pid1565973_1757400767762.txt ...

trajectory saved!
[Tracking] wrote pre-reset trajectory to TrajectoryBeforeReset_oxf_akz_kaz_r03_seg06_pid1565973_1757400767762.txt
[Tracking] LOST for 10 consecutive frames -> reset
System Reseting
Reseting Local Mapper... done
Reseting Loop Closing... done
Reseting Database... done
0
New map created with 118 points for 0 Feature Type 
New map created with 97 points for 1 Feature Type 
Tracking Initlized in 5.95s
The initlized frame ID: 2
The lost frame ID: 590
The lost frame ID: 591
The lost frame ID: 592
The lost frame ID: 593
The lost frame ID: 594
The lost frame ID: 595
The lost frame ID: 596
The lost frame ID: 597
The lost frame ID: 598

Saving camera trajectory to TrajectoryBeforeReset_oxf_akz_kaz_r03_seg07_pid1565973_1757401060725.txt ...

trajectory saved!
[Tracking] wrote pre-reset trajectory to TrajectoryBeforeReset_oxf_akz_kaz_r03_seg07_pid1565973_1757401060725.txt
[Tracking] LOST for 10 consecutive frames -> reset
System Reseting
Reseting Local Mapper... done
Reseting Loop Closing... done
Reseting Database... done
0
New map created with 463 points for 0 Feature Type 
New map created with 242 points for 1 Feature Type 
Tracking Initlized in 15.27s
The initlized frame ID: 6
Track lost soon after initialisation, reseting...
System Reseting
Reseting Local Mapper... done
Reseting Loop Closing... done
Reseting Database... done
0
New map created with 533 points for 0 Feature Type 
New map created with 263 points for 1 Feature Type 
Tracking Initlized in 5.19s
The initlized frame ID: 2
Track lost soon after initialisation, reseting...
System Reseting
Reseting Local Mapper... done
Reseting Loop Closing... done
Reseting Database... done
0
New map created with 530 points for 0 Feature Type 
New map created with 271 points for 1 Feature Type 
Tracking Initlized in 4.99s
The initlized frame ID: 2
Track lost soon after initialisation, reseting...
System Reseting
Reseting Local Mapper... done
Reseting Loop Closing... done
Reseting Database... done
0
New map created with 369 points for 0 Feature Type 
New map created with 185 points for 1 Feature Type 
Tracking Initlized in 2.54s
The initlized frame ID: 1
The lost frame ID: 134
The lost frame ID: 135
The lost frame ID: 136
The lost frame ID: 137
The lost frame ID: 138
The lost frame ID: 139
The lost frame ID: 140
The lost frame ID: 141
The lost frame ID: 142

Saving camera trajectory to TrajectoryBeforeReset_oxf_akz_kaz_r03_seg08_pid1565973_1757401132453.txt ...

trajectory saved!
[Tracking] wrote pre-reset trajectory to TrajectoryBeforeReset_oxf_akz_kaz_r03_seg08_pid1565973_1757401132453.txt
[Tracking] LOST for 10 consecutive frames -> reset
System Reseting
Reseting Local Mapper... done
Reseting Loop Closing... done
Reseting Database... done
0
New map created with 524 points for 0 Feature Type 
New map created with 266 points for 1 Feature Type 
Tracking Initlized in 5.27s
The initlized frame ID: 2
The lost frame ID: 1253
The lost frame ID: 1254
The lost frame ID: 1255
The lost frame ID: 1256
The lost frame ID: 1257
The lost frame ID: 1258
The lost frame ID: 1259
The lost frame ID: 1260
The lost frame ID: 1261

Saving camera trajectory to TrajectoryBeforeReset_oxf_akz_kaz_r03_seg09_pid1565973_1757401687848.txt ...

trajectory saved!
[Tracking] wrote pre-reset trajectory to TrajectoryBeforeReset_oxf_akz_kaz_r03_seg09_pid1565973_1757401687848.txt
[Tracking] LOST for 10 consecutive frames -> reset
System Reseting
Reseting Local Mapper... done
Reseting Loop Closing... done
Reseting Database... done
0
New map created with 589 points for 0 Feature Type 
New map created with 357 points for 1 Feature Type 
Tracking Initlized in 4.85s
The initlized frame ID: 2
Track lost soon after initialisation, reseting...
System Reseting
Reseting Local Mapper... done
Reseting Loop Closing... done
Reseting Database... done
0
New map created with 548 points for 0 Feature Type 
New map created with 327 points for 1 Feature Type 
Tracking Initlized in 2.46s
The initlized frame ID: 1
Track lost soon after initialisation, reseting...
System Reseting
Reseting Local Mapper... done
Reseting Loop Closing... done
Reseting Database... done
0
New map created with 456 points for 0 Feature Type 
New map created with 296 points for 1 Feature Type 
Tracking Initlized in 2.52s
The initlized frame ID: 1
Track lost soon after initialisation, reseting...
System Reseting
Reseting Local Mapper... done
Reseting Loop Closing... done
Reseting Database... done
0
New map created with 464 points for 0 Feature Type 
New map created with 279 points for 1 Feature Type 
Tracking Initlized in 2.32s
The initlized frame ID: 1
Track lost soon after initialisation, reseting...
System Reseting
Reseting Local Mapper... done
Reseting Loop Closing... done
Reseting Database... done
0
New map created with 396 points for 0 Feature Type 
New map created with 233 points for 1 Feature Type 
Tracking Initlized in 2.36s
The initlized frame ID: 1
The lost frame ID: 205
The lost frame ID: 206
The lost frame ID: 207
The lost frame ID: 208
The lost frame ID: 209
The lost frame ID: 210
The lost frame ID: 211
The lost frame ID: 212
The lost frame ID: 213

Saving camera trajectory to TrajectoryBeforeReset_oxf_akz_kaz_r03_seg10_pid1565973_1757401788458.txt ...

trajectory saved!
[Tracking] wrote pre-reset trajectory to TrajectoryBeforeReset_oxf_akz_kaz_r03_seg10_pid1565973_1757401788458.txt
[Tracking] LOST for 10 consecutive frames -> reset
System Reseting
Reseting Local Mapper... done
Reseting Loop Closing... done
Reseting Database... done
0
New map created with 374 points for 0 Feature Type 
New map created with 267 points for 1 Feature Type 
Tracking Initlized in 2.59s
The initlized frame ID: 1
The lost frame ID: 2017
The lost frame ID: 2018
The lost frame ID: 2019
The lost frame ID: 2020
The lost frame ID: 2021
The lost frame ID: 2022
The lost frame ID: 2023
The lost frame ID: 2024
The lost frame ID: 2025

Saving camera trajectory to TrajectoryBeforeReset_oxf_akz_kaz_r03_seg11_pid1565973_1757402637989.txt ...

trajectory saved!
[Tracking] wrote pre-reset trajectory to TrajectoryBeforeReset_oxf_akz_kaz_r03_seg11_pid1565973_1757402637989.txt
[Tracking] LOST for 10 consecutive frames -> reset
System Reseting
Reseting Local Mapper... done
Reseting Loop Closing... done
Reseting Database... done
0
New map created with 64 points for 0 Feature Type 
New map created with 38 points for 1 Feature Type 
Tracking Initlized in 16.51s
The initlized frame ID: 7
Track lost soon after initialisation, reseting...
System Reseting
Reseting Local Mapper... done
Reseting Loop Closing... done
Reseting Database... done
0
New map created with 327 points for 0 Feature Type 
New map created with 198 points for 1 Feature Type 
Tracking Initlized in 2.74s
The initlized frame ID: 1
The lost frame ID: 145
The lost frame ID: 146
The lost frame ID: 147
The lost frame ID: 148
The lost frame ID: 149
The lost frame ID: 150
The lost frame ID: 151
The lost frame ID: 152
The lost frame ID: 153

Saving camera trajectory to TrajectoryBeforeReset_oxf_akz_kaz_r03_seg12_pid1565973_1757402712544.txt ...

trajectory saved!
[Tracking] wrote pre-reset trajectory to TrajectoryBeforeReset_oxf_akz_kaz_r03_seg12_pid1565973_1757402712544.txt
[Tracking] LOST for 10 consecutive frames -> reset
System Reseting
Reseting Local Mapper... done
Reseting Loop Closing... done
Reseting Database... done
0
New map created with 357 points for 0 Feature Type 
New map created with 255 points for 1 Feature Type 
Tracking Initlized in 2.86s
The initlized frame ID: 1
System::StopViewer()
System::StopViewer() done

Saving correlation status...

========== Global Summary ==========
Frames: 7034
avg_CorrEdges: 31.9264
avg_match_A: 89.1274
avg_match_B: 141.396
global_RI_MNR: 0.35821
global_RI_GNR: 0.284397
global_RI_DICE: 0.27699

========== Per-Channel Summary ==========
   chA   chB     avgCorr        avgA        avgB   avgRI_MNR   avgRI_GNR  avgRI_DICE
     0     1     31.9264     89.1274     141.396    0.326093    0.256463    0.248419

Correlation status saved!

System Shutdown
-------

median tracking time: 0.438172
mean tracking time: 0.442183

Saving camera trajectory to result03.txt ...

trajectory saved!
All done

========== Performance Summary (ms) ==========
name                                mean      median        rmse         min         max       count
Lost Count                         1.000       1.000       0.000       1.000       1.000          12
Tracking                           7.877       7.126       5.471       1.059     310.293        7307
Total Init                     82469.083   82469.083       0.000   82469.083   82469.083           1
Pipeline                         441.601     438.085      45.623     300.792     830.501        7513
KAZE Extract                     428.852     426.514      43.392     292.618     739.114        7513
Reset Count                        1.000       1.000       0.000       1.000       1.000          20
Correlation                        0.200       0.176       0.138       0.003       4.334        7054
AKAZE Extract                    120.895     116.982      23.887      65.593     226.842        7513
[RUN 04/20] 2025-09-09 08:26:07
Registering ORBextractor...
Registering AKAZEextractor...
Registering BRISKextractor...
Registering SIFTextractor...
Registering KAZEextractor...
Registering SuperPointExtractor...

ORB-SLAM2 Copyright (C) 2014-2016 Raul Mur-Artal, University of Zaragoza.
This program comes with ABSOLUTELY NO WARRANTY;
This is free software, and you are welcome to redistribute it
under certain conditions. See LICENSE.txt.

Input sensor was set to: Monocular

Loading Vocabulary : /home/howard/Refactored_ORB_SLAM2/Install/var/lib/orbslam2/voc/akaze_cv.fbow
This could take a while...
Loading AKAZE Vocabulary in FBoW.
AKAZE Vocabulary loaded in 0.002571s


Loading Vocabulary : /home/howard/Refactored_ORB_SLAM2/Install/var/lib/orbslam2/voc/kaze_cv.fbow
This could take a while...
Loading KAZE Vocabulary in FBoW.
KAZE Vocabulary loaded in 0.009055s


Camera Parameters: 
- fx: 983.044
- fy: 983.044
- cx: 643.647
- cy: 493.379
- k1: 0
- k2: 0
- p1: 0
- p2: 0
- fps: 16
- color order: RGB (ignored if grayscale)

[Feature 0] AKAZE Extractor Parameters: 
 ( TH_LOW: 100, TH_HIGH: 200 )
- Number of Features: 1000
- Scale Levels: 4
- Scale Factor: 1.2
- Threshold: 0.001
- Num of Octaves: 4
- Num of Octave Layers: 4

[Feature 1] KAZE Extractor Parameters: 
 ( TH_LOW: 0.5, TH_HIGH: 1 )
- Number of Features : 1000
- Scale Levels       : 4
- Scale Factor       : 1.2
- Threshold          : 0.0005
- nOctaves           : 4
- nOctaveLayers      : 4
- Extended (128‑dim) : 0
- Upright            : 0

-------
Start processing sequence ...
Images in the sequence: 7513

0
New map created with 117 points for 0 Feature Type 
New map created with 78 points for 1 Feature Type 
Tracking Initlized in 386.07s
The initlized frame ID: 144
