numLines=21
>>> Experiments to run: 21 (withCorr=0, noEvo=1, start=3,skip=6)
line=name=oxf_kaz seq=~/dataset/tum/oxf_car yaml=../Install/etc/orbslam2/Monocular/TUM_OC.yaml runs=20 exe=../Install/bin features=[KAZE]
[INFO] YAML for oxf_kaz: TUM_OC.yaml -> oxf_kaz.yaml  [KAZE]

===== RUN: oxf_kaz =====
[bench] seq=/home/howard/dataset/tum/oxf_car  yaml=../../../../Experiments/oxf_kaz.yaml  runs=20  exe_dir=../Install/bin  mode=tum times=
[RESUME] Reusing existing tmp summary: /home/howard/Refactored_ORB_SLAM2/Experiments/Performances/oxf_kaz_pref.txt.tmp
[INFO] name=oxf_kaz  seq=/home/howard/dataset/tum/oxf_car  runs=20  yaml=../../../../Experiments/oxf_kaz.yaml  withCorr=1  mode=tum  times=
[RESUME] Skip run 01; found /home/howard/Refactored_ORB_SLAM2/Experiments/Poses/oxf_kaz/result01.txt
[RESUME] Skip run 02; found /home/howard/Refactored_ORB_SLAM2/Experiments/Poses/oxf_kaz/result02.txt
[RESUME] Skip run 03; found /home/howard/Refactored_ORB_SLAM2/Experiments/Poses/oxf_kaz/result03.txt
[RESUME] Skip run 04; found /home/howard/Refactored_ORB_SLAM2/Experiments/Poses/oxf_kaz/result04.txt
[RESUME] Skip run 05; found /home/howard/Refactored_ORB_SLAM2/Experiments/Poses/oxf_kaz/result05.txt
[RESUME] Skip run 06; found /home/howard/Refactored_ORB_SLAM2/Experiments/Poses/oxf_kaz/result06.txt
[RESUME] Skip run 07; found /home/howard/Refactored_ORB_SLAM2/Experiments/Poses/oxf_kaz/result07.txt
[RESUME] Skip run 08; found /home/howard/Refactored_ORB_SLAM2/Experiments/Poses/oxf_kaz/result08.txt
[RESUME] Skip run 09; found /home/howard/Refactored_ORB_SLAM2/Experiments/Poses/oxf_kaz/result09.txt
[RESUME] Skip run 10; found /home/howard/Refactored_ORB_SLAM2/Experiments/Poses/oxf_kaz/result10.txt
[RUN 11/20] 2025-09-08 21:08:36
Registering ORBextractor...
Registering AKAZEextractor...
Registering BRISKextractor...
Registering SIFTextractor...
Registering KAZEextractor...
Registering SuperPointExtractor...

ORB-SLAM2 Copyright (C) 2014-2016 Raul Mur-Artal, University of Zaragoza.
This program comes with ABSOLUTELY NO WARRANTY;
This is free software, and you are welcome to redistribute it
under certain conditions. See LICENSE.txt.

Input sensor was set to: Monocular

Loading Vocabulary : /home/howard/Refactored_ORB_SLAM2/Install/var/lib/orbslam2/voc/kaze_cv.fbow
This could take a while...
Loading KAZE Vocabulary in FBoW.
KAZE Vocabulary loaded in 0.034480s


Camera Parameters: 
- fx: 983.044
- fy: 983.044
- cx: 643.647
- cy: 493.379
- k1: 0
- k2: 0
- p1: 0
- p2: 0
- fps: 16
- color order: RGB (ignored if grayscale)

[Feature 0] KAZE Extractor Parameters: 
 ( TH_LOW: 0.5, TH_HIGH: 1 )
- Number of Features : 1000
- Scale Levels       : 4
- Scale Factor       : 1.2
- Threshold          : 0.0005
- nOctaves           : 4
- nOctaveLayers      : 4
- Extended (128‑dim) : 0
- Upright            : 0

-------
Start processing sequence ...
Images in the sequence: 7513

0
New map created with 350 points for 0 Feature Type 
Tracking Initlized in 284.18s
The initlized frame ID: 141
The lost frame ID: 830
The lost frame ID: 831
The lost frame ID: 832
The lost frame ID: 833
The lost frame ID: 834
The lost frame ID: 835
The lost frame ID: 836
The lost frame ID: 837
The lost frame ID: 838

Saving camera trajectory to TrajectoryBeforeReset_oxf_kaz_r11_seg01_pid2276795_1757362455381.txt ...

trajectory saved!
[Tracking] wrote pre-reset trajectory to TrajectoryBeforeReset_oxf_kaz_r11_seg01_pid2276795_1757362455381.txt
[Tracking] LOST for 10 consecutive frames -> reset
System Reseting
Reseting Local Mapper... done
Reseting Loop Closing... done
Reseting Database... done
0
New map created with 119 points for 0 Feature Type 
Tracking Initlized in 5.60s
The initlized frame ID: 3
The lost frame ID: 343
The lost frame ID: 344
The lost frame ID: 346
The lost frame ID: 350
The lost frame ID: 351
The lost frame ID: 352
The lost frame ID: 353
The lost frame ID: 355
The lost frame ID: 357
The lost frame ID: 360
The lost frame ID: 361
The lost frame ID: 362
The lost frame ID: 365
The lost frame ID: 366
The lost frame ID: 367
The lost frame ID: 369
The lost frame ID: 387
The lost frame ID: 388
The lost frame ID: 391
The lost frame ID: 392
The lost frame ID: 394
The lost frame ID: 395
The lost frame ID: 397
The lost frame ID: 399
The lost frame ID: 401
The lost frame ID: 403
The lost frame ID: 405
The lost frame ID: 406
The lost frame ID: 407
The lost frame ID: 408
The lost frame ID: 409
The lost frame ID: 410
The lost frame ID: 411
The lost frame ID: 412
The lost frame ID: 413

Saving camera trajectory to TrajectoryBeforeReset_oxf_kaz_r11_seg02_pid2276795_1757362626279.txt ...

trajectory saved!
[Tracking] wrote pre-reset trajectory to TrajectoryBeforeReset_oxf_kaz_r11_seg02_pid2276795_1757362626279.txt
[Tracking] LOST for 10 consecutive frames -> reset
System Reseting
Reseting Local Mapper... done
Reseting Loop Closing... done
Reseting Database... done
0
New map created with 185 points for 0 Feature Type 
Tracking Initlized in 4.01s
The initlized frame ID: 2
The lost frame ID: 218
The lost frame ID: 219
The lost frame ID: 220
The lost frame ID: 221
The lost frame ID: 222
The lost frame ID: 223
The lost frame ID: 224
The lost frame ID: 225
The lost frame ID: 226

Saving camera trajectory to TrajectoryBeforeReset_oxf_kaz_r11_seg03_pid2276795_1757362718290.txt ...

trajectory saved!
[Tracking] wrote pre-reset trajectory to TrajectoryBeforeReset_oxf_kaz_r11_seg03_pid2276795_1757362718290.txt
[Tracking] LOST for 10 consecutive frames -> reset
System Reseting
Reseting Local Mapper... done
Reseting Loop Closing... done
Reseting Database... done
0
New map created with 126 points for 0 Feature Type 
Tracking Initlized in 15.65s
The initlized frame ID: 8
The lost frame ID: 258
The lost frame ID: 259
The lost frame ID: 260
The lost frame ID: 261
The lost frame ID: 262
The lost frame ID: 263
The lost frame ID: 264
The lost frame ID: 265
The lost frame ID: 266

Saving camera trajectory to TrajectoryBeforeReset_oxf_kaz_r11_seg04_pid2276795_1757362817497.txt ...

trajectory saved!
[Tracking] wrote pre-reset trajectory to TrajectoryBeforeReset_oxf_kaz_r11_seg04_pid2276795_1757362817497.txt
[Tracking] LOST for 10 consecutive frames -> reset
System Reseting
Reseting Local Mapper... done
Reseting Loop Closing... done
Reseting Database... done
0
New map created with 124 points for 0 Feature Type 
Tracking Initlized in 46.61s
The initlized frame ID: 25
The lost frame ID: 296
The lost frame ID: 304
The lost frame ID: 308
The lost frame ID: 309
The lost frame ID: 311
The lost frame ID: 312
The lost frame ID: 313
The lost frame ID: 314
The lost frame ID: 318
The lost frame ID: 319
The lost frame ID: 320
The lost frame ID: 321
The lost frame ID: 327
The lost frame ID: 328
The lost frame ID: 329
The lost frame ID: 331
The lost frame ID: 332
The lost frame ID: 333
The lost frame ID: 334
The lost frame ID: 335
The lost frame ID: 336
The lost frame ID: 338
The lost frame ID: 339
The lost frame ID: 340
The lost frame ID: 341
The lost frame ID: 342
The lost frame ID: 343
The lost frame ID: 344
The lost frame ID: 345
The lost frame ID: 346

Saving camera trajectory to TrajectoryBeforeReset_oxf_kaz_r11_seg05_pid2276795_1757362945954.txt ...

trajectory saved!
[Tracking] wrote pre-reset trajectory to TrajectoryBeforeReset_oxf_kaz_r11_seg05_pid2276795_1757362945954.txt
[Tracking] LOST for 10 consecutive frames -> reset
System Reseting
Reseting Local Mapper... done
Reseting Loop Closing... done
Reseting Database... done
0
New map created with 204 points for 0 Feature Type 
Tracking Initlized in 1.75s
The initlized frame ID: 1
The lost frame ID: 666
The lost frame ID: 670
The lost frame ID: 673
The lost frame ID: 680
The lost frame ID: 688
The lost frame ID: 689
The lost frame ID: 692
The lost frame ID: 694
The lost frame ID: 695
The lost frame ID: 697
The lost frame ID: 698
The lost frame ID: 699
The lost frame ID: 700
The lost frame ID: 701
The lost frame ID: 702
The lost frame ID: 704
The lost frame ID: 705
The lost frame ID: 706
The lost frame ID: 708
The lost frame ID: 709
The lost frame ID: 710
The lost frame ID: 711
The lost frame ID: 712
The lost frame ID: 713
The lost frame ID: 714
The lost frame ID: 715
The lost frame ID: 716

Saving camera trajectory to TrajectoryBeforeReset_oxf_kaz_r11_seg06_pid2276795_1757363227403.txt ...

trajectory saved!
[Tracking] wrote pre-reset trajectory to TrajectoryBeforeReset_oxf_kaz_r11_seg06_pid2276795_1757363227403.txt
[Tracking] LOST for 10 consecutive frames -> reset
System Reseting
Reseting Local Mapper... done
Reseting Loop Closing... done
Reseting Database... done
0
New map created with 171 points for 0 Feature Type 
Tracking Initlized in 3.86s
The initlized frame ID: 2
The lost frame ID: 136
The lost frame ID: 137
The lost frame ID: 138
The lost frame ID: 139
The lost frame ID: 140
The lost frame ID: 141
The lost frame ID: 142
The lost frame ID: 143
The lost frame ID: 145
The lost frame ID: 146
The lost frame ID: 149
The lost frame ID: 150
The lost frame ID: 152
The lost frame ID: 153
The lost frame ID: 155
The lost frame ID: 156
The lost frame ID: 157
The lost frame ID: 159
The lost frame ID: 160
The lost frame ID: 161
The lost frame ID: 162
The lost frame ID: 163
The lost frame ID: 164
The lost frame ID: 165
The lost frame ID: 166
The lost frame ID: 167

Saving camera trajectory to TrajectoryBeforeReset_oxf_kaz_r11_seg07_pid2276795_1757363298172.txt ...

trajectory saved!
[Tracking] wrote pre-reset trajectory to TrajectoryBeforeReset_oxf_kaz_r11_seg07_pid2276795_1757363298172.txt
[Tracking] LOST for 10 consecutive frames -> reset
System Reseting
Reseting Local Mapper... done
Reseting Loop Closing... done
Reseting Database... done
0
New map created with 140 points for 0 Feature Type 
Tracking Initlized in 4.12s
The initlized frame ID: 2
The lost frame ID: 566
The lost frame ID: 567
The lost frame ID: 568
The lost frame ID: 569
The lost frame ID: 570
The lost frame ID: 571
The lost frame ID: 572
The lost frame ID: 573
The lost frame ID: 574

Saving camera trajectory to TrajectoryBeforeReset_oxf_kaz_r11_seg08_pid2276795_1757363565096.txt ...

trajectory saved!
[Tracking] wrote pre-reset trajectory to TrajectoryBeforeReset_oxf_kaz_r11_seg08_pid2276795_1757363565096.txt
[Tracking] LOST for 10 consecutive frames -> reset
System Reseting
Reseting Local Mapper... done
Reseting Loop Closing... done
Reseting Database... done
0
New map created with 274 points for 0 Feature Type 
Tracking Initlized in 16.26s
The initlized frame ID: 9
The lost frame ID: 488
The lost frame ID: 489
The lost frame ID: 490
The lost frame ID: 491
The lost frame ID: 492
The lost frame ID: 493
The lost frame ID: 494
The lost frame ID: 495
The lost frame ID: 496

Saving camera trajectory to TrajectoryBeforeReset_oxf_kaz_r11_seg09_pid2276795_1757363781621.txt ...

trajectory saved!
[Tracking] wrote pre-reset trajectory to TrajectoryBeforeReset_oxf_kaz_r11_seg09_pid2276795_1757363781621.txt
[Tracking] LOST for 10 consecutive frames -> reset
System Reseting
Reseting Local Mapper... done
Reseting Loop Closing... done
Reseting Database... done
0
New map created with 132 points for 0 Feature Type 
Tracking Initlized in 10.38s
The initlized frame ID: 6
The lost frame ID: 15
The lost frame ID: 16
The lost frame ID: 17
The lost frame ID: 18
The lost frame ID: 19
The lost frame ID: 20
The lost frame ID: 21
The lost frame ID: 22
The lost frame ID: 23

Saving camera trajectory to TrajectoryBeforeReset_oxf_kaz_r11_seg10_pid2276795_1757363791657.txt ...

trajectory saved!
[Tracking] wrote pre-reset trajectory to TrajectoryBeforeReset_oxf_kaz_r11_seg10_pid2276795_1757363791657.txt
[Tracking] LOST for 10 consecutive frames -> reset
System Reseting
Reseting Local Mapper... done
Reseting Loop Closing... done
Reseting Database... done
0
New map created with 288 points for 0 Feature Type 
Tracking Initlized in 3.65s
The initlized frame ID: 2
The lost frame ID: 163
The lost frame ID: 164
The lost frame ID: 165
The lost frame ID: 166
The lost frame ID: 167
The lost frame ID: 168
The lost frame ID: 169
The lost frame ID: 170
The lost frame ID: 171

Saving camera trajectory to TrajectoryBeforeReset_oxf_kaz_r11_seg11_pid2276795_1757363864290.txt ...

trajectory saved!
[Tracking] wrote pre-reset trajectory to TrajectoryBeforeReset_oxf_kaz_r11_seg11_pid2276795_1757363864290.txt
[Tracking] LOST for 10 consecutive frames -> reset
System Reseting
Reseting Local Mapper... done
Reseting Loop Closing... done
Reseting Database... done
0
New map created with 236 points for 0 Feature Type 
Tracking Initlized in 3.96s
The initlized frame ID: 2
The lost frame ID: 722
The lost frame ID: 723
The lost frame ID: 724
The lost frame ID: 725
The lost frame ID: 726
The lost frame ID: 727
The lost frame ID: 728
The lost frame ID: 729
The lost frame ID: 730

Saving camera trajectory to TrajectoryBeforeReset_oxf_kaz_r11_seg12_pid2276795_1757364199898.txt ...

trajectory saved!
[Tracking] wrote pre-reset trajectory to TrajectoryBeforeReset_oxf_kaz_r11_seg12_pid2276795_1757364199898.txt
[Tracking] LOST for 10 consecutive frames -> reset
System Reseting
Reseting Local Mapper... done
Reseting Loop Closing... done
Reseting Database... done
0
New map created with 397 points for 0 Feature Type 
Tracking Initlized in 3.68s
The initlized frame ID: 2
The lost frame ID: 1175
The lost frame ID: 1176
The lost frame ID: 1177
The lost frame ID: 1180
The lost frame ID: 1182
The lost frame ID: 1184
The lost frame ID: 1185
The lost frame ID: 1187
The lost frame ID: 1188
The lost frame ID: 1189
The lost frame ID: 1190
The lost frame ID: 1191
The lost frame ID: 1192
The lost frame ID: 1196
The lost frame ID: 1198
The lost frame ID: 1203
The lost frame ID: 1208
The lost frame ID: 1210
The lost frame ID: 1211
The lost frame ID: 1215
The lost frame ID: 1223
The lost frame ID: 1228
The lost frame ID: 1235
The lost frame ID: 1236
The lost frame ID: 1238
The lost frame ID: 1239
The lost frame ID: 1240
The lost frame ID: 1241
The lost frame ID: 1244
The lost frame ID: 1248
The lost frame ID: 1250
The lost frame ID: 1251
The lost frame ID: 1252
The lost frame ID: 1253
The lost frame ID: 1254
The lost frame ID: 1255
The lost frame ID: 1256
The lost frame ID: 1257
The lost frame ID: 1258

Saving camera trajectory to TrajectoryBeforeReset_oxf_kaz_r11_seg13_pid2276795_1757364723130.txt ...

trajectory saved!
[Tracking] wrote pre-reset trajectory to TrajectoryBeforeReset_oxf_kaz_r11_seg13_pid2276795_1757364723130.txt
[Tracking] LOST for 10 consecutive frames -> reset
System Reseting
Reseting Local Mapper... done
Reseting Loop Closing... done
Reseting Database... done
0
New map created with 333 points for 0 Feature Type 
Tracking Initlized in 11.03s
The initlized frame ID: 6
Track lost soon after initialisation, reseting...
System Reseting
Reseting Local Mapper... done
Reseting Loop Closing... done
Reseting Database... done
0
New map created with 348 points for 0 Feature Type 
Tracking Initlized in 11.16s
The initlized frame ID: 6
The lost frame ID: 967
The lost frame ID: 968
The lost frame ID: 969
The lost frame ID: 970
The lost frame ID: 971
The lost frame ID: 972
The lost frame ID: 973
The lost frame ID: 974
The lost frame ID: 975

Saving camera trajectory to TrajectoryBeforeReset_oxf_kaz_r11_seg14_pid2276795_1757365050592.txt ...

trajectory saved!
[Tracking] wrote pre-reset trajectory to TrajectoryBeforeReset_oxf_kaz_r11_seg14_pid2276795_1757365050592.txt
[Tracking] LOST for 10 consecutive frames -> reset
System Reseting
Reseting Local Mapper... done
Reseting Loop Closing... done
Reseting Database... done
0
New map created with 116 points for 0 Feature Type 
Tracking Initlized in 32.23s
The initlized frame ID: 20
The lost frame ID: 162
The lost frame ID: 164
The lost frame ID: 165
The lost frame ID: 166
The lost frame ID: 167
The lost frame ID: 168
The lost frame ID: 169
The lost frame ID: 170
The lost frame ID: 171
The lost frame ID: 172

Saving camera trajectory to TrajectoryBeforeReset_oxf_kaz_r11_seg15_pid2276795_1757365110181.txt ...

trajectory saved!
[Tracking] wrote pre-reset trajectory to TrajectoryBeforeReset_oxf_kaz_r11_seg15_pid2276795_1757365110181.txt
[Tracking] LOST for 10 consecutive frames -> reset
System Reseting
Reseting Local Mapper... done
Reseting Loop Closing... done
Reseting Database... done
0
New map created with 186 points for 0 Feature Type 
Tracking Initlized in 4.29s
The initlized frame ID: 2
System::StopViewer()
System::StopViewer() done

Saving correlation status...

Correlation status saved!

System Shutdown
-------

median tracking time: 0.376653
mean tracking time: 0.376078

Saving camera trajectory to result11.txt ...

trajectory saved!
All done

========== Performance Summary (ms) ==========
name                                mean      median        rmse         min         max       count
Lost Count                         1.000       1.000       0.000       1.000       1.000          15
Tracking                           4.299       3.928       2.097       0.885      21.813        7257
Reset Count                        1.000       1.000       0.000       1.000       1.000          16
Correlation                        0.000       0.000       0.000       0.000       0.016        6993
Total Init                     58751.335   58751.335       0.000   58751.335   58751.335           1
Pipeline                         375.812     376.568      54.145     243.530     640.567        7513
KAZE Extract                     368.597     369.271      54.017     238.261     626.688        7513
[WARN] Per-Channel Summary not found in run 11 (exit 0)
[RUN 12/20] 2025-09-08 21:59:13
Registering ORBextractor...
Registering AKAZEextractor...
Registering BRISKextractor...
Registering SIFTextractor...
Registering KAZEextractor...
Registering SuperPointExtractor...

ORB-SLAM2 Copyright (C) 2014-2016 Raul Mur-Artal, University of Zaragoza.
This program comes with ABSOLUTELY NO WARRANTY;
This is free software, and you are welcome to redistribute it
under certain conditions. See LICENSE.txt.

Input sensor was set to: Monocular

Loading Vocabulary : /home/howard/Refactored_ORB_SLAM2/Install/var/lib/orbslam2/voc/kaze_cv.fbow
This could take a while...
Loading KAZE Vocabulary in FBoW.
KAZE Vocabulary loaded in 0.185390s


Camera Parameters: 
- fx: 983.044
- fy: 983.044
- cx: 643.647
- cy: 493.379
- k1: 0
- k2: 0
- p1: 0
- p2: 0
- fps: 16
- color order: RGB (ignored if grayscale)

[Feature 0] KAZE Extractor Parameters: 
 ( TH_LOW: 0.5, TH_HIGH: 1 )
- Number of Features : 1000
- Scale Levels       : 4
- Scale Factor       : 1.2
- Threshold          : 0.0005
- nOctaves           : 4
- nOctaveLayers      : 4
- Extended (128‑dim) : 0
- Upright            : 0

-------
Start processing sequence ...
Images in the sequence: 7513

0
New map created with 350 points for 0 Feature Type 
Tracking Initlized in 268.88s
The initlized frame ID: 141
The lost frame ID: 830
The lost frame ID: 831
The lost frame ID: 832
The lost frame ID: 833
The lost frame ID: 834
The lost frame ID: 835
The lost frame ID: 836
The lost frame ID: 837
The lost frame ID: 838

Saving camera trajectory to TrajectoryBeforeReset_oxf_kaz_r12_seg01_pid2592868_1757365433057.txt ...

trajectory saved!
[Tracking] wrote pre-reset trajectory to TrajectoryBeforeReset_oxf_kaz_r12_seg01_pid2592868_1757365433057.txt
[Tracking] LOST for 10 consecutive frames -> reset
System Reseting
Reseting Local Mapper... done
Reseting Loop Closing... done
Reseting Database... done
0
New map created with 119 points for 0 Feature Type 
Tracking Initlized in 5.44s
The initlized frame ID: 3
The lost frame ID: 334
The lost frame ID: 346
The lost frame ID: 350
The lost frame ID: 352
The lost frame ID: 355
The lost frame ID: 360
The lost frame ID: 362
The lost frame ID: 365
The lost frame ID: 367
The lost frame ID: 371
The lost frame ID: 372
The lost frame ID: 378
The lost frame ID: 381
The lost frame ID: 384
The lost frame ID: 386
The lost frame ID: 389
The lost frame ID: 392
The lost frame ID: 398
The lost frame ID: 400
The lost frame ID: 401
The lost frame ID: 402
The lost frame ID: 403
The lost frame ID: 405
The lost frame ID: 406
The lost frame ID: 407
The lost frame ID: 408
The lost frame ID: 409
The lost frame ID: 410
The lost frame ID: 411
The lost frame ID: 413
The lost frame ID: 414
The lost frame ID: 416
The lost frame ID: 423
The lost frame ID: 425
The lost frame ID: 432
The lost frame ID: 433
The lost frame ID: 434
The lost frame ID: 435
The lost frame ID: 437
The lost frame ID: 438
The lost frame ID: 439
The lost frame ID: 440
The lost frame ID: 442
The lost frame ID: 444
The lost frame ID: 447
The lost frame ID: 451
The lost frame ID: 452
The lost frame ID: 453
The lost frame ID: 454
The lost frame ID: 456
The lost frame ID: 457
The lost frame ID: 458
The lost frame ID: 459
The lost frame ID: 460
The lost frame ID: 461
The lost frame ID: 462
The lost frame ID: 463
The lost frame ID: 464

Saving camera trajectory to TrajectoryBeforeReset_oxf_kaz_r12_seg02_pid2592868_1757365592297.txt ...

trajectory saved!
[Tracking] wrote pre-reset trajectory to TrajectoryBeforeReset_oxf_kaz_r12_seg02_pid2592868_1757365592297.txt
[Tracking] LOST for 10 consecutive frames -> reset
System Reseting
Reseting Local Mapper... done
Reseting Loop Closing... done
Reseting Database... done
0
New map created with 323 points for 0 Feature Type 
Tracking Initlized in 5.12s
The initlized frame ID: 3
The lost frame ID: 176
The lost frame ID: 177
The lost frame ID: 178
The lost frame ID: 179
The lost frame ID: 180
The lost frame ID: 181
The lost frame ID: 182
The lost frame ID: 184
The lost frame ID: 188
The lost frame ID: 189
The lost frame ID: 190
The lost frame ID: 192
The lost frame ID: 195
The lost frame ID: 199
The lost frame ID: 200
The lost frame ID: 201
The lost frame ID: 205
The lost frame ID: 206
The lost frame ID: 207
The lost frame ID: 208
The lost frame ID: 209
The lost frame ID: 212
The lost frame ID: 213
The lost frame ID: 214
The lost frame ID: 215
The lost frame ID: 216
The lost frame ID: 217
The lost frame ID: 218
The lost frame ID: 219
The lost frame ID: 220

Saving camera trajectory to TrajectoryBeforeReset_oxf_kaz_r12_seg03_pid2592868_1757365668557.txt ...

trajectory saved!
[Tracking] wrote pre-reset trajectory to TrajectoryBeforeReset_oxf_kaz_r12_seg03_pid2592868_1757365668557.txt
[Tracking] LOST for 10 consecutive frames -> reset
System Reseting
Reseting Local Mapper... done
Reseting Loop Closing... done
Reseting Database... done
0
New map created with 393 points for 0 Feature Type 
Tracking Initlized in 3.96s
The initlized frame ID: 2
The lost frame ID: 213
The lost frame ID: 214
The lost frame ID: 215
The lost frame ID: 216
The lost frame ID: 217
The lost frame ID: 218
The lost frame ID: 219
The lost frame ID: 220
The lost frame ID: 221

Saving camera trajectory to TrajectoryBeforeReset_oxf_kaz_r12_seg04_pid2592868_1757365744629.txt ...

trajectory saved!
[Tracking] wrote pre-reset trajectory to TrajectoryBeforeReset_oxf_kaz_r12_seg04_pid2592868_1757365744629.txt
[Tracking] LOST for 10 consecutive frames -> reset
System Reseting
Reseting Local Mapper... done
Reseting Loop Closing... done
Reseting Database... done
0
New map created with 168 points for 0 Feature Type 
Tracking Initlized in 5.38s
The initlized frame ID: 3
The lost frame ID: 300
The lost frame ID: 301
The lost frame ID: 302
The lost frame ID: 306
The lost frame ID: 307
The lost frame ID: 309
The lost frame ID: 310
The lost frame ID: 311
The lost frame ID: 312
The lost frame ID: 313
The lost frame ID: 316
The lost frame ID: 319
The lost frame ID: 320
The lost frame ID: 321
The lost frame ID: 323
The lost frame ID: 324
The lost frame ID: 325
The lost frame ID: 327
The lost frame ID: 330
The lost frame ID: 331
The lost frame ID: 332
The lost frame ID: 333
The lost frame ID: 335
The lost frame ID: 336
The lost frame ID: 337
The lost frame ID: 338
The lost frame ID: 339
The lost frame ID: 340
The lost frame ID: 341
The lost frame ID: 342
The lost frame ID: 343

Saving camera trajectory to TrajectoryBeforeReset_oxf_kaz_r12_seg05_pid2592868_1757365859632.txt ...

trajectory saved!
[Tracking] wrote pre-reset trajectory to TrajectoryBeforeReset_oxf_kaz_r12_seg05_pid2592868_1757365859632.txt
[Tracking] LOST for 10 consecutive frames -> reset
System Reseting
Reseting Local Mapper... done
Reseting Loop Closing... done
Reseting Database... done
0
New map created with 227 points for 0 Feature Type 
Tracking Initlized in 1.78s
The initlized frame ID: 1
The lost frame ID: 458
The lost frame ID: 460
The lost frame ID: 464
The lost frame ID: 467
The lost frame ID: 470
The lost frame ID: 472
The lost frame ID: 473
The lost frame ID: 474
The lost frame ID: 475
The lost frame ID: 476
The lost frame ID: 478
The lost frame ID: 480
The lost frame ID: 481
The lost frame ID: 483
The lost frame ID: 484
The lost frame ID: 485
The lost frame ID: 486
The lost frame ID: 488
The lost frame ID: 489
The lost frame ID: 490
The lost frame ID: 491
The lost frame ID: 493
The lost frame ID: 495
The lost frame ID: 496
The lost frame ID: 497
The lost frame ID: 498
The lost frame ID: 499
The lost frame ID: 501
The lost frame ID: 502
The lost frame ID: 503
The lost frame ID: 505
The lost frame ID: 506
The lost frame ID: 507
The lost frame ID: 508
The lost frame ID: 511
The lost frame ID: 512
The lost frame ID: 514
The lost frame ID: 516
The lost frame ID: 517
The lost frame ID: 518
The lost frame ID: 519
The lost frame ID: 520
The lost frame ID: 521
The lost frame ID: 522
The lost frame ID: 523
The lost frame ID: 524

Saving camera trajectory to TrajectoryBeforeReset_oxf_kaz_r12_seg06_pid2592868_1757366038227.txt ...

trajectory saved!
[Tracking] wrote pre-reset trajectory to TrajectoryBeforeReset_oxf_kaz_r12_seg06_pid2592868_1757366038227.txt
[Tracking] LOST for 10 consecutive frames -> reset
System Reseting
Reseting Local Mapper... done
Reseting Loop Closing... done
Reseting Database... done
0
New map created with 271 points for 0 Feature Type 
Tracking Initlized in 1.95s
The initlized frame ID: 1
The lost frame ID: 12
The lost frame ID: 13
The lost frame ID: 14
The lost frame ID: 15
The lost frame ID: 16
The lost frame ID: 17
The lost frame ID: 18
The lost frame ID: 19
The lost frame ID: 21
The lost frame ID: 22
The lost frame ID: 23
The lost frame ID: 24
The lost frame ID: 25
The lost frame ID: 26
The lost frame ID: 27
The lost frame ID: 28
The lost frame ID: 29

Saving camera trajectory to TrajectoryBeforeReset_oxf_kaz_r12_seg07_pid2592868_1757366049877.txt ...

trajectory saved!
[Tracking] wrote pre-reset trajectory to TrajectoryBeforeReset_oxf_kaz_r12_seg07_pid2592868_1757366049877.txt
[Tracking] LOST for 10 consecutive frames -> reset
System Reseting
Reseting Local Mapper... done
Reseting Loop Closing... done
Reseting Database... done
0
New map created with 177 points for 0 Feature Type 
Tracking Initlized in 1.92s
The initlized frame ID: 1
The lost frame ID: 114
The lost frame ID: 124
The lost frame ID: 125
The lost frame ID: 126
The lost frame ID: 127
The lost frame ID: 128
The lost frame ID: 136
The lost frame ID: 137
The lost frame ID: 139
The lost frame ID: 140
The lost frame ID: 141
The lost frame ID: 142
The lost frame ID: 143
The lost frame ID: 144
The lost frame ID: 145
The lost frame ID: 146
The lost frame ID: 147

Saving camera trajectory to TrajectoryBeforeReset_oxf_kaz_r12_seg08_pid2592868_1757366100252.txt ...

trajectory saved!
[Tracking] wrote pre-reset trajectory to TrajectoryBeforeReset_oxf_kaz_r12_seg08_pid2592868_1757366100252.txt
[Tracking] LOST for 10 consecutive frames -> reset
System Reseting
Reseting Local Mapper... done
Reseting Loop Closing... done
Reseting Database... done
0
New map created with 224 points for 0 Feature Type 
Tracking Initlized in 1.89s
The initlized frame ID: 1
The lost frame ID: 153
The lost frame ID: 154
The lost frame ID: 155
The lost frame ID: 156
The lost frame ID: 157
The lost frame ID: 158
The lost frame ID: 159
The lost frame ID: 160
The lost frame ID: 162
The lost frame ID: 163
The lost frame ID: 164
The lost frame ID: 165
The lost frame ID: 166
The lost frame ID: 167
The lost frame ID: 168
The lost frame ID: 169
The lost frame ID: 172
The lost frame ID: 174
The lost frame ID: 176
The lost frame ID: 179
The lost frame ID: 180
The lost frame ID: 181
The lost frame ID: 182
The lost frame ID: 183
The lost frame ID: 185
The lost frame ID: 186
The lost frame ID: 187
The lost frame ID: 188
The lost frame ID: 189
The lost frame ID: 191
The lost frame ID: 192
The lost frame ID: 193
The lost frame ID: 194
The lost frame ID: 196
The lost frame ID: 197
The lost frame ID: 198
The lost frame ID: 199
The lost frame ID: 200
The lost frame ID: 201
The lost frame ID: 202
The lost frame ID: 203
The lost frame ID: 204

Saving camera trajectory to TrajectoryBeforeReset_oxf_kaz_r12_seg09_pid2592868_1757366174697.txt ...

trajectory saved!
[Tracking] wrote pre-reset trajectory to TrajectoryBeforeReset_oxf_kaz_r12_seg09_pid2592868_1757366174697.txt
[Tracking] LOST for 10 consecutive frames -> reset
System Reseting
Reseting Local Mapper... done
Reseting Loop Closing... done
Reseting Database... done
0
New map created with 197 points for 0 Feature Type 
Tracking Initlized in 4.06s
The initlized frame ID: 2
The lost frame ID: 547
The lost frame ID: 548
The lost frame ID: 549
The lost frame ID: 550
The lost frame ID: 551
The lost frame ID: 552
The lost frame ID: 553
The lost frame ID: 554
The lost frame ID: 555

Saving camera trajectory to TrajectoryBeforeReset_oxf_kaz_r12_seg10_pid2592868_1757366393577.txt ...

trajectory saved!
[Tracking] wrote pre-reset trajectory to TrajectoryBeforeReset_oxf_kaz_r12_seg10_pid2592868_1757366393577.txt
[Tracking] LOST for 10 consecutive frames -> reset
System Reseting
Reseting Local Mapper... done
Reseting Loop Closing... done
Reseting Database... done
0
New map created with 218 points for 0 Feature Type 
Tracking Initlized in 11.84s
The initlized frame ID: 7
The lost frame ID: 487
The lost frame ID: 488
The lost frame ID: 489
The lost frame ID: 490
The lost frame ID: 491
The lost frame ID: 492
The lost frame ID: 493
The lost frame ID: 494
The lost frame ID: 495

Saving camera trajectory to TrajectoryBeforeReset_oxf_kaz_r12_seg11_pid2592868_1757366585692.txt ...

trajectory saved!
[Tracking] wrote pre-reset trajectory to TrajectoryBeforeReset_oxf_kaz_r12_seg11_pid2592868_1757366585692.txt
[Tracking] LOST for 10 consecutive frames -> reset
System Reseting
Reseting Local Mapper... done
Reseting Loop Closing... done
Reseting Database... done
0
New map created with 183 points for 0 Feature Type 
Tracking Initlized in 6.66s
The initlized frame ID: 4
The lost frame ID: 186
The lost frame ID: 188
The lost frame ID: 189
The lost frame ID: 190
The lost frame ID: 192
The lost frame ID: 193
The lost frame ID: 194
The lost frame ID: 195
The lost frame ID: 196
The lost frame ID: 197
The lost frame ID: 199
The lost frame ID: 201
The lost frame ID: 203
The lost frame ID: 205
The lost frame ID: 206
The lost frame ID: 207
The lost frame ID: 209
The lost frame ID: 210
The lost frame ID: 211
The lost frame ID: 212
The lost frame ID: 213
The lost frame ID: 214
The lost frame ID: 215
The lost frame ID: 216
The lost frame ID: 217

Saving camera trajectory to TrajectoryBeforeReset_oxf_kaz_r12_seg12_pid2592868_1757366668135.txt ...

trajectory saved!
[Tracking] wrote pre-reset trajectory to TrajectoryBeforeReset_oxf_kaz_r12_seg12_pid2592868_1757366668135.txt
[Tracking] LOST for 10 consecutive frames -> reset
System Reseting
Reseting Local Mapper... done
Reseting Loop Closing... done
Reseting Database... done
0
New map created with 252 points for 0 Feature Type 
Tracking Initlized in 3.86s
The initlized frame ID: 2
The lost frame ID: 700
The lost frame ID: 701
The lost frame ID: 702
The lost frame ID: 703
The lost frame ID: 704
The lost frame ID: 705
The lost frame ID: 706
The lost frame ID: 707
The lost frame ID: 708

Saving camera trajectory to TrajectoryBeforeReset_oxf_kaz_r12_seg13_pid2592868_1757366952872.txt ...

trajectory saved!
[Tracking] wrote pre-reset trajectory to TrajectoryBeforeReset_oxf_kaz_r12_seg13_pid2592868_1757366952872.txt
[Tracking] LOST for 10 consecutive frames -> reset
System Reseting
Reseting Local Mapper... done
Reseting Loop Closing... done
Reseting Database... done
0
New map created with 404 points for 0 Feature Type 
Tracking Initlized in 3.50s
The initlized frame ID: 2
The lost frame ID: 1169
The lost frame ID: 1170
The lost frame ID: 1171
The lost frame ID: 1172
The lost frame ID: 1173
The lost frame ID: 1175
The lost frame ID: 1176
The lost frame ID: 1178
The lost frame ID: 1179
The lost frame ID: 1180
The lost frame ID: 1181
The lost frame ID: 1182
The lost frame ID: 1183
The lost frame ID: 1184
The lost frame ID: 1185
The lost frame ID: 1186

Saving camera trajectory to TrajectoryBeforeReset_oxf_kaz_r12_seg14_pid2592868_1757367602274.txt ...

trajectory saved!
[Tracking] wrote pre-reset trajectory to TrajectoryBeforeReset_oxf_kaz_r12_seg14_pid2592868_1757367602274.txt
[Tracking] LOST for 10 consecutive frames -> reset
System Reseting
Reseting Local Mapper... done
Reseting Loop Closing... done
Reseting Database... done
0
New map created with 227 points for 0 Feature Type 
Tracking Initlized in 79.77s
The initlized frame ID: 36
The lost frame ID: 1047
The lost frame ID: 1049
The lost frame ID: 1050
The lost frame ID: 1051
The lost frame ID: 1052
The lost frame ID: 1053
The lost frame ID: 1054
The lost frame ID: 1055
The lost frame ID: 1056
The lost frame ID: 1057

Saving camera trajectory to TrajectoryBeforeReset_oxf_kaz_r12_seg15_pid2592868_1757368168336.txt ...

trajectory saved!
[Tracking] wrote pre-reset trajectory to TrajectoryBeforeReset_oxf_kaz_r12_seg15_pid2592868_1757368168336.txt
[Tracking] LOST for 10 consecutive frames -> reset
System Reseting
Reseting Local Mapper... done
Reseting Loop Closing... done
Reseting Database... done
0
New map created with 100 points for 0 Feature Type 
Tracking Initlized in 34.81s
The initlized frame ID: 18
The lost frame ID: 160
The lost frame ID: 161
The lost frame ID: 162
The lost frame ID: 163
The lost frame ID: 164
The lost frame ID: 165
The lost frame ID: 166
The lost frame ID: 167
The lost frame ID: 168

Saving camera trajectory to TrajectoryBeforeReset_oxf_kaz_r12_seg16_pid2592868_1757368278972.txt ...

trajectory saved!
[Tracking] wrote pre-reset trajectory to TrajectoryBeforeReset_oxf_kaz_r12_seg16_pid2592868_1757368278972.txt
[Tracking] LOST for 10 consecutive frames -> reset
System Reseting
Reseting Local Mapper... done
Reseting Loop Closing... done
Reseting Database... done
0
New map created with 163 points for 0 Feature Type 
Tracking Initlized in 5.35s
The initlized frame ID: 2
System::StopViewer()
System::StopViewer() done

Saving correlation status...

Correlation status saved!

System Shutdown
-------

median tracking time: 0.361651
mean tracking time: 0.398895

Saving camera trajectory to result12.txt ...

trajectory saved!
All done

========== Performance Summary (ms) ==========
name                                mean      median        rmse         min         max       count
Lost Count                         1.000       1.000       0.000       1.000       1.000          16
Tracking                           4.942       4.215       3.019       0.855      37.307        7267
Reset Count                        1.000       1.000       0.000       1.000       1.000          16
Correlation                        0.000       0.000       0.000       0.000       0.019        6905
Total Init                     53533.890   53533.890       0.000   53533.890   53533.890           1
Pipeline                         398.587     361.412     102.479     255.072     921.651        7513
KAZE Extract                     390.479     353.997     100.625     247.969     915.069        7513
[WARN] Per-Channel Summary not found in run 12 (exit 0)
[RUN 13/20] 2025-09-08 22:52:45
Registering ORBextractor...
Registering AKAZEextractor...
Registering BRISKextractor...
Registering SIFTextractor...
Registering KAZEextractor...
Registering SuperPointExtractor...

ORB-SLAM2 Copyright (C) 2014-2016 Raul Mur-Artal, University of Zaragoza.
This program comes with ABSOLUTELY NO WARRANTY;
This is free software, and you are welcome to redistribute it
under certain conditions. See LICENSE.txt.

Input sensor was set to: Monocular

Loading Vocabulary : /home/howard/Refactored_ORB_SLAM2/Install/var/lib/orbslam2/voc/kaze_cv.fbow
This could take a while...
Loading KAZE Vocabulary in FBoW.
KAZE Vocabulary loaded in 0.012938s


Camera Parameters: 
- fx: 983.044
- fy: 983.044
- cx: 643.647
- cy: 493.379
- k1: 0
- k2: 0
- p1: 0
- p2: 0
- fps: 16
- color order: RGB (ignored if grayscale)

[Feature 0] KAZE Extractor Parameters: 
 ( TH_LOW: 0.5, TH_HIGH: 1 )
- Number of Features : 1000
- Scale Levels       : 4
- Scale Factor       : 1.2
- Threshold          : 0.0005
- nOctaves           : 4
- nOctaveLayers      : 4
- Extended (128‑dim) : 0
- Upright            : 0

-------
Start processing sequence ...
Images in the sequence: 7513

0
New map created with 350 points for 0 Feature Type 
Tracking Initlized in 323.95s
The initlized frame ID: 141
The lost frame ID: 830
The lost frame ID: 831
The lost frame ID: 832
The lost frame ID: 833
The lost frame ID: 834
The lost frame ID: 835
The lost frame ID: 836
The lost frame ID: 837
The lost frame ID: 838

Saving camera trajectory to TrajectoryBeforeReset_oxf_kaz_r13_seg01_pid2894700_1757368788465.txt ...

trajectory saved!
[Tracking] wrote pre-reset trajectory to TrajectoryBeforeReset_oxf_kaz_r13_seg01_pid2894700_1757368788465.txt
[Tracking] LOST for 10 consecutive frames -> reset
System Reseting
Reseting Local Mapper... done
Reseting Loop Closing... done
Reseting Database... done
0
New map created with 119 points for 0 Feature Type 
Tracking Initlized in 6.43s
The initlized frame ID: 3
The lost frame ID: 348
The lost frame ID: 351
The lost frame ID: 352
The lost frame ID: 354
The lost frame ID: 355
The lost frame ID: 358
The lost frame ID: 360
The lost frame ID: 361
The lost frame ID: 364
The lost frame ID: 366
The lost frame ID: 371
The lost frame ID: 379
The lost frame ID: 387
The lost frame ID: 388
The lost frame ID: 391
The lost frame ID: 392
The lost frame ID: 393
The lost frame ID: 394
The lost frame ID: 395
The lost frame ID: 396
The lost frame ID: 397
The lost frame ID: 398
The lost frame ID: 399
The lost frame ID: 401
The lost frame ID: 402
The lost frame ID: 403
The lost frame ID: 404
The lost frame ID: 405
The lost frame ID: 406
The lost frame ID: 407
The lost frame ID: 408
The lost frame ID: 409

Saving camera trajectory to TrajectoryBeforeReset_oxf_kaz_r13_seg02_pid2894700_1757368982984.txt ...

trajectory saved!
[Tracking] wrote pre-reset trajectory to TrajectoryBeforeReset_oxf_kaz_r13_seg02_pid2894700_1757368982984.txt
[Tracking] LOST for 10 consecutive frames -> reset
System Reseting
Reseting Local Mapper... done
Reseting Loop Closing... done
Reseting Database... done
0
New map created with 169 points for 0 Feature Type 
Tracking Initlized in 4.54s
The initlized frame ID: 2
The lost frame ID: 227
The lost frame ID: 229
The lost frame ID: 230
The lost frame ID: 231
The lost frame ID: 232
The lost frame ID: 233
The lost frame ID: 234
The lost frame ID: 235
The lost frame ID: 236
The lost frame ID: 238
The lost frame ID: 239
The lost frame ID: 240
The lost frame ID: 241
The lost frame ID: 242
The lost frame ID: 243
The lost frame ID: 244
The lost frame ID: 246
The lost frame ID: 247
The lost frame ID: 248
The lost frame ID: 249
The lost frame ID: 250
The lost frame ID: 251
The lost frame ID: 252
The lost frame ID: 253
The lost frame ID: 254

Saving camera trajectory to TrajectoryBeforeReset_oxf_kaz_r13_seg03_pid2894700_1757369104390.txt ...

trajectory saved!
[Tracking] wrote pre-reset trajectory to TrajectoryBeforeReset_oxf_kaz_r13_seg03_pid2894700_1757369104390.txt
[Tracking] LOST for 10 consecutive frames -> reset
System Reseting
Reseting Local Mapper... done
Reseting Loop Closing... done
Reseting Database... done
0
New map created with 330 points for 0 Feature Type 
Tracking Initlized in 7.02s
The initlized frame ID: 3
The lost frame ID: 234
The lost frame ID: 235
The lost frame ID: 236
The lost frame ID: 237
The lost frame ID: 238
The lost frame ID: 239
The lost frame ID: 240
The lost frame ID: 241
The lost frame ID: 242

Saving camera trajectory to TrajectoryBeforeReset_oxf_kaz_r13_seg04_pid2894700_1757369232054.txt ...

trajectory saved!
[Tracking] wrote pre-reset trajectory to TrajectoryBeforeReset_oxf_kaz_r13_seg04_pid2894700_1757369232054.txt
[Tracking] LOST for 10 consecutive frames -> reset
System Reseting
Reseting Local Mapper... done
Reseting Loop Closing... done
Reseting Database... done
0
New map created with 137 points for 0 Feature Type 
Tracking Initlized in 56.00s
The initlized frame ID: 25
The lost frame ID: 1018
The lost frame ID: 1020
The lost frame ID: 1022
The lost frame ID: 1025
The lost frame ID: 1030
The lost frame ID: 1034
The lost frame ID: 1035
The lost frame ID: 1036
The lost frame ID: 1038
The lost frame ID: 1040
The lost frame ID: 1041
The lost frame ID: 1042
The lost frame ID: 1043
The lost frame ID: 1044
The lost frame ID: 1045
The lost frame ID: 1046
The lost frame ID: 1047
The lost frame ID: 1048

Saving camera trajectory to TrajectoryBeforeReset_oxf_kaz_r13_seg05_pid2894700_1757369811239.txt ...

trajectory saved!
[Tracking] wrote pre-reset trajectory to TrajectoryBeforeReset_oxf_kaz_r13_seg05_pid2894700_1757369811239.txt
[Tracking] LOST for 10 consecutive frames -> reset
System Reseting
Reseting Local Mapper... done
Reseting Loop Closing... done
Reseting Database... done
0
New map created with 99 points for 0 Feature Type 
Wrong initialization, reseting...
System Reseting
Reseting Local Mapper... done
Reseting Loop Closing... done
Reseting Database... done
0
New map created with 202 points for 0 Feature Type 
Tracking Initlized in 2.29s
The initlized frame ID: 1
The lost frame ID: 13
The lost frame ID: 14
The lost frame ID: 15
The lost frame ID: 16
The lost frame ID: 17
The lost frame ID: 18
The lost frame ID: 19
The lost frame ID: 20
The lost frame ID: 21

Saving camera trajectory to TrajectoryBeforeReset_oxf_kaz_r13_seg06_pid2894700_1757369824684.txt ...

trajectory saved!
[Tracking] wrote pre-reset trajectory to TrajectoryBeforeReset_oxf_kaz_r13_seg06_pid2894700_1757369824684.txt
[Tracking] LOST for 10 consecutive frames -> reset
System Reseting
Reseting Local Mapper... done
Reseting Loop Closing... done
Reseting Database... done
0
New map created with 153 points for 0 Feature Type 
Tracking Initlized in 4.52s
The initlized frame ID: 2
The lost frame ID: 126
The lost frame ID: 127
The lost frame ID: 128
The lost frame ID: 129
The lost frame ID: 131
The lost frame ID: 133
The lost frame ID: 135
The lost frame ID: 136
The lost frame ID: 138
The lost frame ID: 139
The lost frame ID: 140
The lost frame ID: 142
The lost frame ID: 144
The lost frame ID: 145
The lost frame ID: 147
The lost frame ID: 149
The lost frame ID: 150
The lost frame ID: 151
The lost frame ID: 152
The lost frame ID: 153
The lost frame ID: 154
The lost frame ID: 155
The lost frame ID: 157
The lost frame ID: 158
The lost frame ID: 159
The lost frame ID: 160
The lost frame ID: 161
The lost frame ID: 162
The lost frame ID: 163
The lost frame ID: 164
The lost frame ID: 165

Saving camera trajectory to TrajectoryBeforeReset_oxf_kaz_r13_seg07_pid2894700_1757369922681.txt ...

trajectory saved!
[Tracking] wrote pre-reset trajectory to TrajectoryBeforeReset_oxf_kaz_r13_seg07_pid2894700_1757369922681.txt
[Tracking] LOST for 10 consecutive frames -> reset
System Reseting
Reseting Local Mapper... done
Reseting Loop Closing... done
Reseting Database... done
0
New map created with 199 points for 0 Feature Type 
Tracking Initlized in 4.70s
The initlized frame ID: 2
The lost frame ID: 558
The lost frame ID: 559
The lost frame ID: 560
The lost frame ID: 561
The lost frame ID: 562
The lost frame ID: 563
The lost frame ID: 564
The lost frame ID: 565
The lost frame ID: 566

Saving camera trajectory to TrajectoryBeforeReset_oxf_kaz_r13_seg08_pid2894700_1757370263826.txt ...

trajectory saved!
[Tracking] wrote pre-reset trajectory to TrajectoryBeforeReset_oxf_kaz_r13_seg08_pid2894700_1757370263826.txt
[Tracking] LOST for 10 consecutive frames -> reset
System Reseting
Reseting Local Mapper... done
Reseting Loop Closing... done
Reseting Database... done
0
New map created with 245 points for 0 Feature Type 
Tracking Initlized in 18.66s
The initlized frame ID: 9
The lost frame ID: 485
The lost frame ID: 486
The lost frame ID: 487
The lost frame ID: 488
The lost frame ID: 489
The lost frame ID: 490
The lost frame ID: 491
The lost frame ID: 492
The lost frame ID: 493

Saving camera trajectory to TrajectoryBeforeReset_oxf_kaz_r13_seg09_pid2894700_1757370519996.txt ...

trajectory saved!
[Tracking] wrote pre-reset trajectory to TrajectoryBeforeReset_oxf_kaz_r13_seg09_pid2894700_1757370519996.txt
[Tracking] LOST for 10 consecutive frames -> reset
System Reseting
Reseting Local Mapper... done
Reseting Loop Closing... done
Reseting Database... done
0
New map created with 180 points for 0 Feature Type 
Tracking Initlized in 95.86s
The initlized frame ID: 46
The lost frame ID: 184
The lost frame ID: 185
The lost frame ID: 186
The lost frame ID: 187
The lost frame ID: 188
The lost frame ID: 190
The lost frame ID: 192
The lost frame ID: 193
The lost frame ID: 195
The lost frame ID: 196
The lost frame ID: 197
The lost frame ID: 198
The lost frame ID: 199
The lost frame ID: 200
The lost frame ID: 202
The lost frame ID: 204
The lost frame ID: 205
The lost frame ID: 208
The lost frame ID: 209
The lost frame ID: 210
The lost frame ID: 211
The lost frame ID: 212
The lost frame ID: 213
The lost frame ID: 214
The lost frame ID: 215
The lost frame ID: 216

Saving camera trajectory to TrajectoryBeforeReset_oxf_kaz_r13_seg10_pid2894700_1757370641844.txt ...

trajectory saved!
[Tracking] wrote pre-reset trajectory to TrajectoryBeforeReset_oxf_kaz_r13_seg10_pid2894700_1757370641844.txt
[Tracking] LOST for 10 consecutive frames -> reset
System Reseting
Reseting Local Mapper... done
Reseting Loop Closing... done
Reseting Database... done
0
New map created with 287 points for 0 Feature Type 
Tracking Initlized in 4.98s
The initlized frame ID: 2
The lost frame ID: 702
The lost frame ID: 703
The lost frame ID: 705
The lost frame ID: 706
The lost frame ID: 707
The lost frame ID: 708
The lost frame ID: 709
The lost frame ID: 710
The lost frame ID: 711
The lost frame ID: 713
The lost frame ID: 714
The lost frame ID: 715
The lost frame ID: 716
The lost frame ID: 717
The lost frame ID: 718
The lost frame ID: 719
The lost frame ID: 720
The lost frame ID: 721

Saving camera trajectory to TrajectoryBeforeReset_oxf_kaz_r13_seg11_pid2894700_1757371072829.txt ...

trajectory saved!
[Tracking] wrote pre-reset trajectory to TrajectoryBeforeReset_oxf_kaz_r13_seg11_pid2894700_1757371072829.txt
[Tracking] LOST for 10 consecutive frames -> reset
System Reseting
Reseting Local Mapper... done
Reseting Loop Closing... done
Reseting Database... done
0
New map created with 315 points for 0 Feature Type 
Tracking Initlized in 4.46s
The initlized frame ID: 2
The lost frame ID: 1135
The lost frame ID: 1137
The lost frame ID: 1138
The lost frame ID: 2234
The lost frame ID: 2235
The lost frame ID: 2236
The lost frame ID: 2237
The lost frame ID: 2238
The lost frame ID: 2239
The lost frame ID: 2240
The lost frame ID: 2241
The lost frame ID: 2242

Saving camera trajectory to TrajectoryBeforeReset_oxf_kaz_r13_seg12_pid2894700_1757372422720.txt ...

trajectory saved!
[Tracking] wrote pre-reset trajectory to TrajectoryBeforeReset_oxf_kaz_r13_seg12_pid2894700_1757372422720.txt
[Tracking] LOST for 10 consecutive frames -> reset
System Reseting
Reseting Local Mapper... done
Reseting Loop Closing... done
Reseting Database... done
0
New map created with 93 points for 0 Feature Type 
Wrong initialization, reseting...
System Reseting
Reseting Local Mapper... done
Reseting Loop Closing... done
Reseting Database... done
0
New map created with 205 points for 0 Feature Type 
Tracking Initlized in 4.79s
The initlized frame ID: 2
The lost frame ID: 142
The lost frame ID: 143
The lost frame ID: 144
The lost frame ID: 145
The lost frame ID: 146
The lost frame ID: 147
The lost frame ID: 148
The lost frame ID: 149
The lost frame ID: 150

Saving camera trajectory to TrajectoryBeforeReset_oxf_kaz_r13_seg13_pid2894700_1757372535272.txt ...

trajectory saved!
[Tracking] wrote pre-reset trajectory to TrajectoryBeforeReset_oxf_kaz_r13_seg13_pid2894700_1757372535272.txt
[Tracking] LOST for 10 consecutive frames -> reset
System Reseting
Reseting Local Mapper... done
Reseting Loop Closing... done
Reseting Database... done
0
New map created with 189 points for 0 Feature Type 
Tracking Initlized in 5.44s
The initlized frame ID: 2
System::StopViewer()
System::StopViewer() done

Saving correlation status...

Correlation status saved!

System Shutdown
-------

median tracking time: 0.541237
mean tracking time: 0.541923

Saving camera trajectory to result13.txt ...

trajectory saved!
All done

========== Performance Summary (ms) ==========
name                                mean      median        rmse         min         max       count
Lost Count                         1.000       1.000       0.000       1.000       1.000          13
Tracking                           6.094       5.348       3.376       0.868      41.257        7241
Reset Count                        1.000       1.000       0.000       1.000       1.000          15
Correlation                        0.001       0.000       0.001       0.000       0.043        7012
Total Init                     80521.677   80521.677       0.000   80521.677   80521.677           1
Pipeline                         541.442     541.121      72.566     304.945     883.815        7513
KAZE Extract                     530.867     529.861      72.027     298.596     871.854        7513
[WARN] Per-Channel Summary not found in run 13 (exit 0)
[RUN 14/20] 2025-09-09 00:03:39
Registering ORBextractor...
Registering AKAZEextractor...
Registering BRISKextractor...
Registering SIFTextractor...
Registering KAZEextractor...
Registering SuperPointExtractor...

ORB-SLAM2 Copyright (C) 2014-2016 Raul Mur-Artal, University of Zaragoza.
This program comes with ABSOLUTELY NO WARRANTY;
This is free software, and you are welcome to redistribute it
under certain conditions. See LICENSE.txt.

Input sensor was set to: Monocular

Loading Vocabulary : /home/howard/Refactored_ORB_SLAM2/Install/var/lib/orbslam2/voc/kaze_cv.fbow
This could take a while...
Loading KAZE Vocabulary in FBoW.
KAZE Vocabulary loaded in 0.012140s


Camera Parameters: 
- fx: 983.044
- fy: 983.044
- cx: 643.647
- cy: 493.379
- k1: 0
- k2: 0
- p1: 0
- p2: 0
- fps: 16
- color order: RGB (ignored if grayscale)

[Feature 0] KAZE Extractor Parameters: 
 ( TH_LOW: 0.5, TH_HIGH: 1 )
- Number of Features : 1000
- Scale Levels       : 4
- Scale Factor       : 1.2
- Threshold          : 0.0005
- nOctaves           : 4
- nOctaveLayers      : 4
- Extended (128‑dim) : 0
- Upright            : 0

-------
Start processing sequence ...
Images in the sequence: 7513

0
New map created with 350 points for 0 Feature Type 
Tracking Initlized in 314.90s
The initlized frame ID: 141
The lost frame ID: 830
The lost frame ID: 831
The lost frame ID: 832
The lost frame ID: 833
The lost frame ID: 834
The lost frame ID: 835
The lost frame ID: 836
The lost frame ID: 837
The lost frame ID: 838

Saving camera trajectory to TrajectoryBeforeReset_oxf_kaz_r14_seg01_pid3245999_1757373041545.txt ...

trajectory saved!
[Tracking] wrote pre-reset trajectory to TrajectoryBeforeReset_oxf_kaz_r14_seg01_pid3245999_1757373041545.txt
[Tracking] LOST for 10 consecutive frames -> reset
System Reseting
Reseting Local Mapper... done
Reseting Loop Closing... done
Reseting Database... done
0
New map created with 119 points for 0 Feature Type 
Tracking Initlized in 6.62s
The initlized frame ID: 3
The lost frame ID: 342
The lost frame ID: 348
The lost frame ID: 351
The lost frame ID: 356
The lost frame ID: 357
The lost frame ID: 358
The lost frame ID: 360
The lost frame ID: 361
The lost frame ID: 362
The lost frame ID: 363
The lost frame ID: 365
The lost frame ID: 366
The lost frame ID: 367
The lost frame ID: 368
The lost frame ID: 369
The lost frame ID: 370
The lost frame ID: 376
The lost frame ID: 378
The lost frame ID: 381
The lost frame ID: 387
The lost frame ID: 389
The lost frame ID: 390
The lost frame ID: 395
The lost frame ID: 396
The lost frame ID: 397
The lost frame ID: 398
The lost frame ID: 399
The lost frame ID: 400
The lost frame ID: 401
The lost frame ID: 402
The lost frame ID: 403

Saving camera trajectory to TrajectoryBeforeReset_oxf_kaz_r14_seg02_pid3245999_1757373248630.txt ...

trajectory saved!
[Tracking] wrote pre-reset trajectory to TrajectoryBeforeReset_oxf_kaz_r14_seg02_pid3245999_1757373248630.txt
[Tracking] LOST for 10 consecutive frames -> reset
System Reseting
Reseting Local Mapper... done
Reseting Loop Closing... done
Reseting Database... done
0
New map created with 171 points for 0 Feature Type 
Tracking Initlized in 4.47s
The initlized frame ID: 2
The lost frame ID: 236
The lost frame ID: 237
The lost frame ID: 239
The lost frame ID: 241
The lost frame ID: 242
The lost frame ID: 243
The lost frame ID: 244
The lost frame ID: 245
The lost frame ID: 246
The lost frame ID: 247
The lost frame ID: 248
The lost frame ID: 249

Saving camera trajectory to TrajectoryBeforeReset_oxf_kaz_r14_seg03_pid3245999_1757373372719.txt ...

trajectory saved!
[Tracking] wrote pre-reset trajectory to TrajectoryBeforeReset_oxf_kaz_r14_seg03_pid3245999_1757373372719.txt
[Tracking] LOST for 10 consecutive frames -> reset
System Reseting
Reseting Local Mapper... done
Reseting Loop Closing... done
Reseting Database... done
0
New map created with 212 points for 0 Feature Type 
Tracking Initlized in 15.80s
The initlized frame ID: 7
Track lost soon after initialisation, reseting...
System Reseting
Reseting Local Mapper... done
Reseting Loop Closing... done
Reseting Database... done
0
New map created with 327 points for 0 Feature Type 
Tracking Initlized in 9.27s
The initlized frame ID: 4
The lost frame ID: 236
The lost frame ID: 237
The lost frame ID: 238
The lost frame ID: 239
The lost frame ID: 240
The lost frame ID: 241
The lost frame ID: 242
The lost frame ID: 243
The lost frame ID: 244

Saving camera trajectory to TrajectoryBeforeReset_oxf_kaz_r14_seg04_pid3245999_1757373495497.txt ...

trajectory saved!
[Tracking] wrote pre-reset trajectory to TrajectoryBeforeReset_oxf_kaz_r14_seg04_pid3245999_1757373495497.txt
[Tracking] LOST for 10 consecutive frames -> reset
System Reseting
Reseting Local Mapper... done
Reseting Loop Closing... done
Reseting Database... done
0
New map created with 179 points for 0 Feature Type 
Tracking Initlized in 6.59s
The initlized frame ID: 3
The lost frame ID: 894
The lost frame ID: 895
The lost frame ID: 896
The lost frame ID: 897
The lost frame ID: 898
The lost frame ID: 899
The lost frame ID: 900
The lost frame ID: 901
The lost frame ID: 902

Saving camera trajectory to TrajectoryBeforeReset_oxf_kaz_r14_seg05_pid3245999_1757373968717.txt ...

trajectory saved!
[Tracking] wrote pre-reset trajectory to TrajectoryBeforeReset_oxf_kaz_r14_seg05_pid3245999_1757373968717.txt
[Tracking] LOST for 10 consecutive frames -> reset
System Reseting
Reseting Local Mapper... done
Reseting Loop Closing... done
Reseting Database... done
0
New map created with 214 points for 0 Feature Type 
Tracking Initlized in 2.33s
The initlized frame ID: 1
The lost frame ID: 110
The lost frame ID: 111
The lost frame ID: 122
The lost frame ID: 126
The lost frame ID: 127
The lost frame ID: 131
The lost frame ID: 135
The lost frame ID: 139
The lost frame ID: 142
The lost frame ID: 144
The lost frame ID: 145
The lost frame ID: 146
The lost frame ID: 148
The lost frame ID: 149
The lost frame ID: 150
The lost frame ID: 152
The lost frame ID: 154
The lost frame ID: 156
The lost frame ID: 157
The lost frame ID: 158
The lost frame ID: 159
The lost frame ID: 160
The lost frame ID: 161
The lost frame ID: 162
The lost frame ID: 163
The lost frame ID: 164

Saving camera trajectory to TrajectoryBeforeReset_oxf_kaz_r14_seg06_pid3245999_1757374055721.txt ...

trajectory saved!
[Tracking] wrote pre-reset trajectory to TrajectoryBeforeReset_oxf_kaz_r14_seg06_pid3245999_1757374055721.txt
[Tracking] LOST for 10 consecutive frames -> reset
System Reseting
Reseting Local Mapper... done
Reseting Loop Closing... done
Reseting Database... done
0
New map created with 173 points for 0 Feature Type 
Tracking Initlized in 4.53s
The initlized frame ID: 2
Track lost soon after initialisation, reseting...
System Reseting
Reseting Local Mapper... done
Reseting Loop Closing... done
Reseting Database... done
0
New map created with 172 points for 0 Feature Type 
Tracking Initlized in 4.51s
The initlized frame ID: 2
The lost frame ID: 128
The lost frame ID: 129
The lost frame ID: 130
The lost frame ID: 132
The lost frame ID: 134
The lost frame ID: 135
The lost frame ID: 137
The lost frame ID: 138
The lost frame ID: 139
The lost frame ID: 140
The lost frame ID: 141
The lost frame ID: 142
The lost frame ID: 143
The lost frame ID: 144
The lost frame ID: 145

Saving camera trajectory to TrajectoryBeforeReset_oxf_kaz_r14_seg07_pid3245999_1757374137955.txt ...

trajectory saved!
[Tracking] wrote pre-reset trajectory to TrajectoryBeforeReset_oxf_kaz_r14_seg07_pid3245999_1757374137955.txt
[Tracking] LOST for 10 consecutive frames -> reset
System Reseting
Reseting Local Mapper... done
Reseting Loop Closing... done
Reseting Database... done
0
New map created with 111 points for 0 Feature Type 
Tracking Initlized in 7.29s
The initlized frame ID: 3
The lost frame ID: 579
The lost frame ID: 580
The lost frame ID: 581
The lost frame ID: 582
The lost frame ID: 583
The lost frame ID: 584
The lost frame ID: 585
The lost frame ID: 586
The lost frame ID: 587

Saving camera trajectory to TrajectoryBeforeReset_oxf_kaz_r14_seg08_pid3245999_1757374488100.txt ...

trajectory saved!
[Tracking] wrote pre-reset trajectory to TrajectoryBeforeReset_oxf_kaz_r14_seg08_pid3245999_1757374488100.txt
[Tracking] LOST for 10 consecutive frames -> reset
System Reseting
Reseting Local Mapper... done
Reseting Loop Closing... done
Reseting Database... done
0
New map created with 250 points for 0 Feature Type 
Tracking Initlized in 19.31s
The initlized frame ID: 9
The lost frame ID: 484
The lost frame ID: 485
The lost frame ID: 486
The lost frame ID: 487
The lost frame ID: 488
The lost frame ID: 489
The lost frame ID: 490
The lost frame ID: 491
The lost frame ID: 492

Saving camera trajectory to TrajectoryBeforeReset_oxf_kaz_r14_seg09_pid3245999_1757374752363.txt ...

trajectory saved!
[Tracking] wrote pre-reset trajectory to TrajectoryBeforeReset_oxf_kaz_r14_seg09_pid3245999_1757374752363.txt
[Tracking] LOST for 10 consecutive frames -> reset
System Reseting
Reseting Local Mapper... done
Reseting Loop Closing... done
Reseting Database... done
0
New map created with 111 points for 0 Feature Type 
Tracking Initlized in 31.00s
The initlized frame ID: 16
The lost frame ID: 922
The lost frame ID: 923
The lost frame ID: 924
The lost frame ID: 925
The lost frame ID: 926
The lost frame ID: 927
The lost frame ID: 928
The lost frame ID: 929
The lost frame ID: 930

Saving camera trajectory to TrajectoryBeforeReset_oxf_kaz_r14_seg10_pid3245999_1757375285459.txt ...

trajectory saved!
[Tracking] wrote pre-reset trajectory to TrajectoryBeforeReset_oxf_kaz_r14_seg10_pid3245999_1757375285459.txt
[Tracking] LOST for 10 consecutive frames -> reset
System Reseting
Reseting Local Mapper... done
Reseting Loop Closing... done
Reseting Database... done
0
New map created with 361 points for 0 Feature Type 
Tracking Initlized in 4.36s
The initlized frame ID: 2
The lost frame ID: 1148
The lost frame ID: 1150
The lost frame ID: 1151
The lost frame ID: 1152
The lost frame ID: 1154
The lost frame ID: 1155
The lost frame ID: 1156
The lost frame ID: 1157
The lost frame ID: 1158
The lost frame ID: 1159
The lost frame ID: 1160
The lost frame ID: 1161
The lost frame ID: 1162

Saving camera trajectory to TrajectoryBeforeReset_oxf_kaz_r14_seg11_pid3245999_1757375979800.txt ...

trajectory saved!
[Tracking] wrote pre-reset trajectory to TrajectoryBeforeReset_oxf_kaz_r14_seg11_pid3245999_1757375979800.txt
[Tracking] LOST for 10 consecutive frames -> reset
System Reseting
Reseting Local Mapper... done
Reseting Loop Closing... done
Reseting Database... done
0
New map created with 258 points for 0 Feature Type 
Tracking Initlized in 39.74s
The initlized frame ID: 18
The lost frame ID: 1071
The lost frame ID: 1072
The lost frame ID: 1073
The lost frame ID: 1074
The lost frame ID: 1075
The lost frame ID: 1076
The lost frame ID: 1077
The lost frame ID: 1078
The lost frame ID: 1079

Saving camera trajectory to TrajectoryBeforeReset_oxf_kaz_r14_seg12_pid3245999_1757376667304.txt ...

trajectory saved!
[Tracking] wrote pre-reset trajectory to TrajectoryBeforeReset_oxf_kaz_r14_seg12_pid3245999_1757376667304.txt
[Tracking] LOST for 10 consecutive frames -> reset
System Reseting
Reseting Local Mapper... done
Reseting Loop Closing... done
Reseting Database... done
0
New map created with 90 points for 0 Feature Type 
Wrong initialization, reseting...
System Reseting
Reseting Local Mapper... done
Reseting Loop Closing... done
Reseting Database... done
0
New map created with 212 points for 0 Feature Type 
Tracking Initlized in 5.01s
The initlized frame ID: 2
The lost frame ID: 142
The lost frame ID: 143
The lost frame ID: 144
The lost frame ID: 145
The lost frame ID: 146
The lost frame ID: 147
The lost frame ID: 148
The lost frame ID: 149
The lost frame ID: 150

Saving camera trajectory to TrajectoryBeforeReset_oxf_kaz_r14_seg13_pid3245999_1757376787391.txt ...

trajectory saved!
[Tracking] wrote pre-reset trajectory to TrajectoryBeforeReset_oxf_kaz_r14_seg13_pid3245999_1757376787391.txt
[Tracking] LOST for 10 consecutive frames -> reset
System Reseting
Reseting Local Mapper... done
Reseting Loop Closing... done
Reseting Database... done
0
New map created with 191 points for 0 Feature Type 
Tracking Initlized in 5.24s
The initlized frame ID: 2
System::StopViewer()
System::StopViewer() done

Saving correlation status...

Correlation status saved!

System Shutdown
-------

median tracking time: 0.540659
mean tracking time: 0.544228

Saving camera trajectory to result14.txt ...

trajectory saved!
All done

========== Performance Summary (ms) ==========
name                                mean      median        rmse         min         max       count
Lost Count                         1.000       1.000       0.000       1.000       1.000          13
Tracking                           6.315       5.653       3.383       1.005      41.342        7258
Reset Count                        1.000       1.000       0.000       1.000       1.000          16
Correlation                        0.001       0.000       0.001       0.000       0.032        7074
Total Init                     76561.030   76561.030       0.000   76561.030   76561.030           1
Pipeline                         543.767     540.495      64.828     332.024    1111.964        7513
KAZE Extract                     532.851     529.305      64.367     325.267    1075.016        7513
[WARN] Per-Channel Summary not found in run 14 (exit 0)
[RUN 15/20] 2025-09-09 01:14:32
Registering ORBextractor...
Registering AKAZEextractor...
Registering BRISKextractor...
Registering SIFTextractor...
Registering KAZEextractor...
Registering SuperPointExtractor...

ORB-SLAM2 Copyright (C) 2014-2016 Raul Mur-Artal, University of Zaragoza.
This program comes with ABSOLUTELY NO WARRANTY;
This is free software, and you are welcome to redistribute it
under certain conditions. See LICENSE.txt.

Input sensor was set to: Monocular

Loading Vocabulary : /home/howard/Refactored_ORB_SLAM2/Install/var/lib/orbslam2/voc/kaze_cv.fbow
This could take a while...
Loading KAZE Vocabulary in FBoW.
KAZE Vocabulary loaded in 0.014861s


Camera Parameters: 
- fx: 983.044
- fy: 983.044
- cx: 643.647
- cy: 493.379
- k1: 0
- k2: 0
- p1: 0
- p2: 0
- fps: 16
- color order: RGB (ignored if grayscale)

[Feature 0] KAZE Extractor Parameters: 
 ( TH_LOW: 0.5, TH_HIGH: 1 )
- Number of Features : 1000
- Scale Levels       : 4
- Scale Factor       : 1.2
- Threshold          : 0.0005
- nOctaves           : 4
- nOctaveLayers      : 4
- Extended (128‑dim) : 0
- Upright            : 0

-------
Start processing sequence ...
Images in the sequence: 7513

0
New map created with 350 points for 0 Feature Type 
Tracking Initlized in 320.11s
The initlized frame ID: 141
The lost frame ID: 830
The lost frame ID: 831
The lost frame ID: 832
The lost frame ID: 833
The lost frame ID: 834
The lost frame ID: 835
The lost frame ID: 836
The lost frame ID: 837
The lost frame ID: 838

Saving camera trajectory to TrajectoryBeforeReset_oxf_kaz_r15_seg01_pid3595241_1757377292964.txt ...

trajectory saved!
[Tracking] wrote pre-reset trajectory to TrajectoryBeforeReset_oxf_kaz_r15_seg01_pid3595241_1757377292964.txt
[Tracking] LOST for 10 consecutive frames -> reset
System Reseting
Reseting Local Mapper... done
Reseting Loop Closing... done
Reseting Database... done
0
New map created with 119 points for 0 Feature Type 
Tracking Initlized in 6.53s
The initlized frame ID: 3
The lost frame ID: 341
The lost frame ID: 346
The lost frame ID: 348
The lost frame ID: 354
The lost frame ID: 361
The lost frame ID: 363
The lost frame ID: 365
The lost frame ID: 366
The lost frame ID: 368
The lost frame ID: 369
The lost frame ID: 372
The lost frame ID: 375
The lost frame ID: 383
The lost frame ID: 385
The lost frame ID: 387
The lost frame ID: 388
The lost frame ID: 394
The lost frame ID: 396
The lost frame ID: 398
The lost frame ID: 399
The lost frame ID: 402
The lost frame ID: 403
The lost frame ID: 404
The lost frame ID: 405
The lost frame ID: 406
The lost frame ID: 407
The lost frame ID: 408
The lost frame ID: 409
The lost frame ID: 410

Saving camera trajectory to TrajectoryBeforeReset_oxf_kaz_r15_seg02_pid3595241_1757377508507.txt ...

trajectory saved!
[Tracking] wrote pre-reset trajectory to TrajectoryBeforeReset_oxf_kaz_r15_seg02_pid3595241_1757377508507.txt
[Tracking] LOST for 10 consecutive frames -> reset
System Reseting
Reseting Local Mapper... done
Reseting Loop Closing... done
Reseting Database... done
0
New map created with 192 points for 0 Feature Type 
Tracking Initlized in 4.79s
The initlized frame ID: 2
The lost frame ID: 212
The lost frame ID: 213
The lost frame ID: 214
The lost frame ID: 215
The lost frame ID: 216
The lost frame ID: 217
The lost frame ID: 218
The lost frame ID: 219
The lost frame ID: 220

Saving camera trajectory to TrajectoryBeforeReset_oxf_kaz_r15_seg03_pid3595241_1757377623325.txt ...

trajectory saved!
[Tracking] wrote pre-reset trajectory to TrajectoryBeforeReset_oxf_kaz_r15_seg03_pid3595241_1757377623325.txt
[Tracking] LOST for 10 consecutive frames -> reset
System Reseting
Reseting Local Mapper... done
Reseting Loop Closing... done
Reseting Database... done
0
New map created with 128 points for 0 Feature Type 
Tracking Initlized in 36.56s
The initlized frame ID: 17
The lost frame ID: 267
The lost frame ID: 268
The lost frame ID: 269
The lost frame ID: 270
The lost frame ID: 271
The lost frame ID: 272
The lost frame ID: 273
The lost frame ID: 274
The lost frame ID: 275

Saving camera trajectory to TrajectoryBeforeReset_oxf_kaz_r15_seg04_pid3595241_1757377768599.txt ...

trajectory saved!
[Tracking] wrote pre-reset trajectory to TrajectoryBeforeReset_oxf_kaz_r15_seg04_pid3595241_1757377768599.txt
[Tracking] LOST for 10 consecutive frames -> reset
System Reseting
Reseting Local Mapper... done
Reseting Loop Closing... done
Reseting Database... done
0
New map created with 199 points for 0 Feature Type 
Tracking Initlized in 6.97s
The initlized frame ID: 3
The lost frame ID: 1014
The lost frame ID: 1016
The lost frame ID: 1018
The lost frame ID: 1020
The lost frame ID: 1021
The lost frame ID: 1024
The lost frame ID: 1025
The lost frame ID: 1026
The lost frame ID: 1028
The lost frame ID: 1029
The lost frame ID: 1033
The lost frame ID: 1035
The lost frame ID: 1036
The lost frame ID: 1037
The lost frame ID: 1038
The lost frame ID: 1040
The lost frame ID: 1041
The lost frame ID: 1042
The lost frame ID: 1043
The lost frame ID: 1044
The lost frame ID: 1045
The lost frame ID: 1046
The lost frame ID: 1048
The lost frame ID: 1049
The lost frame ID: 1050
The lost frame ID: 1051
The lost frame ID: 1052
The lost frame ID: 1053
The lost frame ID: 1055
The lost frame ID: 1056
The lost frame ID: 1057
The lost frame ID: 1058
The lost frame ID: 1059
The lost frame ID: 1060
The lost frame ID: 1061
The lost frame ID: 1062
The lost frame ID: 1063

Saving camera trajectory to TrajectoryBeforeReset_oxf_kaz_r15_seg05_pid3595241_1757378398986.txt ...

trajectory saved!
[Tracking] wrote pre-reset trajectory to TrajectoryBeforeReset_oxf_kaz_r15_seg05_pid3595241_1757378398986.txt
[Tracking] LOST for 10 consecutive frames -> reset
System Reseting
Reseting Local Mapper... done
Reseting Loop Closing... done
Reseting Database... done
0
New map created with 166 points for 0 Feature Type 
Tracking Initlized in 4.66s
The initlized frame ID: 2
The lost frame ID: 136
The lost frame ID: 137
The lost frame ID: 138
The lost frame ID: 139
The lost frame ID: 142
The lost frame ID: 143
The lost frame ID: 144
The lost frame ID: 145
The lost frame ID: 147
The lost frame ID: 148
The lost frame ID: 149
The lost frame ID: 151
The lost frame ID: 152
The lost frame ID: 154
The lost frame ID: 155
The lost frame ID: 156
The lost frame ID: 157
The lost frame ID: 158
The lost frame ID: 159
The lost frame ID: 162
The lost frame ID: 163
The lost frame ID: 164
The lost frame ID: 166
The lost frame ID: 167
The lost frame ID: 169
The lost frame ID: 170
The lost frame ID: 171
The lost frame ID: 172
The lost frame ID: 173
The lost frame ID: 174
The lost frame ID: 175
The lost frame ID: 176
The lost frame ID: 177

Saving camera trajectory to TrajectoryBeforeReset_oxf_kaz_r15_seg06_pid3595241_1757378491289.txt ...

trajectory saved!
[Tracking] wrote pre-reset trajectory to TrajectoryBeforeReset_oxf_kaz_r15_seg06_pid3595241_1757378491289.txt
[Tracking] LOST for 10 consecutive frames -> reset
System Reseting
Reseting Local Mapper... done
Reseting Loop Closing... done
Reseting Database... done
0
New map created with 216 points for 0 Feature Type 
Tracking Initlized in 4.71s
The initlized frame ID: 2
The lost frame ID: 558
The lost frame ID: 559
The lost frame ID: 560
The lost frame ID: 561
The lost frame ID: 562
The lost frame ID: 563
The lost frame ID: 564
The lost frame ID: 565
The lost frame ID: 566

Saving camera trajectory to TrajectoryBeforeReset_oxf_kaz_r15_seg07_pid3595241_1757378789013.txt ...

trajectory saved!
[Tracking] wrote pre-reset trajectory to TrajectoryBeforeReset_oxf_kaz_r15_seg07_pid3595241_1757378789013.txt
[Tracking] LOST for 10 consecutive frames -> reset
System Reseting
Reseting Local Mapper... done
Reseting Loop Closing... done
Reseting Database... done
0
New map created with 246 points for 0 Feature Type 
Tracking Initlized in 14.35s
The initlized frame ID: 7
The lost frame ID: 484
The lost frame ID: 485
The lost frame ID: 486
The lost frame ID: 487
The lost frame ID: 488
The lost frame ID: 489
The lost frame ID: 490
The lost frame ID: 491
The lost frame ID: 492

Saving camera trajectory to TrajectoryBeforeReset_oxf_kaz_r15_seg08_pid3595241_1757379031112.txt ...

trajectory saved!
[Tracking] wrote pre-reset trajectory to TrajectoryBeforeReset_oxf_kaz_r15_seg08_pid3595241_1757379031112.txt
[Tracking] LOST for 10 consecutive frames -> reset
System Reseting
Reseting Local Mapper... done
Reseting Loop Closing... done
Reseting Database... done
0
New map created with 131 points for 0 Feature Type 
Tracking Initlized in 11.67s
The initlized frame ID: 6
The lost frame ID: 185
The lost frame ID: 186
The lost frame ID: 187
The lost frame ID: 192
The lost frame ID: 193
The lost frame ID: 194
The lost frame ID: 195
The lost frame ID: 196
The lost frame ID: 197
The lost frame ID: 198
The lost frame ID: 199
The lost frame ID: 200

Saving camera trajectory to TrajectoryBeforeReset_oxf_kaz_r15_seg09_pid3595241_1757379121570.txt ...

trajectory saved!
[Tracking] wrote pre-reset trajectory to TrajectoryBeforeReset_oxf_kaz_r15_seg09_pid3595241_1757379121570.txt
[Tracking] LOST for 10 consecutive frames -> reset
System Reseting
Reseting Local Mapper... done
Reseting Loop Closing... done
Reseting Database... done
0
New map created with 216 points for 0 Feature Type 
Tracking Initlized in 6.22s
The initlized frame ID: 3
The lost frame ID: 719
The lost frame ID: 720
The lost frame ID: 721
The lost frame ID: 722
The lost frame ID: 723
The lost frame ID: 724
The lost frame ID: 725
The lost frame ID: 726
The lost frame ID: 727

Saving camera trajectory to TrajectoryBeforeReset_oxf_kaz_r15_seg10_pid3595241_1757379489636.txt ...

trajectory saved!
[Tracking] wrote pre-reset trajectory to TrajectoryBeforeReset_oxf_kaz_r15_seg10_pid3595241_1757379489636.txt
[Tracking] LOST for 10 consecutive frames -> reset
System Reseting
Reseting Local Mapper... done
Reseting Loop Closing... done
Reseting Database... done
0
New map created with 359 points for 0 Feature Type 
Tracking Initlized in 4.23s
The initlized frame ID: 2
The lost frame ID: 1145
The lost frame ID: 1146
The lost frame ID: 1147
The lost frame ID: 1148
The lost frame ID: 1151
The lost frame ID: 1153
The lost frame ID: 1154
The lost frame ID: 1155
The lost frame ID: 1156
The lost frame ID: 1158
The lost frame ID: 1159
The lost frame ID: 1160
The lost frame ID: 1161
The lost frame ID: 1163
The lost frame ID: 1164
The lost frame ID: 1166
The lost frame ID: 1168
The lost frame ID: 1170
The lost frame ID: 1171
The lost frame ID: 1175
The lost frame ID: 1176
The lost frame ID: 1177
The lost frame ID: 1178
The lost frame ID: 1179
The lost frame ID: 1180
The lost frame ID: 1181
The lost frame ID: 1182
The lost frame ID: 1183

Saving camera trajectory to TrajectoryBeforeReset_oxf_kaz_r15_seg11_pid3595241_1757380070515.txt ...

trajectory saved!
[Tracking] wrote pre-reset trajectory to TrajectoryBeforeReset_oxf_kaz_r15_seg11_pid3595241_1757380070515.txt
[Tracking] LOST for 10 consecutive frames -> reset
System Reseting
Reseting Local Mapper... done
Reseting Loop Closing... done
Reseting Database... done
0
New map created with 228 points for 0 Feature Type 
Tracking Initlized in 67.41s
The initlized frame ID: 33
The lost frame ID: 1050
The lost frame ID: 1051
The lost frame ID: 1052
The lost frame ID: 1053
The lost frame ID: 1054
The lost frame ID: 1055
The lost frame ID: 1056
The lost frame ID: 1057
The lost frame ID: 1058
The lost frame ID: 1060
The lost frame ID: 1061
The lost frame ID: 1062
The lost frame ID: 1063
The lost frame ID: 1064
The lost frame ID: 1065
The lost frame ID: 1066
The lost frame ID: 1067
The lost frame ID: 1068

Saving camera trajectory to TrajectoryBeforeReset_oxf_kaz_r15_seg12_pid3595241_1757380639964.txt ...

trajectory saved!
[Tracking] wrote pre-reset trajectory to TrajectoryBeforeReset_oxf_kaz_r15_seg12_pid3595241_1757380639964.txt
[Tracking] LOST for 10 consecutive frames -> reset
System Reseting
Reseting Local Mapper... done
Reseting Loop Closing... done
Reseting Database... done
0
New map created with 95 points for 0 Feature Type 
Wrong initialization, reseting...
System Reseting
Reseting Local Mapper... done
Reseting Loop Closing... done
Reseting Database... done
0
New map created with 162 points for 0 Feature Type 
Tracking Initlized in 4.39s
The initlized frame ID: 2
The lost frame ID: 141
The lost frame ID: 142
The lost frame ID: 143
The lost frame ID: 144
The lost frame ID: 145
The lost frame ID: 146
The lost frame ID: 147
The lost frame ID: 148
The lost frame ID: 149

Saving camera trajectory to TrajectoryBeforeReset_oxf_kaz_r15_seg13_pid3595241_1757380732278.txt ...

trajectory saved!
[Tracking] wrote pre-reset trajectory to TrajectoryBeforeReset_oxf_kaz_r15_seg13_pid3595241_1757380732278.txt
[Tracking] LOST for 10 consecutive frames -> reset
System Reseting
Reseting Local Mapper... done
Reseting Loop Closing... done
Reseting Database... done
0
New map created with 175 points for 0 Feature Type 
Tracking Initlized in 4.87s
The initlized frame ID: 2
System::StopViewer()
System::StopViewer() done

Saving correlation status...

Correlation status saved!

System Shutdown
-------

median tracking time: 0.495149
mean tracking time: 0.500534

Saving camera trajectory to result15.txt ...

trajectory saved!
All done

========== Performance Summary (ms) ==========
name                                mean      median        rmse         min         max       count
Lost Count                         1.000       1.000       0.000       1.000       1.000          13
Tracking                           6.253       5.512       3.604       1.087      46.940        7263
Reset Count                        1.000       1.000       0.000       1.000       1.000          14
Correlation                        0.001       0.000       0.001       0.000       0.055        7030
Total Init                     77308.879   77308.879       0.000   77308.879   77308.879           1
Pipeline                         500.131     495.098      48.865     323.585     753.400        7513
KAZE Extract                     489.382     484.305      48.584     317.386     729.302        7513
[WARN] Per-Channel Summary not found in run 15 (exit 0)
[RUN 16/20] 2025-09-09 02:19:58
Registering ORBextractor...
Registering AKAZEextractor...
Registering BRISKextractor...
Registering SIFTextractor...
Registering KAZEextractor...
Registering SuperPointExtractor...

ORB-SLAM2 Copyright (C) 2014-2016 Raul Mur-Artal, University of Zaragoza.
This program comes with ABSOLUTELY NO WARRANTY;
This is free software, and you are welcome to redistribute it
under certain conditions. See LICENSE.txt.

Input sensor was set to: Monocular

Loading Vocabulary : /home/howard/Refactored_ORB_SLAM2/Install/var/lib/orbslam2/voc/kaze_cv.fbow
This could take a while...
Loading KAZE Vocabulary in FBoW.
KAZE Vocabulary loaded in 0.040924s


Camera Parameters: 
- fx: 983.044
- fy: 983.044
- cx: 643.647
- cy: 493.379
- k1: 0
- k2: 0
- p1: 0
- p2: 0
- fps: 16
- color order: RGB (ignored if grayscale)

[Feature 0] KAZE Extractor Parameters: 
 ( TH_LOW: 0.5, TH_HIGH: 1 )
- Number of Features : 1000
- Scale Levels       : 4
- Scale Factor       : 1.2
- Threshold          : 0.0005
- nOctaves           : 4
- nOctaveLayers      : 4
- Extended (128‑dim) : 0
- Upright            : 0

-------
Start processing sequence ...
Images in the sequence: 7513

0
New map created with 350 points for 0 Feature Type 
Tracking Initlized in 293.67s
The initlized frame ID: 141
The lost frame ID: 509
The lost frame ID: 638
The lost frame ID: 639
The lost frame ID: 640
The lost frame ID: 645
The lost frame ID: 667
The lost frame ID: 668
The lost frame ID: 680
The lost frame ID: 687
The lost frame ID: 688
The lost frame ID: 690
The lost frame ID: 694
The lost frame ID: 706
The lost frame ID: 784
The lost frame ID: 831
The lost frame ID: 833
The lost frame ID: 834
The lost frame ID: 835
The lost frame ID: 836
The lost frame ID: 837
The lost frame ID: 874
The lost frame ID: 891
The lost frame ID: 892
The lost frame ID: 909
The lost frame ID: 913
The lost frame ID: 955
The lost frame ID: 958
The lost frame ID: 983
The lost frame ID: 992
The lost frame ID: 1030
The lost frame ID: 1034
The lost frame ID: 1036
The lost frame ID: 1037
The lost frame ID: 1042
The lost frame ID: 1044
The lost frame ID: 1062
The lost frame ID: 1095
The lost frame ID: 1101
The lost frame ID: 1105
The lost frame ID: 1107
The lost frame ID: 1109
The lost frame ID: 1111
The lost frame ID: 1113
The lost frame ID: 1116
The lost frame ID: 1118
The lost frame ID: 1120
The lost frame ID: 1121
The lost frame ID: 1122
The lost frame ID: 1123
The lost frame ID: 1127
The lost frame ID: 1130
The lost frame ID: 1143
The lost frame ID: 1156
The lost frame ID: 1166
The lost frame ID: 1169
The lost frame ID: 1171
The lost frame ID: 1196
The lost frame ID: 1201
The lost frame ID: 1212
The lost frame ID: 1214
The lost frame ID: 1220
The lost frame ID: 1229
The lost frame ID: 1233
The lost frame ID: 1236
The lost frame ID: 1241
The lost frame ID: 1242
The lost frame ID: 1243
The lost frame ID: 1244
The lost frame ID: 1245
The lost frame ID: 1246
The lost frame ID: 1247
The lost frame ID: 1249
The lost frame ID: 1250
The lost frame ID: 1254
The lost frame ID: 1256
The lost frame ID: 1257
The lost frame ID: 1270
The lost frame ID: 1273
The lost frame ID: 1275
The lost frame ID: 1276
The lost frame ID: 1279
The lost frame ID: 1280
The lost frame ID: 1281
The lost frame ID: 1282
The lost frame ID: 1283
The lost frame ID: 1284
The lost frame ID: 1285
The lost frame ID: 1286
The lost frame ID: 1287
The lost frame ID: 1289
The lost frame ID: 1290
The lost frame ID: 1291
The lost frame ID: 1292
The lost frame ID: 1294
The lost frame ID: 1297
The lost frame ID: 1299
The lost frame ID: 1300
The lost frame ID: 1301
The lost frame ID: 1302
The lost frame ID: 1303
The lost frame ID: 1305
The lost frame ID: 1306
The lost frame ID: 1307
The lost frame ID: 1314
The lost frame ID: 1315
The lost frame ID: 1317
The lost frame ID: 1319
The lost frame ID: 1320
The lost frame ID: 1324
The lost frame ID: 1326
The lost frame ID: 1327
The lost frame ID: 1329
The lost frame ID: 1334
The lost frame ID: 1338
The lost frame ID: 1339
The lost frame ID: 1341
The lost frame ID: 1342
The lost frame ID: 1343
The lost frame ID: 1344
The lost frame ID: 1346
The lost frame ID: 1347
The lost frame ID: 1348
The lost frame ID: 1350
The lost frame ID: 1351
The lost frame ID: 1352
The lost frame ID: 1353
The lost frame ID: 1354
The lost frame ID: 1355
The lost frame ID: 1356
The lost frame ID: 1357
The lost frame ID: 1359
The lost frame ID: 1360
The lost frame ID: 1363
The lost frame ID: 1364
The lost frame ID: 1366
The lost frame ID: 1367
The lost frame ID: 1368
The lost frame ID: 1369
The lost frame ID: 1370
The lost frame ID: 1371
The lost frame ID: 1372
The lost frame ID: 1373
The lost frame ID: 1374
The lost frame ID: 1376
The lost frame ID: 1379
The lost frame ID: 1380
The lost frame ID: 1382
The lost frame ID: 1385
The lost frame ID: 1386
The lost frame ID: 1387
The lost frame ID: 1389
The lost frame ID: 1390
The lost frame ID: 1391
The lost frame ID: 1392
The lost frame ID: 1393
The lost frame ID: 1394
The lost frame ID: 1395
The lost frame ID: 1396
The lost frame ID: 1397

Saving camera trajectory to TrajectoryBeforeReset_oxf_kaz_r16_seg01_pid3967914_1757381429778.txt ...

trajectory saved!
[Tracking] wrote pre-reset trajectory to TrajectoryBeforeReset_oxf_kaz_r16_seg01_pid3967914_1757381429778.txt
[Tracking] LOST for 10 consecutive frames -> reset
System Reseting
Reseting Local Mapper... done
Reseting Loop Closing... done
Reseting Database... done
0
New map created with 171 points for 0 Feature Type 
Tracking Initlized in 124.98s
The initlized frame ID: 67
The lost frame ID: 80
The lost frame ID: 81
The lost frame ID: 82
The lost frame ID: 83
The lost frame ID: 84
The lost frame ID: 85
The lost frame ID: 86
The lost frame ID: 87
The lost frame ID: 88

Saving camera trajectory to TrajectoryBeforeReset_oxf_kaz_r16_seg02_pid3967914_1757381468425.txt ...

trajectory saved!
[Tracking] wrote pre-reset trajectory to TrajectoryBeforeReset_oxf_kaz_r16_seg02_pid3967914_1757381468425.txt
[Tracking] LOST for 10 consecutive frames -> reset
System Reseting
Reseting Local Mapper... done
Reseting Loop Closing... done
Reseting Database... done
0
New map created with 136 points for 0 Feature Type 
Tracking Initlized in 6.12s
The initlized frame ID: 3
Track lost soon after initialisation, reseting...
System Reseting
Reseting Local Mapper... done
Reseting Loop Closing... done
Reseting Database... done
0
New map created with 195 points for 0 Feature Type 
Tracking Initlized in 14.03s
The initlized frame ID: 7
The lost frame ID: 246
The lost frame ID: 247
The lost frame ID: 248
The lost frame ID: 249
The lost frame ID: 250
The lost frame ID: 251
The lost frame ID: 252
The lost frame ID: 253
The lost frame ID: 254

Saving camera trajectory to TrajectoryBeforeReset_oxf_kaz_r16_seg03_pid3967914_1757381583453.txt ...

trajectory saved!
[Tracking] wrote pre-reset trajectory to TrajectoryBeforeReset_oxf_kaz_r16_seg03_pid3967914_1757381583453.txt
[Tracking] LOST for 10 consecutive frames -> reset
System Reseting
Reseting Local Mapper... done
Reseting Loop Closing... done
Reseting Database... done
0
New map created with 128 points for 0 Feature Type 
Tracking Initlized in 49.86s
The initlized frame ID: 25
The lost frame ID: 967
The lost frame ID: 968
The lost frame ID: 969
The lost frame ID: 970
The lost frame ID: 971
The lost frame ID: 972
The lost frame ID: 973
The lost frame ID: 974
The lost frame ID: 975

Saving camera trajectory to TrajectoryBeforeReset_oxf_kaz_r16_seg04_pid3967914_1757382013715.txt ...

trajectory saved!
[Tracking] wrote pre-reset trajectory to TrajectoryBeforeReset_oxf_kaz_r16_seg04_pid3967914_1757382013715.txt
[Tracking] LOST for 10 consecutive frames -> reset
System Reseting
Reseting Local Mapper... done
Reseting Loop Closing... done
Reseting Database... done
0
New map created with 295 points for 0 Feature Type 
Tracking Initlized in 3.85s
The initlized frame ID: 2
The lost frame ID: 37
The lost frame ID: 39
The lost frame ID: 44
The lost frame ID: 45
The lost frame ID: 46
The lost frame ID: 47
The lost frame ID: 48
The lost frame ID: 49
The lost frame ID: 50
The lost frame ID: 52
The lost frame ID: 55
The lost frame ID: 56
The lost frame ID: 58
The lost frame ID: 59
The lost frame ID: 61
The lost frame ID: 62
The lost frame ID: 64
The lost frame ID: 65
The lost frame ID: 66
The lost frame ID: 68
The lost frame ID: 69
The lost frame ID: 70
The lost frame ID: 71
The lost frame ID: 72
The lost frame ID: 73
The lost frame ID: 74
The lost frame ID: 75
The lost frame ID: 76

Saving camera trajectory to TrajectoryBeforeReset_oxf_kaz_r16_seg05_pid3967914_1757382048312.txt ...

trajectory saved!
[Tracking] wrote pre-reset trajectory to TrajectoryBeforeReset_oxf_kaz_r16_seg05_pid3967914_1757382048312.txt
[Tracking] LOST for 10 consecutive frames -> reset
System Reseting
Reseting Local Mapper... done
Reseting Loop Closing... done
Reseting Database... done
0
New map created with 151 points for 0 Feature Type 
Tracking Initlized in 4.16s
The initlized frame ID: 2
The lost frame ID: 14
The lost frame ID: 15
The lost frame ID: 16
The lost frame ID: 17
The lost frame ID: 18
The lost frame ID: 19
The lost frame ID: 20
The lost frame ID: 21
The lost frame ID: 22

Saving camera trajectory to TrajectoryBeforeReset_oxf_kaz_r16_seg06_pid3967914_1757382058476.txt ...

trajectory saved!
[Tracking] wrote pre-reset trajectory to TrajectoryBeforeReset_oxf_kaz_r16_seg06_pid3967914_1757382058476.txt
[Tracking] LOST for 10 consecutive frames -> reset
System Reseting
Reseting Local Mapper... done
Reseting Loop Closing... done
Reseting Database... done
0
New map created with 108 points for 0 Feature Type 
Tracking Initlized in 6.10s
The initlized frame ID: 3
Track lost soon after initialisation, reseting...
System Reseting
Reseting Local Mapper... done
Reseting Loop Closing... done
Reseting Database... done
0
New map created with 172 points for 0 Feature Type 
Tracking Initlized in 4.27s
The initlized frame ID: 2
The lost frame ID: 117
The lost frame ID: 119
The lost frame ID: 120
The lost frame ID: 121
The lost frame ID: 123
The lost frame ID: 124
The lost frame ID: 127
The lost frame ID: 128
The lost frame ID: 131
The lost frame ID: 133
The lost frame ID: 136
The lost frame ID: 137
The lost frame ID: 138
The lost frame ID: 139
The lost frame ID: 140
The lost frame ID: 141
The lost frame ID: 142
The lost frame ID: 143
The lost frame ID: 144

Saving camera trajectory to TrajectoryBeforeReset_oxf_kaz_r16_seg07_pid3967914_1757382127057.txt ...

trajectory saved!
[Tracking] wrote pre-reset trajectory to TrajectoryBeforeReset_oxf_kaz_r16_seg07_pid3967914_1757382127057.txt
[Tracking] LOST for 10 consecutive frames -> reset
System Reseting
Reseting Local Mapper... done
Reseting Loop Closing... done
Reseting Database... done
0
New map created with 134 points for 0 Feature Type 
Tracking Initlized in 4.24s
The initlized frame ID: 2
Track lost soon after initialisation, reseting...
System Reseting
Reseting Local Mapper... done
Reseting Loop Closing... done
Reseting Database... done
0
New map created with 137 points for 0 Feature Type 
Tracking Initlized in 4.33s
The initlized frame ID: 2
The lost frame ID: 566
The lost frame ID: 567
The lost frame ID: 568
The lost frame ID: 569
The lost frame ID: 570
The lost frame ID: 571
The lost frame ID: 572
The lost frame ID: 573
The lost frame ID: 574

Saving camera trajectory to TrajectoryBeforeReset_oxf_kaz_r16_seg08_pid3967914_1757382413402.txt ...

trajectory saved!
[Tracking] wrote pre-reset trajectory to TrajectoryBeforeReset_oxf_kaz_r16_seg08_pid3967914_1757382413402.txt
[Tracking] LOST for 10 consecutive frames -> reset
System Reseting
Reseting Local Mapper... done
Reseting Loop Closing... done
Reseting Database... done
0
New map created with 224 points for 0 Feature Type 
Tracking Initlized in 17.24s
The initlized frame ID: 9
The lost frame ID: 363
The lost frame ID: 364
The lost frame ID: 365
The lost frame ID: 366
The lost frame ID: 367
The lost frame ID: 368
The lost frame ID: 369
The lost frame ID: 370
The lost frame ID: 371

Saving camera trajectory to TrajectoryBeforeReset_oxf_kaz_r16_seg09_pid3967914_1757382580941.txt ...

trajectory saved!
[Tracking] wrote pre-reset trajectory to TrajectoryBeforeReset_oxf_kaz_r16_seg09_pid3967914_1757382580941.txt
[Tracking] LOST for 10 consecutive frames -> reset
System Reseting
Reseting Local Mapper... done
Reseting Loop Closing... done
Reseting Database... done
0
New map created with 277 points for 0 Feature Type 
Tracking Initlized in 4.35s
The initlized frame ID: 2
The lost frame ID: 309
The lost frame ID: 311
The lost frame ID: 312
The lost frame ID: 314
The lost frame ID: 315
The lost frame ID: 316
The lost frame ID: 317
The lost frame ID: 318
The lost frame ID: 319
The lost frame ID: 320
The lost frame ID: 321
The lost frame ID: 322

Saving camera trajectory to TrajectoryBeforeReset_oxf_kaz_r16_seg10_pid3967914_1757382724926.txt ...

trajectory saved!
[Tracking] wrote pre-reset trajectory to TrajectoryBeforeReset_oxf_kaz_r16_seg10_pid3967914_1757382724926.txt
[Tracking] LOST for 10 consecutive frames -> reset
System Reseting
Reseting Local Mapper... done
Reseting Loop Closing... done
Reseting Database... done
0
New map created with 198 points for 0 Feature Type 
Tracking Initlized in 6.45s
The initlized frame ID: 3
The lost frame ID: 720
The lost frame ID: 721
The lost frame ID: 722
The lost frame ID: 723
The lost frame ID: 724
The lost frame ID: 725
The lost frame ID: 726
The lost frame ID: 728
The lost frame ID: 729
The lost frame ID: 730
The lost frame ID: 731
The lost frame ID: 732
The lost frame ID: 733
The lost frame ID: 734
The lost frame ID: 735
The lost frame ID: 736

Saving camera trajectory to TrajectoryBeforeReset_oxf_kaz_r16_seg11_pid3967914_1757383073787.txt ...

trajectory saved!
[Tracking] wrote pre-reset trajectory to TrajectoryBeforeReset_oxf_kaz_r16_seg11_pid3967914_1757383073787.txt
[Tracking] LOST for 10 consecutive frames -> reset
System Reseting
Reseting Local Mapper... done
Reseting Loop Closing... done
Reseting Database... done
0
New map created with 315 points for 0 Feature Type 
Tracking Initlized in 3.95s
The initlized frame ID: 2
The lost frame ID: 2226
The lost frame ID: 2228
The lost frame ID: 2229
The lost frame ID: 2230
The lost frame ID: 2231
The lost frame ID: 2232
The lost frame ID: 2233
The lost frame ID: 2234
The lost frame ID: 2235
The lost frame ID: 2236

Saving camera trajectory to TrajectoryBeforeReset_oxf_kaz_r16_seg12_pid3967914_1757384257170.txt ...

trajectory saved!
[Tracking] wrote pre-reset trajectory to TrajectoryBeforeReset_oxf_kaz_r16_seg12_pid3967914_1757384257170.txt
[Tracking] LOST for 10 consecutive frames -> reset
System Reseting
Reseting Local Mapper... done
Reseting Loop Closing... done
Reseting Database... done
0
New map created with 88 points for 0 Feature Type 
Wrong initialization, reseting...
System Reseting
Reseting Local Mapper... done
Reseting Loop Closing... done
Reseting Database... done
0
New map created with 186 points for 0 Feature Type 
Tracking Initlized in 4.29s
The initlized frame ID: 2
The lost frame ID: 143
The lost frame ID: 144
The lost frame ID: 145
The lost frame ID: 146
The lost frame ID: 147
The lost frame ID: 148
The lost frame ID: 149
The lost frame ID: 150
The lost frame ID: 151

Saving camera trajectory to TrajectoryBeforeReset_oxf_kaz_r16_seg13_pid3967914_1757384332873.txt ...

trajectory saved!
[Tracking] wrote pre-reset trajectory to TrajectoryBeforeReset_oxf_kaz_r16_seg13_pid3967914_1757384332873.txt
[Tracking] LOST for 10 consecutive frames -> reset
System Reseting
Reseting Local Mapper... done
Reseting Loop Closing... done
Reseting Database... done
0
New map created with 186 points for 0 Feature Type 
Tracking Initlized in 4.49s
The initlized frame ID: 2
System::StopViewer()
System::StopViewer() done

Saving correlation status...

Correlation status saved!

System Shutdown
-------

median tracking time: 0.444192
mean tracking time: 0.456389

Saving camera trajectory to result16.txt ...

trajectory saved!
All done

========== Performance Summary (ms) ==========
name                                mean      median        rmse         min         max       count
Lost Count                         1.000       1.000       0.000       1.000       1.000          13
Tracking                           5.998       5.393       3.301       0.928      56.015        7201
Reset Count                        1.000       1.000       0.000       1.000       1.000          17
Correlation                        0.000       0.000       0.000       0.000       0.020        6878
Total Init                     71800.975   71800.975       0.000   71800.975   71800.975           1
Pipeline                         456.040     444.060      55.471     305.376    1153.417        7513
KAZE Extract                     445.756     434.017      54.643     302.606    1102.774        7513
[WARN] Per-Channel Summary not found in run 16 (exit 0)
[RUN 17/20] 2025-09-09 03:19:49
Registering ORBextractor...
Registering AKAZEextractor...
Registering BRISKextractor...
Registering SIFTextractor...
Registering KAZEextractor...
Registering SuperPointExtractor...

ORB-SLAM2 Copyright (C) 2014-2016 Raul Mur-Artal, University of Zaragoza.
This program comes with ABSOLUTELY NO WARRANTY;
This is free software, and you are welcome to redistribute it
under certain conditions. See LICENSE.txt.

Input sensor was set to: Monocular

Loading Vocabulary : /home/howard/Refactored_ORB_SLAM2/Install/var/lib/orbslam2/voc/kaze_cv.fbow
This could take a while...
Loading KAZE Vocabulary in FBoW.
KAZE Vocabulary loaded in 0.012125s


Camera Parameters: 
- fx: 983.044
- fy: 983.044
- cx: 643.647
- cy: 493.379
- k1: 0
- k2: 0
- p1: 0
- p2: 0
- fps: 16
- color order: RGB (ignored if grayscale)

[Feature 0] KAZE Extractor Parameters: 
 ( TH_LOW: 0.5, TH_HIGH: 1 )
- Number of Features : 1000
- Scale Levels       : 4
- Scale Factor       : 1.2
- Threshold          : 0.0005
- nOctaves           : 4
- nOctaveLayers      : 4
- Extended (128‑dim) : 0
- Upright            : 0

-------
Start processing sequence ...
Images in the sequence: 7513

0
New map created with 350 points for 0 Feature Type 
Tracking Initlized in 293.16s
The initlized frame ID: 141
The lost frame ID: 424
The lost frame ID: 426
The lost frame ID: 427
The lost frame ID: 428
The lost frame ID: 429
The lost frame ID: 430
The lost frame ID: 431
The lost frame ID: 432
The lost frame ID: 433
The lost frame ID: 434

Saving camera trajectory to TrajectoryBeforeReset_oxf_kaz_r17_seg01_pid235614_1757384583861.txt ...

trajectory saved!
[Tracking] wrote pre-reset trajectory to TrajectoryBeforeReset_oxf_kaz_r17_seg01_pid235614_1757384583861.txt
[Tracking] LOST for 10 consecutive frames -> reset
System Reseting
Reseting Local Mapper... done
Reseting Loop Closing... done
Reseting Database... done
0
New map created with 289 points for 0 Feature Type 
Tracking Initlized in 168.39s
The initlized frame ID: 89
The lost frame ID: 395
The lost frame ID: 396
The lost frame ID: 397
The lost frame ID: 398
The lost frame ID: 399
The lost frame ID: 400
The lost frame ID: 401
The lost frame ID: 402
The lost frame ID: 403

Saving camera trajectory to TrajectoryBeforeReset_oxf_kaz_r17_seg02_pid235614_1757384759568.txt ...

trajectory saved!
[Tracking] wrote pre-reset trajectory to TrajectoryBeforeReset_oxf_kaz_r17_seg02_pid235614_1757384759568.txt
[Tracking] LOST for 10 consecutive frames -> reset
System Reseting
Reseting Local Mapper... done
Reseting Loop Closing... done
Reseting Database... done
0
New map created with 302 points for 0 Feature Type 
Tracking Initlized in 21.50s
The initlized frame ID: 11
The lost frame ID: 343
The lost frame ID: 345
The lost frame ID: 348
The lost frame ID: 351
The lost frame ID: 355
The lost frame ID: 357
The lost frame ID: 359
The lost frame ID: 361
The lost frame ID: 363
The lost frame ID: 364
The lost frame ID: 365
The lost frame ID: 368
The lost frame ID: 370
The lost frame ID: 372
The lost frame ID: 373
The lost frame ID: 375
The lost frame ID: 396
The lost frame ID: 398
The lost frame ID: 400
The lost frame ID: 402
The lost frame ID: 403
The lost frame ID: 404
The lost frame ID: 405
The lost frame ID: 406
The lost frame ID: 407
The lost frame ID: 408
The lost frame ID: 409
The lost frame ID: 410

Saving camera trajectory to TrajectoryBeforeReset_oxf_kaz_r17_seg03_pid235614_1757384947465.txt ...

trajectory saved!
[Tracking] wrote pre-reset trajectory to TrajectoryBeforeReset_oxf_kaz_r17_seg03_pid235614_1757384947465.txt
[Tracking] LOST for 10 consecutive frames -> reset
System Reseting
Reseting Local Mapper... done
Reseting Loop Closing... done
Reseting Database... done
0
New map created with 157 points for 0 Feature Type 
Tracking Initlized in 4.06s
The initlized frame ID: 2
The lost frame ID: 225
The lost frame ID: 226
The lost frame ID: 227
The lost frame ID: 228
The lost frame ID: 229
The lost frame ID: 230
The lost frame ID: 231
The lost frame ID: 232
The lost frame ID: 233

Saving camera trajectory to TrajectoryBeforeReset_oxf_kaz_r17_seg04_pid235614_1757385050272.txt ...

trajectory saved!
[Tracking] wrote pre-reset trajectory to TrajectoryBeforeReset_oxf_kaz_r17_seg04_pid235614_1757385050272.txt
[Tracking] LOST for 10 consecutive frames -> reset
System Reseting
Reseting Local Mapper... done
Reseting Loop Closing... done
Reseting Database... done
0
New map created with 114 points for 0 Feature Type 
Tracking Initlized in 6.03s
The initlized frame ID: 3
The lost frame ID: 12
The lost frame ID: 13
The lost frame ID: 14
The lost frame ID: 15
The lost frame ID: 16
The lost frame ID: 17
The lost frame ID: 18
The lost frame ID: 19
The lost frame ID: 20

Saving camera trajectory to TrajectoryBeforeReset_oxf_kaz_r17_seg05_pid235614_1757385059779.txt ...

trajectory saved!
[Tracking] wrote pre-reset trajectory to TrajectoryBeforeReset_oxf_kaz_r17_seg05_pid235614_1757385059779.txt
[Tracking] LOST for 10 consecutive frames -> reset
System Reseting
Reseting Local Mapper... done
Reseting Loop Closing... done
Reseting Database... done
0
New map created with 366 points for 0 Feature Type 
Tracking Initlized in 6.20s
The initlized frame ID: 3
The lost frame ID: 233
The lost frame ID: 234
The lost frame ID: 235
The lost frame ID: 236
The lost frame ID: 237
The lost frame ID: 238
The lost frame ID: 239
The lost frame ID: 240
The lost frame ID: 241

Saving camera trajectory to TrajectoryBeforeReset_oxf_kaz_r17_seg06_pid235614_1757385164774.txt ...

trajectory saved!
[Tracking] wrote pre-reset trajectory to TrajectoryBeforeReset_oxf_kaz_r17_seg06_pid235614_1757385164774.txt
[Tracking] LOST for 10 consecutive frames -> reset
System Reseting
Reseting Local Mapper... done
Reseting Loop Closing... done
Reseting Database... done
0
New map created with 176 points for 0 Feature Type 
Tracking Initlized in 5.85s
The initlized frame ID: 3
The lost frame ID: 298
The lost frame ID: 299
The lost frame ID: 301
The lost frame ID: 307
The lost frame ID: 308
The lost frame ID: 310
The lost frame ID: 311
The lost frame ID: 312
The lost frame ID: 313
The lost frame ID: 319
The lost frame ID: 320
The lost frame ID: 322
The lost frame ID: 324
The lost frame ID: 326
The lost frame ID: 327
The lost frame ID: 328
The lost frame ID: 330
The lost frame ID: 332
The lost frame ID: 333
The lost frame ID: 334
The lost frame ID: 335
The lost frame ID: 337
The lost frame ID: 338
The lost frame ID: 339
The lost frame ID: 340
The lost frame ID: 341
The lost frame ID: 342
The lost frame ID: 343
The lost frame ID: 344
The lost frame ID: 345

Saving camera trajectory to TrajectoryBeforeReset_oxf_kaz_r17_seg07_pid235614_1757385309789.txt ...

trajectory saved!
[Tracking] wrote pre-reset trajectory to TrajectoryBeforeReset_oxf_kaz_r17_seg07_pid235614_1757385309789.txt
[Tracking] LOST for 10 consecutive frames -> reset
System Reseting
Reseting Local Mapper... done
Reseting Loop Closing... done
Reseting Database... done
0
New map created with 243 points for 0 Feature Type 
Tracking Initlized in 1.91s
The initlized frame ID: 1
The lost frame ID: 668
The lost frame ID: 669
The lost frame ID: 671
The lost frame ID: 674
The lost frame ID: 675
The lost frame ID: 677
The lost frame ID: 679
The lost frame ID: 682
The lost frame ID: 686
The lost frame ID: 691
The lost frame ID: 693
The lost frame ID: 694
The lost frame ID: 695
The lost frame ID: 696
The lost frame ID: 697
The lost frame ID: 698
The lost frame ID: 699
The lost frame ID: 701
The lost frame ID: 702
The lost frame ID: 703
The lost frame ID: 705
The lost frame ID: 706
The lost frame ID: 707
The lost frame ID: 708
The lost frame ID: 710
The lost frame ID: 711
The lost frame ID: 712
The lost frame ID: 713
The lost frame ID: 714
The lost frame ID: 715
The lost frame ID: 716
The lost frame ID: 717
The lost frame ID: 718

Saving camera trajectory to TrajectoryBeforeReset_oxf_kaz_r17_seg08_pid235614_1757385622961.txt ...

trajectory saved!
[Tracking] wrote pre-reset trajectory to TrajectoryBeforeReset_oxf_kaz_r17_seg08_pid235614_1757385622961.txt
[Tracking] LOST for 10 consecutive frames -> reset
System Reseting
Reseting Local Mapper... done
Reseting Loop Closing... done
Reseting Database... done
0
New map created with 167 points for 0 Feature Type 
Tracking Initlized in 4.01s
The initlized frame ID: 2
The lost frame ID: 135
The lost frame ID: 136
The lost frame ID: 137
The lost frame ID: 138
The lost frame ID: 139
The lost frame ID: 140
The lost frame ID: 141
The lost frame ID: 142
The lost frame ID: 145
The lost frame ID: 146
The lost frame ID: 149
The lost frame ID: 151
The lost frame ID: 152
The lost frame ID: 153
The lost frame ID: 154
The lost frame ID: 155
The lost frame ID: 156
The lost frame ID: 157
The lost frame ID: 159
The lost frame ID: 160
The lost frame ID: 161
The lost frame ID: 162
The lost frame ID: 163
The lost frame ID: 164
The lost frame ID: 165
The lost frame ID: 166
The lost frame ID: 167

Saving camera trajectory to TrajectoryBeforeReset_oxf_kaz_r17_seg09_pid235614_1757385700896.txt ...

trajectory saved!
[Tracking] wrote pre-reset trajectory to TrajectoryBeforeReset_oxf_kaz_r17_seg09_pid235614_1757385700896.txt
[Tracking] LOST for 10 consecutive frames -> reset
System Reseting
Reseting Local Mapper... done
Reseting Loop Closing... done
Reseting Database... done
0
New map created with 160 points for 0 Feature Type 
Tracking Initlized in 4.14s
The initlized frame ID: 2
The lost frame ID: 568
The lost frame ID: 569
The lost frame ID: 570
The lost frame ID: 571
The lost frame ID: 572
The lost frame ID: 573
The lost frame ID: 574
The lost frame ID: 575
The lost frame ID: 576

Saving camera trajectory to TrajectoryBeforeReset_oxf_kaz_r17_seg10_pid235614_1757385990169.txt ...

trajectory saved!
[Tracking] wrote pre-reset trajectory to TrajectoryBeforeReset_oxf_kaz_r17_seg10_pid235614_1757385990169.txt
[Tracking] LOST for 10 consecutive frames -> reset
System Reseting
Reseting Local Mapper... done
Reseting Loop Closing... done
Reseting Database... done
0
New map created with 273 points for 0 Feature Type 
Tracking Initlized in 11.47s
The initlized frame ID: 6
The lost frame ID: 483
The lost frame ID: 485
The lost frame ID: 486
The lost frame ID: 487
The lost frame ID: 488
The lost frame ID: 489
The lost frame ID: 490
The lost frame ID: 491
The lost frame ID: 493
The lost frame ID: 494
The lost frame ID: 495
The lost frame ID: 496
The lost frame ID: 497
The lost frame ID: 498
The lost frame ID: 499
The lost frame ID: 500
The lost frame ID: 501

Saving camera trajectory to TrajectoryBeforeReset_oxf_kaz_r17_seg11_pid235614_1757386233990.txt ...

trajectory saved!
[Tracking] wrote pre-reset trajectory to TrajectoryBeforeReset_oxf_kaz_r17_seg11_pid235614_1757386233990.txt
[Tracking] LOST for 10 consecutive frames -> reset
System Reseting
Reseting Local Mapper... done
Reseting Loop Closing... done
Reseting Database... done
0
New map created with 112 points for 0 Feature Type 
Tracking Initlized in 5.60s
The initlized frame ID: 3
Track lost soon after initialisation, reseting...
System Reseting
Reseting Local Mapper... done
Reseting Loop Closing... done
Reseting Database... done
0
New map created with 139 points for 0 Feature Type 
Tracking Initlized in 24.62s
The initlized frame ID: 13
The lost frame ID: 905
The lost frame ID: 906
The lost frame ID: 907
The lost frame ID: 908
The lost frame ID: 909
The lost frame ID: 910
The lost frame ID: 911
The lost frame ID: 912
The lost frame ID: 913

Saving camera trajectory to TrajectoryBeforeReset_oxf_kaz_r17_seg12_pid235614_1757386719438.txt ...

trajectory saved!
[Tracking] wrote pre-reset trajectory to TrajectoryBeforeReset_oxf_kaz_r17_seg12_pid235614_1757386719438.txt
[Tracking] LOST for 10 consecutive frames -> reset
System Reseting
Reseting Local Mapper... done
Reseting Loop Closing... done
Reseting Database... done
0
New map created with 356 points for 0 Feature Type 
Tracking Initlized in 3.95s
The initlized frame ID: 2
The lost frame ID: 1146
The lost frame ID: 1147
The lost frame ID: 1149
The lost frame ID: 1150
The lost frame ID: 1153
The lost frame ID: 1154
The lost frame ID: 1155
The lost frame ID: 1156
The lost frame ID: 1158
The lost frame ID: 1159
The lost frame ID: 1160
The lost frame ID: 1161
The lost frame ID: 1162
The lost frame ID: 1164
The lost frame ID: 1166
The lost frame ID: 1167
The lost frame ID: 1168
The lost frame ID: 1169
The lost frame ID: 1170
The lost frame ID: 1171
The lost frame ID: 1172
The lost frame ID: 1173
The lost frame ID: 1174

Saving camera trajectory to TrajectoryBeforeReset_oxf_kaz_r17_seg13_pid235614_1757387426693.txt ...

trajectory saved!
[Tracking] wrote pre-reset trajectory to TrajectoryBeforeReset_oxf_kaz_r17_seg13_pid235614_1757387426693.txt
[Tracking] LOST for 10 consecutive frames -> reset
System Reseting
Reseting Local Mapper... done
Reseting Loop Closing... done
Reseting Database... done
0
New map created with 266 points for 0 Feature Type 
Tracking Initlized in 64.66s
The initlized frame ID: 29
The lost frame ID: 1059
The lost frame ID: 1061
The lost frame ID: 1062
The lost frame ID: 1063
The lost frame ID: 1064
The lost frame ID: 1065
The lost frame ID: 1066
The lost frame ID: 1067
The lost frame ID: 1068
The lost frame ID: 1069

Saving camera trajectory to TrajectoryBeforeReset_oxf_kaz_r17_seg14_pid235614_1757387962344.txt ...

trajectory saved!
[Tracking] wrote pre-reset trajectory to TrajectoryBeforeReset_oxf_kaz_r17_seg14_pid235614_1757387962344.txt
[Tracking] LOST for 10 consecutive frames -> reset
System Reseting
Reseting Local Mapper... done
Reseting Loop Closing... done
Reseting Database... done
0
New map created with 115 points for 0 Feature Type 
Tracking Initlized in 34.50s
The initlized frame ID: 18
The lost frame ID: 162
The lost frame ID: 163
The lost frame ID: 164
The lost frame ID: 165
The lost frame ID: 166
The lost frame ID: 167
The lost frame ID: 168
The lost frame ID: 169
The lost frame ID: 170

Saving camera trajectory to TrajectoryBeforeReset_oxf_kaz_r17_seg15_pid235614_1757388058127.txt ...

trajectory saved!
[Tracking] wrote pre-reset trajectory to TrajectoryBeforeReset_oxf_kaz_r17_seg15_pid235614_1757388058127.txt
[Tracking] LOST for 10 consecutive frames -> reset
System Reseting
Reseting Local Mapper... done
Reseting Loop Closing... done
Reseting Database... done
0
New map created with 195 points for 0 Feature Type 
Tracking Initlized in 5.00s
The initlized frame ID: 2
System::StopViewer()
System::StopViewer() done

Saving correlation status...

Correlation status saved!

System Shutdown
-------

median tracking time: 0.462489
mean tracking time: 0.476414

Saving camera trajectory to result17.txt ...

trajectory saved!
All done

========== Performance Summary (ms) ==========
name                                mean      median        rmse         min         max       count
Lost Count                         1.000       1.000       0.000       1.000       1.000          15
Tracking                           5.799       5.042       3.368       1.269      43.491        7166
Reset Count                        1.000       1.000       0.000       1.000       1.000          16
Correlation                        0.001       0.000       0.001       0.000       0.024        6909
Total Init                     68150.730   68150.730       0.000   68150.730   68150.730           1
Pipeline                         476.036     462.254      68.356     289.960     722.438        7513
KAZE Extract                     466.117     452.665      67.504     283.928     713.802        7513
[WARN] Per-Channel Summary not found in run 17 (exit 0)
[RUN 18/20] 2025-09-09 04:22:10
Registering ORBextractor...
Registering AKAZEextractor...
Registering BRISKextractor...
Registering SIFTextractor...
Registering KAZEextractor...
Registering SuperPointExtractor...

ORB-SLAM2 Copyright (C) 2014-2016 Raul Mur-Artal, University of Zaragoza.
This program comes with ABSOLUTELY NO WARRANTY;
This is free software, and you are welcome to redistribute it
under certain conditions. See LICENSE.txt.

Input sensor was set to: Monocular

Loading Vocabulary : /home/howard/Refactored_ORB_SLAM2/Install/var/lib/orbslam2/voc/kaze_cv.fbow
This could take a while...
Loading KAZE Vocabulary in FBoW.
KAZE Vocabulary loaded in 0.009907s


Camera Parameters: 
- fx: 983.044
- fy: 983.044
- cx: 643.647
- cy: 493.379
- k1: 0
- k2: 0
- p1: 0
- p2: 0
- fps: 16
- color order: RGB (ignored if grayscale)

[Feature 0] KAZE Extractor Parameters: 
 ( TH_LOW: 0.5, TH_HIGH: 1 )
- Number of Features : 1000
- Scale Levels       : 4
- Scale Factor       : 1.2
- Threshold          : 0.0005
- nOctaves           : 4
- nOctaveLayers      : 4
- Extended (128‑dim) : 0
- Upright            : 0

-------
Start processing sequence ...
Images in the sequence: 7513

0
New map created with 350 points for 0 Feature Type 
Tracking Initlized in 316.51s
The initlized frame ID: 141
The lost frame ID: 830
The lost frame ID: 831
The lost frame ID: 832
The lost frame ID: 833
The lost frame ID: 834
The lost frame ID: 835
The lost frame ID: 836
The lost frame ID: 837
The lost frame ID: 838

Saving camera trajectory to TrajectoryBeforeReset_oxf_kaz_r18_seg01_pid662195_1757388532198.txt ...

trajectory saved!
[Tracking] wrote pre-reset trajectory to TrajectoryBeforeReset_oxf_kaz_r18_seg01_pid662195_1757388532198.txt
[Tracking] LOST for 10 consecutive frames -> reset
System Reseting
Reseting Local Mapper... done
Reseting Loop Closing... done
Reseting Database... done
0
New map created with 119 points for 0 Feature Type 
Tracking Initlized in 6.58s
The initlized frame ID: 3
The lost frame ID: 338
The lost frame ID: 351
The lost frame ID: 354
The lost frame ID: 362
The lost frame ID: 364
The lost frame ID: 366
The lost frame ID: 390
The lost frame ID: 392
The lost frame ID: 393
The lost frame ID: 394
The lost frame ID: 396
The lost frame ID: 399
The lost frame ID: 400
The lost frame ID: 402
The lost frame ID: 403
The lost frame ID: 404
The lost frame ID: 405
The lost frame ID: 406
The lost frame ID: 407
The lost frame ID: 408
The lost frame ID: 409
The lost frame ID: 410

Saving camera trajectory to TrajectoryBeforeReset_oxf_kaz_r18_seg02_pid662195_1757388726403.txt ...

trajectory saved!
[Tracking] wrote pre-reset trajectory to TrajectoryBeforeReset_oxf_kaz_r18_seg02_pid662195_1757388726403.txt
[Tracking] LOST for 10 consecutive frames -> reset
System Reseting
Reseting Local Mapper... done
Reseting Loop Closing... done
Reseting Database... done
0
New map created with 200 points for 0 Feature Type 
Tracking Initlized in 5.08s
The initlized frame ID: 2
The lost frame ID: 212
The lost frame ID: 213
The lost frame ID: 214
The lost frame ID: 215
The lost frame ID: 216
The lost frame ID: 217
The lost frame ID: 218
The lost frame ID: 219
The lost frame ID: 220

Saving camera trajectory to TrajectoryBeforeReset_oxf_kaz_r18_seg03_pid662195_1757388836915.txt ...

trajectory saved!
[Tracking] wrote pre-reset trajectory to TrajectoryBeforeReset_oxf_kaz_r18_seg03_pid662195_1757388836915.txt
[Tracking] LOST for 10 consecutive frames -> reset
System Reseting
Reseting Local Mapper... done
Reseting Loop Closing... done
Reseting Database... done
0
New map created with 149 points for 0 Feature Type 
Tracking Initlized in 35.87s
The initlized frame ID: 17
The lost frame ID: 267
The lost frame ID: 268
The lost frame ID: 269
The lost frame ID: 270
The lost frame ID: 271
The lost frame ID: 272
The lost frame ID: 273
The lost frame ID: 274
The lost frame ID: 275

Saving camera trajectory to TrajectoryBeforeReset_oxf_kaz_r18_seg04_pid662195_1757388969571.txt ...

trajectory saved!
[Tracking] wrote pre-reset trajectory to TrajectoryBeforeReset_oxf_kaz_r18_seg04_pid662195_1757388969571.txt
[Tracking] LOST for 10 consecutive frames -> reset
System Reseting
Reseting Local Mapper... done
Reseting Loop Closing... done
Reseting Database... done
0
New map created with 199 points for 0 Feature Type 
Tracking Initlized in 6.60s
The initlized frame ID: 3
The lost frame ID: 896
The lost frame ID: 897
The lost frame ID: 898
The lost frame ID: 899
The lost frame ID: 900
The lost frame ID: 901
The lost frame ID: 902
The lost frame ID: 903
The lost frame ID: 904

Saving camera trajectory to TrajectoryBeforeReset_oxf_kaz_r18_seg05_pid662195_1757389460854.txt ...

trajectory saved!
[Tracking] wrote pre-reset trajectory to TrajectoryBeforeReset_oxf_kaz_r18_seg05_pid662195_1757389460854.txt
[Tracking] LOST for 10 consecutive frames -> reset
System Reseting
Reseting Local Mapper... done
Reseting Loop Closing... done
Reseting Database... done
0
New map created with 223 points for 0 Feature Type 
Tracking Initlized in 4.24s
The initlized frame ID: 2
The lost frame ID: 108
The lost frame ID: 110
The lost frame ID: 112
The lost frame ID: 115
The lost frame ID: 117
The lost frame ID: 120
The lost frame ID: 121
The lost frame ID: 124
The lost frame ID: 131
The lost frame ID: 133
The lost frame ID: 134
The lost frame ID: 135
The lost frame ID: 136
The lost frame ID: 137
The lost frame ID: 138
The lost frame ID: 139
The lost frame ID: 140
The lost frame ID: 141

Saving camera trajectory to TrajectoryBeforeReset_oxf_kaz_r18_seg06_pid662195_1757389539157.txt ...

trajectory saved!
[Tracking] wrote pre-reset trajectory to TrajectoryBeforeReset_oxf_kaz_r18_seg06_pid662195_1757389539157.txt
[Tracking] LOST for 10 consecutive frames -> reset
System Reseting
Reseting Local Mapper... done
Reseting Loop Closing... done
Reseting Database... done
0
New map created with 223 points for 0 Feature Type 
Tracking Initlized in 2.31s
The initlized frame ID: 1
The lost frame ID: 154
The lost frame ID: 155
The lost frame ID: 156
The lost frame ID: 157
The lost frame ID: 158
The lost frame ID: 159
The lost frame ID: 161
The lost frame ID: 163
The lost frame ID: 166
The lost frame ID: 167
The lost frame ID: 168
The lost frame ID: 170
The lost frame ID: 174
The lost frame ID: 175
The lost frame ID: 176
The lost frame ID: 178
The lost frame ID: 179
The lost frame ID: 180
The lost frame ID: 181
The lost frame ID: 182
The lost frame ID: 183
The lost frame ID: 184
The lost frame ID: 185
The lost frame ID: 186

Saving camera trajectory to TrajectoryBeforeReset_oxf_kaz_r18_seg07_pid662195_1757389644460.txt ...

trajectory saved!
[Tracking] wrote pre-reset trajectory to TrajectoryBeforeReset_oxf_kaz_r18_seg07_pid662195_1757389644460.txt
[Tracking] LOST for 10 consecutive frames -> reset
System Reseting
Reseting Local Mapper... done
Reseting Loop Closing... done
Reseting Database... done
0
New map created with 160 points for 0 Feature Type 
Tracking Initlized in 4.75s
The initlized frame ID: 2
The lost frame ID: 567
The lost frame ID: 568
The lost frame ID: 569
The lost frame ID: 570
The lost frame ID: 571
The lost frame ID: 572
The lost frame ID: 573
The lost frame ID: 574
The lost frame ID: 575

Saving camera trajectory to TrajectoryBeforeReset_oxf_kaz_r18_seg08_pid662195_1757389994139.txt ...

trajectory saved!
[Tracking] wrote pre-reset trajectory to TrajectoryBeforeReset_oxf_kaz_r18_seg08_pid662195_1757389994139.txt
[Tracking] LOST for 10 consecutive frames -> reset
System Reseting
Reseting Local Mapper... done
Reseting Loop Closing... done
Reseting Database... done
0
New map created with 264 points for 0 Feature Type 
Tracking Initlized in 13.27s
The initlized frame ID: 6
The lost frame ID: 485
The lost frame ID: 486
The lost frame ID: 487
The lost frame ID: 488
The lost frame ID: 489
The lost frame ID: 490
The lost frame ID: 491
The lost frame ID: 492
The lost frame ID: 493

Saving camera trajectory to TrajectoryBeforeReset_oxf_kaz_r18_seg09_pid662195_1757390297501.txt ...

trajectory saved!
[Tracking] wrote pre-reset trajectory to TrajectoryBeforeReset_oxf_kaz_r18_seg09_pid662195_1757390297501.txt
[Tracking] LOST for 10 consecutive frames -> reset
System Reseting
Reseting Local Mapper... done
Reseting Loop Closing... done
Reseting Database... done
0
New map created with 161 points for 0 Feature Type 
Tracking Initlized in 9.98s
The initlized frame ID: 5
Track lost soon after initialisation, reseting...
System Reseting
Reseting Local Mapper... done
Reseting Loop Closing... done
Reseting Database... done
0
New map created with 148 points for 0 Feature Type 
Tracking Initlized in 66.28s
The initlized frame ID: 34
The lost frame ID: 175
The lost frame ID: 177
The lost frame ID: 179
The lost frame ID: 182
The lost frame ID: 183
The lost frame ID: 185
The lost frame ID: 187
The lost frame ID: 188
The lost frame ID: 189
The lost frame ID: 190
The lost frame ID: 193
The lost frame ID: 194
The lost frame ID: 195
The lost frame ID: 196
The lost frame ID: 198
The lost frame ID: 200
The lost frame ID: 201
The lost frame ID: 202
The lost frame ID: 204
The lost frame ID: 205
The lost frame ID: 206
The lost frame ID: 207
The lost frame ID: 208
The lost frame ID: 209
The lost frame ID: 210
The lost frame ID: 211
The lost frame ID: 212

Saving camera trajectory to TrajectoryBeforeReset_oxf_kaz_r18_seg10_pid662195_1757390420435.txt ...

trajectory saved!
[Tracking] wrote pre-reset trajectory to TrajectoryBeforeReset_oxf_kaz_r18_seg10_pid662195_1757390420435.txt
[Tracking] LOST for 10 consecutive frames -> reset
System Reseting
Reseting Local Mapper... done
Reseting Loop Closing... done
Reseting Database... done
0
New map created with 173 points for 0 Feature Type 
Tracking Initlized in 4.64s
The initlized frame ID: 2
The lost frame ID: 695
The lost frame ID: 696
The lost frame ID: 697
The lost frame ID: 698
The lost frame ID: 699
The lost frame ID: 700
The lost frame ID: 701
The lost frame ID: 702
The lost frame ID: 703

Saving camera trajectory to TrajectoryBeforeReset_oxf_kaz_r18_seg11_pid662195_1757390756662.txt ...

trajectory saved!
[Tracking] wrote pre-reset trajectory to TrajectoryBeforeReset_oxf_kaz_r18_seg11_pid662195_1757390756662.txt
[Tracking] LOST for 10 consecutive frames -> reset
System Reseting
Reseting Local Mapper... done
Reseting Loop Closing... done
Reseting Database... done
0
New map created with 333 points for 0 Feature Type 
Tracking Initlized in 4.11s
The initlized frame ID: 2
The lost frame ID: 1145
The lost frame ID: 1146
The lost frame ID: 1148
The lost frame ID: 1150
The lost frame ID: 1152
The lost frame ID: 1153
The lost frame ID: 1155
The lost frame ID: 1156
The lost frame ID: 1157
The lost frame ID: 1160
The lost frame ID: 1161
The lost frame ID: 1162
The lost frame ID: 1163
The lost frame ID: 1164
The lost frame ID: 1165
The lost frame ID: 1166
The lost frame ID: 1168
The lost frame ID: 1169
The lost frame ID: 1171
The lost frame ID: 1172
The lost frame ID: 1174
The lost frame ID: 1177
The lost frame ID: 1179
The lost frame ID: 1180
The lost frame ID: 1181
The lost frame ID: 1182
The lost frame ID: 1183
The lost frame ID: 1184
The lost frame ID: 1185
The lost frame ID: 1186
The lost frame ID: 1187

Saving camera trajectory to TrajectoryBeforeReset_oxf_kaz_r18_seg12_pid662195_1757391360168.txt ...

trajectory saved!
[Tracking] wrote pre-reset trajectory to TrajectoryBeforeReset_oxf_kaz_r18_seg12_pid662195_1757391360168.txt
[Tracking] LOST for 10 consecutive frames -> reset
System Reseting
Reseting Local Mapper... done
Reseting Loop Closing... done
Reseting Database... done
0
New map created with 193 points for 0 Feature Type 
Tracking Initlized in 94.20s
The initlized frame ID: 41
The lost frame ID: 1046
The lost frame ID: 1048
The lost frame ID: 1049
The lost frame ID: 1050
The lost frame ID: 1051
The lost frame ID: 1052
The lost frame ID: 1053
The lost frame ID: 1054
The lost frame ID: 1055
The lost frame ID: 1056

Saving camera trajectory to TrajectoryBeforeReset_oxf_kaz_r18_seg13_pid662195_1757392128923.txt ...

trajectory saved!
[Tracking] wrote pre-reset trajectory to TrajectoryBeforeReset_oxf_kaz_r18_seg13_pid662195_1757392128923.txt
[Tracking] LOST for 10 consecutive frames -> reset
System Reseting
Reseting Local Mapper... done
Reseting Loop Closing... done
Reseting Database... done
0
New map created with 104 points for 0 Feature Type 
Tracking Initlized in 40.66s
The initlized frame ID: 18
The lost frame ID: 162
The lost frame ID: 163
The lost frame ID: 164
The lost frame ID: 165
The lost frame ID: 166
The lost frame ID: 167
The lost frame ID: 168
The lost frame ID: 169
The lost frame ID: 170

Saving camera trajectory to TrajectoryBeforeReset_oxf_kaz_r18_seg14_pid662195_1757392257610.txt ...

trajectory saved!
[Tracking] wrote pre-reset trajectory to TrajectoryBeforeReset_oxf_kaz_r18_seg14_pid662195_1757392257610.txt
[Tracking] LOST for 10 consecutive frames -> reset
System Reseting
Reseting Local Mapper... done
Reseting Loop Closing... done
Reseting Database... done
0
New map created with 194 points for 0 Feature Type 
Tracking Initlized in 5.43s
The initlized frame ID: 2
System::StopViewer()
System::StopViewer() done

Saving correlation status...

Correlation status saved!

System Shutdown
-------

median tracking time: 0.513681
mean tracking time: 0.538587

Saving camera trajectory to result18.txt ...

trajectory saved!
All done

========== Performance Summary (ms) ==========
name                                mean      median        rmse         min         max       count
Lost Count                         1.000       1.000       0.000       1.000       1.000          14
Tracking                           6.281       5.421       3.858       0.961      61.121        7216
Reset Count                        1.000       1.000       0.000       1.000       1.000          15
Correlation                        0.001       0.000       0.000       0.000       0.019        6997
Total Init                     76548.811   76548.811       0.000   76548.811   76548.811           1
Pipeline                         538.170     513.601      96.653     338.645     903.929        7513
KAZE Extract                     527.410     503.220      95.576     325.937     861.306        7513
[WARN] Per-Channel Summary not found in run 18 (exit 0)
[RUN 19/20] 2025-09-09 05:32:20
Registering ORBextractor...
Registering AKAZEextractor...
Registering BRISKextractor...
Registering SIFTextractor...
Registering KAZEextractor...
Registering SuperPointExtractor...

ORB-SLAM2 Copyright (C) 2014-2016 Raul Mur-Artal, University of Zaragoza.
This program comes with ABSOLUTELY NO WARRANTY;
This is free software, and you are welcome to redistribute it
under certain conditions. See LICENSE.txt.

Input sensor was set to: Monocular

Loading Vocabulary : /home/howard/Refactored_ORB_SLAM2/Install/var/lib/orbslam2/voc/kaze_cv.fbow
This could take a while...
Loading KAZE Vocabulary in FBoW.
KAZE Vocabulary loaded in 0.016950s


Camera Parameters: 
- fx: 983.044
- fy: 983.044
- cx: 643.647
- cy: 493.379
- k1: 0
- k2: 0
- p1: 0
- p2: 0
- fps: 16
- color order: RGB (ignored if grayscale)

[Feature 0] KAZE Extractor Parameters: 
 ( TH_LOW: 0.5, TH_HIGH: 1 )
- Number of Features : 1000
- Scale Levels       : 4
- Scale Factor       : 1.2
- Threshold          : 0.0005
- nOctaves           : 4
- nOctaveLayers      : 4
- Extended (128‑dim) : 0
- Upright            : 0

-------
Start processing sequence ...
Images in the sequence: 7513

0
New map created with 350 points for 0 Feature Type 
Tracking Initlized in 341.76s
The initlized frame ID: 141
The lost frame ID: 424
The lost frame ID: 426
The lost frame ID: 427
The lost frame ID: 428
The lost frame ID: 429
The lost frame ID: 430
The lost frame ID: 431
The lost frame ID: 432
The lost frame ID: 433
The lost frame ID: 434

Saving camera trajectory to TrajectoryBeforeReset_oxf_kaz_r19_seg01_pid1033059_1757392580153.txt ...

trajectory saved!
[Tracking] wrote pre-reset trajectory to TrajectoryBeforeReset_oxf_kaz_r19_seg01_pid1033059_1757392580153.txt
[Tracking] LOST for 10 consecutive frames -> reset
System Reseting
Reseting Local Mapper... done
Reseting Loop Closing... done
Reseting Database... done
0
New map created with 289 points for 0 Feature Type 
Tracking Initlized in 191.88s
The initlized frame ID: 89
The lost frame ID: 395
The lost frame ID: 396
The lost frame ID: 397
The lost frame ID: 398
The lost frame ID: 399
The lost frame ID: 400
The lost frame ID: 401
The lost frame ID: 402
The lost frame ID: 403

Saving camera trajectory to TrajectoryBeforeReset_oxf_kaz_r19_seg02_pid1033059_1757392800818.txt ...

trajectory saved!
[Tracking] wrote pre-reset trajectory to TrajectoryBeforeReset_oxf_kaz_r19_seg02_pid1033059_1757392800818.txt
[Tracking] LOST for 10 consecutive frames -> reset
System Reseting
Reseting Local Mapper... done
Reseting Loop Closing... done
Reseting Database... done
0
New map created with 302 points for 0 Feature Type 
Tracking Initlized in 24.71s
The initlized frame ID: 11
The lost frame ID: 349
The lost frame ID: 351
The lost frame ID: 352
The lost frame ID: 353
The lost frame ID: 357
The lost frame ID: 360
The lost frame ID: 362
The lost frame ID: 366
The lost frame ID: 368
The lost frame ID: 373
The lost frame ID: 374
The lost frame ID: 375
The lost frame ID: 379
The lost frame ID: 383
The lost frame ID: 386
The lost frame ID: 388
The lost frame ID: 390
The lost frame ID: 392
The lost frame ID: 393
The lost frame ID: 394
The lost frame ID: 395
The lost frame ID: 397
The lost frame ID: 398
The lost frame ID: 400
The lost frame ID: 401
The lost frame ID: 402
The lost frame ID: 404
The lost frame ID: 405
The lost frame ID: 406
The lost frame ID: 407
The lost frame ID: 408
The lost frame ID: 409
The lost frame ID: 410
The lost frame ID: 411
The lost frame ID: 412

Saving camera trajectory to TrajectoryBeforeReset_oxf_kaz_r19_seg03_pid1033059_1757393030356.txt ...

trajectory saved!
[Tracking] wrote pre-reset trajectory to TrajectoryBeforeReset_oxf_kaz_r19_seg03_pid1033059_1757393030356.txt
[Tracking] LOST for 10 consecutive frames -> reset
System Reseting
Reseting Local Mapper... done
Reseting Loop Closing... done
Reseting Database... done
0
New map created with 187 points for 0 Feature Type 
Tracking Initlized in 4.58s
The initlized frame ID: 2
The lost frame ID: 224
The lost frame ID: 225
The lost frame ID: 226
The lost frame ID: 227
The lost frame ID: 228
The lost frame ID: 229
The lost frame ID: 230
The lost frame ID: 231
The lost frame ID: 232

Saving camera trajectory to TrajectoryBeforeReset_oxf_kaz_r19_seg04_pid1033059_1757393154630.txt ...

trajectory saved!
[Tracking] wrote pre-reset trajectory to TrajectoryBeforeReset_oxf_kaz_r19_seg04_pid1033059_1757393154630.txt
[Tracking] LOST for 10 consecutive frames -> reset
System Reseting
Reseting Local Mapper... done
Reseting Loop Closing... done
Reseting Database... done
0
New map created with 137 points for 0 Feature Type 
Tracking Initlized in 6.63s
The initlized frame ID: 3
The lost frame ID: 253
The lost frame ID: 254
The lost frame ID: 255
The lost frame ID: 256
The lost frame ID: 257
The lost frame ID: 258
The lost frame ID: 259
The lost frame ID: 260
The lost frame ID: 261

Saving camera trajectory to TrajectoryBeforeReset_oxf_kaz_r19_seg05_pid1033059_1757393297613.txt ...

trajectory saved!
[Tracking] wrote pre-reset trajectory to TrajectoryBeforeReset_oxf_kaz_r19_seg05_pid1033059_1757393297613.txt
[Tracking] LOST for 10 consecutive frames -> reset
System Reseting
Reseting Local Mapper... done
Reseting Loop Closing... done
Reseting Database... done
0
New map created with 121 points for 0 Feature Type 
Tracking Initlized in 56.39s
The initlized frame ID: 25
The lost frame ID: 809
The lost frame ID: 817
The lost frame ID: 818
The lost frame ID: 820
The lost frame ID: 823
The lost frame ID: 824
The lost frame ID: 827
The lost frame ID: 829
The lost frame ID: 830
The lost frame ID: 833
The lost frame ID: 834
The lost frame ID: 835
The lost frame ID: 836
The lost frame ID: 839
The lost frame ID: 840
The lost frame ID: 841
The lost frame ID: 842
The lost frame ID: 843
The lost frame ID: 845
The lost frame ID: 848
The lost frame ID: 850
The lost frame ID: 851
The lost frame ID: 852
The lost frame ID: 853
The lost frame ID: 854
The lost frame ID: 855
The lost frame ID: 856
The lost frame ID: 857
The lost frame ID: 858

Saving camera trajectory to TrajectoryBeforeReset_oxf_kaz_r19_seg06_pid1033059_1757393760694.txt ...

trajectory saved!
[Tracking] wrote pre-reset trajectory to TrajectoryBeforeReset_oxf_kaz_r19_seg06_pid1033059_1757393760694.txt
[Tracking] LOST for 10 consecutive frames -> reset
System Reseting
Reseting Local Mapper... done
Reseting Loop Closing... done
Reseting Database... done
0
New map created with 168 points for 0 Feature Type 
Tracking Initlized in 4.42s
The initlized frame ID: 2
Track lost soon after initialisation, reseting...
System Reseting
Reseting Local Mapper... done
Reseting Loop Closing... done
Reseting Database... done
0
New map created with 270 points for 0 Feature Type 
Tracking Initlized in 4.57s
The initlized frame ID: 2
Track lost soon after initialisation, reseting...
System Reseting
Reseting Local Mapper... done
Reseting Loop Closing... done
Reseting Database... done
0
New map created with 279 points for 0 Feature Type 
Tracking Initlized in 2.38s
The initlized frame ID: 1
Track lost soon after initialisation, reseting...
System Reseting
Reseting Local Mapper... done
Reseting Loop Closing... done
Reseting Database... done
0
New map created with 268 points for 0 Feature Type 
Tracking Initlized in 2.45s
The initlized frame ID: 1
Track lost soon after initialisation, reseting...
System Reseting
Reseting Local Mapper... done
Reseting Loop Closing... done
Reseting Database... done
0
New map created with 197 points for 0 Feature Type 
Tracking Initlized in 2.40s
The initlized frame ID: 1
The lost frame ID: 140
The lost frame ID: 142
The lost frame ID: 150
The lost frame ID: 153
The lost frame ID: 155
The lost frame ID: 160
The lost frame ID: 161
The lost frame ID: 163
The lost frame ID: 167
The lost frame ID: 168
The lost frame ID: 169
The lost frame ID: 172
The lost frame ID: 173
The lost frame ID: 175
The lost frame ID: 176
The lost frame ID: 177
The lost frame ID: 178
The lost frame ID: 179
The lost frame ID: 180
The lost frame ID: 182
The lost frame ID: 184
The lost frame ID: 185
The lost frame ID: 186
The lost frame ID: 187
The lost frame ID: 188
The lost frame ID: 189
The lost frame ID: 190
The lost frame ID: 191
The lost frame ID: 192

Saving camera trajectory to TrajectoryBeforeReset_oxf_kaz_r19_seg07_pid1033059_1757393878328.txt ...

trajectory saved!
[Tracking] wrote pre-reset trajectory to TrajectoryBeforeReset_oxf_kaz_r19_seg07_pid1033059_1757393878328.txt
[Tracking] LOST for 10 consecutive frames -> reset
System Reseting
Reseting Local Mapper... done
Reseting Loop Closing... done
Reseting Database... done
0
New map created with 182 points for 0 Feature Type 
Tracking Initlized in 4.76s
The initlized frame ID: 2
Track lost soon after initialisation, reseting...
System Reseting
Reseting Local Mapper... done
Reseting Loop Closing... done
Reseting Database... done
0
New map created with 172 points for 0 Feature Type 
Tracking Initlized in 4.79s
The initlized frame ID: 2
Track lost soon after initialisation, reseting...
System Reseting
Reseting Local Mapper... done
Reseting Loop Closing... done
Reseting Database... done
0
New map created with 145 points for 0 Feature Type 
Tracking Initlized in 4.42s
The initlized frame ID: 2
The lost frame ID: 126
The lost frame ID: 127
The lost frame ID: 128
The lost frame ID: 129
The lost frame ID: 131
The lost frame ID: 132
The lost frame ID: 133
The lost frame ID: 134
The lost frame ID: 136
The lost frame ID: 137
The lost frame ID: 138
The lost frame ID: 139
The lost frame ID: 140
The lost frame ID: 141
The lost frame ID: 142
The lost frame ID: 143
The lost frame ID: 145
The lost frame ID: 146
The lost frame ID: 148
The lost frame ID: 149
The lost frame ID: 150
The lost frame ID: 151
The lost frame ID: 152
The lost frame ID: 153
The lost frame ID: 154
The lost frame ID: 155
The lost frame ID: 156

Saving camera trajectory to TrajectoryBeforeReset_oxf_kaz_r19_seg08_pid1033059_1757393974569.txt ...

trajectory saved!
[Tracking] wrote pre-reset trajectory to TrajectoryBeforeReset_oxf_kaz_r19_seg08_pid1033059_1757393974569.txt
[Tracking] LOST for 10 consecutive frames -> reset
System Reseting
Reseting Local Mapper... done
Reseting Loop Closing... done
Reseting Database... done
0
New map created with 142 points for 0 Feature Type 
Tracking Initlized in 5.06s
The initlized frame ID: 2
The lost frame ID: 565
The lost frame ID: 566
The lost frame ID: 567
The lost frame ID: 568
The lost frame ID: 569
The lost frame ID: 570
The lost frame ID: 571
The lost frame ID: 572
The lost frame ID: 573

Saving camera trajectory to TrajectoryBeforeReset_oxf_kaz_r19_seg09_pid1033059_1757394349685.txt ...

trajectory saved!
[Tracking] wrote pre-reset trajectory to TrajectoryBeforeReset_oxf_kaz_r19_seg09_pid1033059_1757394349685.txt
[Tracking] LOST for 10 consecutive frames -> reset
System Reseting
Reseting Local Mapper... done
Reseting Loop Closing... done
Reseting Database... done
0
New map created with 237 points for 0 Feature Type 
Tracking Initlized in 23.04s
The initlized frame ID: 11
The lost frame ID: 488
The lost frame ID: 489
The lost frame ID: 490
The lost frame ID: 491
The lost frame ID: 492
The lost frame ID: 493
The lost frame ID: 494
The lost frame ID: 495
The lost frame ID: 496

Saving camera trajectory to TrajectoryBeforeReset_oxf_kaz_r19_seg10_pid1033059_1757394653334.txt ...

trajectory saved!
[Tracking] wrote pre-reset trajectory to TrajectoryBeforeReset_oxf_kaz_r19_seg10_pid1033059_1757394653334.txt
[Tracking] LOST for 10 consecutive frames -> reset
System Reseting
Reseting Local Mapper... done
Reseting Loop Closing... done
Reseting Database... done
0
New map created with 138 points for 0 Feature Type 
Tracking Initlized in 8.41s
The initlized frame ID: 4
Track lost soon after initialisation, reseting...
System Reseting
Reseting Local Mapper... done
Reseting Loop Closing... done
Reseting Database... done
0
New map created with 220 points for 0 Feature Type 
Tracking Initlized in 7.00s
The initlized frame ID: 3
The lost frame ID: 179
The lost frame ID: 181
The lost frame ID: 183
The lost frame ID: 184
The lost frame ID: 186
The lost frame ID: 187
The lost frame ID: 188
The lost frame ID: 189
The lost frame ID: 191
The lost frame ID: 192
The lost frame ID: 193
The lost frame ID: 194
The lost frame ID: 196
The lost frame ID: 197
The lost frame ID: 199
The lost frame ID: 200
The lost frame ID: 202
The lost frame ID: 203
The lost frame ID: 204
The lost frame ID: 205
The lost frame ID: 206
The lost frame ID: 207
The lost frame ID: 209
The lost frame ID: 210
The lost frame ID: 211
The lost frame ID: 212
The lost frame ID: 213
The lost frame ID: 214
The lost frame ID: 215
The lost frame ID: 216
The lost frame ID: 217

Saving camera trajectory to TrajectoryBeforeReset_oxf_kaz_r19_seg11_pid1033059_1757394791581.txt ...

trajectory saved!
[Tracking] wrote pre-reset trajectory to TrajectoryBeforeReset_oxf_kaz_r19_seg11_pid1033059_1757394791581.txt
[Tracking] LOST for 10 consecutive frames -> reset
System Reseting
Reseting Local Mapper... done
Reseting Loop Closing... done
Reseting Database... done
0
New map created with 202 points for 0 Feature Type 
Tracking Initlized in 4.90s
The initlized frame ID: 2
The lost frame ID: 696
The lost frame ID: 697
The lost frame ID: 698
The lost frame ID: 699
The lost frame ID: 700
The lost frame ID: 701
The lost frame ID: 702
The lost frame ID: 703
The lost frame ID: 704

Saving camera trajectory to TrajectoryBeforeReset_oxf_kaz_r19_seg12_pid1033059_1757395247596.txt ...

trajectory saved!
[Tracking] wrote pre-reset trajectory to TrajectoryBeforeReset_oxf_kaz_r19_seg12_pid1033059_1757395247596.txt
[Tracking] LOST for 10 consecutive frames -> reset
System Reseting
Reseting Local Mapper... done
Reseting Loop Closing... done
Reseting Database... done
0
New map created with 357 points for 0 Feature Type 
Tracking Initlized in 4.77s
The initlized frame ID: 2
The lost frame ID: 1147
The lost frame ID: 1150
The lost frame ID: 1153
The lost frame ID: 1154
The lost frame ID: 1155
The lost frame ID: 1157
The lost frame ID: 1158
The lost frame ID: 1159
The lost frame ID: 1160
The lost frame ID: 1161
The lost frame ID: 1162
The lost frame ID: 1163
The lost frame ID: 1164
The lost frame ID: 1166
The lost frame ID: 1167
The lost frame ID: 1168
The lost frame ID: 1171
The lost frame ID: 1174
The lost frame ID: 1176
The lost frame ID: 1187
The lost frame ID: 1188
The lost frame ID: 1190
The lost frame ID: 1192
The lost frame ID: 1193
The lost frame ID: 1194
The lost frame ID: 1195
The lost frame ID: 1196
The lost frame ID: 1197
The lost frame ID: 1198
The lost frame ID: 1199
The lost frame ID: 1201
The lost frame ID: 1202
The lost frame ID: 1203
The lost frame ID: 1204
The lost frame ID: 1205
The lost frame ID: 1206
The lost frame ID: 1209
The lost frame ID: 1210
The lost frame ID: 1212
The lost frame ID: 1213
The lost frame ID: 1214
The lost frame ID: 1215
The lost frame ID: 1216
The lost frame ID: 1217
The lost frame ID: 1218
The lost frame ID: 1219
The lost frame ID: 1221
The lost frame ID: 1222
The lost frame ID: 1223
The lost frame ID: 1224
The lost frame ID: 1225
The lost frame ID: 1226
The lost frame ID: 1227
The lost frame ID: 1228
The lost frame ID: 1231
The lost frame ID: 1232
The lost frame ID: 1233
The lost frame ID: 1234
The lost frame ID: 1235
The lost frame ID: 1236
The lost frame ID: 1237
The lost frame ID: 1238
The lost frame ID: 1239

Saving camera trajectory to TrajectoryBeforeReset_oxf_kaz_r19_seg13_pid1033059_1757396074492.txt ...

trajectory saved!
[Tracking] wrote pre-reset trajectory to TrajectoryBeforeReset_oxf_kaz_r19_seg13_pid1033059_1757396074492.txt
[Tracking] LOST for 10 consecutive frames -> reset
System Reseting
Reseting Local Mapper... done
Reseting Loop Closing... done
Reseting Database... done
0
New map created with 205 points for 0 Feature Type 
Tracking Initlized in 45.58s
The initlized frame ID: 19
The lost frame ID: 994
The lost frame ID: 995
The lost frame ID: 996
The lost frame ID: 997
The lost frame ID: 998
The lost frame ID: 999
The lost frame ID: 1000
The lost frame ID: 1001
The lost frame ID: 1002

Saving camera trajectory to TrajectoryBeforeReset_oxf_kaz_r19_seg14_pid1033059_1757396799345.txt ...

trajectory saved!
[Tracking] wrote pre-reset trajectory to TrajectoryBeforeReset_oxf_kaz_r19_seg14_pid1033059_1757396799345.txt
[Tracking] LOST for 10 consecutive frames -> reset
System Reseting
Reseting Local Mapper... done
Reseting Loop Closing... done
Reseting Database... done
0
New map created with 118 points for 0 Feature Type 
Tracking Initlized in 45.27s
The initlized frame ID: 20
The lost frame ID: 162
The lost frame ID: 163
The lost frame ID: 164
The lost frame ID: 165
The lost frame ID: 166
The lost frame ID: 167
The lost frame ID: 168
The lost frame ID: 169
The lost frame ID: 170

Saving camera trajectory to TrajectoryBeforeReset_oxf_kaz_r19_seg15_pid1033059_1757396931634.txt ...

trajectory saved!
[Tracking] wrote pre-reset trajectory to TrajectoryBeforeReset_oxf_kaz_r19_seg15_pid1033059_1757396931634.txt
[Tracking] LOST for 10 consecutive frames -> reset
System Reseting
Reseting Local Mapper... done
Reseting Loop Closing... done
Reseting Database... done
0
New map created with 170 points for 0 Feature Type 
Tracking Initlized in 5.17s
The initlized frame ID: 2
System::StopViewer()
System::StopViewer() done

Saving correlation status...

Correlation status saved!

System Shutdown
-------

median tracking time: 0.592868
mean tracking time: 0.597908

Saving camera trajectory to result19.txt ...

trajectory saved!
All done

========== Performance Summary (ms) ==========
name                                mean      median        rmse         min         max       count
Lost Count                         1.000       1.000       0.000       1.000       1.000          15
Tracking                           7.050       6.156       3.946       1.147      47.157        7141
Reset Count                        1.000       1.000       0.000       1.000       1.000          22
Correlation                        0.001       0.001       0.003       0.000       0.246        6823
Total Init                     89134.201   89134.201       0.000   89134.201   89134.201           1
Pipeline                         597.369     592.454      82.979     363.370    1043.084        7513
KAZE Extract                     584.948     579.176      82.032     346.907    1037.716        7513
[WARN] Per-Channel Summary not found in run 19 (exit 0)
[RUN 20/20] 2025-09-09 06:50:00
Registering ORBextractor...
Registering AKAZEextractor...
Registering BRISKextractor...
Registering SIFTextractor...
Registering KAZEextractor...
Registering SuperPointExtractor...

ORB-SLAM2 Copyright (C) 2014-2016 Raul Mur-Artal, University of Zaragoza.
This program comes with ABSOLUTELY NO WARRANTY;
This is free software, and you are welcome to redistribute it
under certain conditions. See LICENSE.txt.

Input sensor was set to: Monocular

Loading Vocabulary : /home/howard/Refactored_ORB_SLAM2/Install/var/lib/orbslam2/voc/kaze_cv.fbow
This could take a while...
Loading KAZE Vocabulary in FBoW.
KAZE Vocabulary loaded in 0.012880s


Camera Parameters: 
- fx: 983.044
- fy: 983.044
- cx: 643.647
- cy: 493.379
- k1: 0
- k2: 0
- p1: 0
- p2: 0
- fps: 16
- color order: RGB (ignored if grayscale)

[Feature 0] KAZE Extractor Parameters: 
 ( TH_LOW: 0.5, TH_HIGH: 1 )
- Number of Features : 1000
- Scale Levels       : 4
- Scale Factor       : 1.2
- Threshold          : 0.0005
- nOctaves           : 4
- nOctaveLayers      : 4
- Extended (128‑dim) : 0
- Upright            : 0

-------
Start processing sequence ...
Images in the sequence: 7513

0
New map created with 350 points for 0 Feature Type 
Tracking Initlized in 334.03s
The initlized frame ID: 141
The lost frame ID: 830
The lost frame ID: 831
The lost frame ID: 832
The lost frame ID: 833
The lost frame ID: 834
The lost frame ID: 835
The lost frame ID: 836
The lost frame ID: 837
The lost frame ID: 838

Saving camera trajectory to TrajectoryBeforeReset_oxf_kaz_r20_seg01_pid1394766_1757397460901.txt ...

trajectory saved!
[Tracking] wrote pre-reset trajectory to TrajectoryBeforeReset_oxf_kaz_r20_seg01_pid1394766_1757397460901.txt
[Tracking] LOST for 10 consecutive frames -> reset
System Reseting
Reseting Local Mapper... done
Reseting Loop Closing... done
Reseting Database... done
0
New map created with 119 points for 0 Feature Type 
Tracking Initlized in 6.65s
The initlized frame ID: 3
The lost frame ID: 334
The lost frame ID: 342
The lost frame ID: 344
The lost frame ID: 345
The lost frame ID: 355
The lost frame ID: 358
The lost frame ID: 360
The lost frame ID: 361
The lost frame ID: 362
The lost frame ID: 363
The lost frame ID: 364
The lost frame ID: 365
The lost frame ID: 367
The lost frame ID: 368
The lost frame ID: 369
The lost frame ID: 371
The lost frame ID: 372
The lost frame ID: 373
The lost frame ID: 374
The lost frame ID: 375
The lost frame ID: 378
The lost frame ID: 383
The lost frame ID: 385
The lost frame ID: 386
The lost frame ID: 389
The lost frame ID: 392
The lost frame ID: 394
The lost frame ID: 395
The lost frame ID: 396
The lost frame ID: 398
The lost frame ID: 400
The lost frame ID: 401
The lost frame ID: 403
The lost frame ID: 404
The lost frame ID: 405
The lost frame ID: 406
The lost frame ID: 407
The lost frame ID: 408
The lost frame ID: 409
The lost frame ID: 410
The lost frame ID: 411

Saving camera trajectory to TrajectoryBeforeReset_oxf_kaz_r20_seg02_pid1394766_1757397689223.txt ...

trajectory saved!
[Tracking] wrote pre-reset trajectory to TrajectoryBeforeReset_oxf_kaz_r20_seg02_pid1394766_1757397689223.txt
[Tracking] LOST for 10 consecutive frames -> reset
System Reseting
Reseting Local Mapper... done
Reseting Loop Closing... done
Reseting Database... done
0
New map created with 185 points for 0 Feature Type 
Tracking Initlized in 4.79s
The initlized frame ID: 2
Track lost soon after initialisation, reseting...
System Reseting
Reseting Local Mapper... done
Reseting Loop Closing... done
Reseting Database... done
0
New map created with 158 points for 0 Feature Type 
Tracking Initlized in 2.46s
The initlized frame ID: 1
The lost frame ID: 224
The lost frame ID: 225
The lost frame ID: 226
The lost frame ID: 227
The lost frame ID: 228
The lost frame ID: 229
The lost frame ID: 231
The lost frame ID: 232
The lost frame ID: 233
The lost frame ID: 234
The lost frame ID: 235
The lost frame ID: 236
The lost frame ID: 237
The lost frame ID: 238
The lost frame ID: 239

Saving camera trajectory to TrajectoryBeforeReset_oxf_kaz_r20_seg03_pid1394766_1757397829488.txt ...

trajectory saved!
[Tracking] wrote pre-reset trajectory to TrajectoryBeforeReset_oxf_kaz_r20_seg03_pid1394766_1757397829488.txt
[Tracking] LOST for 10 consecutive frames -> reset
System Reseting
Reseting Local Mapper... done
Reseting Loop Closing... done
Reseting Database... done
0
New map created with 240 points for 0 Feature Type 
Tracking Initlized in 14.12s
The initlized frame ID: 6
The lost frame ID: 243
The lost frame ID: 244
The lost frame ID: 245
The lost frame ID: 246
The lost frame ID: 247
The lost frame ID: 248
The lost frame ID: 249
The lost frame ID: 250
The lost frame ID: 251

Saving camera trajectory to TrajectoryBeforeReset_oxf_kaz_r20_seg04_pid1394766_1757397978621.txt ...

trajectory saved!
[Tracking] wrote pre-reset trajectory to TrajectoryBeforeReset_oxf_kaz_r20_seg04_pid1394766_1757397978621.txt
[Tracking] LOST for 10 consecutive frames -> reset
System Reseting
Reseting Local Mapper... done
Reseting Loop Closing... done
Reseting Database... done
0
New map created with 120 points for 0 Feature Type 
Tracking Initlized in 58.93s
The initlized frame ID: 25
The lost frame ID: 296
The lost frame ID: 300
The lost frame ID: 305
The lost frame ID: 308
The lost frame ID: 309
The lost frame ID: 310
The lost frame ID: 311
The lost frame ID: 312
The lost frame ID: 314
The lost frame ID: 315
The lost frame ID: 317
The lost frame ID: 318
The lost frame ID: 320
The lost frame ID: 326
The lost frame ID: 329
The lost frame ID: 331
The lost frame ID: 332
The lost frame ID: 333
The lost frame ID: 335
The lost frame ID: 336
The lost frame ID: 337
The lost frame ID: 338
The lost frame ID: 339
The lost frame ID: 340
The lost frame ID: 341
The lost frame ID: 343
The lost frame ID: 344
The lost frame ID: 345
The lost frame ID: 347
The lost frame ID: 348
The lost frame ID: 349
The lost frame ID: 350
The lost frame ID: 351
The lost frame ID: 352
The lost frame ID: 353
The lost frame ID: 355
The lost frame ID: 357
The lost frame ID: 358
The lost frame ID: 360
The lost frame ID: 362
The lost frame ID: 363
The lost frame ID: 365
The lost frame ID: 366
The lost frame ID: 367
The lost frame ID: 369
The lost frame ID: 372
The lost frame ID: 374
The lost frame ID: 375
The lost frame ID: 376
The lost frame ID: 377
The lost frame ID: 378
The lost frame ID: 379
The lost frame ID: 381
The lost frame ID: 384
The lost frame ID: 386
The lost frame ID: 387
The lost frame ID: 389
The lost frame ID: 391
The lost frame ID: 392
The lost frame ID: 395
The lost frame ID: 397
The lost frame ID: 401
The lost frame ID: 404
The lost frame ID: 406
The lost frame ID: 407
The lost frame ID: 408
The lost frame ID: 409
The lost frame ID: 410
The lost frame ID: 411
The lost frame ID: 412
The lost frame ID: 413
The lost frame ID: 414
The lost frame ID: 416
The lost frame ID: 420
The lost frame ID: 421
The lost frame ID: 423
The lost frame ID: 424
The lost frame ID: 425
The lost frame ID: 426
The lost frame ID: 427
The lost frame ID: 428
The lost frame ID: 429
The lost frame ID: 430
The lost frame ID: 431

Saving camera trajectory to TrajectoryBeforeReset_oxf_kaz_r20_seg05_pid1394766_1757398250204.txt ...

trajectory saved!
[Tracking] wrote pre-reset trajectory to TrajectoryBeforeReset_oxf_kaz_r20_seg05_pid1394766_1757398250204.txt
[Tracking] LOST for 10 consecutive frames -> reset
System Reseting
Reseting Local Mapper... done
Reseting Loop Closing... done
Reseting Database... done
0
New map created with 188 points for 0 Feature Type 
Tracking Initlized in 11.55s
The initlized frame ID: 5
The lost frame ID: 583
The lost frame ID: 584
The lost frame ID: 591
The lost frame ID: 593
The lost frame ID: 594
The lost frame ID: 596
The lost frame ID: 602
The lost frame ID: 604
The lost frame ID: 605
The lost frame ID: 606
The lost frame ID: 608
The lost frame ID: 609
The lost frame ID: 610
The lost frame ID: 611
The lost frame ID: 612
The lost frame ID: 613
The lost frame ID: 614
The lost frame ID: 615
The lost frame ID: 617
The lost frame ID: 618
The lost frame ID: 619
The lost frame ID: 620
The lost frame ID: 621
The lost frame ID: 622
The lost frame ID: 623
The lost frame ID: 624
The lost frame ID: 625

Saving camera trajectory to TrajectoryBeforeReset_oxf_kaz_r20_seg06_pid1394766_1757398600924.txt ...

trajectory saved!
[Tracking] wrote pre-reset trajectory to TrajectoryBeforeReset_oxf_kaz_r20_seg06_pid1394766_1757398600924.txt
[Tracking] LOST for 10 consecutive frames -> reset
System Reseting
Reseting Local Mapper... done
Reseting Loop Closing... done
Reseting Database... done
0
New map created with 209 points for 0 Feature Type 
Tracking Initlized in 2.51s
The initlized frame ID: 1
The lost frame ID: 7
The lost frame ID: 8
The lost frame ID: 9
The lost frame ID: 10
The lost frame ID: 11
The lost frame ID: 12
The lost frame ID: 13
The lost frame ID: 14
The lost frame ID: 15

Saving camera trajectory to TrajectoryBeforeReset_oxf_kaz_r20_seg07_pid1394766_1757398610302.txt ...

trajectory saved!
[Tracking] wrote pre-reset trajectory to TrajectoryBeforeReset_oxf_kaz_r20_seg07_pid1394766_1757398610302.txt
[Tracking] LOST for 10 consecutive frames -> reset
System Reseting
Reseting Local Mapper... done
Reseting Loop Closing... done
Reseting Database... done
0
New map created with 147 points for 0 Feature Type 
Tracking Initlized in 4.63s
The initlized frame ID: 2
The lost frame ID: 126
The lost frame ID: 127
The lost frame ID: 128
The lost frame ID: 129
The lost frame ID: 131
The lost frame ID: 132
The lost frame ID: 133
The lost frame ID: 135
The lost frame ID: 136
The lost frame ID: 137
The lost frame ID: 138
The lost frame ID: 139
The lost frame ID: 140
The lost frame ID: 141
The lost frame ID: 142
The lost frame ID: 145
The lost frame ID: 146
The lost frame ID: 149
The lost frame ID: 150
The lost frame ID: 151
The lost frame ID: 152
The lost frame ID: 153
The lost frame ID: 154
The lost frame ID: 155
The lost frame ID: 156
The lost frame ID: 157

Saving camera trajectory to TrajectoryBeforeReset_oxf_kaz_r20_seg08_pid1394766_1757398695623.txt ...

trajectory saved!
[Tracking] wrote pre-reset trajectory to TrajectoryBeforeReset_oxf_kaz_r20_seg08_pid1394766_1757398695623.txt
[Tracking] LOST for 10 consecutive frames -> reset
System Reseting
Reseting Local Mapper... done
Reseting Loop Closing... done
Reseting Database... done
0
New map created with 140 points for 0 Feature Type 
Tracking Initlized in 4.56s
The initlized frame ID: 2
The lost frame ID: 565
The lost frame ID: 566
The lost frame ID: 567
The lost frame ID: 568
The lost frame ID: 569
The lost frame ID: 570
The lost frame ID: 571
The lost frame ID: 572
The lost frame ID: 573

Saving camera trajectory to TrajectoryBeforeReset_oxf_kaz_r20_seg09_pid1394766_1757398992797.txt ...

trajectory saved!
[Tracking] wrote pre-reset trajectory to TrajectoryBeforeReset_oxf_kaz_r20_seg09_pid1394766_1757398992797.txt
[Tracking] LOST for 10 consecutive frames -> reset
System Reseting
Reseting Local Mapper... done
Reseting Loop Closing... done
Reseting Database... done
0
New map created with 250 points for 0 Feature Type 
Tracking Initlized in 20.08s
The initlized frame ID: 10
The lost frame ID: 489
The lost frame ID: 490
The lost frame ID: 491
The lost frame ID: 492
The lost frame ID: 493
The lost frame ID: 494
The lost frame ID: 495
The lost frame ID: 496
The lost frame ID: 497

Saving camera trajectory to TrajectoryBeforeReset_oxf_kaz_r20_seg10_pid1394766_1757399230154.txt ...

trajectory saved!
[Tracking] wrote pre-reset trajectory to TrajectoryBeforeReset_oxf_kaz_r20_seg10_pid1394766_1757399230154.txt
[Tracking] LOST for 10 consecutive frames -> reset
System Reseting
Reseting Local Mapper... done
Reseting Loop Closing... done
Reseting Database... done
0
New map created with 143 points for 0 Feature Type 
Tracking Initlized in 10.08s
The initlized frame ID: 5
The lost frame ID: 183
The lost frame ID: 184
The lost frame ID: 186
The lost frame ID: 188
The lost frame ID: 190
The lost frame ID: 191
The lost frame ID: 192
The lost frame ID: 193
The lost frame ID: 195
The lost frame ID: 196
The lost frame ID: 197
The lost frame ID: 198
The lost frame ID: 201
The lost frame ID: 202
The lost frame ID: 203
The lost frame ID: 204
The lost frame ID: 205
The lost frame ID: 206
The lost frame ID: 207
The lost frame ID: 208
The lost frame ID: 209

Saving camera trajectory to TrajectoryBeforeReset_oxf_kaz_r20_seg11_pid1394766_1757399319986.txt ...

trajectory saved!
[Tracking] wrote pre-reset trajectory to TrajectoryBeforeReset_oxf_kaz_r20_seg11_pid1394766_1757399319986.txt
[Tracking] LOST for 10 consecutive frames -> reset
System Reseting
Reseting Local Mapper... done
Reseting Loop Closing... done
Reseting Database... done
0
New map created with 244 points for 0 Feature Type 
Tracking Initlized in 4.34s
The initlized frame ID: 2
The lost frame ID: 708
The lost frame ID: 709
The lost frame ID: 710
The lost frame ID: 711
The lost frame ID: 712
The lost frame ID: 713
The lost frame ID: 714
The lost frame ID: 715
The lost frame ID: 716

Saving camera trajectory to TrajectoryBeforeReset_oxf_kaz_r20_seg12_pid1394766_1757399661953.txt ...

trajectory saved!
[Tracking] wrote pre-reset trajectory to TrajectoryBeforeReset_oxf_kaz_r20_seg12_pid1394766_1757399661953.txt
[Tracking] LOST for 10 consecutive frames -> reset
System Reseting
Reseting Local Mapper... done
Reseting Loop Closing... done
Reseting Database... done
0
New map created with 352 points for 0 Feature Type 
Tracking Initlized in 3.87s
The initlized frame ID: 2
The lost frame ID: 1147
The lost frame ID: 1149
The lost frame ID: 2234
The lost frame ID: 2235
The lost frame ID: 2236
The lost frame ID: 2237
The lost frame ID: 2238
The lost frame ID: 2239
The lost frame ID: 2240
The lost frame ID: 2241
The lost frame ID: 2242

Saving camera trajectory to TrajectoryBeforeReset_oxf_kaz_r20_seg13_pid1394766_1757400774375.txt ...

trajectory saved!
[Tracking] wrote pre-reset trajectory to TrajectoryBeforeReset_oxf_kaz_r20_seg13_pid1394766_1757400774375.txt
[Tracking] LOST for 10 consecutive frames -> reset
System Reseting
Reseting Local Mapper... done
Reseting Loop Closing... done
Reseting Database... done
0
New map created with 120 points for 0 Feature Type 
Tracking Initlized in 39.66s
The initlized frame ID: 20
The lost frame ID: 164
The lost frame ID: 165
The lost frame ID: 166
The lost frame ID: 167
The lost frame ID: 168
The lost frame ID: 169
The lost frame ID: 170
The lost frame ID: 171
The lost frame ID: 172

Saving camera trajectory to TrajectoryBeforeReset_oxf_kaz_r20_seg14_pid1394766_1757400869988.txt ...

trajectory saved!
[Tracking] wrote pre-reset trajectory to TrajectoryBeforeReset_oxf_kaz_r20_seg14_pid1394766_1757400869988.txt
[Tracking] LOST for 10 consecutive frames -> reset
System Reseting
Reseting Local Mapper... done
Reseting Loop Closing... done
Reseting Database... done
0
New map created with 192 points for 0 Feature Type 
Tracking Initlized in 4.91s
The initlized frame ID: 2
System::StopViewer()
System::StopViewer() done

Saving correlation status...

Correlation status saved!

System Shutdown
-------

median tracking time: 0.494575
mean tracking time: 0.502335

Saving camera trajectory to result20.txt ...

trajectory saved!
All done

========== Performance Summary (ms) ==========
name                                mean      median        rmse         min         max       count
Lost Count                         1.000       1.000       0.000       1.000       1.000          14
Tracking                           6.292       5.685       3.490       1.120      62.328        7268
Reset Count                        1.000       1.000       0.000       1.000       1.000          15
Correlation                        0.001       0.001       0.001       0.000       0.060        6965
Total Init                     86436.218   86436.218       0.000   86436.218   86436.218           1
Pipeline                         501.958     494.515      57.237     274.850    1154.612        7513
KAZE Extract                     490.615     483.545      55.755     267.681    1109.649        7513
[WARN] Per-Channel Summary not found in run 20 (exit 0)
[DONE] Summary: /home/howard/Refactored_ORB_SLAM2/Experiments/Performances/oxf_kaz_pref.txt
[SKIP] No Per-Channel summaries captured; no correlation files created.
[DONE] Logs:    /home/howard/Refactored_ORB_SLAM2/Experiments/Logs/oxf_kaz
[DONE] Results: /home/howard/Refactored_ORB_SLAM2/Experiments/Poses/oxf_kaz
[SKIP] --noEvo set; skip APE/RPE for 'oxf_kaz'.
line=name=oxf_orb_sft seq=~/dataset/tum/oxf_car yaml=../Install/etc/orbslam2/Monocular/TUM_OC.yaml runs=20 exe=../Install/bin features=[ORB,SIFT]
[INFO] YAML for oxf_orb_sft: TUM_OC.yaml -> oxf_orb_sft.yaml  [ORB SIFT]

===== RUN: oxf_orb_sft =====
[bench] seq=/home/howard/dataset/tum/oxf_car  yaml=../../../../Experiments/oxf_orb_sft.yaml  runs=20  exe_dir=../Install/bin  mode=tum times=
[INFO] name=oxf_orb_sft  seq=/home/howard/dataset/tum/oxf_car  runs=20  yaml=../../../../Experiments/oxf_orb_sft.yaml  withCorr=1  mode=tum  times=
[RUN 01/20] 2025-09-09 07:55:39
Registering ORBextractor...
Registering AKAZEextractor...
Registering BRISKextractor...
Registering SIFTextractor...
Registering KAZEextractor...
Registering SuperPointExtractor...

ORB-SLAM2 Copyright (C) 2014-2016 Raul Mur-Artal, University of Zaragoza.
This program comes with ABSOLUTELY NO WARRANTY;
This is free software, and you are welcome to redistribute it
under certain conditions. See LICENSE.txt.

Input sensor was set to: Monocular

Loading Vocabulary : /home/howard/Refactored_ORB_SLAM2/Install/var/lib/orbslam2/voc/orb_mur.fbow
This could take a while...
Loading ORB Vocabulary in FBoW.
ORB Vocabulary loaded in 0.017667s


Loading Vocabulary : /home/howard/Refactored_ORB_SLAM2/Install/var/lib/orbslam2/voc/sift_cv.fbow
This could take a while...
Loading SIFT Vocabulary in FBoW.
SIFT Vocabulary loaded in 0.177904s


Camera Parameters: 
- fx: 983.044
- fy: 983.044
- cx: 643.647
- cy: 493.379
- k1: 0
- k2: 0
- p1: 0
- p2: 0
- fps: 16
- color order: RGB (ignored if grayscale)

[Feature 0] ORB Extractor Parameters: 
 ( TH_LOW: 50, TH_HIGH: 100 )
- Number of Features: 2000
- Scale Levels: 8
- Scale Factor: 1.2
- Initial Fast Threshold: 20
- Minimum Fast Threshold: 7

[Feature 1] SIFT Extractor Parameters: 
 ( TH_LOW: 300, TH_HIGH: 500 )
- Number of Features  : 1000
- Scale Levels        : 1
- Scale Factor        : 1
- Contrast Threshold  : 0.001
- Edge Threshold      : 5
- nOctaves            : 3
- Sigma               : 1.6

-------
Start processing sequence ...
Images in the sequence: 7513

1
New map created with 135 points for 0 Feature Type 
New map created with 585 points for 1 Feature Type 
Tracking Initlized in 91.44s
The initlized frame ID: 138
The lost frame ID: 831
The lost frame ID: 832
The lost frame ID: 833
The lost frame ID: 834
The lost frame ID: 835
The lost frame ID: 836
The lost frame ID: 837
The lost frame ID: 839
The lost frame ID: 840
The lost frame ID: 842
The lost frame ID: 843
The lost frame ID: 844
The lost frame ID: 845
The lost frame ID: 846
The lost frame ID: 847
The lost frame ID: 848
The lost frame ID: 849
The lost frame ID: 850

Saving camera trajectory to TrajectoryBeforeReset_oxf_orb_sft_r01_seg01_pid1684047_1757401073476.txt ...

trajectory saved!
[Tracking] wrote pre-reset trajectory to TrajectoryBeforeReset_oxf_orb_sft_r01_seg01_pid1684047_1757401073476.txt
[Tracking] LOST for 10 consecutive frames -> reset
System Reseting
Reseting Local Mapper... done
Reseting Loop Closing... done
Reseting Database... done
0
New map created with 112 points for 0 Feature Type 
New map created with 625 points for 1 Feature Type 
Tracking Initlized in 1.40s
The initlized frame ID: 2
The lost frame ID: 630
The lost frame ID: 631
The lost frame ID: 632
The lost frame ID: 633
The lost frame ID: 634
The lost frame ID: 635
The lost frame ID: 636
The lost frame ID: 637
The lost frame ID: 638

Saving camera trajectory to TrajectoryBeforeReset_oxf_orb_sft_r01_seg02_pid1684047_1757401169479.txt ...

trajectory saved!
[Tracking] wrote pre-reset trajectory to TrajectoryBeforeReset_oxf_orb_sft_r01_seg02_pid1684047_1757401169479.txt
[Tracking] LOST for 10 consecutive frames -> reset
System Reseting
Reseting Local Mapper... done
Reseting Loop Closing... done
Reseting Database... done
1
New map created with 61 points for 0 Feature Type 
New map created with 477 points for 1 Feature Type 
Tracking Initlized in 4.62s
The initlized frame ID: 7
The lost frame ID: 250
The lost frame ID: 251
The lost frame ID: 252
The lost frame ID: 253
The lost frame ID: 254
The lost frame ID: 255
The lost frame ID: 256
The lost frame ID: 257
The lost frame ID: 258

Saving camera trajectory to TrajectoryBeforeReset_oxf_orb_sft_r01_seg03_pid1684047_1757401211886.txt ...

trajectory saved!
[Tracking] wrote pre-reset trajectory to TrajectoryBeforeReset_oxf_orb_sft_r01_seg03_pid1684047_1757401211886.txt
[Tracking] LOST for 10 consecutive frames -> reset
System Reseting
Reseting Local Mapper... done
Reseting Loop Closing... done
Reseting Database... done
1
New map created with 86 points for 0 Feature Type 
New map created with 337 points for 1 Feature Type 
Tracking Initlized in 1.48s
The initlized frame ID: 2
The lost frame ID: 1011
The lost frame ID: 1012
The lost frame ID: 1013
The lost frame ID: 1014
The lost frame ID: 1015
The lost frame ID: 1016
The lost frame ID: 1017
The lost frame ID: 1018
The lost frame ID: 1019

Saving camera trajectory to TrajectoryBeforeReset_oxf_orb_sft_r01_seg04_pid1684047_1757401374351.txt ...

trajectory saved!
[Tracking] wrote pre-reset trajectory to TrajectoryBeforeReset_oxf_orb_sft_r01_seg04_pid1684047_1757401374351.txt
[Tracking] LOST for 10 consecutive frames -> reset
System Reseting
Reseting Local Mapper... done
Reseting Loop Closing... done
Reseting Database... done
1
New map created with 60 points for 0 Feature Type 
New map created with 188 points for 1 Feature Type 
Tracking Initlized in 1.28s
The initlized frame ID: 2
The lost frame ID: 14
The lost frame ID: 15
The lost frame ID: 16
The lost frame ID: 17
The lost frame ID: 18
The lost frame ID: 19
The lost frame ID: 20
The lost frame ID: 21
The lost frame ID: 22

Saving camera trajectory to TrajectoryBeforeReset_oxf_orb_sft_r01_seg05_pid1684047_1757401378816.txt ...

trajectory saved!
[Tracking] wrote pre-reset trajectory to TrajectoryBeforeReset_oxf_orb_sft_r01_seg05_pid1684047_1757401378816.txt
[Tracking] LOST for 10 consecutive frames -> reset
System Reseting
Reseting Local Mapper... done
Reseting Loop Closing... done
Reseting Database... done
1
New map created with 88 points for 0 Feature Type 
New map created with 285 points for 1 Feature Type 
Tracking Initlized in 0.69s
The initlized frame ID: 1
The lost frame ID: 157
The lost frame ID: 158
The lost frame ID: 159
The lost frame ID: 160
The lost frame ID: 161
The lost frame ID: 162
The lost frame ID: 163
The lost frame ID: 164
The lost frame ID: 165

Saving camera trajectory to TrajectoryBeforeReset_oxf_orb_sft_r01_seg06_pid1684047_1757401403707.txt ...

trajectory saved!
[Tracking] wrote pre-reset trajectory to TrajectoryBeforeReset_oxf_orb_sft_r01_seg06_pid1684047_1757401403707.txt
[Tracking] LOST for 10 consecutive frames -> reset
System Reseting
Reseting Local Mapper... done
Reseting Loop Closing... done
Reseting Database... done
1
New map created with 70 points for 0 Feature Type 
New map created with 146 points for 1 Feature Type 
Tracking Initlized in 1.41s
The initlized frame ID: 2
The lost frame ID: 595
The lost frame ID: 596
The lost frame ID: 597
The lost frame ID: 598
The lost frame ID: 599
The lost frame ID: 600
The lost frame ID: 601
The lost frame ID: 602
The lost frame ID: 603

Saving camera trajectory to TrajectoryBeforeReset_oxf_orb_sft_r01_seg07_pid1684047_1757401492817.txt ...

trajectory saved!
[Tracking] wrote pre-reset trajectory to TrajectoryBeforeReset_oxf_orb_sft_r01_seg07_pid1684047_1757401492817.txt
[Tracking] LOST for 10 consecutive frames -> reset
System Reseting
Reseting Local Mapper... done
Reseting Loop Closing... done
Reseting Database... done
1
New map created with 112 points for 0 Feature Type 
New map created with 549 points for 1 Feature Type 
Tracking Initlized in 1.29s
The initlized frame ID: 2
The lost frame ID: 819
The lost frame ID: 820
The lost frame ID: 821
The lost frame ID: 822
The lost frame ID: 823
The lost frame ID: 824
The lost frame ID: 825
The lost frame ID: 826
The lost frame ID: 827

Saving camera trajectory to TrajectoryBeforeReset_oxf_orb_sft_r01_seg08_pid1684047_1757401615033.txt ...

trajectory saved!
[Tracking] wrote pre-reset trajectory to TrajectoryBeforeReset_oxf_orb_sft_r01_seg08_pid1684047_1757401615033.txt
[Tracking] LOST for 10 consecutive frames -> reset
System Reseting
Reseting Local Mapper... done
Reseting Loop Closing... done
Reseting Database... done
1
New map created with 82 points for 0 Feature Type 
New map created with 396 points for 1 Feature Type 
Tracking Initlized in 1.33s
The initlized frame ID: 2
The lost frame ID: 581
The lost frame ID: 582
The lost frame ID: 583
The lost frame ID: 584
The lost frame ID: 585
The lost frame ID: 586
The lost frame ID: 587
The lost frame ID: 588
The lost frame ID: 589

Saving camera trajectory to TrajectoryBeforeReset_oxf_orb_sft_r01_seg09_pid1684047_1757401704820.txt ...

trajectory saved!
[Tracking] wrote pre-reset trajectory to TrajectoryBeforeReset_oxf_orb_sft_r01_seg09_pid1684047_1757401704820.txt
[Tracking] LOST for 10 consecutive frames -> reset
System Reseting
Reseting Local Mapper... done
Reseting Loop Closing... done
Reseting Database... done
0
New map created with 142 points for 0 Feature Type 
New map created with 753 points for 1 Feature Type 
Tracking Initlized in 1.37s
The initlized frame ID: 2
The lost frame ID: 2242
The lost frame ID: 2243
The lost frame ID: 2244
The lost frame ID: 2245
The lost frame ID: 2246
The lost frame ID: 2247
The lost frame ID: 2248
The lost frame ID: 2249
The lost frame ID: 2250

Saving camera trajectory to TrajectoryBeforeReset_oxf_orb_sft_r01_seg10_pid1684047_1757402054494.txt ...

trajectory saved!
[Tracking] wrote pre-reset trajectory to TrajectoryBeforeReset_oxf_orb_sft_r01_seg10_pid1684047_1757402054494.txt
[Tracking] LOST for 10 consecutive frames -> reset
System Reseting
Reseting Local Mapper... done
Reseting Loop Closing... done
Reseting Database... done
1
New map created with 24 points for 0 Feature Type 
New map created with 146 points for 1 Feature Type 
Tracking Initlized in 5.92s
The initlized frame ID: 10
Track lost soon after initialisation, reseting...
System Reseting
Reseting Local Mapper... done
Reseting Loop Closing... done
Reseting Database... done
0
New map created with 109 points for 0 Feature Type 
New map created with 320 points for 1 Feature Type 
Tracking Initlized in 0.89s
The initlized frame ID: 1
The lost frame ID: 137
The lost frame ID: 138
The lost frame ID: 139
The lost frame ID: 140
The lost frame ID: 141
The lost frame ID: 142
The lost frame ID: 143
The lost frame ID: 144
The lost frame ID: 145

Saving camera trajectory to TrajectoryBeforeReset_oxf_orb_sft_r01_seg11_pid1684047_1757402079658.txt ...

trajectory saved!
[Tracking] wrote pre-reset trajectory to TrajectoryBeforeReset_oxf_orb_sft_r01_seg11_pid1684047_1757402079658.txt
[Tracking] LOST for 10 consecutive frames -> reset
System Reseting
Reseting Local Mapper... done
Reseting Loop Closing... done
Reseting Database... done
0
New map created with 113 points for 0 Feature Type 
New map created with 332 points for 1 Feature Type 
Tracking Initlized in 0.84s
The initlized frame ID: 1
System::StopViewer()
System::StopViewer() done

Saving correlation status...

========== Global Summary ==========
Frames: 7207
avg_CorrEdges: 5.51408
avg_match_A: 99.4418
avg_match_B: 89.9954
global_RI_MNR: 0.0612707
global_RI_GNR: 0.0582879
global_RI_DICE: 0.0582154

========== Per-Channel Summary ==========
   chA   chB     avgCorr        avgA        avgB   avgRI_MNR   avgRI_GNR  avgRI_DICE
     0     1     5.51408     99.4418     89.9954   0.0636278   0.0538804   0.0528421

Correlation status saved!

System Shutdown
-------

median tracking time: 0.130216
mean tracking time: 0.133274

Saving camera trajectory to result01.txt ...

trajectory saved!
All done

========== Performance Summary (ms) ==========
name                                mean      median        rmse         min         max       count
Lost Count                         1.000       1.000       0.000       1.000       1.000          11
Tracking                           8.288       7.234       8.616       1.111     464.198        7328
Reset Count                        1.000       1.000       0.000       1.000       1.000          12
Correlation                        0.174       0.151       0.121       0.004       5.879        7208
Total Init                     30207.234   30207.234       0.000   30207.234   30207.234           1
Pipeline                         132.675     130.152      23.349      83.757     613.521        7513
SIFT Extract                     119.645     118.188      19.092      76.383     212.552        7513
ORB Extract                       29.581      27.911       7.359       7.426      80.115        7513
[RUN 02/20] 2025-09-09 08:14:59
Registering ORBextractor...
Registering AKAZEextractor...
Registering BRISKextractor...
Registering SIFTextractor...
Registering KAZEextractor...
Registering SuperPointExtractor...

ORB-SLAM2 Copyright (C) 2014-2016 Raul Mur-Artal, University of Zaragoza.
This program comes with ABSOLUTELY NO WARRANTY;
This is free software, and you are welcome to redistribute it
under certain conditions. See LICENSE.txt.

Input sensor was set to: Monocular

Loading Vocabulary : /home/howard/Refactored_ORB_SLAM2/Install/var/lib/orbslam2/voc/orb_mur.fbow
This could take a while...
Loading ORB Vocabulary in FBoW.
ORB Vocabulary loaded in 0.027687s


Loading Vocabulary : /home/howard/Refactored_ORB_SLAM2/Install/var/lib/orbslam2/voc/sift_cv.fbow
This could take a while...
Loading SIFT Vocabulary in FBoW.
SIFT Vocabulary loaded in 0.138606s


Camera Parameters: 
- fx: 983.044
- fy: 983.044
- cx: 643.647
- cy: 493.379
- k1: 0
- k2: 0
- p1: 0
- p2: 0
- fps: 16
- color order: RGB (ignored if grayscale)

[Feature 0] ORB Extractor Parameters: 
 ( TH_LOW: 50, TH_HIGH: 100 )
- Number of Features: 2000
- Scale Levels: 8
- Scale Factor: 1.2
- Initial Fast Threshold: 20
- Minimum Fast Threshold: 7

[Feature 1] SIFT Extractor Parameters: 
 ( TH_LOW: 300, TH_HIGH: 500 )
- Number of Features  : 1000
- Scale Levels        : 1
- Scale Factor        : 1
- Contrast Threshold  : 0.001
- Edge Threshold      : 5
- nOctaves            : 3
- Sigma               : 1.6

-------
Start processing sequence ...
Images in the sequence: 7513

1
New map created with 135 points for 0 Feature Type 
New map created with 585 points for 1 Feature Type 
Tracking Initlized in 91.36s
The initlized frame ID: 138
The lost frame ID: 831
The lost frame ID: 832
The lost frame ID: 833
The lost frame ID: 834
The lost frame ID: 835
The lost frame ID: 836
The lost frame ID: 837
The lost frame ID: 838
The lost frame ID: 839

Saving camera trajectory to TrajectoryBeforeReset_oxf_orb_sft_r02_seg01_pid1770285_1757402229510.txt ...

trajectory saved!
[Tracking] wrote pre-reset trajectory to TrajectoryBeforeReset_oxf_orb_sft_r02_seg01_pid1770285_1757402229510.txt
[Tracking] LOST for 10 consecutive frames -> reset
System Reseting
Reseting Local Mapper... done
Reseting Loop Closing... done
Reseting Database... done
0
New map created with 112 points for 0 Feature Type 
New map created with 600 points for 1 Feature Type 
Tracking Initlized in 1.55s
The initlized frame ID: 2
The lost frame ID: 639
The lost frame ID: 640
The lost frame ID: 641
The lost frame ID: 642
The lost frame ID: 643
The lost frame ID: 644
The lost frame ID: 645
The lost frame ID: 646
The lost frame ID: 647

Saving camera trajectory to TrajectoryBeforeReset_oxf_orb_sft_r02_seg02_pid1770285_1757402331660.txt ...

trajectory saved!
[Tracking] wrote pre-reset trajectory to TrajectoryBeforeReset_oxf_orb_sft_r02_seg02_pid1770285_1757402331660.txt
[Tracking] LOST for 10 consecutive frames -> reset
System Reseting
Reseting Local Mapper... done
Reseting Loop Closing... done
Reseting Database... done
1
New map created with 53 points for 0 Feature Type 
New map created with 318 points for 1 Feature Type 
Tracking Initlized in 3.18s
The initlized frame ID: 4
The lost frame ID: 251
The lost frame ID: 252
The lost frame ID: 253
The lost frame ID: 254
The lost frame ID: 255
The lost frame ID: 256
The lost frame ID: 257
The lost frame ID: 258
The lost frame ID: 259

Saving camera trajectory to TrajectoryBeforeReset_oxf_orb_sft_r02_seg03_pid1770285_1757402375832.txt ...

trajectory saved!
[Tracking] wrote pre-reset trajectory to TrajectoryBeforeReset_oxf_orb_sft_r02_seg03_pid1770285_1757402375832.txt
[Tracking] LOST for 10 consecutive frames -> reset
System Reseting
Reseting Local Mapper... done
Reseting Loop Closing... done
Reseting Database... done
1
New map created with 82 points for 0 Feature Type 
New map created with 307 points for 1 Feature Type 
Tracking Initlized in 1.30s
The initlized frame ID: 2
The lost frame ID: 792
The lost frame ID: 793
The lost frame ID: 794
The lost frame ID: 795
The lost frame ID: 796
The lost frame ID: 797
The lost frame ID: 798
The lost frame ID: 799
The lost frame ID: 800

Saving camera trajectory to TrajectoryBeforeReset_oxf_orb_sft_r02_seg04_pid1770285_1757402503259.txt ...

trajectory saved!
[Tracking] wrote pre-reset trajectory to TrajectoryBeforeReset_oxf_orb_sft_r02_seg04_pid1770285_1757402503259.txt
[Tracking] LOST for 10 consecutive frames -> reset
System Reseting
Reseting Local Mapper... done
Reseting Loop Closing... done
Reseting Database... done
1
New map created with 63 points for 0 Feature Type 
New map created with 270 points for 1 Feature Type 
Tracking Initlized in 1.26s
The initlized frame ID: 2
The lost frame ID: 211
The lost frame ID: 212
The lost frame ID: 213
The lost frame ID: 214
The lost frame ID: 215
The lost frame ID: 216
The lost frame ID: 217
The lost frame ID: 218
The lost frame ID: 219

Saving camera trajectory to TrajectoryBeforeReset_oxf_orb_sft_r02_seg05_pid1770285_1757402537887.txt ...

trajectory saved!
[Tracking] wrote pre-reset trajectory to TrajectoryBeforeReset_oxf_orb_sft_r02_seg05_pid1770285_1757402537887.txt
[Tracking] LOST for 10 consecutive frames -> reset
System Reseting
Reseting Local Mapper... done
Reseting Loop Closing... done
Reseting Database... done
1
New map created with 62 points for 0 Feature Type 
New map created with 183 points for 1 Feature Type 
Tracking Initlized in 1.35s
The initlized frame ID: 2
The lost frame ID: 15
The lost frame ID: 16
The lost frame ID: 17
The lost frame ID: 18
The lost frame ID: 19
The lost frame ID: 20
The lost frame ID: 21
The lost frame ID: 22
The lost frame ID: 23

Saving camera trajectory to TrajectoryBeforeReset_oxf_orb_sft_r02_seg06_pid1770285_1757402542516.txt ...

trajectory saved!
[Tracking] wrote pre-reset trajectory to TrajectoryBeforeReset_oxf_orb_sft_r02_seg06_pid1770285_1757402542516.txt
[Tracking] LOST for 10 consecutive frames -> reset
System Reseting
Reseting Local Mapper... done
Reseting Loop Closing... done
Reseting Database... done
1
New map created with 83 points for 0 Feature Type 
New map created with 321 points for 1 Feature Type 
Tracking Initlized in 0.76s
The initlized frame ID: 1
The lost frame ID: 156
The lost frame ID: 157
The lost frame ID: 158
The lost frame ID: 159
The lost frame ID: 160
The lost frame ID: 161
The lost frame ID: 162
The lost frame ID: 163
The lost frame ID: 164

Saving camera trajectory to TrajectoryBeforeReset_oxf_orb_sft_r02_seg07_pid1770285_1757402567170.txt ...

trajectory saved!
[Tracking] wrote pre-reset trajectory to TrajectoryBeforeReset_oxf_orb_sft_r02_seg07_pid1770285_1757402567170.txt
[Tracking] LOST for 10 consecutive frames -> reset
System Reseting
Reseting Local Mapper... done
Reseting Loop Closing... done
Reseting Database... done
1
New map created with 71 points for 0 Feature Type 
New map created with 139 points for 1 Feature Type 
Tracking Initlized in 1.28s
The initlized frame ID: 2
The lost frame ID: 594
The lost frame ID: 595
The lost frame ID: 596
The lost frame ID: 597
The lost frame ID: 598
The lost frame ID: 599
The lost frame ID: 600
The lost frame ID: 601
The lost frame ID: 602

Saving camera trajectory to TrajectoryBeforeReset_oxf_orb_sft_r02_seg08_pid1770285_1757402657370.txt ...

trajectory saved!
[Tracking] wrote pre-reset trajectory to TrajectoryBeforeReset_oxf_orb_sft_r02_seg08_pid1770285_1757402657370.txt
[Tracking] LOST for 10 consecutive frames -> reset
System Reseting
Reseting Local Mapper... done
Reseting Loop Closing... done
Reseting Database... done
1
New map created with 77 points for 0 Feature Type 
New map created with 474 points for 1 Feature Type 
Tracking Initlized in 1.40s
The initlized frame ID: 2
The lost frame ID: 1410
The lost frame ID: 1411
The lost frame ID: 1412
The lost frame ID: 1413
The lost frame ID: 1414
The lost frame ID: 1415
The lost frame ID: 1416
The lost frame ID: 1417
The lost frame ID: 1418

Saving camera trajectory to TrajectoryBeforeReset_oxf_orb_sft_r02_seg09_pid1770285_1757402867591.txt ...

trajectory saved!
[Tracking] wrote pre-reset trajectory to TrajectoryBeforeReset_oxf_orb_sft_r02_seg09_pid1770285_1757402867591.txt
[Tracking] LOST for 10 consecutive frames -> reset
System Reseting
Reseting Local Mapper... done
Reseting Loop Closing... done
Reseting Database... done
1
New map created with 166 points for 0 Feature Type 
New map created with 666 points for 1 Feature Type 
Tracking Initlized in 0.71s
The initlized frame ID: 1
