numLines=15
>>> Experiments to run: 15 (withCorr=0, noEvo=1, start=2,skip=6)
line=name=oxf_orb_kaz seq=~/dataset/tum/oxf_car yaml=../Install/etc/orbslam2/Monocular/TUM_OC.yaml runs=20 exe=../Install/bin features=[ORB,KAZE]
[INFO] YAML for oxf_orb_kaz: TUM_OC.yaml -> oxf_orb_kaz.yaml  [ORB KAZE]

===== RUN: oxf_orb_kaz =====
[bench] seq=/home/howard/dataset/tum/oxf_car  yaml=../../../../Experiments/oxf_orb_kaz.yaml  runs=20  exe_dir=../Install/bin  mode=tum times=
[RESUME] Reusing existing tmp summary: /home/howard/Refactored_ORB_SLAM2/Experiments/Performances/oxf_orb_kaz_pref.txt.tmp
[INFO] name=oxf_orb_kaz  seq=/home/howard/dataset/tum/oxf_car  runs=20  yaml=../../../../Experiments/oxf_orb_kaz.yaml  withCorr=1  mode=tum  times=
[RESUME] Skip run 01; found /home/howard/Refactored_ORB_SLAM2/Experiments/Poses/oxf_orb_kaz/result01.txt
[RESUME] Skip run 02; found /home/howard/Refactored_ORB_SLAM2/Experiments/Poses/oxf_orb_kaz/result02.txt
[RESUME] Skip run 03; found /home/howard/Refactored_ORB_SLAM2/Experiments/Poses/oxf_orb_kaz/result03.txt
[RESUME] Skip run 04; found /home/howard/Refactored_ORB_SLAM2/Experiments/Poses/oxf_orb_kaz/result04.txt
[RESUME] Skip run 05; found /home/howard/Refactored_ORB_SLAM2/Experiments/Poses/oxf_orb_kaz/result05.txt
[RESUME] Skip run 06; found /home/howard/Refactored_ORB_SLAM2/Experiments/Poses/oxf_orb_kaz/result06.txt
[RESUME] Skip run 07; found /home/howard/Refactored_ORB_SLAM2/Experiments/Poses/oxf_orb_kaz/result07.txt
[RESUME] Skip run 08; found /home/howard/Refactored_ORB_SLAM2/Experiments/Poses/oxf_orb_kaz/result08.txt
[RESUME] Skip run 09; found /home/howard/Refactored_ORB_SLAM2/Experiments/Poses/oxf_orb_kaz/result09.txt
[RUN 10/20] 2025-09-09 08:36:47
Registering ORBextractor...
Registering AKAZEextractor...
Registering BRISKextractor...
Registering SIFTextractor...
Registering KAZEextractor...
Registering SuperPointExtractor...

ORB-SLAM2 Copyright (C) 2014-2016 Raul Mur-Artal, University of Zaragoza.
This program comes with ABSOLUTELY NO WARRANTY;
This is free software, and you are welcome to redistribute it
under certain conditions. See LICENSE.txt.

Input sensor was set to: Monocular

Loading Vocabulary : /home/howard/Refactored_ORB_SLAM2/Install/var/lib/orbslam2/voc/orb_mur.fbow
This could take a while...
Loading ORB Vocabulary in FBoW.
ORB Vocabulary loaded in 0.028426s


Loading Vocabulary : /home/howard/Refactored_ORB_SLAM2/Install/var/lib/orbslam2/voc/kaze_cv.fbow
This could take a while...
Loading KAZE Vocabulary in FBoW.
KAZE Vocabulary loaded in 0.019568s


Camera Parameters: 
- fx: 983.044
- fy: 983.044
- cx: 643.647
- cy: 493.379
- k1: 0
- k2: 0
- p1: 0
- p2: 0
- fps: 16
- color order: RGB (ignored if grayscale)

[Feature 0] ORB Extractor Parameters: 
 ( TH_LOW: 50, TH_HIGH: 100 )
- Number of Features: 2000
- Scale Levels: 8
- Scale Factor: 1.2
- Initial Fast Threshold: 20
- Minimum Fast Threshold: 7

[Feature 1] KAZE Extractor Parameters: 
 ( TH_LOW: 0.5, TH_HIGH: 1 )
- Number of Features : 1000
- Scale Levels       : 4
- Scale Factor       : 1.2
- Threshold          : 0.0005
- nOctaves           : 4
- nOctaveLayers      : 4
- Extended (128‑dim) : 0
- Upright            : 0

-------
Start processing sequence ...
Images in the sequence: 7513

1
New map created with 125 points for 0 Feature Type 
New map created with 416 points for 1 Feature Type 
Tracking Initlized in 291.90s
The initlized frame ID: 138
The lost frame ID: 832
The lost frame ID: 833
The lost frame ID: 834
The lost frame ID: 835
The lost frame ID: 836
The lost frame ID: 837
The lost frame ID: 838
The lost frame ID: 839
The lost frame ID: 1477
The lost frame ID: 1478
The lost frame ID: 1479
The lost frame ID: 1480
The lost frame ID: 1481
The lost frame ID: 1482
The lost frame ID: 1483
The lost frame ID: 1484
The lost frame ID: 1485

Saving camera trajectory to TrajectoryBeforeReset_oxf_orb_kaz_r10_seg01_pid1807403_1757404037084.txt ...

trajectory saved!
[Tracking] wrote pre-reset trajectory to TrajectoryBeforeReset_oxf_orb_kaz_r10_seg01_pid1807403_1757404037084.txt
[Tracking] LOST for 10 consecutive frames -> reset
System Reseting
Reseting Local Mapper... done
Reseting Loop Closing... done
Reseting Database... done
1
New map created with 41 points for 0 Feature Type 
New map created with 134 points for 1 Feature Type 
Tracking Initlized in 6.14s
The initlized frame ID: 3
The lost frame ID: 253
The lost frame ID: 254
The lost frame ID: 255
The lost frame ID: 256
The lost frame ID: 259
The lost frame ID: 261
The lost frame ID: 262
The lost frame ID: 263
The lost frame ID: 264
The lost frame ID: 266
The lost frame ID: 267
The lost frame ID: 268
The lost frame ID: 269
The lost frame ID: 270
The lost frame ID: 271
The lost frame ID: 272
The lost frame ID: 273
The lost frame ID: 274

Saving camera trajectory to TrajectoryBeforeReset_oxf_orb_kaz_r10_seg02_pid1807403_1757404156472.txt ...

trajectory saved!
[Tracking] wrote pre-reset trajectory to TrajectoryBeforeReset_oxf_orb_kaz_r10_seg02_pid1807403_1757404156472.txt
[Tracking] LOST for 10 consecutive frames -> reset
System Reseting
Reseting Local Mapper... done
Reseting Loop Closing... done
Reseting Database... done
1
New map created with 60 points for 0 Feature Type 
New map created with 186 points for 1 Feature Type 
Tracking Initlized in 7.11s
The initlized frame ID: 3
The lost frame ID: 999
The lost frame ID: 1000
The lost frame ID: 1001
The lost frame ID: 1002
The lost frame ID: 1003
The lost frame ID: 1004
The lost frame ID: 1006
The lost frame ID: 1007
The lost frame ID: 1010
The lost frame ID: 1011
The lost frame ID: 1012
The lost frame ID: 1013
The lost frame ID: 1014
The lost frame ID: 1015
The lost frame ID: 1016
The lost frame ID: 1017
The lost frame ID: 1018

Saving camera trajectory to TrajectoryBeforeReset_oxf_orb_kaz_r10_seg03_pid1807403_1757404597670.txt ...

trajectory saved!
[Tracking] wrote pre-reset trajectory to TrajectoryBeforeReset_oxf_orb_kaz_r10_seg03_pid1807403_1757404597670.txt
[Tracking] LOST for 10 consecutive frames -> reset
System Reseting
Reseting Local Mapper... done
Reseting Loop Closing... done
Reseting Database... done
1
New map created with 63 points for 0 Feature Type 
New map created with 135 points for 1 Feature Type 
Tracking Initlized in 2.49s
The initlized frame ID: 1
Track lost soon after initialisation, reseting...
System Reseting
Reseting Local Mapper... done
Reseting Loop Closing... done
Reseting Database... done
1
New map created with 82 points for 0 Feature Type 
New map created with 161 points for 1 Feature Type 
Tracking Initlized in 2.06s
The initlized frame ID: 1
The lost frame ID: 166
The lost frame ID: 167
The lost frame ID: 168
The lost frame ID: 169
The lost frame ID: 170
The lost frame ID: 171
The lost frame ID: 172
The lost frame ID: 173
The lost frame ID: 174

Saving camera trajectory to TrajectoryBeforeReset_oxf_orb_kaz_r10_seg04_pid1807403_1757404676457.txt ...

trajectory saved!
[Tracking] wrote pre-reset trajectory to TrajectoryBeforeReset_oxf_orb_kaz_r10_seg04_pid1807403_1757404676457.txt
[Tracking] LOST for 10 consecutive frames -> reset
System Reseting
Reseting Local Mapper... done
Reseting Loop Closing... done
Reseting Database... done
1
New map created with 73 points for 0 Feature Type 
New map created with 157 points for 1 Feature Type 
Tracking Initlized in 39.85s
The initlized frame ID: 17
The lost frame ID: 595
The lost frame ID: 596
The lost frame ID: 597
The lost frame ID: 598
The lost frame ID: 599
The lost frame ID: 600
The lost frame ID: 601
The lost frame ID: 602
The lost frame ID: 603

Saving camera trajectory to TrajectoryBeforeReset_oxf_orb_kaz_r10_seg05_pid1807403_1757404975508.txt ...

trajectory saved!
[Tracking] wrote pre-reset trajectory to TrajectoryBeforeReset_oxf_orb_kaz_r10_seg05_pid1807403_1757404975508.txt
[Tracking] LOST for 10 consecutive frames -> reset
System Reseting
Reseting Local Mapper... done
Reseting Loop Closing... done
Reseting Database... done
1
New map created with 72 points for 0 Feature Type 
New map created with 274 points for 1 Feature Type 
Tracking Initlized in 5.82s
The initlized frame ID: 3
Track lost soon after initialisation, reseting...
System Reseting
Reseting Local Mapper... done
Reseting Loop Closing... done
Reseting Database... done
1
New map created with 118 points for 0 Feature Type 
New map created with 304 points for 1 Feature Type 
Tracking Initlized in 3.64s
The initlized frame ID: 2
The lost frame ID: 1404
The lost frame ID: 1405
The lost frame ID: 1406
The lost frame ID: 1407
The lost frame ID: 1408
The lost frame ID: 1410
The lost frame ID: 1411
The lost frame ID: 1412
The lost frame ID: 1413
The lost frame ID: 1414
The lost frame ID: 1415
The lost frame ID: 1416
The lost frame ID: 1417
The lost frame ID: 1418

Saving camera trajectory to TrajectoryBeforeReset_oxf_orb_kaz_r10_seg06_pid1807403_1757405577339.txt ...

trajectory saved!
[Tracking] wrote pre-reset trajectory to TrajectoryBeforeReset_oxf_orb_kaz_r10_seg06_pid1807403_1757405577339.txt
[Tracking] LOST for 10 consecutive frames -> reset
System Reseting
Reseting Local Mapper... done
Reseting Loop Closing... done
Reseting Database... done
0
New map created with 128 points for 0 Feature Type 
New map created with 324 points for 1 Feature Type 
Tracking Initlized in 3.76s
The initlized frame ID: 2
The lost frame ID: 2236
The lost frame ID: 2237
The lost frame ID: 2238
The lost frame ID: 2239
The lost frame ID: 2240
The lost frame ID: 2241
The lost frame ID: 2242
The lost frame ID: 2243
The lost frame ID: 2244

Saving camera trajectory to TrajectoryBeforeReset_oxf_orb_kaz_r10_seg07_pid1807403_1757406378872.txt ...

trajectory saved!
[Tracking] wrote pre-reset trajectory to TrajectoryBeforeReset_oxf_orb_kaz_r10_seg07_pid1807403_1757406378872.txt
[Tracking] LOST for 10 consecutive frames -> reset
System Reseting
Reseting Local Mapper... done
Reseting Loop Closing... done
Reseting Database... done
1
New map created with 32 points for 0 Feature Type 
New map created with 154 points for 1 Feature Type 
Tracking Initlized in 29.90s
The initlized frame ID: 15
The lost frame ID: 154
The lost frame ID: 155
The lost frame ID: 156
The lost frame ID: 157
The lost frame ID: 158
The lost frame ID: 159
The lost frame ID: 160
The lost frame ID: 161
The lost frame ID: 162

Saving camera trajectory to TrajectoryBeforeReset_oxf_orb_kaz_r10_seg08_pid1807403_1757406444638.txt ...

trajectory saved!
[Tracking] wrote pre-reset trajectory to TrajectoryBeforeReset_oxf_orb_kaz_r10_seg08_pid1807403_1757406444638.txt
[Tracking] LOST for 10 consecutive frames -> reset
System Reseting
Reseting Local Mapper... done
Reseting Loop Closing... done
Reseting Database... done
1
New map created with 67 points for 0 Feature Type 
New map created with 187 points for 1 Feature Type 
Tracking Initlized in 4.50s
The initlized frame ID: 2
System::StopViewer()
System::StopViewer() done

Saving correlation status...

========== Global Summary ==========
Frames: 7202
avg_CorrEdges: 6.38961
avg_match_A: 117.621
avg_match_B: 131.819
global_RI_MNR: 0.0543237
global_RI_GNR: 0.0513148
global_RI_DICE: 0.0512316

========== Per-Channel Summary ==========
   chA   chB     avgCorr        avgA        avgB   avgRI_MNR   avgRI_GNR  avgRI_DICE
     0     1     6.38961     117.621     131.819   0.0535625   0.0464376   0.0457962

Correlation status saved!

System Shutdown
-------

median tracking time: 0.389826
mean tracking time: 0.392096

Saving camera trajectory to result10.txt ...

trajectory saved!
All done

========== Performance Summary (ms) ==========
name                                mean      median        rmse         min         max       count
Lost Count                         1.000       1.000       0.000       1.000       1.000           8
Tracking                           8.901       8.191       4.173       1.064      44.082        7315
Reset Count                        1.000       1.000       0.000       1.000       1.000          10
Correlation                        0.180       0.159       0.153       0.003       8.516        7203
Total Init                     64940.987   64940.987       0.000   64940.987   64940.987           1
Pipeline                         391.412     389.762      49.300     274.624     876.899        7513
KAZE Extract                     378.719     377.973      49.282     263.376     861.424        7513
ORB Extract                       28.940      27.887       6.764       7.485      63.818        7513
[RUN 11/20] 2025-09-09 09:28:12
Registering ORBextractor...
Registering AKAZEextractor...
Registering BRISKextractor...
Registering SIFTextractor...
Registering KAZEextractor...
Registering SuperPointExtractor...

ORB-SLAM2 Copyright (C) 2014-2016 Raul Mur-Artal, University of Zaragoza.
This program comes with ABSOLUTELY NO WARRANTY;
This is free software, and you are welcome to redistribute it
under certain conditions. See LICENSE.txt.

Input sensor was set to: Monocular

Loading Vocabulary : /home/howard/Refactored_ORB_SLAM2/Install/var/lib/orbslam2/voc/orb_mur.fbow
This could take a while...
Loading ORB Vocabulary in FBoW.
ORB Vocabulary loaded in 0.011715s


Loading Vocabulary : /home/howard/Refactored_ORB_SLAM2/Install/var/lib/orbslam2/voc/kaze_cv.fbow
This could take a while...
Loading KAZE Vocabulary in FBoW.
KAZE Vocabulary loaded in 0.153447s


Camera Parameters: 
- fx: 983.044
- fy: 983.044
- cx: 643.647
- cy: 493.379
- k1: 0
- k2: 0
- p1: 0
- p2: 0
- fps: 16
- color order: RGB (ignored if grayscale)

[Feature 0] ORB Extractor Parameters: 
 ( TH_LOW: 50, TH_HIGH: 100 )
- Number of Features: 2000
- Scale Levels: 8
- Scale Factor: 1.2
- Initial Fast Threshold: 20
- Minimum Fast Threshold: 7

[Feature 1] KAZE Extractor Parameters: 
 ( TH_LOW: 0.5, TH_HIGH: 1 )
- Number of Features : 1000
- Scale Levels       : 4
- Scale Factor       : 1.2
- Threshold          : 0.0005
- nOctaves           : 4
- nOctaveLayers      : 4
- Extended (128‑dim) : 0
- Upright            : 0

-------
Start processing sequence ...
Images in the sequence: 7513

1
New map created with 125 points for 0 Feature Type 
New map created with 416 points for 1 Feature Type 
Tracking Initlized in 280.79s
The initlized frame ID: 138
The lost frame ID: 646
The lost frame ID: 649
The lost frame ID: 650
The lost frame ID: 651
The lost frame ID: 652
The lost frame ID: 653
The lost frame ID: 654
The lost frame ID: 655
The lost frame ID: 656
The lost frame ID: 657

Saving camera trajectory to TrajectoryBeforeReset_oxf_orb_kaz_r11_seg01_pid2138985_1757406745973.txt ...

trajectory saved!
[Tracking] wrote pre-reset trajectory to TrajectoryBeforeReset_oxf_orb_kaz_r11_seg01_pid2138985_1757406745973.txt
[Tracking] LOST for 10 consecutive frames -> reset
System Reseting
Reseting Local Mapper... done
Reseting Loop Closing... done
Reseting Database... done
1
New map created with 40 points for 0 Feature Type 
New map created with 197 points for 1 Feature Type 
Tracking Initlized in 15.34s
The initlized frame ID: 8
The lost frame ID: 173
The lost frame ID: 174
The lost frame ID: 175
The lost frame ID: 176
The lost frame ID: 177
The lost frame ID: 178
The lost frame ID: 179
The lost frame ID: 180
The lost frame ID: 181
The lost frame ID: 203
The lost frame ID: 206
The lost frame ID: 207
The lost frame ID: 208
The lost frame ID: 209
The lost frame ID: 210
The lost frame ID: 212
The lost frame ID: 215
The lost frame ID: 217
The lost frame ID: 219
The lost frame ID: 220
The lost frame ID: 221
The lost frame ID: 222
The lost frame ID: 224
The lost frame ID: 225
The lost frame ID: 226
The lost frame ID: 227
The lost frame ID: 228
The lost frame ID: 231
The lost frame ID: 232
The lost frame ID: 233
The lost frame ID: 234
The lost frame ID: 237
The lost frame ID: 238
The lost frame ID: 241
The lost frame ID: 242
The lost frame ID: 243
The lost frame ID: 245
The lost frame ID: 246
The lost frame ID: 249
The lost frame ID: 250
The lost frame ID: 252
The lost frame ID: 253
The lost frame ID: 258
The lost frame ID: 259
The lost frame ID: 262
The lost frame ID: 263
The lost frame ID: 821
The lost frame ID: 822
The lost frame ID: 823
The lost frame ID: 824
The lost frame ID: 825
The lost frame ID: 826
The lost frame ID: 827
The lost frame ID: 828
The lost frame ID: 829

Saving camera trajectory to TrajectoryBeforeReset_oxf_orb_kaz_r11_seg02_pid2138985_1757407060077.txt ...

trajectory saved!
[Tracking] wrote pre-reset trajectory to TrajectoryBeforeReset_oxf_orb_kaz_r11_seg02_pid2138985_1757407060077.txt
[Tracking] LOST for 10 consecutive frames -> reset
System Reseting
Reseting Local Mapper... done
Reseting Loop Closing... done
Reseting Database... done
1
New map created with 54 points for 0 Feature Type 
New map created with 145 points for 1 Feature Type 
Tracking Initlized in 5.83s
The initlized frame ID: 3
The lost frame ID: 252
The lost frame ID: 253
The lost frame ID: 254
The lost frame ID: 257
The lost frame ID: 258
The lost frame ID: 260
The lost frame ID: 261
The lost frame ID: 263
The lost frame ID: 264
The lost frame ID: 265
The lost frame ID: 266
The lost frame ID: 267
The lost frame ID: 269
The lost frame ID: 270
The lost frame ID: 271
The lost frame ID: 272
The lost frame ID: 273
The lost frame ID: 274
The lost frame ID: 275
The lost frame ID: 276
The lost frame ID: 277

Saving camera trajectory to TrajectoryBeforeReset_oxf_orb_kaz_r11_seg03_pid2138985_1757407164855.txt ...

trajectory saved!
[Tracking] wrote pre-reset trajectory to TrajectoryBeforeReset_oxf_orb_kaz_r11_seg03_pid2138985_1757407164855.txt
[Tracking] LOST for 10 consecutive frames -> reset
System Reseting
Reseting Local Mapper... done
Reseting Loop Closing... done
Reseting Database... done
1
New map created with 61 points for 0 Feature Type 
New map created with 148 points for 1 Feature Type 
Tracking Initlized in 3.92s
The initlized frame ID: 2
Track lost soon after initialisation, reseting...
System Reseting
Reseting Local Mapper... done
Reseting Loop Closing... done
Reseting Database... done
1
New map created with 55 points for 0 Feature Type 
New map created with 132 points for 1 Feature Type 
Tracking Initlized in 3.76s
The initlized frame ID: 2
The lost frame ID: 990
The lost frame ID: 991
The lost frame ID: 993
The lost frame ID: 994
The lost frame ID: 995
The lost frame ID: 996
The lost frame ID: 997
The lost frame ID: 998
The lost frame ID: 1000
The lost frame ID: 1001
The lost frame ID: 1002
The lost frame ID: 1003
The lost frame ID: 1005
The lost frame ID: 1006
The lost frame ID: 1007
The lost frame ID: 1008
The lost frame ID: 1009
The lost frame ID: 1010
The lost frame ID: 1011
The lost frame ID: 1012
The lost frame ID: 1013

Saving camera trajectory to TrajectoryBeforeReset_oxf_orb_kaz_r11_seg04_pid2138985_1757407533834.txt ...

trajectory saved!
[Tracking] wrote pre-reset trajectory to TrajectoryBeforeReset_oxf_orb_kaz_r11_seg04_pid2138985_1757407533834.txt
[Tracking] LOST for 10 consecutive frames -> reset
System Reseting
Reseting Local Mapper... done
Reseting Loop Closing... done
Reseting Database... done
1
New map created with 100 points for 0 Feature Type 
New map created with 160 points for 1 Feature Type 
Tracking Initlized in 2.20s
The initlized frame ID: 1
Track lost soon after initialisation, reseting...
System Reseting
Reseting Local Mapper... done
Reseting Loop Closing... done
Reseting Database... done
1
New map created with 45 points for 0 Feature Type 
New map created with 119 points for 1 Feature Type 
Tracking Initlized in 4.21s
The initlized frame ID: 2
The lost frame ID: 162
The lost frame ID: 163
The lost frame ID: 164
The lost frame ID: 165
The lost frame ID: 166
The lost frame ID: 167
The lost frame ID: 168
The lost frame ID: 169
The lost frame ID: 170

Saving camera trajectory to TrajectoryBeforeReset_oxf_orb_kaz_r11_seg05_pid2138985_1757407600155.txt ...

trajectory saved!
[Tracking] wrote pre-reset trajectory to TrajectoryBeforeReset_oxf_orb_kaz_r11_seg05_pid2138985_1757407600155.txt
[Tracking] LOST for 10 consecutive frames -> reset
System Reseting
Reseting Local Mapper... done
Reseting Loop Closing... done
Reseting Database... done
1
New map created with 66 points for 0 Feature Type 
New map created with 145 points for 1 Feature Type 
Tracking Initlized in 36.19s
The initlized frame ID: 17
The lost frame ID: 595
The lost frame ID: 596
The lost frame ID: 597
The lost frame ID: 598
The lost frame ID: 599
The lost frame ID: 600
The lost frame ID: 601
The lost frame ID: 602
The lost frame ID: 603

Saving camera trajectory to TrajectoryBeforeReset_oxf_orb_kaz_r11_seg06_pid2138985_1757407833532.txt ...

trajectory saved!
[Tracking] wrote pre-reset trajectory to TrajectoryBeforeReset_oxf_orb_kaz_r11_seg06_pid2138985_1757407833532.txt
[Tracking] LOST for 10 consecutive frames -> reset
System Reseting
Reseting Local Mapper... done
Reseting Loop Closing... done
Reseting Database... done
1
New map created with 75 points for 0 Feature Type 
New map created with 267 points for 1 Feature Type 
Tracking Initlized in 5.30s
The initlized frame ID: 3
The lost frame ID: 1409
The lost frame ID: 1410
The lost frame ID: 1411
The lost frame ID: 1412
The lost frame ID: 1413
The lost frame ID: 1414
The lost frame ID: 1416
The lost frame ID: 1417
The lost frame ID: 1418
The lost frame ID: 1419
The lost frame ID: 1420
The lost frame ID: 1421
The lost frame ID: 1422
The lost frame ID: 1423
The lost frame ID: 1424

Saving camera trajectory to TrajectoryBeforeReset_oxf_orb_kaz_r11_seg07_pid2138985_1757408351807.txt ...

trajectory saved!
[Tracking] wrote pre-reset trajectory to TrajectoryBeforeReset_oxf_orb_kaz_r11_seg07_pid2138985_1757408351807.txt
[Tracking] LOST for 10 consecutive frames -> reset
System Reseting
Reseting Local Mapper... done
Reseting Loop Closing... done
Reseting Database... done
0
New map created with 128 points for 0 Feature Type 
New map created with 272 points for 1 Feature Type 
Tracking Initlized in 3.78s
The initlized frame ID: 2
The lost frame ID: 2235
The lost frame ID: 2236
The lost frame ID: 2237
The lost frame ID: 2238
The lost frame ID: 2239
The lost frame ID: 2240
The lost frame ID: 2241
The lost frame ID: 2242
The lost frame ID: 2243

Saving camera trajectory to TrajectoryBeforeReset_oxf_orb_kaz_r11_seg08_pid2138985_1757409153814.txt ...

trajectory saved!
[Tracking] wrote pre-reset trajectory to TrajectoryBeforeReset_oxf_orb_kaz_r11_seg08_pid2138985_1757409153814.txt
[Tracking] LOST for 10 consecutive frames -> reset
System Reseting
Reseting Local Mapper... done
Reseting Loop Closing... done
Reseting Database... done
1
New map created with 21 points for 0 Feature Type 
New map created with 116 points for 1 Feature Type 
Tracking Initlized in 18.40s
The initlized frame ID: 10
The lost frame ID: 155
The lost frame ID: 156
The lost frame ID: 157
The lost frame ID: 158
The lost frame ID: 159
The lost frame ID: 160
The lost frame ID: 161
The lost frame ID: 162
The lost frame ID: 163

Saving camera trajectory to TrajectoryBeforeReset_oxf_orb_kaz_r11_seg09_pid2138985_1757409216919.txt ...

trajectory saved!
[Tracking] wrote pre-reset trajectory to TrajectoryBeforeReset_oxf_orb_kaz_r11_seg09_pid2138985_1757409216919.txt
[Tracking] LOST for 10 consecutive frames -> reset
System Reseting
Reseting Local Mapper... done
Reseting Loop Closing... done
Reseting Database... done
1
New map created with 59 points for 0 Feature Type 
New map created with 206 points for 1 Feature Type 
Tracking Initlized in 4.25s
The initlized frame ID: 2
System::StopViewer()
System::StopViewer() done

Saving correlation status...

========== Global Summary ==========
Frames: 7139
avg_CorrEdges: 6.46015
avg_match_A: 117.462
avg_match_B: 131.774
global_RI_MNR: 0.0549979
global_RI_GNR: 0.0519254
global_RI_DICE: 0.0518397

========== Per-Channel Summary ==========
   chA   chB     avgCorr        avgA        avgB   avgRI_MNR   avgRI_GNR  avgRI_DICE
     0     1     6.46015     117.462     131.774   0.0539851   0.0469707   0.0463495

Correlation status saved!

System Shutdown
-------

median tracking time: 0.3492
mean tracking time: 0.352428

Saving camera trajectory to result11.txt ...

trajectory saved!
All done

========== Performance Summary (ms) ==========
name                                mean      median        rmse         min         max       count
Lost Count                         1.000       1.000       0.000       1.000       1.000           9
Tracking                           8.302       7.436       5.809       0.797     302.743        7311
Reset Count                        1.000       1.000       0.000       1.000       1.000          11
Correlation                        0.164       0.147       0.094       0.003       3.414        7142
Total Init                     64208.018   64208.018       0.000   64208.018   64208.018           1
Pipeline                         351.912     349.149      31.775     250.173     732.982        7513
KAZE Extract                     340.160     338.122      30.210     235.917     683.909        7513
ORB Extract                       26.628      25.733       5.548       6.591      58.496        7513
[RUN 12/20] 2025-09-09 10:14:25
Registering ORBextractor...
Registering AKAZEextractor...
Registering BRISKextractor...
Registering SIFTextractor...
Registering KAZEextractor...
Registering SuperPointExtractor...

ORB-SLAM2 Copyright (C) 2014-2016 Raul Mur-Artal, University of Zaragoza.
This program comes with ABSOLUTELY NO WARRANTY;
This is free software, and you are welcome to redistribute it
under certain conditions. See LICENSE.txt.

Input sensor was set to: Monocular

Loading Vocabulary : /home/howard/Refactored_ORB_SLAM2/Install/var/lib/orbslam2/voc/orb_mur.fbow
This could take a while...
Loading ORB Vocabulary in FBoW.
ORB Vocabulary loaded in 0.012837s


Loading Vocabulary : /home/howard/Refactored_ORB_SLAM2/Install/var/lib/orbslam2/voc/kaze_cv.fbow
This could take a while...
Loading KAZE Vocabulary in FBoW.
KAZE Vocabulary loaded in 0.008812s


Camera Parameters: 
- fx: 983.044
- fy: 983.044
- cx: 643.647
- cy: 493.379
- k1: 0
- k2: 0
- p1: 0
- p2: 0
- fps: 16
- color order: RGB (ignored if grayscale)

[Feature 0] ORB Extractor Parameters: 
 ( TH_LOW: 50, TH_HIGH: 100 )
- Number of Features: 2000
- Scale Levels: 8
- Scale Factor: 1.2
- Initial Fast Threshold: 20
- Minimum Fast Threshold: 7

[Feature 1] KAZE Extractor Parameters: 
 ( TH_LOW: 0.5, TH_HIGH: 1 )
- Number of Features : 1000
- Scale Levels       : 4
- Scale Factor       : 1.2
- Threshold          : 0.0005
- nOctaves           : 4
- nOctaveLayers      : 4
- Extended (128‑dim) : 0
- Upright            : 0

-------
Start processing sequence ...
Images in the sequence: 7513

1
New map created with 125 points for 0 Feature Type 
New map created with 416 points for 1 Feature Type 
Tracking Initlized in 274.91s
The initlized frame ID: 138
The lost frame ID: 832
The lost frame ID: 833
The lost frame ID: 834
The lost frame ID: 835
The lost frame ID: 836
The lost frame ID: 837
The lost frame ID: 838
The lost frame ID: 1477
The lost frame ID: 1478
The lost frame ID: 1479
The lost frame ID: 1480
The lost frame ID: 1481
The lost frame ID: 1482
The lost frame ID: 1483
The lost frame ID: 1484
The lost frame ID: 1485

Saving camera trajectory to TrajectoryBeforeReset_oxf_orb_kaz_r12_seg01_pid2441877_1757409779307.txt ...

trajectory saved!
[Tracking] wrote pre-reset trajectory to TrajectoryBeforeReset_oxf_orb_kaz_r12_seg01_pid2441877_1757409779307.txt
[Tracking] LOST for 10 consecutive frames -> reset
System Reseting
Reseting Local Mapper... done
Reseting Loop Closing... done
Reseting Database... done
1
New map created with 41 points for 0 Feature Type 
New map created with 134 points for 1 Feature Type 
Tracking Initlized in 5.87s
The initlized frame ID: 3
Track lost soon after initialisation, reseting...
System Reseting
Reseting Local Mapper... done
Reseting Loop Closing... done
Reseting Database... done
1
New map created with 69 points for 0 Feature Type 
New map created with 165 points for 1 Feature Type 
Tracking Initlized in 13.91s
The initlized frame ID: 7
The lost frame ID: 1269
The lost frame ID: 1270
The lost frame ID: 1271
The lost frame ID: 1272
The lost frame ID: 1273
The lost frame ID: 1274
The lost frame ID: 1275
The lost frame ID: 1276
The lost frame ID: 1277

Saving camera trajectory to TrajectoryBeforeReset_oxf_orb_kaz_r12_seg02_pid2441877_1757410253459.txt ...

trajectory saved!
[Tracking] wrote pre-reset trajectory to TrajectoryBeforeReset_oxf_orb_kaz_r12_seg02_pid2441877_1757410253459.txt
[Tracking] LOST for 10 consecutive frames -> reset
System Reseting
Reseting Local Mapper... done
Reseting Loop Closing... done
Reseting Database... done
1
New map created with 56 points for 0 Feature Type 
New map created with 142 points for 1 Feature Type 
Tracking Initlized in 4.08s
The initlized frame ID: 2
The lost frame ID: 180
The lost frame ID: 181
The lost frame ID: 182
The lost frame ID: 183
The lost frame ID: 184
The lost frame ID: 185
The lost frame ID: 186
The lost frame ID: 187
The lost frame ID: 188

Saving camera trajectory to TrajectoryBeforeReset_oxf_orb_kaz_r12_seg03_pid2441877_1757410328927.txt ...

trajectory saved!
[Tracking] wrote pre-reset trajectory to TrajectoryBeforeReset_oxf_orb_kaz_r12_seg03_pid2441877_1757410328927.txt
[Tracking] LOST for 10 consecutive frames -> reset
System Reseting
Reseting Local Mapper... done
Reseting Loop Closing... done
Reseting Database... done
1
New map created with 77 points for 0 Feature Type 
New map created with 154 points for 1 Feature Type 
Tracking Initlized in 35.97s
The initlized frame ID: 17
The lost frame ID: 594
The lost frame ID: 595
The lost frame ID: 596
The lost frame ID: 597
The lost frame ID: 598
The lost frame ID: 599
The lost frame ID: 600
The lost frame ID: 601
The lost frame ID: 602

Saving camera trajectory to TrajectoryBeforeReset_oxf_orb_kaz_r12_seg04_pid2441877_1757410563644.txt ...

trajectory saved!
[Tracking] wrote pre-reset trajectory to TrajectoryBeforeReset_oxf_orb_kaz_r12_seg04_pid2441877_1757410563644.txt
[Tracking] LOST for 10 consecutive frames -> reset
System Reseting
Reseting Local Mapper... done
Reseting Loop Closing... done
Reseting Database... done
1
New map created with 67 points for 0 Feature Type 
New map created with 248 points for 1 Feature Type 
Tracking Initlized in 5.82s
The initlized frame ID: 3
The lost frame ID: 1410
The lost frame ID: 1411
The lost frame ID: 1412
The lost frame ID: 1413
The lost frame ID: 1414
The lost frame ID: 1415
The lost frame ID: 1416
The lost frame ID: 1417
The lost frame ID: 1418

Saving camera trajectory to TrajectoryBeforeReset_oxf_orb_kaz_r12_seg05_pid2441877_1757411093501.txt ...

trajectory saved!
[Tracking] wrote pre-reset trajectory to TrajectoryBeforeReset_oxf_orb_kaz_r12_seg05_pid2441877_1757411093501.txt
[Tracking] LOST for 10 consecutive frames -> reset
System Reseting
Reseting Local Mapper... done
Reseting Loop Closing... done
Reseting Database... done
0
New map created with 147 points for 0 Feature Type 
New map created with 371 points for 1 Feature Type 
Tracking Initlized in 3.69s
The initlized frame ID: 2
The lost frame ID: 2242
The lost frame ID: 2243
The lost frame ID: 2244
The lost frame ID: 2245
The lost frame ID: 2246
The lost frame ID: 2247
The lost frame ID: 2248
The lost frame ID: 2249
The lost frame ID: 2250

Saving camera trajectory to TrajectoryBeforeReset_oxf_orb_kaz_r12_seg06_pid2441877_1757411922625.txt ...

trajectory saved!
[Tracking] wrote pre-reset trajectory to TrajectoryBeforeReset_oxf_orb_kaz_r12_seg06_pid2441877_1757411922625.txt
[Tracking] LOST for 10 consecutive frames -> reset
System Reseting
Reseting Local Mapper... done
Reseting Loop Closing... done
Reseting Database... done
1
New map created with 39 points for 0 Feature Type 
New map created with 178 points for 1 Feature Type 
Tracking Initlized in 28.03s
The initlized frame ID: 15
The lost frame ID: 155
The lost frame ID: 156
The lost frame ID: 157
The lost frame ID: 158
The lost frame ID: 159
The lost frame ID: 160
The lost frame ID: 161
The lost frame ID: 162
The lost frame ID: 163

Saving camera trajectory to TrajectoryBeforeReset_oxf_orb_kaz_r12_seg07_pid2441877_1757411985382.txt ...

trajectory saved!
[Tracking] wrote pre-reset trajectory to TrajectoryBeforeReset_oxf_orb_kaz_r12_seg07_pid2441877_1757411985382.txt
[Tracking] LOST for 10 consecutive frames -> reset
System Reseting
Reseting Local Mapper... done
Reseting Loop Closing... done
Reseting Database... done
0
New map created with 101 points for 0 Feature Type 
New map created with 225 points for 1 Feature Type 
Tracking Initlized in 2.20s
The initlized frame ID: 1
System::StopViewer()
System::StopViewer() done

Saving correlation status...

========== Global Summary ==========
Frames: 7238
avg_CorrEdges: 6.38933
avg_match_A: 114.665
avg_match_B: 129.857
global_RI_MNR: 0.0557218
global_RI_GNR: 0.052361
global_RI_DICE: 0.0522598

========== Per-Channel Summary ==========
   chA   chB     avgCorr        avgA        avgB   avgRI_MNR   avgRI_GNR  avgRI_DICE
     0     1     6.38933     114.665     129.857   0.0541523   0.0469642   0.0463274

Correlation status saved!

System Shutdown
-------

median tracking time: 0.352255
mean tracking time: 0.353783

Saving camera trajectory to result12.txt ...

trajectory saved!
All done

========== Performance Summary (ms) ==========
name                                mean      median        rmse         min         max       count
Lost Count                         1.000       1.000       0.000       1.000       1.000           7
Tracking                           8.018       7.279       3.974       0.963      37.073        7316
Reset Count                        1.000       1.000       0.000       1.000       1.000           8
Correlation                        0.164       0.145       0.089       0.032       1.626        7238
Total Init                     58293.071   58293.071       0.000   58293.071   58293.071           1
Pipeline                         353.251     352.209      30.989     265.946     527.497        7513
KAZE Extract                     341.760     340.670      29.954     255.341     515.830        7513
ORB Extract                       26.728      25.806       5.736       6.246      53.051        7513
[RUN 13/20] 2025-09-09 11:00:29
Registering ORBextractor...
Registering AKAZEextractor...
Registering BRISKextractor...
Registering SIFTextractor...
Registering KAZEextractor...
Registering SuperPointExtractor...

ORB-SLAM2 Copyright (C) 2014-2016 Raul Mur-Artal, University of Zaragoza.
This program comes with ABSOLUTELY NO WARRANTY;
This is free software, and you are welcome to redistribute it
under certain conditions. See LICENSE.txt.

Input sensor was set to: Monocular

Loading Vocabulary : /home/howard/Refactored_ORB_SLAM2/Install/var/lib/orbslam2/voc/orb_mur.fbow
This could take a while...
Loading ORB Vocabulary in FBoW.
ORB Vocabulary loaded in 0.013550s


Loading Vocabulary : /home/howard/Refactored_ORB_SLAM2/Install/var/lib/orbslam2/voc/kaze_cv.fbow
This could take a while...
Loading KAZE Vocabulary in FBoW.
KAZE Vocabulary loaded in 0.014793s


Camera Parameters: 
- fx: 983.044
- fy: 983.044
- cx: 643.647
- cy: 493.379
- k1: 0
- k2: 0
- p1: 0
- p2: 0
- fps: 16
- color order: RGB (ignored if grayscale)

[Feature 0] ORB Extractor Parameters: 
 ( TH_LOW: 50, TH_HIGH: 100 )
- Number of Features: 2000
- Scale Levels: 8
- Scale Factor: 1.2
- Initial Fast Threshold: 20
- Minimum Fast Threshold: 7

[Feature 1] KAZE Extractor Parameters: 
 ( TH_LOW: 0.5, TH_HIGH: 1 )
- Number of Features : 1000
- Scale Levels       : 4
- Scale Factor       : 1.2
- Threshold          : 0.0005
- nOctaves           : 4
- nOctaveLayers      : 4
- Extended (128‑dim) : 0
- Upright            : 0

-------
Start processing sequence ...
Images in the sequence: 7513

1
New map created with 125 points for 0 Feature Type 
New map created with 416 points for 1 Feature Type 
Tracking Initlized in 268.27s
The initlized frame ID: 138
The lost frame ID: 832
The lost frame ID: 833
The lost frame ID: 834
The lost frame ID: 835
The lost frame ID: 836
The lost frame ID: 837
The lost frame ID: 838
The lost frame ID: 839
The lost frame ID: 1479
The lost frame ID: 1480
The lost frame ID: 1481
The lost frame ID: 1482
The lost frame ID: 1483
The lost frame ID: 1484
The lost frame ID: 1485
The lost frame ID: 1486
The lost frame ID: 1487

Saving camera trajectory to TrajectoryBeforeReset_oxf_orb_kaz_r13_seg01_pid2742803_1757412526542.txt ...

trajectory saved!
[Tracking] wrote pre-reset trajectory to TrajectoryBeforeReset_oxf_orb_kaz_r13_seg01_pid2742803_1757412526542.txt
[Tracking] LOST for 10 consecutive frames -> reset
System Reseting
Reseting Local Mapper... done
Reseting Loop Closing... done
Reseting Database... done
1
New map created with 60 points for 0 Feature Type 
New map created with 139 points for 1 Feature Type 
Tracking Initlized in 5.93s
The initlized frame ID: 3
The lost frame ID: 252
The lost frame ID: 253
The lost frame ID: 254
The lost frame ID: 257
The lost frame ID: 258
The lost frame ID: 259
The lost frame ID: 260
The lost frame ID: 262
The lost frame ID: 263
The lost frame ID: 264
The lost frame ID: 265
The lost frame ID: 266
The lost frame ID: 267
The lost frame ID: 268
The lost frame ID: 269
The lost frame ID: 270

Saving camera trajectory to TrajectoryBeforeReset_oxf_orb_kaz_r13_seg02_pid2742803_1757412620731.txt ...

trajectory saved!
[Tracking] wrote pre-reset trajectory to TrajectoryBeforeReset_oxf_orb_kaz_r13_seg02_pid2742803_1757412620731.txt
[Tracking] LOST for 10 consecutive frames -> reset
System Reseting
Reseting Local Mapper... done
Reseting Loop Closing... done
Reseting Database... done
1
New map created with 60 points for 0 Feature Type 
New map created with 202 points for 1 Feature Type 
Tracking Initlized in 5.51s
The initlized frame ID: 3
The lost frame ID: 1001
The lost frame ID: 1002
The lost frame ID: 1003
The lost frame ID: 1004
The lost frame ID: 1005
The lost frame ID: 1006
The lost frame ID: 1007
The lost frame ID: 1008
The lost frame ID: 1009

Saving camera trajectory to TrajectoryBeforeReset_oxf_orb_kaz_r13_seg03_pid2742803_1757412963150.txt ...

trajectory saved!
[Tracking] wrote pre-reset trajectory to TrajectoryBeforeReset_oxf_orb_kaz_r13_seg03_pid2742803_1757412963150.txt
[Tracking] LOST for 10 consecutive frames -> reset
System Reseting
Reseting Local Mapper... done
Reseting Loop Closing... done
Reseting Database... done
1
New map created with 50 points for 0 Feature Type 
New map created with 138 points for 1 Feature Type 
Tracking Initlized in 3.92s
The initlized frame ID: 2
The lost frame ID: 180
The lost frame ID: 181
The lost frame ID: 182
The lost frame ID: 183
The lost frame ID: 184
The lost frame ID: 185
The lost frame ID: 186
The lost frame ID: 187
The lost frame ID: 188

Saving camera trajectory to TrajectoryBeforeReset_oxf_orb_kaz_r13_seg04_pid2742803_1757413029093.txt ...

trajectory saved!
[Tracking] wrote pre-reset trajectory to TrajectoryBeforeReset_oxf_orb_kaz_r13_seg04_pid2742803_1757413029093.txt
[Tracking] LOST for 10 consecutive frames -> reset
System Reseting
Reseting Local Mapper... done
Reseting Loop Closing... done
Reseting Database... done
1
New map created with 78 points for 0 Feature Type 
New map created with 148 points for 1 Feature Type 
Tracking Initlized in 35.05s
The initlized frame ID: 17
The lost frame ID: 595
The lost frame ID: 596
The lost frame ID: 597
The lost frame ID: 598
The lost frame ID: 599
The lost frame ID: 600
The lost frame ID: 601
The lost frame ID: 602
The lost frame ID: 603

Saving camera trajectory to TrajectoryBeforeReset_oxf_orb_kaz_r13_seg05_pid2742803_1757413258796.txt ...

trajectory saved!
[Tracking] wrote pre-reset trajectory to TrajectoryBeforeReset_oxf_orb_kaz_r13_seg05_pid2742803_1757413258796.txt
[Tracking] LOST for 10 consecutive frames -> reset
System Reseting
Reseting Local Mapper... done
Reseting Loop Closing... done
Reseting Database... done
1
New map created with 77 points for 0 Feature Type 
New map created with 269 points for 1 Feature Type 
Tracking Initlized in 5.76s
The initlized frame ID: 3
The lost frame ID: 1409
The lost frame ID: 1410
The lost frame ID: 1411
The lost frame ID: 1412
The lost frame ID: 1413
The lost frame ID: 1414
The lost frame ID: 1416
The lost frame ID: 1417
The lost frame ID: 1418
The lost frame ID: 1419
The lost frame ID: 1420
The lost frame ID: 1421
The lost frame ID: 1422
The lost frame ID: 1423
The lost frame ID: 1424

Saving camera trajectory to TrajectoryBeforeReset_oxf_orb_kaz_r13_seg06_pid2742803_1757413741863.txt ...

trajectory saved!
[Tracking] wrote pre-reset trajectory to TrajectoryBeforeReset_oxf_orb_kaz_r13_seg06_pid2742803_1757413741863.txt
[Tracking] LOST for 10 consecutive frames -> reset
System Reseting
Reseting Local Mapper... done
Reseting Loop Closing... done
Reseting Database... done
0
New map created with 136 points for 0 Feature Type 
New map created with 307 points for 1 Feature Type 
Tracking Initlized in 3.47s
The initlized frame ID: 2
Track lost soon after initialisation, reseting...
System Reseting
Reseting Local Mapper... done
Reseting Loop Closing... done
Reseting Database... done
0
New map created with 137 points for 0 Feature Type 
New map created with 239 points for 1 Feature Type 
Tracking Initlized in 1.79s
The initlized frame ID: 1
The lost frame ID: 2231
The lost frame ID: 2232
The lost frame ID: 2233
The lost frame ID: 2234
The lost frame ID: 2235
The lost frame ID: 2236
The lost frame ID: 2237
The lost frame ID: 2238
The lost frame ID: 2239

Saving camera trajectory to TrajectoryBeforeReset_oxf_orb_kaz_r13_seg07_pid2742803_1757414493471.txt ...

trajectory saved!
[Tracking] wrote pre-reset trajectory to TrajectoryBeforeReset_oxf_orb_kaz_r13_seg07_pid2742803_1757414493471.txt
[Tracking] LOST for 10 consecutive frames -> reset
System Reseting
Reseting Local Mapper... done
Reseting Loop Closing... done
Reseting Database... done
1
New map created with 9 points for 0 Feature Type 
New map created with 66 points for 1 Feature Type 
Wrong initialization, reseting...
System Reseting
Reseting Local Mapper... done
Reseting Loop Closing... done
Reseting Database... done
0
New map created with 110 points for 0 Feature Type 
New map created with 227 points for 1 Feature Type 
Tracking Initlized in 2.07s
The initlized frame ID: 1
The lost frame ID: 144
The lost frame ID: 145
The lost frame ID: 146
The lost frame ID: 147
The lost frame ID: 148
The lost frame ID: 149
The lost frame ID: 150
The lost frame ID: 151
The lost frame ID: 152

Saving camera trajectory to TrajectoryBeforeReset_oxf_orb_kaz_r13_seg08_pid2742803_1757414554914.txt ...

trajectory saved!
[Tracking] wrote pre-reset trajectory to TrajectoryBeforeReset_oxf_orb_kaz_r13_seg08_pid2742803_1757414554914.txt
[Tracking] LOST for 10 consecutive frames -> reset
System Reseting
Reseting Local Mapper... done
Reseting Loop Closing... done
Reseting Database... done
0
New map created with 101 points for 0 Feature Type 
New map created with 223 points for 1 Feature Type 
Tracking Initlized in 2.16s
The initlized frame ID: 1
System::StopViewer()
System::StopViewer() done

Saving correlation status...

========== Global Summary ==========
Frames: 7218
avg_CorrEdges: 6.19368
avg_match_A: 115.7
avg_match_B: 129.799
global_RI_MNR: 0.0535322
global_RI_GNR: 0.0505413
global_RI_DICE: 0.0504578

========== Per-Channel Summary ==========
   chA   chB     avgCorr        avgA        avgB   avgRI_MNR   avgRI_GNR  avgRI_DICE
     0     1     6.19368       115.7     129.799   0.0523548   0.0454263   0.0448061

Correlation status saved!

System Shutdown
-------

median tracking time: 0.326352
mean tracking time: 0.330062

Saving camera trajectory to result13.txt ...

trajectory saved!
All done

========== Performance Summary (ms) ==========
name                                mean      median        rmse         min         max       count
Lost Count                         1.000       1.000       0.000       1.000       1.000           8
Tracking                           7.550       7.021       4.975       1.016     301.212        7320
Reset Count                        1.000       1.000       0.000       1.000       1.000          10
Correlation                        0.154       0.139       0.093       0.031       4.354        7218
Total Init                     56211.038   56211.038       0.000   56211.038   56211.038           1
Pipeline                         329.585     326.333      27.283     250.923     676.048        7513
KAZE Extract                     318.944     315.686      26.581     243.924     561.245        7513
ORB Extract                       25.005      23.959       5.059       6.849      56.542        7513
[RUN 14/20] 2025-09-09 11:43:19
Registering ORBextractor...
Registering AKAZEextractor...
Registering BRISKextractor...
Registering SIFTextractor...
Registering KAZEextractor...
Registering SuperPointExtractor...

ORB-SLAM2 Copyright (C) 2014-2016 Raul Mur-Artal, University of Zaragoza.
This program comes with ABSOLUTELY NO WARRANTY;
This is free software, and you are welcome to redistribute it
under certain conditions. See LICENSE.txt.

Input sensor was set to: Monocular

Loading Vocabulary : /home/howard/Refactored_ORB_SLAM2/Install/var/lib/orbslam2/voc/orb_mur.fbow
This could take a while...
Loading ORB Vocabulary in FBoW.
ORB Vocabulary loaded in 0.015498s


Loading Vocabulary : /home/howard/Refactored_ORB_SLAM2/Install/var/lib/orbslam2/voc/kaze_cv.fbow
This could take a while...
Loading KAZE Vocabulary in FBoW.
KAZE Vocabulary loaded in 0.008457s


Camera Parameters: 
- fx: 983.044
- fy: 983.044
- cx: 643.647
- cy: 493.379
- k1: 0
- k2: 0
- p1: 0
- p2: 0
- fps: 16
- color order: RGB (ignored if grayscale)

[Feature 0] ORB Extractor Parameters: 
 ( TH_LOW: 50, TH_HIGH: 100 )
- Number of Features: 2000
- Scale Levels: 8
- Scale Factor: 1.2
- Initial Fast Threshold: 20
- Minimum Fast Threshold: 7

[Feature 1] KAZE Extractor Parameters: 
 ( TH_LOW: 0.5, TH_HIGH: 1 )
- Number of Features : 1000
- Scale Levels       : 4
- Scale Factor       : 1.2
- Threshold          : 0.0005
- nOctaves           : 4
- nOctaveLayers      : 4
- Extended (128‑dim) : 0
- Upright            : 0

-------
Start processing sequence ...
Images in the sequence: 7513

1
New map created with 125 points for 0 Feature Type 
New map created with 416 points for 1 Feature Type 
Tracking Initlized in 268.08s
The initlized frame ID: 138
The lost frame ID: 831
The lost frame ID: 832
The lost frame ID: 833
The lost frame ID: 834
The lost frame ID: 835
The lost frame ID: 836
The lost frame ID: 837
The lost frame ID: 839
The lost frame ID: 840
The lost frame ID: 853
The lost frame ID: 857
The lost frame ID: 859
The lost frame ID: 861
The lost frame ID: 862
The lost frame ID: 864
The lost frame ID: 865
The lost frame ID: 868
The lost frame ID: 869
The lost frame ID: 870
The lost frame ID: 873
The lost frame ID: 875
The lost frame ID: 877
The lost frame ID: 879
The lost frame ID: 881
The lost frame ID: 883
The lost frame ID: 884
The lost frame ID: 885
The lost frame ID: 887
The lost frame ID: 889
The lost frame ID: 890
The lost frame ID: 893
The lost frame ID: 896
The lost frame ID: 901
The lost frame ID: 902
The lost frame ID: 903
The lost frame ID: 904
The lost frame ID: 905
The lost frame ID: 907
The lost frame ID: 909
The lost frame ID: 913
The lost frame ID: 915
The lost frame ID: 917
The lost frame ID: 918
The lost frame ID: 921
The lost frame ID: 923
The lost frame ID: 924
The lost frame ID: 925
The lost frame ID: 926
The lost frame ID: 935
The lost frame ID: 939
The lost frame ID: 940
The lost frame ID: 942
The lost frame ID: 943
The lost frame ID: 944
The lost frame ID: 946
The lost frame ID: 947
The lost frame ID: 948
The lost frame ID: 949
The lost frame ID: 950
The lost frame ID: 952
The lost frame ID: 954
The lost frame ID: 955
The lost frame ID: 957
The lost frame ID: 958
The lost frame ID: 959
The lost frame ID: 960
The lost frame ID: 961
The lost frame ID: 962
The lost frame ID: 964
The lost frame ID: 966
The lost frame ID: 967
The lost frame ID: 968
The lost frame ID: 976
The lost frame ID: 978
The lost frame ID: 984
The lost frame ID: 989
The lost frame ID: 990
The lost frame ID: 991
The lost frame ID: 992
The lost frame ID: 993
The lost frame ID: 994
The lost frame ID: 995
The lost frame ID: 996
The lost frame ID: 997

Saving camera trajectory to TrajectoryBeforeReset_oxf_orb_kaz_r14_seg01_pid3018724_1757414956729.txt ...

trajectory saved!
[Tracking] wrote pre-reset trajectory to TrajectoryBeforeReset_oxf_orb_kaz_r14_seg01_pid3018724_1757414956729.txt
[Tracking] LOST for 10 consecutive frames -> reset
System Reseting
Reseting Local Mapper... done
Reseting Loop Closing... done
Reseting Database... done
1
New map created with 88 points for 0 Feature Type 
New map created with 246 points for 1 Feature Type 
Tracking Initlized in 5.29s
The initlized frame ID: 3
The lost frame ID: 481
The lost frame ID: 482
The lost frame ID: 483
The lost frame ID: 484
The lost frame ID: 485
The lost frame ID: 486
The lost frame ID: 487
The lost frame ID: 488
The lost frame ID: 489

Saving camera trajectory to TrajectoryBeforeReset_oxf_orb_kaz_r14_seg02_pid3018724_1757415120966.txt ...

trajectory saved!
[Tracking] wrote pre-reset trajectory to TrajectoryBeforeReset_oxf_orb_kaz_r14_seg02_pid3018724_1757415120966.txt
[Tracking] LOST for 10 consecutive frames -> reset
System Reseting
Reseting Local Mapper... done
Reseting Loop Closing... done
Reseting Database... done
1
New map created with 68 points for 0 Feature Type 
New map created with 150 points for 1 Feature Type 
Tracking Initlized in 6.19s
The initlized frame ID: 3
The lost frame ID: 253
The lost frame ID: 254
The lost frame ID: 257
The lost frame ID: 258
The lost frame ID: 259
The lost frame ID: 261
The lost frame ID: 263
The lost frame ID: 264
The lost frame ID: 266
The lost frame ID: 268
The lost frame ID: 270
The lost frame ID: 272
The lost frame ID: 273
The lost frame ID: 274
The lost frame ID: 275
The lost frame ID: 277
The lost frame ID: 278
The lost frame ID: 279
The lost frame ID: 280
The lost frame ID: 281
The lost frame ID: 283
The lost frame ID: 284
The lost frame ID: 285
The lost frame ID: 286
The lost frame ID: 287
The lost frame ID: 288
The lost frame ID: 289
The lost frame ID: 290
The lost frame ID: 291

Saving camera trajectory to TrajectoryBeforeReset_oxf_orb_kaz_r14_seg03_pid3018724_1757415217041.txt ...

trajectory saved!
[Tracking] wrote pre-reset trajectory to TrajectoryBeforeReset_oxf_orb_kaz_r14_seg03_pid3018724_1757415217041.txt
[Tracking] LOST for 10 consecutive frames -> reset
System Reseting
Reseting Local Mapper... done
Reseting Loop Closing... done
Reseting Database... done
1
New map created with 85 points for 0 Feature Type 
New map created with 172 points for 1 Feature Type 
Tracking Initlized in 4.06s
The initlized frame ID: 2
The lost frame ID: 980
The lost frame ID: 981
The lost frame ID: 983
The lost frame ID: 984
The lost frame ID: 985
The lost frame ID: 987
The lost frame ID: 988
The lost frame ID: 989
The lost frame ID: 990
The lost frame ID: 991
The lost frame ID: 992
The lost frame ID: 993
The lost frame ID: 995
The lost frame ID: 996
The lost frame ID: 997
The lost frame ID: 998
The lost frame ID: 999
The lost frame ID: 1000
The lost frame ID: 1001
The lost frame ID: 1002
The lost frame ID: 1003

Saving camera trajectory to TrajectoryBeforeReset_oxf_orb_kaz_r14_seg04_pid3018724_1757415548194.txt ...

trajectory saved!
[Tracking] wrote pre-reset trajectory to TrajectoryBeforeReset_oxf_orb_kaz_r14_seg04_pid3018724_1757415548194.txt
[Tracking] LOST for 10 consecutive frames -> reset
System Reseting
Reseting Local Mapper... done
Reseting Loop Closing... done
Reseting Database... done
1
New map created with 108 points for 0 Feature Type 
New map created with 182 points for 1 Feature Type 
Tracking Initlized in 2.05s
The initlized frame ID: 1
The lost frame ID: 165
The lost frame ID: 166
The lost frame ID: 167
The lost frame ID: 168
The lost frame ID: 169
The lost frame ID: 170
The lost frame ID: 171
The lost frame ID: 172
The lost frame ID: 173

Saving camera trajectory to TrajectoryBeforeReset_oxf_orb_kaz_r14_seg05_pid3018724_1757415608412.txt ...

trajectory saved!
[Tracking] wrote pre-reset trajectory to TrajectoryBeforeReset_oxf_orb_kaz_r14_seg05_pid3018724_1757415608412.txt
[Tracking] LOST for 10 consecutive frames -> reset
System Reseting
Reseting Local Mapper... done
Reseting Loop Closing... done
Reseting Database... done
1
New map created with 58 points for 0 Feature Type 
New map created with 143 points for 1 Feature Type 
Tracking Initlized in 35.09s
The initlized frame ID: 17
The lost frame ID: 595
The lost frame ID: 596
The lost frame ID: 597
The lost frame ID: 598
The lost frame ID: 599
The lost frame ID: 600
The lost frame ID: 601
The lost frame ID: 602
The lost frame ID: 603

Saving camera trajectory to TrajectoryBeforeReset_oxf_orb_kaz_r14_seg06_pid3018724_1757415820933.txt ...

trajectory saved!
[Tracking] wrote pre-reset trajectory to TrajectoryBeforeReset_oxf_orb_kaz_r14_seg06_pid3018724_1757415820933.txt
[Tracking] LOST for 10 consecutive frames -> reset
System Reseting
Reseting Local Mapper... done
Reseting Loop Closing... done
Reseting Database... done
1
New map created with 72 points for 0 Feature Type 
New map created with 270 points for 1 Feature Type 
Tracking Initlized in 5.58s
The initlized frame ID: 3
The lost frame ID: 1409
The lost frame ID: 1410
The lost frame ID: 1411
The lost frame ID: 1412
The lost frame ID: 1413
The lost frame ID: 1414
The lost frame ID: 1416
The lost frame ID: 1417
The lost frame ID: 1418
The lost frame ID: 1419
The lost frame ID: 1420
The lost frame ID: 1421
The lost frame ID: 1422
The lost frame ID: 1423
The lost frame ID: 1424

Saving camera trajectory to TrajectoryBeforeReset_oxf_orb_kaz_r14_seg07_pid3018724_1757416275097.txt ...

trajectory saved!
[Tracking] wrote pre-reset trajectory to TrajectoryBeforeReset_oxf_orb_kaz_r14_seg07_pid3018724_1757416275097.txt
[Tracking] LOST for 10 consecutive frames -> reset
System Reseting
Reseting Local Mapper... done
Reseting Loop Closing... done
Reseting Database... done
0
New map created with 147 points for 0 Feature Type 
New map created with 289 points for 1 Feature Type 
Tracking Initlized in 1.82s
The initlized frame ID: 1
The lost frame ID: 2235
The lost frame ID: 2236
The lost frame ID: 2237
The lost frame ID: 2238
The lost frame ID: 2239
The lost frame ID: 2240
The lost frame ID: 2241
The lost frame ID: 2242
The lost frame ID: 2243

Saving camera trajectory to TrajectoryBeforeReset_oxf_orb_kaz_r14_seg08_pid3018724_1757416992852.txt ...

trajectory saved!
[Tracking] wrote pre-reset trajectory to TrajectoryBeforeReset_oxf_orb_kaz_r14_seg08_pid3018724_1757416992852.txt
[Tracking] LOST for 10 consecutive frames -> reset
System Reseting
Reseting Local Mapper... done
Reseting Loop Closing... done
Reseting Database... done
1
New map created with 15 points for 0 Feature Type 
New map created with 87 points for 1 Feature Type 
Tracking Initlized in 32.20s
The initlized frame ID: 17
The lost frame ID: 156
The lost frame ID: 157
The lost frame ID: 158
The lost frame ID: 159
The lost frame ID: 160
The lost frame ID: 161
The lost frame ID: 162
The lost frame ID: 163
The lost frame ID: 164

Saving camera trajectory to TrajectoryBeforeReset_oxf_orb_kaz_r14_seg09_pid3018724_1757417052792.txt ...

trajectory saved!
[Tracking] wrote pre-reset trajectory to TrajectoryBeforeReset_oxf_orb_kaz_r14_seg09_pid3018724_1757417052792.txt
[Tracking] LOST for 10 consecutive frames -> reset
System Reseting
Reseting Local Mapper... done
Reseting Loop Closing... done
Reseting Database... done
0
New map created with 101 points for 0 Feature Type 
New map created with 221 points for 1 Feature Type 
Tracking Initlized in 2.19s
The initlized frame ID: 1
System::StopViewer()
System::StopViewer() done

Saving correlation status...

========== Global Summary ==========
Frames: 7104
avg_CorrEdges: 6.36261
avg_match_A: 116.681
avg_match_B: 131.53
global_RI_MNR: 0.0545298
global_RI_GNR: 0.0513596
global_RI_DICE: 0.0512676

========== Per-Channel Summary ==========
   chA   chB     avgCorr        avgA        avgB   avgRI_MNR   avgRI_GNR  avgRI_DICE
     0     1     6.36261     116.681      131.53   0.0533677    0.046337   0.0456994

Correlation status saved!

System Shutdown
-------

median tracking time: 0.315706
mean tracking time: 0.322372

Saving camera trajectory to result14.txt ...

trajectory saved!
All done

========== Performance Summary (ms) ==========
name                                mean      median        rmse         min         max       count
Lost Count                         1.000       1.000       0.000       1.000       1.000           9
Tracking                           7.581       6.898       3.681       1.466      82.229        7317
Reset Count                        1.000       1.000       0.000       1.000       1.000           9
Correlation                        0.152       0.138       0.076       0.002       1.487        7114
Total Init                     56550.261   56550.261       0.000   56550.261   56550.261           1
Pipeline                         321.838     315.643      30.577     241.070     531.277        7513
KAZE Extract                     311.192     305.067      29.949     236.113     515.772        7513
ORB Extract                       24.855      23.929       5.094       7.003      51.163        7513
[RUN 15/20] 2025-09-09 12:24:56
Registering ORBextractor...
Registering AKAZEextractor...
Registering BRISKextractor...
Registering SIFTextractor...
Registering KAZEextractor...
Registering SuperPointExtractor...

ORB-SLAM2 Copyright (C) 2014-2016 Raul Mur-Artal, University of Zaragoza.
This program comes with ABSOLUTELY NO WARRANTY;
This is free software, and you are welcome to redistribute it
under certain conditions. See LICENSE.txt.

Input sensor was set to: Monocular

Loading Vocabulary : /home/howard/Refactored_ORB_SLAM2/Install/var/lib/orbslam2/voc/orb_mur.fbow
This could take a while...
Loading ORB Vocabulary in FBoW.
ORB Vocabulary loaded in 0.014288s


Loading Vocabulary : /home/howard/Refactored_ORB_SLAM2/Install/var/lib/orbslam2/voc/kaze_cv.fbow
This could take a while...
Loading KAZE Vocabulary in FBoW.
KAZE Vocabulary loaded in 0.106273s


Camera Parameters: 
- fx: 983.044
- fy: 983.044
- cx: 643.647
- cy: 493.379
- k1: 0
- k2: 0
- p1: 0
- p2: 0
- fps: 16
- color order: RGB (ignored if grayscale)

[Feature 0] ORB Extractor Parameters: 
 ( TH_LOW: 50, TH_HIGH: 100 )
- Number of Features: 2000
- Scale Levels: 8
- Scale Factor: 1.2
- Initial Fast Threshold: 20
- Minimum Fast Threshold: 7

[Feature 1] KAZE Extractor Parameters: 
 ( TH_LOW: 0.5, TH_HIGH: 1 )
- Number of Features : 1000
- Scale Levels       : 4
- Scale Factor       : 1.2
- Threshold          : 0.0005
- nOctaves           : 4
- nOctaveLayers      : 4
- Extended (128‑dim) : 0
- Upright            : 0

-------
Start processing sequence ...
Images in the sequence: 7513

1
New map created with 125 points for 0 Feature Type 
New map created with 416 points for 1 Feature Type 
Tracking Initlized in 275.34s
The initlized frame ID: 138
The lost frame ID: 831
The lost frame ID: 832
The lost frame ID: 833
The lost frame ID: 834
The lost frame ID: 835
The lost frame ID: 836
The lost frame ID: 837
The lost frame ID: 838
The lost frame ID: 839
The lost frame ID: 1463
The lost frame ID: 1465
The lost frame ID: 1466
The lost frame ID: 1467
The lost frame ID: 1468
The lost frame ID: 1469
The lost frame ID: 1470
The lost frame ID: 1471
The lost frame ID: 1472
The lost frame ID: 1473

Saving camera trajectory to TrajectoryBeforeReset_oxf_orb_kaz_r15_seg01_pid3287596_1757417582793.txt ...

trajectory saved!
[Tracking] wrote pre-reset trajectory to TrajectoryBeforeReset_oxf_orb_kaz_r15_seg01_pid3287596_1757417582793.txt
[Tracking] LOST for 10 consecutive frames -> reset
System Reseting
Reseting Local Mapper... done
Reseting Loop Closing... done
Reseting Database... done
1
New map created with 37 points for 0 Feature Type 
New map created with 185 points for 1 Feature Type 
Tracking Initlized in 3.83s
The initlized frame ID: 2
Track lost soon after initialisation, reseting...
System Reseting
Reseting Local Mapper... done
Reseting Loop Closing... done
Reseting Database... done
1
New map created with 50 points for 0 Feature Type 
New map created with 245 points for 1 Feature Type 
Tracking Initlized in 16.94s
The initlized frame ID: 9
Track lost soon after initialisation, reseting...
System Reseting
Reseting Local Mapper... done
Reseting Loop Closing... done
Reseting Database... done
1
New map created with 59 points for 0 Feature Type 
New map created with 219 points for 1 Feature Type 
Tracking Initlized in 13.39s
The initlized frame ID: 7
The lost frame ID: 256
The lost frame ID: 258
The lost frame ID: 260
The lost frame ID: 262
The lost frame ID: 263
The lost frame ID: 264
The lost frame ID: 265
The lost frame ID: 266
The lost frame ID: 267
The lost frame ID: 268
The lost frame ID: 269
The lost frame ID: 270

Saving camera trajectory to TrajectoryBeforeReset_oxf_orb_kaz_r15_seg02_pid3287596_1757417679175.txt ...

trajectory saved!
[Tracking] wrote pre-reset trajectory to TrajectoryBeforeReset_oxf_orb_kaz_r15_seg02_pid3287596_1757417679175.txt
[Tracking] LOST for 10 consecutive frames -> reset
System Reseting
Reseting Local Mapper... done
Reseting Loop Closing... done
Reseting Database... done
0
New map created with 106 points for 0 Feature Type 
New map created with 127 points for 1 Feature Type 
Tracking Initlized in 1.86s
The initlized frame ID: 1
The lost frame ID: 999
The lost frame ID: 1000
The lost frame ID: 1002
The lost frame ID: 1003
The lost frame ID: 1005
The lost frame ID: 1006
The lost frame ID: 1007
The lost frame ID: 1008
The lost frame ID: 1010
The lost frame ID: 1012
The lost frame ID: 1013
The lost frame ID: 1014
The lost frame ID: 1016
The lost frame ID: 1018
The lost frame ID: 1020
The lost frame ID: 1021
The lost frame ID: 1022
The lost frame ID: 1023
The lost frame ID: 1024
The lost frame ID: 1025
The lost frame ID: 1026
The lost frame ID: 1027
The lost frame ID: 1028

Saving camera trajectory to TrajectoryBeforeReset_oxf_orb_kaz_r15_seg03_pid3287596_1757418025844.txt ...

trajectory saved!
[Tracking] wrote pre-reset trajectory to TrajectoryBeforeReset_oxf_orb_kaz_r15_seg03_pid3287596_1757418025844.txt
[Tracking] LOST for 10 consecutive frames -> reset
System Reseting
Reseting Local Mapper... done
Reseting Loop Closing... done
Reseting Database... done
1
New map created with 77 points for 0 Feature Type 
New map created with 187 points for 1 Feature Type 
Tracking Initlized in 2.04s
The initlized frame ID: 1
The lost frame ID: 159
The lost frame ID: 160
The lost frame ID: 161
The lost frame ID: 162
The lost frame ID: 163
The lost frame ID: 164
The lost frame ID: 165
The lost frame ID: 166
The lost frame ID: 167

Saving camera trajectory to TrajectoryBeforeReset_oxf_orb_kaz_r15_seg04_pid3287596_1757418083119.txt ...

trajectory saved!
[Tracking] wrote pre-reset trajectory to TrajectoryBeforeReset_oxf_orb_kaz_r15_seg04_pid3287596_1757418083119.txt
[Tracking] LOST for 10 consecutive frames -> reset
System Reseting
Reseting Local Mapper... done
Reseting Loop Closing... done
Reseting Database... done
1
New map created with 66 points for 0 Feature Type 
New map created with 145 points for 1 Feature Type 
Tracking Initlized in 34.83s
The initlized frame ID: 17
The lost frame ID: 594
The lost frame ID: 595
The lost frame ID: 596
The lost frame ID: 597
The lost frame ID: 598
The lost frame ID: 599
The lost frame ID: 600
The lost frame ID: 601
The lost frame ID: 602

Saving camera trajectory to TrajectoryBeforeReset_oxf_orb_kaz_r15_seg05_pid3287596_1757418299551.txt ...

trajectory saved!
[Tracking] wrote pre-reset trajectory to TrajectoryBeforeReset_oxf_orb_kaz_r15_seg05_pid3287596_1757418299551.txt
[Tracking] LOST for 10 consecutive frames -> reset
System Reseting
Reseting Local Mapper... done
Reseting Loop Closing... done
Reseting Database... done
1
New map created with 65 points for 0 Feature Type 
New map created with 248 points for 1 Feature Type 
Tracking Initlized in 5.40s
The initlized frame ID: 3
The lost frame ID: 1410
The lost frame ID: 1411
The lost frame ID: 1412
The lost frame ID: 1413
The lost frame ID: 1414
The lost frame ID: 1415
The lost frame ID: 1417
The lost frame ID: 1418
The lost frame ID: 1419
The lost frame ID: 1420
The lost frame ID: 1421
The lost frame ID: 1422
The lost frame ID: 1423
The lost frame ID: 1424
The lost frame ID: 1425

Saving camera trajectory to TrajectoryBeforeReset_oxf_orb_kaz_r15_seg06_pid3287596_1757418773816.txt ...

trajectory saved!
[Tracking] wrote pre-reset trajectory to TrajectoryBeforeReset_oxf_orb_kaz_r15_seg06_pid3287596_1757418773816.txt
[Tracking] LOST for 10 consecutive frames -> reset
System Reseting
Reseting Local Mapper... done
Reseting Loop Closing... done
Reseting Database... done
0
New map created with 137 points for 0 Feature Type 
New map created with 307 points for 1 Feature Type 
Tracking Initlized in 3.58s
The initlized frame ID: 2
The lost frame ID: 2235
The lost frame ID: 2236
The lost frame ID: 2237
The lost frame ID: 2238
The lost frame ID: 2239
The lost frame ID: 2240
The lost frame ID: 2241
The lost frame ID: 2242
The lost frame ID: 2243

Saving camera trajectory to TrajectoryBeforeReset_oxf_orb_kaz_r15_seg07_pid3287596_1757419521984.txt ...

trajectory saved!
[Tracking] wrote pre-reset trajectory to TrajectoryBeforeReset_oxf_orb_kaz_r15_seg07_pid3287596_1757419521984.txt
[Tracking] LOST for 10 consecutive frames -> reset
System Reseting
Reseting Local Mapper... done
Reseting Loop Closing... done
Reseting Database... done
1
New map created with 26 points for 0 Feature Type 
New map created with 118 points for 1 Feature Type 
Tracking Initlized in 17.69s
The initlized frame ID: 10
The lost frame ID: 156
The lost frame ID: 157
The lost frame ID: 158
The lost frame ID: 159
The lost frame ID: 160
The lost frame ID: 161
The lost frame ID: 162
The lost frame ID: 163
The lost frame ID: 164

Saving camera trajectory to TrajectoryBeforeReset_oxf_orb_kaz_r15_seg08_pid3287596_1757419580299.txt ...

trajectory saved!
[Tracking] wrote pre-reset trajectory to TrajectoryBeforeReset_oxf_orb_kaz_r15_seg08_pid3287596_1757419580299.txt
[Tracking] LOST for 10 consecutive frames -> reset
System Reseting
Reseting Local Mapper... done
Reseting Loop Closing... done
Reseting Database... done
0
New map created with 100 points for 0 Feature Type 
New map created with 218 points for 1 Feature Type 
Tracking Initlized in 2.14s
The initlized frame ID: 1
System::StopViewer()
System::StopViewer() done

Saving correlation status...

========== Global Summary ==========
Frames: 7196
avg_CorrEdges: 6.69997
avg_match_A: 120.093
avg_match_B: 134.66
global_RI_MNR: 0.0557898
global_RI_GNR: 0.0526859
global_RI_DICE: 0.0525997

========== Per-Channel Summary ==========
   chA   chB     avgCorr        avgA        avgB   avgRI_MNR   avgRI_GNR  avgRI_DICE
     0     1     6.69997     120.093      134.66   0.0544026   0.0473751   0.0467503

Correlation status saved!

System Shutdown
-------

median tracking time: 0.323825
mean tracking time: 0.326142

Saving camera trajectory to result15.txt ...

trajectory saved!
All done

========== Performance Summary (ms) ==========
name                                mean      median        rmse         min         max       count
Lost Count                         1.000       1.000       0.000       1.000       1.000           8
Tracking                           7.737       7.078       3.707       1.555      39.461        7311
Reset Count                        1.000       1.000       0.000       1.000       1.000          10
Correlation                        0.159       0.144       0.079       0.028       1.403        7196
Total Init                     56467.551   56467.551       0.000   56467.551   56467.551           1
Pipeline                         325.586     323.784      25.243     230.738     693.942        7513
KAZE Extract                     314.704     312.708      24.478     222.691     672.801        7513
ORB Extract                       25.011      24.029       5.044       7.125      51.032        7513
[RUN 16/20] 2025-09-09 13:07:02
Registering ORBextractor...
Registering AKAZEextractor...
Registering BRISKextractor...
Registering SIFTextractor...
Registering KAZEextractor...
Registering SuperPointExtractor...

ORB-SLAM2 Copyright (C) 2014-2016 Raul Mur-Artal, University of Zaragoza.
This program comes with ABSOLUTELY NO WARRANTY;
This is free software, and you are welcome to redistribute it
under certain conditions. See LICENSE.txt.

Input sensor was set to: Monocular

Loading Vocabulary : /home/howard/Refactored_ORB_SLAM2/Install/var/lib/orbslam2/voc/orb_mur.fbow
This could take a while...
Loading ORB Vocabulary in FBoW.
ORB Vocabulary loaded in 0.011525s


Loading Vocabulary : /home/howard/Refactored_ORB_SLAM2/Install/var/lib/orbslam2/voc/kaze_cv.fbow
This could take a while...
Loading KAZE Vocabulary in FBoW.
KAZE Vocabulary loaded in 0.008313s


Camera Parameters: 
- fx: 983.044
- fy: 983.044
- cx: 643.647
- cy: 493.379
- k1: 0
- k2: 0
- p1: 0
- p2: 0
- fps: 16
- color order: RGB (ignored if grayscale)

[Feature 0] ORB Extractor Parameters: 
 ( TH_LOW: 50, TH_HIGH: 100 )
- Number of Features: 2000
- Scale Levels: 8
- Scale Factor: 1.2
- Initial Fast Threshold: 20
- Minimum Fast Threshold: 7

[Feature 1] KAZE Extractor Parameters: 
 ( TH_LOW: 0.5, TH_HIGH: 1 )
- Number of Features : 1000
- Scale Levels       : 4
- Scale Factor       : 1.2
- Threshold          : 0.0005
- nOctaves           : 4
- nOctaveLayers      : 4
- Extended (128‑dim) : 0
- Upright            : 0

-------
Start processing sequence ...
Images in the sequence: 7513

1
New map created with 125 points for 0 Feature Type 
New map created with 416 points for 1 Feature Type 
Tracking Initlized in 267.78s
The initlized frame ID: 138
The lost frame ID: 832
The lost frame ID: 833
The lost frame ID: 834
The lost frame ID: 835
The lost frame ID: 836
The lost frame ID: 837
The lost frame ID: 838
The lost frame ID: 839
The lost frame ID: 865
The lost frame ID: 867
The lost frame ID: 869
The lost frame ID: 871
The lost frame ID: 875
The lost frame ID: 878
The lost frame ID: 881
The lost frame ID: 883
The lost frame ID: 885
The lost frame ID: 887
The lost frame ID: 889
The lost frame ID: 890
The lost frame ID: 891
The lost frame ID: 896
The lost frame ID: 898
The lost frame ID: 900
The lost frame ID: 904
The lost frame ID: 907
The lost frame ID: 910
The lost frame ID: 913
The lost frame ID: 917
The lost frame ID: 920
The lost frame ID: 921
The lost frame ID: 922
The lost frame ID: 924
The lost frame ID: 927
The lost frame ID: 932
The lost frame ID: 935
The lost frame ID: 936
The lost frame ID: 937
The lost frame ID: 938
The lost frame ID: 939
The lost frame ID: 940
The lost frame ID: 941
The lost frame ID: 942
The lost frame ID: 943

Saving camera trajectory to TrajectoryBeforeReset_oxf_orb_kaz_r16_seg01_pid3555978_1757419969017.txt ...

trajectory saved!
[Tracking] wrote pre-reset trajectory to TrajectoryBeforeReset_oxf_orb_kaz_r16_seg01_pid3555978_1757419969017.txt
[Tracking] LOST for 10 consecutive frames -> reset
System Reseting
Reseting Local Mapper... done
Reseting Loop Closing... done
Reseting Database... done
0
New map created with 134 points for 0 Feature Type 
New map created with 283 points for 1 Feature Type 
Tracking Initlized in 1.84s
The initlized frame ID: 1
The lost frame ID: 534
The lost frame ID: 535
The lost frame ID: 536
The lost frame ID: 537
The lost frame ID: 538
The lost frame ID: 539
The lost frame ID: 540
The lost frame ID: 541
The lost frame ID: 542

Saving camera trajectory to TrajectoryBeforeReset_oxf_orb_kaz_r16_seg02_pid3555978_1757420149443.txt ...

trajectory saved!
[Tracking] wrote pre-reset trajectory to TrajectoryBeforeReset_oxf_orb_kaz_r16_seg02_pid3555978_1757420149443.txt
[Tracking] LOST for 10 consecutive frames -> reset
System Reseting
Reseting Local Mapper... done
Reseting Loop Closing... done
Reseting Database... done
1
New map created with 38 points for 0 Feature Type 
New map created with 150 points for 1 Feature Type 
Tracking Initlized in 5.64s
The initlized frame ID: 3
The lost frame ID: 1273
The lost frame ID: 1274
The lost frame ID: 1275
The lost frame ID: 1276
The lost frame ID: 1277
The lost frame ID: 1278
The lost frame ID: 1280
The lost frame ID: 1281
The lost frame ID: 1282
The lost frame ID: 1283
The lost frame ID: 1284
The lost frame ID: 1285
The lost frame ID: 1286
The lost frame ID: 1287
The lost frame ID: 1288

Saving camera trajectory to TrajectoryBeforeReset_oxf_orb_kaz_r16_seg03_pid3555978_1757420649483.txt ...

trajectory saved!
[Tracking] wrote pre-reset trajectory to TrajectoryBeforeReset_oxf_orb_kaz_r16_seg03_pid3555978_1757420649483.txt
[Tracking] LOST for 10 consecutive frames -> reset
System Reseting
Reseting Local Mapper... done
Reseting Loop Closing... done
Reseting Database... done
1
New map created with 95 points for 0 Feature Type 
New map created with 206 points for 1 Feature Type 
Tracking Initlized in 22.72s
The initlized frame ID: 11
The lost frame ID: 173
The lost frame ID: 174
The lost frame ID: 175
The lost frame ID: 176
The lost frame ID: 177
The lost frame ID: 178
The lost frame ID: 179
The lost frame ID: 180
The lost frame ID: 181

Saving camera trajectory to TrajectoryBeforeReset_oxf_orb_kaz_r16_seg04_pid3555978_1757420716769.txt ...

trajectory saved!
[Tracking] wrote pre-reset trajectory to TrajectoryBeforeReset_oxf_orb_kaz_r16_seg04_pid3555978_1757420716769.txt
[Tracking] LOST for 10 consecutive frames -> reset
System Reseting
Reseting Local Mapper... done
Reseting Loop Closing... done
Reseting Database... done
1
New map created with 71 points for 0 Feature Type 
New map created with 152 points for 1 Feature Type 
Tracking Initlized in 35.36s
The initlized frame ID: 17
The lost frame ID: 593
The lost frame ID: 594
The lost frame ID: 595
The lost frame ID: 596
The lost frame ID: 597
The lost frame ID: 598
The lost frame ID: 599
The lost frame ID: 600
The lost frame ID: 601

Saving camera trajectory to TrajectoryBeforeReset_oxf_orb_kaz_r16_seg05_pid3555978_1757420942250.txt ...

trajectory saved!
[Tracking] wrote pre-reset trajectory to TrajectoryBeforeReset_oxf_orb_kaz_r16_seg05_pid3555978_1757420942250.txt
[Tracking] LOST for 10 consecutive frames -> reset
System Reseting
Reseting Local Mapper... done
Reseting Loop Closing... done
Reseting Database... done
1
New map created with 71 points for 0 Feature Type 
New map created with 242 points for 1 Feature Type 
Tracking Initlized in 5.42s
The initlized frame ID: 3
The lost frame ID: 1411
The lost frame ID: 1412
The lost frame ID: 1413
The lost frame ID: 1414
The lost frame ID: 1415
The lost frame ID: 1416
The lost frame ID: 1418
The lost frame ID: 1419
The lost frame ID: 1420
The lost frame ID: 1421
The lost frame ID: 1422
The lost frame ID: 1423
The lost frame ID: 1424
The lost frame ID: 1425
The lost frame ID: 1426

Saving camera trajectory to TrajectoryBeforeReset_oxf_orb_kaz_r16_seg06_pid3555978_1757421411886.txt ...

trajectory saved!
[Tracking] wrote pre-reset trajectory to TrajectoryBeforeReset_oxf_orb_kaz_r16_seg06_pid3555978_1757421411886.txt
[Tracking] LOST for 10 consecutive frames -> reset
System Reseting
Reseting Local Mapper... done
Reseting Loop Closing... done
Reseting Database... done
0
New map created with 139 points for 0 Feature Type 
New map created with 315 points for 1 Feature Type 
Tracking Initlized in 3.47s
The initlized frame ID: 2
The lost frame ID: 2235
The lost frame ID: 2236
The lost frame ID: 2237
The lost frame ID: 2238
The lost frame ID: 2239
The lost frame ID: 2240
The lost frame ID: 2241
The lost frame ID: 2242
The lost frame ID: 2243

Saving camera trajectory to TrajectoryBeforeReset_oxf_orb_kaz_r16_seg07_pid3555978_1757422184495.txt ...

trajectory saved!
[Tracking] wrote pre-reset trajectory to TrajectoryBeforeReset_oxf_orb_kaz_r16_seg07_pid3555978_1757422184495.txt
[Tracking] LOST for 10 consecutive frames -> reset
System Reseting
Reseting Local Mapper... done
Reseting Loop Closing... done
Reseting Database... done
1
New map created with 23 points for 0 Feature Type 
New map created with 125 points for 1 Feature Type 
Tracking Initlized in 17.82s
The initlized frame ID: 10
The lost frame ID: 156
The lost frame ID: 157
The lost frame ID: 158
The lost frame ID: 159
The lost frame ID: 160
The lost frame ID: 161
The lost frame ID: 162
The lost frame ID: 163
The lost frame ID: 164

Saving camera trajectory to TrajectoryBeforeReset_oxf_orb_kaz_r16_seg08_pid3555978_1757422245730.txt ...

trajectory saved!
[Tracking] wrote pre-reset trajectory to TrajectoryBeforeReset_oxf_orb_kaz_r16_seg08_pid3555978_1757422245730.txt
[Tracking] LOST for 10 consecutive frames -> reset
System Reseting
Reseting Local Mapper... done
Reseting Loop Closing... done
Reseting Database... done
0
New map created with 100 points for 0 Feature Type 
New map created with 233 points for 1 Feature Type 
Tracking Initlized in 2.12s
The initlized frame ID: 1
System::StopViewer()
System::StopViewer() done

Saving correlation status...

========== Global Summary ==========
Frames: 7190
avg_CorrEdges: 6.58345
avg_match_A: 119.397
avg_match_B: 133.702
global_RI_MNR: 0.0551392
global_RI_GNR: 0.0521061
global_RI_DICE: 0.0520228

========== Per-Channel Summary ==========
   chA   chB     avgCorr        avgA        avgB   avgRI_MNR   avgRI_GNR  avgRI_DICE
     0     1     6.58345     119.397     133.702   0.0537392   0.0466602    0.046028

Correlation status saved!

System Shutdown
-------

median tracking time: 0.342587
mean tracking time: 0.346976

Saving camera trajectory to result16.txt ...

trajectory saved!
All done

========== Performance Summary (ms) ==========
name                                mean      median        rmse         min         max       count
Lost Count                         1.000       1.000       0.000       1.000       1.000           8
Tracking                           7.854       7.045       3.827       0.933      43.296        7318
Reset Count                        1.000       1.000       0.000       1.000       1.000           8
Correlation                        0.159       0.142       0.089       0.003       1.805        7191
Total Init                     55521.697   55521.697       0.000   55521.697   55521.697           1
Pipeline                         346.408     342.553      32.704     244.769     697.237        7513
KAZE Extract                     335.462     331.414      32.531     237.833     690.675        7513
ORB Extract                       24.859      23.752       5.156       6.970      54.956        7513
[RUN 17/20] 2025-09-09 13:51:29
Registering ORBextractor...
Registering AKAZEextractor...
Registering BRISKextractor...
Registering SIFTextractor...
Registering KAZEextractor...
Registering SuperPointExtractor...

ORB-SLAM2 Copyright (C) 2014-2016 Raul Mur-Artal, University of Zaragoza.
This program comes with ABSOLUTELY NO WARRANTY;
This is free software, and you are welcome to redistribute it
under certain conditions. See LICENSE.txt.

Input sensor was set to: Monocular

Loading Vocabulary : /home/howard/Refactored_ORB_SLAM2/Install/var/lib/orbslam2/voc/orb_mur.fbow
This could take a while...
Loading ORB Vocabulary in FBoW.
ORB Vocabulary loaded in 0.010213s


Loading Vocabulary : /home/howard/Refactored_ORB_SLAM2/Install/var/lib/orbslam2/voc/kaze_cv.fbow
This could take a while...
Loading KAZE Vocabulary in FBoW.
KAZE Vocabulary loaded in 0.008580s


Camera Parameters: 
- fx: 983.044
- fy: 983.044
- cx: 643.647
- cy: 493.379
- k1: 0
- k2: 0
- p1: 0
- p2: 0
- fps: 16
- color order: RGB (ignored if grayscale)

[Feature 0] ORB Extractor Parameters: 
 ( TH_LOW: 50, TH_HIGH: 100 )
- Number of Features: 2000
- Scale Levels: 8
- Scale Factor: 1.2
- Initial Fast Threshold: 20
- Minimum Fast Threshold: 7

[Feature 1] KAZE Extractor Parameters: 
 ( TH_LOW: 0.5, TH_HIGH: 1 )
- Number of Features : 1000
- Scale Levels       : 4
- Scale Factor       : 1.2
- Threshold          : 0.0005
- nOctaves           : 4
- nOctaveLayers      : 4
- Extended (128‑dim) : 0
- Upright            : 0

-------
Start processing sequence ...
Images in the sequence: 7513

1
New map created with 125 points for 0 Feature Type 
New map created with 416 points for 1 Feature Type 
Tracking Initlized in 264.74s
The initlized frame ID: 138
The lost frame ID: 832
The lost frame ID: 833
The lost frame ID: 834
The lost frame ID: 835
The lost frame ID: 836
The lost frame ID: 837
The lost frame ID: 839
The lost frame ID: 1479
The lost frame ID: 1480
The lost frame ID: 1481
The lost frame ID: 1482
The lost frame ID: 1483
The lost frame ID: 1484
The lost frame ID: 1485
The lost frame ID: 1486
The lost frame ID: 1487

Saving camera trajectory to TrajectoryBeforeReset_oxf_orb_kaz_r17_seg01_pid3841138_1757422771231.txt ...

trajectory saved!
[Tracking] wrote pre-reset trajectory to TrajectoryBeforeReset_oxf_orb_kaz_r17_seg01_pid3841138_1757422771231.txt
[Tracking] LOST for 10 consecutive frames -> reset
System Reseting
Reseting Local Mapper... done
Reseting Loop Closing... done
Reseting Database... done
1
New map created with 59 points for 0 Feature Type 
New map created with 139 points for 1 Feature Type 
Tracking Initlized in 5.55s
The initlized frame ID: 3
The lost frame ID: 1275
The lost frame ID: 1276
The lost frame ID: 1277
The lost frame ID: 1279
The lost frame ID: 1280
The lost frame ID: 1281
The lost frame ID: 1282
The lost frame ID: 1283
The lost frame ID: 1284
The lost frame ID: 1286
The lost frame ID: 1288
The lost frame ID: 1289
The lost frame ID: 1291
The lost frame ID: 1292
The lost frame ID: 1294
The lost frame ID: 1295
The lost frame ID: 1296
The lost frame ID: 1297
The lost frame ID: 1298
The lost frame ID: 1299
The lost frame ID: 1300
The lost frame ID: 1301
The lost frame ID: 1302

Saving camera trajectory to TrajectoryBeforeReset_oxf_orb_kaz_r17_seg02_pid3841138_1757423250610.txt ...

trajectory saved!
[Tracking] wrote pre-reset trajectory to TrajectoryBeforeReset_oxf_orb_kaz_r17_seg02_pid3841138_1757423250610.txt
[Tracking] LOST for 10 consecutive frames -> reset
System Reseting
Reseting Local Mapper... done
Reseting Loop Closing... done
Reseting Database... done
1
New map created with 82 points for 0 Feature Type 
New map created with 212 points for 1 Feature Type 
Tracking Initlized in 2.29s
The initlized frame ID: 1
The lost frame ID: 158
The lost frame ID: 159
The lost frame ID: 160
The lost frame ID: 161
The lost frame ID: 162
The lost frame ID: 163
The lost frame ID: 164
The lost frame ID: 165
The lost frame ID: 166

Saving camera trajectory to TrajectoryBeforeReset_oxf_orb_kaz_r17_seg03_pid3841138_1757423312922.txt ...

trajectory saved!
[Tracking] wrote pre-reset trajectory to TrajectoryBeforeReset_oxf_orb_kaz_r17_seg03_pid3841138_1757423312922.txt
[Tracking] LOST for 10 consecutive frames -> reset
System Reseting
Reseting Local Mapper... done
Reseting Loop Closing... done
Reseting Database... done
1
New map created with 66 points for 0 Feature Type 
New map created with 153 points for 1 Feature Type 
Tracking Initlized in 36.47s
The initlized frame ID: 17
The lost frame ID: 594
The lost frame ID: 595
The lost frame ID: 596
The lost frame ID: 597
The lost frame ID: 598
The lost frame ID: 599
The lost frame ID: 600
The lost frame ID: 601
The lost frame ID: 602

Saving camera trajectory to TrajectoryBeforeReset_oxf_orb_kaz_r17_seg04_pid3841138_1757423554824.txt ...

trajectory saved!
[Tracking] wrote pre-reset trajectory to TrajectoryBeforeReset_oxf_orb_kaz_r17_seg04_pid3841138_1757423554824.txt
[Tracking] LOST for 10 consecutive frames -> reset
System Reseting
Reseting Local Mapper... done
Reseting Loop Closing... done
Reseting Database... done
1
New map created with 65 points for 0 Feature Type 
New map created with 244 points for 1 Feature Type 
Tracking Initlized in 5.62s
The initlized frame ID: 3
The lost frame ID: 1410
The lost frame ID: 1411
The lost frame ID: 1412
The lost frame ID: 1413
The lost frame ID: 1414
The lost frame ID: 1415
The lost frame ID: 1416
The lost frame ID: 1417
The lost frame ID: 1418

Saving camera trajectory to TrajectoryBeforeReset_oxf_orb_kaz_r17_seg05_pid3841138_1757424072986.txt ...

trajectory saved!
[Tracking] wrote pre-reset trajectory to TrajectoryBeforeReset_oxf_orb_kaz_r17_seg05_pid3841138_1757424072986.txt
[Tracking] LOST for 10 consecutive frames -> reset
System Reseting
Reseting Local Mapper... done
Reseting Loop Closing... done
Reseting Database... done
0
New map created with 143 points for 0 Feature Type 
New map created with 351 points for 1 Feature Type 
Tracking Initlized in 3.48s
The initlized frame ID: 2
The lost frame ID: 2242
The lost frame ID: 2243
The lost frame ID: 2244
The lost frame ID: 2245
The lost frame ID: 2246
The lost frame ID: 2247
The lost frame ID: 2248
The lost frame ID: 2249
The lost frame ID: 2250

Saving camera trajectory to TrajectoryBeforeReset_oxf_orb_kaz_r17_seg06_pid3841138_1757424901320.txt ...

trajectory saved!
[Tracking] wrote pre-reset trajectory to TrajectoryBeforeReset_oxf_orb_kaz_r17_seg06_pid3841138_1757424901320.txt
[Tracking] LOST for 10 consecutive frames -> reset
System Reseting
Reseting Local Mapper... done
Reseting Loop Closing... done
Reseting Database... done
1
New map created with 22 points for 0 Feature Type 
New map created with 107 points for 1 Feature Type 
Tracking Initlized in 18.99s
The initlized frame ID: 10
The lost frame ID: 155
The lost frame ID: 156
The lost frame ID: 157
The lost frame ID: 158
The lost frame ID: 159
The lost frame ID: 160
The lost frame ID: 161
The lost frame ID: 162
The lost frame ID: 163

Saving camera trajectory to TrajectoryBeforeReset_oxf_orb_kaz_r17_seg07_pid3841138_1757424968621.txt ...

trajectory saved!
[Tracking] wrote pre-reset trajectory to TrajectoryBeforeReset_oxf_orb_kaz_r17_seg07_pid3841138_1757424968621.txt
[Tracking] LOST for 10 consecutive frames -> reset
System Reseting
Reseting Local Mapper... done
Reseting Loop Closing... done
Reseting Database... done
0
New map created with 101 points for 0 Feature Type 
New map created with 238 points for 1 Feature Type 
Tracking Initlized in 2.32s
The initlized frame ID: 1
System::StopViewer()
System::StopViewer() done

Saving correlation status...

========== Global Summary ==========
Frames: 7237
avg_CorrEdges: 6.58021
avg_match_A: 116.285
avg_match_B: 130.883
global_RI_MNR: 0.056587
global_RI_GNR: 0.053338
global_RI_DICE: 0.0532449

========== Per-Channel Summary ==========
   chA   chB     avgCorr        avgA        avgB   avgRI_MNR   avgRI_GNR  avgRI_DICE
     0     1     6.58021     116.285     130.883     0.05386   0.0469141   0.0463128

Correlation status saved!

System Shutdown
-------

median tracking time: 0.354737
mean tracking time: 0.354509

Saving camera trajectory to result17.txt ...

trajectory saved!
All done

========== Performance Summary (ms) ==========
name                                mean      median        rmse         min         max       count
Lost Count                         1.000       1.000       0.000       1.000       1.000           7
Tracking                           8.258       7.245       4.385       1.313      55.591        7330
Reset Count                        1.000       1.000       0.000       1.000       1.000           7
Correlation                        0.167       0.149       0.097       0.005       3.318        7239
Total Init                     52547.402   52547.402       0.000   52547.402   52547.402           1
Pipeline                         353.898     354.679      35.533     259.588     957.476        7513
KAZE Extract                     341.753     342.496      34.917     248.285     934.618        7513
ORB Extract                       27.482      26.206       6.687       6.809      62.390        7513
[RUN 18/20] 2025-09-09 14:36:59
Registering ORBextractor...
Registering AKAZEextractor...
Registering BRISKextractor...
Registering SIFTextractor...
Registering KAZEextractor...
Registering SuperPointExtractor...

ORB-SLAM2 Copyright (C) 2014-2016 Raul Mur-Artal, University of Zaragoza.
This program comes with ABSOLUTELY NO WARRANTY;
This is free software, and you are welcome to redistribute it
under certain conditions. See LICENSE.txt.

Input sensor was set to: Monocular

Loading Vocabulary : /home/howard/Refactored_ORB_SLAM2/Install/var/lib/orbslam2/voc/orb_mur.fbow
This could take a while...
Loading ORB Vocabulary in FBoW.
ORB Vocabulary loaded in 0.077367s


Loading Vocabulary : /home/howard/Refactored_ORB_SLAM2/Install/var/lib/orbslam2/voc/kaze_cv.fbow
This could take a while...
Loading KAZE Vocabulary in FBoW.
KAZE Vocabulary loaded in 0.089565s


Camera Parameters: 
- fx: 983.044
- fy: 983.044
- cx: 643.647
- cy: 493.379
- k1: 0
- k2: 0
- p1: 0
- p2: 0
- fps: 16
- color order: RGB (ignored if grayscale)

[Feature 0] ORB Extractor Parameters: 
 ( TH_LOW: 50, TH_HIGH: 100 )
- Number of Features: 2000
- Scale Levels: 8
- Scale Factor: 1.2
- Initial Fast Threshold: 20
- Minimum Fast Threshold: 7

[Feature 1] KAZE Extractor Parameters: 
 ( TH_LOW: 0.5, TH_HIGH: 1 )
- Number of Features : 1000
- Scale Levels       : 4
- Scale Factor       : 1.2
- Threshold          : 0.0005
- nOctaves           : 4
- nOctaveLayers      : 4
- Extended (128‑dim) : 0
- Upright            : 0

-------
Start processing sequence ...
Images in the sequence: 7513

1
New map created with 125 points for 0 Feature Type 
New map created with 416 points for 1 Feature Type 
Tracking Initlized in 281.96s
The initlized frame ID: 138
The lost frame ID: 831
The lost frame ID: 832
The lost frame ID: 833
The lost frame ID: 834
The lost frame ID: 835
The lost frame ID: 836
The lost frame ID: 837
The lost frame ID: 838
The lost frame ID: 839
The lost frame ID: 856
The lost frame ID: 858
The lost frame ID: 865
The lost frame ID: 871
The lost frame ID: 875
The lost frame ID: 877
The lost frame ID: 880
The lost frame ID: 881
The lost frame ID: 883
The lost frame ID: 885
The lost frame ID: 887
The lost frame ID: 892
The lost frame ID: 894
The lost frame ID: 895
The lost frame ID: 898
The lost frame ID: 900
The lost frame ID: 905
The lost frame ID: 906
The lost frame ID: 908
The lost frame ID: 909
The lost frame ID: 910
The lost frame ID: 914
The lost frame ID: 916
The lost frame ID: 921
The lost frame ID: 924
The lost frame ID: 935
The lost frame ID: 938
The lost frame ID: 939
The lost frame ID: 940
The lost frame ID: 941
The lost frame ID: 944
The lost frame ID: 945
The lost frame ID: 947
The lost frame ID: 948
The lost frame ID: 953
The lost frame ID: 955
The lost frame ID: 956
The lost frame ID: 957
The lost frame ID: 958
The lost frame ID: 959
The lost frame ID: 960
The lost frame ID: 961
The lost frame ID: 964
The lost frame ID: 965
The lost frame ID: 969
The lost frame ID: 971
The lost frame ID: 972
The lost frame ID: 974
The lost frame ID: 975
The lost frame ID: 976
The lost frame ID: 981
The lost frame ID: 985
The lost frame ID: 986
The lost frame ID: 987
The lost frame ID: 990
The lost frame ID: 991
The lost frame ID: 992
The lost frame ID: 996
The lost frame ID: 999
The lost frame ID: 1001
The lost frame ID: 1004
The lost frame ID: 1008
The lost frame ID: 1479
The lost frame ID: 1480
The lost frame ID: 1481
The lost frame ID: 1482
The lost frame ID: 1483
The lost frame ID: 1484
The lost frame ID: 1485
The lost frame ID: 1486
The lost frame ID: 1487

Saving camera trajectory to TrajectoryBeforeReset_oxf_orb_kaz_r18_seg01_pid4099748_1757425598460.txt ...

trajectory saved!
[Tracking] wrote pre-reset trajectory to TrajectoryBeforeReset_oxf_orb_kaz_r18_seg01_pid4099748_1757425598460.txt
[Tracking] LOST for 10 consecutive frames -> reset
System Reseting
Reseting Local Mapper... done
Reseting Loop Closing... done
Reseting Database... done
1
New map created with 66 points for 0 Feature Type 
New map created with 154 points for 1 Feature Type 
Tracking Initlized in 6.18s
The initlized frame ID: 3
The lost frame ID: 251
The lost frame ID: 252
The lost frame ID: 253
The lost frame ID: 254
The lost frame ID: 255
The lost frame ID: 256
The lost frame ID: 257
The lost frame ID: 258
The lost frame ID: 259

Saving camera trajectory to TrajectoryBeforeReset_oxf_orb_kaz_r18_seg02_pid4099748_1757425694567.txt ...

trajectory saved!
[Tracking] wrote pre-reset trajectory to TrajectoryBeforeReset_oxf_orb_kaz_r18_seg02_pid4099748_1757425694567.txt
[Tracking] LOST for 10 consecutive frames -> reset
System Reseting
Reseting Local Mapper... done
Reseting Loop Closing... done
Reseting Database... done
1
New map created with 74 points for 0 Feature Type 
New map created with 188 points for 1 Feature Type 
Tracking Initlized in 5.92s
The initlized frame ID: 3
The lost frame ID: 1012
The lost frame ID: 1013
The lost frame ID: 1014
The lost frame ID: 1015
The lost frame ID: 1016
The lost frame ID: 1017
The lost frame ID: 1018
The lost frame ID: 1019
The lost frame ID: 1020

Saving camera trajectory to TrajectoryBeforeReset_oxf_orb_kaz_r18_seg03_pid4099748_1757426087068.txt ...

trajectory saved!
[Tracking] wrote pre-reset trajectory to TrajectoryBeforeReset_oxf_orb_kaz_r18_seg03_pid4099748_1757426087068.txt
[Tracking] LOST for 10 consecutive frames -> reset
System Reseting
Reseting Local Mapper... done
Reseting Loop Closing... done
Reseting Database... done
1
New map created with 55 points for 0 Feature Type 
New map created with 141 points for 1 Feature Type 
Tracking Initlized in 4.24s
The initlized frame ID: 2
The lost frame ID: 180
The lost frame ID: 181
The lost frame ID: 182
The lost frame ID: 183
The lost frame ID: 184
The lost frame ID: 185
The lost frame ID: 186
The lost frame ID: 187
The lost frame ID: 188

Saving camera trajectory to TrajectoryBeforeReset_oxf_orb_kaz_r18_seg04_pid4099748_1757426167123.txt ...

trajectory saved!
[Tracking] wrote pre-reset trajectory to TrajectoryBeforeReset_oxf_orb_kaz_r18_seg04_pid4099748_1757426167123.txt
[Tracking] LOST for 10 consecutive frames -> reset
System Reseting
Reseting Local Mapper... done
Reseting Loop Closing... done
Reseting Database... done
1
New map created with 73 points for 0 Feature Type 
New map created with 154 points for 1 Feature Type 
Tracking Initlized in 36.86s
The initlized frame ID: 17
The lost frame ID: 595
The lost frame ID: 596
The lost frame ID: 597
The lost frame ID: 598
The lost frame ID: 599
The lost frame ID: 600
The lost frame ID: 601
The lost frame ID: 602
The lost frame ID: 603

Saving camera trajectory to TrajectoryBeforeReset_oxf_orb_kaz_r18_seg05_pid4099748_1757426409116.txt ...

trajectory saved!
[Tracking] wrote pre-reset trajectory to TrajectoryBeforeReset_oxf_orb_kaz_r18_seg05_pid4099748_1757426409116.txt
[Tracking] LOST for 10 consecutive frames -> reset
System Reseting
Reseting Local Mapper... done
Reseting Loop Closing... done
Reseting Database... done
1
New map created with 73 points for 0 Feature Type 
New map created with 281 points for 1 Feature Type 
Tracking Initlized in 6.11s
The initlized frame ID: 3
The lost frame ID: 1409
The lost frame ID: 1410
The lost frame ID: 1411
The lost frame ID: 1412
The lost frame ID: 1413
The lost frame ID: 1414
The lost frame ID: 1415
The lost frame ID: 1416
The lost frame ID: 1417

Saving camera trajectory to TrajectoryBeforeReset_oxf_orb_kaz_r18_seg06_pid4099748_1757426944951.txt ...

trajectory saved!
[Tracking] wrote pre-reset trajectory to TrajectoryBeforeReset_oxf_orb_kaz_r18_seg06_pid4099748_1757426944951.txt
[Tracking] LOST for 10 consecutive frames -> reset
System Reseting
Reseting Local Mapper... done
Reseting Loop Closing... done
Reseting Database... done
0
New map created with 135 points for 0 Feature Type 
New map created with 345 points for 1 Feature Type 
Tracking Initlized in 4.12s
The initlized frame ID: 2
The lost frame ID: 2242
The lost frame ID: 2243
The lost frame ID: 2244
The lost frame ID: 2245
The lost frame ID: 2246
The lost frame ID: 2247
The lost frame ID: 2248
The lost frame ID: 2249
The lost frame ID: 2250

Saving camera trajectory to TrajectoryBeforeReset_oxf_orb_kaz_r18_seg07_pid4099748_1757427782536.txt ...

trajectory saved!
[Tracking] wrote pre-reset trajectory to TrajectoryBeforeReset_oxf_orb_kaz_r18_seg07_pid4099748_1757427782536.txt
[Tracking] LOST for 10 consecutive frames -> reset
System Reseting
Reseting Local Mapper... done
Reseting Loop Closing... done
Reseting Database... done
1
New map created with 14 points for 0 Feature Type 
New map created with 110 points for 1 Feature Type 
Tracking Initlized in 18.70s
The initlized frame ID: 10
Track lost soon after initialisation, reseting...
System Reseting
Reseting Local Mapper... done
Reseting Loop Closing... done
Reseting Database... done
1
New map created with 55 points for 0 Feature Type 
New map created with 215 points for 1 Feature Type 
Tracking Initlized in 4.19s
The initlized frame ID: 2
The lost frame ID: 139
The lost frame ID: 140
The lost frame ID: 141
The lost frame ID: 142
The lost frame ID: 143
The lost frame ID: 144
The lost frame ID: 145
The lost frame ID: 146
The lost frame ID: 147

Saving camera trajectory to TrajectoryBeforeReset_oxf_orb_kaz_r18_seg08_pid4099748_1757427850232.txt ...

trajectory saved!
[Tracking] wrote pre-reset trajectory to TrajectoryBeforeReset_oxf_orb_kaz_r18_seg08_pid4099748_1757427850232.txt
[Tracking] LOST for 10 consecutive frames -> reset
System Reseting
Reseting Local Mapper... done
Reseting Loop Closing... done
Reseting Database... done
1
New map created with 69 points for 0 Feature Type 
New map created with 194 points for 1 Feature Type 
Tracking Initlized in 4.50s
The initlized frame ID: 2
System::StopViewer()
System::StopViewer() done

Saving correlation status...

========== Global Summary ==========
Frames: 7157
avg_CorrEdges: 6.17773
avg_match_A: 113.867
avg_match_B: 127.213
global_RI_MNR: 0.054254
global_RI_GNR: 0.0513293
global_RI_DICE: 0.0512506

========== Per-Channel Summary ==========
   chA   chB     avgCorr        avgA        avgB   avgRI_MNR   avgRI_GNR  avgRI_DICE
     0     1     6.17773     113.867     127.213   0.0528324   0.0459793   0.0453676

Correlation status saved!

System Shutdown
-------

median tracking time: 0.372934
mean tracking time: 0.377283

Saving camera trajectory to result18.txt ...

trajectory saved!
All done

========== Performance Summary (ms) ==========
name                                mean      median        rmse         min         max       count
Lost Count                         1.000       1.000       0.000       1.000       1.000           8
Tracking                           8.550       7.587       6.779       0.967     436.231        7321
Reset Count                        1.000       1.000       0.000       1.000       1.000           9
Correlation                        0.170       0.154       0.091       0.003       1.645        7169
Total Init                     62176.585   62176.585       0.000   62176.585   62176.585           1
Pipeline                         376.744     372.904      39.479     275.276    1700.436        7513
KAZE Extract                     363.840     360.054      39.059     264.976    1691.578        7513
ORB Extract                       28.610      27.243       6.687       7.104      61.577        7513
[RUN 19/20] 2025-09-09 15:25:01
Registering ORBextractor...
Registering AKAZEextractor...
Registering BRISKextractor...
Registering SIFTextractor...
Registering KAZEextractor...
Registering SuperPointExtractor...

ORB-SLAM2 Copyright (C) 2014-2016 Raul Mur-Artal, University of Zaragoza.
This program comes with ABSOLUTELY NO WARRANTY;
This is free software, and you are welcome to redistribute it
under certain conditions. See LICENSE.txt.

Input sensor was set to: Monocular

Loading Vocabulary : /home/howard/Refactored_ORB_SLAM2/Install/var/lib/orbslam2/voc/orb_mur.fbow
This could take a while...
Loading ORB Vocabulary in FBoW.
ORB Vocabulary loaded in 0.019434s


Loading Vocabulary : /home/howard/Refactored_ORB_SLAM2/Install/var/lib/orbslam2/voc/kaze_cv.fbow
This could take a while...
Loading KAZE Vocabulary in FBoW.
KAZE Vocabulary loaded in 0.023354s


Camera Parameters: 
- fx: 983.044
- fy: 983.044
- cx: 643.647
- cy: 493.379
- k1: 0
- k2: 0
- p1: 0
- p2: 0
- fps: 16
- color order: RGB (ignored if grayscale)

[Feature 0] ORB Extractor Parameters: 
 ( TH_LOW: 50, TH_HIGH: 100 )
- Number of Features: 2000
- Scale Levels: 8
- Scale Factor: 1.2
- Initial Fast Threshold: 20
- Minimum Fast Threshold: 7

[Feature 1] KAZE Extractor Parameters: 
 ( TH_LOW: 0.5, TH_HIGH: 1 )
- Number of Features : 1000
- Scale Levels       : 4
- Scale Factor       : 1.2
- Threshold          : 0.0005
- nOctaves           : 4
- nOctaveLayers      : 4
- Extended (128‑dim) : 0
- Upright            : 0

-------
Start processing sequence ...
Images in the sequence: 7513

1
New map created with 125 points for 0 Feature Type 
New map created with 416 points for 1 Feature Type 
Tracking Initlized in 284.85s
The initlized frame ID: 138
The lost frame ID: 831
The lost frame ID: 832
The lost frame ID: 833
The lost frame ID: 834
The lost frame ID: 835
The lost frame ID: 836
The lost frame ID: 837
The lost frame ID: 838
The lost frame ID: 839

Saving camera trajectory to TrajectoryBeforeReset_oxf_orb_kaz_r19_seg01_pid169061_1757428214582.txt ...

trajectory saved!
[Tracking] wrote pre-reset trajectory to TrajectoryBeforeReset_oxf_orb_kaz_r19_seg01_pid169061_1757428214582.txt
[Tracking] LOST for 10 consecutive frames -> reset
System Reseting
Reseting Local Mapper... done
Reseting Loop Closing... done
Reseting Database... done
0
New map created with 112 points for 0 Feature Type 
New map created with 324 points for 1 Feature Type 
Tracking Initlized in 3.80s
The initlized frame ID: 2
The lost frame ID: 900
The lost frame ID: 901
The lost frame ID: 905
The lost frame ID: 906
The lost frame ID: 907
The lost frame ID: 908
The lost frame ID: 910
The lost frame ID: 911
The lost frame ID: 912
The lost frame ID: 913
The lost frame ID: 914
The lost frame ID: 915
The lost frame ID: 917
The lost frame ID: 918
The lost frame ID: 919
The lost frame ID: 921
The lost frame ID: 922
The lost frame ID: 924
The lost frame ID: 926
The lost frame ID: 928
The lost frame ID: 929
The lost frame ID: 930
The lost frame ID: 931
The lost frame ID: 932
The lost frame ID: 933
The lost frame ID: 934
The lost frame ID: 935
The lost frame ID: 936

Saving camera trajectory to TrajectoryBeforeReset_oxf_orb_kaz_r19_seg02_pid169061_1757428558626.txt ...

trajectory saved!
[Tracking] wrote pre-reset trajectory to TrajectoryBeforeReset_oxf_orb_kaz_r19_seg02_pid169061_1757428558626.txt
[Tracking] LOST for 10 consecutive frames -> reset
System Reseting
Reseting Local Mapper... done
Reseting Loop Closing... done
Reseting Database... done
1
New map created with 65 points for 0 Feature Type 
New map created with 138 points for 1 Feature Type 
Tracking Initlized in 4.21s
The initlized frame ID: 2
The lost frame ID: 984
The lost frame ID: 987
The lost frame ID: 989
The lost frame ID: 990
The lost frame ID: 992
The lost frame ID: 993
The lost frame ID: 994
The lost frame ID: 997
The lost frame ID: 999
The lost frame ID: 1001
The lost frame ID: 1003
The lost frame ID: 1004
The lost frame ID: 1005
The lost frame ID: 1009
The lost frame ID: 1010
The lost frame ID: 1011
The lost frame ID: 1012
The lost frame ID: 1013
The lost frame ID: 1014
The lost frame ID: 1015
The lost frame ID: 1016
The lost frame ID: 1017

Saving camera trajectory to TrajectoryBeforeReset_oxf_orb_kaz_r19_seg03_pid169061_1757428949423.txt ...

trajectory saved!
[Tracking] wrote pre-reset trajectory to TrajectoryBeforeReset_oxf_orb_kaz_r19_seg03_pid169061_1757428949423.txt
[Tracking] LOST for 10 consecutive frames -> reset
System Reseting
Reseting Local Mapper... done
Reseting Loop Closing... done
Reseting Database... done
1
New map created with 68 points for 0 Feature Type 
New map created with 200 points for 1 Feature Type 
Tracking Initlized in 2.08s
The initlized frame ID: 1
The lost frame ID: 154
The lost frame ID: 155
The lost frame ID: 156
The lost frame ID: 157
The lost frame ID: 158
The lost frame ID: 159
The lost frame ID: 160
The lost frame ID: 161
The lost frame ID: 162

Saving camera trajectory to TrajectoryBeforeReset_oxf_orb_kaz_r19_seg04_pid169061_1757429011373.txt ...

trajectory saved!
[Tracking] wrote pre-reset trajectory to TrajectoryBeforeReset_oxf_orb_kaz_r19_seg04_pid169061_1757429011373.txt
[Tracking] LOST for 10 consecutive frames -> reset
System Reseting
Reseting Local Mapper... done
Reseting Loop Closing... done
Reseting Database... done
1
New map created with 52 points for 0 Feature Type 
New map created with 110 points for 1 Feature Type 
Tracking Initlized in 38.79s
The initlized frame ID: 18
The lost frame ID: 595
The lost frame ID: 596
The lost frame ID: 597
The lost frame ID: 598
The lost frame ID: 599
The lost frame ID: 600
The lost frame ID: 601
The lost frame ID: 602
The lost frame ID: 603

Saving camera trajectory to TrajectoryBeforeReset_oxf_orb_kaz_r19_seg05_pid169061_1757429254760.txt ...

trajectory saved!
[Tracking] wrote pre-reset trajectory to TrajectoryBeforeReset_oxf_orb_kaz_r19_seg05_pid169061_1757429254760.txt
[Tracking] LOST for 10 consecutive frames -> reset
System Reseting
Reseting Local Mapper... done
Reseting Loop Closing... done
Reseting Database... done
1
New map created with 84 points for 0 Feature Type 
New map created with 292 points for 1 Feature Type 
Tracking Initlized in 5.70s
The initlized frame ID: 3
Track lost soon after initialisation, reseting...
System Reseting
Reseting Local Mapper... done
Reseting Loop Closing... done
Reseting Database... done
1
New map created with 111 points for 0 Feature Type 
New map created with 293 points for 1 Feature Type 
Tracking Initlized in 3.82s
The initlized frame ID: 2
The lost frame ID: 1404
The lost frame ID: 1405
The lost frame ID: 1406
The lost frame ID: 1407
The lost frame ID: 1408
The lost frame ID: 1409
The lost frame ID: 1410
The lost frame ID: 1411
The lost frame ID: 1412

Saving camera trajectory to TrajectoryBeforeReset_oxf_orb_kaz_r19_seg06_pid169061_1757429764959.txt ...

trajectory saved!
[Tracking] wrote pre-reset trajectory to TrajectoryBeforeReset_oxf_orb_kaz_r19_seg06_pid169061_1757429764959.txt
[Tracking] LOST for 10 consecutive frames -> reset
System Reseting
Reseting Local Mapper... done
Reseting Loop Closing... done
Reseting Database... done
0
New map created with 150 points for 0 Feature Type 
New map created with 389 points for 1 Feature Type 
Tracking Initlized in 3.70s
The initlized frame ID: 2
The lost frame ID: 2241
The lost frame ID: 2242
The lost frame ID: 2243
The lost frame ID: 2244
The lost frame ID: 2245
The lost frame ID: 2246
The lost frame ID: 2247
The lost frame ID: 2248
The lost frame ID: 2249

Saving camera trajectory to TrajectoryBeforeReset_oxf_orb_kaz_r19_seg07_pid169061_1757430586422.txt ...

trajectory saved!
[Tracking] wrote pre-reset trajectory to TrajectoryBeforeReset_oxf_orb_kaz_r19_seg07_pid169061_1757430586422.txt
[Tracking] LOST for 10 consecutive frames -> reset
System Reseting
Reseting Local Mapper... done
Reseting Loop Closing... done
Reseting Database... done
1
New map created with 14 points for 0 Feature Type 
New map created with 110 points for 1 Feature Type 
Tracking Initlized in 20.23s
The initlized frame ID: 11
Track lost soon after initialisation, reseting...
System Reseting
Reseting Local Mapper... done
Reseting Loop Closing... done
Reseting Database... done
0
New map created with 110 points for 0 Feature Type 
New map created with 253 points for 1 Feature Type 
Tracking Initlized in 2.10s
The initlized frame ID: 1
The lost frame ID: 144
The lost frame ID: 145
The lost frame ID: 146
The lost frame ID: 147
The lost frame ID: 148
The lost frame ID: 149
The lost frame ID: 150
The lost frame ID: 151
The lost frame ID: 152

Saving camera trajectory to TrajectoryBeforeReset_oxf_orb_kaz_r19_seg08_pid169061_1757430654046.txt ...

trajectory saved!
[Tracking] wrote pre-reset trajectory to TrajectoryBeforeReset_oxf_orb_kaz_r19_seg08_pid169061_1757430654046.txt
[Tracking] LOST for 10 consecutive frames -> reset
System Reseting
Reseting Local Mapper... done
Reseting Loop Closing... done
Reseting Database... done
0
New map created with 107 points for 0 Feature Type 
New map created with 220 points for 1 Feature Type 
Tracking Initlized in 2.21s
The initlized frame ID: 1
System::StopViewer()
System::StopViewer() done

Saving correlation status...

========== Global Summary ==========
Frames: 7205
avg_CorrEdges: 6.43137
avg_match_A: 117.551
avg_match_B: 131.82
global_RI_MNR: 0.0547111
global_RI_GNR: 0.0516652
global_RI_DICE: 0.0515805

========== Per-Channel Summary ==========
   chA   chB     avgCorr        avgA        avgB   avgRI_MNR   avgRI_GNR  avgRI_DICE
     0     1     6.43137     117.551      131.82   0.0531228   0.0463101   0.0457126

Correlation status saved!

System Shutdown
-------

median tracking time: 0.362063
mean tracking time: 0.366203

Saving camera trajectory to result19.txt ...

trajectory saved!
All done

========== Performance Summary (ms) ==========
name                                mean      median        rmse         min         max       count
Lost Count                         1.000       1.000       0.000       1.000       1.000           8
Tracking                           8.681       7.724       6.094       1.189     334.751        7321
Reset Count                        1.000       1.000       0.000       1.000       1.000          10
Correlation                        0.172       0.154       0.106       0.003       5.482        7207
Total Init                     62309.640   62309.640       0.000   62309.640   62309.640           1
Pipeline                         365.616     362.022      32.305     253.850     741.726        7513
KAZE Extract                     352.589     348.795      31.954     241.795     725.266        7513
ORB Extract                       28.802      27.320       6.836       7.028      62.430        7513
[RUN 20/20] 2025-09-09 16:11:44
Registering ORBextractor...
Registering AKAZEextractor...
Registering BRISKextractor...
Registering SIFTextractor...
Registering KAZEextractor...
Registering SuperPointExtractor...

ORB-SLAM2 Copyright (C) 2014-2016 Raul Mur-Artal, University of Zaragoza.
This program comes with ABSOLUTELY NO WARRANTY;
This is free software, and you are welcome to redistribute it
under certain conditions. See LICENSE.txt.

Input sensor was set to: Monocular

Loading Vocabulary : /home/howard/Refactored_ORB_SLAM2/Install/var/lib/orbslam2/voc/orb_mur.fbow
This could take a while...
Loading ORB Vocabulary in FBoW.
ORB Vocabulary loaded in 0.037422s


Loading Vocabulary : /home/howard/Refactored_ORB_SLAM2/Install/var/lib/orbslam2/voc/kaze_cv.fbow
This could take a while...
Loading KAZE Vocabulary in FBoW.
KAZE Vocabulary loaded in 0.008475s


Camera Parameters: 
- fx: 983.044
- fy: 983.044
- cx: 643.647
- cy: 493.379
- k1: 0
- k2: 0
- p1: 0
- p2: 0
- fps: 16
- color order: RGB (ignored if grayscale)

[Feature 0] ORB Extractor Parameters: 
 ( TH_LOW: 50, TH_HIGH: 100 )
- Number of Features: 2000
- Scale Levels: 8
- Scale Factor: 1.2
- Initial Fast Threshold: 20
- Minimum Fast Threshold: 7

[Feature 1] KAZE Extractor Parameters: 
 ( TH_LOW: 0.5, TH_HIGH: 1 )
- Number of Features : 1000
- Scale Levels       : 4
- Scale Factor       : 1.2
- Threshold          : 0.0005
- nOctaves           : 4
- nOctaveLayers      : 4
- Extended (128‑dim) : 0
- Upright            : 0

-------
Start processing sequence ...
Images in the sequence: 7513

1
New map created with 125 points for 0 Feature Type 
New map created with 416 points for 1 Feature Type 
Tracking Initlized in 283.86s
The initlized frame ID: 138
