1403637133.238319 0.009830023 -0.031914458 -0.031308930 0.002034821 0.001738898 -0.001666560 0.999994993
1403637133.288319 0.015184471 -0.046745766 -0.043119550 0.001382173 0.003365274 -0.004038030 0.999985218
1403637133.338319 0.004998290 -0.016778402 -0.014890767 0.001798597 0.004708548 -0.004435323 0.999977469
1403637133.388319 0.006977918 -0.028013302 -0.019802250 0.000926105 0.008445676 -0.004549827 0.999953568
1403637133.438319 0.009341126 -0.042910654 -0.025828764 -0.002688978 0.010847662 -0.003946748 0.999929786
1403637133.488319 0.008716762 -0.050566956 -0.031700324 -0.006658258 0.010418210 -0.002592345 0.999920189
1403637133.538319 0.011377550 -0.058963206 -0.034625996 -0.012039049 0.012687228 -0.001075067 0.999846458
1403637133.588319 0.025420737 -0.096048608 -0.066715658 -0.016012151 0.014887201 0.000737351 0.999760687
1403637133.638319 0.031061353 -0.104219981 -0.069885612 -0.018898049 0.017457409 0.001690641 0.999667585
1403637133.688319 0.037467841 -0.116245873 -0.075542256 -0.020409625 0.020013472 0.001209179 0.999590635
1403637133.738319 0.041691381 -0.136281073 -0.084826998 -0.020606939 0.022462673 0.000788610 0.999534965
1403637133.788319 0.057593726 -0.218992829 -0.117780901 -0.021028472 0.025391623 -0.000137958 0.999456346
1403637133.838319 0.068479113 -0.304210693 -0.147214115 -0.021958405 0.030329248 0.000509268 0.999298632
1403637133.888319 0.072122857 -0.386359215 -0.169616744 -0.023863742 0.035468541 0.001978287 0.999083877
1403637133.938319 0.063929677 -0.370513231 -0.163131773 -0.022933491 0.038526665 0.006618198 0.998972476
1403637133.988319 0.070496373 -0.533088803 -0.214971185 -0.023667995 0.042596411 0.005535708 0.998796582
1403637134.038319 0.085053012 -0.881683588 -0.317357630 -0.024957487 0.045589130 0.003401175 0.998642683
1403637134.088319 0.174429893 -1.774566412 -0.571106553 -0.029528193 0.050023630 -0.002407670 0.998308539
1403637134.138319 0.166398436 -1.941924572 -0.618282259 -0.027279584 0.055474073 -0.006067696 0.998068988
1403637134.188319 0.166094080 -1.984092355 -0.633084416 -0.022357224 0.061118234 -0.009738158 0.997832596
1403637134.238319 0.151514083 -2.282647133 -0.707416236 -0.017062034 0.067154571 -0.013450583 0.997506022
1403637134.288319 0.146625727 -2.352585793 -0.729671001 -0.006983060 0.069139868 -0.013703979 0.997488379
1403637134.338319 0.139397055 -2.471253395 -0.763215005 0.002244676 0.069828011 -0.014478510 0.997451425
1403637134.388319 0.139029652 -2.524393082 -0.779806376 0.012462829 0.070325710 -0.014204479 0.997345090
1403637134.438319 0.136012271 -2.578084946 -0.792728126 0.019917065 0.072347715 -0.011608995 0.997112989
1403637134.488319 0.136594087 -2.605886936 -0.800569832 0.024260810 0.072492212 -0.006173319 0.997054756
1403637134.538319 0.139549494 -2.598407984 -0.792517066 0.024432816 0.073456816 -0.002765461 0.996995211
1403637134.588319 0.145005956 -2.564399958 -0.774001718 0.020639114 0.074919418 -0.002195972 0.996973574
1403637134.638319 0.154373527 -2.498491764 -0.745591879 0.013778760 0.076559432 -0.004170291 0.996961057
1403637134.688319 0.170345441 -2.404437065 -0.705213130 0.004608335 0.077375360 -0.006801690 0.996968210
1403637134.738319 0.183636904 -2.303543568 -0.665618062 -0.007436921 0.075707965 -0.007705228 0.997072518
1403637134.788319 0.207973182 -1.998855352 -0.577582955 -0.019408375 0.073200583 -0.008635339 0.997090995
1403637134.838319 0.216259569 -1.879001617 -0.540482879 -0.035096377 0.070894077 -0.006743803 0.996843398
1403637134.888319 0.233436659 -1.716987967 -0.493277788 -0.049827944 0.068148680 -0.004571941 0.996419609
1403637134.938319 0.239640772 -1.602890015 -0.466116488 -0.062142186 0.067265294 -0.000741437 0.995797753
1403637134.988319 0.147736177 -0.702669561 -0.222655997 -0.063069440 0.064363584 0.006866158 0.995907843
1403637135.038319 0.151664123 -0.612655103 -0.204922110 -0.067741245 0.063098952 0.009164204 0.995663464
1403637135.088319 0.171364978 -0.444987386 -0.163292006 -0.069818094 0.062178839 0.011087196 0.995558262
1403637135.138319 0.176072478 -0.389046669 -0.155214742 -0.073585317 0.061574347 0.010179382 0.995334208
1403637135.188319 0.336033046 -0.585157812 -0.260593235 -0.080535196 0.061249714 0.006749185 0.994845212
1403637135.238319 0.336900949 -0.581662774 -0.266420901 -0.088116065 0.061625063 0.005007487 0.994189560
1403637135.288319 0.340889454 -0.647165775 -0.295544893 -0.094894461 0.062404655 0.004552064 0.993519008
1403637135.338319 0.183437556 -0.462008804 -0.195675403 -0.093463831 0.064286418 0.005580919 0.993529379
1403637135.388319 0.181315139 -0.579271853 -0.222824946 -0.088108152 0.066147014 0.004560929 0.993901789
1403637135.438319 0.170295030 -0.782021165 -0.274220824 -0.077647880 0.068822682 0.001025281 0.994602025
1403637135.488319 0.167614609 -0.950149655 -0.314802080 -0.064159669 0.071890585 -0.003054186 0.995342135
1403637135.538319 0.163925841 -1.132364035 -0.359758943 -0.050019551 0.073975928 -0.006013878 0.995986700
1403637135.588319 0.160654232 -1.309286952 -0.403475851 -0.037161402 0.077676766 -0.008810082 0.996246874
1403637135.638319 0.156202599 -1.495406747 -0.448486209 -0.024569124 0.081700288 -0.010156981 0.996302307
1403637135.688319 0.150409460 -1.659511089 -0.492488623 -0.011682667 0.084372506 -0.009415647 0.996321261
1403637135.738319 0.224164292 -2.691746950 -0.762745023 -0.008218733 0.084936209 -0.009410763 0.996308029
1403637135.788319 0.214487851 -2.825892925 -0.798251987 0.001479668 0.084263958 -0.005593284 0.996426642
1403637135.838319 0.208337054 -2.913556814 -0.823819637 0.007892730 0.084030658 -0.002746481 0.996428132
1403637135.888319 0.215520740 -2.875881910 -0.814395189 0.012463849 0.083577953 0.000361955 0.996423244
1403637135.938319 0.219257593 -2.882755995 -0.815100610 0.012638017 0.084426068 0.001655546 0.996348202
1403637135.988319 0.218572885 -2.849850416 -0.792846084 0.010081942 0.083848052 0.001994486 0.996425509
1403637136.038319 0.224769711 -2.772649050 -0.758641720 0.005264583 0.082880288 0.001134245 0.996544957
1403637136.088319 0.229397252 -2.775593996 -0.732102036 -0.002392533 0.083228834 -0.001144294 0.996526957
1403637136.138319 0.234972954 -2.636097193 -0.674998343 -0.009932511 0.083842464 -0.001783960 0.996427894
1403637136.188319 0.247702599 -2.467178822 -0.600532830 -0.019886488 0.085308917 -0.005389955 0.996141493
1403637136.238319 0.253853649 -2.290341139 -0.540660143 -0.031501126 0.085506983 -0.005208033 0.995825827
1403637136.288319 0.290987909 -2.092072725 -0.430822462 -0.045515746 0.084925748 -0.006200147 0.995327771
1403637136.338319 0.296272039 -1.910666585 -0.380529255 -0.060343221 0.085299253 -0.005216406 0.994512677
1403637136.388319 0.304539025 -1.684389472 -0.337326825 -0.074110657 0.083559655 -0.002656755 0.993739545
1403637136.438319 0.307990342 -1.521645069 -0.310620844 -0.087605134 0.081424013 -0.000555721 0.992821813
1403637136.488319 0.338566929 -0.907638788 -0.241819099 -0.094352745 0.077370048 0.006569034 0.992506087
1403637136.538319 0.339086652 -0.814022303 -0.232919887 -0.102224402 0.074958749 0.010971111 0.991872430
1403637136.588319 0.339854091 -0.790435076 -0.212629452 -0.107183561 0.073890820 0.012093801 0.991415918
1403637136.638319 0.339909583 -0.787495494 -0.220624715 -0.110047437 0.073733263 0.011185180 0.991124511
1403637136.688319 0.339715183 -0.839316368 -0.241219193 -0.111461699 0.073691152 0.009109643 0.990990877
1403637136.738319 0.335025609 -0.961940646 -0.277449310 -0.110177845 0.073206559 0.009520393 0.991166472
1403637136.788319 0.325997055 -1.126280427 -0.325402081 -0.106109016 0.073151261 0.009091719 0.991618454
1403637136.838319 0.292399108 -1.662977576 -0.450892508 -0.099849582 0.073315665 0.005956941 0.992279887
1403637136.888319 0.285294592 -1.902284861 -0.511732936 -0.087653890 0.074740864 0.004139952 0.993334472
1403637136.938319 0.266892463 -2.813137770 -0.686467767 -0.078155376 0.077471651 0.002934705 0.993922174
1403637136.988319 0.271227390 -3.071827412 -0.745398641 -0.064378478 0.083102226 0.001994088 0.994457364
1403637137.038319 0.270643771 -3.367229700 -0.816149473 -0.050706148 0.088499844 0.002748389 0.994780958
1403637137.088319 0.270681918 -3.595276356 -0.879041433 -0.036843229 0.092999391 0.004701060 0.994973183
1403637137.138319 0.253013611 -3.855328321 -0.952336967 -0.023792738 0.093910180 0.009559676 0.995250404
1403637137.188319 0.240319207 -3.981650114 -0.989488602 -0.012379957 0.092531964 0.013762326 0.995537639
1403637137.238319 0.244709268 -4.067066193 -1.005730867 -0.004670369 0.090764590 0.014371919 0.995757759
1403637137.288319 0.266436160 -3.524504662 -0.924492955 0.003625161 0.090708479 0.013765100 0.995775759
1403637137.338319 0.277614981 -3.485473394 -0.915388465 0.006899459 0.090962209 0.012072247 0.995757222
1403637137.388319 0.288464367 -3.384506226 -0.863898814 0.008052843 0.090109088 0.010846238 0.995840251
1403637137.438319 0.290378392 -3.268572569 -0.807876110 0.006714829 0.088583358 0.010100933 0.995994866
1403637137.488319 0.291751444 -3.083122015 -0.740290761 0.000975595 0.088723056 0.007302330 0.996029079
1403637137.538319 0.317241192 -3.003523827 -0.681402743 -0.009853714 0.088076711 0.003454982 0.996058941
1403637137.588319 0.334374666 -2.748058319 -0.590928733 -0.022818010 0.089763433 -0.001519673 0.995700479
1403637137.638319 0.322691143 -2.847869873 -0.573397398 -0.039965585 0.092404470 -0.005260553 0.994905293
1403637137.688319 0.331501186 -2.560304165 -0.496453553 -0.055696409 0.094155908 -0.005778502 0.993981481
1403637137.738319 0.325772941 -2.285455704 -0.439474046 -0.069994971 0.092856094 -0.003784897 0.993209004
1403637137.788319 0.337282807 -1.491887808 -0.303880453 -0.077921338 0.090284556 -0.001179594 0.992862284
1403637137.838319 0.337810129 -1.275619984 -0.278137147 -0.086997978 0.086589545 0.001226020 0.992437422
1403637137.888319 0.340894997 -1.061685443 -0.253748715 -0.094903305 0.082400836 0.002533771 0.992067039
1403637137.938319 0.344803512 -0.943521738 -0.254050136 -0.103543535 0.080851890 0.001896329 0.991331458
1403637137.988319 0.371125132 -0.787726045 -0.235759854 -0.111544326 0.079763465 0.001094970 0.990552604
1403637138.038319 0.383328557 -0.834529042 -0.263863981 -0.119326308 0.079292975 0.001220932 0.989682972
1403637138.088319 0.387390077 -0.953783572 -0.299921364 -0.122256972 0.077934131 0.003889994 0.989426255
1403637138.138319 0.388979673 -1.275905132 -0.372532129 -0.119942814 0.075108357 0.004478082 0.989925444
1403637138.188319 0.386214525 -1.552252531 -0.425553977 -0.112571895 0.073731542 -0.001583492 0.990902960
1403637138.238319 0.371993452 -2.288889885 -0.568891227 -0.102747351 0.077035375 -0.012281395 0.991643965
1403637138.288319 0.380259961 -2.621599197 -0.634203196 -0.086329922 0.080611572 -0.017408310 0.992847383
1403637138.338319 0.377841711 -3.005151510 -0.721611857 -0.068263985 0.084431246 -0.020018473 0.993886650
1403637138.388319 0.363917351 -3.343746185 -0.799370170 -0.049058653 0.089035399 -0.019084597 0.994636476
1403637138.438319 0.372481406 -3.950488806 -0.923656523 -0.033084050 0.094470486 -0.021388248 0.994747818
1403637138.488319 0.350391090 -4.203910828 -0.992370486 -0.018530590 0.099504344 -0.020880058 0.994645417
1403637138.538319 0.313353539 -4.550983906 -1.078958750 -0.008302353 0.102814995 -0.019889344 0.994466960
1403637138.588319 0.339140475 -4.643667698 -1.074803829 -0.000086287 0.104182944 -0.019501355 0.994366944
1403637138.638319 0.330211580 -4.692526817 -1.100094557 0.004064314 0.103774682 -0.018031912 0.994429052
1403637138.688319 0.353008866 -4.641914845 -1.065054536 0.004647017 0.102577470 -0.017060479 0.994567871
1403637138.738319 0.369891644 -4.505107880 -0.995025158 0.002793041 0.100611970 -0.014150524 0.994821191
1403637138.788319 0.368153453 -4.337926865 -0.939732611 -0.002422145 0.100437976 -0.011704555 0.994871497
1403637138.838319 0.379426241 -4.100838184 -0.852662146 -0.009999841 0.101811439 -0.009623948 0.994706869
1403637138.888319 0.407616049 -3.813270807 -0.748079479 -0.019153276 0.101976506 -0.008587399 0.994565308
1403637138.938319 0.430664837 -3.500219822 -0.641941011 -0.028464071 0.100203812 -0.008322363 0.994524896
1403637138.988319 0.439984739 -2.757781744 -0.433277309 -0.033156019 0.094510704 -0.002767223 0.994967699
1403637139.038319 0.449853659 -2.441532135 -0.329731196 -0.039285529 0.087959066 0.002062370 0.995346963
1403637139.088319 0.446682543 -2.102097511 -0.234014422 -0.044174962 0.082467183 0.007292598 0.995587528
1403637139.138319 0.443677455 -1.820574641 -0.157011181 -0.048802365 0.078227714 0.010401012 0.995685995
1403637139.188319 0.431828558 -1.545561671 -0.084490851 -0.053117666 0.073993839 0.013239858 0.995755076
1403637139.238319 0.423141569 -1.329367280 -0.029188208 -0.056683935 0.071061127 0.013130227 0.995773494
1403637139.288319 0.412959188 -1.157558918 0.018149592 -0.058044922 0.068757333 0.012532847 0.995864511
1403637139.338319 0.430685312 -0.606727004 0.149658352 -0.057186175 0.066884249 0.010742498 0.996062636
1403637139.388319 0.430550605 -0.517510951 0.188156202 -0.058281828 0.064880058 0.008138661 0.996156394
1403637139.438319 0.430054218 -0.450178444 0.216445193 -0.058100317 0.060364183 0.005809604 0.996467113
1403637139.488319 0.426184833 -0.408308893 0.234243616 -0.056440018 0.055593353 0.004648710 0.996846139
1403637139.538319 0.419326872 -0.372062087 0.259022087 -0.054022115 0.051628124 0.005008350 0.997191548
1403637139.588319 0.410867214 -0.344707966 0.276991278 -0.050875213 0.049875978 0.004478116 0.997448742
1403637139.638319 0.404638082 -0.318078876 0.292902231 -0.047744751 0.048630815 0.002058203 0.997672915
1403637139.688319 0.400854766 -0.284600556 0.310209900 -0.045139454 0.046867181 0.000667595 0.997880459
1403637139.738319 0.399602979 -0.252013415 0.322797149 -0.043741703 0.045164056 0.000197882 0.998021424
1403637139.788319 0.404846370 -0.217731073 0.336903185 -0.043199342 0.045070697 -0.000451728 0.998049200
1403637139.838319 0.411923587 -0.199527025 0.339541346 -0.040034294 0.044537418 0.001054021 0.998204648
1403637139.888319 0.422545314 -0.196924537 0.336046457 -0.032728244 0.045204554 0.001751492 0.998439968
1403637139.938319 0.431627989 -0.192730859 0.334506243 -0.027447747 0.047106016 0.003975549 0.998504758
1403637139.988319 0.438132048 -0.186767608 0.328791738 -0.023613609 0.049412850 0.007355513 0.998472154
1403637140.038319 0.443263710 -0.186370924 0.319047451 -0.018618396 0.051634874 0.011512339 0.998426080
1403637140.088319 0.453581393 -0.185587615 0.309597582 -0.012691797 0.054922834 0.011034177 0.998348951
1403637140.138319 0.459225655 -0.188641176 0.297172517 -0.006421196 0.057987839 0.011196087 0.998233855
1403637140.188319 0.463761836 -0.193397969 0.282294452 -0.003529453 0.059864771 0.012330051 0.998124063
1403637140.238319 0.475948840 -0.186379984 0.282253653 -0.004961998 0.062503725 0.012274878 0.997956932
1403637140.288319 0.483921617 -0.182374388 0.280041754 -0.004802221 0.063249767 0.013242627 0.997898281
1403637140.338319 0.488609076 -0.179123029 0.278955221 -0.004206891 0.062904365 0.015718790 0.997886896
1403637140.388319 0.486335605 -0.181195199 0.277864218 -0.003968773 0.062583178 0.017314486 0.997881651
1403637140.438319 0.487350404 -0.180247903 0.278027445 -0.004193224 0.062667742 0.016488157 0.997889459
1403637140.488319 0.485578060 -0.181234539 0.277395129 -0.003955907 0.062502086 0.017545307 0.997882783
1403637140.538319 0.484415233 -0.181362554 0.276463240 -0.003996307 0.062441889 0.017659117 0.997884333
1403637140.588319 0.482100904 -0.182428554 0.276643753 -0.003847875 0.062071089 0.018917767 0.997884989
1403637140.638319 0.482565552 -0.181982756 0.276396960 -0.003849259 0.062030848 0.018747106 0.997890711
1403637140.688319 0.482561260 -0.182326615 0.276280493 -0.003848007 0.061897311 0.018866226 0.997896791
1403637140.738319 0.482586980 -0.181959301 0.276786208 -0.003871122 0.061873347 0.018854925 0.997898400
1403637140.788319 0.482268572 -0.182244524 0.276152492 -0.003822759 0.061842978 0.018907445 0.997899473
1403637140.838319 0.482190400 -0.182064533 0.276259989 -0.003838431 0.061847501 0.018925065 0.997898757
1403637140.888319 0.482027918 -0.182405323 0.276311338 -0.003842855 0.061855692 0.019063182 0.997895658
1403637140.938319 0.482326716 -0.182105348 0.276125014 -0.003846709 0.061868522 0.019021368 0.997895658
1403637140.988319 0.482211798 -0.181881458 0.276878148 -0.003842136 0.061922669 0.018937949 0.997893870
1403637141.038319 0.482677460 -0.182315022 0.276854694 -0.003852386 0.061914004 0.019012300 0.997892976
1403637141.088319 0.482512414 -0.182241529 0.276884347 -0.003816004 0.061833188 0.019110713 0.997896254
1403637141.138319 0.482828081 -0.182495445 0.277492136 -0.003850600 0.061917335 0.018995848 0.997893095
1403637141.188319 0.482087523 -0.181949198 0.276595533 -0.003823553 0.061885886 0.018987818 0.997895300
1403637141.238319 0.482882261 -0.182505310 0.276794583 -0.003902670 0.061846673 0.019045047 0.997896314
1403637141.288319 0.482617348 -0.182072774 0.276925862 -0.003817414 0.061851837 0.018989909 0.997897387
1403637141.338319 0.481962174 -0.182416350 0.274925590 -0.003850801 0.061829247 0.019063698 0.997897267
1403637141.388319 0.482006311 -0.182092816 0.275564969 -0.003802312 0.061889298 0.018929878 0.997896254
1403637141.438319 0.481936574 -0.182402641 0.276369750 -0.003874556 0.061828837 0.019083006 0.997896791
1403637141.488319 0.482106209 -0.181986108 0.276208550 -0.003801650 0.061853945 0.019034626 0.997896433
1403637141.538319 0.482285291 -0.182538509 0.275997728 -0.003866990 0.061856572 0.019075792 0.997895241
1403637141.588319 0.482361317 -0.182406664 0.276285499 -0.003805399 0.061900340 0.019021651 0.997893810
1403637141.638319 0.482374638 -0.181903720 0.276443481 -0.003791133 0.061898824 0.019032134 0.997893751
1403637141.688319 0.482075870 -0.182454333 0.276570618 -0.003817714 0.061836243 0.019170627 0.997894883
1403637141.738319 0.481822670 -0.181742311 0.276015699 -0.003736624 0.061937161 0.019013548 0.997891963
1403637141.788319 0.481928170 -0.181739613 0.275916398 -0.003816333 0.061871517 0.019129382 0.997893512
1403637141.838319 0.481969893 -0.182121664 0.276468337 -0.003778738 0.061864067 0.019125925 0.997894168
1403637141.888319 0.482474566 -0.182185769 0.275814354 -0.003854234 0.061873753 0.019098742 0.997893810
1403637141.938319 0.481721640 -0.182074189 0.275236368 -0.003813861 0.061866675 0.019174468 0.997892976
1403637141.988319 0.481521994 -0.181476548 0.275664657 -0.003747457 0.061957452 0.019035961 0.997890174
1403637142.038319 0.482152671 -0.181810498 0.276779503 -0.003747599 0.061894275 0.019114910 0.997892618
1403637142.088319 0.482222497 -0.181442261 0.275993377 -0.003770825 0.061901826 0.019081904 0.997892678
1403637142.138319 0.482088774 -0.182053208 0.276185781 -0.003824998 0.061825190 0.019225163 0.997894526
1403637142.188319 0.482013732 -0.181693450 0.275663555 -0.003722968 0.061934151 0.019019455 0.997892082
1403637142.238319 0.482229352 -0.182239726 0.276785254 -0.003802146 0.061857719 0.019195275 0.997893155
1403637142.288319 0.481509119 -0.181495711 0.275353342 -0.003764056 0.061900120 0.019095831 0.997892559
1403637142.338319 0.481779873 -0.181897119 0.276357830 -0.003763133 0.061880950 0.019164182 0.997892439
1403637142.388319 0.482019901 -0.181751728 0.276638746 -0.003752293 0.061923873 0.019032789 0.997892320
1403637142.438319 0.481662065 -0.181768373 0.275794804 -0.003775624 0.061860550 0.019148367 0.997893989
1403637142.488319 0.482615024 -0.181890652 0.276318401 -0.003776152 0.061879691 0.019093433 0.997893870
1403637142.538319 0.482042134 -0.181804597 0.276118606 -0.003771774 0.061905857 0.019132217 0.997891486
1403637142.588319 0.481826782 -0.181600213 0.276274711 -0.003699535 0.061947506 0.019013250 0.997891426
1403637142.638319 0.481665462 -0.181773216 0.274770796 -0.003732140 0.061906919 0.019122487 0.997891784
1403637142.688319 0.482753217 -0.181901053 0.277033508 -0.003738351 0.061898369 0.019083319 0.997893035
1403637142.738319 0.482166827 -0.181858793 0.276921600 -0.003767023 0.061879575 0.019136261 0.997893035
1403637142.788319 0.482122540 -0.181479067 0.276559711 -0.003694219 0.061910942 0.019070400 0.997892618
1403637142.838319 0.481723517 -0.181945264 0.275812000 -0.003737495 0.061858606 0.019185688 0.997893512
1403637142.888319 0.481812805 -0.181340262 0.275634885 -0.003655289 0.061907977 0.019076878 0.997892857
1403637142.938319 0.480864257 -0.181486830 0.275245428 -0.003710293 0.061900143 0.019115139 0.997892380
1403637142.988319 0.481935441 -0.181447074 0.275818437 -0.003700355 0.061894979 0.019093540 0.997893155
1403637143.038319 0.482282192 -0.181995615 0.275080919 -0.003734718 0.061849896 0.019185593 0.997894108
1403637143.088319 0.482060254 -0.181767955 0.275756508 -0.003727312 0.061841305 0.019147040 0.997895360
1403637143.138319 0.481734335 -0.181695133 0.276240170 -0.003672785 0.061962232 0.019064462 0.997889638
1403637143.188319 0.481303155 -0.182018414 0.276375622 -0.003656194 0.061933890 0.019115526 0.997890472
1403637143.238319 0.481357962 -0.181499630 0.276165068 -0.003676792 0.061953127 0.019155651 0.997888446
1403637143.288319 0.482140660 -0.181455925 0.276170135 -0.003669302 0.061902542 0.019098852 0.997892678
1403637143.338319 0.481951922 -0.181295797 0.276527703 -0.003667169 0.061938878 0.019055391 0.997891247
1403637143.388319 0.481853813 -0.181332782 0.276011825 -0.003646062 0.061936047 0.019074455 0.997891188
1403637143.438319 0.481476873 -0.181377277 0.275871664 -0.003638097 0.061981734 0.019088279 0.997888088
1403637143.488319 0.481838524 -0.181313202 0.276326686 -0.003619765 0.061957095 0.019102341 0.997889400
1403637143.538319 0.481042802 -0.181080565 0.275627583 -0.003689359 0.061974302 0.019115755 0.997887850
1403637143.588319 0.482070208 -0.181677714 0.276396334 -0.003608433 0.061930001 0.019140150 0.997890413
1403637143.638319 0.481905401 -0.181390539 0.276243985 -0.003686899 0.061958589 0.019142946 0.997888267
1403637143.688319 0.481624186 -0.181196600 0.276264936 -0.003660750 0.061972506 0.019098390 0.997888386
1403637143.738319 0.481685579 -0.181609884 0.275752366 -0.003677228 0.061983105 0.019081624 0.997887969
1403637143.788319 0.481882453 -0.181178123 0.276224554 -0.003625926 0.061967917 0.019102912 0.997888684
1403637143.838319 0.481551766 -0.181432515 0.275936335 -0.003682907 0.061929338 0.019133728 0.997890294
1403637143.888319 0.481363386 -0.180781871 0.275350720 -0.003607932 0.061951697 0.019136034 0.997889161
1403637143.938319 0.480879873 -0.180842638 0.276276469 -0.003642804 0.061778646 0.019088231 0.997900665
1403637143.988319 0.480963171 -0.181065410 0.276757717 -0.003666496 0.061768655 0.019070743 0.997901559
1403637144.038319 0.480575591 -0.181301385 0.276365161 -0.003650633 0.061762370 0.019170580 0.997900069
1403637144.088319 0.480751514 -0.181266129 0.275845498 -0.003660604 0.061808717 0.019231405 0.997895956
1403637144.138319 0.480700552 -0.181326374 0.275716871 -0.003645857 0.061981507 0.019246290 0.997885048
1403637144.188319 0.481090158 -0.181237653 0.276564747 -0.003712063 0.062030952 0.019126736 0.997884035
1403637144.238319 0.481578499 -0.181798264 0.276740044 -0.003753114 0.061999340 0.019405788 0.997880459
1403637144.288319 0.481239289 -0.181268275 0.276220888 -0.003753047 0.062059410 0.019271301 0.997879326
1403637144.338319 0.480788469 -0.181780890 0.276383251 -0.003671570 0.062083688 0.019310841 0.997877359
1403637144.388319 0.480813444 -0.181904107 0.275396883 -0.003636852 0.061999690 0.019357171 0.997881770
1403637144.438319 0.481031626 -0.181839019 0.276230782 -0.003553300 0.061899390 0.019354079 0.997888386
1403637144.488319 0.480838656 -0.182152897 0.275621265 -0.003540363 0.061862867 0.019346649 0.997890830
1403637144.538319 0.479654580 -0.181769505 0.275335550 -0.003508642 0.061884485 0.019308120 0.997890353
1403637144.588319 0.481054723 -0.181958035 0.275955588 -0.003667543 0.062209431 0.019359484 0.997868598
1403637144.638319 0.480355024 -0.181790635 0.276191384 -0.003603970 0.062129300 0.019275920 0.997875452
1403637144.688319 0.481602252 -0.181670174 0.275814176 -0.003676990 0.062010709 0.019351246 0.997881055
1403637144.738319 0.482021630 -0.181603029 0.276340544 -0.003608643 0.061896458 0.019210450 0.997891128
1403637144.788319 0.481718391 -0.181858301 0.276366770 -0.003572393 0.061911054 0.019285571 0.997888923
1403637144.838319 0.481517017 -0.181961402 0.275939852 -0.003558864 0.061895270 0.019184275 0.997891903
1403637144.888319 0.480787188 -0.181916893 0.276469469 -0.003585785 0.061859127 0.019215517 0.997893453
1403637144.938319 0.481067240 -0.181188077 0.275570631 -0.003563934 0.061742906 0.019012142 0.997904599
1403637144.988319 0.481045961 -0.181647047 0.277465016 -0.003687460 0.061488457 0.019052941 0.997919083
1403637145.038319 0.481184661 -0.180823386 0.275874674 -0.003693251 0.061683957 0.018986927 0.997908294
1403637145.088319 0.481365979 -0.180757612 0.276307613 -0.003650838 0.061805729 0.019073520 0.997899234
1403637145.138319 0.482094079 -0.181012109 0.276551008 -0.003747159 0.061870184 0.019063054 0.997895062
1403637145.188319 0.481761098 -0.181549117 0.276034176 -0.003741579 0.061951831 0.019129232 0.997888744
1403637145.238319 0.481859535 -0.181037888 0.275836498 -0.003692176 0.062007155 0.019083200 0.997886419
1403637145.288319 0.481143743 -0.181241810 0.275997072 -0.003692418 0.062070854 0.019146772 0.997881234
1403637145.338319 0.481258392 -0.181118831 0.276202708 -0.003655695 0.061982896 0.019100813 0.997887731
1403637145.388319 0.481262743 -0.181318596 0.275690764 -0.003655696 0.062054735 0.019066786 0.997883916
1403637145.438319 0.481846541 -0.180863068 0.275410384 -0.003645725 0.061982889 0.019138901 0.997887015
1403637145.488319 0.481822550 -0.181421831 0.276422203 -0.003641838 0.061954603 0.019125802 0.997889042
1403637145.538319 0.481533676 -0.181086972 0.275919080 -0.003683561 0.061995156 0.019182293 0.997885287
1403637145.588319 0.481572241 -0.181083158 0.276374787 -0.003635902 0.061963473 0.019059148 0.997889817
1403637145.638319 0.481547773 -0.181157902 0.276304513 -0.003651936 0.061921921 0.019175353 0.997890055
1403637145.688319 0.481903374 -0.181401297 0.276021898 -0.003690694 0.061861325 0.019136118 0.997894466
1403637145.738319 0.481949091 -0.181363866 0.275924534 -0.003668844 0.061837435 0.019211294 0.997894585
1403637145.788319 0.482358932 -0.181441009 0.276232868 -0.003666745 0.061800450 0.019210065 0.997896910
1403637145.838319 0.481847912 -0.181790084 0.276404709 -0.003678354 0.061882306 0.019184070 0.997892261
1403637145.888319 0.481602639 -0.181212455 0.276349276 -0.003639231 0.061976247 0.019101033 0.997888148
1403637145.938319 0.482114583 -0.181419894 0.275885224 -0.003664410 0.061888158 0.019193154 0.997891784
1403637145.988319 0.481727719 -0.181447268 0.275468975 -0.003641139 0.061921135 0.019079279 0.997892022
1403637146.038319 0.481422275 -0.181962818 0.276052475 -0.003707134 0.061871666 0.019261282 0.997891307
1403637146.088319 0.481659532 -0.181318223 0.276536912 -0.003668532 0.061942305 0.019070145 0.997890770
1403637146.138319 0.481586814 -0.181581408 0.276486099 -0.003723061 0.061970782 0.019141244 0.997887433
1403637146.188319 0.481838524 -0.181406215 0.275915980 -0.003700257 0.061981391 0.018973976 0.997890055
1403637146.238319 0.483372182 -0.181051210 0.276171803 -0.003668707 0.062271480 0.018475007 0.997881472
1403637146.288319 0.481886327 -0.182150692 0.276359171 -0.003602752 0.061864898 0.019202791 0.997893274
1403637146.338319 0.482142508 -0.181467235 0.275703490 -0.003614387 0.062133700 0.018589227 0.997888148
1403637146.388319 0.482527733 -0.182375357 0.276715934 -0.003658643 0.061875179 0.019226559 0.997891963
1403637146.438319 0.482850045 -0.181348607 0.275989205 -0.003722534 0.062062461 0.018728290 0.997889578
1403637146.488319 0.481651396 -0.181453481 0.276067704 -0.003628154 0.061936907 0.019147666 0.997889757
1403637146.538319 0.482230484 -0.181469575 0.276334792 -0.003664831 0.062097199 0.018779300 0.997886658
1403637146.588319 0.481354743 -0.181664363 0.275935709 -0.003686115 0.061916541 0.019223230 0.997889340
1403637146.638319 0.482126832 -0.181287542 0.276347399 -0.003653032 0.062067997 0.018872840 0.997886777
1403637146.688319 0.481515288 -0.181310311 0.275928974 -0.003618032 0.061941568 0.019141434 0.997889638
1403637146.738319 0.482418418 -0.181656703 0.276635289 -0.003739081 0.061990600 0.018998234 0.997888863
1403637146.788319 0.481515825 -0.181269899 0.276477814 -0.003648801 0.061946101 0.019065175 0.997890711
1403637146.838319 0.482283801 -0.181280851 0.276144356 -0.003681544 0.061963212 0.019031696 0.997890174
1403637146.888319 0.481530815 -0.181723893 0.275898218 -0.003641351 0.061961763 0.018995285 0.997891128
1403637146.938319 0.482237935 -0.181280971 0.276202619 -0.003712692 0.061972797 0.018985193 0.997890353
1403637146.988319 0.481958270 -0.181040257 0.276428461 -0.003611755 0.062036313 0.018827965 0.997889757
1403637147.038319 0.481695414 -0.181689605 0.276174217 -0.003699086 0.061961766 0.018992994 0.997890890
1403637147.088319 0.481873631 -0.181327105 0.276244849 -0.003679568 0.062020272 0.018916590 0.997888803
1403637147.138319 0.481811583 -0.181588843 0.276502103 -0.003721359 0.062021490 0.019029945 0.997886419
1403637147.188319 0.481829077 -0.181138292 0.276195765 -0.003643807 0.062075980 0.018940143 0.997885048
1403637147.238319 0.481931329 -0.181659594 0.276005238 -0.003679689 0.062092528 0.018881282 0.997884989
1403637147.288319 0.481935501 -0.181203172 0.276363403 -0.003658045 0.062055584 0.018871460 0.997887552
1403637147.338319 0.481968880 -0.181484804 0.276497364 -0.003694848 0.062067240 0.018943163 0.997885346
1403637147.388319 0.481714815 -0.181228563 0.276210934 -0.003668611 0.061981950 0.019029627 0.997889042
1403637147.438319 0.481828630 -0.181264877 0.276181400 -0.003676678 0.062085576 0.018827237 0.997886419
1403637147.488319 0.481332928 -0.181230128 0.275861502 -0.003691011 0.061987400 0.018956037 0.997890055
1403637147.538319 0.482329041 -0.181772336 0.275852352 -0.003677649 0.061975136 0.018821312 0.997893393
1403637147.588319 0.481930494 -0.181444511 0.276017159 -0.003648553 0.061921511 0.018989101 0.997893691
1403637147.638319 0.482655078 -0.181227490 0.276096970 -0.003664126 0.061993483 0.018852906 0.997891724
1403637147.688319 0.481775969 -0.181329191 0.276095062 -0.003599429 0.061982777 0.018890619 0.997891903
1403637147.738319 0.481919140 -0.181525499 0.275716126 -0.003590189 0.062018260 0.018776776 0.997891903
1403637147.788319 0.482244968 -0.181469321 0.276010096 -0.003642886 0.061972719 0.018940095 0.997891426
1403637147.838319 0.481504202 -0.181671754 0.276225954 -0.003616814 0.062048350 0.018831436 0.997888923
1403637147.888319 0.482390583 -0.181616381 0.275997579 -0.003671806 0.061993655 0.018961934 0.997889638
1403637147.938319 0.482062876 -0.181686446 0.276222348 -0.003654889 0.062005628 0.018864987 0.997890830
1403637147.988319 0.481921196 -0.181600019 0.276160955 -0.003631446 0.061980259 0.018928038 0.997891247
1403637148.038319 0.482065409 -0.181698546 0.276062101 -0.003629677 0.061990194 0.018918660 0.997890830
1403637148.088319 0.482108206 -0.181534246 0.276393145 -0.003610278 0.062058590 0.018889388 0.997887194
1403637148.138319 0.481737584 -0.181618899 0.275159359 -0.003581740 0.062103946 0.018804066 0.997886062
1403637148.188319 0.481826961 -0.181720227 0.276490927 -0.003524512 0.062071364 0.018784193 0.997888684
1403637148.238319 0.482286990 -0.181642070 0.275594682 -0.003645936 0.061909840 0.018768955 0.997898579
1403637148.288319 0.481289357 -0.181807697 0.275819749 -0.003562381 0.061939597 0.018779786 0.997896850
1403637148.338319 0.481671453 -0.181685135 0.275712311 -0.003703526 0.061881695 0.018731382 0.997900784
1403637148.388319 0.481213450 -0.181771442 0.275716871 -0.003636613 0.061851088 0.018740656 0.997902751
1403637148.438319 0.481654584 -0.181389302 0.275087416 -0.003653770 0.061701577 0.018715587 0.997912467
1403637148.488319 0.481005251 -0.181148604 0.276216567 -0.003728969 0.061641581 0.018553255 0.997918904
1403637148.538319 0.481801242 -0.181555450 0.274800032 -0.003783378 0.061480675 0.018714894 0.997925639
1403637148.588319 0.481677324 -0.181328103 0.274592966 -0.003828328 0.061331149 0.018579924 0.997937143
1403637148.638319 0.481049120 -0.180597752 0.272227466 -0.004206364 0.060934279 0.018313887 0.997964859
1403637148.688319 0.480181992 -0.181448638 0.272569895 -0.004206261 0.060498677 0.018433813 0.997989178
1403637148.738319 0.480678260 -0.180694565 0.272917747 -0.004435928 0.060264409 0.018070903 0.998008966
1403637148.788319 0.480138183 -0.180808634 0.272312313 -0.004517396 0.059960268 0.018296821 0.998022795
1403637148.838319 0.480529100 -0.180260956 0.272026807 -0.004641663 0.059787787 0.017973823 0.998038471
1403637148.888319 0.479840845 -0.180252597 0.269646287 -0.005002456 0.059220396 0.018033642 0.998069465
1403637148.938319 0.480323076 -0.179670006 0.268211007 -0.005091615 0.058929015 0.017777052 0.998090863
1403637148.988319 0.480100244 -0.180099279 0.267788708 -0.005175688 0.058575310 0.017904559 0.998108983
1403637149.038319 0.481458426 -0.178812519 0.267873257 -0.005388645 0.058338527 0.017547768 0.998128057
1403637149.088319 0.479765266 -0.179007083 0.267444104 -0.005413917 0.058005434 0.017641129 0.998145700
1403637149.138319 0.479968131 -0.179414257 0.266411334 -0.005635926 0.057726473 0.017653441 0.998160422
1403637149.188319 0.480378568 -0.179711595 0.265298784 -0.005791159 0.057446394 0.017388688 0.998180330
1403637149.238319 0.479988784 -0.179098904 0.264182717 -0.005732276 0.057193749 0.017345313 0.998195946
1403637149.288319 0.480845898 -0.178508952 0.264187127 -0.005862042 0.056835819 0.017234191 0.998217523
1403637149.338319 0.480729461 -0.178205952 0.262978047 -0.006050116 0.056462150 0.017149482 0.998239100
1403637149.388319 0.481234998 -0.178920522 0.262829632 -0.006258576 0.055980664 0.017055480 0.998266518
1403637149.438319 0.481574684 -0.177657679 0.258772850 -0.006405520 0.055327237 0.016711434 0.998307824
1403637149.488319 0.481278121 -0.177518517 0.257615775 -0.006847377 0.054629050 0.016273761 0.998350561
1403637149.538319 0.482117832 -0.176781937 0.257462829 -0.007407076 0.054027706 0.015739378 0.998387873
1403637149.588319 0.483404875 -0.174883455 0.253852814 -0.009570844 0.052162405 0.014220569 0.998491466
1403637149.638319 0.484876752 -0.169142842 0.246199965 -0.014245977 0.048336204 0.011717898 0.998660743
1403637149.688319 0.484650165 -0.162809536 0.235555917 -0.018048162 0.042867806 0.008597257 0.998880744
1403637149.738319 0.490509093 -0.158798113 0.227636352 -0.019715227 0.040250868 0.006916573 0.998971105
1403637149.788319 0.496392816 -0.155931145 0.223205701 -0.023621954 0.038037475 0.007238992 0.998970866
1403637149.838319 0.503951490 -0.157692760 0.216653794 -0.028870285 0.036443990 0.006724423 0.998895943
1403637149.888319 0.476896673 -0.069018267 0.248305798 -0.036940798 0.036102448 0.007719357 0.998635292
1403637149.938319 0.509700894 -0.069190793 0.236964986 -0.045936886 0.037020095 0.005021222 0.998245537
1403637149.988319 0.554035842 -0.077075616 0.224058256 -0.056770563 0.038559362 0.000218736 0.997642338
1403637150.038319 0.610476792 -0.102612384 0.208015710 -0.066534944 0.041514773 -0.006750962 0.996897221
1403637150.088319 0.674950004 -0.147626787 0.197997034 -0.075190321 0.045015510 -0.012326328 0.996076345
1403637150.138319 0.752218485 -0.217008546 0.199445307 -0.080728434 0.048491113 -0.017141497 0.995408297
1403637150.188319 0.828635752 -0.309907258 0.210033596 -0.081972212 0.052185494 -0.020585375 0.995054483
1403637150.238319 0.957521796 -0.499395549 0.212325796 -0.081313096 0.055007514 -0.022437116 0.994916558
1403637150.288319 1.029148817 -0.629752338 0.259201050 -0.077213824 0.057469457 -0.022392474 0.995104969
1403637150.338319 1.108524084 -0.771790862 0.312715441 -0.072811984 0.060002740 -0.022209357 0.995291293
1403637150.388319 1.182551980 -0.935716331 0.384945750 -0.064055033 0.061448708 -0.019967163 0.995852590
1403637150.438319 1.252851129 -1.090435266 0.460270673 -0.057235099 0.063114442 -0.018481847 0.996192336
1403637150.488319 1.327750564 -1.248587728 0.539878070 -0.052594628 0.065076426 -0.018150376 0.996327996
1403637150.538319 1.406929970 -1.407816887 0.623598814 -0.049453739 0.066904947 -0.017444875 0.996380329
1403637150.588319 1.520386696 -1.588907957 0.737853646 -0.048350029 0.068342164 -0.017031444 0.996344090
1403637150.638319 1.598162651 -1.733593464 0.833923340 -0.046689760 0.069634117 -0.016578041 0.996341467
1403637150.688319 1.672169447 -1.873725057 0.921526730 -0.046151344 0.070763864 -0.016196931 0.996293187
1403637150.738319 1.745577812 -2.006307364 1.016858459 -0.045869719 0.071962856 -0.016639536 0.996213078
1403637150.788319 1.826285601 -2.151401520 1.125368834 -0.045272771 0.072845362 -0.017175794 0.996167123
1403637150.838319 1.874336123 -2.296008825 1.221413612 -0.043792315 0.074160263 -0.017996265 0.996121764
1403637150.888319 1.968100905 -2.418433428 1.332335949 -0.039675284 0.074624531 -0.018898459 0.996242881
1403637150.938319 2.059736967 -2.576326370 1.469664931 -0.035705216 0.074788690 -0.019293282 0.996373236
1403637150.988319 2.124536753 -2.696249247 1.573181391 -0.031671178 0.074895561 -0.019804031 0.996491551
1403637151.038319 2.186327457 -2.804135561 1.678024054 -0.028275436 0.074660204 -0.020264184 0.996602118
1403637151.088319 2.257561445 -2.895314455 1.784302592 -0.024505727 0.074270085 -0.021078585 0.996714175
1403637151.138319 2.319989204 -2.994101524 1.876020432 -0.020290473 0.073785424 -0.022088999 0.996822953
1403637151.188319 2.440550804 -3.160199165 2.040218115 -0.019508937 0.072764754 -0.022593517 0.996902347
1403637151.238319 2.494363785 -3.241089344 2.109010220 -0.022370813 0.072031304 -0.022032160 0.996908069
1403637151.288319 2.541000605 -3.332700491 2.192178965 -0.025734469 0.070518635 -0.020454161 0.996968627
1403637151.338319 2.580679655 -3.443260431 2.249691725 -0.029876025 0.068555444 -0.016848376 0.997057498
1403637151.388319 2.604756355 -3.596992731 2.289981842 -0.033782452 0.066148899 -0.011206136 0.997174740
1403637151.438319 2.634370804 -3.751447916 2.332576275 -0.036488019 0.064436950 -0.006424441 0.997233748
1403637151.488319 2.630079269 -3.870984077 2.299059391 -0.038497709 0.064660773 -0.008404293 0.997129023
1403637151.538319 2.671772242 -4.041738987 2.335132360 -0.039639916 0.064514078 -0.009394713 0.997084916
1403637151.588319 2.855687857 -4.352404594 2.467263222 -0.040260006 0.064271867 -0.011236493 0.997056663
1403637151.638319 2.908131361 -4.498412609 2.500008345 -0.040519021 0.064371623 -0.013200451 0.997015655
1403637151.688319 2.858085394 -4.479816914 2.443034649 -0.039632205 0.064829901 -0.015096786 0.996994734
1403637151.738319 2.928056240 -4.608043194 2.470490932 -0.040464595 0.064959243 -0.016098641 0.996937156
1403637151.788319 3.110651970 -4.874736309 2.641365290 -0.041128851 0.064328417 -0.016701423 0.996940970
1403637151.838319 3.175739288 -4.974706173 2.686003923 -0.041128002 0.064252548 -0.017659271 0.996929407
1403637151.888319 3.252743721 -5.063885212 2.751683235 -0.040968981 0.064403392 -0.018739253 0.996906519
1403637151.938319 3.328129530 -5.138487339 2.804398060 -0.041301969 0.064543813 -0.019699285 0.996865153
1403637151.988319 3.383736849 -5.230524063 2.849229813 -0.041446399 0.064344138 -0.019648172 0.996873081
1403637152.038319 3.462285280 -5.343960762 2.906097651 -0.041731250 0.063830808 -0.019187378 0.996903181
1403637152.088319 3.529901028 -5.455500126 2.948646069 -0.042249583 0.063278005 -0.018314840 0.996933043
1403637152.138319 3.658962965 -5.698455334 3.043252468 -0.043528222 0.062800124 -0.017375536 0.996925056
1403637152.188319 3.726437569 -5.816603661 3.091642380 -0.044410728 0.062665254 -0.016644441 0.996907055
1403637152.238319 3.793376923 -5.936687946 3.133284569 -0.045401406 0.062357616 -0.015554486 0.996899307
1403637152.288319 3.972521067 -6.155385494 3.414368391 -0.045778736 0.061884906 -0.014232242 0.996931314
1403637152.338319 4.037817001 -6.234616756 3.482254505 -0.046874788 0.061478313 -0.012623930 0.996927202
1403637152.388319 4.119480610 -6.312427521 3.533916473 -0.046621077 0.061509896 -0.013422381 0.996926725
1403637152.438319 4.106232166 -6.213972092 3.423404694 -0.047108959 0.061595690 -0.014179381 0.996887982
1403637152.488319 4.185189247 -6.253237247 3.510193825 -0.047339343 0.061644357 -0.015040049 0.996861458
1403637152.538319 4.275362968 -6.272307873 3.597486973 -0.046963334 0.061431579 -0.014808184 0.996895850
1403637152.588319 4.375591278 -6.308292866 3.682913542 -0.047668781 0.061699621 -0.015640663 0.996833086
1403637152.638319 4.458963394 -6.312654495 3.786350489 -0.046731304 0.061764363 -0.015718346 0.996872246
1403637152.688319 4.646678925 -6.442403793 4.117484093 -0.045685526 0.061566401 -0.014558975 0.996950567
1403637152.738319 4.743463516 -6.457141399 4.217223167 -0.043805171 0.061419655 -0.014148916 0.997049928
1403637152.788319 4.894127369 -6.513013840 4.385669231 -0.041170835 0.060201731 -0.011994358 0.997264683
1403637152.838319 4.997110844 -6.565670967 4.474283218 -0.038767383 0.059960522 -0.011327639 0.997383296
1403637152.888319 5.090729713 -6.613693237 4.593684196 -0.036332160 0.059599411 -0.011053137 0.997499764
1403637152.938319 5.187797546 -6.675689220 4.677250862 -0.034443740 0.059598014 -0.012333577 0.997551799
1403637152.988319 5.299310207 -6.763764381 4.776359081 -0.034173016 0.059634361 -0.013004926 0.997550428
1403637153.038319 5.400213718 -6.858479500 4.860527992 -0.033638086 0.059630204 -0.013841030 0.997557580
1403637153.088319 5.540451050 -6.973073006 4.941847324 -0.034591481 0.060302451 -0.015006414 0.997467697
1403637153.138319 5.644237995 -7.065415382 5.000537395 -0.035873182 0.060671046 -0.015800687 0.997387826
1403637153.188319 5.748442650 -7.097723484 5.093307972 -0.036971740 0.060810313 -0.016042022 0.997335374
1403637153.238319 5.856922626 -7.137528896 5.167749405 -0.037988830 0.061556142 -0.017638518 0.997224450
1403637153.288319 5.975931644 -7.183676243 5.248344898 -0.038629774 0.061937567 -0.018622367 0.997158289
1403637153.338319 6.090658665 -7.220617771 5.338080406 -0.038687594 0.062306121 -0.019668376 0.997112989
1403637153.388319 6.195141315 -7.245532036 5.431533337 -0.039324034 0.062951051 -0.020755127 0.997025549
1403637153.438319 6.309660912 -7.275671959 5.508165836 -0.040382184 0.063068166 -0.021328522 0.996963739
1403637153.488319 6.412446022 -7.326777935 5.589455605 -0.042207770 0.063614942 -0.022410311 0.996829689
1403637153.538319 6.548927307 -7.414485931 5.657314777 -0.044865169 0.063813664 -0.022579920 0.996697068
1403637153.588319 6.642136574 -7.502010345 5.730799198 -0.046304628 0.063612595 -0.021652831 0.996664643
1403637153.638319 6.733071804 -7.590213776 5.816160202 -0.046797439 0.063745447 -0.022145722 0.996622324
1403637153.688319 6.831229210 -7.714041233 5.889043808 -0.045450110 0.063408382 -0.021916507 0.996711254
1403637153.738319 6.923644066 -7.848299026 5.952834129 -0.044492058 0.063775793 -0.022589007 0.996716022
1403637153.788319 7.009877205 -7.965707779 6.017636776 -0.041691817 0.063699603 -0.022334183 0.996847689
1403637153.838319 7.087757587 -8.076915741 6.106409073 -0.039871156 0.063264117 -0.020952703 0.996979892
1403637153.888319 7.170660973 -8.171440125 6.186859131 -0.038975932 0.063641079 -0.021414716 0.996981502
1403637153.938319 7.250384808 -8.254942894 6.277339935 -0.037310395 0.063907273 -0.021981480 0.997015834
1403637153.988319 7.346070290 -8.317455292 6.365376949 -0.036473773 0.063511260 -0.021047879 0.997092247
1403637154.038319 7.418212891 -8.363192558 6.464957714 -0.037161756 0.063557208 -0.020976851 0.997065425
1403637154.088319 7.501010418 -8.388104439 6.549773216 -0.039150864 0.062880345 -0.018846611 0.997074723
1403637154.138319 7.577889919 -8.391527176 6.637235641 -0.043541636 0.061500162 -0.014560193 0.997050583
1403637154.188319 7.682690620 -8.427144051 6.814477444 -0.049655028 0.059251737 -0.005954423 0.996989548
1403637154.238319 7.756381512 -8.409192085 6.915877819 -0.053829733 0.057052776 0.002336876 0.996916175
1403637154.288319 7.836740494 -8.361099243 6.942990303 -0.057804383 0.055160828 0.008449231 0.996767044
1403637154.338319 7.969215393 -8.347997665 7.160368919 -0.059416648 0.054589696 0.011777008 0.996669888
1403637154.388319 8.090176582 -8.308428764 7.291130066 -0.058781493 0.055778783 0.009304048 0.996667922
1403637154.438319 8.235246658 -8.260221481 7.433946609 -0.054728184 0.057382669 0.005250590 0.996837258
1403637154.488319 8.384719849 -8.216580391 7.583384037 -0.049975187 0.059097391 0.000896774 0.997000098
1403637154.538319 8.557813644 -8.172998428 7.737545967 -0.046885844 0.060947053 -0.003102284 0.997034371
1403637154.588319 8.721252441 -8.138788223 7.899905682 -0.046035744 0.063370228 -0.007466449 0.996899784
1403637154.638319 8.899799347 -8.103876114 8.043730736 -0.047604743 0.066183783 -0.012601693 0.996591508
1403637154.688319 9.067106247 -8.071804047 8.198122025 -0.051826421 0.069562107 -0.017950840 0.996068716
1403637154.738319 9.241735458 -8.032584190 8.380565643 -0.055577099 0.073579282 -0.021037038 0.995517313
1403637154.788319 9.407849312 -8.019856453 8.556922913 -0.059133530 0.079209164 -0.021585003 0.994868457
1403637154.838319 9.593626022 -8.031833649 8.745940208 -0.062674277 0.085466683 -0.020073647 0.994165182
1403637154.888319 9.762190819 -8.043776512 8.937870026 -0.063717991 0.090799242 -0.017162582 0.993680477
1403637154.938319 9.914409637 -8.057484627 9.138469696 -0.066933401 0.096126601 -0.015432086 0.992996216
1403637154.988319 10.070989609 -8.093121529 9.333196640 -0.066053428 0.100640245 -0.011617501 0.992659807
1403637155.038319 10.229358673 -8.181931496 9.546846390 -0.064694703 0.106230363 -0.010131543 0.992182970
1403637155.088319 10.381565094 -8.274437904 9.785084724 -0.062623449 0.112559296 -0.006309625 0.991649568
1403637155.138319 10.550706863 -8.380645752 10.005722046 -0.056315020 0.119447090 -0.003391115 0.991236329
1403637155.188319 10.681894302 -8.499843597 10.233068466 -0.052092429 0.125173151 0.000137085 0.990766346
1403637155.238319 10.841726303 -8.678874969 10.448943138 -0.048192348 0.129845396 0.000830516 0.990362048
1403637155.288319 10.963177681 -8.851076126 10.672238350 -0.044721309 0.133086473 0.002072873 0.990092754
1403637155.338319 11.104263306 -9.021203041 10.888867378 -0.040546775 0.136598915 0.002815344 0.989792287
1403637155.388319 11.253012657 -9.187085152 11.111216545 -0.036721978 0.141015470 0.005228228 0.989312291
1403637155.438319 11.394794464 -9.336808205 11.339111328 -0.034040932 0.147262707 0.007695780 0.988481462
1403637155.488319 11.539241791 -9.481901169 11.593607903 -0.030853024 0.154688329 0.010756271 0.987422884
1403637155.538319 11.678733826 -9.593144417 11.818067551 -0.029258067 0.161393419 0.014759736 0.986345947
1403637155.588319 11.832536697 -9.688122749 12.035837173 -0.028319348 0.166931018 0.019804208 0.985362768
1403637155.638319 11.986447334 -9.758331299 12.246129990 -0.027375527 0.171251178 0.025616126 0.984513760
1403637155.688319 12.125188828 -9.813309669 12.496040344 -0.027873246 0.175634116 0.030999124 0.983572423
1403637155.738319 12.279573441 -9.854520798 12.729828835 -0.027049987 0.181201234 0.035617620 0.982428491
1403637155.788319 12.454475403 -9.876937866 12.906882286 -0.027017156 0.187452763 0.041264679 0.981034517
1403637155.838319 12.631302834 -9.892907143 13.121636391 -0.026086070 0.195239723 0.046654254 0.979297876
1403637155.888319 12.828557968 -9.881752968 13.332743645 -0.028286153 0.204813510 0.050957203 0.977064312
1403637155.938319 13.014362335 -9.869025230 13.543870926 -0.031112820 0.215447128 0.054344926 0.974505603
1403637155.988319 13.216087341 -9.848428726 13.765668869 -0.031366158 0.226714611 0.057932049 0.971730709
1403637156.038319 13.423101425 -9.837041855 13.960714340 -0.029426878 0.237677768 0.062721834 0.968870163
1403637156.088319 13.663555145 -9.821737289 14.140464783 -0.026846187 0.248352438 0.068385601 0.965879738
1403637156.138319 13.891832352 -9.806038857 14.314266205 -0.023915213 0.259678781 0.073407210 0.962603927
1403637156.188319 14.143331528 -9.768671989 14.498250961 -0.021786943 0.271401823 0.079229437 0.958952069
1403637156.238319 14.419548035 -9.736933708 14.652907372 -0.019405385 0.283213586 0.085170701 0.955070436
1403637156.288319 14.688074112 -9.711992264 14.774186134 -0.018165527 0.295750767 0.089937069 0.950848460
1403637156.338319 14.965297699 -9.687691689 14.905708313 -0.016902670 0.308062732 0.095959648 0.946363270
1403637156.388319 15.249041557 -9.651506424 15.054594994 -0.016466916 0.321326524 0.100399807 0.941487134
1403637156.438319 15.572566986 -9.599518776 15.161756516 -0.016034182 0.333979011 0.105394520 0.936532378
1403637156.488319 15.885324478 -9.546438217 15.278803825 -0.014801478 0.346952409 0.109531783 0.931347251
1403637156.538319 16.210260391 -9.481224060 15.377550125 -0.012699271 0.359875262 0.112762265 0.926074088
1403637156.588319 16.516393661 -9.416745186 15.461599350 -0.012222230 0.372583330 0.115783893 0.920666277
1403637156.638319 16.815006256 -9.378784180 15.459494591 -0.010924365 0.385579050 0.118132703 0.915015936
1403637156.688319 17.179178238 -9.277961731 15.523757935 -0.010622543 0.398082495 0.120521493 0.909336090
1403637156.738319 17.534868240 -9.190011024 15.584578514 -0.010032143 0.410254061 0.121464632 0.903790474
1403637156.788319 17.879631042 -9.051561356 15.642672539 -0.012600350 0.420727909 0.122276545 0.898820162
1403637156.838319 18.264940262 -8.925317764 15.624139786 -0.016904082 0.429447204 0.121902213 0.894667089
1403637156.888319 18.620283127 -8.744484901 15.719022751 -0.021032503 0.436674565 0.122256286 0.891025484
1403637156.938319 18.994310379 -8.575008392 15.729913712 -0.025294807 0.442437381 0.120798036 0.888266385
1403637156.988319 19.305305481 -8.438705444 15.721922874 -0.029704016 0.446627170 0.120527655 0.886067092
1403637157.038319 19.675550461 -8.233850479 15.751056671 -0.032668144 0.449102610 0.121376388 0.884594500
1403637157.088319 20.000574112 -8.032349586 15.774714470 -0.034209628 0.450356603 0.123022921 0.883670747
1403637157.138319 20.387792587 -7.851355076 15.822758675 -0.034519099 0.450479954 0.125633761 0.883228362
1403637157.188319 20.747114182 -7.696094513 15.859016418 -0.034246180 0.450085610 0.127607495 0.883157074
1403637157.238319 21.111560822 -7.565585136 15.849394798 -0.033432387 0.449434549 0.129326090 0.883269846
1403637157.288319 21.475585938 -7.449510098 15.867380142 -0.032213271 0.448366016 0.130981952 0.883614123
1403637157.338319 21.885761261 -7.336163521 15.864869118 -0.030438408 0.446582347 0.132819936 0.884305775
1403637157.388319 22.265377045 -7.259005070 15.856580734 -0.028664267 0.444426656 0.136064082 0.884957612
1403637157.438319 22.659626007 -7.208481789 15.826640129 -0.026585698 0.441698164 0.140344605 0.885719717
1403637157.488319 23.061561584 -7.164576530 15.795672417 -0.025174653 0.439075351 0.143203035 0.886607051
1403637157.538319 23.499969482 -7.138029099 15.766190529 -0.023817267 0.436633795 0.145597607 0.887459874
1403637157.588319 23.933759689 -7.123796940 15.698289871 -0.022648232 0.434544981 0.146608159 0.888348937
1403637157.638319 24.370517731 -7.136327267 15.624700546 -0.022813855 0.433123440 0.146608338 0.889038622
1403637157.688319 24.846343994 -7.142738819 15.538936615 -0.022704609 0.431613743 0.146770880 0.889748514
1403637157.738319 25.318925858 -7.176883221 15.426056862 -0.022717109 0.430297464 0.146826506 0.890376389
1403637157.788319 25.806921005 -7.232355118 15.302927017 -0.020026492 0.430313349 0.143836781 0.890921116
1403637157.838319 26.319757462 -7.264308929 15.185761452 -0.017605117 0.431117058 0.139252782 0.891311884
1403637157.888319 26.820484161 -7.275127888 15.043363571 -0.015374916 0.431910783 0.135658920 0.891523063
1403637157.938319 27.339153290 -7.284396648 14.913578987 -0.013383648 0.433124065 0.130966455 0.891668200
1403637157.988319 27.875326157 -7.265640259 14.757716179 -0.013223602 0.434277385 0.126765430 0.891716778
1403637158.038319 28.406650543 -7.244978905 14.583737373 -0.013526416 0.435772240 0.121245533 0.891750574
1403637158.088319 28.942756653 -7.225819111 14.413782120 -0.014249513 0.437175214 0.116893463 0.891633749
1403637158.138319 29.518217087 -7.233097076 14.219623566 -0.014249351 0.437559575 0.114751406 0.891723454
1403637158.188319 30.021520615 -7.256473541 14.003910065 -0.014788939 0.438088298 0.112706535 0.891715884
1403637158.238319 30.550540924 -7.284291744 13.827630997 -0.013134785 0.438992441 0.112520359 0.891320586
1403637158.288319 31.076763153 -7.311497688 13.609432220 -0.013655666 0.440658003 0.112927921 0.890438855
1403637158.338319 31.560283661 -7.340989113 13.394851685 -0.013268284 0.444377095 0.113638148 0.888503969
1403637158.388319 32.091842651 -7.390522480 13.194007874 -0.011957454 0.448887974 0.116727777 0.885850668
1403637158.438319 32.576629639 -7.425465107 12.967619896 -0.010883498 0.454900473 0.119092405 0.882476211
1403637158.488319 33.089057922 -7.453930378 12.721012115 -0.008597340 0.461321265 0.123219609 0.878593087
1403637158.538319 33.645816803 -7.448796749 12.476013184 -0.005804590 0.468240201 0.128549308 0.874181032
1403637158.588319 34.094047546 -7.413834095 12.254207611 -0.002793009 0.475909561 0.135496885 0.868989587
1403637158.638319 34.613597870 -7.362345219 12.011245728 -0.000287996 0.484004110 0.142104775 0.863450170
1403637158.688319 35.114109039 -7.310084820 11.735828400 0.001892503 0.493411303 0.146956742 0.857289612
1403637158.738319 35.600883484 -7.248734474 11.436126709 0.002532926 0.502954483 0.151492044 0.850929260
1403637158.788319 36.107398987 -7.153851986 11.166986465 0.001782833 0.511804402 0.154684618 0.845059633
1403637158.838319 36.631107330 -7.010638237 10.915542603 -0.001562679 0.519545674 0.156989947 0.839895308
1403637158.888319 37.105010986 -6.889533997 10.590354919 -0.003213285 0.525408983 0.159639537 0.835733414
1403637158.938319 37.581195831 -6.803021431 10.295884132 -0.007511628 0.531697035 0.157765895 0.832076788
1403637158.988319 38.086280823 -6.683202267 9.970082283 -0.011842610 0.536262989 0.157170728 0.829203963
1403637159.038319 38.675628662 -6.635939121 9.474348068 -0.016066246 0.539310277 0.156360403 0.827307582
1403637159.088319 39.194900513 -6.569138050 9.134109497 -0.017322065 0.541488051 0.156513780 0.825829387
1403637159.138319 39.671211243 -6.502559662 8.805418968 -0.016425578 0.542587280 0.157954186 0.824851394
1403637159.188319 40.149818420 -6.445895672 8.444824219 -0.013707753 0.542272389 0.161159128 0.824488103
1403637159.238319 40.654087067 -6.355803967 8.116462708 -0.011070143 0.541509449 0.164087132 0.824451625
1403637159.288319 41.146488190 -6.260048866 7.741432190 -0.009380856 0.540213466 0.166745365 0.824789405
1403637159.338319 41.655044556 -6.148938179 7.391309738 -0.008157902 0.538964510 0.168824598 0.825196385
1403637159.388319 42.124195099 -6.025869846 7.031936646 -0.007660007 0.537886500 0.169812962 0.825701594
1403637159.438319 42.630378723 -5.896962643 6.681431770 -0.008056652 0.537136972 0.168899417 0.826372802
1403637159.488319 43.197380066 -5.728522778 6.222925186 -0.007617961 0.535904706 0.167964920 0.827366829
1403637159.538319 43.708854675 -5.579587936 5.863075256 -0.011568609 0.536198914 0.164115101 0.827902853
1403637159.588319 44.224746704 -5.417161465 5.477775574 -0.015223370 0.536090732 0.161346793 0.828457713
1403637159.638319 44.769470215 -5.210177422 5.078384399 -0.018994827 0.536218703 0.157663614 0.829005897
1403637159.688319 45.290550232 -5.044072151 4.676383018 -0.021149628 0.536119163 0.154689386 0.829578280
1403637159.738319 45.849151611 -4.933387756 4.291500092 -0.023588309 0.536540270 0.151528895 0.829823554
1403637159.788319 46.379951477 -4.801818848 3.898488045 -0.023946187 0.536542773 0.149597630 0.830161989
1403637159.838319 46.899131775 -4.669090271 3.487148285 -0.023943434 0.537694454 0.147442520 0.829802454
1403637159.888319 47.446575165 -4.588559151 3.094882965 -0.025147660 0.540742636 0.146498412 0.827951193
1403637159.938319 47.976844788 -4.477171898 2.724276543 -0.025235636 0.545369506 0.149160683 0.824430943
1403637159.988319 48.518165588 -4.359901428 2.330549240 -0.025734033 0.551664174 0.151308700 0.819823205
1403637160.038319 49.079822540 -4.267071724 1.902435303 -0.022720901 0.559018314 0.154062495 0.814399779
1403637160.088319 49.655300140 -4.216122627 1.492567062 -0.018562613 0.566819310 0.157174677 0.808497012
1403637160.138319 50.229354858 -4.093663216 1.129014015 -0.013057763 0.575663984 0.160525411 0.801668346
1403637160.188319 50.807357788 -4.008836746 0.776115417 -0.009936437 0.585693955 0.163519248 0.793804348
1403637160.238319 51.337051392 -3.823710442 0.309172630 -0.008209532 0.595930338 0.165648922 0.785722613
1403637160.288319 51.884223938 -3.664031982 -0.104187012 -0.006267532 0.606540918 0.169231862 0.776807129
1403637160.338319 52.429141998 -3.425313950 -0.485316277 -0.004839434 0.618307531 0.172127098 0.766840637
1403637160.388319 52.987384796 -3.264216423 -0.835883141 -0.003804815 0.630172074 0.176832318 0.756041646
1403637160.438319 53.529506683 -3.095754623 -1.287037849 -0.004967338 0.642265558 0.180027142 0.745023787
1403637160.488319 54.103008270 -3.001827240 -1.794685364 -0.008169332 0.654126942 0.183241233 0.733807743
1403637160.538319 54.629455566 -2.688813210 -2.018422127 -0.010393873 0.667914808 0.186053291 0.720531702
1403637160.588319 55.136028290 -2.450301170 -2.426497221 -0.011332852 0.679945052 0.189194843 0.708344281
1403637160.638319 55.673370361 -2.211152077 -2.859925032 -0.014182359 0.691294312 0.192012966 0.696449578
1403637160.688319 56.171356201 -1.928054810 -3.258811951 -0.016090762 0.700205266 0.195689306 0.686410487
1403637160.738319 56.715148926 -1.759963989 -3.610599995 -0.019099837 0.707364261 0.200518578 0.677542090
1403637160.788319 57.244785309 -1.577278137 -3.969467402 -0.022383699 0.713451803 0.203278601 0.670196474
1403637160.838319 57.754375458 -1.371553421 -4.348701477 -0.023346102 0.717978537 0.205355868 0.664673388
1403637160.888319 58.260299683 -1.193693161 -4.753852367 -0.023570100 0.721020281 0.208172530 0.660483420
1403637160.938319 58.787239075 -1.083255768 -5.072353840 -0.024804920 0.723370850 0.211539119 0.656787992
1403637160.988319 59.320850372 -1.002511978 -5.403072357 -0.024050295 0.724546194 0.215493277 0.654230058
1403637161.038319 59.841011047 -0.969501495 -5.755921364 -0.022583656 0.724583030 0.220052570 0.652722239
1403637161.088319 60.346973419 -0.916833878 -6.123470783 -0.018570937 0.724463522 0.223669350 0.651751280
1403637161.138319 60.900901794 -0.965921402 -6.504426003 -0.013309147 0.723778188 0.227531955 0.651304185
1403637161.188319 61.464256287 -1.041936874 -6.810258865 -0.004966139 0.722768724 0.232473046 0.650797307
1403637161.238319 62.009254456 -1.097869873 -7.246491432 0.005759613 0.721508026 0.235498831 0.651101589
1403637161.288319 62.564727783 -1.179182053 -7.633543968 0.014122329 0.719913423 0.239387736 0.651320755
1403637161.338319 63.116561890 -1.279827118 -8.013749123 0.019242609 0.719160438 0.241070867 0.651400685
1403637161.388319 63.653095245 -1.326604843 -8.495156288 0.019554812 0.719249308 0.239613414 0.651830852
1403637161.438319 64.190956116 -1.404905319 -8.929877281 0.015812973 0.721310258 0.236641422 0.650739849
1403637161.488319 64.734031677 -1.500919342 -9.438005447 0.013624582 0.723712742 0.234641701 0.648843229
1403637161.538319 65.246253967 -1.572538376 -9.983118057 0.010151742 0.726660788 0.234509140 0.645651937
1403637161.588319 65.769294739 -1.629302979 -10.506210327 0.009226593 0.730823219 0.234030962 0.641125441
1403637161.638319 66.269836426 -1.659345627 -11.068470955 0.008545666 0.734944344 0.233478919 0.636609256
1403637161.688319 66.826225281 -1.715169907 -11.593099594 0.009419337 0.739798903 0.231464162 0.631690741
1403637161.738319 67.356323242 -1.763286591 -12.138969421 0.011026993 0.744739830 0.227308035 0.627353191
1403637161.788319 67.883689880 -1.795640945 -12.675125122 0.013347261 0.750490785 0.219670251 0.623161614
1403637161.838319 68.382583618 -1.808841705 -13.298048019 0.017762221 0.755834818 0.211045146 0.619562924
1403637161.888319 68.906150818 -1.810791016 -13.791529655 0.021228593 0.761952519 0.202019393 0.614951968
1403637161.938319 69.356079102 -1.787534714 -14.449962616 0.026930319 0.766038597 0.194299638 0.612133324
1403637161.988319 69.785171509 -1.742313385 -15.032430649 0.031269476 0.769795895 0.186912030 0.609508336
1403637162.038319 70.235816956 -1.733428955 -15.436601639 0.034648143 0.773888469 0.180771559 0.605985045
1403637162.088319 70.621887207 -1.654394150 -16.118055344 0.037438530 0.775196195 0.178455010 0.604833007
1403637162.138319 71.012199402 -1.575675964 -16.645748138 0.040597036 0.776036501 0.178268239 0.603605509
1403637162.188319 71.322845459 -1.476325989 -17.142131805 0.043874543 0.775159776 0.182423219 0.603261232
1403637162.238319 71.624534607 -1.332515717 -17.636730194 0.046461031 0.773328006 0.188940674 0.603412449
1403637162.288319 71.881919861 -1.221990585 -18.094825745 0.048233084 0.771567643 0.195050269 0.603582978
1403637162.338319 72.141357422 -1.076911926 -18.577375412 0.048142944 0.769910932 0.200001583 0.604085088
1403637162.388319 72.359664917 -0.906888962 -19.080213547 0.049700297 0.767585218 0.205731943 0.604993582
1403637162.438319 72.544250488 -0.729879379 -19.560214996 0.050705660 0.764887512 0.212763771 0.605894089
1403637162.488319 72.712989807 -0.540107727 -20.059196472 0.044353135 0.762534082 0.220247716 0.606684029
1403637162.538319 72.850212097 -0.349815369 -20.573709488 0.036167014 0.761174977 0.224647433 0.607320428
1403637162.588319 72.979354858 -0.184932709 -21.074932098 0.030589104 0.761229277 0.224850595 0.607483685
1403637162.638319 73.082939148 -0.062913895 -21.680362701 0.028068474 0.762257397 0.220332026 0.607971787
1403637162.688319 73.210807800 0.013154984 -22.286392212 0.032738909 0.764444530 0.214007661 0.607250750
1403637162.738319 73.257530212 0.106283188 -22.870317459 0.042672358 0.767613351 0.207326308 0.604950070
1403637162.788319 73.328559875 0.264314651 -23.429513931 0.050730832 0.772166729 0.202147976 0.600267589
1403637162.838319 73.373847961 0.426950455 -24.038440704 0.052887246 0.777558029 0.200041309 0.593792856
1403637162.888319 73.365226746 0.594909668 -24.638389587 0.054142401 0.783953071 0.198603421 0.585698664
1403637162.938319 73.361816406 0.781120300 -25.180952072 0.052790925 0.792072833 0.197341427 0.575230479
1403637162.988319 73.286727905 0.935604095 -25.796115875 0.049684823 0.800034940 0.197601378 0.564295352
1403637163.038319 73.221466064 1.159822464 -26.371784210 0.047031112 0.808858573 0.198089227 0.551630735
1403637163.088319 73.125785828 1.398445129 -26.963396072 0.044478383 0.818197966 0.199282125 0.537457347
1403637163.138319 73.018592834 1.645833969 -27.527776718 0.041496437 0.828239083 0.199888185 0.521864653
1403637163.188319 72.780174255 1.954460144 -28.108421326 0.040059995 0.837759078 0.200884715 0.506162345
1403637163.238319 72.696533203 2.173677444 -28.630321503 0.038047802 0.847955883 0.202178493 0.488515109
1403637163.288319 72.508613586 2.507486343 -29.169614792 0.037723444 0.856835723 0.203190625 0.472359061
1403637163.338319 72.301078796 2.719957352 -29.690824509 0.038555421 0.864765763 0.206428841 0.456158727
1403637163.388319 72.059127808 2.973918915 -30.191471100 0.040781751 0.871354222 0.210953295 0.441109240
1403637163.438319 71.801612854 3.292116165 -30.667797089 0.043639299 0.877002895 0.216389552 0.426775277
1403637163.488319 71.520202637 3.560735703 -31.152465820 0.046840370 0.881108463 0.223392040 0.414185733
1403637163.538319 71.240753174 3.777921677 -31.520034790 0.048092484 0.884422779 0.231779471 0.402196169
1403637163.588319 70.890197754 4.084747314 -32.025878906 0.050802976 0.885280788 0.241965607 0.393890440
1403637163.638319 70.557601929 4.313852310 -32.400863647 0.050535996 0.885858774 0.253067523 0.385560811
1403637163.688319 70.173759460 4.528747559 -32.859428406 0.051845528 0.885710895 0.261829734 0.379833430
1403637163.738319 69.756439209 4.703662872 -33.317749023 0.053600233 0.884623826 0.271720469 0.375147581
1403637163.788319 69.345581055 4.879255295 -33.756790161 0.054348480 0.884512126 0.277066559 0.371374071
1403637163.838319 68.922546387 5.007068634 -34.224372864 0.056958139 0.883737803 0.282578140 0.368663609
1403637163.888319 68.472473145 5.113933563 -34.677619934 0.061654631 0.883165777 0.286343694 0.366366148
1403637163.938319 68.005599976 5.228452682 -35.228652954 0.065989852 0.883054018 0.286930203 0.365420282
1403637163.988319 67.487243652 5.319143295 -35.771625519 0.069258571 0.883368731 0.286363691 0.364497989
1403637164.038319 66.987373352 5.376096725 -36.307708740 0.069540180 0.884007454 0.285109669 0.363878399
1403637164.088319 66.448059082 5.454668045 -36.932262421 0.070089653 0.884664774 0.282211840 0.364433974
1403637164.138319 65.893814087 5.497045517 -37.526172638 0.069323421 0.885529816 0.278872699 0.365049541
1403637164.188319 65.310806274 5.533773422 -38.141811371 0.067599200 0.886454284 0.275345773 0.365805745
1403637164.238319 64.703575134 5.607244492 -38.777061462 0.064247519 0.886911213 0.272632867 0.367330968
1403637164.288319 64.089782715 5.651586533 -39.403244019 0.058025420 0.888276279 0.268147349 0.368368417
1403637164.338319 63.430076599 5.697820663 -40.076183319 0.051222187 0.888429344 0.266277522 0.370359063
1403637164.388319 62.801910400 5.748046875 -40.704624176 0.047374535 0.888114989 0.265897185 0.371895254
1403637164.438319 62.153282166 5.829776764 -41.329627991 0.043653056 0.887113690 0.267393649 0.373663336
1403637164.488319 61.466590881 5.952964783 -41.981651306 0.045011416 0.885162950 0.270123124 0.376156926
1403637164.538319 60.766628265 6.035568237 -42.658561707 0.049460016 0.882815838 0.273204565 0.378878832
1403637164.588319 60.092769623 6.148700714 -43.288661957 0.052319754 0.880922914 0.275845647 0.380981177
1403637164.638319 59.405464172 6.301027298 -43.918941498 0.054866042 0.879252374 0.277937472 0.382956594
1403637164.688319 58.687210083 6.499372482 -44.585689545 0.052808009 0.878524721 0.277844578 0.384977996
1403637164.738319 58.016899109 6.678581238 -45.169639587 0.047240283 0.879868150 0.273904741 0.385456264
1403637164.788319 57.282520294 6.918422699 -45.856262207 0.040765762 0.882410467 0.267203748 0.385087162
1403637164.838319 56.566352844 7.135019302 -46.548912048 0.036337722 0.885056078 0.261350334 0.383472711
1403637164.888319 55.821357727 7.363418579 -47.228069305 0.031645477 0.887999058 0.257183701 0.379885137
1403637164.938319 55.103775024 7.632095337 -47.893764496 0.028523561 0.890947938 0.254261255 0.375165910
1403637164.988319 54.374500275 7.857702255 -48.589759827 0.026832173 0.893391132 0.253861547 0.369711548
1403637165.038319 53.602760315 8.154493332 -49.256038666 0.025766425 0.896479547 0.252701193 0.363046288
1403637165.088319 52.892517090 8.402702332 -49.920661926 0.026353974 0.900086820 0.251671165 0.354698271
1403637165.138319 52.153541565 8.647327423 -50.573154449 0.028328527 0.904663980 0.248626575 0.344913661
1403637165.188319 51.400547028 8.930830002 -51.175792694 0.027103759 0.909189701 0.247147694 0.334002256
1403637165.238319 50.654869080 9.230852127 -51.776069641 0.027134525 0.913385749 0.247004434 0.322457701
1403637165.288319 49.872161865 9.488706589 -52.417293549 0.024920223 0.916705668 0.250082701 0.310625672
1403637165.338319 49.132686615 9.756931305 -53.035346985 0.023093551 0.919044435 0.255792648 0.298988611
1403637165.388319 48.336414337 9.980297089 -53.656028748 0.020449016 0.920335293 0.262918115 0.288857788
1403637165.438319 47.576393127 10.164331436 -54.224769592 0.019057630 0.921201766 0.270222187 0.279292017
1403637165.488319 46.755615234 10.379781723 -54.825458527 0.018833030 0.922105134 0.274380088 0.272181958
1403637165.538319 46.048553467 10.417934418 -55.418731689 0.014939932 0.923233747 0.278051287 0.264770985
1403637165.588319 45.251724243 10.515254974 -56.009338379 0.012540882 0.924085200 0.281015158 0.258727223
1403637165.638319 44.524612427 10.679134369 -56.606048584 0.005714271 0.925888836 0.280635387 0.252865493
1403637165.688319 43.795539856 10.814714432 -57.181632996 -0.001442259 0.927585542 0.279348940 0.248087063
1403637165.738319 43.114433289 10.918306351 -57.730060577 -0.008708206 0.928804815 0.278648406 0.244132787
1403637165.788319 42.375255585 11.067096710 -58.294425964 -0.016126441 0.929822087 0.277320296 0.241380006
1403637165.838319 41.693161011 11.207668304 -58.864570618 -0.023711899 0.930930912 0.275094509 0.239015594
1403637165.888319 41.008899689 11.418781281 -59.413776398 -0.029577726 0.931286395 0.273305207 0.239029497
1403637165.938319 40.373252869 11.528530121 -59.935546875 -0.035928756 0.931179523 0.271617591 0.240494713
1403637165.988319 39.796707153 11.706211090 -60.433658600 -0.042533752 0.930552125 0.269726574 0.243949085
1403637166.038319 39.190826416 11.899961472 -60.911533356 -0.046717022 0.929599404 0.267806977 0.248881325
1403637166.088319 38.625869751 12.126176834 -61.373672485 -0.051704131 0.928604424 0.266109586 0.253389508
1403637166.138319 38.165985107 12.346040726 -61.769676208 -0.054880690 0.927764475 0.264731973 0.257212281
1403637166.188319 37.689994812 12.639957428 -62.166400909 -0.057001460 0.926871240 0.263503730 0.261201888
1403637166.238319 37.304378510 12.936687469 -62.498874664 -0.055564817 0.926750064 0.260295093 0.265128881
1403637166.288319 36.871646881 13.230632782 -62.872879028 -0.050706383 0.927084625 0.255687118 0.269382805
1403637166.338319 36.516029358 13.492887497 -63.184257507 -0.044512607 0.929086804 0.244727701 0.273723781
1403637166.388319 36.147087097 13.718612671 -63.514202118 -0.035214275 0.931675375 0.229479596 0.279428124
1403637166.438319 35.872627258 13.959943771 -63.785610199 -0.026509395 0.933418810 0.216315001 0.285016537
1403637166.488319 35.519412994 14.158792496 -64.052223206 -0.022288328 0.933649600 0.208788946 0.290187478
1403637166.538319 35.241310120 14.330456734 -64.258087158 -0.019603534 0.932892978 0.206377208 0.294507772
1403637166.588319 34.942787170 14.477196693 -64.430068970 -0.021381453 0.930846751 0.209951252 0.298307985
1403637166.638319 34.658073425 14.611323357 -64.561019897 -0.024939653 0.927765369 0.218779638 0.301272184
1403637166.688319 34.385013580 14.783184052 -64.662605286 -0.030881802 0.923554480 0.231874794 0.303854555
1403637166.738319 34.097385406 14.873506546 -64.733894348 -0.039909281 0.920248091 0.240731731 0.305939555
1403637166.788319 33.834762573 15.009761810 -64.816917419 -0.048342995 0.917665482 0.246582448 0.307814956
1403637166.838319 33.603176117 15.152326584 -64.860260010 -0.057212658 0.916252017 0.248007536 0.309356064
1403637166.888319 33.401672363 15.266181946 -64.867996216 -0.066487797 0.916034639 0.244827151 0.310675919
1403637166.938319 33.245296478 15.389087677 -64.852264404 -0.075201839 0.916353762 0.239484146 0.311909884
1403637166.988319 33.112571716 15.505973816 -64.816513062 -0.082024917 0.917679071 0.230883166 0.312777907
1403637167.038319 33.029308319 15.586452484 -64.741546631 -0.088878475 0.918795943 0.222655103 0.313590884
1403637167.088319 32.988262177 15.624525070 -64.634529114 -0.094492622 0.919798791 0.214233935 0.314873159
1403637167.138319 32.982677460 15.638637543 -64.490539551 -0.099191189 0.920970559 0.205933034 0.315540671
1403637167.188319 33.088951111 15.574221611 -64.272720337 -0.102384612 0.922133863 0.198172286 0.316092193
1403637167.238319 33.169464111 15.489505768 -64.035079956 -0.104769677 0.922894835 0.193078950 0.316241920
1403637167.288319 33.333480835 15.393222809 -63.742095947 -0.105832309 0.923325002 0.190922350 0.315941542
1403637167.338319 33.498886108 15.265113831 -63.392890930 -0.105149589 0.923270524 0.192697152 0.315250486
1403637167.388319 33.726863861 15.122695923 -62.972282410 -0.102485016 0.922634542 0.198521361 0.314374954
1403637167.438319 34.017803192 15.018632889 -62.541442871 -0.093687914 0.921029270 0.209514529 0.314692408
1403637167.488319 34.294883728 14.806562424 -62.082725525 -0.079207934 0.919091105 0.221383184 0.316207409
1403637167.538319 34.641311646 14.624906540 -61.532760620 -0.062493101 0.916717291 0.234565660 0.317337304
1403637167.588319 34.944671631 14.505073547 -60.993164062 -0.045326822 0.914447010 0.244969711 0.318938911
1403637167.638319 35.294445038 14.378570557 -60.435958862 -0.029022083 0.912288129 0.253060043 0.320700318
1403637167.688319 35.733196259 14.232503891 -59.819194794 -0.017911395 0.910305798 0.258749276 0.322600961
1403637167.738319 36.105964661 14.097908020 -59.248123169 -0.011992908 0.907752395 0.263623983 0.326104403
1403637167.788319 36.534320831 14.008430481 -58.622512817 -0.009158405 0.904927731 0.268199652 0.330289185
1403637167.838319 36.921146393 13.948141098 -58.041603088 -0.008525216 0.901476026 0.272398978 0.336254448
1403637167.888319 37.349468231 13.853122711 -57.434913635 -0.010644492 0.898020208 0.276526928 0.342022330
1403637167.938319 37.760776520 13.787630081 -56.867206573 -0.014136805 0.895336628 0.278536916 0.347260296
1403637167.988319 38.148159027 13.678037643 -56.312522888 -0.020498557 0.893681347 0.277304351 0.352158636
1403637168.038319 38.570671082 13.569196701 -55.749118805 -0.025748555 0.892724872 0.274601728 0.356333047
1403637168.088319 38.910335541 13.460754395 -55.289577484 -0.027436158 0.891269207 0.273201108 0.360898256
1403637168.138319 39.370174408 13.348716736 -54.756656647 -0.024451829 0.889202595 0.275310338 0.364588886
1403637168.188319 39.846923828 13.232154846 -54.208160400 -0.021968966 0.887880683 0.276153892 0.367320389
1403637168.238319 40.286445618 13.199689865 -53.678546906 -0.019292276 0.887724221 0.273332000 0.369950175
1403637168.288319 40.784969330 13.204374313 -53.122573853 -0.018370679 0.888227284 0.269488931 0.371605396
1403637168.338319 41.271682739 13.212749481 -52.562110901 -0.017577250 0.889518082 0.263732493 0.372684598
1403637168.388319 41.745765686 13.275489807 -52.015174866 -0.016156740 0.891552806 0.255324394 0.373740405
1403637168.438319 42.245697021 13.361856461 -51.468212128 -0.014793145 0.893373430 0.247618929 0.374633074
1403637168.488319 42.768074036 13.404681206 -50.884994507 -0.010018870 0.894726753 0.241916850 0.375286430
1403637168.538319 43.198638916 13.538442612 -50.401931763 -0.006141775 0.894932151 0.239581957 0.376376390
1403637168.588319 43.687107086 13.622951508 -49.827136993 -0.004064913 0.893803775 0.242509916 0.377209783
1403637168.638319 44.248157501 13.727923393 -49.178050995 -0.004051638 0.892991900 0.245601133 0.377132714
1403637168.688319 44.667716980 13.736994743 -48.659484863 -0.006290896 0.891983986 0.249061316 0.377218068
1403637168.738319 45.158573151 13.765296936 -48.080963135 -0.008862466 0.891257644 0.251722246 0.377116829
1403637168.788319 45.636734009 13.752930641 -47.496803284 -0.008068129 0.890529513 0.254946589 0.376688570
1403637168.838319 46.078769684 13.774477005 -46.942104340 -0.011558426 0.890745044 0.255060941 0.376010031
1403637168.888319 46.570247650 13.738847733 -46.382980347 -0.014589198 0.890692115 0.255465627 0.375755280
1403637168.938319 47.053161621 13.753955841 -45.817821503 -0.018384544 0.891060054 0.255273074 0.374846131
1403637168.988319 47.522239685 13.735591888 -45.235340118 -0.020428600 0.891260087 0.255308956 0.374239773
1403637169.038319 48.006652832 13.760692596 -44.665542603 -0.024494346 0.892134964 0.253419012 0.373194367
1403637169.088319 48.505176544 13.770959854 -44.118724823 -0.029637869 0.892450511 0.251436949 0.373407334
1403637169.138319 49.017101288 13.755102158 -43.519973755 -0.031044634 0.892326415 0.249065325 0.375174850
1403637169.188319 49.529701233 13.689441681 -42.917449951 -0.032852493 0.891577423 0.245561287 0.379091144
1403637169.238319 50.065055847 13.630930901 -42.267799377 -0.033162683 0.890106559 0.241734207 0.384935170
1403637169.288319 50.614395142 13.552761078 -41.673683167 -0.031618897 0.887418330 0.238223106 0.393368363
1403637169.338319 51.193683624 13.379426003 -41.043880463 -0.029816153 0.884022772 0.235242978 0.402834356
1403637169.388319 51.737186432 13.210802078 -40.418807983 -0.028176736 0.879947364 0.231847256 0.413697392
1403637169.438319 52.298297882 13.098479271 -39.797721863 -0.028112244 0.875263512 0.227512777 0.425865501
1403637169.488319 52.836326599 12.818725586 -39.188938141 -0.027315844 0.869602382 0.224276245 0.439028203
1403637169.538319 53.474853516 12.582256317 -38.467639923 -0.028791415 0.864157081 0.218055770 0.452609390
1403637169.588319 53.972587585 12.443145752 -37.819618225 -0.028240293 0.857657373 0.210700706 0.468221664
1403637169.638319 54.570968628 12.178591728 -37.163368225 -0.031096831 0.850942194 0.202502251 0.483656108
1403637169.688319 55.044303894 12.008859634 -36.390148163 -0.030327372 0.843749762 0.195576757 0.498915136
1403637169.738319 55.553485870 11.686895370 -35.712165833 -0.031089136 0.834895968 0.191634670 0.515032530
1403637169.788319 56.108963013 11.475844383 -34.961330414 -0.031249175 0.826405644 0.187525734 0.530010641
1403637169.838319 56.564224243 11.237206459 -34.277496338 -0.030903792 0.817399859 0.183518186 0.545182228
1403637169.888319 57.136238098 11.117100716 -33.419918060 -0.034162451 0.810660779 0.176838636 0.557126701
1403637169.938319 57.707763672 10.858653069 -32.545883179 -0.035811663 0.803585768 0.171796620 0.568729579
1403637169.988319 58.204753876 10.781423569 -31.702236176 -0.037825048 0.796806157 0.164272502 0.580244601
1403637170.038319 58.669540405 10.568404198 -30.891456604 -0.039506160 0.789272010 0.160559952 0.591362357
1403637170.088319 59.199935913 10.480546951 -30.068222046 -0.040223628 0.781188488 0.156945676 0.602905214
1403637170.138319 59.550376892 10.277042389 -29.121128082 -0.039450463 0.773812175 0.153290600 0.613319159
1403637170.188319 60.049434662 10.148237228 -28.178544998 -0.038481500 0.766162217 0.148654461 0.624032438
1403637170.238319 60.476860046 10.062972069 -27.253154755 -0.038241036 0.758248031 0.143373191 0.634855628
1403637170.288319 60.916816711 9.920392990 -26.261512756 -0.039398454 0.750510514 0.138237044 0.645036638
1403637170.338319 61.287780762 9.719818115 -25.326957703 -0.036836695 0.741255462 0.134453207 0.656586409
1403637170.388319 61.778659821 9.586828232 -24.260190964 -0.029824108 0.731013656 0.133076042 0.668595731
1403637170.438319 62.186302185 9.515535355 -23.251129150 -0.019136440 0.719691575 0.131477609 0.681462705
1403637170.488319 62.550132751 9.424570084 -22.173040390 -0.006730064 0.707797110 0.129756942 0.694363713
1403637170.538319 62.912128448 9.207003593 -21.183477402 0.004330149 0.695350230 0.128126323 0.707144201
1403637170.588319 63.244369507 9.060607910 -20.045040131 0.015491795 0.683861971 0.123777032 0.718868613
1403637170.638319 63.604888916 9.007562637 -18.905321121 0.025282374 0.671658278 0.119198292 0.730771959
1403637170.688319 63.856140137 8.913583755 -17.809305191 0.033549406 0.659522772 0.112912811 0.742398024
1403637170.738319 64.124786377 8.895621300 -16.725814819 0.038997062 0.647074819 0.107006826 0.753871977
1403637170.788319 64.279991150 8.892229080 -15.704281807 0.043171465 0.632583976 0.103934214 0.766271114
1403637170.838319 64.461967468 8.853613853 -14.873382568 0.040322691 0.617172360 0.103356279 0.778967142
1403637170.888319 64.545074463 8.817078590 -13.870944023 0.038600832 0.601937294 0.100861415 0.791206956
1403637170.938319 64.502494812 8.809911728 -13.017524719 0.034528844 0.585871696 0.098652765 0.803635359
1403637170.988319 64.572517395 8.325471878 -11.890001297 0.026958590 0.571186244 0.099111684 0.814368725
1403637171.038319 64.604255676 8.032735825 -10.852416992 0.023308391 0.556030214 0.098651804 0.824957550
1403637171.088319 64.521476746 8.024286270 -9.931838989 0.022731319 0.540109158 0.098988727 0.835443974
1403637171.138319 64.328834534 7.836382389 -9.061378479 0.018869665 0.526795268 0.098218560 0.844087541
1403637171.188319 64.192619324 7.756918430 -8.036584854 0.018265683 0.516137183 0.096292712 0.850879848
1403637171.238319 64.003349304 7.455430031 -7.241895676 0.018505331 0.505606294 0.095976129 0.857209682
1403637171.288319 63.969890594 7.135313034 -6.362646103 0.018841000 0.497524619 0.092998035 0.862244546
1403637171.338319 63.722263336 7.193917751 -5.529512405 0.022296680 0.492010832 0.087612674 0.865882337
1403637171.388319 63.518695831 6.963646889 -4.699230194 0.021049790 0.488670737 0.081156269 0.868430495
1403637171.438319 63.303703308 6.856454849 -3.976596832 0.019912641 0.486443847 0.073336802 0.870400786
1403637171.488319 63.063621521 6.638391018 -3.305398941 0.017778026 0.484107494 0.069045931 0.872098923
1403637171.538319 62.789207458 6.269766808 -2.551958084 0.014403501 0.483233213 0.066383936 0.872852445
1403637171.588319 62.463081360 6.125457764 -1.895845413 0.013298089 0.482496262 0.063778691 0.873471677
1403637171.638319 62.131591797 5.956340790 -1.206047058 0.012010714 0.483546019 0.059879988 0.873185754
1403637171.688319 61.768997192 5.746865749 -0.600475311 0.010706106 0.483967990 0.057750110 0.873112440
1403637171.738319 61.391563416 5.599061966 0.073280334 0.011196585 0.485707343 0.055918038 0.872259259
1403637171.788319 61.007591248 5.352472305 0.696865082 0.009766405 0.487530053 0.054147851 0.871370792
1403637171.838319 60.541366577 5.239093304 1.417135239 0.009994002 0.490727931 0.051712483 0.869719565
1403637171.888319 60.069702148 5.106301308 2.064849854 0.010650102 0.493147939 0.050390806 0.868419528
1403637171.938319 59.581474304 4.958077431 2.662719727 0.010527777 0.494836271 0.050152112 0.867473960
1403637171.988319 59.032932281 4.795690536 3.317764282 0.011181120 0.497151196 0.049660124 0.866169453
1403637172.038319 58.464607239 4.759119987 3.980188370 0.012251077 0.499536604 0.049337003 0.864799976
1403637172.088319 57.867828369 4.683006287 4.621145248 0.013284271 0.501407385 0.049009535 0.863720059
1403637172.138319 57.230285645 4.583333015 5.217605591 0.013696154 0.501745284 0.053346686 0.863260210
1403637172.188319 56.530838013 4.636227131 5.980627060 0.016901065 0.502006829 0.061415393 0.862514734
1403637172.238319 55.850563049 4.500184536 6.575214386 0.014661184 0.499273956 0.074691042 0.863094330
1403637172.288319 55.143466949 4.434620857 7.178894043 0.013594083 0.496285915 0.088743687 0.863504469
1403637172.338319 54.387443542 4.338241577 7.733173370 0.012546871 0.493803740 0.101064138 0.863589287
1403637172.388319 53.647178650 4.228384972 8.288078308 0.012476567 0.491480887 0.112401828 0.863514125
1403637172.438319 52.874706268 4.060256004 8.813755035 0.012375649 0.490051478 0.122265548 0.862987518
1403637172.488319 52.132064819 3.969341278 9.310775757 0.013739503 0.488096952 0.131769344 0.862675726
1403637172.538319 51.351234436 3.799038410 9.746099472 0.014975388 0.487340510 0.137819827 0.862137258
1403637172.588319 50.571792603 3.617870808 10.195873260 0.015430478 0.487528771 0.142344400 0.861287236
1403637172.638319 49.831035614 3.406033039 10.587583542 0.015937695 0.487450153 0.146346360 0.860651553
1403637172.688319 49.072731018 3.238839149 10.966565132 0.015681885 0.487240285 0.150710180 0.860021770
1403637172.738319 48.331901550 3.071412563 11.312535286 0.014903728 0.487855136 0.153990701 0.859105408
1403637172.788319 47.587409973 2.898191452 11.610683441 0.011502127 0.489479870 0.158633441 0.857387066
1403637172.838319 46.883647919 2.699665070 11.869081497 0.004963746 0.491371840 0.166375637 0.854896605
1403637172.888319 46.187038422 2.504498482 12.119498253 -0.005379649 0.494431406 0.175041914 0.851392329
1403637172.938319 45.432502747 2.342517853 12.424999237 -0.016736483 0.497498691 0.184736118 0.847400546
1403637172.988319 44.826515198 2.201478004 12.631807327 -0.026961312 0.500275016 0.193807587 0.843467116
1403637173.038319 44.171463013 2.137056351 12.840450287 -0.035551175 0.502643585 0.202351376 0.839725912
1403637173.088319 43.605812073 2.166911125 13.063117981 -0.040715389 0.506963491 0.207600027 0.835603118
1403637173.138319 43.104831696 2.191681862 13.269636154 -0.044442691 0.511903644 0.214686453 0.830595791
1403637173.188319 42.611515045 2.244310379 13.470874786 -0.045135066 0.518444419 0.221272752 0.824752569
1403637173.238319 42.181575775 2.299899101 13.663164139 -0.043475356 0.527496636 0.224915922 0.818089426
1403637173.288319 41.805145264 2.369577408 13.842252731 -0.038611379 0.537864029 0.227390051 0.810867071
1403637173.338319 41.522159576 2.487788200 13.902826309 -0.033233669 0.549431860 0.226145133 0.803665698
1403637173.388319 41.215167999 2.567856789 14.021812439 -0.027406245 0.560437143 0.227172241 0.795959711
1403637173.438319 40.921855927 2.637310028 14.138130188 -0.022207182 0.571455956 0.228307933 0.787921548
1403637173.488319 40.576919556 2.664408684 14.316329956 -0.017592562 0.582528770 0.230594426 0.779215753
1403637173.538319 40.491764069 2.847738266 14.289924622 -0.012931203 0.591982484 0.232048199 0.771714449
1403637173.588319 40.299320221 2.984866142 14.321924210 -0.008215993 0.600838721 0.236569494 0.763518333
1403637173.638319 40.148624420 3.106073380 14.363743782 -0.003069125 0.608501434 0.243867069 0.755145907
1403637173.688319 40.009532928 3.255721092 14.357260704 0.001290465 0.615243256 0.251903683 0.747006416
1403637173.738319 39.894485474 3.425451279 14.356204987 0.004109810 0.621479392 0.261011928 0.738660455
1403637173.788319 39.811721802 3.567949295 14.308263779 0.004185396 0.627500772 0.270044506 0.730274796
1403637173.838319 39.735565186 3.758068085 14.221795082 0.002949286 0.632405162 0.280844420 0.721928954
1403637173.888319 39.702064514 3.998421669 14.100059509 -0.001266307 0.637122631 0.289581388 0.714293897
1403637173.938319 39.738655090 4.228493690 13.916470528 -0.009778182 0.642522454 0.292357713 0.708234668
1403637173.988319 39.791305542 4.409174919 13.720026016 -0.017465327 0.650376320 0.287358880 0.702944100
1403637174.038319 39.851737976 4.540622711 13.472023010 -0.024520490 0.660238326 0.273442835 0.699080169
1403637174.088319 40.009128571 4.657206535 13.159412384 -0.024217419 0.669686615 0.257131398 0.696287870
1403637174.138319 40.228393555 4.752501488 12.802374840 -0.019497795 0.678404152 0.238744229 0.694542229
1403637174.188319 40.430271149 4.787946701 12.445125580 -0.010814547 0.685305774 0.223187298 0.693127990
1403637174.238319 40.638900757 4.807296753 12.061368942 -0.000715984 0.690125763 0.210499093 0.692398787
1403637174.288319 40.870136261 4.831352711 11.680444717 0.009713968 0.692878246 0.202971652 0.691829383
1403637174.338319 41.025543213 4.800870419 11.324088097 0.014607689 0.693531275 0.201612025 0.691486537
1403637174.388319 41.201923370 4.798005104 10.922903061 0.020863308 0.692869365 0.202413917 0.691755295
1403637174.438319 41.384147644 4.768538475 10.516917229 0.028566912 0.691553116 0.207023799 0.691432834
1403637174.488319 41.540946960 4.719991684 10.088429451 0.039236486 0.690224946 0.213068798 0.690399706
1403637174.538319 41.669284821 4.655826569 9.616953850 0.044235695 0.691023946 0.216456160 0.688241065
1403637174.588319 41.815383911 4.607501507 9.107878685 0.047665533 0.693430483 0.219966531 0.684468329
1403637174.638319 41.944507599 4.565538406 8.603387833 0.045864668 0.699545801 0.218339652 0.678866625
1403637174.688319 42.074275970 4.557785034 8.044946671 0.044711586 0.708095431 0.213865891 0.671463370
1403637174.738319 42.140583038 4.524885178 7.480885983 0.042419825 0.718176126 0.209049121 0.662361026
1403637174.788319 42.233898163 4.542613983 6.907274246 0.040266789 0.728996992 0.203793094 0.652234852
1403637174.838319 42.303836823 4.589792728 6.356621742 0.036820244 0.738458514 0.204583004 0.641458571
1403637174.888319 42.382102966 4.665156364 5.824087143 0.033995323 0.746515274 0.211551458 0.629924774
1403637174.938319 42.391689301 4.698253632 5.192419529 0.031258754 0.753780365 0.219829187 0.618476450
1403637174.988319 42.436180115 4.794580460 4.604160786 0.028931035 0.761465073 0.225423753 0.607056856
1403637175.038319 42.525672913 4.954086781 4.034125805 0.028914463 0.768254340 0.229959816 0.596714079
1403637175.088319 42.536712646 5.044054985 3.441861153 0.030676512 0.775161624 0.230276376 0.587499917
1403637175.138319 42.465000153 5.106349945 2.740177155 0.034546226 0.781037748 0.228924274 0.579982877
1403637175.188319 42.435348511 5.201116085 2.147459030 0.041239288 0.786514938 0.226783589 0.572942197
1403637175.238319 42.443805695 5.356708527 1.559722900 0.049159586 0.791763961 0.222958550 0.566553235
1403637175.288319 42.439083099 5.500837803 0.965813637 0.055750098 0.796665609 0.217607379 0.561126351
1403637175.338319 42.361698151 5.654775620 0.309088707 0.059885897 0.800913274 0.211899266 0.556821704
1403637175.388319 42.212528229 5.786765575 -0.313437462 0.062774904 0.804118097 0.207684353 0.553462267
1403637175.438319 42.081756592 5.953094482 -0.931201935 0.065180942 0.804950774 0.208954215 0.551492274
1403637175.488319 41.917797089 6.153059483 -1.555802345 0.066089742 0.804398000 0.213898316 0.550293863
1403637175.538319 41.728347778 6.349660397 -2.156109810 0.066135891 0.802730858 0.221251294 0.549815357
1403637175.588319 41.545700073 6.576763153 -2.652291298 0.065004371 0.800998390 0.228696376 0.549430609
1403637175.638319 41.326385498 6.824569225 -3.243079185 0.061051507 0.798723400 0.236753434 0.549783051
1403637175.688319 41.041835785 7.056033134 -3.883286953 0.058341801 0.796774924 0.242322579 0.550477743
1403637175.738319 40.757740021 7.231047630 -4.507156372 0.056717131 0.795137286 0.246671155 0.551083684
1403637175.788319 40.417152405 7.429660797 -5.225674629 0.052967340 0.794394195 0.247843146 0.552001953
1403637175.838319 40.080074310 7.619353294 -5.928108692 0.048868649 0.794742525 0.245778471 0.552801073
1403637175.888319 39.782844543 7.802371025 -6.621500492 0.042489182 0.796377063 0.241404578 0.552903354
1403637175.938319 39.457138062 7.931245804 -7.333111763 0.037423551 0.798314631 0.235029995 0.553221583
1403637175.988319 39.064731598 8.072319984 -8.089898109 0.035925578 0.799914241 0.228034645 0.553937435
1403637176.038319 38.674541473 8.189801216 -8.943481445 0.039092641 0.800435662 0.222652331 0.555158079
1403637176.088319 38.275943756 8.289463043 -9.709423065 0.042229962 0.801240027 0.216758221 0.556099832
1403637176.138319 37.855636597 8.364501953 -10.439254761 0.042611919 0.802417040 0.210264698 0.556866050
1403637176.188319 37.394332886 8.496533394 -11.314164162 0.044582561 0.802331924 0.205438241 0.558633089
1403637176.238319 36.966903687 8.590347290 -12.032596588 0.044950441 0.803454697 0.201287597 0.558501184
1403637176.288319 36.495346069 8.700852394 -12.753084183 0.045321837 0.804669738 0.199745670 0.557274103
1403637176.338319 36.008434296 8.865802765 -13.503309250 0.046150364 0.805631995 0.199523449 0.555893719
1403637176.388319 35.473262787 9.076972008 -14.283058167 0.044949807 0.806442976 0.199127540 0.554957390
1403637176.438319 34.950748444 9.189635277 -14.988543510 0.042754799 0.806890965 0.201978177 0.553447366
1403637176.488319 34.402881622 9.395181656 -15.727091789 0.037556484 0.808580577 0.203985065 0.550615311
1403637176.538319 33.854911804 9.589864731 -16.440601349 0.034331605 0.810696959 0.207206219 0.546495736
1403637176.588319 33.252983093 9.784440994 -17.113704681 0.033315234 0.813028038 0.211777881 0.541318476
1403637176.638319 32.615829468 9.997140884 -17.883596420 0.031837855 0.815002739 0.217774034 0.536032856
1403637176.688319 32.028614044 10.225203514 -18.556266785 0.029839464 0.817138910 0.222886890 0.530768275
1403637176.738319 31.402599335 10.438100815 -19.251283646 0.028418023 0.818468273 0.228760317 0.526280165
1403637176.788319 30.842033386 10.693031311 -19.875459671 0.026792893 0.820060968 0.232453167 0.522252679
1403637176.838319 30.125598907 10.902914047 -20.636302948 0.024674801 0.821136475 0.236755088 0.518722534
1403637176.888319 29.501939774 11.146396637 -21.309959412 0.021417208 0.821421266 0.242468357 0.515768826
1403637176.938319 28.917703629 11.406133652 -21.927751541 0.017511966 0.821942508 0.246788517 0.513029575
1403637176.988319 28.287456512 11.709442139 -22.647834778 0.012613465 0.821398854 0.251986146 0.511515200
1403637177.038319 27.607765198 11.991408348 -23.321065903 0.008334791 0.819871485 0.260016561 0.510032058
1403637177.088319 27.019021988 12.283510208 -24.013233185 0.000430178 0.817456722 0.269742042 0.508924007
1403637177.138319 26.399936676 12.580056190 -24.662067413 -0.005371433 0.814793050 0.279937655 0.507659793
1403637177.188319 25.794296265 12.936215401 -25.338352203 -0.010353824 0.812478542 0.288304210 0.506608486
1403637177.238319 25.228523254 13.286276817 -26.016777039 -0.014624849 0.810554326 0.294916421 0.505778670
1403637177.288319 24.697246552 13.615590096 -26.754562378 -0.017042069 0.809156477 0.299302369 0.505364776
1403637177.338319 24.178201675 14.001613617 -27.476196289 -0.019824848 0.807963252 0.302822560 0.505075037
1403637177.388319 23.717376709 14.393205643 -28.155750275 -0.022821693 0.807933152 0.303733736 0.504449189
1403637177.438319 23.310195923 14.774066925 -28.924106598 -0.028898604 0.808286726 0.302400231 0.504372478
1403637177.488319 22.849405289 15.143411636 -29.700283051 -0.036423117 0.809480369 0.300727695 0.502968907
1403637177.538319 22.484386444 15.535531998 -30.481962204 -0.041887786 0.811568856 0.297827482 0.500899374
1403637177.588319 22.164878845 15.931194305 -31.234046936 -0.050116323 0.814472616 0.292483151 0.498574287
1403637177.638319 21.860982895 16.301803589 -32.020954132 -0.056321982 0.817623079 0.285105199 0.497026473
1403637177.688319 21.639915466 16.641302109 -32.774913788 -0.060430575 0.821077883 0.277270854 0.495277792
1403637177.738319 21.423835754 16.942016602 -33.599189758 -0.064296931 0.824147224 0.269405156 0.494032502
1403637177.788319 21.274272919 17.218050003 -34.336223602 -0.062820219 0.827808797 0.263277173 0.491397321
1403637177.838319 21.142448425 17.493886948 -35.141796112 -0.058714397 0.829967976 0.264111519 0.487802088
1403637177.888319 21.047895432 17.761739731 -35.926193237 -0.055092476 0.833086967 0.265149176 0.482314050
1403637177.938319 20.991649628 18.059123993 -36.668308258 -0.052679643 0.837196410 0.266193002 0.474835068
1403637177.988319 20.960289001 18.315032959 -37.380767822 -0.055093795 0.842057943 0.266194284 0.465879470
1403637178.038319 20.991031647 18.554836273 -38.090476990 -0.061224815 0.848209441 0.263237327 0.455519885
1403637178.088319 21.005996704 18.909120560 -38.844062805 -0.069636442 0.854812324 0.257685781 0.445022076
1403637178.138319 21.056526184 19.263080597 -39.520515442 -0.074232459 0.860468388 0.255291224 0.434637934
1403637178.188319 21.170242310 19.495975494 -40.208744049 -0.079514116 0.865087390 0.254514098 0.424881071
1403637178.238319 21.319402695 19.776487350 -40.855010986 -0.083260484 0.870012820 0.250104964 0.416644841
1403637178.288319 21.507946014 20.030586243 -41.456726074 -0.086292252 0.874622881 0.244073093 0.409898460
1403637178.338319 21.725797653 20.222269058 -42.091960907 -0.089270405 0.878966153 0.236591876 0.404318660
1403637178.388319 21.977590561 20.392635345 -42.658573151 -0.094179623 0.882056415 0.231569543 0.399352193
1403637178.438319 22.269309998 20.550886154 -43.197864532 -0.096448265 0.884896696 0.226331696 0.395511836
1403637178.488319 22.600107193 20.672275543 -43.650447845 -0.097913221 0.886571944 0.224963903 0.392166257
1403637178.538319 22.990226746 20.714057922 -44.136577606 -0.096370168 0.887520313 0.225285619 0.390213966
1403637178.588319 23.406845093 20.790809631 -44.517028809 -0.094231077 0.888479114 0.225384563 0.388493627
1403637178.638319 23.872056961 20.800794601 -44.874855042 -0.085895285 0.888879120 0.227292702 0.388399214
1403637178.688319 24.366355896 20.810058594 -45.213310242 -0.075530306 0.889116883 0.228713870 0.389173806
1403637178.738319 24.865615845 20.837924957 -45.504737854 -0.062836990 0.890053689 0.227773666 0.389839858
1403637178.788319 25.424669266 20.879846573 -45.761913300 -0.050762016 0.890876830 0.225990668 0.390755534
1403637178.838319 25.988162994 20.914363861 -46.000648499 -0.040502906 0.891572058 0.224003196 0.391511589
1403637178.888319 26.536441803 20.933830261 -46.175743103 -0.028954586 0.891477168 0.224750042 0.392323226
1403637178.938319 27.088199615 21.024337769 -46.371135712 -0.019013131 0.891126633 0.225171566 0.393483788
1403637178.988319 27.664474487 21.084939957 -46.516994476 -0.012075761 0.891149223 0.224183261 0.394270271
1403637179.038319 28.220916748 21.152065277 -46.641349792 -0.006054414 0.891061783 0.223211810 0.395156592
1403637179.088319 28.751754761 21.220651627 -46.727638245 -0.004397511 0.890385866 0.224891454 0.395749331
1403637179.138319 29.294055939 21.353872299 -46.795608521 -0.005549035 0.888963819 0.229056999 0.396541834
1403637179.188319 29.821857452 21.458038330 -46.840972900 -0.005991412 0.887927830 0.231728867 0.397303402
1403637179.238319 30.345541000 21.550220490 -46.904285431 -0.009770690 0.886487782 0.235028461 0.398504227
1403637179.288319 30.868553162 21.593502045 -46.929786682 -0.012843925 0.885724008 0.236452892 0.399271905
1403637179.338319 31.375778198 21.583271027 -46.965339661 -0.016157228 0.885465682 0.236512601 0.399688870
1403637179.388319 31.891271591 21.519519806 -46.991218567 -0.018722290 0.884855926 0.237382531 0.400410980
1403637179.438319 32.406768799 21.399496078 -47.014083862 -0.020253891 0.884434223 0.237904638 0.400957912
1403637179.488319 32.915878296 21.260013580 -47.031211853 -0.019996701 0.883933127 0.239051729 0.401393354
1403637179.538319 33.448261261 21.124103546 -47.006984711 -0.019633973 0.883769512 0.238935381 0.401840627
1403637179.588319 33.981136322 20.985906601 -46.994148254 -0.019682204 0.884129047 0.238073424 0.401558816
1403637179.638319 34.486824036 20.915431976 -46.962890625 -0.018372204 0.884160638 0.237708360 0.401767582
1403637179.688319 35.017692566 20.818796158 -46.874420166 -0.018947018 0.885007381 0.235920906 0.400929242
1403637179.738319 35.532016754 20.807907104 -46.794624329 -0.021423714 0.885862470 0.233775273 0.400172174
1403637179.788319 36.052494049 20.907333374 -46.672401428 -0.027180316 0.887053549 0.230884463 0.398860395
1403637179.838319 36.580223083 21.043491364 -46.505874634 -0.034855761 0.888939917 0.225112453 0.397360414
1403637179.888319 37.146266937 21.220188141 -46.323921204 -0.042060673 0.890919983 0.218733728 0.395787835
1403637179.938319 37.688770294 21.420253754 -46.090339661 -0.046690591 0.892593801 0.212986007 0.394630522
1403637179.988319 38.259124756 21.639041901 -45.852592468 -0.047572106 0.893002331 0.211307287 0.394503444
1403637180.038319 38.846004486 21.833267212 -45.550392151 -0.043299161 0.892408073 0.214568391 0.394580007
1403637180.088319 39.433002472 21.991785049 -45.242729187 -0.038236409 0.891143858 0.219133765 0.395450324
1403637180.138319 40.027877808 22.107933044 -44.900207520 -0.030887298 0.889750004 0.224020839 0.396491587
1403637180.188319 40.615386963 22.249834061 -44.533317566 -0.023618415 0.888016760 0.229516163 0.397732049
1403637180.238319 41.200317383 22.321018219 -44.167633057 -0.018133292 0.886596143 0.233420223 0.398915350
1403637180.288319 41.808227539 22.418977737 -43.794864655 -0.013095854 0.884960294 0.237706512 0.400211692
1403637180.338319 42.369503021 22.473808289 -43.406852722 -0.009739878 0.883881330 0.240408376 0.401076943
1403637180.388319 42.942481995 22.488885880 -42.999931335 -0.008860269 0.881405950 0.248030722 0.401902646
1403637180.438319 43.510906219 22.491199493 -42.624416351 -0.010951086 0.878533304 0.257030010 0.402485877
1403637180.488319 44.090003967 22.451948166 -42.249176025 -0.014022920 0.875240505 0.267917931 0.402464211
1403637180.538319 44.658557892 22.475975037 -41.844085693 -0.016328726 0.873198628 0.274598300 0.402309984
1403637180.588319 45.253601074 22.442741394 -41.468612671 -0.019822922 0.872538805 0.277146757 0.401836693
1403637180.638319 45.822437286 22.359300613 -41.135513306 -0.026065771 0.874791324 0.270416796 0.401167631
1403637180.688319 46.443412781 22.259012222 -40.815853119 -0.027931960 0.877728522 0.261588216 0.400479704
1403637180.738319 47.041027069 22.135059357 -40.514610291 -0.026419558 0.879540920 0.256374955 0.399977028
1403637180.788319 47.651035309 22.002357483 -40.104892731 -0.026855106 0.882427573 0.248819590 0.398358136
1403637180.838319 48.274776459 21.820499420 -39.777389526 -0.029145936 0.884143591 0.244800493 0.396879464
1403637180.888319 48.903862000 21.664428711 -39.408622742 -0.035176411 0.886846662 0.237796724 0.394611597
1403637180.938319 49.531558990 21.468635559 -39.041942596 -0.040233590 0.888467491 0.234469265 0.392467737
1403637180.988319 50.187519073 21.240852356 -38.623367310 -0.045589913 0.890463114 0.230397120 0.389761686
1403637181.038319 50.812763214 21.009593964 -38.257488251 -0.051520534 0.891795456 0.227712020 0.387548357
1403637181.088319 51.475650787 20.780944824 -37.844589233 -0.051030170 0.892593205 0.227068633 0.386151671
1403637181.138319 52.160949707 20.440265656 -37.402294159 -0.045413036 0.892655551 0.229825884 0.385076344
1403637181.188319 52.840938568 20.104166031 -36.932285309 -0.036369998 0.892385602 0.233603075 0.384388834
1403637181.238319 53.526550293 19.758066177 -36.492393494 -0.026290873 0.892293453 0.235586524 0.384213746
1403637181.288319 54.215572357 19.318840027 -36.017520905 -0.017058447 0.892390847 0.237284988 0.383462429
1403637181.338319 54.918876648 18.947895050 -35.541671753 -0.011255082 0.893408179 0.235025138 0.382698745
1403637181.388319 55.626445770 18.526920319 -35.049041748 -0.009100394 0.894919217 0.231724560 0.381235540
1403637181.438319 56.293392181 18.112617493 -34.514820099 -0.009348498 0.896287918 0.228630602 0.379879773
1403637181.488319 56.988082886 17.708000183 -33.931831360 -0.011650051 0.897021055 0.228538662 0.378137022
1403637181.538319 57.652709961 17.277061462 -33.384777069 -0.014070617 0.897030652 0.230694562 0.376720130
1403637181.588319 58.279075623 16.755897522 -32.895946503 -0.014845330 0.896241009 0.234700739 0.376094788
1403637181.638319 58.946800232 16.306612015 -32.315944672 -0.016088640 0.896269917 0.237677082 0.374100268
1403637181.688319 59.566505432 15.787750244 -31.823747635 -0.015732765 0.896001935 0.240044653 0.373244703
1403637181.738319 60.214080811 15.311553955 -31.253618240 -0.012609331 0.895844579 0.242448092 0.372186065
1403637181.788319 60.864459991 14.790913582 -30.696840286 -0.008503263 0.896186173 0.243222848 0.370972663
1403637181.838319 61.534866333 14.331794739 -30.082996368 -0.004323428 0.896902025 0.242752254 0.369620651
1403637181.888319 62.120872498 13.854774475 -29.547349930 -0.001529165 0.896789253 0.243070379 0.369707227
1403637181.938319 62.768764496 13.371902466 -28.961715698 -0.000224089 0.896671712 0.244317606 0.369172931
1403637181.988319 63.370666504 12.966021538 -28.382768631 0.001114254 0.896901906 0.243484139 0.369162798
1403637182.038319 64.031494141 12.549982071 -27.762592316 0.002085948 0.897590697 0.241552904 0.368752956
1403637182.088319 64.664138794 12.097272873 -27.159408569 0.004194672 0.898666203 0.237410843 0.368805528
1403637182.138319 65.241043091 11.712084770 -26.538894653 0.007850119 0.899051785 0.234525159 0.369651526
1403637182.188319 65.838836670 11.243518829 -25.957921982 0.013874603 0.898654044 0.233431786 0.371130824
1403637182.238319 66.375862122 10.804321289 -25.360832214 0.020381181 0.898203015 0.231927544 0.372861326
1403637182.288319 66.930343628 10.422063828 -24.706962585 0.027282555 0.897682667 0.230763912 0.374392182
1403637182.338319 67.451797485 10.066658020 -24.092721939 0.033338856 0.897173405 0.228623480 0.376430273
1403637182.388319 67.984085083 9.763595581 -23.390460968 0.036731645 0.897589743 0.225123435 0.377230555
1403637182.438319 68.452606201 9.336215973 -22.772758484 0.042365696 0.897082865 0.222881958 0.379171610
1403637182.488319 68.874710083 8.928152084 -22.139448166 0.040570252 0.898578048 0.215776071 0.379937172
1403637182.538319 69.275711060 8.544131279 -21.508106232 0.038270745 0.899249852 0.211418152 0.381034642
1403637182.588319 69.672058105 8.065998077 -20.832347870 0.034459960 0.900161564 0.208095327 0.381074786
1403637182.638319 70.028694153 7.620689392 -20.177175522 0.031767678 0.900224447 0.207215130 0.381639391
1403637182.688319 70.368347168 7.164224625 -19.467687607 0.031632714 0.899855018 0.208139539 0.382018685
1403637182.738319 70.638259888 6.737041473 -18.802631378 0.034124415 0.899379611 0.208060443 0.382965684
1403637182.788319 70.935760498 6.293907166 -18.056003571 0.037175637 0.898678601 0.210415602 0.383040488
1403637182.838319 71.187828064 5.863918304 -17.325792313 0.040921334 0.898023367 0.212665856 0.382952601
1403637182.888319 71.422256470 5.443490982 -16.582958221 0.044000052 0.897673607 0.214067772 0.382650107
1403637182.938319 71.585128784 5.039503098 -15.836133957 0.048956811 0.897148371 0.215266526 0.382607311
1403637182.988319 71.758628845 4.679708481 -15.076135635 0.054286681 0.896498919 0.217078850 0.382386416
1403637183.038319 71.915611267 4.329151154 -14.311969757 0.060260318 0.895561039 0.219696626 0.382194370
1403637183.088319 72.055488586 4.031423569 -13.488426208 0.065252252 0.895107567 0.220955491 0.381710917
1403637183.138319 72.159500122 3.771846771 -12.692970276 0.070190951 0.894069731 0.223640680 0.381703228
1403637183.188319 72.205711365 3.592950821 -11.880537033 0.073222250 0.893466413 0.224967495 0.381766856
1403637183.238319 72.228103638 3.399131775 -11.073951721 0.075844966 0.892596126 0.227247864 0.381940037
1403637183.288319 72.205482483 3.246767044 -10.275857925 0.077667326 0.891938865 0.229047000 0.382034391
1403637183.338319 72.143920898 3.131525040 -9.448719025 0.080031246 0.891199648 0.231024221 0.382081091
1403637183.388319 72.062744141 3.002676010 -8.645608902 0.082157671 0.890481651 0.233224869 0.381966859
1403637183.438319 71.932014465 2.916788101 -7.826637268 0.082840450 0.890688300 0.232940093 0.381511152
1403637183.488319 71.720840454 2.827329636 -7.031341553 0.083286814 0.890702724 0.232712641 0.381519079
1403637183.538319 71.542434692 2.723663330 -6.245691299 0.085062169 0.890002131 0.235110030 0.381292522
1403637183.588319 71.290748596 2.619596481 -5.471868515 0.086741313 0.889521062 0.236220583 0.381350249
1403637183.638319 70.950759888 2.632547379 -4.668300629 0.089890279 0.889023125 0.236637384 0.381523818
1403637183.688319 70.672241211 2.521509171 -3.899904251 0.091441639 0.888950884 0.237589762 0.380730659
1403637183.738319 70.270843506 2.463813782 -3.169549942 0.093874022 0.887357831 0.241747171 0.381237477
1403637183.788319 69.807037354 2.415716171 -2.453668594 0.096902087 0.884772539 0.248356760 0.382238716
1403637183.838319 69.358947754 2.359521866 -1.720914841 0.099128038 0.882560134 0.254999667 0.382408738
1403637183.888319 68.847579956 2.307176590 -1.043777466 0.101765603 0.880275130 0.261208028 0.382792175
1403637183.938319 68.287658691 2.198734283 -0.401746750 0.104109578 0.878207445 0.267088205 0.382853389
1403637183.988319 67.666580200 2.120428085 0.202251434 0.105909273 0.876226485 0.272674620 0.382960796
1403637184.038319 67.039291382 2.091939926 0.828924179 0.107999019 0.874832988 0.276746482 0.382641912
1403637184.088319 66.361953735 2.054201126 1.472169876 0.108692482 0.874567330 0.278576016 0.381724119
1403637184.138319 65.655441284 1.943668365 2.003957748 0.106204562 0.874891043 0.279481381 0.381020188
1403637184.188319 64.890502930 1.821094513 2.441967010 0.102249101 0.875127375 0.280590475 0.380744308
1403637184.238319 64.105712891 1.769060135 2.909879684 0.095111974 0.877337396 0.277650267 0.379661858
1403637184.288319 63.268745422 1.660642624 3.306577682 0.083664037 0.879343390 0.275665790 0.379162192
1403637184.338319 62.377819061 1.735019684 3.768060684 0.070956714 0.881615222 0.272676051 0.378639042
1403637184.388319 61.557968140 1.709400177 4.188438416 0.058242112 0.882936835 0.272836298 0.377611876
1403637184.438319 60.631988525 1.805650711 4.573097229 0.047857728 0.883287132 0.273459375 0.377800733
1403637184.488319 59.756877899 1.890548706 4.991621017 0.039466143 0.882648528 0.276749909 0.377867013
1403637184.538319 58.865142822 2.077136993 5.374095917 0.033230700 0.881665111 0.280223817 0.378202230
1403637184.588319 58.007118225 2.292253494 5.791952133 0.027378745 0.880238831 0.285117179 0.378336102
1403637184.638319 57.112808228 2.434149742 6.150953293 0.022616295 0.878678679 0.289721489 0.378779203
1403637184.688319 56.189483643 2.541974068 6.488143921 0.018991649 0.876965106 0.294479579 0.379279971
1403637184.738319 55.365730286 2.525945663 6.821500778 0.015997618 0.874986529 0.300388277 0.379354119
1403637184.788319 54.455955505 2.689378738 7.115987778 0.013293795 0.873685122 0.303592235 0.379907012
1403637184.838319 53.602706909 2.759923935 7.318960190 0.010850681 0.872414052 0.306642115 0.380455732
1403637184.888319 52.774024963 2.859958649 7.511583328 0.009801259 0.871616960 0.308659345 0.380679995
1403637184.938319 51.954261780 2.860176086 7.781600952 0.006183523 0.871415198 0.309507012 0.380529523
1403637184.988319 51.178977966 2.918563843 7.968437195 0.007001995 0.870540619 0.311963052 0.380511582
1403637185.038319 50.388938904 2.918237686 8.088337898 0.002936404 0.870057940 0.313320935 0.380552918
1403637185.088319 49.622817993 2.929125786 8.186792374 0.002686134 0.869534612 0.314825445 0.380509257
1403637185.138319 48.847805023 2.942666054 8.298890114 0.003253464 0.869252086 0.316126525 0.380071282
1403637185.188319 48.123931885 2.945057869 8.376667976 0.002866284 0.869251966 0.316331178 0.379904389
1403637185.238319 47.412635803 2.913445473 8.392601013 0.001166839 0.868849993 0.317646056 0.379735827
1403637185.288319 46.728855133 2.878104210 8.379239082 -0.001568524 0.868125379 0.320113719 0.379319161
1403637185.338319 46.065483093 2.840525627 8.336353302 -0.005880527 0.867544889 0.321934521 0.379063874
1403637185.388319 45.406250000 2.867473602 8.190922737 -0.011757960 0.867007375 0.323252738 0.379034996
1403637185.438319 44.806770325 2.812102318 8.089869499 -0.016754946 0.866428196 0.325192511 0.378511906
1403637185.488319 44.219520569 2.646533966 8.017082214 -0.020807525 0.866554916 0.325582564 0.377684653
1403637185.538319 43.655601501 2.542112350 7.857954025 -0.022316584 0.867360115 0.324061573 0.377057642
1403637185.588319 43.150230408 2.439398766 7.636359215 -0.020390691 0.868946671 0.320382386 0.376657695
1403637185.638319 42.655563354 2.291656494 7.418813705 -0.016609114 0.871689975 0.313577026 0.376231551
1403637185.688319 42.194198608 2.170145035 7.163536072 -0.012230370 0.875144422 0.304576904 0.375773370
1403637185.738319 41.756698608 2.056529045 6.920259476 -0.008920304 0.878245592 0.296288818 0.375257283
1403637185.788319 41.316978455 1.945451736 6.659715652 -0.008682795 0.880896807 0.288919032 0.374794871
1403637185.838319 40.932579041 1.922313690 6.395865440 -0.009934974 0.882742405 0.284021825 0.374164164
1403637185.888319 40.529937744 1.866395950 6.122685432 -0.009992382 0.884332001 0.279190928 0.374044776
1403637185.938319 40.149711609 1.838714600 5.871207237 -0.009141231 0.885531843 0.276083469 0.373534024
1403637185.988319 39.711559296 1.755221367 5.575329781 -0.007154948 0.886519849 0.272660792 0.373747915
1403637186.038319 39.341499329 1.721906662 5.320975304 -0.004641707 0.887651742 0.269103885 0.373678893
1403637186.088319 38.995582581 1.693211555 5.060665131 -0.003519286 0.888560236 0.266218096 0.373598993
1403637186.138319 38.668636322 1.663647652 4.806696892 -0.002367143 0.888940215 0.264925659 0.373622835
1403637186.188319 38.305686951 1.595936775 4.559695244 -0.001371199 0.889169097 0.264178872 0.373612046
1403637186.238319 37.980560303 1.526871681 4.285239220 -0.002017510 0.888943136 0.264764816 0.373732030
1403637186.288319 37.628787994 1.423829079 4.006216049 -0.003157850 0.888886213 0.264666617 0.373928934
1403637186.338319 37.296268463 1.296616554 3.732836723 -0.002026230 0.889678955 0.262022585 0.373913646
1403637186.388319 36.968521118 1.155754089 3.469419479 -0.000055022 0.890057027 0.260992169 0.373739988
1403637186.438319 36.666595459 0.991152763 3.209035873 0.003052911 0.890154362 0.260778248 0.373644948
1403637186.488319 36.345558167 0.814692497 2.939333916 0.006816600 0.890009761 0.261324108 0.373558372
1403637186.538319 36.061553955 0.633801460 2.680240631 0.011741745 0.890037835 0.261484981 0.373256475
1403637186.588319 35.753990173 0.426090240 2.412241936 0.013671505 0.890184224 0.261525661 0.372812867
1403637186.638319 35.400909424 0.244969368 2.130934715 0.015144710 0.890051723 0.262196064 0.372601330
1403637186.688319 35.098167419 0.068247795 1.874654770 0.016359866 0.889663100 0.264245093 0.372030258
1403637186.738319 34.776298523 -0.082302094 1.621596336 0.018080158 0.888427973 0.268613428 0.371773660
1403637186.788319 34.458644867 -0.198118210 1.381348610 0.021820124 0.886862814 0.273682892 0.371612638
1403637186.838319 34.150756836 -0.294569016 1.135622978 0.027799146 0.884797990 0.279651582 0.371691734
1403637186.888319 33.833251953 -0.392137527 0.889087677 0.034078352 0.882812440 0.285095841 0.371754229
1403637186.938319 33.503532410 -0.431993484 0.630824089 0.041727163 0.881136537 0.289095491 0.371861607
1403637186.988319 33.191673279 -0.464812279 0.375337601 0.047328264 0.879788280 0.292438805 0.371768951
1403637187.038319 32.856803894 -0.494054794 0.105036736 0.052401725 0.879452348 0.292716116 0.371664912
1403637187.088319 32.502861023 -0.465273857 -0.198780060 0.055184618 0.879907966 0.290914476 0.371598423
1403637187.138319 32.113277435 -0.450827599 -0.508712769 0.054797921 0.880958736 0.287876815 0.371531814
1403637187.188319 31.738975525 -0.407539368 -0.819596291 0.051558878 0.882538736 0.285299867 0.370231032
1403637187.238319 31.360532761 -0.278953552 -1.146332741 0.046557400 0.883863986 0.285546482 0.367532343
1403637187.288319 30.977354050 -0.160763741 -1.449120522 0.038093731 0.884616971 0.289081454 0.363914311
1403637187.338319 30.566635132 -0.025929451 -1.800786972 0.030063512 0.885054529 0.292750359 0.360654682
1403637187.388319 30.204177856 0.114594460 -2.119484901 0.020615097 0.885689139 0.295488536 0.357514083
1403637187.438319 29.787269592 0.245665550 -2.498771667 0.013457330 0.886107922 0.297861934 0.354837924
1403637187.488319 29.362495422 0.396738052 -2.880849838 0.009175532 0.886254668 0.300218552 0.352614939
1403637187.538319 28.981918335 0.577286720 -3.270746231 0.005912450 0.886195600 0.302875936 0.350554734
1403637187.588319 28.615177155 0.740661621 -3.638092995 0.004217613 0.886426628 0.304475248 0.348604202
1403637187.638319 28.269721985 0.920354843 -4.043961525 0.004363258 0.886350572 0.306409687 0.347097605
1403637187.688319 27.930175781 1.093992233 -4.446518421 0.005638869 0.886424959 0.307703882 0.345741749
1403637187.738319 27.603666306 1.272570610 -4.843194962 0.005950476 0.886144340 0.309815884 0.344567776
1403637187.788319 27.285453796 1.434752464 -5.352479458 0.005801450 0.885991096 0.310971320 0.343922794
1403637187.838319 26.942081451 1.643316269 -5.840184212 0.006399548 0.885101199 0.313834041 0.343603075
1403637187.888319 26.663032532 1.837606430 -6.316732407 0.004312422 0.885096669 0.314616591 0.342931062
1403637187.938319 26.369291306 2.048618317 -6.820557117 0.001361897 0.885455549 0.314152271 0.342454255
1403637187.988319 26.124608994 2.279201508 -7.328451633 -0.000059008 0.886372149 0.312129349 0.341935188
1403637188.038319 25.870578766 2.518206596 -7.852263451 -0.002443213 0.887539208 0.309300661 0.341469347
1403637188.088319 25.626785278 2.775232315 -8.402692795 -0.004548636 0.888604820 0.306414574 0.341278404
1403637188.138319 25.365537643 3.040162086 -8.941989899 -0.005666760 0.889929831 0.302545756 0.341260582
1403637188.188319 25.140058517 3.280245781 -9.528059006 -0.009845053 0.892147958 0.296151936 0.340982616
1403637188.238319 24.956762314 3.524060249 -10.068058014 -0.014356743 0.895274401 0.287322342 0.340181589
1403637188.288319 24.765907288 3.806634903 -10.664754868 -0.015641496 0.897456229 0.280647099 0.339948356
1403637188.338319 24.592990875 4.106992722 -11.250173569 -0.014802258 0.898735404 0.276875585 0.339698970
1403637188.388319 24.442440033 4.346592903 -11.817722321 -0.011413657 0.900206208 0.272449106 0.339514226
1403637188.438319 24.312412262 4.611514091 -12.386395454 -0.007641581 0.901277602 0.269174576 0.339389622
1403637188.488319 24.193695068 4.864406586 -12.923019409 -0.004636053 0.902560115 0.266337544 0.338272065
1403637188.538319 24.043315887 5.162095070 -13.470945358 0.000113458 0.903991640 0.264226228 0.336130291
1403637188.588319 23.935935974 5.455611229 -13.956766129 0.005074602 0.905158758 0.264748633 0.332520664
1403637188.638319 23.848520279 5.769078255 -14.470911980 0.009997088 0.906858444 0.265042186 0.327506363
1403637188.688319 23.765100479 6.135520458 -14.941095352 0.017885404 0.908365071 0.266763657 0.321543425
1403637188.738319 23.614542007 6.484714031 -15.464878082 0.026285853 0.909969985 0.268725097 0.314722985
1403637188.788319 23.487720490 6.818162918 -15.974705696 0.035291057 0.911105394 0.272513211 0.307210058
1403637188.838319 23.315185547 7.189328194 -16.482734680 0.041794259 0.912402034 0.276108414 0.299232066
1403637188.888319 23.190425873 7.529631138 -16.920953751 0.045133732 0.914051414 0.278603345 0.291295677
1403637188.938319 23.041673660 7.827701092 -17.418193817 0.046443064 0.915195465 0.281421334 0.284714460
1403637188.988319 22.901725769 8.148937225 -17.920303345 0.042838369 0.916323900 0.284287274 0.278740317
1403637189.038319 22.707981110 8.442655563 -18.425323486 0.035665438 0.917337477 0.286779851 0.273819745
1403637189.088319 22.518033981 8.728231430 -18.909994125 0.029073702 0.917763770 0.290275127 0.269452631
1403637189.138319 22.330020905 8.966311455 -19.430551529 0.022069573 0.916799247 0.296967357 0.266087383
1403637189.188319 22.065057755 9.263126373 -19.974699020 0.019228814 0.915692151 0.302435845 0.263952136
1403637189.238319 21.853637695 9.586975098 -20.500726700 0.018322377 0.914510310 0.307788461 0.261918843
1403637189.288319 21.664377213 9.891649246 -20.994180679 0.020851795 0.913891554 0.310714781 0.260429949
1403637189.338319 21.478328705 10.279924393 -21.519813538 0.025800554 0.914313316 0.309611619 0.259819537
1403637189.388319 21.280076981 10.667098999 -22.081693649 0.029646009 0.915893078 0.304747492 0.259595782
1403637189.438319 21.051235199 11.086784363 -22.634954453 0.032583162 0.918265224 0.297042578 0.259794205
1403637189.488319 20.864536285 11.413043976 -23.196821213 0.033593081 0.920146227 0.290972233 0.259879977
1403637189.538319 20.614187241 11.775894165 -23.765594482 0.031940773 0.921627045 0.285819054 0.260558635
1403637189.588319 20.445194244 12.090744019 -24.333551407 0.028948219 0.922869563 0.281726301 0.260967553
1403637189.638319 20.228183746 12.397710800 -24.893104553 0.025537487 0.923756301 0.278811902 0.261316121
1403637189.688319 19.968242645 12.710287094 -25.490278244 0.023042759 0.924604952 0.275331467 0.262235105
1403637189.738319 19.760629654 12.998762131 -26.031360626 0.020658989 0.924218893 0.275967270 0.263124853
1403637189.788319 19.519002914 13.236061096 -26.642698288 0.019363629 0.923454404 0.277625680 0.264160872
1403637189.838319 19.262340546 13.467754364 -27.271829605 0.016273007 0.922793627 0.279234618 0.264981449
1403637189.888319 19.025722504 13.665276527 -27.829219818 0.015805582 0.923100352 0.277923495 0.265319467
1403637189.938319 18.771339417 13.835276604 -28.398376465 0.017005466 0.923436463 0.276493669 0.265569627
1403637189.988319 18.565654755 13.967811584 -28.913402557 0.015457267 0.924249411 0.274503559 0.264899880
1403637190.038319 18.284166336 14.089878082 -29.515718460 0.015951419 0.924882770 0.272247612 0.264988035
1403637190.088319 18.057502747 14.211468697 -30.097410202 0.015087054 0.925771296 0.269910663 0.264325738
1403637190.138319 17.790081024 14.331445694 -30.681346893 0.016013229 0.926023841 0.269042045 0.264272243
1403637190.188319 17.548212051 14.386018753 -31.222135544 0.015694996 0.926748991 0.267342478 0.263472825
1403637190.238319 17.286516190 14.459474564 -31.739292145 0.017814541 0.927002966 0.266756266 0.263038546
1403637190.288319 17.036956787 14.489202499 -32.306632996 0.018092740 0.927422583 0.266010791 0.262294233
1403637190.338319 16.751810074 14.548137665 -32.880657196 0.018440599 0.927496076 0.265789241 0.262234777
1403637190.388319 16.538801193 14.496364594 -33.367481232 0.019262116 0.927622318 0.266373396 0.261134148
1403637190.438319 16.290155411 14.494224548 -33.892517090 0.021280505 0.927661002 0.266428441 0.260783523
1403637190.488319 16.032155991 14.471830368 -34.388790131 0.021891303 0.928245485 0.265173852 0.259930670
1403637190.538319 15.759246826 14.484961510 -34.911949158 0.020046001 0.928530514 0.265152395 0.259081870
1403637190.588319 15.514392853 14.466459274 -35.426933289 0.017281631 0.928972840 0.264313996 0.258551627
1403637190.638319 15.284803391 14.485830307 -35.890270233 0.011804122 0.929253399 0.262709886 0.259484619
1403637190.688319 15.002466202 14.522914886 -36.375152588 0.007372669 0.928666830 0.261284679 0.263161242
1403637190.738319 14.699868202 14.562764168 -36.810462952 0.007412719 0.926918864 0.261461020 0.269080997
1403637190.788319 14.454203606 14.583980560 -37.224540710 0.008626631 0.925189674 0.261378020 0.275011361
1403637190.838319 14.223052979 14.695547104 -37.578323364 0.011119395 0.923455536 0.261037707 0.281008303
1403637190.888319 13.983377457 14.714604378 -37.976547241 0.014143361 0.921622574 0.261344045 0.286550194
1403637190.938319 13.738970757 14.782031059 -38.357604980 0.016684057 0.920159996 0.260689527 0.291664630
1403637190.988319 13.546065331 14.819104195 -38.762924194 0.018682709 0.918787301 0.260873675 0.295678407
1403637191.038319 13.275779724 14.937390327 -39.148403168 0.019668389 0.917702675 0.259874642 0.299833506
1403637191.088319 13.026215553 15.041398048 -39.487182617 0.021041321 0.916985393 0.258783042 0.302863687
1403637191.138319 12.779496193 15.159419060 -39.813377380 0.021516414 0.916420817 0.258101821 0.305112004
1403637191.188319 12.529003143 15.309551239 -40.121421814 0.020811336 0.916192710 0.256851345 0.306896091
1403637191.238319 12.266983032 15.429039001 -40.437370300 0.020182155 0.915952384 0.256632268 0.307837307
1403637191.288319 11.981804848 15.620616913 -40.747421265 0.018808030 0.915842175 0.255880684 0.308876067
1403637191.338319 11.714328766 15.842190742 -41.048782349 0.019208893 0.915846705 0.254780114 0.309746653
1403637191.388319 11.453065872 15.987687111 -41.347152710 0.016581472 0.916325390 0.253142089 0.309825540
1403637191.438319 11.187103271 16.212001801 -41.617271423 0.014997805 0.916733861 0.251694769 0.309877187
1403637191.488319 10.889796257 16.292953491 -41.903263092 0.014726580 0.916905403 0.251548946 0.309500635
1403637191.538319 10.606725693 16.392051697 -42.181167603 0.011518455 0.917418242 0.250715673 0.308792382
1403637191.588319 10.316862106 16.505760193 -42.447940826 0.007565268 0.917829692 0.250461340 0.307896823
1403637191.638319 10.017022133 16.587203979 -42.678359985 0.003551927 0.917194307 0.254149199 0.306838959
1403637191.688319 9.722557068 16.695110321 -42.928272247 0.000486701 0.915988505 0.259592712 0.305902630
1403637191.738319 9.476501465 16.667573929 -43.149803162 -0.001913037 0.914904177 0.264560610 0.304884225
1403637191.788319 9.205209732 16.697147369 -43.373565674 -0.004850904 0.913900793 0.269105434 0.303881764
1403637191.838319 8.924324989 16.699275970 -43.604152679 -0.010803372 0.914076447 0.269491673 0.302856177
1403637191.888319 8.658944130 16.682434082 -43.851058960 -0.017484404 0.914466202 0.268885463 0.301904708
1403637191.938319 8.417953491 16.634788513 -44.076374054 -0.024256509 0.915270150 0.267047584 0.300628960
1403637191.988319 8.223115921 16.552789688 -44.249668121 -0.029910440 0.915872872 0.265819132 0.299370080
1403637192.038319 8.029876709 16.482982635 -44.457687378 -0.031739447 0.915313065 0.268697768 0.298322290
1403637192.088319 7.794901848 16.414918900 -44.711944580 -0.031478968 0.913681686 0.274529725 0.298040777
1403637192.138319 7.638193130 16.280822754 -44.913982391 -0.032162257 0.912331045 0.279595315 0.297395527
1403637192.188319 7.520190239 16.128231049 -45.090072632 -0.033823609 0.911432028 0.283029079 0.296719044
1403637192.238319 7.445182800 15.921557426 -45.258430481 -0.036646005 0.911129653 0.284484506 0.295919567
1403637192.288319 7.350990295 15.725159645 -45.500602722 -0.041957214 0.911277592 0.283872038 0.295346171
1403637192.338319 7.321161270 15.539100647 -45.685295105 -0.047030173 0.912010670 0.281360865 0.294721544
1403637192.388319 7.269546509 15.338723183 -45.867218018 -0.048177786 0.912897170 0.278546721 0.294464678
1403637192.438319 7.272039413 15.135088921 -46.057083130 -0.045836564 0.912592828 0.280101031 0.294307351
1403637192.488319 7.313642502 14.981487274 -46.196071625 -0.039782941 0.911408544 0.284993887 0.294160306
1403637192.538319 7.390329361 14.824846268 -46.331710815 -0.033260990 0.910071552 0.290208340 0.294011325
1403637192.588319 7.477991104 14.690258026 -46.488990784 -0.026887137 0.908394396 0.295822054 0.294255108
1403637192.638319 7.582162857 14.605274200 -46.642448425 -0.022360122 0.907033622 0.300213605 0.294383883
1403637192.688319 7.715240479 14.474861145 -46.829505920 -0.019691044 0.905851960 0.303698659 0.294638157
1403637192.738319 7.858866692 14.384446144 -46.979381561 -0.017843243 0.905593395 0.304609895 0.294609964
1403637192.788319 8.009548187 14.314695358 -47.161270142 -0.017093271 0.905646980 0.304195613 0.294917643
1403637192.838319 8.186398506 14.250731468 -47.364826202 -0.016331356 0.906287372 0.301823437 0.295430273
1403637192.888319 8.374246597 14.167380333 -47.587455750 -0.015724350 0.907475114 0.297891647 0.295807868
1403637192.938319 8.573959351 14.076789856 -47.778892517 -0.013789646 0.908513248 0.294354737 0.296257943
1403637192.988319 8.795646667 13.952345848 -48.027488708 -0.013184096 0.909327030 0.291120201 0.296984196
1403637193.038319 9.024520874 13.848896980 -48.235687256 -0.010211626 0.909577608 0.289994597 0.297434807
1403637193.088319 9.252008438 13.693576813 -48.443748474 -0.004668676 0.908594966 0.292849809 0.297779024
1403637193.138319 9.473530769 13.552451134 -48.699615479 0.005005159 0.905941665 0.300243706 0.298493505
1403637193.188319 9.750108719 13.384822845 -48.979804993 0.015230118 0.902718902 0.308748275 0.299234241
1403637193.238319 10.002284050 13.205785751 -49.230331421 0.021611741 0.900491655 0.314687282 0.299365282
1403637193.288319 10.249791145 13.081996918 -49.505680084 0.025633756 0.899248064 0.318076253 0.299204528
1403637193.338319 10.486142159 13.029758453 -49.836128235 0.019493330 0.900729656 0.314425886 0.299069285
1403637193.388319 10.726257324 13.012323380 -50.125240326 0.013756456 0.903123081 0.308390796 0.298453659
1403637193.438319 10.976705551 13.018539429 -50.457389832 0.007516510 0.905692637 0.301486522 0.297943294
1403637193.488319 11.223867416 13.024738312 -50.747692108 0.001697294 0.907731175 0.295723528 0.297605067
1403637193.538319 11.485424995 13.018283844 -51.064426422 -0.003993822 0.909370542 0.290918082 0.297314584
1403637193.588319 11.765686035 12.999812126 -51.387516022 -0.009034257 0.910086334 0.288591087 0.297281861
1403637193.638319 12.026846886 12.986601830 -51.776000977 -0.012067850 0.910495341 0.286911041 0.297547728
1403637193.688319 12.286025047 12.957975388 -52.128654480 -0.014728503 0.910653174 0.285930425 0.297888756
1403637193.738319 12.579642296 12.863077164 -52.461315155 -0.017861079 0.911041439 0.284661949 0.297745049
1403637193.788319 12.886212349 12.776322365 -52.830421448 -0.019282587 0.911144435 0.284229636 0.297754049
1403637193.838319 13.172662735 12.708921432 -53.203075409 -0.020801136 0.911088943 0.283926278 0.298111022
1403637193.888319 13.466256142 12.605643272 -53.580810547 -0.020621251 0.911049724 0.283939064 0.298231065
1403637193.938319 13.842690468 12.502264023 -53.944679260 -0.019099046 0.911640108 0.282199144 0.298179746
1403637193.988319 14.187564850 12.422424316 -54.313415527 -0.017626837 0.912866235 0.278235167 0.298244357
1403637194.038319 14.548486710 12.397138596 -54.659866333 -0.015497423 0.914059162 0.274406284 0.298256278
1403637194.088319 14.916708946 12.422766685 -54.987014771 -0.013634793 0.914892435 0.271872610 0.298112869
1403637194.138319 15.297098160 12.460407257 -55.280990601 -0.013160314 0.915560484 0.270088971 0.297704160
1403637194.188319 15.677757263 12.520430565 -55.573619843 -0.012565481 0.915645480 0.269929737 0.297612816
1403637194.238319 16.057121277 12.620855331 -55.818519592 -0.011445363 0.914964437 0.272341371 0.297555447
1403637194.288319 16.464420319 12.685773849 -56.093360901 -0.011055435 0.914715707 0.273381442 0.297381163
1403637194.338319 16.865276337 12.727293968 -56.365272522 -0.011723787 0.914110541 0.275724858 0.297052622
1403637194.388319 17.294425964 12.744866371 -56.640556335 -0.012329775 0.913628221 0.277299494 0.297046065
1403637194.438319 17.683040619 12.764339447 -56.902664185 -0.013510481 0.913421631 0.278164327 0.296821445
1403637194.488319 18.137611389 12.766010284 -57.206924438 -0.012155520 0.913135171 0.279022157 0.296956211
1403637194.538319 18.551685333 12.746324539 -57.528564453 -0.012056099 0.912695408 0.280252904 0.297153175
1403637194.588319 19.009813309 12.674623489 -57.768241882 -0.011949127 0.912642539 0.280965269 0.296646833
1403637194.638319 19.430904388 12.627761841 -58.062889099 -0.012904624 0.912495255 0.281556249 0.296499550
1403637194.688319 19.920305252 12.581647873 -58.359462738 -0.014010614 0.911678195 0.284783840 0.295879543
1403637194.738319 20.360391617 12.489673615 -58.616481781 -0.015010091 0.910745561 0.288214654 0.295380294
1403637194.788319 20.840457916 12.404830933 -58.884265900 -0.015402092 0.910148919 0.290710419 0.294752687
1403637194.838319 21.319210052 12.344013214 -59.186912537 -0.015216252 0.909706414 0.292483717 0.294373959
1403637194.888319 21.828044891 12.294456482 -59.471927643 -0.015442037 0.909283519 0.294209987 0.293948174
1403637194.938319 22.297790527 12.261949539 -59.767139435 -0.012456048 0.909916580 0.292303383 0.294032902
1403637194.988319 22.864181519 12.239860535 -60.054985046 -0.009890745 0.911345959 0.288607746 0.293353438
1403637195.038319 23.356643677 12.235464096 -60.363590240 -0.008460758 0.913187087 0.282907754 0.293224961
1403637195.088319 23.861150742 12.227535248 -60.634979248 -0.006561503 0.914715528 0.278318137 0.292901784
1403637195.138319 24.398792267 12.241296768 -60.946552277 -0.005220829 0.916243851 0.273530155 0.292662352
1403637195.188319 24.987083435 12.254302979 -61.192276001 -0.004107639 0.917658329 0.269152880 0.292306364
1403637195.238319 25.522760391 12.292110443 -61.451866150 -0.003022660 0.918667674 0.265760422 0.292253315
1403637195.288319 26.047538757 12.344610214 -61.690345764 -0.002336952 0.919496119 0.262960643 0.292186767
1403637195.338319 26.576419830 12.422565460 -61.937805176 -0.000392544 0.920049429 0.260890901 0.292309463
1403637195.388319 27.106765747 12.488769531 -62.165641785 -0.001539391 0.920297623 0.259652942 0.292626530
1403637195.438319 27.685689926 12.531881332 -62.360809326 -0.000034476 0.920090973 0.258672625 0.294144690
1403637195.488319 28.161987305 12.574468613 -62.571369171 0.000833582 0.918816507 0.259068936 0.297756433
1403637195.538319 28.696109772 12.596717834 -62.785102844 0.001005376 0.916953027 0.260570914 0.302157134
1403637195.588319 29.238487244 12.579727173 -62.956184387 0.000478205 0.915832877 0.260149658 0.305895567
1403637195.638319 29.758762360 12.576515198 -63.136558533 0.000760695 0.914771736 0.259449959 0.309641480
1403637195.688319 30.286064148 12.540922165 -63.326740265 0.001078192 0.913981557 0.258219630 0.312984228
1403637195.738319 30.809047699 12.481283188 -63.499504089 0.000125572 0.913613915 0.256285608 0.315638036
1403637195.788319 31.277290344 12.418649673 -63.686775208 -0.001671098 0.912722945 0.256335199 0.318160713
1403637195.838319 31.801176071 12.319629669 -63.845256805 -0.006944508 0.913247287 0.252464265 0.319676310
1403637195.888319 32.315502167 12.256298065 -63.994205475 -0.012592128 0.913397193 0.250249654 0.320814848
1403637195.938319 32.799911499 12.146892548 -64.123626709 -0.018513370 0.913588047 0.248157427 0.321608633
1403637195.988319 33.284118652 12.080163956 -64.257583618 -0.026005493 0.914202809 0.244338825 0.322266221
1403637196.038319 33.820655823 11.998306274 -64.339889526 -0.033126533 0.915046811 0.240199029 0.322329670
1403637196.088319 34.374691010 11.964448929 -64.423690796 -0.038627006 0.916793823 0.232861862 0.322137266
1403637196.138319 34.915138245 11.911146164 -64.489402771 -0.043653484 0.918736398 0.224482924 0.321908861
1403637196.188319 35.484767914 11.861125946 -64.517959595 -0.047677673 0.921005189 0.214759156 0.321488529
1403637196.238319 36.025924683 11.805650711 -64.513816833 -0.049177445 0.923115253 0.205749005 0.321103096
1403637196.288319 36.589317322 11.748304367 -64.463447571 -0.050612457 0.924907148 0.197986558 0.320603341
1403637196.338319 37.177513123 11.686466217 -64.364776611 -0.052697677 0.926571250 0.191287488 0.319527328
1403637196.388319 37.768653870 11.645036697 -64.233963013 -0.053935993 0.927871466 0.185978159 0.318681002
1403637196.438319 38.414581299 11.597553253 -64.027328491 -0.054605704 0.928822577 0.182754189 0.317659765
1403637196.488319 39.013404846 11.542028427 -63.783332825 -0.052731123 0.929042459 0.182736114 0.317343801
1403637196.538319 39.627223969 11.496576309 -63.489799500 -0.051546156 0.929135501 0.183746621 0.316681921
1403637196.588319 40.267326355 11.438737869 -63.158920288 -0.047553536 0.929140866 0.184754431 0.316704422
1403637196.638319 40.885147095 11.388595581 -62.757827759 -0.045014497 0.928837895 0.188017488 0.316043109
1403637196.688319 41.550357819 11.334095001 -62.316169739 -0.041198965 0.928587973 0.190620542 0.315738708
1403637196.738319 42.179752350 11.300062180 -61.852386475 -0.036723323 0.928379297 0.192614809 0.315694213
1403637196.788319 42.812839508 11.238510132 -61.334972382 -0.032740310 0.927803457 0.196203634 0.315615177
1403637196.838319 43.464050293 11.187189102 -60.776260376 -0.032598458 0.927934766 0.196768910 0.314891160
1403637196.888319 44.110218048 11.154018402 -60.147823334 -0.032786895 0.928795755 0.194404691 0.313799709
1403637196.938319 44.770843506 11.089038849 -59.531848907 -0.030222077 0.928954482 0.194512576 0.313520342
1403637196.988319 45.424758911 11.017921448 -58.886184692 -0.022034669 0.928410769 0.196687311 0.314455003
1403637197.038319 46.027862549 10.914491653 -58.168571472 -0.014913317 0.926665187 0.201157451 0.317182779
1403637197.088319 46.669174194 10.805107117 -57.449932098 -0.009734311 0.924309134 0.205334291 0.321552008
1403637197.138319 47.321647644 10.705280304 -56.693180084 -0.005650964 0.921526372 0.208615020 0.327470571
1403637197.188319 47.971050262 10.536239624 -55.928367615 -0.002394569 0.917616308 0.213502973 0.335247695
1403637197.238319 48.513069153 10.386919022 -55.075878143 -0.000623318 0.913468242 0.215427592 0.345204771
1403637197.288319 49.151988983 10.147706985 -54.217716217 0.000828306 0.907802880 0.220755756 0.356595218
1403637197.338319 49.713096619 9.961833954 -53.383094788 0.001340490 0.901596189 0.223916233 0.370113581
1403637197.388319 50.218772888 9.724575043 -52.527423859 0.003224848 0.894808471 0.225288600 0.385424942
1403637197.438319 50.762718201 9.439228058 -51.628963470 0.002762733 0.887017727 0.226950422 0.402101219
1403637197.488319 51.276165009 9.110057831 -50.778686523 -0.001912153 0.878478408 0.227094352 0.420357198
1403637197.538319 51.834365845 8.811994553 -49.882724762 -0.005916181 0.869650364 0.225756615 0.438984245
1403637197.588319 52.298801422 8.511304855 -49.017536163 -0.011415287 0.859247029 0.223931521 0.459803104
1403637197.638319 52.796588898 8.155452728 -48.137466431 -0.015334585 0.848690271 0.220381051 0.480543315
1403637197.688319 53.227680206 7.801990509 -47.203594208 -0.017098134 0.838169277 0.215669438 0.500666082
1403637197.738319 53.745090485 7.457595825 -46.371971130 -0.021023486 0.827541292 0.209669620 0.520357668
1403637197.788319 54.203174591 7.041301727 -45.483840942 -0.023989147 0.817604661 0.202045873 0.538632154
1403637197.838319 54.658111572 6.652652740 -44.667068481 -0.027194260 0.807508588 0.192351609 0.556948185
1403637197.888319 55.080703735 6.198602676 -43.777652740 -0.030815432 0.797662973 0.185189337 0.573139787
1403637197.938319 55.592208862 5.829557419 -42.852592468 -0.032472048 0.787951827 0.177601457 0.588672459
1403637197.988319 55.995994568 5.370674133 -41.822364807 -0.035027642 0.778937876 0.170613393 0.602428377
1403637198.038319 56.418289185 4.833763123 -41.011806488 -0.035635337 0.768709064 0.165666983 0.616742194
1403637198.088319 56.826156616 4.323308945 -40.025062561 -0.035709094 0.759447634 0.160774052 0.629377365
1403637198.138319 57.215492249 3.766273499 -39.088348389 -0.036326867 0.749931514 0.156656176 0.641671240
1403637198.188319 57.500694275 3.185474396 -38.254798889 -0.035758764 0.739870667 0.153799966 0.653955877
1403637198.238319 57.943965912 2.543449402 -37.212844849 -0.037797362 0.730396509 0.151307598 0.664979935
1403637198.288319 58.326847076 1.988755226 -36.225788116 -0.037988782 0.721988976 0.143555567 0.675781488
1403637198.338319 58.625701904 1.376367569 -35.267940521 -0.038960505 0.712720513 0.138909906 0.686451435
1403637198.388319 58.955318451 0.821700096 -34.343952179 -0.039804310 0.705159307 0.129716948 0.695945024
1403637198.438319 59.285518646 0.224642754 -33.257480621 -0.040192518 0.699442804 0.122030877 0.703045428
1403637198.488319 59.582336426 -0.359047890 -32.201057434 -0.041216947 0.695122182 0.115340158 0.708380580
1403637198.538319 59.795185089 -0.862152100 -31.015874863 -0.042177923 0.692827821 0.107900076 0.711736023
1403637198.588319 60.110305786 -1.328646660 -29.988214493 -0.042870600 0.690368474 0.101912379 0.714959741
1403637198.638319 60.402248383 -1.807966232 -28.891609192 -0.044418067 0.688873470 0.097313844 0.716945171
1403637198.688319 60.668937683 -2.184381485 -27.762758255 -0.043219548 0.687398732 0.095730647 0.718645036
1403637198.738319 60.886985779 -2.558678627 -26.588001251 -0.042151596 0.686082721 0.095342241 0.720016360
1403637198.788319 61.104282379 -2.902115822 -25.363367081 -0.040042419 0.685659587 0.094240688 0.720684588
1403637198.838319 61.297424316 -3.210391045 -24.091203690 -0.034299273 0.685744047 0.092068605 0.721180975
1403637198.888319 61.482597351 -3.509530067 -22.718040466 -0.027674427 0.686728477 0.090180524 0.720767319
1403637198.938319 61.645195007 -3.755340576 -21.436096191 -0.017661704 0.685960531 0.092502043 0.721518874
1403637198.988319 61.786746979 -4.067005157 -20.162773132 -0.006382777 0.684028208 0.094510294 0.723278940
1403637199.038319 61.916015625 -4.357129574 -18.793558121 0.001795908 0.681193352 0.098322421 0.725468874
1403637199.088319 61.929828644 -4.606127739 -17.576984406 0.006918133 0.675986886 0.103541464 0.729570389
1403637199.138319 61.932178497 -4.934251785 -16.207008362 0.008795047 0.670512021 0.108458996 0.733875275
1403637199.188319 61.917728424 -5.221580982 -14.902297974 0.009499521 0.664056897 0.112628452 0.739089370
1403637199.238319 61.777908325 -5.581192017 -13.570514679 0.009399228 0.656634271 0.114112779 0.745467246
1403637199.288319 61.657287598 -5.911298752 -12.282772064 0.008600433 0.649657428 0.112646237 0.751785874
1403637199.338319 61.471721649 -6.230293751 -10.904671669 0.009685195 0.641994536 0.108979747 0.758862734
1403637199.388319 61.318042755 -6.640993118 -9.405576706 0.008214061 0.634647131 0.104454517 0.765666187
1403637199.438319 61.182254791 -7.116546154 -8.058931351 0.007578742 0.624679744 0.100747786 0.774317563
1403637199.488319 60.877685547 -7.293955803 -6.991477013 0.009473313 0.613442779 0.095229208 0.783919394
1403637199.538319 60.706558228 -7.715475559 -5.612915039 0.009218568 0.603102028 0.092161462 0.792268395
1403637199.588319 60.357036591 -8.083150864 -4.369409561 0.010057804 0.591566682 0.088022865 0.801373601
1403637199.638319 59.974678040 -8.418572426 -3.176280975 0.014511541 0.579183459 0.086978219 0.810413897
1403637199.688319 59.644233704 -8.816822052 -1.783447266 0.018432621 0.567385375 0.085475653 0.818796694
1403637199.738319 59.381748199 -9.042502403 -0.480665207 0.023264579 0.553276956 0.084983692 0.828324258
1403637199.788319 58.983551025 -9.297244072 0.788187027 0.030126952 0.537883043 0.086853519 0.837992013
1403637199.838319 58.569972992 -9.452400208 2.109395981 0.037401203 0.521784544 0.087691426 0.847733557
1403637199.888319 58.120578766 -9.695537567 3.259555817 0.047016550 0.502925575 0.089470424 0.858399868
1403637200.088319 58.390556335 -9.655647278 3.117124557 0.044255547 0.500864446 0.087472230 0.859956324
1403637200.588319 49.890525818 -8.559466362 16.638063431 0.002454292 0.319037914 0.049069498 0.946467638
1403637200.638319 8.068578720 -18.480932236 60.757408142 0.004758471 0.519207716 0.117978446 0.846452475
1403637200.688319 36.167427063 -10.925083160 24.011112213 -0.003833249 0.359630734 0.076074891 0.929980516
1403637200.738319 47.639991760 -8.389684677 18.646793365 -0.001633228 0.312922955 0.062311940 0.947730899
1403637200.788319 47.551513672 -8.051275253 18.819530487 0.001511490 0.310473651 0.066341251 0.948262990
1403637200.838319 46.954856873 -8.020828247 19.367517471 0.005271777 0.312253505 0.072145931 0.947240710
1403637200.888319 46.269645691 -8.034582138 19.849830627 0.007768181 0.315651327 0.075846031 0.945807278
1403637200.938319 45.378177643 -8.213401794 20.398393631 0.007697999 0.320759803 0.078175232 0.943897545
1403637200.988319 44.663055420 -8.257316589 20.841087341 0.007332925 0.325455844 0.079687722 0.942164898
1403637201.038319 44.047325134 -8.298799515 21.244102478 0.007537432 0.330372304 0.080404237 0.940389574
1403637201.088319 43.499538422 -8.344104767 21.620828629 0.006783029 0.334507406 0.081144318 0.938868701
1403637201.138319 42.708045959 -8.406562805 21.973270416 0.005111089 0.339836955 0.081305020 0.936949492
1403637201.188319 41.992252350 -8.441506386 22.243078232 0.005446194 0.343709499 0.083595723 0.935332000
1403637201.238319 41.451213837 -8.519865036 22.538928986 0.004268512 0.345916837 0.087671496 0.934150457
1403637201.288319 40.819030762 -8.618747711 22.799129486 0.005741424 0.348043919 0.095580593 0.932575405
1403637201.338319 39.784801483 -8.836076736 23.128540039 0.007871617 0.351075739 0.108248957 0.930035532
1403637201.388319 39.151218414 -8.908214569 23.343355179 0.008163519 0.353809744 0.121012680 0.927420080
1403637201.438319 38.537509918 -8.950159073 23.549549103 0.007893270 0.356975317 0.134200558 0.924389780
1403637201.488319 37.933303833 -8.967021942 23.688789368 0.006951561 0.360865861 0.147012845 0.920931458
1403637201.538319 37.441940308 -8.972658157 23.858589172 0.006415382 0.364621550 0.158659294 0.917516828
1403637201.588319 36.963600159 -8.952211380 23.977069855 0.007013374 0.367876351 0.167739004 0.914593577
1403637201.638319 36.488212585 -8.916048050 24.060609818 0.008228592 0.370834619 0.175214097 0.911983550
1403637201.688319 36.014808655 -8.853088379 24.129776001 0.010730016 0.374577582 0.179031372 0.909683645
1403637201.738319 35.614356995 -8.796442032 24.148031235 0.013213460 0.379747957 0.176126927 0.908072829
1403637201.788319 35.224975586 -8.724885941 24.131692886 0.014161632 0.385129958 0.170275331 0.906907201
1403637201.838319 34.868064880 -8.642717361 24.094448090 0.015486633 0.389008105 0.166576803 0.905916691
1403637201.888319 34.533489227 -8.577806473 24.011161804 0.016072167 0.392078698 0.162880510 0.905254602
1403637201.938319 34.273578644 -8.505338669 23.889434814 0.015935725 0.393765032 0.160718217 0.904911518
1403637201.988319 33.973209381 -8.437392235 23.723470688 0.014077045 0.393275946 0.163027376 0.904741943
1403637202.038319 33.706230164 -8.378208160 23.529920578 0.011525285 0.391448915 0.167703584 0.904715657
1403637202.088319 33.506095886 -8.336872101 23.278741837 0.006952460 0.388360709 0.173843071 0.904934347
1403637202.138319 33.299560547 -8.284302711 23.024650574 -0.000137256 0.385850787 0.178207844 0.905185699
1403637202.188319 33.183441162 -8.258144379 22.684356689 -0.008939760 0.385029912 0.177400932 0.905649483
1403637202.238319 33.079555511 -8.197162628 22.342885971 -0.019025818 0.387061566 0.169243455 0.906188726
1403637202.288319 32.986351013 -8.131311417 22.004110336 -0.030075988 0.389949232 0.158617079 0.906573594
1403637202.338319 32.889999390 -8.053693771 21.665542603 -0.039152481 0.392322004 0.149695069 0.906720400
1403637202.388319 32.891422272 -7.969816208 21.313606262 -0.046112195 0.394270331 0.141250581 0.906902850
1403637202.438319 32.899955750 -7.894638062 20.952104568 -0.049533699 0.395726740 0.135211855 0.907008588
1403637202.488319 32.950599670 -7.819008350 20.616178513 -0.048730209 0.396687806 0.130468100 0.907326996
1403637202.538319 33.013347626 -7.725859642 20.297615051 -0.046036500 0.397477508 0.126329631 0.907707572
1403637202.588319 33.081958771 -7.677137852 19.964813232 -0.041401777 0.397875726 0.123813033 0.908103049
1403637202.638319 33.182289124 -7.645132542 19.614757538 -0.036009301 0.398591131 0.119993374 0.908531785
1403637202.688319 33.307071686 -7.631519794 19.284570694 -0.032612700 0.399469972 0.115944959 0.908799708
1403637202.738319 33.404464722 -7.623513699 18.930793762 -0.028817682 0.400297970 0.112005569 0.909057677
1403637202.788319 33.575141907 -7.643277645 18.578163147 -0.028800732 0.401749671 0.105949663 0.909143806
1403637202.838319 33.672866821 -7.639372349 18.232807159 -0.029191300 0.403804034 0.099996023 0.908895433
1403637202.888319 33.835536957 -7.639036655 17.899332047 -0.030618569 0.405616164 0.094421625 0.908637762
1403637202.938319 33.970977783 -7.625933647 17.561796188 -0.032041486 0.407186687 0.089638159 0.908370733
1403637202.988319 34.120079041 -7.587049961 17.237125397 -0.033193123 0.408457249 0.086010709 0.908109605
1403637203.038319 34.264331818 -7.558909416 16.926849365 -0.033780433 0.409310371 0.083982415 0.907893658
1403637203.088319 34.400993347 -7.499197006 16.633821487 -0.033588752 0.409590214 0.083600692 0.907809734
1403637203.138319 34.547954559 -7.435196400 16.329854965 -0.032070231 0.409253806 0.085074306 0.907879472
1403637203.188319 34.662391663 -7.390006542 16.049646378 -0.033232141 0.410076886 0.083529122 0.907609761
1403637203.238319 34.789909363 -7.328262806 15.774741173 -0.032426629 0.410745263 0.082918026 0.907392681
1403637203.288319 34.923053741 -7.252310276 15.502628326 -0.032344118 0.411313415 0.082152888 0.907207787
1403637203.338319 35.044174194 -7.193597317 15.250583649 -0.032033242 0.411574483 0.081803225 0.907132030
1403637203.388319 35.146694183 -7.091299057 14.992104530 -0.031432215 0.411549151 0.082962893 0.907059252
1403637203.438319 35.265419006 -7.003733158 14.745306969 -0.032243755 0.412133604 0.082181357 0.906836510
1403637203.488319 35.379398346 -6.911642075 14.511762619 -0.032153990 0.412281364 0.082347259 0.906757474
1403637203.538319 35.477058411 -6.813076973 14.304191589 -0.031797387 0.412934899 0.081428483 0.906555593
1403637203.588319 35.555976868 -6.654619694 14.104660034 -0.031443782 0.413869411 0.079503864 0.906312585
1403637203.638319 35.650112152 -6.526818752 13.893359184 -0.032266807 0.415009111 0.077386342 0.905945718
1403637203.688319 35.733184814 -6.403871536 13.701229095 -0.031845178 0.415167004 0.077819541 0.905851185
1403637203.738319 35.813774109 -6.247832298 13.520301819 -0.030512771 0.415615439 0.078058198 0.905670822
1403637203.788319 35.879348755 -6.108321190 13.357972145 -0.030387975 0.416089177 0.078259572 0.905440092
1403637203.838319 35.958721161 -5.960686684 13.184747696 -0.030004578 0.416221350 0.078711182 0.905353010
1403637203.888319 36.027362823 -5.834492683 13.047141075 -0.029546024 0.416557282 0.078666210 0.905217469
1403637203.938319 36.085269928 -5.658946037 12.897497177 -0.029108427 0.416850805 0.078400619 0.905119598
1403637203.988319 36.134540558 -5.492163181 12.754584312 -0.029517433 0.417144388 0.078348644 0.904975593
1403637204.038319 36.178581238 -5.328910828 12.624160767 -0.030021293 0.417704999 0.077807687 0.904747069
1403637204.088319 36.219543457 -5.176252842 12.505010605 -0.029565867 0.417783439 0.078654334 0.904652655
1403637204.138319 36.229652405 -5.054495811 12.362960815 -0.029690409 0.418046623 0.078312591 0.904556572
1403637204.188319 36.289794922 -4.931182861 12.236971855 -0.030040678 0.417925715 0.078991733 0.904541850
1403637204.238319 36.300815582 -4.848696232 12.120257378 -0.030159120 0.418452382 0.078397289 0.904346108
1403637204.288319 36.318122864 -4.776079655 12.005205154 -0.031045791 0.418350101 0.079993941 0.904223621
1403637204.338319 36.311454773 -4.728600979 11.884526253 -0.029979786 0.418108881 0.081219591 0.904261887
1403637204.388319 36.308288574 -4.704910278 11.763639450 -0.027515139 0.417850673 0.083342023 0.904266477
1403637204.438319 36.275432587 -4.713915825 11.616399765 -0.025307972 0.418662399 0.083054289 0.903981864
1403637204.488319 36.255790710 -4.743168831 11.503314972 -0.020704363 0.418733090 0.085252419 0.903861701
1403637204.538319 36.236862183 -4.765797615 11.376483917 -0.018907534 0.419426143 0.085494608 0.903556764
1403637204.588319 36.193473816 -4.803639889 11.243417740 -0.019013718 0.420318246 0.086541332 0.903040230
1403637204.638319 36.145542145 -4.848608971 11.093698502 -0.019867474 0.421094775 0.087762944 0.902542055
1403637204.688319 36.105140686 -4.925764084 10.955982208 -0.022280496 0.422722936 0.086622976 0.901834428
1403637204.738319 36.050109863 -4.998408318 10.816497803 -0.022576006 0.423429400 0.087687001 0.901392758
1403637204.788319 35.999542236 -5.039436817 10.674889565 -0.024564574 0.424365819 0.088216998 0.900848508
1403637204.838319 35.958099365 -5.044296265 10.548224449 -0.025565464 0.424689442 0.089795455 0.900512099
1403637204.888319 35.910713196 -5.073727608 10.427235603 -0.026816232 0.425511539 0.089703873 0.900096655
1403637204.938319 35.845905304 -5.069289684 10.307423592 -0.028913457 0.425832003 0.090285793 0.899821937
1403637204.988319 35.774436951 -5.045979977 10.200514793 -0.032021016 0.425874949 0.091849454 0.899538159
1403637205.038319 35.710281372 -5.003585339 10.111957550 -0.035082385 0.425815910 0.092946112 0.899339259
1403637205.088319 35.659835815 -4.974087238 10.025108337 -0.037243534 0.425744951 0.093543045 0.899224043
1403637205.138319 35.588687897 -4.926647663 9.948467255 -0.037424278 0.425779313 0.093757041 0.899177969
1403637205.188319 35.543647766 -4.877337933 9.872883797 -0.037830852 0.425679833 0.093032204 0.899283350
1403637205.238319 35.488754272 -4.814770699 9.810997009 -0.038660802 0.424173325 0.093026683 0.899960220
1403637205.288319 35.422302246 -4.737685204 9.762367249 -0.039498553 0.421850026 0.092105292 0.901109934
1403637205.338319 35.368347168 -4.687180996 9.716524124 -0.039002247 0.418549418 0.090176634 0.902864039
1403637205.388319 35.291286469 -4.660809517 9.667265892 -0.039386261 0.415596545 0.088335417 0.904392123
1403637205.438319 35.248004913 -4.641199112 9.640126228 -0.038762826 0.412969291 0.085844040 0.905861259
1403637205.488319 35.174575806 -4.630087852 9.602293015 -0.036590524 0.410240978 0.083283305 0.907428980
1403637205.538319 35.119670868 -4.660444736 9.583272934 -0.034105916 0.407730252 0.080971479 0.908865452
1403637205.588319 35.061813354 -4.667561531 9.557100296 -0.032871556 0.405758023 0.078516312 0.910008311
1403637205.638319 34.982852936 -4.672835350 9.531146049 -0.031404004 0.403794527 0.077600211 0.911011517
1403637205.688319 34.920822144 -4.654670715 9.532843590 -0.031100258 0.402453601 0.076436989 0.911713362
1403637205.738319 34.841480255 -4.623820782 9.524097443 -0.031210234 0.401018351 0.076749347 0.912315607
1403637205.788319 34.766147614 -4.553568840 9.526463509 -0.031083938 0.400052190 0.076215997 0.912788689
1403637205.838319 34.702655792 -4.498400211 9.544557571 -0.031572185 0.399523824 0.075597353 0.913054764
1403637205.888319 34.626914978 -4.422185898 9.558412552 -0.031210499 0.398643851 0.076286785 0.913394392
1403637205.938319 34.534523010 -4.346261978 9.589966774 -0.030958220 0.398390323 0.076186694 0.913521945
1403637205.988319 34.425529480 -4.284501076 9.605094910 -0.030643241 0.398082733 0.075580403 0.913716972
1403637206.038319 34.326679230 -4.229833126 9.627386093 -0.029899636 0.397525460 0.076170482 0.913935244
1403637206.088319 34.225578308 -4.205810547 9.653615952 -0.029191311 0.396839738 0.077540033 0.914140940
1403637206.138319 34.130184174 -4.184132099 9.666440010 -0.027917691 0.395463973 0.080600016 0.914512157
1403637206.188319 34.001117706 -4.185333729 9.686984062 -0.025773918 0.393684179 0.084948041 0.914949358
1403637206.238319 33.906707764 -4.214734077 9.712299347 -0.025080761 0.392729998 0.087039858 0.915182054
1403637206.288319 33.790817261 -4.263770580 9.723347664 -0.023454690 0.392100751 0.088921838 0.915314078
1403637206.338319 33.690525055 -4.314311504 9.722996712 -0.021970965 0.391733646 0.090389006 0.915364325
1403637206.388319 33.575817108 -4.399424553 9.713726044 -0.021974046 0.391604334 0.090407528 0.915417731
1403637206.438319 33.450355530 -4.470377922 9.704561234 -0.022070048 0.391812354 0.090726979 0.915294826
1403637206.488319 33.340038300 -4.567570210 9.674367905 -0.022030702 0.392083198 0.090282500 0.915223718
1403637206.538319 33.231613159 -4.643607616 9.648330688 -0.021674644 0.392384171 0.090188146 0.915112555
1403637206.588319 33.129859924 -4.714810371 9.627321243 -0.021944245 0.392990351 0.089403138 0.914923072
1403637206.638319 33.022827148 -4.770445824 9.598980904 -0.022410279 0.393649459 0.088455051 0.914720476
1403637206.688319 32.920463562 -4.798022270 9.593691826 -0.022948893 0.394594133 0.087086946 0.914431334
1403637206.738319 32.812305450 -4.823998451 9.567719460 -0.022689292 0.395226687 0.086155497 0.914252877
1403637206.788319 32.721080780 -4.844281197 9.550669670 -0.022044869 0.395888150 0.084998228 0.914090753
1403637206.838319 32.625221252 -4.840947151 9.536668777 -0.022084286 0.396362513 0.084560409 0.913924813
1403637206.888319 32.503868103 -4.860208511 9.504850388 -0.021144174 0.396971375 0.084039465 0.913730860
1403637206.938319 32.397239685 -4.881730556 9.493941307 -0.019435083 0.397117913 0.083789513 0.913728058
1403637206.988319 32.265815735 -4.922362804 9.455501556 -0.019121286 0.397669077 0.083751783 0.913498402
1403637207.038319 32.152763367 -4.984633446 9.405397415 -0.018735364 0.398161650 0.083785586 0.913288713
1403637207.088319 32.028964996 -5.023975372 9.374530792 -0.019237686 0.398557395 0.084474981 0.913042128
1403637207.138319 31.880258560 -5.069978714 9.312531471 -0.017816495 0.399365693 0.084504157 0.912715018
1403637207.188319 31.774353027 -5.103414059 9.261044502 -0.017815433 0.399903595 0.085179597 0.912416637
1403637207.238319 31.636215210 -5.094997406 9.230105400 -0.016020047 0.400570124 0.084935032 0.912180364
1403637207.288319 31.495326996 -5.078289986 9.186596870 -0.016360333 0.401030630 0.085690901 0.911901236
1403637207.338319 31.357013702 -5.059901237 9.145079613 -0.016752658 0.401478738 0.086331464 0.911636472
1403637207.388319 31.221429825 -5.020254135 9.088303566 -0.017008161 0.401907951 0.086081229 0.911466241
1403637207.438319 31.079067230 -4.941996574 9.044548035 -0.016738264 0.402507782 0.086022153 0.911212087
1403637207.488319 30.951313019 -4.884809017 9.009630203 -0.017146543 0.402867228 0.086851768 0.910966933
1403637207.538319 30.814109802 -4.787145615 8.960677147 -0.018731369 0.402832359 0.088574484 0.910785258
1403637207.588319 30.647150040 -4.687410355 8.913402557 -0.020964416 0.401989311 0.093306802 0.910636544
1403637207.638319 30.500970840 -4.590864182 8.858712196 -0.025214046 0.400055528 0.100503258 0.910614610
1403637207.688319 30.344089508 -4.507523537 8.791761398 -0.028577633 0.398702800 0.105943784 0.910491824
1403637207.738319 30.240913391 -4.451455116 8.736824989 -0.031015959 0.398325354 0.107698560 0.910371304
1403637207.788319 30.106815338 -4.412475109 8.672051430 -0.031371292 0.398979872 0.106433794 0.910221279
1403637207.838319 30.000013351 -4.418369293 8.576762199 -0.031141840 0.400111079 0.104009971 0.910012782
1403637207.888319 29.881769180 -4.431996822 8.496726036 -0.030982284 0.401725173 0.100522965 0.909698904
1403637207.938319 29.785570145 -4.476824760 8.402135849 -0.030019701 0.402928352 0.097352967 0.909543812
1403637207.988319 29.701972961 -4.550707340 8.282637596 -0.029541558 0.403847247 0.094851241 0.909416258
1403637208.038319 29.605810165 -4.634042263 8.172084808 -0.029521801 0.404818684 0.092426457 0.909234643
1403637208.088319 29.505477905 -4.727153301 8.065318108 -0.029873256 0.405680418 0.090749875 0.909007907
1403637208.138319 29.412565231 -4.832880974 7.957641602 -0.030440774 0.406221360 0.089681000 0.908853650
1403637208.188319 29.307064056 -4.969532490 7.852012634 -0.029794460 0.407344550 0.087570719 0.908578098
1403637208.238319 29.214708328 -5.090517044 7.748033524 -0.030901572 0.407604128 0.088172913 0.908366382
1403637208.288319 29.126033783 -5.213080883 7.634288788 -0.028868020 0.406624526 0.092744172 0.908417165
1403637208.338319 29.032371521 -5.317660332 7.528368950 -0.026194207 0.405864924 0.096937694 0.908399999
1403637208.388319 28.938846588 -5.399570942 7.435862541 -0.024030766 0.405375242 0.100048177 0.908341229
1403637208.438319 28.853908539 -5.468766689 7.346980095 -0.022639219 0.405994087 0.100527324 0.908047616
1403637208.488319 28.784536362 -5.509627342 7.242938995 -0.022618219 0.406478375 0.100108191 0.907877803
1403637208.538319 28.697456360 -5.521843910 7.168498993 -0.021596633 0.407405347 0.098583534 0.907653987
1403637208.588319 28.630847931 -5.529426575 7.065691948 -0.022527974 0.408713281 0.096023157 0.907317758
1403637208.638319 28.549083710 -5.521286964 6.995425224 -0.022861486 0.409581393 0.094008967 0.907128870
1403637208.688319 28.491464615 -5.512449265 6.900663376 -0.023347694 0.410602182 0.091549411 0.906906545
1403637208.738319 28.430477142 -5.480093002 6.797117233 -0.022531431 0.411102384 0.089972489 0.906858385
1403637208.788319 28.343933105 -5.437546730 6.714568138 -0.021678433 0.411476761 0.088927925 0.906812429
1403637208.838319 28.279304504 -5.393536568 6.646186829 -0.021833133 0.411893874 0.088102028 0.906699955
1403637208.888319 28.207836151 -5.329617500 6.538907051 -0.023105372 0.412538081 0.086394429 0.906539798
1403637208.938319 28.143230438 -5.253401756 6.464327812 -0.025293253 0.414022237 0.081726387 0.906237662
1403637208.988319 28.048748016 -5.139441490 6.407004356 -0.028384160 0.416249514 0.075893521 0.905632854
1403637209.038319 27.972373962 -5.021115303 6.337250710 -0.031326879 0.418209165 0.069901995 0.905115128
1403637209.088319 27.891283035 -4.904493332 6.287582397 -0.033977251 0.419225633 0.064393818 0.904957891
1403637209.138319 27.777400970 -4.793895245 6.237318039 -0.034350943 0.417792737 0.060619362 0.905866742
1403637209.188319 27.641830444 -4.694012642 6.212561607 -0.035070684 0.412547648 0.061997734 0.908146858
1403637209.238319 27.498783112 -4.629298210 6.189998627 -0.034197852 0.404639572 0.066413999 0.911420047
1403637209.288319 27.349277496 -4.573491096 6.158013344 -0.036156591 0.395938694 0.070438728 0.914857209
1403637209.338319 27.220207214 -4.535722733 6.134932518 -0.038151484 0.387810677 0.073229425 0.918033123
1403637209.388319 27.009071350 -4.511184692 6.124309540 -0.041548859 0.381272376 0.074720845 0.920500875
1403637209.438319 26.865327835 -4.495462894 6.106513023 -0.045546263 0.375573993 0.075645551 0.922576547
1403637209.488319 26.713603973 -4.514112949 6.081659317 -0.052240875 0.370170683 0.076904513 0.924299836
1403637209.538319 26.561353683 -4.553764820 6.071923256 -0.060808022 0.365383059 0.078101933 0.925579667
1403637209.588319 26.434110641 -4.581966877 6.061622620 -0.070189588 0.361100256 0.079474740 0.926479280
1403637209.638319 26.312175751 -4.634175777 6.062628746 -0.078375801 0.357134879 0.081165060 0.927213132
1403637209.688319 26.200185776 -4.728555202 6.087738991 -0.084394142 0.353887349 0.082640022 0.927799523
1403637209.738319 26.099262238 -4.837769032 6.142017365 -0.088732161 0.351421177 0.083892815 0.928219676
1403637209.788319 25.996536255 -4.967607498 6.234056473 -0.091528960 0.350128591 0.084427983 0.928388059
1403637209.838319 25.925317764 -5.107097626 6.317816734 -0.094165608 0.349205047 0.084985793 0.928421259
1403637209.888319 25.896360397 -5.252142429 6.455042839 -0.096501656 0.347935557 0.087389544 0.928434908
1403637209.938319 25.854446411 -5.362673759 6.609726429 -0.100061208 0.347303092 0.089120403 0.928130329
1403637209.988319 25.845775604 -5.443142891 6.773926735 -0.104973122 0.346630961 0.090490855 0.927706361
1403637210.038319 25.870441437 -5.493243217 6.991846561 -0.111084290 0.346018553 0.092265427 0.927048266
1403637210.088319 25.900535583 -5.499755383 7.266295433 -0.117082864 0.345882535 0.093856156 0.926200807
1403637210.138319 25.940567017 -5.495414734 7.544503689 -0.122292683 0.345110983 0.096687019 0.925523937
1403637210.188319 26.014318466 -5.459131241 7.884387970 -0.128360182 0.344640225 0.099013627 0.924631298
1403637210.238319 26.113601685 -5.404759884 8.248553276 -0.133319557 0.344052136 0.101067789 0.923926055
1403637210.288319 26.250045776 -5.388584614 8.664617538 -0.137781397 0.343777567 0.102038637 0.923266709
1403637210.338319 26.418083191 -5.373617172 9.097665787 -0.139979497 0.343262702 0.103352040 0.922981501
1403637210.388319 26.595451355 -5.352827549 9.631411552 -0.141826481 0.343293101 0.104128137 0.922600865
1403637210.438319 26.868402481 -5.396142483 10.131483078 -0.140301138 0.343141139 0.103528857 0.922958016
1403637210.488319 27.137357712 -5.433887482 10.712358475 -0.134801716 0.343938738 0.100760289 0.923786759
1403637210.538319 27.446395874 -5.488607407 11.324004173 -0.126938388 0.344593525 0.097739778 0.924980462
1403637210.588319 27.776559830 -5.536388874 11.976559639 -0.119609997 0.344883114 0.095797591 0.926051736
1403637210.638319 28.132316589 -5.612881184 12.649177551 -0.111972854 0.344912142 0.094486080 0.927129984
1403637210.688319 28.497856140 -5.680083275 13.342634201 -0.106132172 0.344893456 0.092790954 0.927994788
1403637210.738319 28.890220642 -5.743464947 14.068057060 -0.101954505 0.344269305 0.092745595 0.928699195
1403637210.788319 29.275629044 -5.806640625 14.842240334 -0.096626662 0.342570513 0.096488722 0.929515302
1403637210.838319 29.698514938 -5.882363796 15.602766037 -0.091477104 0.341212541 0.099719577 0.930194557
1403637210.888319 30.133438110 -5.930945873 16.393678665 -0.085558526 0.339883000 0.103565156 0.930824101
1403637210.938319 30.591903687 -5.978063107 17.200326920 -0.076864466 0.338660747 0.106962077 0.931643605
1403637210.988319 31.076812744 -6.046870708 18.033010483 -0.068157881 0.338246673 0.108508468 0.932292640
1403637211.038319 31.568418503 -6.105179787 18.844751358 -0.059436247 0.338262856 0.109567061 0.932759643
1403637211.088319 32.096458435 -6.140220165 19.678020477 -0.051478628 0.338206291 0.111453198 0.933029830
1403637211.138319 32.626415253 -6.182243347 20.491031647 -0.048001260 0.339512676 0.109828576 0.932933390
1403637211.188319 33.190700531 -6.204869270 21.297164917 -0.046019956 0.342024148 0.104722872 0.932702899
1403637211.238319 33.768547058 -6.228385448 22.111942291 -0.042670060 0.344513088 0.099777304 0.932488322
1403637211.288319 34.336750031 -6.220102310 22.915342331 -0.038395099 0.347748011 0.094127737 0.932060659
1403637211.338319 34.903762817 -6.236238003 23.705558777 -0.033852745 0.350795776 0.089571290 0.931543529
1403637211.388319 35.462951660 -6.231477261 24.518590927 -0.029511703 0.353069633 0.086379759 0.931133389
1403637211.438319 36.062343597 -6.218567848 25.310167313 -0.027607357 0.354538441 0.084454007 0.930810273
1403637211.488319 36.623138428 -6.171741009 26.096071243 -0.026178669 0.355607301 0.084041007 0.930481195
1403637211.538319 37.230522156 -6.150238037 26.864566803 -0.028067384 0.355312526 0.085878193 0.930370986
1403637211.588319 37.811798096 -6.112331390 27.631700516 -0.030598765 0.355253160 0.087787658 0.930135608
1403637211.638319 38.367652893 -6.110057354 28.384513855 -0.032826006 0.354712069 0.089772500 0.930076718
1403637211.688319 38.936187744 -6.108886242 29.119886398 -0.033905629 0.353948742 0.092177115 0.930093586
1403637211.738319 39.535587311 -6.146200657 29.834390640 -0.038645592 0.352207303 0.097500965 0.930026948
1403637211.788319 40.060874939 -6.183138847 30.560811996 -0.042525385 0.350355148 0.103477143 0.929911435
1403637211.838319 40.637939453 -6.255971432 31.255697250 -0.045267709 0.348151773 0.110504076 0.929801047
1403637211.888319 41.214069366 -6.332965851 31.965732574 -0.048105661 0.347566426 0.113405816 0.929528117
1403637211.938319 41.856502533 -6.444022179 32.632320404 -0.049725857 0.347814977 0.112977773 0.929402053
1403637211.988319 42.480274200 -6.549360275 33.272865295 -0.049011745 0.349051923 0.109611705 0.929379284
1403637212.038319 43.120849609 -6.762980461 33.895889282 -0.046693187 0.351559639 0.103376731 0.929267883
1403637212.088319 43.755783081 -6.916031837 34.565189362 -0.040166877 0.353953987 0.097148456 0.929336011
1403637212.138319 44.391868591 -7.101150990 35.208660126 -0.032732338 0.355718344 0.091904268 0.929487348
1403637212.188319 45.097229004 -7.317831516 35.838287354 -0.026756000 0.357434064 0.087293454 0.929464817
1403637212.238319 45.701828003 -7.507800102 36.431133270 -0.021732165 0.358815283 0.084178060 0.929351032
1403637212.288319 46.361671448 -7.755802631 36.985816956 -0.019404501 0.359633118 0.081906602 0.929289401
1403637212.338319 46.974380493 -7.990430355 37.651943207 -0.016562011 0.360842288 0.080177888 0.929026425
1403637212.388319 47.599555969 -8.220007896 38.280479431 -0.015103412 0.361867815 0.079425663 0.928716898
1403637212.438319 48.220325470 -8.484914780 38.832931519 -0.014601252 0.362943709 0.078562386 0.928378522
1403637212.488319 48.794754028 -8.734415054 39.370983124 -0.017060578 0.363516003 0.079168148 0.928061128
1403637212.538319 49.374740601 -9.044238091 39.902442932 -0.021447886 0.364212424 0.080153637 0.927612364
1403637212.588319 49.989585876 -9.284767151 40.338291168 -0.025700849 0.364085406 0.082427457 0.927354813
1403637212.638319 50.592308044 -9.550979614 40.900398254 -0.031096170 0.364708811 0.083781488 0.926823139
1403637212.688319 51.147373199 -9.836440086 41.434059143 -0.035585891 0.364720166 0.085358620 0.926513195
1403637212.738319 51.749244690 -10.112936020 41.942035675 -0.039239667 0.365361333 0.084791638 0.926165044
1403637212.788319 52.326477051 -10.433706284 42.424247742 -0.041214123 0.365740925 0.083938755 0.926007152
1403637212.838319 52.925209045 -10.698308945 42.892845154 -0.044440068 0.365891337 0.083451666 0.925842524
1403637212.888319 53.510581970 -10.950109482 43.387752533 -0.045354601 0.366381437 0.081932403 0.925740063
1403637212.938319 54.073764801 -11.263077736 43.865520477 -0.046539247 0.366829753 0.079337053 0.925729811
1403637212.988319 54.655712128 -11.575385094 44.372215271 -0.047475185 0.366887033 0.077059440 0.925852001
1403637213.038319 55.221862793 -11.891373634 44.891307831 -0.047862776 0.366261333 0.076993689 0.926085174
1403637213.088319 55.844226837 -12.177178383 45.413085938 -0.046995450 0.364700198 0.078256294 0.926639736
1403637213.138319 56.372905731 -12.455652237 45.917453766 -0.047331229 0.363342881 0.080216885 0.926988065
1403637213.188319 56.940238953 -12.737342834 46.434673309 -0.046842430 0.361723036 0.082235500 0.927469432
1403637213.238319 57.509094238 -13.015794754 46.977111816 -0.046152610 0.360910028 0.082683481 0.927780867
1403637213.288319 58.094100952 -13.266081810 47.539360046 -0.046186715 0.359968543 0.083238035 0.928095281
1403637213.338319 58.644466400 -13.485379219 48.065299988 -0.044861902 0.359920204 0.082820289 0.928216398
1403637213.388319 59.229042053 -13.713388443 48.607456207 -0.043562494 0.359987497 0.081913710 0.928332627
1403637213.438319 59.812744141 -13.929027557 49.159816742 -0.041251272 0.360064209 0.080907270 0.928496718
1403637213.488319 60.385486603 -14.135805130 49.671051025 -0.039577812 0.360475868 0.079802655 0.928505421
1403637213.538319 60.951026917 -14.317196846 50.250465393 -0.038266622 0.361025095 0.077683792 0.928526700
1403637213.588319 61.539802551 -14.497657776 50.793354034 -0.038550857 0.363316655 0.070149548 0.928220809
1403637213.638319 62.056018829 -14.655075073 51.340476990 -0.039968826 0.365203381 0.064218022 0.927849650
1403637213.688319 62.617549896 -14.805578232 51.882408142 -0.043394353 0.366619885 0.058732141 0.927500606
1403637213.738319 63.209671021 -14.930191040 52.471511841 -0.045220241 0.367718607 0.054249436 0.927251399
1403637213.788319 63.738849640 -15.059856415 53.010932922 -0.048491228 0.368031442 0.052562091 0.927059174
1403637213.838319 64.282707214 -15.152993202 53.596542358 -0.049921330 0.367858142 0.050746020 0.927153230
1403637213.888319 64.797554016 -15.236885071 54.186897278 -0.050913844 0.367855072 0.049114015 0.927188337
1403637213.938319 65.262573242 -15.331399918 54.822032928 -0.052413415 0.367894053 0.048630238 0.927114844
1403637213.988319 65.759590149 -15.458846092 55.405239105 -0.050152082 0.367579937 0.046754677 0.927460909
1403637214.038319 66.210502625 -15.591591835 56.034404755 -0.046362124 0.365601957 0.045876730 0.928483248
1403637214.088319 66.670783997 -15.732653618 56.679450989 -0.041095786 0.361445695 0.046394285 0.930330932
1403637214.138319 67.074707031 -15.916391373 57.303024292 -0.036247671 0.355734587 0.049504180 0.932570875
1403637214.188319 67.485771179 -16.086378098 57.915157318 -0.031376254 0.349058837 0.050900538 0.935191214
1403637214.238319 67.851470947 -16.274875641 58.548904419 -0.027895598 0.342475235 0.050040189 0.937778533
1403637214.288319 68.198722839 -16.498929977 59.128211975 -0.024775119 0.335104883 0.046702858 0.940696418
1403637214.338319 68.520996094 -16.694984436 59.775817871 -0.021098031 0.326727480 0.042367186 0.943932772
1403637214.388319 68.867591858 -16.928489685 60.380241394 -0.018052969 0.317694217 0.034382783 0.947397649
1403637214.438319 69.160018921 -17.158544540 60.967388153 -0.017262634 0.308144689 0.024270887 0.950873137
1403637214.488319 69.430183411 -17.359348297 61.551788330 -0.016577667 0.297549307 0.014084068 0.954458594
1403637214.538319 69.669708252 -17.645828247 62.116741180 -0.016367573 0.287029058 0.003275805 0.957776427
1403637214.588319 69.878395081 -17.904472351 62.662986755 -0.016434481 0.277763546 -0.007474192 0.960479796
1403637214.638319 70.064689636 -18.170167923 63.209030151 -0.015328146 0.269407243 -0.018782182 0.962721169
1403637214.688319 70.219863892 -18.461086273 63.746749878 -0.014106910 0.262319744 -0.028632890 0.964452922
1403637214.738319 70.343536377 -18.770416260 64.248977661 -0.013823972 0.256816179 -0.038554601 0.965591967
1403637214.788319 70.390548706 -19.063169479 64.805030823 -0.012091384 0.251790136 -0.044934202 0.966662526
1403637214.838319 70.413856506 -19.385591507 65.313903809 -0.011637727 0.247213066 -0.047913212 0.967705846
1403637214.888319 70.409103394 -19.697774887 65.780677795 -0.011575811 0.243499964 -0.049402140 0.968572736
1403637214.938319 70.328369141 -19.970085144 66.319046021 -0.010617279 0.240983978 -0.050236180 0.969169915
1403637214.988319 70.241943359 -20.252809525 66.805007935 -0.008916077 0.238952324 -0.050392359 0.969681859
1403637215.038319 70.099868774 -20.484029770 67.306838989 -0.007115536 0.237417638 -0.049799610 0.970104218
1403637215.088319 69.921844482 -20.746362686 67.776641846 -0.004679096 0.236799613 -0.050219074 0.970248461
1403637215.138319 69.703666687 -20.941190720 68.303321838 -0.001932758 0.236686125 -0.050187353 0.970287204
1403637215.188319 69.472457886 -21.140878677 68.756309509 0.000585017 0.236363307 -0.049323067 0.970411956
1403637215.238319 69.174865723 -21.339895248 69.216362000 0.003233875 0.235032201 -0.045813877 0.970901906
1403637215.288319 68.862136841 -21.494132996 69.656280518 0.005311358 0.232201099 -0.042772830 0.971712410
1403637215.338319 68.489898682 -21.638942719 70.099693298 0.009183309 0.227558747 -0.039047565 0.972937822
1403637215.388319 68.080291748 -21.772006989 70.541236877 0.013842262 0.221557096 -0.036471449 0.974366844
1403637215.438319 67.621246338 -21.890714645 70.906211853 0.020807423 0.212934047 -0.032226674 0.976313293
1403637215.488319 67.166000366 -22.030757904 71.254096985 0.028033257 0.203147307 -0.029856488 0.978291333
1403637215.538319 66.611305237 -22.096290588 71.691871643 0.033485610 0.193447813 -0.029493773 0.980095327
1403637215.588319 66.067939758 -22.203466415 72.013816833 0.035302419 0.182510257 -0.029887471 0.982115328
1403637215.638319 65.422546387 -22.349081039 72.266105652 0.034717035 0.170240417 -0.030539939 0.984317183
1403637215.688319 64.892402649 -22.470775604 72.464401245 0.032567736 0.156948581 -0.033654105 0.986495793
1403637215.738319 64.346633911 -22.615942001 72.631423950 0.025298832 0.143127501 -0.035494193 0.988744020
1403637215.788319 63.621086121 -22.638858795 72.865470886 0.017466143 0.129205599 -0.037357409 0.990759969
1403637215.838319 63.008781433 -22.755622864 72.987670898 0.009305791 0.114775218 -0.038980704 0.992582798
1403637215.888319 62.331409454 -22.872587204 73.088722229 0.003105739 0.101123147 -0.040146377 0.994058728
1403637215.938319 61.573097229 -22.961849213 73.206123352 -0.001627258 0.089152500 -0.039842345 0.995219469
1403637215.988319 60.914608002 -23.096235275 73.179512024 -0.006593841 0.077343293 -0.039346933 0.996205986
1403637216.038319 60.209053040 -23.222761154 73.215850830 -0.008604450 0.065776199 -0.038095828 0.997069776
1403637216.088319 59.547050476 -23.320880890 73.240608215 -0.010547771 0.054286726 -0.037537672 0.997763813
1403637216.138319 58.804439545 -23.535385132 73.181594849 -0.012545399 0.043651324 -0.036790155 0.998290360
1403637216.188319 58.121810913 -23.671468735 73.160751343 -0.012459388 0.034613378 -0.036466192 0.998657525
1403637216.238319 57.453857422 -23.781698227 73.153060913 -0.012972898 0.027129546 -0.035144176 0.998929679
1403637216.288319 56.820648193 -23.839710236 73.120979309 -0.011418690 0.020742921 -0.033548735 0.999156594
1403637216.338319 56.068603516 -23.958354950 73.047492981 -0.009851859 0.016690858 -0.033078395 0.999264777
1403637216.388319 55.410167694 -24.007709503 73.005561829 -0.006181152 0.013665764 -0.032529969 0.999358237
1403637216.438319 54.796165466 -24.084878922 72.948791504 -0.001601346 0.011438703 -0.032809634 0.999394894
1403637216.488319 54.208477020 -24.095115662 72.857353210 0.002394461 0.010128430 -0.033455521 0.999386013
1403637216.538319 53.427822113 -24.091976166 72.759727478 0.006919556 0.010199655 -0.033028368 0.999378443
1403637216.588319 52.812507629 -24.070325851 72.659599304 0.009434019 0.009168046 -0.030571012 0.999446034
1403637216.638319 52.211353302 -24.049774170 72.537803650 0.012395732 0.008636900 -0.028021932 0.999493122
1403637216.688319 51.603393555 -23.994924545 72.386131287 0.017061105 0.008392447 -0.024649143 0.999515355
1403637216.738319 50.978740692 -23.954881668 72.171264648 0.022259139 0.008805354 -0.022639645 0.999457061
1403637216.788319 50.394710541 -23.900444031 71.973007202 0.027054701 0.010017185 -0.021997219 0.999341667
1403637216.838319 49.856700897 -23.840301514 71.742301941 0.031523641 0.011600393 -0.023056347 0.999169707
1403637216.888319 49.350593567 -23.789445877 71.490768433 0.035193436 0.013501543 -0.024530400 0.998988211
1403637216.938319 48.722045898 -23.729393005 71.124435425 0.037254333 0.016096635 -0.026382055 0.998827815
1403637216.988319 48.188934326 -23.673482895 70.787147522 0.036008541 0.017980117 -0.026546635 0.998836994
1403637217.038319 47.742523193 -23.600183487 70.400138855 0.031729680 0.018258661 -0.023308905 0.999057829
1403637217.088319 47.168212891 -23.573059082 69.947982788 0.025396038 0.017661065 -0.016272776 0.999388993
1403637217.138319 46.679115295 -23.494844437 69.494636536 0.020311687 0.016997594 -0.009782460 0.999601364
1403637217.188319 46.175472260 -23.417304993 69.020950317 0.017122943 0.016238000 -0.001792731 0.999719918
1403637217.238319 45.719829559 -23.313421249 68.531547546 0.015549209 0.015314645 0.005848522 0.999744713
1403637217.288319 45.305252075 -23.206699371 68.055061340 0.013461368 0.015401434 0.010486791 0.999735773
1403637217.338319 44.853080750 -23.040645599 67.520835876 0.011702247 0.015743840 0.015105193 0.999693453
1403637217.388319 44.419769287 -22.841413498 66.958236694 0.011184443 0.016070297 0.018913193 0.999629438
1403637217.438319 44.044250488 -22.660537720 66.412910461 0.010177020 0.016834846 0.021884648 0.999566972
1403637217.488319 43.710720062 -22.456520081 65.851882935 0.009572073 0.017130189 0.023440305 0.999532640
1403637217.538319 43.407497406 -22.220626831 65.261978149 0.011169206 0.016526699 0.022031555 0.999558270
1403637217.588319 43.044677734 -21.981773376 64.621696472 0.013292576 0.014848068 0.018201102 0.999635696
1403637217.638319 42.775074005 -21.742923737 64.003440857 0.015712813 0.012509673 0.010461289 0.999743521
1403637217.688319 42.527961731 -21.448177338 63.353897095 0.020623650 0.009408382 -0.002623657 0.999739587
1403637217.738319 42.285865784 -21.209627151 62.708042145 0.024044588 0.004569876 -0.017700983 0.999543726
1403637217.788319 42.010704041 -20.951406479 61.951705933 0.027563462 -0.002681987 -0.032465234 0.999089122
1403637217.838319 41.823726654 -20.691469193 61.205970764 0.026243242 -0.013540958 -0.042690504 0.998651803
1403637217.888319 41.608783722 -20.443967819 60.459537506 0.025766553 -0.024417553 -0.053125922 0.997956693
1403637217.938319 41.318496704 -20.233833313 59.680065155 0.022842105 -0.034349993 -0.059197087 0.997393608
1403637217.988319 41.099662781 -19.975625992 58.841339111 0.019946311 -0.044522062 -0.063824274 0.996767998
1403637218.038319 40.903938293 -19.659540176 57.895515442 0.017792188 -0.054055568 -0.066279404 0.996176958
1403637218.088319 40.711502075 -19.432579041 57.022079468 0.012989778 -0.062514104 -0.067134894 0.995698869
1403637218.138319 40.480674744 -19.224969864 56.128456116 0.010303604 -0.069107495 -0.068816029 0.995179594
1403637218.188319 40.253105164 -18.974597931 55.226394653 0.007590583 -0.074437961 -0.070229150 0.994720697
1403637218.238319 40.005100250 -18.663162231 54.226058960 0.005662487 -0.078332201 -0.071716398 0.994328320
1403637218.288319 39.805862427 -18.396776199 53.300701141 0.004447436 -0.081878722 -0.072466172 0.993994355
1403637218.338319 39.628959656 -18.131330490 52.376396179 0.004227790 -0.083663262 -0.075469375 0.993623137
1403637218.388319 39.353855133 -17.757904053 51.386329651 0.004611865 -0.085287206 -0.074643955 0.993545711
1403637218.438319 39.169731140 -17.443986893 50.437767029 0.004274322 -0.086633183 -0.074440315 0.993446052
1403637218.488319 38.932518005 -17.136854172 49.483901978 0.005173421 -0.086777285 -0.075057387 0.993382752
1403637218.538319 38.747398376 -16.783031464 48.475090027 0.004935661 -0.086992972 -0.075625785 0.993321955
1403637218.588319 38.516258240 -16.433738708 47.472396851 0.005041592 -0.086275525 -0.076048143 0.993351817
1403637218.638319 38.318622589 -16.090635300 46.417819977 0.002344199 -0.085604526 -0.075676121 0.993448257
1403637218.688319 38.166328430 -15.791539192 45.371734619 -0.000126134 -0.084436186 -0.077289268 0.993426859
1403637218.738319 37.910713196 -15.479327202 44.335456848 -0.004453800 -0.083716601 -0.075410880 0.993622124
1403637218.788319 37.690979004 -15.147790909 43.279468536 -0.006134273 -0.082840830 -0.074257411 0.993773401
1403637218.838319 37.567390442 -14.855409622 42.171092987 -0.008386180 -0.080678053 -0.078171998 0.993634641
1403637218.888319 37.360637665 -14.475748062 41.096374512 -0.010227274 -0.078008115 -0.082698949 0.993464172
1403637218.938319 37.154037476 -14.071771622 40.072879791 -0.010050726 -0.075911649 -0.086850330 0.993274093
1403637218.988319 36.907653809 -13.618219376 38.991909027 -0.010661786 -0.073430300 -0.091445252 0.993041813
1403637219.038319 36.649833679 -13.110254288 37.973464966 -0.010997612 -0.071507014 -0.094881430 0.992856145
1403637219.088319 36.366867065 -12.615782738 36.942695618 -0.011133151 -0.070345715 -0.096289195 0.992802083
1403637219.138319 36.207641602 -12.130356789 35.858299255 -0.010768490 -0.070332050 -0.097252667 0.992713153
1403637219.188319 35.991310120 -11.639377594 34.802368164 -0.011481888 -0.070183799 -0.097082488 0.992732286
1403637219.238319 35.718387604 -11.096359253 33.778472900 -0.011623678 -0.069888383 -0.095747121 0.992881179
1403637219.288319 35.417976379 -10.626844406 32.684276581 -0.013026396 -0.069873899 -0.094406560 0.992993116
1403637219.338319 35.142139435 -10.215182304 31.546604156 -0.013599605 -0.070283242 -0.091859654 0.993195415
1403637219.388319 34.827949524 -9.784823418 30.426349640 -0.016242040 -0.069807015 -0.091438979 0.993228137
1403637219.438319 34.453372955 -9.385558128 29.298343658 -0.018314928 -0.069843166 -0.089982279 0.993322551
1403637219.488319 34.086055756 -8.949172974 28.255165100 -0.026888622 -0.069615036 -0.087815225 0.993337452
1403637219.538319 33.743633270 -8.499003410 27.252212524 -0.033678163 -0.069202863 -0.086746804 0.993253112
1403637219.588319 33.337364197 -8.222058296 26.001663208 -0.043023441 -0.068947181 -0.084927343 0.993067265
1403637219.638319 32.966125488 -7.915614128 24.789817810 -0.049641334 -0.068721473 -0.083121784 0.992926955
1403637219.688319 32.525302887 -7.587025642 23.696973801 -0.055341475 -0.067748144 -0.082677916 0.992729485
1403637219.738319 32.177730560 -7.299655914 22.672672272 -0.058008149 -0.067597404 -0.081814885 0.992659032
1403637219.788319 31.746107101 -7.095880508 21.433776855 -0.061301902 -0.067461684 -0.080253795 0.992597759
1403637219.838319 31.339256287 -6.788805008 20.516925812 -0.063640781 -0.066673920 -0.080976769 0.992445052
1403637219.888319 30.955472946 -6.484743118 19.486082077 -0.066399075 -0.066909537 -0.080311902 0.992302537
1403637219.938319 30.574062347 -6.288098335 18.406883240 -0.066263698 -0.067379117 -0.079573035 0.992339313
1403637219.988319 30.101680756 -6.070966721 17.409769058 -0.066261694 -0.067020394 -0.079848520 0.992341638
1403637220.038319 29.687517166 -5.942847729 16.367858887 -0.067365453 -0.067394018 -0.079160109 0.992297173
1403637220.088319 29.271488190 -5.784732342 15.374628067 -0.067933895 -0.067624763 -0.078011028 0.992333710
1403637220.138319 28.776153564 -5.686434746 14.460272789 -0.068174712 -0.066431433 -0.080379508 0.992208779
1403637220.188319 28.337936401 -5.563977242 13.529808044 -0.068798944 -0.067440853 -0.078187250 0.992272735
1403637220.238319 27.866771698 -5.490108967 12.608868599 -0.068553835 -0.067946896 -0.075969167 0.992427468
1403637220.288319 27.402292252 -5.469377041 11.681664467 -0.067004912 -0.069225423 -0.071358301 0.992787063
1403637220.338319 26.940994263 -5.435257435 10.770929337 -0.064937353 -0.070651092 -0.066158578 0.993184090
1403637220.388319 26.450643539 -5.430796623 9.950473785 -0.062799938 -0.072046407 -0.059850402 0.993621349
1403637220.438319 25.986064911 -5.442575455 9.099471092 -0.060295347 -0.072872415 -0.055094272 0.993991256
1403637220.488319 25.554708481 -5.451427937 8.229171753 -0.058837164 -0.073728740 -0.051479407 0.994209290
1403637220.538319 25.094394684 -5.408848763 7.405395031 -0.055800989 -0.074439824 -0.047920518 0.994509220
1403637220.588319 24.636320114 -5.399407864 6.626583099 -0.053720001 -0.074636698 -0.044706177 0.994758725
1403637220.638319 24.224992752 -5.360148430 5.829814434 -0.053455722 -0.074221291 -0.045687586 0.994759440
1403637220.688319 23.800512314 -5.309646130 5.045143604 -0.054474123 -0.073980987 -0.045315128 0.994739115
1403637220.738319 23.409036636 -5.251680851 4.295578957 -0.054566797 -0.073381804 -0.046468087 0.994725227
1403637220.788319 23.020547867 -5.167811871 3.579603195 -0.055574611 -0.072954416 -0.046869587 0.994682014
1403637220.838319 22.630990982 -5.120563030 2.843764544 -0.056819763 -0.072781496 -0.047054738 0.994615614
1403637220.888319 22.266065598 -5.012091637 2.140159607 -0.057271093 -0.072176963 -0.047813721 0.994597554
1403637220.938319 21.896106720 -4.916638851 1.443935871 -0.058564283 -0.071853682 -0.047888935 0.994542062
1403637220.988319 21.568902969 -4.807695389 0.763576746 -0.059625000 -0.070701465 -0.047589630 0.994575977
1403637221.038319 21.242849350 -4.680346012 0.130647182 -0.062500909 -0.067803845 -0.048036132 0.994579732
1403637221.088319 20.897636414 -4.575206280 -0.502909899 -0.064188845 -0.063638933 -0.047100820 0.994792163
1403637221.138319 20.615043640 -4.421664238 -1.129020691 -0.066870317 -0.058471479 -0.046252623 0.994972408
1403637221.188319 20.277225494 -4.315653801 -1.714856625 -0.068907373 -0.051363200 -0.045664739 0.995252907
1403637221.238319 20.024379730 -4.112349510 -2.293293476 -0.069753364 -0.043605778 -0.044382494 0.995622039
1403637221.288319 19.723119736 -3.948751450 -2.840266705 -0.070165187 -0.035228483 -0.043054935 0.995982945
1403637221.338319 19.454141617 -3.822239637 -3.372027397 -0.070489556 -0.027883112 -0.040554367 0.996297657
1403637221.388319 19.175479889 -3.607716560 -3.882269621 -0.070668966 -0.021400370 -0.038350802 0.996532559
1403637221.438319 18.911344528 -3.527933836 -4.366012096 -0.069806390 -0.015918994 -0.036300968 0.996772766
1403637221.488319 18.671539307 -3.243716717 -4.827840805 -0.069883630 -0.011132437 -0.034808785 0.996885478
1403637221.538319 18.430112839 -3.032733440 -5.284574032 -0.070503868 -0.007846929 -0.031256717 0.996990800
1403637221.588319 18.172245026 -2.833604097 -5.699557781 -0.071079306 -0.004146942 -0.029930657 0.997012913
1403637221.638319 17.946908951 -2.622815847 -6.119953632 -0.071170948 -0.000826682 -0.029199785 0.997036278
1403637221.688319 17.733539581 -2.429820061 -6.534578323 -0.072641768 0.001780629 -0.027595995 0.996974647
1403637221.738319 17.497262955 -2.205059528 -6.886446953 -0.072762318 0.004203608 -0.026371127 0.996991754
1403637221.788319 17.288173676 -2.001276493 -7.229387283 -0.073056579 0.006157709 -0.024905052 0.996997774
1403637221.838319 17.054265976 -1.751582384 -7.538289547 -0.073615268 0.009097258 -0.023233378 0.996974587
1403637221.888319 16.889778137 -1.507152557 -7.852479935 -0.074181646 0.012617424 -0.020578062 0.996952534
1403637221.938319 16.683368683 -1.299995065 -8.127669334 -0.075139865 0.018070720 -0.017243270 0.996860147
1403637221.988319 16.486499786 -1.018415093 -8.358920097 -0.074981116 0.025903258 -0.015244354 0.996731877
1403637222.038319 16.413051605 -0.814070642 -8.666020393 -0.074868925 0.034721997 -0.012334413 0.996512353
1403637222.088319 16.282716751 -0.558485985 -8.861580849 -0.075700156 0.045567803 -0.009627084 0.996042371
1403637222.138319 16.201408386 -0.303198993 -9.116724014 -0.075479262 0.056704365 -0.005707230 0.995517433
1403637222.188319 16.055648804 -0.037496150 -9.266190529 -0.074806072 0.068966620 -0.001529254 0.994809210
1403637222.238319 15.953413010 0.221826613 -9.449708939 -0.071470276 0.080312468 0.001868263 0.994202435
1403637222.288319 15.887750626 0.436060071 -9.638092995 -0.068137333 0.090424225 0.002886797 0.993565500
1403637222.338319 15.757188797 0.725847185 -9.711593628 -0.061479103 0.099078372 0.005464004 0.993163586
1403637222.388319 15.663809776 0.989132464 -9.811192513 -0.054742869 0.106771134 0.007441002 0.992747605
1403637222.438319 15.593514442 1.208298206 -9.937849998 -0.048492793 0.113136180 0.008511249 0.992358923
1403637222.488319 15.513653755 1.419150352 -10.037521362 -0.043168630 0.118579686 0.008603645 0.991968393
1403637222.538319 15.414553642 1.629763126 -10.106622696 -0.040134862 0.122619562 0.010535214 0.991585910
1403637222.588319 15.361760139 1.791688323 -10.279281616 -0.038755674 0.125870660 0.011537009 0.991222203
1403637222.638319 15.309002876 1.992061138 -10.384487152 -0.036699925 0.128706366 0.011040323 0.990941942
1403637222.688319 15.229951859 2.117724419 -10.526744843 -0.037484776 0.130892664 0.010376907 0.990633249
1403637222.738319 15.163864136 2.267791748 -10.617574692 -0.038778499 0.132019654 0.011462716 0.990421951
1403637222.788319 15.109966278 2.373227596 -10.776502609 -0.042437378 0.132916406 0.011418610 0.990152478
1403637222.838319 15.100019455 2.464524984 -10.919019699 -0.046892010 0.132691190 0.011851666 0.989976645
1403637222.888319 15.046542168 2.532003880 -11.051280975 -0.052275591 0.132324755 0.012935515 0.989742458
1403637222.938319 15.001472473 2.593153715 -11.196703911 -0.058558211 0.131627083 0.013333708 0.989478409
1403637222.988319 14.941232681 2.623809338 -11.306785583 -0.063239969 0.131267175 0.013308024 0.989238381
1403637223.038319 14.914630890 2.616473675 -11.418590546 -0.066772185 0.130302697 0.013762893 0.989127517
1403637223.088319 14.881424904 2.583657026 -11.541604042 -0.069510885 0.129501820 0.013322944 0.989050090
1403637223.138319 14.876197815 2.539112568 -11.634845734 -0.070193812 0.128484592 0.012751261 0.989142060
1403637223.188319 14.855339050 2.460380077 -11.721560478 -0.069850534 0.127450451 0.012131764 0.989307880
1403637223.238319 14.838935852 2.349663019 -11.776731491 -0.067963317 0.126732275 0.010673969 0.989548385
1403637223.288319 14.812121391 2.220563412 -11.765378952 -0.064080276 0.126122177 0.008725555 0.989904404
1403637223.338319 14.805785179 2.061550856 -11.806967735 -0.059136573 0.124884486 0.006988902 0.990382671
1403637223.388319 14.829630852 1.874076605 -11.912723541 -0.055141389 0.123678841 0.004657269 0.990778089
1403637223.438319 14.795835495 1.682056904 -11.859752655 -0.051144943 0.122859359 0.003334035 0.991099715
1403637223.488319 14.826683998 1.469910979 -11.953109741 -0.048263252 0.121507719 0.001835286 0.991414726
1403637223.538319 14.843064308 1.268741250 -12.003315926 -0.045379415 0.120747440 0.000426449 0.991645396
1403637223.588319 14.824989319 1.057764530 -11.983903885 -0.043219738 0.120456159 -0.000598023 0.991777241
1403637223.638319 14.824932098 0.876950145 -11.954283714 -0.041440058 0.120221883 -0.001327901 0.991880894
1403637223.688319 14.823590279 0.706575930 -11.952446938 -0.040514972 0.119943447 -0.001767208 0.991952121
1403637223.738319 14.835463524 0.535091519 -11.973155975 -0.040273219 0.119805783 -0.002770778 0.991976261
1403637223.788319 14.832323074 0.415009499 -11.938755035 -0.039065886 0.119625233 -0.002835019 0.992046177
1403637223.838319 14.839575768 0.314503431 -11.896087646 -0.038340032 0.119588479 -0.003135312 0.992078066
1403637223.888319 14.855648041 0.198360860 -11.896969795 -0.037452187 0.119657271 -0.003925429 0.992100835
1403637223.938319 14.853556633 0.119002700 -11.867386818 -0.037100662 0.120060243 -0.005291932 0.992058992
1403637223.988319 14.865900040 0.043878675 -11.846149445 -0.036683988 0.119934529 -0.004657868 0.992092907
1403637224.038319 14.882612228 -0.003116786 -11.826103210 -0.036116231 0.120050557 -0.004530618 0.992100298
1403637224.088319 14.889911652 -0.052067101 -11.804921150 -0.036627047 0.120070755 -0.004534235 0.992079079
1403637224.138319 14.894790649 -0.074436724 -11.775402069 -0.035973150 0.120499492 -0.005648508 0.992045343
1403637224.188319 14.903102875 -0.059193283 -11.731573105 -0.035524175 0.120557100 -0.005692278 0.992054224
1403637224.238319 14.901539803 -0.059060663 -11.680039406 -0.035206404 0.121065468 -0.006742360 0.991997063
1403637224.288319 14.925058365 -0.051251173 -11.681568146 -0.034377865 0.121106260 -0.007268392 0.992017448
1403637224.338319 14.924515724 -0.012753159 -11.637565613 -0.033914767 0.121061035 -0.007100710 0.992040098
1403637224.388319 14.922863960 0.045988023 -11.589025497 -0.034066632 0.121349290 -0.007954075 0.991993189
1403637224.438319 14.912452698 0.118703216 -11.525880814 -0.033892490 0.122117415 -0.009197002 0.991894186
1403637224.488319 14.915700912 0.204223722 -11.489719391 -0.033641316 0.122109331 -0.009693119 0.991899014
1403637224.538319 14.905073166 0.306321442 -11.423759460 -0.032895014 0.122388482 -0.010345168 0.991883039
1403637224.588319 14.893271446 0.409256727 -11.376398087 -0.032485485 0.122147188 -0.009535057 0.991934359
1403637224.638319 14.873745918 0.489818990 -11.331075668 -0.031811483 0.121206939 -0.006920073 0.992093265
1403637224.688319 14.844864845 0.562645555 -11.284482002 -0.030771751 0.119829364 -0.002390833 0.992314637
1403637224.738319 14.812696457 0.618932724 -11.247819901 -0.031843476 0.118460439 0.002033197 0.992446005
1403637224.788319 14.794465065 0.663517892 -11.225534439 -0.032163322 0.117874011 0.003659172 0.992500782
1403637224.838319 14.765020370 0.689445853 -11.203703880 -0.032809328 0.118177325 0.003460540 0.992444336
1403637224.888319 14.746893883 0.713217854 -11.193531036 -0.031752795 0.119012378 0.000858651 0.992384553
1403637224.938319 14.729031563 0.755774260 -11.187598228 -0.031283714 0.120287850 -0.002520398 0.992242813
1403637224.988319 14.711454391 0.805946827 -11.165952682 -0.031111008 0.121010348 -0.004876683 0.992151618
1403637225.038319 14.690673828 0.862611532 -11.155948639 -0.031203600 0.121406503 -0.006292389 0.992092311
1403637225.088319 14.655805588 0.958167613 -11.121074677 -0.031158801 0.122086048 -0.008113517 0.991997123
1403637225.138319 14.641600609 1.043644071 -11.124387741 -0.029877419 0.122123934 -0.009371296 0.992020786
1403637225.188319 14.613014221 1.154498816 -11.100205421 -0.029374583 0.122017093 -0.009656318 0.992046237
1403637225.238319 14.576272011 1.275716543 -11.074947357 -0.028727710 0.121735573 -0.010372230 0.992092550
1403637225.288319 14.529188156 1.411067486 -11.021221161 -0.028621443 0.121128343 -0.009726791 0.992176473
1403637225.338319 14.496437073 1.526208520 -11.051494598 -0.027684087 0.120871954 -0.010616060 0.992225230
1403637225.388319 14.448288918 1.636111021 -11.038551331 -0.026808886 0.120540746 -0.011086629 0.992284358
1403637225.438319 14.386726379 1.719604135 -11.048622131 -0.025700171 0.120107651 -0.011752258 0.992358565
1403637225.488319 14.322124481 1.816564798 -11.054972649 -0.024897419 0.119825028 -0.011992969 0.992410302
1403637225.538319 14.253018379 1.879179239 -11.075698853 -0.025245225 0.119499907 -0.012726672 0.992431641
1403637225.588319 14.179187775 1.917454123 -11.117149353 -0.026714830 0.118933164 -0.012678888 0.992461860
1403637225.638319 14.100594521 1.943259120 -11.165733337 -0.028584201 0.118710950 -0.013385023 0.992427051
1403637225.688319 14.009182930 1.951034665 -11.221561432 -0.032490578 0.118281290 -0.012475744 0.992370009
1403637225.738319 13.910069466 1.936854243 -11.296669960 -0.034678906 0.118359774 -0.013208413 0.992277145
1403637225.788319 13.810806274 1.914120197 -11.354098320 -0.038447600 0.118243612 -0.012946782 0.992155552
1403637225.838319 13.695228577 1.846580029 -11.442510605 -0.042066358 0.118023597 -0.011957230 0.992047310
1403637225.888319 13.570244789 1.768785477 -11.509454727 -0.044721380 0.117830232 -0.011888322 0.991954982
1403637225.938319 13.446245193 1.657198191 -11.584130287 -0.042410139 0.117394611 -0.012188743 0.992104471
1403637225.988319 13.329374313 1.529020190 -11.672093391 -0.038688105 0.117248558 -0.012380524 0.992271483
1403637226.038319 13.193346024 1.393599272 -11.749311447 -0.034222517 0.116885021 -0.012670130 0.992474794
1403637226.088319 13.052498817 1.264067292 -11.828877449 -0.031425465 0.116903357 -0.013048154 0.992560208
1403637226.138319 12.903372765 1.159155607 -11.890114784 -0.028173786 0.116842262 -0.013178360 0.992663324
1403637226.188319 12.763635635 1.066068769 -11.948356628 -0.026676269 0.117016308 -0.013215845 0.992683709
1403637226.238319 12.618776321 0.991997361 -12.041990280 -0.025502944 0.116955899 -0.013504259 0.992717803
1403637226.288319 12.463451385 0.943188787 -12.113882065 -0.026572563 0.117361821 -0.014217407 0.992631793
1403637226.338319 12.311839104 0.889754236 -12.224305153 -0.030461783 0.117393516 -0.014241005 0.992516041
1403637226.388319 12.151511192 0.854364693 -12.290346146 -0.035480332 0.117782660 -0.014873218 0.992293894
1403637226.438319 11.984437943 0.861767173 -12.327306747 -0.042624798 0.118158109 -0.014614277 0.991971850
1403637226.488319 11.830282211 0.842384040 -12.443620682 -0.048409451 0.117885157 -0.013757200 0.991751134
1403637226.538319 11.652103424 0.833057940 -12.478248596 -0.052321728 0.118215278 -0.014168076 0.991507351
1403637226.588319 11.498092651 0.818647027 -12.597663879 -0.056008987 0.118319750 -0.015122125 0.991279364
1403637226.638319 11.331969261 0.856225610 -12.609184265 -0.057530526 0.118250579 -0.015138169 0.991200209
1403637226.688319 11.150647163 0.885489345 -12.627311707 -0.058385760 0.118224531 -0.014500986 0.991162837
1403637226.738319 10.968025208 0.916422486 -12.630502701 -0.059292559 0.117750116 -0.013297488 0.991182387
1403637226.788319 10.779079437 0.934415460 -12.653123856 -0.059765164 0.117314808 -0.012694025 0.991213500
1403637226.838319 10.600625992 0.988828659 -12.642491341 -0.059263691 0.117293000 -0.012678894 0.991246402
1403637226.888319 10.404114723 1.042709351 -12.607922554 -0.058630709 0.116832621 -0.010390208 0.991365016
1403637226.938319 10.224991798 1.078327060 -12.572377205 -0.057466604 0.115952551 -0.006331635 0.991570711
1403637226.988319 10.044601440 1.035623431 -12.652324677 -0.056038685 0.114707552 -0.001592927 0.991816163
1403637227.038319 9.872170448 1.139648914 -12.518598557 -0.052857388 0.112678282 0.006330215 0.992204428
1403637227.088319 9.696106911 1.167151451 -12.459365845 -0.049892697 0.110723972 0.013959022 0.992499888
1403637227.138319 9.525726318 1.196945667 -12.385504723 -0.046818987 0.109269716 0.021145051 0.992683709
1403637227.188319 9.374950409 1.212389469 -12.334037781 -0.045670927 0.109103158 0.023363795 0.992705822
1403637227.238319 9.250852585 1.193264127 -12.292774200 -0.044536870 0.109362029 0.024078421 0.992711782
1403637227.288319 9.133068085 1.164831042 -12.230506897 -0.044332139 0.111371614 0.019556837 0.992596865
1403637227.338319 9.043987274 1.117339611 -12.229085922 -0.045115791 0.113196567 0.015294351 0.992429972
1403637227.388319 8.958909988 1.067904711 -12.196910858 -0.045269538 0.115229025 0.011339366 0.992242098
1403637227.438319 8.878312111 1.005505204 -12.167745590 -0.047249526 0.116863847 0.007745115 0.991993129
1403637227.488319 8.801432610 0.961329460 -12.119281769 -0.047985584 0.117866807 0.006155707 0.991850257
1403637227.538319 8.732407570 0.926742136 -12.075026512 -0.048426699 0.118890546 0.006012416 0.991707504
1403637227.588319 8.664869308 0.911107600 -12.017210007 -0.049326919 0.119121149 0.007340253 0.991626501
1403637227.638319 8.598658562 0.905041695 -11.934160233 -0.048933916 0.118523352 0.010916671 0.991684675
1403637227.688319 8.548751831 0.915926933 -11.864845276 -0.049684521 0.118305147 0.013580577 0.991640508
1403637227.738319 8.498541832 0.926288426 -11.789134979 -0.049705412 0.117882311 0.016122840 0.991651714
1403637227.788319 8.456724167 0.954385877 -11.675291061 -0.049611021 0.117448553 0.018544512 0.991665602
1403637227.838319 8.438411713 0.976102948 -11.600364685 -0.049168658 0.118502140 0.016485015 0.991598666
1403637227.888319 8.417381287 1.014364958 -11.493560791 -0.044946816 0.119142234 0.014541510 0.991752744
1403637227.938319 8.412591934 1.058107376 -11.387443542 -0.039506886 0.120698839 0.009656265 0.991855681
1403637227.988319 8.414824486 1.103661537 -11.294710159 -0.035075184 0.121678136 0.005489831 0.991934538
1403637228.038319 8.412179947 1.162309647 -11.185263634 -0.030212287 0.122843705 0.000714065 0.991965830
1403637228.088319 8.412797928 1.226981282 -11.083385468 -0.027835993 0.123063371 -0.001488456 0.992007256
1403637228.138319 8.414329529 1.292910457 -10.993536949 -0.024454560 0.122379147 -0.002222205 0.992179632
1403637228.188319 8.404742241 1.357173562 -10.904165268 -0.023113357 0.122047126 -0.003602743 0.992248595
1403637228.238319 8.392665863 1.408383012 -10.823513031 -0.020963589 0.121270321 -0.003768161 0.992390990
1403637228.288319 8.382673264 1.451488256 -10.770425797 -0.020399781 0.120959915 -0.004926057 0.992435515
1403637228.338319 8.368927956 1.470006227 -10.725671768 -0.019205377 0.120200105 -0.004524162 0.992553592
1403637228.388319 8.357925415 1.477642179 -10.713075638 -0.019972445 0.120402500 -0.007181254 0.992498219
1403637228.438319 8.328437805 1.470867276 -10.687805176 -0.019235695 0.120265156 -0.008301022 0.992520690
1403637228.488319 8.298004150 1.451113701 -10.685216904 -0.018512180 0.120640084 -0.010516767 0.992467999
1403637228.538319 8.261428833 1.418914080 -10.692083359 -0.017726285 0.120728813 -0.012630803 0.992446899
1403637228.588319 8.215429306 1.372197628 -10.716290474 -0.017212883 0.121197641 -0.015058187 0.992364883
1403637228.638319 8.158096313 1.312667847 -10.750611305 -0.017518634 0.121246353 -0.016345987 0.992333233
1403637228.688319 8.087900162 1.250683308 -10.794763565 -0.020914303 0.121308774 -0.015751978 0.992269456
1403637228.738319 8.016800880 1.196549535 -10.853265762 -0.025308017 0.120869838 -0.013501591 0.992253840
1403637228.788319 7.935555935 1.151339889 -10.915794373 -0.029730015 0.119754680 -0.009549074 0.992312312
1403637228.838319 7.852974892 1.118472338 -10.980343819 -0.034139983 0.118957289 -0.005850878 0.992294967
1403637228.888319 7.770838737 1.101073265 -11.038722038 -0.037062984 0.118210517 -0.002344633 0.992293835
1403637228.938319 7.691795349 1.093505025 -11.088665962 -0.037764508 0.118587360 -0.002131721 0.992222905
1403637228.988319 7.617908478 1.097650766 -11.141765594 -0.037102859 0.119829193 -0.005060221 0.992088079
1403637229.038319 7.539338112 1.111383438 -11.187589645 -0.035764538 0.120793544 -0.007799983 0.992002487
1403637229.088319 7.463135719 1.128452659 -11.233705521 -0.032547131 0.121487722 -0.010092448 0.992007852
1403637229.138319 7.377185822 1.155361652 -11.278488159 -0.029380124 0.122186497 -0.012318744 0.991995692
1403637229.188319 7.286468029 1.200505733 -11.312042236 -0.027734756 0.122947663 -0.014697458 0.991916656
1403637229.238319 7.190394402 1.249558568 -11.366649628 -0.026758626 0.123570621 -0.015712515 0.991850436
1403637229.288319 7.092885017 1.317649364 -11.417271614 -0.026747309 0.125211567 -0.016102295 0.991638720
1403637229.338319 6.990353584 1.394391179 -11.455105782 -0.027772637 0.128329590 -0.015584696 0.991220117
1403637229.388319 6.882156372 1.486582637 -11.503675461 -0.031154132 0.132268742 -0.010492569 0.990668595
1403637229.438319 6.783978939 1.578948498 -11.578556061 -0.036873348 0.137128189 -0.002040173 0.989864647
1403637229.488319 6.681414604 1.684499741 -11.625785828 -0.042603161 0.143091723 0.009723800 0.988744199
1403637229.538319 6.579877853 1.794321537 -11.673260689 -0.047476508 0.150304571 0.023138814 0.987227976
1403637229.588319 6.493951797 1.906071901 -11.717922211 -0.051822573 0.159438908 0.035936713 0.985191464
1403637229.638319 6.421476364 2.018875599 -11.743494034 -0.054887373 0.170291573 0.048324194 0.982676387
1403637229.688319 6.372073650 2.132338047 -11.772373199 -0.057167139 0.182743236 0.058746949 0.979737520
1403637229.738319 6.340672493 2.263396978 -11.797592163 -0.057990119 0.197056457 0.065167978 0.976503491
1403637229.788319 6.345178604 2.387699604 -11.803434372 -0.056455866 0.214445397 0.063667879 0.973022282
1403637229.838319 6.363873005 2.504004002 -11.811977386 -0.052458372 0.232589275 0.060433380 0.969277143
1403637229.888319 6.409765720 2.632930279 -11.793685913 -0.047787055 0.250741452 0.056186814 0.965239942
1403637229.938319 6.454074860 2.764453888 -11.795515060 -0.043813936 0.268760413 0.052957885 0.960751653
1403637229.988319 6.523052216 2.895038605 -11.797815323 -0.038989663 0.285440296 0.051853191 0.956198156
1403637230.038319 6.566907883 3.031480551 -11.790350914 -0.038335424 0.301260918 0.053570028 0.951263666
1403637230.088319 6.609530449 3.144032955 -11.773981094 -0.039415278 0.315027356 0.059530586 0.946393311
1403637230.138319 6.627379894 3.254504204 -11.731422424 -0.042593285 0.327520341 0.066911645 0.941508949
1403637230.188319 6.659979820 3.332181454 -11.767395973 -0.045284178 0.339026064 0.073412530 0.936814427
1403637230.238319 6.693550587 3.398231030 -11.743174553 -0.047370680 0.349048138 0.077493273 0.932693005
1403637230.288319 6.734624863 3.438603401 -11.722032547 -0.049348038 0.357593715 0.079514071 0.929176509
1403637230.338319 6.767792702 3.434433699 -11.729661942 -0.049461253 0.364565223 0.080108061 0.926406205
1403637230.388319 6.801461697 3.432176352 -11.704208374 -0.046642084 0.369931787 0.081108205 0.924335659
1403637230.438319 6.834674835 3.396842003 -11.696309090 -0.041606944 0.375019938 0.079511218 0.922662914
1403637230.488319 6.870058060 3.336437941 -11.665113449 -0.035507832 0.378865510 0.076813534 0.921574652
1403637230.538319 6.899926662 3.275365114 -11.679062843 -0.029021963 0.382398069 0.075101078 0.920483172
1403637230.588319 6.920239449 3.177252769 -11.656902313 -0.022211654 0.387104064 0.072955899 0.918876767
1403637230.638319 6.967610359 3.084114313 -11.608729362 -0.015902920 0.392315596 0.074950397 0.916634083
1403637230.688319 6.973912239 2.964754105 -11.612208366 -0.012298402 0.398574412 0.077599652 0.913764477
1403637230.738319 6.987450123 2.847529173 -11.625736237 -0.011636746 0.405228794 0.083745316 0.910297155
1403637230.788319 6.988485813 2.731770515 -11.681231499 -0.014145346 0.412419826 0.091681384 0.906258404
1403637230.838319 7.001102448 2.617259264 -11.679660797 -0.019294547 0.420396894 0.102774516 0.901294351
1403637230.888319 7.010985374 2.523944855 -11.725372314 -0.024976598 0.430086881 0.112773307 0.895367861
1403637230.938319 7.034994125 2.435995340 -11.736001968 -0.029814936 0.440856129 0.122842461 0.888631880
1403637230.988319 7.066446781 2.361918926 -11.798674583 -0.033731401 0.452857554 0.131392419 0.881202757
1403637231.038319 7.105293751 2.294002533 -11.828444481 -0.036895219 0.466631979 0.138970211 0.872685850
1403637231.088319 7.152732372 2.247507095 -11.887009621 -0.037686851 0.480976999 0.146699965 0.863550782
1403637231.138319 7.238362312 2.237061024 -11.931918144 -0.038263682 0.496385187 0.153564051 0.853554785
1403637231.188319 7.323549271 2.251525879 -11.906865120 -0.036545388 0.512033761 0.161752835 0.842805982
1403637231.238319 7.442117214 2.351360798 -11.874081612 -0.034161363 0.528810084 0.167977080 0.831250012
1403637231.288319 7.412126541 2.461094379 -11.921763420 -0.031685781 0.545583665 0.175642401 0.818830967
1403637231.338319 7.583702564 2.574685097 -11.857564926 -0.028156528 0.563307822 0.182275727 0.805398703
1403637231.388319 7.840590477 2.838934422 -11.870626450 -0.023547385 0.580652297 0.187207580 0.791985989
1403637231.438319 7.786551476 2.882066250 -11.949598312 -0.019712178 0.598307371 0.194050163 0.777164221
1403637231.488319 8.166579247 3.349282503 -11.887826920 -0.014702460 0.614928961 0.201773748 0.762189984
1403637231.538319 8.391746521 3.755572796 -11.888881683 -0.010995672 0.631035745 0.210446090 0.746582448
1403637231.588319 8.486425400 3.951867580 -12.109704971 -0.009430991 0.645757735 0.222889826 0.730224729
1403637231.638319 8.836889267 4.503598213 -12.175743103 -0.007674532 0.661227345 0.228592575 0.714468300
1403637231.888319 9.375154495 5.370980263 -12.073476791 -0.005557932 0.733905137 0.252991408 0.630355179
1403637231.938319 9.669960022 5.921692371 -12.545799255 -0.003053160 0.742545784 0.257752299 0.618207157
1403637231.988319 10.028179169 6.386466980 -12.545993805 -0.001043850 0.753080487 0.260229468 0.604275882
1403637232.038319 10.232440948 6.354721069 -12.640345573 0.005846683 0.763565123 0.260918826 0.590639889
1403637232.088319 10.519935608 6.524471760 -12.914666176 0.014659682 0.773670793 0.259355515 0.577886879
1403637232.138319 10.816060066 6.818798065 -13.231157303 0.023095639 0.783474803 0.256952912 0.565339684
1403637232.188319 11.095860481 7.079078674 -13.496129990 0.030848000 0.792450190 0.256023467 0.552741408
1403637232.238319 11.316695213 7.139106750 -13.851826668 0.033726212 0.800387323 0.256506681 0.540783584
1403637232.288319 11.601053238 7.340514183 -14.123735428 0.034286790 0.808730602 0.255355030 0.528746724
1403637232.338319 11.854066849 7.438063622 -14.479393959 0.033819601 0.817078650 0.253470033 0.516712427
1403637232.388319 12.098294258 7.639271736 -14.783708572 0.032641321 0.825947940 0.249866650 0.504292786
1403637232.438319 12.256395340 7.755761623 -15.174533844 0.033161119 0.833360791 0.249366716 0.492164940
1403637232.488319 12.504557610 7.818686008 -15.535685539 0.034855377 0.840166092 0.251328051 0.479312271
1403637232.538319 12.631701469 7.956347466 -15.965410233 0.039424222 0.844151735 0.260187864 0.467071593
1403637232.588319 12.782266617 8.056489944 -16.386434555 0.042020846 0.847950876 0.269928724 0.454259902
1403637232.638319 12.943417549 8.153360367 -16.756256104 0.044299871 0.851754606 0.279865772 0.440711677
1403637232.688319 13.034030914 8.206759453 -17.244403839 0.047441602 0.855187714 0.289315104 0.427434295
1403637232.738319 13.113517761 8.290421486 -17.699874878 0.048680484 0.858393610 0.298675835 0.414226145
1403637232.788319 13.184782028 8.325140953 -18.211650848 0.050469033 0.861080766 0.307928622 0.401463300
1403637232.838319 13.286758423 8.410308838 -18.743286133 0.048076790 0.863516510 0.315591067 0.390423089
1403637232.888319 13.341655731 8.470752716 -19.306194305 0.043464419 0.865669787 0.321850777 0.380970776
1403637232.938319 13.396833420 8.528480530 -19.918418884 0.038333856 0.867000163 0.327942312 0.373222530
1403637232.988319 13.444499969 8.600389481 -20.553815842 0.032751624 0.868693471 0.330964148 0.367099047
1403637233.038319 13.533812523 8.655683517 -21.218544006 0.026496537 0.869822443 0.334006995 0.362141043
1403637233.088319 13.590111732 8.709927559 -21.926818848 0.020405304 0.870584786 0.336301744 0.358562350
1403637233.138319 13.661860466 8.741035461 -22.643524170 0.014746510 0.870730817 0.338929534 0.356001586
1403637233.188319 13.777832985 8.779483795 -23.390010834 0.008809197 0.869862258 0.342971116 0.354447335
1403637233.238319 13.864086151 8.832712173 -24.180475235 0.005088700 0.868925869 0.346074700 0.353799641
1403637233.288319 13.979537964 9.003618240 -25.001705170 0.000705868 0.867732227 0.348862857 0.354026824
1403637233.338319 14.097756386 9.084259987 -25.861095428 -0.002615259 0.865999460 0.352511704 0.354645729
1403637233.388319 14.273826599 9.246839523 -26.684577942 -0.005896133 0.864235222 0.355994076 0.355430603
1403637233.438319 14.431311607 9.433083534 -27.518959045 -0.010405215 0.863050103 0.357673228 0.356519520
1403637233.488319 14.624509811 9.709020615 -28.396081924 -0.018468162 0.863719642 0.354169160 0.358066380
1403637233.538319 14.835597992 9.949946404 -29.384704590 -0.030592771 0.866164744 0.344826490 0.360440522
1403637233.588319 15.059201241 10.237856865 -30.336595535 -0.045313243 0.871045113 0.328223914 0.362623930
1403637233.638319 15.304335594 10.643153191 -31.222923279 -0.059293333 0.877090871 0.307146072 0.364495784
1403637233.688319 15.623800278 11.093063354 -32.069965363 -0.071053103 0.882749379 0.286404818 0.365619004
1403637233.738319 15.999683380 11.379909515 -32.986236572 -0.082331367 0.887008488 0.268428326 0.366583765
1403637233.788319 16.429258347 11.716794968 -33.834918976 -0.091649577 0.890851676 0.252038926 0.366687924
1403637233.838319 16.822175980 12.154059410 -34.710994720 -0.097628653 0.893375576 0.239746556 0.367246896
1403637233.888319 17.336437225 12.500350952 -35.475532532 -0.102965571 0.895330787 0.230791256 0.366764635
1403637233.938319 17.824546814 12.865155220 -36.281494141 -0.107125334 0.896195471 0.225330427 0.366856933
1403637233.988319 18.383529663 13.277833939 -36.950431824 -0.111148246 0.897040725 0.220826328 0.366332769
1403637234.038319 18.958709717 13.618844986 -37.610664368 -0.116109565 0.898036540 0.214751557 0.365965396
1403637234.088319 19.606157303 13.993590355 -38.202835083 -0.119826868 0.899318278 0.207763404 0.365653455
1403637234.138319 20.295934677 14.364795685 -38.798770905 -0.125164837 0.900563836 0.200390711 0.364913851
1403637234.188319 21.025518417 14.633376122 -39.284835815 -0.129407108 0.901798189 0.194402993 0.363622427
1403637234.238319 21.773096085 14.994258881 -39.733177185 -0.129318357 0.902850151 0.190547585 0.363083988
1403637234.288319 22.614162445 15.264770508 -40.094436646 -0.126204774 0.904054880 0.188364848 0.362319946
1403637234.338319 23.439319611 15.522697449 -40.444717407 -0.120005347 0.904820919 0.187882856 0.362764120
1403637234.388319 24.343379974 15.814921379 -40.700424194 -0.110547125 0.905283868 0.189149052 0.363954812
1403637234.438319 25.250333786 16.108072281 -40.870429993 -0.098390304 0.905015051 0.190743193 0.367265850
1403637234.488319 26.205160141 16.348711014 -40.991512299 -0.088335648 0.904133976 0.191552088 0.371546030
1403637234.538319 27.177791595 16.593797684 -41.026794434 -0.076407127 0.902922988 0.191150427 0.377297759
1403637234.588319 28.169986725 16.748203278 -41.049392700 -0.065371789 0.900608778 0.192725509 0.384040624
1403637234.638319 29.215194702 16.980445862 -41.018115997 -0.055449046 0.898077965 0.192742452 0.391448259
1403637234.688319 30.207719803 17.265659332 -40.955543518 -0.046566844 0.895037651 0.191953883 0.399866015
1403637234.738319 31.234157562 17.504970551 -40.847171783 -0.037175752 0.891070008 0.193338707 0.408940583
1403637234.788319 32.192802429 17.682312012 -40.673648834 -0.027830992 0.886422813 0.195533082 0.418624908
1403637234.838319 33.207851410 17.884435654 -40.469764709 -0.019633649 0.881615400 0.197183281 0.428354532
1403637234.888319 34.233711243 18.171970367 -40.237892151 -0.009344209 0.875671625 0.200442329 0.439243376
1403637234.938319 35.210208893 18.356479645 -40.007202148 -0.001055844 0.869659245 0.201859236 0.450493664
1403637234.988319 36.153610229 18.507175446 -39.767234802 0.003425900 0.863823950 0.202705741 0.461201519
1403637235.038319 37.070182800 18.646459579 -39.426578522 0.004137021 0.859003365 0.200586572 0.471021324
1403637235.088319 37.925682068 18.706369400 -39.093933105 0.003523912 0.853782058 0.198634312 0.481236070
1403637235.138319 38.833091736 18.869321823 -38.800109863 0.002418843 0.848149121 0.196147755 0.492100865
1403637235.188319 39.684062958 18.923112869 -38.473194122 0.001490102 0.842579901 0.193572968 0.502579629
1403637235.238319 40.495273590 18.944860458 -38.093627930 0.000235330 0.837406099 0.191815630 0.511818051
1403637235.288319 41.293956757 18.960880280 -37.765502930 -0.003022718 0.832106352 0.192402288 0.520164609
1403637235.338319 42.069969177 18.999883652 -37.400238037 -0.007758687 0.827300012 0.194275856 0.527040184
1403637235.388319 42.867446899 18.988260269 -36.934501648 -0.012774888 0.822594523 0.201614991 0.531532288
1403637235.438319 43.592979431 18.988611221 -36.529815674 -0.016972266 0.817248881 0.209029198 0.536770999
1403637235.488319 44.339962006 18.959953308 -36.168708801 -0.022094265 0.811284363 0.216392592 0.542681992
1403637235.538319 45.091770172 18.951620102 -35.759170532 -0.025072834 0.805782735 0.222049817 0.548433602
1403637235.588319 45.815292358 18.900527954 -35.362770081 -0.029416835 0.801199257 0.223631456 0.554259241
1403637235.638319 46.552932739 18.767599106 -34.973384857 -0.031328984 0.796465039 0.224636987 0.560535610
1403637235.688319 47.299430847 18.694421768 -34.584377289 -0.031600215 0.792515635 0.221726701 0.567236900
1403637235.738319 48.032962799 18.572948456 -34.123935699 -0.031154262 0.789952695 0.214205042 0.573690116
1403637235.788319 48.801742554 18.445058823 -33.670455933 -0.032887351 0.788130701 0.202835038 0.580195069
1403637235.838319 49.552860260 18.218805313 -33.312179565 -0.035406761 0.786251068 0.188442856 0.587405205
1403637235.888319 50.278038025 18.013591766 -32.873756409 -0.038634527 0.783648074 0.175594330 0.594617307
1403637235.938319 50.975070953 17.819128036 -32.334442139 -0.044908561 0.781363726 0.161583379 0.601119578
1403637235.988319 51.669857025 17.594022751 -31.840114594 -0.049125236 0.776450217 0.154333532 0.609009802
1403637236.038319 52.389133453 17.361366272 -31.348873138 -0.053743355 0.771427751 0.145680532 0.617080212
1403637236.088319 53.059677124 17.070421219 -30.774028778 -0.056652941 0.765620768 0.140850514 0.625121117
1403637236.138319 53.719303131 16.771478653 -30.122150421 -0.060014896 0.759988606 0.134979367 0.632926583
1403637236.188319 54.393505096 16.438964844 -29.405666351 -0.063590534 0.753972054 0.131277815 0.640506446
1403637236.238319 55.061599731 16.156490326 -28.772901535 -0.064720429 0.747532845 0.125739321 0.648995817
1403637236.288319 55.670791626 15.669605255 -28.044572830 -0.064884774 0.740323305 0.124223314 0.657480001
1403637236.338319 56.291896820 15.213347435 -27.250867844 -0.063943014 0.733246922 0.122066058 0.665852904
1403637236.388319 56.899364471 14.759913445 -26.487125397 -0.062080786 0.725479424 0.120735414 0.674721122
1403637236.438319 57.526268005 14.274607658 -25.758432388 -0.058873974 0.717341244 0.121566936 0.683503389
1403637236.488319 58.056213379 13.725027084 -24.843467712 -0.054394495 0.710847497 0.122021005 0.690541804
1403637236.538319 58.615379333 13.176900864 -24.027757645 -0.050214130 0.704547584 0.122850552 0.697136223
1403637236.588319 59.182243347 12.655875206 -23.213113785 -0.045930550 0.699420691 0.122874729 0.702568829
1403637236.638319 59.719566345 12.166631699 -22.319017410 -0.041884221 0.696450651 0.119520731 0.706340611
1403637236.688319 60.221145630 11.706487656 -21.266517639 -0.038164217 0.694137156 0.116845995 0.709270120
1403637236.738319 60.721530914 11.275755882 -20.392396927 -0.031905398 0.690679252 0.111666702 0.713775039
1403637236.788319 61.206535339 10.743936539 -19.339565277 -0.026193889 0.687206030 0.107534871 0.717981935
1403637236.838319 61.690322876 10.226977348 -18.251216888 -0.019184360 0.682806134 0.103725508 0.722944498
1403637236.888319 62.111316681 9.767381668 -17.256132126 -0.009223925 0.677025259 0.098171286 0.729324400
1403637236.938319 62.465621948 9.123865128 -16.198564529 0.001139516 0.671380281 0.093443334 0.735197663
1403637236.988319 62.765281677 8.634520531 -15.204141617 0.011869897 0.666418016 0.085336015 0.740583479
1403637237.038319 63.135467529 8.019361496 -14.297609329 0.023571454 0.661343396 0.078862146 0.745553553
1403637237.088319 63.320209503 7.365787506 -13.156828880 0.034756798 0.657396674 0.073379740 0.749157488
1403637237.138319 63.475288391 6.843384266 -12.172924042 0.047139280 0.651360750 0.067999810 0.754243433
1403637237.188319 63.566432953 6.278494835 -11.150979996 0.056572631 0.644053578 0.066202879 0.760007679
1403637237.238319 63.573719025 5.518983841 -9.864790916 0.061005581 0.638108015 0.066556633 0.764634967
1403637237.288319 63.603771210 4.850804806 -8.851364136 0.062907279 0.629540384 0.069012299 0.771335781
1403637237.338319 63.521118164 4.204751492 -7.711848259 0.062599331 0.623723149 0.069728337 0.776008189
1403637237.388319 63.365173340 3.563561916 -6.702739716 0.062851071 0.616967976 0.071633533 0.781197071
1403637237.438319 63.100093842 2.863124371 -5.888465881 0.063267037 0.609965265 0.073811211 0.786442399
1403637237.488319 62.821300507 2.299109697 -5.005012512 0.063533388 0.604757845 0.074320361 0.790384650
1403637237.538319 62.460876465 1.604640007 -3.992746353 0.064342529 0.600694120 0.076675899 0.793188155
1403637237.588319 62.067615509 0.907644749 -3.033554077 0.064858370 0.597136438 0.079221502 0.795578718
1403637237.638319 61.593311310 0.236046433 -2.175216675 0.067738131 0.593058646 0.082372412 0.798065066
1403637237.688319 61.067161560 -0.533566535 -1.320327759 0.070236415 0.589373291 0.086025409 0.800190985
1403637237.738319 60.550170898 -1.127671242 -0.461965561 0.073473841 0.586309791 0.090755410 0.801627100
1403637237.788319 59.909324646 -1.740094900 0.354314804 0.076024391 0.583533704 0.096146643 0.802785516
1403637237.838319 59.260574341 -2.367341042 0.970582962 0.075444192 0.581096113 0.103587724 0.803682208
1403637237.888319 58.578907013 -2.933247566 1.803657532 0.074395306 0.581577301 0.111855559 0.802322626
1403637237.938319 57.842895508 -3.433080673 2.496321678 0.073546939 0.582965970 0.120779529 0.800096154
1403637237.988319 57.123901367 -3.945242882 3.205098152 0.070514411 0.586064041 0.130705297 0.796537995
1403637238.038319 56.363101959 -4.520683289 3.891975403 0.067057177 0.589723408 0.142929301 0.792023301
1403637238.088319 55.605266571 -5.033017159 4.438611031 0.065278567 0.592890501 0.158440530 0.786839306
1403637238.138319 54.799900055 -5.437093735 4.990244865 0.064764813 0.597639322 0.172608703 0.780281365
1403637238.188319 53.965106964 -5.832460880 5.504290581 0.066166654 0.603273332 0.187553018 0.772338748
1403637238.238319 53.144706726 -6.194650173 6.080558777 0.068411291 0.610961616 0.201921508 0.762412965
1403637238.288319 52.342544556 -6.632901192 6.559640884 0.071121104 0.619084299 0.216771409 0.751456320
1403637238.338319 51.503429413 -6.912645340 6.926915646 0.075032070 0.627312541 0.230874419 0.739963591
1403637238.388319 50.680736542 -7.201129913 7.280287743 0.080616124 0.637399733 0.242885977 0.726793647
1403637238.438319 49.812053680 -7.378681183 7.595067501 0.087089792 0.648011923 0.253979355 0.712734401
1403637238.488319 48.978199005 -7.629073143 7.720795155 0.091807887 0.658530235 0.263624310 0.698864400
1403637238.538319 48.140029907 -7.858387947 7.935070992 0.094594099 0.670430005 0.271616548 0.683959067
1403637238.588319 47.294357300 -8.091459274 8.005313873 0.095883675 0.680656195 0.280763716 0.669839680
1403637238.638319 46.465999603 -8.277529716 8.019828796 0.095820971 0.687501192 0.294166774 0.656982780
1403637238.688319 45.618587494 -8.454626083 8.047898293 0.090420328 0.692867994 0.308316797 0.645522177
1403637238.738319 44.755947113 -8.557270050 8.014568329 0.083763301 0.695720911 0.324049085 0.635569215
1403637238.788319 43.894477844 -8.615454674 7.866937637 0.075456068 0.697019100 0.339650065 0.626983762
1403637238.838319 43.086364746 -8.667774200 7.642767906 0.066372648 0.696924806 0.355664760 0.619187474
1403637238.888319 42.272331238 -8.678187370 7.320052624 0.056543931 0.695924342 0.370456696 0.612579763
1403637238.938319 41.515007019 -8.717715263 6.938028336 0.045661800 0.694371819 0.384414017 0.606620789
1403637238.988319 40.751605988 -8.674174309 6.424327374 0.035435427 0.693301320 0.394797206 0.601841152
1403637239.038319 40.053001404 -8.654849052 5.847268581 0.024500299 0.695059657 0.398294300 0.598041356
1403637239.088319 39.454605103 -8.631862640 5.190250874 0.013686173 0.698789597 0.396671593 0.595111310
1403637239.138319 38.915840149 -8.606418610 4.489520550 0.005227967 0.706612468 0.386763871 0.592524409
1403637239.188319 38.388278961 -8.607791901 3.732339621 -0.001491290 0.716519237 0.372793615 0.589595556
1403637239.238319 37.881492615 -8.462141991 2.927908182 -0.003143969 0.727258682 0.357157499 0.586108685
1403637239.288319 37.471267700 -8.371570587 1.914412737 -0.003241660 0.735731661 0.345908016 0.582268000
1403637239.338319 37.135639191 -8.340435028 1.024056435 -0.003367920 0.744297981 0.338085502 0.575940430
1403637239.388319 36.779533386 -8.305710793 0.058662415 -0.001400611 0.751675308 0.334282070 0.568540037
1403637239.438319 36.498569489 -8.236696243 -1.008447170 0.000204611 0.758483887 0.333012015 0.560183108
1403637239.488319 36.240177155 -8.079487801 -2.021770477 0.002133442 0.766353667 0.331323534 0.550383627
1403637239.538319 35.990509033 -7.861271858 -3.081590652 0.004767966 0.774902940 0.329281837 0.539514720
1403637239.588319 35.741104126 -7.378563881 -4.237854004 0.007973041 0.783395827 0.327054709 0.528453052
1403637239.638319 35.604618073 -6.946018219 -5.240362167 0.010187315 0.792863965 0.324803799 0.515524447
1403637239.688319 35.369647980 -6.596152306 -6.395483017 0.012488579 0.801886380 0.322128862 0.503045976
1403637239.738319 35.251888275 -6.268592834 -7.560459137 0.014400780 0.812972665 0.315370142 0.489295155
1403637239.788319 35.328613281 -5.636141777 -8.334953308 0.016943321 0.826291323 0.304177403 0.473742247
1403637239.838319 35.474403381 -4.992874146 -9.222007751 0.016884813 0.840281248 0.290392518 0.457509071
1403637239.888319 35.184795380 -4.598084450 -10.628660202 0.018629674 0.850335896 0.280821860 0.444658190
1403637239.938319 34.764949799 -4.300658226 -12.282070160 0.022213744 0.858076215 0.275910199 0.432533652
1403637239.988319 34.625488281 -3.565937042 -13.382361412 0.022899356 0.868412554 0.267299056 0.416996956
1403637240.038319 34.541244507 -2.850735664 -14.459344864 0.023092696 0.877524436 0.261412352 0.401349097
1403637240.088319 34.361526489 -2.382464409 -15.859777451 0.023915801 0.884077489 0.260616034 0.387187630
1403637240.138319 34.350528717 -1.751308441 -16.803499222 0.024186304 0.891433418 0.260430098 0.370050937
1403637240.188319 34.306083679 -1.184261322 -17.838243484 0.024493888 0.897662342 0.261668652 0.353739917
1403637240.238319 34.060516357 -0.476727486 -18.948160172 0.024287691 0.902384043 0.264844060 0.339073390
1403637240.288319 33.975780487 0.114193916 -20.082597733 0.021780211 0.905316830 0.272641689 0.324951679
1403637240.338319 33.589271545 0.812295914 -21.209041595 0.018136136 0.906818092 0.280103326 0.314474285
1403637240.388319 33.299667358 1.484230042 -22.326484680 0.013231871 0.907405674 0.288628757 0.305177569
1403637240.438319 33.229896545 2.060897827 -23.389076233 0.004426384 0.907753229 0.297222435 0.296012372
1403637240.488319 33.066791534 2.672838211 -24.462919235 -0.002269531 0.907738864 0.303983778 0.289134711
1403637240.538319 32.959442139 3.199605942 -25.577135086 -0.008210520 0.907722712 0.308960110 0.283752918
1403637240.588319 32.860397339 3.709127426 -26.694366455 -0.010194298 0.908056319 0.311362296 0.279970318
1403637240.638319 32.743511200 4.262598038 -27.776960373 -0.012643186 0.908821285 0.311333239 0.277408868
1403637240.688319 32.653163910 4.773880005 -28.876808167 -0.014893878 0.909650087 0.310159445 0.275891364
1403637240.738319 32.569282532 5.218971252 -29.997346878 -0.014952408 0.910406470 0.308748215 0.274974555
1403637240.788319 32.520095825 5.679502487 -31.162588120 -0.015742423 0.911907196 0.304351717 0.274858922
1403637240.838319 32.487857819 6.129064560 -32.263374329 -0.018099969 0.915246964 0.293976873 0.274905384
1403637240.888319 32.480403900 6.498746872 -33.414539337 -0.016638950 0.918576598 0.282841355 0.275573760
1403637240.938319 32.457485199 6.940681458 -34.505790710 -0.016447531 0.921342611 0.272858679 0.276415378
1403637240.988319 32.496925354 7.324484825 -35.610214233 -0.016494650 0.922806919 0.266607374 0.277625293
1403637241.038319 32.491462708 7.691719055 -36.717941284 -0.015390888 0.922629535 0.265869588 0.278982490
1403637241.088319 32.512744904 8.124309540 -37.740901947 -0.013622127 0.921638668 0.267643243 0.280648738
1403637241.138319 32.483245850 8.560338020 -38.796260834 -0.013458272 0.920423687 0.269255936 0.283090651
1403637241.188319 32.515655518 9.069610596 -39.831066132 -0.013559722 0.919520736 0.270174414 0.285137653
1403637241.238319 32.570770264 9.536717415 -40.760467529 -0.017076664 0.919646561 0.268228829 0.286377162
1403637241.288319 32.618083954 9.932366371 -41.765575409 -0.021345969 0.919272125 0.267410874 0.288053036
1403637241.338319 32.708992004 10.392494202 -42.757858276 -0.024451479 0.919316590 0.265188098 0.289714277
1403637241.388319 32.836402893 10.870655060 -43.659427643 -0.029540343 0.919820905 0.261941731 0.290591419
1403637241.438319 32.904731750 11.305818558 -44.620357513 -0.034294713 0.919697165 0.260021836 0.292180747
1403637241.488319 33.043815613 11.793947220 -45.514186859 -0.038629811 0.920382202 0.256089717 0.292954683
1403637241.538319 33.171459198 12.197756767 -46.373958588 -0.043269463 0.921590865 0.250025302 0.293743730
1403637241.588319 33.338584900 12.551701546 -47.245651245 -0.046995312 0.921990097 0.246531472 0.294869423
1403637241.638319 33.577239990 12.950084686 -48.046928406 -0.047730245 0.923014641 0.241813585 0.295452088
1403637241.688319 33.761028290 13.277338982 -48.893444061 -0.046355631 0.924129784 0.236003280 0.296880007
1403637241.738319 33.985633850 13.590991974 -49.630321503 -0.045765832 0.925493360 0.229487836 0.297830224
1403637241.788319 34.246437073 13.905644417 -50.364051819 -0.043492083 0.926822126 0.223745495 0.298407674
1403637241.838319 34.535297394 14.125376701 -51.072582245 -0.040122502 0.928015232 0.218602076 0.298983395
1403637241.888319 34.855266571 14.334840775 -51.725269318 -0.031796806 0.928771794 0.215823144 0.299653679
1403637241.938319 35.130313873 14.523338318 -52.316532135 -0.019202674 0.929340780 0.212893620 0.301053554
1403637241.988319 35.418983459 14.659652710 -52.915996552 -0.009431404 0.929720879 0.210461870 0.302052855
1403637242.038319 35.694911957 14.805459976 -53.474945068 -0.003653976 0.930329621 0.207562938 0.302309483
1403637242.088319 35.957447052 14.941513062 -53.973949432 -0.003443555 0.930727422 0.206974298 0.301489979
1403637242.138319 36.242385864 15.084197044 -54.445930481 -0.006896566 0.930847764 0.207684085 0.300569743
1403637242.188319 36.525421143 15.152682304 -54.853374481 -0.013168149 0.930889368 0.209167972 0.299199402
1403637242.238319 36.776653290 15.225753784 -55.231037140 -0.018259218 0.931047142 0.209745869 0.298034310
1403637242.288319 37.042156219 15.303387642 -55.616748810 -0.023186106 0.931243777 0.209462494 0.297275722
1403637242.338319 37.314029694 15.323755264 -55.933921814 -0.029604038 0.931993306 0.207437560 0.295773178
1403637242.388319 37.590496063 15.353654861 -56.216537476 -0.035906717 0.932885170 0.204182729 0.294525653
1403637242.438319 37.858627319 15.422398567 -56.452350616 -0.041143473 0.933972776 0.199721664 0.293450594
1403637242.488319 38.161109924 15.433401108 -56.632320404 -0.045498695 0.934930623 0.196136266 0.292173088
1403637242.538319 38.450077057 15.493314743 -56.767967224 -0.046895254 0.935377121 0.192993611 0.292615741
1403637242.588319 38.778167725 15.520485878 -56.862541199 -0.046186320 0.935107887 0.190275520 0.295356154
1403637242.638319 39.136192322 15.522020340 -56.892158508 -0.044073619 0.933699012 0.189971164 0.300290972
1403637242.688319 39.504573822 15.487564087 -56.839942932 -0.041399021 0.931556344 0.190189630 0.307110459
1403637242.738319 39.855712891 15.436958313 -56.779438019 -0.036273997 0.928502381 0.191263467 0.316205382
1403637242.788319 40.207138062 15.347796440 -56.665725708 -0.028895084 0.925300896 0.192530990 0.325446069
1403637242.838319 40.515430450 15.189011574 -56.510845184 -0.021530459 0.922574520 0.191866264 0.334035963
1403637242.888319 40.901931763 15.047082901 -56.333980560 -0.015627347 0.920133591 0.191044301 0.341484994
1403637242.938319 41.232315063 14.872449875 -56.118965149 -0.012710495 0.918415844 0.187979877 0.347871184
1403637242.988319 41.580104828 14.669982910 -55.844017029 -0.011166322 0.917157948 0.184994921 0.352807939
1403637243.038319 41.871822357 14.450404167 -55.540870667 -0.013279185 0.915570736 0.184587315 0.357045412
1403637243.088319 42.191455841 14.312516212 -55.220680237 -0.017215494 0.914411664 0.183822647 0.360227883
1403637243.138319 42.515827179 14.115630150 -54.824172974 -0.021769524 0.913268864 0.185239032 0.362149894
1403637243.188319 42.768013000 13.934016228 -54.390289307 -0.023797642 0.911278665 0.190260112 0.364425451
1403637243.238319 43.080829620 13.771456718 -53.951305389 -0.024140000 0.909090579 0.196906462 0.366332412
1403637243.288319 43.365402222 13.607599258 -53.444145203 -0.022950083 0.907276392 0.202474073 0.367868394
1403637243.338319 43.668315887 13.461585999 -52.928607941 -0.021864166 0.905688703 0.207568377 0.369005740
1403637243.388319 43.971031189 13.330455780 -52.390716553 -0.020137629 0.904586911 0.211232588 0.369726598
1403637243.438319 44.255920410 13.185306549 -51.806137085 -0.017741038 0.903808415 0.214291796 0.369992733
1403637243.488319 44.552284241 13.072712898 -51.241378784 -0.016891230 0.903590441 0.214685857 0.370336384
1403637243.538319 44.830863953 12.911079407 -50.647064209 -0.015165380 0.902837098 0.217572048 0.370563835
1403637243.588319 45.103763580 12.727616310 -49.996009827 -0.012749716 0.901295483 0.223821908 0.370685369
1403637243.638319 45.393291473 12.517276764 -49.360076904 -0.010416979 0.899720430 0.229959592 0.370827764
1403637243.688319 45.660747528 12.304725647 -48.728210449 -0.008753777 0.897741735 0.237419009 0.370965540
1403637243.738319 45.926448822 12.038034439 -48.061019897 -0.005161393 0.896647632 0.242460147 0.370418012
1403637243.788319 46.208740234 11.762046814 -47.420356750 -0.000128514 0.894316852 0.251198053 0.370266050
1403637243.838319 46.484542847 11.456274033 -46.738334656 0.007061460 0.891898632 0.260131180 0.369863182
1403637243.888319 46.734657288 11.137865067 -46.122009277 0.011267393 0.889985979 0.267197818 0.369328201
1403637243.938319 46.991333008 10.821811676 -45.488262177 0.016486770 0.888432860 0.272749513 0.368812889
1403637243.988319 47.237689972 10.476486206 -44.910781860 0.017973838 0.888031662 0.274869859 0.368134797
1403637244.038319 47.457786560 10.112194061 -44.335601807 0.018578203 0.888196111 0.275625855 0.367141455
1403637244.088319 47.682250977 9.732275009 -43.773139954 0.018909082 0.888613403 0.275622249 0.366116136
1403637244.138319 47.895130157 9.342136383 -43.247413635 0.017681330 0.889220774 0.275291294 0.364950091
1403637244.188319 48.114051819 8.876867294 -42.725025177 0.017067881 0.890248597 0.273984194 0.363453954
1403637244.238319 48.273155212 8.481208801 -42.241912842 0.017311947 0.890846908 0.272716761 0.362929255
1403637244.288319 48.475517273 8.051464081 -41.730369568 0.017598704 0.890865266 0.273885697 0.361988872
1403637244.338319 48.649932861 7.584314346 -41.292877197 0.016952826 0.890414417 0.276118815 0.361432046
1403637244.388319 48.850341797 7.135444641 -40.812904358 0.016915547 0.889472365 0.279016525 0.361527979
1403637244.438319 49.017524719 6.681804657 -40.394660950 0.015033658 0.888010561 0.281204283 0.363504231
1403637244.488319 49.214393616 6.189922333 -39.963020325 0.011344377 0.886752844 0.281807929 0.366230637
1403637244.538319 49.382629395 5.669185638 -39.546218872 0.004454433 0.885549486 0.280263126 0.370452106
1403637244.588319 49.554611206 5.231742859 -39.171031952 -0.002590610 0.883705378 0.278737336 0.375983387
1403637244.638319 49.732604980 4.855863571 -38.722335815 -0.009980786 0.881957650 0.276206344 0.381786704
1403637244.688319 49.940155029 4.480834961 -38.278121948 -0.015693538 0.879696906 0.274161667 0.388229817
1403637244.738319 50.128231049 3.988798141 -37.971359253 -0.020393578 0.876428902 0.273799658 0.395588428
1403637244.788319 50.338523865 3.643419266 -37.532680511 -0.023434503 0.874231577 0.272190005 0.401350945
1403637244.838319 50.552509308 3.312681198 -37.133838654 -0.025497824 0.872041583 0.271163940 0.406649113
1403637244.888319 50.779586792 2.921461105 -36.768695831 -0.026789971 0.869773209 0.270839691 0.411609888
1403637244.938319 50.985542297 2.663257599 -36.342018127 -0.025903055 0.867713034 0.270936519 0.415928453
1403637244.988319 51.269081116 2.298381805 -35.932941437 -0.025389617 0.865399480 0.273390353 0.419162065
1403637245.038319 51.523765564 1.999011993 -35.591594696 -0.021789452 0.862390816 0.278835475 0.421969295
1403637245.088319 51.810516357 1.703262329 -35.239864349 -0.015957460 0.858320534 0.287721992 0.424555391
1403637245.138319 52.115081787 1.421218872 -34.943164825 -0.010969430 0.854212344 0.297249109 0.426431566
1403637245.188319 52.379081726 1.198581696 -34.688858032 -0.008740990 0.851022005 0.304394901 0.427818775
1403637245.238319 52.666385651 0.985969543 -34.369544983 -0.010652314 0.851057947 0.303431481 0.428388000
1403637245.288319 53.009281158 0.743648529 -34.092994690 -0.014002389 0.852858365 0.298269033 0.428336412
1403637245.338319 53.349708557 0.526107788 -33.930366516 -0.019019408 0.854483783 0.292785913 0.428686529
1403637245.388319 53.710117340 0.343627930 -33.702793121 -0.021373436 0.856137872 0.287640274 0.428758949
1403637245.438319 54.059497833 0.161237717 -33.442096710 -0.024212761 0.857145429 0.282860905 0.429773420
1403637245.488319 54.451530457 0.010253906 -33.228580475 -0.026650231 0.856900215 0.279722810 0.432165414
1403637245.538319 54.861232758 -0.101875305 -32.907646179 -0.027216420 0.856033742 0.277274489 0.435412765
1403637245.588319 55.275665283 -0.272012711 -32.698558807 -0.029901359 0.854181051 0.275241613 0.440139383
1403637245.638319 55.614227295 -0.374977112 -32.503948212 -0.029736875 0.851012886 0.274595290 0.446643293
1403637245.688319 56.179908752 -0.556501389 -32.261100769 -0.032067478 0.847915292 0.273826241 0.452803016
1403637245.738319 56.648197174 -0.674646378 -32.126914978 -0.030806785 0.843982041 0.271450877 0.461583942
1403637245.788319 57.044082642 -0.790145874 -31.909454346 -0.027428752 0.840602815 0.265136361 0.471526563
1403637245.838319 57.566448212 -0.866704941 -31.709499359 -0.024069214 0.837292612 0.254858851 0.483123899
1403637245.888319 58.072029114 -0.933214188 -31.467323303 -0.020960020 0.832703769 0.245924070 0.495667666
1403637245.938319 58.574722290 -0.951707840 -31.244388580 -0.017735997 0.826546848 0.237898514 0.509813726
1403637245.988319 59.117481232 -1.015632629 -30.965309143 -0.016493700 0.819454551 0.230320558 0.524570823
1403637246.038319 59.604614258 -1.114587784 -30.706939697 -0.016112423 0.810814977 0.223320380 0.540784121
1403637246.088319 60.131546021 -1.057838440 -30.423690796 -0.014791638 0.801018596 0.216066495 0.558090985
1403637246.138319 60.663383484 -1.154918671 -30.087348938 -0.015095674 0.790297091 0.209749386 0.575506628
1403637246.188319 61.106483459 -1.155860901 -29.786340714 -0.014703622 0.778136492 0.203264847 0.594113469
1403637246.238319 61.632537842 -1.133140564 -29.553560257 -0.014310363 0.764229894 0.197027624 0.613944530
1403637246.288319 62.176483154 -1.115137100 -29.222770691 -0.015589420 0.750165820 0.191146731 0.632827818
1403637246.338319 62.587402344 -1.024469376 -28.843961716 -0.015702114 0.735676289 0.182523608 0.652088106
1403637246.388319 63.068035126 -1.008747101 -28.613077164 -0.018205661 0.720223606 0.174001679 0.671319544
1403637246.438319 63.515213013 -1.045501709 -28.233650208 -0.022197874 0.705409229 0.164125577 0.689179063
1403637246.488319 63.971229553 -0.892943382 -28.020128250 -0.024149692 0.689799905 0.151751161 0.707505822
1403637246.538319 64.345115662 -0.878849983 -27.696626663 -0.023672834 0.674537063 0.141677603 0.724131763
1403637246.588319 64.761314392 -0.760052681 -27.329084396 -0.022892963 0.660495698 0.129277304 0.739262283
1403637246.638319 65.110351562 -0.685970306 -26.924739838 -0.020824768 0.645619094 0.119471766 0.753968716
1403637246.688319 65.495025635 -0.669925690 -26.475093842 -0.017139176 0.631435454 0.109331623 0.767490804
1403637246.738319 65.841362000 -0.606431007 -26.088619232 -0.015891144 0.616700232 0.100271635 0.780624032
1403637246.788319 66.123947144 -0.556242466 -25.613067627 -0.013902073 0.602107286 0.092918880 0.792867959
1403637246.838319 66.400421143 -0.570293903 -25.169082642 -0.013585870 0.587348521 0.086282462 0.804607034
1403637246.888319 66.599914551 -0.555932522 -24.687017441 -0.014666247 0.572812438 0.081263401 0.815516472
1403637246.938319 66.809097290 -0.566829205 -24.233282089 -0.018154513 0.558164775 0.079904296 0.825674117
1403637246.988319 66.995269775 -0.549217224 -23.827550888 -0.024016384 0.544565380 0.079986975 0.834550083
1403637247.038319 67.115188599 -0.491030216 -23.465978622 -0.028463896 0.532315969 0.081050254 0.842175961
1403637247.088319 67.282287598 -0.580487251 -23.014179230 -0.034187313 0.522615731 0.084736280 0.847657859
1403637247.138319 67.397018433 -0.616860390 -22.514490128 -0.038380690 0.514661789 0.089469552 0.851848245
1403637247.188319 67.492744446 -0.582268238 -22.053449631 -0.041376673 0.508618414 0.092655808 0.854991317
1403637247.238319 67.600486755 -0.685231209 -21.495151520 -0.043636169 0.504131377 0.097182773 0.857031465
1403637247.288319 67.699371338 -0.645440102 -21.044328690 -0.042118084 0.500640392 0.098509945 0.859000027
1403637247.338319 67.805610657 -0.619886875 -20.572299957 -0.035755228 0.499136120 0.096938975 0.860341489
1403637247.388319 67.907531738 -0.735653877 -19.986318588 -0.024817860 0.500346422 0.090434507 0.860731781
1403637247.438319 67.977584839 -0.733636856 -19.518194199 -0.011678158 0.501345217 0.083722301 0.861108124
1403637247.488319 68.055862427 -0.703605175 -18.946830750 -0.003824171 0.502418101 0.081109017 0.860803545
1403637247.538319 68.089859009 -0.680663586 -18.419357300 -0.002066803 0.502554834 0.079284631 0.860899687
1403637247.588319 68.096801758 -0.636086464 -17.901069641 -0.002149015 0.501344860 0.077878647 0.861732900
1403637247.638319 68.079498291 -0.561174393 -17.432098389 -0.003140335 0.498641431 0.075192511 0.863535106
1403637247.688319 68.027107239 -0.508405209 -16.887529373 -0.004634911 0.496681899 0.068766594 0.865191698
1403637247.738319 67.949127197 -0.443415642 -16.369600296 -0.006773788 0.493549585 0.062000848 0.867478430
1403637247.788319 67.837646484 -0.432274342 -15.830619812 -0.010416328 0.490082324 0.054965518 0.869879067
1403637247.838319 67.701690674 -0.369057417 -15.279661179 -0.011539962 0.485533684 0.048032459 0.872821152
1403637247.888319 67.504737854 -0.373337030 -14.749034882 -0.010851922 0.479035318 0.046013404 0.876521587
1403637247.938319 67.315620422 -0.423452854 -14.249914169 -0.006467079 0.470564544 0.045486428 0.881168604
1403637247.988319 67.081489563 -0.522547245 -13.740375519 -0.002591847 0.461723506 0.046827499 0.885783195
1403637248.038319 66.793045044 -0.549543142 -13.218534470 -0.002534755 0.452434093 0.050285280 0.890375376
1403637248.088319 66.471038818 -0.543931484 -12.700216293 -0.006967953 0.443366766 0.052345194 0.894783437
1403637248.138319 66.175048828 -0.538517237 -12.251541138 -0.011843441 0.433466434 0.055242997 0.899396896
1403637248.188319 65.794845581 -0.692199707 -11.675041199 -0.018245658 0.425716937 0.057964943 0.902813554
1403637248.238319 65.449890137 -0.664464235 -11.227319717 -0.023856090 0.418598861 0.058890451 0.905945837
1403637248.288319 65.104125977 -0.809100151 -10.713138580 -0.027157031 0.411882550 0.062676363 0.908673227
1403637248.338319 64.649978638 -0.739974976 -10.110874176 -0.028828165 0.408352077 0.062035222 0.910257757
1403637248.388319 64.285072327 -0.680165291 -9.728876114 -0.028352432 0.403686017 0.062256109 0.912336528
1403637248.438319 63.861190796 -0.628731728 -9.177228928 -0.026272170 0.401296556 0.062907629 0.913407683
1403637248.488319 63.450332642 -0.718432188 -8.600206375 -0.024965690 0.400258720 0.062220380 0.913946569
1403637248.538319 63.030212402 -0.650466442 -8.131855011 -0.018869018 0.399173319 0.060101327 0.914708972
1403637248.588319 62.606185913 -0.616664171 -7.580196381 -0.014909499 0.399491310 0.057505451 0.914810121
1403637248.638319 62.143066406 -0.606465578 -7.063508987 -0.014451780 0.400239617 0.056280766 0.914566517
1403637248.688319 61.683761597 -0.635328531 -6.589700699 -0.017785508 0.400786668 0.057052445 0.914220333
1403637248.738319 61.187995911 -0.661324024 -6.064254761 -0.022280373 0.402075827 0.058550883 0.913460672
1403637248.788319 60.756210327 -0.734184742 -5.635406494 -0.027456729 0.402845025 0.060098447 0.912880182
1403637248.838319 60.279251099 -0.819869041 -5.152137756 -0.030792601 0.404064804 0.062210303 0.912092865
1403637248.888319 59.785957336 -0.920664787 -4.696706772 -0.033038691 0.405149370 0.064575464 0.911368430
1403637248.938319 59.286476135 -1.019214630 -4.225318909 -0.033341993 0.406218410 0.067599237 0.910661995
1403637248.988319 58.785930634 -1.174809933 -3.773317337 -0.034282994 0.407293677 0.069736056 0.909985423
1403637249.038319 58.307018280 -1.336677074 -3.304836273 -0.034088165 0.408710539 0.069895536 0.909344971
1403637249.088319 57.789566040 -1.528105259 -2.842798233 -0.034849808 0.410307825 0.070412338 0.908556581
1403637249.138319 57.260448456 -1.715189934 -2.340576172 -0.034037959 0.411982358 0.070634097 0.907812059
1403637249.188319 56.705104828 -1.891817570 -1.893129349 -0.034327392 0.413100243 0.070546836 0.907299817
1403637249.238319 56.177646637 -2.125629425 -1.424600601 -0.033486329 0.414071590 0.071118377 0.906843722
1403637249.288319 55.619552612 -2.386171818 -0.932914734 -0.032329656 0.415082514 0.071979709 0.906355500
1403637249.338319 55.077152252 -2.649073124 -0.495038986 -0.031400066 0.416391313 0.070541598 0.905900776
1403637249.388319 54.542903900 -2.894117832 -0.052776337 -0.031338912 0.416640669 0.071686715 0.905698299
1403637249.438319 53.995616913 -3.054291248 0.439088821 -0.030840768 0.416742772 0.072445028 0.905608118
1403637249.488319 53.442787170 -3.201832294 0.947341919 -0.030379342 0.417268604 0.072615705 0.905367851
1403637249.538319 52.893600464 -3.303890228 1.441295624 -0.030548096 0.417081058 0.073168851 0.905404031
1403637249.588319 52.321830750 -3.332902908 1.964799881 -0.029875817 0.416870207 0.073544860 0.905493140
1403637249.638319 51.786510468 -3.367700577 2.488605499 -0.029734582 0.416554779 0.073583439 0.905639827
1403637249.688319 51.224227905 -3.339742661 3.020904541 -0.027386252 0.416631550 0.072395697 0.905774236
1403637249.738319 50.675727844 -3.264124632 3.552486420 -0.021926118 0.416015148 0.070511162 0.906354666
1403637249.788319 50.096168518 -3.304383039 4.075843811 -0.018255474 0.415529549 0.067909308 0.906857371
1403637249.838319 49.512378693 -3.322936296 4.610807419 -0.014264541 0.413706750 0.065709248 0.907923758
1403637249.888319 48.885299683 -3.342748642 5.141717911 -0.012137621 0.410362571 0.064210288 0.909578085
1403637249.938319 48.330230713 -3.414854527 5.619087219 -0.012952701 0.405114800 0.062804811 0.912014127
1403637249.988319 47.692329407 -3.484737873 6.120292664 -0.013922457 0.398225009 0.065052137 0.914872229
1403637250.038319 47.026885986 -3.553312063 6.567420959 -0.015622449 0.391153842 0.068876654 0.917611361
1403637250.088319 46.378860474 -3.664449215 7.048080444 -0.016852304 0.384043127 0.073730461 0.920212269
1403637250.138319 45.730033875 -3.760492086 7.528930664 -0.019857623 0.377347767 0.076263495 0.922712386
1403637250.188319 45.130008698 -3.896996975 7.966558456 -0.020938644 0.370297015 0.077569164 0.925432205
1403637250.238319 44.439216614 -3.947645187 8.439929962 -0.020487012 0.363209099 0.079077266 0.928119719
1403637250.288319 43.830429077 -4.043475151 8.888114929 -0.020255899 0.356481612 0.081201240 0.930546582
1403637250.338319 43.166255951 -4.110533714 9.338558197 -0.018915012 0.350451350 0.083891764 0.932624400
1403637250.388319 42.591491699 -4.118603706 9.775255203 -0.018656177 0.345459580 0.085426062 0.934351087
1403637250.438319 41.974342346 -4.170018196 10.191088676 -0.018718125 0.340887249 0.088874795 0.935706556
1403637250.488319 41.402114868 -4.160656452 10.612150192 -0.018884562 0.336720198 0.092371643 0.936872661
1403637250.538319 40.847984314 -4.167739868 11.013028145 -0.021182386 0.333737850 0.094839349 0.937643766
1403637250.588319 40.260200500 -4.163885117 11.416514397 -0.022463487 0.331337303 0.097094268 0.938234329
1403637250.638319 39.706039429 -4.196307659 11.779870033 -0.025434924 0.328744292 0.095646285 0.939218819
1403637250.688319 39.174423218 -4.254532814 12.138246536 -0.027002966 0.325944930 0.095532432 0.940161824
1403637250.738319 38.689201355 -4.309215546 12.479977608 -0.028224079 0.323797375 0.094418190 0.940980256
1403637250.788319 38.188667297 -4.386759758 12.806223869 -0.029944191 0.322500229 0.092095599 0.941602528
1403637250.838319 37.697433472 -4.475086689 13.118711472 -0.029062310 0.321242303 0.091443636 0.942123592
1403637250.888319 37.244201660 -4.589087486 13.422581673 -0.027391229 0.320174962 0.090684257 0.942610264
1403637250.938319 36.801048279 -4.704928398 13.703950882 -0.027356694 0.318896115 0.092273824 0.942890465
1403637250.988319 36.383773804 -4.850168228 13.976718903 -0.026287096 0.317861378 0.093306951 0.943168581
1403637251.038319 35.967239380 -4.997323990 14.234917641 -0.026064940 0.315830320 0.094091527 0.943778932
1403637251.088319 35.550529480 -5.174148560 14.466809273 -0.026891271 0.312416524 0.095882930 0.944711208
1403637251.138319 35.169429779 -5.361033440 14.708230019 -0.028408138 0.307946950 0.098485164 0.945865929
1403637251.188319 34.795524597 -5.554539680 14.911958694 -0.029260691 0.303617150 0.100688420 0.947007000
1403637251.238319 34.440933228 -5.762682915 15.097888947 -0.030324010 0.299685955 0.101920366 0.948093355
1403637251.288319 34.113475800 -5.989632130 15.288065910 -0.030340649 0.296222061 0.101734772 0.949200690
1403637251.338319 33.796661377 -6.232166290 15.462770462 -0.029761011 0.293092936 0.097625442 0.950620890
1403637251.388319 33.506546021 -6.485659122 15.608880043 -0.028385855 0.291375130 0.088202626 0.952110827
1403637251.438319 33.242568970 -6.755512714 15.764311790 -0.027115230 0.287447810 0.082167968 0.953879952
1403637251.488319 33.013786316 -7.016155243 15.896777153 -0.026178971 0.282650918 0.075387381 0.955897391
1403637251.538319 32.779277802 -7.259267330 16.041614532 -0.025296554 0.276631862 0.070369631 0.958062112
1403637251.588319 32.526920319 -7.485350609 16.170856476 -0.025006164 0.270473570 0.065508604 0.960170448
1403637251.638319 32.322097778 -7.679422379 16.288320541 -0.024347117 0.264372796 0.062006686 0.962117136
1403637251.688319 32.098533630 -7.864843369 16.419567108 -0.024177300 0.258392066 0.060258746 0.963855743
1403637251.738319 31.908584595 -8.049103737 16.496212006 -0.024086140 0.252978772 0.058925144 0.965375245
1403637251.788319 31.726860046 -8.203792572 16.631614685 -0.023465069 0.248621106 0.057700455 0.966595888
1403637251.838319 31.535926819 -8.359567642 16.727874756 -0.023772592 0.245701641 0.055166569 0.967482388
1403637251.888319 31.356128693 -8.479203224 16.848304749 -0.020955121 0.243876398 0.051672835 0.968201995
1403637251.938319 31.178417206 -8.616751671 16.957965851 -0.019083407 0.243318424 0.045555707 0.968688130
1403637251.988319 31.027124405 -8.734354973 17.031097412 -0.015671045 0.243444756 0.038331367 0.969030321
1403637252.038319 30.865352631 -8.816453934 17.133632660 -0.013105305 0.243491232 0.033863436 0.969223142
1403637252.088319 30.689826965 -8.934856415 17.186393738 -0.010002820 0.243244007 0.030071348 0.969447255
1403637252.138319 30.553710938 -8.993756294 17.268417358 -0.006546048 0.242489636 0.028897066 0.969701409
1403637252.188319 30.370559692 -9.079594612 17.316108704 -0.003196635 0.241250381 0.029958747 0.969995081
1403637252.238319 30.201141357 -9.129830360 17.389116287 -0.002048806 0.240053684 0.032460567 0.970214605
1403637252.288319 30.060218811 -9.171074867 17.383705139 -0.002198430 0.238832101 0.034817383 0.970434010
1403637252.338319 29.860570908 -9.173650742 17.439643860 -0.003483515 0.238138333 0.036964338 0.970521331
1403637252.388319 29.687681198 -9.147306442 17.459373474 -0.006820842 0.237367690 0.039615542 0.970587790
1403637252.438319 29.516723633 -9.112741470 17.471609116 -0.011489635 0.236802608 0.042559709 0.970557153
1403637252.488319 29.337549210 -9.049996376 17.487354279 -0.014914612 0.236609593 0.044507399 0.970470250
1403637252.538319 29.157447815 -8.980279922 17.488861084 -0.017763754 0.236544237 0.045822058 0.970377028
1403637252.588319 29.000837326 -8.878800392 17.470180511 -0.020067759 0.236442164 0.047459517 0.970278263
1403637252.638319 28.831386566 -8.795974731 17.460111618 -0.022705629 0.236126035 0.049781676 0.970180750
1403637252.688319 28.678897858 -8.680203438 17.444711685 -0.027282059 0.235266358 0.053312089 0.970084131
1403637252.738319 28.506839752 -8.564832687 17.435213089 -0.032086153 0.234134257 0.058324195 0.969922602
1403637252.788319 28.388225555 -8.477326393 17.391963959 -0.036866523 0.232735798 0.063703418 0.969750881
1403637252.838319 28.277053833 -8.373461723 17.374195099 -0.040401746 0.232685074 0.064669304 0.969558299
1403637252.888319 28.163028717 -8.316021919 17.320409775 -0.039481949 0.234073773 0.061282627 0.969481885
1403637252.938319 28.033035278 -8.259396553 17.314754486 -0.035478547 0.236178100 0.056584474 0.969411910
1403637252.988319 27.952630997 -8.254877090 17.258647919 -0.032729741 0.238027096 0.051309686 0.969349861
1403637253.038319 27.878993988 -8.269433022 17.172954559 -0.030241050 0.239515036 0.047516666 0.969257534
1403637253.088319 27.805419922 -8.285514832 17.105384827 -0.027897492 0.240247637 0.045648128 0.969236314
1403637253.138319 27.734275818 -8.295351028 17.041925430 -0.025976719 0.241270512 0.043592241 0.969130278
1403637253.188319 27.669326782 -8.326319695 16.963954926 -0.025276326 0.241759047 0.042948004 0.969055831
1403637253.238319 27.595893860 -8.332476616 16.896644592 -0.023909651 0.242295131 0.042560030 0.968973696
1403637253.288319 27.533378601 -8.315806389 16.821784973 -0.024010003 0.242819011 0.042270895 0.968852758
1403637253.338319 27.458385468 -8.299494743 16.750888824 -0.024031172 0.242745042 0.043902256 0.968798220
1403637253.388319 27.392639160 -8.258607864 16.673183441 -0.023917370 0.243353173 0.042669374 0.968703508
1403637253.438319 27.329181671 -8.198441505 16.610605240 -0.022890830 0.242930502 0.044712264 0.968742311
1403637253.488319 27.283826828 -8.122577667 16.526992798 -0.022435974 0.243361294 0.043865610 0.968683481
1403637253.538319 27.222553253 -8.034249306 16.428667068 -0.023804059 0.243754089 0.043737121 0.968557894
1403637253.588319 27.178230286 -7.924365044 16.370944977 -0.024140568 0.244062677 0.043130219 0.968499064
1403637253.638319 27.115867615 -7.861133575 16.274517059 -0.024775118 0.244772688 0.041130550 0.968390822
1403637253.688319 27.044479370 -7.789831161 16.178337097 -0.024230819 0.245542586 0.038637392 0.968312383
1403637253.738319 27.007541656 -7.738060951 16.068748474 -0.024018096 0.246051922 0.036731053 0.968262553
1403637253.788319 26.941333771 -7.704151154 15.968332291 -0.022830632 0.247214794 0.033019237 0.968128741
1403637253.838319 26.878355026 -7.696767330 15.822957039 -0.022692507 0.247624293 0.032257676 0.968053043
1403637253.888319 26.813171387 -7.691174030 15.700681686 -0.022431433 0.247833624 0.031132177 0.968042433
1403637253.938319 26.748647690 -7.697123051 15.569509506 -0.022209102 0.247797668 0.031183328 0.968055069
1403637253.988319 26.655418396 -7.703178406 15.444192886 -0.022290688 0.248222291 0.030541526 0.967964888
1403637254.038319 26.559698105 -7.738669872 15.288156509 -0.021661690 0.248821482 0.028747376 0.967880249
1403637254.088319 26.465442657 -7.786270618 15.133150101 -0.020979583 0.248304605 0.028605025 0.968032241
1403637254.138319 26.362220764 -7.848221779 14.972482681 -0.020142948 0.246420667 0.027135238 0.968573570
1403637254.188319 26.246585846 -7.909279346 14.803316116 -0.020607829 0.243009299 0.026748819 0.969436049
1403637254.238319 26.116344452 -7.982626915 14.616415024 -0.022770831 0.238912866 0.024989504 0.970452309
1403637254.288319 25.971420288 -8.073066711 14.454604149 -0.025855804 0.234534279 0.023074184 0.971489966
1403637254.338319 25.816123962 -8.165317535 14.255229950 -0.029255420 0.230081111 0.021688575 0.972489774
1403637254.388319 25.667291641 -8.247880936 14.068197250 -0.032685567 0.225473180 0.020676635 0.973481357
1403637254.438319 25.520374298 -8.331327438 13.868678093 -0.034845568 0.221193060 0.020372298 0.974394381
1403637254.488319 25.391942978 -8.377007484 13.708667755 -0.037506986 0.218195036 0.019072294 0.974997640
1403637254.538319 25.229900360 -8.434269905 13.542961121 -0.039025210 0.214898005 0.018903503 0.975673378
1403637254.588319 25.070034027 -8.472496033 13.388176918 -0.038904652 0.212350264 0.017590810 0.976260364
1403637254.638319 24.896221161 -8.503770828 13.224273682 -0.037721250 0.210266992 0.017391719 0.976761222
1403637254.688319 24.755031586 -8.537435532 13.058635712 -0.036704812 0.208653659 0.016077438 0.977168322
1403637254.738319 24.597486496 -8.523154259 12.936231613 -0.034212958 0.207434446 0.014875770 0.977537274
1403637254.788319 24.425374985 -8.526415825 12.788248062 -0.031522695 0.206297994 0.015011204 0.977866113
1403637254.838319 24.267436981 -8.489086151 12.660829544 -0.028727651 0.204804301 0.016137512 0.978248179
1403637254.888319 24.097480774 -8.457416534 12.533641815 -0.026560081 0.203987628 0.016147418 0.978479862
1403637254.938319 23.925598145 -8.410159111 12.384648323 -0.024799095 0.203323618 0.016830135 0.978652775
1403637254.988319 23.759983063 -8.348499298 12.256972313 -0.022631748 0.203120530 0.016304111 0.978756368
1403637255.038319 23.565589905 -8.255122185 12.124051094 -0.022490021 0.202589720 0.015967079 0.978875160
1403637255.088319 23.392597198 -8.200126648 11.983303070 -0.021524049 0.200173229 0.015495587 0.979401469
1403637255.138319 23.196353912 -8.118831635 11.860576630 -0.021674678 0.196471140 0.015471211 0.980147898
1403637255.188319 22.979919434 -8.076561928 11.716052055 -0.022166172 0.192242071 0.013732825 0.981001079
1403637255.238319 22.788841248 -8.043928146 11.542285919 -0.022069559 0.187180609 0.012816153 0.981993914
1403637255.288319 22.584690094 -8.014986038 11.352605820 -0.021363586 0.182339311 0.012397576 0.982925355
1403637255.338319 22.389604568 -7.997207642 11.199620247 -0.020262701 0.177791804 0.011767871 0.983789086
1403637255.388319 22.156459808 -7.981073856 11.013829231 -0.021390799 0.172391683 0.011957314 0.984723568
1403637255.438319 21.956577301 -7.949447155 10.826053619 -0.022234082 0.166894063 0.010336407 0.985669911
1403637255.488319 21.717685699 -7.903992653 10.665418625 -0.023336625 0.160912693 0.008308711 0.986657739
1403637255.538319 21.518028259 -7.847280502 10.462785721 -0.024175759 0.154303327 0.005290149 0.987713516
1403637255.588319 21.302623749 -7.775352001 10.288660049 -0.025070477 0.147391200 0.000962533 0.988759995
1403637255.638319 21.066493988 -7.665918827 10.088000298 -0.025014818 0.139779717 -0.002613163 0.989863157
1403637255.688319 20.849597931 -7.572330952 9.885529518 -0.027013814 0.131375074 -0.007060208 0.990939438
1403637255.738319 20.613227844 -7.490598679 9.702644348 -0.029621599 0.122299567 -0.011149451 0.991988420
1403637255.788319 20.374170303 -7.392311096 9.504871368 -0.032085150 0.113086201 -0.015802013 0.992941260
1403637255.838319 20.120079041 -7.326779842 9.320683479 -0.035017855 0.103025414 -0.019263076 0.993875444
1403637255.888319 19.890621185 -7.284793377 9.068238258 -0.037855297 0.092502050 -0.022856982 0.994730055
1403637255.938319 19.641273499 -7.240826607 8.887403488 -0.038665667 0.082621999 -0.026039332 0.995490074
1403637255.988319 19.383155823 -7.240133762 8.651599884 -0.040101320 0.073501520 -0.028170368 0.996090293
1403637256.038319 19.133472443 -7.251980782 8.443579674 -0.040806748 0.066019855 -0.031280950 0.996492684
1403637256.088319 18.891857147 -7.292472839 8.223957062 -0.041774560 0.060070410 -0.034162544 0.996734381
1403637256.138319 18.650907516 -7.315223694 8.000394821 -0.040999379 0.055223517 -0.035977263 0.996982992
1403637256.188319 18.394449234 -7.367593765 7.760625839 -0.038916934 0.051663101 -0.038013797 0.997181714
1403637256.238319 18.134239197 -7.393794060 7.558014870 -0.035051446 0.048651602 -0.039150979 0.997432530
1403637256.288319 17.861211777 -7.416512966 7.327729702 -0.032983989 0.046480786 -0.039534409 0.997591436
1403637256.338319 17.603530884 -7.374919891 7.167892456 -0.031038443 0.045306910 -0.040616237 0.997664332
1403637256.388319 17.328651428 -7.367866039 6.958404541 -0.029521342 0.044670332 -0.041229118 0.997713983
1403637256.438319 17.053609848 -7.338726044 6.762576580 -0.028977863 0.044972740 -0.042885456 0.997646511
1403637256.488319 16.771121979 -7.287783146 6.537956238 -0.028187450 0.045680150 -0.043542407 0.997608542
1403637256.538319 16.483495712 -7.236615181 6.339273453 -0.027240869 0.045959238 -0.042755924 0.997656047
1403637256.588319 16.213491440 -7.152406693 6.139161110 -0.027186442 0.046611298 -0.042166837 0.997652352
1403637256.638319 15.920353889 -7.059142590 5.940351009 -0.030228743 0.047543745 -0.040421452 0.997593105
1403637256.688319 15.610925674 -6.944756508 5.745081425 -0.035036694 0.047029641 -0.034694999 0.997675776
1403637256.738319 15.327472687 -6.815267086 5.541175842 -0.041207340 0.046096411 -0.027660659 0.997703314
1403637256.788319 15.031375885 -6.692827225 5.350624084 -0.045661934 0.045491491 -0.020516677 0.997709632
1403637256.838319 14.726301193 -6.570302010 5.172368050 -0.047905717 0.045099888 -0.014529581 0.997727394
1403637256.888319 14.453075409 -6.418374062 4.984458923 -0.047493149 0.044364899 -0.012233671 0.997810841
1403637256.938319 14.207732201 -6.268780231 4.780953407 -0.043907803 0.043387018 -0.014659824 0.997985363
1403637256.988319 13.931185722 -6.155343533 4.618881702 -0.042167000 0.041113514 -0.017276060 0.998114824
1403637257.038319 13.643807411 -6.056322098 4.449563503 -0.039579909 0.037995275 -0.022215789 0.998246610
1403637257.088319 13.374897957 -5.961640358 4.272988319 -0.037487555 0.034546219 -0.026344685 0.998352230
1403637257.138319 13.119842529 -5.888395309 4.092452526 -0.036434475 0.031362861 -0.030305898 0.998383939
1403637257.188319 12.861988068 -5.834467411 3.882390499 -0.035647154 0.027987704 -0.033117447 0.998423398
1403637257.238319 12.599404335 -5.800401688 3.691913605 -0.036561508 0.024940478 -0.035486400 0.998389661
1403637257.288319 12.333018303 -5.757132053 3.546123028 -0.037589099 0.021852992 -0.037364315 0.998355329
1403637257.338319 12.054457664 -5.758963585 3.335044622 -0.039349042 0.019173386 -0.039579414 0.998257220
1403637257.388319 11.781454086 -5.774150848 3.137146950 -0.040474035 0.017167713 -0.042559449 0.998126149
1403637257.438319 11.502040863 -5.763077259 2.951743126 -0.041148484 0.015244382 -0.044226810 0.998057306
1403637257.488319 11.234937668 -5.753537178 2.739871502 -0.041588936 0.013564002 -0.045448229 0.998008430
1403637257.538319 10.950366974 -5.733044624 2.558222055 -0.042219881 0.012979174 -0.048856132 0.997828662
1403637257.588319 10.683581352 -5.694866657 2.360423088 -0.044376187 0.011355594 -0.048355289 0.997779310
1403637257.638319 10.412220955 -5.662084579 2.189871788 -0.047078691 0.010009278 -0.047226734 0.997723937
1403637257.688319 10.126673698 -5.599721432 2.029447556 -0.051515196 0.008863756 -0.046040192 0.997571051
1403637257.738319 9.844969749 -5.537501335 1.865311742 -0.054444633 0.006999010 -0.045573510 0.997451663
1403637257.788319 9.549755096 -5.441522121 1.730323315 -0.057521146 0.004155889 -0.044763885 0.997331560
1403637257.838319 9.260410309 -5.365557194 1.572513103 -0.060598928 0.000768985 -0.045117881 0.997141719
1403637257.888319 8.974033356 -5.272615433 1.471808434 -0.063426763 -0.003717682 -0.045282170 0.996951759
1403637257.938319 8.674858093 -5.152369499 1.357682824 -0.065032348 -0.009224796 -0.045199946 0.996816278
1403637257.988319 8.365524292 -5.049623013 1.239982367 -0.066104136 -0.015343969 -0.046361692 0.996616960
1403637258.038319 8.079170227 -4.944411755 1.159552097 -0.066857137 -0.023207555 -0.046994004 0.996385038
1403637258.088319 7.840520859 -4.841187000 1.027533531 -0.067026682 -0.032284562 -0.048352454 0.996055782
1403637258.138319 7.534942627 -4.767878056 0.959249973 -0.064992823 -0.041731857 -0.051145524 0.995700002
1403637258.188319 7.231120110 -4.695035934 0.873777986 -0.060495280 -0.051556043 -0.055973496 0.995263457
1403637258.238319 6.927608013 -4.649940968 0.852582932 -0.055632696 -0.059942901 -0.061546978 0.994748116
1403637258.288319 6.615185738 -4.605654240 0.826973677 -0.050387111 -0.067339376 -0.065587930 0.994296134
1403637258.338319 6.353285789 -4.589880943 0.758867502 -0.046386611 -0.074441575 -0.069432199 0.993723273
1403637258.388319 6.068817139 -4.514630318 0.698334098 -0.044167176 -0.081013575 -0.070514850 0.993233979
1403637258.438319 5.827299118 -4.446060658 0.678854108 -0.043453947 -0.087491855 -0.069334865 0.992798865
1403637258.488319 5.529451370 -4.335895538 0.690217078 -0.045111001 -0.093019553 -0.066410206 0.992422283
1403637258.538319 5.243680477 -4.245865345 0.660870075 -0.048337512 -0.097837314 -0.062684305 0.992049396
1403637258.588319 4.949674606 -4.155547619 0.645674586 -0.049525682 -0.100931272 -0.060799830 0.991798103
1403637258.638319 4.659289837 -4.053062439 0.667529643 -0.047892686 -0.102752529 -0.060575742 0.991705000
1403637258.688319 4.395980835 -3.947001696 0.668370605 -0.045142084 -0.103919089 -0.061032873 0.991684437
1403637258.738319 4.140226841 -3.849376678 0.662525475 -0.043423411 -0.105120294 -0.060686376 0.991655827
1403637258.788319 3.881039381 -3.743963003 0.651654363 -0.041639440 -0.105076715 -0.061302122 0.991699100
1403637258.838319 3.653290987 -3.614451408 0.701580226 -0.039705791 -0.105618261 -0.061036143 0.991737247
1403637258.888319 3.424323320 -3.537967682 0.681200862 -0.038538210 -0.105806924 -0.060348663 0.991805315
1403637258.938319 3.196139336 -3.440800190 0.675980568 -0.038510151 -0.106027663 -0.058415327 0.991898537
1403637258.988319 2.973698378 -3.362472296 0.686423898 -0.038646087 -0.105965793 -0.057228040 0.991969109
1403637259.038319 2.751226425 -3.310528994 0.665541530 -0.039016843 -0.105870835 -0.055170394 0.992081285
1403637259.088319 2.549939632 -3.283948898 0.671765268 -0.038969934 -0.104747027 -0.056084577 0.992151201
1403637259.138319 2.339879990 -3.287522078 0.647458911 -0.038163703 -0.104284525 -0.055871263 0.992243230
1403637259.188319 2.148113966 -3.323845148 0.613933444 -0.038301498 -0.104030080 -0.054554988 0.992337942
1403637259.238319 1.937087178 -3.396179914 0.558712363 -0.037580859 -0.103117138 -0.054275364 0.992476106
1403637259.288319 1.751362681 -3.442619801 0.506881654 -0.037009712 -0.102831990 -0.053157564 0.992587626
1403637259.338319 1.600026250 -3.535906792 0.465846062 -0.037891388 -0.102263287 -0.052574649 0.992644131
1403637259.388319 1.443892121 -3.597045183 0.422517240 -0.038066771 -0.101997986 -0.051300146 0.992731392
1403637259.438319 1.302610993 -3.654961109 0.385571569 -0.037639905 -0.102652781 -0.047223348 0.992882490
1403637259.488319 1.150555253 -3.676775694 0.343109637 -0.037179820 -0.103724040 -0.041796323 0.993031740
1403637259.538319 1.018891096 -3.719009399 0.285638720 -0.037174586 -0.104247496 -0.038429894 0.993113101
1403637259.588319 0.892222941 -3.747151613 0.276878506 -0.037123263 -0.104452714 -0.036633782 0.993161380
1403637259.638319 0.797087014 -3.772365808 0.223686621 -0.036384597 -0.103797890 -0.037099298 0.993240058
1403637259.688319 0.733274221 -3.743660927 0.203951925 -0.036680639 -0.102599390 -0.039950669 0.993243098
1403637259.738319 0.669472396 -3.731939793 0.172890872 -0.039300416 -0.101243459 -0.043335531 0.993140101
1403637259.788319 0.618822098 -3.709061146 0.141253620 -0.042099975 -0.099802494 -0.047087137 0.993000448
1403637259.838319 0.583108962 -3.685348988 0.120096028 -0.043559141 -0.098751426 -0.050199941 0.992890060
1403637259.888319 0.545426488 -3.660780430 0.093877465 -0.042504385 -0.099145472 -0.048413582 0.992985249
1403637259.938319 0.516044199 -3.628030539 0.075490236 -0.040312625 -0.100074150 -0.044905789 0.993148267
1403637259.988319 0.501062632 -3.582065821 0.057363033 -0.038729671 -0.100475766 -0.044329591 0.993196607
1403637260.038319 0.507925451 -3.521922350 0.057867646 -0.036755115 -0.100018233 -0.046504661 0.993218362
1403637260.088319 0.509574294 -3.454753160 0.033611923 -0.035426177 -0.099299274 -0.049219396 0.993207991
1403637260.138319 0.526779234 -3.380694389 0.019650221 -0.035831437 -0.098341331 -0.052844279 0.993102491
1403637260.188319 0.557259321 -3.285743475 0.025158525 -0.036547955 -0.097479522 -0.056361057 0.992968023
1403637260.238319 0.585356057 -3.194732428 -0.001802057 -0.037951659 -0.096237428 -0.061335109 0.992741704
1403637260.288319 0.619995832 -3.095448732 -0.009987444 -0.038011044 -0.095199354 -0.065546051 0.992570400
1403637260.338319 0.650488913 -2.986423016 -0.026600569 -0.037729871 -0.093914390 -0.070537269 0.992361367
1403637260.388319 0.686122775 -2.876357317 -0.036759853 -0.036438789 -0.092344970 -0.076768547 0.992094338
1403637260.438319 0.713144064 -2.755086184 -0.053271681 -0.034966148 -0.091091767 -0.081872247 0.991855145
1403637260.488319 0.735013008 -2.635056973 -0.080256075 -0.037530113 -0.090973981 -0.083275616 0.991655350
1403637260.538319 0.742712200 -2.514825583 -0.094964176 -0.042817019 -0.090766482 -0.083941452 0.991404057
1403637260.588319 0.739021838 -2.385825872 -0.121082008 -0.049045570 -0.090983056 -0.083246976 0.991154134
1403637260.638319 0.725478470 -2.257073164 -0.139267921 -0.054377664 -0.091370948 -0.081550501 0.990981281
1403637260.688319 0.713838398 -2.133257866 -0.159562916 -0.056584179 -0.091573760 -0.080453143 0.990928710
1403637260.738319 0.684862852 -2.016695499 -0.167704284 -0.055238590 -0.092566967 -0.077720858 0.991130412
1403637260.788319 0.650875211 -1.903687835 -0.168645531 -0.052010719 -0.092857920 -0.077724457 0.991277575
1403637260.838319 0.614109039 -1.790959716 -0.171191543 -0.047178429 -0.093982801 -0.076307073 0.991523385
1403637260.888319 0.571390688 -1.677517176 -0.164744675 -0.043712970 -0.094883367 -0.075177290 0.991682768
1403637260.938319 0.521804690 -1.557121992 -0.156845778 -0.039386291 -0.095650710 -0.074024118 0.991877079
1403637260.988319 0.477679759 -1.439613461 -0.160012200 -0.035975944 -0.095916934 -0.074356206 0.991956055
1403637261.038319 0.422394961 -1.320322275 -0.144895434 -0.035366423 -0.096271090 -0.073640905 0.991997004
1403637261.088319 0.369994015 -1.197584867 -0.157430917 -0.038746241 -0.096530393 -0.073105983 0.991885126
1403637261.138319 0.317492157 -1.075450659 -0.174941108 -0.044640888 -0.096362658 -0.073076047 0.991655827
1403637261.188319 0.261293322 -0.951397181 -0.182196915 -0.050974954 -0.095806383 -0.074337341 0.991310596
1403637261.238319 0.197045565 -0.839286923 -0.188997656 -0.057152022 -0.095448792 -0.075052232 0.990954280
1403637261.288319 0.131962478 -0.742327750 -0.197583735 -0.060773518 -0.094991408 -0.076058410 0.990705967
1403637261.338319 0.060469065 -0.666339278 -0.193102583 -0.059052210 -0.094857909 -0.076235652 0.990809262
1403637261.388319 -0.013958707 -0.614061236 -0.190827921 -0.054311138 -0.095588297 -0.074275836 0.991159081
1403637261.438319 -0.097146705 -0.570347786 -0.179761469 -0.049425934 -0.096737266 -0.070386611 0.991586983
1403637261.488319 -0.183048487 -0.533757746 -0.172304451 -0.046254840 -0.097807974 -0.067146614 0.991859615
1403637261.538319 -0.261273563 -0.497671336 -0.167305082 -0.048916154 -0.098020226 -0.065833911 0.991798937
1403637261.588319 -0.337679297 -0.465626597 -0.160877928 -0.055047117 -0.097428255 -0.066729963 0.991475999
1403637261.638319 -0.411895066 -0.438550353 -0.151746869 -0.061244827 -0.096384913 -0.068846062 0.991069734
1403637261.688319 -0.485951096 -0.433974922 -0.139281780 -0.065340631 -0.095607534 -0.070195481 0.990788758
1403637261.738319 -0.563417137 -0.447981030 -0.112991378 -0.065869182 -0.094790302 -0.071819291 0.990715921
1403637261.788319 -0.646392345 -0.487945497 -0.080781087 -0.061386149 -0.094829984 -0.071954392 0.990990222
1403637261.838319 -0.731289566 -0.538115978 -0.039771065 -0.054278392 -0.094845735 -0.071724854 0.991420031
1403637261.888319 -0.815317512 -0.579634786 0.007897049 -0.048468892 -0.095040306 -0.070453145 0.991793573
1403637261.938319 -0.895752251 -0.606610775 0.059436113 -0.043612417 -0.095110200 -0.069810495 0.992057681
1403637261.988319 -0.977298081 -0.607038081 0.120617218 -0.039971843 -0.094611347 -0.069330357 0.992292404
1403637262.038319 -1.059805632 -0.588621736 0.184271157 -0.037241146 -0.094884664 -0.066662066 0.992555380
1403637262.088319 -1.134780407 -0.545354426 0.249740884 -0.034606017 -0.094949804 -0.064797111 0.992767990
1403637262.138319 -1.206108093 -0.480336726 0.311798990 -0.034591567 -0.095163785 -0.062166478 0.992916226
1403637262.188319 -1.276934385 -0.392993212 0.381967127 -0.034000505 -0.095579125 -0.059114173 0.993083119
1403637262.238319 -1.339612603 -0.288868994 0.453873515 -0.033522319 -0.095601141 -0.057400458 0.993197799
1403637262.288319 -1.393157601 -0.168802559 0.515804946 -0.034230210 -0.095067851 -0.056819417 0.993258238
1403637262.338319 -1.385368109 -0.211325556 0.491563559 -0.009756386 -0.106687985 -0.021758303 0.994006574
1403637262.388319 -1.332218885 -0.275072366 0.444950014 -0.011694492 -0.095679089 -0.055753827 0.993780792
1403637262.438319 -1.311478615 -0.172672182 0.464909583 -0.021941824 -0.078737319 -0.050759483 0.995360494
1403637262.488319 -1.274062276 -0.227032259 0.443374813 -0.028453531 -0.068554275 -0.034851793 0.996632338
1403637262.538319 -1.266795754 -0.940902948 0.098582998 -0.015599983 -0.070327565 -0.026134431 0.997059464
1403637262.588319 -1.291532278 -0.811991334 0.155852288 -0.003072616 -0.068851084 -0.026689958 0.997265160
1403637262.638319 -1.241347790 -0.873406887 0.187241480 -0.002136496 -0.066671714 -0.026680185 0.997415900
1403637262.688319 -1.269547820 -0.793543100 0.260914147 -0.020081902 -0.067032091 -0.028788500 0.997133195
1403637262.738319 -1.247997046 -0.812059820 0.244562641 -0.023651842 -0.064861171 -0.029783389 0.997169256
1403637262.788319 -1.065620780 -0.550022602 0.258245796 -0.015251009 -0.068351790 -0.025344305 0.997222662
1403637262.838319 -1.183656454 -0.293812752 0.390566498 -0.012914230 -0.068178877 -0.024716008 0.997283280
1403637262.888319 -1.234141707 -0.237938330 0.460589826 -0.014372901 -0.068863146 -0.023683991 0.997241378
1403637262.938319 -1.214067221 -0.213621929 0.479358166 -0.012509266 -0.067887127 -0.025299581 0.997293711
1403637262.988319 -1.215793133 -0.213929370 0.472736597 -0.013418586 -0.068638407 -0.024079394 0.997260690
1403637263.038319 -1.202229738 -0.191231743 0.464644372 -0.013117446 -0.068272546 -0.024898168 0.997269690
1403637263.088319 -1.198981524 -0.194333032 0.456638575 -0.013324785 -0.068520464 -0.024651458 0.997256100
1403637263.138319 -1.197773933 -0.194496050 0.454416692 -0.013270129 -0.068682626 -0.024352880 0.997253001
1403637263.188319 -1.198414087 -0.193661794 0.455440700 -0.013115886 -0.068148531 -0.025016584 0.997275233
1403637263.238319 -1.191215038 -0.189652264 0.447988033 -0.013438445 -0.068833999 -0.024052229 0.997247577
1403637263.288319 -1.201251030 -0.190563858 0.460427523 -0.013251482 -0.068280540 -0.024846485 0.997268677
1403637263.338319 -1.197283149 -0.192418769 0.456729352 -0.013271985 -0.068393476 -0.024654692 0.997265399
1403637263.388319 -1.204153299 -0.189985216 0.465804487 -0.013256272 -0.068422094 -0.024556424 0.997266054
1403637263.438319 -1.199262381 -0.192337573 0.459704518 -0.013400372 -0.068437524 -0.024512853 0.997264147
1403637263.488319 -1.203906059 -0.189688012 0.464939177 -0.013228678 -0.068172559 -0.024890669 0.997275293
1403637263.538319 -1.201675773 -0.190865517 0.459974051 -0.013315683 -0.068527602 -0.024381422 0.997262359
1403637263.588319 -1.202337146 -0.189283162 0.465887368 -0.013282605 -0.068280801 -0.024749288 0.997270644
1403637263.638319 -1.202605247 -0.188464165 0.463107556 -0.013342995 -0.068391375 -0.024507228 0.997268260
1403637263.688319 -1.200144649 -0.188286871 0.464189589 -0.013360537 -0.068354830 -0.024700318 0.997265756
1403637263.738319 -1.201408863 -0.189686924 0.462626547 -0.013290259 -0.068279184 -0.024761723 0.997270346
1403637263.788319 -1.200864434 -0.193344548 0.459482074 -0.013408189 -0.068560071 -0.024301130 0.997260809
1403637263.838319 -1.202510238 -0.187916607 0.463051736 -0.013321888 -0.068117373 -0.025147676 0.997271359
1403637263.888319 -1.202833533 -0.188909724 0.461113691 -0.013325638 -0.068532594 -0.024300808 0.997263849
1403637263.938319 -1.205579996 -0.188139468 0.467997432 -0.013346092 -0.068270929 -0.024798850 0.997269273
1403637263.988319 -1.201331615 -0.187786445 0.461410582 -0.013350082 -0.068315685 -0.024641195 0.997270048
1403637264.038319 -1.203592896 -0.187978566 0.463019609 -0.013364487 -0.068417147 -0.024568340 0.997264683
1403637264.088319 -1.202851653 -0.188382894 0.464316010 -0.013430436 -0.068354540 -0.024742709 0.997263789
1403637264.138319 -1.202910304 -0.188258126 0.459311783 -0.013406114 -0.068443321 -0.024500545 0.997264028
1403637264.188319 -1.204456449 -0.188047692 0.466093779 -0.013336295 -0.068257287 -0.024828516 0.997269571
1403637264.238319 -1.202119112 -0.188635156 0.462217808 -0.013486403 -0.068434909 -0.024525706 0.997262895
1403637264.288319 -1.198812723 -0.188718021 0.458660960 -0.013369985 -0.068394192 -0.024647607 0.997264206
1403637264.338319 -1.201130986 -0.187200010 0.463170081 -0.013339458 -0.068346381 -0.024683837 0.997267008
1403637264.388319 -1.199688673 -0.189313918 0.459662020 -0.013456740 -0.068424270 -0.024634242 0.997261345
1403637264.438319 -1.200278401 -0.193610623 0.457927227 -0.013448477 -0.068415910 -0.024672110 0.997261107
1403637264.488319 -1.200857878 -0.189515352 0.461835474 -0.013405781 -0.068324342 -0.024777092 0.997265339
1403637264.538319 -1.203352809 -0.189328790 0.463741869 -0.013476904 -0.068418905 -0.024577977 0.997262836
1403637264.588319 -1.201976538 -0.188762173 0.463162988 -0.013479410 -0.068400696 -0.024651607 0.997262239
1403637264.638319 -1.200339079 -0.187808245 0.461537659 -0.013423989 -0.068408333 -0.024674168 0.997261882
1403637264.688319 -1.200359344 -0.188655645 0.460792422 -0.013458189 -0.068406723 -0.024645343 0.997262239
1403637264.738319 -1.198959351 -0.186866209 0.461340249 -0.013436110 -0.068421409 -0.024710702 0.997259915
1403637264.788319 -1.201431274 -0.192659110 0.459251404 -0.013517085 -0.068404660 -0.024646629 0.997261524
1403637264.838319 -1.200279593 -0.188131273 0.462664843 -0.013432340 -0.068339355 -0.024795210 0.997263491
1403637264.888319 -1.201385736 -0.188856572 0.461332083 -0.013456380 -0.068391249 -0.024663825 0.997262895
1403637264.938319 -1.199180007 -0.187897831 0.460455775 -0.013496604 -0.068437226 -0.024627041 0.997260094
1403637264.988319 -1.201187015 -0.187044680 0.462130785 -0.013474133 -0.068334468 -0.024784559 0.997263491
1403637265.038319 -1.200706005 -0.187757954 0.461259156 -0.013468780 -0.068392135 -0.024673816 0.997262418
1403637265.088319 -1.201573968 -0.188909158 0.463959485 -0.013572536 -0.068387762 -0.024801631 0.997258127
1403637265.138319 -1.202238083 -0.187722266 0.462832659 -0.013499441 -0.068379328 -0.024745572 0.997261047
1403637265.188319 -1.199991584 -0.187287480 0.461631984 -0.013451260 -0.068380907 -0.024769679 0.997260988
1403637265.238319 -1.202720046 -0.188576430 0.464709759 -0.013547478 -0.068415239 -0.024678040 0.997259617
1403637265.288319 -1.204174638 -0.188569814 0.466493309 -0.013527500 -0.068345621 -0.024809064 0.997261465
1403637265.338319 -1.200764894 -0.188156277 0.460419476 -0.013554400 -0.068378933 -0.024711765 0.997261226
1403637265.388319 -1.204540849 -0.187957898 0.465804189 -0.013533448 -0.068346746 -0.024848733 0.997260332
1403637265.438319 -1.200894356 -0.185936615 0.461081386 -0.013515230 -0.068422355 -0.024655957 0.997260153
1403637265.488319 -1.205463529 -0.188598111 0.467863470 -0.013534144 -0.068329476 -0.024779858 0.997263193
