0.519499 -0.004027875 -0.000385527 0.040718544 0.001717066 -0.020932354 -0.000945889 0.999778986
0.623377 -0.005856061 -0.000336123 0.051065378 0.002211595 -0.027656056 -0.000880558 0.999614656
0.727122 -0.009242666 -0.000398326 0.064459912 0.002207201 -0.035280451 -0.000910198 0.999374628
0.830874 -0.009518952 -0.000395355 0.074525855 0.002243383 -0.045381267 -0.000179065 0.998967171
0.934622 -0.013368643 -0.000343089 0.090460248 0.002492592 -0.055210140 0.000339402 0.998471618
1.038404 -0.015998058 -0.000895404 0.103755601 0.002496262 -0.066877939 0.000539293 0.997757912
1.142127 -0.019944914 -0.001785670 0.116775259 0.003154364 -0.079162292 -0.001354184 0.996855855
1.245873 -0.025779856 -0.001850059 0.128754258 0.004321558 -0.091316856 -0.003675329 0.995805740
1.349627 -0.031186331 -0.002970454 0.146172196 0.004715750 -0.105532385 -0.005213967 0.994391024
1.453253 -0.038193110 -0.002619204 0.161877766 0.005182361 -0.120102562 -0.005528643 0.992732584
1.556997 -0.044928674 -0.003077731 0.177775383 0.005195299 -0.135985211 -0.006710764 0.990674496
1.660772 -0.052154373 -0.003497940 0.189830631 0.004917960 -0.152014792 -0.007713484 0.988335848
1.764374 -0.060343575 -0.003175588 0.205846861 0.004923417 -0.169674724 -0.008762587 0.985448837
1.868002 -0.069689706 -0.003874592 0.221067727 0.004833152 -0.187015370 -0.010150475 0.982292652
1.971750 -0.080558449 -0.004069841 0.237160668 0.005053278 -0.204498842 -0.011901364 0.978781402
2.075498 -0.089535177 -0.004178019 0.251969218 0.004975595 -0.223685011 -0.012145218 0.974573135
2.179126 -0.100777194 -0.003470071 0.267958939 0.005369975 -0.243514225 -0.009978888 0.969831109
2.282875 -0.113833316 -0.005186263 0.282643616 0.004559343 -0.263877720 -0.008204080 0.964510441
2.386504 -0.127015322 -0.005508916 0.298024297 0.003244055 -0.286651760 -0.008642896 0.957990348
2.490144 -0.142833084 -0.005957233 0.312531739 0.002310307 -0.310909629 -0.011682509 0.950364888
2.593620 -0.160764635 -0.005972757 0.327926010 0.002446741 -0.335723013 -0.013323803 0.941863298
2.697329 -0.179149687 -0.006385542 0.342152536 0.002210146 -0.361389905 -0.013227975 0.932318330
2.800890 -0.198303044 -0.006240435 0.357299477 0.000931027 -0.388143569 -0.010480313 0.921538889
2.904641 -0.219230697 -0.006089855 0.371770144 -0.000137024 -0.414855421 -0.008178287 0.909850538
3.008248 -0.242092997 -0.005659729 0.385317266 -0.001198773 -0.441034108 -0.007237162 0.897460341
3.112001 -0.266988575 -0.005533095 0.397980928 -0.002865394 -0.467546880 -0.006737027 0.883937955
3.215751 -0.293337613 -0.004860735 0.409488350 -0.003712843 -0.494053185 -0.006366645 0.869400382
3.319374 -0.321701765 -0.004953390 0.418893933 -0.004831600 -0.519782901 -0.006947688 0.854256451
3.423126 -0.351234317 -0.004729518 0.428151488 -0.006176437 -0.545557320 -0.007192458 0.838019907
3.526893 -0.383707345 -0.004329546 0.435038894 -0.006789131 -0.569950879 -0.007990026 0.821611822
3.630648 -0.418236703 -0.003553646 0.441878796 -0.008746851 -0.593634784 -0.007915708 0.804648101
3.734395 -0.454599291 -0.004709787 0.447816014 -0.011374597 -0.615889490 -0.007868072 0.787711143
3.838251 -0.492459387 -0.004282376 0.451504111 -0.012008444 -0.636185110 -0.007430110 0.771407187
3.942122 -0.533596933 -0.003775181 0.453624308 -0.011478961 -0.654597223 -0.008601907 0.755841792
4.046284 -0.575154245 -0.003105434 0.454808712 -0.011006494 -0.670744359 -0.009200253 0.741549850
4.150266 -0.619391918 -0.001893984 0.454774559 -0.009845125 -0.684797108 -0.009161382 0.728609681
4.254380 -0.664893210 -0.001010437 0.453550935 -0.008955820 -0.697305262 -0.008121108 0.716672301
4.358512 -0.712149024 -0.000454862 0.451341510 -0.008118588 -0.708505929 -0.006968662 0.705623746
4.462646 -0.761006773 0.000283854 0.447756290 -0.007024464 -0.717787445 -0.006690408 0.696194768
4.566885 -0.811624706 0.001541829 0.443498135 -0.005906692 -0.725046277 -0.006016040 0.688648522
4.671250 -0.863869429 0.002633028 0.438581675 -0.005726567 -0.730608463 -0.005595585 0.682749689
4.775500 -0.917910755 0.003474405 0.433370203 -0.006195740 -0.735122740 -0.005392607 0.677884281
4.879959 -0.973789036 0.004073050 0.427137226 -0.006263965 -0.738341272 -0.006034995 0.674371183
4.984250 -1.030665874 0.003944620 0.420518517 -0.006081094 -0.740577996 -0.007289586 0.671903312
5.088502 -1.089171648 0.004606318 0.414000332 -0.006605507 -0.742094815 -0.007558075 0.670219839
5.192878 -1.149242043 0.005470760 0.407677382 -0.007487217 -0.742599070 -0.007135020 0.669656396
5.297154 -1.210939765 0.006470200 0.401344955 -0.008853932 -0.742245317 -0.007130258 0.670031846
5.401501 -1.274362206 0.007159147 0.394329965 -0.009491934 -0.741599441 -0.008245698 0.670725107
5.505749 -1.339494944 0.007685024 0.387395322 -0.008681086 -0.741060674 -0.009181487 0.671319187
5.610008 -1.405452251 0.008670649 0.380543798 -0.007372702 -0.740526199 -0.008747675 0.671930075
5.714253 -1.473781943 0.009920338 0.373371124 -0.006994552 -0.740058124 -0.008954916 0.672446907
5.818377 -1.543424129 0.011233671 0.366893023 -0.008088259 -0.739459455 -0.009797822 0.673081160
5.922523 -1.614152074 0.012138624 0.360076725 -0.008959252 -0.738799274 -0.011519811 0.673767507
6.026772 -1.687126756 0.012941867 0.353293538 -0.009476657 -0.738228738 -0.012518555 0.674367726
6.130876 -1.760763645 0.014639784 0.345909804 -0.008650865 -0.737594545 -0.012776601 0.675067544
6.235023 -1.835733175 0.015946999 0.338955998 -0.006651054 -0.736995280 -0.012728320 0.675745308
6.339025 -1.912634492 0.017666161 0.332062125 -0.006247787 -0.736526489 -0.012668080 0.676261127
6.443143 -1.990571976 0.019214991 0.325673699 -0.007880457 -0.736018479 -0.012521473 0.676799774
6.547271 -2.069011211 0.020464234 0.319080651 -0.009450390 -0.735632360 -0.012451272 0.677200675
6.651280 -2.148210287 0.021783236 0.312412173 -0.010295947 -0.735186994 -0.012768416 0.677665889
6.755380 -2.228230953 0.022758532 0.305474102 -0.008703917 -0.734959424 -0.011101693 0.677964389
6.859377 -2.308261871 0.023664797 0.298739672 -0.006732400 -0.734884083 -0.008112159 0.678110838
6.963378 -2.389558077 0.024864044 0.292176902 -0.006327735 -0.734925926 -0.005197406 0.678097963
7.067377 -2.472040892 0.026057234 0.285758376 -0.007151658 -0.735197783 -0.004818822 0.677797794
7.171256 -2.556155682 0.026467349 0.278142452 -0.009512790 -0.735126257 -0.007842882 0.677818120
7.275272 -2.640300035 0.027748462 0.270691305 -0.011328080 -0.735215366 -0.010998941 0.677649617
7.379272 -2.723617077 0.028881475 0.263407588 -0.012447882 -0.735271037 -0.013696095 0.677520514
7.483251 -2.807074785 0.029931836 0.255897790 -0.012082197 -0.735430717 -0.014393477 0.677339315
7.587271 -2.891079664 0.031229883 0.248095542 -0.010940665 -0.735495687 -0.013181769 0.677312791
7.691129 -2.974206924 0.032814033 0.240801498 -0.010088375 -0.735663474 -0.011989649 0.677165926
7.795131 -3.057211637 0.033731863 0.233041599 -0.009628076 -0.735628247 -0.013510612 0.677182257
7.899003 -3.140785456 0.035590857 0.225756466 -0.010523853 -0.735578239 -0.014238259 0.677208424
8.003004 -3.222594023 0.035655215 0.218320459 -0.009535587 -0.735559821 -0.014398294 0.677239597
8.107005 -3.304639578 0.037407808 0.210721999 -0.007344504 -0.735474467 -0.012800475 0.677391768
8.211004 -3.387763262 0.038562071 0.203481257 -0.005467874 -0.735443592 -0.011634475 0.677464068
8.315006 -3.469928026 0.038789056 0.195750624 -0.005815869 -0.735132456 -0.012117137 0.677790225
8.418880 -3.552708387 0.039756440 0.189536482 -0.007085484 -0.735055804 -0.012325178 0.677857637
8.522877 -3.635225058 0.041325830 0.182304263 -0.008983606 -0.734882951 -0.013836712 0.677993357
8.626899 -3.717257977 0.042360507 0.175681204 -0.011167695 -0.734599233 -0.015672961 0.678228259
8.730751 -3.799680233 0.044380136 0.167992294 -0.012064719 -0.734637678 -0.016721997 0.678146303
8.834756 -3.882687330 0.045457892 0.160927355 -0.012206092 -0.734462976 -0.016890453 0.678328753
8.938756 -3.965078115 0.047690354 0.154399753 -0.010849102 -0.734539926 -0.015030279 0.678312242
9.042758 -4.047040462 0.049253859 0.145851731 -0.009130312 -0.734307230 -0.013563558 0.678620338
9.146631 -4.127015114 0.049677603 0.141576856 -0.006664705 -0.734522223 -0.014513697 0.678396583
9.250652 -4.209108353 0.050679415 0.133279920 -0.005068338 -0.734629631 -0.015113279 0.678281128
9.354505 -4.290949821 0.052189592 0.126642525 -0.004852242 -0.734940946 -0.013489744 0.677979589
9.458529 -4.373165607 0.052662190 0.119756401 -0.004813261 -0.735256135 -0.010898484 0.677684605
9.562503 -4.454723835 0.053870205 0.112643212 -0.005803682 -0.735506594 -0.008556586 0.677438676
9.666385 -4.535398960 0.053912602 0.105927646 -0.007210062 -0.736170053 -0.009881306 0.676686049
9.770380 -4.617236614 0.054953337 0.098087549 -0.010165728 -0.736657679 -0.011154955 0.676097393
9.874249 -4.697750568 0.055562027 0.091680795 -0.012087032 -0.737381935 -0.011907256 0.675262868
9.978133 -4.777928829 0.056762747 0.083906621 -0.011770026 -0.737914622 -0.011457062 0.674694121
10.082130 -4.856447220 0.057206236 0.076256067 -0.009170412 -0.738301158 -0.011488653 0.674310982
10.186010 -4.935309410 0.058228493 0.067729086 -0.006342608 -0.738752425 -0.011808028 0.673843503
10.290010 -5.013993740 0.058930896 0.058896601 -0.004411736 -0.739075124 -0.012933889 0.673484385
10.393880 -5.092653751 0.059377968 0.050912708 -0.004327407 -0.739512205 -0.013864203 0.672986507
10.497760 -5.170910358 0.059889585 0.042842478 -0.004870401 -0.739756346 -0.014511151 0.672700644
10.601750 -5.248506546 0.060596570 0.034764767 -0.003884450 -0.740062416 -0.015135582 0.672356606
10.705630 -5.326187611 0.061309099 0.026442289 -0.003783901 -0.740235329 -0.015140856 0.672166705
10.809650 -5.403239250 0.062092081 0.019008219 -0.004991287 -0.740464151 -0.015202451 0.671905339
10.913510 -5.480375767 0.063447572 0.011806607 -0.006191690 -0.740621507 -0.015869273 0.671706498
11.017510 -5.556803703 0.064583898 0.004013181 -0.007558509 -0.740736425 -0.017429516 0.671527088
11.121380 -5.632338047 0.065240249 -0.004237473 -0.008344402 -0.740800023 -0.018345784 0.671423137
11.225380 -5.706986904 0.066408604 -0.011896789 -0.008267385 -0.741051793 -0.018312907 0.671147108
11.329280 -5.779850006 0.067183346 -0.018755138 -0.007880307 -0.741281509 -0.017271617 0.670925736
11.433260 -5.853463650 0.068651929 -0.027060390 -0.006949278 -0.741350353 -0.015657881 0.670899510
11.537150 -5.924114227 0.069799379 -0.034402072 -0.005847066 -0.741274595 -0.014611454 0.671017408
11.641130 -5.994405746 0.071093313 -0.041895509 -0.004817751 -0.740939081 -0.013741638 0.671414316
11.745130 -6.062647820 0.071743242 -0.049388528 -0.003766270 -0.740059137 -0.014302477 0.672379196
11.849140 -6.130271912 0.071643330 -0.056356460 -0.003910359 -0.738567710 -0.015056456 0.673999786
11.953260 -6.195584774 0.072110429 -0.061914325 -0.004671586 -0.736639559 -0.015285837 0.676096678
12.057260 -6.259252071 0.072221369 -0.066412270 -0.005543680 -0.734233201 -0.015429476 0.678699374
12.161380 -6.321036816 0.072648764 -0.070640951 -0.005685770 -0.731256425 -0.016304787 0.681884050
12.265510 -6.382116795 0.073387995 -0.074310780 -0.005522464 -0.727211058 -0.017582307 0.686166465
12.369630 -6.441112518 0.073972896 -0.076811358 -0.005038501 -0.722062826 -0.019118663 0.691544950
12.473910 -6.498224258 0.074692413 -0.077986136 -0.005016975 -0.715629041 -0.019877728 0.698179603
12.578130 -6.553514481 0.075449318 -0.077813767 -0.004959787 -0.707772791 -0.020355294 0.706129372
12.682390 -6.606107235 0.075892806 -0.074451029 -0.005470924 -0.698867440 -0.020013835 0.714950204
12.786780 -6.656935692 0.076993197 -0.069829613 -0.005886252 -0.688364804 -0.018876310 0.725095093
12.891130 -6.704881668 0.077935740 -0.063695788 -0.006230031 -0.675898671 -0.018123785 0.736745417
12.995510 -6.751082897 0.077906787 -0.055690885 -0.006731917 -0.661806405 -0.018057646 0.749427021
13.099880 -6.795384884 0.078466251 -0.046711326 -0.006900941 -0.646111012 -0.017419532 0.763013422
13.204380 -6.838355541 0.079002008 -0.035159826 -0.007815142 -0.628406107 -0.017159523 0.777656853
13.308760 -6.880288601 0.078769907 -0.020596385 -0.008985510 -0.608958840 -0.015392724 0.793001533
13.413260 -6.920422077 0.078543775 -0.003776550 -0.010490063 -0.588084579 -0.011364042 0.808651567
13.517630 -6.958482742 0.078974776 0.015303612 -0.010790205 -0.566024601 -0.007940162 0.824279487
13.622130 -6.996366024 0.079996496 0.036177874 -0.011102475 -0.542359293 -0.004843520 0.840059340
13.726510 -7.032999039 0.080395117 0.059972048 -0.011510162 -0.518655181 -0.004696616 0.854893088
13.830760 -7.069110870 0.080662578 0.084865808 -0.012337651 -0.494808793 -0.003984399 0.868905127
13.935130 -7.103082180 0.081368051 0.112968683 -0.014638050 -0.471573830 -0.000449444 0.881704926
14.039380 -7.134192467 0.081526555 0.143042326 -0.017650876 -0.447919220 0.004293840 0.893889487
14.143650 -7.164137840 0.081711888 0.173395395 -0.016532149 -0.423589885 0.005893242 0.905684054
14.247880 -7.194021225 0.081887551 0.204774857 -0.012759117 -0.398429453 0.006273679 0.917088747
14.352150 -7.220904827 0.082571343 0.238293648 -0.006653395 -0.372337967 0.007285609 0.928044796
14.456380 -7.248505592 0.082604662 0.274644375 -0.001850654 -0.344836801 0.006301309 0.938639700
14.560630 -7.274499893 0.082530871 0.314202309 -0.000159319 -0.316878378 0.006198058 0.948445916
14.664880 -7.299385071 0.082172960 0.357529163 0.000740042 -0.288687199 0.006543207 0.957400799
14.769010 -7.322822571 0.082036167 0.403018713 0.002404049 -0.260715783 0.005454795 0.965397179
14.873160 -7.344771385 0.080574237 0.451528788 0.001773790 -0.234322548 0.004664062 0.972146094
14.977150 -7.366025448 0.080200806 0.502743483 0.002130091 -0.210300744 0.001570336 0.977633178
15.081160 -7.386575222 0.079314813 0.555999517 0.003302384 -0.188098922 -0.000957445 0.982144058
15.185010 -7.405413628 0.078926206 0.612167835 0.002959023 -0.168958277 -0.003382158 0.985612929
15.288760 -7.422832966 0.077797353 0.670933723 0.001858115 -0.153288081 -0.003439236 0.988173842
15.392480 -7.439262390 0.076907218 0.732235909 0.001011161 -0.140674353 -0.003076101 0.990050614
15.496190 -7.455092430 0.076677606 0.795754910 -0.000023095 -0.129898310 -0.002931831 0.991522968
15.599910 -7.471652031 0.075799793 0.861323953 -0.001317658 -0.120387189 -0.004207266 0.992717206
15.703610 -7.486881733 0.075881578 0.928544998 -0.001704787 -0.112578392 -0.006585662 0.993619561
15.807320 -7.501707077 0.075277776 0.997954369 -0.002219827 -0.105988011 -0.008387198 0.994329572
15.911010 -7.515508175 0.075018622 1.068614006 -0.002157780 -0.099319108 -0.007616979 0.995024145
16.014760 -7.529062271 0.074623130 1.141484261 -0.002015622 -0.092335932 -0.007670765 0.995696306
16.118550 -7.541616440 0.074476019 1.216078043 -0.002293981 -0.084991693 -0.008017399 0.996346772
16.222360 -7.553141117 0.074429221 1.292258263 -0.002485626 -0.077927507 -0.008794760 0.996917129
16.326140 -7.564565659 0.073026516 1.369509697 -0.001301411 -0.071491100 -0.009002623 0.997399747
16.429890 -7.575348377 0.071884103 1.448050499 0.001305962 -0.065845743 -0.009501536 0.997783720
16.533760 -7.585697174 0.071528837 1.528444290 0.004405821 -0.060857933 -0.008837941 0.998097599
16.637520 -7.594617367 0.070798323 1.610886216 0.004487876 -0.057004608 -0.008516179 0.998327494
16.741260 -7.604669571 0.069445729 1.694027185 0.001434570 -0.053411331 -0.009501403 0.998526335
16.845140 -7.614718437 0.068114415 1.778647184 -0.002553856 -0.050892532 -0.011469188 0.998634994
16.948890 -7.622620583 0.067077488 1.861679554 -0.004449820 -0.048941664 -0.011627322 0.998724043
17.052630 -7.631444454 0.065439828 1.945404768 -0.004112011 -0.047180347 -0.011310170 0.998813927
17.156420 -7.639643192 0.065469034 2.026732206 -0.003469994 -0.045379218 -0.011155550 0.998901546
17.260280 -7.646954536 0.064177230 2.110234499 -0.004847742 -0.044088311 -0.010765784 0.998957872
17.364000 -7.654110432 0.063379332 2.194248676 -0.005982435 -0.042933617 -0.009877139 0.999011159
17.467890 -7.660683632 0.063165247 2.277147532 -0.006924242 -0.041518562 -0.008419457 0.999078274
17.571660 -7.667947292 0.062805489 2.359558105 -0.004976763 -0.040148076 -0.007852424 0.999150515
17.675510 -7.673927307 0.062055312 2.440829754 -0.001360293 -0.039389968 -0.009351574 0.999179244
17.779390 -7.681143761 0.060921002 2.523101807 0.002471712 -0.038508613 -0.010170319 0.999203444
17.883140 -7.686859131 0.059307061 2.604707479 0.004376634 -0.037995774 -0.010182462 0.999216437
17.987010 -7.694158077 0.057249699 2.685647964 0.003580125 -0.036797117 -0.011301108 0.999252439
18.090880 -7.701254368 0.055687711 2.768335819 0.001758588 -0.035533652 -0.012825768 0.999284625
18.194760 -7.708094120 0.054142457 2.850034714 -0.000804998 -0.034302678 -0.014401775 0.999307394
18.298510 -7.713748932 0.053177767 2.932219505 -0.001703481 -0.033102669 -0.013215057 0.999363124
18.402390 -7.718307018 0.052277762 3.013237953 -0.001592477 -0.032548532 -0.011553725 0.999402106
18.506260 -7.724231720 0.050247021 3.093621731 -0.001850705 -0.031950597 -0.010782655 0.999429584
18.610130 -7.729928493 0.049371891 3.174423218 -0.000894766 -0.031342462 -0.010654104 0.999451518
18.713910 -7.734698296 0.048480205 3.255952835 -0.000255797 -0.031102553 -0.009623155 0.999469817
18.817760 -7.739709854 0.047352221 3.337767839 -0.000336554 -0.030808622 -0.009156974 0.999483287
18.921640 -7.745819092 0.046265312 3.420512915 -0.000877593 -0.030282920 -0.010872977 0.999481857
19.025510 -7.751563072 0.045349088 3.503369808 -0.000359425 -0.030239170 -0.010707948 0.999485254
19.129390 -7.757060051 0.044195861 3.587156534 -0.000326645 -0.031027986 -0.010544915 0.999462843
19.233260 -7.762722969 0.042979382 3.671894550 -0.000661273 -0.032130741 -0.009412697 0.999439120
19.337010 -7.769339561 0.041971359 3.757019281 -0.000518055 -0.033581182 -0.010091893 0.999384880
19.440890 -7.776629925 0.040470954 3.842294455 -0.000439803 -0.035036832 -0.012186708 0.999311626
19.544760 -7.783697128 0.039506428 3.928713560 0.002121167 -0.036347728 -0.012439955 0.999259531
19.648510 -7.791099072 0.038421221 4.015417099 0.003882748 -0.037540287 -0.012903763 0.999204278
19.752390 -7.798436642 0.036784530 4.103003502 0.004604469 -0.038463369 -0.012554254 0.999170542
19.856260 -7.806784153 0.035164986 4.191314220 0.003933617 -0.039430674 -0.012722797 0.999133587
19.960140 -7.813709259 0.032686383 4.280912399 0.003299840 -0.040713985 -0.011933484 0.999094129
20.064010 -7.822290421 0.031519976 4.371060371 0.002683921 -0.041210778 -0.011565153 0.999079943
20.167930 -7.829191685 0.030597126 4.461859703 0.000784571 -0.042184703 -0.011156174 0.999047220
20.271890 -7.836391926 0.029601818 4.553398132 -0.001489998 -0.042878367 -0.011012941 0.999018490
20.375760 -7.845758915 0.028126586 4.646261215 -0.002756365 -0.042286411 -0.010832612 0.999042988
20.479750 -7.855082989 0.026913971 4.738522530 -0.002953660 -0.040988289 -0.012466727 0.999077439
20.583640 -7.862134933 0.026554380 4.831728935 -0.002131739 -0.040444463 -0.012255209 0.999104321
20.687510 -7.870232582 0.025807649 4.924599171 -0.000974445 -0.039490495 -0.011265232 0.999155939
20.791530 -7.877140999 0.024618385 5.019164085 -0.000302975 -0.038732342 -0.009421312 0.999205172
20.895390 -7.884462357 0.023709221 5.112849712 -0.000146491 -0.037788790 -0.008713591 0.999247730
20.999260 -7.891608238 0.022134371 5.207459450 -0.001495802 -0.037304595 -0.007562155 0.999274194
21.103270 -7.899080276 0.020725008 5.302232742 -0.002828361 -0.036784649 -0.006290624 0.999299407
21.207140 -7.906190872 0.019351829 5.396621227 -0.002989731 -0.036430597 -0.005963641 0.999313951
21.311120 -7.913833141 0.017912248 5.490215302 -0.001402773 -0.035907350 -0.006631783 0.999332130
21.415040 -7.921455383 0.016275045 5.582262993 0.001502713 -0.035586432 -0.007861045 0.999334514
21.519010 -7.928974628 0.014889695 5.674233437 0.004327959 -0.034943245 -0.008811096 0.999341071
21.622900 -7.936253071 0.012456849 5.765819073 0.007257842 -0.034624532 -0.011364319 0.999309421
21.726890 -7.942906380 0.009755470 5.857935905 0.007622690 -0.034202825 -0.011316264 0.999321759
21.830760 -7.950115681 0.007884748 5.949574947 0.004713798 -0.033837661 -0.009820536 0.999368012
21.934640 -7.956565857 0.005658993 6.041867733 0.000215789 -0.034225725 -0.009418276 0.999369740
22.038660 -7.963171482 0.003213264 6.133440495 -0.003817547 -0.034844786 -0.008798054 0.999346733
22.142620 -7.969759941 0.002244338 6.223987579 -0.002649119 -0.036047436 -0.007859414 0.999315679
22.246540 -7.975595474 0.000948379 6.313701630 -0.001029036 -0.037231859 -0.005401396 0.999291539
22.350390 -7.982825756 -0.000841655 6.402800083 -0.000402252 -0.038553283 -0.004748949 0.999245167
22.454390 -7.990880013 -0.002576241 6.491200447 0.000867245 -0.039777327 -0.005913346 0.999190688
22.558370 -7.999354362 -0.004260387 6.579256058 0.002553519 -0.041410293 -0.006684625 0.999116600
22.662270 -8.007848740 -0.005880345 6.666810513 0.004358281 -0.043331336 -0.007329237 0.999024391
22.766140 -8.016461372 -0.008394279 6.753229141 0.006283082 -0.044947691 -0.008203690 0.998935938
22.870160 -8.025962830 -0.010929056 6.839290619 0.006389834 -0.046464119 -0.010734007 0.998841822
22.974020 -8.035609245 -0.012931958 6.925809860 0.005619692 -0.048305750 -0.012501549 0.998738527
23.078010 -8.045632362 -0.015383368 7.012420177 0.002627695 -0.050181739 -0.013783645 0.998641551
23.181990 -8.055571556 -0.017078746 7.099094868 -0.000087443 -0.052158225 -0.014002094 0.998540640
23.285910 -8.065423965 -0.018733565 7.184670448 -0.001948761 -0.054726709 -0.013390707 0.998409688
23.389770 -8.075608253 -0.019462537 7.270475864 -0.002351417 -0.058020435 -0.013248874 0.998224676
23.493760 -8.086572647 -0.020572856 7.355100155 -0.004344573 -0.060899310 -0.011894295 0.998063564
23.597640 -8.098102570 -0.021416061 7.438911915 -0.004095767 -0.064148158 -0.012271602 0.997856498
23.701510 -8.111470222 -0.022448987 7.521434307 -0.003510042 -0.066966683 -0.014824061 0.997638881
23.805540 -8.124346733 -0.023316327 7.604261875 -0.001518683 -0.069925912 -0.015996180 0.997422755
23.909390 -8.136914253 -0.024136474 7.686566353 -0.000050984 -0.073003687 -0.015521741 0.997210860
24.013390 -8.150078773 -0.025420161 7.768682957 0.000681320 -0.075736359 -0.016373798 0.996993184
24.117270 -8.164407730 -0.025705196 7.851201534 -0.001646635 -0.077860683 -0.017318960 0.996812463
24.221270 -8.178738594 -0.026697427 7.932217598 -0.003742003 -0.081062563 -0.017429575 0.996549606
24.325140 -8.193187714 -0.028475314 8.013502121 -0.005006803 -0.084098987 -0.017087186 0.996298313
24.429140 -8.207366943 -0.028977536 8.092883110 -0.003114261 -0.087784760 -0.016011214 0.996005893
24.533020 -8.222222328 -0.029524509 8.172183037 0.000435368 -0.092230380 -0.014813706 0.995627403
24.636890 -8.238559723 -0.030722186 8.251450539 0.001272179 -0.096676677 -0.014052572 0.995215833
24.740760 -8.256126404 -0.031803094 8.331082344 -0.000071875 -0.101968810 -0.013799271 0.994691849
24.844640 -8.274351120 -0.032210089 8.410622597 -0.003147539 -0.107672445 -0.013577534 0.994088709
24.948510 -8.293498993 -0.032707945 8.489547729 -0.006961800 -0.113731079 -0.013919450 0.993389666
25.052390 -8.313265800 -0.033714503 8.567365646 -0.008831537 -0.119397759 -0.014021581 0.992708206
25.156270 -8.334579468 -0.034452170 8.643502235 -0.006289275 -0.125189111 -0.016046684 0.991983175
25.260140 -8.356346130 -0.034452163 8.719280243 -0.001445203 -0.131337404 -0.016556744 0.991198361
25.364010 -8.378787041 -0.034184236 8.795833588 0.000974295 -0.137626648 -0.015588285 0.990361035
25.467890 -8.401821136 -0.034268223 8.872968674 -0.001547889 -0.143934682 -0.014511853 0.989479601
25.571790 -8.425724983 -0.034451440 8.950382233 -0.005157686 -0.150116593 -0.014492141 0.988548577
25.675640 -8.452922821 -0.035473034 9.028479576 -0.007959782 -0.155988231 -0.014324429 0.987622976
25.779520 -8.478867531 -0.035235524 9.104630470 -0.007126783 -0.162573278 -0.013004613 0.986585021
25.883390 -8.507368088 -0.035296932 9.181585312 -0.004897273 -0.168411583 -0.012678709 0.985623062
25.987390 -8.535379410 -0.036581039 9.253961563 -0.001726396 -0.172946453 -0.011623633 0.984861135
26.091270 -8.563983917 -0.036033023 9.332557678 0.001168311 -0.177095428 -0.009896010 0.984143257
26.195270 -8.593059540 -0.036989421 9.408721924 0.002171236 -0.181034178 -0.009899254 0.983424604
26.299290 -8.624628067 -0.038074128 9.484131813 0.002799091 -0.185065746 -0.012833231 0.982638359
26.403140 -8.655963898 -0.039505094 9.560710907 0.001497364 -0.189168155 -0.012312353 0.981866360
26.507020 -8.687479973 -0.039922267 9.636900902 -0.001926897 -0.193380311 -0.012020471 0.981048346
26.611020 -8.719581604 -0.040587410 9.712519646 -0.006046761 -0.196978793 -0.012513261 0.980309248
26.714890 -8.754827499 -0.041072339 9.789492607 -0.008565267 -0.200024933 -0.016787702 0.979609549
26.818890 -8.790057182 -0.041267276 9.864582062 -0.006298050 -0.203020543 -0.020844538 0.978932321
26.922890 -8.824006081 -0.040657312 9.939844131 -0.002453818 -0.206043124 -0.019776708 0.978339970
27.026890 -8.857437134 -0.040892392 10.015294075 0.000688134 -0.208703995 -0.016552011 0.977838576
27.130890 -8.892797470 -0.040962242 10.090775490 0.001174506 -0.210650444 -0.017049307 0.977412045
27.234770 -8.929903030 -0.041333750 10.167132378 -0.000843639 -0.212977231 -0.019695828 0.976858258
27.338640 -8.965959549 -0.042093158 10.243592262 -0.002920347 -0.215979367 -0.020393489 0.976180553
27.442660 -9.001746178 -0.042988062 10.319363594 -0.002276189 -0.218743891 -0.018652862 0.975601375
27.546520 -9.038181305 -0.043962479 10.393678665 0.000851098 -0.221294686 -0.018662510 0.975028038
27.650520 -9.075488091 -0.043801453 10.468575478 0.004282360 -0.223882630 -0.018037418 0.974439800
27.754390 -9.113813400 -0.044668578 10.543581963 0.005164019 -0.226316437 -0.018723961 0.973860145
27.858410 -9.152530670 -0.046203051 10.618749619 0.003173382 -0.228371531 -0.019890936 0.973365664
27.962300 -9.191255569 -0.047680274 10.693052292 0.002177810 -0.230587915 -0.020662267 0.972829640
28.066150 -9.229942322 -0.048450612 10.767606735 0.002023857 -0.233063072 -0.021057965 0.972231507
28.170020 -9.268199921 -0.049387686 10.841429710 0.002302121 -0.235545859 -0.020124331 0.971652150
28.274040 -9.307147026 -0.050554574 10.914936066 0.002329977 -0.237831950 -0.019135851 0.971115053
28.377890 -9.346316338 -0.051662080 10.987751961 0.001955986 -0.240071207 -0.018910794 0.970569074
28.481890 -9.386282921 -0.052400023 11.060801506 0.001949245 -0.242330641 -0.019537332 0.969995022
28.585770 -9.425304413 -0.053536311 11.132116318 0.001943633 -0.244677499 -0.019820999 0.969399929
28.689660 -9.465770721 -0.054544918 11.203171730 0.003941881 -0.247024059 -0.018750826 0.968819916
28.793670 -9.504947662 -0.055956457 11.274225235 0.006022839 -0.249501869 -0.017653305 0.968194664
28.897520 -9.545087814 -0.057446390 11.343624115 0.007243176 -0.251519442 -0.017074125 0.967674553
29.001520 -9.584966660 -0.059546195 11.413013458 0.005309531 -0.253360391 -0.017546767 0.967198253
29.105390 -9.625177383 -0.060010336 11.482756615 0.001051181 -0.255086273 -0.018439442 0.966741860
29.209390 -9.665267944 -0.061159879 11.551508904 -0.004036563 -0.256379783 -0.018141657 0.966397405
29.313270 -9.703552246 -0.061245412 11.618499756 -0.006443313 -0.258013219 -0.017268196 0.965965569
29.417270 -9.741250038 -0.060847700 11.682600021 -0.006461419 -0.259595364 -0.015578876 0.965570211
29.521140 -9.779475212 -0.061565220 11.746316910 -0.004849832 -0.261201769 -0.015042907 0.965154827
29.625020 -9.816868782 -0.061688542 11.808135033 -0.003515152 -0.262682855 -0.014426019 0.964767933
29.729040 -9.853093147 -0.062045231 11.868274689 -0.003109396 -0.264090568 -0.013601064 0.964396954
29.832900 -9.887630463 -0.061828047 11.927494049 -0.003070052 -0.265496016 -0.012468140 0.964026451
29.936770 -9.923193932 -0.062589154 11.984161377 -0.003547512 -0.266550094 -0.012694101 0.963730931
30.040770 -9.957637787 -0.062933207 12.038618088 -0.004259184 -0.267502248 -0.012424327 0.963467717
30.144650 -9.989571571 -0.062687799 12.091142654 -0.004587819 -0.268716931 -0.011506102 0.963139534
30.248520 -10.020360947 -0.062856972 12.142007828 -0.005009847 -0.269974649 -0.010345782 0.962798774
30.352400 -10.050548553 -0.063098654 12.189154625 -0.004398838 -0.270874828 -0.010298640 0.962549448
30.456270 -10.079289436 -0.062797874 12.234791756 -0.002312549 -0.272049457 -0.010770082 0.962220192
30.560270 -10.109300613 -0.064436696 12.276440620 -0.000520793 -0.272699893 -0.010188495 0.962045074
30.664040 -10.135838509 -0.062967911 12.317848206 0.000432891 -0.274702996 -0.007965592 0.961496055
30.767900 -10.161816597 -0.065564103 12.357202530 -0.000757653 -0.276644796 -0.006189400 0.960952044
30.871790 -10.185788155 -0.064003296 12.396183968 -0.001065886 -0.279886603 -0.006303492 0.960011780
30.975650 -10.211596489 -0.065500811 12.430347443 -0.001596743 -0.282638431 -0.008235283 0.959189832
31.079540 -10.234746933 -0.065907463 12.463600159 -0.003025115 -0.285791308 -0.010819532 0.958226025
31.183270 -10.258793831 -0.066177040 12.495861053 -0.006141001 -0.288716823 -0.012854042 0.957308531
31.287140 -10.280236244 -0.066112876 12.526153564 -0.008080826 -0.292599529 -0.012807545 0.956115127
31.390900 -10.299464226 -0.066757441 12.553860664 -0.009416175 -0.297038287 -0.011175281 0.954753757
31.494660 -10.318077087 -0.066586912 12.579898834 -0.010255283 -0.302806795 -0.009724283 0.952947199
31.598390 -10.337577820 -0.066340268 12.604246140 -0.011150466 -0.309431493 -0.008658746 0.950816929
31.702150 -10.356159210 -0.066010952 12.626266479 -0.011504159 -0.317391396 -0.008521622 0.948186517
31.805770 -10.374250412 -0.066841960 12.646494865 -0.011249383 -0.326598287 -0.009669345 0.945046842
31.909520 -10.392286301 -0.066607386 12.664781570 -0.009831702 -0.336774796 -0.009303340 0.941487908
32.013150 -10.409183502 -0.066867203 12.681653976 -0.007378099 -0.347353727 -0.008895117 0.937662959
32.116900 -10.425368309 -0.066225484 12.697576523 -0.004732752 -0.357975483 -0.007868454 0.933685839
32.220650 -10.442653656 -0.066730738 12.711934090 -0.002433185 -0.368193626 -0.009026782 0.929702103
32.324400 -10.460769653 -0.066305459 12.725420952 0.000018692 -0.378485054 -0.012127959 0.925527930
32.428170 -10.478721619 -0.065819636 12.739594460 0.000505908 -0.389428437 -0.013390751 0.920959234
32.531770 -10.495527267 -0.065999016 12.754987717 -0.000883974 -0.401522994 -0.012198274 0.915767252
32.635530 -10.514395714 -0.065341026 12.767771721 -0.001945182 -0.413189352 -0.011188780 0.910574317
32.739270 -10.533851624 -0.065228999 12.781246185 -0.003133797 -0.426396698 -0.011737013 0.904454708
32.842900 -10.553763390 -0.065078288 12.791690826 -0.003801368 -0.439632028 -0.014112968 0.898059070
32.946650 -10.573207855 -0.065064818 12.803580284 -0.004974331 -0.453404725 -0.015964713 0.891147852
33.050400 -10.594286919 -0.064113110 12.813841820 -0.005372417 -0.466759443 -0.017317796 0.884198427
33.154020 -10.614829063 -0.064388394 12.823014259 -0.005605492 -0.480156451 -0.019324102 0.876952052
33.257770 -10.635805130 -0.064477950 12.830877304 -0.005851393 -0.493315846 -0.021901404 0.869554758
33.361650 -10.657279015 -0.064454973 12.839945793 -0.006275940 -0.507238925 -0.023652218 0.861458004
33.465270 -10.678380966 -0.065216184 12.846786499 -0.006881215 -0.521290779 -0.023408374 0.853030264
33.569020 -10.701568604 -0.064604938 12.854087830 -0.005356113 -0.536282361 -0.022526016 0.843720973
33.672790 -10.726725578 -0.063977093 12.861310005 -0.003749212 -0.552037716 -0.021275640 0.833539248
33.776420 -10.754386902 -0.063504905 12.867916107 -0.003199474 -0.569278121 -0.020702893 0.821878076
33.880040 -10.784747124 -0.062629044 12.873838425 -0.003255818 -0.586926997 -0.020393727 0.809376419
33.983650 -10.816990852 -0.061435431 12.879048347 -0.002952421 -0.605111837 -0.019721238 0.795890689
34.087400 -10.851113319 -0.060507417 12.882688522 -0.002729509 -0.624114215 -0.018669972 0.781105340
34.191020 -10.887733459 -0.059859425 12.884819031 -0.002553770 -0.643335104 -0.018151917 0.765365183
34.294770 -10.925013542 -0.058528990 12.884505272 -0.002904415 -0.662257016 -0.017989593 0.749055088
34.398420 -10.964164734 -0.056925893 12.882450104 -0.003939879 -0.681419790 -0.018199084 0.731655896
34.502140 -11.006103516 -0.056164443 12.880194664 -0.006324851 -0.700823545 -0.018065462 0.713077903
34.605900 -11.048297882 -0.054862857 12.875010490 -0.008275509 -0.719730318 -0.017751276 0.693977475
34.709660 -11.090506554 -0.053952187 12.866038322 -0.010631183 -0.737847924 -0.017034248 0.674668252
34.813400 -11.136272430 -0.052594185 12.855269432 -0.012250659 -0.755531669 -0.016802635 0.654781997
34.917150 -11.185455322 -0.049248070 12.842908859 -0.012630061 -0.772579372 -0.016875500 0.634568214
35.021020 -11.234419823 -0.047668338 12.826430321 -0.014210628 -0.788376689 -0.016414788 0.614809573
35.124770 -11.288944244 -0.042497635 12.807971001 -0.014705703 -0.803847671 -0.015110971 0.594461381
35.228670 -11.341468811 -0.040756941 12.786211967 -0.016714869 -0.818389773 -0.013721488 0.574256480
35.332520 -11.394474030 -0.038939983 12.760730743 -0.018791063 -0.831857920 -0.012524290 0.554528952
35.436400 -11.449343681 -0.037276298 12.731193542 -0.020380046 -0.844304562 -0.011758778 0.535346687
35.540420 -11.504129410 -0.035147637 12.698450089 -0.021383343 -0.855683982 -0.011191666 0.516935647
35.644400 -11.564805031 -0.033228368 12.661149979 0.021849943 0.865745425 0.011017093 -0.499886006
35.748650 -11.623472214 -0.030937612 12.620838165 0.021704605 0.873853147 0.011049184 -0.485579550
35.852770 -11.684152603 -0.028311551 12.577487946 0.020662131 0.880370200 0.011237686 -0.473703653
35.957050 -11.746275902 -0.025655285 12.531409264 0.019865436 0.885371864 0.011084901 -0.464326560
36.061290 -11.811185837 -0.022957847 12.482831955 0.019311041 0.889286160 0.011514612 -0.456798196
36.165670 -11.876668930 -0.020544887 12.433369637 0.019901378 0.892442048 0.011497017 -0.450576216
36.269900 -11.944520950 -0.017892428 12.380585670 0.020558674 0.895113468 0.011561310 -0.445214003
36.374170 -12.014113426 -0.015445799 12.326174736 0.021338558 0.897307217 0.011654808 -0.440736383
36.478420 -12.085264206 -0.012775831 12.268974304 0.021033719 0.899084210 0.012155389 -0.437101096
36.582670 -12.157638550 -0.010323070 12.210160255 0.021133855 0.900629640 0.012433673 -0.433895141
36.686900 -12.231075287 -0.007375389 12.150399208 0.021293113 0.901821971 0.012514748 -0.431401402
36.791110 -12.306337357 -0.004583284 12.088407516 0.021714468 0.902761817 0.012569729 -0.429408371
36.895150 -12.383654594 -0.001487128 12.024764061 0.022197554 0.903398395 0.012606228 -0.428041697
36.999490 -12.462785721 0.001735933 11.959780693 0.022492936 0.903655767 0.012580347 -0.427483290
37.103550 -12.543252945 0.005653709 11.892783165 0.022373945 0.903835595 0.012195471 -0.427120477
37.207650 -12.625205040 0.008445457 11.824782372 0.022522107 0.904034615 0.011710641 -0.426704824
37.311780 -12.708865166 0.012275249 11.755371094 0.022544140 0.904236197 0.011111513 -0.426292330
37.415890 -12.793667793 0.015847832 11.684545517 0.022816917 0.904397368 0.011439849 -0.425927162
37.520030 -12.880182266 0.018863693 11.611740112 0.022723658 0.904526412 0.012898488 -0.425616354
37.624150 -12.968629837 0.022504456 11.538654327 0.023006201 0.904789150 0.013987179 -0.425007790
37.728150 -13.057237625 0.026004903 11.464328766 0.022985892 0.904983044 0.013826777 -0.424601167
37.832280 -13.146965981 0.029466197 11.389048576 0.022919348 0.905167818 0.012825323 -0.424242228
37.936280 -13.238801956 0.032564215 11.311820030 0.023161335 0.905336022 0.012068440 -0.423892230
38.040280 -13.331857681 0.036425963 11.233772278 0.024241572 0.905505538 0.011468004 -0.423486143
38.144280 -13.426207542 0.040217832 11.154229164 0.024978891 0.905698478 0.010655608 -0.423051685
38.248280 -13.520720482 0.043590561 11.073738098 0.024299594 0.905995965 0.009594276 -0.422479302
38.352280 -13.616645813 0.046866931 10.992555618 0.023266004 0.906343043 0.007570557 -0.421833694
38.456150 -13.712865829 0.048848346 10.910058022 0.021850454 0.906543374 0.006491695 -0.421496749
38.560150 -13.810359955 0.051473700 10.826138496 0.020667901 0.906490624 0.006737959 -0.421666026
38.664150 -13.910403252 0.054207765 10.740531921 0.020230874 0.906452835 0.007708586 -0.421751678
38.768150 -14.010874748 0.056246489 10.655038834 0.020704551 0.906443119 0.009154350 -0.421720713
38.872030 -14.112474442 0.059274152 10.569448471 0.021527102 0.906501412 0.010057831 -0.421533614
38.976020 -14.212372780 0.061941803 10.483723640 0.022621600 0.906498313 0.010653023 -0.421468258
39.079900 -14.314651489 0.064622089 10.397665024 0.023129867 0.906628191 0.011027823 -0.421151668
39.183930 -14.413525581 0.068041429 10.311164856 0.022807149 0.906492889 0.010931041 -0.421462893
39.287780 -14.513882637 0.069734037 10.226981163 0.022670139 0.906643391 0.011719515 -0.421125263
39.391750 -14.615170479 0.072806090 10.140159607 0.022805959 0.906668067 0.012134727 -0.421053022
39.495830 -14.714754105 0.076001823 10.055781364 0.022822658 0.906726837 0.012963792 -0.420900851
39.599580 -14.814728737 0.079066411 9.970414162 0.023280431 0.906721115 0.013443197 -0.420872986
39.703630 -14.918128967 0.082815707 9.883041382 0.023171686 0.906994760 0.013051902 -0.420301348
39.807870 -15.017742157 0.085779563 9.798336029 0.023425415 0.907139242 0.012635654 -0.419988096
39.911280 -15.117644310 0.089728385 9.712310791 0.023529559 0.907339334 0.012101586 -0.419565529
40.015280 -15.218353271 0.092078626 9.625247955 0.023674522 0.907614410 0.012222312 -0.418958515
40.119140 -15.317498207 0.095643446 9.539699554 0.023279043 0.907824576 0.012072793 -0.418529391
40.223030 -15.417482376 0.099064276 9.453975677 0.023207849 0.908062458 0.011804293 -0.418024719
40.326930 -15.517547607 0.100794852 9.370063782 0.022461154 0.908339143 0.011776719 -0.417464793
40.430770 -15.616685867 0.105199844 9.282135010 0.022010900 0.908317983 0.011714509 -0.417536497
40.534990 -15.715884209 0.108184502 9.196418762 0.020751948 0.908401072 0.012546186 -0.417396039
40.638670 -15.814878464 0.111224174 9.108816147 0.020132625 0.908071458 0.012648133 -0.418139875
40.742540 -15.914636612 0.113526314 9.022565842 0.019753031 0.907801509 0.012359787 -0.418752223
40.846410 -16.013929367 0.116490871 8.937468529 0.018527385 0.907535434 0.012034555 -0.419394046
40.950400 -16.113122940 0.119344637 8.852624893 0.018974394 0.907105267 0.011969312 -0.420305490
41.054600 -16.213005066 0.121770293 8.767527580 0.020026974 0.906791091 0.012584590 -0.420916259
41.158230 -16.313678741 0.125203848 8.682683945 0.022334646 0.906447351 0.014320001 -0.421484560
41.262460 -16.414691925 0.129053473 8.597719193 0.024859156 0.906195045 0.016744087 -0.421796352
41.365930 -16.515056610 0.133111775 8.513170242 0.025655266 0.906054854 0.017308872 -0.422026992
41.469820 -16.613897324 0.137179494 8.428640366 0.024497742 0.906009257 0.015501330 -0.422263950
41.573580 -16.713165283 0.141018152 8.344736099 0.023334315 0.906098366 0.013474385 -0.422208130
41.677410 -16.813097000 0.144961655 8.260602951 0.023562519 0.906058788 0.013315403 -0.422285348
41.781210 -16.912399292 0.148387045 8.176571846 0.024036750 0.906109095 0.014909873 -0.422097415
41.885060 -17.011829376 0.152139187 8.091943741 0.024667419 0.906129658 0.015286706 -0.422003418
41.988800 -17.110897064 0.156058967 8.007627487 0.024724819 0.906258881 0.014426798 -0.421752691
42.092740 -17.208932877 0.159277439 7.923615456 0.024458665 0.906380057 0.013729099 -0.421531051
42.196450 -17.307420731 0.162533820 7.841018677 0.024547661 0.906628668 0.014554005 -0.420963138
42.300170 -17.406658173 0.167272151 7.755750179 0.025487240 0.906715393 0.016134562 -0.420662880
42.404080 -17.504302979 0.170934469 7.673048496 0.026676508 0.906849980 0.017325146 -0.420251548
42.507790 -17.601484299 0.175492972 7.588922024 0.027212515 0.906893790 0.017274879 -0.420124531
42.611550 -17.696702957 0.179204524 7.506882668 0.027424211 0.907068312 0.016486775 -0.419765621
42.715290 -17.793045044 0.183608949 7.423783302 0.027156658 0.907209992 0.015537325 -0.419512957
42.819190 -17.890024185 0.187782675 7.341329575 0.026095524 0.907275558 0.015544265 -0.419438303
42.922920 -17.985864639 0.191795439 7.258737087 0.025052967 0.907132745 0.015647456 -0.419806719
43.026850 -18.081680298 0.195937186 7.176738739 0.024302255 0.907005250 0.015734317 -0.420122921
43.130550 -18.176290512 0.200169146 7.095702648 0.023493078 0.906844556 0.016055189 -0.420503616
43.234430 -18.272285461 0.203556359 7.014330387 0.023160081 0.906763315 0.016664140 -0.420673460
43.338330 -18.367305756 0.207583457 6.933645248 0.023494549 0.906597853 0.016483236 -0.421018630
43.442050 -18.462055206 0.211088151 6.852995396 0.022635937 0.906529069 0.016228538 -0.421223551
43.545910 -18.555713654 0.214489669 6.772513866 0.022255355 0.906332731 0.015744492 -0.421684504
43.649770 -18.650531769 0.218430340 6.692408562 0.022861378 0.906258702 0.015347787 -0.421825767
43.753650 -18.744749069 0.221846044 6.613530159 0.024679659 0.906015337 0.015413445 -0.422243506
43.857500 -18.838165283 0.225305110 6.534820557 0.024740258 0.905970514 0.015377160 -0.422337443
43.961280 -18.930942535 0.228869557 6.456298351 0.024175668 0.905879378 0.014298385 -0.422603428
44.065190 -19.022617340 0.231936812 6.379988670 0.023869600 0.905815721 0.012323978 -0.422819346
44.169050 -19.114425659 0.235069960 6.302585602 0.023718072 0.905591965 0.011322046 -0.423335016
44.272790 -19.204961777 0.237542331 6.225567341 0.022509575 0.905420244 0.012461522 -0.423736066
44.376660 -19.294664383 0.240230054 6.149742126 0.022549212 0.905316591 0.013045052 -0.423937768
44.480540 -19.382596970 0.242230743 6.075464725 0.022360651 0.905345738 0.013110180 -0.423883557
44.584310 -19.469558716 0.244184017 6.002586842 0.022026768 0.905369878 0.012937805 -0.423854738
44.688220 -19.556159973 0.247238338 5.929459572 0.022201667 0.905267298 0.012712867 -0.424071491
44.792180 -19.640266418 0.248854429 5.859299660 0.022221355 0.905355871 0.012767220 -0.423879623
44.895870 -19.724853516 0.252042294 5.788172245 0.021406028 0.905372500 0.013167450 -0.423873812
44.999710 -19.805744171 0.254057348 5.718992233 0.021231387 0.905340552 0.013196480 -0.423949897
45.103550 -19.889354706 0.256323278 5.650085449 0.021930514 0.905472279 0.013398601 -0.423626542
45.207330 -19.969360352 0.258728623 5.580682278 0.022404755 0.905370653 0.014227355 -0.423791856
45.311220 -20.050987244 0.261932880 5.513819695 0.022955731 0.905467272 0.015150858 -0.423523933
45.415240 -20.129182816 0.263973594 5.447116375 0.023683881 0.905429423 0.015864048 -0.423538595
45.518940 -20.206947327 0.266660690 5.383129597 0.024775114 0.905591428 0.016054556 -0.423122436
45.622980 -20.282344818 0.269642711 5.319707870 0.025935275 0.905672908 0.015984030 -0.422881037
45.726540 -20.356826782 0.271980822 5.257006168 0.026312364 0.905771852 0.015710859 -0.422656059
45.831090 -20.428806305 0.274478018 5.195635319 0.026236663 0.906026959 0.016050443 -0.422100902
45.934310 -20.498886108 0.276450038 5.136799335 0.027453173 0.906352222 0.015528902 -0.421344042
46.038180 -20.568283081 0.279008925 5.076486588 0.027886016 0.906802297 0.014600258 -0.420379311
46.142050 -20.636199951 0.282162786 5.018785477 0.028962277 0.907821715 0.013280980 -0.418144137
46.245920 -20.702754974 0.284866095 4.960432053 0.030068001 0.909238756 0.012388280 -0.415002763
46.349680 -20.768007278 0.287496805 4.903426170 0.031136390 0.911453664 0.011610642 -0.410058439
46.453430 -20.829217911 0.290817499 4.845568657 0.032520823 0.913760841 0.011098139 -0.404796690
46.557220 -20.888647079 0.292034268 4.788457870 0.033476859 0.916551828 0.011043940 -0.398359269
46.660970 -20.947912216 0.294895828 4.729678154 0.034909502 0.919778883 0.010367000 -0.390743762
46.764550 -21.003181458 0.297231793 4.671205521 0.036786638 0.923487008 0.009442488 -0.381745160
46.868310 -21.058158875 0.297953904 4.615139008 0.038568746 0.927886784 0.008871628 -0.370755732
46.971930 -21.107303619 0.299492508 4.556983471 0.039307013 0.932684243 0.008939608 -0.358434260
47.075560 -21.155345917 0.301184922 4.495939255 0.038427651 0.937823176 0.009873558 -0.344838470
47.179170 -21.198511124 0.303388953 4.435636520 0.037283517 0.943145692 0.010924110 -0.330101281
47.282920 -21.239906311 0.304590672 4.374669552 0.036024075 0.948744595 0.011877319 -0.313759208
47.386540 -21.278072357 0.305095404 4.313686848 0.034964439 0.954590619 0.012980665 -0.295576960
47.490160 -21.311317444 0.308510303 4.251427174 0.035503745 0.960388660 0.013109620 -0.276081800
47.593870 -21.341773987 0.309405893 4.189270973 0.033246003 0.966539025 0.013960309 -0.253972679
47.697410 -21.364521027 0.309589267 4.131893158 0.029879242 0.972278893 0.014105882 -0.231477812
47.801160 -21.385368347 0.309700608 4.070457458 0.023955796 0.977565169 0.014293096 -0.208777860
47.904910 -21.403430939 0.310725152 4.010587215 0.019823508 0.982274532 0.013708728 -0.185891718
48.008600 -21.419170380 0.310685992 3.946063280 0.016367977 0.986524642 0.012523442 -0.162309483
48.112290 -21.433601379 0.311142266 3.882515907 0.015797576 0.990309894 0.011665378 -0.137479916
48.216060 -21.444162369 0.312174767 3.818669558 0.015518898 0.993461490 0.011642367 -0.112507313
48.319780 -21.451318741 0.313359559 3.754481792 0.015582623 0.995963514 0.012298357 -0.087536015
48.423630 -21.454133987 0.313067287 3.689259052 0.012120791 0.997886360 0.014510885 -0.062172107
48.527420 -21.452306747 0.314177275 3.623818636 0.007284090 0.999144614 0.017135851 -0.036923602
48.631190 -21.447925568 0.314598620 3.559716463 0.006362143 0.999733150 0.019014016 -0.011473376
48.734910 -21.442136765 0.316473067 3.496289253 0.008388125 0.999690592 0.018366117 0.014528318
48.838780 -21.434213638 0.317271829 3.433393478 0.012632490 0.998953223 0.017526686 0.040319439
48.942530 -21.421829224 0.317430973 3.371692896 0.014663641 0.997593164 0.016380627 0.065760896
49.046410 -21.406198502 0.317622423 3.311501265 0.015355059 0.995617807 0.015517386 0.090931721
49.150280 -21.387338638 0.318687320 3.250572681 0.015124341 0.993041217 0.014082477 0.115940161
49.254030 -21.365356445 0.318623662 3.193891525 0.016435008 0.989782453 0.013598741 0.140980884
49.357910 -21.341405869 0.319767833 3.135961533 0.019031795 0.985835552 0.013576785 0.166077554
49.461780 -21.314418793 0.320759296 3.077898502 0.020347578 0.981618345 0.013061116 0.189316645
49.565780 -21.283145905 0.320477575 3.020539284 0.018392017 0.977126002 0.013677575 0.211422414
49.669780 -21.249160767 0.320389748 2.963565350 0.016950103 0.972428143 0.015646605 0.232058868
49.773780 -21.213935852 0.320852220 2.906295776 0.017775675 0.967798412 0.017697018 0.250473738
49.878030 -21.176773071 0.321375370 2.848231316 0.019687759 0.963383913 0.019289589 0.266705364
49.982180 -21.136810303 0.321589619 2.791533470 0.019496335 0.959300220 0.019722452 0.281023085
50.086410 -21.094964981 0.322017431 2.735569000 0.018851204 0.955620050 0.020049868 0.293313831
50.190690 -21.051509857 0.322859973 2.678050995 0.018185897 0.952394426 0.019516297 0.303699225
50.295050 -21.006658554 0.323594123 2.620455742 0.017889271 0.949757218 0.019163338 0.311887652
50.399300 -20.960510254 0.323720425 2.562181473 0.017263247 0.947639942 0.018623836 0.318329453
50.503680 -20.913284302 0.324191004 2.505297661 0.016471807 0.945961416 0.017928489 0.323363930
50.608030 -20.863382339 0.324609578 2.444604874 0.015542399 0.944558859 0.016406799 0.327563465
50.712390 -20.814123154 0.325428039 2.383913040 0.016139569 0.943357587 0.015773287 0.331009418
50.816730 -20.762771606 0.326483190 2.321417809 0.017032821 0.942446411 0.015742341 0.333551884
50.920920 -20.710973740 0.326784939 2.257962227 0.018811740 0.941714048 0.016145093 0.335499793
51.025280 -20.657318115 0.326981723 2.193773270 0.017839830 0.941115499 0.015060579 0.337278038
51.129530 -20.601404190 0.326679111 2.129902840 0.015870435 0.940805733 0.013766274 0.338294446
51.233800 -20.544631958 0.327537119 2.062731743 0.014500856 0.940496624 0.013291380 0.339233160
51.338030 -20.486274719 0.328833789 1.993454933 0.015589733 0.940370739 0.014122548 0.339500159
51.442160 -20.428039551 0.329147637 1.921816826 0.017937025 0.940352976 0.015040895 0.339394122
51.546400 -20.367757797 0.328896642 1.848978996 0.018285699 0.940502286 0.014717765 0.338975579
51.650530 -20.305686951 0.328787476 1.775879860 0.016874425 0.940607309 0.012098051 0.338860899
51.754650 -20.241611481 0.329207897 1.700666428 0.017107466 0.940736353 0.008613126 0.338597506
51.858780 -20.176856995 0.329717070 1.622940063 0.017691188 0.940827787 0.006452689 0.338361412
51.962780 -20.110504150 0.329800278 1.541872978 0.018859470 0.940887392 0.006748417 0.338126868
52.066910 -20.041782379 0.328718066 1.459149361 0.017766589 0.940972328 0.007667468 0.337929994
52.171030 -19.970479965 0.327913731 1.375805855 0.014325762 0.941092968 0.007876357 0.337752521
52.275030 -19.897899628 0.327081323 1.290024757 0.012584498 0.941056430 0.007921836 0.337922633
52.379030 -19.824607849 0.326836735 1.201633453 0.012062359 0.940985501 0.008552599 0.338123709
52.483160 -19.749938965 0.326754749 1.111551285 0.011385139 0.940973282 0.009969641 0.338142335
52.587160 -19.672496796 0.327619255 1.018520355 0.011151477 0.941067338 0.012110102 0.337818474
52.691180 -19.593402863 0.327913761 0.925293922 0.009450395 0.941085100 0.012590157 0.337803155
52.795150 -19.513652802 0.328547299 0.830026627 0.008330527 0.940978289 0.010773122 0.338192970
52.899160 -19.433204651 0.329760551 0.732752800 0.009426522 0.940863311 0.009406431 0.338524431
53.003160 -19.350927353 0.330410033 0.633111954 0.010547737 0.940711558 0.010361047 0.338885248
53.107160 -19.267313004 0.330856740 0.531371117 0.010523449 0.940732419 0.013296551 0.338725507
53.211180 -19.182540894 0.331567049 0.428951263 0.011803297 0.940741301 0.014972686 0.338588715
53.315160 -19.097368240 0.332028747 0.325048447 0.012705634 0.940679908 0.015003273 0.338725150
53.419160 -19.010896683 0.332999259 0.220026970 0.014693604 0.940665007 0.013738436 0.338739932
53.523150 -18.923728943 0.334334850 0.114670753 0.017282054 0.940618873 0.012265149 0.338802218
53.627040 -18.834419250 0.333269686 0.008630753 0.017744325 0.940723896 0.011433858 0.338515788
53.731040 -18.746128082 0.334077179 -0.099467278 0.017737994 0.940800488 0.010801751 0.338324070
53.835050 -18.655496597 0.333097219 -0.207164764 0.017030060 0.940932095 0.011902224 0.337957352
53.938910 -18.564287186 0.332479566 -0.317155838 0.016029475 0.940999746 0.013408250 0.337761343
54.042910 -18.473564148 0.332349956 -0.426925659 0.016202366 0.941054761 0.014878748 0.337538213
54.146780 -18.382400513 0.332644701 -0.537199974 0.018439377 0.941095769 0.016323697 0.337242067
54.250800 -18.293548584 0.332445204 -0.647430420 0.021586217 0.941077292 0.018290663 0.337006003
54.354660 -18.203865051 0.333088815 -0.758115768 0.022704335 0.941007078 0.020387039 0.337008178
54.458660 -18.113124847 0.334122390 -0.868722916 0.023210961 0.940968931 0.023730099 0.336861372
54.562530 -18.023212433 0.335366249 -0.979234695 0.024068881 0.940829217 0.026800618 0.336961061
54.666410 -17.933849335 0.337467760 -1.088007927 0.025130741 0.940877438 0.026348382 0.336784601
54.770420 -17.844610214 0.338160962 -1.195731163 0.025510505 0.941052794 0.022512885 0.336544305
54.874290 -17.756437302 0.338947058 -1.302360058 0.026847111 0.941308677 0.018381823 0.335975111
54.978530 -17.667758942 0.339487195 -1.410599709 0.027626576 0.941415608 0.017095258 0.335680127
55.082040 -17.578762054 0.339022905 -1.520330429 0.027386440 0.941526175 0.018368816 0.335322350
55.185920 -17.489898682 0.339038700 -1.628698349 0.027253339 0.941656232 0.019645765 0.334895164
55.290780 -17.401437759 0.338754267 -1.737331390 0.027054327 0.941787660 0.020284666 0.334503531
55.393730 -17.314016342 0.338918388 -1.844647884 0.025482571 0.942377806 0.020004744 0.332978219
55.497680 -17.227416992 0.339297563 -1.950065136 0.023614962 0.943551302 0.019542646 0.329804897
55.601700 -17.141969681 0.339258760 -2.057642937 0.022615455 0.945029259 0.019494185 0.325619668
55.705670 -17.059753418 0.340035260 -2.168001175 0.023166817 0.946850061 0.019246962 0.320262104
55.809690 -16.979572296 0.340192914 -2.276059151 0.024074117 0.949152172 0.020189434 0.313245922
55.913810 -16.899513245 0.342471778 -2.390799522 0.025426421 0.951808453 0.022048574 0.304840922
56.017930 -16.824432373 0.342893541 -2.502913475 0.026250990 0.954820991 0.023940854 0.295050144
56.122050 -16.750904083 0.344219267 -2.614826679 0.026448185 0.958451331 0.024736756 0.282948166
56.226190 -16.682567596 0.347271234 -2.733918190 0.028762951 0.962201595 0.025283359 0.269632131
56.330510 -16.616802216 0.350199997 -2.851455212 0.030095035 0.966314256 0.026302403 0.254242510
56.434670 -16.555370331 0.352975130 -2.974430561 0.031415749 0.970291197 0.026787471 0.238391325
56.538940 -16.497703552 0.355490685 -3.096504450 0.032478962 0.974039137 0.026502509 0.222464487
56.643030 -16.446426392 0.357541174 -3.218187332 0.034653015 0.977597117 0.022535508 0.206386179
56.747290 -16.397365570 0.359507442 -3.340566158 0.035662726 0.981000602 0.017939275 0.189852938
56.851430 -16.350778580 0.359740168 -3.463286161 0.034382209 0.984169126 0.014574774 0.173252821
56.955550 -16.309091568 0.360753268 -3.591244698 0.032030690 0.986877143 0.013986491 0.157645106
57.059650 -16.271652222 0.360178232 -3.718824863 0.030988367 0.989104211 0.013912385 0.143244520
57.163560 -16.237201691 0.360814929 -3.848625898 0.031946596 0.990864336 0.013303949 0.130346835
57.267470 -16.205612183 0.362792045 -3.979805708 0.033422131 0.992199600 0.012241675 0.119469956
57.371290 -16.176645279 0.363972306 -4.114433765 0.032796111 0.993310392 0.012960417 0.109958537
57.475150 -16.148469925 0.363872021 -4.248479843 0.031065889 0.994340718 0.015729906 0.100369602
57.579070 -16.123416901 0.365438879 -4.384542465 0.031148743 0.995215178 0.016951416 0.091045015
57.682930 -16.101049423 0.368692875 -4.522725105 0.031053040 0.995994449 0.016633095 0.082183629
57.786690 -16.079755783 0.370562285 -4.661356926 0.030678257 0.996678114 0.014485904 0.074038908
57.890570 -16.060649872 0.372286379 -4.801014900 0.032358807 0.997152984 0.013039931 0.066849180
57.994890 -16.044288635 0.374304116 -4.944737434 0.035121951 0.997354925 0.015031371 0.061835274
58.098070 -16.028409958 0.377300203 -5.089019775 0.037748862 0.997385979 0.019846657 0.058330014
58.201850 -16.012401581 0.381237805 -5.235692978 0.039326381 0.997323990 0.024308955 0.056634001
58.305440 -15.996086121 0.385762304 -5.382760048 0.038603622 0.997382939 0.024373675 0.056061957
58.409230 -15.978624344 0.389360368 -5.530043125 0.036897086 0.997501016 0.023084022 0.055655386
58.512810 -15.959205627 0.394747734 -5.679821014 0.034310263 0.997685969 0.020475827 0.055011343
58.616560 -15.939747810 0.398005843 -5.831294537 0.030059295 0.997858405 0.019332033 0.054784674
58.720450 -15.920749664 0.401430070 -5.984801292 0.027631398 0.997929156 0.019236552 0.054807995
58.824030 -15.902246475 0.405418277 -6.139424324 0.026625518 0.997921169 0.020352138 0.055047866
58.927820 -15.884070396 0.409699798 -6.295906067 0.025551036 0.997909963 0.021000756 0.055514429
59.031700 -15.866103172 0.413473427 -6.452970982 0.025356647 0.997873843 0.021258008 0.056150541
59.135420 -15.847738266 0.417811602 -6.612200260 0.024440808 0.997859836 0.020565119 0.057056364
59.239170 -15.828071594 0.421500415 -6.772294044 0.023739852 0.997872174 0.019598495 0.057475265
59.343070 -15.807304382 0.425328434 -6.933762550 0.022660511 0.997905970 0.018483289 0.057693671
59.446780 -15.786872864 0.428917885 -7.096758366 0.021203816 0.997958243 0.017871875 0.057535551
59.550680 -15.766996384 0.431397736 -7.260236740 0.019843945 0.998021364 0.018085329 0.056855556
59.654550 -15.747603416 0.434207648 -7.424464703 0.019080952 0.998070955 0.018418020 0.056134328
59.758420 -15.728440285 0.437550187 -7.589547157 0.019011820 0.998114467 0.018566323 0.055329341
59.862460 -15.709731102 0.440752268 -7.754888535 0.018626943 0.998154640 0.018559819 0.054734126
59.965990 -15.690914154 0.443948746 -7.919406891 0.018651186 0.998169363 0.019532122 0.054115854
60.069690 -15.672574997 0.446886778 -8.084993362 0.018379277 0.998170972 0.020684022 0.053750247
60.173450 -15.653993607 0.450469404 -8.249502182 0.017935460 0.998188734 0.021507788 0.053244833
60.277190 -15.636631966 0.453122228 -8.413230896 0.017348049 0.998230875 0.020910071 0.052885469
60.381050 -15.617360115 0.456495911 -8.575867653 0.017289989 0.998295069 0.019588973 0.052194212
60.484800 -15.599994659 0.459716827 -8.738853455 0.016838873 0.998328388 0.018951779 0.051939882
60.588540 -15.581848145 0.462575078 -8.901030540 0.016947024 0.998354495 0.019033691 0.051369764
60.692600 -15.563910484 0.465541750 -9.062289238 0.016452175 0.998406589 0.019450096 0.050351709
60.797000 -15.547210693 0.468792349 -9.224842072 0.015939174 0.998461425 0.020108834 0.049156126
60.900200 -15.530235291 0.471738845 -9.385841370 0.015414394 0.998548090 0.020130726 0.047526658
61.003920 -15.515190125 0.474698007 -9.547969818 0.014996665 0.998617947 0.019830476 0.046303879
61.107700 -15.499202728 0.477748245 -9.707659721 0.014466696 0.998711228 0.019246951 0.044677705
61.211580 -15.484684944 0.480972797 -9.868524551 0.014295117 0.998758256 0.020029280 0.043317247
61.315290 -15.471507072 0.483944267 -10.026281357 0.013824351 0.998813093 0.020755529 0.041839071
61.419200 -15.458888054 0.487671047 -10.184107780 0.014401486 0.998837948 0.021345608 0.040739011
61.522950 -15.446098328 0.490935951 -10.340809822 0.014624235 0.998878837 0.021541346 0.039536215
61.626790 -15.434189796 0.495097339 -10.497512817 0.014729414 0.998926640 0.021077324 0.038527206
61.730990 -15.421478271 0.497931987 -10.654411316 0.015256448 0.998964369 0.020737475 0.037515100
61.834510 -15.408869743 0.500424802 -10.810110092 0.014680408 0.998995543 0.020875856 0.036831383
61.938390 -15.396018982 0.504850268 -10.966976166 0.014060033 0.999027073 0.021067135 0.036102571
62.042070 -15.385162354 0.507939458 -11.122917175 0.013810621 0.999053776 0.020315656 0.035889816
62.145930 -15.373402596 0.510854363 -11.276868820 0.013676012 0.999106109 0.018149639 0.035645194
62.249910 -15.361813545 0.514116049 -11.430246353 0.013293691 0.999143660 0.016605465 0.035488155
62.353660 -15.350675583 0.515527368 -11.584162712 0.013492913 0.999136627 0.016230082 0.035783675
62.457420 -15.338362694 0.518142581 -11.737472534 0.013852367 0.999115646 0.016729793 0.036001928
62.561290 -15.326851845 0.520436764 -11.889591217 0.014734288 0.999083817 0.017110674 0.036354665
62.665290 -15.314833641 0.523027539 -12.042006493 0.015663452 0.999050796 0.017598096 0.036639512
62.769050 -15.302175522 0.524485052 -12.194128036 0.016065899 0.999019682 0.018109936 0.037062056
62.872800 -15.290541649 0.526815772 -12.345834732 0.016301315 0.998990715 0.018548803 0.037519570
62.976670 -15.277781487 0.529171586 -12.497026443 0.015798500 0.998978794 0.018747529 0.037950840
63.080660 -15.264761925 0.531551361 -12.647500992 0.015767623 0.998977780 0.018135618 0.038287390
63.184460 -15.252826691 0.534286976 -12.797729492 0.017087746 0.998931766 0.017444970 0.039230462
63.288240 -15.239673615 0.536287785 -12.946304321 0.017433230 0.998880625 0.016880779 0.040602546
63.392070 -15.227004051 0.537749648 -13.096671104 0.016899925 0.998825967 0.016747879 0.042196855
63.495820 -15.213090897 0.539840460 -13.244574547 0.016810153 0.998791516 0.015915394 0.043355346
63.599720 -15.199354172 0.541280150 -13.390762329 0.016854582 0.998755693 0.015625788 0.044258688
63.703640 -15.185919762 0.543435037 -13.537650108 0.016549746 0.998731136 0.015703779 0.044896338
63.807440 -15.171530724 0.544689059 -13.682377815 0.015684996 0.998724520 0.016783183 0.044963319
63.911420 -15.157109261 0.546088219 -13.825034142 0.015284032 0.998726010 0.017886804 0.044640336
64.015770 -15.143822670 0.547924399 -13.967445374 0.014954514 0.998742819 0.018328218 0.044194661
64.119460 -15.130536079 0.549686670 -14.105895042 0.014330025 0.998780549 0.018491866 0.043475449
64.223410 -15.117019653 0.551325083 -14.241796494 0.013430211 0.998845756 0.018347556 0.042309519
64.327430 -15.105050087 0.553402305 -14.377242088 0.013088713 0.998927772 0.018477464 0.040380426
64.431450 -15.095005989 0.555075288 -14.509358406 0.013183842 0.999031544 0.018517956 0.037672885
64.535560 -15.085783005 0.556273639 -14.639515877 0.013496832 0.999153614 0.018643560 0.034092575
64.639590 -15.079550743 0.559031010 -14.764225006 0.014496695 0.999258757 0.018858690 0.030266713
64.743580 -15.073455811 0.560317278 -14.887418747 0.015519403 0.999339700 0.019678770 0.026306022
64.847590 -15.068956375 0.561334729 -15.006594658 0.017399702 0.999397159 0.020032939 0.022387916
64.951550 -15.065241814 0.563748896 -15.121431351 0.018187566 0.999458432 0.020128505 0.018624449
65.055500 -15.063528061 0.565836787 -15.233618736 0.018903803 0.999498367 0.020508533 0.015001898
65.159520 -15.061326981 0.567727149 -15.340795517 0.019292217 0.999538422 0.020434745 0.011542287
65.263460 -15.060797691 0.569042325 -15.444158554 0.019933023 0.999560058 0.020232262 0.008547160
65.367480 -15.058719635 0.570632815 -15.542340279 0.020432981 0.999574900 0.020075027 0.005428043
65.471470 -15.059504509 0.572201073 -15.636299133 0.021032939 0.999577463 0.019861085 0.002836194
65.575320 -15.059535980 0.573733330 -15.726919174 0.022084158 0.999565661 0.019512039 0.000316556
65.679310 -15.059448242 0.575778902 -15.813156128 0.022697482 0.999538362 0.020085065 -0.002120338
65.783300 -15.059813499 0.577009201 -15.895894051 0.023111831 0.999503851 0.020992042 -0.004149770
65.887300 -15.060237885 0.579471946 -15.972193718 0.023383653 0.999481738 0.021247867 -0.006161179
65.991170 -15.060929298 0.579060495 -16.045436859 0.023394151 0.999455690 0.021886799 -0.007874399
66.095340 -15.062889099 0.580158651 -16.112737656 0.024345299 0.999414921 0.022251192 -0.009052249
66.199080 -15.064295769 0.582582355 -16.177755356 0.025232516 0.999381363 0.022244317 -0.010266833
66.303070 -15.066088676 0.584595740 -16.237827301 0.025880201 0.999350607 0.022491705 -0.011077788
66.407050 -15.066830635 0.584218919 -16.290628433 0.025768636 0.999329269 0.023382455 -0.011413150
66.512930 -15.068037987 0.584022284 -16.339210510 0.025693987 0.999317825 0.024079973 -0.011130081
66.614800 -15.068734169 0.584775686 -16.383142471 0.024736745 0.999355733 0.023791971 -0.010495078
66.718800 -15.071513176 0.585351288 -16.420482635 0.022828221 0.999430597 0.023017403 -0.009355837
66.824140 -15.071715355 0.584748268 -16.456882477 0.022122229 0.999461293 0.022861458 -0.008065864
66.926760 -15.069024086 0.586392760 -16.483161926 0.021892967 0.999486327 0.022206645 -0.007395803
67.031610 -15.067194939 0.586606801 -16.519445419 0.021822290 0.999521673 0.021074889 -0.005999989
67.134650 -15.068244934 0.587931097 -16.551177979 0.022029204 0.999547064 0.020005964 -0.004486169
67.238470 -15.065894127 0.587628722 -16.578824997 0.022509508 0.999540687 0.019965988 -0.003617610
67.342520 -15.067313194 0.587864041 -16.608631134 0.022106810 0.999540269 0.020652562 -0.001996079
67.446480 -15.064737320 0.590758860 -16.633592606 0.021136757 0.999569178 0.020342281 -0.000944348
67.550330 -15.064577103 0.588759482 -16.657588959 0.020219378 0.999588966 0.020311117 0.000690849
67.654290 -15.064324379 0.589981318 -16.679376602 0.020672375 0.999586821 0.019806784 0.002556147
67.758210 -15.061906815 0.591212451 -16.699079514 0.021253409 0.999577284 0.019356616 0.004340570
67.862190 -15.060672760 0.591015100 -16.719751358 0.021487733 0.999558806 0.019270958 0.007010940
67.966080 -15.059101105 0.592328906 -16.737888336 0.021039635 0.999541998 0.019091452 0.010419373
68.070190 -15.060696602 0.591055214 -16.756437302 0.019881543 0.999505162 0.019303337 0.014882835
68.173980 -15.055142403 0.593799651 -16.774604797 0.018798538 0.999480069 0.018889967 0.018149666
68.277930 -15.052989006 0.593356848 -16.788360596 0.018161476 0.999408662 0.019507628 0.021723542
68.381800 -15.051075935 0.593338192 -16.800924301 0.017465558 0.999341786 0.019790238 0.024886033
68.485930 -15.051123619 0.594320595 -16.811216354 0.017297253 0.999279320 0.019734990 0.027425073
68.589980 -15.049718857 0.593581736 -16.818599701 0.017440317 0.999222159 0.019419584 0.029561352
68.693970 -15.048377991 0.593591154 -16.823812485 0.017401109 0.999177277 0.019335477 0.031115077
68.797970 -15.048709869 0.593992531 -16.827413559 0.017532371 0.999139369 0.019221291 0.032306094
68.902060 -15.050125122 0.592918396 -16.830362320 0.017190736 0.999094129 0.019129446 0.033903047
69.006040 -15.049894333 0.593025267 -16.831623077 0.017048175 0.999084055 0.019206597 0.034227900
69.110830 -15.048517227 0.592767239 -16.831285477 0.017078705 0.999092400 0.019219587 0.033960696
69.214230 -15.049806595 0.592779875 -16.830957413 0.017371330 0.999088168 0.018858010 0.034139734
69.318190 -15.048774719 0.593082070 -16.829238892 0.017708944 0.999099791 0.018175311 0.033995245
69.422330 -15.048020363 0.593085587 -16.829900742 0.017533848 0.999115825 0.017940961 0.033737682
69.526320 -15.047383308 0.593035519 -16.830907822 0.017473418 0.999109983 0.018188171 0.033809818
69.630320 -15.048348427 0.593092442 -16.829750061 0.017458348 0.999109447 0.017962161 0.033954315
69.734330 -15.047802925 0.592990041 -16.830316544 0.017472317 0.999114454 0.017990170 0.033784226
69.838430 -15.047927856 0.593069077 -16.830301285 0.017485600 0.999106705 0.018158976 0.033916209
69.943310 -15.047991753 0.593185067 -16.830091476 0.017532485 0.999110997 0.017940072 0.033881623
70.047250 -15.048218727 0.593201876 -16.830101013 0.017466616 0.999108613 0.018008439 0.033949472
70.150510 -15.046863556 0.593616009 -16.830017090 0.017531559 0.999118626 0.018007599 0.033620067
70.254450 -15.047304153 0.594352067 -16.830850601 0.017588116 0.999121547 0.017841071 0.033593640
70.358440 -15.047565460 0.594033182 -16.830648422 0.017578622 0.999115765 0.017928593 0.033723887
70.462450 -15.047908783 0.594258010 -16.831008911 0.017654659 0.999112010 0.017832298 0.033845153
70.566450 -15.047734261 0.594134152 -16.830766678 0.017622085 0.999110758 0.017894007 0.033866718
70.670640 -15.048534393 0.594547987 -16.831024170 0.017721508 0.999103904 0.017836239 0.034048278
70.774540 -15.047551155 0.594280005 -16.830930710 0.017668538 0.999107480 0.017825745 0.033975702
70.878550 -15.047739029 0.593371153 -16.829429626 0.017725619 0.999090731 0.017968507 0.034360882
70.982540 -15.046954155 0.594455302 -16.831232071 0.017760877 0.999100208 0.017851206 0.034126416
71.086680 -15.048030853 0.593439817 -16.829833984 0.017840799 0.999078929 0.017933287 0.034661204
71.190680 -15.048691750 0.592898786 -16.829761505 0.017928155 0.999064982 0.018091980 0.034934919
71.294670 -15.047117233 0.593380451 -16.829965591 0.018056622 0.999067426 0.018004339 0.034843542
71.398790 -15.048083305 0.592986345 -16.829734802 0.018104896 0.999049306 0.018024249 0.035324428
71.503010 -15.048612595 0.593376935 -16.829813004 0.018096689 0.999043524 0.017960791 0.035523888
71.606920 -15.047853470 0.593312144 -16.829414368 0.018156888 0.999047041 0.017948937 0.035400797
71.710990 -15.048964500 0.593361914 -16.830139160 0.018220631 0.999038994 0.017966608 0.035585076
71.817720 -15.046988487 0.594556034 -16.830778122 0.018287102 0.999055982 0.017794073 0.035158016
71.918960 -15.048764229 0.594678402 -16.830999374 0.018201640 0.999045908 0.017781004 0.035494901
72.023080 -15.047061920 0.594274998 -16.831218719 0.018365774 0.999047041 0.017845914 0.035344765
72.127050 -15.047572136 0.594494641 -16.831171036 0.018404510 0.999038875 0.017804842 0.035574816
72.231970 -15.046447754 0.593099117 -16.830085754 0.018426616 0.999033093 0.018093009 0.035580903
72.335120 -15.049169540 0.593299448 -16.830270767 0.018447896 0.999017239 0.018049171 0.036035053
72.439200 -15.048970222 0.593564689 -16.830383301 0.018448733 0.999018371 0.017985271 0.036033783
72.543190 -15.047961235 0.593428671 -16.829910278 0.018406857 0.999024034 0.017999385 0.035892274
72.647200 -15.048293114 0.593719065 -16.830902100 0.018403955 0.999018908 0.017905241 0.036082473
72.751200 -15.047110558 0.593566537 -16.830814362 0.018383788 0.999021471 0.017963678 0.035991743
72.855180 -15.047249794 0.593560100 -16.830730438 0.018474486 0.999014854 0.017961189 0.036130425
72.959210 -15.047507286 0.593910575 -16.831102371 0.018562458 0.999008954 0.017925262 0.036265917
73.063300 -15.047877312 0.593387723 -16.830986023 0.018605359 0.999004364 0.018058248 0.036303718
73.167460 -15.047715187 0.593082130 -16.831043243 0.018634675 0.998998225 0.018129857 0.036422361
73.271730 -15.047297478 0.593568802 -16.830883026 0.018550457 0.999007761 0.017989015 0.036272969
73.375310 -15.047504425 0.593355238 -16.830923080 0.018547116 0.999004662 0.018077414 0.036317222
73.479440 -15.047467232 0.593189478 -16.830959320 0.018608343 0.999002695 0.018106535 0.036324542
73.583460 -15.047541618 0.593530536 -16.830802917 0.018567266 0.999004662 0.018052341 0.036318444
73.687600 -15.047114372 0.593325615 -16.830913544 0.018542286 0.999004960 0.018100971 0.036298767
73.791560 -15.047980309 0.593455255 -16.831066132 0.018619457 0.999001086 0.018048383 0.036392249
73.895660 -15.047554016 0.592883170 -16.830871582 0.018552709 0.999002039 0.018153371 0.036348592
73.999560 -15.046593666 0.593210280 -16.830917358 0.018523434 0.999009252 0.018079253 0.036202312
74.103680 -15.047560692 0.593239784 -16.830680847 0.018541327 0.999003589 0.018078556 0.036347970
74.207700 -15.047949791 0.592865169 -16.831209183 0.018566765 0.998999953 0.018142475 0.036404297
74.311710 -15.047903061 0.593340397 -16.830825806 0.018596033 0.999001086 0.018044032 0.036407482
74.415680 -15.047266960 0.593823135 -16.830894470 0.018603455 0.999006212 0.017942989 0.036312565
74.519800 -15.047251701 0.593664527 -16.830217361 0.018550616 0.998995543 0.017932029 0.036636256
74.623890 -15.047720909 0.592711806 -16.831001282 0.018496349 0.998946607 0.017844709 0.038014449
74.727840 -15.047787666 0.593308151 -16.832471848 0.018153997 0.998919129 0.017563988 0.039019585
74.831850 -15.047163010 0.593257785 -16.834144592 0.018017314 0.998856366 0.017473049 0.040693875
74.935850 -15.045434952 0.593392551 -16.837047577 0.018133353 0.998756230 0.017448932 0.043044034
75.039850 -15.043909073 0.592819512 -16.840450287 0.018117977 0.998632848 0.017555367 0.045781650
75.143810 -15.043333054 0.592832088 -16.843332291 0.017830571 0.998480678 0.017570250 0.049088653
75.247810 -15.042314529 0.593188763 -16.848817825 0.017808704 0.998269498 0.017520700 0.053234577
75.351710 -15.036177635 0.593213022 -16.853557587 0.017598925 0.998067796 0.017380886 0.056999471
75.455730 -15.033981323 0.593313813 -16.858779907 0.017595731 0.997778952 0.017427832 0.061837282
75.559590 -15.033847809 0.594005227 -16.865375519 0.017486451 0.997409523 0.017319508 0.067590579
75.663570 -15.029100418 0.593982339 -16.871805191 0.017467413 0.997001410 0.017330289 0.073367454
75.767480 -15.025543213 0.593459010 -16.878095627 0.017483454 0.996510208 0.017271854 0.079771198
75.871360 -15.019951820 0.593718052 -16.886302948 0.017462498 0.995939732 0.016739978 0.086711317
75.975180 -15.021361351 0.594684005 -16.897087097 0.017112760 0.995135844 0.015559956 0.095758215
76.079100 -15.013700485 0.593802333 -16.909152985 0.016638622 0.994320393 0.014592132 0.104102232
76.182950 -15.007710457 0.594269514 -16.922126770 0.015852464 0.993349373 0.014050873 0.113174036
76.286810 -15.000082016 0.594176650 -16.939214706 0.015719049 0.992248356 0.014456197 0.122421972
76.390670 -14.994169235 0.596105337 -16.959396362 0.016470736 0.990947902 0.014839446 0.132403940
76.495070 -14.984317780 0.595607102 -16.980434418 0.016984206 0.989463329 0.015699169 0.142924279
76.598340 -14.973433495 0.596140265 -17.004198074 0.016587488 0.987715185 0.016330285 0.154521525
76.702070 -14.962820053 0.596165776 -17.023815155 0.015817814 0.985759377 0.017678380 0.166480601
76.805830 -14.950256348 0.596747398 -17.050384521 0.015833570 0.983509898 0.018619603 0.179195315
76.909690 -14.934293747 0.597508669 -17.074619293 0.016735168 0.981139719 0.019095991 0.191624880
77.013440 -14.917393684 0.596118391 -17.101818085 0.017301748 0.978315353 0.020684600 0.205357730
77.117090 -14.902060509 0.597051740 -17.124256134 0.017415078 0.975037813 0.022105528 0.220248327
77.220840 -14.881528854 0.597640634 -17.153959274 0.017662900 0.971118212 0.022775523 0.236851752
77.324460 -14.861471176 0.597713411 -17.180734634 0.018113349 0.966459572 0.022394251 0.255198568
77.428190 -14.835009575 0.599363685 -17.210567474 0.017747089 0.961027324 0.021055315 0.275078446
77.531820 -14.808492661 0.597494245 -17.243915558 0.016237671 0.954508960 0.019864151 0.297076344
77.635430 -14.775184631 0.598329782 -17.277349472 0.016319431 0.946980655 0.018904814 0.320318490
77.739080 -14.737301826 0.597430825 -17.316795349 0.018572178 0.938158333 0.018454963 0.345215023
77.842690 -14.695147514 0.600101829 -17.357345581 0.020683898 0.928401530 0.016756054 0.370623857
77.946530 -14.646462440 0.600137234 -17.396965027 0.021595236 0.918240666 0.015532564 0.395128429
78.050250 -14.590436935 0.599026024 -17.436441422 0.021603610 0.907567739 0.015457969 0.419064611
78.153970 -14.528049469 0.601832211 -17.478366852 0.022513160 0.895983875 0.014975097 0.443262637
78.257840 -14.459312439 0.602215409 -17.518438339 0.022868000 0.883833945 0.015894357 0.466971070
78.361560 -14.385076523 0.601689816 -17.557582855 0.021803474 0.870953202 0.017061859 0.490585387
78.465430 -14.305728912 0.601873875 -17.592901230 0.021647627 0.857411087 0.019373268 0.513811409
78.569310 -14.221174240 0.601791024 -17.628435135 0.022311343 0.842802048 0.022360839 0.537295938
78.673060 -14.130966187 0.602116406 -17.661094666 0.022968911 0.827462316 0.024707027 0.560507059
78.776930 -14.034132004 0.600645840 -17.689502716 0.022646016 0.811922133 0.026774697 0.582711458
78.880800 -13.931318283 0.601239085 -17.714271545 0.022672597 0.796241283 0.028450437 0.603884339
78.984860 -13.824337006 0.601606488 -17.734735489 0.022930609 0.780651569 0.029331477 0.623856485
79.088830 -13.713041306 0.600912273 -17.750764847 0.024341574 0.765905499 0.029845871 0.641798615
79.192960 -13.594749451 0.602398038 -17.763607025 0.025019940 0.752723992 0.028598338 0.657238722
79.297060 -13.472657204 0.601558089 -17.771942139 0.024933698 0.741474032 0.027474735 0.669954956
79.401310 -13.345522881 0.601504147 -17.778369904 0.025376702 0.732232392 0.025793679 0.680092990
79.505690 -13.213565826 0.600967169 -17.782337189 0.026382595 0.724923313 0.024833718 0.687876046
79.610070 -13.076457024 0.599816442 -17.786108017 0.026842738 0.719019592 0.024556911 0.694036901
79.714470 -12.935992241 0.598795474 -17.787776947 0.028027387 0.713777602 0.024447655 0.699384212
79.818800 -12.792647362 0.596538544 -17.787508011 0.029519740 0.708826542 0.024071576 0.704353690
79.923050 -12.645241737 0.593430817 -17.786048889 0.031384148 0.703552186 0.023237031 0.709569871
80.027420 -12.493656158 0.590787649 -17.780363083 0.032634143 0.698616326 0.021937482 0.714415133
80.131680 -12.336767197 0.587139368 -17.775066376 0.031804081 0.694015861 0.020521974 0.718964040
80.235930 -12.177176476 0.582546949 -17.764356613 0.030267529 0.690935850 0.018934272 0.722033918
80.340300 -12.013729095 0.578503728 -17.754259109 0.028679509 0.689001918 0.017075989 0.723990500
80.444550 -11.845458984 0.574633777 -17.742324829 0.027945304 0.688419044 0.015949257 0.724599242
80.548940 -11.674615860 0.570209920 -17.732696533 0.027307130 0.688099504 0.016222483 0.724920809
80.653190 -11.497312546 0.566518903 -17.722919464 0.027135579 0.687653303 0.016663296 0.725340545
80.757320 -11.317992210 0.562485337 -17.713256836 0.027288252 0.686481535 0.017132059 0.726432979
80.861430 -11.135740280 0.557583511 -17.701086044 0.027388221 0.684959769 0.017466955 0.727856398
80.965550 -10.949040413 0.553299904 -17.689069748 0.027652036 0.683213413 0.017125458 0.729494035
81.069680 -10.759044647 0.549610853 -17.675394058 0.027695103 0.681644082 0.016710233 0.730968654
81.173790 -10.567366600 0.544114590 -17.659795761 0.027232785 0.679810643 0.016583821 0.732694268
81.277810 -10.372440338 0.539420426 -17.645467758 0.026775774 0.677819967 0.017678285 0.734527469
81.381810 -10.174459457 0.534488678 -17.628179550 0.026032342 0.675911307 0.019629683 0.736261427
81.485930 -9.974430084 0.529469967 -17.610610962 0.025290271 0.674289644 0.020560296 0.737747312
81.589930 -9.772266388 0.525770307 -17.592269897 0.025621157 0.673574388 0.020258259 0.738397419
81.694050 -9.568348885 0.519873500 -17.571540833 0.025544541 0.673765779 0.019254178 0.738252282
81.798060 -9.360010147 0.516969204 -17.553060532 0.025642686 0.674149513 0.018864183 0.737908542
81.902180 -9.151294708 0.511474669 -17.533950806 0.025227802 0.674476087 0.020273909 0.737586915
82.006180 -8.942702293 0.507111371 -17.515211105 0.024950003 0.674666464 0.021270553 0.737394273
82.110180 -8.734457016 0.501496077 -17.496225357 0.024894163 0.674965084 0.022392714 0.737089634
82.214180 -8.526378632 0.495842993 -17.477062225 0.024537222 0.675262928 0.022522394 0.736824691
82.318180 -8.319679260 0.490601480 -17.458324432 0.024655057 0.675530195 0.022790812 0.736567497
82.422200 -8.115121841 0.485167533 -17.439397812 0.024877930 0.675755978 0.021945268 0.736378551
82.526180 -7.909057617 0.480250537 -17.421373367 0.025676195 0.675979495 0.021110401 0.736170352
82.630180 -7.702229977 0.474762261 -17.405401230 0.025670243 0.675981343 0.020939779 0.736173749
82.734050 -7.495704174 0.469636083 -17.387178421 0.024672724 0.676294804 0.021565191 0.735901833
82.838070 -7.288532734 0.463587493 -17.368925095 0.024019837 0.676540077 0.022311904 0.735675693
82.942060 -7.084072590 0.456169665 -17.350605011 0.024109589 0.676694870 0.021944383 0.735541463
83.046050 -6.879083157 0.452388316 -17.333238602 0.025211120 0.676888764 0.021282809 0.735345542
83.149930 -6.673743725 0.447152048 -17.315563202 0.026041526 0.677092493 0.020845825 0.735141456
83.253960 -6.470178127 0.441141188 -17.298061371 0.024535047 0.677178919 0.021113707 0.735106111
83.357930 -6.265772820 0.436057359 -17.281095505 0.023137640 0.677256584 0.022094984 0.735050976
83.461930 -6.062193871 0.431851923 -17.263977051 0.021789560 0.677464604 0.022257587 0.734895587
83.565930 -5.859942436 0.427324980 -17.245697021 0.021340331 0.677666545 0.020948922 0.734761059
83.669810 -5.659708023 0.422134727 -17.228763580 0.021633135 0.677753985 0.020257520 0.734691203
83.773690 -5.457442284 0.416615456 -17.211236954 0.021595243 0.677860677 0.020031298 0.734600127
83.877560 -5.255695820 0.412101328 -17.193134308 0.021170193 0.678020537 0.020176779 0.734460950
83.981560 -5.053457260 0.407378495 -17.178358078 0.021054178 0.677830398 0.020868938 0.734620452
84.085580 -4.851327896 0.402953804 -17.161441803 0.021558380 0.677892685 0.021095848 0.734541833
84.189660 -4.651434422 0.398298651 -17.144908905 0.023149822 0.678072751 0.021171426 0.734325051
84.293370 -4.450579643 0.392695963 -17.130670547 0.024407638 0.677638590 0.021638248 0.734671354
84.397140 -4.249853134 0.385967642 -17.112794876 0.024709051 0.677254975 0.022941882 0.734975398
84.500970 -4.049215317 0.383392990 -17.097791672 0.024979319 0.676044345 0.023290364 0.736069024
84.604690 -3.850488663 0.378140271 -17.080753326 0.024728565 0.674724519 0.023845648 0.737269819
84.708560 -3.653218746 0.372885406 -17.061841965 0.024149546 0.673608840 0.023702869 0.738313019
84.812320 -3.454876900 0.368146896 -17.040941238 0.023503719 0.672765255 0.022245580 0.739147902
84.916060 -3.259545326 0.363050461 -17.020402908 0.023679195 0.671833754 0.021282589 0.740017354
85.020090 -3.062469006 0.358052433 -17.000699997 0.023503011 0.670755208 0.021120483 0.741005361
85.123720 -2.864422321 0.353707820 -16.980941772 0.023153229 0.669971347 0.021491472 0.741714597
85.227440 -2.669453144 0.349352449 -16.960149765 0.022892270 0.669333518 0.021718906 0.742291629
85.331180 -2.474262714 0.343958318 -16.940052032 0.022597408 0.668609440 0.021892345 0.742947876
85.435100 -2.280241489 0.339051813 -16.918113708 0.022103602 0.668214858 0.022167938 0.743309379
85.538870 -2.087258577 0.334608704 -16.895715714 0.021418659 0.667979181 0.021673054 0.743555903
85.642600 -1.894921899 0.329812407 -16.872926712 0.020762106 0.668219686 0.021426033 0.743365526
85.746450 -1.701733232 0.326028138 -16.851991653 0.020642735 0.668507636 0.020409120 0.743138492
85.850400 -1.509195685 0.321397752 -16.832128525 0.020640288 0.668937683 0.020352883 0.742753088
85.954220 -1.318503618 0.318526596 -16.811332703 0.020895088 0.669600308 0.020611035 0.742141485
86.058060 -1.128793240 0.314291149 -16.792043686 0.022227826 0.670361042 0.021652823 0.741385937
86.161940 -0.935967803 0.311371654 -16.774448395 0.023855234 0.671084583 0.022077208 0.740667939
86.266420 -0.747989178 0.305868030 -16.756462097 0.025208497 0.671933234 0.022829752 0.739830434
86.369740 -0.556630850 0.302448183 -16.738542557 0.025536383 0.672778189 0.023551699 0.739028275
86.473600 -0.366273999 0.297064781 -16.721666336 0.024902280 0.673456967 0.024372622 0.738404751
86.577490 -0.177482247 0.291845560 -16.703319550 0.023874449 0.674357533 0.024658391 0.737606943
86.681310 0.011876106 0.287973464 -16.685539246 0.023483170 0.675317109 0.024297576 0.736752987
86.785510 0.200168848 0.283191353 -16.668384552 0.023380900 0.676111281 0.023356406 0.736057937
86.889090 0.387727857 0.278756559 -16.650953293 0.023933642 0.676963866 0.022200091 0.735292017
86.992950 0.574721932 0.274837464 -16.635179520 0.024913967 0.677601218 0.020929402 0.734709382
87.096690 0.761353195 0.269334376 -16.619125366 0.025792176 0.678242981 0.020582328 0.734096408
87.200570 0.949672043 0.264315844 -16.603939056 0.025869669 0.678621233 0.020363580 0.733750165
87.304430 1.137021780 0.259040445 -16.589809418 0.025398096 0.678718448 0.021327401 0.733649313
87.408330 1.324482441 0.255205482 -16.574666977 0.024292557 0.678653717 0.021767607 0.733733714
87.512180 1.510282993 0.250463814 -16.559288025 0.022878114 0.678468049 0.021630222 0.733954906
87.616060 1.696848869 0.244457632 -16.542156219 0.020978946 0.678431034 0.020827804 0.734068990
87.719790 1.881752253 0.240084320 -16.525541306 0.019462992 0.678228199 0.019029113 0.734347045
87.823570 2.070020914 0.236527547 -16.510089874 0.018549658 0.678078115 0.017637186 0.734543979
87.927320 2.256481647 0.233144000 -16.494239807 0.017502274 0.677900136 0.015888210 0.734773815
88.031060 2.441584826 0.227254346 -16.477758408 0.017745716 0.677770913 0.015408143 0.734897435
88.135050 2.627031326 0.223569632 -16.463180542 0.017784422 0.677388370 0.014108291 0.735275209
88.238710 2.811686039 0.218947455 -16.447000504 0.018635981 0.677152932 0.014344259 0.735466421
88.342600 2.997374773 0.215007856 -16.431903839 0.018053999 0.676839948 0.017169066 0.735708475
88.446330 3.182606220 0.210630938 -16.416521072 0.016682455 0.676417947 0.019641271 0.736066997
88.550190 3.367492437 0.207554981 -16.400354385 0.017409395 0.675968707 0.020882325 0.736428618
88.653930 3.549651623 0.204281583 -16.384872437 0.019735996 0.675544560 0.020138828 0.736779809
88.757820 3.732897758 0.201577932 -16.368127823 0.021392385 0.675364077 0.019034320 0.736928403
88.861690 3.914787292 0.197923064 -16.351097107 0.021703266 0.675270736 0.018190768 0.737026095
88.965560 4.096865654 0.192639515 -16.335103989 0.021940673 0.675061285 0.018351441 0.737206936
89.069450 4.279645920 0.187129840 -16.318595886 0.022314599 0.674980581 0.018559977 0.737264395
89.173320 4.460759163 0.181715816 -16.301855087 0.023799779 0.674956322 0.018406197 0.737244070
89.277420 4.642272949 0.176000416 -16.285839081 0.025671789 0.675071299 0.018361799 0.737076998
89.381180 4.822640419 0.170695633 -16.270280838 0.026563382 0.675222278 0.018889569 0.736893833
89.485130 5.002586365 0.164987206 -16.254224777 0.026496697 0.675545275 0.020356540 0.736560941
89.588990 5.182773590 0.159887820 -16.238651276 0.025618814 0.675735176 0.022213254 0.736364186
89.692870 5.361867428 0.154698208 -16.222509384 0.025136506 0.676186800 0.022699913 0.735951245
89.796830 5.540133476 0.150191233 -16.207405090 0.025194170 0.676518917 0.021815492 0.735670745
89.900710 5.718250751 0.144912034 -16.191909790 0.024922349 0.676959395 0.020669164 0.735307813
90.004580 5.895336151 0.140376046 -16.175239563 0.024304828 0.677524805 0.020487858 0.734812677
90.108700 6.073352337 0.135620043 -16.161045074 0.023553411 0.677862167 0.021050919 0.734510005
90.212510 6.249459743 0.130927220 -16.145887375 0.023055660 0.678271770 0.021647243 0.734130263
90.316520 6.425456047 0.126840249 -16.132577896 0.023629636 0.678572178 0.021889120 0.733827174
90.420320 6.600901127 0.122467533 -16.118425369 0.023736551 0.678848684 0.021903245 0.733567536
90.524330 6.773264408 0.118300736 -16.105373383 0.023548057 0.679132938 0.021724533 0.733315766
90.628220 6.944773674 0.114334270 -16.091266632 0.022354221 0.679412663 0.021603907 0.733097553
90.732220 7.112916946 0.109870844 -16.077812195 0.021888610 0.679755747 0.021417134 0.732798934
90.836200 7.278965473 0.105649918 -16.065307617 0.021626661 0.680020630 0.021467540 0.732559443
90.940100 7.442018509 0.102217689 -16.052688599 0.020619066 0.680242300 0.021383047 0.732385159
91.044070 7.599950790 0.098122828 -16.040143967 0.019620717 0.680320382 0.021353908 0.732340932
91.148110 7.755165577 0.093879387 -16.028921127 0.019868018 0.679877043 0.021929249 0.732728839
91.251940 7.905527115 0.091043524 -16.016513824 0.020280775 0.679077387 0.021334087 0.733476281
91.355930 8.052139282 0.090585709 -16.006513596 0.020831883 0.677767098 0.020776169 0.734687805
91.459820 8.195064545 0.087383352 -15.993709564 0.019977884 0.676317334 0.019807840 0.736072958
91.563820 8.336011887 0.084723026 -15.981674194 0.019505033 0.674514771 0.018645328 0.737768054
91.667690 8.471704483 0.079203486 -15.968224525 0.020050624 0.672670543 0.018266687 0.739444792
91.771700 8.603287697 0.074951783 -15.955668449 0.020931767 0.669936657 0.018161718 0.741900861
91.875570 8.730567932 0.070244618 -15.937519073 0.022317836 0.666807473 0.018194018 0.744673550
91.979540 8.854168892 0.067022614 -15.922096252 0.023697307 0.662654519 0.017970433 0.748334467
92.083700 8.973620415 0.062484577 -15.904238701 0.023679700 0.658134997 0.017499918 0.752323985
92.187280 9.088691711 0.058132902 -15.884978294 0.023948608 0.653325617 0.017281106 0.756500781
92.291780 9.201026917 0.054492757 -15.865036964 0.023924995 0.648122191 0.017628748 0.760956287
92.394820 9.307906151 0.049990065 -15.844388008 0.023528099 0.642150700 0.018516960 0.765993476
92.498710 9.409684181 0.047017045 -15.823212624 0.023268785 0.635618091 0.017858235 0.771446228
92.607140 9.507867813 0.043378219 -15.797981262 0.022773148 0.628432512 0.015983822 0.777366340
92.706330 9.604497910 0.038879022 -15.770977974 0.022107905 0.620573521 0.014580620 0.783700943
92.812670 9.698297501 0.036223702 -15.744582176 0.022327816 0.612058282 0.014437052 0.790365517
92.913890 9.788908005 0.031983972 -15.715518951 0.021597782 0.603042483 0.014192931 0.797290325
93.017610 9.878124237 0.028182060 -15.685094833 0.021125905 0.593244553 0.013400001 0.804633498
93.121320 9.963298798 0.023711689 -15.652055740 0.021046665 0.582323968 0.012627888 0.812586188
93.225060 10.047049522 0.020289205 -15.616977692 0.021665540 0.569842279 0.011155575 0.821392715
93.328690 10.126126289 0.016898833 -15.579685211 0.023344485 0.555511415 0.010274829 0.831117630
93.432440 10.204328537 0.015111685 -15.539944649 0.024927534 0.539228320 0.009539959 0.841736555
93.536240 10.278976440 0.009498544 -15.496928215 0.025528273 0.520858228 0.011138747 0.853188694
93.639690 10.352036476 0.005310360 -15.454367638 0.025168158 0.499080896 0.012429707 0.866100669
93.743290 10.420435905 0.002306585 -15.405122757 0.024117900 0.476228505 0.011241170 0.878918886
93.847210 10.482538223 -0.005155379 -15.351243973 0.022433380 0.453586519 0.008463047 0.890889645
93.950650 10.541982651 -0.010678846 -15.295145035 0.022650287 0.430214465 0.006558814 0.902418673
94.054400 10.601013184 -0.013828002 -15.237990379 0.024592785 0.405739218 0.006640805 0.913633823
94.158110 10.658508301 -0.020814642 -15.176130295 0.025345925 0.381472170 0.007600246 0.924001515
94.261830 10.710359573 -0.025977716 -15.110202789 0.023334159 0.357483059 0.005430650 0.933612287
94.365720 10.758000374 -0.031172857 -15.040926933 0.020435626 0.333266050 0.001158887 0.942610681
94.469450 10.802354813 -0.033270195 -14.969027519 0.018194541 0.308660805 -0.001942905 0.950996161
94.573250 10.844614983 -0.037383944 -14.895662308 0.015005227 0.283585846 -0.001184058 0.958828747
94.677090 10.881895065 -0.039074913 -14.819109917 0.012277370 0.259258538 -0.000128895 0.965729892
94.780820 10.913909912 -0.043079704 -14.741598129 0.008572279 0.234660357 -0.001329254 0.972038746
94.884790 10.940031052 -0.046271928 -14.659318924 0.004075727 0.210396022 -0.006767875 0.977584302
94.988570 10.963741302 -0.049464338 -14.577072144 0.002567148 0.186036810 -0.008252803 0.982504785
95.092440 10.985755920 -0.050749473 -14.494360924 0.003557567 0.161713928 -0.009087910 0.986789405
95.196460 11.005779266 -0.053238891 -14.410161972 0.004265411 0.139503375 -0.008762558 0.990173638
95.300440 11.021544456 -0.055549420 -14.323093414 0.004381668 0.119660556 -0.009017632 0.992764235
95.404570 11.034531593 -0.056729600 -14.231880188 0.004199721 0.101115376 -0.012132865 0.994791865
95.508570 11.043066978 -0.058719754 -14.141960144 0.004224547 0.084238864 -0.015083407 0.996322453
95.612820 11.053529739 -0.060662076 -14.046431541 0.004239435 0.069956265 -0.015782496 0.997416198
95.717080 11.061920166 -0.063254453 -13.949982643 0.003497613 0.058846630 -0.016389765 0.998126328
95.821210 11.068114281 -0.065597758 -13.852433205 0.002992448 0.048539463 -0.016570291 0.998679340
95.925440 11.074267387 -0.067646824 -13.751997948 0.003335706 0.039325386 -0.015472415 0.999101102
96.029700 11.079526901 -0.070482232 -13.649891853 0.003956101 0.031824064 -0.015213770 0.999369860
96.133950 11.082878113 -0.072557732 -13.544625282 0.004398154 0.024770781 -0.015423101 0.999564469
96.238190 11.083797455 -0.074776128 -13.433597565 0.004652990 0.017615309 -0.016052373 0.999705136
96.342320 11.084624290 -0.077251479 -13.322323799 0.004679918 0.010902023 -0.015804270 0.999804735
96.446460 11.082473755 -0.079057753 -13.203738213 0.004822351 0.004092616 -0.015431984 0.999860942
96.550570 11.080208778 -0.081635445 -13.083896637 0.004470191 -0.003022650 -0.014298196 0.999883235
96.654710 11.075905800 -0.083452240 -12.960554123 0.004877881 -0.009364861 -0.014334514 0.999841511
96.758950 11.068622589 -0.085903212 -12.833584785 0.005475009 -0.014168368 -0.014887224 0.999773800
96.863080 11.061620712 -0.089622423 -12.700717926 0.005990659 -0.018414564 -0.015593939 0.999690890
96.967200 11.053171158 -0.092112616 -12.566309929 0.006521087 -0.021363849 -0.015500010 0.999630332
97.071450 11.046593666 -0.095046565 -12.427055359 0.006822173 -0.023456262 -0.015578199 0.999580204
97.175570 11.039080620 -0.097560227 -12.283701897 0.006973539 -0.025081908 -0.015141321 0.999546409
97.279720 11.028137207 -0.102877259 -12.139085770 0.006131106 -0.026207227 -0.015122456 0.999523342
97.383810 11.019912720 -0.104433998 -11.991127014 0.005529686 -0.027655857 -0.014285514 0.999500096
97.487940 11.009616852 -0.108271293 -11.841165543 0.004194426 -0.029106610 -0.013772557 0.999472618
97.592070 11.000170708 -0.110900186 -11.691576958 0.003035646 -0.030716348 -0.013260034 0.999435544
97.696240 10.990247726 -0.114551961 -11.542101860 0.001866824 -0.032358523 -0.012989550 0.999390125
97.800340 10.980037689 -0.117899001 -11.391461372 0.000850080 -0.034113485 -0.012162576 0.999343634
97.904320 10.969516754 -0.120326243 -11.241113663 0.000525608 -0.035812560 -0.010892346 0.999299049
98.008320 10.956678391 -0.123325661 -11.090431213 0.000422379 -0.037434701 -0.010100754 0.999247909
98.112320 10.943627357 -0.125536129 -10.940462112 0.000531169 -0.039141025 -0.009800942 0.999185503
98.216470 10.930977821 -0.129029900 -10.790991783 0.000583669 -0.040841732 -0.009831414 0.999117076
98.320320 10.916822433 -0.131609395 -10.639476776 0.000573143 -0.042288516 -0.009762228 0.999057591
98.424320 10.902474403 -0.134812281 -10.490096092 0.000397922 -0.043057222 -0.010226318 0.999020219
98.528320 10.888181686 -0.137075976 -10.339620590 0.000623824 -0.043624222 -0.010356736 0.998994112
98.632320 10.874471664 -0.140143216 -10.189148903 0.000560760 -0.043984700 -0.010786898 0.998973787
98.736320 10.859121323 -0.143377692 -10.038725853 0.000433215 -0.043926075 -0.011024452 0.998973846
98.840320 10.846988678 -0.145989373 -9.887438774 0.000121389 -0.044353504 -0.010557946 0.998960078
98.944340 10.831858635 -0.148252890 -9.735792160 -0.000291962 -0.044304788 -0.010663426 0.998961091
99.048200 10.816874504 -0.151456907 -9.584161758 -0.000978887 -0.044344496 -0.010609327 0.998959482
99.152220 10.802625656 -0.152990371 -9.433548927 -0.001180238 -0.044448033 -0.010517237 0.998955607
99.256070 10.787683487 -0.155820876 -9.283942223 -0.001287926 -0.044333447 -0.010471293 0.998961091
99.360070 10.774494171 -0.157726288 -9.135188103 -0.000987677 -0.044324204 -0.010965846 0.998956501
99.464100 10.760961533 -0.161884919 -8.985424995 -0.000886233 -0.043987796 -0.010906769 0.998972118
99.567940 10.746227264 -0.163075626 -8.836087227 -0.000410776 -0.043367751 -0.010506074 0.999003828
99.671950 10.731287003 -0.165776938 -8.689121246 -0.000428100 -0.042414989 -0.010816988 0.999041438
99.775950 10.720066071 -0.169638604 -8.541962624 -0.000299138 -0.042054918 -0.010877701 0.999056041
99.879940 10.708113670 -0.172097266 -8.397839546 -0.000934913 -0.041519057 -0.009776112 0.999089479
99.983820 10.695779800 -0.174592033 -8.255154610 -0.001692345 -0.040863305 -0.008918252 0.999123514
100.087800 10.682623863 -0.176600039 -8.114797592 -0.002937123 -0.040114824 -0.010563868 0.999134898
100.191800 10.670388222 -0.179105327 -7.976445198 -0.002893143 -0.039490879 -0.010448107 0.999161124
100.295700 10.660532951 -0.181389332 -7.842473507 -0.001540970 -0.039441153 -0.009265241 0.999177754
100.399700 10.650255203 -0.183265835 -7.707935333 -0.000141296 -0.039315481 -0.009109428 0.999185324
100.503700 10.639347076 -0.185643792 -7.576949120 0.001534043 -0.038874410 -0.010586603 0.999186873
100.607700 10.626768112 -0.188496247 -7.444841385 0.002344922 -0.038688000 -0.012164466 0.999174535
100.711600 10.616201401 -0.192639962 -7.316105366 0.002388442 -0.038533103 -0.012233643 0.999179602
100.815600 10.604632378 -0.194919497 -7.186533451 0.002813344 -0.038157884 -0.012539987 0.999189079
100.919600 10.595339775 -0.197836414 -7.059093952 0.003262770 -0.038116075 -0.012738314 0.999186814
101.023600 10.585174561 -0.202172458 -6.933503628 0.003720343 -0.037990484 -0.013485161 0.999180138
101.127400 10.572586060 -0.202688009 -6.807636738 0.004520752 -0.037875518 -0.014481201 0.999167323
101.231500 10.561065674 -0.205424458 -6.682091236 0.004572032 -0.037911847 -0.015104585 0.999156475
101.335400 10.552068710 -0.209720567 -6.557170868 0.003924134 -0.038350374 -0.014533958 0.999150932
101.439300 10.541180611 -0.213192061 -6.433119774 0.003667650 -0.038527586 -0.014479355 0.999145925
101.543300 10.530591011 -0.216384768 -6.309262276 0.003633783 -0.038898807 -0.014216753 0.999135375
101.647200 10.518372536 -0.218775243 -6.187426090 0.004138221 -0.039336141 -0.014216663 0.999116302
101.751200 10.509353638 -0.222162962 -6.066296577 0.004529268 -0.040243581 -0.013559567 0.999087632
101.855100 10.499646187 -0.225281090 -5.944989204 0.005057273 -0.041258339 -0.013898678 0.999039054
101.959100 10.487286568 -0.228079200 -5.823247910 0.005088672 -0.041937012 -0.013659452 0.999013901
102.062900 10.475372314 -0.229966685 -5.702665806 0.005407115 -0.042798441 -0.013695244 0.998975217
102.166900 10.465218544 -0.235000759 -5.584287167 0.005110858 -0.043882664 -0.012969467 0.998939395
102.270800 10.453103065 -0.238359302 -5.464592934 0.004849444 -0.044678926 -0.011975666 0.998917818
102.374800 10.443707466 -0.242599279 -5.347665787 0.004296258 -0.045848992 -0.011715990 0.998870432
102.478700 10.431814194 -0.245550275 -5.228678703 0.003881540 -0.046746667 -0.011940741 0.998827875
102.582700 10.418366432 -0.247829705 -5.113278389 0.003572337 -0.047245558 -0.012392110 0.998800039
102.686600 10.407052994 -0.252041936 -4.996127605 0.002692501 -0.048283312 -0.012512348 0.998751700
102.790600 10.395936012 -0.255351841 -4.882000923 0.002242837 -0.048989698 -0.012568641 0.998717666
102.894400 10.384012222 -0.257223874 -4.769197941 0.002279567 -0.049312219 -0.012451700 0.998703182
102.998500 10.372700691 -0.260533333 -4.659184456 0.002142072 -0.049448851 -0.012600825 0.998694837
103.102400 10.360949516 -0.262859076 -4.551558495 0.002059567 -0.048988182 -0.013303102 0.998708606
103.206500 10.350306511 -0.265442699 -4.445554733 0.002246206 -0.048317306 -0.013631044 0.998736501
103.310300 10.340271950 -0.268015474 -4.342226028 0.002291743 -0.047688786 -0.013887015 0.998763084
103.414300 10.329828262 -0.271074951 -4.240075588 0.002192153 -0.046989549 -0.013416300 0.998802841
103.518300 10.319886208 -0.273316592 -4.140255928 0.002487178 -0.046240114 -0.013515715 0.998835802
103.622300 10.311042786 -0.275320470 -4.042341709 0.002954077 -0.045563191 -0.013466423 0.998866320
103.726300 10.301769257 -0.277462393 -3.947289944 0.003147563 -0.044954319 -0.013617880 0.998891294
103.830300 10.292872429 -0.280016661 -3.854779005 0.003101581 -0.044387348 -0.013602813 0.998916984
103.934300 10.284565926 -0.281759292 -3.764354229 0.003178148 -0.043853715 -0.013783557 0.998937845
104.038400 10.276908875 -0.283283710 -3.676456213 0.003102838 -0.043375298 -0.013703627 0.998960078
104.142300 10.268925667 -0.287332743 -3.591409683 0.002664052 -0.042796075 -0.013279898 0.998991966
104.251000 10.261934280 -0.289468884 -3.509969711 0.002215256 -0.042371664 -0.012927718 0.999015808
104.350600 10.255627632 -0.291359633 -3.432523012 0.001541347 -0.041970760 -0.013528970 0.999026060
104.455200 10.248430252 -0.293323964 -3.359360933 0.001159410 -0.041489366 -0.014093970 0.999038875
104.558200 10.241545677 -0.295091599 -3.290104628 0.001287347 -0.041002363 -0.014420718 0.999054134
104.662200 10.236347198 -0.296743751 -3.225369453 0.001742104 -0.040523250 -0.013830945 0.999081373
104.766200 10.231787682 -0.299186975 -3.164039612 0.001763379 -0.040330548 -0.013345361 0.999095678
104.870200 10.226579666 -0.301095814 -3.106021643 0.001874439 -0.039858572 -0.013277062 0.999115348
104.974200 10.221759796 -0.301997840 -3.050272226 0.002272650 -0.039723564 -0.013449549 0.999117613
105.078600 10.217415810 -0.303548485 -2.996785402 0.002818373 -0.039500520 -0.013284053 0.999127269
105.181900 10.212816238 -0.305369139 -2.944082260 0.003710372 -0.039339356 -0.013164957 0.999132276
105.286000 10.208763123 -0.306548715 -2.892020702 0.004514177 -0.039110161 -0.012768987 0.999143124
105.390000 10.204202652 -0.307974935 -2.840146542 0.004787105 -0.038857006 -0.012748874 0.999151945
105.494000 10.200300217 -0.309493244 -2.788003922 0.004367480 -0.038868725 -0.012729444 0.999153674
105.597900 10.196002007 -0.310835242 -2.736531019 0.004090546 -0.038779143 -0.012522046 0.999161005
105.701800 10.191736221 -0.312505722 -2.685855627 0.003861625 -0.038676333 -0.012196452 0.999169886
105.805700 10.186531067 -0.313235521 -2.634515762 0.003901245 -0.038535889 -0.012120542 0.999176085
105.909700 10.183637619 -0.314843893 -2.585166931 0.003753257 -0.038796745 -0.012177283 0.999165893
106.013700 10.179102898 -0.316114157 -2.534885645 0.003693001 -0.038827345 -0.011854939 0.999168813
106.117600 10.174653053 -0.316888899 -2.485379219 0.003873973 -0.039357480 -0.011419319 0.999152422
106.221500 10.170907021 -0.318617851 -2.435906410 0.003710618 -0.040930185 -0.010793183 0.999096811
106.325500 10.165317535 -0.319955498 -2.387537241 0.003643298 -0.043175213 -0.010736141 0.999003172
106.429300 10.158743858 -0.321069896 -2.338629007 0.003697041 -0.046125643 -0.010958090 0.998868704
106.533200 10.153097153 -0.322432786 -2.291130543 0.003780777 -0.050053909 -0.011264506 0.998675823
106.637700 10.145531654 -0.323647141 -2.244503975 0.003676696 -0.053677462 -0.011834383 0.998481452
106.741000 10.138175011 -0.324026257 -2.195712090 0.003905301 -0.056499992 -0.013081850 0.998309255
106.845000 10.130798340 -0.325570881 -2.148190498 0.003952381 -0.058807399 -0.013623452 0.998168528
106.949400 10.122930527 -0.326046854 -2.101226807 0.004144544 -0.061132390 -0.013200345 0.998033762
107.052900 10.118480682 -0.328214824 -2.055231810 0.004005179 -0.063825436 -0.012651675 0.997872889
107.156800 10.112033844 -0.329482019 -2.008471012 0.004047913 -0.065944202 -0.013279989 0.997726738
107.260700 10.103201866 -0.330430895 -1.962356687 0.004247155 -0.066825688 -0.014681721 0.997647583
107.364700 10.097988129 -0.331645310 -1.917683244 0.004481579 -0.067214429 -0.015619540 0.997606218
107.468800 10.089623451 -0.332650900 -1.870434999 0.004656487 -0.066526815 -0.015654190 0.997650921
107.572800 10.083445549 -0.334338248 -1.824082971 0.004469495 -0.065757774 -0.015435541 0.997706175
107.676800 10.077644348 -0.335483521 -1.778885484 0.004322784 -0.064851537 -0.015151305 0.997770548
107.780900 10.071171761 -0.336237013 -1.733744025 0.004189673 -0.063749969 -0.015300293 0.997839808
107.885000 10.067445755 -0.336722851 -1.688226938 0.004255270 -0.062617943 -0.015022190 0.997915447
107.989000 10.063129425 -0.336673766 -1.643963218 0.004785978 -0.061560553 -0.014618206 0.997984827
108.093000 10.057480812 -0.338133425 -1.596497536 0.004786445 -0.060153503 -0.014634097 0.998070419
108.197100 10.053171158 -0.340494215 -1.554565191 0.004588217 -0.058636352 -0.014894107 0.998157799
108.301100 10.048778534 -0.340865850 -1.509257078 0.004712209 -0.056600694 -0.014560410 0.998279631
108.405100 10.043742180 -0.341613531 -1.463339686 0.004651236 -0.054486629 -0.014453070 0.998399079
108.509100 10.040993690 -0.342232615 -1.419071198 0.005246848 -0.052627321 -0.014487479 0.998495340
108.613000 10.036216736 -0.344287604 -1.371935606 0.006105978 -0.050506223 -0.014719989 0.998596609
108.717000 10.031700134 -0.345081329 -1.322258234 0.006882215 -0.048144024 -0.014044693 0.998717964
108.821000 10.028883934 -0.346122146 -1.270077229 0.007011164 -0.046030033 -0.013970288 0.998817801
108.925000 10.024056435 -0.347070307 -1.215562105 0.007013878 -0.043621443 -0.013667386 0.998930037
109.028800 10.020861626 -0.350640625 -1.160197496 0.006590828 -0.041182846 -0.013353379 0.999040663
109.132800 10.017586708 -0.350960165 -1.100794315 0.006252478 -0.038707692 -0.012396972 0.999154091
109.236800 10.013865471 -0.351525038 -1.040704370 0.005712719 -0.036066111 -0.011535457 0.999266505
109.340700 10.010362625 -0.353701800 -0.977484107 0.004927514 -0.033497725 -0.011066918 0.999365389
109.444700 10.007416725 -0.355581075 -0.915096402 0.004578717 -0.031145833 -0.010627827 0.999447882
109.548600 10.002986908 -0.356561899 -0.848318398 0.004310411 -0.028983895 -0.010773912 0.999512553
109.652600 10.001258850 -0.357649863 -0.781105340 0.003902248 -0.027118422 -0.010566375 0.999568760
109.756500 9.996390343 -0.359137446 -0.711185038 0.003330153 -0.024657151 -0.010232225 0.999638021
109.860500 9.995016098 -0.361016989 -0.641049206 0.003221877 -0.023095701 -0.009046179 0.999687135
109.964400 9.990565300 -0.362751693 -0.567135692 0.004052237 -0.021607280 -0.008234424 0.999724388
110.068200 9.987292290 -0.364693016 -0.492429316 0.005323394 -0.020702807 -0.007601727 0.999742568
110.172100 9.985331535 -0.366977870 -0.416665494 0.006288363 -0.020288799 -0.008260290 0.999740243
110.276000 9.984146118 -0.369158506 -0.338874191 0.006172818 -0.019228758 -0.010112806 0.999744892
110.380000 9.978921890 -0.370621592 -0.257094890 0.005614762 -0.016209098 -0.012540270 0.999774218
110.484000 9.975595474 -0.372378647 -0.176862791 0.005124138 -0.011807108 -0.011357504 0.999852657
110.587800 9.979325294 -0.374139577 -0.095458478 0.005263656 -0.008261574 -0.006834221 0.999928653
110.691700 9.982044220 -0.377589434 -0.016263068 0.006800274 -0.006655027 -0.002391560 0.999951839
110.795600 9.980635643 -0.381585270 0.062359795 0.008313796 -0.008592791 -0.001178882 0.999927819
110.899200 9.975255966 -0.384074837 0.138836026 0.009450121 -0.014503247 -0.003073448 0.999845445
111.002900 9.966605186 -0.385427922 0.214930028 0.011374644 -0.022758920 -0.005972116 0.999658406
111.106600 9.955989838 -0.387413621 0.289285272 0.012895544 -0.031472620 -0.009448650 0.999376714
111.210200 9.947590828 -0.390279353 0.363741428 0.013488989 -0.041274391 -0.009563293 0.999011040
111.314000 9.936137199 -0.392056584 0.435788095 0.013147313 -0.052743170 -0.007894469 0.998490334
111.417700 9.923142433 -0.395323575 0.510442495 0.010069701 -0.064789616 -0.008575059 0.997811317
111.521300 9.906224251 -0.397887975 0.581763506 0.006883395 -0.077616073 -0.011127429 0.996897459
111.625100 9.888799667 -0.400390267 0.650905967 0.004882850 -0.090930648 -0.013847064 0.995748997
111.728700 9.868747711 -0.401353657 0.720640302 0.003844321 -0.103967644 -0.015080279 0.994458914
111.832500 9.849646568 -0.403051734 0.787126184 0.002130669 -0.116179511 -0.015684199 0.993102074
111.936400 9.830848694 -0.405401289 0.853146553 0.000334221 -0.126502916 -0.015342935 0.991847515
112.040200 9.806290627 -0.407093078 0.921064973 -0.000983937 -0.133021101 -0.018071925 0.990947962
112.144200 9.785279274 -0.408239126 0.986751676 -0.002765428 -0.137001693 -0.021330703 0.990337253
112.248300 9.760791779 -0.407690465 1.056613922 -0.003503868 -0.137688205 -0.023478691 0.990191102
112.352500 9.742346764 -0.408291876 1.122886658 -0.003566197 -0.135219499 -0.024047863 0.990517378
112.456700 9.725764275 -0.407776952 1.190240622 -0.003484160 -0.131347969 -0.022575492 0.991073132
112.561000 9.711350441 -0.408493429 1.253652215 -0.005297320 -0.127041131 -0.019606246 0.991689503
112.665100 9.699224472 -0.408373058 1.309831977 -0.006259784 -0.122236729 -0.018586883 0.992307186
112.769200 9.688957214 -0.408315420 1.357644677 -0.006879099 -0.117039219 -0.019054452 0.992920637
112.873300 9.681166649 -0.409447312 1.397910118 -0.006742059 -0.112187773 -0.019578682 0.993471265
112.977500 9.675154686 -0.409991413 1.430763483 -0.006183134 -0.107210971 -0.019213365 0.994031429
113.081600 9.672577858 -0.411084175 1.456302166 -0.005886514 -0.103413843 -0.017745072 0.994462669
113.185700 9.670523643 -0.411308706 1.475420475 -0.005307878 -0.100854069 -0.017163880 0.994738996
113.289700 9.669581413 -0.411485463 1.486512542 -0.004879340 -0.099039100 -0.017158644 0.994923651
113.393700 9.668267250 -0.411341995 1.491559029 -0.004134314 -0.098122455 -0.017355016 0.995014429
113.497700 9.668185234 -0.410973489 1.490919828 -0.004002465 -0.098298699 -0.017382510 0.994997084
113.601700 9.668332100 -0.411692053 1.488625765 -0.003043893 -0.098440289 -0.017813981 0.994978845
113.705700 9.668044090 -0.413181961 1.487083673 -0.000361369 -0.098280750 -0.017841632 0.994998693
113.809700 9.668356895 -0.413043022 1.487744808 0.001388490 -0.098534629 -0.017928155 0.994971156
113.913600 9.668932915 -0.413424700 1.487042665 0.000597604 -0.098527119 -0.017588641 0.994978726
114.017600 9.669260025 -0.412900507 1.486640453 0.000216958 -0.098438993 -0.017647341 0.994986594
114.121600 9.668504715 -0.412981510 1.488003254 0.000017180 -0.098591328 -0.017581908 0.994972706
114.225600 9.668403625 -0.413011581 1.487750292 -0.000279671 -0.098405883 -0.017734697 0.994988263
114.329600 9.668621063 -0.412925869 1.487282634 -0.000232859 -0.098441683 -0.017784223 0.994983852
