1403637133.238319 0.000150942 -0.000465033 -0.000469634 0.001955572 0.001728673 -0.001580130 0.999995351
1403637133.288319 0.000243354 -0.000675774 -0.000618670 0.001266622 0.003271296 -0.003812318 0.999986589
1403637133.338319 0.003105154 -0.012005894 -0.007419295 -0.003708266 0.004263232 -0.005583786 0.999968469
1403637133.388319 0.004352277 -0.019731777 -0.009616112 -0.007743387 0.007677480 -0.006099729 0.999921918
1403637133.438319 0.000510249 -0.002516883 -0.001430587 -0.004593488 0.010996864 -0.004537479 0.999918699
1403637133.488319 0.003041439 -0.021685658 -0.010858564 -0.015169315 0.010701804 -0.005341802 0.999813378
1403637133.538319 0.001349921 -0.008715290 -0.004203939 -0.015798014 0.012673590 -0.002430419 0.999791920
1403637133.588319 0.002996888 -0.011119183 -0.004724069 -0.021217419 0.014270204 -0.000970775 0.999672532
1403637133.638319 0.005074556 -0.014495398 -0.005879501 -0.025235500 0.016480591 -0.000695351 0.999545395
1403637133.688319 0.007286521 -0.020112524 -0.007975430 -0.028653972 0.018758424 -0.002167133 0.999410987
1403637133.738319 0.001773848 -0.006164158 -0.003039087 -0.024214510 0.022247037 -0.001468754 0.999458134
1403637133.788319 0.002560897 -0.014609674 -0.006039164 -0.026242740 0.025263015 -0.001992541 0.999334335
1403637133.838319 0.003412552 -0.026022119 -0.008840677 -0.030292271 0.030229174 -0.002022920 0.999081790
1403637133.888319 0.003901192 -0.040790867 -0.011529855 -0.036474317 0.035372816 -0.000914008 0.998707950
1403637133.938319 0.002215970 -0.017435670 -0.006206846 -0.030933619 0.038902421 0.001993542 0.998762071
1403637133.988319 0.001654451 -0.031650413 -0.008783846 -0.035113350 0.042927764 0.001603402 0.998459637
1403637134.038319 0.000456781 -0.047549278 -0.012143075 -0.038133569 0.046782967 -0.000044115 0.998176932
1403637134.088319 0.001590919 -0.033844147 -0.010441116 -0.032022655 0.050336022 -0.002662312 0.998215258
1403637134.138319 0.000589243 -0.045413770 -0.013185635 -0.032999486 0.056155451 -0.006821251 0.997853220
1403637134.188319 0.000216377 -0.057092134 -0.015651345 -0.032573618 0.062078122 -0.011242324 0.997476220
1403637134.238319 -0.000710870 -0.069095425 -0.017958866 -0.028746892 0.068277165 -0.015402002 0.997133136
1403637134.288319 0.000559682 -0.051444445 -0.014649518 -0.014316556 0.069486752 -0.015935672 0.997352779
1403637134.338319 0.000049979 -0.058700532 -0.016201444 -0.006746697 0.070366532 -0.016945414 0.997354388
1403637134.388319 -0.001603639 -0.065483660 -0.019291386 0.000919211 0.071677096 -0.017146282 0.997280002
1403637134.438319 -0.001588141 -0.069488421 -0.019028425 0.007281933 0.073841453 -0.014957406 0.997131169
1403637134.488319 -0.001807777 -0.071251348 -0.019047847 0.011155097 0.074067257 -0.010177492 0.997138858
1403637134.538319 -0.002287781 -0.071440466 -0.020022757 0.011190132 0.075105205 -0.006453088 0.997091889
1403637134.588319 -0.001179477 -0.067655377 -0.017866109 0.008636071 0.076381370 -0.005883866 0.997023880
1403637134.638319 -0.000534658 -0.062141445 -0.017017141 0.003384620 0.077549450 -0.007121435 0.996957302
1403637134.688319 0.001331578 -0.054061245 -0.014210064 -0.003013280 0.077746168 -0.008994737 0.996927977
1403637134.738319 0.003023739 -0.044004206 -0.010773947 -0.011351676 0.075516522 -0.009428184 0.997035325
1403637134.788319 0.004085178 -0.034275427 -0.008447019 -0.022607611 0.072691560 -0.009426530 0.997053623
1403637134.838319 0.005868103 -0.022720104 -0.004996929 -0.034169108 0.069783412 -0.006878118 0.996953011
1403637134.888319 0.006822400 -0.011997976 -0.002121351 -0.045991298 0.066716723 -0.003864865 0.996703863
1403637134.938319 0.006471958 -0.019744201 -0.003948819 -0.060235295 0.066014171 -0.000029943 0.995998859
1403637134.988319 0.004967416 -0.020048315 -0.005102957 -0.067810163 0.063811034 0.004991849 0.995643020
1403637135.038319 0.005310089 -0.013483748 -0.004034169 -0.070419222 0.062497109 0.007522380 0.995529354
1403637135.088319 0.005582072 -0.008182689 -0.003118800 -0.071845420 0.061611246 0.009349215 0.995467186
1403637135.138319 0.005938205 -0.004004509 -0.002497593 -0.074277528 0.060996611 0.008454069 0.995334506
1403637135.188319 0.006136451 -0.001624118 -0.002501931 -0.078894839 0.061173156 0.006590312 0.994982421
1403637135.238319 0.006097558 -0.009353162 -0.004357391 -0.088686831 0.061345860 0.004904999 0.994156539
1403637135.288319 0.006141079 -0.011615627 -0.005157926 -0.095528767 0.062265188 0.004242509 0.993468344
1403637135.338319 0.005710628 -0.014440132 -0.005820652 -0.097411007 0.064080238 0.003539525 0.993172824
1403637135.388319 0.005601472 -0.021043733 -0.007071013 -0.093855038 0.066023782 0.001976703 0.993392229
1403637135.438319 0.005436334 -0.029565096 -0.008796997 -0.085584193 0.068225577 -0.001304104 0.993991375
1403637135.488319 0.004651754 -0.028908834 -0.008648830 -0.072209924 0.071619362 -0.006324572 0.994794667
1403637135.538319 0.004362000 -0.038635641 -0.010404088 -0.060852394 0.073751532 -0.010048232 0.995367646
1403637135.588319 0.004007719 -0.048369247 -0.012372050 -0.050510954 0.077638872 -0.013990266 0.995602906
1403637135.638319 0.005890620 -0.049747527 -0.011743790 -0.038006138 0.081169337 -0.015288302 0.995858073
1403637135.688319 0.003634281 -0.053602263 -0.013276821 -0.026734108 0.084482200 -0.015756218 0.995941639
1403637135.738319 0.003093962 -0.061394103 -0.014860750 -0.017617075 0.084939800 -0.013167496 0.996143281
1403637135.788319 0.002373355 -0.068097547 -0.016462957 -0.009937310 0.084400237 -0.009174748 0.996340156
1403637135.838319 0.002073962 -0.072341442 -0.016966820 -0.004580400 0.084337927 -0.007006736 0.996402025
1403637135.888319 0.002478188 -0.070847318 -0.016826848 -0.000793622 0.083997861 -0.004193922 0.996456742
1403637135.938319 0.002783074 -0.071075536 -0.016434422 -0.000594167 0.084648378 -0.002797899 0.996406734
1403637135.988319 0.003029929 -0.069593951 -0.015813824 -0.002838061 0.083883926 -0.002071362 0.996469319
1403637136.038319 0.003155889 -0.066010296 -0.014584645 -0.006599093 0.083020225 -0.002988884 0.996521533
1403637136.088319 0.003137087 -0.060710154 -0.013090738 -0.011563733 0.083382457 -0.005048610 0.996437728
1403637136.138319 0.003188991 -0.056888781 -0.011821950 -0.017808111 0.083729051 -0.004686599 0.996318400
1403637136.188319 0.003795813 -0.049089704 -0.009258106 -0.025559312 0.084869325 -0.007644489 0.996034861
1403637136.238319 0.004201272 -0.041088507 -0.006692542 -0.035040606 0.084907770 -0.006557602 0.995750904
1403637136.288319 0.004664036 -0.032486912 -0.004379697 -0.046857353 0.084459640 -0.006505845 0.995303273
1403637136.338319 0.005034358 -0.024763552 -0.002358934 -0.059665691 0.084769048 -0.005186969 0.994599044
1403637136.388319 0.004588196 -0.025928842 -0.002982088 -0.074183442 0.083198458 -0.002185975 0.993765593
1403637136.438319 0.005654905 -0.023189442 -0.002714294 -0.086803511 0.080716811 0.000554534 0.992949963
1403637136.488319 0.005760967 -0.017887352 -0.002133420 -0.096418731 0.077510417 0.005549487 0.992302775
1403637136.538319 0.005661445 -0.016669467 -0.002361986 -0.103781350 0.075143591 0.009959416 0.991707444
1403637136.588319 0.005736891 -0.014588217 -0.002415444 -0.108124770 0.074003533 0.011548325 0.991311848
1403637136.638319 0.005459182 -0.013833635 -0.002988899 -0.111023501 0.073690608 0.011081263 0.991019964
1403637136.688319 0.005380019 -0.015795533 -0.003768957 -0.112740815 0.074023396 0.008442244 0.990827322
1403637136.738319 0.005128508 -0.019950930 -0.004925106 -0.112331137 0.073738061 0.008802365 0.990891993
1403637136.788319 0.004850269 -0.026103582 -0.006548983 -0.109674789 0.073391274 0.008270822 0.991219819
1403637136.838319 0.004530863 -0.033802219 -0.008482694 -0.102818981 0.072938949 0.006514121 0.992000878
1403637136.888319 0.003859399 -0.037226424 -0.009090059 -0.091542184 0.074694641 0.003706704 0.992988944
1403637136.938319 0.004217312 -0.038980704 -0.009370742 -0.077976376 0.077463403 0.002387203 0.993938327
1403637136.988319 0.004059993 -0.048145577 -0.011603688 -0.065955393 0.083460763 0.000415301 0.994325876
1403637137.038319 0.004001520 -0.056708995 -0.013338893 -0.053796053 0.088868387 0.000861979 0.994589210
1403637137.088319 0.003736676 -0.064622663 -0.015107846 -0.041473836 0.093501069 0.002368155 0.994752169
1403637137.138319 0.003015402 -0.071612813 -0.016891371 -0.029716782 0.094541006 0.006763563 0.995054305
1403637137.188319 0.003126671 -0.074162535 -0.017317940 -0.018970851 0.093146853 0.011401284 0.995406330
1403637137.238319 0.003224523 -0.076920815 -0.018066527 -0.011743555 0.091237046 0.011799364 0.995690048
1403637137.288319 0.003278307 -0.077562712 -0.018288961 -0.007004626 0.091079473 0.011005715 0.995758176
1403637137.338319 0.003436515 -0.076390408 -0.017249202 -0.003530173 0.091361694 0.009609046 0.995765150
1403637137.388319 0.003794160 -0.073047534 -0.016405929 -0.001599911 0.090538770 0.008132793 0.995858431
1403637137.438319 0.004049689 -0.068150327 -0.014756535 -0.001697176 0.088608012 0.008212347 0.996031284
1403637137.488319 0.004526697 -0.061737623 -0.012724133 -0.005939484 0.088481031 0.005473489 0.996045113
1403637137.538319 0.004491291 -0.056281798 -0.011254475 -0.014219947 0.088220790 0.001895880 0.995997608
1403637137.588319 0.005115278 -0.048085522 -0.009038224 -0.025294457 0.089760281 -0.002438426 0.995639205
1403637137.638319 0.005468287 -0.039839137 -0.006665460 -0.039765403 0.092398696 -0.006180643 0.994908512
1403637137.688319 0.005838357 -0.031732097 -0.004461151 -0.054188054 0.094045267 -0.006365392 0.994071722
1403637137.738319 0.005502717 -0.030800477 -0.004470663 -0.068677455 0.092690423 -0.003652111 0.993316889
1403637137.788319 0.005348363 -0.023323596 -0.003082003 -0.078571416 0.089830659 -0.001021980 0.992852390
1403637137.838319 0.006129685 -0.020584922 -0.002778906 -0.087200195 0.086259238 0.001258638 0.992448449
1403637137.888319 0.006155498 -0.015381585 -0.002549800 -0.094735444 0.082201168 0.002464910 0.992099822
1403637137.938319 0.006125349 -0.014236911 -0.003049259 -0.103133008 0.080720402 0.001953282 0.991384864
1403637137.988319 0.006034955 -0.012154528 -0.003618240 -0.111898072 0.079768300 0.001181453 0.990512192
1403637138.038319 0.006232946 -0.013070459 -0.004164187 -0.119755439 0.079421960 0.001367653 0.989620566
1403637138.088319 0.006319188 -0.016444849 -0.005079856 -0.123324737 0.078237049 0.003155943 0.989272416
1403637138.138319 0.005662058 -0.019539369 -0.005974947 -0.120634630 0.075264022 0.004194402 0.989830792
1403637138.188319 0.005870695 -0.026834076 -0.007399048 -0.114360012 0.073450066 -0.001817541 0.990718722
1403637138.238319 0.006175413 -0.035474475 -0.009075644 -0.103437662 0.076842770 -0.012218395 0.991587877
1403637138.288319 0.006193490 -0.039050911 -0.009847354 -0.086972609 0.080572538 -0.017876074 0.992786109
1403637138.338319 0.005991044 -0.048170481 -0.011515800 -0.069941230 0.084442951 -0.021038283 0.993747950
1403637138.388319 0.005631313 -0.056742612 -0.013169312 -0.051665042 0.089008123 -0.019961428 0.994489729
1403637138.438319 0.005923782 -0.060408778 -0.013887648 -0.033850092 0.094531573 -0.022053972 0.994701743
1403637138.488319 0.005352514 -0.067177325 -0.015630286 -0.020368848 0.099642791 -0.021813018 0.994575620
1403637138.538319 0.004529404 -0.068218373 -0.016220072 -0.008790425 0.102984272 -0.020630002 0.994430184
1403637138.588319 0.004753782 -0.070694566 -0.016441951 -0.001053058 0.104635343 -0.020213427 0.994304657
1403637138.638319 0.004777967 -0.071469747 -0.016139435 0.003338764 0.104179978 -0.019054273 0.994370341
1403637138.688319 0.004983785 -0.070406042 -0.015690036 0.004025382 0.103089802 -0.017899813 0.994502842
1403637138.738319 0.004886066 -0.067774385 -0.015142979 0.002083373 0.101494506 -0.015160578 0.994718373
1403637138.788319 0.005322458 -0.063298330 -0.013259576 -0.002452019 0.100917205 -0.012329209 0.994815409
1403637138.838319 0.006017842 -0.057377983 -0.010883822 -0.009135194 0.101845026 -0.010199955 0.994706035
1403637138.888319 0.006460747 -0.050623182 -0.008769046 -0.017677875 0.102126636 -0.009280125 0.994571030
1403637138.938319 0.007303307 -0.042824022 -0.006052421 -0.025681756 0.100204952 -0.008913676 0.994595349
1403637138.988319 0.007672541 -0.035277411 -0.003569032 -0.032025494 0.094521590 -0.003767886 0.995000422
1403637139.038319 0.008016661 -0.030999349 -0.001982615 -0.037976190 0.087890491 0.001629686 0.995404661
1403637139.088319 0.008057499 -0.023892540 0.000136934 -0.042349309 0.082276806 0.006962630 0.995684981
1403637139.138319 0.007612273 -0.022867661 0.000672304 -0.047704186 0.078184269 0.009866028 0.995748043
1403637139.188319 0.007402295 -0.016834382 0.002377669 -0.051507410 0.073973507 0.012719413 0.995847940
1403637139.238319 0.007298920 -0.011657828 0.003761194 -0.054384407 0.071204334 0.012697644 0.995897114
1403637139.288319 0.007879082 -0.010560630 0.004473121 -0.056036018 0.068421602 0.012461847 0.996003568
1403637139.338319 0.007893047 -0.009807043 0.005017855 -0.057256203 0.066631727 0.010777302 0.996075213
1403637139.388319 0.007660191 -0.007651616 0.005566171 -0.058037769 0.064711511 0.008050702 0.996182323
1403637139.438319 0.007667192 -0.006230664 0.006140213 -0.057878878 0.060218353 0.005882255 0.996488392
1403637139.488319 0.007564987 -0.005279406 0.006549530 -0.056019269 0.055490844 0.004733725 0.996875167
1403637139.538319 0.007410759 -0.004600059 0.006909116 -0.053605352 0.051482476 0.004834848 0.997222483
1403637139.588319 0.007226294 -0.003988847 0.007274905 -0.050364509 0.049761917 0.004499754 0.997480273
1403637139.638319 0.007075054 -0.003384322 0.007628584 -0.047136478 0.048527397 0.002153686 0.997706652
1403637139.688319 0.007001805 -0.002767964 0.007956738 -0.044491250 0.046668511 0.000741463 0.997918844
1403637139.738319 0.006992627 -0.002051375 0.008237043 -0.043008573 0.045208234 0.000044225 0.998051345
1403637139.788319 0.007086037 -0.001374764 0.008486401 -0.042381983 0.045002233 -0.000455875 0.998087347
1403637139.838319 0.007238448 -0.001002192 0.008544497 -0.039262377 0.044480201 0.000937441 0.998238027
1403637139.888319 0.007472675 -0.000907601 0.008456076 -0.031833675 0.045101922 0.001570569 0.998473823
1403637139.938319 0.007527701 -0.001989919 0.007355736 -0.026835777 0.047051877 0.003730561 0.998524904
1403637139.988319 0.007662477 -0.001877368 0.007245781 -0.022991801 0.049275868 0.007155794 0.998494864
1403637140.038319 0.007767677 -0.001860607 0.007026264 -0.018021973 0.051451422 0.011405634 0.998447716
1403637140.088319 0.007941511 -0.001867134 0.006791892 -0.012216863 0.054844067 0.010889880 0.998360753
1403637140.138319 0.008086240 -0.001921446 0.006527406 -0.005892265 0.057842176 0.011076230 0.998246908
1403637140.188319 0.008212073 -0.001962371 0.006345314 -0.002911754 0.059576701 0.012341128 0.998143196
1403637140.238319 0.008478482 -0.001795408 0.006357000 -0.004371190 0.062315188 0.012015495 0.997974634
1403637140.288319 0.008611694 -0.001742695 0.006293410 -0.004207951 0.062892638 0.013268312 0.997923195
1403637140.338319 0.008722570 -0.001659220 0.006289725 -0.003606618 0.062727623 0.015624050 0.997901857
1403637140.388319 0.008675822 -0.001707150 0.006254679 -0.003403614 0.062325310 0.017279867 0.997900486
1403637140.438319 0.008685481 -0.001684963 0.006271008 -0.003544361 0.062537119 0.016375471 0.997901976
1403637140.488319 0.008658540 -0.001701781 0.006263662 -0.003341238 0.062159333 0.017610423 0.997905254
1403637140.538319 0.008649113 -0.001703430 0.006265119 -0.003339505 0.062188938 0.017567633 0.997904181
1403637140.588319 0.008580294 -0.001737011 0.006236222 -0.003327377 0.061899874 0.018868852 0.997898459
1403637140.638319 0.008594713 -0.001722788 0.006263749 -0.003253974 0.061874475 0.018723551 0.997902989
1403637140.688319 0.008565954 -0.001732391 0.006267635 -0.003295134 0.061775710 0.018792540 0.997907698
1403637140.738319 0.008574481 -0.001733040 0.006246655 -0.003251410 0.061812129 0.018750153 0.997906387
1403637140.788319 0.008578484 -0.001732176 0.006241783 -0.003249894 0.061746523 0.018810675 0.997909307
1403637140.838319 0.008568249 -0.001744158 0.006239775 -0.003288450 0.061739303 0.018906131 0.997907817
1403637140.888319 0.008573679 -0.001737126 0.006257209 -0.003314401 0.061771214 0.018959092 0.997904778
1403637140.938319 0.008582654 -0.001738131 0.006264843 -0.003247854 0.061756048 0.018874340 0.997907519
1403637140.988319 0.008565317 -0.001735526 0.006248546 -0.003297399 0.061807260 0.018845139 0.997904718
1403637141.038319 0.008572363 -0.001731875 0.006253276 -0.003290499 0.061813802 0.018855372 0.997904181
1403637141.088319 0.008562179 -0.001735429 0.006246858 -0.003288958 0.061810572 0.018861182 0.997904241
1403637141.138319 0.008569066 -0.001736481 0.006239763 -0.003276702 0.061865777 0.018749977 0.997902930
1403637141.188319 0.008572997 -0.001728818 0.006252048 -0.003274620 0.061771397 0.018903989 0.997905910
1403637141.238319 0.008571462 -0.001733672 0.006248146 -0.003259713 0.061820820 0.018841736 0.997904122
1403637141.288319 0.008583640 -0.001729142 0.006268830 -0.003231496 0.061747868 0.018862011 0.997908294
1403637141.338319 0.008570490 -0.001735261 0.006245364 -0.003268463 0.061784193 0.018834598 0.997906446
1403637141.388319 0.008584502 -0.001731627 0.006260173 -0.003280629 0.061785143 0.018884063 0.997905433
1403637141.438319 0.008595873 -0.001728118 0.006259875 -0.003261918 0.061735891 0.018897720 0.997908294
1403637141.488319 0.008569309 -0.001737000 0.006237595 -0.003297660 0.061785903 0.018888287 0.997905254
1403637141.538319 0.008584877 -0.001735284 0.006261918 -0.003270198 0.061782531 0.018878285 0.997905731
1403637141.588319 0.008561532 -0.001732857 0.006226526 -0.003302339 0.061770737 0.018886060 0.997906208
1403637141.638319 0.008577239 -0.001733797 0.006225099 -0.003252521 0.061797947 0.018873364 0.997904956
1403637141.688319 0.008576536 -0.001740140 0.006272400 -0.003258907 0.061755002 0.018962050 0.997905910
1403637141.738319 0.008583124 -0.001727319 0.006259436 -0.003192459 0.061808199 0.018937653 0.997903287
1403637141.788319 0.008566041 -0.001735148 0.006247703 -0.003294812 0.061783653 0.018944830 0.997904301
1403637141.838319 0.008570682 -0.001739291 0.006246533 -0.003272573 0.061807670 0.018950000 0.997902811
1403637141.888319 0.008569272 -0.001732988 0.006248101 -0.003270930 0.061827619 0.018898305 0.997902513
1403637141.938319 0.008567834 -0.001731002 0.006249708 -0.003298336 0.061783846 0.018980157 0.997903585
1403637141.988319 0.008582451 -0.001732033 0.006263926 -0.003243814 0.061798647 0.018889941 0.997904599
1403637142.038319 0.008573266 -0.001733437 0.006250144 -0.003213389 0.061788991 0.018978592 0.997903645
1403637142.088319 0.008579988 -0.001741494 0.006248045 -0.003241792 0.061813124 0.018878330 0.997903943
1403637142.138319 0.008568873 -0.001738805 0.006272396 -0.003252457 0.061786577 0.018912094 0.997904897
1403637142.188319 0.008564163 -0.001735672 0.006266517 -0.003262870 0.061801013 0.018934740 0.997903526
1403637142.238319 0.008570262 -0.001722825 0.006258883 -0.003252924 0.061815307 0.018880095 0.997903705
1403637142.288319 0.008563187 -0.001736922 0.006256938 -0.003236507 0.061855804 0.018919988 0.997900546
1403637142.338319 0.008579096 -0.001732089 0.006253458 -0.003232517 0.061791517 0.018943861 0.997904062
1403637142.388319 0.008570932 -0.001731272 0.006268734 -0.003197943 0.061900169 0.018832229 0.997899532
1403637142.438319 0.008575847 -0.001731788 0.006250645 -0.003272623 0.061785582 0.018939303 0.997904360
1403637142.488319 0.008580142 -0.001729856 0.006246184 -0.003237201 0.061772361 0.018974360 0.997904658
1403637142.538319 0.008579063 -0.001729154 0.006275838 -0.003214000 0.061804056 0.018947063 0.997903287
1403637142.588319 0.008573117 -0.001731351 0.006253313 -0.003228371 0.061815731 0.018930776 0.997902811
1403637142.638319 0.008583563 -0.001736879 0.006263409 -0.003252171 0.061762881 0.019033590 0.997904062
1403637142.688319 0.008568148 -0.001733374 0.006234497 -0.003230539 0.061831471 0.018906677 0.997902274
1403637142.738319 0.008567229 -0.001728520 0.006241463 -0.003246302 0.061791182 0.018911429 0.997904599
1403637142.788319 0.008571020 -0.001729336 0.006247169 -0.003205184 0.061832167 0.018915329 0.997902155
1403637142.838319 0.008582692 -0.001738976 0.006243728 -0.003187471 0.061716277 0.018992012 0.997907937
1403637142.888319 0.008562787 -0.001736716 0.006197507 -0.003186257 0.061765078 0.018941619 0.997905850
1403637142.938319 0.008569901 -0.001731850 0.006225943 -0.003217820 0.061762091 0.018961484 0.997905552
1403637142.988319 0.008572947 -0.001725699 0.006228223 -0.003209734 0.061755016 0.018916925 0.997906864
1403637143.038319 0.008562845 -0.001731137 0.006226995 -0.003185748 0.061735943 0.018944342 0.997907639
1403637143.088319 0.008572054 -0.001727541 0.006245485 -0.003162899 0.061795481 0.018974375 0.997903466
1403637143.138319 0.008568633 -0.001734824 0.006237692 -0.003241417 0.061723050 0.018948464 0.997908175
1403637143.188319 0.008568916 -0.001733009 0.006235787 -0.003184717 0.061753497 0.019061495 0.997904301
1403637143.238319 0.008568126 -0.001735491 0.006223116 -0.003196636 0.061784852 0.018940583 0.997904658
1403637143.288319 0.008572214 -0.001732978 0.006252789 -0.003200104 0.061802775 0.018972162 0.997902930
1403637143.338319 0.008568279 -0.001732896 0.006228113 -0.003210325 0.061740614 0.018907297 0.997907996
1403637143.388319 0.008573277 -0.001725036 0.006237014 -0.003189299 0.061791752 0.018944852 0.997904181
1403637143.438319 0.008567599 -0.001734342 0.006230176 -0.003132929 0.061756846 0.019035125 0.997904778
1403637143.488319 0.008574354 -0.001722400 0.006247565 -0.003120990 0.061768875 0.019039324 0.997904003
1403637143.538319 0.008558826 -0.001724996 0.006221673 -0.003225669 0.061757244 0.019039523 0.997904420
1403637143.588319 0.008571900 -0.001735130 0.006215095 -0.003054239 0.061754111 0.019095667 0.997904062
1403637143.638319 0.008571851 -0.001731434 0.006229133 -0.003142394 0.061740335 0.019089747 0.997904718
1403637143.688319 0.008569486 -0.001726304 0.006203367 -0.003204321 0.061739977 0.019065870 0.997905016
1403637143.738319 0.008572532 -0.001732395 0.006231891 -0.003163777 0.061749924 0.019014547 0.997905493
1403637143.788319 0.008571477 -0.001727692 0.006236698 -0.003137245 0.061709031 0.019057103 0.997907281
1403637143.838319 0.008574769 -0.001732356 0.006214203 -0.003194520 0.061757542 0.019059066 0.997904062
1403637143.888319 0.008562012 -0.001732439 0.006222327 -0.003178268 0.061740603 0.018988065 0.997906506
1403637143.938319 0.008566256 -0.001726144 0.006225868 -0.003164719 0.061565235 0.018997626 0.997917235
1403637143.988319 0.008557846 -0.001719619 0.006223075 -0.003213915 0.061562557 0.018953279 0.997918069
1403637144.038319 0.008558907 -0.001722338 0.006231867 -0.003147678 0.061552364 0.019070581 0.997916698
1403637144.088319 0.008561162 -0.001725455 0.006242670 -0.003152546 0.061610889 0.019007530 0.997914255
1403637144.138319 0.008558624 -0.001732445 0.006221760 -0.003153365 0.061743453 0.019316411 0.997900128
1403637144.188319 0.008576037 -0.001733588 0.006234091 -0.003252457 0.061751571 0.019180059 0.997901917
1403637144.238319 0.008562149 -0.001731470 0.006225686 -0.003279039 0.061736863 0.019418389 0.997898161
1403637144.288319 0.008576278 -0.001717718 0.006237207 -0.003266898 0.061752405 0.019348782 0.997898579
1403637144.338319 0.008554908 -0.001735029 0.006231569 -0.003182441 0.061837703 0.019351209 0.997893512
1403637144.388319 0.008558080 -0.001732027 0.006235575 -0.003107742 0.061754197 0.019312814 0.997899652
1403637144.438319 0.008561002 -0.001741780 0.006229340 -0.003029170 0.061662711 0.019308735 0.997905672
1403637144.488319 0.008568033 -0.001737887 0.006231099 -0.003019997 0.061621211 0.019230474 0.997909725
1403637144.538319 0.008559727 -0.001730165 0.006236039 -0.002982355 0.061614498 0.019285383 0.997909188
1403637144.588319 0.008581976 -0.001730350 0.006253439 -0.003139016 0.061928481 0.019341975 0.997888207
1403637144.638319 0.008568280 -0.001740047 0.006241482 -0.003107441 0.061832447 0.019258570 0.997895896
1403637144.688319 0.008562194 -0.001728053 0.006233506 -0.003122790 0.061808210 0.019337647 0.997895777
1403637144.738319 0.008561280 -0.001731566 0.006224690 -0.003086929 0.061743490 0.019046200 0.997905552
1403637144.788319 0.008579286 -0.001724858 0.006237303 -0.002985208 0.061658878 0.019262364 0.997906923
1403637144.838319 0.008572658 -0.001744253 0.006233975 -0.003052635 0.061674159 0.019130018 0.997908354
1403637144.888319 0.008566842 -0.001741700 0.006240529 -0.003034438 0.061541937 0.019149378 0.997916162
1403637144.938319 0.008579630 -0.001724148 0.006229760 -0.003050084 0.061444078 0.018929729 0.997926354
1403637144.988319 0.008564403 -0.001719111 0.006228582 -0.003194239 0.061192565 0.018905465 0.997941792
1403637145.038319 0.008580826 -0.001719627 0.006227900 -0.003220149 0.061368901 0.018930612 0.997930408
1403637145.088319 0.008555634 -0.001725191 0.006227643 -0.003166203 0.061619941 0.018926350 0.997915208
1403637145.138319 0.008557165 -0.001721161 0.006229783 -0.003225128 0.061757926 0.018963400 0.997905791
1403637145.188319 0.008579303 -0.001714954 0.006243980 -0.003182517 0.061786283 0.018924562 0.997904897
1403637145.238319 0.008584698 -0.001714714 0.006256138 -0.003188658 0.061786015 0.018989954 0.997903645
1403637145.288319 0.008587118 -0.001720152 0.006252845 -0.003200375 0.061784517 0.019063214 0.997902334
1403637145.338319 0.008570664 -0.001726178 0.006246881 -0.003214333 0.061801486 0.019035438 0.997901738
1403637145.388319 0.008571096 -0.001726884 0.006245075 -0.003202500 0.061835367 0.018926369 0.997901738
1403637145.438319 0.008598485 -0.001720394 0.006259412 -0.003154337 0.061691228 0.019053226 0.997908413
1403637145.488319 0.008595349 -0.001728755 0.006253489 -0.003147373 0.061701108 0.019062245 0.997907639
1403637145.538319 0.008584371 -0.001722703 0.006257311 -0.003187096 0.061799876 0.019094892 0.997900784
1403637145.588319 0.008577433 -0.001722998 0.006244611 -0.003152781 0.061728373 0.019046960 0.997906268
1403637145.638319 0.008568825 -0.001725194 0.006249429 -0.003120159 0.061768334 0.018971661 0.997905314
1403637145.688319 0.008572165 -0.001730163 0.006238160 -0.003218062 0.061694972 0.018909855 0.997910738
1403637145.738319 0.008567695 -0.001725515 0.006230585 -0.003126094 0.061615430 0.018998532 0.997914255
1403637145.788319 0.008570272 -0.001727446 0.006238190 -0.003184349 0.061653223 0.018966127 0.997912347
1403637145.838319 0.008569025 -0.001728614 0.006237384 -0.003129758 0.061708495 0.018982640 0.997908771
1403637145.888319 0.008567633 -0.001719230 0.006235368 -0.003155092 0.061681632 0.018994849 0.997910142
1403637145.938319 0.008563314 -0.001723226 0.006238275 -0.003123664 0.061729483 0.019064793 0.997905910
1403637145.988319 0.008566295 -0.001723569 0.006234158 -0.003152037 0.061695561 0.019048553 0.997908235
1403637146.038319 0.008563269 -0.001721934 0.006231506 -0.003171660 0.061705932 0.019076955 0.997907043
1403637146.088319 0.008565772 -0.001722585 0.006246593 -0.003155410 0.061771702 0.019000189 0.997904480
1403637146.138319 0.008566284 -0.001726241 0.006242504 -0.003235008 0.061789893 0.018920196 0.997904599
1403637146.188319 0.008592660 -0.001719794 0.006264249 -0.003188725 0.061758205 0.018861817 0.997907817
1403637146.238319 0.008609951 -0.001720717 0.006257927 -0.003187674 0.062029634 0.018517308 0.997897446
1403637146.288319 0.008576109 -0.001736378 0.006237739 -0.003007407 0.061588213 0.019267762 0.997911155
1403637146.338319 0.008608042 -0.001721569 0.006248524 -0.003132368 0.061875615 0.018578591 0.997906029
1403637146.388319 0.008573456 -0.001746625 0.006236891 -0.003078084 0.061694901 0.019163832 0.997906327
1403637146.438319 0.008598919 -0.001727185 0.006247110 -0.003228501 0.061899211 0.018685659 0.997902215
1403637146.488319 0.008572794 -0.001731477 0.006249011 -0.003135800 0.061724063 0.018999252 0.997907519
1403637146.538319 0.008596553 -0.001723611 0.006268503 -0.003173488 0.061831769 0.018759202 0.997905195
1403637146.588319 0.008571061 -0.001726773 0.006233148 -0.003138175 0.061752390 0.019096237 0.997903883
1403637146.638319 0.008597580 -0.001724371 0.006254648 -0.003179103 0.061800387 0.018839324 0.997905672
1403637146.688319 0.008578449 -0.001730760 0.006255522 -0.003129613 0.061736681 0.019011190 0.997906506
1403637146.738319 0.008585868 -0.001731409 0.006252378 -0.003250754 0.061820518 0.018826263 0.997904420
1403637146.788319 0.008567387 -0.001733646 0.006237132 -0.003153124 0.061759356 0.018958680 0.997906029
1403637146.838319 0.008578167 -0.001724677 0.006248277 -0.003179581 0.061842240 0.018841665 0.997902989
1403637146.888319 0.008590317 -0.001726711 0.006262635 -0.003195697 0.061748374 0.018924328 0.997907221
1403637146.938319 0.008591319 -0.001726116 0.006266889 -0.003219570 0.061813228 0.018886354 0.997903824
1403637146.988319 0.008589797 -0.001725771 0.006237905 -0.003160744 0.061854769 0.018757617 0.997903883
1403637147.038319 0.008564757 -0.001728753 0.006229543 -0.003244421 0.061788682 0.018866099 0.997905672
1403637147.088319 0.008584598 -0.001726495 0.006246733 -0.003194488 0.061799221 0.018857269 0.997905374
1403637147.138319 0.008582965 -0.001730302 0.006247051 -0.003247552 0.061825152 0.018855317 0.997903585
1403637147.188319 0.008597116 -0.001721597 0.006245981 -0.003180982 0.061809387 0.018850941 0.997904897
1403637147.238319 0.008591316 -0.001733424 0.006219088 -0.003215891 0.061850764 0.018779481 0.997903585
1403637147.288319 0.008600622 -0.001728340 0.006241198 -0.003224624 0.061785966 0.018822026 0.997906744
1403637147.338319 0.008585577 -0.001731441 0.006219034 -0.003196359 0.061865423 0.018873705 0.997900903
1403637147.388319 0.008595844 -0.001732166 0.006253196 -0.003176325 0.061751574 0.018865379 0.997908175
1403637147.438319 0.008600120 -0.001730592 0.006258466 -0.003227075 0.061831392 0.018864453 0.997903109
1403637147.488319 0.008584588 -0.001732031 0.006246922 -0.003188821 0.061811391 0.018890399 0.997903943
1403637147.538319 0.008577898 -0.001738210 0.006218119 -0.003188967 0.061772231 0.018775564 0.997908533
1403637147.588319 0.008591018 -0.001732165 0.006267613 -0.003180551 0.061742824 0.018881239 0.997908413
1403637147.638319 0.008582768 -0.001726767 0.006254483 -0.003154820 0.061853942 0.018681204 0.997905374
1403637147.688319 0.008591739 -0.001720715 0.006269273 -0.003135526 0.061764650 0.018824046 0.997908294
1403637147.738319 0.008573006 -0.001723962 0.006248532 -0.003138509 0.061831996 0.018741211 0.997905672
1403637147.788319 0.008584155 -0.001731887 0.006252602 -0.003193309 0.061827239 0.018776188 0.997905135
1403637147.838319 0.008591318 -0.001732966 0.006217943 -0.003172775 0.061791711 0.018804599 0.997906864
1403637147.888319 0.008588699 -0.001734025 0.006225937 -0.003195717 0.061832026 0.018803027 0.997904360
1403637147.938319 0.008592729 -0.001726553 0.006245724 -0.003151884 0.061795671 0.018807549 0.997906625
1403637147.988319 0.008589178 -0.001728946 0.006234047 -0.003126994 0.061806858 0.018805230 0.997906029
1403637148.038319 0.008592188 -0.001728508 0.006283342 -0.003154129 0.061836455 0.018740054 0.997905374
1403637148.088319 0.008584896 -0.001727977 0.006258356 -0.003147595 0.061839346 0.018843979 0.997903228
1403637148.138319 0.008602406 -0.001738167 0.006219033 -0.003166183 0.061803021 0.018790063 0.997906446
1403637148.188319 0.008607876 -0.001749361 0.006241996 -0.003112430 0.061762068 0.018816277 0.997908652
1403637148.238319 0.008590246 -0.001729398 0.006214387 -0.003147336 0.061706312 0.018720245 0.997913837
1403637148.288319 0.008595884 -0.001739654 0.006220195 -0.003140516 0.061658964 0.018712392 0.997916877
1403637148.338319 0.008589706 -0.001725340 0.006229648 -0.003265558 0.061581496 0.018798236 0.997919679
1403637148.388319 0.008582531 -0.001734943 0.006194947 -0.003167895 0.061554071 0.018711831 0.997923315
1403637148.438319 0.008584116 -0.001726551 0.006214844 -0.003191565 0.061417539 0.018687123 0.997932136
1403637148.488319 0.008583467 -0.001727349 0.006216585 -0.003277681 0.061257966 0.018683402 0.997941673
1403637148.538319 0.008581258 -0.001727788 0.006223341 -0.003233288 0.061129820 0.018677171 0.997949839
1403637148.588319 0.008583345 -0.001730978 0.006222426 -0.003307147 0.061016109 0.018525131 0.997959375
1403637148.638319 0.008593746 -0.001693924 0.006201138 -0.003620509 0.060612615 0.018323252 0.997986615
1403637148.688319 0.008581824 -0.001714225 0.006179720 -0.003623084 0.060177013 0.018373331 0.998012006
1403637148.738319 0.008578595 -0.001689818 0.006138590 -0.003833994 0.059888951 0.018132443 0.998032987
1403637148.788319 0.008581550 -0.001700741 0.006143464 -0.003954929 0.059504684 0.018306941 0.998052299
1403637148.838319 0.008583849 -0.001690886 0.006124062 -0.004103033 0.059379466 0.018032772 0.998064160
1403637148.888319 0.008566496 -0.001687380 0.006110039 -0.004326525 0.058889054 0.018016104 0.998092592
1403637148.938319 0.008574038 -0.001689511 0.006096296 -0.004456410 0.058653727 0.017696284 0.998111546
1403637148.988319 0.008563836 -0.001677856 0.006086370 -0.004487571 0.058268271 0.017837113 0.998131514
1403637149.038319 0.008568867 -0.001662769 0.006049457 -0.004723947 0.058011148 0.017602477 0.998149574
1403637149.088319 0.008564365 -0.001665804 0.006046285 -0.004775923 0.057603899 0.017706193 0.998171031
1403637149.138319 0.008571781 -0.001662084 0.006055913 -0.005047929 0.057369545 0.017577158 0.998185515
1403637149.188319 0.008554728 -0.001652167 0.006017397 -0.005156092 0.057264902 0.017139543 0.998198569
1403637149.238319 0.008581237 -0.001662974 0.006010907 -0.005157843 0.056906790 0.017238162 0.998217344
1403637149.288319 0.008567347 -0.001653351 0.005992721 -0.005228853 0.056550507 0.017189479 0.998238027
1403637149.338319 0.008574693 -0.001649988 0.005968167 -0.005351142 0.056118153 0.017047642 0.998264253
1403637149.388319 0.008572574 -0.001662197 0.005912961 -0.005620459 0.055664621 0.016905548 0.998290539
1403637149.438319 0.008589840 -0.001656466 0.005892733 -0.005824679 0.054961707 0.016664553 0.998332381
1403637149.488319 0.008608662 -0.001634020 0.005854709 -0.006172722 0.054262403 0.016279636 0.998374879
1403637149.538319 0.008601406 -0.001622855 0.005818515 -0.006844280 0.053756773 0.015534581 0.998409748
1403637149.588319 0.008628641 -0.001559053 0.005780332 -0.008999729 0.051825844 0.014112929 0.998515844
1403637149.638319 0.008654897 -0.001446615 0.005617315 -0.013537777 0.047977637 0.011758074 0.998687446
1403637149.688319 0.008705266 -0.001306317 0.005448001 -0.017476687 0.042434487 0.008686760 0.998908639
1403637149.738319 0.008777351 -0.001228332 0.005227607 -0.019170569 0.039917871 0.006839455 0.998995602
1403637149.788319 0.008911079 -0.001171175 0.005094612 -0.023051161 0.037720039 0.007185412 0.998996615
1403637149.838319 0.009069009 -0.001190369 0.005001353 -0.028322142 0.036092389 0.006613231 0.998925149
1403637149.888319 0.008486734 -0.001126600 0.004556636 -0.036943626 0.035680082 0.007644549 0.998650908
1403637149.938319 0.009155048 -0.001145711 0.004302467 -0.045999844 0.036723360 0.004794602 0.998254716
1403637149.988319 0.010050083 -0.001307149 0.004042653 -0.056874111 0.038071696 0.000061588 0.997655213
1403637150.038319 0.011167782 -0.001854401 0.003714078 -0.066685617 0.041073438 -0.007238928 0.996901989
1403637150.088319 0.011884379 -0.002532040 0.003669554 -0.075387433 0.044705600 -0.012604438 0.996071935
1403637150.138319 0.013338365 -0.003947424 0.003593380 -0.081104688 0.048078734 -0.017729023 0.995387435
1403637150.188319 0.014639258 -0.005530170 0.003836541 -0.082442090 0.051569149 -0.020869073 0.995041907
1403637150.238319 0.016148737 -0.007745638 0.004495124 -0.081439696 0.054690734 -0.022305969 0.994926572
1403637150.288319 0.017610172 -0.010293513 0.005038883 -0.077381425 0.057009324 -0.022457706 0.995116949
1403637150.338319 0.018416246 -0.011954479 0.006066546 -0.072996259 0.059481967 -0.022197219 0.995309353
1403637150.388319 0.019822687 -0.015142825 0.007294371 -0.064619444 0.060959820 -0.019989379 0.995845675
1403637150.438319 0.021185644 -0.018193603 0.008786304 -0.057865679 0.062387846 -0.018459657 0.996202052
1403637150.488319 0.022360347 -0.021126054 0.009992657 -0.053365346 0.064371668 -0.017983073 0.996335804
1403637150.538319 0.023834059 -0.024116097 0.011497053 -0.050381202 0.066200018 -0.017403550 0.996381640
1403637150.588319 0.025054362 -0.027006572 0.013059008 -0.049335446 0.067787483 -0.017021282 0.996333838
1403637150.638319 0.026282050 -0.029905535 0.014731833 -0.047677379 0.069281064 -0.016568359 0.996319473
1403637150.688319 0.029638607 -0.027116835 0.018813543 -0.045985628 0.070358574 -0.016685357 0.996321559
1403637150.738319 0.031209048 -0.029729791 0.021013033 -0.045804132 0.071480915 -0.017370598 0.996238291
1403637150.788319 0.032339785 -0.032395296 0.022503478 -0.045490175 0.072432004 -0.017863853 0.996175289
1403637150.838319 0.033614453 -0.035089973 0.024276307 -0.043886576 0.073593505 -0.018516613 0.996150136
1403637150.888319 0.035148259 -0.040797830 0.025453940 -0.040585335 0.073919788 -0.018897483 0.996258736
1403637150.938319 0.036190137 -0.040198099 0.028192516 -0.036097147 0.074289702 -0.019517664 0.996392071
1403637150.988319 0.037494656 -0.042271607 0.030342879 -0.031994481 0.074271433 -0.019965408 0.996524692
1403637151.038319 0.035105873 -0.045388713 0.027937831 -0.029176768 0.074269749 -0.020027580 0.996610045
1403637151.088319 0.036253657 -0.047250371 0.029795447 -0.025514778 0.073846519 -0.020767404 0.996726871
1403637151.138319 0.037209116 -0.048903305 0.031478282 -0.021227760 0.073596708 -0.021707030 0.996825814
1403637151.188319 0.038350187 -0.050240930 0.033562880 -0.020117410 0.072633579 -0.021955479 0.996914029
1403637151.238319 0.038889255 -0.051861510 0.034510650 -0.023094667 0.072103128 -0.021958267 0.996887982
1403637151.288319 0.039803777 -0.053723309 0.035737939 -0.026679860 0.070658132 -0.020131338 0.996940494
1403637151.338319 0.040668722 -0.055805977 0.036845293 -0.030975206 0.068505235 -0.016378464 0.997035265
1403637151.388319 0.041331638 -0.058334671 0.037628282 -0.034874991 0.066001408 -0.010643510 0.997153103
1403637151.438319 0.042056728 -0.061293501 0.038262200 -0.037685283 0.064142309 -0.005659344 0.997212887
1403637151.488319 0.042454954 -0.062932201 0.037799928 -0.039818831 0.064067610 -0.008165599 0.997117400
1403637151.538319 0.043352436 -0.065691151 0.038421988 -0.040815342 0.063822515 -0.009118467 0.997084558
1403637151.588319 0.044336341 -0.068447940 0.038953759 -0.041113190 0.064043328 -0.010980773 0.997039378
1403637151.638319 0.045618512 -0.070843324 0.039758608 -0.041338246 0.063968576 -0.012841269 0.997012675
1403637151.688319 0.046519253 -0.073514119 0.040082138 -0.041144602 0.064142726 -0.014674033 0.996984184
1403637151.738319 0.047363359 -0.074672177 0.041004382 -0.041702878 0.064295709 -0.015697977 0.996935546
1403637151.788319 0.048452243 -0.076395512 0.041742537 -0.041987170 0.064226948 -0.016516134 0.996914804
1403637151.838319 0.049625281 -0.078217484 0.042641133 -0.042077601 0.063935168 -0.017152146 0.996919036
1403637151.888319 0.050722104 -0.079751536 0.043296605 -0.042088501 0.064219341 -0.018435214 0.996877372
1403637151.938319 0.051985931 -0.081342839 0.044281147 -0.042634740 0.064478651 -0.019474626 0.996817708
1403637151.988319 0.053186711 -0.082752168 0.045301713 -0.042684387 0.064104959 -0.019504992 0.996839046
1403637152.038319 0.054384157 -0.084324025 0.046488572 -0.042725772 0.063628264 -0.018826177 0.996880889
1403637152.088319 0.055082090 -0.085683197 0.046968151 -0.043185040 0.063004307 -0.017871955 0.996918321
1403637152.138319 0.056134336 -0.087852113 0.047673669 -0.044186391 0.062742196 -0.017280048 0.996901393
1403637152.188319 0.057351612 -0.089873448 0.048291631 -0.045148782 0.062460825 -0.016380252 0.996891141
1403637152.238319 0.058440242 -0.091638938 0.049547385 -0.046052884 0.062211510 -0.015505935 0.996879339
1403637152.288319 0.059697840 -0.093206093 0.050767012 -0.046654474 0.061970837 -0.014926719 0.996875226
1403637152.338319 0.060854971 -0.094611064 0.051756330 -0.047915790 0.061531387 -0.013495997 0.996863008
1403637152.388319 0.061695069 -0.095593520 0.052300069 -0.047710225 0.061647307 -0.014592540 0.996850252
1403637152.438319 0.063043267 -0.096356235 0.053743117 -0.048042491 0.061608113 -0.014474508 0.996838450
1403637152.488319 0.064563267 -0.096931346 0.055180576 -0.048204936 0.061549988 -0.015223218 0.996823013
1403637152.538319 0.065947875 -0.097316913 0.056702558 -0.047939718 0.061404675 -0.015168021 0.996845603
1403637152.588319 0.067298606 -0.097553447 0.058444347 -0.048376799 0.061732352 -0.015753979 0.996795177
1403637152.638319 0.068992011 -0.097582214 0.060290568 -0.047358975 0.061586380 -0.015826041 0.996851921
1403637152.688319 0.070550017 -0.097749032 0.061999217 -0.046626661 0.061605409 -0.015647026 0.996888101
1403637152.738319 0.071908712 -0.097935081 0.063651308 -0.044738244 0.061464835 -0.015256608 0.996989369
1403637152.788319 0.073726401 -0.098378718 0.065311395 -0.041992117 0.060219649 -0.012940156 0.997217536
1403637152.838319 0.075193845 -0.099181056 0.067041025 -0.039482236 0.060062937 -0.012259108 0.997338116
1403637152.888319 0.076725103 -0.099962912 0.068729527 -0.037003715 0.059745219 -0.011838210 0.997457325
1403637152.938319 0.078339323 -0.100963891 0.070086405 -0.035253026 0.059785560 -0.013353036 0.997499168
1403637152.988319 0.079877906 -0.102590188 0.071430579 -0.035128199 0.059924103 -0.013927675 0.997487426
1403637153.038319 0.080754571 -0.103845388 0.071886905 -0.034649335 0.059872806 -0.014822447 0.997494340
1403637153.088319 0.082602724 -0.105050921 0.073112346 -0.035251871 0.060456641 -0.015770033 0.997423470
1403637153.138319 0.084251612 -0.106467098 0.074259385 -0.036410812 0.060754288 -0.016564254 0.997350931
1403637153.188319 0.086050048 -0.107438579 0.075660244 -0.037983999 0.061130662 -0.017032146 0.997261345
1403637153.238319 0.087769359 -0.108183891 0.077193238 -0.039042030 0.061910033 -0.018781507 0.997141004
1403637153.288319 0.089590058 -0.108840600 0.078250229 -0.039655186 0.062215444 -0.019584032 0.997082353
1403637153.338319 0.091407783 -0.109555230 0.079638653 -0.039674647 0.062561281 -0.020501517 0.997041464
1403637153.388319 0.093434364 -0.109880738 0.081241846 -0.040205967 0.063208371 -0.021581998 0.996956587
1403637153.438319 0.095185436 -0.110532641 0.081766419 -0.041542601 0.063278429 -0.022310207 0.996881306
1403637153.488319 0.096697159 -0.111117274 0.083565824 -0.043311778 0.063911200 -0.023518290 0.996737838
1403637153.538319 0.098491952 -0.111891873 0.084583282 -0.045658372 0.064054787 -0.023651049 0.996620774
1403637153.588319 0.099670947 -0.112755589 0.086545609 -0.046717212 0.063885897 -0.022464924 0.996609986
1403637153.638319 0.101008467 -0.114092492 0.088096589 -0.047207851 0.064093918 -0.022876866 0.996564150
1403637153.688319 0.102705151 -0.116486438 0.088226572 -0.046205308 0.063612372 -0.022772692 0.996644318
1403637153.738319 0.104320295 -0.118943073 0.089074023 -0.045465857 0.064080179 -0.023539292 0.996630609
1403637153.788319 0.105000950 -0.121079780 0.089557976 -0.042854689 0.063993841 -0.023445707 0.996753991
1403637153.838319 0.106105953 -0.122359067 0.090936244 -0.040925775 0.063558795 -0.022061799 0.996894538
1403637153.888319 0.107713893 -0.123723745 0.092230260 -0.039966986 0.063781716 -0.022344630 0.996912897
1403637153.938319 0.108774669 -0.125159755 0.093798764 -0.038442723 0.064260453 -0.023060983 0.996925712
1403637153.988319 0.110025376 -0.126266167 0.095407970 -0.037627652 0.063837692 -0.021952236 0.997009039
1403637154.038319 0.111272685 -0.127168104 0.097070262 -0.038375873 0.063946553 -0.021905357 0.996974587
1403637154.088319 0.112573832 -0.127321377 0.097974509 -0.040193345 0.063161008 -0.019892454 0.996995211
1403637154.138319 0.114196956 -0.127227336 0.099907830 -0.044633426 0.061754622 -0.015607276 0.996970773
1403637154.188319 0.114941902 -0.127232954 0.101287484 -0.050594568 0.059450570 -0.006983573 0.996923804
1403637154.238319 0.116136909 -0.127439871 0.102666922 -0.055055633 0.057385359 0.000879805 0.996832490
1403637154.288319 0.117367610 -0.127004281 0.105056688 -0.058918543 0.055790380 0.007320399 0.996675730
1403637154.338319 0.119248837 -0.126662627 0.106834337 -0.060841575 0.055102471 0.010278008 0.996572316
1403637154.388319 0.121421546 -0.125418827 0.108883232 -0.059710402 0.056076445 0.007956762 0.996607661
1403637154.438319 0.123854414 -0.124579787 0.111184813 -0.055567779 0.057546105 0.004171581 0.996786475
1403637154.488319 0.126002416 -0.124481998 0.113284886 -0.051246300 0.059395697 -0.000481029 0.996918142
1403637154.538319 0.129276723 -0.123082593 0.115778230 -0.047615726 0.061040748 -0.004152401 0.996990263
1403637154.588319 0.131373763 -0.123234175 0.118432462 -0.047167428 0.063637331 -0.008885987 0.996818244
1403637154.638319 0.134110883 -0.122053027 0.120348886 -0.048401345 0.066432446 -0.013993894 0.996518075
1403637154.688319 0.137176573 -0.122180670 0.122629769 -0.052930690 0.069711037 -0.019470485 0.995971739
1403637154.738319 0.139743984 -0.121523619 0.125738814 -0.056585938 0.073823594 -0.022272937 0.995415509
1403637154.788319 0.142176598 -0.121346593 0.128215283 -0.060278583 0.079516515 -0.023018070 0.994743109
1403637154.838319 0.145309687 -0.121035010 0.130566403 -0.063179091 0.085344426 -0.020762477 0.994129598
1403637154.888319 0.146432340 -0.121349767 0.131526023 -0.064430267 0.090912975 -0.017984236 0.993609667
1403637154.938319 0.149495795 -0.121766381 0.134442300 -0.067602232 0.095871821 -0.016153062 0.992964029
1403637154.988319 0.151563749 -0.122575559 0.137674332 -0.066898778 0.100498334 -0.012513087 0.992606699
1403637155.038319 0.153551310 -0.123312533 0.140270144 -0.065319493 0.106101498 -0.010928359 0.992147386
1403637155.088319 0.155916959 -0.124878317 0.144750878 -0.063356847 0.112682872 -0.007210393 0.991582811
1403637155.138319 0.158125445 -0.126445726 0.148020670 -0.056966688 0.119562529 -0.004284707 0.991181731
1403637155.188319 0.160724878 -0.128232226 0.151201651 -0.052949857 0.125030249 -0.000730843 0.990738750
1403637155.238319 0.162743509 -0.130673915 0.154288933 -0.049098153 0.129936576 -0.000338501 0.990305841
1403637155.288319 0.164882690 -0.133776635 0.159017026 -0.045656778 0.133212775 0.001175820 0.990034580
1403637155.338319 0.166488215 -0.136627823 0.162971869 -0.041657533 0.136965185 0.001861318 0.989697814
1403637155.388319 0.169519469 -0.139214098 0.165741473 -0.037776537 0.141116604 0.004277155 0.989262760
1403637155.438319 0.171557248 -0.141351625 0.169166610 -0.034902066 0.147453964 0.006866923 0.988429070
1403637155.488319 0.173899621 -0.143927112 0.172795564 -0.032040130 0.154793546 0.009478736 0.987381637
1403637155.538319 0.176511228 -0.144859314 0.176685572 -0.029974703 0.161369354 0.013961676 0.986339927
1403637155.588319 0.178197116 -0.147078499 0.178065091 -0.029431015 0.167012647 0.018628608 0.985339284
1403637155.638319 0.180795580 -0.147638649 0.185049534 -0.028243570 0.171796232 0.024561884 0.984421194
1403637155.688319 0.182424590 -0.148850784 0.187011212 -0.029045960 0.176018968 0.029916482 0.983503222
1403637155.738319 0.185030237 -0.148880914 0.191297695 -0.027810926 0.181489870 0.034506042 0.982393682
1403637155.788319 0.187073469 -0.148714826 0.193308279 -0.027724635 0.187849537 0.040184055 0.980983734
1403637155.838319 0.190012485 -0.149349153 0.197792664 -0.026801933 0.195733726 0.045608621 0.979229212
1403637155.888319 0.193099529 -0.148897588 0.201333791 -0.028877653 0.205536470 0.049957421 0.976946831
1403637155.938319 0.195321724 -0.148763523 0.203030631 -0.031888682 0.215901315 0.053194974 0.974443436
1403637155.988319 0.198295921 -0.148398414 0.206716284 -0.032159552 0.227207780 0.056703378 0.971662045
1403637156.038319 0.201834157 -0.147924989 0.208625153 -0.030064551 0.237837315 0.061505575 0.968889356
1403637156.088319 0.205815986 -0.147399694 0.212425262 -0.027376371 0.248766348 0.067289732 0.965835392
1403637156.138319 0.209059358 -0.146461129 0.215696782 -0.024146229 0.260107219 0.072515495 0.962550104
1403637156.188319 0.213822469 -0.146653980 0.218016803 -0.022380378 0.271487236 0.078406580 0.958981872
1403637156.238319 0.216260076 -0.146311566 0.219537228 -0.020018624 0.283697367 0.083841950 0.955031753
1403637156.288319 0.220547676 -0.145753682 0.222572580 -0.018645898 0.296297491 0.088587061 0.950795710
1403637156.338319 0.224850863 -0.145127162 0.225198716 -0.017290073 0.308576614 0.094652548 0.946320474
1403637156.388319 0.230708644 -0.144485906 0.226918459 -0.016848387 0.321428895 0.099266954 0.941565514
1403637156.438319 0.233428344 -0.143907011 0.228275523 -0.016344870 0.334639341 0.104058377 0.936440706
1403637156.488319 0.238970846 -0.143186256 0.229307622 -0.015252647 0.347314030 0.108234815 0.931356788
1403637156.538319 0.243562207 -0.142627120 0.229851350 -0.013154509 0.360264689 0.111756280 0.926038265
1403637156.588319 0.248175561 -0.141641468 0.231245965 -0.012755224 0.372864723 0.114674367 0.920683980
1403637156.638319 0.253782749 -0.140002042 0.232866779 -0.011182474 0.385812074 0.117190599 0.915035725
1403637156.688319 0.259513170 -0.138555691 0.233491987 -0.010684819 0.398109645 0.119621314 0.909442306
1403637156.738319 0.264705420 -0.137893230 0.232497662 -0.010312192 0.410106391 0.120629460 0.903966248
1403637156.788319 0.269847184 -0.136031598 0.233360529 -0.012958939 0.420628667 0.121426240 0.898976803
1403637156.838319 0.274833471 -0.134592891 0.232437566 -0.017437438 0.429480702 0.120676629 0.894806921
1403637156.888319 0.279520750 -0.131927490 0.233792111 -0.021556357 0.436832190 0.120901436 0.891120553
1403637156.938319 0.286097229 -0.128910989 0.233728379 -0.025698727 0.442333013 0.119414091 0.888493896
1403637156.988319 0.290253669 -0.125934586 0.234372929 -0.029733069 0.446844041 0.119468078 0.886100292
1403637157.038319 0.296638548 -0.123207793 0.235478759 -0.032895483 0.449176699 0.120533921 0.884663641
1403637157.088319 0.301466167 -0.120044768 0.235084653 -0.034221262 0.450377524 0.122508563 0.883731067
1403637157.138319 0.306980371 -0.117728323 0.235354766 -0.034781896 0.450626820 0.124698080 0.883275807
1403637157.188319 0.312438577 -0.115070745 0.235774606 -0.034419581 0.450141966 0.126620129 0.883263707
1403637157.238319 0.319238842 -0.113637820 0.235826775 -0.033923369 0.449286044 0.128398180 0.883462071
1403637157.288319 0.324721366 -0.111806780 0.235966906 -0.032622099 0.448210716 0.130019009 0.883820117
1403637157.338319 0.330601305 -0.110158987 0.235834837 -0.030906059 0.446449101 0.132104829 0.884463847
1403637157.388319 0.336146325 -0.108667925 0.236241549 -0.028930342 0.444439858 0.135304928 0.885058641
1403637157.438319 0.341216564 -0.108012430 0.236384973 -0.026792841 0.442038417 0.139452189 0.885684609
1403637157.488319 0.347724915 -0.107436150 0.235964820 -0.025545103 0.439365506 0.142217249 0.886611342
1403637157.538319 0.353855729 -0.106911637 0.235384300 -0.024346614 0.436952800 0.144512162 0.887465894
1403637157.588319 0.360108376 -0.106896222 0.234119445 -0.023167310 0.434817940 0.145446911 0.888392866
1403637157.638319 0.367164969 -0.106879100 0.233484134 -0.023301732 0.433440000 0.145393133 0.889071226
1403637157.688319 0.374417692 -0.107135579 0.232550532 -0.023228044 0.432140321 0.145647183 0.889664054
1403637157.738319 0.381102800 -0.107933924 0.231000468 -0.023312179 0.430946887 0.145713553 0.890229702
1403637157.788319 0.388855398 -0.108721137 0.229124606 -0.020617500 0.430808365 0.142809734 0.890833557
1403637157.838319 0.395790935 -0.108836986 0.227191597 -0.018016141 0.431631178 0.138215542 0.891216278
1403637157.888319 0.403377980 -0.108778700 0.225194678 -0.015799372 0.432601541 0.134510845 0.891354680
1403637157.938319 0.411533922 -0.109262221 0.223847508 -0.013816464 0.433835089 0.130177572 0.891431451
1403637157.988319 0.419194490 -0.109409310 0.220717549 -0.013722252 0.434868038 0.125869244 0.891548336
1403637158.038319 0.429713935 -0.109379411 0.216653585 -0.014133541 0.435681850 0.120530181 0.891882300
1403637158.088319 0.436418325 -0.109316826 0.214348733 -0.014837729 0.437532067 0.116287291 0.891528368
1403637158.138319 0.444495827 -0.109153569 0.212008357 -0.014839037 0.438124925 0.114060819 0.891524792
1403637158.188319 0.452841222 -0.109245747 0.208731756 -0.015313962 0.438341498 0.111934863 0.891679764
1403637158.238319 0.460863441 -0.109646291 0.205743700 -0.013603074 0.439081997 0.111847326 0.891354084
1403637158.288319 0.469155014 -0.110129319 0.202652067 -0.014182209 0.440943092 0.112303734 0.890368402
1403637158.338319 0.476247936 -0.110597610 0.199649185 -0.013799362 0.444671452 0.112901159 0.888442516
1403637158.388319 0.484366745 -0.111159243 0.194977880 -0.012390075 0.448788315 0.115807779 0.886015832
1403637158.438319 0.492844403 -0.111980602 0.191055045 -0.011335164 0.454457283 0.118501432 0.882778287
1403637158.488319 0.499646813 -0.111796722 0.187589586 -0.008888682 0.461156279 0.122380383 0.878794014
1403637158.538319 0.508271217 -0.111640349 0.184117272 -0.006082705 0.468177915 0.127701700 0.874336720
1403637158.588319 0.516182423 -0.111133263 0.180720657 -0.003137432 0.475604296 0.134709850 0.869277835
1403637158.638319 0.523283124 -0.110242277 0.177239090 -0.000476167 0.483791828 0.141125768 0.863729537
1403637158.688319 0.531741142 -0.110142395 0.172388434 0.001387633 0.492781579 0.146687940 0.857698679
1403637158.738319 0.539143085 -0.109478198 0.167035490 0.001996404 0.502382576 0.150994048 0.851356924
1403637158.788319 0.546191454 -0.107429668 0.163009763 0.001600596 0.511234105 0.153984189 0.845533013
1403637158.838319 0.554014087 -0.105820946 0.158722386 -0.002061200 0.518769741 0.156728119 0.840422511
1403637158.888319 0.561220169 -0.104753293 0.154392600 -0.004004622 0.524831831 0.159429654 0.836132586
1403637158.938319 0.568992972 -0.103323258 0.149323627 -0.008370668 0.530804455 0.157452777 0.832697511
1403637158.988319 0.576780558 -0.100837760 0.145084828 -0.012436937 0.535622299 0.156612590 0.829714715
1403637159.038319 0.584074557 -0.100548580 0.139953762 -0.016680501 0.539592147 0.155714050 0.827233493
1403637159.088319 0.592239618 -0.098880455 0.133483768 -0.017738577 0.541467249 0.155532882 0.826019406
1403637159.138319 0.599539757 -0.097425066 0.128406078 -0.016783528 0.542479277 0.156601489 0.825173020
1403637159.188319 0.606577694 -0.097206697 0.123515114 -0.014182582 0.542400002 0.160288051 0.824565828
1403637159.238319 0.614476860 -0.095361501 0.117829964 -0.011515111 0.541241705 0.162969589 0.824842811
1403637159.288319 0.622132361 -0.094032072 0.112759858 -0.009770112 0.540086091 0.165752143 0.825068355
1403637159.338319 0.629587173 -0.092449710 0.107674509 -0.008507204 0.539030552 0.167903364 0.825337589
1403637159.388319 0.636227369 -0.091166526 0.102161974 -0.008328438 0.537925482 0.169139132 0.825807929
1403637159.438319 0.644656181 -0.088577181 0.096819922 -0.008552860 0.537078679 0.167992085 0.826590598
1403637159.488319 0.652166724 -0.086380258 0.091805369 -0.007945990 0.535972297 0.167617172 0.827390492
1403637159.538319 0.660767555 -0.083623201 0.085070252 -0.011690780 0.535949886 0.163742602 0.828136086
1403637159.588319 0.668747425 -0.081232145 0.078862175 -0.015445053 0.535644054 0.161037892 0.828802526
1403637159.638319 0.676494241 -0.078799561 0.073845521 -0.019566985 0.536157191 0.157502294 0.829063118
1403637159.688319 0.684032619 -0.076529622 0.067301065 -0.021787882 0.535902560 0.154666170 0.829706073
1403637159.738319 0.692610025 -0.073669538 0.061845288 -0.023508171 0.536328018 0.151220977 0.830019176
1403637159.788319 0.700785160 -0.071841195 0.056132048 -0.024037521 0.536445141 0.149076268 0.830316305
1403637159.838319 0.708700061 -0.070300922 0.049772352 -0.024157483 0.537618637 0.147529334 0.829829931
1403637159.888319 0.717244148 -0.068690374 0.043049842 -0.025154222 0.540250540 0.146352351 0.828298032
1403637159.938319 0.726119220 -0.067647234 0.036863998 -0.025698356 0.544827223 0.149198249 0.824768305
1403637159.988319 0.734093606 -0.065588295 0.030931771 -0.025827104 0.551136017 0.151498184 0.820140481
1403637160.038319 0.742695689 -0.064629838 0.024818584 -0.023240121 0.558515728 0.154055223 0.814731300
1403637160.088319 0.751088858 -0.062084809 0.019501880 -0.017823393 0.566889286 0.156829879 0.808531582
1403637160.138319 0.759696245 -0.060978696 0.012907878 -0.012846798 0.575141549 0.160466954 0.802058339
1403637160.188319 0.767902315 -0.058779567 0.007694945 -0.009130148 0.585480332 0.163169652 0.794043541
1403637160.238319 0.776686430 -0.055217668 0.001520470 -0.006644631 0.596031487 0.165452808 0.785702050
1403637160.288319 0.785023034 -0.054441497 -0.005007923 -0.005918228 0.606476963 0.169280559 0.776849270
1403637160.338319 0.793273687 -0.051041484 -0.010835096 -0.004881868 0.618141174 0.171811625 0.767045259
1403637160.388319 0.801936567 -0.048092499 -0.016311839 -0.003672879 0.629909992 0.176414922 0.756358147
1403637160.438319 0.810647905 -0.044414535 -0.022769347 -0.003838358 0.641951442 0.179597422 0.745404899
1403637160.488319 0.818451941 -0.041113555 -0.026751049 -0.005614337 0.655615032 0.182409346 0.732710183
1403637160.538319 0.827256978 -0.038573682 -0.034915708 -0.009586476 0.667191625 0.185838297 0.721267998
1403637160.588319 0.835012674 -0.036461532 -0.040533409 -0.011398921 0.679679036 0.189139038 0.708613396
1403637160.638319 0.842389464 -0.032992050 -0.045859728 -0.013958878 0.691486239 0.191953793 0.696279883
1403637160.688319 0.850665152 -0.029922456 -0.051762603 -0.016574692 0.700397313 0.196111724 0.686082423
1403637160.738319 0.859325290 -0.026548535 -0.055488985 -0.019113200 0.708179891 0.200531974 0.676685214
1403637160.788319 0.866280138 -0.022932649 -0.064357825 -0.022081798 0.712804735 0.203201115 0.670918047
1403637160.838319 0.873980105 -0.020340323 -0.069467843 -0.023191359 0.717548609 0.205490857 0.665101230
1403637160.888319 0.881718934 -0.018539429 -0.073710799 -0.023763042 0.721258521 0.208389297 0.660147905
1403637160.938319 0.889520466 -0.016634226 -0.079548165 -0.024722816 0.723205924 0.212172136 0.656768560
1403637160.988319 0.897662878 -0.015661448 -0.083886705 -0.024271268 0.724527061 0.216170430 0.654019654
1403637161.038319 0.905812442 -0.014981359 -0.090218067 -0.022837561 0.724277794 0.220384210 0.652940214
1403637161.088319 0.913640559 -0.014515162 -0.095411971 -0.019022662 0.724245369 0.224333912 0.651752293
1403637161.138319 0.921598375 -0.014885455 -0.100638449 -0.013549392 0.723747015 0.227877036 0.651213229
1403637161.188319 0.929786921 -0.014802247 -0.106169671 -0.004268266 0.722512484 0.233007863 0.650895417
1403637161.238319 0.937970579 -0.015698075 -0.112055048 0.006382649 0.721475840 0.235706329 0.651056349
1403637161.288319 0.946623564 -0.017309695 -0.118438758 0.014682955 0.719552755 0.239994779 0.651483536
1403637161.338319 0.954857409 -0.019036502 -0.126356840 0.019385958 0.717953801 0.241661966 0.652507544
1403637161.388319 0.962945759 -0.019806832 -0.132277623 0.019594049 0.718594074 0.240101561 0.652372479
1403637161.438319 0.970999539 -0.020615369 -0.139905170 0.015848184 0.720271349 0.236923665 0.651786149
1403637161.488319 0.978777409 -0.021939933 -0.147584900 0.013878339 0.722580850 0.234974891 0.649977744
1403637161.538319 0.986821830 -0.023038447 -0.155248642 0.010467664 0.725856066 0.234977648 0.646381378
1403637161.588319 0.995712280 -0.025439858 -0.161902457 0.008741283 0.730445027 0.234868690 0.641256809
1403637161.638319 1.003014326 -0.025290936 -0.171879053 0.008393556 0.734098494 0.234547377 0.637194157
1403637161.688319 1.010181189 -0.025276214 -0.181102082 0.010013791 0.738351345 0.232514337 0.632988155
1403637161.738319 1.018008232 -0.024936676 -0.189530581 0.012212515 0.743287444 0.227933004 0.628825188
1403637161.788319 1.027477503 -0.026922643 -0.196542650 0.013391544 0.749413371 0.220494762 0.624165356
1403637161.838319 1.035398245 -0.027479649 -0.204376549 0.017375015 0.755332053 0.211715743 0.619958103
1403637161.888319 1.042065620 -0.026978076 -0.213923842 0.021256449 0.760487497 0.202801362 0.616505027
1403637161.938319 1.050326943 -0.026715010 -0.220942974 0.026718760 0.765858650 0.194680706 0.612246692
1403637161.988319 1.056618094 -0.026366800 -0.229822814 0.031341422 0.769742131 0.187509507 0.609388947
1403637162.038319 1.063083649 -0.025635034 -0.239146128 0.035126653 0.772455275 0.182099104 0.607386887
1403637162.088319 1.069172263 -0.024441719 -0.246961772 0.037433680 0.774600446 0.179081455 0.605411232
1403637162.138319 1.074227929 -0.023321658 -0.255802870 0.040734366 0.775124907 0.178991243 0.604553044
1403637162.188319 1.079687834 -0.022141770 -0.262167513 0.043743588 0.774684072 0.183278784 0.603622437
1403637162.238319 1.084394097 -0.019589216 -0.270526052 0.046509676 0.772605479 0.189740390 0.604083002
1403637162.288319 1.088440537 -0.017778397 -0.276722044 0.048102286 0.771146357 0.195627525 0.603944898
1403637162.338319 1.092580676 -0.016454756 -0.283573866 0.047797214 0.769631982 0.200985178 0.604141533
1403637162.388319 1.094938636 -0.013124675 -0.292505980 0.049484514 0.766718745 0.206174046 0.605958641
1403637162.438319 1.098186135 -0.010310292 -0.299436241 0.050585281 0.764123261 0.213453472 0.606625438
1403637162.488319 1.100680709 -0.007656395 -0.307821959 0.044325460 0.761346579 0.221251175 0.607811332
1403637162.538319 1.103027105 -0.005558014 -0.315981865 0.035774834 0.759889662 0.226276249 0.608347774
1403637162.588319 1.104581952 -0.003718585 -0.323572129 0.029979419 0.759964287 0.226480737 0.608491600
1403637162.638319 1.106360078 -0.001655906 -0.331814259 0.027623631 0.761252165 0.221936002 0.608667791
1403637162.688319 1.107994914 0.000093222 -0.340260178 0.032588992 0.763734758 0.215090722 0.607768953
1403637162.738319 1.109094977 0.002327770 -0.349106252 0.042400356 0.767071366 0.207888156 0.605463684
1403637162.788319 1.110568166 0.003545493 -0.358749151 0.050352488 0.771253467 0.203822434 0.600906909
1403637162.838319 1.110191345 0.006202608 -0.366918147 0.052711837 0.776923537 0.201250076 0.594230294
1403637162.888319 1.110515356 0.009552866 -0.376014292 0.054212008 0.783345103 0.199361145 0.586247921
1403637162.938319 1.110052347 0.012578487 -0.385399461 0.052860290 0.790942907 0.198162824 0.576495171
1403637162.988319 1.109072924 0.015729159 -0.393893093 0.050033394 0.799282432 0.197756886 0.565275609
1403637163.038319 1.108707190 0.019213021 -0.403150171 0.047154330 0.808143258 0.198406294 0.552554011
1403637163.088319 1.106567860 0.023390085 -0.413055271 0.044999495 0.816962361 0.199534491 0.539197266
1403637163.138319 1.105144143 0.026617199 -0.420959026 0.041687597 0.827201188 0.200155184 0.523391008
1403637163.188319 1.103160739 0.030759811 -0.429657131 0.039822545 0.836902440 0.201894999 0.507195115
1403637163.238319 1.100345731 0.035222232 -0.438592464 0.038409706 0.846603692 0.202546582 0.490674824
1403637163.288319 1.097032189 0.039843261 -0.447377175 0.037921257 0.855254531 0.203946441 0.474876344
1403637163.338319 1.093159437 0.043998927 -0.454507709 0.039003339 0.863416374 0.206033468 0.458847523
1403637163.388319 1.090630531 0.046737850 -0.461629748 0.040777415 0.870125771 0.211450055 0.443291426
1403637163.438319 1.086593390 0.050908059 -0.468709946 0.043323368 0.875808299 0.217292696 0.428796977
1403637163.488319 1.082176208 0.055312335 -0.476163715 0.046686359 0.879769027 0.224343434 0.416529596
1403637163.538319 1.078490019 0.059030294 -0.483537436 0.047836639 0.882565439 0.233145639 0.405503452
1403637163.588319 1.072980404 0.063048452 -0.488499820 0.050536647 0.884347916 0.242812246 0.395495951
1403637163.638319 1.067659378 0.066844702 -0.495410830 0.050341904 0.884500861 0.254051208 0.388048857
1403637163.688319 1.062145829 0.069810212 -0.501869678 0.051700514 0.884490490 0.262904882 0.381948560
1403637163.738319 1.056892753 0.072611004 -0.508698463 0.052880339 0.883603215 0.272614449 0.377001762
1403637163.788319 1.049298763 0.074915558 -0.515378118 0.054078177 0.883269370 0.278330386 0.373420566
1403637163.838319 1.043550491 0.076529890 -0.522702694 0.056371152 0.882391036 0.284247011 0.370691150
1403637163.888319 1.036968589 0.078363240 -0.530416608 0.061171502 0.881569147 0.288257688 0.368783563
1403637163.938319 1.029359341 0.080522686 -0.538153708 0.065856680 0.881610334 0.288446248 0.367729276
1403637163.988319 1.022541285 0.081920862 -0.547325909 0.068912312 0.881753623 0.288040102 0.367143691
1403637164.038319 1.015159369 0.083091319 -0.555228531 0.069598913 0.882451117 0.286802381 0.366306335
1403637164.088319 1.006386876 0.084074497 -0.563152015 0.069990925 0.883589745 0.283173144 0.366310507
1403637164.138319 0.997948527 0.084853649 -0.572420418 0.069427848 0.884273708 0.280085087 0.367140383
1403637164.188319 0.989415884 0.085621148 -0.581531048 0.067687735 0.885311544 0.276286572 0.367841750
1403637164.238319 0.980791092 0.086550742 -0.590877175 0.064215533 0.886038959 0.273563504 0.368746996
1403637164.288319 0.971269906 0.087172598 -0.599847794 0.057917491 0.887475669 0.268665135 0.369934499
1403637164.338319 0.961747885 0.088151097 -0.609632671 0.051488522 0.887772739 0.266850829 0.371482432
1403637164.388319 0.951329350 0.089083284 -0.619255662 0.047714531 0.887403309 0.266171873 0.373351395
1403637164.438319 0.942024350 0.089979023 -0.628589392 0.043642905 0.886407435 0.267950445 0.374939650
1403637164.488319 0.931323588 0.091352224 -0.638824224 0.044787530 0.884136915 0.271216542 0.377806276
1403637164.538319 0.921632767 0.093118131 -0.648035169 0.049603164 0.882245064 0.273859233 0.379716098
1403637164.588319 0.911077380 0.095185697 -0.658281624 0.052593708 0.880028307 0.276585728 0.382471472
1403637164.638319 0.901194274 0.097487032 -0.668317020 0.054972954 0.878233552 0.278914332 0.384565532
1403637164.688319 0.890287876 0.100317091 -0.678271770 0.052683588 0.877622306 0.278600454 0.386504024
1403637164.738319 0.879725814 0.103428274 -0.687912107 0.047656473 0.878609717 0.274767578 0.387655228
1403637164.788319 0.869017720 0.106644809 -0.698381960 0.040997431 0.881059647 0.268443286 0.387287140
1403637164.838319 0.857870102 0.109631091 -0.708964646 0.036519799 0.883595109 0.262938291 0.385732442
1403637164.888319 0.846662939 0.113515168 -0.719453871 0.031900764 0.886658072 0.258444190 0.382133961
1403637164.938319 0.835516810 0.117566943 -0.729551792 0.029052777 0.889492750 0.255734384 0.377569228
1403637164.988319 0.824196458 0.121533275 -0.739812791 0.027347049 0.892173886 0.254699081 0.372029901
1403637165.038319 0.813406825 0.125128418 -0.749391198 0.026158577 0.895419538 0.254130483 0.364633054
1403637165.088319 0.802416921 0.129168242 -0.759403229 0.026748875 0.898862302 0.253015637 0.356811017
1403637165.138319 0.790838301 0.132658452 -0.769237101 0.028899664 0.903361082 0.250152677 0.347170234
1403637165.188319 0.780159116 0.137172461 -0.779156983 0.027584985 0.907975197 0.248582855 0.336194396
1403637165.238319 0.769057810 0.141617954 -0.788547814 0.027594097 0.912048340 0.248595610 0.324971676
1403637165.288319 0.757590652 0.145690948 -0.797829270 0.025270322 0.915565073 0.251494527 0.312813908
1403637165.338319 0.745245457 0.148916513 -0.807822645 0.023276417 0.917383313 0.257913977 0.302235752
1403637165.388319 0.734034419 0.152183563 -0.816450715 0.020469384 0.919014096 0.264701784 0.291422546
1403637165.438319 0.722944498 0.155641973 -0.825832784 0.018825114 0.919764400 0.271963775 0.282337993
1403637165.488319 0.712038815 0.158197910 -0.834487081 0.018316500 0.920769453 0.276576519 0.274506003
1403637165.538319 0.700057328 0.160367727 -0.843632817 0.015066203 0.922030091 0.279054403 0.267884642
1403637165.588319 0.689188898 0.162190855 -0.852722168 0.012699752 0.922974527 0.282085031 0.261504799
1403637165.638319 0.678184271 0.163758457 -0.861788154 0.005078595 0.924599290 0.282178551 0.255862594
1403637165.688319 0.666851163 0.166019112 -0.870665252 -0.001677625 0.926196873 0.281019002 0.251365900
1403637165.738319 0.656175733 0.168249965 -0.879650235 -0.008824525 0.927600324 0.279736727 0.247441113
1403637165.788319 0.645906627 0.170266867 -0.887522936 -0.016046843 0.928852201 0.278114855 0.244188756
1403637165.838319 0.635735989 0.172570497 -0.896038592 -0.023541389 0.929955602 0.276086986 0.241670072
1403637165.888319 0.626832664 0.175120711 -0.904006720 -0.030026183 0.930393457 0.274547547 0.241018921
1403637165.938319 0.617403328 0.177731276 -0.911904037 -0.036137968 0.930386484 0.272344798 0.242700085
1403637165.988319 0.607719779 0.179724187 -0.919086814 -0.042181157 0.929645479 0.270646065 0.246436164
1403637166.038319 0.599126339 0.181925565 -0.926333129 -0.046659209 0.928569376 0.269077629 0.251354426
1403637166.088319 0.591182113 0.185205549 -0.933034658 -0.051595598 0.927684426 0.267238528 0.255583853
1403637166.138319 0.583599806 0.188950270 -0.939261138 -0.054340139 0.926829457 0.265677243 0.259711266
1403637166.188319 0.576373994 0.193077892 -0.945071995 -0.056424748 0.925837278 0.264582604 0.263889492
1403637166.238319 0.570491254 0.197643161 -0.950898767 -0.055401027 0.925621152 0.261561960 0.267846227
1403637166.288319 0.564584374 0.201933771 -0.956146836 -0.050441619 0.926082134 0.257017851 0.271605104
1403637166.338319 0.559201062 0.206312716 -0.961807728 -0.044088166 0.928042769 0.245795906 0.276364297
1403637166.388319 0.554265618 0.210710913 -0.967070043 -0.034861896 0.930752754 0.230290279 0.281869322
1403637166.438319 0.549762487 0.212791577 -0.970880747 -0.026210610 0.932294130 0.217916742 0.287494332
1403637166.488319 0.544523180 0.216252431 -0.974825382 -0.021884294 0.932579398 0.210196912 0.292632967
1403637166.538319 0.539784372 0.218271747 -0.977468133 -0.019285066 0.931781054 0.207780257 0.297051311
1403637166.588319 0.535621107 0.220633358 -0.980140805 -0.021201959 0.929732263 0.211440921 0.300734401
1403637166.638319 0.531288981 0.223623976 -0.982919991 -0.024521040 0.926666021 0.219801113 0.303934723
1403637166.688319 0.526926339 0.225044161 -0.984425306 -0.030016514 0.922293544 0.233534843 0.306488395
1403637166.738319 0.523221493 0.227182239 -0.985153496 -0.039619390 0.919085026 0.241992638 0.308468103
1403637166.788319 0.519359708 0.229381680 -0.985727429 -0.048163630 0.916548908 0.247327417 0.310559958
1403637166.838319 0.515783370 0.231630981 -0.986521959 -0.056927875 0.915141582 0.248743504 0.312092513
1403637166.888319 0.513227403 0.233088642 -0.986527860 -0.066277027 0.914954960 0.245697677 0.313205063
1403637166.938319 0.510608554 0.235559613 -0.987035871 -0.074893095 0.915216923 0.240145490 0.314800173
1403637166.988319 0.508987963 0.236592442 -0.985575676 -0.081909783 0.916671753 0.231694162 0.315153152
1403637167.038319 0.508092463 0.237560272 -0.984550238 -0.088787459 0.917709887 0.223648906 0.316079795
1403637167.088319 0.507585943 0.238416344 -0.982925057 -0.094361961 0.918828964 0.214944109 0.317250937
1403637167.138319 0.508197844 0.237871289 -0.980619490 -0.099479795 0.920003116 0.207203224 0.317434847
1403637167.188319 0.508708835 0.238110974 -0.978477478 -0.102080397 0.921147168 0.199110702 0.318468839
1403637167.238319 0.509596229 0.237279102 -0.974865079 -0.104791723 0.921932876 0.193645358 0.318684757
1403637167.288319 0.511993408 0.234846130 -0.969639361 -0.106172681 0.922334790 0.192047670 0.318030834
1403637167.338319 0.514129758 0.232701361 -0.964470088 -0.105267137 0.922242820 0.193889916 0.317480177
1403637167.388319 0.517293394 0.230493903 -0.958728790 -0.102083236 0.921555102 0.199783877 0.316862106
1403637167.438319 0.520597041 0.229152471 -0.952580631 -0.093560927 0.919756472 0.210472614 0.317798078
1403637167.488319 0.525219858 0.227180034 -0.944286466 -0.078883372 0.918119311 0.221806362 0.318804413
1403637167.538319 0.529576957 0.224481881 -0.937426567 -0.062251598 0.915455759 0.235053137 0.320648730
1403637167.588319 0.534573793 0.221881449 -0.928612769 -0.045124713 0.913198113 0.245612785 0.322036207
1403637167.638319 0.539948404 0.220198333 -0.920318663 -0.028622810 0.911055386 0.253823936 0.323623598
1403637167.688319 0.545589209 0.217847705 -0.911256492 -0.017792769 0.908876956 0.259561956 0.325965822
1403637167.738319 0.551859558 0.215928346 -0.902602673 -0.011782030 0.906473815 0.264532536 0.328920901
1403637167.788319 0.557529330 0.214763910 -0.893742919 -0.008962331 0.903585970 0.269072294 0.333244771
1403637167.838319 0.563868940 0.213602453 -0.884519100 -0.008724378 0.900157034 0.273232967 0.339094311
1403637167.888319 0.568486571 0.212219119 -0.875548720 -0.010225061 0.896497667 0.277484894 0.345238358
1403637167.938319 0.574922085 0.210803032 -0.866762400 -0.014150369 0.893750429 0.279682994 0.350410253
1403637167.988319 0.580769300 0.209325790 -0.858585596 -0.020281602 0.892156780 0.278455824 0.355115771
1403637168.038319 0.587173641 0.207315743 -0.850242257 -0.025696658 0.891071975 0.275741279 0.359579116
1403637168.088319 0.594278038 0.205609739 -0.841851652 -0.027124103 0.889872253 0.274331033 0.363502681
1403637168.138319 0.601153016 0.203551650 -0.833934903 -0.024177955 0.887745023 0.276661098 0.367127746
1403637168.188319 0.607210994 0.202653676 -0.826138139 -0.021119699 0.886275768 0.277200848 0.370444238
1403637168.238319 0.613115907 0.202339798 -0.817850471 -0.018555185 0.886401415 0.274036735 0.372628540
1403637168.288319 0.620313227 0.202440262 -0.809716225 -0.017839257 0.886811376 0.270022094 0.374613583
1403637168.338319 0.627905965 0.202892810 -0.801333308 -0.016480923 0.888160110 0.264282763 0.375572503
1403637168.388319 0.635542870 0.203647405 -0.793178916 -0.015425356 0.890202105 0.256022751 0.376503140
1403637168.438319 0.643205523 0.204579711 -0.784880042 -0.014198132 0.892077565 0.248460114 0.377178550
1403637168.488319 0.649791956 0.205067784 -0.776495695 -0.009194335 0.893156290 0.242995396 0.378339291
1403637168.538319 0.657900214 0.207142696 -0.768034816 -0.005489170 0.893651128 0.240602568 0.378771544
1403637168.588319 0.664896846 0.208075017 -0.759063959 -0.003771168 0.892716944 0.243212163 0.379328430
1403637168.638319 0.672211587 0.208515450 -0.750321865 -0.004221874 0.891701639 0.246750295 0.379426718
1403637168.688319 0.678686023 0.209509328 -0.741838396 -0.005890037 0.890680313 0.250026852 0.379658312
1403637168.738319 0.686043203 0.210259587 -0.733144701 -0.008257569 0.889956892 0.252525508 0.379656911
1403637168.788319 0.692932606 0.209798932 -0.724470615 -0.008010305 0.889292061 0.255656689 0.379124075
1403637168.838319 0.699711502 0.209838435 -0.716246784 -0.011450209 0.889288366 0.256159604 0.378704846
1403637168.888319 0.706767380 0.209387079 -0.707219124 -0.014354767 0.889398634 0.256301433 0.378250718
1403637168.938319 0.714253545 0.209565490 -0.698599756 -0.018514933 0.889848053 0.255837470 0.377325922
1403637168.988319 0.721246898 0.209494144 -0.690061688 -0.020697942 0.890157342 0.255698502 0.376576275
1403637169.038319 0.728701532 0.209567398 -0.681623697 -0.024777049 0.890782714 0.254140973 0.375905037
1403637169.088319 0.736642897 0.209228396 -0.673276126 -0.030269200 0.891169727 0.252402633 0.375756800
1403637169.138319 0.743998587 0.210080579 -0.663389981 -0.031038819 0.891420543 0.249175087 0.377250284
1403637169.188319 0.751332223 0.209535465 -0.654645085 -0.032238364 0.890516698 0.245587707 0.381611526
1403637169.238319 0.759710729 0.208002687 -0.645694375 -0.032612838 0.888726532 0.242582396 0.387627751
1403637169.288319 0.767279267 0.206951424 -0.636556387 -0.030901602 0.886176169 0.238572150 0.396005273
1403637169.338319 0.775149405 0.205611810 -0.627543151 -0.028627397 0.882723987 0.234800547 0.406014234
1403637169.388319 0.783649445 0.203186154 -0.617751420 -0.027291991 0.878797650 0.231099352 0.416608781
1403637169.438319 0.792111695 0.200386301 -0.608112097 -0.027293231 0.873758018 0.227567434 0.428969681
1403637169.488319 0.800358593 0.197323024 -0.598335445 -0.026192993 0.868554533 0.223318651 0.441651165
1403637169.538319 0.808703721 0.194224864 -0.588700354 -0.027824158 0.862817705 0.217080221 0.455683678
1403637169.588319 0.817275822 0.190857336 -0.578140974 -0.027502224 0.856459796 0.210534871 0.470526606
1403637169.638319 0.825850546 0.188176602 -0.568036973 -0.030187687 0.849840939 0.201483950 0.486069202
1403637169.688319 0.833070099 0.184372187 -0.557755947 -0.029219572 0.841854870 0.195374891 0.502250195
1403637169.738319 0.841797531 0.179796010 -0.545927405 -0.029903924 0.833823979 0.191423565 0.516914248
1403637169.788319 0.849592149 0.175668150 -0.535191059 -0.030278547 0.825013638 0.187834918 0.532121956
1403637169.838319 0.857304633 0.172782898 -0.523473084 -0.029659865 0.816689074 0.183322310 0.546380997
1403637169.888319 0.866054177 0.171120048 -0.511425018 -0.032778617 0.809402049 0.176721320 0.559073687
1403637169.938319 0.872645676 0.167703271 -0.499979675 -0.033683363 0.801607013 0.171448916 0.571748972
1403637169.988319 0.880972981 0.165624559 -0.487881601 -0.035202049 0.794508874 0.165052876 0.583330095
1403637170.038319 0.888694048 0.163027242 -0.474202156 -0.037058465 0.787559032 0.160561502 0.593799233
1403637170.088319 0.895206273 0.159395024 -0.461455852 -0.038709704 0.779543877 0.157894447 0.604882002
1403637170.138319 0.902957082 0.157782510 -0.447587401 -0.038358469 0.772041976 0.153131798 0.615654528
1403637170.188319 0.909943819 0.155114457 -0.434282422 -0.037807398 0.763993919 0.148758918 0.626701415
1403637170.238319 0.916331351 0.152084380 -0.419706225 -0.038132969 0.756238818 0.144575551 0.636982441
1403637170.288319 0.923054397 0.150578618 -0.404897749 -0.038921498 0.748445570 0.138844162 0.647330403
1403637170.338319 0.929026246 0.147604525 -0.390171051 -0.036165111 0.739528298 0.134956568 0.658465385
1403637170.388319 0.936087251 0.146209583 -0.373783767 -0.029003326 0.729330182 0.133311272 0.670421004
1403637170.438319 0.942252934 0.144434303 -0.358410895 -0.018679874 0.718222022 0.131893352 0.682943881
1403637170.488319 0.948547006 0.143620759 -0.342207909 -0.006539378 0.706332743 0.130098358 0.695791483
1403637170.538319 0.952802241 0.140894800 -0.326296628 0.005156375 0.693925321 0.127590746 0.708633661
1403637170.588319 0.957774639 0.138812229 -0.310560882 0.016734514 0.681686401 0.123419404 0.720965505
1403637170.638319 0.962309539 0.137385339 -0.293172807 0.025711896 0.669705987 0.118903786 0.732594490
1403637170.688319 0.965594888 0.135502145 -0.276426315 0.033832725 0.657911956 0.112982206 0.743802547
1403637170.738319 0.968574166 0.133769721 -0.259833544 0.038819671 0.645750463 0.107477531 0.754948974
1403637170.788319 0.971638262 0.133557886 -0.243814111 0.042778160 0.631338596 0.104266278 0.767274499
1403637170.838319 0.973822415 0.133739069 -0.226410583 0.040409051 0.617995441 0.102746837 0.778390527
1403637170.888319 0.974371970 0.133890569 -0.211511552 0.038925160 0.602815688 0.100053020 0.790624738
1403637170.938319 0.975361109 0.131776363 -0.194380879 0.034076247 0.588422418 0.098457456 0.801812947
1403637170.988319 0.975718677 0.128846005 -0.179939061 0.029047441 0.572697282 0.097834967 0.813389480
1403637171.038319 0.974731088 0.126615435 -0.166188657 0.026659561 0.556999385 0.097006641 0.824397147
1403637171.088319 0.974035442 0.124141306 -0.151544541 0.024702217 0.541266263 0.097920492 0.834764719
1403637171.138319 0.972612917 0.122632556 -0.136908650 0.021353832 0.527931750 0.096707024 0.843492627
1403637171.188319 0.970800877 0.117863074 -0.123849511 0.018651733 0.516196907 0.095888510 0.850880861
1403637171.238319 0.969186187 0.114356890 -0.111128986 0.019599872 0.505794287 0.095035702 0.857179224
1403637171.288319 0.966713667 0.111116581 -0.098304689 0.021132959 0.497860312 0.091818407 0.862124026
1403637171.338319 0.963610649 0.108500399 -0.087181032 0.022165185 0.491530269 0.087232001 0.866196990
1403637171.388319 0.960847795 0.105395541 -0.076143026 0.020630600 0.487330616 0.080438502 0.869260013
1403637171.438319 0.957716346 0.102731816 -0.064615488 0.019273909 0.485591143 0.072917327 0.870926380
1403637171.488319 0.953661203 0.099483371 -0.054719150 0.017092794 0.483069420 0.069026038 0.872689605
1403637171.538319 0.949591041 0.096350580 -0.043603808 0.015563126 0.482017875 0.065763138 0.873551250
1403637171.588319 0.944872022 0.093275905 -0.032498956 0.013993704 0.481877297 0.063284129 0.873838425
1403637171.638319 0.939640224 0.090462610 -0.022271276 0.012252394 0.482621789 0.059520710 0.873718143
1403637171.688319 0.934648275 0.086981334 -0.012224346 0.010938106 0.483557254 0.057493426 0.873354018
1403637171.738319 0.928386390 0.083961032 -0.001991123 0.010564664 0.485480160 0.055829324 0.872399330
1403637171.788319 0.922365189 0.081651255 0.008307755 0.010407227 0.487907380 0.053757876 0.871176302
1403637171.838319 0.915669143 0.079499587 0.018017799 0.010231960 0.490365297 0.051153995 0.869954288
1403637171.888319 0.908699512 0.077434123 0.027936459 0.010793432 0.492759138 0.049988680 0.868661642
1403637171.938319 0.900618076 0.075161129 0.038069010 0.010921020 0.494997501 0.050082028 0.867381155
1403637171.988319 0.892550349 0.073976927 0.046992242 0.012318456 0.496763438 0.049113318 0.866407692
1403637172.038319 0.884657860 0.073151477 0.057587624 0.013451223 0.499310881 0.048707176 0.864948153
1403637172.088319 0.874930620 0.071029097 0.066976964 0.013753628 0.501390874 0.048712365 0.863739014
1403637172.138319 0.865297496 0.070051342 0.076185912 0.014711672 0.501746118 0.052905198 0.863270223
1403637172.188319 0.855020404 0.068231039 0.084703922 0.015190378 0.500184476 0.061455753 0.863601744
1403637172.238319 0.844079673 0.066958763 0.095279157 0.013477961 0.498547763 0.074279986 0.863568723
1403637172.288319 0.832917213 0.065640531 0.104161680 0.012071211 0.495571405 0.088552199 0.863957047
1403637172.338319 0.821881294 0.064869076 0.113622904 0.011764769 0.493553787 0.100819848 0.863771737
1403637172.388319 0.810273767 0.062878959 0.122137755 0.011695417 0.491301000 0.112413138 0.863625944
1403637172.438319 0.798777521 0.060905911 0.130471289 0.012123052 0.490051717 0.122062787 0.863019705
1403637172.488319 0.787647367 0.059294902 0.137608618 0.012772379 0.488129020 0.131356016 0.862735510
1403637172.538319 0.775960565 0.056974955 0.145048663 0.014130461 0.487776816 0.137200773 0.862003505
1403637172.588319 0.764442742 0.054243773 0.151741207 0.014712659 0.487833530 0.141967326 0.861189485
1403637172.638319 0.753218651 0.051848121 0.157425255 0.015712574 0.487681240 0.145635873 0.860645294
1403637172.688319 0.741943538 0.049351260 0.163185984 0.015532247 0.487487763 0.150143579 0.859983325
1403637172.738319 0.730257273 0.046091747 0.168254703 0.014143131 0.488055408 0.153485551 0.859094918
1403637172.788319 0.719686568 0.043659434 0.172866717 0.010941247 0.489324272 0.158298597 0.857545078
1403637172.838319 0.708635449 0.040535510 0.176429436 0.004209579 0.491059512 0.165914819 0.855169654
1403637172.888319 0.697789073 0.037754878 0.180512264 -0.005971601 0.494333297 0.174628839 0.851530194
1403637172.938319 0.688190758 0.036066823 0.183977768 -0.017296096 0.497551352 0.183722302 0.847578704
1403637172.988319 0.678429544 0.034662619 0.187099233 -0.027403798 0.500431597 0.192333117 0.843697369
1403637173.038319 0.668825865 0.033674344 0.190654933 -0.035992522 0.503016949 0.200854540 0.839842796
1403637173.088319 0.660152674 0.033066303 0.193263412 -0.041484371 0.506814599 0.206838921 0.835844278
1403637173.138319 0.652243614 0.033284739 0.196343333 -0.045208804 0.511714041 0.213902146 0.830873489
1403637173.188319 0.644483864 0.033729509 0.199430764 -0.046038803 0.518545628 0.220443279 0.824860990
1403637173.238319 0.638474405 0.034830987 0.202031553 -0.044303004 0.527314305 0.224273518 0.818338692
1403637173.288319 0.632692456 0.035978109 0.204321265 -0.039597172 0.537447989 0.226550728 0.811330080
1403637173.338319 0.627045870 0.036984608 0.206883967 -0.034124851 0.549295902 0.226323307 0.803671122
1403637173.388319 0.621918440 0.038133129 0.208885804 -0.028241631 0.560461402 0.227115139 0.795929730
1403637173.438319 0.617920160 0.039515257 0.210157156 -0.022811132 0.571117520 0.228222162 0.788174510
1403637173.488319 0.614738405 0.041059181 0.211963311 -0.018244108 0.582275689 0.229484200 0.779717326
1403637173.538319 0.611452878 0.042506829 0.213289201 -0.013789573 0.592234373 0.231949002 0.771536112
1403637173.588319 0.608470559 0.044188932 0.213819996 -0.009285121 0.601133585 0.236746296 0.763219118
1403637173.638319 0.605848432 0.046391815 0.214161560 -0.003785099 0.608492076 0.243879274 0.755146325
1403637173.688319 0.603787124 0.048599720 0.214349985 0.000651050 0.615272224 0.252014160 0.746946096
1403637173.738319 0.602546334 0.051423594 0.213894010 0.003302329 0.621376634 0.260867625 0.738801897
1403637173.788319 0.601250947 0.054479718 0.213145033 0.004133427 0.627188981 0.269692838 0.730672717
1403637173.838319 0.600599468 0.057749838 0.211742759 0.002821671 0.632017434 0.280317307 0.722473681
1403637173.888319 0.600234866 0.061227724 0.209601790 -0.001172199 0.636548162 0.289352208 0.714898884
1403637173.938319 0.600449324 0.064922348 0.207112014 -0.009660727 0.642316580 0.291850924 0.708631873
1403637173.988319 0.601127505 0.067368060 0.203912705 -0.017519398 0.649955630 0.287144333 0.703419387
1403637174.038319 0.602762461 0.070168093 0.199807346 -0.024280537 0.659400105 0.273033708 0.700038970
1403637174.088319 0.604955137 0.071958512 0.194879457 -0.023760974 0.668736279 0.257007599 0.697261989
1403637174.138319 0.607400060 0.072506800 0.189948872 -0.019835074 0.678014100 0.238257468 0.695080459
1403637174.188319 0.611011624 0.074028343 0.183845535 -0.010013650 0.684354424 0.222731173 0.694225848
1403637174.238319 0.614120007 0.073730841 0.178539664 -0.000643356 0.689680278 0.209499031 0.693145633
1403637174.288319 0.617239475 0.074068904 0.172575533 0.009768313 0.692378104 0.201827049 0.692663670
1403637174.338319 0.619813919 0.073866293 0.166657135 0.014957280 0.692761421 0.200627446 0.692536354
1403637174.388319 0.622956991 0.073796108 0.160646722 0.020965664 0.692065418 0.201746240 0.692751288
1403637174.438319 0.625364780 0.073207095 0.154106215 0.028592488 0.690429270 0.206515193 0.692705870
1403637174.488319 0.627578914 0.071973071 0.147749871 0.039095767 0.689217150 0.212759793 0.691508889
1403637174.538319 0.629704952 0.071397871 0.140344650 0.044162367 0.690035760 0.215911075 0.689407527
1403637174.588319 0.632316530 0.070927337 0.132656440 0.047621086 0.692496479 0.219224706 0.685653985
1403637174.638319 0.633940578 0.069904029 0.124573521 0.045637608 0.698525012 0.217718929 0.680131197
1403637174.688319 0.636149049 0.070026562 0.116714455 0.044907399 0.707354367 0.213254094 0.672425330
1403637174.738319 0.637550592 0.069658026 0.108147986 0.042695835 0.717343450 0.208524898 0.663410008
1403637174.788319 0.638790727 0.070146583 0.099653341 0.040775236 0.728305280 0.203236371 0.653149128
1403637174.838319 0.639759481 0.070620820 0.090665162 0.037182372 0.737705827 0.204093322 0.642458975
1403637174.888319 0.640309930 0.071036741 0.081744112 0.033974852 0.745266616 0.211350128 0.631470084
1403637174.938319 0.641455531 0.072642602 0.072795138 0.031795356 0.752830923 0.219468087 0.619732559
1403637174.988319 0.642203450 0.074211963 0.063684098 0.029501753 0.760402858 0.225289345 0.608409345
1403637175.038319 0.642441392 0.075483084 0.054863669 0.028707251 0.767282844 0.229535118 0.598135948
1403637175.088319 0.642904043 0.076897405 0.045900278 0.030247863 0.774280608 0.230037555 0.588776112
1403637175.138319 0.643050492 0.078608923 0.036696330 0.034535460 0.780504048 0.228405923 0.580905676
1403637175.188319 0.642637193 0.080465704 0.026829749 0.041480411 0.785604239 0.226270437 0.574375331
1403637175.238319 0.642523348 0.082365468 0.018043995 0.049094990 0.790926933 0.222400799 0.567945600
1403637175.288319 0.641402245 0.083989136 0.008221880 0.055615839 0.795541406 0.217356473 0.562829375
1403637175.338319 0.640602648 0.086694434 -0.001049623 0.059675548 0.800108969 0.211401731 0.558188021
1403637175.388319 0.639372826 0.089536376 -0.010488451 0.063547388 0.803188145 0.207442939 0.554813445
1403637175.438319 0.637548506 0.092134342 -0.019657001 0.065797575 0.804092050 0.208561182 0.552819014
1403637175.488319 0.634667993 0.094819032 -0.028913423 0.066678971 0.803657293 0.213665113 0.551394701
1403637175.538319 0.631929338 0.097969942 -0.038313210 0.066642754 0.801894188 0.220965117 0.551088870
1403637175.588319 0.628569245 0.101392776 -0.048120394 0.065485716 0.799458265 0.228773639 0.551580310
1403637175.638319 0.624633670 0.105236188 -0.057564422 0.061699968 0.796941340 0.237035319 0.552170157
1403637175.688319 0.621033788 0.108914383 -0.067255475 0.058768362 0.795081258 0.242547348 0.552777350
1403637175.738319 0.616773427 0.112413414 -0.076881751 0.057342824 0.793516219 0.246557102 0.553401589
1403637175.788319 0.612087965 0.114718512 -0.086987995 0.053318150 0.793083310 0.247623995 0.553947926
1403637175.838319 0.606901050 0.117391512 -0.097968280 0.049217239 0.793390810 0.245814934 0.554692328
1403637175.888319 0.601740241 0.120019838 -0.109632544 0.043099198 0.794542253 0.241692573 0.555364549
1403637175.938319 0.595830142 0.122029334 -0.120627411 0.038026564 0.796398222 0.235245958 0.555844545
1403637175.988319 0.590552568 0.123826429 -0.132153392 0.036366221 0.798129320 0.228317976 0.556361377
1403637176.038319 0.585284233 0.125920996 -0.143712386 0.039627265 0.798860073 0.222719267 0.557358444
1403637176.088319 0.579126000 0.127144948 -0.155883878 0.042310599 0.799557507 0.216726229 0.558522522
1403637176.138319 0.572787881 0.128706083 -0.167405486 0.042998169 0.800615966 0.210324764 0.559400260
1403637176.188319 0.565768719 0.129932433 -0.179138705 0.044693280 0.800955176 0.205495805 0.560575306
1403637176.238319 0.559763134 0.132198647 -0.191143423 0.045115955 0.801850080 0.201332316 0.560773015
1403637176.288319 0.552379370 0.134838253 -0.202517748 0.045641560 0.802989364 0.199275270 0.559834182
1403637176.338319 0.545046508 0.136340246 -0.213414490 0.046756618 0.803897023 0.199761808 0.558263958
1403637176.388319 0.537245512 0.138905019 -0.225175545 0.045080375 0.804719329 0.199516132 0.557304204
1403637176.438319 0.528950691 0.141724870 -0.236390904 0.043299973 0.805208445 0.202010214 0.555838406
1403637176.488319 0.520097256 0.144648761 -0.247849166 0.037976436 0.806830227 0.204178542 0.553076804
1403637176.538319 0.511513174 0.147614881 -0.259130538 0.034747761 0.808831573 0.207435295 0.549139917
1403637176.588319 0.503070831 0.150478646 -0.269079983 0.033805560 0.811092198 0.212175250 0.544029713
1403637176.638319 0.493891358 0.153955370 -0.280523270 0.032380220 0.813061595 0.217945352 0.538871229
1403637176.688319 0.484055847 0.156628758 -0.292077690 0.030163128 0.814640284 0.223680124 0.534245849
1403637176.738319 0.474997133 0.161266744 -0.301902860 0.029042102 0.816339612 0.228797257 0.529526293
1403637176.788319 0.464959979 0.165047944 -0.311775148 0.027522551 0.818046629 0.232706681 0.525252163
1403637176.838319 0.456752896 0.169302747 -0.323186010 0.025293890 0.819037795 0.236521095 0.522106409
1403637176.888319 0.447565377 0.172419608 -0.332143128 0.022222191 0.819522202 0.242226049 0.518860281
1403637176.938319 0.437920153 0.175650254 -0.342438638 0.018452710 0.819679976 0.247183919 0.516414940
1403637176.988319 0.428029180 0.178794444 -0.352349758 0.013025094 0.819322348 0.252759993 0.514445007
1403637177.038319 0.418695658 0.183274180 -0.362475991 0.008288283 0.818039179 0.260513693 0.512714207
1403637177.088319 0.409259737 0.187994421 -0.373753339 0.000689755 0.815403819 0.270309746 0.511906981
1403637177.138319 0.400528967 0.193976179 -0.383609712 -0.005005165 0.812895060 0.279899895 0.510717809
1403637177.188319 0.392399937 0.197975725 -0.392464399 -0.010210382 0.810733676 0.288582057 0.509241641
1403637177.238319 0.383483529 0.201924771 -0.403128088 -0.015036040 0.808660090 0.295486391 0.508459151
1403637177.288319 0.375424385 0.207138360 -0.413697183 -0.017149949 0.807436109 0.299747288 0.507843018
1403637177.338319 0.368363619 0.213270545 -0.424811959 -0.019762073 0.806164086 0.303516477 0.507530034
1403637177.388319 0.361195326 0.219176576 -0.435496598 -0.022700841 0.805989563 0.304236263 0.507253170
1403637177.438319 0.354572356 0.224514604 -0.446881115 -0.028978305 0.806475043 0.303102791 0.506840110
1403637177.488319 0.348081052 0.230476588 -0.458130896 -0.036587808 0.807861209 0.301037550 0.505369186
1403637177.538319 0.342939675 0.237055302 -0.469125628 -0.042028826 0.810382247 0.297664165 0.502901793
1403637177.588319 0.337798655 0.241996050 -0.481169283 -0.050590012 0.812973022 0.292545080 0.500932038
1403637177.638319 0.333887607 0.247877732 -0.493248999 -0.056610756 0.816114187 0.285448462 0.499271482
1403637177.688319 0.330946475 0.254305184 -0.505401850 -0.060271718 0.819352448 0.277350336 0.498102069
1403637177.738319 0.327466071 0.259485960 -0.517030358 -0.064037897 0.822716236 0.268750668 0.496799976
1403637177.788319 0.325582176 0.264216721 -0.528801322 -0.062452208 0.826331377 0.262503475 0.494335979
1403637177.838319 0.323668659 0.268431723 -0.539919794 -0.058485799 0.828771174 0.262968659 0.490474463
1403637177.888319 0.322199106 0.271266907 -0.551977217 -0.054796338 0.831682324 0.264920741 0.484890610
1403637177.938319 0.321035266 0.275654793 -0.563490629 -0.052380111 0.835728407 0.265901148 0.477609664
1403637177.988319 0.321062267 0.280097485 -0.574790180 -0.054495871 0.840529203 0.266075581 0.468769222
1403637178.038319 0.321258068 0.284483790 -0.586313009 -0.060518615 0.846567869 0.262777358 0.458920956
1403637178.088319 0.321280748 0.289548010 -0.596835434 -0.069029912 0.853414536 0.256930292 0.448224574
1403637178.138319 0.322354198 0.294146359 -0.606795490 -0.073784828 0.859167874 0.254879504 0.437518924
1403637178.188319 0.324204385 0.298453569 -0.616844952 -0.078623615 0.863882840 0.254043251 0.427769572
1403637178.238319 0.326445848 0.302348047 -0.626258016 -0.082620166 0.868899167 0.249593467 0.419393867
1403637178.288319 0.329081684 0.305881172 -0.635812879 -0.085563242 0.873342454 0.243725508 0.412976742
1403637178.338319 0.332746744 0.309199542 -0.645250082 -0.088790976 0.877862930 0.235786766 0.407280475
1403637178.388319 0.336997390 0.311632067 -0.653557956 -0.094098389 0.881102562 0.230541274 0.402062744
1403637178.438319 0.341377944 0.313904643 -0.661404490 -0.096113160 0.883854210 0.225620523 0.398320735
1403637178.488319 0.346561581 0.315372944 -0.668538332 -0.097610727 0.885391176 0.224686921 0.395057559
1403637178.538319 0.352032781 0.316401690 -0.675263524 -0.095881321 0.886482060 0.224592105 0.393083662
1403637178.588319 0.358525038 0.316986471 -0.681596100 -0.093916215 0.887255073 0.225112095 0.391513318
1403637178.638319 0.366228968 0.317301244 -0.686542630 -0.085851327 0.887862325 0.226791725 0.391018629
1403637178.688319 0.373594701 0.317635238 -0.691571295 -0.075211316 0.888137996 0.228290021 0.391711473
1403637178.738319 0.381203771 0.317274004 -0.695753038 -0.062995911 0.888962090 0.227544472 0.392430097
1403637178.788319 0.389378875 0.318179101 -0.700137913 -0.050632175 0.889650226 0.225924835 0.393594772
1403637178.838319 0.397740841 0.318499058 -0.703634679 -0.040249947 0.890276909 0.224246919 0.394335300
1403637178.888319 0.406651527 0.318830937 -0.706477702 -0.028847314 0.890182674 0.225033030 0.395098418
1403637178.938319 0.414725959 0.320220709 -0.708698392 -0.018766485 0.889972985 0.225154638 0.396107733
1403637178.988319 0.422932208 0.320315987 -0.710890770 -0.011828936 0.889829278 0.224758774 0.396922439
1403637179.038319 0.431849003 0.322593957 -0.713175952 -0.005337659 0.889770389 0.223415986 0.397951454
1403637179.088319 0.440067470 0.323173851 -0.714280844 -0.004157788 0.889086127 0.225075111 0.398559570
1403637179.138319 0.447886586 0.325110167 -0.715153694 -0.005325017 0.887673974 0.229385793 0.399235189
1403637179.188319 0.455306262 0.326904535 -0.715888798 -0.005676476 0.886500835 0.232035726 0.400304258
1403637179.238319 0.463262975 0.328285307 -0.716125250 -0.009538118 0.885259867 0.234979495 0.401258796
1403637179.288319 0.471217632 0.328800350 -0.716641068 -0.012496436 0.884454012 0.236657262 0.401967973
1403637179.338319 0.479765683 0.328392595 -0.716737628 -0.016147373 0.884380817 0.236765549 0.401935220
1403637179.388319 0.486969650 0.328115910 -0.717195928 -0.018215079 0.883732140 0.237369314 0.402916282
1403637179.438319 0.494541883 0.326255590 -0.717323899 -0.019679070 0.883277774 0.237845838 0.403562188
1403637179.488319 0.502496958 0.323846847 -0.717407405 -0.019679977 0.882813692 0.239042297 0.403870642
1403637179.538319 0.510707438 0.321971327 -0.717146277 -0.019128915 0.882661045 0.239077851 0.404209495
1403637179.588319 0.518430829 0.319963932 -0.716527343 -0.019100271 0.883180439 0.237825900 0.403814673
1403637179.638319 0.526227236 0.317961872 -0.716231585 -0.018189441 0.883157194 0.237678915 0.403994054
1403637179.688319 0.534135044 0.317157865 -0.714754701 -0.018309062 0.883960843 0.235858351 0.403297424
1403637179.738319 0.542285085 0.317286164 -0.713088751 -0.020718956 0.884997308 0.233657226 0.402187467
1403637179.788319 0.549969494 0.318272471 -0.711345911 -0.026656972 0.886135221 0.230941907 0.400898606
1403637179.838319 0.558407784 0.320269883 -0.709229171 -0.034521174 0.887930453 0.225390926 0.399483174
1403637179.888319 0.565928400 0.323363066 -0.706848085 -0.041492987 0.889856458 0.218601242 0.398305506
1403637179.938319 0.574479818 0.325977564 -0.703461885 -0.046376627 0.891483128 0.213149935 0.397082061
1403637179.988319 0.583077192 0.329265624 -0.699425340 -0.047334768 0.892005563 0.211224988 0.396824270
1403637180.038319 0.592070103 0.332284033 -0.695099056 -0.043037493 0.891450822 0.214575037 0.396762908
1403637180.088319 0.600809813 0.335256577 -0.690559983 -0.037516389 0.890037537 0.219080940 0.398031771
1403637180.138319 0.609150827 0.336793035 -0.685281575 -0.030125646 0.888602316 0.223979831 0.399138272
1403637180.188319 0.618093014 0.338636249 -0.680002093 -0.022977138 0.886759341 0.229888469 0.400351375
1403637180.238319 0.627050698 0.340344071 -0.674560249 -0.017157990 0.885327280 0.233578578 0.401674360
1403637180.288319 0.635731518 0.341342807 -0.668278098 -0.012083458 0.883857369 0.237813726 0.402609915
1403637180.338319 0.644145131 0.341643482 -0.662574530 -0.009195783 0.882658184 0.240686655 0.403608590
1403637180.388319 0.652750134 0.341888100 -0.656881154 -0.008053684 0.879930615 0.248727500 0.404712021
1403637180.438319 0.661322296 0.341769040 -0.650485516 -0.010287526 0.877308607 0.257548243 0.404836625
1403637180.488319 0.669784248 0.341606557 -0.644369960 -0.013364360 0.874244153 0.267658621 0.404817760
1403637180.538319 0.678224623 0.341577351 -0.638738990 -0.016010545 0.872052431 0.274610668 0.404792786
1403637180.588319 0.686986983 0.341271222 -0.633478463 -0.019223001 0.871242166 0.277379870 0.404509574
1403637180.638319 0.695741057 0.339982271 -0.628152907 -0.025584875 0.873555362 0.270698279 0.403693974
1403637180.688319 0.704739749 0.337714165 -0.623181641 -0.027748203 0.876462162 0.261872202 0.403072089
1403637180.738319 0.714383781 0.336272120 -0.617225051 -0.026413227 0.878851295 0.255810320 0.401850581
1403637180.788319 0.723289967 0.333301574 -0.612659156 -0.026416186 0.881078780 0.250008583 0.400622040
1403637180.838319 0.732473493 0.331844747 -0.607009828 -0.028566074 0.883213758 0.244643256 0.399082750
1403637180.888319 0.742313147 0.329286605 -0.600794315 -0.034512125 0.886175692 0.237509534 0.396346807
1403637180.938319 0.751612306 0.326176345 -0.595552921 -0.039293017 0.887672246 0.234538853 0.394316524
1403637180.988319 0.761639118 0.322630227 -0.589488208 -0.045038633 0.889529705 0.230619520 0.391820252
1403637181.038319 0.771053731 0.318976939 -0.584234595 -0.051313385 0.890824616 0.228051573 0.389603525
1403637181.088319 0.781124711 0.315170705 -0.577479184 -0.050835263 0.891726136 0.227587312 0.387871444
1403637181.138319 0.790699363 0.310435653 -0.571442485 -0.044892330 0.891669154 0.230019033 0.387300998
1403637181.188319 0.801071405 0.305411458 -0.564127445 -0.035800368 0.891324222 0.233888656 0.386724144
1403637181.238319 0.811359167 0.299734980 -0.557742178 -0.025678935 0.891086519 0.236220464 0.386659175
1403637181.288319 0.821969032 0.294270933 -0.549730539 -0.016304079 0.891640186 0.236846745 0.385506898
1403637181.338319 0.832246661 0.287949234 -0.542506456 -0.010550478 0.892565608 0.235105127 0.384630859
1403637181.388319 0.842464685 0.281646967 -0.535248637 -0.008532101 0.893965185 0.231327683 0.383719832
1403637181.438319 0.853152156 0.274812579 -0.527944446 -0.008911134 0.895042062 0.229333773 0.382395476
1403637181.488319 0.863180220 0.269099623 -0.519826591 -0.011241771 0.895486295 0.229336396 0.381290883
1403637181.538319 0.872458279 0.261536419 -0.512032449 -0.013724333 0.895265102 0.232339233 0.379908472
1403637181.588319 0.882415771 0.255084753 -0.503794730 -0.014378376 0.895009577 0.235355511 0.378627717
1403637181.638319 0.892031252 0.247325599 -0.495279431 -0.015872020 0.894660950 0.238962188 0.377129853
1403637181.688319 0.901803613 0.239901498 -0.486821562 -0.015478306 0.894815147 0.240723401 0.375657380
1403637181.738319 0.911452591 0.232683346 -0.478773743 -0.012031172 0.894436479 0.243731320 0.374744713
1403637181.788319 0.921357155 0.224531695 -0.470236272 -0.008114527 0.894831955 0.244434282 0.373445809
1403637181.838319 0.930933714 0.217430040 -0.461726904 -0.003867406 0.895160496 0.244296625 0.372816145
1403637181.888319 0.940437317 0.210337192 -0.452372491 -0.001403421 0.895670414 0.244184718 0.371680558
1403637181.938319 0.949825644 0.203446209 -0.444095582 -0.000182879 0.895353973 0.245246947 0.371746063
1403637181.988319 0.959369898 0.195973054 -0.434402466 0.000689379 0.895712256 0.245026886 0.371026874
1403637182.038319 0.968623221 0.189566955 -0.425226629 0.001658526 0.896214426 0.242923245 0.371194363
1403637182.088319 0.977582216 0.183385253 -0.416440308 0.004215883 0.897255182 0.238424718 0.371576428
1403637182.138319 0.986771822 0.176361859 -0.407123595 0.007748215 0.897528708 0.236609980 0.372018695
1403637182.188319 0.995621085 0.170586526 -0.397899330 0.014370860 0.897507727 0.234437734 0.373245686
1403637182.238319 1.004019737 0.164957762 -0.388515353 0.021013414 0.897319019 0.232131869 0.374822378
1403637182.288319 1.012178183 0.158416033 -0.379344821 0.027595250 0.896507204 0.231531680 0.376704723
1403637182.338319 1.020946383 0.151921242 -0.369365245 0.033449721 0.896175146 0.229961187 0.377980322
1403637182.388319 1.028608441 0.146271631 -0.359195411 0.036657330 0.896374345 0.227386907 0.378766984
1403637182.438319 1.035444736 0.140651032 -0.350269377 0.042469639 0.895755768 0.224675357 0.381233394
1403637182.488319 1.042218089 0.134911984 -0.340048760 0.040632419 0.897548079 0.217165023 0.381570160
1403637182.538319 1.048735142 0.128629670 -0.330397666 0.038147792 0.898293555 0.213065729 0.382382661
1403637182.588319 1.055310726 0.122543067 -0.319337338 0.034314357 0.899603486 0.208825186 0.382005394
1403637182.638319 1.059932113 0.116625607 -0.310090154 0.032081403 0.899513125 0.207494885 0.383135557
1403637182.688319 1.065177202 0.108647436 -0.299506962 0.031601615 0.899003983 0.208993584 0.383555561
1403637182.738319 1.069527864 0.102271229 -0.288475394 0.033748314 0.898721039 0.208922341 0.384074181
1403637182.788319 1.073758960 0.095112100 -0.277429968 0.036918003 0.897945881 0.211604252 0.384127557
1403637182.838319 1.077492237 0.088771701 -0.266377598 0.040952247 0.897227108 0.213756680 0.384206384
1403637182.888319 1.080698252 0.082377166 -0.254777700 0.044025138 0.896910489 0.214896873 0.383969694
1403637182.938319 1.083436966 0.076000541 -0.243943959 0.048715740 0.896358013 0.216368258 0.383866936
1403637182.988319 1.086388111 0.071360052 -0.232424140 0.054099940 0.895937920 0.217829913 0.383299530
1403637183.038319 1.087968588 0.066525400 -0.220903665 0.060422920 0.894853652 0.220235750 0.383513004
1403637183.088319 1.089916706 0.061901569 -0.208847702 0.065566324 0.894283712 0.221682042 0.383164138
1403637183.138319 1.091292381 0.057972908 -0.196621239 0.070543572 0.893194854 0.224317133 0.383286268
1403637183.188319 1.092052221 0.054955870 -0.184028447 0.073588222 0.892635167 0.225641012 0.383240640
1403637183.238319 1.092261910 0.052569032 -0.171742141 0.076440148 0.891823769 0.227624565 0.383398384
1403637183.288319 1.091967940 0.049440503 -0.160248309 0.077953309 0.891015589 0.229916215 0.383605301
1403637183.338319 1.091394186 0.047276229 -0.147676796 0.080149725 0.890361667 0.232126862 0.383339703
1403637183.388319 1.089348078 0.046066463 -0.135467589 0.082400598 0.889599681 0.233819038 0.383602887
1403637183.438319 1.087870479 0.044313759 -0.122967124 0.082996942 0.889799178 0.233898625 0.382962555
1403637183.488319 1.085772991 0.042320698 -0.110551924 0.083141431 0.890085638 0.233934268 0.382243156
1403637183.538319 1.081750870 0.040660143 -0.099442303 0.084990092 0.889074743 0.236259252 0.382758856
1403637183.588319 1.078262568 0.040583998 -0.086970985 0.086849809 0.888863921 0.236589000 0.382627279
1403637183.638319 1.072863936 0.039246470 -0.075809926 0.089515299 0.888039589 0.238054737 0.383017838
1403637183.688319 1.068360806 0.038649887 -0.064342260 0.091420621 0.888004780 0.238305867 0.382491976
1403637183.738319 1.062961459 0.038922697 -0.052354276 0.094072856 0.886769474 0.241808012 0.382516831
1403637183.788319 1.056602120 0.038795441 -0.040752321 0.097013332 0.884475529 0.247999355 0.383128941
1403637183.838319 1.049730778 0.038133323 -0.029584080 0.099120349 0.882296920 0.254410475 0.383409202
1403637183.888319 1.042088866 0.037840813 -0.019169271 0.101778835 0.880125999 0.260311186 0.383741289
1403637183.938319 1.033011198 0.036651433 -0.009842247 0.104621559 0.877921343 0.266025662 0.384107769
1403637183.988319 1.023832798 0.035195410 0.000070035 0.106082752 0.876099050 0.271656185 0.383926868
1403637184.038319 1.014448524 0.032652408 0.009066820 0.107532687 0.874501050 0.276683331 0.383576512
1403637184.088319 1.003921151 0.030660629 0.017231464 0.107984520 0.873803556 0.279558092 0.382954240
1403637184.138319 0.993466318 0.029386282 0.025595754 0.105901793 0.874238014 0.280343711 0.381968737
1403637184.188319 0.981768847 0.027406961 0.032677859 0.101933464 0.874583185 0.281369746 0.381503493
1403637184.238319 0.969400167 0.026521653 0.039828122 0.094969049 0.876658916 0.278428942 0.380693197
1403637184.288319 0.957238078 0.025085658 0.046774626 0.083218493 0.879059970 0.276011974 0.379665136
1403637184.338319 0.943880141 0.026628733 0.052528322 0.070941374 0.881156981 0.273122400 0.379386127
1403637184.388319 0.930519223 0.027092859 0.059026420 0.058468297 0.882441640 0.272816569 0.378747046
1403637184.438319 0.918088078 0.027691826 0.065825611 0.047630038 0.883074403 0.273640424 0.378195584
1403637184.488319 0.903440714 0.029731303 0.071767360 0.039710555 0.882264078 0.276748061 0.378739566
1403637184.538319 0.889772296 0.031427979 0.077080727 0.032902986 0.881090701 0.280688941 0.379223347
1403637184.588319 0.877327204 0.032610565 0.082993150 0.026555480 0.879508078 0.286417544 0.379111260
1403637184.638319 0.863380194 0.034656972 0.088221073 0.021724826 0.877871335 0.291046232 0.379686743
1403637184.688319 0.850565672 0.037135974 0.093665510 0.018306652 0.876347542 0.295363635 0.380052894
1403637184.738319 0.837275088 0.038222000 0.098080516 0.015931580 0.874273777 0.300945193 0.380556941
1403637184.788319 0.824479997 0.040202141 0.102697313 0.013078172 0.873102188 0.304217666 0.380753338
1403637184.838319 0.812171459 0.041721255 0.106748462 0.010640707 0.872064054 0.306963861 0.381004304
1403637184.888319 0.798891723 0.042473525 0.110675067 0.009447630 0.871343911 0.309042394 0.381003082
1403637184.938319 0.786970258 0.044212684 0.113655686 0.006164080 0.871076226 0.309491426 0.381317735
1403637184.988319 0.774367929 0.044546753 0.115833059 0.007175091 0.869979978 0.312203526 0.381591827
1403637185.038319 0.762433231 0.046102181 0.117703483 0.003668232 0.869588077 0.313191921 0.381725013
1403637185.088319 0.751199007 0.045801327 0.119588017 0.003288103 0.869037151 0.314735115 0.381713837
1403637185.138319 0.739763916 0.045759529 0.120821700 0.003312480 0.868764281 0.315963596 0.381319642
1403637185.188319 0.729126155 0.045791268 0.121411085 0.002688306 0.868811071 0.316106796 0.381099164
1403637185.238319 0.718407512 0.045639858 0.121648088 0.000916623 0.868434906 0.317379624 0.380907029
1403637185.288319 0.707212210 0.044784293 0.121565044 -0.001597485 0.867575169 0.319972396 0.380694747
1403637185.338319 0.696888924 0.044460252 0.120911360 -0.005645317 0.867007494 0.321729124 0.380468786
1403637185.388319 0.687271714 0.043403432 0.119457886 -0.011952359 0.866507292 0.323507220 0.379954457
1403637185.438319 0.677957356 0.042561948 0.118037805 -0.017021338 0.865936339 0.325407296 0.379439890
1403637185.488319 0.668727517 0.041251466 0.116083980 -0.020640641 0.866063714 0.325346410 0.379021585
1403637185.538319 0.660580516 0.039840654 0.113317952 -0.022223145 0.866802156 0.323894024 0.378487557
1403637185.588319 0.652938604 0.038265675 0.110232562 -0.020469798 0.868443429 0.320249349 0.377925068
1403637185.638319 0.645544469 0.036368608 0.106613114 -0.016354555 0.871071935 0.313483208 0.377749264
1403637185.688319 0.638454199 0.034239650 0.102728024 -0.012237986 0.874546885 0.304508537 0.377216816
1403637185.738319 0.631775260 0.032356188 0.098795399 -0.008757407 0.877498448 0.296358526 0.376950115
1403637185.788319 0.625249207 0.031319991 0.094652489 -0.008068354 0.880306363 0.288726002 0.376341403
1403637185.838319 0.618771374 0.030224130 0.090586707 -0.009682227 0.881953537 0.284151554 0.375928342
1403637185.888319 0.612763286 0.029234186 0.086539030 -0.009866899 0.883595645 0.279247642 0.375742108
1403637185.938319 0.606921554 0.028639033 0.082508221 -0.009379802 0.884746909 0.276166290 0.375322640
1403637185.988319 0.601046383 0.028015554 0.078668550 -0.007045108 0.885955036 0.272509694 0.375196576
1403637186.038319 0.595426440 0.027545601 0.074620053 -0.004666109 0.887104511 0.268873572 0.375141025
1403637186.088319 0.590095580 0.027646393 0.070670411 -0.003040286 0.888030648 0.265870869 0.375106663
1403637186.138319 0.584691882 0.026584178 0.066800758 -0.002156595 0.888407648 0.264581770 0.375131607
1403637186.188319 0.579144955 0.025578618 0.062307045 -0.001524112 0.888448000 0.263937861 0.375492483
1403637186.238319 0.573960006 0.024221495 0.058406398 -0.002287943 0.888251424 0.264593691 0.375492066
1403637186.288319 0.568886399 0.022915304 0.054206833 -0.002998329 0.888222873 0.264584035 0.375561535
1403637186.338319 0.564306796 0.021367580 0.049975231 -0.001899800 0.889040112 0.261836231 0.375560790
1403637186.388319 0.559321105 0.019037277 0.046026692 0.000061561 0.889434278 0.260987669 0.375222713
1403637186.438319 0.554396212 0.016546205 0.042024821 0.003247680 0.889519155 0.260603249 0.375274718
1403637186.488319 0.549840868 0.014034867 0.037841603 0.006865149 0.889412284 0.261097640 0.375135481
1403637186.538319 0.545139194 0.011104852 0.033310741 0.012006701 0.889234722 0.261548609 0.375113040
1403637186.588319 0.540521860 0.008364514 0.029041246 0.014172957 0.889338017 0.261539638 0.374798685
1403637186.638319 0.535869002 0.005615130 0.025002614 0.015355594 0.889341772 0.262021899 0.374406159
1403637186.688319 0.531037211 0.003230199 0.020821348 0.016649071 0.888961613 0.263996691 0.373865992
1403637186.738319 0.526714563 0.001610994 0.017286375 0.018799707 0.887737393 0.268305004 0.373605847
1403637186.788319 0.521750450 -0.000479341 0.013530225 0.022295831 0.886169672 0.273465067 0.373394072
1403637186.838319 0.516935647 -0.002334163 0.009953171 0.028100058 0.884061933 0.279578269 0.373471469
1403637186.888319 0.512264073 -0.003407463 0.006144300 0.034444768 0.882078767 0.284894437 0.373611808
1403637186.938319 0.507018268 -0.004463241 0.002444044 0.042137835 0.880355358 0.289068341 0.373682201
1403637186.988319 0.502189100 -0.005321592 -0.002116054 0.047583643 0.878864646 0.292755008 0.373667389
1403637187.038319 0.497469544 -0.005430132 -0.006163239 0.052608635 0.878600419 0.292911738 0.373492122
1403637187.088319 0.492670000 -0.004563972 -0.010642603 0.055436108 0.879076242 0.290982008 0.373471856
1403637187.138319 0.486731768 -0.004704922 -0.015485138 0.054981086 0.880116165 0.288025081 0.373382002
1403637187.188319 0.481074005 -0.003824770 -0.019945100 0.051967219 0.881805241 0.285379022 0.371857136
1403637187.238319 0.474382937 -0.002576873 -0.025289819 0.047027953 0.882840872 0.286060035 0.369526774
1403637187.288319 0.468547463 -0.001400948 -0.030087218 0.038206052 0.883503854 0.289817095 0.366015375
1403637187.338319 0.462519825 0.000916839 -0.035379633 0.030218640 0.884023011 0.293383092 0.362652034
1403637187.388319 0.456578553 0.003125906 -0.040329546 0.020938566 0.884656549 0.295967430 0.359649301
1403637187.438319 0.450175047 0.005746946 -0.046904176 0.014015839 0.884950042 0.298382849 0.357259959
1403637187.488319 0.444515169 0.008045673 -0.052434370 0.009539890 0.885147750 0.300690025 0.354975969
1403637187.538319 0.439323157 0.010708064 -0.057935171 0.006172973 0.885286331 0.303176641 0.352581948
1403637187.588319 0.433151841 0.013184592 -0.063749686 0.004566564 0.885432661 0.304799855 0.350834996
1403637187.638319 0.427856147 0.015204221 -0.070158772 0.004197165 0.885226250 0.307056516 0.349389732
1403637187.688319 0.422800839 0.018075630 -0.076749705 0.005762293 0.885242343 0.308423936 0.348119944
1403637187.738319 0.417629600 0.020484060 -0.083560206 0.006059008 0.884788752 0.310762256 0.347187221
1403637187.788319 0.412542522 0.023565561 -0.090437837 0.006109110 0.884830475 0.311490446 0.346426636
1403637187.838319 0.408221900 0.027334720 -0.097767010 0.006636960 0.883983433 0.314366788 0.345980763
1403637187.888319 0.403664529 0.030293941 -0.104713522 0.004755960 0.884003282 0.315059036 0.345330894
1403637187.938319 0.399149776 0.033879593 -0.112825327 0.001697408 0.884375989 0.314434588 0.344974071
1403637187.988319 0.395369887 0.037530959 -0.120235503 0.000446109 0.885250986 0.312414855 0.344568431
1403637188.038319 0.391743898 0.040793315 -0.128641143 -0.002011415 0.886358261 0.309768468 0.344105333
1403637188.088319 0.387198985 0.045194387 -0.137388125 -0.004076167 0.887358606 0.306698740 0.344258547
1403637188.138319 0.383747309 0.048597395 -0.145952612 -0.005235940 0.888617218 0.303189486 0.344104856
1403637188.188319 0.380711973 0.052849039 -0.154282749 -0.009248684 0.891051054 0.296453416 0.343595475
1403637188.238319 0.377560496 0.056674048 -0.162908405 -0.013722450 0.894002676 0.287856847 0.343087971
1403637188.288319 0.375459164 0.061120585 -0.171477512 -0.015007462 0.896375239 0.280872822 0.342631906
1403637188.338319 0.373793602 0.064981088 -0.179324418 -0.014441333 0.897837996 0.277140677 0.341864705
1403637188.388319 0.370906323 0.068535894 -0.188188717 -0.011195043 0.899250329 0.272612631 0.341915101
1403637188.438319 0.368680716 0.071831465 -0.195898026 -0.007526239 0.900370002 0.269370973 0.341637939
1403637188.488319 0.366302520 0.077051319 -0.204259872 -0.004246771 0.901674092 0.265963018 0.340924382
1403637188.538319 0.365467250 0.081864484 -0.211458489 0.000401002 0.903411508 0.263832092 0.337994188
1403637188.588319 0.364429116 0.085653871 -0.219147578 0.005132872 0.904494464 0.264565587 0.334467530
1403637188.638319 0.362352967 0.091286629 -0.227405608 0.010409405 0.906091869 0.264573485 0.329985052
1403637188.688319 0.360581219 0.095866226 -0.235326082 0.018243425 0.907294691 0.267104685 0.324250877
1403637188.738319 0.358656347 0.100791216 -0.242738336 0.026495405 0.908975005 0.269164622 0.317195356
1403637188.788319 0.356936812 0.104730912 -0.250261068 0.035246070 0.910073042 0.273346871 0.309525967
1403637188.838319 0.354802310 0.110095151 -0.257735431 0.041609485 0.911442280 0.277000844 0.301350594
1403637188.888319 0.352664828 0.115898520 -0.265642107 0.045149125 0.912936449 0.279557705 0.293864042
1403637188.938319 0.350346208 0.121614128 -0.273483187 0.046562105 0.914111137 0.281948745 0.287641704
1403637188.988319 0.347568154 0.126658201 -0.280475587 0.043310516 0.915273130 0.284726590 0.281655818
1403637189.038319 0.344202518 0.131016538 -0.288486779 0.036054507 0.916220665 0.287225038 0.277022630
1403637189.088319 0.341521591 0.135724038 -0.296091348 0.029651554 0.916644990 0.290674806 0.272746980
1403637189.138319 0.338255763 0.139790207 -0.304402173 0.022892436 0.915601194 0.297323287 0.269720614
1403637189.188319 0.334440708 0.143894315 -0.312399417 0.019956842 0.914549649 0.302815378 0.267401457
1403637189.238319 0.331160516 0.148632795 -0.319893926 0.019034142 0.913414836 0.308074892 0.265331656
1403637189.288319 0.328459829 0.152848437 -0.327723026 0.021400368 0.912707090 0.311195523 0.263941556
1403637189.338319 0.326114058 0.159133404 -0.335860133 0.026319707 0.913132966 0.310183436 0.263214171
1403637189.388319 0.323231697 0.164655596 -0.343959540 0.030214926 0.914740264 0.305294186 0.262931079
1403637189.438319 0.320051193 0.170154572 -0.352475613 0.032881368 0.917039454 0.297921121 0.263059586
1403637189.488319 0.317100912 0.175600618 -0.360809565 0.033973444 0.918978572 0.291538328 0.263305038
1403637189.538319 0.314135611 0.181083366 -0.369149208 0.032365344 0.920537651 0.286482781 0.263610542
1403637189.588319 0.310629308 0.185868710 -0.377601862 0.029342141 0.921807885 0.282034725 0.264321089
1403637189.638319 0.307624519 0.189610749 -0.385619819 0.025756475 0.922618389 0.279349476 0.264718264
1403637189.688319 0.304337531 0.194021016 -0.394804925 0.023089914 0.923441768 0.275991499 0.265614212
1403637189.738319 0.301000565 0.198322922 -0.402537286 0.020862440 0.923041880 0.276716232 0.266433030
1403637189.788319 0.297063679 0.202229321 -0.412333727 0.019684896 0.922251701 0.278278112 0.267629623
1403637189.838319 0.293668479 0.205634803 -0.420922130 0.016382128 0.921798646 0.279590398 0.268045038
1403637189.888319 0.289877683 0.209118068 -0.430070370 0.016122866 0.922006369 0.278477967 0.268503815
1403637189.938319 0.286727101 0.211403459 -0.438438445 0.017150007 0.922407925 0.277122647 0.268463224
1403637189.988319 0.282902539 0.214078516 -0.446978867 0.015802316 0.923079669 0.275000274 0.268419594
1403637190.038319 0.279519737 0.216358632 -0.456399679 0.016461516 0.923735678 0.272901863 0.268264741
1403637190.088319 0.275493890 0.217604905 -0.464876831 0.015464139 0.924633026 0.270449460 0.267715812
1403637190.138319 0.272202611 0.219502628 -0.473366022 0.016262854 0.925038457 0.269449443 0.267275810
1403637190.188319 0.268588632 0.220569193 -0.481467515 0.015913352 0.925757825 0.267691225 0.266571939
1403637190.238319 0.265360355 0.221350834 -0.489933670 0.017775098 0.925953090 0.267336547 0.266131759
1403637190.288319 0.260979176 0.222040087 -0.498961866 0.018184301 0.926237941 0.266615510 0.265835941
1403637190.338319 0.257121772 0.222061276 -0.507236123 0.018400818 0.926369011 0.266723901 0.265254974
1403637190.388319 0.253771335 0.222454861 -0.514877796 0.019826230 0.926434457 0.267169029 0.264474720
1403637190.438319 0.250359297 0.221576601 -0.522872925 0.021642538 0.926404297 0.267706692 0.263893515
1403637190.488319 0.246238753 0.221265212 -0.530888200 0.022149649 0.926881671 0.266471922 0.263424575
1403637190.538319 0.242620543 0.220870972 -0.538058639 0.019888304 0.927335024 0.266358405 0.262120843
1403637190.588319 0.238451540 0.221678674 -0.545970738 0.017482782 0.927797019 0.264980882 0.262053877
1403637190.638319 0.235153288 0.221443862 -0.552947760 0.011975614 0.928027809 0.263726562 0.262810260
1403637190.688319 0.231300697 0.222410128 -0.559617996 0.007482191 0.927641869 0.261834443 0.266209215
1403637190.738319 0.227841079 0.222839087 -0.566114545 0.007192391 0.925955653 0.262113392 0.271755397
1403637190.788319 0.224122941 0.223284751 -0.572575092 0.008519022 0.924196720 0.261927605 0.277816087
1403637190.838319 0.219854936 0.224277377 -0.578944325 0.010935435 0.922182977 0.262034684 0.284247726
1403637190.888319 0.216644794 0.224851489 -0.584567249 0.013887102 0.920406103 0.262149304 0.289719731
1403637190.938319 0.213118017 0.226843864 -0.590669870 0.016943522 0.918879986 0.261656612 0.294802070
1403637190.988319 0.209279984 0.228191614 -0.596558511 0.019259017 0.917585313 0.261120915 0.299135774
1403637191.038319 0.206030563 0.229705513 -0.601998210 0.020184752 0.916558981 0.260414243 0.302814603
1403637191.088319 0.202011183 0.231081203 -0.606953144 0.021640349 0.915832818 0.259346396 0.305812627
1403637191.138319 0.198120832 0.233649343 -0.612609625 0.022218453 0.915123522 0.258488774 0.308607817
1403637191.188319 0.194364354 0.235860437 -0.617463171 0.021572646 0.914872348 0.257341921 0.310351908
1403637191.238319 0.190542042 0.237830848 -0.622089863 0.020939065 0.914652824 0.256997555 0.311326265
1403637191.288319 0.185983464 0.239838749 -0.627305984 0.019336311 0.914334476 0.256732523 0.312581211
1403637191.338319 0.182049766 0.241775453 -0.631243289 0.019120669 0.914408326 0.255829036 0.313118756
1403637191.388319 0.178105190 0.244365796 -0.636024952 0.016840762 0.914866090 0.254233062 0.313212395
1403637191.438319 0.173779473 0.247051507 -0.640505731 0.015053517 0.915182292 0.253119677 0.313281417
1403637191.488319 0.169456616 0.249094963 -0.644686699 0.014907267 0.915401697 0.252625316 0.313046277
1403637191.538319 0.165058672 0.251438111 -0.648881018 0.012054858 0.915928841 0.251484931 0.312545031
1403637191.588319 0.160774857 0.252967119 -0.653077722 0.008027147 0.916311383 0.251355320 0.311656028
1403637191.638319 0.156445742 0.254060209 -0.656254411 0.003887671 0.915743828 0.254909813 0.310514212
1403637191.688319 0.152178839 0.255262911 -0.660001874 0.000628032 0.914612889 0.260445029 0.309275270
1403637191.738319 0.148276970 0.255789578 -0.663433492 -0.001414625 0.913561881 0.265165806 0.308366328
1403637191.788319 0.144298837 0.255503595 -0.666157484 -0.004631248 0.912595749 0.269790024 0.307182223
1403637191.838319 0.139913619 0.256120503 -0.669942319 -0.010473079 0.912760735 0.270023167 0.306342393
1403637191.888319 0.135876164 0.256119967 -0.673432827 -0.017046457 0.913262546 0.269234985 0.305243224
1403637191.938319 0.132513747 0.255590707 -0.677252233 -0.023854000 0.914018333 0.267435908 0.304104328
1403637191.988319 0.129243314 0.254368842 -0.680277586 -0.029234814 0.914525867 0.266361266 0.303050250
1403637192.038319 0.126348108 0.253380477 -0.683205724 -0.031137984 0.914015055 0.269104600 0.301976264
1403637192.088319 0.123594701 0.251682252 -0.686216593 -0.031259507 0.912495255 0.274944901 0.301298082
1403637192.138319 0.121403933 0.249798790 -0.689094186 -0.032141995 0.911171913 0.279864848 0.300679773
1403637192.188319 0.119513243 0.247476563 -0.692242265 -0.033726644 0.910201252 0.283407480 0.300127298
1403637192.238319 0.117842972 0.245040685 -0.695141077 -0.036221210 0.909813702 0.284888089 0.299609393
1403637192.288319 0.116667032 0.242028251 -0.698226929 -0.041616865 0.910049856 0.284207135 0.298837066
1403637192.338319 0.115847200 0.239584610 -0.701493979 -0.046333797 0.910731792 0.281713575 0.298426270
1403637192.388319 0.115728930 0.236217290 -0.704642296 -0.047869023 0.911643445 0.278932393 0.298012555
1403637192.438319 0.115989566 0.233988121 -0.707348824 -0.045228224 0.911470711 0.280208051 0.297756642
1403637192.488319 0.116278782 0.230809197 -0.709656477 -0.039203946 0.910085499 0.285586774 0.297737688
1403637192.538319 0.117142141 0.228782490 -0.712503195 -0.032444686 0.908556819 0.290943623 0.298032939
1403637192.588319 0.118404269 0.226953268 -0.714646935 -0.026138419 0.906939566 0.296475887 0.298126549
1403637192.638319 0.120142743 0.225160167 -0.716257393 -0.021878822 0.905640066 0.300870359 0.298017412
1403637192.688319 0.121848240 0.223741055 -0.718533278 -0.018984804 0.904621899 0.303918570 0.298215181
1403637192.738319 0.123813331 0.222615123 -0.721361637 -0.017021051 0.904207647 0.305005550 0.298480302
1403637192.788319 0.126388848 0.221722901 -0.723663926 -0.016172061 0.904338896 0.304526776 0.298618615
1403637192.838319 0.129188433 0.220156088 -0.726150155 -0.015849182 0.905101597 0.302096695 0.298793316
1403637192.888319 0.131937027 0.219372645 -0.729564488 -0.014991500 0.906299710 0.298040718 0.299278766
1403637192.938319 0.134786308 0.217960924 -0.732913613 -0.012889368 0.907185972 0.294704199 0.299994886
1403637192.988319 0.137941733 0.215799153 -0.735834181 -0.012127317 0.908121705 0.291474909 0.300350338
1403637193.038319 0.141477421 0.214197785 -0.739515662 -0.009346327 0.908283770 0.290392578 0.301007181
1403637193.088319 0.145034984 0.211753517 -0.742906570 -0.003724825 0.907179236 0.293541014 0.301406026
1403637193.138319 0.148142576 0.210012108 -0.747047722 0.005967075 0.904414415 0.300969660 0.302351236
1403637193.188319 0.152166441 0.207187697 -0.750359952 0.016368499 0.901357830 0.309430003 0.302554458
1403637193.238319 0.156195849 0.204753578 -0.754512787 0.022684339 0.898995638 0.315451205 0.302956790
1403637193.288319 0.159577265 0.203224421 -0.759305596 0.026761433 0.897583306 0.318869442 0.303233117
1403637193.338319 0.163122058 0.201945335 -0.763050556 0.020688720 0.899262786 0.315260559 0.302504957
1403637193.388319 0.167253956 0.201799810 -0.767633080 0.014808216 0.901783526 0.308925062 0.301881492
1403637193.438319 0.170703709 0.201494783 -0.772245049 0.008289238 0.904393077 0.301991016 0.301340133
1403637193.488319 0.174326822 0.201522365 -0.777673364 0.002775417 0.906186163 0.296637207 0.301372528
1403637193.538319 0.178199738 0.201501623 -0.782706201 -0.003010084 0.907713950 0.291959286 0.301340461
1403637193.588319 0.182333678 0.201461300 -0.787608564 -0.007811826 0.908521831 0.289470226 0.301220864
1403637193.638319 0.186128482 0.200923562 -0.792878151 -0.011034468 0.909041643 0.287561327 0.301380157
1403637193.688319 0.190634906 0.200306654 -0.797972322 -0.013789926 0.909282386 0.286639065 0.301419109
1403637193.738319 0.194740281 0.199291706 -0.803294897 -0.016668864 0.909613609 0.285392314 0.301457167
1403637193.788319 0.199389011 0.198383927 -0.808838487 -0.018069673 0.909714341 0.284783185 0.301648438
1403637193.838319 0.204069048 0.196417332 -0.814043760 -0.020115932 0.909676671 0.284590781 0.301814139
1403637193.888319 0.209257424 0.194891661 -0.819001257 -0.020289112 0.909832239 0.284273952 0.301632196
1403637193.938319 0.214300811 0.193420246 -0.825129151 -0.018354693 0.910238922 0.282794148 0.301920027
1403637193.988319 0.219858438 0.191870868 -0.830076039 -0.017251594 0.911571622 0.278831273 0.301650017
1403637194.038319 0.225358173 0.192196772 -0.835793614 -0.014707053 0.912784994 0.274839789 0.301778585
1403637194.088319 0.230838358 0.191994086 -0.840299606 -0.013010666 0.913628697 0.272469372 0.301452845
1403637194.138319 0.236637160 0.192872614 -0.844778895 -0.012389318 0.914268136 0.270613432 0.301212013
1403637194.188319 0.242551893 0.193805516 -0.849361479 -0.011826899 0.914322615 0.270592541 0.301088035
1403637194.238319 0.248742893 0.194694534 -0.853315711 -0.010803253 0.913587809 0.273276389 0.300932854
1403637194.288319 0.254668951 0.195896924 -0.857292831 -0.010482913 0.913354754 0.274148762 0.300858229
1403637194.338319 0.260965675 0.196125016 -0.861726522 -0.011146298 0.912724257 0.276680112 0.300430268
1403637194.388319 0.267546833 0.196940213 -0.865293026 -0.011778152 0.912371576 0.277890384 0.300360292
1403637194.438319 0.273318440 0.197806343 -0.870319068 -0.012745228 0.912018657 0.278825283 0.300526202
1403637194.488319 0.279777288 0.197116300 -0.874217987 -0.011276050 0.911723733 0.279935837 0.300447464
1403637194.538319 0.286399871 0.196314394 -0.878005505 -0.011725727 0.911428690 0.281044841 0.300289899
1403637194.588319 0.292899370 0.196114808 -0.882010221 -0.011564015 0.911353230 0.281438500 0.300156623
1403637194.638319 0.299825281 0.194986969 -0.886311173 -0.012512937 0.911196947 0.282348871 0.299737811
1403637194.688319 0.306535244 0.194141626 -0.890279889 -0.013765192 0.910393596 0.285321146 0.299308956
1403637194.738319 0.313664138 0.193001777 -0.894793808 -0.014635438 0.909429014 0.288769603 0.298892677
1403637194.788319 0.320806921 0.191750169 -0.899018049 -0.014839353 0.908776999 0.291320860 0.298389494
1403637194.838319 0.328487784 0.190953642 -0.903638482 -0.014751022 0.908344984 0.293209314 0.297859341
1403637194.888319 0.335769087 0.189631224 -0.907474279 -0.015098105 0.907915652 0.294954360 0.297427624
1403637194.938319 0.343929052 0.189238429 -0.912214875 -0.012245093 0.908565342 0.293121666 0.297386557
1403637194.988319 0.352333486 0.188560456 -0.916257918 -0.009742557 0.909970343 0.289524496 0.296706319
1403637195.038319 0.359772205 0.188386530 -0.920036793 -0.008109896 0.911965907 0.283796757 0.296161771
1403637195.088319 0.367964506 0.188562065 -0.924960732 -0.006195944 0.913363278 0.279312164 0.296165317
1403637195.138319 0.375591755 0.188862413 -0.929367483 -0.004711560 0.914890170 0.274502456 0.295976490
1403637195.188319 0.383815259 0.188871384 -0.932998538 -0.003261921 0.916288316 0.270154953 0.295671135
1403637195.238319 0.391634583 0.189413905 -0.936519861 -0.002080820 0.917331219 0.266919523 0.295386255
1403637195.288319 0.400271118 0.190700144 -0.939877868 -0.001663319 0.918317437 0.263682514 0.295231938
1403637195.338319 0.408170193 0.191129178 -0.943430066 0.000103076 0.918781281 0.261985213 0.295304388
1403637195.388319 0.416329771 0.192437351 -0.947116494 -0.000826289 0.919085681 0.260581225 0.295598119
1403637195.438319 0.424165189 0.193147391 -0.950137436 0.001044122 0.918790162 0.259661615 0.297320306
1403637195.488319 0.432588518 0.193372905 -0.952883422 0.001354864 0.917569160 0.260178000 0.300620109
1403637195.538319 0.440464765 0.193416893 -0.955792010 0.001564368 0.915717900 0.261754245 0.304865539
1403637195.588319 0.448477060 0.193733841 -0.958529949 0.001051596 0.914559364 0.261197805 0.308797330
1403637195.638319 0.456722140 0.193248123 -0.961148024 0.000995109 0.913516641 0.260495365 0.312455684
1403637195.688319 0.464394569 0.192470759 -0.963719368 0.001540400 0.912720621 0.259325206 0.315735996
1403637195.738319 0.472207308 0.191340297 -0.966844678 0.000703356 0.912239671 0.257621109 0.318511695
1403637195.788319 0.479626775 0.190245450 -0.969301581 -0.001404813 0.911412358 0.257626712 0.320864499
1403637195.838319 0.487352431 0.188950986 -0.971594214 -0.006339257 0.911945164 0.253633916 0.322468072
1403637195.888319 0.494970918 0.187768042 -0.974040627 -0.012370508 0.912063003 0.251479268 0.323645234
1403637195.938319 0.502971172 0.186569780 -0.976086259 -0.018110044 0.912301421 0.249238148 0.324435651
1403637195.988319 0.510391653 0.185851246 -0.977921963 -0.025667813 0.912999451 0.245241120 0.325007737
1403637196.038319 0.517983794 0.184485823 -0.979764819 -0.032412674 0.913725197 0.241321445 0.325299412
1403637196.088319 0.525957942 0.184108078 -0.980797052 -0.038162485 0.915527105 0.233753741 0.325135291
1403637196.138319 0.534127772 0.182770044 -0.981338263 -0.043232519 0.917507946 0.225557059 0.324706286
1403637196.188319 0.541834533 0.181891769 -0.981807709 -0.047070760 0.919712126 0.215811774 0.324560076
1403637196.238319 0.550764859 0.181274503 -0.981875598 -0.048842549 0.921854496 0.206846520 0.324057460
1403637196.288319 0.559427023 0.180585742 -0.980998516 -0.050239015 0.923722506 0.198855788 0.323526055
1403637196.338319 0.568221152 0.179769829 -0.979376435 -0.052061897 0.925434351 0.192071170 0.322443008
1403637196.388319 0.577252209 0.178779319 -0.977246284 -0.053513184 0.926790655 0.186783448 0.321414590
1403637196.438319 0.586141229 0.177700669 -0.974156678 -0.054041721 0.927635729 0.183796108 0.320609421
1403637196.488319 0.595594645 0.176657319 -0.970572054 -0.052432902 0.927860320 0.183957741 0.320133716
1403637196.538319 0.604859054 0.175798908 -0.966125488 -0.050944474 0.927908778 0.185136825 0.319553286
1403637196.588319 0.614835262 0.174793243 -0.961139143 -0.047206905 0.927944958 0.186082125 0.319473267
1403637196.638319 0.623528183 0.174804851 -0.955206156 -0.044498023 0.927614272 0.189123362 0.319036156
1403637196.688319 0.633100867 0.173577398 -0.948389769 -0.040787168 0.927269578 0.191898137 0.318877161
1403637196.738319 0.643404663 0.172943652 -0.941167593 -0.036527030 0.927191079 0.193975151 0.318364829
1403637196.788319 0.652522266 0.171992064 -0.933274031 -0.032401655 0.926556170 0.197491735 0.318497688
1403637196.838319 0.662008822 0.171287209 -0.924682260 -0.032213319 0.926713943 0.197977334 0.317755431
1403637196.888319 0.671591580 0.170348614 -0.915578961 -0.032791611 0.927455366 0.195804611 0.316878229
1403637196.938319 0.681447685 0.169984907 -0.906060100 -0.029942956 0.927717924 0.195533440 0.316558957
1403637196.988319 0.691025436 0.168553293 -0.895665884 -0.021986494 0.927207410 0.197822377 0.317284256
1403637197.038319 0.701189637 0.167424738 -0.884696364 -0.014705023 0.925606966 0.202247500 0.319580138
1403637197.088319 0.710233390 0.165847152 -0.873721063 -0.009413443 0.923204303 0.206259802 0.324132860
1403637197.138319 0.719496608 0.164100885 -0.862117052 -0.005415546 0.920418501 0.209648803 0.329921007
1403637197.188319 0.729372442 0.162026048 -0.850101233 -0.002062391 0.916556716 0.214385912 0.337576956
1403637197.238319 0.737955511 0.159226000 -0.837945163 -0.000011887 0.912297070 0.216663644 0.347521126
1403637197.288319 0.745782852 0.156467170 -0.825497985 0.001320712 0.906396568 0.221332759 0.359798998
1403637197.338319 0.754186332 0.152888209 -0.812796116 0.002039066 0.900102556 0.225215331 0.372946739
1403637197.388319 0.761804283 0.148366511 -0.799539924 0.003542450 0.893233538 0.227037653 0.388040155
1403637197.438319 0.769708574 0.144713432 -0.786671638 0.003749714 0.885321558 0.228478774 0.404955715
1403637197.488319 0.777205169 0.140523940 -0.773677468 -0.000710547 0.876798391 0.228193060 0.423263550
1403637197.538319 0.784863472 0.136087537 -0.761028826 -0.004710009 0.867446840 0.226822376 0.442792743
1403637197.588319 0.792322159 0.131909877 -0.748312294 -0.010607933 0.857210279 0.224482730 0.463341683
1403637197.638319 0.799653053 0.126832783 -0.735419154 -0.014160640 0.846712351 0.221006304 0.483770549
1403637197.688319 0.807196438 0.121433169 -0.721663356 -0.016438179 0.836152971 0.216054082 0.503883660
1403637197.738319 0.814380407 0.115943909 -0.708257794 -0.019755764 0.825753927 0.210094944 0.523068249
1403637197.788319 0.821168423 0.108808115 -0.695016801 -0.022836100 0.815542519 0.203155324 0.541384280
1403637197.838319 0.828014910 0.103850499 -0.681871057 -0.026129438 0.805806696 0.192082480 0.559550941
1403637197.888319 0.835040450 0.096618384 -0.668722987 -0.030379206 0.795828342 0.184846327 0.575817883
1403637197.938319 0.841945887 0.090011805 -0.654014707 -0.031930599 0.786262929 0.178210080 0.590772569
1403637197.988319 0.847813308 0.083056018 -0.641065598 -0.033839349 0.776305616 0.171680495 0.605582595
1403637198.038319 0.855386496 0.076062366 -0.626878500 -0.034611043 0.766679227 0.165805399 0.619284749
1403637198.088319 0.861224592 0.069600031 -0.612538815 -0.033939116 0.757376850 0.160341904 0.632075071
1403637198.138319 0.867083788 0.060408533 -0.598459184 -0.034994882 0.747908056 0.156246975 0.644201577
1403637198.188319 0.873042643 0.052020162 -0.584137261 -0.034824152 0.738284290 0.153307855 0.655911744
1403637198.238319 0.879139304 0.042196557 -0.568737864 -0.036862809 0.728759170 0.150681779 0.666967928
1403637198.288319 0.883967102 0.033637792 -0.554253221 -0.036912788 0.720066309 0.142984137 0.678009987
1403637198.338319 0.889428139 0.024727598 -0.539061248 -0.037937317 0.711262107 0.138276443 0.688147187
1403637198.388319 0.895008564 0.015374005 -0.524094760 -0.039267518 0.703953266 0.129465267 0.697242081
1403637198.438319 0.899124146 0.006169215 -0.507933676 -0.039614659 0.698199451 0.121772394 0.704357624
1403637198.488319 0.904237926 -0.002720326 -0.493404895 -0.040348593 0.693369508 0.115511365 0.710118175
1403637198.538319 0.907495618 -0.010427251 -0.478185415 -0.040946402 0.690079987 0.108750276 0.714343369
1403637198.588319 0.911728978 -0.018328220 -0.461337626 -0.041862875 0.688135386 0.103051282 0.717006028
1403637198.638319 0.916232586 -0.025935218 -0.443754137 -0.043521266 0.687139213 0.098472573 0.718504488
1403637198.688319 0.920072079 -0.032496333 -0.426028848 -0.042707715 0.685932040 0.097021535 0.719902873
1403637198.738319 0.923179090 -0.037293673 -0.408986479 -0.041407876 0.684354603 0.096148498 0.721595168
1403637198.788319 0.926463127 -0.041958690 -0.390463054 -0.039115038 0.683984399 0.094943680 0.722233415
1403637198.838319 0.929556251 -0.047026947 -0.372038841 -0.033442993 0.683703065 0.093118057 0.723021924
1403637198.888319 0.931911528 -0.051878408 -0.352389753 -0.026650609 0.684395850 0.091521643 0.722852588
1403637198.938319 0.933691502 -0.056316420 -0.331770778 -0.017002987 0.684209943 0.093731105 0.723036766
1403637198.988319 0.935363293 -0.060326859 -0.311923295 -0.005720647 0.682445765 0.094996169 0.724714339
1403637199.038319 0.937396944 -0.064685985 -0.290644020 0.002897771 0.679735959 0.099033199 0.726734519
1403637199.088319 0.937277555 -0.069462933 -0.270817578 0.007244950 0.674955845 0.104047380 0.730449378
1403637199.138319 0.937306643 -0.074157029 -0.251172900 0.009625281 0.669170618 0.109223314 0.734975040
1403637199.188319 0.936410487 -0.079326920 -0.230718344 0.009733927 0.662874043 0.113275498 0.740048587
1403637199.238319 0.935052276 -0.083991058 -0.210736543 0.010029905 0.655703485 0.114909247 0.746155620
1403637199.288319 0.932754636 -0.088823482 -0.190663606 0.009302860 0.648875833 0.113097057 0.752384603
1403637199.338319 0.930247545 -0.093192369 -0.172144845 0.010313817 0.640190721 0.109399490 0.760316491
1403637199.388319 0.928763509 -0.099627778 -0.150334373 0.008797064 0.632443249 0.105276912 0.767368853
1403637199.438319 0.925672352 -0.105691269 -0.128906325 0.009059359 0.623182237 0.100862250 0.775492489
1403637199.488319 0.922860861 -0.111282766 -0.108063281 0.008634024 0.613650739 0.095945954 0.783678830
1403637199.538319 0.918777406 -0.116430730 -0.089124814 0.009187423 0.602619708 0.092864968 0.792553604
1403637199.588319 0.914596319 -0.122030213 -0.069363117 0.009549384 0.591611683 0.088241108 0.801322639
1403637199.638319 0.910451353 -0.127173275 -0.049493432 0.013535368 0.579729915 0.086928770 0.810045302
1403637199.688319 0.905680001 -0.132309914 -0.029148102 0.018462403 0.567199290 0.085378416 0.818935037
1403637199.738319 0.900450289 -0.137212500 -0.009487689 0.021916911 0.554050386 0.084942177 0.827848196
1403637199.788319 0.894327402 -0.140703902 0.009305447 0.029956296 0.538141549 0.087522790 0.837762535
1403637199.838319 0.888217509 -0.142689496 0.028493345 0.038703177 0.521683216 0.088648871 0.847637951
1403637199.888319 0.881020904 -0.144128472 0.047448426 0.049327869 0.503749371 0.090921484 0.857634366
1403637199.938319 0.875221908 -0.145707637 0.067059308 0.059172556 0.484927714 0.092117064 0.867673993
1403637199.988319 0.867838621 -0.145471841 0.084552586 0.072985463 0.465081036 0.091051824 0.877543330
1403637200.038319 0.858682454 -0.145795271 0.101524711 0.083643362 0.445151925 0.089397050 0.887046635
1403637200.088319 0.851511717 -0.145578772 0.119019061 0.090743966 0.426521420 0.083748057 0.896008551
1403637200.138319 0.841704965 -0.146108374 0.135995597 0.096261211 0.408167154 0.076650962 0.904576182
1403637200.188319 0.833139777 -0.144810379 0.151674002 0.093891233 0.391373366 0.070127569 0.912739515
1403637200.238319 0.823953152 -0.143615991 0.166717291 0.088630959 0.374734849 0.064546026 0.920625985
1403637200.288319 0.815344155 -0.142000452 0.180679798 0.076346204 0.362832725 0.054152600 0.927141428
1403637200.338319 0.803494275 -0.138389379 0.194727570 0.059272185 0.354391485 0.043970194 0.932180285
1403637200.388319 0.796431303 -0.136541784 0.206746072 0.043254633 0.344459325 0.040393841 0.936933875
1403637200.438319 0.785553396 -0.133597404 0.218753368 0.027132019 0.337586999 0.038112029 0.940131009
1403637200.488319 0.776034534 -0.132218584 0.228914917 0.012234066 0.331029624 0.038206771 0.942767143
1403637200.538319 0.764053762 -0.129817411 0.240503669 0.004808745 0.325004339 0.042670999 0.944737136
1403637200.588319 0.754516482 -0.128200531 0.249866128 0.002738528 0.318980724 0.048530601 0.946513891
1403637200.638319 0.743058324 -0.127172887 0.259317815 0.000338918 0.315443933 0.053265747 0.947448015
1403637200.688319 0.733109355 -0.127182275 0.267686903 -0.001053796 0.312905252 0.057472777 0.948043287
1403637200.738319 0.721622050 -0.126675189 0.276684463 -0.002225368 0.312175423 0.061571211 0.948024511
1403637200.788319 0.711498201 -0.126059949 0.284588218 0.000091950 0.312016934 0.066502988 0.947746158
1403637200.838319 0.700622559 -0.126192927 0.292866051 0.003777043 0.314306319 0.072752841 0.946522236
1403637200.888319 0.690544963 -0.126272708 0.300255179 0.006191330 0.317622274 0.075900577 0.945154369
1403637200.938319 0.680732727 -0.126347929 0.306925446 0.006621850 0.321737111 0.077911310 0.943594813
1403637200.988319 0.669776678 -0.126830131 0.313181043 0.006388268 0.326534450 0.079416998 0.941821277
1403637201.038319 0.659431696 -0.127234459 0.318954706 0.006413559 0.331337929 0.079999827 0.940092564
1403637201.088319 0.649446249 -0.127926975 0.324480534 0.005641906 0.335839778 0.080846578 0.938426137
1403637201.138319 0.638965845 -0.128863409 0.329768538 0.004140656 0.340875119 0.081247233 0.936582029
1403637201.188319 0.629458427 -0.129312307 0.334396988 0.004474175 0.344320118 0.083264843 0.935141981
1403637201.238319 0.619416714 -0.130670190 0.339082539 0.003132814 0.347229213 0.087528653 0.933681309
1403637201.288319 0.609719634 -0.131797031 0.343075752 0.004697660 0.349299282 0.095094122 0.932161510
1403637201.338319 0.601074100 -0.132518202 0.346423984 0.007511215 0.350595176 0.107644692 0.930289805
1403637201.388319 0.591611385 -0.133998021 0.350036740 0.007737580 0.353514969 0.120460637 0.927607954
1403637201.438319 0.582331479 -0.134796456 0.353196919 0.007380405 0.356625110 0.133794397 0.924588084
1403637201.488319 0.573328376 -0.134876728 0.355408847 0.006418544 0.360423326 0.146660045 0.921164811
1403637201.538319 0.565366447 -0.135114774 0.357741833 0.005864087 0.364284366 0.158307895 0.917715192
1403637201.588319 0.557796240 -0.135017961 0.359604597 0.006412736 0.367665738 0.167288110 0.914765239
1403637201.638319 0.549954176 -0.133987039 0.361081898 0.007774323 0.370787978 0.174617931 0.912120819
1403637201.688319 0.543946922 -0.133585572 0.361379802 0.010067457 0.374024272 0.178759173 0.909972310
1403637201.738319 0.537265420 -0.132302821 0.361680567 0.012637503 0.379395455 0.175441921 0.908360898
1403637201.788319 0.531679273 -0.131265610 0.361871362 0.013501198 0.384755820 0.169439539 0.907232523
1403637201.838319 0.526786923 -0.130259693 0.361424536 0.014733282 0.388587117 0.166095987 0.906198144
1403637201.888319 0.521850288 -0.129027396 0.359821141 0.015441478 0.391507864 0.162417531 0.905595779
1403637201.938319 0.516860664 -0.127642319 0.358371884 0.015350052 0.393709779 0.159920961 0.905086875
1403637201.988319 0.513137043 -0.127190843 0.355255544 0.013391690 0.392782748 0.162623391 0.905039191
1403637202.038319 0.509750843 -0.126029253 0.352733016 0.010929663 0.390931368 0.167169482 0.905045629
1403637202.088319 0.506144822 -0.125276417 0.349326819 0.006315370 0.388030291 0.173234195 0.905197501
1403637202.138319 0.503006518 -0.124442250 0.344847471 -0.000723250 0.385458052 0.177332610 0.905524552
1403637202.188319 0.501835883 -0.124548510 0.339482099 -0.009641762 0.384461284 0.177095085 0.905943632
1403637202.238319 0.499632955 -0.123674661 0.334897459 -0.019814020 0.386791110 0.168789402 0.906372011
1403637202.288319 0.498469949 -0.122513890 0.329610646 -0.030725988 0.389549792 0.157969132 0.906836569
1403637202.338319 0.497807771 -0.121363930 0.324670523 -0.039732069 0.391868651 0.149091989 0.906990588
1403637202.388319 0.497742772 -0.120215178 0.319309831 -0.046815537 0.393787950 0.140730619 0.907157242
1403637202.438319 0.497611582 -0.118750550 0.314156950 -0.050286494 0.395355731 0.134230658 0.907274604
1403637202.488319 0.497592032 -0.117520466 0.308765829 -0.049354609 0.396560788 0.129417434 0.907499194
1403637202.538319 0.499059349 -0.117045723 0.303739488 -0.046894412 0.397136539 0.125934139 0.907867849
1403637202.588319 0.499880731 -0.116052173 0.298521519 -0.041990466 0.397394389 0.123595424 0.908316374
1403637202.638319 0.501929402 -0.115884580 0.293110371 -0.036907971 0.397994459 0.119561262 0.908814251
1403637202.688319 0.503222167 -0.115136109 0.288490474 -0.033296250 0.399293184 0.115260221 0.908939719
1403637202.738319 0.505477250 -0.115543135 0.283244491 -0.029589869 0.399953753 0.111569919 0.909237921
1403637202.788319 0.506936550 -0.115585528 0.277706325 -0.029394757 0.401574075 0.105428472 0.909262896
1403637202.838319 0.508620501 -0.115664527 0.272793591 -0.029864267 0.403621167 0.099616081 0.908996522
1403637202.888319 0.511112273 -0.115071207 0.267648757 -0.031073799 0.405437499 0.093864560 0.908759773
1403637202.938319 0.512894273 -0.115041234 0.263176054 -0.032617901 0.407420933 0.088896535 0.908318043
1403637202.988319 0.515366793 -0.114560112 0.257989287 -0.033782773 0.408471048 0.085545339 0.908125579
1403637203.038319 0.517261863 -0.114064693 0.253172547 -0.034187678 0.409358174 0.083575517 0.907894373
1403637203.088319 0.519324183 -0.113365047 0.248743474 -0.034138776 0.409686625 0.083139189 0.907788157
1403637203.138319 0.521183193 -0.112637244 0.243777901 -0.032647740 0.409188718 0.084687859 0.907924354
1403637203.188319 0.522876203 -0.111574642 0.240023628 -0.033789966 0.410271376 0.082781449 0.907569766
1403637203.238319 0.524708450 -0.110534057 0.235473305 -0.032856334 0.410744727 0.082361728 0.907428086
1403637203.288319 0.526518464 -0.109053083 0.231286347 -0.032776795 0.411347121 0.081290580 0.907254696
1403637203.338319 0.528600991 -0.107969522 0.227184325 -0.032348409 0.411582917 0.080970570 0.907191753
1403637203.388319 0.529706240 -0.106924690 0.223941863 -0.031844169 0.411922425 0.082253471 0.906940043
1403637203.438319 0.531979680 -0.105567038 0.220013633 -0.032756656 0.412238538 0.081415765 0.906839490
1403637203.488319 0.532995999 -0.103807352 0.216616303 -0.032614924 0.412761271 0.081432648 0.906605303
1403637203.538319 0.535027683 -0.102213934 0.213416457 -0.032123312 0.413143456 0.080660522 0.906517744
1403637203.588319 0.536118150 -0.100402422 0.210147202 -0.031957332 0.414068729 0.079006843 0.906247079
1403637203.638319 0.537608743 -0.098681614 0.207124516 -0.032814506 0.415087402 0.077122249 0.905912697
1403637203.688319 0.538547337 -0.096885458 0.204448864 -0.032333735 0.415499568 0.077611081 0.905699253
1403637203.738319 0.540114760 -0.094490238 0.201460212 -0.030987285 0.415807068 0.077639028 0.905602813
1403637203.788319 0.541566133 -0.092591822 0.198869690 -0.030974135 0.416030258 0.078139469 0.905457735
1403637203.838319 0.542519033 -0.090491347 0.196498528 -0.030531833 0.416263252 0.078726865 0.905314744
1403637203.888319 0.543652058 -0.087722793 0.194164872 -0.029894918 0.416647166 0.078066312 0.905216575
1403637203.938319 0.544777453 -0.085314564 0.191789865 -0.029474106 0.416842759 0.077912331 0.905153632
1403637203.988319 0.545387805 -0.082855426 0.190181330 -0.029973738 0.417354703 0.077639610 0.904924691
1403637204.038319 0.545964241 -0.080713592 0.188354284 -0.030521451 0.417978168 0.077425808 0.904636919
1403637204.088319 0.546720624 -0.078523338 0.186069012 -0.030114045 0.417858690 0.078280695 0.904632151
1403637204.138319 0.547097445 -0.076360822 0.183877826 -0.030162722 0.418051183 0.077959217 0.904569387
1403637204.188319 0.546807349 -0.074619174 0.182073697 -0.030654747 0.418382853 0.078539781 0.904349267
1403637204.238319 0.547180355 -0.073263988 0.179933667 -0.030739285 0.418650091 0.077969059 0.904272079
1403637204.288319 0.547069371 -0.072297998 0.178065553 -0.031525876 0.418639570 0.079691701 0.904099703
1403637204.338319 0.547207475 -0.071584038 0.176237091 -0.030572977 0.418296158 0.080864087 0.904187262
1403637204.388319 0.547180474 -0.071361363 0.174116001 -0.028078472 0.418022782 0.083130307 0.904189110
1403637204.438319 0.547220767 -0.071385145 0.172235653 -0.025926411 0.418729633 0.082557075 0.903978765
1403637204.488319 0.546797514 -0.071534209 0.170230746 -0.021235459 0.418740004 0.084798135 0.903888881
1403637204.538319 0.546386719 -0.072261289 0.168279782 -0.019634763 0.419444174 0.085013539 0.903578281
1403637204.588319 0.545570970 -0.072705768 0.166493088 -0.019619493 0.420461446 0.086035788 0.903008878
1403637204.638319 0.545695543 -0.073814526 0.164459199 -0.020652702 0.421113133 0.087364152 0.902554512
1403637204.688319 0.544809580 -0.074267045 0.162491456 -0.022770582 0.422813684 0.086133815 0.901826501
1403637204.738319 0.543787837 -0.075398423 0.160241738 -0.023061633 0.423520386 0.087200053 0.901384950
1403637204.788319 0.542603135 -0.075867921 0.158043340 -0.025087282 0.424532562 0.087670706 0.900808811
1403637204.838319 0.542087436 -0.076512724 0.156092137 -0.026179401 0.424749464 0.089474984 0.900498092
1403637204.888319 0.541465878 -0.076592989 0.154698849 -0.027395809 0.425787926 0.089204155 0.899998188
1403637204.938319 0.540266752 -0.076665416 0.152866006 -0.029429821 0.426101089 0.089808017 0.899725676
1403637204.988319 0.539961994 -0.076123990 0.151147470 -0.032557644 0.425953239 0.091325030 0.899535179
1403637205.038319 0.538880467 -0.075782925 0.149619982 -0.035632536 0.425841749 0.092604876 0.899340570
1403637205.088319 0.537736893 -0.075436726 0.147970006 -0.037855491 0.425781131 0.093178831 0.899219155
1403637205.138319 0.536766887 -0.074761406 0.146903902 -0.038095649 0.425766051 0.093464412 0.899186552
1403637205.188319 0.535692990 -0.074018799 0.146000624 -0.038547069 0.425871700 0.092606544 0.899206042
1403637205.238319 0.535148323 -0.072918914 0.144733354 -0.039270952 0.424214333 0.092578448 0.899960697
1403637205.288319 0.534638762 -0.071801968 0.143901795 -0.040169626 0.421726704 0.091824420 0.901166618
1403637205.338319 0.533499956 -0.070843741 0.143553138 -0.039450761 0.418684304 0.089869834 0.902812541
1403637205.388319 0.532229125 -0.070438921 0.142994940 -0.039817736 0.415794045 0.087964378 0.904318631
1403637205.438319 0.531455636 -0.070054859 0.142204210 -0.039249640 0.413141042 0.085444860 0.905799687
1403637205.488319 0.530191422 -0.070212841 0.141988516 -0.037219159 0.410486698 0.082814261 0.907335222
1403637205.538319 0.529200971 -0.069936812 0.141576126 -0.034344636 0.407955796 0.080379494 0.908807874
1403637205.588319 0.528365433 -0.070270330 0.141091079 -0.033350952 0.406008542 0.077895455 0.909932435
1403637205.638319 0.527606130 -0.070410669 0.140276596 -0.031781722 0.403757930 0.077190556 0.911049426
1403637205.688319 0.526930273 -0.070239559 0.140119120 -0.031502593 0.402365267 0.076127149 0.911764443
1403637205.738319 0.525254965 -0.069421262 0.140394628 -0.031536661 0.401134849 0.076288342 0.912291825
1403637205.788319 0.524687886 -0.068706065 0.140405163 -0.031540442 0.400050581 0.075783052 0.912809789
1403637205.838319 0.523603857 -0.067756251 0.141004726 -0.032011144 0.399655014 0.075247824 0.913010895
1403637205.888319 0.521943927 -0.066858605 0.141402274 -0.031887729 0.398918152 0.075952433 0.913279116
1403637205.938319 0.520617843 -0.065790139 0.141319975 -0.031698961 0.398468047 0.075820237 0.913493097
1403637205.988319 0.519375920 -0.064541630 0.141427979 -0.031236745 0.398022890 0.075096615 0.913762867
1403637206.038319 0.517963231 -0.063907877 0.141975015 -0.030501807 0.397464365 0.075821564 0.913970888
1403637206.088319 0.516211808 -0.063307092 0.142515376 -0.029706197 0.396804661 0.076957256 0.914188802
1403637206.138319 0.515083253 -0.062853731 0.142823681 -0.028327554 0.395444065 0.080094486 0.914552569
1403637206.188319 0.513215005 -0.063097954 0.142856956 -0.026257187 0.393509209 0.084509417 0.915051520
1403637206.238319 0.512089849 -0.063865736 0.143646359 -0.025572885 0.392592341 0.086751379 0.915254831
1403637206.288319 0.510498524 -0.064055175 0.143720329 -0.023890052 0.391904354 0.088511616 0.915426672
1403637206.338319 0.508683980 -0.065322101 0.143453598 -0.022705989 0.391544789 0.090057261 0.915459871
1403637206.388319 0.506734550 -0.066143773 0.143435195 -0.022377547 0.391500890 0.090047918 0.915487647
1403637206.438319 0.505470216 -0.067664489 0.142988577 -0.022658227 0.391541839 0.090389349 0.915429592
1403637206.488319 0.503422379 -0.068520755 0.142561734 -0.022495760 0.391948491 0.089763597 0.915321171
1403637206.538319 0.501554966 -0.070042767 0.142479315 -0.022182092 0.392434299 0.089908145 0.915106416
1403637206.588319 0.499807894 -0.071236104 0.142040148 -0.022452680 0.392953038 0.089029618 0.914963126
1403637206.638319 0.498490214 -0.072033927 0.141699687 -0.022806680 0.393509716 0.088057496 0.914809167
1403637206.688319 0.497169733 -0.072316453 0.141518891 -0.023351151 0.394394606 0.086602494 0.914553225
1403637206.738319 0.495602101 -0.073204383 0.140703157 -0.023246404 0.394868135 0.086014688 0.914407074
1403637206.788319 0.493545890 -0.072995454 0.141146779 -0.022358567 0.395976067 0.084681362 0.914074481
1403637206.838319 0.492253423 -0.072769657 0.141318068 -0.022443196 0.396547467 0.084077381 0.913880408
1403637206.888319 0.490161985 -0.073025092 0.140612021 -0.021398958 0.397115737 0.083576016 0.913704634
1403637206.938319 0.488357246 -0.073940396 0.139875531 -0.019868167 0.397142768 0.083542533 0.913730562
1403637206.988319 0.486801088 -0.073950768 0.139758885 -0.019396029 0.397763073 0.083206527 0.913501501
1403637207.038319 0.485053629 -0.074842125 0.138533846 -0.019111762 0.398073852 0.083228879 0.913370073
1403637207.088319 0.482929885 -0.075996064 0.138108298 -0.019606968 0.398628742 0.084174648 0.913030803
1403637207.138319 0.481031120 -0.075752772 0.137804821 -0.017967893 0.399476737 0.083727062 0.912735045
1403637207.188319 0.479715586 -0.076875813 0.136655375 -0.018156249 0.399858832 0.084592506 0.912484169
1403637207.238319 0.477640539 -0.076784685 0.135555506 -0.016361030 0.400287062 0.084517658 0.912337303
1403637207.288319 0.475085199 -0.076976188 0.135318384 -0.016872589 0.400989503 0.085287184 0.911947787
1403637207.338319 0.473194569 -0.076283365 0.134672150 -0.017112229 0.401468992 0.085882656 0.911676466
1403637207.388319 0.471291214 -0.075963855 0.134084746 -0.017426562 0.401875883 0.085698307 0.911508560
1403637207.438319 0.468795329 -0.074790433 0.133460328 -0.017066866 0.402598619 0.085683912 0.911197782
1403637207.488319 0.466824114 -0.073608898 0.132973209 -0.017517688 0.402985513 0.086343534 0.910955846
1403637207.538319 0.464623064 -0.072154313 0.132202625 -0.019095672 0.402869612 0.088145226 0.910802901
1403637207.588319 0.462356329 -0.071063817 0.131509408 -0.021531388 0.401976556 0.092907071 0.910669804
1403637207.638319 0.459486783 -0.069383472 0.130712032 -0.025697952 0.400121063 0.100091189 0.910617650
1403637207.688319 0.457329690 -0.067595959 0.130262569 -0.028807571 0.398966253 0.105404124 0.910431802
1403637207.738319 0.456064671 -0.066796109 0.128839508 -0.031398777 0.398373961 0.107162081 0.910400212
1403637207.788319 0.454017282 -0.066930249 0.127783224 -0.031945840 0.399069458 0.106173605 0.910192370
1403637207.838319 0.451767445 -0.066602185 0.126578704 -0.031481203 0.400427282 0.103541940 0.909915388
1403637207.888319 0.450218678 -0.067006767 0.124929696 -0.031511642 0.401807994 0.099986561 0.909703314
1403637207.938319 0.448799133 -0.067657657 0.123379543 -0.030595025 0.403088421 0.096699744 0.909523427
1403637207.988319 0.447384536 -0.068348169 0.122237191 -0.029955747 0.404231429 0.094037153 0.909316540
1403637208.038319 0.445666969 -0.069923021 0.120555967 -0.029973313 0.405241460 0.091781840 0.909096837
1403637208.088319 0.443892241 -0.071215354 0.119151145 -0.030258639 0.406301677 0.089960061 0.908796191
1403637208.138319 0.442545772 -0.073097169 0.117144600 -0.030994866 0.406696022 0.089157149 0.908674121
1403637208.188319 0.441533446 -0.074905358 0.115123257 -0.030340478 0.407488704 0.086983532 0.908551753
1403637208.238319 0.440131426 -0.076690368 0.113606364 -0.031414416 0.407751948 0.087684855 0.908329725
1403637208.288319 0.439068079 -0.078837067 0.111850411 -0.029485803 0.406790137 0.092256382 0.908372760
1403637208.338319 0.437740445 -0.080199130 0.110241339 -0.026694158 0.405973881 0.096420802 0.908391774
1403637208.388319 0.435914308 -0.081204906 0.108527318 -0.024460910 0.405414551 0.099483132 0.908374250
1403637208.438319 0.435104191 -0.082180001 0.107491851 -0.023049280 0.406067550 0.099915251 0.908072054
1403637208.488319 0.434056222 -0.082874112 0.106415972 -0.023009012 0.406695604 0.099374354 0.907851338
1403637208.538319 0.432679534 -0.082881995 0.104517162 -0.022049123 0.407429874 0.097912997 0.907704651
1403637208.588319 0.431771636 -0.082973257 0.103385821 -0.022922549 0.408725291 0.095316641 0.907376945
1403637208.638319 0.430859417 -0.083583139 0.101559177 -0.023373259 0.409390688 0.093666293 0.907237351
1403637208.688319 0.429617286 -0.082988888 0.100227132 -0.023810981 0.410506099 0.091054842 0.906987786
1403637208.738319 0.428152204 -0.082920097 0.099065840 -0.023043914 0.411190182 0.089621805 0.906840444
1403637208.788319 0.427299738 -0.082344666 0.098028705 -0.022331113 0.411550432 0.088543445 0.906800747
1403637208.838319 0.426310658 -0.081152290 0.097189635 -0.022248855 0.412076116 0.087418787 0.906673193
1403637208.888319 0.425437927 -0.079924010 0.095587283 -0.023455642 0.412621558 0.085646398 0.906563878
1403637208.938319 0.424244344 -0.079537466 0.094353378 -0.025827041 0.414084643 0.081193224 0.906241953
1403637208.988319 0.422991335 -0.077377573 0.092879623 -0.028778404 0.416184306 0.075051248 0.905720592
1403637209.038319 0.421522766 -0.076273441 0.091998279 -0.031925209 0.418215543 0.069529302 0.905120015
1403637209.088319 0.420692742 -0.074790075 0.091204867 -0.034749657 0.419169337 0.063965306 0.904985011
1403637209.138319 0.419274360 -0.072669163 0.090440959 -0.034892134 0.417712092 0.060068492 0.905919909
1403637209.188319 0.417147964 -0.070600092 0.090430617 -0.035442252 0.412552118 0.061238404 0.908181965
1403637209.238319 0.414449632 -0.069520913 0.090002567 -0.034479596 0.404738367 0.065709680 0.911416590
1403637209.288319 0.412315607 -0.068514809 0.089806259 -0.036506061 0.396066904 0.069793932 0.914837241
1403637209.338319 0.410253942 -0.068270117 0.089347154 -0.038597696 0.387865186 0.072763830 0.918028474
1403637209.388319 0.408177733 -0.068060160 0.089105055 -0.041884754 0.381075948 0.074356847 0.920596480
1403637209.438319 0.405264586 -0.067427695 0.088910580 -0.045830421 0.375504911 0.074928679 0.922649086
1403637209.488319 0.404128194 -0.068391979 0.088241234 -0.052791700 0.369742036 0.076513894 0.924472570
1403637209.538319 0.401143909 -0.068418905 0.088827014 -0.061346758 0.365324318 0.077278323 0.925636411
1403637209.588319 0.398973763 -0.069071651 0.089175880 -0.070821762 0.361249983 0.078768082 0.926433146
1403637209.638319 0.397505224 -0.069989532 0.088981971 -0.078925252 0.357126862 0.080705918 0.927209675
1403637209.688319 0.395403862 -0.071669959 0.089308664 -0.085083351 0.353976786 0.082081601 0.927752078
1403637209.738319 0.393572092 -0.073041044 0.090201095 -0.089399375 0.351687372 0.083252944 0.928112447
1403637209.788319 0.392422199 -0.074836358 0.091588199 -0.092078887 0.350252837 0.083816096 0.928342223
1403637209.838319 0.390625358 -0.077027246 0.092583701 -0.094851278 0.349464118 0.084313557 0.928315341
1403637209.888319 0.390010297 -0.078649178 0.094860211 -0.096890561 0.348203152 0.086470313 0.928380132
1403637209.938319 0.390198439 -0.081024714 0.096893258 -0.100619100 0.347326785 0.088494442 0.928121030
1403637209.988319 0.389130473 -0.081766106 0.100694969 -0.105527483 0.347317249 0.089426696 0.927489936
1403637210.038319 0.389881849 -0.082755290 0.103233904 -0.111786395 0.346390009 0.091286987 0.926922083
1403637210.088319 0.390286297 -0.083251774 0.107040286 -0.117898054 0.346146643 0.093077354 0.926077306
1403637210.138319 0.390767336 -0.082077995 0.111818790 -0.122756988 0.345648557 0.095619872 0.925372720
1403637210.188319 0.392039627 -0.081947207 0.116599202 -0.128755346 0.344924390 0.098348580 0.924541414
1403637210.238319 0.393342018 -0.080656491 0.121902570 -0.133480936 0.344319701 0.100272775 0.923889697
1403637210.288319 0.395322114 -0.080778338 0.128002450 -0.138129398 0.344031841 0.101151221 0.923217654
1403637210.338319 0.398717344 -0.080561362 0.134879813 -0.140361503 0.343344837 0.102669373 0.922969103
1403637210.388319 0.401687264 -0.080640025 0.142537415 -0.142290905 0.343291670 0.103569284 0.922592819
1403637210.438319 0.405103773 -0.080807708 0.150802299 -0.140676200 0.343536198 0.102603562 0.922857344
1403637210.488319 0.409475625 -0.081332564 0.159273103 -0.135183439 0.343991995 0.099996358 0.923794210
1403637210.538319 0.414192975 -0.082259953 0.168248042 -0.127435952 0.344640166 0.096813329 0.924992144
1403637210.588319 0.418589920 -0.082858920 0.178170204 -0.120021373 0.345022619 0.094794445 0.926049829
1403637210.638319 0.424530745 -0.083881341 0.187937319 -0.112275288 0.344767898 0.093438335 0.927253306
1403637210.688319 0.430233061 -0.085103132 0.198774293 -0.106551692 0.344749480 0.091906644 0.928088188
1403637210.738319 0.436016768 -0.085923187 0.209846914 -0.102374062 0.344330698 0.091813557 0.928722858
1403637210.788319 0.442585588 -0.086940818 0.221131295 -0.097144552 0.342275262 0.095792696 0.929642022
1403637210.838319 0.448236823 -0.087878570 0.233205661 -0.091887780 0.341203153 0.098808900 0.930254698
1403637210.888319 0.455041766 -0.088979177 0.244572610 -0.086108118 0.339605510 0.102842130 0.930954874
1403637210.938319 0.461874843 -0.089482546 0.256773204 -0.077289738 0.338378966 0.105927922 0.931828976
1403637210.988319 0.469655693 -0.091477402 0.269440174 -0.068871617 0.338008016 0.108154900 0.932367861
1403637211.038319 0.477323860 -0.091863088 0.282154500 -0.060088165 0.338000864 0.109082118 0.932869732
1403637211.088319 0.485874146 -0.092637271 0.294386715 -0.051957175 0.337745547 0.111121975 0.933209658
1403637211.138319 0.493506700 -0.093409553 0.306610465 -0.048604280 0.339078218 0.109520696 0.933096349
1403637211.188319 0.501577020 -0.093369983 0.319333971 -0.046537790 0.341828823 0.104013108 0.932828248
1403637211.238319 0.510287821 -0.093256749 0.331493914 -0.043007791 0.344347775 0.099047296 0.932611704
1403637211.288319 0.518552184 -0.093934700 0.343584359 -0.038990356 0.347629786 0.093554109 0.932137847
1403637211.338319 0.527823985 -0.094244897 0.355750173 -0.034434918 0.350479603 0.089104667 0.931685865
1403637211.388319 0.536757946 -0.093908064 0.367684901 -0.030203421 0.352624506 0.085855745 0.931328356
1403637211.438319 0.545063198 -0.094011158 0.379629374 -0.028362667 0.354382873 0.084014080 0.930886686
1403637211.488319 0.553722441 -0.093508236 0.391362727 -0.027030436 0.355197191 0.083599307 0.930653274
1403637211.538319 0.562574506 -0.092352696 0.403559506 -0.028564645 0.355184436 0.085099116 0.930476367
1403637211.588319 0.571456611 -0.092403620 0.415257990 -0.031333629 0.355127603 0.087280251 0.930206835
1403637211.638319 0.580108166 -0.091876179 0.426058054 -0.033395115 0.354394227 0.089103349 0.930241942
1403637211.688319 0.588410854 -0.091801494 0.437444746 -0.034385439 0.353754938 0.091577582 0.930208921
1403637211.738319 0.597492456 -0.092571184 0.447860897 -0.039298475 0.351896733 0.096829802 0.930187225
1403637211.788319 0.605903089 -0.093497403 0.458357036 -0.043348763 0.349822015 0.103203826 0.930104494
1403637211.838319 0.614815056 -0.094378173 0.469113976 -0.045905735 0.347641557 0.110223621 0.929993927
1403637211.888319 0.623694181 -0.095536947 0.479882538 -0.048814774 0.347003192 0.113003418 0.929750562
1403637211.938319 0.632970691 -0.096717969 0.490500003 -0.050252225 0.347525418 0.112310268 0.929562926
1403637211.988319 0.642419279 -0.098856539 0.500256121 -0.049791913 0.348608255 0.109374188 0.929532349
1403637212.038319 0.651762128 -0.100734726 0.510323763 -0.046978641 0.351308346 0.103117898 0.929377258
1403637212.088319 0.662122250 -0.103535771 0.519964933 -0.040733598 0.353289962 0.097248442 0.929553509
1403637212.138319 0.671746135 -0.106639646 0.530205131 -0.033340812 0.355100423 0.091944978 0.929697931
1403637212.188319 0.681694448 -0.109253809 0.539766371 -0.027025940 0.357109934 0.086821079 0.929625809
1403637212.238319 0.690946460 -0.112561859 0.549290419 -0.022261497 0.358492076 0.083892308 0.929489076
1403637212.288319 0.700842738 -0.116175063 0.558369398 -0.019684581 0.359452695 0.081651710 0.929375768
1403637212.338319 0.710676610 -0.119643725 0.567655802 -0.016747365 0.360354394 0.080194928 0.929210961
1403637212.388319 0.720955491 -0.123263925 0.576052189 -0.015315928 0.360977590 0.079751797 0.929031909
1403637212.438319 0.729616106 -0.126948074 0.584465742 -0.014692636 0.362312764 0.078847878 0.928599298
1403637212.488319 0.739284754 -0.130807161 0.593002975 -0.017334104 0.362768978 0.079317510 0.928335547
1403637212.538319 0.748925209 -0.134887159 0.600876868 -0.021356082 0.363091707 0.080594301 0.928015530
1403637212.588319 0.757471740 -0.139219016 0.608854532 -0.025704032 0.363572389 0.082610615 0.927539706
1403637212.638319 0.766087413 -0.143034458 0.616953850 -0.031139771 0.364198327 0.083636455 0.927035511
1403637212.688319 0.774615645 -0.147188991 0.624899328 -0.035545308 0.364228815 0.085159615 0.926726341
1403637212.738319 0.784102261 -0.151428923 0.631879389 -0.039178964 0.364467114 0.084775299 0.926521420
1403637212.788319 0.792667747 -0.155825540 0.639755845 -0.041117672 0.365057409 0.083926015 0.926282287
1403637212.838319 0.801693678 -0.159981579 0.647359610 -0.044243060 0.365202457 0.083401114 0.926128507
1403637212.888319 0.809435010 -0.164859936 0.654887676 -0.045686916 0.366256773 0.081549332 0.925806880
1403637212.938319 0.818266273 -0.169350117 0.662520766 -0.046827789 0.366770327 0.078979142 0.925769389
1403637212.988319 0.826989532 -0.173919141 0.670063913 -0.047645759 0.366640210 0.076970287 0.925948381
1403637213.038319 0.835563183 -0.178372964 0.677631736 -0.047913067 0.366024107 0.076702818 0.926200509
1403637213.088319 0.844705820 -0.183276847 0.685804129 -0.047293413 0.364809781 0.077920750 0.926609695
1403637213.138319 0.852888405 -0.187598631 0.693309903 -0.047662135 0.363181680 0.079771943 0.927072704
1403637213.188319 0.861704826 -0.191957042 0.701207101 -0.047142662 0.361515909 0.081810117 0.927572548
1403637213.238319 0.869554520 -0.195626616 0.708980799 -0.046328571 0.360780358 0.082401581 0.927847564
1403637213.288319 0.878758907 -0.199704677 0.717267931 -0.046391763 0.359784693 0.083148301 0.928164363
1403637213.338319 0.886501670 -0.202863425 0.726028740 -0.045035433 0.360047191 0.082417220 0.928194642
1403637213.388319 0.895666242 -0.206240654 0.733840704 -0.043858115 0.360034376 0.081006490 0.928380132
1403637213.438319 0.904072106 -0.209335551 0.742089510 -0.041426457 0.360091954 0.080298692 0.928530991
1403637213.488319 0.912917614 -0.212279573 0.750848532 -0.039644673 0.360758513 0.078680538 0.928488553
1403637213.538319 0.920996010 -0.214887425 0.758605480 -0.038279604 0.361128420 0.076715477 0.928566456
1403637213.588319 0.929787695 -0.217651501 0.766905010 -0.038597599 0.363393664 0.069330104 0.928250313
1403637213.638319 0.938543439 -0.220536262 0.775164366 -0.040168721 0.364947647 0.064004280 0.927956462
1403637213.688319 0.946572065 -0.222375244 0.782907307 -0.043382701 0.366432667 0.058132447 0.927612901
1403637213.738319 0.955269814 -0.224583417 0.791650474 -0.045265954 0.367687315 0.054193255 0.927264869
1403637213.788319 0.963155508 -0.225931436 0.800363600 -0.048596524 0.368132800 0.051658098 0.927064240
1403637213.838319 0.971515954 -0.227534294 0.809358835 -0.050024942 0.367978215 0.050044626 0.927138090
1403637213.888319 0.979002714 -0.229654878 0.816914737 -0.051319987 0.367814928 0.048581257 0.927209914
1403637213.938319 0.986095965 -0.230828777 0.826164484 -0.052738518 0.367899746 0.048179828 0.927117646
1403637213.988319 0.993549287 -0.232916087 0.835200191 -0.050527636 0.367513239 0.046232011 0.927493155
1403637214.038319 0.999928474 -0.234467790 0.845638692 -0.046486501 0.365891665 0.045198176 0.928396165
1403637214.088319 1.006854057 -0.236687571 0.855267942 -0.041275688 0.361803412 0.045785341 0.930214107
1403637214.138319 1.013221622 -0.238845646 0.864652991 -0.036095109 0.355954498 0.049080759 0.932515204
1403637214.188319 1.019419432 -0.242134228 0.874084294 -0.031773850 0.349319011 0.050328307 0.935111582
1403637214.238319 1.025450230 -0.245456278 0.883116484 -0.028363487 0.342362851 0.049426004 0.937838078
1403637214.288319 1.030425787 -0.248782769 0.891679764 -0.025196362 0.335107267 0.046238076 0.940707326
1403637214.338319 1.036608100 -0.252197146 0.901020706 -0.021721587 0.326102197 0.041817240 0.944159329
1403637214.388319 1.040404439 -0.255258739 0.910291672 -0.018610924 0.317799032 0.033809874 0.947372317
1403637214.438319 1.045764327 -0.259678423 0.919037700 -0.018023496 0.307698041 0.024149846 0.951006770
1403637214.488319 1.049482942 -0.263117969 0.927219391 -0.017482288 0.297239125 0.013681451 0.954544961
1403637214.538319 1.052949071 -0.267784178 0.936396182 -0.017529724 0.286888778 0.002795926 0.957799435
1403637214.588319 1.056683183 -0.271817416 0.943541467 -0.017540304 0.277171761 -0.007900015 0.960627794
1403637214.638319 1.058927774 -0.275694430 0.952098131 -0.016331896 0.269021422 -0.018970152 0.962808847
1403637214.688319 1.061894417 -0.279444575 0.960603297 -0.015004521 0.261815041 -0.029216375 0.964559019
1403637214.738319 1.063194633 -0.284260690 0.969091296 -0.014670511 0.256624669 -0.038949799 0.965614557
1403637214.788319 1.064839244 -0.289609104 0.976731777 -0.013393273 0.251199245 -0.045343727 0.966779947
1403637214.838319 1.065292835 -0.294276357 0.984089732 -0.012788029 0.246502295 -0.048230562 0.967856884
1403637214.888319 1.064784169 -0.298873991 0.992100298 -0.012636938 0.243117988 -0.049681675 0.968641162
1403637214.938319 1.064429522 -0.303939641 0.998497069 -0.012040434 0.240005836 -0.050434578 0.969385684
1403637214.988319 1.062037349 -0.305907756 1.006348372 -0.009444394 0.238317832 -0.051038694 0.969799161
1403637215.038319 1.059527874 -0.310511172 1.015752673 -0.008177785 0.237345874 -0.050444596 0.970080078
1403637215.088319 1.058568954 -0.314872801 1.021596432 -0.005789474 0.235831633 -0.050555978 0.970460713
1403637215.138319 1.053331614 -0.318382025 1.030894041 -0.003628124 0.236655071 -0.050887860 0.970253348
1403637215.188319 1.049270749 -0.320681661 1.038930774 -0.000852187 0.236734033 -0.050229087 0.970274866
1403637215.238319 1.044970393 -0.323363990 1.045158029 0.001952901 0.235152408 -0.046735678 0.970832288
1403637215.288319 1.040046573 -0.326276094 1.052165031 0.003917003 0.232411891 -0.043456297 0.971638262
1403637215.338319 1.034086108 -0.328424901 1.059231400 0.007773911 0.227808386 -0.039603073 0.972869217
1403637215.388319 1.028446555 -0.330628961 1.065141201 0.012153295 0.221655592 -0.037317179 0.974334896
1403637215.438319 1.021549821 -0.332068682 1.071566820 0.019235777 0.213452846 -0.033041939 0.976204932
1403637215.488319 1.014127851 -0.332035333 1.077559352 0.027122222 0.203997955 -0.031247500 0.978096545
1403637215.538319 1.006232977 -0.333989948 1.083023787 0.032256581 0.193804264 -0.030481445 0.980035841
1403637215.588319 0.998733521 -0.336819112 1.086798787 0.033463415 0.182223573 -0.030750012 0.982206285
1403637215.638319 0.989679933 -0.338693380 1.091144204 0.033447407 0.169796944 -0.030933194 0.984425426
1403637215.688319 0.980644464 -0.339921117 1.095157981 0.031473391 0.157047540 -0.034501445 0.986486256
1403637215.738319 0.972207367 -0.342254788 1.097964048 0.024032364 0.143242210 -0.036541745 0.988720775
1403637215.788319 0.960863948 -0.343048394 1.100623965 0.015780555 0.129535124 -0.038145021 0.990715206
1403637215.838319 0.951838851 -0.345405191 1.101574183 0.007305018 0.114871956 -0.039859526 0.992553413
1403637215.888319 0.941392243 -0.347777814 1.102820158 0.000752075 0.101228930 -0.040977325 0.994018614
1403637215.938319 0.931717634 -0.349413931 1.104116082 -0.004068467 0.088409089 -0.040701095 0.995244026
1403637215.988319 0.921742499 -0.350650907 1.104506612 -0.008612753 0.076994069 -0.040344276 0.996177733
1403637216.038319 0.909501791 -0.353095174 1.105131269 -0.010793022 0.065890647 -0.038612384 0.997021079
1403637216.088319 0.898538470 -0.355156571 1.105348945 -0.013209146 0.054883715 -0.038283106 0.997671127
1403637216.138319 0.888193548 -0.357746542 1.104415417 -0.015008315 0.044044938 -0.037551600 0.998210728
1403637216.188319 0.877431929 -0.359345466 1.104494810 -0.014471757 0.034873836 -0.037108209 0.998597741
1403637216.238319 0.867653847 -0.360634208 1.104027987 -0.014812031 0.027100019 -0.035637222 0.998887479
1403637216.288319 0.857379258 -0.362528354 1.103379607 -0.013900734 0.021057978 -0.034221888 0.999095738
1403637216.338319 0.846819282 -0.363695830 1.103481174 -0.012097892 0.017103096 -0.033636913 0.999214530
1403637216.388319 0.836165845 -0.363982916 1.102252126 -0.008088088 0.014005094 -0.033110481 0.999320865
1403637216.438319 0.826309204 -0.364241242 1.101150632 -0.003079211 0.011991699 -0.033303522 0.999368608
1403637216.488319 0.816855371 -0.364544362 1.099832058 0.000808779 0.010786196 -0.034019712 0.999362648
1403637216.538319 0.806803524 -0.364612877 1.098909855 0.005451018 0.010428091 -0.033449333 0.999371111
1403637216.588319 0.796600163 -0.364508003 1.097590208 0.007878855 0.009778895 -0.031057904 0.999438703
1403637216.638319 0.788067162 -0.364252597 1.094947457 0.010692969 0.008803494 -0.028447907 0.999499321
1403637216.688319 0.778890610 -0.363365650 1.092507839 0.015440377 0.008547141 -0.025195530 0.999526739
1403637216.738319 0.769738793 -0.362886727 1.090260267 0.020508241 0.009064181 -0.023256106 0.999478042
1403637216.788319 0.761025012 -0.361602962 1.086531043 0.025569309 0.010060864 -0.022632346 0.999366164
1403637216.838319 0.751824617 -0.360877573 1.083304405 0.029861484 0.012055931 -0.023580451 0.999203146
1403637216.888319 0.744231164 -0.359606743 1.078777313 0.033888217 0.013575740 -0.025153175 0.999016821
1403637216.938319 0.735521436 -0.359241635 1.074365020 0.035582662 0.016398733 -0.027174441 0.998862624
1403637216.988319 0.727555633 -0.357841372 1.068898439 0.034646876 0.018220248 -0.027367417 0.998858690
1403637217.038319 0.718994319 -0.356686026 1.062252998 0.030219385 0.018882958 -0.024012046 0.999076366
1403637217.088319 0.710892677 -0.356516212 1.055832148 0.023881331 0.018098343 -0.016892755 0.999408185
1403637217.138319 0.703025818 -0.355847538 1.048827171 0.018663153 0.017666960 -0.010105278 0.999618649
1403637217.188319 0.696105540 -0.354167700 1.040930390 0.015637573 0.016253926 -0.002225914 0.999743104
1403637217.238319 0.688959658 -0.353123128 1.033450127 0.013779914 0.015430789 0.005443035 0.999771178
1403637217.288319 0.682077706 -0.350855708 1.026132703 0.012029503 0.015648331 0.010204710 0.999753118
1403637217.338319 0.676183641 -0.348557591 1.017343402 0.010063533 0.015553098 0.014484982 0.999723494
1403637217.388319 0.669643223 -0.345802933 1.009732962 0.009464776 0.016273458 0.018238308 0.999656439
1403637217.438319 0.663686574 -0.343123555 1.000999093 0.008538197 0.017094465 0.021473391 0.999586821
1403637217.488319 0.659186900 -0.340104282 0.991927266 0.007751434 0.017098419 0.022756187 0.999564767
1403637217.538319 0.654204667 -0.336341977 0.983223915 0.009409685 0.016622920 0.021349626 0.999589562
1403637217.588319 0.649613142 -0.332630485 0.974226952 0.011719964 0.014870960 0.017681887 0.999664366
1403637217.638319 0.645210207 -0.328578293 0.964598954 0.014298990 0.012564380 0.009835383 0.999770463
1403637217.688319 0.641604722 -0.324644595 0.954415858 0.018935334 0.009293806 -0.003138695 0.999772608
1403637217.738319 0.638102591 -0.320151836 0.944546163 0.022792259 0.004348230 -0.018338025 0.999562562
1403637217.788319 0.635197699 -0.316334665 0.933768570 0.026440157 -0.003139122 -0.032974031 0.999101460
1403637217.838319 0.631059647 -0.312203944 0.922321022 0.024983790 -0.013399152 -0.043395516 0.998655617
1403637217.888319 0.627449870 -0.309073806 0.910787225 0.024203589 -0.024185339 -0.053727541 0.997969270
1403637217.938319 0.624666870 -0.305529147 0.898496568 0.021523459 -0.034786340 -0.059743091 0.997375250
1403637217.988319 0.621991038 -0.301455528 0.885611415 0.018847965 -0.045363456 -0.064354427 0.996717334
1403637218.038319 0.617355108 -0.297184914 0.872757196 0.016443888 -0.053999279 -0.066723280 0.996173501
1403637218.088319 0.615079403 -0.294137299 0.858903170 0.011428875 -0.062760554 -0.067501828 0.995677650
1403637218.138319 0.611005545 -0.291214824 0.845425487 0.008628230 -0.069082007 -0.069272585 0.995165586
1403637218.188319 0.607075989 -0.286425918 0.831411839 0.006408403 -0.074257612 -0.070614859 0.994715154
1403637218.238319 0.603476644 -0.282574326 0.818236291 0.004143976 -0.078182533 -0.072078831 0.994321346
1403637218.288319 0.600560904 -0.278250188 0.803209662 0.003049847 -0.081751652 -0.072731413 0.993990660
1403637218.338319 0.596551418 -0.273808748 0.789077282 0.002971526 -0.083042130 -0.075525418 0.993675530
1403637218.388319 0.594165981 -0.269121230 0.774236321 0.003048202 -0.085284673 -0.075160503 0.993512988
1403637218.438319 0.590927899 -0.263819396 0.759776354 0.003099376 -0.086469382 -0.074680559 0.993446648
1403637218.488319 0.588005722 -0.258842945 0.745679379 0.004065272 -0.086862534 -0.075600542 0.993339300
1403637218.538319 0.584786594 -0.254265249 0.731037140 0.003643555 -0.086969927 -0.075631335 0.993329167
1403637218.588319 0.582479060 -0.248433709 0.715200245 0.003881906 -0.086731464 -0.076334983 0.993295312
1403637218.638319 0.579753995 -0.243257955 0.698879480 0.001087710 -0.086057648 -0.076524794 0.993346274
1403637218.688319 0.576884747 -0.238535613 0.683470547 -0.001299165 -0.084584512 -0.078162439 0.993345022
1403637218.738319 0.573028922 -0.233602211 0.667703211 -0.005421019 -0.083986670 -0.076059245 0.993545055
1403637218.788319 0.571775079 -0.228618979 0.651226819 -0.007076195 -0.083658241 -0.074965790 0.993645489
1403637218.838319 0.567501605 -0.224546820 0.635371685 -0.009383901 -0.080698118 -0.078651018 0.993586302
1403637218.888319 0.564857662 -0.218969464 0.619055927 -0.011271344 -0.078155577 -0.083210044 0.993398607
1403637218.938319 0.561891377 -0.212290734 0.603705585 -0.010638618 -0.076133788 -0.087123655 0.993227065
1403637218.988319 0.559180319 -0.204832882 0.587171793 -0.011196590 -0.073871575 -0.092063412 0.992946088
1403637219.038319 0.556405902 -0.197664380 0.570620060 -0.011636031 -0.072317436 -0.095513195 0.992729604
1403637219.088319 0.552215695 -0.189995348 0.556028545 -0.011688187 -0.071084805 -0.097106397 0.992663443
1403637219.138319 0.548614502 -0.183260947 0.539844871 -0.011400584 -0.070774779 -0.097487323 0.992651582
1403637219.188319 0.543650806 -0.176378027 0.524178684 -0.012316072 -0.070039786 -0.097236268 0.992717385
1403637219.238319 0.539144278 -0.169584751 0.507822096 -0.012852209 -0.070020549 -0.095658265 0.992865264
1403637219.288319 0.535481513 -0.162018448 0.491834104 -0.014078334 -0.070119739 -0.094580032 0.992944956
1403637219.338319 0.530996382 -0.155153126 0.474284142 -0.014547553 -0.070460588 -0.092140056 0.993143439
1403637219.388319 0.526303887 -0.148101464 0.457580924 -0.016854266 -0.069928169 -0.091652520 0.993189692
1403637219.438319 0.520242989 -0.142576247 0.440487415 -0.019085344 -0.069820791 -0.090008445 0.993307233
1403637219.488319 0.514891028 -0.136102870 0.423990846 -0.027837718 -0.069818564 -0.087913513 0.993288279
1403637219.538319 0.510152519 -0.129875481 0.406309485 -0.034441080 -0.069759458 -0.086367548 0.993221045
1403637219.588319 0.504656315 -0.123654172 0.389664173 -0.042904072 -0.069366336 -0.084816121 0.993052781
1403637219.638319 0.499070674 -0.119714394 0.372106433 -0.050048079 -0.069116630 -0.083435088 0.992852807
1403637219.688319 0.493167698 -0.114741892 0.355404794 -0.055475317 -0.068493284 -0.082488135 0.992686689
1403637219.738319 0.487777054 -0.109937422 0.339373410 -0.058130458 -0.068216562 -0.081854530 0.992606282
1403637219.788319 0.481050342 -0.106298558 0.321975082 -0.061351851 -0.067824908 -0.080794387 0.992526054
1403637219.838319 0.474916399 -0.101637296 0.306690425 -0.063614257 -0.067091785 -0.081397012 0.992384255
1403637219.888319 0.468187481 -0.098310247 0.290774703 -0.066932410 -0.067182489 -0.080771282 0.992210984
1403637219.938319 0.462379873 -0.094939344 0.275495142 -0.066456109 -0.067541339 -0.079652019 0.992309093
1403637219.988319 0.455480814 -0.091875076 0.260695100 -0.066684879 -0.067152590 -0.080234334 0.992273211
1403637220.038319 0.448770553 -0.089610800 0.244789124 -0.067689121 -0.067552462 -0.079439953 0.992241979
1403637220.088319 0.440182954 -0.088547193 0.228617430 -0.069336094 -0.067047209 -0.079165928 0.992184401
1403637220.138319 0.433442324 -0.085426226 0.216063082 -0.068776242 -0.066034921 -0.081244312 0.992123246
1403637220.188319 0.428334385 -0.084394000 0.201327085 -0.069408596 -0.067579284 -0.078615367 0.992187023
1403637220.238319 0.420789301 -0.083211586 0.187272370 -0.069277979 -0.068014361 -0.076470718 0.992334008
1403637220.288319 0.413765311 -0.082673579 0.174284458 -0.067784198 -0.069014326 -0.072118409 0.992693961
1403637220.338319 0.406323463 -0.082706943 0.160071433 -0.065883726 -0.070455246 -0.066908970 0.993085384
1403637220.388319 0.399021775 -0.083442464 0.146255195 -0.064034939 -0.072064638 -0.060594611 0.993496120
1403637220.438319 0.391414583 -0.082808420 0.134400666 -0.061350983 -0.072515383 -0.056258794 0.993887603
1403637220.488319 0.384388447 -0.082666606 0.122545928 -0.059942361 -0.072989732 -0.052710183 0.994133294
1403637220.538319 0.378242970 -0.081940562 0.109777316 -0.056805961 -0.074027888 -0.048955474 0.994432688
1403637220.588319 0.370898962 -0.082722239 0.096733898 -0.054958891 -0.074385963 -0.045705099 0.994664371
1403637220.638319 0.365517408 -0.081575960 0.084949881 -0.054321025 -0.074170232 -0.046331812 0.994686604
1403637220.688319 0.359285355 -0.081036985 0.072679512 -0.055390280 -0.074134886 -0.045744102 0.994657457
1403637220.738319 0.352400124 -0.080456153 0.060364574 -0.055674370 -0.073203847 -0.047272485 0.994639039
1403637220.788319 0.346101373 -0.079170890 0.049645130 -0.056613985 -0.072626993 -0.047770936 0.994604468
1403637220.838319 0.340614915 -0.078134321 0.039816424 -0.057679124 -0.072447233 -0.047836769 0.994553268
1403637220.888319 0.335527509 -0.076403096 0.028849231 -0.058122095 -0.071994632 -0.048438761 0.994531155
1403637220.938319 0.330713272 -0.074377134 0.018549085 -0.058968697 -0.071950957 -0.047979821 0.994506776
1403637220.988319 0.325346440 -0.072582170 0.007819563 -0.060004700 -0.070569403 -0.047844332 0.994550288
1403637221.038319 0.320187539 -0.071433038 -0.001590639 -0.063424602 -0.067709796 -0.048964459 0.994482398
1403637221.088319 0.315539718 -0.069413960 -0.011672582 -0.064692840 -0.063831322 -0.047432933 0.994731367
1403637221.138319 0.310476840 -0.066972710 -0.020849757 -0.067370795 -0.058452811 -0.046600234 0.994923532
1403637221.188319 0.305524230 -0.065666839 -0.029226363 -0.069611713 -0.051392384 -0.046208102 0.995177269
1403637221.238319 0.300863296 -0.063353099 -0.038143847 -0.070848018 -0.043429490 -0.045269068 0.995512486
1403637221.288319 0.296985120 -0.059077896 -0.045556873 -0.070340306 -0.035180110 -0.043380156 0.995958209
1403637221.338319 0.292869896 -0.057992220 -0.053696062 -0.071014971 -0.027709292 -0.041266765 0.996235967
1403637221.388319 0.289475560 -0.054929391 -0.061372668 -0.071346574 -0.021604998 -0.038957208 0.996456325
1403637221.438319 0.285526752 -0.052269943 -0.069071315 -0.069827288 -0.016182190 -0.036665685 0.996753693
1403637221.488319 0.282023489 -0.049252860 -0.075351872 -0.070427254 -0.011350020 -0.035145085 0.996832967
1403637221.538319 0.277923524 -0.045563050 -0.082144864 -0.070972890 -0.007902466 -0.031830162 0.996938944
1403637221.588319 0.273934841 -0.042415738 -0.088865370 -0.071330056 -0.004199946 -0.030261977 0.996984720
1403637221.638319 0.270718038 -0.039736222 -0.094951786 -0.071763508 -0.000782761 -0.029853506 0.996974468
1403637221.688319 0.267702103 -0.036590513 -0.101170115 -0.073051639 0.001757441 -0.028129419 0.996929824
1403637221.738319 0.263595372 -0.033651780 -0.105382077 -0.073253945 0.004365107 -0.026769923 0.996944427
1403637221.788319 0.259650528 -0.030716773 -0.111704424 -0.073752604 0.006399737 -0.025358327 0.996933579
1403637221.838319 0.257107764 -0.026773643 -0.117378034 -0.074236013 0.009035181 -0.023791429 0.996915877
1403637221.888319 0.254791498 -0.024250722 -0.122289561 -0.075226203 0.012546619 -0.021310767 0.996859789
1403637221.938319 0.251423746 -0.020246863 -0.127037421 -0.076038182 0.017907036 -0.017994275 0.996781707
1403637221.988319 0.247718081 -0.017191526 -0.129893839 -0.076189198 0.025984367 -0.015976323 0.996626735
1403637222.038319 0.245770678 -0.012873357 -0.133689955 -0.075557098 0.035135102 -0.012656404 0.996441901
1403637222.088319 0.242987022 -0.009555206 -0.136546284 -0.076618083 0.046266828 -0.009969997 0.995936573
1403637222.138319 0.241804391 -0.005480902 -0.140066683 -0.076229736 0.057292808 -0.005924697 0.995425284
1403637222.188319 0.240032494 -0.001855979 -0.142532825 -0.076007918 0.069571830 -0.002467421 0.994674027
1403637222.238319 0.238691777 0.001712304 -0.145727873 -0.072645575 0.080987096 0.001052117 0.994063675
1403637222.288319 0.237418234 0.005971963 -0.148666307 -0.068885989 0.090882979 0.002701889 0.993472517
1403637222.338319 0.236660957 0.009563570 -0.149613753 -0.062510788 0.099262990 0.005114043 0.993082643
1403637222.388319 0.235652521 0.013175577 -0.151575774 -0.055883706 0.106732458 0.007043541 0.992691100
1403637222.438319 0.234170943 0.016796913 -0.153284729 -0.049481444 0.113267615 0.008580742 0.992294550
1403637222.488319 0.233464420 0.020293470 -0.154684186 -0.044072125 0.118499041 0.008682142 0.991937637
1403637222.538319 0.232861370 0.023589687 -0.156961918 -0.040889930 0.122238576 0.010773569 0.991599560
1403637222.588319 0.231429055 0.025800353 -0.158084854 -0.039764699 0.125740454 0.011476659 0.991199493
1403637222.638319 0.231270418 0.029275648 -0.160562441 -0.037413202 0.128393680 0.011063625 0.990955532
1403637222.688319 0.229065299 0.030524854 -0.162333786 -0.038331918 0.130853906 0.010610595 0.990603507
1403637222.738319 0.229338437 0.032568350 -0.164786592 -0.039650906 0.131467029 0.011757703 0.990457475
1403637222.788319 0.228121728 0.034933917 -0.166094720 -0.043227136 0.132616609 0.011271854 0.990160227
1403637222.838319 0.227686495 0.035648506 -0.168525308 -0.047678322 0.132420212 0.012086906 0.989972472
1403637222.888319 0.226074815 0.036574882 -0.170506954 -0.053348016 0.132460997 0.012774649 0.989669085
1403637222.938319 0.225923672 0.036884349 -0.172413141 -0.059807129 0.131653398 0.013261020 0.989401162
1403637222.988319 0.224243000 0.037580915 -0.174838290 -0.064499639 0.131370291 0.013187098 0.989144921
1403637223.038319 0.224409267 0.037848100 -0.176745281 -0.067785881 0.130298227 0.013645831 0.989060819
1403637223.088319 0.224104851 0.037870172 -0.177814811 -0.070391931 0.129409075 0.013331063 0.988999784
1403637223.138319 0.223465353 0.037284862 -0.179554343 -0.071063690 0.128528371 0.012607501 0.989076078
1403637223.188319 0.223483294 0.035831563 -0.180207998 -0.070807196 0.127523199 0.011918648 0.989233077
1403637223.238319 0.223970458 0.034835301 -0.181707427 -0.068549827 0.126494646 0.010662988 0.989538431
1403637223.288319 0.223981991 0.033342585 -0.182031661 -0.064570248 0.125636578 0.008698766 0.989934564
1403637223.338319 0.223068714 0.030086413 -0.182201967 -0.060024600 0.124718815 0.006926546 0.990350604
1403637223.388319 0.222592011 0.027443763 -0.183013380 -0.055909876 0.123892561 0.004424972 0.990709424
1403637223.438319 0.223022327 0.024275422 -0.183330357 -0.051899996 0.122680970 0.003224517 0.991082907
1403637223.488319 0.222634867 0.021606646 -0.183269382 -0.049006321 0.121704824 0.001437400 0.991354764
1403637223.538319 0.222567141 0.018362293 -0.183678091 -0.046208199 0.121046409 0.000188447 0.991570771
1403637223.588319 0.222691864 0.015125946 -0.184305355 -0.044021402 0.120531045 -0.000772407 0.991732717
1403637223.638319 0.223564699 0.012720128 -0.184206426 -0.042094287 0.120150767 -0.001702314 0.991861343
1403637223.688319 0.223067939 0.009536931 -0.184754744 -0.041382942 0.119758509 -0.002048262 0.991938055
1403637223.738319 0.223327249 0.007286907 -0.184447348 -0.041057058 0.119687110 -0.003075370 0.991957605
1403637223.788319 0.223223954 0.005487747 -0.184487969 -0.039883442 0.119558863 -0.003175329 0.992020607
1403637223.838319 0.223442107 0.003511702 -0.183926493 -0.039310370 0.119537167 -0.003526103 0.992044926
1403637223.888319 0.223610103 0.001958329 -0.183950871 -0.038242474 0.119536527 -0.004215199 0.992084086
1403637223.938319 0.224296480 0.000748577 -0.183583677 -0.037912957 0.119709760 -0.005453394 0.992069781
1403637223.988319 0.224019244 0.000138308 -0.183111817 -0.037364159 0.119772948 -0.005022538 0.992085218
1403637224.038319 0.224827811 -0.000342726 -0.182311147 -0.036876697 0.119854242 -0.005037659 0.992093563
1403637224.088319 0.224393457 -0.001185909 -0.181503072 -0.037311718 0.120085604 -0.005104689 0.992048979
1403637224.138319 0.224207908 -0.001943980 -0.181243613 -0.036968868 0.120588586 -0.006414011 0.991993248
1403637224.188319 0.224064812 -0.001886974 -0.181111753 -0.036513399 0.120588966 -0.006141804 0.992011786
1403637224.238319 0.224068895 -0.002119503 -0.180018336 -0.036096655 0.121179990 -0.007162197 0.991948187
1403637224.288319 0.224240541 -0.001563727 -0.178841189 -0.035192952 0.121443011 -0.007807385 0.991943598
1403637224.338319 0.223973870 -0.000986733 -0.178403497 -0.034660734 0.121283710 -0.007536357 0.991983950
1403637224.388319 0.224467993 -0.000232553 -0.177781552 -0.034791019 0.121455520 -0.008168315 0.991953373
1403637224.438319 0.224188760 0.001152933 -0.176653326 -0.034602847 0.122211747 -0.009684036 0.991853416
1403637224.488319 0.224445090 0.002113187 -0.176147684 -0.034388710 0.122187935 -0.010047244 0.991860151
1403637224.538319 0.224255592 0.003517244 -0.175967664 -0.033585045 0.122452512 -0.010530006 0.991850078
1403637224.588319 0.223954737 0.005453996 -0.174728811 -0.033065073 0.122313261 -0.009655065 0.991893589
1403637224.638319 0.223960057 0.005970253 -0.173931375 -0.032653704 0.121325210 -0.007074169 0.992050350
1403637224.688319 0.223010898 0.006523097 -0.173729956 -0.031900711 0.119989388 -0.002901910 0.992258251
1403637224.738319 0.222478822 0.008028759 -0.173166946 -0.032708053 0.118513837 0.001543727 0.992412388
1403637224.788319 0.222351700 0.008801529 -0.172161683 -0.033068236 0.118098594 0.003182740 0.992446005
1403637224.838319 0.221893594 0.009768467 -0.172595993 -0.033511851 0.118244529 0.003059055 0.992414117
1403637224.888319 0.221386135 0.009866148 -0.172494352 -0.032568932 0.119098105 0.000334232 0.992348135
1403637224.938319 0.220815554 0.010009942 -0.172244623 -0.032199912 0.120435558 -0.002738480 0.992195010
1403637224.988319 0.220838681 0.011121297 -0.171791017 -0.032060061 0.121170007 -0.005310049 0.992099702
1403637225.038319 0.220225617 0.012088854 -0.171157539 -0.032064259 0.121790349 -0.006614038 0.992015719
1403637225.088319 0.220197678 0.013081303 -0.171088725 -0.032060169 0.122232951 -0.008227798 0.991949379
1403637225.138319 0.219568223 0.014575467 -0.170671299 -0.030740736 0.122430407 -0.009707866 0.991953433
1403637225.188319 0.219030574 0.016491827 -0.169753313 -0.030259039 0.122472152 -0.010009627 0.991960108
1403637225.238319 0.218368366 0.017892003 -0.169453263 -0.029691529 0.122239336 -0.010711364 0.991998613
1403637225.288319 0.218070760 0.019430429 -0.170214951 -0.029849961 0.121336646 -0.010082815 0.992111266
1403637225.338319 0.217639208 0.022463029 -0.170177460 -0.028463664 0.121178649 -0.011083549 0.992160618
1403637225.388319 0.217806205 0.023217045 -0.169789463 -0.027899833 0.120632708 -0.011604980 0.992237210
1403637225.438319 0.216168985 0.025042858 -0.169643074 -0.026506582 0.120334536 -0.012119345 0.992305458
1403637225.488319 0.215385497 0.026187617 -0.170231357 -0.025892284 0.119990699 -0.012265533 0.992361546
1403637225.538319 0.214311749 0.026275318 -0.171459094 -0.026400451 0.119389944 -0.012941223 0.992412031
1403637225.588319 0.212774038 0.027561888 -0.171281397 -0.027456127 0.119041942 -0.012562725 0.992430031
1403637225.638319 0.211572930 0.028260101 -0.172236577 -0.029423863 0.118851766 -0.013675944 0.992381692
1403637225.688319 0.211680397 0.028508881 -0.172626093 -0.033325531 0.118263327 -0.012786617 0.992340505
1403637225.738319 0.209661484 0.028191419 -0.174538612 -0.035529453 0.118234299 -0.013306960 0.992260635
1403637225.788319 0.208625227 0.028161302 -0.175311804 -0.039404280 0.118154980 -0.013491682 0.992121279
1403637225.838319 0.206757680 0.027082074 -0.176128656 -0.042858616 0.117978379 -0.012141006 0.992016554
1403637225.888319 0.204745933 0.025956172 -0.178150401 -0.045436639 0.117591955 -0.012094496 0.991948247
1403637225.938319 0.202319384 0.024643760 -0.178810969 -0.043096501 0.117534071 -0.012552251 0.992053866
1403637225.988319 0.200838536 0.022654776 -0.179662064 -0.039387260 0.117211834 -0.012785572 0.992243171
1403637226.038319 0.197792694 0.020486735 -0.181364223 -0.035022851 0.117043264 -0.012929277 0.992424846
1403637226.088319 0.194960982 0.018717390 -0.181907207 -0.032065693 0.117264278 -0.013543110 0.992490590
1403637226.138319 0.193458885 0.017323602 -0.182279810 -0.028740091 0.117145441 -0.013406026 0.992608309
1403637226.188319 0.192260802 0.016266434 -0.183476031 -0.027310802 0.116983920 -0.013693250 0.992663801
1403637226.238319 0.189792335 0.014272045 -0.184536248 -0.026354723 0.117073618 -0.013922316 0.992675900
1403637226.288319 0.187657550 0.014261553 -0.186215430 -0.027284261 0.117231652 -0.014670427 0.992621303
1403637226.338319 0.185411334 0.013768753 -0.187059179 -0.030893223 0.117442049 -0.014632246 0.992491245
1403637226.388319 0.183350220 0.012734702 -0.187731311 -0.036042411 0.117780998 -0.015121610 0.992270112
1403637226.438319 0.181242943 0.012835937 -0.189998001 -0.043012023 0.117912672 -0.014824609 0.991981208
1403637226.488319 0.178993285 0.012938615 -0.190846577 -0.048899144 0.117696658 -0.014146568 0.991744041
1403637226.538319 0.176934004 0.013045397 -0.192174286 -0.052611124 0.117750019 -0.014423267 0.991543710
1403637226.588319 0.174284875 0.013106183 -0.192719176 -0.056271441 0.118081972 -0.015377285 0.991288900
1403637226.638319 0.172300562 0.012928978 -0.193447828 -0.057967156 0.117901392 -0.015311995 0.991213739
1403637226.688319 0.170134395 0.014096763 -0.194092542 -0.058737054 0.117681675 -0.014957562 0.991199911
1403637226.738319 0.166654527 0.014036842 -0.195022240 -0.059807632 0.117431626 -0.013653105 0.991184354
1403637226.788319 0.163115531 0.013889167 -0.194776610 -0.060301542 0.117029995 -0.012858498 0.991212547
1403637226.838319 0.160219193 0.014448391 -0.194214404 -0.059842795 0.117199786 -0.013026695 0.991218150
1403637226.888319 0.158251673 0.015601205 -0.193522245 -0.059281867 0.116475210 -0.010898861 0.991362929
1403637226.938319 0.155728921 0.016494712 -0.192859292 -0.057966486 0.115643211 -0.006906694 0.991573930
1403637226.988319 0.152404666 0.016820161 -0.192055330 -0.056050975 0.114623606 -0.001931239 0.991824567
1403637227.038319 0.148979411 0.017190875 -0.191045389 -0.053454570 0.112760045 0.005722034 0.992166817
1403637227.088319 0.148104697 0.018482316 -0.191337228 -0.050189473 0.110216372 0.013501114 0.992547750
1403637227.138319 0.145033896 0.017929992 -0.190690428 -0.047489107 0.108855776 0.020616457 0.992708504
1403637227.188319 0.142704159 0.018681753 -0.189910889 -0.046098180 0.108552814 0.023206351 0.992750108
1403637227.238319 0.140416563 0.019036351 -0.188349739 -0.044753458 0.109070979 0.023957185 0.992736995
1403637227.288319 0.139721766 0.017936395 -0.188815713 -0.044773605 0.110725708 0.019361593 0.992653131
1403637227.338319 0.136611864 0.016515497 -0.187638491 -0.045825578 0.113056727 0.014996109 0.992417932
1403637227.388319 0.135924980 0.016292501 -0.187008411 -0.045680184 0.114926793 0.011110753 0.992260933
1403637227.438319 0.135607973 0.015645713 -0.186470002 -0.047626637 0.116373591 0.007145779 0.992037177
1403637227.488319 0.134578615 0.014803530 -0.185415328 -0.048365843 0.117486864 0.005789603 0.991879046
1403637227.538319 0.133129179 0.014791881 -0.184366763 -0.048757277 0.118608087 0.005468935 0.991728246
1403637227.588319 0.132547885 0.014797559 -0.183529973 -0.049605276 0.118718550 0.006838558 0.991664469
1403637227.638319 0.131298363 0.013965650 -0.182449758 -0.049359873 0.118253767 0.010378026 0.991701543
1403637227.688319 0.130000085 0.014116875 -0.181018218 -0.050131459 0.118259966 0.012917862 0.991632283
1403637227.738319 0.128484219 0.014188828 -0.179829076 -0.050221723 0.117896728 0.015542382 0.991633296
1403637227.788319 0.128267765 0.014662708 -0.179232150 -0.050187264 0.117318034 0.018198673 0.991658449
1403637227.838319 0.129144371 0.015620309 -0.177954018 -0.049524643 0.118094809 0.016124416 0.991635501
1403637227.888319 0.128250152 0.015677152 -0.175523520 -0.045581065 0.118943051 0.013815532 0.991758049
1403637227.938319 0.128682002 0.016180832 -0.175205588 -0.040179368 0.120142519 0.009258689 0.991900027
1403637227.988319 0.129081920 0.017675702 -0.173664287 -0.035266977 0.121148080 0.005141549 0.991994441
1403637228.038319 0.128817767 0.017770290 -0.171571732 -0.030616561 0.122407146 0.000363638 0.992007554
1403637228.088319 0.128645405 0.019114688 -0.170738980 -0.028105414 0.122454882 -0.001678836 0.992074609
1403637228.138319 0.129117459 0.020052662 -0.169297725 -0.024667211 0.121726602 -0.002190419 0.992254674
1403637228.188319 0.129061207 0.021007108 -0.167528570 -0.023307513 0.121300131 -0.003508367 0.992335975
1403637228.238319 0.128586218 0.021549141 -0.167054415 -0.021215392 0.120513506 -0.003793414 0.992477715
1403637228.288319 0.128492162 0.021832068 -0.166250587 -0.020770861 0.120289691 -0.005112261 0.992508352
1403637228.338319 0.128247336 0.022559110 -0.165029421 -0.019517651 0.119621180 -0.004670838 0.992616713
1403637228.388319 0.127389386 0.021755779 -0.164651081 -0.020508030 0.120036557 -0.007581790 0.992528677
1403637228.438319 0.127804011 0.022106949 -0.164082080 -0.019699147 0.119706415 -0.008512203 0.992577374
1403637228.488319 0.127615333 0.022164144 -0.164382756 -0.018848808 0.120051034 -0.010902038 0.992528915
1403637228.538319 0.126912013 0.020941224 -0.164315358 -0.018245041 0.120209977 -0.012915067 0.992496789
1403637228.588319 0.126125813 0.020572452 -0.164237335 -0.017634491 0.120786458 -0.015352110 0.992403150
1403637228.638319 0.125079349 0.019817472 -0.165333450 -0.017921418 0.120720513 -0.016635668 0.992385328
1403637228.688319 0.124274746 0.018923411 -0.166567102 -0.021228563 0.120610096 -0.015976667 0.992344320
1403637228.738319 0.122613177 0.018193819 -0.166227072 -0.025667973 0.120540433 -0.013876783 0.992279530
1403637228.788319 0.121147528 0.017237790 -0.167370662 -0.030311910 0.119457267 -0.009934144 0.992326796
1403637228.838319 0.119315758 0.017083533 -0.169226170 -0.034674730 0.118614599 -0.006292239 0.992314816
1403637228.888319 0.118561104 0.017121883 -0.169688940 -0.037517693 0.117834225 -0.002631213 0.992320836
1403637228.938319 0.116943523 0.017526580 -0.170677513 -0.038135104 0.118181407 -0.002637018 0.992255986
1403637228.988319 0.116196133 0.017384455 -0.170938104 -0.037542168 0.119482152 -0.005491530 0.992111087
1403637229.038319 0.114754245 0.017259911 -0.172552437 -0.036217876 0.120428801 -0.008086883 0.992028117
1403637229.088319 0.113832936 0.017977389 -0.172878474 -0.032685507 0.121012345 -0.010299735 0.992059290
1403637229.138319 0.113085680 0.017871164 -0.173543364 -0.029658096 0.121660084 -0.012420806 0.992050886
1403637229.188319 0.111700609 0.018301511 -0.173232451 -0.028148159 0.122560777 -0.014971826 0.991948783
1403637229.238319 0.110668391 0.019040141 -0.174619764 -0.027193626 0.123026885 -0.016034666 0.991901100
1403637229.288319 0.108482108 0.019629387 -0.174161002 -0.027322801 0.125108317 -0.016592994 0.991627991
1403637229.338319 0.107292697 0.021431774 -0.175981522 -0.028126074 0.127881154 -0.015993027 0.991261601
1403637229.388319 0.104994014 0.022158820 -0.177237064 -0.031783041 0.131901979 -0.010817172 0.990694046
1403637229.438319 0.104521617 0.024498776 -0.178255245 -0.037255634 0.136527449 -0.002241526 0.989932954
1403637229.488319 0.099867389 0.024564389 -0.178222686 -0.043417089 0.143262908 0.009650283 0.988684773
1403637229.538319 0.100081548 0.026193080 -0.180408210 -0.048205670 0.149951592 0.022735810 0.987255692
1403637229.588319 0.099512219 0.028476188 -0.181439281 -0.052376278 0.158865139 0.035463896 0.985271990
1403637229.638319 0.095333263 0.030210717 -0.181145668 -0.055648603 0.170502990 0.047958046 0.982614875
1403637229.688319 0.095644854 0.032192200 -0.181949228 -0.057543486 0.182462007 0.058890987 0.979759276
1403637229.738319 0.096985593 0.034794018 -0.182008088 -0.058375511 0.196396813 0.064611353 0.976650357
1403637229.788319 0.095031902 0.035734463 -0.182475239 -0.056887519 0.214415386 0.063482866 0.973015785
1403637229.838319 0.096157193 0.037333887 -0.182964489 -0.052973006 0.232085377 0.060375940 0.969373465
1403637229.888319 0.096522026 0.039460592 -0.183166146 -0.048454858 0.250527322 0.055761676 0.965286911
1403637229.938319 0.097643360 0.040925905 -0.182731420 -0.044462975 0.268092334 0.052936338 0.960909605
1403637229.988319 0.098082602 0.042587973 -0.184654951 -0.039667945 0.284861833 0.051991764 0.956335187
1403637230.038319 0.097713299 0.045237735 -0.183842063 -0.039127748 0.301137358 0.053188868 0.951291859
1403637230.088319 0.099215254 0.046666909 -0.182649061 -0.040107429 0.314820319 0.059373017 0.946443021
1403637230.138319 0.099383652 0.048707314 -0.182437241 -0.043244284 0.327329993 0.067122422 0.941530466
1403637230.188319 0.099240802 0.049685232 -0.183287561 -0.045959007 0.338750511 0.073369533 0.936884582
1403637230.238319 0.100082070 0.051151294 -0.183409452 -0.047883738 0.348695189 0.077406093 0.932806075
1403637230.288319 0.100638501 0.052213505 -0.184180707 -0.049778964 0.357186198 0.079423599 0.929318011
1403637230.338319 0.100698233 0.051260423 -0.184053540 -0.050027180 0.364097655 0.080272019 0.926545501
1403637230.388319 0.101575591 0.050949406 -0.183449656 -0.047285318 0.369562030 0.081144743 0.924447656
1403637230.438319 0.102558300 0.051446985 -0.183227956 -0.042068586 0.374483168 0.079484254 0.922862291
1403637230.488319 0.102707222 0.050056122 -0.182147637 -0.035997022 0.378573030 0.076919459 0.921666980
1403637230.538319 0.102702133 0.048300739 -0.182068467 -0.029865438 0.382159323 0.075068370 0.920558035
1403637230.588319 0.103112109 0.048064284 -0.181681857 -0.022706978 0.386997730 0.072713561 0.918928683
1403637230.638319 0.104080677 0.046770044 -0.180989355 -0.016369259 0.392115384 0.074701145 0.916731894
1403637230.688319 0.104048051 0.045039803 -0.180707812 -0.012726716 0.398396134 0.077414885 0.913851976
1403637230.738319 0.103577197 0.042551398 -0.180828944 -0.012255616 0.405294895 0.083767876 0.910257518
1403637230.788319 0.102679819 0.042770829 -0.180697605 -0.014331960 0.412860662 0.091178283 0.906105518
1403637230.838319 0.102544330 0.038686551 -0.182615906 -0.020125676 0.420383811 0.102629989 0.901298761
1403637230.888319 0.103214815 0.039855149 -0.182591215 -0.025143584 0.430225670 0.112165973 0.895372808
1403637230.938319 0.102348112 0.038235903 -0.183059081 -0.030070504 0.441028148 0.122493535 0.888586104
1403637230.988319 0.103404485 0.036735211 -0.185657844 -0.034087684 0.452745557 0.131343290 0.881253898
1403637231.038319 0.103140272 0.036208753 -0.184603736 -0.037175920 0.467083216 0.138476431 0.872511029
1403637231.088319 0.105074920 0.035515014 -0.185290530 -0.037818778 0.481244683 0.146478683 0.863433421
1403637231.138319 0.103709526 0.035069905 -0.184501544 -0.038570646 0.497478217 0.152729571 0.853054166
1403637231.188319 0.106467426 0.033616278 -0.186850712 -0.037058331 0.512278140 0.161955148 0.842596233
1403637231.238319 0.107467934 0.035271443 -0.186784834 -0.034672357 0.529062212 0.168800712 0.830901504
1403637231.288319 0.108579829 0.036325809 -0.186577335 -0.032475468 0.545767784 0.176432446 0.818507493
1403637231.338319 0.111500084 0.038244795 -0.186132655 -0.028846789 0.563018322 0.183161393 0.805375755
1403637231.388319 0.112808704 0.041150253 -0.186910897 -0.024409574 0.580918074 0.188386545 0.791485250
1403637231.438319 0.114290223 0.043605570 -0.188431650 -0.020293739 0.597928405 0.194847822 0.777241349
1403637231.488319 0.117506593 0.047658917 -0.186052054 -0.015963200 0.614986956 0.203881606 0.761556625
1403637231.538319 0.120158479 0.051837862 -0.185557827 -0.012747952 0.631648839 0.213752598 0.745095372
1403637231.588319 0.123154692 0.057162844 -0.186858907 -0.011144713 0.646989703 0.223457232 0.728935540
1403637231.638319 0.126255050 0.064002179 -0.187459067 -0.010082882 0.663381457 0.229324371 0.712203443
1403637231.688319 0.129926026 0.069192857 -0.187429577 -0.010294450 0.679872990 0.233789906 0.694988489
1403637231.738319 0.133001938 0.074916720 -0.188189209 -0.007781285 0.694691479 0.238257855 0.678657830
1403637231.788319 0.136814073 0.080846511 -0.191666961 -0.005303862 0.708289623 0.241725445 0.663224280
1403637231.838319 0.140357599 0.084907204 -0.192556411 -0.004568647 0.720842302 0.246156916 0.647898376
1403637231.888319 0.143721297 0.087855726 -0.193643570 -0.004937110 0.732078552 0.251704454 0.632994056
1403637231.938319 0.147746295 0.092501342 -0.196131036 -0.003229150 0.741807818 0.257047355 0.619384706
1403637231.988319 0.152010411 0.098117828 -0.199808910 -0.000957506 0.751163006 0.260396600 0.606586218
1403637232.038319 0.156660616 0.102029353 -0.202680409 0.006495049 0.761615276 0.259812713 0.593630672
1403637232.088319 0.160127610 0.104929768 -0.207984835 0.015419752 0.771429241 0.258361310 0.581299067
1403637232.138319 0.165035263 0.107738078 -0.211713940 0.023551667 0.781523883 0.256570280 0.568187833
1403637232.188319 0.169285461 0.110499680 -0.214676097 0.031025538 0.790613174 0.255830199 0.555444896
1403637232.238319 0.173304483 0.112623081 -0.219217122 0.033780668 0.798951030 0.255675584 0.543291867
1403637232.288319 0.177529797 0.116553098 -0.224166095 0.035090417 0.807081044 0.254797459 0.531476378
1403637232.338319 0.180791050 0.118297108 -0.229362279 0.035154436 0.815520823 0.252743453 0.519433200
1403637232.388319 0.184216127 0.121046215 -0.234325424 0.034155466 0.824310839 0.249424323 0.507082403
1403637232.438319 0.187488601 0.121788584 -0.240654290 0.033965033 0.831655681 0.249098018 0.495121598
1403637232.488319 0.190527171 0.123512313 -0.246753141 0.035821930 0.838382781 0.250901282 0.482576013
1403637232.538319 0.192805588 0.124006227 -0.251797616 0.039984282 0.842583895 0.260184199 0.469848663
1403637232.588319 0.195085153 0.125390038 -0.258348227 0.042522229 0.846329749 0.270043105 0.457159251
1403637232.638319 0.196919009 0.127284989 -0.265511930 0.045244690 0.849844694 0.280313045 0.444006205
1403637232.688319 0.199262261 0.128204763 -0.271266758 0.047955114 0.853726089 0.289317876 0.430287331
1403637232.738319 0.200533912 0.128663689 -0.278249264 0.049147509 0.856842458 0.299194306 0.416999191
1403637232.788319 0.202216059 0.128495216 -0.286548764 0.050754674 0.859415710 0.308934033 0.404213250
1403637232.838319 0.202950537 0.130835116 -0.294729710 0.048445586 0.861888349 0.316064119 0.393579721
1403637232.888319 0.203786865 0.131671682 -0.302760929 0.043758035 0.864138782 0.322194725 0.384109318
1403637232.938319 0.205429941 0.132496670 -0.311822683 0.038245663 0.865675628 0.328130811 0.376129180
1403637232.988319 0.206453413 0.132763475 -0.321012259 0.032449521 0.867345214 0.331452221 0.369863063
1403637233.038319 0.207208112 0.134097666 -0.331157506 0.026614580 0.868386507 0.334478706 0.365130842
1403637233.088319 0.208399713 0.134721071 -0.342010379 0.020545769 0.869100630 0.336978972 0.361506760
1403637233.138319 0.209882289 0.135420874 -0.352744937 0.014864666 0.869359910 0.339460045 0.358830422
1403637233.188319 0.211182982 0.136699542 -0.364006042 0.009219477 0.868495286 0.343273044 0.357483685
1403637233.238319 0.212449640 0.138047874 -0.375455081 0.005618426 0.867680848 0.346121430 0.356788993
1403637233.288319 0.213932917 0.139086217 -0.388001531 0.000942033 0.866348565 0.349443197 0.356831491
1403637233.338319 0.216308504 0.141548619 -0.400543839 -0.002148695 0.864790618 0.352590621 0.357508630
1403637233.388319 0.218601868 0.144040972 -0.412975281 -0.005452079 0.863014042 0.355965644 0.358420759
1403637233.438319 0.221629113 0.146604583 -0.425935507 -0.010304442 0.861847878 0.357645184 0.359446704
1403637233.488319 0.224122539 0.150720716 -0.439066112 -0.018059630 0.862464905 0.354198784 0.361069798
1403637233.538319 0.227770448 0.155250043 -0.452795267 -0.029798562 0.865292072 0.344420999 0.362981856
1403637233.588319 0.231450140 0.160761341 -0.466670156 -0.044158071 0.870389938 0.327464730 0.365018249
1403637233.638319 0.235486299 0.166181505 -0.480965555 -0.058152881 0.876201808 0.306838393 0.367067873
1403637233.688319 0.240208730 0.170283258 -0.494801819 -0.070993595 0.881486058 0.286666751 0.368462235
1403637233.738319 0.245803043 0.176368371 -0.508294225 -0.081458494 0.885958493 0.268130630 0.369523972
1403637233.788319 0.251849174 0.181695461 -0.521243274 -0.090649351 0.889805913 0.251514047 0.369822741
1403637233.838319 0.258863389 0.187260479 -0.534215689 -0.097126365 0.892373562 0.239625469 0.369885832
1403637233.888319 0.266505331 0.193211257 -0.545722127 -0.102333829 0.894410074 0.230225399 0.369533122
1403637233.938319 0.274161428 0.198313311 -0.557527184 -0.106616624 0.895329475 0.224753842 0.369464159
1403637233.988319 0.281966716 0.204043001 -0.568343282 -0.110615961 0.895925224 0.220651224 0.369317174
1403637234.038319 0.291355968 0.209434777 -0.578348935 -0.115582325 0.896993101 0.214547038 0.368800342
1403637234.088319 0.300913721 0.214782357 -0.587792873 -0.119315855 0.898121297 0.207818195 0.368718743
1403637234.138319 0.310845077 0.219730154 -0.596335649 -0.124664836 0.899391711 0.200474933 0.367917180
1403637234.188319 0.322228551 0.224546671 -0.603624523 -0.128747553 0.900681853 0.194159821 0.366739959
1403637234.238319 0.333738148 0.229194671 -0.610141754 -0.128979176 0.901724100 0.190615535 0.365955949
1403637234.288319 0.345981508 0.233302578 -0.615388572 -0.125788376 0.902923167 0.188328728 0.365293443
1403637234.338319 0.359607458 0.238173723 -0.619831324 -0.119341090 0.904025137 0.187476188 0.365169823
1403637234.388319 0.372895777 0.241773725 -0.623525262 -0.110258006 0.904388607 0.188909546 0.366384476
1403637234.438319 0.386910975 0.245739952 -0.626144767 -0.098381072 0.904068470 0.190828398 0.369548231
1403637234.488319 0.400752902 0.249465287 -0.628510118 -0.087908514 0.903012991 0.191700429 0.374286801
1403637234.538319 0.415606827 0.252395838 -0.629508555 -0.076313280 0.901532292 0.191820145 0.380290449
1403637234.588319 0.430886418 0.256204396 -0.629259884 -0.064796351 0.899461806 0.192814827 0.386771679
1403637234.638319 0.445573390 0.259441704 -0.628461480 -0.054570548 0.896900952 0.192657471 0.394301742
1403637234.688319 0.460498303 0.262692243 -0.627079725 -0.046215013 0.893790126 0.192345008 0.402500659
1403637234.738319 0.475951791 0.266357929 -0.624952912 -0.036917876 0.889950335 0.193502158 0.411317796
1403637234.788319 0.491068929 0.269758761 -0.622778535 -0.027524926 0.885184407 0.195283920 0.421372920
1403637234.838319 0.506257713 0.273146987 -0.619980276 -0.019027134 0.880213141 0.197015494 0.431332499
1403637234.888319 0.520543933 0.276120245 -0.616726279 -0.009176156 0.874068379 0.200820774 0.442257017
1403637234.938319 0.535370946 0.277964622 -0.612447798 -0.000810275 0.868176162 0.202911764 0.452875584
1403637234.988319 0.549237669 0.281051934 -0.608345985 0.004182037 0.862415671 0.203432560 0.463504970
1403637235.038319 0.562986434 0.283223540 -0.603816211 0.004819017 0.857344091 0.201395974 0.473685056
1403637235.088319 0.576506853 0.285409003 -0.599325240 0.004560904 0.851991355 0.198861346 0.484297514
1403637235.138319 0.589814126 0.287310243 -0.594674230 0.003142877 0.846342385 0.196489573 0.495062172
1403637235.188319 0.602858841 0.288415939 -0.588848233 0.002217089 0.841079116 0.193339124 0.505174160
1403637235.238319 0.615201116 0.288988471 -0.583502054 0.001048682 0.835674584 0.191670060 0.514693558
1403637235.288319 0.627288043 0.289374977 -0.577716231 -0.002072863 0.830770373 0.191920489 0.522477329
1403637235.338319 0.639166534 0.289159238 -0.572700739 -0.006880010 0.825784683 0.194549605 0.529322863
1403637235.388319 0.650717378 0.289487898 -0.566787958 -0.012041632 0.820510030 0.201649040 0.534748614
1403637235.438319 0.661665857 0.289834738 -0.560568094 -0.015923090 0.815224588 0.208699271 0.540000021
1403637235.488319 0.672358572 0.289104193 -0.554627657 -0.021059193 0.809328496 0.216053471 0.545769930
1403637235.538319 0.683546007 0.289224625 -0.547757149 -0.023999581 0.803997099 0.221429959 0.551345170
1403637235.588319 0.694853842 0.287423164 -0.541379452 -0.028620133 0.799589217 0.223669350 0.556605756
1403637235.638319 0.706074119 0.286479294 -0.534847140 -0.030389106 0.795300961 0.223807424 0.562568247
1403637235.688319 0.717344046 0.285354078 -0.528145790 -0.030919608 0.791697383 0.220654160 0.568833053
1403637235.738319 0.727963865 0.284476310 -0.521411180 -0.029980270 0.788967431 0.212504834 0.575737059
1403637235.788319 0.739016533 0.280915976 -0.515315473 -0.032079984 0.786664963 0.202432096 0.582366049
1403637235.838319 0.750005186 0.279042274 -0.507942259 -0.034247905 0.785718143 0.186067089 0.588942349
1403637235.888319 0.761021018 0.275176316 -0.501821756 -0.037535373 0.782897294 0.173812509 0.596198082
1403637235.938319 0.771977901 0.271921962 -0.495000780 -0.043602947 0.779994905 0.160747111 0.603213906
1403637235.988319 0.782695949 0.268757999 -0.488056123 -0.047845013 0.774917781 0.153345123 0.611308873
1403637236.038319 0.792984962 0.264068514 -0.480064988 -0.052909173 0.770182490 0.144939363 0.618879735
1403637236.088319 0.803291380 0.260658830 -0.471847475 -0.055704668 0.764265895 0.139626279 0.627135634
1403637236.138319 0.813673556 0.255931437 -0.462732375 -0.058557171 0.758366346 0.134415478 0.635125101
1403637236.188319 0.823646963 0.250116855 -0.453309476 -0.061752029 0.751512945 0.131911352 0.643439412
1403637236.238319 0.833322883 0.244906574 -0.442838609 -0.063322574 0.745385170 0.126371965 0.651476264
1403637236.288319 0.843159318 0.238121629 -0.432369351 -0.063205682 0.738078713 0.124935776 0.660027206
1403637236.338319 0.852651715 0.231544584 -0.420637190 -0.062651671 0.730853140 0.122144818 0.668587387
1403637236.388319 0.861524999 0.224181771 -0.408438951 -0.060688049 0.723218679 0.121063635 0.677211404
1403637236.438319 0.870844722 0.216871530 -0.396006972 -0.057614185 0.715737045 0.121503204 0.685301423
1403637236.488319 0.879398823 0.209759891 -0.383372128 -0.052761924 0.708698630 0.121413246 0.692979932
1403637236.538319 0.887883961 0.201720342 -0.370201409 -0.049198434 0.702912867 0.121574104 0.699079871
1403637236.588319 0.896010756 0.193494275 -0.355957329 -0.045449816 0.698565483 0.121297821 0.703723967
1403637236.638319 0.903908312 0.185714677 -0.342561752 -0.041139487 0.695473194 0.118648104 0.707493603
1403637236.688319 0.911919951 0.177856967 -0.327699125 -0.037947364 0.692765236 0.116572015 0.710666776
1403637236.738319 0.918939173 0.170244142 -0.313287735 -0.031903133 0.689683974 0.111877508 0.714703918
1403637236.788319 0.926582813 0.163583666 -0.299666137 -0.025639517 0.685347021 0.107351460 0.719803929
1403637236.838319 0.932990849 0.155500129 -0.283846855 -0.018507918 0.680667758 0.103811137 0.724963546
1403637236.888319 0.939524591 0.146469384 -0.268304557 -0.009442244 0.674962759 0.099143021 0.731099725
1403637236.938319 0.944771290 0.137641296 -0.251980215 0.001160368 0.669539630 0.093683369 0.736843824
1403637236.988319 0.949788392 0.130184978 -0.235283911 0.012031320 0.665382028 0.086186104 0.741413534
1403637237.038319 0.954619229 0.121551931 -0.219928145 0.024137717 0.660868585 0.078998275 0.745941937
1403637237.088319 0.957802176 0.111814186 -0.203410521 0.035269048 0.656662464 0.073228158 0.749792099
1403637237.138319 0.960166633 0.102575228 -0.186702460 0.046861522 0.651398361 0.068177745 0.754212201
1403637237.188319 0.961553156 0.093149796 -0.171295598 0.055800755 0.644509554 0.066986836 0.759609461
1403637237.238319 0.962520301 0.084041193 -0.155759335 0.061369803 0.636563659 0.066904508 0.765861750
1403637237.288319 0.961824715 0.073293984 -0.138750598 0.063249290 0.628851295 0.069087110 0.771863043
1403637237.338319 0.959751904 0.064386196 -0.123867556 0.062935077 0.621863008 0.069443844 0.777498007
1403637237.388319 0.957515359 0.053022239 -0.106878310 0.062470619 0.616043866 0.072126135 0.781911254
1403637237.438319 0.954737544 0.044228412 -0.091905043 0.064416513 0.610078931 0.073833667 0.786258698
1403637237.488319 0.950116038 0.033559304 -0.078022048 0.063142307 0.605135858 0.074682459 0.790092528
1403637237.538319 0.945218742 0.023155134 -0.063353866 0.063684769 0.600601435 0.077030115 0.793277025
1403637237.588319 0.938968360 0.013595807 -0.048765957 0.064904474 0.597016633 0.079319790 0.795655012
1403637237.638319 0.931945562 0.003276642 -0.035655916 0.067755386 0.593053102 0.082378544 0.798066974
1403637237.688319 0.924071312 -0.007622928 -0.022532731 0.070605755 0.589318812 0.085900247 0.800212026
1403637237.738319 0.915479898 -0.017237671 -0.010494053 0.073283613 0.585747659 0.090753518 0.802055478
1403637237.788319 0.906220198 -0.027610049 0.001869440 0.074731946 0.583026648 0.096348487 0.803250909
1403637237.838319 0.896529138 -0.037034187 0.013080120 0.074510999 0.581323981 0.103619903 0.803600252
1403637237.888319 0.885804415 -0.044996951 0.023191184 0.073626295 0.580897272 0.111896262 0.802880287
1403637237.938319 0.874880552 -0.052719176 0.034374833 0.072742671 0.582612336 0.120842539 0.800417662
1403637237.988319 0.863247514 -0.059918951 0.044325545 0.070119187 0.585455775 0.130547255 0.797045887
1403637238.038319 0.851510525 -0.066693522 0.054597214 0.067995884 0.589103222 0.142463475 0.792488515
1403637238.088319 0.839683175 -0.073535636 0.064569399 0.066988900 0.592839718 0.157824919 0.786857605
1403637238.138319 0.827261925 -0.080142990 0.073554829 0.066037722 0.598124444 0.172038287 0.779928803
1403637238.188319 0.815421343 -0.086428359 0.081790447 0.067358039 0.603877783 0.187112406 0.771870077
1403637238.238319 0.802562892 -0.092276573 0.089426257 0.069407031 0.611013830 0.201937184 0.762276888
1403637238.288319 0.789948046 -0.097814612 0.094538957 0.072518401 0.617879331 0.216394901 0.752422392
1403637238.338319 0.778031826 -0.102925688 0.101863995 0.075918086 0.627001226 0.230618969 0.740216732
1403637238.388319 0.765734851 -0.108926013 0.106380768 0.080180064 0.636935413 0.243225768 0.727135241
1403637238.438319 0.753484547 -0.113454610 0.110060722 0.084796578 0.646994650 0.254663795 0.713690281
1403637238.488319 0.739527285 -0.117097408 0.112966813 0.089991525 0.658357978 0.264036298 0.699107409
1403637238.538319 0.726562262 -0.120119125 0.114810862 0.093059562 0.669441700 0.272496670 0.684787095
1403637238.588319 0.714870930 -0.123377040 0.116517916 0.094511934 0.679827929 0.281140238 0.670717239
1403637238.638319 0.701334536 -0.126360387 0.117068492 0.094252162 0.687020421 0.294432670 0.657593250
1403637238.688319 0.688202381 -0.127496392 0.117237389 0.089865834 0.692004979 0.308541924 0.646417201
1403637238.738319 0.675453663 -0.129865080 0.115481079 0.082829356 0.694270194 0.325112700 0.636733830
1403637238.788319 0.663571000 -0.131718665 0.114053860 0.073863074 0.695982695 0.340840578 0.627678335
1403637238.838319 0.650399923 -0.132256463 0.110126793 0.064724714 0.695617318 0.356867313 0.620139480
1403637238.888319 0.638766229 -0.132296517 0.106064871 0.055188872 0.695003808 0.371402115 0.613175750
1403637238.938319 0.627337337 -0.133335963 0.100322224 0.043923832 0.693535745 0.385357618 0.607106566
1403637238.988319 0.616074026 -0.132867500 0.093000814 0.033575054 0.692734540 0.395492405 0.602143943
1403637239.038319 0.605685592 -0.132861584 0.084206030 0.022660989 0.694476902 0.399045110 0.598290384
1403637239.088319 0.596131980 -0.131516337 0.073982678 0.012391524 0.698027074 0.397085905 0.595757902
1403637239.138319 0.587930858 -0.130677894 0.063272245 0.004109849 0.705794334 0.387045771 0.593323708
1403637239.188319 0.581070185 -0.129731938 0.050895996 -0.002129696 0.715212047 0.373227149 0.590905011
1403637239.238319 0.573693275 -0.128890127 0.038198605 -0.004297761 0.725728571 0.358434469 0.587217450
1403637239.288319 0.567840040 -0.127469242 0.024366226 -0.004866778 0.734879434 0.346374869 0.583054841
1403637239.338319 0.562372446 -0.127234265 0.008563034 -0.005145383 0.742737055 0.338662893 0.577600718
1403637239.388319 0.557596326 -0.125512451 -0.006500050 -0.002669766 0.750109315 0.334544212 0.570446432
1403637239.438319 0.553212702 -0.123479247 -0.022053827 -0.000043109 0.757354736 0.333016276 0.561706305
1403637239.488319 0.548932374 -0.120348096 -0.037696123 0.002014809 0.765331566 0.331303030 0.551816821
1403637239.538319 0.545650661 -0.117058784 -0.054269761 0.005089819 0.773862839 0.329562247 0.540831804
1403637239.588319 0.542536914 -0.112320751 -0.070017122 0.007305715 0.782765448 0.327767789 0.528954804
1403637239.638319 0.539904475 -0.106902897 -0.087611280 0.008955984 0.791415691 0.326421052 0.516749740
1403637239.688319 0.537253857 -0.100055963 -0.106479630 0.012351315 0.800464571 0.323921025 0.504161775
1403637239.738319 0.534986913 -0.094505623 -0.123825967 0.014233816 0.811393023 0.316850334 0.490962952
1403637239.788319 0.532886922 -0.085229293 -0.138992935 0.018238690 0.823519111 0.306341410 0.477114856
1403637239.838319 0.530922234 -0.077899024 -0.156498224 0.018721601 0.835921884 0.293968618 0.463105351
1403637239.888319 0.529114723 -0.068112954 -0.174331918 0.020575156 0.847563982 0.282804966 0.448590279
1403637239.938319 0.528848767 -0.058069021 -0.192929298 0.022932982 0.857441723 0.274764687 0.434479207
1403637239.988319 0.525901914 -0.051098421 -0.210984156 0.023087319 0.867182732 0.267875791 0.419170141
1403637240.038319 0.522395015 -0.041666552 -0.228812158 0.023628883 0.875739694 0.262667030 0.404385537
1403637240.088319 0.521689296 -0.032872185 -0.245889246 0.024543809 0.883456171 0.260547370 0.388610184
1403637240.138319 0.518943310 -0.024521023 -0.262454510 0.025292084 0.890236855 0.261035174 0.372423530
1403637240.188319 0.516705573 -0.014988750 -0.280046701 0.025923613 0.896109521 0.262199819 0.357165158
1403637240.238319 0.515167594 -0.005884767 -0.295993596 0.024482712 0.901036620 0.265996665 0.341729909
1403637240.288319 0.512551129 0.004369229 -0.312952310 0.022549516 0.904042304 0.273079872 0.328064680
1403637240.338319 0.509420514 0.013447195 -0.329913884 0.018257773 0.905449450 0.281583399 0.317078531
1403637240.388319 0.506553173 0.022966176 -0.346510351 0.012671305 0.906143665 0.290577799 0.307095528
1403637240.438319 0.504399478 0.032653809 -0.362926245 0.004577925 0.906406045 0.298723847 0.298615396
1403637240.488319 0.502433956 0.041753322 -0.378848433 -0.002332348 0.906496942 0.305361271 0.291568637
1403637240.538319 0.500338674 0.050722033 -0.394985735 -0.007924062 0.906673253 0.309710801 0.286286682
1403637240.588319 0.498359501 0.059252828 -0.411572337 -0.009606593 0.907131255 0.311701298 0.282600343
1403637240.638319 0.496938527 0.067385107 -0.428122461 -0.012210058 0.907831192 0.311838329 0.280089825
1403637240.688319 0.495630354 0.074632883 -0.445201010 -0.014642834 0.908567488 0.310885996 0.278640687
1403637240.738319 0.494736254 0.081771672 -0.461446106 -0.014455161 0.909409881 0.309309095 0.277655482
1403637240.788319 0.494262755 0.088779330 -0.478908718 -0.015082875 0.910947382 0.304869771 0.277492076
1403637240.838319 0.493426412 0.096132427 -0.495473504 -0.017348524 0.914297462 0.294243872 0.277812362
1403637240.888319 0.492972761 0.102831528 -0.512749314 -0.015502757 0.917667508 0.282648981 0.278846830
1403637240.938319 0.493205726 0.108470619 -0.530056000 -0.015890282 0.920270145 0.273007691 0.279852122
1403637240.988319 0.493660152 0.114446402 -0.546469808 -0.015653925 0.921815872 0.266686201 0.280871689
1403637241.038319 0.493433267 0.120193079 -0.562876344 -0.014596702 0.921689808 0.265710980 0.282263219
1403637241.088319 0.493825614 0.126084611 -0.579157114 -0.012911464 0.920461535 0.268015385 0.284168214
1403637241.138319 0.494714320 0.132898942 -0.594642758 -0.013040279 0.919447422 0.269476682 0.286057264
1403637241.188319 0.496039361 0.139677599 -0.609621882 -0.013588036 0.918607831 0.270510912 0.287747860
1403637241.238319 0.496875823 0.146682501 -0.624791563 -0.016997360 0.918511271 0.269023955 0.289264947
1403637241.288319 0.497164130 0.153323829 -0.639268160 -0.021140480 0.918216944 0.267853975 0.291006923
1403637241.338319 0.498681366 0.160189614 -0.653504848 -0.024137158 0.918409646 0.265497178 0.292322457
1403637241.388319 0.499676973 0.166900307 -0.668130457 -0.029232854 0.918627322 0.262652308 0.293739796
1403637241.438319 0.501392782 0.174098149 -0.682367563 -0.033695295 0.918688118 0.260379851 0.295091599
1403637241.488319 0.503599524 0.180652902 -0.695760369 -0.038285222 0.919279754 0.256823093 0.295805424
1403637241.538319 0.505399466 0.186996236 -0.708777785 -0.042859584 0.920412958 0.250834495 0.296791345
1403637241.588319 0.508548200 0.193192646 -0.721546054 -0.046250883 0.921027303 0.246855721 0.297710955
1403637241.638319 0.511308789 0.198854521 -0.733947396 -0.046902657 0.921873391 0.242376119 0.298669457
1403637241.688319 0.514384389 0.204028204 -0.745924950 -0.045698900 0.923152864 0.236098677 0.299929768
1403637241.738319 0.518333435 0.208246872 -0.757285118 -0.045107402 0.924415171 0.230221570 0.300699145
1403637241.788319 0.522555113 0.212338060 -0.768708587 -0.043354377 0.925689638 0.224532649 0.301337421
1403637241.838319 0.527032137 0.216258213 -0.779050410 -0.039724465 0.926937640 0.219246700 0.301893085
1403637241.888319 0.531442523 0.219619319 -0.789003849 -0.031065557 0.927616715 0.216599032 0.302732497
1403637241.938319 0.535808027 0.222071290 -0.798240781 -0.018466938 0.928094447 0.214038581 0.304116964
1403637241.988319 0.540340483 0.224843413 -0.807099521 -0.008701265 0.928586900 0.211200833 0.305032432
1403637242.038319 0.544978917 0.226580992 -0.815320075 -0.002959486 0.929218054 0.208538607 0.305051953
1403637242.088319 0.548706174 0.228575364 -0.822860062 -0.002852769 0.929621220 0.207775250 0.304344654
1403637242.138319 0.552613199 0.230149820 -0.829826236 -0.006541301 0.929675698 0.208647534 0.303523362
1403637242.188319 0.557648361 0.231355816 -0.836394250 -0.012831551 0.929742396 0.210217848 0.302031279
1403637242.238319 0.561116993 0.232651740 -0.842062891 -0.017775422 0.929840922 0.210681140 0.301153481
1403637242.288319 0.564809144 0.233124852 -0.847574294 -0.022635905 0.930007219 0.210766077 0.300252914
1403637242.338319 0.569452345 0.233770877 -0.852011681 -0.029401554 0.930853009 0.208555460 0.298584700
1403637242.388319 0.573978364 0.234593898 -0.856186450 -0.035550002 0.931862414 0.205149636 0.297123224
1403637242.438319 0.578140378 0.235378519 -0.859633565 -0.040854238 0.932918072 0.200761899 0.296123981
1403637242.488319 0.582359433 0.236241251 -0.862549722 -0.044850159 0.933941901 0.196784511 0.294986188
1403637242.538319 0.586980581 0.237013310 -0.864439011 -0.046502821 0.934398413 0.193728670 0.295307130
1403637242.588319 0.591322303 0.237360910 -0.865634263 -0.045583338 0.934091926 0.190949008 0.298216224
1403637242.638319 0.596836805 0.237355381 -0.866469026 -0.043501221 0.932636261 0.190649405 0.303232700
1403637242.688319 0.602182090 0.237046555 -0.865919769 -0.040226337 0.930448711 0.190979883 0.310118794
1403637242.738319 0.606657326 0.235824168 -0.864874184 -0.035286143 0.927254021 0.192078248 0.319469571
1403637242.788319 0.612241149 0.234314904 -0.862813354 -0.028093752 0.924090564 0.193431333 0.328407913
1403637242.838319 0.617583990 0.231872216 -0.861003995 -0.021224437 0.921347260 0.192757979 0.336917073
1403637242.888319 0.622972608 0.229954973 -0.858249843 -0.015055750 0.918871403 0.191883802 0.344426066
1403637242.938319 0.628207088 0.227193445 -0.854486287 -0.012186739 0.917288899 0.188743055 0.350440681
1403637242.988319 0.632656097 0.224311784 -0.850615263 -0.010312785 0.915862501 0.185712710 0.355809420
1403637243.038319 0.637957811 0.221425608 -0.845609307 -0.012378325 0.914483011 0.184958011 0.359663934
1403637243.088319 0.642495632 0.218762562 -0.840750933 -0.016504819 0.913266420 0.184622824 0.362748533
1403637243.138319 0.646666765 0.215868890 -0.834942937 -0.020979268 0.911967218 0.185841486 0.365155578
1403637243.188319 0.651485682 0.213544562 -0.828590751 -0.023049075 0.910058320 0.190776616 0.367242396
1403637243.238319 0.656031430 0.211189091 -0.821847260 -0.023176949 0.907864571 0.197487146 0.369111955
1403637243.288319 0.659957945 0.208772197 -0.814549446 -0.021939155 0.906010985 0.202941269 0.370779783
1403637243.338319 0.664389074 0.206516370 -0.806638122 -0.021060789 0.904391229 0.208084196 0.371932775
1403637243.388319 0.668902755 0.204422846 -0.798111498 -0.019294225 0.903392315 0.211643189 0.372447640
1403637243.438319 0.672914147 0.202131763 -0.789717972 -0.017119016 0.902568281 0.214739531 0.372779310
1403637243.488319 0.677476168 0.199925959 -0.780595541 -0.016456788 0.902398586 0.215512335 0.372773916
1403637243.538319 0.681691468 0.197638988 -0.771548390 -0.014470962 0.901698470 0.218315408 0.372919321
1403637243.588319 0.686039031 0.194708765 -0.762117445 -0.012279852 0.900082231 0.224685848 0.373118579
1403637243.638319 0.689846814 0.191100508 -0.752818763 -0.010133875 0.898404896 0.230939597 0.373407125
1403637243.688319 0.694454551 0.188455641 -0.742532134 -0.008150389 0.896654606 0.238254562 0.373066783
1403637243.738319 0.698112965 0.184570342 -0.733016968 -0.004527199 0.895411193 0.243434206 0.372770846
1403637243.788319 0.702126920 0.180658042 -0.722960234 0.000642689 0.893122673 0.251921624 0.372648507
1403637243.838319 0.705915332 0.175981134 -0.713046074 0.007903680 0.890500605 0.260943204 0.372632325
1403637243.888319 0.709757566 0.171271920 -0.703156292 0.012038544 0.888782859 0.267768800 0.371779442
1403637243.938319 0.713778138 0.165997148 -0.693991721 0.016929574 0.887185752 0.273530871 0.371208370
1403637243.988319 0.717014015 0.160580307 -0.684986174 0.018460887 0.886742234 0.275900513 0.370440692
1403637244.038319 0.720770299 0.155395776 -0.676502705 0.019090826 0.886893690 0.276521921 0.369581789
1403637244.088319 0.724362493 0.149122804 -0.667947054 0.019153466 0.887352347 0.276955903 0.368149847
1403637244.138319 0.727577031 0.143005461 -0.659828365 0.017738504 0.887981415 0.276622057 0.366953164
1403637244.188319 0.730329335 0.137256801 -0.651764929 0.017769733 0.889069319 0.274665743 0.365785062
1403637244.238319 0.733301818 0.130447000 -0.644202530 0.017708799 0.889783978 0.273867130 0.364647388
1403637244.288319 0.736226022 0.124352634 -0.636587024 0.018099774 0.889764428 0.274765968 0.363999069
1403637244.338319 0.739066482 0.117275745 -0.629504442 0.017348232 0.889543116 0.276797116 0.363036454
1403637244.388319 0.741286755 0.110510588 -0.622836888 0.017282682 0.888274670 0.279938489 0.363735944
1403637244.438319 0.743821025 0.103833854 -0.616135538 0.015600764 0.886959434 0.281784773 0.365591258
1403637244.488319 0.746189356 0.096609056 -0.610052228 0.011887530 0.885598421 0.282396317 0.368546456
1403637244.538319 0.748674929 0.089523882 -0.603684187 0.005419363 0.884526312 0.280402899 0.372770756
1403637244.588319 0.751324177 0.082887918 -0.597800612 -0.001776511 0.882833004 0.278607637 0.378127575
1403637244.638319 0.753672481 0.076117128 -0.591595173 -0.009371195 0.880819440 0.276622951 0.384121090
1403637244.688319 0.756360173 0.070136279 -0.585841060 -0.014992874 0.878205597 0.274998367 0.391031981
1403637244.738319 0.759369612 0.063944638 -0.579822600 -0.019464465 0.875482440 0.273686230 0.397803336
1403637244.788319 0.762437463 0.058351457 -0.573890507 -0.022433741 0.873005271 0.272536457 0.403834581
1403637244.838319 0.765845656 0.052328110 -0.568106830 -0.024799423 0.870700955 0.271991402 0.409005612
1403637244.888319 0.768993914 0.047256231 -0.562514424 -0.025809096 0.868460059 0.271130770 0.414245158
1403637244.938319 0.772424400 0.042021215 -0.557196558 -0.025472431 0.865986109 0.272408962 0.418584079
1403637244.988319 0.776388109 0.037169039 -0.551390588 -0.024741562 0.863564909 0.274532616 0.422226667
1403637245.038319 0.780195951 0.033335716 -0.545922041 -0.020965293 0.860702932 0.279564589 0.424964160
1403637245.088319 0.784402370 0.028973609 -0.540289283 -0.014906130 0.856653810 0.288759202 0.427247196
1403637245.138319 0.788553119 0.024075866 -0.535856962 -0.010288923 0.852472544 0.298275471 0.429204375
1403637245.188319 0.792908907 0.020321071 -0.530700445 -0.008416150 0.849679530 0.305089325 0.429993510
1403637245.238319 0.797940731 0.016429543 -0.526283324 -0.010700471 0.849538386 0.304588974 0.430575877
1403637245.288319 0.802625179 0.013223767 -0.522124469 -0.013761333 0.851287663 0.299172729 0.430831313
1403637245.338319 0.807926953 0.009667009 -0.517922282 -0.018938156 0.853568017 0.293062985 0.430322051
1403637245.388319 0.813417614 0.006273031 -0.514529467 -0.021657171 0.855187058 0.288038999 0.430371463
1403637245.438319 0.818670571 0.004146010 -0.511139989 -0.024343710 0.856009483 0.283420563 0.431657284
1403637245.488319 0.824805617 0.002438486 -0.507464349 -0.026468715 0.855994105 0.279846251 0.433888912
1403637245.538319 0.830891728 -0.000838220 -0.503958702 -0.027626969 0.854595959 0.278413624 0.437479585
1403637245.588319 0.836696506 -0.003114164 -0.500064611 -0.029888729 0.852954507 0.276060134 0.442002356
1403637245.638319 0.843739748 -0.004914463 -0.496408939 -0.030447759 0.850105584 0.275642306 0.447677076
1403637245.688319 0.849965572 -0.006465256 -0.493961096 -0.031838764 0.846453786 0.274433464 0.455179662
1403637245.738319 0.857017457 -0.007982105 -0.489870101 -0.030828128 0.843379736 0.270952046 0.462974370
1403637245.788319 0.864490986 -0.009184301 -0.486903936 -0.027686205 0.839810371 0.264650375 0.473193616
1403637245.838319 0.871915281 -0.011448711 -0.483634889 -0.024672955 0.836522818 0.254829973 0.484440416
1403637245.888319 0.878723860 -0.011918306 -0.480266005 -0.021061586 0.831908584 0.245479152 0.497216821
1403637245.938319 0.887116671 -0.012558073 -0.476778686 -0.017785802 0.825688601 0.237881824 0.511208653
1403637245.988319 0.895030260 -0.014536083 -0.472875476 -0.016788958 0.818565845 0.230704248 0.525779188
1403637246.038319 0.902213752 -0.015400857 -0.468700141 -0.016155737 0.810120165 0.223498031 0.541749895
1403637246.088319 0.911792457 -0.014833599 -0.466504097 -0.014907761 0.799445271 0.217210248 0.559897006
1403637246.138319 0.919197917 -0.015221119 -0.461217135 -0.014725957 0.788901806 0.209873244 0.577382207
1403637246.188319 0.926750481 -0.016735822 -0.457164168 -0.015057139 0.776316941 0.204499066 0.596058249
1403637246.238319 0.933329046 -0.015296251 -0.452616781 -0.013703782 0.762957335 0.197381064 0.615425885
1403637246.288319 0.940232337 -0.015138060 -0.448346078 -0.014816578 0.748599470 0.191577911 0.634568453
1403637246.338319 0.947230518 -0.015484989 -0.442456216 -0.015661823 0.734172285 0.183956459 0.653380275
1403637246.388319 0.954149127 -0.015104562 -0.438389003 -0.017977560 0.718802154 0.175190166 0.672538936
1403637246.438319 0.960531235 -0.014095202 -0.433717757 -0.021687021 0.703730762 0.164266214 0.690875709
1403637246.488319 0.966731071 -0.014248937 -0.427471012 -0.023974286 0.689343214 0.153011918 0.707685292
1403637246.538319 0.973669767 -0.013372585 -0.423049659 -0.023448315 0.674024761 0.142986655 0.724358737
1403637246.588319 0.979537845 -0.010798678 -0.417714298 -0.022451503 0.659678638 0.129711643 0.739929020
1403637246.638319 0.985830128 -0.010281548 -0.411558151 -0.020488849 0.644940317 0.120643251 0.754372180
1403637246.688319 0.991386175 -0.009026557 -0.406423390 -0.016305797 0.630073488 0.109970130 0.768536270
1403637246.738319 0.996534824 -0.007112235 -0.401535094 -0.014625463 0.614930272 0.100476392 0.782017529
1403637246.788319 1.000959754 -0.008134872 -0.391905516 -0.013860053 0.601148427 0.093320183 0.793548822
1403637246.838319 1.005167365 -0.007644974 -0.387223631 -0.013076478 0.585421026 0.086472072 0.805998623
1403637246.888319 1.008239985 -0.007287286 -0.379867941 -0.014076210 0.570925832 0.081365153 0.816838562
1403637246.938319 1.012267947 -0.007860653 -0.371264070 -0.017675322 0.556653202 0.080104157 0.826684952
1403637246.988319 1.014392257 -0.007472381 -0.364451289 -0.023445064 0.543484986 0.080155008 0.835254192
1403637247.038319 1.017024040 -0.007833026 -0.359349936 -0.028167147 0.531097949 0.081945047 0.842868090
1403637247.088319 1.019388556 -0.009050235 -0.352327257 -0.034129534 0.521517932 0.085409559 0.848268509
1403637247.138319 1.021027803 -0.008555293 -0.344331503 -0.037688006 0.513709486 0.089848757 0.852413833
1403637247.188319 1.021731377 -0.010163181 -0.337606460 -0.041883517 0.507615745 0.093560964 0.855463862
1403637247.238319 1.023437262 -0.008454829 -0.329666227 -0.042298492 0.502967596 0.097367644 0.857761025
1403637247.288319 1.024871349 -0.010099225 -0.321582019 -0.042073131 0.500058174 0.099128574 0.859270155
1403637247.338319 1.026417255 -0.009426020 -0.315142006 -0.035790917 0.498357356 0.097288877 0.860751927
1403637247.388319 1.028419018 -0.011699781 -0.306916326 -0.024892936 0.499101222 0.091424085 0.861347735
1403637247.438319 1.029715657 -0.010702893 -0.299363524 -0.011488540 0.500308752 0.084052846 0.861681044
1403637247.488319 1.030362129 -0.010788910 -0.290619880 -0.003747056 0.501521826 0.081648484 0.861275434
1403637247.538319 1.030748129 -0.009990744 -0.282824010 -0.001842892 0.501600683 0.079568401 0.861430347
1403637247.588319 1.031100631 -0.009662408 -0.274897367 -0.002104404 0.500139534 0.078115024 0.862411797
1403637247.638319 1.030677438 -0.009179905 -0.266159445 -0.003278875 0.498477697 0.075767644 0.863578916
1403637247.688319 1.029898882 -0.007982273 -0.258426368 -0.004863266 0.496199131 0.069051981 0.865444779
1403637247.738319 1.028527737 -0.007469643 -0.250057042 -0.007243476 0.493396580 0.062166329 0.867549837
1403637247.788319 1.026866913 -0.005488999 -0.242229640 -0.009936526 0.489861012 0.054599728 0.870032370
1403637247.838319 1.025565147 -0.006041370 -0.235624731 -0.011760696 0.484393120 0.048421882 0.873430192
1403637247.888319 1.022590876 -0.006141927 -0.226989388 -0.010982197 0.478240192 0.046255846 0.876941323
1403637247.938319 1.019266844 -0.005928874 -0.218827218 -0.006012811 0.470066458 0.045723747 0.881425381
1403637247.988319 1.015083075 -0.005414736 -0.210809290 -0.000746453 0.461625963 0.046570677 0.885851026
1403637248.038319 1.011478662 -0.007376056 -0.203818321 -0.001964081 0.451636910 0.050075572 0.890793324
1403637248.088319 1.005956292 -0.006899957 -0.195057005 -0.006061514 0.443215311 0.052087914 0.894880056
1403637248.138319 1.001060843 -0.007832676 -0.188312769 -0.011498058 0.433200210 0.055162001 0.899534643
1403637248.188319 0.995274425 -0.009182174 -0.180201858 -0.017491804 0.425192386 0.057497382 0.903105497
1403637248.238319 0.989721775 -0.009348251 -0.172495633 -0.023449799 0.418538213 0.058397561 0.906016350
1403637248.288319 0.983468890 -0.009294569 -0.164112002 -0.025187816 0.412459731 0.061470632 0.908550441
1403637248.338319 0.977369308 -0.008974180 -0.156258821 -0.027308561 0.408255041 0.061071251 0.910413265
1403637248.388319 0.972018719 -0.009502027 -0.149498880 -0.027669154 0.404000103 0.061849389 0.912246108
1403637248.438319 0.965766728 -0.009896386 -0.141189605 -0.026409365 0.401512742 0.062546231 0.913333476
1403637248.488319 0.959035754 -0.009392940 -0.133107692 -0.024012404 0.400345087 0.061383124 0.913990915
1403637248.538319 0.953278780 -0.008723848 -0.125896394 -0.018136086 0.399135083 0.059353616 0.914789259
1403637248.588319 0.947286963 -0.009572063 -0.118353009 -0.015181729 0.398921102 0.057087008 0.915080667
1403637248.638319 0.939934015 -0.009123668 -0.110571712 -0.014309922 0.399780303 0.056050554 0.914783716
1403637248.688319 0.933572173 -0.009812962 -0.103350043 -0.017863929 0.400164902 0.056880578 0.914501786
1403637248.738319 0.926120043 -0.010271370 -0.095136017 -0.022345910 0.401583940 0.058475360 0.913680255
1403637248.788319 0.919183493 -0.011863429 -0.088705420 -0.027927235 0.402315974 0.060157869 0.913095236
1403637248.838319 0.911938190 -0.013614804 -0.081938475 -0.031688470 0.403446555 0.062231936 0.912334323
1403637248.888319 0.904232383 -0.014604472 -0.074226856 -0.033627000 0.405104488 0.064374678 0.911381066
1403637248.938319 0.896694660 -0.016181678 -0.067090958 -0.034110349 0.405980438 0.067397378 0.910754621
1403637248.988319 0.889025569 -0.018709876 -0.060583860 -0.035097171 0.406991214 0.069672003 0.910094559
1403637249.038319 0.881464481 -0.020332649 -0.053738564 -0.034378298 0.408444703 0.069625646 0.909474194
1403637249.088319 0.873935819 -0.023343138 -0.046476781 -0.035319414 0.410029262 0.070037648 0.908693135
1403637249.138319 0.865979314 -0.026740931 -0.039960444 -0.034822065 0.411167711 0.070437074 0.908166945
1403637249.188319 0.857641518 -0.029274389 -0.032620192 -0.034931928 0.412542135 0.070399240 0.907542109
1403637249.238319 0.849756658 -0.033445105 -0.025556624 -0.034532834 0.413374871 0.071138047 0.907120764
1403637249.288319 0.841331840 -0.036997430 -0.018381953 -0.033303548 0.414390922 0.071696915 0.906659067
1403637249.338319 0.833267987 -0.040586710 -0.011928737 -0.032084648 0.415501028 0.070245825 0.906308472
1403637249.388319 0.824365079 -0.043610401 -0.004409492 -0.031502783 0.416502655 0.071042217 0.905806899
1403637249.438319 0.816412747 -0.046458855 0.003050655 -0.031160844 0.416620821 0.072260998 0.905667961
1403637249.488319 0.808295608 -0.048900448 0.010645717 -0.030936642 0.416827947 0.072526060 0.905559182
1403637249.538319 0.799477100 -0.050796568 0.017672658 -0.031228177 0.416605681 0.073269501 0.905591547
1403637249.588319 0.791219592 -0.051228903 0.025810391 -0.030673407 0.416375756 0.073597893 0.905689657
1403637249.638319 0.782891095 -0.051278621 0.033899635 -0.030223876 0.416210681 0.073276967 0.905806661
1403637249.688319 0.774615884 -0.051083297 0.041692615 -0.028183544 0.416111648 0.072252035 0.906000257
1403637249.738319 0.766367674 -0.050854653 0.049755931 -0.023141034 0.415572852 0.070948593 0.906493247
1403637249.788319 0.757931054 -0.050983202 0.057612568 -0.019305170 0.414840937 0.067880265 0.907153010
1403637249.838319 0.748488426 -0.050750811 0.065613687 -0.015113645 0.413338393 0.065461591 0.908095658
1403637249.888319 0.739672065 -0.051341135 0.073369712 -0.013138282 0.409681082 0.064223148 0.909870386
1403637249.938319 0.730676234 -0.051794481 0.080976993 -0.013589167 0.404640019 0.062547967 0.912233293
1403637249.988319 0.721003532 -0.052982029 0.088312119 -0.014625712 0.397705108 0.064724483 0.915110648
1403637250.038319 0.710743725 -0.053943597 0.096074313 -0.016231278 0.390950650 0.068605803 0.917707682
1403637250.088319 0.701187372 -0.055497561 0.103080094 -0.017503934 0.383668929 0.073229745 0.920396209
1403637250.138319 0.691152275 -0.056711931 0.110062152 -0.020376747 0.377161980 0.075841218 0.922811866
1403637250.188319 0.681580186 -0.057818796 0.117137104 -0.021038955 0.370377511 0.076695830 0.925470471
1403637250.238319 0.671977460 -0.059650321 0.124072671 -0.021042466 0.362987012 0.078726172 0.928224027
1403637250.288319 0.662375093 -0.060790118 0.130703330 -0.020753451 0.356278658 0.080594257 0.930666089
1403637250.338319 0.651944101 -0.061350584 0.137682766 -0.019146279 0.350531191 0.083178066 0.932653546
1403637250.388319 0.642833829 -0.062367108 0.144476816 -0.019300954 0.345607489 0.084796131 0.934340715
1403637250.438319 0.633717895 -0.062901124 0.150952935 -0.019313669 0.341107458 0.088126391 0.935684979
1403637250.488319 0.624835968 -0.062548488 0.157623172 -0.019355459 0.336928070 0.091500610 0.936873794
1403637250.538319 0.616782010 -0.063033633 0.163357273 -0.021718424 0.333777636 0.094387934 0.937662899
1403637250.588319 0.608448744 -0.062913299 0.169452384 -0.022985823 0.331235498 0.096492700 0.938319683
1403637250.638319 0.599663198 -0.063480265 0.174708977 -0.026026040 0.328625262 0.095208295 0.939288795
1403637250.688319 0.592086315 -0.064112537 0.180035591 -0.027570313 0.325650424 0.095009737 0.940300405
1403637250.738319 0.584199429 -0.064635366 0.185027108 -0.028736865 0.323687673 0.093832344 0.941061080
1403637250.788319 0.576466322 -0.066027850 0.190215886 -0.030510286 0.322569251 0.091501325 0.941618681
1403637250.838319 0.569865227 -0.067676067 0.194645703 -0.029743362 0.320859224 0.091061473 0.942269862
1403637250.888319 0.562780380 -0.069313139 0.199470073 -0.027939038 0.319966704 0.090517111 0.942680955
1403637250.938319 0.556065321 -0.071139783 0.203942403 -0.027980842 0.318764955 0.091876298 0.942955315
1403637250.988319 0.549925327 -0.073568940 0.207633242 -0.026954772 0.317572922 0.093099363 0.943267405
1403637251.038319 0.543111920 -0.075453013 0.211753473 -0.026564879 0.315727592 0.093739025 0.943834364
1403637251.088319 0.537075877 -0.078136370 0.215511933 -0.027427632 0.312303305 0.095482267 0.944773793
1403637251.138319 0.530954599 -0.080866054 0.219008788 -0.028943619 0.307902247 0.098073490 0.945906997
1403637251.188319 0.525416851 -0.083797738 0.222102582 -0.029781656 0.303565204 0.100285038 0.947050214
1403637251.238319 0.520577490 -0.087133519 0.225138679 -0.030929437 0.299564183 0.101621442 0.948144376
1403637251.288319 0.515721798 -0.090475321 0.228119701 -0.030860404 0.296063900 0.101411581 0.949267864
1403637251.338319 0.511128128 -0.094203845 0.230750978 -0.030248130 0.292818785 0.097475491 0.950705409
1403637251.388319 0.507154107 -0.098332807 0.233004034 -0.028985139 0.291010529 0.088049591 0.952218473
1403637251.438319 0.502896965 -0.102463245 0.235247687 -0.027646448 0.287128329 0.082046732 0.953971326
1403637251.488319 0.499305338 -0.106159419 0.237538368 -0.026675263 0.282423943 0.075215481 0.955964327
1403637251.538319 0.495683670 -0.109877288 0.239689589 -0.025846913 0.276487678 0.070084833 0.958109915
1403637251.588319 0.491899759 -0.113638967 0.241322294 -0.025590293 0.270319194 0.065416709 0.960204840
1403637251.638319 0.488308072 -0.116653942 0.243587926 -0.025031293 0.264489084 0.061790373 0.962081552
1403637251.688319 0.485336840 -0.119375192 0.245088428 -0.024802057 0.258219540 0.059986129 0.963903129
1403637251.738319 0.482523352 -0.121830255 0.246847674 -0.024535470 0.252817184 0.058851752 0.965410769
1403637251.788319 0.479084224 -0.124105372 0.248653069 -0.024003221 0.248707011 0.057324927 0.966582894
1403637251.838319 0.476210922 -0.126448303 0.250516176 -0.024289921 0.245807394 0.054716796 0.967468262
1403637251.888319 0.474594772 -0.128828138 0.251860917 -0.021629371 0.243564248 0.051702958 0.968264103
1403637251.938319 0.471802264 -0.130736798 0.253578812 -0.019732108 0.243093342 0.045457993 0.968736231
1403637251.988319 0.470103562 -0.132326499 0.254688084 -0.016186433 0.243000865 0.038337003 0.969133019
1403637252.038319 0.467246175 -0.133835405 0.255789995 -0.013739251 0.243088916 0.033867814 0.969315231
1403637252.088319 0.464974999 -0.135303214 0.257276416 -0.010366585 0.242886648 0.030122135 0.969531476
1403637252.138319 0.462012768 -0.137035936 0.258144915 -0.007238979 0.242308870 0.028990796 0.969738901
1403637252.188319 0.459286332 -0.138227537 0.259028673 -0.003759524 0.241051286 0.030100601 0.970038176
1403637252.238319 0.457180977 -0.138436556 0.259770215 -0.002570890 0.239782065 0.032287918 0.970286250
1403637252.288319 0.454213172 -0.139295042 0.260069430 -0.002803864 0.238742933 0.034514613 0.970465183
1403637252.338319 0.451700658 -0.139211401 0.260693252 -0.004137854 0.237888142 0.036745064 0.970588446
1403637252.388319 0.448777258 -0.138879582 0.260993093 -0.007481813 0.237164780 0.039476953 0.970638156
1403637252.438319 0.445498407 -0.138329744 0.261053830 -0.012159348 0.236757174 0.042428043 0.970565856
1403637252.488319 0.443110108 -0.137212649 0.260971189 -0.015678903 0.236492559 0.044039018 0.970508099
1403637252.538319 0.440191984 -0.136150479 0.260877490 -0.018564377 0.236397803 0.045432996 0.970416009
1403637252.588319 0.438162804 -0.134361908 0.261156499 -0.020753829 0.236345574 0.047044545 0.970307589
1403637252.638319 0.435335338 -0.132763565 0.260799676 -0.023071134 0.235913843 0.049473956 0.970239520
1403637252.688319 0.433433294 -0.130481943 0.260962576 -0.027607532 0.235085517 0.052761342 0.970148861
1403637252.738319 0.430134118 -0.129676372 0.260630101 -0.032860368 0.234105751 0.057797264 0.969935119
1403637252.788319 0.428923339 -0.127520442 0.260291576 -0.037292670 0.232658982 0.063215308 0.969784975
1403637252.838319 0.426507533 -0.126670912 0.259636462 -0.041223854 0.232768387 0.063927606 0.969552875
1403637252.888319 0.425302029 -0.125198543 0.259220719 -0.040015869 0.234132320 0.060550954 0.969491839
1403637252.938319 0.423401952 -0.124943256 0.258316815 -0.036194038 0.236044198 0.055961579 0.969454229
1403637252.988319 0.423341990 -0.124481007 0.257989734 -0.033254612 0.237653047 0.051059186 0.969437003
1403637253.038319 0.421536922 -0.124823652 0.256807238 -0.030714599 0.239327922 0.047074869 0.969310403
1403637253.088319 0.420562208 -0.124835819 0.256225497 -0.028319212 0.240141943 0.045314535 0.969265938
1403637253.138319 0.419170767 -0.125459224 0.254952669 -0.026659088 0.241149932 0.043236617 0.969157696
1403637253.188319 0.418042988 -0.125569537 0.253847718 -0.025941530 0.241736114 0.042335711 0.969070852
1403637253.238319 0.417327344 -0.125745773 0.252737641 -0.024549596 0.242157400 0.042017035 0.969015837
1403637253.288319 0.415991753 -0.125773951 0.251085192 -0.024557240 0.242680445 0.041974969 0.968886614
1403637253.338319 0.415242344 -0.125626102 0.250206977 -0.024711380 0.242510781 0.043459721 0.968859673
1403637253.388319 0.414447486 -0.124616049 0.249274537 -0.024426179 0.243157730 0.042226862 0.968759298
1403637253.438319 0.412974656 -0.123345718 0.248111695 -0.023344634 0.242811427 0.044236891 0.968783140
1403637253.488319 0.412397683 -0.122609392 0.246764541 -0.022909019 0.243210271 0.043518458 0.968725979
1403637253.538319 0.411471903 -0.121468693 0.245634198 -0.024430923 0.243629172 0.043280620 0.968594193
1403637253.588319 0.410643369 -0.120257072 0.244265765 -0.024883647 0.243889451 0.042745650 0.968540967
1403637253.638319 0.409749925 -0.118811704 0.243525937 -0.025323085 0.244691864 0.040608421 0.968419135
1403637253.688319 0.409422696 -0.117740020 0.241791010 -0.024883403 0.245176539 0.038206067 0.968405664
1403637253.738319 0.408230156 -0.117209435 0.239827603 -0.024736803 0.245817050 0.036252610 0.968322158
1403637253.788319 0.407294214 -0.116752788 0.238510460 -0.023470847 0.247047514 0.032722801 0.968166232
1403637253.838319 0.405485332 -0.116632797 0.236793488 -0.023328848 0.247761175 0.031985413 0.968011916
1403637253.888319 0.405165136 -0.116070464 0.234851405 -0.022999384 0.247781187 0.030737462 0.968055129
1403637253.938319 0.403862715 -0.116015248 0.232871950 -0.022739684 0.247846067 0.030707249 0.968045592
1403637253.988319 0.402470052 -0.116701238 0.230654478 -0.023007551 0.248203680 0.030210173 0.967963278
1403637254.038319 0.401364684 -0.117111437 0.228525788 -0.022332126 0.248683929 0.028385798 0.967911065
1403637254.088319 0.399829090 -0.117729031 0.225167662 -0.021524519 0.247950837 0.028351869 0.968118429
1403637254.138319 0.397487581 -0.118798673 0.223020762 -0.020855688 0.246399909 0.026647104 0.968577325
1403637254.188319 0.396604359 -0.119557478 0.220702261 -0.021110741 0.242817879 0.026429592 0.969481945
1403637254.238319 0.394181371 -0.120586216 0.217862964 -0.023292890 0.238925874 0.024723286 0.970443487
1403637254.288319 0.391818136 -0.122134149 0.215574875 -0.026447488 0.234676197 0.022557039 0.971451879
1403637254.338319 0.389942914 -0.123734035 0.212042049 -0.029857766 0.229872197 0.021267114 0.972530186
1403637254.388319 0.388108134 -0.124815561 0.208986565 -0.033194266 0.225101978 0.020281846 0.973558366
1403637254.438319 0.385740221 -0.126361400 0.206369102 -0.035488036 0.220958903 0.019911382 0.974433839
1403637254.488319 0.383770585 -0.127194971 0.203437954 -0.038287405 0.217921346 0.018589944 0.975037813
1403637254.538319 0.380833924 -0.128108799 0.201002032 -0.039830714 0.214677349 0.018308131 0.975700796
1403637254.588319 0.378203392 -0.128167167 0.198657602 -0.039351862 0.212273210 0.017185202 0.976266444
1403637254.638319 0.375925660 -0.129304573 0.196021050 -0.038348183 0.210054949 0.017081484 0.976787865
1403637254.688319 0.374040723 -0.129245967 0.193939567 -0.037296005 0.208395749 0.015585408 0.977208972
1403637254.738319 0.370634258 -0.129019767 0.192435950 -0.034875795 0.207531989 0.014188342 0.977503359
1403637254.788319 0.368665338 -0.128897488 0.190029830 -0.031996407 0.206171870 0.014504246 0.977884948
1403637254.838319 0.366367251 -0.128860787 0.187732488 -0.029529080 0.204650566 0.015552104 0.978266001
1403637254.888319 0.363739133 -0.128347859 0.186093405 -0.027255585 0.203908995 0.015682107 0.978484690
1403637254.938319 0.361332774 -0.127910048 0.183418334 -0.025681525 0.203077152 0.016273230 0.978690624
1403637254.988319 0.359433413 -0.126683503 0.181795985 -0.023336610 0.202771679 0.015953502 0.978817940
1403637255.038319 0.356240779 -0.125330329 0.180159330 -0.023213126 0.202357918 0.015537365 0.978913188
1403637255.088319 0.352946848 -0.124145344 0.178813279 -0.022155104 0.200317830 0.014865922 0.979367614
1403637255.138319 0.349998832 -0.123379059 0.175843060 -0.022399511 0.196392775 0.015028846 0.980154216
1403637255.188319 0.347359359 -0.122371212 0.173172951 -0.022697967 0.191806927 0.013493538 0.981077373
1403637255.238319 0.343831956 -0.122005619 0.170953393 -0.022827879 0.187130272 0.012242812 0.981993496
1403637255.288319 0.340565979 -0.121210925 0.168829516 -0.022013806 0.182529867 0.011744555 0.982883692
1403637255.338319 0.337779522 -0.121448353 0.165471911 -0.021061720 0.177633062 0.011080324 0.983808994
1403637255.388319 0.334666163 -0.121141210 0.163151681 -0.022060838 0.172261253 0.011567319 0.984736323
1403637255.438319 0.331067324 -0.120325945 0.160971284 -0.022937503 0.167065099 0.009731285 0.985630989
1403637255.488319 0.327741653 -0.120195709 0.157719731 -0.024045890 0.160864234 0.007829160 0.986652553
1403637255.538319 0.324302614 -0.119108751 0.155230030 -0.024993919 0.154477060 0.004685939 0.987669051
1403637255.588319 0.320455551 -0.117629670 0.152891785 -0.025859991 0.147747040 0.000115442 0.988687038
1403637255.638319 0.317047656 -0.116109215 0.149771631 -0.025815835 0.140076518 -0.003498921 0.989797890
1403637255.688319 0.314016759 -0.114690781 0.146211863 -0.027804356 0.131465763 -0.007745306 0.990900457
1403637255.738319 0.310040057 -0.113196559 0.143370777 -0.030332187 0.122565486 -0.011709887 0.991927683
1403637255.788319 0.306629866 -0.112131909 0.140034229 -0.032997336 0.113036036 -0.016365636 0.992907941
1403637255.838319 0.302851975 -0.110759698 0.136763841 -0.035631221 0.102957718 -0.019707102 0.993851960
1403637255.888319 0.298888922 -0.110635273 0.133734614 -0.038745567 0.092683986 -0.023452928 0.994664967
1403637255.938319 0.295918345 -0.109487236 0.130399823 -0.039266016 0.082537517 -0.026501700 0.995461404
1403637255.988319 0.292561084 -0.109435901 0.127678946 -0.040777884 0.073311143 -0.028839217 0.996057689
1403637256.038319 0.288806766 -0.109695822 0.123842888 -0.041503794 0.065797657 -0.031713385 0.996464908
1403637256.088319 0.284999132 -0.110215649 0.120740153 -0.042422999 0.059955653 -0.034677763 0.996696055
1403637256.138319 0.281107813 -0.110520758 0.116728395 -0.041710105 0.055103075 -0.036686298 0.996934295
1403637256.188319 0.276910722 -0.111214995 0.114301398 -0.039592333 0.051852848 -0.038642529 0.997121096
1403637256.238319 0.273446858 -0.111777514 0.110442415 -0.035733715 0.048480224 -0.039731748 0.997393668
1403637256.288319 0.269384623 -0.112290941 0.107115880 -0.033916667 0.046367340 -0.040236313 0.997537374
1403637256.338319 0.265119225 -0.112433814 0.104536146 -0.032256465 0.045312982 -0.041433308 0.997591853
1403637256.388319 0.260755479 -0.111878350 0.101469144 -0.030575750 0.044772346 -0.042146534 0.997639298
1403637256.438319 0.257248253 -0.111775875 0.098013952 -0.030091835 0.044788353 -0.043700900 0.997586429
1403637256.488319 0.252785534 -0.111055002 0.094544008 -0.029281840 0.045445129 -0.044354942 0.997551978
1403637256.538319 0.248562366 -0.110134929 0.091238424 -0.028247567 0.045638490 -0.043547135 0.997608542
1403637256.588319 0.244301036 -0.108577684 0.089600101 -0.028141903 0.046520334 -0.042962261 0.997596204
1403637256.638319 0.239898682 -0.107319131 0.085906334 -0.031171961 0.047280375 -0.041077953 0.997549713
1403637256.688319 0.235427871 -0.104838304 0.083804734 -0.035725635 0.046825383 -0.035363156 0.997637451
1403637256.738319 0.231059298 -0.102798507 0.081004694 -0.041789029 0.045957990 -0.028371962 0.997665584
1403637256.788319 0.226843119 -0.101046681 0.078054942 -0.046351399 0.045322005 -0.021288142 0.997669399
1403637256.838319 0.222378224 -0.099601068 0.075300872 -0.048720736 0.044767562 -0.015346974 0.997690618
1403637256.888319 0.217864096 -0.097469941 0.073065393 -0.048464183 0.044293527 -0.013131171 0.997755885
1403637256.938319 0.213893667 -0.094758205 0.070052341 -0.044675972 0.043465987 -0.015400485 0.997936666
1403637256.988319 0.209481969 -0.093625374 0.066481553 -0.043195501 0.041234646 -0.017987678 0.998053253
1403637257.038319 0.205388293 -0.091691315 0.063771755 -0.040305246 0.038030684 -0.022858053 0.998201728
1403637257.088319 0.201512411 -0.090702228 0.061528001 -0.038556650 0.034545884 -0.027206929 0.998288393
1403637257.138319 0.197011277 -0.089326411 0.058937438 -0.037381556 0.031594764 -0.031145994 0.998315752
1403637257.188319 0.192739710 -0.088917412 0.056248989 -0.036876082 0.028303903 -0.034137201 0.998335481
1403637257.238319 0.189183071 -0.088283628 0.053083666 -0.037518151 0.025069335 -0.036365051 0.998319328
1403637257.288319 0.184765771 -0.088159047 0.050537761 -0.038957767 0.022199949 -0.038504932 0.998251855
1403637257.338319 0.181028172 -0.087730736 0.048301525 -0.040378273 0.019468354 -0.040618621 0.998168647
1403637257.388319 0.177553475 -0.087633006 0.044055209 -0.041499939 0.017008599 -0.043573964 0.998042941
1403637257.438319 0.172680050 -0.088124976 0.041349217 -0.042441554 0.015350426 -0.045391481 0.997949243
1403637257.488319 0.168715343 -0.088026486 0.038171209 -0.042942416 0.013624392 -0.046492465 0.997902155
1403637257.538319 0.164804950 -0.087947927 0.034318924 -0.043704212 0.012805288 -0.049866695 0.997717023
1403637257.588319 0.160410941 -0.087008923 0.033329144 -0.045611173 0.011654268 -0.049452186 0.997666419
1403637257.638319 0.156533256 -0.086142436 0.030150238 -0.048035055 0.010173227 -0.048131093 0.997633457
1403637257.688319 0.152298197 -0.085205145 0.027627163 -0.052579168 0.008967855 -0.046920665 0.997473538
1403637257.738319 0.147982657 -0.084005542 0.025713684 -0.055280101 0.007193525 -0.046190094 0.997375965
1403637257.788319 0.143547773 -0.083066732 0.023513407 -0.058656972 0.004271253 -0.045571990 0.997228324
1403637257.838319 0.138920695 -0.081274465 0.021967229 -0.061360739 0.000901986 -0.045782778 0.997064710
1403637257.888319 0.134610295 -0.080012470 0.020224053 -0.064335234 -0.003412351 -0.046242610 0.996850550
1403637257.938319 0.130253062 -0.078523956 0.018177655 -0.066163100 -0.008901912 -0.046296634 0.996694446
1403637257.988319 0.125798732 -0.076727450 0.016756294 -0.067242146 -0.015016732 -0.047622815 0.996486366
1403637258.038319 0.121860407 -0.074658260 0.015284947 -0.067649633 -0.023139374 -0.047925133 0.996288717
1403637258.088319 0.117330298 -0.073068149 0.014597560 -0.067823529 -0.031693544 -0.049317017 0.995973527
1403637258.138319 0.112763710 -0.072011307 0.013321163 -0.065808743 -0.041221812 -0.052111208 0.995617628
1403637258.188319 0.108766057 -0.071151815 0.012509184 -0.061323538 -0.051512972 -0.056796864 0.995168328
1403637258.238319 0.103891358 -0.070821658 0.011480889 -0.056746252 -0.059637640 -0.062506013 0.994643807
1403637258.288319 0.099371299 -0.070449695 0.010903507 -0.051686831 -0.067237943 -0.066574603 0.994170666
1403637258.338319 0.095207326 -0.069361098 0.011148924 -0.047084726 -0.074207008 -0.069963142 0.993670702
1403637258.388319 0.090917155 -0.068643585 0.010157560 -0.044996127 -0.080798991 -0.071257569 0.993161261
1403637258.438319 0.086520784 -0.067740172 0.009538991 -0.044440705 -0.087069817 -0.069905743 0.992752254
1403637258.488319 0.082381487 -0.066624515 0.008558233 -0.046542075 -0.092598565 -0.067278765 0.992337108
1403637258.538319 0.078184135 -0.065171219 0.008697674 -0.049778689 -0.097677603 -0.063407980 0.991947889
1403637258.588319 0.073814407 -0.063632324 0.008591374 -0.050883245 -0.100579463 -0.061752401 0.991706252
1403637258.638319 0.069634169 -0.061965551 0.008385563 -0.049155876 -0.102506869 -0.061296716 0.991624296
1403637258.688319 0.065642454 -0.060465079 0.008214687 -0.046438143 -0.103687488 -0.061644763 0.991610944
1403637258.738319 0.061792284 -0.058695771 0.008786160 -0.044467740 -0.104997806 -0.061131772 0.991595149
1403637258.788319 0.058306426 -0.056858782 0.008892575 -0.042535514 -0.105253056 -0.061807547 0.991610944
1403637258.838319 0.054185946 -0.055101477 0.008865414 -0.040845223 -0.105201140 -0.061487637 0.991707444
1403637258.888319 0.050688751 -0.053283803 0.009206574 -0.039108057 -0.105551474 -0.060236689 0.991816998
1403637258.938319 0.047146946 -0.051816732 0.009435153 -0.038985319 -0.105607331 -0.058640938 0.991911530
1403637258.988319 0.043748934 -0.050720975 0.009132961 -0.039399020 -0.105417706 -0.057814345 0.991963863
1403637259.038319 0.040530790 -0.049969193 0.009040406 -0.039727800 -0.105467170 -0.055422407 0.992082000
1403637259.088319 0.037572969 -0.049712017 0.008623199 -0.039863538 -0.104241922 -0.056338403 0.992154479
1403637259.138319 0.034334462 -0.049852330 0.008334538 -0.039020583 -0.103704453 -0.056319110 0.992245436
1403637259.188319 0.031689767 -0.050294526 0.008029438 -0.039094724 -0.103778183 -0.054983146 0.992309690
1403637259.238319 0.028911643 -0.051141851 0.007781868 -0.038163658 -0.103045218 -0.054604761 0.992443204
1403637259.288319 0.026328268 -0.052064881 0.007408386 -0.037646759 -0.102872394 -0.053498007 0.992541134
1403637259.338319 0.023817025 -0.053008415 0.006887566 -0.038290713 -0.102314875 -0.052548673 0.992624819
1403637259.388319 0.021624845 -0.053926133 0.006361305 -0.038370743 -0.102123931 -0.051367521 0.992703259
1403637259.438319 0.019217065 -0.054819103 0.005771461 -0.038058970 -0.102505729 -0.047547277 0.992866218
1403637259.488319 0.016862443 -0.055021487 0.005145309 -0.037453152 -0.103465699 -0.041925088 0.993043005
1403637259.538319 0.015002657 -0.055380292 0.004477673 -0.037180699 -0.104327127 -0.038188711 0.993113816
1403637259.588319 0.013355006 -0.055721261 0.004022314 -0.037226617 -0.104337908 -0.036780067 0.993164122
1403637259.638319 0.011998224 -0.055808567 0.003727656 -0.036338307 -0.103864029 -0.036982145 0.993239224
1403637259.688319 0.010916661 -0.055901170 0.002932762 -0.036945015 -0.102617592 -0.040044788 0.993227661
1403637259.738319 0.010147176 -0.055606235 0.002677993 -0.039375357 -0.101516195 -0.043204650 0.993115008
1403637259.788319 0.009440960 -0.055354919 0.002060851 -0.042257119 -0.099972434 -0.047256619 0.992968619
1403637259.838319 0.008692067 -0.055043075 0.001589334 -0.043842651 -0.098690771 -0.050474100 0.992869735
1403637259.888319 0.008303534 -0.054483917 0.001588949 -0.042569410 -0.099134214 -0.048578046 0.992975533
1403637259.938319 0.007833025 -0.053918079 0.001488137 -0.040308021 -0.100161456 -0.044934873 0.993138373
1403637259.988319 0.007510909 -0.053520218 0.000920993 -0.038957633 -0.100420937 -0.044373453 0.993191302
1403637260.038319 0.007400738 -0.052503921 0.000795697 -0.036944803 -0.099857628 -0.046530694 0.993226290
1403637260.088319 0.007668704 -0.051486496 0.000822554 -0.035532750 -0.099307135 -0.049173634 0.993205667
1403637260.138319 0.008007364 -0.050367761 0.000421080 -0.035755645 -0.098461762 -0.052524589 0.993110240
1403637260.188319 0.008232516 -0.048935577 0.000120364 -0.036695685 -0.097413994 -0.056328535 0.992970824
1403637260.238319 0.008780362 -0.047674160 -0.000171642 -0.038233448 -0.096174501 -0.061331000 0.992737234
1403637260.288319 0.009134682 -0.046045769 -0.000268848 -0.038066540 -0.095047951 -0.065601766 0.992579103
1403637260.338319 0.009678832 -0.044585004 -0.000418959 -0.037791464 -0.093886875 -0.070254989 0.992381632
1403637260.388319 0.010158970 -0.042821739 -0.000665114 -0.036554471 -0.092239358 -0.076825090 0.992095530
1403637260.438319 0.010557240 -0.041261811 -0.000894285 -0.035211124 -0.091066957 -0.081972688 0.991840482
1403637260.488319 0.010864234 -0.039219074 -0.001261291 -0.037664060 -0.090977341 -0.083288975 0.991648853
1403637260.538319 0.011033284 -0.037426271 -0.001684801 -0.043034378 -0.090767786 -0.084065177 0.991384029
1403637260.588319 0.011073961 -0.035450164 -0.001854876 -0.049101286 -0.090945244 -0.083504237 0.991133213
1403637260.638319 0.010860601 -0.033743333 -0.002467022 -0.054589901 -0.091519199 -0.081627280 0.990949631
1403637260.688319 0.010726340 -0.031807296 -0.002382090 -0.056605525 -0.091710366 -0.080456540 0.990914583
1403637260.738319 0.010210287 -0.030126616 -0.002585485 -0.055473868 -0.092657618 -0.077783734 0.991103888
1403637260.788319 0.009782825 -0.028344996 -0.002553061 -0.052229188 -0.093035758 -0.077797756 0.991243660
1403637260.838319 0.009339388 -0.026684510 -0.002459048 -0.047270440 -0.094379812 -0.076115906 0.991496027
1403637260.888319 0.008600197 -0.024901966 -0.002409539 -0.043780968 -0.095212325 -0.074847504 0.991673172
1403637260.938319 0.007964760 -0.023250660 -0.002273939 -0.039454829 -0.095944256 -0.073581904 0.991878867
1403637260.988319 0.007310383 -0.021484340 -0.002044267 -0.035927195 -0.096325569 -0.073639840 0.991971672
1403637261.038319 0.006456357 -0.019782856 -0.002148382 -0.035561170 -0.096603796 -0.073250271 0.991986632
1403637261.088319 0.005683972 -0.017825572 -0.002051331 -0.038801141 -0.096856475 -0.072785579 0.991874754
1403637261.138319 0.004822068 -0.015985196 -0.002334218 -0.044625264 -0.096532933 -0.072786532 0.991661310
1403637261.188319 0.003942899 -0.014054478 -0.002498286 -0.050880089 -0.095922142 -0.074137665 0.991319180
1403637261.238319 0.003018114 -0.012396825 -0.002699699 -0.057270240 -0.095594183 -0.074840479 0.990949392
1403637261.288319 0.002004260 -0.011032331 -0.002689608 -0.060854405 -0.095063291 -0.075830363 0.990711570
1403637261.338319 0.000917183 -0.009890860 -0.002696101 -0.059179805 -0.095048197 -0.075802796 0.990816593
1403637261.388319 -0.000250129 -0.009075429 -0.002649859 -0.054390769 -0.095535405 -0.074380346 0.991151929
1403637261.438319 -0.001527529 -0.008471968 -0.002546600 -0.049689084 -0.096668355 -0.070410632 0.991578817
1403637261.488319 -0.002745820 -0.007981997 -0.002419154 -0.046528358 -0.097922474 -0.067155905 0.991834879
1403637261.538319 -0.003993583 -0.007440740 -0.002366665 -0.049155094 -0.098025121 -0.065931119 0.991780162
1403637261.588319 -0.005022904 -0.006957800 -0.002264151 -0.055136818 -0.097461350 -0.066899784 0.991456330
1403637261.638319 -0.006124358 -0.006592874 -0.002079260 -0.061396863 -0.096689180 -0.068704166 0.991040528
1403637261.688319 -0.007259648 -0.006482191 -0.001829375 -0.065340005 -0.095759653 -0.070016772 0.990786791
1403637261.738319 -0.008415749 -0.006715534 -0.001440636 -0.066015579 -0.095053270 -0.071751118 0.990685880
1403637261.788319 -0.009648706 -0.007346235 -0.001025224 -0.061496083 -0.095165513 -0.071769707 0.990964592
1403637261.838319 -0.010880551 -0.008131534 -0.000335607 -0.054568764 -0.095052011 -0.071881399 0.991373003
1403637261.888319 -0.012126391 -0.008752745 0.000342946 -0.048816934 -0.095309518 -0.070602484 0.991740048
1403637261.938319 -0.013410234 -0.009183649 0.001143048 -0.043908820 -0.095387772 -0.069386385 0.992047727
1403637261.988319 -0.014608163 -0.009174882 0.002107896 -0.040299907 -0.094918653 -0.069082923 0.992267013
1403637262.038319 -0.015814418 -0.008915639 0.002967526 -0.037599731 -0.095132947 -0.066511914 0.992528141
1403637262.088319 -0.016908230 -0.008278159 0.003875586 -0.034796778 -0.095282234 -0.064458974 0.992751479
1403637262.138319 -0.018026318 -0.007228431 0.005005567 -0.034775749 -0.095653728 -0.061596561 0.992898226
1403637262.188319 -0.018969793 -0.005957833 0.005959318 -0.034188017 -0.096028589 -0.059167355 0.993030190
1403637262.238319 -0.019880688 -0.004403905 0.006904446 -0.033675473 -0.095991559 -0.057193469 0.993166864
1403637262.288319 -0.020593055 -0.002607401 0.007845674 -0.034596793 -0.095491134 -0.056831922 0.993204236
1403637262.338319 -0.020713720 -0.002958107 0.008383447 -0.009642771 -0.107072100 -0.021703992 0.993967593
1403637262.388319 -0.019567057 -0.002597150 0.006459126 -0.010433954 -0.096792176 -0.053691894 0.993800581
1403637262.438319 -0.018731834 -0.002919605 0.004730792 -0.022987455 -0.079801731 -0.049416941 0.995319664
1403637262.488319 -0.018891314 -0.002202040 0.007088656 -0.027864592 -0.068595998 -0.035394713 0.996626973
1403637262.538319 -0.017037962 -0.001129674 0.008924832 -0.008635332 -0.073715702 -0.021241765 0.997015655
1403637262.588319 -0.016398722 -0.001750463 0.007550577 0.002550552 -0.071572289 -0.023964183 0.997144222
1403637262.638319 -0.018295638 -0.002665153 0.006221725 0.003286798 -0.068276919 -0.023445694 0.997385442
1403637262.688319 -0.018491315 -0.001980188 0.006676453 -0.015178135 -0.068647042 -0.026038980 0.997185647
1403637262.738319 -0.018542429 -0.002063372 0.006775054 -0.018639656 -0.066269614 -0.026892517 0.997265100
1403637262.788319 -0.018368045 -0.002159429 0.006519091 -0.011761318 -0.067857504 -0.023708202 0.997343957
1403637262.838319 -0.018376831 -0.002143112 0.006502411 -0.011676307 -0.067915238 -0.024626201 0.997318804
1403637262.888319 -0.018531313 -0.002137594 0.006634138 -0.013806874 -0.068856284 -0.023743423 0.997248411
1403637262.938319 -0.018380901 -0.002135746 0.006568656 -0.012219181 -0.067799889 -0.025098801 0.997308314
1403637262.988319 -0.018501014 -0.002136557 0.006580779 -0.013109592 -0.068497576 -0.023929333 0.997278094
1403637263.038319 -0.018445112 -0.002111638 0.006605812 -0.012930702 -0.068061285 -0.024605788 0.997293830
1403637263.088319 -0.018483469 -0.002109791 0.006596750 -0.013052426 -0.068268165 -0.024353903 0.997284353
1403637263.138319 -0.018471830 -0.002117183 0.006560231 -0.013038327 -0.068289414 -0.024065612 0.997290075
1403637263.188319 -0.018423479 -0.002121445 0.006614128 -0.012826486 -0.067983359 -0.024598928 0.997300684
1403637263.238319 -0.018503275 -0.002120440 0.006564972 -0.013183006 -0.068352960 -0.024081618 0.997283399
1403637263.288319 -0.018460600 -0.002116270 0.006636727 -0.013116025 -0.068126105 -0.024388287 0.997292340
1403637263.338319 -0.018470721 -0.002124873 0.006627156 -0.013029988 -0.068119422 -0.024365572 0.997294486
1403637263.388319 -0.018462067 -0.002116255 0.006604283 -0.013108412 -0.068134606 -0.024360523 0.997292578
1403637263.438319 -0.018453056 -0.002100859 0.006570604 -0.013177775 -0.068259932 -0.024250189 0.997285724
1403637263.488319 -0.018473856 -0.002125886 0.006662825 -0.013079613 -0.068045892 -0.024650849 0.997291863
1403637263.538319 -0.018469313 -0.002106016 0.006565231 -0.013158119 -0.068260431 -0.024167111 0.997287989
1403637263.588319 -0.018443264 -0.002115262 0.006631136 -0.013123190 -0.068142049 -0.024466095 0.997289240
1403637263.638319 -0.018456761 -0.002106135 0.006559717 -0.013156544 -0.068175197 -0.024247827 0.997291863
1403637263.688319 -0.018441910 -0.002100635 0.006553229 -0.013192615 -0.068171926 -0.024438312 0.997286975
1403637263.738319 -0.018455917 -0.002105086 0.006584028 -0.013150596 -0.068103328 -0.024440313 0.997292161
1403637263.788319 -0.018498866 -0.002110385 0.006564984 -0.013169567 -0.068156518 -0.024154494 0.997295260
1403637263.838319 -0.018442003 -0.002096388 0.006584453 -0.013179597 -0.067985490 -0.024845496 0.997289836
1403637263.888319 -0.018484097 -0.002098150 0.006572018 -0.013134397 -0.068259254 -0.024119923 0.997289538
1403637263.938319 -0.018473454 -0.002106431 0.006589073 -0.013218501 -0.068099573 -0.024498764 0.997290075
1403637263.988319 -0.018451061 -0.002089110 0.006582825 -0.013121922 -0.068195097 -0.024333941 0.997288883
1403637264.038319 -0.018454567 -0.002095781 0.006572243 -0.013145911 -0.068236381 -0.024259111 0.997287571
1403637264.088319 -0.018479735 -0.002096005 0.006594435 -0.013210644 -0.068144813 -0.024490749 0.997287333
1403637264.138319 -0.018454101 -0.002107374 0.006560934 -0.013206321 -0.068234079 -0.024363369 0.997284412
1403637264.188319 -0.018472200 -0.002077164 0.006617868 -0.013138008 -0.068075866 -0.024591984 0.997290492
1403637264.238319 -0.018469281 -0.002089744 0.006562042 -0.013241461 -0.068189211 -0.024384933 0.997286439
1403637264.288319 -0.018455831 -0.002103514 0.006569545 -0.013185218 -0.068223618 -0.024273535 0.997287571
1403637264.338319 -0.018471401 -0.002099127 0.006588027 -0.013211647 -0.068108469 -0.024453772 0.997290671
1403637264.388319 -0.018457612 -0.002103552 0.006562894 -0.013265697 -0.068202958 -0.024444243 0.997283757
1403637264.438319 -0.018440031 -0.002109624 0.006535584 -0.013252808 -0.068239443 -0.024405733 0.997282386
1403637264.488319 -0.018453069 -0.002102786 0.006568744 -0.013234350 -0.068182655 -0.024469759 0.997284949
1403637264.538319 -0.018456286 -0.002093538 0.006594312 -0.013207543 -0.068249136 -0.024370762 0.997283161
1403637264.588319 -0.018453853 -0.002097719 0.006585503 -0.013242419 -0.068224765 -0.024419339 0.997283161
1403637264.638319 -0.018462509 -0.002108157 0.006567066 -0.013270475 -0.068203777 -0.024437297 0.997283816
1403637264.688319 -0.018455710 -0.002100740 0.006555232 -0.013200380 -0.068142511 -0.024404583 0.997289717
1403637264.738319 -0.018450800 -0.002098046 0.006585081 -0.013238155 -0.068177879 -0.024463687 0.997285366
1403637264.788319 -0.018457513 -0.002112015 0.006568352 -0.013273100 -0.068237089 -0.024481388 0.997280359
1403637264.838319 -0.018465441 -0.002095690 0.006569624 -0.013226273 -0.068084449 -0.024590129 0.997288764
1403637264.888319 -0.018485073 -0.002093985 0.006566978 -0.013243858 -0.068186462 -0.024429344 0.997285545
1403637264.938319 -0.018464234 -0.002099788 0.006571132 -0.013265894 -0.068206385 -0.024457095 0.997283161
1403637264.988319 -0.018442756 -0.002110229 0.006550341 -0.013316881 -0.068156123 -0.024550699 0.997283638
1403637265.038319 -0.018465742 -0.002107201 0.006568495 -0.013297592 -0.068186209 -0.024459580 0.997284055
1403637265.088319 -0.018460978 -0.002100240 0.006563903 -0.013317539 -0.068187997 -0.024460401 0.997283697
1403637265.138319 -0.018452952 -0.002097944 0.006565025 -0.013310989 -0.068213895 -0.024432510 0.997282684
1403637265.188319 -0.018468702 -0.002105133 0.006592121 -0.013266691 -0.068144500 -0.024554452 0.997285008
1403637265.238319 -0.018466761 -0.002111131 0.006554650 -0.013356335 -0.068173617 -0.024528341 0.997282445
1403637265.288319 -0.018460138 -0.002107828 0.006549810 -0.013303941 -0.068092771 -0.024625491 0.997286320
1403637265.338319 -0.018465253 -0.002107742 0.006571133 -0.013355333 -0.068161853 -0.024553753 0.997282684
1403637265.388319 -0.018466232 -0.002101596 0.006590536 -0.013261743 -0.068128474 -0.024579080 0.997285545
1403637265.438319 -0.018465450 -0.002100896 0.006550526 -0.013281496 -0.068160981 -0.024463490 0.997285903
1403637265.488319 -0.018471887 -0.002105445 0.006566927 -0.013299031 -0.068094358 -0.024584137 0.997287273
