0.103760 0.002747174 -0.001221868 0.068112575 0.001288205 0.021914570 0.000279339 0.999758959
0.207590 0.008711894 -0.002858478 0.135529771 0.003794199 0.044567842 0.002574288 0.998995841
0.311605 0.017463647 -0.004493384 0.202635184 0.005788215 0.067500561 0.002422892 0.997699499
0.415086 0.029247619 -0.006216434 0.269761890 0.007070285 0.090784550 0.001537463 0.995844245
0.518869 0.044370234 -0.008114995 0.336331546 0.007314075 0.114146866 0.003041023 0.993432343
0.622688 0.062411454 -0.010159658 0.401716441 0.008154390 0.137318268 0.003675626 0.990486622
0.726432 0.083573386 -0.012398197 0.466387868 0.009841509 0.160108343 0.005382837 0.987035692
0.830171 0.108231716 -0.014353873 0.529770732 0.011199063 0.182192981 0.006770610 0.983175695
0.933953 0.135302931 -0.016629461 0.591001809 0.011846378 0.204524472 0.007223017 0.978763103
1.037695 0.165197015 -0.018862642 0.651398897 0.011513419 0.227221906 0.007849950 0.973743320
1.141483 0.197973683 -0.021339934 0.711295009 0.011232245 0.250190973 0.007813131 0.968099833
1.245136 0.232993409 -0.023916073 0.768171191 0.010912614 0.273061901 0.008215873 0.961899459
1.348871 0.271731913 -0.025908072 0.825403273 0.011398525 0.295636922 0.008775385 0.955192089
1.452734 0.312433809 -0.027813077 0.878971756 0.011947457 0.317858785 0.010178483 0.948008180
1.556375 0.356550753 -0.030682990 0.931806207 0.012571709 0.339600652 0.010423638 0.940427899
1.660095 0.402195513 -0.033072315 0.980938017 0.012900367 0.361356676 0.012553903 0.932253897
1.763837 0.451821953 -0.035161965 1.030828714 0.013100602 0.382872522 0.012649463 0.923621655
1.867714 0.502176881 -0.037726000 1.077154279 0.013866667 0.404582769 0.012679565 0.914308310
1.971323 0.556822538 -0.039456464 1.121816635 0.015309378 0.425846994 0.014553998 0.904548585
2.074937 0.611775398 -0.041703075 1.163366914 0.015523971 0.446859032 0.014222412 0.894356608
2.178679 0.672156751 -0.044080287 1.204409599 0.017162064 0.467379063 0.014896418 0.883764863
2.282428 0.731570065 -0.046224266 1.240686178 0.019649141 0.487635821 0.015892189 0.872681260
2.386034 0.795166612 -0.048096623 1.275961876 0.020241477 0.507125914 0.016242934 0.861481130
2.489649 0.858709693 -0.050216086 1.307597160 0.021121824 0.525685191 0.018468784 0.850216389
2.593387 0.925705373 -0.052603029 1.337694883 0.021941748 0.543026030 0.020005470 0.839190722
2.697006 0.992111742 -0.054210328 1.364391088 0.023155579 0.559076369 0.020057876 0.828550041
2.800620 1.061709523 -0.056385815 1.390095830 0.022270316 0.573802233 0.020574596 0.818432510
2.904387 1.137780666 -0.057579398 1.415137529 0.022176886 0.588130653 0.021975715 0.808163106
3.008111 1.210405827 -0.058820784 1.435451508 0.022137905 0.601877451 0.022488702 0.797964692
3.111717 1.285635710 -0.060523074 1.454488277 0.021788295 0.615158260 0.020981940 0.787823141
3.215334 1.362281919 -0.061121088 1.472751737 0.021977279 0.627778709 0.020553639 0.777810037
3.319074 1.438726306 -0.062138479 1.487707019 0.022462929 0.639858782 0.021335017 0.767867804
3.422811 1.518569231 -0.064019114 1.499580860 0.022518124 0.651713967 0.022289818 0.757802784
3.526551 1.597128749 -0.065867655 1.508926272 0.021351179 0.663222313 0.022553610 0.747777820
3.630286 1.684423566 -0.067478664 1.517257929 0.021097464 0.674254775 0.023115659 0.737835407
3.733924 1.767542839 -0.067887686 1.523024082 0.021986678 0.684327304 0.024294339 0.728438377
3.837524 1.852141380 -0.068173289 1.525402904 0.023386696 0.693393528 0.025779147 0.719717920
3.941290 1.937913775 -0.069457248 1.526966095 0.024572773 0.701602340 0.027410785 0.711617231
4.044901 2.032864571 -0.069293052 1.523259163 0.026440542 0.708498180 0.029756999 0.704589069
4.148625 2.122586250 -0.069526881 1.520507455 0.027496140 0.714624643 0.031785965 0.698244393
4.252293 2.214092255 -0.069477856 1.515868068 0.028469024 0.719954729 0.033136357 0.692644656
4.355974 2.305014849 -0.069214210 1.510914207 0.028738439 0.724879801 0.034387406 0.687416077
4.459609 2.398700237 -0.068674698 1.505180836 0.028459223 0.729465067 0.035083041 0.682524741
4.563217 2.490739107 -0.068893746 1.497747540 0.028224047 0.733624101 0.035207864 0.678055644
4.666947 2.584715366 -0.068201967 1.489422917 0.029148471 0.737457514 0.034399427 0.673886836
4.770559 2.680107355 -0.067595720 1.480327249 0.030154042 0.741025746 0.033341751 0.669970036
4.874319 2.777263165 -0.067027487 1.469332695 0.031297591 0.744189978 0.032956734 0.666419983
4.977967 2.876969576 -0.066445455 1.457971811 0.031387407 0.746730149 0.032507557 0.663590372
5.081656 2.977289200 -0.066034049 1.445610881 0.031413224 0.748659968 0.032231428 0.661424696
5.185269 3.080521345 -0.065855175 1.432544351 0.032240383 0.750381291 0.032080505 0.659438670
5.288943 3.184397459 -0.065673605 1.419287324 0.032402784 0.751979947 0.031129856 0.657652795
5.392622 3.290858746 -0.065671109 1.405530810 0.032821365 0.753351450 0.031131687 0.656060338
5.496314 3.399496555 -0.065206200 1.389746904 0.032447662 0.754285872 0.031501494 0.654986680
5.600026 3.509643316 -0.064795040 1.374896049 0.031799886 0.755120635 0.032379463 0.654013097
5.703641 3.620623112 -0.064299211 1.359733820 0.031359661 0.755876899 0.032764856 0.653141022
5.807340 3.736457348 -0.063554317 1.342226982 0.032432932 0.756534338 0.033491187 0.652289987
5.910955 3.850587130 -0.063285187 1.325288057 0.032177940 0.756889880 0.033498127 0.651889741
6.014715 3.972064734 -0.062249321 1.306477308 0.033264361 0.757083058 0.033631261 0.651603878
6.118447 4.090452194 -0.061878622 1.288205624 0.033273265 0.757080138 0.033429462 0.651617229
6.221927 4.209435463 -0.062092870 1.270584345 0.033398453 0.756955504 0.032779925 0.651788592
6.325669 4.336641312 -0.061449163 1.252264261 0.033782031 0.756552637 0.033077862 0.652221322
6.429280 4.460832119 -0.061080076 1.233820438 0.033105385 0.756114125 0.033056024 0.652765453
6.533021 4.584915161 -0.060908291 1.216839075 0.033492986 0.755810320 0.033013638 0.653099537
6.636673 4.717861176 -0.060980693 1.197570086 0.033914156 0.755442083 0.032861065 0.653511465
6.740399 4.846951008 -0.061956383 1.179407358 0.034618974 0.755151570 0.033300195 0.653788030
6.844097 4.982968330 -0.060918864 1.159620285 0.034455746 0.754797816 0.033023741 0.654218972
6.947755 5.116771698 -0.060159814 1.141087174 0.034345083 0.754572511 0.034193899 0.654424608
7.051471 5.250994205 -0.060666882 1.122750759 0.034443926 0.754320741 0.035625916 0.654633284
7.155209 5.388863564 -0.061233304 1.103761911 0.035185814 0.754050136 0.035842743 0.654893637
7.258923 5.528441906 -0.060488194 1.082997799 0.036429137 0.753783703 0.035795115 0.655134916
7.362568 5.665246010 -0.061908148 1.065428495 0.036039185 0.753618836 0.035816010 0.655344903
7.466210 5.805480957 -0.062327668 1.048469782 0.036394011 0.753665566 0.036295205 0.655245245
7.569925 5.945419312 -0.063437834 1.030518293 0.036050972 0.753603995 0.036930908 0.655299485
7.673572 6.092012882 -0.063723207 1.008329630 0.036695596 0.753449857 0.037510183 0.655408084
7.777286 6.237382889 -0.063326821 0.988920212 0.037071280 0.753446341 0.037974473 0.655364215
7.881024 6.384793282 -0.062178336 0.967226028 0.037607133 0.753446877 0.037625771 0.655353189
7.984696 6.530912876 -0.064247228 0.947326839 0.038043361 0.753585577 0.037709352 0.655163705
8.088400 6.678790092 -0.062216651 0.928359449 0.037811279 0.754075766 0.036759295 0.654666901
8.192118 6.825477600 -0.064679556 0.910592139 0.037897758 0.754579902 0.036831237 0.654076755
8.295863 6.976143360 -0.063215181 0.890278876 0.037162755 0.755040526 0.036415122 0.653610468
8.399546 7.128764153 -0.063317016 0.871338010 0.036976174 0.755599201 0.036518492 0.652969301
8.503235 7.282071114 -0.063568711 0.846645951 0.035922859 0.755530179 0.036205329 0.653125465
8.606978 7.437121391 -0.064533979 0.823826313 0.036153704 0.756067693 0.035970666 0.652503371
8.710698 7.592116833 -0.064894326 0.801372766 0.036064841 0.757040024 0.035432387 0.651409388
8.814436 7.748960495 -0.064433485 0.778039217 0.036539160 0.758398175 0.035397299 0.649803162
8.918107 7.907762051 -0.064914256 0.751342654 0.035378687 0.759687364 0.035088118 0.648376584
9.021867 8.065768242 -0.065364845 0.727928996 0.034515567 0.761438072 0.034996599 0.646371365
9.125548 8.223113060 -0.067174934 0.701582313 0.034519076 0.762823045 0.034822673 0.644745588
9.229148 8.382699013 -0.066248298 0.675418854 0.035155714 0.764445007 0.034173865 0.642821968
9.332783 8.544445038 -0.067781359 0.647239804 0.035459574 0.766048789 0.033723533 0.640916944
9.436507 8.705585480 -0.068976581 0.619768023 0.034788579 0.767751813 0.033325795 0.638933718
9.540126 8.868173599 -0.069241554 0.591382027 0.034063913 0.769619465 0.032902118 0.636744082
9.643856 9.030961037 -0.068303190 0.560131669 0.032976836 0.771303773 0.032310013 0.634790540
9.747566 9.194246292 -0.068271473 0.528899312 0.032471102 0.773198783 0.032350656 0.632505119
9.851216 9.357306480 -0.067123473 0.496802926 0.032422639 0.775042951 0.032384012 0.630244732
9.954854 9.523411751 -0.066793308 0.463528395 0.032968540 0.777004540 0.032117147 0.627810001
10.058450 9.688421249 -0.065912515 0.429101944 0.033121716 0.778944850 0.031491410 0.625424743
10.162270 9.852990150 -0.062795699 0.395270824 0.033358216 0.781156421 0.031287227 0.622657955
10.265950 10.019666672 -0.058798775 0.361021042 0.033471428 0.783272386 0.030629823 0.620020866
10.369540 10.185503006 -0.051351860 0.325862646 0.033932447 0.785396159 0.028636275 0.617398918
10.473330 10.352262497 -0.059827350 0.291337013 0.033053111 0.787651479 0.029479254 0.614527106
10.577010 10.521284103 -0.058025979 0.249615431 0.033505406 0.789113402 0.029986773 0.612599552
10.680800 10.679807663 -0.076990247 0.209612608 0.032777343 0.789853096 0.034845635 0.611427486
10.784490 10.855680466 -0.059071459 0.159985065 0.034729220 0.791062593 0.031558771 0.609932661
10.888380 11.023875237 -0.058881260 0.117104769 0.035044335 0.792224050 0.031436007 0.608411610
10.992100 11.192058563 -0.058669351 0.070619106 0.034758840 0.793062091 0.031186897 0.607348144
11.096280 11.361053467 -0.058859408 0.026520967 0.034217659 0.794500113 0.030527972 0.605530202
11.199650 11.530006409 -0.059275217 -0.019704819 0.033976827 0.795936108 0.029877806 0.603687406
11.303360 11.699027061 -0.059346750 -0.066407442 0.033366226 0.797368824 0.029686347 0.601837575
11.407080 11.868808746 -0.058814049 -0.114090204 0.033547834 0.798809826 0.029542649 0.599920511
11.510570 12.039197922 -0.058624268 -0.162976027 0.033419386 0.800290942 0.029182153 0.597968161
11.614180 12.210522652 -0.058435403 -0.213163614 0.033182796 0.801826060 0.028950226 0.595932722
11.718020 12.382044792 -0.058605209 -0.264665604 0.032822311 0.803088129 0.029269634 0.594235182
11.821430 12.552631378 -0.059074499 -0.316286325 0.032898188 0.804405332 0.029592842 0.592430651
11.925060 12.723414421 -0.059853613 -0.367720127 0.032855276 0.805789530 0.029707374 0.590543270
12.028650 12.896750450 -0.060023524 -0.422928810 0.033569328 0.806863010 0.029484050 0.589046597
12.132140 13.070051193 -0.060181610 -0.476480246 0.033752859 0.808120608 0.028780725 0.587344408
12.235950 13.241283417 -0.059931859 -0.530549765 0.034198135 0.809254825 0.028680755 0.585759759
12.339620 13.415565491 -0.060207441 -0.589201450 0.034522265 0.810237467 0.028403392 0.584394276
12.443230 13.589567184 -0.059708312 -0.644601822 0.034531929 0.811456203 0.028401947 0.582700372
12.546850 13.764071465 -0.057133406 -0.697637081 0.033887018 0.813044310 0.027767856 0.580551147
12.650590 13.933862686 -0.064305142 -0.767317533 0.035428599 0.813468397 0.029509865 0.579778492
12.754210 14.103563309 -0.063737959 -0.823820829 0.035975978 0.814437747 0.030219411 0.578345656
12.857820 14.278024673 -0.059376545 -0.877140999 0.035679925 0.815667272 0.030144716 0.576632679
12.961450 14.458045959 -0.058439568 -0.954199314 0.035112862 0.816057503 0.030106090 0.576117098
13.065050 14.630166054 -0.059175402 -1.010630608 0.035039529 0.817130744 0.029624343 0.574623406
13.168790 14.808727264 -0.059105471 -1.076089859 0.035428829 0.818138301 0.028574998 0.573217273
13.272410 14.981903076 -0.060275160 -1.142210960 0.035897221 0.818779230 0.027790865 0.572310746
13.376170 15.156773567 -0.061215069 -1.205002785 0.035874214 0.819911480 0.027031176 0.570725441
13.479770 15.334340096 -0.061435763 -1.271669149 0.035339698 0.820868313 0.025965216 0.569431424
13.583380 15.510692596 -0.062433612 -1.337581396 0.035496097 0.822112918 0.026213391 0.567611814
13.687000 15.688073158 -0.062732667 -1.405213833 0.034852631 0.823246777 0.026368683 0.565998912
13.790730 15.865812302 -0.065294936 -1.473487854 0.034799471 0.824147880 0.027078616 0.564655781
13.894440 16.042058945 -0.066244401 -1.540712833 0.034617215 0.825416803 0.027230371 0.562803090
13.998450 16.220611572 -0.067190237 -1.610088348 0.034207147 0.826503634 0.026807595 0.561251283
14.101800 16.397611618 -0.068117417 -1.679615498 0.033963837 0.827678025 0.026239710 0.559559643
14.205920 16.574481964 -0.067774214 -1.752689362 0.033993073 0.828619361 0.025901273 0.558178842
14.309200 16.752935410 -0.068707652 -1.820368290 0.034646861 0.829479694 0.026136292 0.556848168
14.412870 16.931449890 -0.070571773 -1.892692566 0.034658298 0.830278218 0.026776208 0.555625618
14.516540 17.111442566 -0.071982466 -1.964836597 0.034769595 0.831078291 0.027600266 0.554380894
14.620330 17.288887024 -0.071239285 -2.039515018 0.035639163 0.831795514 0.027946349 0.553231478
14.723680 17.462781906 -0.072324544 -2.112227440 0.035748195 0.832532108 0.027591515 0.552133203
14.827390 17.641290665 -0.072234787 -2.183969975 0.035479758 0.833443701 0.027220272 0.550791979
14.931630 17.819810867 -0.075229377 -2.263110161 0.035812289 0.834177256 0.026842166 0.549677372
15.034850 17.996019363 -0.077844240 -2.335373402 0.035975330 0.835113466 0.026397526 0.548264980
15.138550 18.175760269 -0.078874774 -2.411274433 0.035146404 0.835937798 0.025368605 0.547109842
15.242180 18.345350266 -0.082362719 -2.490493774 0.035599012 0.836692750 0.025516165 0.545918345
15.345730 18.523406982 -0.083565876 -2.568019390 0.035924584 0.837469101 0.026483320 0.544659138
15.449500 18.701961517 -0.082808852 -2.645288467 0.035961058 0.838220060 0.027073920 0.543471217
15.553070 18.876796722 -0.084418088 -2.722233772 0.035429802 0.839110196 0.027040832 0.542132437
15.656680 19.054025650 -0.085340343 -2.800415993 0.035157785 0.840070784 0.026400559 0.540692151
15.760420 19.231676102 -0.085220709 -2.881350517 0.034389440 0.841121137 0.025943773 0.539128482
15.864040 19.408126831 -0.082845777 -2.960232735 0.034045320 0.842208147 0.025765723 0.537459195
15.967780 19.586751938 -0.084472328 -3.038700581 0.033885457 0.843371689 0.025520442 0.535653532
16.071400 19.761892319 -0.087171093 -3.120947361 0.033433929 0.844442725 0.025614642 0.533987284
16.175170 19.939054489 -0.090040490 -3.201670647 0.033013113 0.845672131 0.025734082 0.532058835
16.278760 20.116289139 -0.091180384 -3.281029701 0.032529380 0.846993566 0.025477294 0.529995024
16.382370 20.289381027 -0.087414220 -3.370590687 0.032900006 0.847929478 0.024880845 0.528501809
16.486210 20.463155746 -0.088486359 -3.453764439 0.033047527 0.848964930 0.024978902 0.526822984
16.589730 20.639705658 -0.089371860 -3.535732269 0.033116981 0.850226343 0.025092429 0.524775088
16.693380 20.811252594 -0.090169594 -3.628273964 0.032572605 0.851088643 0.024387851 0.523442745
16.796960 20.986251831 -0.089719445 -3.710612774 0.032852963 0.852348626 0.024520630 0.521364689
16.900690 21.159769058 -0.090900585 -3.802169323 0.033081155 0.853241801 0.024650445 0.519881070
17.004320 21.333450317 -0.090979233 -3.892061234 0.033814929 0.854192376 0.024839995 0.518261373
17.107930 21.507028580 -0.091873676 -3.982052326 0.035148647 0.855127454 0.024942530 0.516623080
17.212260 21.681341171 -0.092973948 -4.070683956 0.035872664 0.855992258 0.025366046 0.515118420
17.315330 21.854814529 -0.091948420 -4.164432526 0.036879532 0.856770694 0.025072973 0.513765693
17.418950 22.031013489 -0.092593551 -4.255636692 0.038056057 0.857598603 0.024769772 0.512311339
17.522740 22.203474045 -0.092512108 -4.346275330 0.038503740 0.858446419 0.025039896 0.510842741
17.626280 22.380815506 -0.091864675 -4.435268879 0.039160237 0.859578550 0.024699073 0.508901954
17.730020 22.558914185 -0.093102828 -4.525878429 0.038823251 0.860743999 0.024422897 0.506967485
17.833610 22.729730606 -0.093912438 -4.632941246 0.039147545 0.861377478 0.024311934 0.505870759
17.937820 22.908069611 -0.094284594 -4.725931168 0.039115626 0.862494349 0.023816995 0.503990352
18.041020 23.082035065 -0.094044849 -4.828902721 0.038412858 0.863124371 0.023007821 0.503002465
18.144610 23.261817932 -0.096054748 -4.927548885 0.039010148 0.863903403 0.023719024 0.501583874
18.248220 23.439165115 -0.097125910 -5.027121544 0.039540716 0.864550173 0.024600256 0.500384271
18.351820 23.616065979 -0.097711742 -5.131350517 0.039626084 0.865079463 0.024898069 0.499447048
18.455670 23.796380997 -0.097846828 -5.235096931 0.039521106 0.865606248 0.024948459 0.498539358
18.559140 23.972862244 -0.100256510 -5.337679386 0.039299175 0.866242647 0.025633363 0.497415543
18.663050 24.153367996 -0.099591792 -5.439480782 0.039581366 0.867034018 0.026161948 0.495984823
18.766280 24.334218979 -0.099748552 -5.544255733 0.039757881 0.867680490 0.026528385 0.494819283
18.869920 24.510311127 -0.101027653 -5.651734829 0.039774999 0.868140876 0.026046723 0.494035363
18.973530 24.691806793 -0.103326097 -5.755473137 0.040241886 0.868952990 0.024949664 0.492624372
19.077140 24.872024536 -0.101758368 -5.863823891 0.039629061 0.869913936 0.024311971 0.491007328
19.180870 25.055234909 -0.103677168 -5.971645832 0.038474653 0.871246517 0.024555117 0.488719046
19.284530 25.234107971 -0.103251442 -6.082115173 0.037423640 0.872516513 0.024775010 0.486518830
19.388220 25.417385101 -0.102697596 -6.193551064 0.036525559 0.873919785 0.024915487 0.484055072
19.491840 25.597009659 -0.101611033 -6.306326866 0.036302540 0.875102580 0.024843784 0.481933981
19.595460 25.779014587 -0.100447580 -6.421257496 0.037065160 0.876225948 0.025244057 0.479809374
19.699070 25.960027695 -0.100121051 -6.533330441 0.037818328 0.877413392 0.025505671 0.477561444
19.802840 26.141891479 -0.098296598 -6.648141384 0.037656564 0.878586352 0.025635244 0.475405931
19.906420 26.322135925 -0.099066436 -6.767458439 0.037388537 0.879561007 0.026687104 0.473563433
20.010030 26.502346039 -0.098263800 -6.887781620 0.036357030 0.880593538 0.026776522 0.471716166
20.113650 26.681690216 -0.097708732 -7.004946232 0.035850365 0.881753027 0.026638549 0.469592035
20.217270 26.860490799 -0.097191125 -7.123781204 0.035656117 0.882930636 0.026917389 0.467373043
20.320880 27.042835236 -0.097044438 -7.248504639 0.035907675 0.884037077 0.027607219 0.465217054
20.424500 27.226928711 -0.096632212 -7.376234055 0.035463840 0.885102987 0.028233631 0.463182300
20.528120 27.412879944 -0.093665153 -7.506673813 0.034468349 0.885990798 0.027583651 0.461596489
20.631730 27.592144012 -0.091835141 -7.630117416 0.033882685 0.887088239 0.027906341 0.459508032
20.735350 27.777435303 -0.089992583 -7.760589600 0.033825941 0.887822747 0.028456967 0.458057612
20.838960 27.964506149 -0.086559117 -7.897319794 0.033050500 0.888383210 0.027617430 0.457077920
20.942580 28.152313232 -0.086829185 -8.034675598 0.032113615 0.888941646 0.026808444 0.456106126
21.046320 28.340372086 -0.084770977 -8.172796249 0.030954275 0.889592767 0.025316918 0.455000669
21.149940 28.523843765 -0.081924975 -8.303660393 0.029540095 0.890394390 0.025428792 0.453518003
21.253550 28.706958771 -0.080787122 -8.436586380 0.029869176 0.891207457 0.026644642 0.451826483
21.357170 28.889362335 -0.078342676 -8.570657730 0.029998727 0.891879797 0.026410522 0.450503051
21.460820 29.071273804 -0.076061666 -8.705199242 0.029072139 0.892598152 0.026045378 0.449160337
21.564620 29.252279282 -0.073999822 -8.838154793 0.027707523 0.893409371 0.026999285 0.447574645
21.668140 29.432538986 -0.071184456 -8.972402573 0.026477501 0.894153833 0.027197514 0.446148127
21.771790 29.609157562 -0.067628205 -9.106180191 0.026151352 0.894872129 0.027283890 0.444719613
21.875360 29.792451859 -0.063536108 -9.244902611 0.026714174 0.895336866 0.027156193 0.443757534
21.979040 29.967792511 -0.060796261 -9.375932693 0.026254850 0.896186948 0.027340250 0.442054361
22.082650 30.145561218 -0.057467461 -9.509757996 0.025780814 0.896986842 0.027504725 0.440446854
22.186210 30.322324753 -0.054118991 -9.646262169 0.024580561 0.897647083 0.026690558 0.439218700
22.290250 30.497783661 -0.051040530 -9.782045364 0.020747701 0.898346901 0.023036581 0.438191324
22.393570 30.671342850 -0.051576555 -9.916917801 0.019003846 0.899457991 0.017277971 0.436251819
22.497250 30.842479706 -0.053788215 -10.053370476 0.024371872 0.899870276 0.017453589 0.435126245
22.600850 31.018085480 -0.052822173 -10.193977356 0.027092101 0.900037766 0.021082064 0.434457749
22.704440 31.188796997 -0.050347447 -10.331839561 0.024104105 0.900390744 0.025761327 0.433649391
22.808100 31.364475250 -0.045529962 -10.469864845 0.019621467 0.901087701 0.028368320 0.432262868
22.911770 31.532564163 -0.039312720 -10.604481697 0.016293682 0.901751518 0.028432382 0.431010872
23.015390 31.710826874 -0.032801390 -10.746203423 0.016107094 0.902511895 0.028225891 0.429437041
23.119010 31.884721756 -0.027593493 -10.882058144 0.018813763 0.902971387 0.028514519 0.428340554
23.222650 32.053985596 -0.022825241 -11.031126022 0.022303043 0.903567731 0.027498644 0.426979840
23.326370 32.223285675 -0.018119752 -11.166173935 0.023308022 0.904114842 0.026421903 0.425834447
23.430070 32.393917084 -0.014828861 -11.311873436 0.023156591 0.904884100 0.026425177 0.424205393
23.533710 32.558250427 -0.012252629 -11.453307152 0.023157818 0.905309677 0.027423652 0.423232883
23.637320 32.729274750 -0.006297708 -11.595217705 0.023111852 0.906032562 0.028073655 0.421642900
23.741080 32.898223877 -0.004125714 -11.732780457 0.023276845 0.906286120 0.028201474 0.421079904
23.844680 33.066467285 0.001543880 -11.883048058 0.023283059 0.906627238 0.028325317 0.420336276
23.948430 33.236709595 0.004067659 -12.023733139 0.023559479 0.906717658 0.028432475 0.420118660
24.052120 33.399795532 0.006101251 -12.164718628 0.024041774 0.906948328 0.029798329 0.419498295
24.155650 33.570892334 0.009783149 -12.304895401 0.024367431 0.906973481 0.031292662 0.419316292
24.259390 33.733924866 0.016661763 -12.451642990 0.024666209 0.907088995 0.032385487 0.418965727
24.363000 33.905036926 0.018529415 -12.587684631 0.024255151 0.907327771 0.031731836 0.418522537
24.466620 34.066207886 0.026872635 -12.729990959 0.023224965 0.907703698 0.029207747 0.417949170
24.570240 34.239620209 0.024021268 -12.867433548 0.021966597 0.907999814 0.028014949 0.417455375
24.673870 34.412544250 0.025007367 -13.005009651 0.021421229 0.908124268 0.028122403 0.417205662
24.777590 34.573966980 0.036676049 -13.154132843 0.021092342 0.908222318 0.027687142 0.417037994
24.881210 34.740219116 0.042047977 -13.287472725 0.019941438 0.908413649 0.026381772 0.416762531
24.984880 34.904178619 0.046678066 -13.428729057 0.019778719 0.908497036 0.026379189 0.416588575
25.088320 35.077194214 0.047290444 -13.566195488 0.019043928 0.908462882 0.027381482 0.416632712
25.191950 35.238452911 0.053763032 -13.709074020 0.019710543 0.908087075 0.029748607 0.417258143
25.295560 35.420478821 0.055021644 -13.847833633 0.020534728 0.907634258 0.033320047 0.417933136
25.399160 35.577175140 0.063230395 -13.986560822 0.021567553 0.906875193 0.036034141 0.419301510
25.502780 35.759521484 0.067052960 -14.118372917 0.019287538 0.906476796 0.034047246 0.420438588
25.606390 35.929141998 0.074551940 -14.259389877 0.017157523 0.906206191 0.029702919 0.421442389
25.710010 36.113723755 0.073727965 -14.389745712 0.015374898 0.905733347 0.028313292 0.422621578
25.813620 36.273010254 0.081349850 -14.526170731 0.014984975 0.904786289 0.027248403 0.424728960
25.917260 36.454460144 0.083561063 -14.652214050 0.015756804 0.903940201 0.027856754 0.426459700
26.020850 36.626800537 0.086396933 -14.783946037 0.015853861 0.902946651 0.028354896 0.428523064
26.124480 36.810523987 0.087738991 -14.909201622 0.015375773 0.902296126 0.026526581 0.430025131
26.228100 36.904785156 0.112273574 -15.034826279 0.012831847 0.901661634 0.025087466 0.431523263
26.331730 36.986961365 0.109373927 -15.143991470 0.008482866 0.901749372 0.023442514 0.431539774
26.435440 37.071334839 0.121286631 -15.254770279 0.005569259 0.901611865 0.020980105 0.432000935
26.539060 37.145736694 0.125760436 -15.339467049 0.005426368 0.901101470 0.020145187 0.433106095
26.642670 37.216850281 0.122806668 -15.352945328 0.005961861 0.901468456 0.020856908 0.432300925
26.746310 37.298019409 0.119653106 -15.375467300 0.005308705 0.901606917 0.022782827 0.431923270
26.849920 37.404953003 0.120166779 -15.414603233 0.003521501 0.901675344 0.022885015 0.431793272
26.953530 37.488113403 0.119660497 -15.449563980 0.003084154 0.902087152 0.022035217 0.430979878
27.057260 37.564476013 0.120422363 -15.478195190 0.003248747 0.902167559 0.020737968 0.430874825
27.160890 37.658401489 0.119367242 -15.508375168 0.003413855 0.902598202 0.020267773 0.429993063
27.264530 37.728359222 0.119559884 -15.537353516 0.004378126 0.902632177 0.021377176 0.429859281
27.368230 37.839408875 0.118484735 -15.562992096 0.004388372 0.903324723 0.022155527 0.428362280
27.471850 37.954479218 0.116080642 -15.596900940 0.004242090 0.903886080 0.022429936 0.427163750
27.575480 38.026130676 0.120289087 -15.630698204 0.003623196 0.904011846 0.022156188 0.426917493
27.679200 38.113422394 0.111422658 -15.656087875 0.003061696 0.904444098 0.023195419 0.425950170
27.782840 38.216072083 0.112951636 -15.694196701 0.002823167 0.905006647 0.023483742 0.424739420
27.886560 38.306861877 0.112821817 -15.736875534 0.003018472 0.905294478 0.022745393 0.424164355
27.990170 38.403339386 0.115238905 -15.767324448 0.002883180 0.905960441 0.021973239 0.422781914
28.093790 38.504966736 0.110168338 -15.800992966 0.002638705 0.906547368 0.022710528 0.421484470
28.197410 38.600090027 0.105570078 -15.841585159 0.002101635 0.906993568 0.023455765 0.420485556
28.301020 38.695472717 0.111543298 -15.884662628 0.001282815 0.907542348 0.023074863 0.419324219
28.404640 38.795356750 0.114665151 -15.928563118 0.000763629 0.908192515 0.022905890 0.417924762
28.508250 38.895210266 0.108714461 -15.958313942 0.001022234 0.909093380 0.023215404 0.415943801
28.611870 38.994506836 0.113770485 -16.005546570 0.000726426 0.909755886 0.022839243 0.414514214
28.715630 39.093570709 0.109855175 -16.048128128 0.000334789 0.910431206 0.023859153 0.412971824
28.819230 39.195472717 0.112234831 -16.083717346 -0.000734474 0.911292851 0.024192529 0.411046892
28.922840 39.290855408 0.110199690 -16.130430222 -0.001243287 0.911922932 0.024357261 0.409636140
29.026460 39.393844604 0.107560515 -16.180461884 -0.001530121 0.912558734 0.024362111 0.408216566
29.130070 39.501029968 0.112690687 -16.215393066 -0.001627488 0.913515568 0.023640845 0.406113029
29.233840 39.606525421 0.106101990 -16.263076782 -0.001123525 0.914199531 0.024434265 0.404525608
29.337430 39.701461792 0.107192636 -16.308435440 -0.001554175 0.914785266 0.024573024 0.403189301
29.441040 39.802165985 0.108422399 -16.358711243 -0.001484156 0.915360391 0.024369903 0.401894540
29.544660 39.905941010 0.111576676 -16.417785645 -0.002219956 0.915942371 0.023826417 0.400595754
29.648260 40.012920380 0.110814691 -16.458686829 -0.002375514 0.916826248 0.024272904 0.398540914
29.752010 40.116992950 0.111438513 -16.514972687 -0.002904578 0.917351007 0.024888882 0.397289842
29.855620 40.224517822 0.114684343 -16.572883606 -0.003464712 0.917942047 0.025479682 0.395880252
29.959120 40.328887939 0.113879561 -16.615163803 -0.003144875 0.918803990 0.025380662 0.393884689
30.062730 40.431568146 0.117268443 -16.678680420 -0.002676041 0.919279397 0.025398193 0.392776251
30.166350 40.544860840 0.112577438 -16.736240387 -0.002690861 0.920061111 0.026286980 0.390882760
30.269960 40.643409729 0.114053488 -16.784862518 -0.003350956 0.920742810 0.026528502 0.389252782
30.373580 40.752708435 0.117671728 -16.844783783 -0.003959646 0.921496630 0.026227104 0.387479663
30.477220 40.865226746 0.119255900 -16.906780243 -0.003800936 0.922361791 0.026171628 0.385420978
30.580810 40.967338562 0.118975639 -16.965400696 -0.004444176 0.923062265 0.026860971 0.383685708
30.684470 41.082275391 0.119306564 -17.028383255 -0.005187928 0.923939049 0.027809747 0.381492168
30.788170 41.191459656 0.120051384 -17.093471527 -0.005667344 0.924725831 0.028247399 0.379541934
30.891780 41.292991638 0.122925997 -17.152076721 -0.005903686 0.925560296 0.027257916 0.377571523
30.995560 41.406848907 0.126383543 -17.220901489 -0.005471993 0.926462471 0.025875881 0.375456661
31.099140 41.520599365 0.128872395 -17.295019150 -0.005601946 0.927156568 0.025701111 0.373749644
31.202760 41.622608185 0.129160643 -17.355146408 -0.006051261 0.927919686 0.027446227 0.371719241
31.306520 41.734302521 0.130939007 -17.427078247 -0.006131453 0.928643584 0.028627170 0.369816184
31.410110 41.848217010 0.133312464 -17.501235962 -0.006041782 0.929422975 0.028775876 0.367842913
31.513850 41.953697205 0.136888504 -17.569389343 -0.005935261 0.930170000 0.028489165 0.365973830
31.617470 42.068054199 0.144910336 -17.647592545 -0.005755475 0.930941045 0.027936762 0.364053816
31.721250 42.185649872 0.146215439 -17.727346420 -0.005273621 0.931766212 0.028976958 0.361862183
31.824820 42.292274475 0.149437904 -17.799907684 -0.005880555 0.932472348 0.029567270 0.359981269
31.928570 42.411895752 0.150740147 -17.882083893 -0.006374613 0.933305562 0.030239422 0.357751012
32.032190 42.525993347 0.154005527 -17.965995789 -0.006697689 0.934101582 0.030316865 0.355654716
32.135930 42.640220642 0.160399437 -18.051845551 -0.006280724 0.934704840 0.030661924 0.354044169
32.239540 42.723060608 0.158346415 -18.108119965 -0.006607389 0.935301721 0.031573094 0.352377832
32.343330 42.825008392 0.160805464 -18.184629440 -0.007565929 0.935975432 0.031770676 0.350547194
32.447030 42.937026978 0.163986921 -18.267936707 -0.008627775 0.936779261 0.032013368 0.348346591
32.550780 43.049316406 0.165571451 -18.355667114 -0.008859403 0.937524915 0.031858440 0.346343160
32.654370 43.150634766 0.168924570 -18.429113388 -0.007890630 0.938291192 0.032092702 0.344263643
32.758130 43.260482788 0.174312592 -18.518489838 -0.007357042 0.938924849 0.032255463 0.342528313
32.861740 43.368045807 0.179965019 -18.610206604 -0.007737633 0.939569712 0.032809064 0.340694129
32.965700 43.468376160 0.181626797 -18.688148499 -0.008057402 0.940240979 0.033718977 0.338740170
33.070500 43.573867798 0.185486555 -18.777345657 -0.007838681 0.940984905 0.033624612 0.336682796
33.172920 43.678665161 0.189605474 -18.869081497 -0.007834948 0.941635787 0.033763807 0.334844202
33.276450 43.785583496 0.194917202 -18.964530945 -0.008337188 0.942396939 0.033622816 0.332698077
33.380050 43.885322571 0.199352503 -19.049795151 -0.008850262 0.943011343 0.034201674 0.330879986
33.483810 43.991302490 0.204559565 -19.143480301 -0.008856670 0.943841696 0.034459013 0.328476816
33.587620 44.095878601 0.209406376 -19.239643097 -0.010062020 0.944605410 0.034774471 0.326205671
33.691220 44.184211731 0.213466167 -19.320350647 -0.010134422 0.945210218 0.034665994 0.324458361
33.794940 44.292396545 0.219597578 -19.426254272 -0.010400933 0.946165562 0.034129571 0.321710557
33.898640 44.386978149 0.225771427 -19.517498016 -0.009739718 0.947063148 0.034718025 0.319015980
34.002380 44.463287354 0.229812860 -19.592815399 -0.008802963 0.947472692 0.035904951 0.317692965
34.105990 44.560272217 0.235721588 -19.691440582 -0.009436934 0.948311567 0.036330249 0.315113008
34.209730 44.654167175 0.241741180 -19.789350510 -0.009446878 0.949148595 0.035928886 0.312629014
34.313530 44.745231628 0.247758389 -19.885765076 -0.009432721 0.949959397 0.035211392 0.310239017
34.417100 44.830039978 0.251089811 -19.968231201 -0.008512234 0.950663984 0.035048921 0.308118552
34.520830 44.926322937 0.254741430 -20.069576263 -0.008464443 0.951626480 0.035925541 0.305032372
34.624450 45.012214661 0.260478973 -20.169792175 -0.007738396 0.952265918 0.036778238 0.302947342
34.728060 45.090057373 0.265950680 -20.252450943 -0.007595330 0.952738225 0.037323117 0.301395327
34.831800 45.180122375 0.275321722 -20.352684021 -0.007505469 0.953616560 0.037587445 0.298573762
34.935420 45.264255524 0.277964830 -20.447847366 -0.007029483 0.954276502 0.037862800 0.296434373
35.039150 45.344875336 0.285468817 -20.547071457 -0.007316797 0.954844594 0.037597254 0.294626504
35.142780 45.432670593 0.291455746 -20.651878357 -0.007263270 0.955721200 0.038264360 0.291684896
35.246520 45.511436462 0.295839071 -20.744096756 -0.006917682 0.956271827 0.038996138 0.289785504
35.350130 45.592773438 0.303848743 -20.847831726 -0.006595034 0.957017660 0.039080713 0.287308902
35.454000 45.670520782 0.310311556 -20.949562073 -0.006621092 0.957615376 0.039465118 0.285256922
35.557430 45.744041443 0.315996408 -21.040487289 -0.006896341 0.958214641 0.039146777 0.283274859
35.661090 45.816978455 0.325951099 -21.139125824 -0.006385302 0.958794892 0.038883071 0.281353384
35.764770 45.890453339 0.329447508 -21.233520508 -0.006101382 0.959325552 0.040051401 0.279379874
35.868330 45.967346191 0.338609457 -21.336082458 -0.005984528 0.960179329 0.040246189 0.276405662
35.972070 46.031929016 0.344036341 -21.434804916 -0.005852642 0.960484028 0.040151421 0.275361687
36.075840 46.097339630 0.349108696 -21.518098831 -0.004482203 0.961079240 0.039948151 0.273332596
36.179530 46.165237427 0.355557203 -21.618999481 -0.003879666 0.961657286 0.040628370 0.271200210
36.283280 46.224609375 0.361716270 -21.702611923 -0.003730244 0.961950719 0.041423466 0.270038873
36.386840 46.288623810 0.368932009 -21.800331116 -0.003144346 0.962517142 0.041922409 0.267942846
36.490550 46.351154327 0.375370979 -21.887693405 -0.003188453 0.963071227 0.042235710 0.265894234
36.594140 46.410778046 0.381725788 -21.983169556 -0.002572279 0.963561296 0.042535309 0.264071316
36.697760 46.470100403 0.387500048 -22.070266724 -0.001390799 0.964105427 0.042325817 0.262120873
36.801500 46.527458191 0.393052816 -22.164033890 -0.000920719 0.964638889 0.042222098 0.260169715
36.905210 46.586532593 0.397702456 -22.247037888 0.000396070 0.965254545 0.042153470 0.257888585
37.008850 46.640476227 0.404588223 -22.340759277 0.000685108 0.965745568 0.042258900 0.256025821
37.112590 46.695777893 0.409772396 -22.422880173 0.001897892 0.966402173 0.042399939 0.253506273
37.216330 46.745456696 0.414366007 -22.511375427 0.002469869 0.966878772 0.042702105 0.251626462
37.319950 46.799468994 0.420813084 -22.593101501 0.002087813 0.967583358 0.042807702 0.248888716
37.423720 46.849357605 0.426194906 -22.684036255 0.002362987 0.968249977 0.042770389 0.246286720
37.527300 46.895866394 0.431745291 -22.756612778 0.002019440 0.968737304 0.042537529 0.244406492
37.631050 46.943084717 0.437277555 -22.845457077 0.002473919 0.969347119 0.043363705 0.241825536
37.734660 46.989234924 0.443175554 -22.919948578 0.003392356 0.969887257 0.043731760 0.239571929
37.838400 47.029460907 0.449004173 -22.998226166 0.003414895 0.970261633 0.044295289 0.237946719
37.942020 47.071971893 0.455053806 -23.072116852 0.004003142 0.970686555 0.044488851 0.236161590
38.045630 47.111053467 0.460913658 -23.154790878 0.004116199 0.971151531 0.044141885 0.234305888
38.149250 47.151618958 0.466339111 -23.226034164 0.004314060 0.971416771 0.044049539 0.233217865
38.252870 47.183570862 0.472981453 -23.312051773 0.005644761 0.971544921 0.044550363 0.232559472
38.356480 47.223979950 0.478203058 -23.380825043 0.006234858 0.971857429 0.044539828 0.231236666
38.460100 47.256721497 0.482143641 -23.468116760 0.006886088 0.972115934 0.045197941 0.230000645
38.563710 47.286506653 0.486190557 -23.535072327 0.006579075 0.972130299 0.045503315 0.229888797
38.667310 47.319358826 0.504269838 -23.605670929 0.005805716 0.972485662 0.044017106 0.228692949
38.771060 47.365127563 0.506968737 -23.666507721 0.005226635 0.972908258 0.044044655 0.226897091
38.874760 47.396080017 0.513000011 -23.739028931 0.004845458 0.973215401 0.043720067 0.225647539
38.978300 47.433330536 0.518355370 -23.812805176 0.004647578 0.973444879 0.044100404 0.224585369
39.082020 47.460742950 0.529143810 -23.895790100 0.005006157 0.973623514 0.044557989 0.223711252
39.185650 47.491600037 0.540683031 -23.977922440 0.004820064 0.973880529 0.045000695 0.222504988
39.289260 47.532287598 0.544988155 -24.045501709 0.005051594 0.974194109 0.045349095 0.221051738
39.392880 47.559455872 0.550830841 -24.131446838 0.005482865 0.974434614 0.045244507 0.220000282
39.496500 47.595397949 0.562149763 -24.197551727 0.005133747 0.974751532 0.044327430 0.218788058
39.600240 47.621971130 0.572491407 -24.281616211 0.005190580 0.975005865 0.043623816 0.217792377
39.703850 47.658390045 0.579940796 -24.348815918 0.004918348 0.975381017 0.043316267 0.216174453
39.807600 47.683677673 0.591368198 -24.430992126 0.004888130 0.975652635 0.042584643 0.215092063
39.911340 47.715698242 0.598227024 -24.503509521 0.004652615 0.975927949 0.042697232 0.213822290
40.014950 47.739398956 0.608408689 -24.586175919 0.003778331 0.976156950 0.042642049 0.212802678
40.118690 47.770622253 0.615985155 -24.661691666 0.002451952 0.976491690 0.042479981 0.211313665
40.222330 47.790695190 0.628889084 -24.755058289 0.001729047 0.976785660 0.041628689 0.210128084
40.325920 47.819953918 0.636049986 -24.828001022 0.002591843 0.977092206 0.041422997 0.208729863
40.429660 47.842445374 0.643407106 -24.910591125 0.003118788 0.977432966 0.041155856 0.207174316
40.533280 47.865715027 0.653536797 -24.992301941 0.002699605 0.977720141 0.040932324 0.205865368
40.637020 47.882804871 0.666659594 -25.083860397 0.001585026 0.978034019 0.041091967 0.204348743
40.740630 47.904735565 0.675253153 -25.168388367 0.000352682 0.978420019 0.041793324 0.202354729
40.844270 47.918762207 0.688518524 -25.264179230 -0.000452655 0.978856146 0.040305540 0.200539112
40.947990 47.934326172 0.700477839 -25.355995178 -0.000870928 0.979184389 0.039104544 0.199168324
41.051600 47.944061279 0.715179205 -25.456199646 -0.001016086 0.979451180 0.039123651 0.197847769
41.155220 47.951843262 0.730922699 -25.562171936 -0.000584512 0.979592383 0.039570369 0.197059885
41.258960 47.970512390 0.743406296 -25.641405106 -0.000239025 0.980011702 0.039621763 0.194954023
41.362570 47.981124878 0.751614809 -25.728626251 0.000088316 0.980366349 0.038698822 0.193349883
41.466320 48.015697479 0.766703367 -25.767433167 -0.001131831 0.981205165 0.035958294 0.189584166
41.569920 48.052101135 0.751019478 -25.805921555 0.000401486 0.981866539 0.037862226 0.185753465
41.673550 48.038429260 0.784633160 -25.938911438 -0.001918497 0.981960356 0.034605373 0.185883492
41.777290 48.074558258 0.778970480 -25.972385406 -0.001006773 0.982638359 0.036488552 0.181904912
41.880900 48.109008789 0.780765772 -26.021373749 -0.001476386 0.983219266 0.037394982 0.178547800
41.984640 48.154045105 0.776839495 -26.039031982 -0.001814128 0.984062493 0.037516300 0.173810884
42.088380 48.194580078 0.775582314 -26.061803818 -0.002395978 0.984785140 0.037982337 0.169557586
42.192000 48.236698151 0.774162054 -26.104820251 -0.002562284 0.985544562 0.038672734 0.164923593
42.295640 48.259506226 0.779037714 -26.155824661 -0.002011458 0.985902846 0.037996083 0.162935153
42.399350 48.304981232 0.782193661 -26.180027008 -0.003165784 0.986719847 0.037548814 0.157999992
42.502970 48.350337982 0.772919178 -26.220983505 -0.002764762 0.987570882 0.039716087 0.152048543
42.606580 48.378547668 0.785360575 -26.260543823 -0.002930838 0.988075912 0.038188063 0.149127692
42.710200 48.414913177 0.786595106 -26.302143097 -0.003751810 0.988742650 0.039125685 0.144371420
42.813810 48.451721191 0.788845778 -26.345203400 -0.004818699 0.989485621 0.039356515 0.139090031
42.917430 48.486106873 0.790472984 -26.388124466 -0.005657021 0.990175724 0.039176989 0.134109020
43.021170 48.524417877 0.793545723 -26.422523499 -0.006024574 0.990896583 0.038133640 0.128970921
43.124790 48.559020996 0.795404434 -26.468238831 -0.006450704 0.991580248 0.038415868 0.123495623
43.228400 48.593025208 0.795616150 -26.510261536 -0.006089628 0.992197990 0.039139785 0.118212126
43.332030 48.625434875 0.797997952 -26.556327820 -0.005614250 0.992823124 0.039521225 0.112733223
43.435640 48.657920837 0.800060034 -26.604583740 -0.005627619 0.993428230 0.040170226 0.107028179
43.539250 48.693397522 0.802281380 -26.649848938 -0.005727925 0.994036973 0.040724900 0.100990623
43.642870 48.723709106 0.804803371 -26.698459625 -0.006515733 0.994574428 0.040892955 0.095430650
43.746480 48.756103516 0.806754589 -26.747253418 -0.006967808 0.995125592 0.040321734 0.089725859
43.850090 48.785469055 0.809257746 -26.798782349 -0.007170430 0.995643079 0.039484899 0.084169164
43.953730 48.815509796 0.811543822 -26.848676682 -0.007267002 0.996112287 0.039213020 0.078548610
44.057450 48.842624664 0.814610243 -26.900094986 -0.007004672 0.996503055 0.039711177 0.073182449
44.161070 48.869392395 0.817349315 -26.950637817 -0.007325759 0.996847570 0.040375549 0.067905098
44.264680 48.894966125 0.820727110 -27.004520416 -0.007329692 0.997185707 0.040893745 0.062407404
44.368290 48.919448853 0.823427439 -27.055971146 -0.007193158 0.997463644 0.041638501 0.057277981
44.471930 48.941974640 0.826778650 -27.109630585 -0.006967579 0.997728586 0.041888442 0.052292217
44.575530 48.962841034 0.829305530 -27.158687592 -0.007216612 0.997931719 0.042488731 0.047695529
44.679140 48.983142853 0.832742453 -27.212989807 -0.007350849 0.998134136 0.043010790 0.042712007
44.782910 49.002849579 0.836210012 -27.267894745 -0.006979811 0.998339772 0.043217506 0.037432946
44.886500 49.020473480 0.839251637 -27.313991547 -0.006912669 0.998478234 0.043630250 0.033011321
44.990110 49.038074493 0.842514753 -27.371923447 -0.007499558 0.998598337 0.044584133 0.027519986
45.093740 49.052440643 0.846071124 -27.417512894 -0.008010113 0.998686075 0.044906761 0.023354225
45.197350 49.067333221 0.849834800 -27.473884583 -0.008737451 0.998797894 0.044842627 0.017763985
45.300980 49.079109192 0.853333592 -27.520015717 -0.008690929 0.998874962 0.044558413 0.013704374
45.404710 49.091217041 0.856836557 -27.575691223 -0.008528672 0.998914123 0.045066610 0.008173586
45.508320 49.103771210 0.862669468 -27.633502960 -0.008524492 0.998947263 0.045040898 0.001748387
45.612070 49.110805511 0.865921974 -27.671895981 -0.008478646 0.998956978 0.044839598 -0.001567093
45.715670 49.115444183 0.869076371 -27.710184097 -0.008842714 0.998902977 0.045727748 -0.004865684
45.819420 49.119026184 0.871511102 -27.742891312 -0.009579960 0.998861969 0.046140272 -0.007355474
45.923030 49.128993988 0.877048135 -27.809553146 -0.010138131 0.998787820 0.045543086 -0.015684556
46.026650 49.129489899 0.878076792 -27.833223343 -0.010625887 0.998791516 0.045189351 -0.016139250
46.130280 49.131519318 0.880280375 -27.867744446 -0.010834159 0.998726368 0.045613501 -0.018645864
46.233900 49.133728027 0.883998871 -27.909309387 -0.011011073 0.998634577 0.046006665 -0.022162227
46.337490 49.136196136 0.887963414 -27.946300507 -0.011432251 0.998598456 0.045229752 -0.024993526
46.441130 49.139087677 0.892411828 -27.999547958 -0.010793800 0.998476803 0.044438474 -0.030866897
46.544720 49.139213562 0.894793153 -28.033208847 -0.010250021 0.998380125 0.044879615 -0.033434100
46.648340 49.137973785 0.897282004 -28.054540634 -0.009339862 0.998359025 0.045416586 -0.033605509
46.752090 49.138076782 0.900796056 -28.102306366 -0.009316300 0.998112202 0.046696618 -0.038790133
46.855700 49.136940002 0.903203368 -28.126903534 -0.009013268 0.998077095 0.046768121 -0.039668951
46.959440 49.136119843 0.906666756 -28.164451599 -0.009312745 0.997923732 0.046971753 -0.043071259
47.063060 49.133468628 0.909967422 -28.192239761 -0.008652176 0.997950137 0.045763753 -0.043890983
47.166550 49.130561829 0.914963007 -28.226917267 -0.006725522 0.997932553 0.044067279 -0.046297163
47.270160 49.128799438 0.916248798 -28.256601334 -0.005856349 0.997852087 0.044580679 -0.047639292
47.373770 49.125411987 0.919981480 -28.291294098 -0.005008681 0.997764289 0.044148430 -0.049922362
47.477390 49.123249054 0.921764255 -28.315500259 -0.004718832 0.997706711 0.044782031 -0.050533224
47.581030 49.119594574 0.925535917 -28.346054077 -0.003209490 0.997642279 0.043983575 -0.052583769
47.684770 49.116722107 0.927728653 -28.370592117 -0.003088999 0.997584522 0.044413060 -0.053320158
47.789310 49.112125397 0.931173682 -28.401145935 -0.002845308 0.997519612 0.043507099 -0.055260424
47.892090 49.108867645 0.934241593 -28.426387787 -0.003418892 0.997494161 0.042756565 -0.056263167
47.995840 49.104511261 0.940729678 -28.454006195 -0.002767080 0.997491241 0.040426355 -0.058045492
48.099490 49.100563049 0.941925764 -28.479438782 -0.002299740 0.997424662 0.040588792 -0.059087031
48.203200 49.096427917 0.944847345 -28.501838684 -0.001244004 0.997425854 0.039384093 -0.059908215
48.306820 49.092037201 0.947466969 -28.526306152 -0.000182325 0.997400045 0.038295440 -0.061045516
48.410450 49.086360931 0.953010738 -28.552085876 0.000961108 0.997385859 0.036557157 -0.062322259
48.514170 49.082683563 0.954986870 -28.574064255 0.001626358 0.997319102 0.036462218 -0.063422702
48.617800 49.077816010 0.954933345 -28.599681854 0.001141886 0.997167647 0.037625637 -0.065112896
48.721660 49.073623657 0.959383786 -28.619850159 0.002025650 0.997180164 0.035648406 -0.066006228
48.825160 49.067054749 0.964207530 -28.644371033 0.003097667 0.997190952 0.032775875 -0.067277931
48.928780 49.063495636 0.964201689 -28.665233612 0.002095694 0.997073710 0.033713274 -0.068578377
49.032370 49.057682037 0.966727018 -28.688671112 0.003299163 0.997019351 0.032022178 -0.070114739
49.136000 49.050853729 0.969014943 -28.710391998 0.003742146 0.996984601 0.031070953 -0.071009308
49.239480 49.047126770 0.970951438 -28.728828430 0.005374539 0.996955574 0.028909232 -0.072214469
49.343220 49.046958923 0.971384287 -28.746616364 0.005674664 0.996778131 0.029724725 -0.074280977
49.446710 49.040256500 0.973658919 -28.771642685 0.007255074 0.996622145 0.029775554 -0.076191276
49.550580 49.036880493 0.975207925 -28.793605804 0.006293024 0.996425271 0.029399363 -0.078947730
49.654110 49.031204224 0.976952672 -28.815160751 0.006014606 0.996443212 0.024516074 -0.080397509
49.757560 49.028358459 0.977457523 -28.833919525 0.006075855 0.996299744 0.022096954 -0.082835048
49.861160 49.024932861 0.978203297 -28.850793839 0.005796683 0.996107876 0.024322450 -0.084522136
49.964780 49.022266388 0.979395151 -28.867927551 0.007091928 0.995888114 0.026132395 -0.086450338
50.068530 49.017711639 0.980564237 -28.880599976 0.007810018 0.995869100 0.026927246 -0.086363181
50.172010 49.016078949 0.981038749 -28.890449524 0.009670499 0.995839119 0.026202355 -0.086742818
50.275650 49.014190674 0.981651545 -28.899435043 0.011718614 0.995800436 0.025109544 -0.087256566
50.379370 49.012027740 0.982076228 -28.907924652 0.010868173 0.995836198 0.026047518 -0.086681381
50.483000 49.010025024 0.982630134 -28.909801483 0.010145417 0.995968640 0.026476920 -0.085102774
50.586610 49.009677887 0.982623875 -28.909049988 0.010367270 0.996124029 0.026507564 -0.083227083
50.690230 49.008750916 0.982785165 -28.909334183 0.009894747 0.996364474 0.025737595 -0.080607057
50.793950 49.008193970 0.982979178 -28.909841537 0.010319485 0.996486604 0.025304042 -0.079168618
50.897570 49.007736206 0.982896626 -28.909761429 0.010947711 0.996660948 0.025616456 -0.076751903
51.001310 49.007369995 0.983032823 -28.909660339 0.010724483 0.996811807 0.025605578 -0.074803762
51.105070 49.006141663 0.983137488 -28.910310745 0.012338884 0.996965826 0.024322757 -0.072906345
51.208670 49.005516052 0.983180523 -28.910455704 0.012550792 0.997104108 0.024060460 -0.071041942
51.312450 49.004543304 0.982832968 -28.911485672 0.011102370 0.997191846 0.025619254 -0.069489837
51.416040 49.003555298 0.982895195 -28.911718369 0.011942597 0.997340441 0.025879174 -0.067079931
51.519760 49.003017426 0.982789874 -28.912261963 0.012317392 0.997408688 0.026915489 -0.065572344
51.623380 49.002086639 0.982908487 -28.912521362 0.012151324 0.997462630 0.029242355 -0.063761525
51.727120 49.001731873 0.982904613 -28.913070679 0.011574416 0.997481406 0.030768719 -0.062849768
51.830730 49.001502991 0.982994199 -28.914398193 0.010864848 0.997521996 0.030641692 -0.062393092
51.934500 49.001232147 0.983037233 -28.915592194 0.011483320 0.997585714 0.029335961 -0.061888963
52.038090 49.000865936 0.983064055 -28.916538239 0.012843261 0.997615695 0.028839173 -0.061369825
52.141830 49.000396729 0.983077705 -28.917556763 0.013498094 0.997664571 0.028524036 -0.060576919
52.245440 49.000160217 0.983134627 -28.918663025 0.013129189 0.997677684 0.028834982 -0.060295176
52.349180 48.999988556 0.983226717 -28.919593811 0.011065211 0.997694671 0.028629778 -0.060525075
52.452950 48.999862671 0.983308852 -28.920639038 0.010537949 0.997723520 0.027852736 -0.060505625
52.556660 48.999294281 0.983377337 -28.921770096 0.011128915 0.997788012 0.027537663 -0.059471540
52.660280 48.998920441 0.983379602 -28.922737122 0.012886752 0.997796297 0.028141925 -0.058689699
52.763900 48.999008179 0.983503282 -28.923709869 0.013703613 0.997768342 0.027697101 -0.059190013
52.867640 48.998699188 0.983571291 -28.924686432 0.014605723 0.997799754 0.027189495 -0.058677062
52.971270 48.998306274 0.983641267 -28.925748825 0.014449756 0.997841239 0.027196240 -0.058003746
53.074870 48.998146057 0.983664215 -28.926765442 0.014373676 0.997854590 0.027523398 -0.057637844
53.178480 48.997844696 0.983683169 -28.927793503 0.014120030 0.997904837 0.027474003 -0.056848507
53.282240 48.997505188 0.983753145 -28.928840637 0.013808083 0.997976720 0.026557006 -0.056094561
53.385840 48.997257233 0.983811975 -28.929882050 0.013547521 0.998008847 0.026538877 -0.055592027
53.489460 48.996994019 0.983864546 -28.930856705 0.013737565 0.998044193 0.026725931 -0.054816563
53.593090 48.996616364 0.983956993 -28.931896210 0.013796759 0.998064935 0.027651452 -0.053957574
53.696680 48.996406555 0.983967960 -28.932928085 0.013401974 0.998068511 0.028745126 -0.053417090
53.800320 48.996101379 0.984049797 -28.933902740 0.012245444 0.998107433 0.028824968 -0.052922133
53.904040 48.995807648 0.984103680 -28.934965134 0.011594823 0.998178780 0.027864449 -0.052231915
54.007650 48.995491028 0.984120131 -28.935945511 0.011235165 0.998242140 0.027027672 -0.051535327
54.111440 48.995227814 0.984185278 -28.937015533 0.011653787 0.998261094 0.027091052 -0.051039204
54.215030 48.994892120 0.984214604 -28.938007355 0.012159140 0.998291254 0.027318016 -0.050204348
54.318750 48.994628906 0.984277010 -28.939035416 0.012536260 0.998325109 0.026792927 -0.049718790
54.422370 48.994266510 0.984333217 -28.940067291 0.013057853 0.998353302 0.026787100 -0.049016234
54.525980 48.993923187 0.984349489 -28.941070557 0.014093996 0.998362482 0.027114918 -0.048357874
54.629720 48.993713379 0.984391689 -28.942117691 0.014968919 0.998383224 0.026805121 -0.047836985
54.733340 48.993442535 0.984429479 -28.943145752 0.015479430 0.998404562 0.026850535 -0.047198802
54.837080 48.993083954 0.984502554 -28.944137573 0.015179143 0.998449683 0.027172633 -0.046145737
54.940700 48.992862701 0.984504700 -28.945167542 0.013039668 0.998508513 0.027111933 -0.045558628
55.044310 48.992511749 0.984548748 -28.946161270 0.010616947 0.998567879 0.027334074 -0.044746768
55.147950 48.992183685 0.984617710 -28.947164536 0.008681162 0.998654485 0.026509482 -0.043716565
55.251540 48.991954803 0.984671474 -28.948162079 0.007747201 0.998722553 0.025480222 -0.042941812
55.355300 48.991596222 0.984699965 -28.949186325 0.008617862 0.998774350 0.025115497 -0.041769817
55.458900 48.991279602 0.984751463 -28.950223923 0.009879405 0.998790681 0.025851829 -0.040635332
55.562540 48.991062164 0.984799623 -28.951244354 0.010210786 0.998813689 0.026376121 -0.039640006
55.666250 48.990715027 0.984855175 -28.952228546 0.010534781 0.998851597 0.026580792 -0.038444523
55.769890 48.990352631 0.984904766 -28.953256607 0.010538138 0.998927653 0.025313368 -0.037305828
55.873610 48.990142822 0.984954953 -28.954269409 0.010068253 0.998986542 0.024220845 -0.036577370
55.977290 48.989768982 0.985018492 -28.955284119 0.010441360 0.999037027 0.023783576 -0.035360642
56.080860 48.989360809 0.985075653 -28.956302643 0.011608198 0.999037445 0.025025854 -0.034104962
56.184470 48.989158630 0.985084772 -28.957336426 0.012253101 0.999006152 0.026671674 -0.033543684
56.288130 48.988769531 0.985142946 -28.958351135 0.011378972 0.999032736 0.027561758 -0.032318532
56.391700 48.988422394 0.985226274 -28.959335327 0.008426807 0.999085963 0.027596949 -0.031538695
56.495310 48.988121033 0.985260844 -28.960346222 0.006748865 0.999139607 0.026843004 -0.030884799
56.598920 48.987915039 0.985295057 -28.961277008 0.006263509 0.999167204 0.026470022 -0.030413367
56.702420 48.987548828 0.985320032 -28.962223053 0.006283267 0.999207020 0.025876284 -0.029600723
56.806030 48.987186432 0.985343397 -28.963384628 0.006847488 0.999248147 0.025123086 -0.028725047
56.909640 48.986778259 0.985372245 -28.964384079 0.007580512 0.999266207 0.024914363 -0.028087372
57.013380 48.986312866 0.985438764 -28.965427399 0.009106671 0.999288201 0.024633974 -0.027079728
57.117000 48.986076355 0.985528469 -28.966335297 0.009821674 0.999288023 0.024820093 -0.026663782
57.220620 48.986175537 0.985488713 -28.966932297 0.009881405 0.999255776 0.026135284 -0.026593490
57.324230 48.986259460 0.985510290 -28.967321396 0.009300743 0.999258518 0.025973136 -0.026856735
57.427720 48.986194611 0.985522568 -28.967853546 0.010242632 0.999296486 0.024558743 -0.026428765
57.531360 48.986122131 0.985554516 -28.968658447 0.012276398 0.999333739 0.022964319 -0.025573127
57.634950 48.986114502 0.985601008 -28.969142914 0.012152255 0.999369860 0.022290731 -0.024805663
57.738590 48.986156464 0.985583186 -28.969552994 0.013324230 0.999337494 0.023189230 -0.024683392
57.842180 48.986083984 0.985604882 -28.970355988 0.013599190 0.999364614 0.022714019 -0.023864953
57.945800 48.985862732 0.985659480 -28.971105576 0.011712331 0.999349713 0.024953596 -0.023243768
58.049530 48.986007690 0.985662401 -28.971456528 0.012046783 0.999284029 0.027293244 -0.023267305
58.153180 48.986125946 0.985669076 -28.971837997 0.012748518 0.999258101 0.027960382 -0.023215616
58.256810 48.986003876 0.985695541 -28.972702026 0.012898253 0.999303401 0.026904698 -0.022414850
58.360400 48.986015320 0.985713601 -28.973175049 0.012924816 0.999351025 0.025487013 -0.021928178
58.464000 48.986049652 0.985723019 -28.973676682 0.012902237 0.999362409 0.025363190 -0.021563571
58.567620 48.986076355 0.985749841 -28.974149704 0.013159358 0.999351919 0.025782287 -0.021396711
58.671360 48.985961914 0.985774815 -28.975027084 0.012813102 0.999360561 0.026162192 -0.020733686
58.774970 48.985954285 0.985801101 -28.975551605 0.012994497 0.999356925 0.026622942 -0.020202138
58.878710 48.985980988 0.985829592 -28.976030350 0.012902305 0.999352396 0.027294133 -0.019578837
58.982460 48.986095428 0.985848010 -28.976257324 0.012975452 0.999354899 0.027166709 -0.019578496
59.086070 48.985908508 0.985867560 -28.977354050 0.012701713 0.999385476 0.026526844 -0.019069048
59.189810 48.985942841 0.985872388 -28.977876663 0.012840329 0.999391675 0.026401022 -0.018826440
59.293570 48.985980988 0.985878766 -28.978397369 0.012507671 0.999378920 0.027145186 -0.018667988
59.397170 48.985996246 0.985928178 -28.978927612 0.012419394 0.999387383 0.027036430 -0.018429758
59.500910 48.985912323 0.985945225 -28.979686737 0.012728785 0.999422252 0.025995331 -0.017816629
59.604650 48.985946655 0.985938609 -28.980230331 0.012772930 0.999436200 0.025646210 -0.017504517
59.708260 48.985950470 0.985966384 -28.980777740 0.012687310 0.999452710 0.025388421 -0.016992731
59.812000 48.985942841 0.985997021 -28.981378555 0.012597912 0.999468803 0.024784222 -0.017002927
59.915740 48.985904694 0.986022472 -28.982032776 0.012650449 0.999487460 0.024528215 -0.016221222
60.019480 48.985877991 0.986044288 -28.982610703 0.013024975 0.999492288 0.024542537 -0.015592949
60.123100 48.985916138 0.986053646 -28.983169556 0.013262279 0.999479413 0.024940124 -0.015587944
60.226840 48.985904694 0.986081898 -28.983730316 0.013179966 0.999484479 0.025026245 -0.015191005
60.330460 48.985885620 0.986108303 -28.984394073 0.012382158 0.999481559 0.025458302 -0.015335031
60.434070 48.985893250 0.986113131 -28.984960556 0.012101419 0.999481022 0.025589844 -0.015376531
60.537830 48.985912323 0.986163080 -28.985515594 0.011314183 0.999496758 0.025144745 -0.015682880
60.641430 48.985950470 0.986188889 -28.986080170 0.011304478 0.999476790 0.025532702 -0.016322162
60.745170 48.985893250 0.986200750 -28.986749649 0.011513714 0.999467909 0.025730643 -0.016410265
60.848780 48.985877991 0.986212611 -28.987344742 0.012003151 0.999469578 0.025407523 -0.016462684
60.952400 48.985904694 0.986232877 -28.987903595 0.012516463 0.999436736 0.026237283 -0.016766712
61.056140 48.985935211 0.986265779 -28.988483429 0.013092668 0.999430954 0.025809180 -0.017327892
61.159760 48.985889435 0.986289501 -28.989139557 0.013214756 0.999450028 0.024826061 -0.017570041
61.263370 48.985912323 0.986315966 -28.989711761 0.013280645 0.999443591 0.024847971 -0.017853610
61.366980 48.985908508 0.986339509 -28.990278244 0.013313975 0.999405205 0.026115419 -0.018163694
61.470630 48.985939026 0.986362696 -28.990783691 0.013538039 0.999420226 0.025800468 -0.017616179
61.574220 48.985931396 0.986365139 -28.991453171 0.014495349 0.999405146 0.025524763 -0.018105216
61.677850 48.985935211 0.986350536 -28.992042542 0.016151970 0.999401748 0.024737004 -0.017982451
61.784120 48.985935211 0.986380816 -28.992679596 0.015801227 0.999395847 0.025202012 -0.017975105
61.885240 48.986026764 0.986485898 -28.993190765 0.014536043 0.999387205 0.025693392 -0.018808061
61.988910 48.985893250 0.986485660 -28.993961334 0.014879945 0.999357522 0.027217263 -0.017952055
62.092420 48.985996246 0.986543655 -28.994441986 0.014289472 0.999344468 0.027783837 -0.018288009
62.196570 48.985897064 0.986571550 -28.995159149 0.013493953 0.999378622 0.027427197 -0.017549163
62.300010 48.985885620 0.986583650 -28.995731354 0.012808249 0.999391079 0.027098330 -0.017865466
62.403410 48.985877991 0.986609042 -28.996456146 0.013389803 0.999396622 0.026824882 -0.017536817
62.507020 48.985881805 0.986644626 -28.997087479 0.013013679 0.999399364 0.026730137 -0.017804999
62.611050 48.985904694 0.986676097 -28.997674942 0.013501891 0.999407709 0.026422268 -0.017427923
62.714120 48.985984802 0.986740053 -28.998165131 0.012447434 0.999451399 0.025234735 -0.017468987
62.817730 48.985946655 0.986742854 -28.998935699 0.013491287 0.999447107 0.025133280 -0.017082142
62.921550 48.985958099 0.986778319 -28.999610901 0.013545664 0.999450803 0.024998447 -0.017020835
63.024960 48.985988617 0.986822069 -29.000293732 0.013521125 0.999442756 0.025562549 -0.016671417
63.128570 48.986118317 0.986873209 -29.000886917 0.014798720 0.999414623 0.026085695 -0.016460799
63.232210 48.986137390 0.986861646 -29.001813889 0.013761404 0.999438226 0.025829051 -0.016329179
63.335690 48.986053467 0.986897886 -29.002740860 0.012992438 0.999451637 0.026423458 -0.015145582
63.439300 48.986034393 0.986897707 -29.003385544 0.013665414 0.999442756 0.026620701 -0.014790390
63.542910 48.986053467 0.986983180 -29.004219055 0.013318046 0.999457479 0.026321379 -0.014648947
63.646520 48.986030579 0.987004280 -29.004892349 0.014532027 0.999455690 0.025926713 -0.014315242
63.750030 48.986072540 0.987053454 -29.005842209 0.013920173 0.999500811 0.024988858 -0.013411478
63.853630 48.985996246 0.987119555 -29.007078171 0.014288540 0.999537230 0.024073148 -0.011901833
63.957240 48.986019135 0.987166524 -29.007795334 0.013607758 0.999584973 0.022810047 -0.011154112
64.060730 48.985851288 0.987189412 -29.008666992 0.013639287 0.999604464 0.022503125 -0.009923470
64.164350 48.985668182 0.987263918 -29.009197235 0.013868536 0.999595821 0.023133310 -0.008986694
64.267970 48.985462189 0.987401724 -29.010074615 0.014369139 0.999581218 0.023762289 -0.008144225
64.371580 48.985088348 0.987583995 -29.011253357 0.012649652 0.999647915 0.022275224 -0.006922109
64.475200 48.984840393 0.987540901 -29.011972427 0.011466414 0.999681532 0.021506600 -0.006546729
64.578710 48.984394073 0.987498164 -29.012315750 0.013569983 0.999659300 0.021611514 -0.005477706
64.682580 48.983634949 0.987782121 -29.012569427 0.014870999 0.999655604 0.021214759 -0.004189613
64.785940 48.983119965 0.987843394 -29.012521744 0.015282052 0.999646306 0.021457847 -0.003649330
64.889620 48.982742310 0.987892509 -29.012512207 0.014915671 0.999656677 0.021286581 -0.003306847
64.993150 48.982440948 0.987888694 -29.012611389 0.015295537 0.999634624 0.022098528 -0.002879171
65.096770 48.982952118 0.987810135 -29.013971329 0.014488211 0.999637842 0.022449076 -0.003227182
65.200410 48.983108521 0.987845898 -29.015829086 0.014713023 0.999621212 0.023157209 -0.002158451
65.304130 48.983509064 0.987797260 -29.017030716 0.015348399 0.999586642 0.024204761 -0.002241614
65.407740 48.983852386 0.987751484 -29.018014908 0.015611954 0.999563456 0.024981149 -0.002246022
65.511370 48.983863831 0.987728715 -29.018491745 0.016583648 0.999538839 0.025358630 -0.001997625
65.614970 48.983932495 0.987699986 -29.019144058 0.016333442 0.999574423 0.024093207 -0.001943872
65.719300 48.984272003 0.987771273 -29.019603729 0.016899660 0.999622524 0.021476321 -0.002827490
65.822450 48.984527588 0.987708211 -29.020418167 0.017220328 0.999671459 0.018746044 -0.002997189
65.926080 48.984371185 0.987843335 -29.021921158 0.016958334 0.999706745 0.017223209 -0.001465218
66.029810 48.984489441 0.987856030 -29.023111343 0.016574338 0.999695659 0.018246956 -0.000981407
66.133430 48.984790802 0.987675786 -29.023935318 0.018506320 0.999616027 0.020605730 -0.000844464
66.237180 48.985622406 0.987907410 -29.023979187 0.015886346 0.999662697 0.020224344 -0.003625204
66.340900 48.985851288 0.987928510 -29.024332047 0.015549687 0.999641895 0.021366898 -0.004215024
66.444520 48.986118317 0.987951040 -29.024713516 0.014430425 0.999652624 0.021334762 -0.005590103
66.548250 48.986347198 0.988121629 -29.025161743 0.014016866 0.999681950 0.020190278 -0.005645494
66.651880 48.986740112 0.987804890 -29.025608063 0.015727187 0.999634981 0.021085389 -0.006159571
66.755490 48.986980438 0.987704158 -29.026952744 0.016194003 0.999622583 0.021353958 -0.006040625
66.859100 48.987815857 0.987649083 -29.027574539 0.016227746 0.999629200 0.020379389 -0.007923227
66.962720 48.988636017 0.987599373 -29.028045654 0.015665153 0.999630332 0.019872339 -0.009942253
67.066340 48.989372253 0.987278342 -29.028236389 0.016805215 0.999554634 0.021845996 -0.011437470
67.169960 48.990051270 0.987325191 -29.028810501 0.016306054 0.999550641 0.021840751 -0.012471825
67.273570 48.990837097 0.987373233 -29.028867722 0.016036579 0.999536097 0.021367017 -0.014623181
67.377190 48.989891052 0.987218142 -29.030357361 0.016692659 0.999548018 0.022165651 -0.011566433
67.480800 48.989429474 0.987491727 -29.031555176 0.017117565 0.999584436 0.020843314 -0.010171575
67.584290 48.988876343 0.987671018 -29.032773972 0.016939782 0.999624491 0.019798465 -0.008479677
67.687910 48.988880157 0.987781644 -29.033323288 0.017024722 0.999643147 0.018805612 -0.008371995
67.791520 48.989051819 0.987749696 -29.034229279 0.017072797 0.999641120 0.018772557 -0.008584607
67.895140 48.989223480 0.987641692 -29.034944534 0.016438197 0.999644220 0.019126911 -0.008680999
67.998740 48.989715576 0.987440348 -29.035503387 0.017452925 0.999582946 0.020880109 -0.009659326
68.102260 48.989852905 0.987547278 -29.036182404 0.017941212 0.999583006 0.020368291 -0.009853570
68.205860 48.989814758 0.987613320 -29.036853790 0.017684782 0.999605536 0.019612283 -0.009553502
68.309500 48.989517212 0.987590075 -29.037929535 0.017992735 0.999608099 0.019806879 -0.008222381
68.412960 48.989227295 0.987553239 -29.038799286 0.017223192 0.999628782 0.019794406 -0.007333058
68.516600 48.988834381 0.987662196 -29.040010452 0.017122226 0.999657035 0.018801004 -0.006255019
68.620200 48.988815308 0.987481833 -29.040887833 0.016607415 0.999680996 0.018120347 -0.005810540
68.723700 48.988658905 0.987488985 -29.041637421 0.016589839 0.999698639 0.017344067 -0.005157989
68.827300 48.988475800 0.987508774 -29.042491913 0.016480919 0.999694407 0.017837627 -0.004616622
68.930920 48.988933563 0.987951219 -29.042980194 0.017542226 0.999680102 0.017310599 -0.005681376
69.034420 48.988899231 0.988151968 -29.043777466 0.016700393 0.999702632 0.016987920 -0.005213259
69.138040 48.989021301 0.987904131 -29.044736862 0.016939806 0.999691248 0.017362576 -0.005388077
69.241640 48.989292145 0.987883389 -29.045532227 0.016535720 0.999705076 0.016822983 -0.005774676
69.345250 48.989742279 0.987797022 -29.045909882 0.016606653 0.999699056 0.016596619 -0.007113529
69.448870 48.989913940 0.987839401 -29.046741486 0.016351741 0.999717534 0.015691489 -0.007156515
69.552530 48.990077972 0.987736225 -29.047595978 0.016681882 0.999704003 0.016105054 -0.007364116
69.656100 48.990257263 0.987874985 -29.048267365 0.016951535 0.999697030 0.016150365 -0.007595637
69.759720 48.990131378 0.987865925 -29.049472809 0.017573122 0.999681652 0.016848126 -0.006626264
69.863330 48.990612030 0.987921774 -29.049919128 0.016763179 0.999693930 0.016391125 -0.007898356
69.966820 48.990875244 0.987917900 -29.050590515 0.016472451 0.999693811 0.016412053 -0.008458622
70.070460 48.991077423 0.987874746 -29.051410675 0.016395558 0.999701023 0.015954981 -0.008631387
70.174050 48.991012573 0.987778485 -29.052030563 0.016641568 0.999691606 0.016393315 -0.008423530
70.277680 48.991188049 0.987717450 -29.052686691 0.016764307 0.999681175 0.016738888 -0.008735124
70.381410 48.991607666 0.987682521 -29.053352356 0.016371034 0.999681115 0.016617918 -0.009669687
70.485050 48.991844177 0.987643898 -29.054210663 0.016683411 0.999679089 0.016280077 -0.009916482
70.588760 48.992366791 0.987514734 -29.054832458 0.017196085 0.999661744 0.016120121 -0.010995740
70.692380 48.992713928 0.987504125 -29.055410385 0.017634939 0.999654830 0.015739655 -0.011470395
70.795990 48.992797852 0.987440765 -29.056118011 0.017388867 0.999664664 0.015402786 -0.011440801
70.899760 48.992900848 0.987425029 -29.056720734 0.017353324 0.999674797 0.014770271 -0.011445436
71.003350 48.993152618 0.987390161 -29.057470322 0.016775891 0.999692678 0.013916388 -0.011812134
71.107200 48.993293762 0.987353027 -29.058395386 0.016401527 0.999694884 0.014135926 -0.011886854
71.210820 48.993751526 0.987219334 -29.059017181 0.016018167 0.999685168 0.014574186 -0.012672002
71.314340 48.994064331 0.987159967 -29.059667587 0.015855094 0.999672294 0.015067003 -0.013298122
71.418080 48.994190216 0.987113476 -29.060367584 0.015815400 0.999669075 0.015188285 -0.013452916
71.521800 48.994106293 0.987202883 -29.061223984 0.015916565 0.999676764 0.015182840 -0.012748336
71.625410 48.994205475 0.987237215 -29.061954498 0.015954481 0.999675632 0.015268062 -0.012683766
71.729150 48.994277954 0.987216294 -29.062629700 0.016437910 0.999673784 0.014946996 -0.012599233
71.832900 48.994361877 0.987203419 -29.063396454 0.016759071 0.999667048 0.015060799 -0.012571095
71.936530 48.994495392 0.987237811 -29.064126968 0.017393349 0.999656320 0.015040635 -0.012590260
72.040250 48.994613647 0.987267733 -29.064836502 0.017462999 0.999667168 0.014193316 -0.012614475
72.143990 48.994640350 0.987232387 -29.065494537 0.017302584 0.999675274 0.014069080 -0.012327077
72.247600 48.994701385 0.987242639 -29.066068649 0.017206620 0.999686122 0.013572296 -0.012138305
72.351370 48.994743347 0.987263143 -29.066846848 0.017722553 0.999690950 0.012670140 -0.011971675
72.454960 48.994995117 0.987300336 -29.067758560 0.018104730 0.999683380 0.012440405 -0.012270989
72.558610 48.995250702 0.987269282 -29.068374634 0.017859994 0.999681175 0.012534402 -0.012704211
72.662320 48.995788574 0.987161636 -29.069074631 0.017614540 0.999660432 0.013059724 -0.014077568
72.766060 48.996253967 0.987162650 -29.069862366 0.017567648 0.999650359 0.012600793 -0.015220616
72.869690 48.996520996 0.987159610 -29.070318222 0.017045800 0.999661505 0.011707486 -0.015787775
72.973420 48.996974945 0.987076283 -29.071159363 0.017091380 0.999641359 0.011367242 -0.017200578
73.077160 48.997428894 0.987027109 -29.072153091 0.017124187 0.999619544 0.011264717 -0.018456914
73.180810 48.997726440 0.986852705 -29.072542191 0.017301366 0.999600112 0.011822263 -0.018988207
73.284400 48.998088837 0.986888289 -29.073059082 0.016982861 0.999582052 0.012361730 -0.019863253
73.388130 48.998512268 0.986688972 -29.073839188 0.016783508 0.999558210 0.012750135 -0.020956261
73.491740 48.998813629 0.986695111 -29.074617386 0.017322375 0.999539375 0.012528365 -0.021540288
73.595360 48.999027252 0.986589432 -29.075258255 0.016773012 0.999536991 0.013052429 -0.021773323
73.698980 48.999816895 0.986663759 -29.076168060 0.017042886 0.999487758 0.012424540 -0.024069030
73.802720 48.999828339 0.986371160 -29.077049255 0.017253818 0.999466300 0.013497131 -0.024234166
73.906330 48.998821259 0.986885965 -29.077434540 0.016782288 0.999577165 0.012075061 -0.020446759
74.010090 48.998996735 0.986831486 -29.078264236 0.016827093 0.999559462 0.012697938 -0.020891238
74.113680 48.999221802 0.986691296 -29.079036713 0.017338006 0.999527156 0.013409937 -0.021562725
74.217430 48.999961853 0.986707270 -29.079683304 0.017253671 0.999481142 0.013702249 -0.023494730
74.321040 48.999618530 0.986665428 -29.080339432 0.017567871 0.999500930 0.013967235 -0.022230526
74.424700 48.999595642 0.986600757 -29.081100464 0.017385436 0.999507844 0.014095863 -0.021980088
74.528420 49.000011444 0.986566901 -29.081789017 0.017227490 0.999486566 0.014188235 -0.022989588
74.632010 49.000209808 0.986566007 -29.082563400 0.017131630 0.999481559 0.013865900 -0.023471067
74.735780 49.000354767 0.986865342 -29.083398819 0.017109679 0.999487758 0.012624466 -0.023918394
74.839370 49.000209808 0.986874223 -29.084026337 0.017215803 0.999503970 0.012466185 -0.023237895
74.942980 49.000251770 0.986886621 -29.084863663 0.016998246 0.999502599 0.012669126 -0.023346515
75.046740 49.000144958 0.986880362 -29.085557938 0.016835446 0.999507964 0.013056181 -0.023020348
75.150340 49.000808716 0.986956000 -29.086299896 0.016751939 0.999459624 0.012784811 -0.025227008
75.253960 49.001453400 0.987033427 -29.087177277 0.016485518 0.999394059 0.013118543 -0.027706346
75.357700 49.001873016 0.987084806 -29.087614059 0.016827896 0.999347985 0.013403831 -0.028994942
75.461430 49.002567291 0.987167716 -29.088283539 0.017081968 0.999273479 0.013251364 -0.031386115
75.565050 49.003189087 0.986985624 -29.089723587 0.016560575 0.999166071 0.014103979 -0.034554675
75.668790 49.003627777 0.986918569 -29.090847015 0.016442548 0.999100268 0.013964592 -0.036514968
75.772410 49.002452850 0.987089574 -29.090791702 0.016164970 0.999273539 0.013486756 -0.031767108
75.876160 49.002380371 0.986937821 -29.091499329 0.016178487 0.999259651 0.014856695 -0.031586502
75.979760 49.002086639 0.986961186 -29.091848373 0.016328676 0.999308765 0.014487556 -0.030091517
76.083250 49.001937866 0.986958027 -29.092453003 0.016516233 0.999335885 0.013673129 -0.029463038
76.186870 49.002304077 0.986808717 -29.093305588 0.016992014 0.999281704 0.014379115 -0.030668560
76.290480 49.002761841 0.987087667 -29.093917847 0.017780049 0.999239087 0.013963387 -0.031782568
76.394100 49.002426147 0.987087846 -29.094345093 0.018452678 0.999267936 0.014684916 -0.030123657
76.497610 49.002700806 0.987245560 -29.095401764 0.017931217 0.999249279 0.013804450 -0.031445891
76.601210 49.002883911 0.987220228 -29.096183777 0.017852120 0.999234140 0.013441117 -0.032121811
76.704860 49.002922058 0.987092912 -29.096759796 0.018188693 0.999233067 0.013502723 -0.031940047
76.808450 49.002880096 0.987044394 -29.097366333 0.017925337 0.999239802 0.014225748 -0.031561013
76.911950 49.003170013 0.986916244 -29.098207474 0.018165246 0.999182284 0.015534186 -0.032610390
77.015550 49.003021240 0.987039328 -29.098825455 0.018257566 0.999205589 0.015524829 -0.031840887
77.119180 49.003273010 0.986943722 -29.099493027 0.018131046 0.999172211 0.016347896 -0.032540806
77.222770 49.003547668 0.986973226 -29.100219727 0.018105563 0.999148846 0.016037434 -0.033416089
77.326390 49.003765106 0.986917734 -29.101005554 0.018125068 0.999137223 0.014857998 -0.034285910
77.430010 49.003997803 0.986867249 -29.101776123 0.018157898 0.999125481 0.013981747 -0.034971554
77.533630 49.003948212 0.986885250 -29.102348328 0.018326813 0.999135196 0.014248745 -0.034495719
77.637240 49.003860474 0.986929655 -29.103122711 0.018040488 0.999131083 0.015700972 -0.034133688
77.740860 49.004169464 0.986807823 -29.103797913 0.018210925 0.999054372 0.018038655 -0.035119068
77.844470 49.004562378 0.986749113 -29.104661942 0.018113382 0.998990417 0.018579680 -0.036671653
77.948260 49.004577637 0.986908793 -29.105216980 0.017586043 0.999035001 0.016999034 -0.036480278
78.051830 49.004665375 0.986817420 -29.105840683 0.017620038 0.999039292 0.016669529 -0.036498379
78.155450 49.004726410 0.986794353 -29.106559753 0.018668963 0.999023378 0.016383825 -0.036542084
78.259190 49.004787445 0.986783147 -29.107215881 0.018822968 0.999009430 0.016838692 -0.036636923
78.362800 49.004924774 0.986771643 -29.107900620 0.018205700 0.998991847 0.017571956 -0.037080843
78.466420 49.005008698 0.986727059 -29.108562469 0.017743848 0.998965025 0.018411105 -0.037617020
78.570050 49.005100250 0.986806929 -29.109258652 0.017039701 0.998936236 0.018600069 -0.038601536
78.673770 49.005500793 0.986748934 -29.109979630 0.016867777 0.998836040 0.019539470 -0.040745940
78.777380 49.005569458 0.986692786 -29.110702515 0.017133879 0.998775303 0.020136705 -0.041818805
78.881010 49.005683899 0.986755311 -29.111375809 0.017203782 0.998743892 0.019387148 -0.042880848
78.984610 49.005485535 0.986722171 -29.111991882 0.017036006 0.998758137 0.019224420 -0.042688910
79.088250 49.005504608 0.986826241 -29.112668991 0.016712755 0.998736322 0.018917469 -0.043456640
79.191840 49.005577087 0.986738026 -29.113327026 0.016438922 0.998695254 0.019398199 -0.044285946
79.295580 49.005714417 0.986820459 -29.113969803 0.016448371 0.998644531 0.019586684 -0.045330748
79.399200 49.005973816 0.986680865 -29.114788055 0.017169816 0.998537660 0.020200077 -0.047114309
79.502830 49.006149292 0.986716926 -29.115465164 0.017286047 0.998481989 0.019642735 -0.048467252
79.606430 49.006103516 0.986686885 -29.116052628 0.017175168 0.998466015 0.019736420 -0.048796080
79.710070 49.006069183 0.986648321 -29.116714478 0.017429801 0.998427033 0.020117605 -0.049345493
79.813790 49.005878448 0.986728191 -29.117439270 0.017440744 0.998415172 0.019788161 -0.049713336
79.917400 49.005851746 0.986651659 -29.118049622 0.017019335 0.998346508 0.020839937 -0.050796021
80.021040 49.005836487 0.986698151 -29.118638992 0.016576303 0.998274326 0.021230699 -0.052180797
80.124630 49.005790710 0.986733913 -29.119363785 0.016040487 0.998197258 0.021740550 -0.053593062
80.228390 49.005851746 0.986742496 -29.120019913 0.015953364 0.998081446 0.022026811 -0.055621535
80.331990 49.006488800 0.986875772 -29.120872498 0.016237343 0.997817278 0.021541219 -0.060273439
80.435600 49.006919861 0.986697197 -29.121673584 0.016117355 0.997578979 0.022454228 -0.063813232
80.539350 49.006671906 0.986941099 -29.122215271 0.015623211 0.997574627 0.021308770 -0.064394824
80.642960 49.006713867 0.986869216 -29.122882843 0.015281379 0.997434795 0.021569459 -0.066521116
80.746700 49.006622314 0.986954331 -29.123550415 0.014635034 0.997343779 0.021342047 -0.068085395
80.850320 49.006595612 0.986964822 -29.124185562 0.015085900 0.997206986 0.021544840 -0.069903217
80.954060 49.006580353 0.987001777 -29.124799728 0.015813153 0.997065306 0.022218281 -0.071533725
81.057690 49.006687164 0.986969829 -29.125505447 0.015898958 0.996895790 0.023056602 -0.073582731
81.161430 49.006916046 0.986933470 -29.126220703 0.015885705 0.996689618 0.023375196 -0.076230295
81.265030 49.007091522 0.986900210 -29.126897812 0.015696924 0.996516347 0.023475057 -0.078471102
81.368770 49.006801605 0.986961603 -29.127498627 0.015366632 0.996498942 0.023564933 -0.078730054
81.472390 49.006816864 0.986983061 -29.128124237 0.015564885 0.996374965 0.023778841 -0.080182530
81.576000 49.006919861 0.986973286 -29.128807068 0.016136758 0.996239007 0.023579808 -0.081801474
81.679610 49.006858826 0.986899495 -29.129417419 0.017062332 0.996168315 0.024181670 -0.082297064
81.783110 49.006973267 0.987007141 -29.130083084 0.017631989 0.996073604 0.023119889 -0.083618380
81.886720 49.006870270 0.986983538 -29.130781174 0.017554007 0.996035039 0.022573538 -0.084241077
81.990350 49.006805420 0.986971140 -29.131423950 0.016983286 0.996004045 0.022312129 -0.084791675
82.093950 49.006908417 0.986945868 -29.132064819 0.016767047 0.995893002 0.022431735 -0.086097792
82.197580 49.006958008 0.986921489 -29.132766724 0.016931102 0.995782256 0.022354845 -0.087357223
82.301180 49.006900787 0.986986458 -29.133331299 0.017014544 0.995772421 0.021566477 -0.087650597
82.404920 49.006893158 0.986931384 -29.134050369 0.017310821 0.995677173 0.022462396 -0.088446200
82.508540 49.006881714 0.987021625 -29.134654999 0.017148076 0.995647371 0.022427177 -0.088821977
82.612160 49.006923676 0.987058520 -29.135265350 0.017064707 0.995611370 0.021861078 -0.089380711
82.715890 49.007057190 0.986985922 -29.135963440 0.016959518 0.995509386 0.022857081 -0.090282954
82.819520 49.006984711 0.987035871 -29.136589050 0.017002696 0.995539367 0.023030980 -0.089899115
82.923130 49.006740570 0.987034917 -29.137199402 0.017651780 0.995589614 0.024326919 -0.088870466
83.026880 49.006641388 0.987032890 -29.137775421 0.018320922 0.995620310 0.026441319 -0.087780207
83.130480 49.006828308 0.987096071 -29.138465881 0.018690461 0.995540321 0.027382415 -0.088319771
83.234220 49.006893158 0.987132430 -29.139087677 0.018326532 0.995555937 0.027445154 -0.088200137
83.337860 49.007038116 0.987171292 -29.139715195 0.018007504 0.995619833 0.024891611 -0.088302150
83.441640 49.006660461 0.987125576 -29.140373230 0.018128457 0.995878816 0.022235446 -0.086036958
83.545230 49.006538391 0.987151086 -29.140968323 0.019155167 0.996032357 0.020995436 -0.084331386
83.648840 49.006565094 0.987157106 -29.141586304 0.020560674 0.996051431 0.022750800 -0.083313629
83.752550 49.006610870 0.987114072 -29.142181396 0.020656601 0.996094584 0.024129914 -0.082381174
83.856290 49.006553650 0.987164497 -29.142877579 0.020423725 0.996147752 0.025193401 -0.081472985
83.960030 49.006565094 0.987132072 -29.143497467 0.019985406 0.996166527 0.026702516 -0.080869161
84.063650 49.006572723 0.987143278 -29.144163132 0.020269144 0.996204138 0.026123723 -0.080523275
84.167410 49.006565094 0.987152338 -29.144739151 0.021237481 0.996229053 0.026087493 -0.079975836
84.271000 49.006473541 0.987140298 -29.145401001 0.021642599 0.996250331 0.027153218 -0.079243667
84.375100 49.006389618 0.987172842 -29.145996094 0.020647528 0.996321559 0.027479703 -0.078497641
84.478430 49.006347656 0.987195730 -29.146577835 0.019438842 0.996348739 0.027753543 -0.078364633
84.582130 49.006294250 0.987187386 -29.147161484 0.018556874 0.996373951 0.027483938 -0.078352951
84.685720 49.006233215 0.987229466 -29.147884369 0.017799404 0.996378064 0.027317530 -0.078534551
84.789410 49.006336212 0.987166762 -29.148532867 0.017314658 0.996278644 0.028298652 -0.079550304
84.893170 49.006408691 0.987151504 -29.149181366 0.017408816 0.996187270 0.028901329 -0.080452748
84.996840 49.006393433 0.987213492 -29.149761200 0.017708475 0.996166468 0.028659008 -0.080730885
85.100490 49.006202698 0.987230539 -29.150323868 0.017745866 0.996227443 0.028478412 -0.080031231
85.204070 49.006111145 0.987275720 -29.151020050 0.017792607 0.996195078 0.028380675 -0.080457233
85.307680 49.006179810 0.987298965 -29.151641846 0.017630514 0.996137440 0.027843751 -0.081388712
85.411440 49.006137848 0.987296462 -29.152259827 0.018228922 0.996106267 0.028202850 -0.081514820
85.515020 49.006023407 0.987303734 -29.152843475 0.018836524 0.996115923 0.028921088 -0.081004940
85.618780 49.005897522 0.987334490 -29.153478622 0.019260161 0.996101379 0.029845573 -0.080748580
85.723090 49.005836487 0.987332344 -29.154071808 0.019191170 0.996113539 0.030068621 -0.080531843
85.826500 49.005844116 0.987347126 -29.154689789 0.019697184 0.996068954 0.030402131 -0.080835447
85.929770 49.005821228 0.987378836 -29.155277252 0.018882444 0.996096551 0.030555207 -0.080631860
86.033690 49.005741119 0.987382889 -29.155918121 0.019004978 0.996081948 0.031145249 -0.080557451
86.137390 49.005775452 0.987389207 -29.156497955 0.019720759 0.996059537 0.031734139 -0.080432728
86.240760 49.005664825 0.987429619 -29.157100677 0.020406047 0.996144176 0.030673809 -0.079620682
86.344470 49.005596161 0.987459064 -29.157680511 0.020817256 0.996241331 0.029239003 -0.078834832
86.448450 49.005611420 0.987449408 -29.158359528 0.020656761 0.996240139 0.029274328 -0.078879125
86.551860 49.005603790 0.987457633 -29.158971786 0.020365952 0.996217370 0.031096118 -0.078544728
86.655630 49.005580902 0.987472296 -29.159557343 0.019637367 0.996230602 0.032246143 -0.078096792
86.759380 49.005634308 0.987474084 -29.160167694 0.019249229 0.996205091 0.032909475 -0.078241996
86.863010 49.005546570 0.987543344 -29.160808563 0.018713258 0.996232092 0.033867337 -0.077617742
86.966920 49.005535126 0.987576962 -29.161415100 0.018820740 0.996248186 0.033893570 -0.077372581
87.070550 49.005558014 0.987596869 -29.162017822 0.018309092 0.996285796 0.033328827 -0.077256329
87.174110 49.005535126 0.987616062 -29.162620544 0.018631259 0.996287882 0.033548214 -0.077057011
87.278320 49.005565643 0.987635136 -29.163202286 0.018782932 0.996256173 0.034480203 -0.077019006
87.381660 49.005397797 0.987689614 -29.163824081 0.018704273 0.996345520 0.033284210 -0.076405913
87.485350 49.005363464 0.987713218 -29.164430618 0.019488646 0.996327341 0.033171624 -0.076495834
87.588960 49.005393982 0.987745285 -29.164993286 0.020514132 0.996269226 0.033390582 -0.076888651
87.692700 49.005371094 0.987736821 -29.165580750 0.022300117 0.996205270 0.033319812 -0.077249311
87.796300 49.005256653 0.987789392 -29.166198730 0.023445945 0.996147215 0.034131847 -0.077304587
87.900120 49.005245209 0.987820745 -29.166788101 0.023980565 0.996053874 0.034905091 -0.077995017
88.003840 49.005241394 0.987859488 -29.167350769 0.023302672 0.996012807 0.035133660 -0.078619942
88.107400 49.005222321 0.987866521 -29.167926788 0.022185268 0.995981097 0.034974732 -0.079411551
88.211600 49.005237579 0.987907887 -29.168491364 0.020765472 0.995948315 0.034561075 -0.080382250
88.314960 49.005104065 0.987899542 -29.169105530 0.019905949 0.995932519 0.034746997 -0.080714554
88.418530 49.005119324 0.987928033 -29.169672012 0.019467510 0.995844483 0.035255872 -0.081680730
88.522330 49.005062103 0.987937689 -29.170244217 0.019560218 0.995765448 0.036087740 -0.082257047
88.625980 49.005043030 0.987991333 -29.170814514 0.018924594 0.995692015 0.036566351 -0.083079003
88.729780 49.004978180 0.988010168 -29.171428680 0.018269803 0.995594323 0.037300047 -0.084064551
88.833470 49.004936218 0.988035560 -29.171985626 0.017887793 0.995471835 0.038333856 -0.085125543
88.937260 49.004959106 0.988076329 -29.172534943 0.017976062 0.995329976 0.038851194 -0.086519837
89.040970 49.004894257 0.988089919 -29.173097610 0.019072877 0.995221972 0.039244935 -0.087345742
89.144560 49.004875183 0.988144636 -29.173671722 0.020483686 0.995072842 0.039669894 -0.088525385
89.248170 49.004825592 0.988167644 -29.174228668 0.022359211 0.994925261 0.040266652 -0.089456357
89.351910 49.004791260 0.988212824 -29.174785614 0.024007630 0.994795084 0.039989393 -0.090593755
89.455530 49.004703522 0.988276362 -29.175334930 0.025529547 0.994732738 0.039026335 -0.091279939
89.559150 49.004665375 0.988287568 -29.175899506 0.026978113 0.994565785 0.039230153 -0.092585653
89.662760 49.004615784 0.988309026 -29.176448822 0.028774695 0.994423747 0.039191533 -0.093581334
89.766510 49.004604340 0.988320470 -29.176971436 0.030501239 0.994255900 0.038924813 -0.094919063
89.870260 49.004558563 0.988335252 -29.177494049 0.031798854 0.994098306 0.038837973 -0.096172072
89.973980 49.004470825 0.988364339 -29.178047180 0.032891478 0.993935704 0.038779534 -0.097499475
90.077600 49.004447937 0.988379359 -29.178569794 0.034318250 0.993704498 0.039042220 -0.099243596
90.181340 49.004409790 0.988388777 -29.179084778 0.036125708 0.993453324 0.039325848 -0.100989200
90.285080 49.004299164 0.988468528 -29.179626465 0.037419271 0.993285298 0.038804475 -0.102363840
90.388820 49.004245758 0.988505006 -29.180131912 0.038797874 0.993053615 0.038787935 -0.104090050
90.492430 49.004219055 0.988534212 -29.180644989 0.039551307 0.992764235 0.038620133 -0.106598847
90.596170 49.004184723 0.988546968 -29.181127548 0.040057119 0.992393374 0.038990472 -0.109683804
90.699910 49.004085541 0.988571763 -29.181625366 0.040636629 0.991961598 0.039701052 -0.113069013
90.803530 49.004032135 0.988562346 -29.182113647 0.041459035 0.991438746 0.040265590 -0.117085315
90.907270 49.003971100 0.988614082 -29.182613373 0.041236512 0.990916133 0.040239394 -0.121513508
91.011010 49.003906250 0.988677502 -29.183094025 0.040341794 0.990336716 0.039912511 -0.126541510
91.114650 49.003787994 0.988712907 -29.183586121 0.039512303 0.989578068 0.039666310 -0.132667392
91.218370 49.003726959 0.988772154 -29.184059143 0.038978633 0.988594353 0.039254103 -0.140075043
91.322130 49.003639221 0.988784671 -29.184520721 0.039210591 0.987408817 0.039321378 -0.148122162
91.425850 49.003543854 0.988826036 -29.184999466 0.040038336 0.986070693 0.039265592 -0.156587735
91.529590 49.003494263 0.988864303 -29.185434341 0.041254018 0.984558702 0.039488941 -0.165477619
91.633230 49.003379822 0.988907516 -29.185886383 0.041806255 0.983008146 0.039514005 -0.174315378
91.736950 49.003322601 0.988940477 -29.186294556 0.042679556 0.981222749 0.039701592 -0.183859125
91.840690 49.003273010 0.988977432 -29.186695099 0.042730413 0.979318082 0.040057793 -0.193663508
91.944420 49.003013611 0.989035189 -29.187263489 0.042675648 0.977326035 0.039085440 -0.203678519
92.048160 49.002838135 0.989052415 -29.187694550 0.042766318 0.975113332 0.039093427 -0.214001805
92.151900 49.002674103 0.989110708 -29.188175201 0.043514609 0.972541273 0.039875839 -0.225121975
92.255650 49.002498627 0.989120841 -29.188623428 0.043996301 0.969745338 0.041195292 -0.236561209
92.359390 49.002346039 0.989177227 -29.189054489 0.044000536 0.966799438 0.041148271 -0.248333573
92.463120 49.002075195 0.989244759 -29.189424515 0.043370709 0.964046359 0.040894628 -0.258961737
92.566890 49.001880646 0.989278495 -29.189840317 0.042760983 0.960765839 0.040728211 -0.271001339
92.670480 49.001667023 0.989292264 -29.190288544 0.041707452 0.957131326 0.041111376 -0.283672303
92.774250 49.001407623 0.989376664 -29.190660477 0.041917831 0.953477800 0.040543668 -0.295768857
92.877970 49.001190186 0.989404202 -29.191068649 0.042323936 0.949255943 0.041518155 -0.308865726
92.981700 49.000896454 0.989448905 -29.191440582 0.042385742 0.944997728 0.043367222 -0.321406215
93.085450 49.000640869 0.989486337 -29.191835403 0.042162050 0.940391123 0.044985864 -0.334459573
93.189210 49.000347137 0.989533424 -29.192241669 0.042361464 0.935629725 0.044464350 -0.347599536
93.292930 49.000034332 0.989595056 -29.192546844 0.041713186 0.931218088 0.042698301 -0.359540939
93.396540 48.999736786 0.989638448 -29.192901611 0.041499030 0.926253319 0.042034905 -0.372244090
93.500280 48.999412537 0.989676714 -29.193265915 0.040758222 0.920949519 0.042096458 -0.385251343
93.604020 48.999080658 0.989731312 -29.193559647 0.041157659 0.915715218 0.041465200 -0.397557974
93.707670 48.998741150 0.989778996 -29.193885803 0.041111998 0.909922004 0.042277139 -0.410565943
93.811380 48.998394012 0.989814758 -29.194210052 0.040648088 0.903808296 0.042716090 -0.423855692
93.915120 48.998054504 0.989871025 -29.194477081 0.040448803 0.897762001 0.041797902 -0.436623663
94.018900 48.997657776 0.989916325 -29.194774628 0.040226255 0.891315043 0.040871527 -0.449743062
94.122480 48.997295380 0.989965677 -29.195064545 0.039901260 0.884724796 0.040745761 -0.462611824
94.226290 48.996913910 0.990008593 -29.195323944 0.040361948 0.877955914 0.041164789 -0.475257576
94.329830 48.996505737 0.990068197 -29.195598602 0.039933324 0.870937824 0.041764949 -0.487984002
94.433570 48.996200562 0.990090132 -29.195741653 -0.039049730 -0.864015460 -0.042501502 0.500146031
94.537200 48.995803833 0.990137100 -29.195964813 -0.038034193 -0.856933057 -0.041984104 0.512305081
94.640800 48.995399475 0.990191221 -29.196147919 -0.037649363 -0.849922657 -0.041814663 0.523894489
94.744540 48.994956970 0.990237951 -29.196369171 -0.037998922 -0.842636704 -0.041921742 0.535501659
94.848290 48.994625092 0.990266562 -29.196521759 -0.037551187 -0.835229218 -0.042124797 0.546998680
94.951890 48.994201660 0.990312815 -29.196678162 -0.037571635 -0.827777982 -0.041853294 0.558229566
95.055660 48.993778229 0.990357399 -29.196813583 -0.037112143 -0.820290804 -0.042290729 0.569172323
95.159370 48.993339539 0.990406036 -29.196968079 -0.036468446 -0.812514961 -0.041841656 0.580291986
95.263120 48.992897034 0.990444660 -29.197088242 -0.036062729 -0.804663241 -0.041351255 0.591190755
95.366730 48.992549896 0.990466118 -29.197273254 -0.035904728 -0.796353161 -0.041179627 0.602359295
95.470470 48.992095947 0.990510464 -29.197372437 -0.035730213 -0.788682759 -0.040560409 0.612419546
95.574090 48.991706848 0.990551472 -29.197477341 -0.035578515 -0.780762434 -0.040327448 0.622509360
95.677830 48.991268158 0.990598202 -29.197559357 -0.035669625 -0.772861481 -0.040580019 0.632270575
95.781570 48.990859985 0.990633965 -29.197645187 -0.035399530 -0.764699399 -0.040475037 0.642139792
95.885200 48.990352631 0.990673542 -29.197759628 -0.034836903 -0.756287336 -0.040001139 0.652085721
95.988800 48.989913940 0.990713596 -29.197818756 -0.033418726 -0.747853875 -0.039379932 0.661851168
96.092540 48.989479065 0.990751743 -29.197864532 -0.032171156 -0.739016354 -0.037964307 0.671847165
96.196160 48.988975525 0.990790844 -29.197919846 -0.031176914 -0.730030119 -0.037670970 0.681663394
96.299770 48.988533020 0.990825653 -29.197942734 -0.030161273 -0.720663726 -0.037940353 0.691588521
96.403410 48.988063812 0.990866184 -29.197965622 -0.029951219 -0.710962117 -0.038434003 0.701540232
96.507130 48.987575531 0.990907192 -29.197967529 -0.030320698 -0.701173604 -0.039236955 0.711264133
96.610910 48.987075806 0.990942955 -29.197956085 -0.030094897 -0.691190243 -0.039207853 0.720980644
96.714500 48.986610413 0.990982533 -29.197931290 -0.028844912 -0.680965900 -0.038151365 0.730751634
96.818220 48.986122131 0.991018772 -29.197893143 -0.028048847 -0.670678616 -0.037846085 0.740250707
96.921840 48.985675812 0.991052628 -29.197845459 -0.027879272 -0.660230458 -0.037774906 0.749594331
97.025580 48.985210419 0.991095543 -29.197780609 -0.027621349 -0.649465084 -0.037609987 0.758958280
97.129320 48.984676361 0.991144657 -29.197708130 -0.026997982 -0.638446152 -0.037784066 0.768264294
97.233060 48.984191895 0.991169930 -29.197607040 -0.026322654 -0.627212942 -0.037632700 0.777492642
97.336810 48.983722687 0.991208076 -29.197505951 -0.025413830 -0.615583658 -0.037068743 0.786788881
97.440420 48.983245850 0.991245747 -29.197376251 -0.024497397 -0.603765309 -0.037329279 0.795910716
97.544160 48.982742310 0.991273403 -29.197257996 -0.024163008 -0.591607332 -0.036950354 0.805016518
97.647900 48.982265472 0.991306782 -29.197111130 -0.023244902 -0.579464257 -0.037241247 0.813814402
97.751640 48.981796265 0.991343021 -29.196949005 -0.023016399 -0.567179978 -0.036736965 0.822452128
97.855250 48.981323242 0.991371155 -29.196805954 -0.022855017 -0.554479659 -0.037026837 0.831058919
97.958990 48.980861664 0.991405010 -29.196605682 -0.022408767 -0.542156935 -0.036855996 0.839169443
98.062740 48.980407715 0.991435051 -29.196405411 -0.021633485 -0.529428661 -0.036403634 0.847296953
98.166520 48.979946136 0.991447449 -29.196178436 -0.021188635 -0.516730249 -0.036123388 0.855123401
98.270110 48.979518890 0.991475582 -29.195945740 -0.019952051 -0.503864050 -0.035792742 0.862810433
98.373830 48.979076385 0.991504192 -29.195682526 -0.019825542 -0.491073251 -0.035142735 0.870183349
98.477450 48.978672028 0.991540670 -29.195417404 -0.019573778 -0.478159338 -0.035279449 0.877345920
98.581060 48.978229523 0.991577864 -29.195117950 -0.018808309 -0.464928627 -0.034776054 0.884464920
98.684800 48.977836609 0.991587400 -29.194839478 -0.017957173 -0.451482415 -0.034198768 0.891443551
98.788420 48.977409363 0.991614819 -29.194517136 -0.016647315 -0.438243657 -0.033244226 0.898086965
98.892150 48.977020264 0.991637945 -29.194200516 -0.015481272 -0.425014287 -0.032692328 0.904463589
98.995770 48.976623535 0.991660357 -29.193870544 -0.014734169 -0.411863118 -0.032349028 0.910552144
99.099510 48.976226807 0.991678715 -29.193508148 -0.014474366 -0.398856074 -0.032497492 0.916323245
99.203130 48.975849152 0.991698980 -29.193147659 -0.014348164 -0.385820806 -0.032572586 0.921886921
99.306750 48.975490570 0.991715193 -29.192783356 -0.013615482 -0.372762799 -0.032213833 0.927267373
99.410360 48.975109100 0.991739035 -29.192394257 -0.012525617 -0.359898090 -0.032148078 0.932353437
99.513970 48.974769592 0.991760969 -29.192012787 -0.012121363 -0.347351998 -0.031508815 0.937126935
99.617730 48.974418640 0.991775990 -29.191606522 -0.011545876 -0.335043460 -0.031313509 0.941611409
99.721330 48.974060059 0.991790533 -29.191162109 -0.011316867 -0.323296338 -0.030115658 0.945750713
99.825070 48.973747253 0.991806746 -29.190746307 -0.010496467 -0.311516255 -0.029059963 0.949738383
99.928690 48.973426819 0.991819620 -29.190301895 -0.009803280 -0.299845904 -0.029033551 0.953495324
100.032400 48.973098755 0.991832495 -29.189826965 -0.010403541 -0.288422942 -0.029000813 0.957007289
100.136200 48.972816467 0.991843820 -29.189393997 -0.009961462 -0.276940435 -0.030099912 0.960363865
100.239800 48.972526550 0.991853952 -29.188911438 -0.008870833 -0.266134769 -0.029013636 0.963458240
100.343500 48.972221375 0.991868734 -29.188430786 -0.008329321 -0.255755454 -0.028839795 0.966275334
100.447100 48.971923828 0.991880417 -29.187902451 -0.008221086 -0.246116057 -0.028157396 0.968796372
100.550800 48.971656799 0.991893888 -29.187404633 -0.008109592 -0.236915573 -0.027248241 0.971114218
100.654400 48.971401215 0.991899729 -29.186895370 -0.008039837 -0.228760406 -0.026557922 0.973087192
100.758000 48.971138000 0.991908908 -29.186376572 -0.007273548 -0.221038520 -0.025451919 0.974905789
100.861600 48.970893860 0.991919160 -29.185857773 -0.006468194 -0.213907272 -0.024259679 0.976531267
100.965200 48.970657349 0.991921127 -29.185333252 -0.005868909 -0.207164034 -0.023497166 0.978006423
101.068800 48.970417023 0.991926730 -29.184780121 -0.005784886 -0.200714007 -0.022579439 0.979372561
101.172400 48.970184326 0.991936922 -29.184253693 -0.005479008 -0.194767073 -0.021409534 0.980600536
101.276200 48.969970703 0.991937280 -29.183708191 -0.005319188 -0.189064384 -0.021565929 0.981713414
101.379800 48.969768524 0.991947532 -29.183181763 -0.004769891 -0.183676004 -0.022072338 0.982727408
101.483400 48.969551086 0.991947711 -29.182626724 -0.004855538 -0.178783402 -0.022016227 0.983630121
101.587000 48.969322205 0.991944492 -29.182037354 -0.005547149 -0.174511567 -0.022120820 0.984390974
101.690600 48.969123840 0.991952658 -29.181470871 -0.006063171 -0.171419799 -0.021424200 0.984946430
101.794300 48.968948364 0.991950393 -29.180913925 -0.005969185 -0.168768987 -0.021149511 0.985410631
101.897900 48.968715668 0.991955936 -29.180313110 -0.006161734 -0.165994480 -0.021005858 0.985883653
102.001600 48.968513489 0.991958916 -29.179742813 -0.006356439 -0.163238019 -0.021306910 0.986336172
102.105200 48.968318939 0.991963625 -29.179189682 -0.006318873 -0.160900041 -0.021949297 0.986706376
102.208900 48.968116760 0.991965890 -29.178562164 -0.006401314 -0.158742979 -0.021835819 0.987057686
102.312600 48.967926025 0.991972029 -29.178001404 -0.006563561 -0.157050744 -0.022135155 0.987320602
102.416200 48.967739105 0.991972208 -29.177413940 -0.006619781 -0.155603647 -0.022414850 0.987543046
102.520000 48.967548370 0.991972268 -29.176841736 -0.006267061 -0.154276580 -0.022463607 0.987752438
102.623600 48.967361450 0.991977334 -29.176263809 -0.006167376 -0.153259844 -0.022224007 0.987916768
102.727300 48.967140198 0.991981506 -29.175550461 -0.005873916 -0.152395427 -0.021403700 0.988070369
102.830900 48.966949463 0.991986036 -29.174972534 -0.005843800 -0.151760742 -0.021242369 0.988171697
102.934700 48.966766357 0.991982996 -29.174394608 -0.005789334 -0.151020989 -0.021433927 0.988281190
103.038300 48.966567993 0.991983771 -29.173809052 -0.006002013 -0.150394648 -0.021527499 0.988373399
103.142000 48.966377258 0.991983593 -29.173166275 -0.006527024 -0.149924666 -0.021183314 0.988448918
103.245700 48.966220856 0.991997123 -29.172645569 -0.006906634 -0.149518579 -0.021228522 0.988506854
103.349400 48.966014862 0.991995156 -29.171905518 -0.007234507 -0.148883536 -0.021409055 0.988596439
103.453000 48.965950012 0.992021382 -29.171306610 -0.007129033 -0.148861468 -0.021456065 0.988599539
103.556700 48.965835571 0.991962075 -29.170742035 -0.007074337 -0.148408249 -0.022030801 0.988655448
103.660300 48.965545654 0.992017567 -29.170196533 -0.006603905 -0.147307768 -0.021712167 0.988830268
103.764100 48.965274811 0.992021501 -29.169534683 -0.007205517 -0.146522805 -0.021903493 0.988938510
103.867700 48.965148926 0.992032766 -29.168998718 -0.007494282 -0.146088898 -0.022026809 0.988997817
103.971300 48.965003967 0.992005348 -29.168434143 -0.007626693 -0.145424843 -0.022344233 0.989087582
104.075100 48.964706421 0.992007136 -29.167652130 -0.006379650 -0.144518554 -0.022880016 0.989216924
104.178700 48.964519501 0.992014110 -29.167068481 -0.005364980 -0.143708304 -0.022887599 0.989340842
104.282300 48.964370728 0.992003500 -29.166503906 -0.004460718 -0.142969757 -0.022992494 0.989449918
104.386000 48.964172363 0.992008746 -29.165893555 -0.004067737 -0.142111510 -0.022658169 0.989582896
104.489800 48.964000702 0.992008984 -29.165264130 -0.003950287 -0.140978798 -0.022309346 0.989753306
104.593400 48.963825226 0.992011905 -29.164661407 -0.004426906 -0.139086455 -0.022170359 0.990022123
104.697300 48.963661194 0.992008924 -29.164110184 -0.004530724 -0.136560231 -0.022870267 0.990357399
104.800900 48.963516235 0.992009938 -29.163543701 -0.004277657 -0.133309767 -0.023203444 0.990793526
104.904600 48.963325500 0.992005765 -29.162910461 -0.004129946 -0.129278511 -0.023506653 0.991321087
105.008400 48.963176727 0.992005527 -29.162345886 -0.003648464 -0.124689713 -0.023889558 0.991901457
105.112100 48.963020325 0.992001534 -29.161754608 -0.003382617 -0.119440503 -0.023503255 0.992557347
105.215900 48.962882996 0.991997063 -29.161188126 -0.003729102 -0.113658033 -0.024160018 0.993219137
105.319400 48.962757111 0.991996646 -29.160625458 -0.003642798 -0.106767640 -0.024627835 0.993972301
105.423200 48.962638855 0.991987407 -29.160064697 -0.003366112 -0.099123158 -0.025049467 0.994754136
105.526900 48.962532043 0.991982698 -29.159503937 -0.002778728 -0.090758324 -0.024956038 0.995556355
105.630700 48.962421417 0.991978288 -29.158937454 -0.001382169 -0.081690744 -0.024977516 0.996343732
105.734400 48.962333679 0.991968274 -29.158397675 -0.000475277 -0.071927510 -0.024641156 0.997105300
105.838100 48.962257385 0.991962612 -29.157854080 0.000640931 -0.061589021 -0.024178673 0.997808456
105.941900 48.962200165 0.991950929 -29.157308578 0.001309246 -0.050694123 -0.023755835 0.998430789
106.045600 48.962142944 0.991940916 -29.156761169 0.001197790 -0.039126463 -0.023484997 0.998957515
106.149400 48.962097168 0.991931558 -29.156211853 0.001812132 -0.026746301 -0.022800220 0.999380529
106.253100 48.962066650 0.991920412 -29.155683517 0.002975680 -0.013274903 -0.022604780 0.999651909
106.357000 48.962062836 0.991908073 -29.155128479 0.003922271 0.000617826 -0.022008482 0.999749899
106.460800 48.962062836 0.991894543 -29.154605865 0.005328105 0.015048706 -0.021116260 0.999649584
106.564500 48.962081909 0.991880536 -29.154085159 0.006593317 0.029585941 -0.018990086 0.999360085
106.668200 48.962123871 0.991855502 -29.153438568 0.007592170 0.044215456 -0.018018274 0.998830676
106.771900 48.962177277 0.991836667 -29.152936935 0.008460043 0.059612978 -0.016018910 0.998057127
106.875700 48.962261200 0.991816282 -29.152322769 0.008557322 0.075318418 -0.015238922 0.997006357
106.979300 48.962345123 0.991798401 -29.151790619 0.008516065 0.091763899 -0.014505142 0.995638728
107.083200 48.962448120 0.991778374 -29.151279449 0.008829396 0.108857989 -0.013676450 0.993924022
107.186900 48.962593079 0.991751075 -29.150663376 0.009675080 0.126265496 -0.013820020 0.991852999
107.290500 48.962722778 0.991730213 -29.150157928 0.011452822 0.143913910 -0.014026869 0.989424527
107.394300 48.962898254 0.991706073 -29.149641037 0.013087564 0.161433607 -0.013018777 0.986710906
107.498000 48.963104248 0.991677761 -29.149024963 0.013782960 0.178621322 -0.011954125 0.983748734
107.601600 48.963306427 0.991649151 -29.148517609 0.014419489 0.196123153 -0.010889972 0.980412781
107.705400 48.963523865 0.991622388 -29.148017883 0.015534305 0.213674143 -0.010209047 0.976728141
107.809100 48.963794708 0.991591632 -29.147434235 0.015458939 0.231183290 -0.010073632 0.972735226
107.912800 48.964054108 0.991563618 -29.146957397 0.015877951 0.248678207 -0.010247000 0.968401790
108.016400 48.964355469 0.991527200 -29.146417618 0.016978063 0.266204745 -0.009386700 0.963721275
108.120200 48.964645386 0.991497517 -29.145940781 0.018913733 0.283414781 -0.009261206 0.958766162
108.223900 48.964969635 0.991463184 -29.145462036 0.020779541 0.300410926 -0.008021951 0.953549743
108.327600 48.965316772 0.991428018 -29.145000458 0.022051821 0.317225218 -0.007141188 0.948066950
108.431200 48.965656281 0.991386771 -29.144533157 0.023710866 0.334166050 -0.005806824 0.942197978
108.534900 48.966026306 0.991352797 -29.144107819 0.024779039 0.350871682 -0.005122035 0.936081648
108.638800 48.966419220 0.991308391 -29.143661499 0.026270999 0.367419928 -0.003983728 0.929675519
108.742600 48.966804504 0.991274357 -29.143264771 0.028255867 0.383384854 -0.003678252 0.923149049
108.845900 48.967239380 0.991229594 -29.142854691 0.030989779 0.398768127 -0.002964706 0.916523218
108.949700 48.967643738 0.991187453 -29.142463684 0.031908341 0.413521737 -0.001987831 0.909932792
109.053200 48.968120575 0.991143823 -29.142089844 0.032154057 0.427445650 -0.000258183 0.903469026
109.156900 48.968559265 0.991104960 -29.141712189 0.032981403 0.441264272 0.000955898 0.896770418
109.260500 48.969028473 0.991062045 -29.141382217 0.034151580 0.454607278 0.002013532 0.890034735
109.364400 48.969505310 0.991020441 -29.141042709 0.036406711 0.468073100 0.002823381 0.882934988
109.467900 48.969985962 0.990975499 -29.140724182 0.038694631 0.481336296 0.003021757 0.875676274
109.571600 48.970474243 0.990930319 -29.140426636 0.038520619 0.494906247 0.003396895 0.868085504
109.675300 48.971008301 0.990888238 -29.140119553 0.037013669 0.509034514 0.004426245 0.859938502
109.779100 48.971527100 0.990846634 -29.139844894 0.035070349 0.523749590 0.003970616 0.851140797
109.882700 48.972068787 0.990803719 -29.139581680 0.038515262 0.538409770 0.001957889 0.841800272
109.986400 48.972595215 0.990757942 -29.139343262 0.042870738 0.552769721 -0.001872154 0.832228422
110.090100 48.973159790 0.990708828 -29.139122009 0.044461042 0.566445112 -0.002496517 0.822895467
110.193900 48.973724365 0.990657330 -29.138916016 0.043327592 0.579799533 0.000104031 0.813606322
110.297600 48.974296570 0.990609884 -29.138734818 0.041751694 0.593137145 0.003689599 0.804009616
110.401400 48.974876404 0.990566254 -29.138568878 0.041960359 0.606505334 0.005907449 0.793949425
110.505100 48.975467682 0.990521193 -29.138425827 0.043596834 0.619773090 0.005690557 0.783548534
110.608900 48.976070404 0.990474701 -29.138305664 0.045867585 0.632566810 0.004790638 0.773131609
110.712500 48.976654053 0.990429163 -29.138191223 0.047291040 0.645581067 0.003523439 0.762217939
110.816200 48.977260590 0.990378141 -29.138120651 0.048421461 0.658004940 0.003345796 0.751447737
110.920000 48.977893829 0.990328312 -29.138027191 0.048369974 0.670686126 0.002506471 0.740158200
111.023600 48.978507996 0.990280390 -29.137981415 0.047842842 0.683050334 0.002932725 0.728796780
111.127300 48.979171753 0.990233660 -29.137941360 0.046717912 0.695200026 0.002154977 0.717293382
111.231000 48.979728699 0.990184784 -29.137950897 0.046609182 0.706718206 0.001559995 0.705956519
111.334700 48.980453491 0.990132093 -29.137929916 0.046861764 0.717733860 0.001557474 0.694737077
111.438400 48.981048584 0.990081310 -29.137985229 0.045955643 0.727956057 0.001407172 0.684080482
111.542000 48.981697083 0.990021229 -29.138057709 0.046017725 0.737464368 0.002131653 0.673813105
111.645800 48.982345581 0.989976645 -29.138130188 0.045246478 0.746366680 0.003121912 0.663987815
111.749400 48.982940674 0.989935398 -29.138256073 0.045231745 0.754388273 0.004416488 0.654853463
111.853000 48.983745575 0.989875317 -29.138404846 0.045746014 0.761739314 0.004736382 0.646249235
111.956600 48.984298706 0.989823818 -29.138582230 0.046428721 0.768041015 0.004963397 0.638696194
112.060200 48.984962463 0.989758253 -29.138776779 0.047510121 0.773619831 0.005235467 0.631844699
112.163800 48.985668182 0.989681721 -29.138973236 0.048276488 0.778652012 0.006343086 0.625563979
112.268400 48.986301422 0.989633322 -29.139232635 0.047802981 0.782794774 0.007921622 0.620390534
112.370900 48.986804962 0.989559174 -29.139490128 0.045996789 0.786904156 0.009355738 0.615287423
112.474600 48.987342834 0.989495039 -29.139919281 0.045779470 0.789356649 0.010074312 0.612142861
112.578200 48.987819672 0.989422798 -29.140281677 0.045788098 0.791862905 0.009948662 0.608898699
112.681700 48.988414764 0.989351988 -29.140724182 0.046325900 0.793175638 0.010590473 0.607136011
112.785600 48.988983154 0.989274740 -29.141162872 0.045120902 0.793462932 0.011522354 0.606834292
112.889800 48.989635468 0.989267707 -29.141620636 0.044702698 0.793210685 0.011775220 0.607190073
112.992400 48.990207672 0.989207506 -29.142127991 0.043441910 0.791751862 0.011812214 0.609181702
113.096000 48.990787506 0.989120722 -29.142650604 0.041876774 0.789971769 0.011799095 0.611597657
113.199600 48.991436005 0.989142179 -29.143024445 0.041604348 0.788943887 0.011998099 0.612937748
113.303200 48.992073059 0.989099383 -29.143510818 0.040217247 0.786824226 0.013145117 0.615725040
113.407300 48.992755890 0.988997102 -29.143802643 0.038770810 0.786327660 0.014193671 0.616428554
113.510500 48.993385315 0.988938689 -29.144008636 0.038113240 0.786595047 0.014303351 0.616125822
113.614200 48.994045258 0.988872528 -29.144268036 0.038102821 0.786293387 0.015045654 0.616493762
113.717900 48.994750977 0.988779306 -29.144500732 0.037399586 0.786347866 0.015153598 0.616464674
113.823800 48.995426178 0.988690019 -29.144878387 0.035762496 0.784967661 0.014301822 0.618338346
113.925200 48.996124268 0.988684535 -29.145160675 0.036254514 0.784533322 0.014686730 0.618851662
114.028800 48.996841431 0.988627136 -29.145454407 0.035138492 0.783846259 0.016620036 0.619737148
