1439803827.573836 -0.001663805 -0.002554939 0.047831155 0.002141365 -0.007467662 -0.003391091 0.999964058
1439803827.636336 -0.002707471 -0.003294690 0.063794352 0.002215498 -0.009004081 -0.004295263 0.999947786
1439803827.698838 -0.003330038 -0.004069043 0.080433249 0.002336809 -0.010446835 -0.004812677 0.999931097
1439803827.761337 -0.003681114 -0.005009261 0.098307610 0.002255782 -0.012034860 -0.005502377 0.999909878
1439803827.823840 -0.004345283 -0.005786435 0.115807511 0.001882370 -0.013129377 -0.006610896 0.999890208
1439803827.886341 -0.005131754 -0.006689758 0.130779311 0.001090424 -0.013880759 -0.007095919 0.999877870
1439803827.948845 -0.005685321 -0.007504155 0.148208708 0.000596102 -0.014522699 -0.007641274 0.999865174
1439803828.011343 -0.006396404 -0.008206847 0.165612951 0.000589655 -0.014682101 -0.008218251 0.999858260
1439803828.073845 -0.007021016 -0.009236461 0.182338342 0.000311462 -0.014622745 -0.008412973 0.999857605
1439803828.136347 -0.007746969 -0.010110424 0.200085089 0.000477348 -0.014475556 -0.008565711 0.999858439
1439803828.198847 -0.008137144 -0.011154575 0.218234584 0.000364016 -0.014520571 -0.008538323 0.999858022
1439803828.261349 -0.008815964 -0.012153045 0.235441431 0.000228228 -0.014370449 -0.008022401 0.999864519
1439803828.323852 -0.009570061 -0.012869650 0.253846139 0.000692652 -0.014226898 -0.008045477 0.999866188
1439803828.386352 -0.010001851 -0.013853163 0.272409290 0.001116481 -0.014328653 -0.007565268 0.999868095
1439803828.448852 -0.010419689 -0.014896376 0.291233659 0.001626314 -0.014534147 -0.006978448 0.999868691
1439803828.511353 -0.011595097 -0.015949285 0.307909548 0.001836646 -0.013940496 -0.006869336 0.999877512
1439803828.573854 -0.012226854 -0.017041091 0.326914936 0.002065590 -0.013825336 -0.006305605 0.999882400
1439803828.636357 -0.012955006 -0.017992496 0.346060574 0.002402069 -0.013783836 -0.005893130 0.999884784
1439803828.698856 -0.013284327 -0.019049395 0.365811557 0.002660290 -0.013908739 -0.005554901 0.999884307
1439803828.761358 -0.013397460 -0.020200511 0.383748025 0.002219493 -0.013885238 -0.004483780 0.999891102
1439803828.823860 -0.014456889 -0.020968877 0.403354615 0.002497378 -0.013615166 -0.002869404 0.999900043
1439803828.886360 -0.014485228 -0.022225730 0.421510369 0.002155683 -0.013694417 -0.002149526 0.999901593
1439803828.948866 -0.015250725 -0.023371555 0.441977799 0.002090184 -0.013723750 -0.002441554 0.999900639
1439803829.011364 -0.016081244 -0.024212491 0.461351305 0.002280765 -0.013405703 -0.002067798 0.999905407
1439803829.073868 -0.016317699 -0.025346592 0.481632918 0.002717036 -0.013476223 -0.001688961 0.999904096
1439803829.136365 -0.016876616 -0.026516397 0.501936078 0.003014052 -0.013550829 -0.000988301 0.999903142
1439803829.198867 -0.017496966 -0.027581424 0.522192717 0.002866079 -0.013694165 -0.000151242 0.999902129
1439803829.261369 -0.018362569 -0.028879376 0.540302813 0.002301568 -0.013269452 -0.000286274 0.999909282
1439803829.323870 -0.019143179 -0.029837815 0.560544550 0.002045521 -0.012764534 -0.000089638 0.999916434
1439803829.386371 -0.019337164 -0.030989336 0.581116438 0.001493895 -0.012730248 0.000645840 0.999917626
1439803829.448873 -0.019849986 -0.032053314 0.601577759 0.001112031 -0.012346075 0.000224434 0.999923170
1439803829.511374 -0.020513287 -0.033177204 0.622634590 0.000899078 -0.011718146 0.000131062 0.999930918
1439803829.573876 -0.020985341 -0.034287486 0.643565416 0.000859722 -0.010993013 -0.000132904 0.999939203
1439803829.636376 -0.021530474 -0.035369970 0.663476527 0.000342018 -0.010401655 0.000091420 0.999945819
1439803829.698878 -0.021614680 -0.036277037 0.684727728 -0.000318814 -0.010061914 0.000297310 0.999949276
1439803829.761380 -0.022790566 -0.037559237 0.705303252 -0.001298556 -0.009087997 0.000283712 0.999957800
1439803829.823881 -0.023281500 -0.038492367 0.726417363 -0.001628429 -0.008472377 0.000959267 0.999962330
1439803829.886381 -0.023548674 -0.039698645 0.747120440 -0.001594586 -0.008089647 0.001579739 0.999964774
1439803829.948881 -0.024085112 -0.040929154 0.768293083 -0.000547604 -0.007414280 0.001227629 0.999971628
1439803830.011383 -0.024231369 -0.042123217 0.789915502 0.001115962 -0.007131989 0.001031916 0.999973416
1439803830.073883 -0.024504066 -0.043609932 0.811751366 0.003215356 -0.006976598 0.001049502 0.999969959
1439803830.136385 -0.024935650 -0.044791996 0.832946181 0.005130699 -0.006992262 0.001638290 0.999961019
1439803830.198885 -0.025183536 -0.045852561 0.854521990 0.006316679 -0.007120392 0.001404305 0.999953687
1439803830.261384 -0.025826357 -0.047470599 0.876034558 0.006485664 -0.007154945 0.001438491 0.999952316
1439803830.323884 -0.026642704 -0.048703168 0.897781909 0.006326897 -0.007410650 0.001796218 0.999950886
1439803830.386386 -0.027209878 -0.049551412 0.919800043 0.006038427 -0.007615899 0.002010515 0.999950707
1439803830.448888 -0.027482536 -0.051205546 0.941554487 0.005374713 -0.007786177 0.002211785 0.999952793
1439803830.511389 -0.027665475 -0.052733064 0.963513970 0.004849536 -0.008119830 0.002424320 0.999952316
1439803830.573892 -0.028222512 -0.053927816 0.985256612 0.004988967 -0.008221857 0.002390533 0.999950886
1439803830.636390 -0.028765500 -0.055675179 1.007251740 0.004825149 -0.008395414 0.002611116 0.999949694
1439803830.698891 -0.029494338 -0.056712598 1.030578852 0.004978361 -0.008599997 0.002400277 0.999947727
1439803830.761392 -0.030033190 -0.058406144 1.052487135 0.004876508 -0.008668582 0.002162462 0.999948204
1439803830.823894 -0.030419696 -0.059811182 1.075108886 0.005081397 -0.008779086 0.002366954 0.999945760
1439803830.886395 -0.031178441 -0.061611257 1.097869277 0.005067503 -0.008753694 0.002608587 0.999945462
1439803830.948897 -0.031830035 -0.062638067 1.120025635 0.005291231 -0.008843983 0.002923705 0.999942660
1439803831.011400 -0.032553114 -0.063434310 1.142950892 0.005461089 -0.008793513 0.003160742 0.999941409
1439803831.073901 -0.033759154 -0.064693049 1.167001247 0.005103773 -0.008720038 0.003303829 0.999943495
1439803831.136401 -0.033179495 -0.066680633 1.188028932 0.004249359 -0.008976104 0.003455422 0.999944687
1439803831.198903 -0.033716716 -0.068156049 1.210731506 0.003967497 -0.008931176 0.003958330 0.999944389
1439803831.261404 -0.034534656 -0.069101945 1.234182596 0.004359609 -0.008702164 0.004426210 0.999942839
1439803831.323905 -0.034530859 -0.070789367 1.257569790 0.004599367 -0.008790466 0.004351925 0.999941349
1439803831.386411 -0.035319954 -0.072371379 1.280450463 0.004628944 -0.008667435 0.004485454 0.999941647
1439803831.448908 -0.035876017 -0.073691145 1.304155707 0.004420946 -0.009033189 0.004942781 0.999937236
1439803831.511410 -0.035793535 -0.075188585 1.326712132 0.003717295 -0.009613247 0.005043693 0.999934196
1439803831.573911 -0.036805600 -0.076203749 1.350347161 0.003160878 -0.009903358 0.005430246 0.999931216
1439803831.636412 -0.036790043 -0.077901386 1.373344541 0.002154395 -0.010382780 0.005750563 0.999927223
1439803831.698914 -0.037600607 -0.079055056 1.397125363 0.001768851 -0.010425581 0.005726490 0.999927700
1439803831.761415 -0.038559433 -0.080583513 1.421065092 0.001254542 -0.010462896 0.005996630 0.999926448
1439803831.823916 -0.039138172 -0.081833079 1.444776773 0.001217892 -0.010673791 0.006145279 0.999923408
1439803831.886419 -0.039628796 -0.083270669 1.468335152 0.001403099 -0.010951888 0.006159684 0.999920070
1439803831.948919 -0.040460184 -0.084653139 1.492692947 0.001722505 -0.011187678 0.006800507 0.999912798
1439803832.011419 -0.040819719 -0.085894726 1.515954733 0.002057246 -0.011641561 0.007642175 0.999900937
1439803832.073922 -0.041685872 -0.087016806 1.540420532 0.002633925 -0.011879074 0.007886201 0.999894857
1439803832.136423 -0.042530376 -0.088809840 1.564076185 0.002558503 -0.012059000 0.008037361 0.999891698
1439803832.198925 -0.043030720 -0.089765050 1.588996172 0.002698898 -0.012214898 0.008038317 0.999889433
1439803832.261426 -0.044169072 -0.091292098 1.612955093 0.002858091 -0.012188901 0.008220092 0.999887824
1439803832.323927 -0.044957083 -0.092735872 1.637340784 0.003089627 -0.012331966 0.008162262 0.999885857
1439803832.386428 -0.045308605 -0.094044663 1.661495924 0.003379896 -0.012528548 0.007961314 0.999884129
1439803832.448930 -0.045672368 -0.095279545 1.685558081 0.003822600 -0.012714354 0.007521894 0.999883592
1439803832.511430 -0.046264611 -0.097603001 1.710062385 0.003979399 -0.012948508 0.006981825 0.999883831
1439803832.573932 -0.047116362 -0.098987520 1.734235764 0.003809408 -0.013116941 0.006763111 0.999883831
1439803832.636434 -0.047951989 -0.100354075 1.758329153 0.003691524 -0.013382263 0.006438266 0.999882877
1439803832.698935 -0.048519559 -0.101859257 1.782217264 0.003315712 -0.013857068 0.005674403 0.999882400
1439803832.761436 -0.049769793 -0.103262112 1.807887435 0.002670950 -0.014230344 0.005530807 0.999879897
1439803832.823938 -0.050874792 -0.104757205 1.833334446 0.002717497 -0.014426054 0.006039729 0.999873996
1439803832.886439 -0.050695401 -0.106582455 1.856459618 0.002944646 -0.014927145 0.006509917 0.999863029
1439803832.948945 -0.052144080 -0.107884683 1.882285118 0.003795143 -0.015180830 0.006851927 0.999854088
1439803833.011446 -0.053253137 -0.109684967 1.906884909 0.005227179 -0.015462920 0.007623640 0.999837697
1439803833.073944 -0.053955790 -0.111472785 1.931893826 0.005859495 -0.016019620 0.008350489 0.999819636
1439803833.136445 -0.054934651 -0.113189429 1.956055284 0.005892543 -0.016367665 0.008322054 0.999814034
1439803833.198946 -0.055379707 -0.114546791 1.980044961 0.005615252 -0.016823558 0.008519867 0.999806404
1439803833.261447 -0.056552120 -0.116130516 2.005607367 0.004558791 -0.016835164 0.008387187 0.999812663
1439803833.323951 -0.057088554 -0.117768258 2.029238701 0.003382659 -0.016773783 0.007658788 0.999824226
1439803833.386451 -0.058679324 -0.119017802 2.054829836 0.002503995 -0.016444303 0.007225092 0.999835551
1439803833.448952 -0.060272068 -0.120501950 2.079697371 0.001976119 -0.016127987 0.007253623 0.999841690
1439803833.511453 -0.060800962 -0.122117721 2.103477716 0.001722610 -0.016050052 0.007280915 0.999843180
1439803833.573957 -0.061092585 -0.123575345 2.127064466 0.001873449 -0.015768530 0.007338585 0.999846995
1439803833.636455 -0.062183574 -0.125027850 2.152115822 0.002265268 -0.015495673 0.007931929 0.999845922
1439803833.698957 -0.062634803 -0.126330227 2.176635981 0.002937979 -0.015403616 0.008197184 0.999843419
1439803833.761459 -0.063053206 -0.127877310 2.200866222 0.003286991 -0.015189826 0.008302274 0.999844730
1439803833.823960 -0.064729452 -0.129353091 2.224887371 0.003261741 -0.014730474 0.008811180 0.999847353
1439803833.886462 -0.065521538 -0.131218031 2.248474836 0.003101167 -0.014540675 0.009426546 0.999845028
1439803833.948964 -0.066433720 -0.132818237 2.274336815 0.002829418 -0.014137027 0.009316506 0.999852657
1439803834.011464 -0.066769049 -0.134014070 2.298042297 0.002391071 -0.013939750 0.010271412 0.999847233
1439803834.073967 -0.067735441 -0.135780513 2.322372913 0.002063680 -0.013621843 0.010774675 0.999846995
1439803834.136467 -0.068663701 -0.137627631 2.346402407 0.001722482 -0.013368859 0.011433017 0.999843776
1439803834.198971 -0.068989046 -0.139384061 2.370189667 0.000625516 -0.013123887 0.010732336 0.999856114
1439803834.261469 -0.070207775 -0.140814885 2.394146919 -0.000732846 -0.012729404 0.009380789 0.999874711
1439803834.323971 -0.070043802 -0.140616104 2.417222738 -0.001264085 -0.012773845 0.009348610 0.999873936
1439803834.386474 -0.071049079 -0.142594665 2.440737247 -0.000918693 -0.012758520 0.011215829 0.999855280
1439803834.448973 -0.071613215 -0.144475758 2.465716600 0.000587379 -0.012870114 0.013928374 0.999819994
1439803834.511472 -0.071778640 -0.146146089 2.488221884 0.002937972 -0.012779275 0.014954834 0.999802172
1439803834.573978 -0.072738089 -0.147525430 2.511948586 0.004917637 -0.012405684 0.014836467 0.999800861
1439803834.636474 -0.073825985 -0.149431854 2.536804438 0.006073792 -0.012089658 0.014487570 0.999803483
1439803834.698974 -0.075080581 -0.150652885 2.561176777 0.006048779 -0.011953795 0.014930219 0.999798775
1439803834.761480 -0.075116985 -0.151774332 2.583482027 0.005352007 -0.012131821 0.014877845 0.999801397
1439803834.823976 -0.075686298 -0.153478891 2.608149052 0.004313769 -0.012193211 0.014456983 0.999811828
1439803834.886476 -0.076652303 -0.155084699 2.631236076 0.003399444 -0.012036812 0.014174778 0.999821305
1439803834.948977 -0.078058779 -0.155994445 2.654270887 0.003310097 -0.011789006 0.014006419 0.999826908
1439803835.011477 -0.077527598 -0.158228815 2.677799225 0.003080211 -0.011669363 0.013345785 0.999838114
1439803835.073978 -0.078654714 -0.159899697 2.701535940 0.003087901 -0.011263750 0.012840274 0.999849319
1439803835.136479 -0.078906417 -0.161110640 2.724508286 0.003567220 -0.011039750 0.012475413 0.999854863
1439803835.198979 -0.080290310 -0.162712440 2.748304367 0.003952655 -0.010519132 0.012665566 0.999856651
1439803835.261479 -0.080406561 -0.164581254 2.770776272 0.003850921 -0.010191763 0.012259784 0.999865472
1439803835.323983 -0.080659479 -0.165938869 2.794764519 0.003816769 -0.009731634 0.012579833 0.999866188
1439803835.386481 -0.081195787 -0.167155981 2.817282200 0.003789981 -0.009107446 0.012732317 0.999870300
1439803835.448981 -0.081293337 -0.168783352 2.840564013 0.003397909 -0.008615806 0.012863779 0.999874353
1439803835.511483 -0.081437588 -0.170078710 2.862748384 0.003202035 -0.008198076 0.013208927 0.999873996
1439803835.573983 -0.081718102 -0.171799660 2.886654854 0.003199590 -0.007835308 0.013198996 0.999877036
1439803835.636484 -0.082191467 -0.173187867 2.909341574 0.003530958 -0.007340468 0.013012294 0.999882162
1439803835.698984 -0.081997737 -0.174829230 2.931603193 0.003484659 -0.007084519 0.013115972 0.999882817
1439803835.761485 -0.082283966 -0.176881745 2.954872370 0.003394296 -0.006851298 0.012842901 0.999888301
1439803835.823986 -0.082692608 -0.178178504 2.977045774 0.003111520 -0.006489085 0.012938305 0.999890387
1439803835.886489 -0.082911640 -0.179391786 3.000946522 0.002787559 -0.006152779 0.013268623 0.999889135
1439803835.948988 -0.083110586 -0.180905476 3.023513794 0.002397470 -0.005737351 0.013513232 0.999889374
1439803836.011490 -0.083601788 -0.182297811 3.046283722 0.002416183 -0.005234180 0.013471244 0.999892652
1439803836.073990 -0.083439752 -0.183791578 3.068564892 0.002216830 -0.004925402 0.013716372 0.999891341
1439803836.136491 -0.084585220 -0.185068220 3.092561722 0.001974491 -0.004342664 0.014766555 0.999879599
1439803836.198993 -0.083862901 -0.186479732 3.114869356 0.001562471 -0.004312210 0.015593714 0.999867857
1439803836.261495 -0.085264109 -0.188137829 3.137523174 0.001111599 -0.003600930 0.015800463 0.999868035
1439803836.323997 -0.085681960 -0.189526409 3.160533667 0.000979468 -0.003117908 0.016130874 0.999864578
1439803836.386498 -0.085546240 -0.190939054 3.182721853 0.001233907 -0.002728066 0.017143181 0.999848545
1439803836.448999 -0.085671805 -0.192465916 3.205997705 0.001918722 -0.002350975 0.017793959 0.999837041
1439803836.511499 -0.086323380 -0.194585070 3.227883816 0.002509766 -0.001677129 0.018392555 0.999826312
1439803836.574002 -0.085512400 -0.195700228 3.250147820 0.003018096 -0.001338849 0.018376391 0.999825656
1439803836.636504 -0.085097469 -0.196070552 3.271518469 0.003126789 -0.000914239 0.018506411 0.999823451
1439803836.699007 -0.085418157 -0.197868288 3.293629408 0.002528887 -0.000411906 0.018591670 0.999823868
1439803836.761505 -0.085737079 -0.198983595 3.315904856 0.001448973 0.000137785 0.018317858 0.999831200
1439803836.824007 -0.086015798 -0.200164422 3.339669228 0.000807352 0.000794238 0.017658100 0.999843419
1439803836.886508 -0.086157121 -0.201288611 3.361839533 0.000344483 0.001700258 0.016141087 0.999868214
1439803836.949010 -0.085703261 -0.202276796 3.382540941 0.000238049 0.002931348 0.015468265 0.999876022
1439803837.011511 -0.085304856 -0.204342991 3.405603647 0.000434371 0.004499078 0.016172657 0.999858975
1439803837.074012 -0.084902674 -0.204971045 3.427435398 0.001444504 0.005980667 0.015887775 0.999854863
1439803837.136513 -0.084789038 -0.206614003 3.449561596 0.001991598 0.007531743 0.014991273 0.999857247
1439803837.199014 -0.083948880 -0.208106592 3.472556591 0.002169962 0.008689833 0.014759597 0.999850929
1439803837.261517 -0.083373122 -0.209750801 3.494323015 0.001462040 0.009806234 0.014897515 0.999839902
1439803837.324017 -0.082854182 -0.210955650 3.516846180 0.000867899 0.010616841 0.015282311 0.999826491
1439803837.386519 -0.082449041 -0.212532714 3.539090633 0.000427951 0.011534214 0.015174657 0.999818206
1439803837.449025 -0.081372254 -0.213717714 3.561757088 0.000780118 0.012320522 0.014795027 0.999814332
1439803837.511524 -0.080086857 -0.214419946 3.583574772 0.002076426 0.012750523 0.015029607 0.999803603
1439803837.574024 -0.079500698 -0.215822518 3.606241226 0.003598301 0.013510094 0.014086088 0.999803007
1439803837.636525 -0.080021411 -0.217343763 3.628413200 0.004724161 0.014391014 0.013537735 0.999793649
1439803837.699027 -0.079860322 -0.218476161 3.650224447 0.005166356 0.014879012 0.013456920 0.999785364
1439803837.761530 -0.078651033 -0.219491184 3.673084974 0.005353775 0.014795886 0.013151056 0.999789715
1439803837.824029 -0.077889316 -0.221078873 3.695816517 0.004991747 0.014491547 0.013286491 0.999794245
1439803837.886531 -0.077964686 -0.223106697 3.717921495 0.004267209 0.014466623 0.013529055 0.999794722
1439803837.949032 -0.076891318 -0.224260345 3.739999056 0.004123841 0.013769152 0.013805746 0.999801397
1439803838.011534 -0.076654211 -0.225496456 3.762704134 0.004298314 0.013230469 0.013681841 0.999809623
1439803838.074041 -0.076295853 -0.227337033 3.784040451 0.004244666 0.012366018 0.013911637 0.999817729
1439803838.136537 -0.075175203 -0.228533894 3.806485176 0.004776925 0.011082450 0.014379792 0.999823749
1439803838.199037 -0.075707391 -0.230223328 3.828819990 0.005668258 0.010379393 0.014555442 0.999824107
1439803838.261537 -0.075586863 -0.231397688 3.851406097 0.006770964 0.009424083 0.014420965 0.999828696
1439803838.324042 -0.075586565 -0.233185634 3.873770237 0.007449249 0.008562330 0.014472594 0.999830842
1439803838.386539 -0.075634316 -0.234736040 3.895495415 0.007876292 0.007696061 0.014380825 0.999835968
1439803838.449039 -0.075040698 -0.236354887 3.918408155 0.008107847 0.006469367 0.014413173 0.999842346
1439803838.511542 -0.075170159 -0.237780213 3.940761805 0.007756662 0.005611986 0.014007480 0.999856055
1439803838.574041 -0.075049393 -0.239745498 3.963788986 0.007316569 0.004558552 0.013884801 0.999866426
1439803838.636541 -0.074910223 -0.241200596 3.986723423 0.006854689 0.003484946 0.013721688 0.999876261
1439803838.699044 -0.074945055 -0.242360100 4.009665966 0.006923970 0.002374360 0.013557439 0.999881268
1439803838.761542 -0.075108796 -0.244128034 4.032505035 0.007100132 0.001341792 0.013719845 0.999879777
1439803838.824042 -0.075426467 -0.245587751 4.054895878 0.007379370 0.000462016 0.013465706 0.999881983
1439803838.886546 -0.075429268 -0.246815667 4.077833652 0.007493658 -0.000788277 0.013448009 0.999881148
1439803838.949046 -0.075522527 -0.248423502 4.100523949 0.007186440 -0.001886968 0.013824075 0.999876857
1439803839.011550 -0.075808339 -0.249997348 4.123174191 0.006579233 -0.003031611 0.014264480 0.999872029
1439803839.074050 -0.076188356 -0.251519948 4.146137238 0.006068671 -0.004334898 0.014787246 0.999862850
1439803839.136553 -0.076725386 -0.252890795 4.169031143 0.005439396 -0.005334939 0.015034251 0.999857962
1439803839.199054 -0.076766588 -0.253989339 4.192233562 0.004952033 -0.006954813 0.016053509 0.999834657
1439803839.261554 -0.077691972 -0.255550027 4.215225697 0.004581605 -0.008150029 0.016297886 0.999823451
1439803839.324055 -0.078156814 -0.257154435 4.237972260 0.004166996 -0.009624614 0.016808148 0.999803722
1439803839.386555 -0.078843914 -0.258672476 4.261110783 0.004023349 -0.010995196 0.017094994 0.999785304
1439803839.449058 -0.079332367 -0.260391802 4.283883095 0.004252328 -0.012651118 0.017711291 0.999754071
1439803839.511560 -0.080117494 -0.261424154 4.305767536 0.004964861 -0.014037096 0.018433195 0.999719203
1439803839.574059 -0.080931522 -0.262969375 4.328200340 0.005410875 -0.015305853 0.018354887 0.999699712
1439803839.636560 -0.081536427 -0.264664739 4.350537777 0.005660969 -0.016519990 0.018596727 0.999674559
1439803839.699062 -0.083045155 -0.265954971 4.374123096 0.005979980 -0.017758729 0.018984208 0.999644160
1439803839.761563 -0.083985373 -0.267703891 4.396260262 0.006086235 -0.019127527 0.018803537 0.999621689
1439803839.824068 -0.085254289 -0.269299388 4.418960094 0.006212114 -0.020357247 0.018742822 0.999597788
1439803839.886566 -0.086293533 -0.271050870 4.441583633 0.006417760 -0.021711892 0.018263515 0.999576807
1439803839.949070 -0.087358601 -0.272880703 4.464079380 0.006631764 -0.023218758 0.018189631 0.999542892
1439803840.011569 -0.088623822 -0.274226606 4.486477852 0.007160563 -0.024614679 0.016832616 0.999529660
1439803840.074072 -0.090019524 -0.275370270 4.508708000 0.007529234 -0.026041448 0.016214630 0.999500990
1439803840.136571 -0.091332585 -0.277189374 4.531469345 0.008366603 -0.027382756 0.015496600 0.999469876
1439803840.199075 -0.092799559 -0.278970420 4.554320335 0.009465364 -0.028693510 0.015091148 0.999429524
1439803840.261574 -0.095022574 -0.281163603 4.577588081 0.010203373 -0.029505862 0.015275808 0.999395788
1439803840.324076 -0.095733419 -0.282445967 4.598975182 0.011257152 -0.030441750 0.014707408 0.999364913
1439803840.386577 -0.097830176 -0.284774154 4.621366501 0.011391030 -0.030991578 0.013811735 0.999359310
1439803840.449080 -0.099814817 -0.285887301 4.644372463 0.009790358 -0.031691059 0.013200313 0.999362588
1439803840.511580 -0.101400837 -0.288274914 4.666306496 0.006182243 -0.032533992 0.011657593 0.999383509
1439803840.574084 -0.102421701 -0.289186090 4.688955307 0.003240789 -0.033596665 0.010792854 0.999371946
1439803840.636589 -0.104920849 -0.290467203 4.712428570 0.000318996 -0.033971131 0.010764352 0.999364793
1439803840.699084 -0.106484205 -0.291987330 4.733948231 -0.001451412 -0.034393154 0.010979660 0.999347031
1439803840.761586 -0.108127519 -0.293241113 4.756186962 -0.001396493 -0.034802966 0.011202550 0.999330401
1439803840.824087 -0.110065669 -0.294567019 4.778951645 -0.001125156 -0.035065677 0.009866417 0.999335647
1439803840.886588 -0.111834154 -0.295546770 4.800136089 -0.000261343 -0.035682030 0.008945865 0.999323130
1439803840.949090 -0.114087418 -0.296871126 4.823116302 0.000196296 -0.036021713 0.007583878 0.999322176
1439803841.011591 -0.115879223 -0.298359931 4.844695568 -0.000003137 -0.036777101 0.006143664 0.999304593
1439803841.074093 -0.118159071 -0.299441695 4.866967678 0.000289792 -0.037663747 0.005784569 0.999273658
1439803841.136594 -0.119613856 -0.300443500 4.889268875 0.000951761 -0.039059211 0.005682973 0.999220312
1439803841.199094 -0.121539354 -0.302064329 4.911718369 0.001047322 -0.039900158 0.005118517 0.999189973
1439803841.261594 -0.123713166 -0.303326130 4.933612823 0.000955213 -0.040721163 0.004223303 0.999161124
1439803841.324095 -0.125797272 -0.304385513 4.956115246 0.000859620 -0.041952927 0.003328922 0.999113679
1439803841.386595 -0.128130883 -0.305815488 4.978190422 0.000750337 -0.042895831 0.002620680 0.999075830
1439803841.449095 -0.130350977 -0.306841493 5.000398159 0.000799154 -0.044110611 0.002925493 0.999022007
1439803841.511600 -0.132582188 -0.308514416 5.022718430 0.001032069 -0.045043416 0.003196121 0.998979330
1439803841.574102 -0.134134173 -0.310004115 5.043641567 0.001417195 -0.046256311 0.003195491 0.998923481
1439803841.636601 -0.136423737 -0.311914146 5.066474915 0.002544859 -0.047546104 0.003382898 0.998860061
1439803841.699103 -0.138821959 -0.313004464 5.087618351 0.003840156 -0.048405014 0.002763456 0.998816609
1439803841.761602 -0.142184347 -0.313475072 5.110084534 0.005643199 -0.049082991 0.001150181 0.998778105
1439803841.824105 -0.144435138 -0.315655291 5.132451534 0.006951058 -0.050278377 0.000478294 0.998710930
1439803841.886605 -0.146741211 -0.317488670 5.153890610 0.007533342 -0.051651392 0.000916547 0.998636305
1439803841.949108 -0.149296075 -0.318337500 5.176482677 0.006934904 -0.053057998 0.001750182 0.998565793
1439803842.011609 -0.151620150 -0.320452601 5.198901176 0.004866637 -0.054666124 0.002117081 0.998490632
1439803842.074110 -0.154194683 -0.321590066 5.220966816 0.003121683 -0.056174837 0.002068816 0.998413920
1439803842.136611 -0.157462806 -0.322880536 5.243197441 0.001484697 -0.057417486 0.001356154 0.998348236
1439803842.199112 -0.160474807 -0.324410915 5.265592098 0.001001854 -0.058688510 0.000716269 0.998275578
1439803842.261614 -0.163306266 -0.325747788 5.287743092 0.001625907 -0.060461652 0.000564471 0.998169065
1439803842.324116 -0.166438341 -0.326951891 5.310094357 0.003197972 -0.062191043 0.000025744 0.998059154
1439803842.386617 -0.169478238 -0.328380406 5.332153797 0.004281663 -0.063886009 -0.000566945 0.997947872
1439803842.449120 -0.172979355 -0.329960883 5.353864670 0.004979637 -0.065428890 -0.001100447 0.997844160
1439803842.511621 -0.176350117 -0.331268579 5.376528263 0.005266747 -0.066987589 -0.002477146 0.997736812
1439803842.574121 -0.179500639 -0.332522690 5.398275852 0.005296443 -0.068773881 -0.003605082 0.997611701
1439803842.636623 -0.183463752 -0.334245563 5.420221806 0.005636896 -0.070083350 -0.004914306 0.997513115
1439803842.699123 -0.186929345 -0.336008221 5.442042828 0.005930741 -0.071426228 -0.005361941 0.997413814
1439803842.761625 -0.190924883 -0.337507606 5.464113235 0.006433275 -0.072759710 -0.005599926 0.997313023
1439803842.824126 -0.193984270 -0.339091420 5.485555649 0.006698164 -0.074410267 -0.006000789 0.997187138
1439803842.886628 -0.198230624 -0.340494812 5.508390427 0.006832145 -0.075506046 -0.006321843 0.997101903
1439803842.949129 -0.201937854 -0.342137098 5.530276775 0.006586912 -0.076986782 -0.006487262 0.996989250
1439803843.011630 -0.205785930 -0.343400538 5.552550316 0.006307727 -0.078628197 -0.007501199 0.996855795
1439803843.074132 -0.209524512 -0.344951242 5.574685097 0.005685106 -0.080180913 -0.008199211 0.996730387
1439803843.136633 -0.213589251 -0.346449822 5.596602917 0.005135217 -0.081347242 -0.009446251 0.996627808
1439803843.199135 -0.217585981 -0.347957551 5.618815899 0.004789331 -0.082692571 -0.009012577 0.996522844
1439803843.261638 -0.221749604 -0.349613756 5.640580177 0.004643743 -0.083448745 -0.009234833 0.996458471
1439803843.324138 -0.225524843 -0.351058453 5.662844181 0.005603176 -0.084318414 -0.009489550 0.996377885
1439803843.386639 -0.229669631 -0.352561355 5.685190678 0.006851464 -0.084726252 -0.009126689 0.996338904
1439803843.449140 -0.233554959 -0.354215533 5.707121372 0.008010479 -0.085114971 -0.008579109 0.996302009
1439803843.511641 -0.237518311 -0.355710179 5.729665756 0.008781568 -0.085833117 -0.007197831 0.996244788
1439803843.574143 -0.241628826 -0.357641637 5.752202034 0.008600730 -0.086439446 -0.006028800 0.996201754
1439803843.636647 -0.245474935 -0.358679503 5.773771763 0.008482334 -0.087003894 -0.005595122 0.996156156
1439803843.699146 -0.249845207 -0.360816479 5.796051979 0.006921268 -0.087582901 -0.004462577 0.996123195
1439803843.761647 -0.252973318 -0.362836897 5.816629410 0.006443259 -0.088473305 -0.002376957 0.996054888
1439803843.824147 -0.256285906 -0.364561856 5.839668274 0.007054521 -0.089389965 -0.001516870 0.995970547
1439803843.886648 -0.260416269 -0.365839660 5.861810684 0.008203402 -0.090044752 -0.001307592 0.995903075
1439803843.949149 -0.263985932 -0.367969453 5.883159161 0.008514432 -0.090570576 -0.001350591 0.995852709
1439803844.011649 -0.268359363 -0.369626343 5.904688358 0.009554803 -0.090786487 -0.001877471 0.995822787
1439803844.074149 -0.271956503 -0.371536255 5.926373959 0.008907685 -0.091159381 -0.002551718 0.995793223
1439803844.136650 -0.276246488 -0.372253567 5.949101448 0.007232381 -0.091524959 -0.002777301 0.995772660
1439803844.199151 -0.281526804 -0.374053478 5.972100258 0.005383885 -0.091227278 -0.003089641 0.995810747
1439803844.261650 -0.285494804 -0.375664055 5.994426250 0.004353982 -0.091662444 -0.000881843 0.995780230
1439803844.324152 -0.289573371 -0.377302170 6.016561508 0.004053076 -0.091996394 0.000665272 0.995750844
1439803844.386652 -0.294375122 -0.378641844 6.039147854 0.004962269 -0.091842569 0.000580658 0.995760977
1439803844.449152 -0.298749268 -0.380358934 6.061024666 0.006745417 -0.091794349 0.000352933 0.995755076
1439803844.511654 -0.302698076 -0.381868422 6.083039284 0.008448232 -0.092035428 0.000027424 0.995719910
1439803844.574154 -0.306963742 -0.383417636 6.104627132 0.008895678 -0.092285953 0.000608970 0.995692611
1439803844.636654 -0.311121821 -0.385004908 6.127119064 0.008545803 -0.092881694 0.001194499 0.995639741
1439803844.699157 -0.315563440 -0.386431396 6.149453163 0.008267056 -0.093068555 0.001394242 0.995624423
1439803844.761655 -0.319521487 -0.388120145 6.171553135 0.007931693 -0.093590625 0.000880473 0.995578766
1439803844.824156 -0.324478328 -0.389577776 6.193730354 0.007646270 -0.093556523 -0.000012192 0.995584607
1439803844.886657 -0.328468382 -0.390682757 6.215413094 0.007331988 -0.093666136 -0.000965028 0.995576203
1439803844.949159 -0.332724631 -0.392156869 6.237369061 0.006848275 -0.094071142 -0.001230909 0.995541155
1439803845.011660 -0.337250888 -0.393943280 6.259506226 0.005641045 -0.094420180 -0.001337879 0.995515525
1439803845.074161 -0.341559947 -0.395249754 6.281545162 0.004978684 -0.094825648 -0.001446312 0.995480418
1439803845.136661 -0.346233010 -0.396823853 6.303372383 0.004374195 -0.094909407 -0.001818189 0.995474637
1439803845.199162 -0.350703180 -0.398267478 6.325399399 0.004181298 -0.095242120 -0.002006965 0.995443344
1439803845.261662 -0.355078757 -0.399811298 6.347306252 0.003809292 -0.095601454 -0.001505315 0.995411277
1439803845.324162 -0.359348059 -0.400966972 6.369259357 0.003968235 -0.096137561 -0.001088477 0.995359540
1439803845.386663 -0.363644719 -0.402271152 6.391240120 0.004088129 -0.096731290 -0.001199232 0.995301425
1439803845.449164 -0.368120253 -0.403714359 6.413259983 0.004309307 -0.096924409 -0.001053794 0.995281875
1439803845.511664 -0.372266650 -0.405111939 6.435053349 0.003931229 -0.097400129 -0.000746783 0.995237291
1439803845.574165 -0.376664698 -0.406486869 6.457425594 0.003649188 -0.097933702 0.000085639 0.995186269
1439803845.636667 -0.381243229 -0.407799512 6.479496956 0.003330878 -0.098147981 0.000187453 0.995166242
1439803845.699168 -0.385707974 -0.408928603 6.501301289 0.003191581 -0.098563515 0.000251662 0.995125592
1439803845.761669 -0.390320361 -0.410668284 6.523547649 0.003085518 -0.098965429 0.000231100 0.995086074
1439803845.824172 -0.394779623 -0.412211776 6.545300961 0.002986331 -0.099378951 0.000280191 0.995045125
1439803845.886671 -0.399323881 -0.413510770 6.566796303 0.003083864 -0.099726319 0.000242068 0.995010078
1439803845.949173 -0.403624594 -0.414990783 6.588932514 0.003195958 -0.100340769 0.000332097 0.994947910
1439803846.011675 -0.408564091 -0.416380495 6.610369205 0.003596698 -0.100427255 0.000379957 0.994937837
1439803846.074177 -0.413293362 -0.417909414 6.632106304 0.003969718 -0.100643516 0.000052778 0.994914651
1439803846.136679 -0.417725444 -0.419401675 6.653671265 0.004181492 -0.101064265 0.000057604 0.994871140
1439803846.199180 -0.422563910 -0.420740217 6.675374508 0.004707590 -0.101393282 0.000115427 0.994835258
1439803846.261681 -0.426651895 -0.422154099 6.697525501 0.005364345 -0.102289997 0.000093993 0.994740129
1439803846.324179 -0.431846082 -0.423864782 6.718767166 0.005904403 -0.102226675 -0.000377601 0.994743586
1439803846.386681 -0.436230898 -0.425379127 6.740671158 0.006415411 -0.102853969 -0.000438582 0.994675696
1439803846.449181 -0.441206932 -0.427162141 6.761651516 0.006563889 -0.102937609 -0.001006563 0.994665623
1439803846.511684 -0.445889771 -0.428701371 6.783065319 0.006433156 -0.103424497 -0.001617443 0.994615197
1439803846.574185 -0.451094508 -0.430145741 6.804442883 0.006011272 -0.103541210 -0.001936187 0.994605124
1439803846.636685 -0.455593407 -0.432034552 6.825839520 0.004947992 -0.104207955 -0.001898378 0.994541407
1439803846.699188 -0.460666955 -0.433049470 6.847422123 0.004867750 -0.104486845 -0.002785406 0.994510472
1439803846.761689 -0.465260923 -0.434494942 6.868894577 0.004409107 -0.105082884 -0.003266699 0.994448304
1439803846.824190 -0.470250547 -0.435835779 6.890352726 0.004419498 -0.105411917 -0.004106343 0.994410336
1439803846.886694 -0.475434601 -0.437483698 6.911704540 0.004694685 -0.105560154 -0.004443169 0.994391918
1439803846.949195 -0.480019748 -0.438920587 6.932876110 0.005408875 -0.105809905 -0.005719921 0.994355202
1439803847.011692 -0.485073030 -0.440284401 6.954128742 0.005925638 -0.105998516 -0.006580254 0.994326830
1439803847.074196 -0.489693761 -0.441704929 6.975455284 0.006379915 -0.106747672 -0.007162649 0.994239867
1439803847.136697 -0.494438589 -0.443206191 6.996459484 0.006557245 -0.107347444 -0.007852434 0.994168937
1439803847.199198 -0.499431133 -0.444729418 7.017557621 0.006255820 -0.107625276 -0.008582532 0.994134843
1439803847.261699 -0.504321039 -0.445993334 7.039304733 0.005907798 -0.107960917 -0.008546127 0.994100869
1439803847.324200 -0.509182572 -0.447499186 7.060321331 0.005170620 -0.108378783 -0.008440550 0.994060397
1439803847.386701 -0.514108539 -0.448722780 7.081586361 0.004855953 -0.108661465 -0.008720288 0.994028687
1439803847.449204 -0.518883109 -0.450090170 7.103153229 0.004669596 -0.109182373 -0.008595215 0.993973613
1439803847.511706 -0.523892045 -0.451471597 7.124007702 0.004517433 -0.109333396 -0.008883818 0.993955195
1439803847.574208 -0.528807163 -0.452680439 7.145563602 0.004784146 -0.109499596 -0.009310710 0.993931711
1439803847.636712 -0.533550262 -0.454105258 7.166217804 0.004653838 -0.109559640 -0.009121345 0.993927479
1439803847.699213 -0.538272619 -0.455531836 7.187187195 0.004285781 -0.109362088 -0.009006647 0.993951917
1439803847.761711 -0.543083072 -0.456720203 7.208305836 0.004275916 -0.109126143 -0.008961177 0.993978322
1439803847.824211 -0.547908664 -0.457902730 7.229099274 0.004289700 -0.108818501 -0.009137221 0.994010389
1439803847.886712 -0.552835643 -0.459211171 7.249815941 0.004483347 -0.108321689 -0.009829225 0.994057178
1439803847.949216 -0.557447314 -0.460752487 7.270960808 0.004238165 -0.108503468 -0.009913200 0.994037628
1439803848.011717 -0.562069297 -0.461731225 7.291975975 0.004225588 -0.108502746 -0.009106185 0.994045436
1439803848.074219 -0.566698790 -0.463427186 7.311867714 0.004491429 -0.107933864 -0.009152141 0.994105816
1439803848.136718 -0.571293533 -0.464858741 7.332437992 0.004825258 -0.107565276 -0.008606450 0.994149089
1439803848.199220 -0.575794578 -0.466272861 7.352893829 0.004957790 -0.107326284 -0.008474953 0.994175375
1439803848.261721 -0.580438197 -0.467649221 7.373821259 0.005443615 -0.106836826 -0.008508514 0.994225264
1439803848.324222 -0.585055768 -0.468941569 7.394438267 0.005619830 -0.106560685 -0.008991787 0.994249642
1439803848.386725 -0.589583814 -0.470408589 7.415156364 0.005259884 -0.106458522 -0.009764946 0.994255304
1439803848.449230 -0.594208956 -0.471668005 7.435680389 0.004787077 -0.106310941 -0.009888789 0.994272232
1439803848.511726 -0.598775089 -0.473000348 7.456047535 0.004429264 -0.106060989 -0.009938273 0.994300067
1439803848.574230 -0.603150964 -0.474390805 7.476676464 0.004200485 -0.105983436 -0.009337790 0.994315147
1439803848.636731 -0.607663453 -0.475882769 7.496995449 0.004100584 -0.105709307 -0.008673423 0.994350791
1439803848.699232 -0.612171173 -0.477179050 7.516905308 0.004598322 -0.105121061 -0.008689573 0.994410813
1439803848.761731 -0.616430283 -0.478650570 7.537394524 0.004830773 -0.104908854 -0.008399930 0.994434655
1439803848.824235 -0.620615780 -0.479940176 7.557031631 0.004785671 -0.104556076 -0.008328035 0.994472563
1439803848.886737 -0.624823153 -0.481260836 7.576992989 0.004462962 -0.104294866 -0.008036827 0.994503915
1439803848.949239 -0.629160523 -0.482427686 7.597362041 0.004263674 -0.104066342 -0.007712597 0.994531333
1439803849.011737 -0.633426964 -0.483642131 7.617507935 0.003652196 -0.103684790 -0.008098498 0.994570494
1439803849.074241 -0.637489557 -0.484890163 7.637520313 0.002791743 -0.103545167 -0.007988046 0.994588733
1439803849.136755 -0.641768456 -0.486093789 7.657241821 0.002116008 -0.103103906 -0.007686542 0.994638622
1439803849.199242 -0.645947695 -0.487183630 7.677000999 0.001894763 -0.102789663 -0.007704705 0.994671464
1439803849.261743 -0.649647355 -0.488635302 7.696418762 0.001570660 -0.102725759 -0.007060941 0.994683385
1439803849.324244 -0.654172957 -0.489773184 7.716135502 0.001244707 -0.102204025 -0.006565701 0.994741023
1439803849.386749 -0.658412218 -0.490857482 7.735652447 0.001209499 -0.101780966 -0.006187276 0.994786859
1439803849.449248 -0.662366927 -0.491971195 7.754797459 0.001147416 -0.101357877 -0.006139304 0.994830430
1439803849.511751 -0.666078866 -0.493506193 7.773101807 0.000754103 -0.101024009 -0.005917383 0.994866073
1439803849.574253 -0.670903742 -0.494460136 7.793304920 0.001193488 -0.100253068 -0.005470865 0.994946182
1439803849.636753 -0.674932301 -0.495818734 7.812341213 0.001736639 -0.099871203 -0.004806064 0.994987249
1439803849.699256 -0.678395391 -0.497194350 7.830624104 0.002166188 -0.099782817 -0.004077258 0.994998515
1439803849.761755 -0.682366431 -0.498557121 7.849623680 0.002627959 -0.099561654 -0.003667991 0.995021164
1439803849.824256 -0.685588002 -0.499923468 7.867480755 0.002631174 -0.099665441 -0.002831917 0.995013475
1439803849.886762 -0.689342678 -0.500963748 7.885704041 0.002593085 -0.099536464 -0.002977008 0.995026052
1439803849.949264 -0.692654610 -0.502325773 7.904057026 0.002320075 -0.100040078 -0.002829988 0.994976699
1439803850.011762 -0.696853399 -0.503249466 7.922226429 0.001811698 -0.099780291 -0.002469740 0.995004773
1439803850.074264 -0.700193882 -0.504387736 7.939979553 0.001124935 -0.099891029 -0.001655461 0.994996369
1439803850.136764 -0.704032779 -0.505347431 7.958173275 0.001189226 -0.099819973 -0.000777294 0.995004535
1439803850.199266 -0.707484961 -0.506644845 7.975382805 0.001110397 -0.100061409 -0.000456999 0.994980574
1439803850.261765 -0.711308599 -0.507625997 7.992655754 0.001688130 -0.100055799 -0.000746106 0.994980097
1439803850.324269 -0.715018392 -0.508589089 8.009873390 0.002355049 -0.100099713 -0.000469727 0.994974494
1439803850.386768 -0.718464434 -0.509799957 8.027081490 0.003049047 -0.100547634 -0.000091408 0.994927585
1439803850.449272 -0.722282052 -0.510742486 8.044086456 0.003839556 -0.100718394 0.000156737 0.994907558
1439803850.511772 -0.725651801 -0.511796832 8.060940742 0.004369483 -0.101331800 0.000087438 0.994843125
1439803850.574272 -0.729327559 -0.513355017 8.078320503 0.004192867 -0.101585127 0.000193926 0.994817972
1439803850.636778 -0.732850909 -0.514499426 8.095059395 0.004310803 -0.101747140 0.000261214 0.994800925
1439803850.699277 -0.736504018 -0.515742779 8.111851692 0.004399397 -0.102035210 0.000092514 0.994771063
1439803850.761779 -0.739947259 -0.516939163 8.128266335 0.004549976 -0.102453686 -0.000276875 0.994727314
1439803850.824278 -0.743612349 -0.518007398 8.144708633 0.004866615 -0.102625765 -0.000087267 0.994708121
1439803850.886781 -0.747342169 -0.519036055 8.161142349 0.004822590 -0.102621488 -0.000257532 0.994708776
1439803850.949281 -0.751057684 -0.520082474 8.177565575 0.005012696 -0.102961428 0.000335676 0.994672656
1439803851.011785 -0.754330993 -0.521272957 8.193300247 0.005101546 -0.103201434 -0.000229661 0.994647384
1439803851.074289 -0.757779479 -0.522142291 8.209096909 0.005353884 -0.103572004 -0.000570050 0.994607389
1439803851.136788 -0.761567831 -0.523454428 8.225182533 0.005191888 -0.103428423 -0.001019057 0.994622827
1439803851.199289 -0.764995158 -0.524319589 8.241029739 0.005067797 -0.103844777 -0.001045590 0.994580090
1439803851.261787 -0.768389523 -0.525719345 8.256469727 0.005029827 -0.103880472 -0.001330336 0.994576156
1439803851.324291 -0.771656156 -0.526870370 8.271934509 0.005441579 -0.104237154 -0.001740863 0.994536042
1439803851.386792 -0.775342643 -0.527905822 8.287762642 0.005446428 -0.104369991 -0.001648691 0.994522274
1439803851.449294 -0.778743088 -0.528979719 8.303169250 0.005393213 -0.104407862 -0.001984292 0.994517982
1439803851.511796 -0.781970859 -0.530008316 8.318131447 0.005323601 -0.104491122 -0.002324432 0.994508862
1439803851.574296 -0.785265505 -0.531031609 8.333715439 0.005494843 -0.104656480 -0.002778310 0.994489372
1439803851.636797 -0.788847446 -0.532091737 8.348643303 0.005884949 -0.104704611 -0.003354267 0.994480252
1439803851.699300 -0.792198002 -0.533235610 8.363890648 0.005828425 -0.104858629 -0.003459019 0.994464040
1439803851.761799 -0.795466423 -0.534105539 8.378300667 0.005715717 -0.104992047 -0.003820000 0.994449317
1439803851.824300 -0.798766434 -0.535176933 8.393474579 0.005686263 -0.105056748 -0.004242242 0.994440913
1439803851.886802 -0.802349269 -0.535757244 8.408082008 0.006159572 -0.105138905 -0.003980984 0.994430482
1439803851.949305 -0.805709839 -0.536616743 8.422260284 0.006531009 -0.105172150 -0.004260147 0.994423449
1439803852.074307 -0.813155830 -0.537690878 8.450620651 0.006711975 -0.104681015 -0.004370030 0.994473577
1439803852.136805 -0.815972924 -0.537590802 8.463294983 0.006302028 -0.104678005 -0.004442461 0.994476259
1439803852.199308 -0.820310533 -0.537844062 8.477622986 0.006017224 -0.104177684 -0.004740595 0.994529188
1439803852.261808 -0.824314296 -0.538050413 8.490675926 0.005993034 -0.103852570 -0.004823167 0.994562984
1439803852.324310 -0.828163147 -0.538754463 8.503882408 0.005879942 -0.103497982 -0.005249911 0.994598389
1439803852.449310 -0.836596668 -0.539758384 8.528100014 0.005590783 -0.102305010 -0.006031796 0.994719088
1439803852.511811 -0.836717427 -0.542998135 8.547458649 0.004717757 -0.103645526 -0.005050223 0.994590282
1439803852.574312 -0.839823544 -0.544946909 8.561499596 0.003825586 -0.103670537 -0.004422377 0.994594514
1439803852.636812 -0.843617558 -0.545491099 8.574640274 0.003882727 -0.103258848 -0.004079381 0.994638562
1439803852.699312 -0.846544921 -0.546866179 8.587520599 0.004159608 -0.103263348 -0.003444962 0.994639337
1439803852.824313 -0.851678491 -0.547692180 8.617517471 0.003619884 -0.103140548 -0.003101574 0.994655371
1439803852.886813 -0.854955733 -0.548773885 8.631089211 0.002656152 -0.103079945 -0.003128572 0.994664609
1439803852.949315 -0.857868671 -0.549536526 8.645740509 0.002573353 -0.103282720 -0.002965989 0.994644284
1439803853.011817 -0.860555112 -0.550617218 8.659308434 0.002677057 -0.103535622 -0.002394470 0.994619250
1439803853.074318 -0.864068151 -0.551742196 8.672847748 0.003035919 -0.103216067 -0.001813409 0.994652689
1439803853.199315 -0.870024085 -0.553164005 8.701098442 0.002883691 -0.103394091 -0.002116097 0.994634032
1439803853.261818 -0.872932136 -0.554246247 8.715332031 0.002879759 -0.103858911 -0.001874419 0.994586110
1439803853.324318 -0.875608385 -0.555136859 8.728935242 0.003146164 -0.104245223 -0.001225753 0.994545877
1439803853.386820 -0.879173636 -0.555912316 8.743237495 0.003153438 -0.104038425 -0.000779101 0.994567990
1439803853.449322 -0.882649064 -0.556624115 8.757621765 0.003083709 -0.103959993 -0.000850203 0.994576335
1439803853.574326 -0.888367534 -0.558605552 8.784905434 0.003056613 -0.104935110 -0.001961241 0.994472444
1439803853.636826 -0.891536176 -0.559665501 8.798828125 0.003977270 -0.105369695 -0.002355399 0.994422376
1439803853.699325 -0.894825101 -0.560483575 8.812456131 0.004210249 -0.105584353 -0.002785688 0.994397521
1439803853.761829 -0.897553861 -0.561878800 8.826502800 0.004030729 -0.106236584 -0.001825583 0.994331062
1439803853.824329 -0.900780678 -0.562406242 8.841263771 0.005112123 -0.107009858 -0.000981818 0.994244337
1439803853.886830 -0.904023170 -0.563574791 8.855476379 0.005817698 -0.107387744 -0.000879834 0.994199812
1439803853.949332 -0.907551706 -0.564559281 8.869994164 0.006309051 -0.107604139 -0.000588753 0.994173586
1439803854.011834 -0.911109447 -0.565527260 8.884487152 0.006540284 -0.107712612 -0.001413817 0.994159579
1439803854.074333 -0.914341807 -0.566222310 8.898905754 0.005793821 -0.108056702 -0.001867314 0.994126081
1439803854.136838 -0.917803526 -0.567118049 8.913825989 0.005361279 -0.108338885 -0.002163497 0.994097233
1439803854.199336 -0.921195865 -0.568267763 8.928331375 0.004891813 -0.108878806 -0.002226170 0.994040489
1439803854.261840 -0.924327731 -0.569353998 8.942855835 0.004310514 -0.109508455 -0.002127554 0.993974268
1439803854.324341 -0.927805185 -0.569893897 8.957724571 0.004077906 -0.109872863 -0.001502267 0.993936121
1439803854.386842 -0.931044221 -0.571134627 8.971973419 0.003617584 -0.110148735 -0.001540905 0.993907332
1439803854.449342 -0.934570074 -0.571755350 8.986263275 0.003668440 -0.110384665 -0.000915636 0.993881762
1439803854.511846 -0.938197017 -0.572694242 9.001145363 0.003791276 -0.110728972 -0.000772733 0.993843079
1439803854.574348 -0.941687703 -0.573373318 9.015373230 0.004088066 -0.110949412 -0.000815310 0.993817329
1439803854.636848 -0.944808483 -0.574367940 9.029776573 0.003867974 -0.111378931 -0.001413951 0.993769467
1439803854.699349 -0.948243737 -0.575380921 9.043743134 0.003382874 -0.111521639 -0.001338793 0.993755341
1439803854.761851 -0.951817751 -0.575884759 9.058381081 0.003166475 -0.111575752 -0.001133414 0.993750215
1439803854.824352 -0.955367684 -0.576789021 9.072790146 0.002524385 -0.111528069 -0.001345917 0.993757129
1439803854.886850 -0.958614349 -0.577383578 9.087122917 0.002305836 -0.111871421 -0.000615538 0.993719816
1439803854.949353 -0.962043047 -0.578241944 9.101719856 0.002090342 -0.112062216 0.000412084 0.993698895
1439803855.011851 -0.965058565 -0.579187870 9.115896225 0.001604580 -0.112337478 0.000885937 0.993668437
1439803855.074351 -0.968736887 -0.579766035 9.130357742 0.001586052 -0.112163767 0.001617849 0.993687153
1439803855.136856 -0.972311020 -0.580540776 9.144536018 0.001423498 -0.112010695 0.003031329 0.993701339
1439803855.199355 -0.975011945 -0.581724644 9.158941269 0.000657014 -0.112203427 0.004890857 0.993673027
1439803855.261853 -0.978246927 -0.582719088 9.173258781 -0.000124455 -0.112152308 0.006532262 0.993669510
1439803855.324357 -0.981172204 -0.583680212 9.187254906 -0.000229126 -0.112107687 0.006894205 0.993672132
1439803855.386854 -0.984662056 -0.584445417 9.201274872 0.000620552 -0.111522876 0.005786216 0.993744850
1439803855.449357 -0.988384008 -0.585262060 9.215189934 0.001745513 -0.110579327 0.004964336 0.993853331
1439803855.511861 -0.991722941 -0.586584926 9.229173660 0.002075277 -0.109596878 0.003800381 0.993966639
1439803855.574355 -0.994625092 -0.587405264 9.242938042 0.002331143 -0.108567692 0.002736942 0.994082570
1439803855.636856 -0.997216165 -0.588420808 9.256574631 0.002568066 -0.107588768 0.002713732 0.994188428
1439803855.699361 -1.000111580 -0.589130044 9.270149231 0.003209527 -0.106227912 0.003846848 0.994329154
1439803855.761858 -1.003016233 -0.589799404 9.284026146 0.003731585 -0.104478158 0.004789430 0.994508624
1439803855.824358 -1.005801082 -0.590856194 9.297242165 0.003239458 -0.102382734 0.005139212 0.994726539
1439803855.886859 -1.008130431 -0.591748476 9.310602188 0.002820500 -0.100587562 0.005127841 0.994911015
1439803855.949359 -1.010551691 -0.592402041 9.323511124 0.002698878 -0.098667301 0.005004104 0.995104253
1439803856.011859 -1.013289928 -0.593524158 9.336631775 0.002341460 -0.096499503 0.004033332 0.995322108
1439803856.074362 -1.015453577 -0.594457269 9.349289894 0.001914926 -0.094321214 0.003786937 0.995532811
1439803856.136861 -1.017962933 -0.595276535 9.362186432 0.002366952 -0.091611400 0.003330226 0.995786428
1439803856.199361 -1.020051599 -0.596086800 9.374630928 0.003071124 -0.088892788 0.002625791 0.996033013
1439803856.261864 -1.021669149 -0.597127438 9.387032509 0.003350936 -0.085866272 0.001928999 0.996299148
1439803856.324365 -1.023980498 -0.597625673 9.400212288 0.003713960 -0.081740193 0.001712430 0.996645272
1439803856.386868 -1.025226712 -0.598913789 9.412152290 0.003122292 -0.077400148 0.001388814 0.996994257
1439803856.449371 -1.027117729 -0.599227667 9.425005913 0.003769411 -0.072202459 0.001511976 0.997381687
1439803856.511868 -1.028240681 -0.600077868 9.437071800 0.004223554 -0.066821516 0.001653014 0.997754633
1439803856.574375 -1.029024363 -0.600841641 9.449244499 0.004609175 -0.061228286 0.002893294 0.998108923
1439803856.636878 -1.029676437 -0.601657391 9.461200714 0.004330873 -0.054901395 0.003360434 0.998476744
1439803856.699376 -1.030407906 -0.602367043 9.473686218 0.003800984 -0.047776815 0.002577746 0.998847485
1439803856.761873 -1.030777454 -0.602913320 9.485379219 0.003504125 -0.039924849 0.002235095 0.999194026
1439803856.824373 -1.030560970 -0.604073763 9.497636795 0.003126430 -0.031980168 0.002246029 0.999481082
1439803856.886876 -1.030522108 -0.604795933 9.509585381 0.003075140 -0.023147387 0.002243270 0.999724805
1439803856.949376 -1.030042768 -0.605350018 9.521300316 0.003235814 -0.013751258 0.002290858 0.999897599
1439803857.011879 -1.028559685 -0.606263220 9.533056259 0.002634140 -0.003589461 0.003012948 0.999985516
1439803857.074381 -1.027174830 -0.606804192 9.544782639 0.002189955 0.007979034 0.003450204 0.999959826
1439803857.136880 -1.025108695 -0.607461691 9.556425095 0.001572918 0.020274105 0.004177534 0.999784470
1439803857.199385 -1.023034453 -0.608088493 9.567803383 0.001100500 0.034033604 0.004416537 0.999410331
1439803857.261884 -1.020570278 -0.608558834 9.579050064 0.000655306 0.048686888 0.005173403 0.998800516
1439803857.324384 -1.017280817 -0.609221339 9.590235710 0.000102878 0.063793130 0.006042033 0.997944832
1439803857.386887 -1.013637543 -0.609851778 9.601234436 -0.000364492 0.079527110 0.006820575 0.996809304
1439803857.449389 -1.009869099 -0.610530198 9.611748695 -0.000680046 0.095743299 0.008589529 0.995368779
1439803857.511889 -1.005491495 -0.611255288 9.621737480 -0.000986468 0.112386413 0.010547698 0.993608117
1439803857.574391 -1.000596523 -0.611783445 9.632239342 -0.001110476 0.129992977 0.011654291 0.991445780
1439803857.636893 -0.995257378 -0.612139642 9.642117500 -0.001466965 0.147972777 0.012954750 0.988905489
1439803857.699394 -0.989569664 -0.612619281 9.652074814 -0.002736147 0.166733518 0.014610878 0.985889971
1439803857.761894 -0.983499527 -0.612764239 9.661669731 -0.004176049 0.185915515 0.016028738 0.982426107
1439803857.824398 -0.976876736 -0.613014162 9.670879364 -0.005703630 0.205405295 0.018739440 0.978480935
1439803857.886898 -0.969830751 -0.613198161 9.680058479 -0.007297698 0.225444943 0.020935073 0.974003613
1439803857.949400 -0.962175369 -0.613327861 9.688776016 -0.008829257 0.245787293 0.023715487 0.968993366
1439803858.011905 -0.954064369 -0.613334060 9.697540283 -0.010484403 0.266691178 0.026390441 0.963363588
1439803858.074401 -0.945685863 -0.613307118 9.705600739 -0.012164691 0.287451625 0.028785016 0.957285225
1439803858.136906 -0.936658859 -0.613197327 9.713737488 -0.013550866 0.308151454 0.030963177 0.950736701
1439803858.199409 -0.927485943 -0.613066077 9.721560478 -0.015440910 0.329106331 0.032837916 0.943595409
1439803858.261905 -0.917487621 -0.612878323 9.728731155 -0.017643707 0.349294394 0.035412025 0.936177373
1439803858.324408 -0.907495022 -0.612675965 9.736059189 -0.019791987 0.370212346 0.037004951 0.927998781
1439803858.386910 -0.896548271 -0.612148046 9.743009567 -0.021265430 0.390415698 0.038028065 0.919607103
1439803858.449412 -0.885637760 -0.611594498 9.749824524 -0.023330864 0.410351753 0.037168268 0.910870850
1439803858.511912 -0.874304295 -0.611160219 9.755851746 -0.024529310 0.429421306 0.037639014 0.901986122
1439803858.574413 -0.863019943 -0.610821009 9.761925697 -0.025813429 0.448603362 0.038535994 0.892526567
1439803858.636915 -0.850527048 -0.609969139 9.767293930 -0.026181480 0.466208816 0.040756676 0.883347452
1439803858.699418 -0.837876558 -0.609169841 9.772515297 -0.026605537 0.483316511 0.043102663 0.873979092
1439803858.761921 -0.824882269 -0.608329535 9.777328491 -0.026061520 0.499330789 0.045875076 0.864803493
1439803858.824422 -0.812110424 -0.607638299 9.781837463 -0.025940115 0.514544904 0.047696315 0.855742812
1439803858.886921 -0.798927784 -0.606755376 9.786165237 -0.026456462 0.528738558 0.048038028 0.847011209
1439803858.949422 -0.785507441 -0.606015563 9.790589333 -0.027857503 0.542352557 0.047804374 0.838327169
1439803859.011923 -0.771791458 -0.605122924 9.794845581 -0.029446591 0.554956257 0.047460079 0.830002367
1439803859.074423 -0.758111477 -0.604514778 9.798566818 -0.031206165 0.566255093 0.047095425 0.822291493
1439803859.136927 -0.743796110 -0.603736043 9.802564621 -0.032180544 0.576698601 0.046422958 0.815001845
1439803859.199428 -0.729772568 -0.602972031 9.805797577 -0.031229246 0.585950553 0.047317993 0.808361053
1439803859.261928 -0.715571404 -0.602289557 9.808759689 -0.029636005 0.594211578 0.048035122 0.802325964
1439803859.324432 -0.700472713 -0.601343930 9.811901093 -0.027583856 0.601278245 0.048555419 0.797085881
1439803859.386931 -0.686053634 -0.600409746 9.814995766 -0.025937965 0.607617676 0.048555609 0.792319596
1439803859.449434 -0.671155930 -0.600146651 9.817558289 -0.025305839 0.612722516 0.048398204 0.788408697
1439803859.511932 -0.655297756 -0.598942697 9.821289062 -0.024932496 0.617419600 0.047664154 0.784792662
1439803859.574432 -0.639837623 -0.598189294 9.824284554 -0.025107348 0.621489942 0.047677506 0.781566918
1439803859.636936 -0.624145985 -0.597359896 9.827421188 -0.025184842 0.625362217 0.048426449 0.778423190
1439803859.699433 -0.608572483 -0.596505046 9.830273628 -0.025787493 0.628810525 0.048472483 0.775617659
1439803859.761936 -0.592567086 -0.595709562 9.833299637 -0.026274368 0.632058740 0.048639704 0.772946060
1439803859.824442 -0.575823903 -0.594963908 9.836034775 -0.026890138 0.634907305 0.048392072 0.770602286
1439803859.886937 -0.559395432 -0.594133317 9.838992119 -0.027259016 0.637674570 0.048467800 0.768296123
1439803859.949436 -0.542812705 -0.593103886 9.841726303 -0.027234524 0.640106916 0.047745965 0.766317010
1439803860.011940 -0.526294470 -0.592557013 9.844542503 -0.026670497 0.642301142 0.046486191 0.764576316
1439803860.074439 -0.509628057 -0.591991663 9.846836090 -0.025176708 0.644252717 0.044985551 0.763073325
1439803860.136937 -0.492807865 -0.591371953 9.850111961 -0.024491936 0.646247089 0.042775277 0.761534750
1439803860.199442 -0.475846291 -0.590413511 9.852890968 -0.024219465 0.647910774 0.041181654 0.760216475
1439803860.261939 -0.458928823 -0.589659452 9.855469704 -0.023875408 0.649114668 0.040755924 0.759222686
1439803860.324440 -0.441776395 -0.588869870 9.858601570 -0.023543686 0.650153100 0.041200966 0.758319914
1439803860.386941 -0.423940897 -0.588087559 9.861095428 -0.024248950 0.650732219 0.041749541 0.757770717
1439803860.449440 -0.406644583 -0.588321030 9.864393234 -0.025553549 0.651575804 0.043250326 0.756918371
1439803860.511940 -0.389176130 -0.587073743 9.866903305 -0.026395759 0.652234972 0.043293055 0.756319046
1439803860.574444 -0.371587634 -0.586174011 9.870102882 -0.027305070 0.653176367 0.042720456 0.755506456
1439803860.636944 -0.353898287 -0.585760474 9.872435570 -0.028405806 0.653886557 0.042011566 0.754891038
1439803860.699447 -0.335950255 -0.585092902 9.875206947 -0.028141266 0.654612958 0.042141605 0.754263878
1439803860.761945 -0.318397880 -0.584543705 9.877586365 -0.026827786 0.655061483 0.043323454 0.753855288
1439803860.824448 -0.300505280 -0.583473265 9.879817963 -0.025694510 0.655072868 0.044580836 0.753811598
1439803860.886950 -0.282374024 -0.582476377 9.882233620 -0.025536016 0.655222476 0.045856498 0.753610432
1439803860.949452 -0.264364123 -0.581707656 9.884801865 -0.026039081 0.655278146 0.046668448 0.753494918
1439803861.011952 -0.246509790 -0.580500960 9.887436867 -0.026555190 0.655510366 0.046863437 0.753262758
1439803861.074453 -0.228161693 -0.579921544 9.890072823 -0.026888670 0.655647039 0.047421493 0.753097057
1439803861.136955 -0.210147262 -0.579144478 9.892578125 -0.026862254 0.655701339 0.047707360 0.753032684
1439803861.199454 -0.190981627 -0.578105092 9.895334244 -0.026612168 0.655916154 0.047691964 0.752855420
1439803861.261957 -0.172109008 -0.577079415 9.898160934 -0.026425621 0.656203449 0.047302406 0.752636194
1439803861.324459 -0.154044509 -0.576088786 9.900760651 -0.026959885 0.656312883 0.046581712 0.752566755
1439803861.386961 -0.136106610 -0.575226426 9.903539658 -0.027928263 0.656399429 0.045815714 0.752502978
1439803861.449465 -0.116964936 -0.574092269 9.906822205 -0.029294763 0.656796873 0.044940021 0.752156913
1439803861.511968 -0.098060012 -0.573105574 9.909138680 -0.028737478 0.656712651 0.045515288 0.752217412
1439803861.574465 -0.078811288 -0.572070360 9.911967278 -0.028403638 0.656865120 0.046063963 0.752063572
1439803861.636970 -0.060142398 -0.571268797 9.914371490 -0.027877508 0.656886816 0.046600167 0.752031207
1439803861.699466 -0.041499257 -0.570029736 9.916994095 -0.026792107 0.657138288 0.047366582 0.751803041
1439803861.761969 -0.021858454 -0.568974853 9.919448853 -0.026185321 0.657570362 0.048002429 0.751406252
1439803861.824467 -0.003540516 -0.568453014 9.922179222 -0.026604291 0.657819569 0.048013244 0.751172662
1439803861.886967 0.015281558 -0.567247152 9.925091743 -0.027668392 0.658006072 0.047651038 0.750993907
1439803861.949470 0.034240365 -0.566417217 9.927464485 -0.028535137 0.658063173 0.048520185 0.750855744
1439803862.011970 0.053992271 -0.565252185 9.930131912 -0.029115854 0.658193767 0.049470883 0.750657022
1439803862.074470 0.073076487 -0.564009607 9.932791710 -0.028757991 0.658295214 0.050626431 0.750504732
1439803862.136974 0.091636062 -0.563274026 9.935011864 -0.028433964 0.658223569 0.051761311 0.750502527
1439803862.199476 0.110990286 -0.562231183 9.937743187 -0.028178014 0.658499002 0.052118447 0.750245750
1439803862.261977 0.129970074 -0.561216950 9.940009117 -0.027951248 0.658697307 0.052304007 0.750067234
1439803862.324478 0.149561048 -0.559841871 9.942731857 -0.027992627 0.659043908 0.052425165 0.749752760
1439803862.386980 0.168356657 -0.558859825 9.945378304 -0.027818399 0.659263790 0.052544657 0.749557495
1439803862.449480 0.188112497 -0.557778239 9.947943687 -0.026702376 0.659496069 0.052001387 0.749431670
1439803862.511979 0.207062006 -0.556994796 9.950478554 -0.024110671 0.659612238 0.051780853 0.749432564
1439803862.574486 0.226163387 -0.556182325 9.952830315 -0.022293434 0.659678519 0.051120676 0.749475837
1439803862.636984 0.245866418 -0.555311322 9.955346107 -0.021242961 0.659718990 0.050132126 0.749537468
1439803862.699485 0.264185548 -0.554519415 9.957808495 -0.020423859 0.659547210 0.049878508 0.749728262
1439803862.761987 0.284337044 -0.553389251 9.960782051 -0.020613085 0.659210026 0.050106231 0.750004411
1439803862.824489 0.304128170 -0.552649021 9.963522911 -0.020994179 0.658568382 0.051197801 0.750483632
1439803862.886989 0.323997259 -0.551789582 9.966070175 -0.021407081 0.657838523 0.052122660 0.751048207
1439803862.949491 0.344217658 -0.551122665 9.968768120 -0.021486005 0.657176197 0.052408665 0.751605690
1439803863.011991 0.363337755 -0.550108731 9.971346855 -0.021133864 0.656476676 0.051939297 0.752259314
1439803863.074492 0.382585287 -0.549277544 9.974610329 -0.020613069 0.655825257 0.051986191 0.752838492
1439803863.136997 0.402456880 -0.548310399 9.977478981 -0.020602793 0.655226529 0.051494740 0.753393590
1439803863.199496 0.421910286 -0.547206581 9.980588913 -0.020291196 0.654643655 0.051655259 0.753897667
1439803863.262001 0.441578865 -0.546619773 9.983645439 -0.020706939 0.653892219 0.051945843 0.754518270
1439803863.324500 0.461804390 -0.545602322 9.987049103 -0.021385202 0.653221130 0.052358147 0.755051911
1439803863.386997 0.481318235 -0.544668853 9.990092278 -0.021327237 0.652555287 0.053515598 0.755548000
1439803863.449501 0.501675010 -0.543163955 9.993106842 -0.020612910 0.651927233 0.054628305 0.756030262
1439803863.512002 0.521162987 -0.542630553 9.996048927 -0.020427439 0.651141524 0.055629518 0.756639123
1439803863.574499 0.540965915 -0.541976571 9.999382019 -0.020958923 0.650623798 0.055300623 0.757093906
1439803863.637001 0.561334491 -0.541158855 10.002859116 -0.021162417 0.650174499 0.054172266 0.757555723
1439803863.699501 0.580622792 -0.539929152 10.005955696 -0.020468315 0.649603844 0.053548664 0.758108437
1439803863.762004 0.600788593 -0.539012909 10.009745598 -0.020177780 0.649169564 0.052933775 0.758531332
1439803863.824506 0.620154142 -0.537968874 10.012824059 -0.019442769 0.648673236 0.052693546 0.758991718
1439803863.887008 0.640157223 -0.537022352 10.016165733 -0.019036295 0.648481250 0.052526161 0.759177625
1439803863.949511 0.660194397 -0.535918772 10.019434929 -0.018900309 0.648608625 0.052396473 0.759081185
1439803864.012008 0.680354714 -0.535304129 10.023082733 -0.019042654 0.648863494 0.052554272 0.758848846
1439803864.074509 0.699874163 -0.534262121 10.026084900 -0.020073013 0.648942947 0.052009534 0.758791804
1439803864.137011 0.720324278 -0.533479452 10.029761314 -0.021347171 0.649030089 0.051730998 0.758701563
1439803864.199513 0.740226746 -0.532561123 10.033205032 -0.022398250 0.648988307 0.052420184 0.758659720
1439803864.262016 0.760193706 -0.531654119 10.036653519 -0.024420517 0.648905694 0.052260231 0.758679032
1439803864.324520 0.780702710 -0.530269027 10.040409088 -0.024376122 0.648910046 0.053272471 0.758606374
1439803864.387019 0.801485419 -0.529314160 10.043260574 -0.023022737 0.648926854 0.054048989 0.758579314
1439803864.449521 0.822467804 -0.528703690 10.046339989 -0.021649724 0.648920000 0.053738970 0.758647680
1439803864.512019 0.842848301 -0.527670622 10.049302101 -0.020358831 0.648817003 0.052971765 0.758825421
1439803864.574521 0.862425327 -0.526776433 10.052974701 -0.020926129 0.648942709 0.051099788 0.758830905
1439803864.637026 0.883561134 -0.525628030 10.056619644 -0.021367200 0.649058998 0.050064456 0.758788109
1439803864.699527 0.903812766 -0.524856269 10.059957504 -0.021785051 0.649067938 0.049896222 0.758779645
1439803864.762031 0.924306035 -0.523884296 10.063196182 -0.021775497 0.649287701 0.050112091 0.758577704
1439803864.824526 0.945235252 -0.523368478 10.066643715 -0.020788487 0.649653494 0.051132899 0.758223951
1439803864.887028 0.965869904 -0.522530973 10.069775581 -0.020130746 0.650135756 0.051418487 0.757808983
1439803864.949529 0.986822009 -0.522007406 10.073064804 -0.020806791 0.650683284 0.050759297 0.757365108
1439803865.012030 1.006840706 -0.520284891 10.076097488 -0.020840397 0.651082575 0.050477397 0.757039785
1439803865.074534 1.028394938 -0.519787967 10.079605103 -0.020173168 0.651574492 0.051422413 0.756570876
1439803865.137036 1.049118400 -0.519154310 10.082579613 -0.019489231 0.651794195 0.052605126 0.756318212
1439803865.199535 1.069993854 -0.517977178 10.085808754 -0.019073674 0.652061999 0.052801244 0.756084204
1439803865.262037 1.091224790 -0.517178655 10.089024544 -0.018675206 0.652479947 0.053360678 0.755694211
1439803865.324538 1.112471342 -0.515679002 10.092259407 -0.019399323 0.652796924 0.053220045 0.755412161
1439803865.387043 1.133674622 -0.514789462 10.095342636 -0.019727111 0.652966499 0.053684432 0.755224168
1439803865.449540 1.154499769 -0.514067948 10.098779678 -0.019449988 0.653163433 0.054583281 0.754996598
1439803865.512042 1.175415158 -0.513157070 10.101494789 -0.019391052 0.653228045 0.055718184 0.754859328
1439803865.574544 1.196753383 -0.512158394 10.104505539 -0.019225331 0.653259873 0.056576770 0.754772127
1439803865.637045 1.218151331 -0.511281610 10.108048439 -0.019130904 0.653579175 0.056178842 0.754527807
1439803865.699546 1.238895893 -0.510391355 10.110827446 -0.018591298 0.653657913 0.055640690 0.754512966
1439803865.762048 1.260088563 -0.509551346 10.114282608 -0.018461244 0.653661847 0.055411067 0.754529655
1439803865.824549 1.281526327 -0.508123755 10.117748260 -0.018333118 0.653601706 0.055000138 0.754614949
1439803865.887051 1.302374959 -0.507004976 10.120549202 -0.017931202 0.653247416 0.056235012 0.754840314
1439803865.949555 1.322286963 -0.505807996 10.123527527 -0.017180964 0.652931333 0.058508765 0.754958391
1439803866.012053 1.344794869 -0.505230546 10.126997948 -0.018057579 0.652784109 0.059168395 0.755013883
1439803866.074557 1.365620613 -0.504134595 10.130286217 -0.019970611 0.652616680 0.058361646 0.755173206
1439803866.137056 1.386749148 -0.503200173 10.134123802 -0.021639850 0.652528822 0.057013597 0.755306125
1439803866.199557 1.407607317 -0.502003551 10.137606621 -0.021747816 0.652445853 0.055631470 0.755477726
1439803866.262060 1.428825378 -0.501202941 10.140678406 -0.021281913 0.651891232 0.055457767 0.755982399
1439803866.324560 1.449764967 -0.500003099 10.143568993 -0.020480040 0.651411057 0.056153897 0.756366909
1439803866.387065 1.470846891 -0.498968542 10.146486282 -0.019186394 0.651235282 0.057741057 0.756432712
1439803866.449562 1.491876721 -0.497662395 10.149987221 -0.018796925 0.651147902 0.059744604 0.756362140
1439803866.512067 1.512374163 -0.496158004 10.152647972 -0.019256005 0.650994599 0.062336758 0.756273329
1439803866.574567 1.533897400 -0.495107681 10.156068802 -0.019447275 0.651036322 0.064562537 0.756045759
1439803866.637069 1.554893732 -0.494013906 10.159017563 -0.018425001 0.650820613 0.064735100 0.756242275
1439803866.699569 1.575706482 -0.493106544 10.162361145 -0.016109321 0.650813818 0.063003100 0.756447256
1439803866.762070 1.596109271 -0.492721647 10.165416718 -0.013098717 0.651016653 0.059561294 0.756609678
1439803866.824572 1.616960287 -0.491888314 10.168446541 -0.008800475 0.651332736 0.057711374 0.756543219
1439803866.887076 1.637155294 -0.490631104 10.171237946 -0.005959438 0.651533723 0.056348260 0.756500661
1439803866.949578 1.658763647 -0.490187615 10.174746513 -0.006175927 0.651953459 0.056532584 0.756123424
1439803867.012075 1.679460883 -0.489334136 10.177842140 -0.007595986 0.652194977 0.059060346 0.755708873
1439803867.074582 1.700221658 -0.488805711 10.181007385 -0.010826072 0.652435482 0.061305106 0.755282998
1439803867.137078 1.721629620 -0.487671494 10.184048653 -0.013689074 0.652533472 0.062650435 0.755041480
1439803867.199580 1.742258668 -0.486590505 10.187074661 -0.015916711 0.652723730 0.062802687 0.754820645
1439803867.262081 1.763080835 -0.485550433 10.190195084 -0.017463535 0.653046727 0.063124768 0.754480124
1439803867.324582 1.784087300 -0.484259725 10.193209648 -0.019552724 0.653183401 0.062659845 0.754349291
1439803867.387087 1.805359483 -0.483173937 10.196491241 -0.021345813 0.653524280 0.061698131 0.754084647
1439803867.449588 1.826328993 -0.481889606 10.199488640 -0.021920325 0.654040337 0.061696965 0.753620744
1439803867.512088 1.846760869 -0.480736285 10.202668190 -0.021588018 0.654648304 0.061531655 0.753115773
1439803867.574591 1.867194891 -0.479871541 10.205420494 -0.020086154 0.655198753 0.058982663 0.752882600
1439803867.637089 1.887864351 -0.479277223 10.208889008 -0.018289192 0.656312704 0.054283209 0.752311349
1439803867.699591 1.909152150 -0.478331625 10.211793900 -0.015380516 0.657207191 0.051392991 0.751798451
1439803867.762093 1.929878354 -0.477404296 10.214221954 -0.013525481 0.657590091 0.049812581 0.751605690
1439803867.824594 1.949794412 -0.476692826 10.217126846 -0.014076949 0.657733738 0.049646873 0.751480818
1439803867.887097 1.971117139 -0.475891978 10.219865799 -0.017026085 0.658009768 0.050247446 0.751138151
1439803867.949597 1.991829872 -0.474999905 10.222682953 -0.019417251 0.658570349 0.051831961 0.750480831
1439803868.012099 2.012448788 -0.474715769 10.225147247 -0.020808088 0.658937752 0.051921375 0.750114799
1439803868.074601 2.034078360 -0.473918676 10.228663445 -0.019029664 0.659512579 0.051366888 0.749694943
1439803868.137099 2.055383682 -0.473261178 10.230939865 -0.016445385 0.660308719 0.049447361 0.749184191
1439803868.199599 2.075463057 -0.472687989 10.233280182 -0.013723236 0.661007464 0.047617104 0.748741210
1439803868.262101 2.096825123 -0.471599311 10.236138344 -0.013216437 0.661910355 0.047160432 0.747981191
1439803868.324604 2.117197037 -0.470874727 10.238312721 -0.013625261 0.662334085 0.050788321 0.747361004
1439803868.387101 2.138034344 -0.469929338 10.240610123 -0.015220198 0.662667513 0.054468319 0.746775270
1439803868.449603 2.159368038 -0.469508141 10.242883682 -0.016351121 0.663052976 0.055816978 0.746309459
1439803868.574603 2.201209068 -0.469117194 10.247640610 -0.008434683 0.665274739 0.050930511 0.744811654
1439803868.637103 2.220928192 -0.468505561 10.250404358 -0.004934179 0.666267276 0.042150371 0.744504511
1439803868.699606 2.242316723 -0.467895448 10.253124237 -0.008140839 0.667191386 0.033294953 0.744097292
1439803868.762105 2.262092113 -0.467507660 10.255631447 -0.010364816 0.667909145 0.032012265 0.743481755
1439803868.824605 2.283933640 -0.466588736 10.257749557 -0.011473488 0.667757809 0.036680665 0.743385792
1439803868.949609 2.325935364 -0.464954376 10.261730194 -0.019743983 0.667020380 0.044839870 0.743426740
1439803869.012110 2.346649647 -0.464779913 10.264059067 -0.020290904 0.667885482 0.046447765 0.742536128
1439803869.074614 2.366223574 -0.464080960 10.266721725 -0.019123672 0.668439686 0.046147831 0.742086947
1439803869.137113 2.387171268 -0.463713259 10.269113541 -0.018450886 0.668855190 0.043899927 0.741865933
1439803869.199614 2.407077551 -0.462739974 10.271115303 -0.016568422 0.669161677 0.042026412 0.741742432
1439803869.262114 2.427348614 -0.462165892 10.273392677 -0.016556889 0.669505298 0.041776456 0.741446733
1439803869.324615 2.448532581 -0.461388677 10.276586533 -0.016405251 0.669952869 0.043442655 0.740949929
1439803869.387118 2.468019962 -0.460680246 10.278184891 -0.015846901 0.669719219 0.045841545 0.741028786
1439803869.449618 2.487099648 -0.461112827 10.280575752 -0.016926091 0.669928133 0.048334911 0.740657508
1439803869.512119 2.504104137 -0.460873395 10.283175468 -0.016162504 0.670008123 0.051006272 0.740423024
1439803869.574621 2.524946213 -0.460561335 10.286151886 -0.017153155 0.670451224 0.050692406 0.740021110
1439803869.637121 2.548245430 -0.458602011 10.287019730 -0.016954631 0.670449734 0.050271008 0.740055740
1439803869.699621 2.570311546 -0.458047420 10.290809631 -0.017815657 0.671377242 0.050842039 0.739155114
1439803869.762122 2.586705208 -0.458297133 10.294671059 -0.016210631 0.671576738 0.053968228 0.738789022
1439803869.824622 2.607433081 -0.456840396 10.294360161 -0.019443313 0.671225846 0.053499635 0.739063978
1439803869.887122 2.628035545 -0.456140101 10.296842575 -0.022206962 0.671525955 0.050545067 0.738921463
1439803869.949626 2.647484064 -0.455773413 10.299736023 -0.021901621 0.671980798 0.048163332 0.738676071
1439803870.012124 2.667078018 -0.455611885 10.302330971 -0.018967565 0.672464609 0.046323393 0.738434672
1439803870.074625 2.686053276 -0.455028206 10.305273056 -0.014929358 0.673062921 0.044669136 0.738084078
1439803870.137126 2.705505610 -0.455321491 10.306690216 -0.011467245 0.672924638 0.043544922 0.738339186
1439803870.199626 2.729994297 -0.453870863 10.309790611 -0.012880382 0.674560368 0.040862020 0.736975372
1439803870.262126 2.745964050 -0.452746958 10.309259415 -0.011636038 0.673939764 0.042470843 0.737472773
1439803870.324631 2.765551329 -0.452159226 10.311418533 -0.013796011 0.674211979 0.043502238 0.737126410
1439803870.387128 2.785580158 -0.451178104 10.312672615 -0.016366020 0.673968494 0.044298206 0.737249136
1439803870.449628 2.806233883 -0.451121092 10.315808296 -0.018642882 0.674654126 0.044741955 0.736540794
1439803870.512131 2.826879025 -0.449861109 10.317917824 -0.017841507 0.675146937 0.046107236 0.736024737
1439803870.574632 2.846851826 -0.449528933 10.318632126 -0.016144102 0.675002992 0.047849353 0.736084700
1439803870.637134 2.867117882 -0.448615938 10.320514679 -0.014732375 0.675456941 0.047439270 0.735724390
1439803870.699634 2.886659384 -0.448409855 10.322392464 -0.013933945 0.676219225 0.047236916 0.735052407
1439803870.762138 2.906255245 -0.447793543 10.323821068 -0.012967565 0.676815987 0.047141053 0.734526813
1439803870.824637 2.927213430 -0.446572900 10.325863838 -0.013275310 0.677442133 0.046179537 0.734005034
1439803870.887139 2.947681665 -0.446068048 10.327861786 -0.013956128 0.677739441 0.045798726 0.733741760
1439803870.949641 2.967330933 -0.445613921 10.329413414 -0.014880851 0.677798331 0.045511905 0.733687103
1439803871.012141 2.988282204 -0.444928408 10.331078529 -0.015906835 0.678052843 0.045513310 0.733430266
1439803871.074643 3.008334160 -0.444206357 10.332978249 -0.016138686 0.678327322 0.045925945 0.733145595
1439803871.137144 3.028656960 -0.443324000 10.334331512 -0.016005574 0.678594351 0.046453234 0.732868135
1439803871.199646 3.048799515 -0.442831010 10.335696220 -0.016098639 0.678842187 0.046598010 0.732627273
1439803871.262146 3.069650412 -0.442217201 10.337413788 -0.016643414 0.679269791 0.045849133 0.732265949
1439803871.324651 3.090413094 -0.441385359 10.339677811 -0.017436851 0.679948390 0.044544708 0.731697977
1439803871.387151 3.110108852 -0.440912604 10.341216087 -0.017300937 0.680219769 0.043678630 0.731501102
1439803871.449651 3.130489111 -0.440413654 10.342573166 -0.017437350 0.680343330 0.042381063 0.731459320
1439803871.512152 3.151346922 -0.439806789 10.344494820 -0.017559901 0.680729508 0.041902173 0.731124640
1439803871.574654 3.171946764 -0.439005852 10.345570564 -0.016856402 0.680921555 0.042191330 0.730945706
1439803871.637160 3.191840172 -0.438532084 10.347400665 -0.016157752 0.681421638 0.042709704 0.730465174
1439803871.699660 3.212571621 -0.437797278 10.348875999 -0.016393386 0.681756735 0.043041609 0.730127692
1439803871.762158 3.232755661 -0.437311828 10.350340843 -0.017888526 0.682162523 0.043403249 0.729691982
1439803871.824661 3.253224611 -0.436573774 10.351802826 -0.019788072 0.682777524 0.043569595 0.729057610
1439803871.887164 3.273587704 -0.436025977 10.353179932 -0.020833828 0.683361471 0.043633379 0.728477359
1439803871.949663 3.293965101 -0.435097992 10.354628563 -0.021975791 0.684123158 0.043095283 0.727760494
1439803872.012163 3.314417362 -0.434333920 10.355945587 -0.022494778 0.684860826 0.042645235 0.727077007
1439803872.074667 3.334733963 -0.433635086 10.357003212 -0.021975188 0.685561776 0.042898413 0.726417184
1439803872.137168 3.355422735 -0.432822108 10.358013153 -0.021547653 0.686293721 0.043003254 0.725732327
1439803872.199668 3.375988483 -0.431978136 10.359065056 -0.021592233 0.686942279 0.043195527 0.725105643
1439803872.262172 3.395905972 -0.431289047 10.360478401 -0.021856694 0.687891483 0.043098405 0.724203110
1439803872.324671 3.416364431 -0.430486411 10.361633301 -0.020990673 0.688787043 0.042883009 0.723389804
1439803872.387174 3.436464310 -0.430166900 10.362305641 -0.019659813 0.689396679 0.042761426 0.722853541
1439803872.449673 3.457615376 -0.429333419 10.363444328 -0.018362720 0.689994931 0.042125367 0.722353935
1439803872.512176 3.477813005 -0.428740382 10.364457130 -0.018316953 0.690642118 0.041240200 0.721787512
1439803872.574676 3.499093294 -0.427937269 10.365675926 -0.018285450 0.691310763 0.041221969 0.721148968
1439803872.637177 3.519248962 -0.426945537 10.366813660 -0.019918589 0.691934407 0.040968653 0.720521748
1439803872.699679 3.539704561 -0.426649719 10.367313385 -0.021111932 0.692225754 0.041393261 0.720183492
1439803872.762181 3.559801340 -0.426303506 10.368408203 -0.021347243 0.692879558 0.042249180 0.719497859
1439803872.824681 3.580308437 -0.425906211 10.368818283 -0.020454647 0.693560302 0.042901970 0.718829036
1439803872.887189 3.600408316 -0.425215095 10.369160652 -0.019722911 0.694197178 0.043075491 0.718223989
1439803872.949684 3.621125221 -0.424255282 10.370092392 -0.020555388 0.695208967 0.041684285 0.717303574
1439803873.012186 3.641361713 -0.423307091 10.370872498 -0.020788904 0.696057796 0.041519281 0.716482699
1439803873.074687 3.661688805 -0.422618598 10.371589661 -0.021288808 0.696986914 0.041574355 0.715561032
1439803873.137189 3.682019711 -0.422115654 10.371859550 -0.022536691 0.697550774 0.041558135 0.714974046
1439803873.199693 3.702607632 -0.421076745 10.372423172 -0.025657320 0.698231041 0.042184953 0.714167714
1439803873.262193 3.722947359 -0.420200616 10.372978210 -0.027586630 0.699233890 0.042120893 0.713117599
1439803873.324693 3.743169069 -0.419537663 10.373154640 -0.027150137 0.700615823 0.043048613 0.711721301
1439803873.387194 3.763289452 -0.418908477 10.372981071 -0.025016621 0.702003539 0.044757918 0.710325241
1439803873.449695 3.783499718 -0.417955041 10.373186111 -0.024589539 0.703613222 0.043419480 0.708829045
1439803873.512198 3.803756952 -0.417355955 10.373115540 -0.023158122 0.705339074 0.041883469 0.707252622
1439803873.574698 3.823667049 -0.416811109 10.373051643 -0.021138066 0.707241952 0.041935783 0.705410123
1439803873.637203 3.843443871 -0.416252017 10.372576714 -0.019927714 0.708721936 0.040850684 0.704022229
1439803873.699703 3.863251448 -0.415648073 10.372509956 -0.020601211 0.710088372 0.038595520 0.702752054
1439803873.762205 3.883373976 -0.415158093 10.372018814 -0.020801218 0.711521506 0.037776001 0.701339722
1439803873.824706 3.903089046 -0.414513737 10.371646881 -0.020548116 0.713075519 0.037089970 0.699803770
1439803873.887205 3.923344374 -0.413684249 10.371153831 -0.019963166 0.714343965 0.037062645 0.698527396
1439803873.949710 3.942561865 -0.413491547 10.370417595 -0.019398518 0.715489686 0.038648091 0.697283685
1439803874.012208 3.962406874 -0.412928313 10.369490623 -0.019369373 0.716820776 0.039528217 0.695866585
1439803874.074709 3.982373476 -0.412221283 10.368789673 -0.019882344 0.718334675 0.040553700 0.694230080
1439803874.137214 4.001942635 -0.411890298 10.368023872 -0.020240881 0.719978809 0.041494522 0.692458689
1439803874.199714 4.022068977 -0.411150038 10.366865158 -0.020187253 0.721377313 0.042304743 0.690954030
1439803874.262216 4.041330338 -0.410402060 10.365831375 -0.020463908 0.722760439 0.044290148 0.689374328
1439803874.324716 4.061143875 -0.409598500 10.364592552 -0.020604810 0.723950982 0.045151226 0.688063800
1439803874.387217 4.079993248 -0.409074306 10.363368988 -0.020639470 0.725588977 0.045653310 0.686301947
1439803874.449718 4.100434303 -0.408123910 10.361830711 -0.019003548 0.727348864 0.047048558 0.684389472
1439803874.512223 4.120034218 -0.407507837 10.360221863 -0.017374333 0.728943169 0.049449008 0.682564914
1439803874.574723 4.140631199 -0.406219602 10.358732224 -0.015640307 0.730604410 0.049554665 0.680820763
1439803874.637223 4.159753799 -0.405713022 10.356884003 -0.016905215 0.732225716 0.048980486 0.679087996
1439803874.699727 4.178038597 -0.405147135 10.355579376 -0.019591922 0.733983397 0.047061775 0.677251637
1439803874.824728 4.217594147 -0.402951181 10.352810860 -0.024489189 0.736779392 0.043500163 0.674287856
1439803874.887227 4.236872196 -0.402723789 10.350820541 -0.023927430 0.738081276 0.044746425 0.672801077
1439803874.949728 4.256304741 -0.401703238 10.348525047 -0.021292210 0.739176810 0.047528584 0.671494782
1439803875.012229 4.275087357 -0.400907159 10.346364021 -0.020321971 0.740382195 0.048656706 0.670114696
1439803875.137235 4.313219547 -0.399357855 10.342572212 -0.019953640 0.743583500 0.044332255 0.666873336
1439803875.199734 4.332500458 -0.398989141 10.340338707 -0.019349344 0.744737267 0.042806674 0.665702283
1439803875.262232 4.351264000 -0.398420900 10.338122368 -0.018299794 0.745490253 0.042556483 0.664904714
1439803875.324732 4.370409966 -0.397624224 10.335962296 -0.017638123 0.746193469 0.042378284 0.664144814
1439803875.449734 4.408268452 -0.396161735 10.330887794 -0.015506353 0.747224152 0.047553189 0.662687182
1439803875.512236 4.427455902 -0.395419568 10.328396797 -0.014709464 0.747467339 0.049827117 0.662263870
1439803875.574734 4.445777893 -0.394815832 10.326185226 -0.014489682 0.747734487 0.050715566 0.661899626
1439803875.637239 4.464991093 -0.394105107 10.324253082 -0.014182581 0.748202145 0.050131686 0.661422193
1439803875.699739 4.484246254 -0.393671274 10.321607590 -0.014844695 0.748647869 0.048580673 0.661018848
1439803875.824736 4.521946430 -0.392049849 10.316769600 -0.012982162 0.749104679 0.047185820 0.660641432
1439803875.887237 4.540902138 -0.391755432 10.314823151 -0.012432237 0.749509156 0.046374824 0.660250604
1439803875.949739 4.559457779 -0.391387135 10.312276840 -0.010810828 0.749580741 0.046252292 0.660206437
1439803876.012241 4.577720642 -0.391132683 10.309920311 -0.009605202 0.749532759 0.046329364 0.660274148
1439803876.074741 4.597549915 -0.390258104 10.307149887 -0.008378001 0.749536037 0.046989441 0.660240471
1439803876.199743 4.634590149 -0.389057666 10.302915573 -0.009065772 0.749286652 0.047295887 0.660492599
1439803876.262246 4.653295517 -0.388573736 10.300681114 -0.009949751 0.749108493 0.047478713 0.660668790
1439803876.324748 4.672150135 -0.387812763 10.298367500 -0.010880830 0.748786747 0.048188835 0.660967350
1439803876.387247 4.690883636 -0.387107342 10.296053886 -0.011474467 0.748551667 0.049074445 0.661158383
1439803876.449749 4.708901882 -0.386483341 10.293774605 -0.011168587 0.748172522 0.049839068 0.661535501
1439803876.512250 4.727593422 -0.386070758 10.291591644 -0.011596617 0.747930050 0.050136514 0.661779761
1439803876.574751 4.746201515 -0.384727448 10.289011002 -0.011919652 0.747672558 0.050403997 0.662044644
1439803876.637253 4.764390945 -0.384045422 10.286259651 -0.013393060 0.747438550 0.050244313 0.662292778
1439803876.699754 4.783770561 -0.383289248 10.284715652 -0.014463236 0.747340262 0.049722962 0.662420571
1439803876.762256 4.802417278 -0.383010149 10.283154488 -0.015791664 0.747143984 0.049632598 0.662618399
1439803876.824757 4.820885658 -0.381859004 10.280953407 -0.016366521 0.746724784 0.049909014 0.663056076
1439803876.887258 4.839350700 -0.381205350 10.278712273 -0.016311338 0.746404707 0.050497752 0.663373172
1439803876.949759 4.859313011 -0.380362302 10.276283264 -0.015913539 0.746152759 0.050814383 0.663641989
1439803877.012261 4.877768517 -0.380011916 10.274723053 -0.016748259 0.746043444 0.051792797 0.663668692
1439803877.074768 4.896703243 -0.379126400 10.272759438 -0.018005941 0.746052206 0.051410768 0.663655639
1439803877.137263 4.915299892 -0.378513098 10.271035194 -0.017791737 0.746240079 0.049866810 0.663568020
1439803877.199765 4.933526516 -0.377980411 10.268837929 -0.016390037 0.746556163 0.047250483 0.663440049
1439803877.262269 4.952067852 -0.377256542 10.266647339 -0.015076744 0.746848643 0.043757070 0.663381577
1439803877.324768 4.971655369 -0.376542121 10.264586449 -0.013670408 0.747347653 0.040345289 0.663066268
1439803877.387269 4.989869118 -0.376115888 10.262603760 -0.012359512 0.747914433 0.037611634 0.662613451
1439803877.449771 5.008472443 -0.375720501 10.260139465 -0.012086111 0.748305619 0.036964670 0.662213206
1439803877.512274 5.027660370 -0.375087857 10.257919312 -0.012770695 0.748633265 0.037708860 0.661787868
1439803877.574773 5.046465397 -0.374684662 10.255557060 -0.014789318 0.748771191 0.038891379 0.661521375
1439803877.637272 5.064884186 -0.373853952 10.253427505 -0.016850026 0.748957455 0.040292632 0.661177158
1439803877.699776 5.083773613 -0.373411328 10.251291275 -0.018064970 0.749237835 0.042769447 0.660671711
1439803877.762274 5.103250027 -0.372705042 10.249394417 -0.019484619 0.749751568 0.043650743 0.659990609
1439803877.824774 5.121333122 -0.372052103 10.246951103 -0.020040900 0.749954760 0.043697365 0.659739912
1439803877.887278 5.139761448 -0.371503800 10.244815826 -0.020361580 0.750303507 0.043320019 0.659358323
1439803877.949776 5.158301353 -0.370733440 10.242484093 -0.019928351 0.750649214 0.042814322 0.659011066
1439803878.012276 5.177442551 -0.370371699 10.239601135 -0.018758159 0.750846684 0.042443547 0.658844352
1439803878.074778 5.196054459 -0.369774491 10.237378120 -0.018438369 0.751146913 0.041447923 0.658574581
1439803878.137278 5.214785099 -0.368901879 10.234862328 -0.018843155 0.751335621 0.040781144 0.658389390
1439803878.199778 5.233820438 -0.368384421 10.232718468 -0.018772691 0.751652658 0.041076384 0.658011079
1439803878.262279 5.252085209 -0.367764115 10.230171204 -0.018932721 0.751623750 0.041051850 0.658041060
1439803878.324781 5.270730972 -0.366924614 10.227396965 -0.019409018 0.751748085 0.040991385 0.657888889
1439803878.387279 5.289497852 -0.366325349 10.225131989 -0.019795345 0.751949668 0.041737691 0.657600045
1439803878.449780 5.307969093 -0.365668416 10.222599030 -0.020097351 0.752248645 0.043192692 0.657154799
1439803878.574781 5.345476151 -0.364301324 10.217334747 -0.019729927 0.752824128 0.045471914 0.656352699
1439803878.637281 5.364321232 -0.363823920 10.215069771 -0.022193490 0.753238201 0.043570038 0.655927837
1439803878.699786 5.383217812 -0.363117367 10.212673187 -0.023147091 0.753780663 0.041059498 0.655433416
1439803878.762283 5.401806831 -0.362644851 10.210211754 -0.022296490 0.754194915 0.039041564 0.655109584
1439803878.824784 5.419802666 -0.362482160 10.207302094 -0.020970585 0.754314840 0.037364461 0.655113101
1439803878.887287 5.437965870 -0.362106889 10.204400063 -0.019942662 0.754278779 0.037270002 0.655192137
1439803878.949784 5.456529140 -0.361758232 10.201357841 -0.019078029 0.754500806 0.038199291 0.654908657
1439803879.012288 5.474478245 -0.361716062 10.199219704 -0.020121593 0.755108476 0.039542161 0.654096901
1439803879.074787 5.492786407 -0.361368388 10.197306633 -0.021483524 0.755739510 0.040947463 0.653237760
1439803879.137287 5.511280060 -0.360790402 10.194892883 -0.022459814 0.756143332 0.042141713 0.652661324
1439803879.199786 5.529814720 -0.359229237 10.191235542 -0.021319626 0.755926013 0.042360656 0.652937114
1439803879.262288 5.548855782 -0.358135879 10.189100266 -0.019198550 0.756607711 0.042603318 0.652197123
1439803879.324790 5.566781044 -0.357630819 10.186469078 -0.018287174 0.756730378 0.042203289 0.652107000
1439803879.387291 5.584896088 -0.356970906 10.183605194 -0.017685441 0.756764233 0.041693058 0.652117133
1439803879.449793 5.602718830 -0.356276393 10.180822372 -0.017440854 0.756719232 0.041702680 0.652175367
1439803879.512292 5.621178627 -0.355279148 10.179033279 -0.017329285 0.757046878 0.041742139 0.651795387
1439803879.574793 5.639463425 -0.354800493 10.175737381 -0.017556643 0.756815493 0.042211335 0.652027845
1439803879.637295 5.656884670 -0.354003876 10.173050880 -0.017900199 0.756697297 0.042757843 0.652120054
1439803879.699801 5.674653530 -0.353500754 10.170827866 -0.017663144 0.756831110 0.043637704 0.651912987
1439803879.762301 5.692063332 -0.352819473 10.168602943 -0.018181378 0.756893814 0.044260502 0.651783884
1439803879.824804 5.709887505 -0.351790279 10.166201591 -0.018503347 0.756972432 0.044021498 0.651699662
1439803879.887304 5.728419304 -0.351878494 10.162832260 -0.019751610 0.756971061 0.043534249 0.651697338
1439803879.949802 5.745829582 -0.351064533 10.160472870 -0.019899655 0.757033944 0.043126941 0.651646852
1439803880.012303 5.763254166 -0.350656778 10.158295631 -0.020118445 0.757162213 0.043143295 0.651490033
1439803880.074804 5.780542850 -0.350104183 10.155772209 -0.020226307 0.756955385 0.042540889 0.651766598
1439803880.137303 5.798642635 -0.349397957 10.152891159 -0.019618034 0.756975889 0.041786365 0.651810229
1439803880.199806 5.816177368 -0.348644644 10.150233269 -0.018569013 0.757128477 0.041198865 0.651701093
1439803880.262306 5.833532333 -0.348218113 10.147948265 -0.017345158 0.757419825 0.041658081 0.651366949
1439803880.324807 5.851200104 -0.347852916 10.144849777 -0.016931608 0.757539213 0.041669995 0.651238203
1439803880.387310 5.868186951 -0.347087145 10.142545700 -0.017328199 0.757638097 0.041160524 0.651145160
1439803880.449812 5.886072159 -0.346552163 10.139689445 -0.018388845 0.757867873 0.040863328 0.650867343
1439803880.512315 5.903754234 -0.346115381 10.137263298 -0.019034486 0.758158088 0.041145653 0.650492907
1439803880.574812 5.921089172 -0.345583975 10.134526253 -0.019592967 0.758355856 0.041207705 0.650241792
1439803880.637314 5.938669205 -0.344741940 10.132196426 -0.019590888 0.758766353 0.041183613 0.649764419
1439803880.699815 5.955897331 -0.344057262 10.129455566 -0.020107547 0.759084642 0.040997088 0.649388552
1439803880.762319 5.974124432 -0.343864620 10.126257896 -0.019499531 0.759549081 0.041597772 0.648825526
1439803880.824820 5.991599083 -0.342790335 10.123521805 -0.019643046 0.760285437 0.041305974 0.647976875
1439803880.887319 6.009282589 -0.342129976 10.120789528 -0.019807018 0.761046112 0.040963277 0.647100151
1439803880.949824 6.026626587 -0.341337949 10.117686272 -0.019706104 0.761650145 0.041107871 0.646382868
1439803881.012324 6.045129299 -0.340738922 10.114827156 -0.020053972 0.762415946 0.041845705 0.645421386
1439803881.074826 6.062909126 -0.340088546 10.111683846 -0.020028701 0.762984157 0.042159744 0.644729853
1439803881.137328 6.080776215 -0.339475930 10.108627319 -0.019088889 0.763612270 0.042325057 0.644003451
1439803881.199827 6.098342896 -0.338966459 10.105623245 -0.018541897 0.764256597 0.041721627 0.643294036
1439803881.262328 6.117004395 -0.338286698 10.102406502 -0.017958345 0.765025198 0.041065969 0.642438829
1439803881.324828 6.134789467 -0.337743789 10.099256516 -0.017035993 0.765739679 0.041161608 0.641606033
1439803881.387329 6.153041363 -0.337176472 10.095884323 -0.016524062 0.766530216 0.040573236 0.640712321
1439803881.449830 6.171728134 -0.336316973 10.092804909 -0.016632888 0.767578244 0.040548492 0.639455020
1439803881.512331 6.189279079 -0.335742325 10.089363098 -0.015634149 0.768463433 0.041565858 0.638350844
1439803881.574833 6.207012177 -0.335197538 10.085998535 -0.015319478 0.769477785 0.041782383 0.637121260
1439803881.637337 6.225493431 -0.334454745 10.082051277 -0.015435261 0.770234406 0.041505169 0.636221647
1439803881.699836 6.243561745 -0.334091485 10.078629494 -0.015166056 0.770948291 0.042103820 0.635323524
1439803881.762337 6.263395309 -0.333212107 10.074729919 -0.016515767 0.771748960 0.041902553 0.634330332
1439803881.824839 6.281517029 -0.332625061 10.071347237 -0.019676417 0.772369981 0.041403871 0.633516550
1439803881.887340 6.300321579 -0.331487060 10.067542076 -0.021854889 0.772914052 0.041674439 0.632763326
1439803881.949844 6.318915844 -0.331149787 10.063459396 -0.022873387 0.773419857 0.042644478 0.632044256
1439803882.012343 6.338008881 -0.330124646 10.060083389 -0.022528328 0.774219751 0.043350220 0.631028533
1439803882.074844 6.355877876 -0.329524755 10.056398392 -0.021185741 0.774602354 0.043470532 0.630597055
1439803882.137347 6.374883652 -0.329043686 10.051862717 -0.018486599 0.774943292 0.043517027 0.630259871
1439803882.199851 6.392539978 -0.328594595 10.048613548 -0.016565118 0.775521338 0.042413469 0.629677176
1439803882.262348 6.410617828 -0.327784806 10.044686317 -0.015378559 0.775736868 0.042440567 0.629439950
1439803882.324850 6.430358887 -0.326974332 10.040479660 -0.014817912 0.775941491 0.043125950 0.629154563
1439803882.387352 6.448571682 -0.326053053 10.037037849 -0.015873082 0.775938928 0.043678489 0.629093826
1439803882.449853 6.470113277 -0.325279832 10.031935692 -0.016647480 0.775894940 0.044882618 0.629043281
1439803882.512354 6.489249229 -0.324636579 10.027866364 -0.016365614 0.775627255 0.046411850 0.629269779
1439803882.574856 6.508348942 -0.324010134 10.023934364 -0.015225526 0.775142252 0.047891758 0.629785001
1439803882.637357 6.527218819 -0.323101729 10.019632339 -0.013765336 0.774546742 0.048777509 0.630482852
1439803882.699861 6.546409607 -0.322818428 10.016153336 -0.012751018 0.774055064 0.049095973 0.631082892
1439803882.762363 6.565578461 -0.321837664 10.011950493 -0.011426629 0.773422301 0.048377290 0.631939113
1439803882.824861 6.585044861 -0.320863634 10.008422852 -0.010906309 0.772916317 0.047674388 0.632620394
1439803882.887363 6.603737831 -0.320435882 10.004820824 -0.011161093 0.772302210 0.047248214 0.633397520
1439803882.949865 6.623402596 -0.319410086 10.001637459 -0.011029122 0.771895707 0.046841111 0.633925200
1439803883.012368 6.642363548 -0.319055974 9.997622490 -0.010045445 0.771136880 0.047144286 0.634842038
1439803883.074867 6.661688805 -0.318497837 9.994019508 -0.009308076 0.770493209 0.047470905 0.635609984
1439803883.137368 6.682476044 -0.317719460 9.990939140 -0.009537140 0.770171165 0.047220849 0.636015415
1439803883.199870 6.702285767 -0.317019224 9.986776352 -0.010002917 0.769343615 0.047212690 0.637009680
1439803883.262372 6.721350193 -0.316460758 9.983332634 -0.010744319 0.768588126 0.047482591 0.637888908
1439803883.324874 6.741751671 -0.315670967 9.979812622 -0.011252867 0.767870367 0.048354812 0.638678551
1439803883.387374 6.761182785 -0.315382719 9.976463318 -0.012235278 0.766964734 0.049659081 0.639647782
1439803883.449878 6.781479359 -0.314435929 9.972725868 -0.013549810 0.766032994 0.050277695 0.640688658
1439803883.512377 6.801840305 -0.313184887 9.969644547 -0.014042530 0.765553594 0.050489154 0.641234219
1439803883.574878 6.822095394 -0.312470138 9.966403008 -0.014487263 0.764965951 0.050143056 0.641952395
1439803883.637383 6.841812611 -0.311640829 9.962921143 -0.013974748 0.764191091 0.049734417 0.642917752
1439803883.699881 6.862370491 -0.310978770 9.959789276 -0.013205396 0.763593972 0.049346238 0.643672884
1439803883.762383 6.881961823 -0.309785992 9.956501961 -0.013466176 0.762805760 0.048337091 0.644677877
1439803883.824883 6.902488708 -0.309044033 9.954285622 -0.013573605 0.762415707 0.048344258 0.645136416
1439803883.887385 6.922407627 -0.308160037 9.950971603 -0.014079096 0.761449635 0.048180550 0.646277606
1439803883.949886 6.942722797 -0.307428330 9.947626114 -0.013606013 0.760562956 0.048725661 0.647290289
1439803884.012388 6.962869167 -0.306493551 9.944856644 -0.013547678 0.759866059 0.048443645 0.648130536
1439803884.074888 6.983627796 -0.305596292 9.942875862 -0.014922660 0.759362757 0.047200155 0.648781657
1439803884.137388 7.003171921 -0.305149227 9.939969063 -0.015519119 0.758426905 0.046747494 0.649894178
1439803884.199893 7.023589611 -0.304286361 9.937311172 -0.014761657 0.757705927 0.047182094 0.650720894
1439803884.262393 7.043697357 -0.303407460 9.934408188 -0.014235468 0.756809056 0.048141081 0.651705325
1439803884.324890 7.063437462 -0.302636921 9.931700706 -0.014388078 0.756012976 0.048741739 0.652580738
1439803884.387391 7.083560467 -0.302253067 9.929132462 -0.015738547 0.755248547 0.050076637 0.653333187
1439803884.449892 7.103563786 -0.301148474 9.926395416 -0.017786762 0.754528105 0.051414452 0.654008806
1439803884.512391 7.123174667 -0.300642252 9.923272133 -0.018246869 0.753704190 0.054559261 0.654691100
1439803884.574893 7.143985748 -0.299032807 9.920949936 -0.017938385 0.753283322 0.056810964 0.654992342
1439803884.637393 7.163565159 -0.298587620 9.917865753 -0.017780179 0.752720058 0.057396695 0.655592859
1439803884.699893 7.185293198 -0.297163665 9.915413857 -0.016131843 0.752621770 0.055561565 0.655906320
1439803884.762396 7.205336571 -0.296380401 9.913005829 -0.013766526 0.752494395 0.052799340 0.656334400
1439803884.824897 7.225073338 -0.295816779 9.910400391 -0.011100855 0.752235711 0.050292414 0.656878114
1439803884.887397 7.245605469 -0.294753730 9.907905579 -0.009675583 0.752081037 0.046196695 0.657378376
1439803884.949900 7.265499115 -0.294192940 9.905395508 -0.010332297 0.751810014 0.043158345 0.657884717
1439803885.012402 7.285775185 -0.293566197 9.903463364 -0.012065331 0.751809537 0.041708458 0.657949328
1439803885.074905 7.306159973 -0.292694032 9.901462555 -0.013128784 0.751880825 0.040958516 0.657894611
1439803885.137403 7.326379299 -0.292437106 9.898414612 -0.014189390 0.751491964 0.041498303 0.658282876
1439803885.199905 7.346946716 -0.291833460 9.895835876 -0.016868018 0.751348615 0.042135909 0.658342779
1439803885.262406 7.367343426 -0.291188002 9.893413544 -0.019682774 0.751391590 0.043184474 0.658147633
1439803885.324921 7.387586594 -0.290253341 9.890920639 -0.022113586 0.751449645 0.043689266 0.657970786
1439803885.387407 7.407904625 -0.289592743 9.888554573 -0.023804912 0.751697242 0.044861957 0.657549977
1439803885.449908 7.428184509 -0.288862467 9.885768890 -0.025236348 0.751643002 0.045064326 0.657544792
1439803885.512409 7.448625088 -0.287834704 9.883058548 -0.026346400 0.751962602 0.043873809 0.657216251
1439803885.574914 7.469100475 -0.286787510 9.880640984 -0.025859518 0.752360106 0.042427938 0.656875491
1439803885.637412 7.489281654 -0.286090553 9.878160477 -0.025421917 0.752863467 0.040546376 0.656434536
1439803885.699913 7.509779930 -0.285197318 9.875311852 -0.024206858 0.753283381 0.038745191 0.656107426
1439803885.762415 7.529871941 -0.284193039 9.872372627 -0.023098547 0.753752947 0.037966397 0.655653477
1439803885.824915 7.550097942 -0.283543408 9.869661331 -0.023250032 0.754266083 0.037402570 0.655090213
1439803885.887417 7.570314407 -0.282791793 9.866856575 -0.024281930 0.754698277 0.037058905 0.654574335
1439803885.949918 7.590584755 -0.281974077 9.864108086 -0.026805082 0.755042791 0.036497440 0.654110014
1439803886.012423 7.611380100 -0.281049788 9.861173630 -0.028931595 0.755402207 0.036244996 0.653618276
1439803886.074930 7.632350445 -0.280504644 9.858722687 -0.030304659 0.755936384 0.036868088 0.652903140
1439803886.137424 7.652942657 -0.279706061 9.855393410 -0.031733204 0.756212652 0.037656333 0.652470291
1439803886.199925 7.673491478 -0.278905511 9.852396011 -0.033145431 0.756820321 0.038078763 0.651670456
1439803886.262426 7.694885254 -0.277497888 9.849520683 -0.033930168 0.757897496 0.036905795 0.650444508
1439803886.324949 7.715478420 -0.276870251 9.846334457 -0.034556404 0.758828819 0.036035318 0.649373651
1439803886.387428 7.736109734 -0.276107788 9.843043327 -0.034631282 0.759720325 0.035027534 0.648381650
1439803886.449931 7.757037640 -0.274848104 9.840022087 -0.034254503 0.760759950 0.033534609 0.647260666
1439803886.512431 7.778022766 -0.273810029 9.836664200 -0.033631749 0.761612117 0.032620270 0.646337211
1439803886.574932 7.798410416 -0.273214221 9.833396912 -0.033127751 0.762470067 0.032417387 0.645361245
1439803886.637433 7.819099903 -0.272457778 9.830131531 -0.032652106 0.763463199 0.031881150 0.644237101
1439803886.699935 7.840280533 -0.271585047 9.826269150 -0.032511439 0.764276803 0.031731661 0.643286169
1439803886.762435 7.860882282 -0.270819247 9.823101997 -0.032415930 0.765304089 0.032210033 0.642044783
1439803886.824936 7.881814003 -0.269953251 9.819183350 -0.032753497 0.766011536 0.033186704 0.641133547
1439803886.887438 7.903093338 -0.268961906 9.815553665 -0.033396978 0.766745508 0.034492753 0.640153289
1439803886.949936 7.924192429 -0.268082619 9.811637878 -0.033326276 0.767338514 0.035941366 0.639366329
1439803887.012437 7.944953918 -0.267241001 9.807935715 -0.032474481 0.768139124 0.036539879 0.638414145
1439803887.074940 7.966017723 -0.266622245 9.803876877 -0.031436544 0.768818140 0.035921782 0.637683272
1439803887.137438 7.986693382 -0.265933335 9.800060272 -0.029427752 0.769634962 0.034885202 0.636850834
1439803887.199938 8.007470131 -0.265104830 9.796285629 -0.028351970 0.770438790 0.032963917 0.636029541
1439803887.262440 8.028617859 -0.264491737 9.792547226 -0.028639983 0.771158755 0.031648211 0.635210454
1439803887.324940 8.049734116 -0.263538539 9.788561821 -0.028729241 0.771798015 0.032051995 0.634409249
1439803887.387440 8.071233749 -0.262603819 9.784294128 -0.028782150 0.772409499 0.033633798 0.633580208
1439803887.449942 8.092253685 -0.262142301 9.779401779 -0.028968796 0.772688627 0.035627902 0.633122206
1439803887.512442 8.113384247 -0.261407077 9.775005341 -0.029749805 0.773182988 0.036651894 0.632423639
1439803887.574942 8.134280205 -0.260752559 9.771234512 -0.029494885 0.773946285 0.037739147 0.631437242
1439803887.637443 8.155295372 -0.259891450 9.767280579 -0.028462384 0.774672151 0.038875837 0.630524814
1439803887.699943 8.176035881 -0.259285033 9.762644768 -0.027858090 0.774972022 0.039507765 0.630144000
1439803887.762446 8.196929932 -0.258499265 9.758399963 -0.027606837 0.775361717 0.039431140 0.629680216
1439803887.824948 8.217415810 -0.257839561 9.754196167 -0.027080499 0.775659025 0.039133556 0.629355431
1439803887.887448 8.237926483 -0.257286012 9.750070572 -0.027047543 0.775861800 0.038341861 0.629155636
1439803887.949950 8.258425713 -0.256211281 9.745923042 -0.025810368 0.776113868 0.037798323 0.628929615
1439803888.012450 8.278819084 -0.255480826 9.741289139 -0.024191065 0.776118398 0.037601691 0.629000127
1439803888.074952 8.299044609 -0.254904509 9.737452507 -0.023871917 0.776379406 0.037249412 0.628711045
1439803888.137453 8.319685936 -0.254242599 9.733188629 -0.024226224 0.776525021 0.037583392 0.628497720
1439803888.199955 8.340184212 -0.253369510 9.728727341 -0.024486246 0.776643336 0.038075928 0.628311872
1439803888.262458 8.360527039 -0.252740622 9.724700928 -0.024683814 0.776871145 0.038831357 0.627976179
1439803888.324957 8.380570412 -0.252147913 9.720615387 -0.025047574 0.776799560 0.040047042 0.627973974
1439803888.387459 8.401342392 -0.251131117 9.716150284 -0.025896262 0.776830137 0.039816588 0.627916396
1439803888.449960 8.421331406 -0.250471592 9.712017059 -0.026814548 0.776773155 0.038900115 0.628005743
1439803888.512463 8.441350937 -0.249773979 9.707916260 -0.026394358 0.776986063 0.038424060 0.627789378
1439803888.574963 8.461360931 -0.248940170 9.703834534 -0.026933294 0.777125001 0.036881246 0.627687097
1439803888.637465 8.481529236 -0.248215199 9.699734688 -0.028032066 0.777400553 0.035558593 0.627373934
1439803888.699966 8.501028061 -0.247583449 9.695451736 -0.027460776 0.777735233 0.035358608 0.626995623
1439803888.762467 8.520858765 -0.246838450 9.691210747 -0.026657185 0.778395355 0.035327975 0.626212478
1439803888.824968 8.541028023 -0.246045411 9.686717033 -0.025797013 0.778989851 0.036601506 0.625435591
1439803888.887469 8.560374260 -0.245342553 9.682353973 -0.026137546 0.779463649 0.038785473 0.624699056
1439803888.949974 8.580348969 -0.244434714 9.677810669 -0.026253682 0.780013084 0.039554644 0.623959720
1439803889.012472 8.599809647 -0.243705094 9.673511505 -0.026326021 0.780723393 0.040053774 0.623035848
1439803889.074974 8.619022369 -0.243074715 9.669169426 -0.026914539 0.781117558 0.040144023 0.622510612
1439803889.137475 8.638349533 -0.242298782 9.664951324 -0.027420891 0.781582654 0.040000770 0.621913612
1439803889.199976 8.657690048 -0.241443217 9.660233498 -0.025520384 0.782034934 0.041671950 0.621315956
1439803889.262478 8.677082062 -0.240477026 9.655487061 -0.024154231 0.782576621 0.044879366 0.620464563
1439803889.324979 8.696020126 -0.239349544 9.650897980 -0.024538008 0.783112943 0.049140140 0.619449139
1439803889.387481 8.715553284 -0.238123178 9.645872116 -0.025453219 0.783675909 0.052229054 0.618446648
1439803889.449981 8.734263420 -0.237630427 9.641312599 -0.025602095 0.784413993 0.050713014 0.617630541
1439803889.512486 8.752714157 -0.237250865 9.637176514 -0.023184545 0.785471261 0.045257781 0.616805553
1439803889.574984 8.771031380 -0.237070382 9.632871628 -0.018645387 0.786268950 0.038611095 0.616394997
1439803889.637486 8.789895058 -0.236836731 9.628091812 -0.013382161 0.787052393 0.032819014 0.615867198
1439803889.699987 8.807958603 -0.236399949 9.623283386 -0.008381543 0.787593544 0.029477155 0.615432680
1439803889.762489 8.827070236 -0.235682935 9.618463516 -0.008100900 0.788270712 0.030328091 0.614527345
1439803889.824994 8.845878601 -0.234923244 9.613687515 -0.012037276 0.788861215 0.034733638 0.613471031
1439803889.887492 8.865015030 -0.234054267 9.608984947 -0.018454028 0.789459944 0.040432427 0.612190902
1439803889.949993 8.884279251 -0.233093381 9.604152679 -0.024782883 0.789729238 0.045937113 0.611231029
1439803890.012494 8.903001785 -0.232281446 9.599409103 -0.028886940 0.789853275 0.050569039 0.610524416
1439803890.074997 8.921881676 -0.231325626 9.594278336 -0.029822988 0.789970636 0.053500935 0.610077500
1439803890.137499 8.939986229 -0.230614305 9.589450836 -0.027640998 0.790128648 0.054560278 0.609881818
1439803890.199998 8.957744598 -0.229681313 9.584583282 -0.023647355 0.790304184 0.053389776 0.609925985
1439803890.262502 8.976003647 -0.228809834 9.579876900 -0.020217562 0.790512145 0.050121281 0.610057116
1439803890.325005 8.993642807 -0.228041947 9.575164795 -0.017578617 0.790570617 0.045667607 0.610412657
1439803890.387502 9.011382103 -0.227527618 9.570786476 -0.015789930 0.790584087 0.042103913 0.610700250
1439803890.450005 9.029369354 -0.226846457 9.566623688 -0.015209470 0.790656805 0.039103519 0.610820353
1439803890.512505 9.047703743 -0.226154476 9.562138557 -0.015256043 0.790417075 0.037619930 0.611222327
1439803890.575010 9.065713882 -0.225580812 9.557767868 -0.015710723 0.790048718 0.038189817 0.611651599
1439803890.637510 9.083768845 -0.224854112 9.553197861 -0.016889166 0.789605200 0.040227290 0.612062216
1439803890.700009 9.102127075 -0.224294722 9.548304558 -0.017904550 0.789107144 0.043040093 0.612484157
1439803890.762514 9.120189667 -0.223656058 9.544095039 -0.019180954 0.788797975 0.044511698 0.612738550
1439803890.825013 9.138278961 -0.223097444 9.539669991 -0.020572292 0.788506806 0.043888457 0.613112986
1439803890.887514 9.157375336 -0.222469568 9.535189629 -0.021038968 0.788320601 0.042329136 0.613446176
1439803890.950015 9.175054550 -0.221996546 9.530771255 -0.020501243 0.788208187 0.040223245 0.613750458
1439803891.012516 9.193476677 -0.221350670 9.526393890 -0.019503847 0.787896276 0.038183402 0.614313543
1439803891.075016 9.211376190 -0.220389605 9.522034645 -0.019119715 0.787638307 0.036661144 0.614749014
1439803891.137517 9.229663849 -0.219831526 9.517423630 -0.018946344 0.787280560 0.037271280 0.615175784
1439803891.200018 9.248516083 -0.218626261 9.512757301 -0.019435173 0.787066817 0.039060887 0.615323007
1439803891.262519 9.268112183 -0.218183994 9.508712769 -0.020350054 0.786861360 0.041641869 0.615386844
1439803891.325021 9.286798477 -0.217113197 9.504463196 -0.022151450 0.786536872 0.043445785 0.615614712
1439803891.387522 9.304811478 -0.216755807 9.499996185 -0.023778696 0.786282718 0.044055302 0.615835309
1439803891.450024 9.323687553 -0.216130257 9.495513916 -0.024343211 0.786284506 0.043100387 0.615878522
1439803891.512525 9.341704369 -0.215633273 9.490883827 -0.023631876 0.786344230 0.041091114 0.615967333
1439803891.575026 9.360623360 -0.214895964 9.486957550 -0.023481553 0.786743879 0.038605582 0.615623534
1439803891.637528 9.379198074 -0.213644922 9.482606888 -0.021970216 0.786973834 0.037033446 0.615481973
1439803891.700029 9.396845818 -0.213271260 9.477944374 -0.020011073 0.787101209 0.036598969 0.615411878
1439803891.762530 9.415201187 -0.212822616 9.473128319 -0.018477177 0.787326038 0.036995873 0.615148365
1439803891.825032 9.433700562 -0.212099314 9.468311310 -0.017884174 0.787590921 0.037924059 0.614770234
1439803891.887533 9.452340126 -0.211570263 9.463989258 -0.017684577 0.788068056 0.039153714 0.614087105
1439803891.950034 9.472151756 -0.211113632 9.458542824 -0.017144313 0.788463831 0.040439013 0.613510787
1439803892.012536 9.490697861 -0.210580111 9.453491211 -0.016866487 0.788768947 0.041162003 0.613078117
1439803892.075037 9.510420799 -0.210369945 9.448955536 -0.016829083 0.789114237 0.040954705 0.612648547
1439803892.137539 9.528825760 -0.209725797 9.444034576 -0.016447946 0.789394557 0.040101651 0.612354100
1439803892.200040 9.547372818 -0.209238648 9.439457893 -0.015811170 0.789735615 0.039193399 0.611989796
1439803892.262542 9.565852165 -0.208941042 9.434310913 -0.015396166 0.789912462 0.038313918 0.611827791
1439803892.325044 9.585394859 -0.208073139 9.429148674 -0.014660198 0.790226340 0.037789457 0.611473083
1439803892.387547 9.604551315 -0.207688212 9.423917770 -0.013424887 0.790607333 0.037989061 0.610996425
1439803892.450047 9.623084068 -0.206787169 9.419245720 -0.013199900 0.791012645 0.038257156 0.610459745
1439803892.512548 9.642271042 -0.206450820 9.414810181 -0.014908263 0.791582584 0.037839029 0.609707296
1439803892.575051 9.661859512 -0.205995083 9.409712791 -0.015778063 0.791989803 0.037953138 0.609149218
1439803892.637550 9.680238724 -0.205414295 9.404972076 -0.016255900 0.792356133 0.038601525 0.608619273
1439803892.700052 9.699409485 -0.204404294 9.399604797 -0.017189516 0.792687893 0.039047986 0.608133018
1439803892.762552 9.718345642 -0.204104602 9.394365311 -0.017967055 0.792886436 0.039325599 0.607833743
1439803892.825068 9.737699509 -0.203320682 9.389311790 -0.018921141 0.793313801 0.038987853 0.607268691
1439803892.887555 9.756451607 -0.202938318 9.384240150 -0.018796818 0.793783247 0.039168589 0.606647074
1439803892.950057 9.775289536 -0.202431619 9.378852844 -0.018855352 0.794347107 0.038770523 0.605932415
1439803893.012558 9.794428825 -0.201524913 9.373876572 -0.019303944 0.795101821 0.037756070 0.604991674
1439803893.075059 9.813274384 -0.200971365 9.368015289 -0.019993145 0.795610249 0.037415035 0.604321718
1439803893.137564 9.832605362 -0.200678706 9.363155365 -0.020478636 0.796256602 0.037898540 0.603423357
1439803893.200064 9.851580620 -0.200059533 9.357638359 -0.020788165 0.796648204 0.038440492 0.602861345
1439803893.262564 9.870393753 -0.199268878 9.351912498 -0.021188581 0.797025859 0.038808241 0.602324426
1439803893.325063 9.890369415 -0.198292971 9.347590446 -0.020851560 0.797613561 0.039168540 0.601534307
1439803893.387564 9.909394264 -0.197474182 9.341673851 -0.020904971 0.798037350 0.039009593 0.600980461
1439803893.450065 9.928418159 -0.196870685 9.336231232 -0.020497553 0.798412144 0.039187092 0.600484967
1439803893.512565 9.947593689 -0.196384788 9.330578804 -0.020284897 0.798767924 0.039093807 0.600025058
1439803893.575066 9.967249870 -0.195424855 9.325062752 -0.020403240 0.799339592 0.038972825 0.599267125
1439803893.637567 9.986798286 -0.194705069 9.319507599 -0.021130173 0.799688816 0.040523976 0.598672807
1439803893.700067 10.005983353 -0.194050372 9.313578606 -0.022278555 0.800086677 0.042646911 0.597951770
1439803893.762567 10.024999619 -0.193166971 9.308465958 -0.023969958 0.800582349 0.042660229 0.597221434
1439803893.825068 10.044441223 -0.192556739 9.302922249 -0.025197206 0.801263750 0.041133668 0.596363664
1439803893.887568 10.063623428 -0.191818178 9.296742439 -0.023464676 0.801993668 0.038921762 0.595601141
1439803893.950069 10.082376480 -0.191653848 9.291142464 -0.020203704 0.802928567 0.036263190 0.594628036
1439803894.012570 10.101047516 -0.191371322 9.285091400 -0.016114013 0.803651989 0.033923540 0.593913376
1439803894.075071 10.120359421 -0.190721929 9.279122353 -0.013308187 0.804501772 0.033061702 0.592880070
1439803894.137573 10.139377594 -0.190028965 9.272756577 -0.013125942 0.805328488 0.033445656 0.591739118
1439803894.200074 10.158751488 -0.189293444 9.267416000 -0.014647574 0.806116700 0.036572915 0.590443611
1439803894.262575 10.178470612 -0.188395441 9.261084557 -0.017542554 0.806479156 0.040498566 0.589613020
1439803894.325077 10.197420120 -0.187970161 9.254615784 -0.020938538 0.806706190 0.044041120 0.588937283
1439803894.387577 10.216302872 -0.186893225 9.248552322 -0.021677081 0.806987941 0.047075246 0.588289499
1439803894.450077 10.234905243 -0.185870528 9.241924286 -0.021042736 0.807063162 0.049453847 0.588014007
1439803894.512579 10.253862381 -0.185222983 9.235147476 -0.020184865 0.807131648 0.051212288 0.587799549
1439803894.575078 10.273131371 -0.184196115 9.228885651 -0.019333841 0.807470202 0.051404450 0.587346256
1439803894.637578 10.292248726 -0.183133125 9.222932816 -0.018482434 0.807837307 0.051076833 0.586897314
1439803894.700080 10.311367989 -0.181648016 9.216794968 -0.018400766 0.807990611 0.050407145 0.586746693
1439803894.762580 10.330245972 -0.180830538 9.210436821 -0.018710651 0.807949066 0.050549369 0.586781859
1439803894.825080 10.350272179 -0.179883242 9.204337120 -0.018711595 0.808158636 0.050806805 0.586471021
1439803894.887582 10.369338036 -0.178967237 9.197737694 -0.018463077 0.808060765 0.051508557 0.586552501
1439803894.950082 10.388522148 -0.177808881 9.191762924 -0.018115928 0.808025181 0.052430801 0.586530566
1439803895.012582 10.407983780 -0.176893055 9.185162544 -0.017567517 0.807945967 0.053150948 0.586591542
1439803895.075084 10.428014755 -0.175397217 9.179252625 -0.016990863 0.808120489 0.053686995 0.586319268
1439803895.137583 10.447026253 -0.174051881 9.172574997 -0.016082242 0.807909787 0.055314377 0.586483955
1439803895.200084 10.467067719 -0.172925711 9.166756630 -0.015707007 0.808021307 0.057891503 0.586091638
1439803895.262587 10.486415863 -0.171590507 9.160089493 -0.016064025 0.807770610 0.060899481 0.586122692
1439803895.325085 10.505537033 -0.170492113 9.153881073 -0.016725611 0.807383716 0.063585050 0.586352050
1439803895.387586 10.526058197 -0.169196248 9.147918701 -0.016382234 0.807225108 0.064999297 0.586425006
1439803895.450093 10.545534134 -0.167753398 9.141758919 -0.015158083 0.807255089 0.064101271 0.586515427
1439803895.512588 10.564511299 -0.166943491 9.135415077 -0.011445992 0.807123601 0.061872970 0.587019742
1439803895.575092 10.584138870 -0.165919840 9.129721642 -0.007876325 0.807314336 0.057628959 0.587248206
1439803895.637591 10.602962494 -0.165287077 9.123188019 -0.005811314 0.807283342 0.052772421 0.587771118
1439803895.700093 10.622540474 -0.164299726 9.116913795 -0.004183410 0.807346463 0.049664371 0.587969184
1439803895.762594 10.642947197 -0.163480461 9.110279083 -0.003639914 0.807340324 0.049125768 0.588026345
1439803895.825095 10.662360191 -0.162733197 9.104359627 -0.004325538 0.807290614 0.050423998 0.587980092
1439803895.887596 10.682402611 -0.161711514 9.097886086 -0.007147993 0.806912959 0.051891495 0.588343143
1439803895.950098 10.702561378 -0.160612106 9.091775894 -0.010808540 0.806623399 0.053802911 0.588512719
1439803896.012600 10.722448349 -0.159466386 9.085843086 -0.014231848 0.806487143 0.056219723 0.588400662
1439803896.075101 10.743140221 -0.158304811 9.079075813 -0.016774099 0.806299031 0.058857881 0.588333428
1439803896.137617 10.763018608 -0.157272160 9.072998047 -0.017887020 0.806194663 0.060135517 0.588314354
1439803896.200104 10.782526016 -0.156221211 9.067140579 -0.018239575 0.806429446 0.058279388 0.588168621
1439803896.262605 10.802659988 -0.155028522 9.061129570 -0.018065171 0.806940556 0.053888589 0.587891638
1439803896.325106 10.821985245 -0.154328585 9.054884911 -0.017314391 0.807247818 0.048861988 0.587931693
1439803896.387608 10.841440201 -0.153535366 9.049180031 -0.016389502 0.807528853 0.044107977 0.587948203
1439803896.450110 10.861171722 -0.152362704 9.043398857 -0.016105715 0.807705343 0.041773356 0.587884009
1439803896.512611 10.881242752 -0.151181340 9.037157059 -0.017582044 0.807645679 0.042264104 0.587888658
1439803896.575112 10.900875092 -0.150084674 9.030258179 -0.020234525 0.807380438 0.044303440 0.588017464
1439803896.637613 10.921377182 -0.149043202 9.023893356 -0.022928448 0.807374001 0.046845131 0.587730348
1439803896.700115 10.941255569 -0.148324430 9.017480850 -0.024115987 0.807305098 0.049407016 0.587567687
1439803896.762616 10.961554527 -0.147301078 9.011198044 -0.023947436 0.807457685 0.050129231 0.587303698
1439803896.825117 10.981121063 -0.146609962 9.004734993 -0.021791793 0.807682872 0.049138676 0.587161779
1439803896.887621 11.000049591 -0.145626426 8.998517990 -0.019076839 0.808011651 0.046935543 0.586984038
1439803896.950120 11.019531250 -0.145123959 8.992447853 -0.017225573 0.808297396 0.045168724 0.586786449
1439803897.012625 11.039410591 -0.144184649 8.985504150 -0.015449294 0.808365464 0.044348262 0.586804807
1439803897.075126 11.059017181 -0.142987370 8.979792595 -0.014125219 0.808684647 0.044605840 0.586378634
1439803897.137624 11.078137398 -0.142380357 8.973306656 -0.013866835 0.808728695 0.046081267 0.586209953
1439803897.200126 11.098051071 -0.141537130 8.966754913 -0.014617543 0.808635831 0.047393579 0.586215198
1439803897.262627 11.117908478 -0.140725672 8.960612297 -0.016148150 0.808663487 0.048187237 0.586072266
1439803897.325129 11.137411118 -0.139737904 8.954602242 -0.016328629 0.808803320 0.049785636 0.585740507
1439803897.387630 11.156990051 -0.138706505 8.947556496 -0.015796276 0.808626890 0.051045842 0.585890234
1439803897.450132 11.176513672 -0.137899935 8.941281319 -0.016560329 0.808470309 0.050977040 0.586091280
1439803897.512633 11.196572304 -0.137008309 8.934959412 -0.017404182 0.808356941 0.050482530 0.586265862
1439803897.575135 11.216367722 -0.136056423 8.928541183 -0.017455494 0.808343709 0.050479006 0.586282790
1439803897.637635 11.235742569 -0.134934187 8.922462463 -0.016599752 0.808422327 0.050703458 0.586179912
1439803897.700136 11.255548477 -0.133787334 8.916167259 -0.015913093 0.808326006 0.050232861 0.586372316
1439803897.762636 11.274950027 -0.133023143 8.909862518 -0.015950151 0.808274865 0.049689759 0.586488008
1439803897.825137 11.294097900 -0.132150769 8.903720856 -0.015819432 0.808334470 0.049053147 0.586462975
1439803897.887639 11.313799858 -0.131159842 8.897567749 -0.016085703 0.808443785 0.048326768 0.586365342
1439803897.950143 11.333386421 -0.130180836 8.891247749 -0.016628599 0.808365941 0.048654936 0.586430371
1439803898.012641 11.352822304 -0.129028559 8.885045052 -0.016820708 0.808314502 0.050297391 0.586357296
1439803898.075143 11.372650146 -0.128070593 8.878553391 -0.016918417 0.808261573 0.052092243 0.586270750
1439803898.137646 11.391855240 -0.127164781 8.872404099 -0.017534057 0.808291614 0.052890882 0.586139739
1439803898.200146 11.411062241 -0.126106918 8.866277695 -0.018356491 0.808436990 0.052601587 0.585940003
1439803898.262647 11.430576324 -0.125156939 8.859873772 -0.018624105 0.808569551 0.052066091 0.585796475
1439803898.325149 11.450108528 -0.124128282 8.853679657 -0.017792681 0.808727622 0.051419314 0.585661232
1439803898.387650 11.469133377 -0.123234153 8.847468376 -0.016967593 0.808741152 0.050892949 0.585713029
1439803898.450155 11.488668442 -0.122193635 8.841135025 -0.016492043 0.808801830 0.050867636 0.585645080
1439803898.512652 11.507875443 -0.121414661 8.834872246 -0.016475772 0.808781028 0.051029149 0.585660100
1439803898.575156 11.527577400 -0.120332837 8.828561783 -0.016394222 0.808931053 0.051251616 0.585435808
1439803898.637657 11.547180176 -0.119195700 8.822149277 -0.016661774 0.808986962 0.051710047 0.585310698
1439803898.700157 11.566692352 -0.118142545 8.815742493 -0.016436914 0.809054852 0.052276623 0.585172832
1439803898.762658 11.586125374 -0.116973817 8.809848785 -0.015747478 0.809129179 0.052916411 0.585031509
1439803898.825159 11.605938911 -0.116181374 8.803082466 -0.015392889 0.809092641 0.053216506 0.585064292
1439803898.887660 11.624938011 -0.115447342 8.797166824 -0.015447032 0.809164882 0.053067483 0.584976435
1439803898.950161 11.645141602 -0.114586890 8.790561676 -0.014641869 0.809283257 0.052449960 0.584889054
1439803899.012663 11.664432526 -0.113521457 8.784434319 -0.013825019 0.809431255 0.052488554 0.584700704
1439803899.075165 11.683606148 -0.112606645 8.778173447 -0.013534520 0.809443235 0.053129680 0.584632993
1439803899.137666 11.703061104 -0.111376762 8.771583557 -0.013800898 0.809463143 0.053779259 0.584539771
1439803899.200170 11.722515106 -0.110525489 8.765829086 -0.014677684 0.809545100 0.054247756 0.584361613
1439803899.262668 11.742190361 -0.109243810 8.758793831 -0.015497776 0.809426904 0.055163004 0.584418476
1439803899.325168 11.762125015 -0.108137608 8.752389908 -0.016493659 0.809507310 0.056237333 0.584177375
1439803899.387669 11.781757355 -0.106814742 8.745847702 -0.016453523 0.809423208 0.058371764 0.584085703
1439803899.450169 11.801292419 -0.105516255 8.739366531 -0.016368123 0.809328616 0.060737006 0.583977997
1439803899.512670 11.820762634 -0.104239404 8.732975960 -0.016881052 0.809384525 0.060327258 0.583928466
1439803899.575171 11.840320587 -0.103053749 8.726626396 -0.016485984 0.809678853 0.058032230 0.583764136
1439803899.637671 11.860008240 -0.102244079 8.720393181 -0.016461782 0.810114622 0.054958474 0.583457708
1439803899.700171 11.879438400 -0.101304710 8.714247704 -0.014922860 0.810355306 0.052163385 0.583421469
1439803899.762672 11.898688316 -0.100036144 8.707337379 -0.013224383 0.810407221 0.049940251 0.583584905
1439803899.825173 11.918577194 -0.098533034 8.701408386 -0.013373904 0.810656905 0.049084961 0.583307087
1439803899.887673 11.938624382 -0.097462118 8.694174767 -0.014765703 0.810535550 0.050062239 0.583359122
1439803899.950174 11.958168030 -0.096412480 8.687946320 -0.016056808 0.810660958 0.051583871 0.583018124
1439803900.012675 11.979032516 -0.095118999 8.679081917 -0.017299252 0.810169518 0.053046335 0.583534241
1439803900.075175 11.998326302 -0.094119966 8.673361778 -0.018632097 0.810420156 0.053683512 0.583086669
1439803900.137677 12.017757416 -0.093597174 8.666895866 -0.019202465 0.810340405 0.054672830 0.583087087
1439803900.200177 12.037446976 -0.091919661 8.659680367 -0.019388761 0.810321391 0.054615252 0.583112717
1439803900.262677 12.057366371 -0.090805709 8.653172493 -0.020178789 0.810447216 0.055312276 0.582845271
1439803900.325180 12.076957703 -0.088772357 8.647206306 -0.021116795 0.810639739 0.056020029 0.582476616
1439803900.387680 12.096507072 -0.088147521 8.641857147 -0.021127483 0.811202407 0.055615254 0.581731260
1439803900.450180 12.115705490 -0.087299228 8.634472847 -0.019083325 0.811296165 0.053185344 0.581898391
1439803900.512684 12.134982109 -0.086654544 8.628545761 -0.015733114 0.811931074 0.050457764 0.581355572
1439803900.575184 12.154167175 -0.086067438 8.622150421 -0.012574542 0.812481999 0.046991412 0.580953300
1439803900.637686 12.173927307 -0.084963083 8.615664482 -0.010541897 0.813122511 0.043632381 0.580359280
1439803900.700187 12.193450928 -0.084061980 8.608858109 -0.011136442 0.813444853 0.043486826 0.579907179
1439803900.762691 12.213193893 -0.082883477 8.601881027 -0.012880933 0.813612819 0.046024997 0.579439342
1439803900.825189 12.233318329 -0.081835628 8.594360352 -0.014813539 0.813521385 0.049852993 0.579204738
1439803900.887690 12.253139496 -0.081004441 8.587984085 -0.017141556 0.813613415 0.052942794 0.578736901
1439803900.950193 12.273376465 -0.080168545 8.581444740 -0.017507967 0.813797772 0.056472715 0.578132808
1439803901.012693 12.293094635 -0.078664243 8.573932648 -0.016975844 0.813945293 0.058186308 0.577770889
1439803901.075194 12.312368393 -0.077904999 8.566944122 -0.015636005 0.814301014 0.057906039 0.577335477
1439803901.137694 12.331646919 -0.077012956 8.560009003 -0.013739534 0.814794838 0.055448793 0.576928079
1439803901.200198 12.351348877 -0.076114476 8.553568840 -0.011915382 0.815490067 0.052706566 0.576242983
1439803901.262696 12.370861053 -0.074996769 8.547060966 -0.009170843 0.816148281 0.051024053 0.575512350
1439803901.325197 12.390033722 -0.073582709 8.539759636 -0.006792771 0.816455543 0.049947217 0.575203836
1439803901.387699 12.409424782 -0.072555184 8.532272339 -0.005980726 0.816647232 0.050366182 0.574904084
1439803901.450201 12.429870605 -0.072597861 8.525364876 -0.005743718 0.816917241 0.052831031 0.574301362
1439803901.512702 12.449272156 -0.071511149 8.518692970 -0.005744390 0.817178547 0.055491224 0.573678493
1439803901.575203 12.468835831 -0.070753813 8.511423111 -0.006428404 0.817268789 0.057987772 0.573295593
1439803901.637705 12.487812042 -0.069725752 8.504516602 -0.006171650 0.817438304 0.060536284 0.572793186
1439803901.700207 12.506601334 -0.068702579 8.496717453 -0.006169765 0.817394197 0.062158223 0.572682261
1439803901.762709 12.526474953 -0.067419827 8.489927292 -0.005324008 0.817599833 0.063076466 0.572296858
1439803901.825211 12.545928001 -0.066813588 8.482705116 -0.005090610 0.817645073 0.063809045 0.572152913
1439803901.887712 12.564764023 -0.065190494 8.476101875 -0.005669592 0.817900300 0.063907303 0.571771681
1439803901.950212 12.585403442 -0.064011514 8.468832016 -0.007227158 0.818002582 0.063741378 0.571626306
1439803902.012714 12.604618073 -0.062714696 8.461988449 -0.008457001 0.818061769 0.063963279 0.571499825
1439803902.075216 12.624551773 -0.061231732 8.455471039 -0.010194104 0.818221927 0.064307608 0.571203470
1439803902.137717 12.643772125 -0.060341001 8.448112488 -0.012285759 0.818254948 0.064388543 0.571106017
1439803902.200218 12.662417412 -0.058837771 8.440645218 -0.013758820 0.818200231 0.064694107 0.571116328
1439803902.262719 12.681905746 -0.057497144 8.433885574 -0.015889203 0.818441272 0.064821370 0.570701003
1439803902.325221 12.700222969 -0.055996180 8.427038193 -0.016867457 0.818645895 0.064748898 0.570387542
1439803902.387721 12.720311165 -0.054703355 8.420289040 -0.018161628 0.819020569 0.064397246 0.569849610
1439803902.450224 12.739262581 -0.053484201 8.413094521 -0.018947413 0.819182932 0.064495102 0.569579363
1439803902.512727 12.757977486 -0.052251220 8.406758308 -0.019715002 0.819554150 0.063256279 0.569158077
1439803902.575227 12.777156830 -0.051021099 8.399623871 -0.019026367 0.819698572 0.061763830 0.569137394
1439803902.637728 12.795448303 -0.049668074 8.392698288 -0.017576445 0.819841325 0.060863294 0.569075525
1439803902.700243 12.814241409 -0.048429370 8.385338783 -0.016633185 0.819867194 0.060151059 0.569142163
1439803902.762731 12.833086967 -0.046993136 8.378038406 -0.015471838 0.819862425 0.059691634 0.569230378
1439803902.825231 12.851879120 -0.045839071 8.371098518 -0.015183318 0.820013821 0.058780704 0.569114804
1439803902.887733 12.870317459 -0.044671297 8.364074707 -0.014174364 0.820032179 0.059118059 0.569079459
1439803902.950234 12.889298439 -0.044119239 8.357731819 -0.013339677 0.820111632 0.060080118 0.568884313
1439803903.012736 12.908000946 -0.042826653 8.350911140 -0.013345962 0.820053935 0.060773112 0.568893731
1439803903.075237 12.926568985 -0.041647553 8.343624115 -0.013510920 0.819883704 0.061822541 0.569022238
1439803903.137739 12.945245743 -0.039970756 8.336484909 -0.014031593 0.819778860 0.063118681 0.569018364
1439803903.200240 12.963657379 -0.038818598 8.329681396 -0.014763714 0.819662035 0.065134905 0.568940759
1439803903.262742 12.981173515 -0.037163138 8.323524475 -0.014213728 0.819504082 0.066540703 0.569019735
1439803903.325243 12.999531746 -0.036322594 8.316831589 -0.014029537 0.819366753 0.065544903 0.569337547
1439803903.387744 13.017396927 -0.035069346 8.310198784 -0.012422504 0.819288611 0.063091516 0.569764256
1439803903.450245 13.037187576 -0.034636021 8.302323341 -0.010149173 0.819070756 0.061159365 0.570332944
1439803903.512751 13.054303169 -0.032821476 8.295263290 -0.008950087 0.818851590 0.058873184 0.570908070
1439803903.575251 13.073133469 -0.032019913 8.288911819 -0.007761289 0.818619430 0.059169304 0.571227551
1439803903.637751 13.092071533 -0.031151652 8.282617569 -0.008636690 0.818350196 0.061237641 0.571382880
1439803903.700253 13.112094879 -0.029438615 8.276400566 -0.009844013 0.818039000 0.065008387 0.571392357
1439803903.762753 13.129611015 -0.028500319 8.270755768 -0.012355104 0.817660511 0.068413638 0.571487725
1439803903.825255 13.147623062 -0.027460933 8.264962196 -0.013957835 0.817268133 0.070925966 0.571705759
1439803903.887756 13.166859627 -0.026093841 8.257064819 -0.014194460 0.816840947 0.071394928 0.572251856
1439803903.950257 13.185256958 -0.023820162 8.250532150 -0.014284343 0.816835403 0.069324106 0.572512031
1439803904.012758 13.203298569 -0.023126006 8.243639946 -0.012767610 0.816715360 0.067302771 0.572960198
1439803904.075262 13.221129417 -0.021901846 8.237715721 -0.010483111 0.816827297 0.065060832 0.573105812
1439803904.137761 13.238463402 -0.021221161 8.232109070 -0.008506025 0.816995382 0.063004091 0.573128879
1439803904.200260 13.256595612 -0.019411802 8.224668503 -0.007927575 0.816881478 0.060877323 0.573529243
1439803904.262764 13.275398254 -0.018744588 8.218263626 -0.008036961 0.816740394 0.060125962 0.573807776
1439803904.325262 13.293267250 -0.017942429 8.212100029 -0.009616906 0.816875577 0.059978198 0.573606610
1439803904.387762 13.311303139 -0.016817689 8.205597878 -0.011627150 0.816984057 0.060675833 0.573341429
1439803904.450265 13.329545975 -0.015615463 8.199476242 -0.013170144 0.817031622 0.061995983 0.573098958
1439803904.512765 13.347272873 -0.014305592 8.192406654 -0.013538934 0.816890001 0.063982345 0.573073864
1439803904.575265 13.365074158 -0.013088703 8.186153412 -0.013511998 0.817034364 0.065572836 0.572688758
1439803904.637765 13.382101059 -0.012001634 8.179724693 -0.013535075 0.817033470 0.067148112 0.572506905
1439803904.700267 13.400674820 -0.010472655 8.172692299 -0.013323250 0.817222118 0.067547545 0.572195709
1439803904.762767 13.418770790 -0.009232163 8.166939735 -0.013285289 0.817527890 0.067743398 0.571736336
1439803904.825269 13.436187744 -0.007842183 8.160489082 -0.013140919 0.817661047 0.068195768 0.571495414
1439803904.887770 13.454271317 -0.006052494 8.152996063 -0.013475363 0.817603409 0.068562202 0.571526229
1439803904.950271 13.470441818 -0.004434228 8.147237778 -0.014203019 0.817696035 0.069040380 0.571318567
1439803905.012771 13.487979889 -0.003559947 8.140861511 -0.014416172 0.817833722 0.069436535 0.571068108
1439803905.075272 13.505897522 -0.002231240 8.134578705 -0.014579295 0.818132281 0.069577865 0.570618927
1439803905.137772 13.523047447 -0.001026750 8.128639221 -0.015450121 0.818676829 0.069046400 0.569878995
1439803905.200273 13.539710999 -0.000585079 8.121868134 -0.016189909 0.819163620 0.068746977 0.569194794
1439803905.262773 13.556576729 0.001164794 8.114691734 -0.017203271 0.819669962 0.067794189 0.568550110
1439803905.325274 13.574157715 0.002948761 8.108690262 -0.018140834 0.820458293 0.068381056 0.567312241
1439803905.387774 13.591781616 0.004768252 8.102858543 -0.018238820 0.821116149 0.068665147 0.566322029
1439803905.450275 13.609140396 0.005821943 8.096541405 -0.018550500 0.821728170 0.068231903 0.565476000
1439803905.512775 13.625699997 0.007142782 8.090100288 -0.018756822 0.822387874 0.066697799 0.564692616
1439803905.575278 13.642068863 0.008390069 8.083292961 -0.018568309 0.822839200 0.065174259 0.564218998
1439803905.637780 13.659553528 0.009739518 8.077096939 -0.018327897 0.823498964 0.062854469 0.563527226
1439803905.700283 13.676411629 0.010843635 8.070401192 -0.018822908 0.823821723 0.061308090 0.563209414
1439803905.762781 13.692829132 0.012291670 8.064547539 -0.020830447 0.824222207 0.059534077 0.562742949
1439803905.825280 13.709918022 0.013726473 8.058097839 -0.022552518 0.824478447 0.058483128 0.562411249
1439803905.887782 13.726533890 0.014917970 8.052099228 -0.024820674 0.824791849 0.058305312 0.561874390
1439803905.950283 13.743717194 0.016285777 8.045616150 -0.026554767 0.824930906 0.058994766 0.561518967
1439803906.012785 13.760715485 0.017447829 8.039232254 -0.028359985 0.825146973 0.058920577 0.561120808
1439803906.075286 13.776085854 0.018513322 8.033362389 -0.028871829 0.825488031 0.058843143 0.560600877
1439803906.137789 13.792290688 0.019716859 8.026818275 -0.028718268 0.825837314 0.058238190 0.560157418
1439803906.200294 13.808348656 0.020906329 8.020167351 -0.028204020 0.826006055 0.057788353 0.559981227
1439803906.262793 13.823987007 0.021792054 8.014184952 -0.029334618 0.826253176 0.056921538 0.559647262
1439803906.325293 13.840026855 0.023460627 8.008061409 -0.031047815 0.826597154 0.055808257 0.559158802
1439803906.387796 13.855705261 0.024590850 8.002194405 -0.031221695 0.826892674 0.055024542 0.558789790
1439803906.450298 13.870828629 0.025657415 7.996065617 -0.029490473 0.827104926 0.054794133 0.558592260
1439803906.512798 13.885678291 0.026620984 7.989950180 -0.025921086 0.827355862 0.054891739 0.558388114
1439803906.575299 13.900781631 0.027316451 7.983258724 -0.022349672 0.827450633 0.055818785 0.558310151
1439803906.637799 13.916083336 0.027964711 7.976610661 -0.019305525 0.827430427 0.057021048 0.558332205
1439803906.700301 13.930985451 0.029129982 7.970170498 -0.017639404 0.827477694 0.057512455 0.558266819
1439803906.762804 13.945795059 0.030196667 7.964787483 -0.017563077 0.827664852 0.058316655 0.557908177
1439803906.825303 13.960705757 0.031376004 7.958974361 -0.018878438 0.827589214 0.059105314 0.557894468
1439803906.887807 13.975578308 0.032637715 7.953034401 -0.020695444 0.827284396 0.060783282 0.558101892
1439803906.950307 13.990268707 0.033508897 7.947392464 -0.022497775 0.826888382 0.063457526 0.558321238
1439803907.012810 14.005065918 0.034750462 7.940916538 -0.023150425 0.826363981 0.066128090 0.558761001
1439803907.075309 14.019526482 0.036197543 7.935455322 -0.022970529 0.826184571 0.068407521 0.558759272
1439803907.137811 14.033527374 0.037086964 7.929846764 -0.022526223 0.826005459 0.069693536 0.558883071
1439803907.200311 14.047752380 0.038198471 7.924135208 -0.022321427 0.825914145 0.069854893 0.559006095
1439803907.262812 14.061604500 0.039464355 7.918604374 -0.022397798 0.825923562 0.068771742 0.559123516
1439803907.325312 14.075462341 0.040587425 7.913424492 -0.022412976 0.826109946 0.066956788 0.559067726
1439803907.387813 14.089303017 0.041604638 7.908146858 -0.022745609 0.826183856 0.064835519 0.559195220
1439803907.450314 14.103153229 0.042902112 7.902886391 -0.022854380 0.826144338 0.062932536 0.559466481
1439803907.512814 14.116636276 0.043708682 7.897751808 -0.022633467 0.826127291 0.061610565 0.559647679
1439803907.575314 14.129893303 0.044547439 7.892517090 -0.021730393 0.826122105 0.060480647 0.559814453
1439803907.637816 14.143335342 0.045561075 7.887208462 -0.020660011 0.826173663 0.059033282 0.559933305
1439803907.700317 14.156641006 0.046300888 7.882039070 -0.019919425 0.826269269 0.057604127 0.559967875
1439803907.762819 14.169404984 0.046918273 7.876944542 -0.019079464 0.826276124 0.056843448 0.560064793
1439803907.825321 14.182373047 0.047723770 7.871861458 -0.018583160 0.826291680 0.056533340 0.560089946
1439803907.887821 14.195487976 0.048728466 7.866844654 -0.018601513 0.826266408 0.056731902 0.560106516
1439803907.950324 14.208097458 0.049523830 7.861996174 -0.019521508 0.826211154 0.057222161 0.560106933
1439803908.012827 14.220745087 0.050596833 7.857151985 -0.020516381 0.826077759 0.057751745 0.560213625
1439803908.075326 14.233051300 0.051405787 7.852440834 -0.021299530 0.825708687 0.058752634 0.560624301
1439803908.137827 14.245304108 0.052284241 7.847824097 -0.021107063 0.825099349 0.059951413 0.561401248
1439803908.200327 14.257432938 0.053004861 7.843173504 -0.020685678 0.824327886 0.061546985 0.562376678
1439803908.262828 14.269083023 0.053655148 7.838672638 -0.021188404 0.823287487 0.062674738 0.563755810
1439803908.325332 14.280797958 0.054493427 7.834324837 -0.021180499 0.822184086 0.063913129 0.565225482
1439803908.387829 14.292251587 0.055203795 7.830290794 -0.021624245 0.821131170 0.064510271 0.566669703
1439803908.450329 14.303960800 0.056295276 7.826426983 -0.022498656 0.820251226 0.064140983 0.567950487
1439803908.512831 14.315318108 0.057134986 7.822651863 -0.023381110 0.819409370 0.063734837 0.569174409
1439803908.575332 14.326551437 0.058284998 7.819210529 -0.024154108 0.818555176 0.063224278 0.570426762
1439803908.637834 14.337671280 0.059155226 7.815376759 -0.024945674 0.817203462 0.063119255 0.572339177
1439803908.700335 14.348772049 0.060207248 7.811915874 -0.025085580 0.815646648 0.063129470 0.574548423
1439803908.762836 14.359525681 0.060940742 7.808561802 -0.024741668 0.813781321 0.063521959 0.577159226
1439803908.825337 14.370190620 0.061655283 7.804969311 -0.024477025 0.811679006 0.063605949 0.580114126
1439803908.887838 14.380418777 0.062020898 7.801765442 -0.023703692 0.809514284 0.064500198 0.583064735
1439803908.950340 14.390735626 0.062962294 7.798954010 -0.023795709 0.807294905 0.064511418 0.586128831
1439803909.012842 14.401192665 0.063773513 7.796256065 -0.024616031 0.805110455 0.064395614 0.589104712
1439803909.075343 14.411607742 0.064551353 7.793601036 -0.024867499 0.802935243 0.064404339 0.592054665
1439803909.137844 14.421883583 0.065325141 7.791046143 -0.025674662 0.800810456 0.063641302 0.594973266
1439803909.200348 14.431922913 0.066127419 7.788639069 -0.026932864 0.798804760 0.062902734 0.597686291
1439803909.262847 14.442234993 0.067127347 7.786391258 -0.028653091 0.797065377 0.061895765 0.600028932
1439803909.325349 14.451885223 0.067672968 7.784250259 -0.030974966 0.795281112 0.060899612 0.602378488
1439803909.387850 14.461900711 0.068361640 7.782287598 -0.032412857 0.793623626 0.060037777 0.604571283
1439803909.450351 14.471859932 0.069351196 7.780058861 -0.033233322 0.791958392 0.059226133 0.606786370
1439803909.512853 14.481157303 0.070071936 7.777935982 -0.034415245 0.790541828 0.058416463 0.608643413
1439803909.575354 14.490904808 0.070799470 7.775848389 -0.035130862 0.789372444 0.058245596 0.610134840
1439803909.637856 14.499870300 0.071351528 7.773522377 -0.034586366 0.788140416 0.058764394 0.611706793
1439803909.700356 14.509176254 0.072110534 7.771573067 -0.033285245 0.786942482 0.059192825 0.613277972
1439803909.762858 14.517659187 0.072566628 7.769456863 -0.032087948 0.785557032 0.059955295 0.615041494
1439803909.825360 14.526297569 0.073273182 7.767421722 -0.031562299 0.784220695 0.060143605 0.616753221
1439803909.887861 14.534568787 0.073906541 7.765591621 -0.030942133 0.783159554 0.060496971 0.618097007
1439803909.950362 14.542797089 0.074330091 7.764349461 -0.031576172 0.782577217 0.059676711 0.618881643
1439803910.012864 14.550772667 0.074735999 7.762695789 -0.032399405 0.781907618 0.058200162 0.619825423
1439803910.075367 14.558375359 0.075195193 7.761370659 -0.032320525 0.781418920 0.056895327 0.620566547
1439803910.137868 14.565123558 0.075295568 7.760200500 -0.032435540 0.780894756 0.055688057 0.621329308
1439803910.200369 14.572555542 0.076042414 7.758675098 -0.032486573 0.780077517 0.054148264 0.622488320
1439803910.262870 14.579025269 0.076470375 7.757538795 -0.032286610 0.779472947 0.053262509 0.623331904
1439803910.325371 14.585453033 0.076849580 7.755908966 -0.032006893 0.778825819 0.053021215 0.624175191
1439803910.387872 14.591939926 0.077255487 7.754679680 -0.031325791 0.778490722 0.053289793 0.624604762
1439803910.450373 14.597711563 0.077548385 7.753222466 -0.029731946 0.777958393 0.054156490 0.625271022
1439803910.512875 14.603458405 0.078020215 7.751957893 -0.027527424 0.777340710 0.054922596 0.626072824
1439803910.575377 14.608729362 0.078269839 7.750767708 -0.026218664 0.776775181 0.054688748 0.626850903
1439803910.637877 14.613806725 0.078464389 7.749798775 -0.025776070 0.776508391 0.054216154 0.627240777
1439803910.700381 14.618805885 0.078693390 7.748898983 -0.026392484 0.776406765 0.053594638 0.627394259
1439803910.762880 14.623697281 0.079098344 7.748131752 -0.027580105 0.776262939 0.052551750 0.627609372
1439803910.825381 14.628300667 0.079310894 7.747305870 -0.028170461 0.775683403 0.052292418 0.628320932
1439803910.887883 14.632535934 0.079695821 7.746650696 -0.028579844 0.775092959 0.051692177 0.629080296
1439803910.950384 14.636728287 0.079898119 7.745727062 -0.028714862 0.774641871 0.051315602 0.629660368
1439803911.012901 14.640449524 0.080279231 7.745182991 -0.028608676 0.774666250 0.050994486 0.629661202
1439803911.075387 14.644092560 0.080344081 7.744587898 -0.028480040 0.774558067 0.051144797 0.629788041
1439803911.137888 14.647453308 0.080494881 7.744126320 -0.028918687 0.774371505 0.050806295 0.630024791
1439803911.200390 14.650439262 0.080429316 7.743385792 -0.029553225 0.773772597 0.050951034 0.630719066
1439803911.262891 14.653074265 0.080500484 7.742845058 -0.030457852 0.773320913 0.051004581 0.631225526
1439803911.325393 14.655699730 0.080700994 7.742581844 -0.031099232 0.773273528 0.050973926 0.631254733
1439803911.387894 14.658256531 0.081025004 7.741896629 -0.031254038 0.773273230 0.050376244 0.631295443
1439803911.450400 14.660415649 0.081042528 7.741446495 -0.031174220 0.773324370 0.049912460 0.631273627
1439803911.512900 14.662432671 0.081254601 7.741344452 -0.030889494 0.773230910 0.049369548 0.631444752
1439803911.575399 14.664268494 0.081232786 7.741070747 -0.030853536 0.772948682 0.049083807 0.631814182
1439803911.637900 14.666185379 0.081455588 7.740613937 -0.030883105 0.772687256 0.048653573 0.632165730
1439803911.700401 14.667913437 0.081643581 7.740513802 -0.031170571 0.772904992 0.048170254 0.631922364
1439803911.762902 14.669513702 0.081418276 7.740154266 -0.031482365 0.772913694 0.048449408 0.631874979
1439803911.825404 14.671218872 0.081727266 7.739859581 -0.031735659 0.772785127 0.048251778 0.632034659
1439803911.887909 14.672485352 0.081583500 7.739363670 -0.032052498 0.772363126 0.048485670 0.632516444
1439803911.950407 14.673901558 0.081626058 7.739244461 -0.032065436 0.772264481 0.048554823 0.632630944
1439803912.012908 14.675108910 0.081717253 7.739076614 -0.031943209 0.772361875 0.048719976 0.632505357
1439803912.075410 14.676477432 0.081774592 7.738642693 -0.031954713 0.772373974 0.048812985 0.632482886
1439803912.137911 14.677683830 0.081844568 7.738430023 -0.031836294 0.772447288 0.048900895 0.632392585
1439803912.200412 14.679006577 0.082018137 7.738033295 -0.031641621 0.772351205 0.048823338 0.632525682
1439803912.262913 14.680337906 0.082343340 7.738123894 -0.031267490 0.772551775 0.048571993 0.632318676
1439803912.325414 14.681511879 0.082366943 7.737793922 -0.031155877 0.772574484 0.048440684 0.632306457
1439803912.387918 14.682912827 0.082563996 7.737484455 -0.031075416 0.772638083 0.048178200 0.632252753
1439803912.450419 14.684244156 0.082643390 7.737162590 -0.030988954 0.772716105 0.048138022 0.632164776
1439803912.512921 14.685585976 0.082566738 7.736715317 -0.030896982 0.772745967 0.048338968 0.632117391
1439803912.575422 14.687015533 0.082786679 7.736417770 -0.030740380 0.772942185 0.048310537 0.631887257
1439803912.637925 14.688611984 0.082891583 7.736206532 -0.030633247 0.773375094 0.048248079 0.631367326
1439803912.700427 14.690220833 0.082942247 7.735480309 -0.030456912 0.773604870 0.048419051 0.631081223
1439803912.762926 14.691838264 0.083124518 7.734960556 -0.030430021 0.774105966 0.048320659 0.630475283
1439803912.825427 14.693350792 0.083094835 7.734880924 -0.030666228 0.774770617 0.048271153 0.629650652
1439803912.887929 14.695026398 0.083158135 7.734400749 -0.030420022 0.775060654 0.048431747 0.629293203
1439803912.950430 14.696556091 0.083429098 7.734062195 -0.030011356 0.775615096 0.048339427 0.628636479
1439803913.012930 14.698407173 0.083550096 7.733561516 -0.029819891 0.776339948 0.048316456 0.627752066
1439803913.075431 14.700088501 0.083537936 7.732831955 -0.029680666 0.777298033 0.048602585 0.626549780
1439803913.137934 14.701888084 0.083666801 7.732306957 -0.029817222 0.778455377 0.048544455 0.625109255
1439803913.200434 14.703758240 0.083671451 7.731691837 -0.030088708 0.779311895 0.048775740 0.624010026
1439803913.262936 14.705582619 0.083994627 7.730720520 -0.030179787 0.780022621 0.048667967 0.623125434
1439803913.325437 14.707385063 0.084203601 7.730182648 -0.030371498 0.781169772 0.048450522 0.621694386
1439803913.387944 14.709282875 0.084061384 7.729313850 -0.030494668 0.782443106 0.048682362 0.620066941
1439803913.450441 14.711115837 0.084330320 7.728587151 -0.030407665 0.784048140 0.048638698 0.618043840
1439803913.512945 14.712999344 0.084344506 7.727815628 -0.030197918 0.785425901 0.048942003 0.616278350
1439803913.575444 14.714883804 0.084684253 7.727057457 -0.029961979 0.786605239 0.048883684 0.614788532
1439803913.637944 14.716701508 0.084869623 7.725990295 -0.029824117 0.787716329 0.048725672 0.613383412
1439803913.700446 14.718738556 0.084910870 7.725351334 -0.029637076 0.789383650 0.048661757 0.611250460
1439803913.762948 14.720596313 0.084943771 7.724402905 -0.029669965 0.791194141 0.048484731 0.608917654
1439803913.825451 14.722438812 0.085094213 7.723949432 -0.029786127 0.793411195 0.048234753 0.606040299
1439803913.887951 14.724313736 0.084920526 7.722910881 -0.030118458 0.795292139 0.048408259 0.603539467
1439803913.950453 14.726383209 0.085381269 7.721855164 -0.030411240 0.797276676 0.047945999 0.600937903
1439803914.012955 14.728503227 0.085261703 7.720744133 -0.030724315 0.799451470 0.048204977 0.598004758
1439803914.075456 14.730162621 0.085022330 7.719971657 -0.030871933 0.802013338 0.048476011 0.594534814
1439803914.137959 14.732288361 0.085461497 7.718718529 -0.030701512 0.804667592 0.047797624 0.591001570
1439803914.200459 14.734072685 0.085665703 7.717116833 -0.030334087 0.807210863 0.047385328 0.587575555
1439803914.262960 14.735923767 0.085966110 7.715750694 -0.029839942 0.810221672 0.046920385 0.583480000
1439803914.325460 14.737975121 0.086004496 7.714173317 -0.029589346 0.813415468 0.046607543 0.579057455
1439803914.387962 14.740051270 0.085962653 7.712813377 -0.029441144 0.817035437 0.046324894 0.573968947
1439803914.450464 14.742179871 0.086073041 7.710973263 -0.029426454 0.820782363 0.045683291 0.568650544
1439803914.575463 14.746664047 0.086236835 7.707274914 -0.029260268 0.829706907 0.044646446 0.555641055
1439803914.637964 14.749146461 0.086494327 7.704900742 -0.028731028 0.834772289 0.044439614 0.548046350
1439803914.700463 14.751577377 0.086620390 7.702324390 -0.028397691 0.840030193 0.044710040 0.539947987
1439803914.762968 14.754131317 0.086801648 7.699749947 -0.028769461 0.845569491 0.044404913 0.531237066
1439803914.825465 14.756713867 0.086857736 7.697395802 -0.028967220 0.851302981 0.043848813 0.522035897
1439803914.950465 14.762176514 0.087378800 7.690720081 -0.027718615 0.862506449 0.042774893 0.503472567
1439803915.012970 14.764931679 0.087477326 7.687334538 -0.028306004 0.868553460 0.042708982 0.492939740
1439803915.075467 14.767906189 0.087630630 7.683743000 -0.028974166 0.874748766 0.042804260 0.481812119
1439803915.137966 14.770895004 0.087913632 7.679998398 -0.029453615 0.881010652 0.042814616 0.470233589
1439803915.200472 14.773832321 0.088311553 7.675616264 -0.029523464 0.887067378 0.042904321 0.458692729
1439803915.325471 14.779559135 0.088774979 7.666508675 -0.028499866 0.899914622 0.044191416 0.432883978
1439803915.387969 14.782359123 0.089191020 7.661458492 -0.027217237 0.906560123 0.044919573 0.418796152
1439803915.450470 14.785037041 0.089569926 7.656131268 -0.026852109 0.913217843 0.044887595 0.404100597
1439803915.512970 14.787431717 0.089591652 7.650705338 -0.027094031 0.919842839 0.044699132 0.388789266
1439803915.575473 14.790234566 0.090019435 7.644975662 -0.027079621 0.926486313 0.044229049 0.372738093
1439803915.700478 14.795253754 0.090921402 7.632868290 -0.028065410 0.938987553 0.044391666 0.339917749
1439803915.762972 14.797829628 0.091110766 7.626296043 -0.029789092 0.944781542 0.045177594 0.323201746
1439803915.825472 14.800081253 0.091393292 7.619420052 -0.030568764 0.950324416 0.046294905 0.306277364
1439803915.887974 14.802145958 0.091890305 7.612462521 -0.031460043 0.955748439 0.046572737 0.288766652
1439803915.950475 14.804199219 0.092489094 7.605256557 -0.032039266 0.960817337 0.046494275 0.271370322
1439803916.012976 14.805495262 0.092958800 7.597272873 -0.032034352 0.965185881 0.047625162 0.255189955
