#frame chA chB nCorr nA nB MNR GNR DICE
2 0 1 0 606 246 0 0 0
3 0 1 0 499 331 0 0 0
4 0 1 0 390 468 0 0 0
5 0 1 0 299 357 0 0 0
6 0 1 0 280 477 0 0 0
7 0 1 2 226 383 0.00884956 0.00679793 0.00656814
8 0 1 1 206 470 0.00485437 0.00321379 0.00295858
9 0 1 0 155 349 0 0 0
10 0 1 0 166 468 0 0 0
11 0 1 0 139 402 0 0 0
12 0 1 0 179 564 0 0 0
13 0 1 0 134 479 0 0 0
14 0 1 0 101 364 0 0 0
15 0 1 0 122 481 0 0 0
16 0 1 0 79 396 0 0 0
17 0 1 0 137 533 0 0 0
18 0 1 0 101 423 0 0 0
19 0 1 0 61 317 0 0 0
20 0 1 0 97 410 0 0 0
21 0 1 0 60 311 0 0 0
22 0 1 0 76 425 0 0 0
23 0 1 0 47 309 0 0 0
24 0 1 0 67 372 0 0 0
25 0 1 0 45 299 0 0 0
26 0 1 0 61 387 0 0 0
27 0 1 0 36 292 0 0 0
28 0 1 0 61 390 0 0 0
29 0 1 0 50 321 0 0 0
30 0 1 0 44 259 0 0 0
31 0 1 0 57 344 0 0 0
32 0 1 0 54 289 0 0 0
33 0 1 0 77 391 0 0 0
34 0 1 0 66 301 0 0 0
35 0 1 0 90 372 0 0 0
36 0 1 0 60 313 0 0 0
37 0 1 0 109 389 0 0 0
38 0 1 0 75 334 0 0 0
39 0 1 0 68 250 0 0 0
40 0 1 0 109 371 0 0 0
41 0 1 1 80 298 0.0125 0.0064766 0.00529101
42 0 1 1 60 267 0.0166667 0.00790076 0.00611621
43 0 1 1 106 379 0.00943396 0.00498916 0.00412371
44 0 1 2 83 315 0.0240964 0.012369 0.0100503
45 0 1 3 64 272 0.046875 0.0227377 0.0178571
46 0 1 1 106 390 0.00943396 0.0049183 0.00403226
47 0 1 3 71 334 0.0422535 0.0194813 0.0148148
48 0 1 0 62 293 0 0 0
49 0 1 0 91 384 0 0 0
50 0 1 0 65 307 0 0 0
51 0 1 0 108 453 0 0 0
52 0 1 0 86 396 0 0 0
53 0 1 0 75 327 0 0 0
54 0 1 0 116 445 0 0 0
55 0 1 0 79 368 0 0 0
56 0 1 0 66 277 0 0 0
57 0 1 0 86 407 0 0 0
58 0 1 0 67 332 0 0 0
59 0 1 0 62 266 0 0 0
60 0 1 0 94 438 0 0 0
61 0 1 0 91 343 0 0 0
62 0 1 0 68 296 0 0 0
63 0 1 0 56 255 0 0 0
64 0 1 0 88 416 0 0 0
65 0 1 0 70 375 0 0 0
66 0 1 0 55 321 0 0 0
67 0 1 0 48 255 0 0 0
68 0 1 0 81 362 0 0 0
69 0 1 0 72 301 0 0 0
70 0 1 0 56 268 0 0 0
71 0 1 0 51 221 0 0 0
72 0 1 0 97 355 0 0 0
73 0 1 0 81 327 0 0 0
74 0 1 0 68 280 0 0 0
75 0 1 0 60 259 0 0 0
76 0 1 0 46 225 0 0 0
77 0 1 0 104 368 0 0 0
78 0 1 0 91 350 0 0 0
79 0 1 0 84 327 0 0 0
80 0 1 0 76 283 0 0 0
81 0 1 0 69 273 0 0 0
82 0 1 0 63 224 0 0 0
83 0 1 0 142 407 0 0 0
84 0 1 0 119 415 0 0 0
85 0 1 0 107 379 0 0 0
86 0 1 0 97 330 0 0 0
87 0 1 0 85 296 0 0 0
88 0 1 0 69 261 0 0 0
89 0 1 0 67 243 0 0 0
90 0 1 0 136 432 0 0 0
91 0 1 0 113 406 0 0 0
92 0 1 0 106 393 0 0 0
93 0 1 0 95 355 0 0 0
94 0 1 0 80 312 0 0 0
95 0 1 0 64 283 0 0 0
96 0 1 1 51 251 0.0196078 0.00883849 0.00662252
97 0 1 0 124 460 0 0 0
98 0 1 0 110 424 0 0 0
99 0 1 0 89 365 0 0 0
100 0 1 0 79 317 0 0 0
101 0 1 0 79 296 0 0 0
102 0 1 0 73 265 0 0 0
103 0 1 0 151 417 0 0 0
104 0 1 0 141 406 0 0 0
105 0 1 0 133 360 0 0 0
106 0 1 0 112 337 0 0 0
107 0 1 0 101 294 0 0 0
108 0 1 0 80 247 0 0 0
109 0 1 0 164 376 0 0 0
110 0 1 0 133 340 0 0 0
111 0 1 0 106 234 0 0 0
112 0 1 0 78 191 0 0 0
113 0 1 5 144 308 0.0347222 0.0237418 0.0221239
114 0 1 4 107 260 0.0373832 0.0239818 0.0217984
115 0 1 6 85 210 0.0705882 0.0449089 0.040678
116 0 1 1 65 158 0.0153846 0.00986767 0.00896861
117 0 1 2 118 292 0.0169492 0.0107745 0.0097561
118 0 1 1 84 252 0.0119048 0.00687322 0.00595238
119 0 1 0 60 214 0 0 0
120 0 1 0 31 178 0 0 0
121 0 1 0 56 221 0 0 0
122 0 1 0 36 215 0 0 0
123 0 1 0 26 180 0 0 0
124 0 1 0 43 254 0 0 0
125 0 1 0 25 191 0 0 0
126 0 1 0 15 147 0 0 0
127 0 1 0 30 180 0 0 0
128 0 1 0 21 144 0 0 0
129 0 1 0 45 234 0 0 0
130 0 1 0 35 199 0 0 0
131 0 1 1 28 167 0.0357143 0.0146239 0.0102564
132 0 1 1 19 138 0.0526316 0.0195292 0.0127389
133 0 1 1 39 191 0.025641 0.0115865 0.00869565
134 0 1 2 29 201 0.0689655 0.0261959 0.0173913
135 0 1 1 25 156 0.04 0.0160128 0.0110497
136 0 1 0 18 120 0 0 0
137 0 1 1 48 205 0.0208333 0.010081 0.00790514
138 0 1 0 39 178 0 0 0
139 0 1 0 37 152 0 0 0
140 0 1 0 30 130 0 0 0
141 0 1 0 27 100 0 0 0
142 0 1 0 54 243 0 0 0
143 0 1 0 51 250 0 0 0
144 0 1 0 44 232 0 0 0
145 0 1 0 37 227 0 0 0
146 0 1 0 26 200 0 0 0
147 0 1 0 22 168 0 0 0
148 0 1 0 17 143 0 0 0
149 0 1 0 13 115 0 0 0
150 0 1 0 50 312 0 0 0
151 0 1 0 47 317 0 0 0
152 0 1 0 43 307 0 0 0
153 0 1 0 40 272 0 0 0
154 0 1 0 33 243 0 0 0
155 0 1 0 24 206 0 0 0
156 0 1 0 24 178 0 0 0
157 0 1 0 19 142 0 0 0
158 0 1 0 15 122 0 0 0
159 0 1 0 26 229 0 0 0
160 0 1 0 27 236 0 0 0
161 0 1 0 25 194 0 0 0
162 0 1 0 18 164 0 0 0
163 0 1 0 16 129 0 0 0
164 0 1 0 43 212 0 0 0
165 0 1 0 37 195 0 0 0
166 0 1 0 29 186 0 0 0
167 0 1 0 24 157 0 0 0
168 0 1 0 20 138 0 0 0
169 0 1 0 15 116 0 0 0
170 0 1 0 28 181 0 0 0
171 0 1 0 21 168 0 0 0
172 0 1 0 25 161 0 0 0
173 0 1 0 23 139 0 0 0
174 0 1 1 17 138 0.0588235 0.020646 0.0129032
175 0 1 0 19 117 0 0 0
176 0 1 3 32 209 0.09375 0.0366837 0.0248963
177 0 1 1 33 212 0.030303 0.0119557 0.00816326
178 0 1 3 29 202 0.103448 0.0391964 0.025974
179 0 1 1 26 196 0.0384615 0.0140083 0.00900901
180 0 1 2 25 171 0.08 0.0305888 0.0204082
181 0 1 0 22 155 0 0 0
182 0 1 2 21 139 0.0952381 0.037018 0.025
183 0 1 4 19 128 0.210526 0.0811107 0.0544218
184 0 1 0 17 114 0 0 0
185 0 1 1 42 202 0.0238095 0.0108567 0.00819672
186 0 1 2 34 208 0.0588235 0.0237826 0.0165289
187 0 1 2 35 192 0.0571429 0.0243975 0.0176211
188 0 1 2 35 194 0.0571429 0.0242714 0.0174672
189 0 1 2 27 188 0.0740741 0.0280717 0.0186047
190 0 1 2 28 176 0.0714286 0.0284901 0.0196078
191 0 1 3 24 169 0.125 0.0471056 0.0310881
192 0 1 2 26 150 0.0769231 0.0320256 0.0227273
193 0 1 0 22 139 0 0 0
194 0 1 2 24 128 0.0833333 0.0360844 0.0263158
195 0 1 3 17 118 0.176471 0.0669816 0.0444444
196 0 1 0 43 234 0 0 0
197 0 1 0 37 223 0 0 0
198 0 1 0 35 204 0 0 0
199 0 1 0 27 191 0 0 0
200 0 1 0 23 149 0 0 0
201 0 1 0 15 123 0 0 0
202 0 1 0 24 178 0 0 0
203 0 1 0 15 137 0 0 0
204 0 1 0 34 253 0 0 0
205 0 1 0 23 199 0 0 0
206 0 1 0 16 147 0 0 0
207 0 1 0 16 114 0 0 0
208 0 1 0 24 162 0 0 0
209 0 1 0 17 151 0 0 0
210 0 1 0 13 123 0 0 0
211 0 1 0 50 209 0 0 0
212 0 1 0 39 171 0 0 0
213 0 1 0 29 151 0 0 0
214 0 1 0 23 112 0 0 0
215 0 1 0 58 182 0 0 0
216 0 1 0 51 171 0 0 0
217 0 1 0 43 150 0 0 0
218 0 1 0 33 125 0 0 0
219 0 1 0 24 107 0 0 0
220 0 1 0 53 250 0 0 0
221 0 1 0 44 235 0 0 0
222 0 1 0 33 205 0 0 0
223 0 1 0 31 163 0 0 0
224 0 1 0 24 140 0 0 0
225 0 1 0 18 113 0 0 0
226 0 1 0 76 276 0 0 0
227 0 1 0 66 246 0 0 0
228 0 1 0 46 207 0 0 0
229 0 1 0 49 153 0 0 0
230 0 1 0 37 132 0 0 0
231 0 1 0 77 298 0 0 0
232 0 1 0 69 279 0 0 0
233 0 1 0 56 226 0 0 0
234 0 1 0 51 198 0 0 0
235 0 1 0 45 167 0 0 0
236 0 1 0 38 137 0 0 0
237 0 1 0 83 257 0 0 0
238 0 1 0 71 265 0 0 0
239 0 1 0 51 230 0 0 0
240 0 1 0 42 193 0 0 0
241 0 1 0 33 162 0 0 0
242 0 1 0 74 324 0 0 0
243 0 1 0 63 292 0 0 0
244 0 1 0 52 265 0 0 0
245 0 1 0 39 238 0 0 0
246 0 1 0 30 213 0 0 0
247 0 1 0 25 184 0 0 0
248 0 1 1 88 348 0.0113636 0.00571438 0.00458716
249 0 1 0 59 343 0 0 0
250 0 1 0 64 303 0 0 0
251 0 1 0 56 261 0 0 0
252 0 1 1 60 238 0.0166667 0.00836827 0.00671141
253 0 1 1 52 227 0.0192308 0.00920419 0.00716846
254 0 1 3 47 213 0.0638298 0.0299835 0.0230769
255 0 1 4 38 182 0.105263 0.0480986 0.0363636
256 0 1 2 113 324 0.0176991 0.0104525 0.00915332
257 0 1 2 100 357 0.02 0.0105851 0.00875274
258 0 1 2 89 328 0.0224719 0.0117057 0.00959233
259 0 1 2 79 309 0.0253165 0.0128008 0.0103093
260 0 1 2 75 285 0.0266667 0.0136797 0.0111111
261 0 1 4 60 255 0.0666667 0.0323381 0.0253968
262 0 1 3 58 222 0.0517241 0.0264381 0.0214286
263 0 1 1 47 178 0.0212766 0.010933 0.00888889
264 0 1 0 90 325 0 0 0
265 0 1 1 77 344 0.012987 0.00614434 0.00475059
266 0 1 1 74 333 0.0135135 0.00637033 0.004914
267 0 1 1 67 293 0.0149254 0.00713722 0.00555556
268 0 1 0 50 239 0 0 0
269 0 1 0 34 196 0 0 0
270 0 1 0 64 325 0 0 0
271 0 1 0 62 351 0 0 0
272 0 1 0 62 346 0 0 0
273 0 1 0 56 302 0 0 0
274 0 1 0 44 271 0 0 0
275 0 1 0 43 228 0 0 0
276 0 1 0 38 209 0 0 0
277 0 1 1 35 181 0.0285714 0.012564 0.00925926
278 0 1 0 68 283 0 0 0
279 0 1 0 61 275 0 0 0
280 0 1 0 56 232 0 0 0
281 0 1 0 50 210 0 0 0
282 0 1 0 46 190 0 0 0
283 0 1 0 44 161 0 0 0
284 0 1 0 89 256 0 0 0
285 0 1 0 71 241 0 0 0
286 0 1 0 68 209 0 0 0
287 0 1 0 54 185 0 0 0
288 0 1 0 50 165 0 0 0
289 0 1 0 44 147 0 0 0
290 0 1 0 73 249 0 0 0
291 0 1 0 66 272 0 0 0
292 0 1 0 51 251 0 0 0
293 0 1 0 43 208 0 0 0
294 0 1 0 35 163 0 0 0
295 0 1 0 31 137 0 0 0
296 0 1 0 61 297 0 0 0
297 0 1 0 53 286 0 0 0
298 0 1 0 47 246 0 0 0
299 0 1 0 34 204 0 0 0
300 0 1 0 28 175 0 0 0
301 0 1 0 21 143 0 0 0
302 0 1 0 52 276 0 0 0
303 0 1 0 44 265 0 0 0
304 0 1 0 39 241 0 0 0
305 0 1 0 34 198 0 0 0
306 0 1 0 25 178 0 0 0
307 0 1 0 22 141 0 0 0
308 0 1 0 47 259 0 0 0
309 0 1 0 39 257 0 0 0
310 0 1 0 32 227 0 0 0
311 0 1 0 30 206 0 0 0
312 0 1 0 27 173 0 0 0
313 0 1 0 22 139 0 0 0
314 0 1 0 62 302 0 0 0
315 0 1 0 53 297 0 0 0
316 0 1 0 42 263 0 0 0
317 0 1 0 31 229 0 0 0
318 0 1 0 33 206 0 0 0
319 0 1 0 29 174 0 0 0
320 0 1 0 23 142 0 0 0
321 0 1 0 50 265 0 0 0
322 0 1 0 40 254 0 0 0
323 0 1 0 39 225 0 0 0
324 0 1 0 37 197 0 0 0
325 0 1 1 34 162 0.0294118 0.0134742 0.0102041
326 0 1 0 35 150 0 0 0
327 0 1 0 27 119 0 0 0
328 0 1 0 56 230 0 0 0
329 0 1 0 36 226 0 0 0
330 0 1 0 32 208 0 0 0
331 0 1 0 27 171 0 0 0
332 0 1 0 20 163 0 0 0
333 0 1 0 20 135 0 0 0
334 0 1 0 13 99 0 0 0
335 0 1 0 35 202 0 0 0
336 0 1 0 24 193 0 0 0
337 0 1 0 19 171 0 0 0
338 0 1 0 12 145 0 0 0
339 0 1 0 8 96 0 0 0
340 0 1 0 28 185 0 0 0
341 0 1 0 17 159 0 0 0
342 0 1 0 8 125 0 0 0
343 0 1 0 6 103 0 0 0
344 0 1 0 5 81 0 0 0
345 0 1 0 12 143 0 0 0
346 0 1 0 13 142 0 0 0
347 0 1 0 9 111 0 0 0
348 0 1 0 8 95 0 0 0
349 0 1 0 7 86 0 0 0
350 0 1 0 24 198 0 0 0
351 0 1 0 20 198 0 0 0
352 0 1 0 19 156 0 0 0
353 0 1 0 19 146 0 0 0
354 0 1 0 18 133 0 0 0
355 0 1 0 15 115 0 0 0
356 0 1 0 13 110 0 0 0
357 0 1 0 13 100 0 0 0
358 0 1 0 10 91 0 0 0
359 0 1 0 11 81 0 0 0
360 0 1 0 33 196 0 0 0
361 0 1 0 28 190 0 0 0
362 0 1 0 26 197 0 0 0
363 0 1 1 18 177 0.0555556 0.0177165 0.0102564
364 0 1 1 25 170 0.04 0.0153393 0.0102564
365 0 1 0 20 153 0 0 0
366 0 1 0 18 126 0 0 0
367 0 1 0 16 111 0 0 0
368 0 1 1 10 98 0.1 0.0319438 0.0185185
369 0 1 0 10 84 0 0 0
370 0 1 0 37 204 0 0 0
371 0 1 0 25 213 0 0 0
372 0 1 0 24 208 0 0 0
373 0 1 0 19 190 0 0 0
374 0 1 0 17 178 0 0 0
375 0 1 0 19 145 0 0 0
376 0 1 0 12 138 0 0 0
377 0 1 0 6 112 0 0 0
378 0 1 0 6 94 0 0 0
379 0 1 0 32 144 0 0 0
380 0 1 0 24 152 0 0 0
381 0 1 0 25 127 0 0 0
382 0 1 0 17 115 0 0 0
383 0 1 0 13 94 0 0 0
384 0 1 0 9 90 0 0 0
385 0 1 0 54 208 0 0 0
386 0 1 0 44 222 0 0 0
387 0 1 0 39 233 0 0 0
388 0 1 0 31 201 0 0 0
389 0 1 0 26 177 0 0 0
390 0 1 0 22 135 0 0 0
391 0 1 1 10 128 0.1 0.0279508 0.0144928
392 0 1 0 9 108 0 0 0
393 0 1 0 5 92 0 0 0
394 0 1 0 30 174 0 0 0
395 0 1 0 21 191 0 0 0
396 0 1 0 24 192 0 0 0
397 0 1 0 20 176 0 0 0
398 0 1 1 19 174 0.0526316 0.017392 0.0103627
399 0 1 0 20 144 0 0 0
400 0 1 1 16 131 0.0625 0.0218426 0.0136054
401 0 1 0 14 116 0 0 0
402 0 1 1 9 121 0.111111 0.030303 0.0153846
403 0 1 0 12 100 0 0 0
404 0 1 0 49 227 0 0 0
405 0 1 0 48 277 0 0 0
406 0 1 0 46 303 0 0 0
407 0 1 0 41 311 0 0 0
408 0 1 0 38 292 0 0 0
409 0 1 0 35 279 0 0 0
410 0 1 0 36 265 0 0 0
411 0 1 0 27 250 0 0 0
412 0 1 0 23 227 0 0 0
413 0 1 0 20 199 0 0 0
414 0 1 0 20 192 0 0 0
415 0 1 0 19 190 0 0 0
416 0 1 0 19 182 0 0 0
417 0 1 0 15 157 0 0 0
418 0 1 0 9 130 0 0 0
419 0 1 0 7 115 0 0 0
420 0 1 0 16 149 0 0 0
421 0 1 0 9 123 0 0 0
422 0 1 0 8 100 0 0 0
423 0 1 0 72 256 0 0 0
424 0 1 0 53 236 0 0 0
425 0 1 0 32 157 0 0 0
426 0 1 0 19 97 0 0 0
427 0 1 0 77 196 0 0 0
428 0 1 0 51 221 0 0 0
429 0 1 0 42 197 0 0 0
430 0 1 0 40 166 0 0 0
431 0 1 0 33 151 0 0 0
432 0 1 0 24 124 0 0 0
433 0 1 0 19 98 0 0 0
434 0 1 0 61 217 0 0 0
435 0 1 0 52 205 0 0 0
436 0 1 0 33 148 0 0 0
437 0 1 0 24 104 0 0 0
438 0 1 0 59 202 0 0 0
439 0 1 0 42 182 0 0 0
440 0 1 0 42 171 0 0 0
441 0 1 0 27 160 0 0 0
442 0 1 0 28 139 0 0 0
443 0 1 0 25 131 0 0 0
444 0 1 1 21 115 0.047619 0.0203489 0.0147059
445 0 1 0 17 102 0 0 0
446 0 1 0 67 260 0 0 0
447 0 1 0 55 279 0 0 0
448 0 1 0 45 259 0 0 0
449 0 1 0 39 230 0 0 0
450 0 1 0 29 204 0 0 0
451 0 1 0 25 172 0 0 0
452 0 1 0 20 142 0 0 0
453 0 1 0 15 115 0 0 0
454 0 1 0 55 266 0 0 0
455 0 1 0 39 280 0 0 0
456 0 1 0 41 248 0 0 0
457 0 1 0 34 217 0 0 0
458 0 1 0 25 187 0 0 0
459 0 1 0 18 148 0 0 0
460 0 1 0 14 118 0 0 0
461 0 1 0 45 220 0 0 0
462 0 1 0 34 235 0 0 0
463 0 1 0 26 211 0 0 0
464 0 1 0 23 185 0 0 0
465 0 1 0 21 156 0 0 0
466 0 1 0 17 127 0 0 0
467 0 1 0 40 226 0 0 0
468 0 1 0 32 217 0 0 0
469 0 1 0 29 187 0 0 0
470 0 1 0 23 159 0 0 0
471 0 1 0 18 135 0 0 0
472 0 1 0 43 262 0 0 0
473 0 1 1 30 244 0.0333333 0.0116881 0.00729927
474 0 1 1 21 216 0.047619 0.0148478 0.00843882
475 0 1 0 17 189 0 0 0
476 0 1 0 14 162 0 0 0
477 0 1 0 11 147 0 0 0
478 0 1 0 11 118 0 0 0
479 0 1 0 17 176 0 0 0
480 0 1 0 17 171 0 0 0
481 0 1 0 10 146 0 0 0
482 0 1 0 12 132 0 0 0
483 0 1 0 9 110 0 0 0
484 0 1 0 31 212 0 0 0
485 0 1 0 25 193 0 0 0
486 0 1 0 25 178 0 0 0
487 0 1 0 20 148 0 0 0
488 0 1 0 17 139 0 0 0
489 0 1 0 18 122 0 0 0
490 0 1 0 14 115 0 0 0
491 0 1 0 31 247 0 0 0
492 0 1 0 24 221 0 0 0
493 0 1 0 23 200 0 0 0
494 0 1 0 19 180 0 0 0
495 0 1 0 14 165 0 0 0
496 0 1 0 11 156 0 0 0
497 0 1 0 9 142 0 0 0
498 0 1 0 10 126 0 0 0
499 0 1 0 29 250 0 0 0
500 0 1 0 28 243 0 0 0
501 0 1 0 28 224 0 0 0
502 0 1 0 26 207 0 0 0
503 0 1 0 22 199 0 0 0
504 0 1 0 22 184 0 0 0
505 0 1 0 23 167 0 0 0
506 0 1 0 16 153 0 0 0
507 0 1 0 17 134 0 0 0
508 0 1 0 13 124 0 0 0
509 0 1 1 36 240 0.0277778 0.0107583 0.00724638
510 0 1 0 34 253 0 0 0
511 0 1 0 34 242 0 0 0
512 0 1 1 28 224 0.0357143 0.0126269 0.00793651
513 0 1 0 25 193 0 0 0
514 0 1 0 24 186 0 0 0
515 0 1 0 19 175 0 0 0
516 0 1 0 19 163 0 0 0
517 0 1 0 15 154 0 0 0
518 0 1 0 17 153 0 0 0
519 0 1 0 13 154 0 0 0
520 0 1 0 15 143 0 0 0
521 0 1 0 13 144 0 0 0
522 0 1 0 12 140 0 0 0
523 0 1 0 12 133 0 0 0
524 0 1 0 13 127 0 0 0
525 0 1 0 12 125 0 0 0
526 0 1 0 50 304 0 0 0
527 0 1 0 49 326 0 0 0
528 0 1 0 42 331 0 0 0
529 0 1 0 43 317 0 0 0
530 0 1 0 35 308 0 0 0
531 0 1 0 39 306 0 0 0
532 0 1 0 37 281 0 0 0
533 0 1 0 36 275 0 0 0
534 0 1 0 39 282 0 0 0
535 0 1 0 38 279 0 0 0
536 0 1 0 38 268 0 0 0
537 0 1 0 38 265 0 0 0
538 0 1 0 34 258 0 0 0
539 0 1 0 39 261 0 0 0
540 0 1 0 38 260 0 0 0
541 0 1 0 35 262 0 0 0
542 0 1 0 39 254 0 0 0
543 0 1 0 36 250 0 0 0
544 0 1 0 36 246 0 0 0
545 0 1 1 37 246 0.027027 0.0104817 0.00706714
546 0 1 0 37 254 0 0 0
547 0 1 0 37 249 0 0 0
548 0 1 1 36 248 0.0277778 0.0105833 0.00704225
549 0 1 0 36 238 0 0 0
550 0 1 1 35 236 0.0285714 0.011003 0.00738007
551 0 1 1 36 240 0.0277778 0.0107583 0.00724638
552 0 1 0 36 241 0 0 0
553 0 1 1 33 248 0.030303 0.0110539 0.00711744
554 0 1 1 35 243 0.0285714 0.0108433 0.00719424
555 0 1 0 35 246 0 0 0
556 0 1 0 36 242 0 0 0
557 0 1 2 36 243 0.0555556 0.0213833 0.0143369
558 0 1 1 39 246 0.025641 0.0102094 0.00701754
559 0 1 1 34 251 0.0294118 0.0108249 0.00701754
560 0 1 1 34 248 0.0294118 0.0108902 0.0070922
561 0 1 0 38 238 0 0 0
562 0 1 0 32 241 0 0 0
563 0 1 0 37 227 0 0 0
564 0 1 0 36 228 0 0 0
565 0 1 0 33 232 0 0 0
566 0 1 0 33 212 0 0 0
567 0 1 1 31 206 0.0322581 0.0125137 0.00843882
568 0 1 0 32 192 0 0 0
569 0 1 0 26 178 0 0 0
570 0 1 0 27 174 0 0 0
571 0 1 0 26 166 0 0 0
572 0 1 0 23 165 0 0 0
573 0 1 0 24 157 0 0 0
574 0 1 0 19 152 0 0 0
575 0 1 0 16 140 0 0 0
576 0 1 0 15 136 0 0 0
577 0 1 0 14 116 0 0 0
578 0 1 0 50 260 0 0 0
579 0 1 0 42 253 0 0 0
580 0 1 0 40 237 0 0 0
581 0 1 0 36 214 0 0 0
582 0 1 0 25 164 0 0 0
583 0 1 0 23 144 0 0 0
584 0 1 0 19 141 0 0 0
585 0 1 0 14 131 0 0 0
586 0 1 1 14 107 0.0714286 0.0258371 0.0165289
587 0 1 1 54 225 0.0185185 0.00907218 0.00716846
588 0 1 1 37 220 0.027027 0.0110838 0.0077821
589 0 1 1 27 166 0.037037 0.014937 0.0103627
590 0 1 1 17 142 0.0588235 0.0203531 0.0125786
591 0 1 0 15 97 0 0 0
592 0 1 0 47 194 0 0 0
593 0 1 0 21 156 0 0 0
594 0 1 0 22 89 0 0 0
595 0 1 0 42 204 0 0 0
596 0 1 0 23 164 0 0 0
597 0 1 0 19 117 0 0 0
598 0 1 0 55 259 0 0 0
599 0 1 0 40 243 0 0 0
600 0 1 0 23 197 0 0 0
601 0 1 0 13 154 0 0 0
602 0 1 0 16 121 0 0 0
603 0 1 0 36 263 0 0 0
604 0 1 0 30 253 0 0 0
605 0 1 0 29 226 0 0 0
606 0 1 0 22 179 0 0 0
607 0 1 0 16 150 0 0 0
608 0 1 0 14 111 0 0 0
609 0 1 0 43 242 0 0 0
610 0 1 0 32 247 0 0 0
611 0 1 0 31 234 0 0 0
612 0 1 0 23 195 0 0 0
613 0 1 2 20 169 0.1 0.034401 0.021164
614 0 1 1 17 143 0.0588235 0.0202818 0.0125
615 0 1 0 13 121 0 0 0
616 0 1 0 28 240 0 0 0
617 0 1 0 14 202 0 0 0
618 0 1 0 13 173 0 0 0
619 0 1 0 8 157 0 0 0
620 0 1 0 8 129 0 0 0
621 0 1 0 23 242 0 0 0
622 0 1 0 22 217 0 0 0
623 0 1 0 11 163 0 0 0
624 0 1 0 7 126 0 0 0
625 0 1 0 24 258 0 0 0
626 0 1 0 15 216 0 0 0
627 0 1 0 12 179 0 0 0
628 0 1 0 5 137 0 0 0
629 0 1 0 30 241 0 0 0
630 0 1 0 23 208 0 0 0
631 0 1 0 13 165 0 0 0
632 0 1 0 10 120 0 0 0
633 0 1 0 21 238 0 0 0
634 0 1 0 23 204 0 0 0
635 0 1 0 9 163 0 0 0
636 0 1 0 7 123 0 0 0
637 0 1 0 16 204 0 0 0
638 0 1 0 13 163 0 0 0
639 0 1 0 7 162 0 0 0
640 0 1 0 5 116 0 0 0
641 0 1 0 26 231 0 0 0
642 0 1 0 16 186 0 0 0
643 0 1 0 15 173 0 0 0
644 0 1 0 12 127 0 0 0
645 0 1 0 9 107 0 0 0
646 0 1 0 36 215 0 0 0
647 0 1 0 27 194 0 0 0
648 0 1 0 16 136 0 0 0
649 0 1 0 10 111 0 0 0
650 0 1 0 33 232 0 0 0
651 0 1 0 24 196 0 0 0
652 0 1 0 17 158 0 0 0
653 0 1 0 12 105 0 0 0
654 0 1 0 17 193 0 0 0
655 0 1 0 11 161 0 0 0
656 0 1 0 6 110 0 0 0
657 0 1 0 39 278 0 0 0
658 0 1 0 27 223 0 0 0
659 0 1 0 24 188 0 0 0
660 0 1 0 18 137 0 0 0
661 0 1 0 12 113 0 0 0
662 0 1 0 43 227 0 0 0
663 0 1 0 30 210 0 0 0
664 0 1 0 27 166 0 0 0
665 0 1 0 20 121 0 0 0
666 0 1 3 46 192 0.0652174 0.0319221 0.0252101
667 0 1 3 28 172 0.107143 0.0432293 0.03
668 0 1 0 23 120 0 0 0
669 0 1 3 36 223 0.0833333 0.0334825 0.023166
670 0 1 3 27 189 0.111111 0.0419961 0.0277778
671 0 1 3 23 137 0.130435 0.0534438 0.0375
672 0 1 0 59 246 0 0 0
673 0 1 1 46 218 0.0217391 0.00998603 0.00757576
674 0 1 3 32 169 0.09375 0.0407946 0.0298507
675 0 1 0 27 148 0 0 0
676 0 1 0 58 241 0 0 0
677 0 1 0 40 188 0 0 0
678 0 1 0 31 159 0 0 0
679 0 1 0 29 122 0 0 0
680 0 1 0 53 215 0 0 0
681 0 1 0 42 186 0 0 0
682 0 1 0 30 144 0 0 0
683 0 1 0 22 121 0 0 0
684 0 1 0 45 214 0 0 0
685 0 1 0 35 178 0 0 0
686 0 1 0 27 153 0 0 0
687 0 1 0 16 132 0 0 0
688 0 1 0 54 241 0 0 0
689 0 1 0 37 202 0 0 0
690 0 1 0 32 169 0 0 0
691 0 1 0 20 145 0 0 0
692 0 1 0 54 236 0 0 0
693 0 1 0 33 216 0 0 0
694 0 1 0 20 192 0 0 0
695 0 1 0 22 166 0 0 0
696 0 1 0 14 137 0 0 0
697 0 1 0 42 265 0 0 0
698 0 1 0 30 250 0 0 0
699 0 1 0 26 214 0 0 0
700 0 1 0 21 176 0 0 0
701 0 1 0 24 172 0 0 0
702 0 1 0 21 152 0 0 0
703 0 1 0 15 142 0 0 0
704 0 1 0 61 274 0 0 0
705 0 1 0 59 253 0 0 0
706 0 1 0 49 219 0 0 0
707 0 1 0 45 215 0 0 0
708 0 1 0 39 192 0 0 0
709 0 1 0 35 176 0 0 0
710 0 1 0 28 156 0 0 0
711 0 1 0 88 321 0 0 0
712 0 1 0 73 307 0 0 0
713 0 1 0 67 282 0 0 0
714 0 1 0 51 242 0 0 0
715 0 1 1 54 223 0.0185185 0.00911278 0.00722022
716 0 1 0 39 208 0 0 0
717 0 1 1 42 178 0.0238095 0.0115655 0.00909091
718 0 1 0 132 417 0 0 0
719 0 1 0 108 403 0 0 0
720 0 1 0 97 400 0 0 0
721 0 1 0 89 360 0 0 0
722 0 1 1 91 331 0.010989 0.00576189 0.00473934
723 0 1 2 78 316 0.025641 0.0127391 0.0101523
724 0 1 2 80 287 0.025 0.0131991 0.0108992
725 0 1 1 69 281 0.0144928 0.00718162 0.00571429
726 0 1 2 70 258 0.0285714 0.0148823 0.0121951
727 0 1 1 56 236 0.0178571 0.00869861 0.00684932
728 0 1 2 51 213 0.0392157 0.0191891 0.0151515
729 0 1 2 51 189 0.0392157 0.0203711 0.0166667
730 0 1 1 45 177 0.0222222 0.0112049 0.00900901
731 0 1 1 126 493 0.00793651 0.00401228 0.00323102
732 0 1 1 104 463 0.00961538 0.00455714 0.00352734
733 0 1 1 105 403 0.00952381 0.0048613 0.00393701
734 0 1 1 91 386 0.010989 0.00533563 0.00419287
735 0 1 1 76 337 0.0131579 0.00624854 0.00484262
736 0 1 1 67 301 0.0149254 0.00704173 0.00543478
737 0 1 2 63 291 0.031746 0.0147711 0.0112994
738 0 1 3 59 262 0.0508475 0.0241293 0.0186916
739 0 1 0 50 230 0 0 0
740 0 1 0 48 214 0 0 0
741 0 1 2 37 184 0.0540541 0.0242393 0.0180995
742 0 1 1 112 299 0.00892857 0.00546456 0.00486618
743 0 1 0 89 262 0 0 0
744 0 1 0 68 226 0 0 0
745 0 1 0 58 192 0 0 0
746 0 1 0 47 168 0 0 0
747 0 1 0 126 324 0 0 0
748 0 1 0 100 313 0 0 0
749 0 1 0 64 248 0 0 0
750 0 1 0 42 183 0 0 0
751 0 1 2 25 151 0.08 0.0325515 0.0227273
752 0 1 3 39 216 0.0769231 0.032686 0.0235294
753 0 1 0 48 302 0 0 0
754 0 1 0 38 250 0 0 0
755 0 1 0 85 409 0 0 0
756 0 1 0 54 363 0 0 0
757 0 1 0 29 260 0 0 0
758 0 1 0 87 380 0 0 0
759 0 1 0 60 369 0 0 0
760 0 1 0 24 283 0 0 0
761 0 1 0 74 355 0 0 0
762 0 1 0 43 311 0 0 0
763 0 1 0 29 264 0 0 0
764 0 1 0 71 342 0 0 0
765 0 1 0 56 271 0 0 0
766 0 1 0 41 169 0 0 0
767 0 1 0 57 206 0 0 0
768 0 1 1 48 179 0.0208333 0.0107883 0.00881057
769 0 1 1 66 211 0.0151515 0.00847397 0.00722022
770 0 1 1 51 172 0.0196078 0.010677 0.00896861
771 0 1 3 103 250 0.0291262 0.0186953 0.0169972
772 0 1 1 83 245 0.0120482 0.00701258 0.00609756
773 0 1 0 62 231 0 0 0
774 0 1 0 42 183 0 0 0
775 0 1 0 83 277 0 0 0
776 0 1 0 63 281 0 0 0
777 0 1 0 43 245 0 0 0
778 0 1 0 29 186 0 0 0
779 0 1 0 67 264 0 0 0
780 0 1 0 58 235 0 0 0
781 0 1 0 45 191 0 0 0
782 0 1 0 26 148 0 0 0
783 0 1 0 49 229 0 0 0
784 0 1 0 34 191 0 0 0
785 0 1 0 24 168 0 0 0
786 0 1 0 17 118 0 0 0
787 0 1 0 31 184 0 0 0
788 0 1 0 18 163 0 0 0
789 0 1 0 13 138 0 0 0
790 0 1 0 9 129 0 0 0
791 0 1 0 10 109 0 0 0
792 0 1 0 34 222 0 0 0
793 0 1 0 37 212 0 0 0
794 0 1 0 27 197 0 0 0
795 0 1 0 26 180 0 0 0
796 0 1 1 20 159 0.05 0.0177332 0.0111732
797 0 1 1 20 134 0.05 0.0193167 0.012987
798 0 1 0 20 127 0 0 0
799 0 1 0 17 127 0 0 0
800 0 1 0 15 116 0 0 0
801 0 1 1 14 102 0.0714286 0.0264628 0.0172414
802 0 1 1 32 178 0.03125 0.01325 0.00952381
803 0 1 0 35 173 0 0 0
804 0 1 1 34 165 0.0294118 0.0133511 0.0100503
805 0 1 0 31 148 0 0 0
806 0 1 0 32 136 0 0 0
807 0 1 0 26 132 0 0 0
808 0 1 0 26 108 0 0 0
809 0 1 0 23 104 0 0 0
810 0 1 0 41 210 0 0 0
811 0 1 0 39 202 0 0 0
812 0 1 0 35 190 0 0 0
813 0 1 0 34 162 0 0 0
814 0 1 0 30 147 0 0 0
815 0 1 0 23 131 0 0 0
816 0 1 0 30 115 0 0 0
817 0 1 0 18 109 0 0 0
818 0 1 0 52 193 0 0 0
819 0 1 0 36 214 0 0 0
820 0 1 0 41 188 0 0 0
821 0 1 0 34 172 0 0 0
822 0 1 0 36 176 0 0 0
823 0 1 0 24 166 0 0 0
824 0 1 0 22 158 0 0 0
825 0 1 0 18 137 0 0 0
826 0 1 0 20 128 0 0 0
827 0 1 0 17 125 0 0 0
828 0 1 0 12 117 0 0 0
829 0 1 0 46 245 0 0 0
830 0 1 0 43 277 0 0 0
831 0 1 0 37 257 0 0 0
832 0 1 0 34 235 0 0 0
833 0 1 0 35 217 0 0 0
834 0 1 0 27 212 0 0 0
835 0 1 0 18 188 0 0 0
836 0 1 0 15 164 0 0 0
837 0 1 0 11 153 0 0 0
838 0 1 0 15 141 0 0 0
839 0 1 0 9 134 0 0 0
840 0 1 0 13 125 0 0 0
841 0 1 0 11 111 0 0 0
842 0 1 0 48 239 0 0 0
843 0 1 0 48 257 0 0 0
844 0 1 0 45 250 0 0 0
845 0 1 0 43 236 0 0 0
846 0 1 1 36 217 0.0277778 0.0113141 0.00790514
847 0 1 0 27 192 0 0 0
848 0 1 1 29 187 0.0344828 0.0135794 0.00925926
849 0 1 0 19 165 0 0 0
850 0 1 0 17 151 0 0 0
851 0 1 0 16 136 0 0 0
852 0 1 0 14 120 0 0 0
853 0 1 0 39 238 0 0 0
854 0 1 0 36 249 0 0 0
855 0 1 0 25 233 0 0 0
856 0 1 0 19 212 0 0 0
857 0 1 0 16 170 0 0 0
858 0 1 0 12 145 0 0 0
859 0 1 0 13 153 0 0 0
860 0 1 0 6 144 0 0 0
861 0 1 0 32 229 0 0 0
862 0 1 0 26 259 0 0 0
863 0 1 0 24 239 0 0 0
864 0 1 0 21 218 0 0 0
865 0 1 0 17 210 0 0 0
866 0 1 0 20 181 0 0 0
867 0 1 0 13 166 0 0 0
868 0 1 0 12 145 0 0 0
869 0 1 0 53 264 0 0 0
870 0 1 0 47 258 0 0 0
871 0 1 0 38 259 0 0 0
872 0 1 0 35 242 0 0 0
873 0 1 0 33 206 0 0 0
874 0 1 0 22 160 0 0 0
875 0 1 0 15 133 0 0 0
876 0 1 0 50 249 0 0 0
877 0 1 0 39 234 0 0 0
878 0 1 0 30 221 0 0 0
879 0 1 0 25 203 0 0 0
880 0 1 0 18 166 0 0 0
881 0 1 0 21 145 0 0 0
882 0 1 0 11 111 0 0 0
883 0 1 0 27 194 0 0 0
884 0 1 0 21 172 0 0 0
885 0 1 0 22 165 0 0 0
886 0 1 0 15 137 0 0 0
887 0 1 0 17 117 0 0 0
888 0 1 0 36 191 0 0 0
889 0 1 0 20 152 0 0 0
890 0 1 0 22 138 0 0 0
891 0 1 0 14 109 0 0 0
892 0 1 0 37 172 0 0 0
893 0 1 0 33 163 0 0 0
894 0 1 0 25 133 0 0 0
895 0 1 0 17 110 0 0 0
896 0 1 2 26 164 0.0769231 0.0306282 0.0210526
897 0 1 4 18 146 0.222222 0.0780274 0.0487805
898 0 1 4 13 107 0.307692 0.10725 0.0666667
899 0 1 3 32 158 0.09375 0.0421908 0.0315789
900 0 1 2 25 144 0.08 0.0333333 0.0236686
901 0 1 3 17 113 0.176471 0.0684475 0.0461538
902 0 1 4 26 164 0.153846 0.0612564 0.0421053
903 0 1 4 25 142 0.16 0.0671345 0.0479042
904 0 1 3 16 124 0.1875 0.067352 0.0428571
905 0 1 4 43 193 0.0930233 0.0439084 0.0338983
906 0 1 3 32 172 0.09375 0.0404373 0.0294118
907 0 1 3 25 136 0.12 0.0514496 0.0372671
908 0 1 3 18 106 0.166667 0.0686803 0.0483871
909 0 1 2 37 189 0.0540541 0.0239165 0.0176991
910 0 1 4 31 164 0.129032 0.0560993 0.0410256
911 0 1 3 26 141 0.115385 0.0495479 0.0359281
912 0 1 4 23 130 0.173913 0.0731517 0.0522876
913 0 1 4 23 116 0.173913 0.0774403 0.057554
914 0 1 4 18 104 0.222222 0.09245 0.0655738
915 0 1 4 32 200 0.125 0.05 0.0344828
916 0 1 4 25 193 0.16 0.0575853 0.0366972
917 0 1 4 18 177 0.222222 0.0708659 0.0410256
918 0 1 4 13 168 0.307692 0.0855921 0.0441989
919 0 1 4 13 142 0.307692 0.0930988 0.0516129
920 0 1 4 9 127 0.444444 0.118314 0.0588235
921 0 1 3 12 112 0.25 0.0818317 0.0483871
922 0 1 5 24 180 0.208333 0.0760726 0.0490196
923 0 1 3 20 188 0.15 0.0489246 0.0288462
924 0 1 2 17 186 0.117647 0.0355671 0.0197044
925 0 1 4 14 176 0.285714 0.0805823 0.0421053
926 0 1 2 16 143 0.125 0.0418121 0.0251572
927 0 1 3 12 128 0.25 0.0765465 0.0428571
928 0 1 3 14 99 0.214286 0.0805823 0.0530973
929 0 1 3 34 194 0.0882353 0.0369386 0.0263158
930 0 1 0 28 194 0 0 0
931 0 1 1 31 183 0.0322581 0.0132768 0.00934579
932 0 1 0 28 166 0 0 0
933 0 1 2 25 149 0.08 0.0327693 0.0229885
934 0 1 0 23 139 0 0 0
935 0 1 0 21 129 0 0 0
936 0 1 0 19 118 0 0 0
937 0 1 0 20 111 0 0 0
938 0 1 0 17 107 0 0 0
939 0 1 0 17 103 0 0 0
940 0 1 0 16 96 0 0 0
941 0 1 0 18 83 0 0 0
942 0 1 0 31 148 0 0 0
943 0 1 0 32 146 0 0 0
944 0 1 0 26 138 0 0 0
945 0 1 0 26 119 0 0 0
946 0 1 0 22 106 0 0 0
947 0 1 0 18 99 0 0 0
948 0 1 0 16 95 0 0 0
949 0 1 0 45 197 0 0 0
950 0 1 0 39 190 0 0 0
951 0 1 0 34 170 0 0 0
952 0 1 0 25 107 0 0 0
953 0 1 0 20 83 0 0 0
954 0 1 0 51 175 0 0 0
955 0 1 0 31 151 0 0 0
956 0 1 0 21 121 0 0 0
957 0 1 0 12 98 0 0 0
958 0 1 2 11 92 0.181818 0.0628695 0.038835
959 0 1 2 6 87 0.333333 0.0875376 0.0430108
960 0 1 2 24 151 0.0833333 0.0332228 0.0228571
961 0 1 2 13 113 0.153846 0.0521818 0.031746
962 0 1 0 11 85 0 0 0
963 0 1 1 10 84 0.1 0.0345033 0.0212766
964 0 1 0 4 76 0 0 0
965 0 1 0 26 167 0 0 0
966 0 1 0 24 163 0 0 0
967 0 1 0 19 157 0 0 0
968 0 1 0 17 134 0 0 0
969 0 1 0 13 125 0 0 0
970 0 1 0 11 98 0 0 0
971 0 1 0 10 83 0 0 0
972 0 1 0 11 71 0 0 0
973 0 1 0 8 69 0 0 0
974 0 1 0 28 155 0 0 0
975 0 1 0 23 156 0 0 0
976 0 1 0 25 149 0 0 0
977 0 1 0 16 135 0 0 0
978 0 1 0 12 126 0 0 0
979 0 1 0 8 104 0 0 0
980 0 1 0 5 86 0 0 0
981 0 1 0 5 69 0 0 0
982 0 1 0 11 116 0 0 0
983 0 1 0 7 101 0 0 0
984 0 1 0 6 85 0 0 0
985 0 1 0 6 66 0 0 0
986 0 1 0 13 138 0 0 0
987 0 1 0 10 117 0 0 0
988 0 1 0 11 100 0 0 0
989 0 1 0 9 76 0 0 0
990 0 1 0 9 73 0 0 0
991 0 1 0 5 64 0 0 0
992 0 1 0 26 116 0 0 0
993 0 1 0 22 118 0 0 0
994 0 1 0 16 113 0 0 0
995 0 1 0 14 99 0 0 0
996 0 1 0 14 87 0 0 0
997 0 1 0 12 72 0 0 0
998 0 1 0 8 64 0 0 0
999 0 1 0 7 49 0 0 0
1000 0 1 0 19 113 0 0 0
1001 0 1 0 19 114 0 0 0
1002 0 1 0 18 99 0 0 0
1003 0 1 0 15 95 0 0 0
1004 0 1 0 17 76 0 0 0
1005 0 1 0 13 66 0 0 0
1006 0 1 0 9 64 0 0 0
1007 0 1 0 10 48 0 0 0
1008 0 1 0 24 130 0 0 0
1009 0 1 0 24 120 0 0 0
1010 0 1 0 18 114 0 0 0
1011 0 1 0 18 111 0 0 0
1012 0 1 0 16 88 0 0 0
1013 0 1 0 14 77 0 0 0
1014 0 1 0 14 64 0 0 0
1015 0 1 0 13 55 0 0 0
1016 0 1 0 9 45 0 0 0
1017 0 1 0 18 116 0 0 0
1018 0 1 0 15 114 0 0 0
1019 0 1 0 15 90 0 0 0
1020 0 1 0 11 75 0 0 0
1021 0 1 0 10 73 0 0 0
1022 0 1 0 8 65 0 0 0
1023 0 1 0 8 62 0 0 0
1024 0 1 0 5 55 0 0 0
1025 0 1 0 12 68 0 0 0
1026 0 1 0 12 69 0 0 0
1027 0 1 0 10 58 0 0 0
1028 0 1 0 23 140 0 0 0
1029 0 1 0 13 119 0 0 0
1030 0 1 0 10 96 0 0 0
1031 0 1 0 5 75 0 0 0
1032 0 1 0 4 51 0 0 0
1033 0 1 0 17 150 0 0 0
1034 0 1 0 13 151 0 0 0
1035 0 1 0 10 123 0 0 0
1036 0 1 0 7 100 0 0 0
1037 0 1 0 5 71 0 0 0
1038 0 1 0 3 49 0 0 0
1039 0 1 0 9 98 0 0 0
1040 0 1 0 8 80 0 0 0
1041 0 1 0 6 76 0 0 0
1042 0 1 0 5 59 0 0 0
1043 0 1 0 5 53 0 0 0
1044 0 1 0 16 107 0 0 0
1045 0 1 0 7 89 0 0 0
1046 0 1 0 6 60 0 0 0
1047 0 1 0 3 46 0 0 0
1048 0 1 0 22 111 0 0 0
1049 0 1 0 12 105 0 0 0
1050 0 1 0 8 88 0 0 0
1051 0 1 0 3 56 0 0 0
1052 0 1 0 2 32 0 0 0
1053 0 1 0 9 64 0 0 0
1054 0 1 0 18 149 0 0 0
1055 0 1 0 7 99 0 0 0
1056 0 1 0 5 63 0 0 0
1057 0 1 0 18 130 0 0 0
1058 0 1 0 11 90 0 0 0
1059 0 1 0 4 59 0 0 0
1060 0 1 0 19 97 0 0 0
1061 0 1 0 12 76 0 0 0
1062 0 1 0 7 44 0 0 0
1063 0 1 0 20 98 0 0 0
1064 0 1 0 9 83 0 0 0
1065 0 1 0 5 49 0 0 0
1066 0 1 0 21 118 0 0 0
1067 0 1 0 12 93 0 0 0
1068 0 1 0 10 87 0 0 0
1069 0 1 0 6 52 0 0 0
1070 0 1 0 20 96 0 0 0
1071 0 1 0 15 80 0 0 0
1072 0 1 0 11 73 0 0 0
1073 0 1 0 7 53 0 0 0
1074 0 1 0 19 86 0 0 0
1075 0 1 0 9 76 0 0 0
1076 0 1 0 8 53 0 0 0
1077 0 1 0 19 127 0 0 0
1078 0 1 0 10 98 0 0 0
1079 0 1 0 7 75 0 0 0
1080 0 1 0 4 59 0 0 0
1081 0 1 0 13 112 0 0 0
1082 0 1 0 6 92 0 0 0
1083 0 1 0 2 69 0 0 0
1084 0 1 0 1 48 0 0 0
1085 0 1 0 12 100 0 0 0
1086 0 1 0 7 92 0 0 0
1087 0 1 0 5 61 0 0 0
1088 0 1 0 7 39 0 0 0
1089 0 1 0 22 93 0 0 0
1090 0 1 0 17 91 0 0 0
1091 0 1 0 13 59 0 0 0
1092 0 1 0 8 52 0 0 0
1093 0 1 0 6 40 0 0 0
1094 0 1 0 20 125 0 0 0
1095 0 1 0 18 133 0 0 0
1096 0 1 0 18 118 0 0 0
1097 0 1 0 14 103 0 0 0
1098 0 1 0 14 99 0 0 0
1099 0 1 0 11 82 0 0 0
1100 0 1 0 9 76 0 0 0
1101 0 1 0 9 71 0 0 0
1102 0 1 0 9 67 0 0 0
1103 0 1 0 5 70 0 0 0
1104 0 1 0 5 69 0 0 0
1105 0 1 0 5 61 0 0 0
1106 0 1 0 5 52 0 0 0
1107 0 1 0 4 58 0 0 0
1108 0 1 0 3 48 0 0 0
1109 0 1 0 17 121 0 0 0
1110 0 1 0 14 134 0 0 0
1111 0 1 0 16 141 0 0 0
1112 0 1 0 15 132 0 0 0
1113 0 1 0 15 130 0 0 0
1114 0 1 0 15 119 0 0 0
1115 0 1 0 13 105 0 0 0
1116 0 1 0 11 112 0 0 0
1117 0 1 0 11 98 0 0 0
1118 0 1 0 9 82 0 0 0
1119 0 1 0 7 74 0 0 0
1120 0 1 0 7 74 0 0 0
1121 0 1 0 6 67 0 0 0
1122 0 1 0 5 57 0 0 0
1123 0 1 0 5 50 0 0 0
1124 0 1 0 4 43 0 0 0
1125 0 1 0 36 165 0 0 0
1126 0 1 0 35 187 0 0 0
1127 0 1 0 31 200 0 0 0
1128 0 1 0 27 205 0 0 0
1129 0 1 0 23 203 0 0 0
1130 0 1 0 17 165 0 0 0
1131 0 1 0 9 158 0 0 0
1132 0 1 0 9 145 0 0 0
1133 0 1 0 5 128 0 0 0
1134 0 1 0 7 113 0 0 0
1135 0 1 0 6 91 0 0 0
1136 0 1 0 2 53 0 0 0
1137 0 1 0 6 65 0 0 0
1138 0 1 0 32 146 0 0 0
1139 0 1 0 15 122 0 0 0
1140 0 1 0 4 90 0 0 0
1141 0 1 0 47 186 0 0 0
1142 0 1 0 34 134 0 0 0
1143 0 1 0 23 118 0 0 0
1144 0 1 0 17 73 0 0 0
1145 0 1 0 65 181 0 0 0
1146 0 1 0 49 205 0 0 0
1147 0 1 0 45 175 0 0 0
1148 0 1 0 37 149 0 0 0
1149 0 1 1 27 115 0.037037 0.0179461 0.0140845
1150 0 1 0 18 88 0 0 0
1151 0 1 0 51 165 0 0 0
1152 0 1 0 44 198 0 0 0
1153 0 1 0 38 190 0 0 0
1154 0 1 0 35 173 0 0 0
1155 0 1 0 25 139 0 0 0
1156 0 1 0 16 104 0 0 0
1157 0 1 0 42 188 0 0 0
1158 0 1 0 36 206 0 0 0
1159 0 1 0 32 203 0 0 0
1160 0 1 0 27 198 0 0 0
1161 0 1 0 22 168 0 0 0
1162 0 1 0 20 150 0 0 0
1163 0 1 1 15 140 0.0666667 0.0218218 0.0129032
1164 0 1 1 10 119 0.1 0.0289886 0.0155039
1165 0 1 1 31 208 0.0322581 0.0124534 0.0083682
1166 0 1 1 27 205 0.037037 0.0134413 0.00862069
1167 0 1 2 23 196 0.0869565 0.0297878 0.0182648
1168 0 1 0 21 174 0 0 0
1169 0 1 0 17 166 0 0 0
1170 0 1 0 14 153 0 0 0
1171 0 1 0 13 125 0 0 0
1172 0 1 0 9 117 0 0 0
1173 0 1 0 32 215 0 0 0
1174 0 1 0 25 211 0 0 0
1175 0 1 0 22 184 0 0 0
1176 0 1 0 17 165 0 0 0
1177 0 1 0 20 160 0 0 0
1178 0 1 0 16 140 0 0 0
1179 0 1 0 13 126 0 0 0
1180 0 1 0 9 99 0 0 0
1181 0 1 0 22 177 0 0 0
1182 0 1 0 20 168 0 0 0
1183 0 1 0 18 173 0 0 0
1184 0 1 0 16 163 0 0 0
1185 0 1 2 13 142 0.153846 0.0465494 0.0258065
1186 0 1 2 13 129 0.153846 0.0488386 0.028169
1187 0 1 2 9 114 0.222222 0.0624391 0.0325203
1188 0 1 3 8 115 0.375 0.0989071 0.0487805
1189 0 1 2 6 110 0.333333 0.0778499 0.0344828
1190 0 1 2 19 192 0.105263 0.0331133 0.0189573
1191 0 1 2 18 203 0.111111 0.0330861 0.0180995
1192 0 1 2 15 206 0.133333 0.0359791 0.0180995
1193 0 1 2 14 198 0.142857 0.0379869 0.0188679
1194 0 1 2 13 172 0.153846 0.0422955 0.0216216
1195 0 1 1 14 158 0.0714286 0.0212622 0.0116279
1196 0 1 2 11 156 0.181818 0.0482805 0.0239521
1197 0 1 2 14 131 0.142857 0.0467014 0.0275862
1198 0 1 2 10 124 0.2 0.0567962 0.0298507
1199 0 1 2 9 116 0.222222 0.0618984 0.032
1200 0 1 2 9 106 0.222222 0.0647524 0.0347826
1201 0 1 2 26 196 0.0769231 0.0280166 0.018018
1202 0 1 1 24 220 0.0416667 0.013762 0.00819672
1203 0 1 0 24 215 0 0 0
1204 0 1 0 22 208 0 0 0
1205 0 1 0 22 190 0 0 0
1206 0 1 1 18 192 0.0555556 0.0170103 0.00952381
1207 0 1 0 16 167 0 0 0
1208 0 1 0 17 153 0 0 0
1209 0 1 0 16 139 0 0 0
1210 0 1 0 12 133 0 0 0
1211 0 1 0 13 101 0 0 0
1212 0 1 0 11 96 0 0 0
1213 0 1 0 38 182 0 0 0
1214 0 1 0 39 203 0 0 0
1215 0 1 0 34 202 0 0 0
1216 0 1 0 31 216 0 0 0
1217 0 1 0 23 199 0 0 0
1218 0 1 0 25 170 0 0 0
1219 0 1 0 16 149 0 0 0
1220 0 1 0 18 142 0 0 0
1221 0 1 0 18 122 0 0 0
1222 0 1 0 15 120 0 0 0
1223 0 1 0 10 111 0 0 0
1224 0 1 0 10 89 0 0 0
1225 0 1 0 51 146 0 0 0
1226 0 1 0 41 160 0 0 0
1227 0 1 0 35 168 0 0 0
1228 0 1 0 33 153 0 0 0
1229 0 1 0 24 136 0 0 0
1230 0 1 0 20 103 0 0 0
1231 0 1 0 21 78 0 0 0
1232 0 1 0 55 151 0 0 0
1233 0 1 0 45 147 0 0 0
1234 0 1 0 35 119 0 0 0
1235 0 1 0 34 93 0 0 0
1236 0 1 0 22 88 0 0 0
1237 0 1 0 14 64 0 0 0
1238 0 1 0 77 199 0 0 0
1239 0 1 0 71 202 0 0 0
1240 0 1 0 64 191 0 0 0
1241 0 1 0 50 178 0 0 0
1242 0 1 0 49 182 0 0 0
1243 0 1 0 44 163 0 0 0
1244 0 1 0 34 148 0 0 0
1245 0 1 0 29 135 0 0 0
1246 0 1 0 58 245 0 0 0
1247 0 1 0 52 266 0 0 0
1248 0 1 0 50 259 0 0 0
1249 0 1 0 45 245 0 0 0
1250 0 1 0 41 220 0 0 0
1251 0 1 0 33 208 0 0 0
1252 0 1 0 32 187 0 0 0
1253 0 1 0 26 175 0 0 0
1254 0 1 0 18 159 0 0 0
1255 0 1 0 17 153 0 0 0
1256 0 1 0 14 136 0 0 0
1257 0 1 0 51 256 0 0 0
1258 0 1 0 47 283 0 0 0
1259 0 1 0 42 292 0 0 0
1260 0 1 0 38 263 0 0 0
1261 0 1 0 34 251 0 0 0
1262 0 1 0 32 223 0 0 0
1263 0 1 0 28 197 0 0 0
1264 0 1 0 27 179 0 0 0
1265 0 1 0 22 151 0 0 0
1266 0 1 0 20 136 0 0 0
1267 0 1 0 70 267 0 0 0
1268 0 1 0 54 244 0 0 0
1269 0 1 0 43 188 0 0 0
1270 0 1 0 36 163 0 0 0
1271 0 1 1 33 134 0.030303 0.015038 0.011976
1272 0 1 3 29 115 0.103448 0.0519485 0.0416667
1273 0 1 3 58 180 0.0517241 0.029361 0.0252101
1274 0 1 4 43 148 0.0930233 0.0501412 0.0418848
1275 0 1 0 34 134 0 0 0
1276 0 1 0 24 115 0 0 0
1277 0 1 1 53 182 0.0188679 0.0101818 0.00851064
1278 0 1 1 41 156 0.0243902 0.0125039 0.0101523
1279 0 1 1 23 125 0.0434783 0.0186501 0.0135135
1280 0 1 1 21 103 0.047619 0.0215016 0.016129
1281 0 1 2 51 196 0.0392157 0.020004 0.0161943
1282 0 1 1 38 220 0.0263158 0.010937 0.00775194
1283 0 1 2 27 181 0.0740741 0.0286094 0.0192308
1284 0 1 2 21 152 0.0952381 0.0353996 0.0231214
1285 0 1 2 18 130 0.111111 0.0413449 0.027027
1286 0 1 0 11 96 0 0 0
1287 0 1 0 38 202 0 0 0
1288 0 1 0 28 192 0 0 0
1289 0 1 0 23 160 0 0 0
1290 0 1 0 12 120 0 0 0
1291 0 1 0 62 217 0 0 0
1292 0 1 0 51 204 0 0 0
1293 0 1 0 37 179 0 0 0
1294 0 1 0 26 160 0 0 0
1295 0 1 1 22 129 0.0454545 0.0187713 0.013245
1296 0 1 2 16 105 0.125 0.048795 0.0330578
1297 0 1 2 39 222 0.0512821 0.0214942 0.0153257
1298 0 1 1 33 223 0.030303 0.0116571 0.0078125
1299 0 1 1 22 188 0.0454545 0.0155493 0.00952381
1300 0 1 0 14 148 0 0 0
1301 0 1 0 10 124 0 0 0
1302 0 1 0 33 223 0 0 0
1303 0 1 0 29 216 0 0 0
1304 0 1 0 26 188 0 0 0
1305 0 1 0 20 146 0 0 0
1306 0 1 0 16 113 0 0 0
1307 0 1 0 39 171 0 0 0
1308 0 1 0 28 163 0 0 0
1309 0 1 0 29 128 0 0 0
1310 0 1 0 25 101 0 0 0
1311 0 1 0 42 182 0 0 0
1312 0 1 0 37 148 0 0 0
1313 0 1 0 30 129 0 0 0
1314 0 1 0 21 92 0 0 0
1315 0 1 0 45 170 0 0 0
1316 0 1 0 38 163 0 0 0
1317 0 1 0 22 131 0 0 0
1318 0 1 0 20 93 0 0 0
1319 0 1 0 41 167 0 0 0
1320 0 1 0 30 150 0 0 0
1321 0 1 0 22 138 0 0 0
1322 0 1 0 16 108 0 0 0
1323 0 1 0 15 92 0 0 0
1324 0 1 0 37 169 0 0 0
1325 0 1 0 30 174 0 0 0
1326 0 1 0 24 152 0 0 0
1327 0 1 0 17 136 0 0 0
1328 0 1 0 17 102 0 0 0
1329 0 1 0 15 89 0 0 0
1330 0 1 0 36 222 0 0 0
1331 0 1 0 30 218 0 0 0
1332 0 1 0 25 195 0 0 0
1333 0 1 0 19 158 0 0 0
1334 0 1 0 13 127 0 0 0
1335 0 1 0 13 110 0 0 0
1336 0 1 0 12 87 0 0 0
1337 0 1 0 35 175 0 0 0
1338 0 1 0 33 151 0 0 0
1339 0 1 0 28 139 0 0 0
1340 0 1 0 28 135 0 0 0
1341 0 1 0 23 124 0 0 0
1342 0 1 0 22 115 0 0 0
1343 0 1 0 16 104 0 0 0
1344 0 1 0 38 194 0 0 0
1345 0 1 0 34 188 0 0 0
1346 0 1 0 27 176 0 0 0
1347 0 1 0 21 158 0 0 0
1348 0 1 0 16 147 0 0 0
1349 0 1 0 13 124 0 0 0
1350 0 1 0 9 107 0 0 0
1351 0 1 0 32 193 0 0 0
1352 0 1 0 28 204 0 0 0
1353 0 1 0 28 188 0 0 0
1354 0 1 0 19 169 0 0 0
1355 0 1 0 19 147 0 0 0
1356 0 1 0 16 130 0 0 0
1357 0 1 0 17 108 0 0 0
1358 0 1 0 18 101 0 0 0
1359 0 1 0 44 226 0 0 0
1360 0 1 0 36 224 0 0 0
1361 0 1 0 39 212 0 0 0
1362 0 1 0 33 203 0 0 0
1363 0 1 0 35 207 0 0 0
1364 0 1 0 33 193 0 0 0
1365 0 1 0 28 179 0 0 0
1366 0 1 0 26 164 0 0 0
1367 0 1 0 19 153 0 0 0
1368 0 1 0 18 144 0 0 0
1369 0 1 0 19 134 0 0 0
1370 0 1 0 14 126 0 0 0
1371 0 1 0 14 116 0 0 0
1372 0 1 0 34 272 0 0 0
1373 0 1 0 34 291 0 0 0
1374 0 1 0 38 316 0 0 0
1375 0 1 0 31 305 0 0 0
1376 0 1 0 34 295 0 0 0
1377 0 1 0 30 303 0 0 0
1378 0 1 1 25 267 0.04 0.0122398 0.00684932
1379 0 1 2 24 283 0.0833333 0.0242678 0.0130293
1380 0 1 1 20 280 0.05 0.0133631 0.00666667
1381 0 1 4 20 264 0.2 0.0550482 0.028169
1382 0 1 4 23 244 0.173913 0.0533951 0.0299625
1383 0 1 2 21 220 0.0952381 0.0294245 0.0165975
1384 0 1 3 19 221 0.157895 0.0462965 0.025
1385 0 1 3 20 208 0.15 0.046513 0.0263158
1386 0 1 2 18 195 0.111111 0.033758 0.0187793
1387 0 1 2 20 187 0.1 0.0327035 0.0193237
1388 0 1 3 17 179 0.176471 0.0543839 0.0306122
1389 0 1 2 17 166 0.117647 0.0376488 0.0218579
1390 0 1 3 17 159 0.176471 0.057703 0.0340909
1391 0 1 3 16 162 0.1875 0.0589256 0.0337079
1392 0 1 3 13 157 0.230769 0.0664048 0.0352941
1393 0 1 2 12 169 0.166667 0.0444116 0.0220994
1394 0 1 3 15 152 0.2 0.0628281 0.0359281
1395 0 1 0 12 145 0 0 0
1396 0 1 0 14 141 0 0 0
1397 0 1 0 9 129 0 0 0
1398 0 1 0 50 328 0 0 0
1399 0 1 0 47 356 0 0 0
1400 0 1 0 46 337 0 0 0
1401 0 1 0 47 330 0 0 0
1402 0 1 0 40 313 0 0 0
1403 0 1 1 40 295 0.025 0.00920575 0.00597015
1404 0 1 1 29 271 0.0344828 0.0112802 0.00666667
1405 0 1 1 28 243 0.0357143 0.0121232 0.00738007
1406 0 1 2 22 191 0.0909091 0.0308533 0.0187793
1407 0 1 2 17 161 0.117647 0.038229 0.0224719
1408 0 1 1 15 147 0.0666667 0.0212959 0.0123457
1409 0 1 0 57 278 0 0 0
1410 0 1 0 37 267 0 0 0
1411 0 1 0 24 204 0 0 0
1412 0 1 0 15 156 0 0 0
1413 0 1 0 39 208 0 0 0
1414 0 1 0 30 175 0 0 0
1415 0 1 0 18 150 0 0 0
1416 0 1 0 55 276 0 0 0
1417 0 1 0 42 261 0 0 0
1418 0 1 0 37 227 0 0 0
1419 0 1 0 29 169 0 0 0
1420 0 1 0 19 135 0 0 0
1421 0 1 0 57 277 0 0 0
1422 0 1 0 48 259 0 0 0
1423 0 1 0 41 201 0 0 0
1424 0 1 0 26 178 0 0 0
1425 0 1 0 22 148 0 0 0
1426 0 1 0 62 352 0 0 0
1427 0 1 0 51 342 0 0 0
1428 0 1 0 36 298 0 0 0
1429 0 1 0 34 240 0 0 0
1430 0 1 0 29 191 0 0 0
1431 0 1 0 14 148 0 0 0
1432 0 1 0 50 264 0 0 0
1433 0 1 0 40 226 0 0 0
1434 0 1 0 30 196 0 0 0
1435 0 1 0 26 157 0 0 0
1436 0 1 0 43 278 0 0 0
1437 0 1 0 37 250 0 0 0
1438 0 1 0 28 204 0 0 0
1439 0 1 0 17 152 0 0 0
1440 0 1 0 32 264 0 0 0
1441 0 1 0 21 199 0 0 0
1442 0 1 0 13 158 0 0 0
1443 0 1 0 28 274 0 0 0
1444 0 1 0 17 220 0 0 0
1445 0 1 0 12 149 0 0 0
1446 0 1 0 40 241 0 0 0
1447 0 1 0 34 205 0 0 0
1448 0 1 0 19 159 0 0 0
1449 0 1 0 53 223 0 0 0
1450 0 1 0 35 183 0 0 0
1451 0 1 0 29 155 0 0 0
1452 0 1 0 37 237 0 0 0
1453 0 1 0 29 201 0 0 0
1454 0 1 0 20 156 0 0 0
1455 0 1 0 53 251 0 0 0
1456 0 1 0 29 212 0 0 0
1457 0 1 0 17 168 0 0 0
1458 0 1 0 32 226 0 0 0
1459 0 1 0 17 162 0 0 0
1460 0 1 0 48 282 0 0 0
1461 0 1 0 27 208 0 0 0
1462 0 1 0 17 156 0 0 0
1463 0 1 0 35 268 0 0 0
1464 0 1 0 24 214 0 0 0
1465 0 1 0 21 173 0 0 0
1466 0 1 0 15 130 0 0 0
1467 0 1 0 44 226 0 0 0
1468 0 1 0 28 182 0 0 0
1469 0 1 0 20 147 0 0 0
1470 0 1 0 11 104 0 0 0
1471 0 1 0 25 193 0 0 0
1472 0 1 0 15 148 0 0 0
1473 0 1 0 9 110 0 0 0
1474 0 1 0 23 225 0 0 0
1475 0 1 0 12 167 0 0 0
1476 0 1 0 11 112 0 0 0
1477 0 1 0 33 176 0 0 0
1478 0 1 0 21 146 0 0 0
1479 0 1 0 16 110 0 0 0
1480 0 1 0 39 216 0 0 0
1481 0 1 0 31 162 0 0 0
1482 0 1 0 23 118 0 0 0
1483 0 1 0 16 84 0 0 0
1484 0 1 0 30 157 0 0 0
1485 0 1 0 18 141 0 0 0
1486 0 1 0 9 86 0 0 0
1487 0 1 0 33 169 0 0 0
1488 0 1 0 22 118 0 0 0
1489 0 1 0 13 87 0 0 0
1490 0 1 0 45 184 0 0 0
1491 0 1 0 28 134 0 0 0
1492 0 1 0 21 85 0 0 0
1493 0 1 0 45 192 0 0 0
1494 0 1 0 31 160 0 0 0
1495 0 1 0 21 121 0 0 0
1496 0 1 0 15 86 0 0 0
1497 0 1 0 40 189 0 0 0
1498 0 1 0 28 171 0 0 0
1499 0 1 0 21 125 0 0 0
1500 0 1 0 17 93 0 0 0
1501 0 1 0 32 148 0 0 0
1502 0 1 0 66 262 0 0 0
1503 0 1 0 32 185 0 0 0
1504 0 1 0 23 129 0 0 0
1505 0 1 0 50 202 0 0 0
1506 0 1 0 37 184 0 0 0
1507 0 1 0 29 150 0 0 0
1508 0 1 0 21 101 0 0 0
1509 0 1 0 27 200 0 0 0
1510 0 1 0 15 170 0 0 0
1511 0 1 0 8 138 0 0 0
1512 0 1 0 8 107 0 0 0
1513 0 1 0 15 188 0 0 0
1514 0 1 0 10 160 0 0 0
1515 0 1 0 10 135 0 0 0
1516 0 1 0 6 104 0 0 0
1517 0 1 0 31 194 0 0 0
1518 0 1 0 23 169 0 0 0
1519 0 1 0 18 141 0 0 0
1520 0 1 0 14 120 0 0 0
1521 0 1 0 10 102 0 0 0
1522 0 1 0 38 187 0 0 0
1523 0 1 0 25 163 0 0 0
1524 0 1 0 19 143 0 0 0
1525 0 1 0 13 116 0 0 0
1526 0 1 0 10 103 0 0 0
1527 0 1 0 40 201 0 0 0
1528 0 1 0 29 180 0 0 0
1529 0 1 0 24 165 0 0 0
1530 0 1 0 24 135 0 0 0
1531 0 1 0 16 122 0 0 0
1532 0 1 0 15 108 0 0 0
1533 0 1 0 34 215 0 0 0
1534 0 1 0 24 207 0 0 0
1535 0 1 0 21 171 0 0 0
1536 0 1 0 15 167 0 0 0
1537 0 1 0 14 145 0 0 0
1538 0 1 0 11 127 0 0 0
1539 0 1 0 40 302 0 0 0
1540 0 1 0 30 275 0 0 0
1541 0 1 0 30 260 0 0 0
1542 0 1 0 25 231 0 0 0
1543 0 1 0 24 208 0 0 0
1544 0 1 0 17 192 0 0 0
1545 0 1 0 17 170 0 0 0
1546 0 1 0 15 153 0 0 0
1547 0 1 0 8 134 0 0 0
1548 0 1 0 34 265 0 0 0
1549 0 1 0 29 264 0 0 0
1550 0 1 0 23 238 0 0 0
1551 0 1 0 19 232 0 0 0
1552 0 1 0 16 192 0 0 0
1553 0 1 0 10 186 0 0 0
1554 0 1 0 10 168 0 0 0
1555 0 1 0 6 135 0 0 0
1556 0 1 0 16 219 0 0 0
1557 0 1 0 10 203 0 0 0
1558 0 1 0 9 172 0 0 0
1559 0 1 0 5 123 0 0 0
1560 0 1 0 46 267 0 0 0
1561 0 1 0 31 254 0 0 0
1562 0 1 0 25 188 0 0 0
1563 0 1 0 21 146 0 0 0
1564 0 1 0 15 131 0 0 0
1565 0 1 0 17 110 0 0 0
1566 0 1 0 34 145 0 0 0
1567 0 1 0 25 135 0 0 0
1568 0 1 0 17 109 0 0 0
1569 0 1 0 12 74 0 0 0
1570 0 1 0 31 160 0 0 0
1571 0 1 0 24 125 0 0 0
1572 0 1 0 24 93 0 0 0
1573 0 1 0 14 70 0 0 0
1574 0 1 0 34 121 0 0 0
1575 0 1 0 24 101 0 0 0
1576 0 1 0 21 90 0 0 0
1577 0 1 0 15 70 0 0 0
1578 0 1 0 38 137 0 0 0
1579 0 1 0 31 138 0 0 0
1580 0 1 0 20 118 0 0 0
1581 0 1 0 14 98 0 0 0
1582 0 1 0 12 72 0 0 0
1583 0 1 0 60 187 0 0 0
1584 0 1 0 82 252 0 0 0
1585 0 1 0 144 533 0 0 0
1586 0 1 0 127 517 0 0 0
1587 0 1 0 120 476 0 0 0
1588 0 1 0 108 468 0 0 0
1589 0 1 0 94 440 0 0 0
1590 0 1 0 79 403 0 0 0
1591 0 1 0 66 387 0 0 0
1592 0 1 0 62 372 0 0 0
1593 0 1 0 58 350 0 0 0
1594 0 1 1 56 334 0.0178571 0.00731194 0.00512821
1595 0 1 1 49 322 0.0204082 0.00796112 0.00539084
1596 0 1 1 43 298 0.0232558 0.00883401 0.0058651
1597 0 1 0 45 290 0 0 0
1598 0 1 1 44 276 0.0227273 0.00907443 0.00625
1599 0 1 0 46 274 0 0 0
1600 0 1 0 42 279 0 0 0
1601 0 1 0 41 264 0 0 0
1602 0 1 2 43 256 0.0465116 0.0190623 0.0133779
1603 0 1 2 41 260 0.0487805 0.019371 0.013289
1604 0 1 2 45 260 0.0444444 0.01849 0.0131148
1605 0 1 1 47 239 0.0212766 0.00943522 0.00699301
1606 0 1 4 42 236 0.0952381 0.0401772 0.028777
1607 0 1 2 44 228 0.0454545 0.0199681 0.0147059
1608 0 1 2 42 210 0.047619 0.0212959 0.015873
1609 0 1 3 41 202 0.0731707 0.032965 0.0246914
1610 0 1 2 41 184 0.0487805 0.0230266 0.0177778
1611 0 1 4 41 192 0.097561 0.0450835 0.0343348
1612 0 1 2 37 198 0.0540541 0.0233667 0.0170213
1613 0 1 4 38 199 0.105263 0.0459983 0.0337553
1614 0 1 4 34 194 0.117647 0.0492515 0.0350877
1615 0 1 2 38 186 0.0526316 0.0237893 0.0178571
1616 0 1 2 36 182 0.0555556 0.0247083 0.0183486
1617 0 1 4 34 208 0.117647 0.0475652 0.0330578
1618 0 1 4 34 211 0.117647 0.0472258 0.0326531
1619 0 1 5 33 214 0.151515 0.0594985 0.0404858
1620 0 1 4 35 206 0.114286 0.0471077 0.033195
1621 0 1 3 38 210 0.0789474 0.033583 0.0241935
1622 0 1 1 39 209 0.025641 0.0110763 0.00806452
1623 0 1 3 36 207 0.0833333 0.0347524 0.0246914
1624 0 1 3 43 215 0.0697674 0.0312009 0.0232558
1625 0 1 2 41 215 0.0487805 0.0213019 0.015625
1626 0 1 2 42 223 0.047619 0.0206658 0.0150943
1627 0 1 2 44 227 0.0454545 0.020012 0.0147601
1628 0 1 0 41 219 0 0 0
1629 0 1 2 43 216 0.0465116 0.0207524 0.015444
1630 0 1 0 46 221 0 0 0
1631 0 1 1 49 227 0.0204082 0.00948176 0.00724638
1632 0 1 2 111 428 0.018018 0.00917586 0.00742115
1633 0 1 0 103 425 0 0 0
1634 0 1 0 87 325 0 0 0
1635 0 1 0 71 273 0 0 0
1636 0 1 0 61 245 0 0 0
1637 0 1 0 56 216 0 0 0
1638 0 1 0 78 312 0 0 0
1639 0 1 0 63 282 0 0 0
1640 0 1 0 55 244 0 0 0
1641 0 1 0 43 219 0 0 0
1642 0 1 0 73 337 0 0 0
1643 0 1 0 63 290 0 0 0
1644 0 1 0 48 231 0 0 0
1645 0 1 0 45 197 0 0 0
1646 0 1 0 69 285 0 0 0
1647 0 1 0 58 293 0 0 0
1648 0 1 0 50 274 0 0 0
1649 0 1 0 46 239 0 0 0
1650 0 1 0 39 207 0 0 0
1651 0 1 0 36 186 0 0 0
1652 0 1 0 59 251 0 0 0
1653 0 1 1 50 236 0.02 0.00920575 0.00699301
1654 0 1 0 40 208 0 0 0
1655 0 1 0 36 176 0 0 0
1656 0 1 0 55 247 0 0 0
1657 0 1 0 51 200 0 0 0
1658 0 1 0 40 180 0 0 0
1659 0 1 0 39 152 0 0 0
1660 0 1 0 69 239 0 0 0
1661 0 1 0 68 246 0 0 0
1662 0 1 0 58 208 0 0 0
1663 0 1 0 54 163 0 0 0
1664 0 1 0 44 139 0 0 0
1665 0 1 0 66 225 0 0 0
1666 0 1 0 63 238 0 0 0
1667 0 1 0 58 208 0 0 0
1668 0 1 0 53 177 0 0 0
1669 0 1 0 41 146 0 0 0
1670 0 1 0 60 234 0 0 0
1671 0 1 0 49 241 0 0 0
1672 0 1 0 48 208 0 0 0
1673 0 1 0 39 171 0 0 0
1674 0 1 0 38 131 0 0 0
1675 0 1 0 72 225 0 0 0
1676 0 1 0 63 197 0 0 0
1677 0 1 0 53 175 0 0 0
1678 0 1 0 39 141 0 0 0
1679 0 1 0 33 122 0 0 0
1680 0 1 0 57 213 0 0 0
1681 0 1 0 47 190 0 0 0
1682 0 1 0 43 158 0 0 0
1683 0 1 0 31 134 0 0 0
1684 0 1 0 50 214 0 0 0
1685 0 1 0 38 187 0 0 0
1686 0 1 0 39 184 0 0 0
1687 0 1 0 33 164 0 0 0
1688 0 1 0 31 151 0 0 0
1689 0 1 1 24 135 0.0416667 0.0175682 0.0125786
1690 0 1 0 47 235 0 0 0
1691 0 1 0 33 234 0 0 0
1692 0 1 0 33 208 0 0 0
1693 0 1 0 25 195 0 0 0
1694 0 1 0 22 171 0 0 0
1695 0 1 0 21 152 0 0 0
1696 0 1 0 19 142 0 0 0
1697 0 1 0 49 280 0 0 0
1698 0 1 0 43 283 0 0 0
1699 0 1 1 38 272 0.0263158 0.00983612 0.00645161
1700 0 1 0 32 235 0 0 0
1701 0 1 0 30 225 0 0 0
1702 0 1 0 30 209 0 0 0
1703 0 1 1 28 191 0.0357143 0.0136743 0.00913242
1704 0 1 0 25 178 0 0 0
1705 0 1 0 21 156 0 0 0
1706 0 1 1 19 131 0.0526316 0.0200441 0.0133333
1707 0 1 0 48 196 0 0 0
1708 0 1 0 44 214 0 0 0
1709 0 1 0 40 192 0 0 0
1710 0 1 0 33 188 0 0 0
1711 0 1 0 30 147 0 0 0
1712 0 1 0 24 129 0 0 0
1713 0 1 0 55 214 0 0 0
1714 0 1 0 46 203 0 0 0
1715 0 1 0 43 182 0 0 0
1716 0 1 0 34 151 0 0 0
1717 0 1 0 28 133 0 0 0
1718 0 1 0 28 116 0 0 0
1719 0 1 0 48 206 0 0 0
1720 0 1 0 43 175 0 0 0
1721 0 1 0 33 171 0 0 0
1722 0 1 0 31 145 0 0 0
1723 0 1 0 24 122 0 0 0
1724 0 1 0 42 214 0 0 0
1725 0 1 0 36 199 0 0 0
1726 0 1 0 32 184 0 0 0
1727 0 1 0 30 174 0 0 0
1728 0 1 0 26 143 0 0 0
1729 0 1 0 27 130 0 0 0
1730 0 1 0 25 123 0 0 0
1731 0 1 0 52 197 0 0 0
1732 0 1 0 41 190 0 0 0
1733 0 1 0 36 174 0 0 0
1734 0 1 0 38 158 0 0 0
1735 0 1 0 31 141 0 0 0
1736 0 1 0 25 120 0 0 0
1737 0 1 0 47 225 0 0 0
1738 0 1 1 39 202 0.025641 0.0112666 0.00829876
1739 0 1 0 28 185 0 0 0
1740 0 1 0 29 151 0 0 0
1741 0 1 0 24 139 0 0 0
1742 0 1 0 18 119 0 0 0
1743 0 1 0 38 194 0 0 0
1744 0 1 0 30 182 0 0 0
1745 0 1 0 20 149 0 0 0
1746 0 1 0 24 145 0 0 0
1747 0 1 0 19 117 0 0 0
1748 0 1 0 44 178 0 0 0
1749 0 1 0 31 170 0 0 0
1750 0 1 0 33 150 0 0 0
1751 0 1 0 26 130 0 0 0
1752 0 1 0 23 102 0 0 0
1753 0 1 0 44 138 0 0 0
1754 0 1 0 40 132 0 0 0
1755 0 1 0 33 128 0 0 0
1756 0 1 0 28 97 0 0 0
1757 0 1 0 52 180 0 0 0
1758 0 1 0 47 164 0 0 0
1759 0 1 0 47 150 0 0 0
1760 0 1 0 33 132 0 0 0
1761 0 1 0 29 114 0 0 0
1762 0 1 0 28 109 0 0 0
1763 0 1 0 20 97 0 0 0
1764 0 1 0 38 175 0 0 0
1765 0 1 0 35 162 0 0 0
1766 0 1 0 35 150 0 0 0
1767 0 1 0 27 146 0 0 0
1768 0 1 0 27 125 0 0 0
1769 0 1 0 19 114 0 0 0
1770 0 1 0 14 100 0 0 0
1771 0 1 0 29 188 0 0 0
1772 0 1 0 31 184 0 0 0
1773 0 1 0 23 194 0 0 0
1774 0 1 0 20 188 0 0 0
1775 0 1 0 17 169 0 0 0
1776 0 1 0 8 131 0 0 0
1777 0 1 0 7 118 0 0 0
1778 0 1 0 6 97 0 0 0
1779 0 1 0 29 182 0 0 0
1780 0 1 0 27 192 0 0 0
1781 0 1 0 21 205 0 0 0
1782 0 1 0 20 171 0 0 0
1783 0 1 0 17 155 0 0 0
1784 0 1 0 16 128 0 0 0
1785 0 1 0 16 108 0 0 0
1786 0 1 0 13 98 0 0 0
1787 0 1 0 12 89 0 0 0
1788 0 1 0 33 170 0 0 0
1789 0 1 0 28 194 0 0 0
1790 0 1 0 25 190 0 0 0
1791 0 1 0 21 179 0 0 0
1792 0 1 0 15 156 0 0 0
1793 0 1 0 15 144 0 0 0
1794 0 1 0 10 125 0 0 0
1795 0 1 0 5 97 0 0 0
1796 0 1 0 5 69 0 0 0
1797 0 1 0 17 135 0 0 0
1798 0 1 0 6 124 0 0 0
1799 0 1 0 30 244 0 0 0
1800 0 1 0 17 182 0 0 0
1801 0 1 0 7 135 0 0 0
1802 0 1 1 8 84 0.125 0.0385758 0.0217391
1803 0 1 1 21 160 0.047619 0.0172516 0.0110497
1804 0 1 0 19 130 0 0 0
1805 0 1 0 17 97 0 0 0
1806 0 1 0 17 66 0 0 0
1807 0 1 0 60 140 0 0 0
1808 0 1 0 48 128 0 0 0
1809 0 1 1 44 103 0.0227273 0.0148544 0.0136054
1810 0 1 0 39 94 0 0 0
1811 0 1 0 28 78 0 0 0
1812 0 1 0 25 66 0 0 0
1813 0 1 0 46 161 0 0 0
1814 0 1 0 34 141 0 0 0
1815 0 1 0 28 127 0 0 0
1816 0 1 0 17 110 0 0 0
1817 0 1 0 8 81 0 0 0
1818 0 1 0 27 133 0 0 0
1819 0 1 0 36 250 0 0 0
1820 0 1 0 23 184 0 0 0
1821 0 1 0 15 144 0 0 0
1822 0 1 0 34 180 0 0 0
1823 0 1 0 29 149 0 0 0
1824 0 1 0 15 136 0 0 0
1825 0 1 0 21 170 0 0 0
1826 0 1 0 11 164 0 0 0
1827 0 1 0 10 129 0 0 0
1828 0 1 0 21 164 0 0 0
1829 0 1 0 16 144 0 0 0
1830 0 1 0 13 111 0 0 0
1831 0 1 0 23 169 0 0 0
1832 0 1 0 17 126 0 0 0
1833 0 1 0 16 88 0 0 0
1834 0 1 0 24 124 0 0 0
1835 0 1 0 19 118 0 0 0
1836 0 1 0 16 96 0 0 0
1837 0 1 0 14 74 0 0 0
1838 0 1 0 38 138 0 0 0
1839 0 1 0 31 139 0 0 0
1840 0 1 0 27 119 0 0 0
1841 0 1 0 21 102 0 0 0
1842 0 1 0 15 84 0 0 0
1843 0 1 0 38 162 0 0 0
1844 0 1 0 33 168 0 0 0
1845 0 1 0 30 151 0 0 0
1846 0 1 0 25 128 0 0 0
1847 0 1 1 23 112 0.0434783 0.0197028 0.0148148
1848 0 1 1 17 80 0.0588235 0.0271163 0.0206186
1849 0 1 1 37 173 0.027027 0.012499 0.00952381
1850 0 1 0 25 165 0 0 0
1851 0 1 0 25 139 0 0 0
1852 0 1 0 24 131 0 0 0
1853 0 1 0 24 112 0 0 0
1854 0 1 0 23 106 0 0 0
1855 0 1 0 17 90 0 0 0
1856 0 1 0 42 209 0 0 0
1857 0 1 0 31 209 0 0 0
1858 0 1 0 30 198 0 0 0
1859 0 1 0 27 182 0 0 0
1860 0 1 0 23 157 0 0 0
1861 0 1 0 23 130 0 0 0
1862 0 1 0 19 115 0 0 0
1863 0 1 0 15 106 0 0 0
1864 0 1 0 13 86 0 0 0
1865 0 1 0 26 130 0 0 0
1866 0 1 0 19 141 0 0 0
1867 0 1 0 19 124 0 0 0
1868 0 1 0 17 109 0 0 0
1869 0 1 0 14 78 0 0 0
1870 0 1 0 42 168 0 0 0
1871 0 1 0 32 138 0 0 0
1872 0 1 0 30 117 0 0 0
1873 0 1 0 21 100 0 0 0
1874 0 1 0 16 92 0 0 0
1875 0 1 0 10 77 0 0 0
1876 0 1 0 28 105 0 0 0
1877 0 1 0 24 112 0 0 0
1878 0 1 0 23 105 0 0 0
1879 0 1 0 14 98 0 0 0
1880 0 1 0 13 83 0 0 0
1881 0 1 0 6 66 0 0 0
1882 0 1 0 32 90 0 0 0
1883 0 1 0 78 168 0 0 0
1884 0 1 0 52 136 0 0 0
1885 0 1 0 40 120 0 0 0
1886 0 1 0 38 106 0 0 0
1887 0 1 0 55 128 0 0 0
1888 0 1 0 42 122 0 0 0
1889 0 1 0 33 106 0 0 0
1890 0 1 0 63 158 0 0 0
1891 0 1 0 49 135 0 0 0
1892 0 1 0 41 105 0 0 0
1893 0 1 0 68 149 0 0 0
1894 0 1 0 41 157 0 0 0
1895 0 1 0 40 126 0 0 0
1896 0 1 0 32 100 0 0 0
1897 0 1 0 61 134 0 0 0
1898 0 1 0 42 125 0 0 0
1899 0 1 0 29 101 0 0 0
1900 0 1 0 75 172 0 0 0
1901 0 1 0 47 147 0 0 0
1902 0 1 0 27 106 0 0 0
1903 0 1 0 35 133 0 0 0
1904 0 1 0 41 189 0 0 0
1905 0 1 0 22 114 0 0 0
1906 0 1 0 37 146 0 0 0
1907 0 1 0 19 112 0 0 0
1908 0 1 0 31 140 0 0 0
1909 0 1 0 23 122 0 0 0
1910 0 1 0 11 96 0 0 0
1911 0 1 0 22 169 0 0 0
1912 0 1 0 15 150 0 0 0
1913 0 1 0 9 131 0 0 0
1914 0 1 0 11 120 0 0 0
1915 0 1 0 8 102 0 0 0
1916 0 1 0 22 157 0 0 0
1917 0 1 0 20 170 0 0 0
1918 0 1 0 13 157 0 0 0
1919 0 1 0 9 146 0 0 0
1920 0 1 0 8 119 0 0 0
1921 0 1 0 8 102 0 0 0
1922 0 1 0 44 233 0 0 0
1923 0 1 0 34 246 0 0 0
1924 0 1 0 31 242 0 0 0
1925 0 1 0 29 225 0 0 0
1926 0 1 0 27 221 0 0 0
1927 0 1 0 19 196 0 0 0
1928 0 1 0 21 200 0 0 0
1929 0 1 0 14 175 0 0 0
1930 0 1 0 11 157 0 0 0
1931 0 1 0 9 142 0 0 0
1932 0 1 0 7 141 0 0 0
1933 0 1 0 6 134 0 0 0
1934 0 1 0 6 120 0 0 0
1935 0 1 0 6 117 0 0 0
1936 0 1 0 6 112 0 0 0
1937 0 1 0 4 102 0 0 0
1938 0 1 0 13 201 0 0 0
1939 0 1 0 10 205 0 0 0
1940 0 1 0 10 198 0 0 0
1941 0 1 0 7 174 0 0 0
1942 0 1 0 9 162 0 0 0
1943 0 1 0 4 160 0 0 0
1944 0 1 0 7 154 0 0 0
1945 0 1 0 2 145 0 0 0
1946 0 1 0 4 144 0 0 0
1947 0 1 0 2 123 0 0 0
1948 0 1 0 3 111 0 0 0
1949 0 1 0 28 212 0 0 0
1950 0 1 0 22 217 0 0 0
1951 0 1 0 20 187 0 0 0
1952 0 1 0 15 164 0 0 0
1953 0 1 0 13 142 0 0 0
1954 0 1 0 8 131 0 0 0
1955 0 1 0 9 93 0 0 0
1956 0 1 0 26 146 0 0 0
1957 0 1 0 17 130 0 0 0
1958 0 1 0 9 108 0 0 0
1959 0 1 0 1 86 0 0 0
1960 0 1 0 31 189 0 0 0
1961 0 1 0 17 156 0 0 0
1962 0 1 0 15 108 0 0 0
1963 0 1 0 8 82 0 0 0
1964 0 1 0 75 203 0 0 0
1965 0 1 0 61 194 0 0 0
1966 0 1 0 42 156 0 0 0
1967 0 1 0 28 122 0 0 0
1968 0 1 0 18 92 0 0 0
1969 0 1 0 83 211 0 0 0
1970 0 1 0 69 217 0 0 0
1971 0 1 0 59 184 0 0 0
1972 0 1 1 48 170 0.0208333 0.0110702 0.00917431
1973 0 1 0 37 137 0 0 0
1974 0 1 0 28 107 0 0 0
1975 0 1 0 74 210 0 0 0
1976 0 1 0 60 218 0 0 0
1977 0 1 0 33 196 0 0 0
1978 0 1 0 17 179 0 0 0
1979 0 1 0 16 132 0 0 0
1980 0 1 0 60 270 0 0 0
1981 0 1 0 45 266 0 0 0
1982 0 1 0 36 231 0 0 0
1983 0 1 0 29 199 0 0 0
1984 0 1 0 22 154 0 0 0
1985 0 1 0 11 143 0 0 0
1986 0 1 0 33 226 0 0 0
1987 0 1 0 33 215 0 0 0
1988 0 1 0 25 168 0 0 0
1989 0 1 0 23 147 0 0 0
1990 0 1 0 35 244 0 0 0
1991 0 1 0 36 234 0 0 0
1992 0 1 0 33 216 0 0 0
1993 0 1 0 26 179 0 0 0
1994 0 1 0 21 156 0 0 0
1995 0 1 0 18 110 0 0 0
1996 0 1 0 47 162 0 0 0
1997 0 1 0 41 161 0 0 0
1998 0 1 0 39 148 0 0 0
1999 0 1 0 28 130 0 0 0
2000 0 1 0 24 112 0 0 0
2001 0 1 0 70 236 0 0 0
2002 0 1 0 51 220 0 0 0
2003 0 1 0 39 192 0 0 0
2004 0 1 0 33 158 0 0 0
2005 0 1 0 22 125 0 0 0
2006 0 1 0 13 107 0 0 0
2007 0 1 1 22 179 0.0454545 0.0159354 0.00995025
2008 0 1 1 15 147 0.0666667 0.0212959 0.0123457
2009 0 1 0 15 145 0 0 0
2010 0 1 0 13 116 0 0 0
2011 0 1 0 36 182 0 0 0
2012 0 1 0 27 183 0 0 0
2013 0 1 0 24 165 0 0 0
2014 0 1 0 20 127 0 0 0
2015 0 1 0 20 113 0 0 0
2016 0 1 0 45 197 0 0 0
2017 0 1 0 36 184 0 0 0
2018 0 1 0 32 174 0 0 0
2019 0 1 0 33 147 0 0 0
2020 0 1 0 28 116 0 0 0
2021 0 1 0 69 237 0 0 0
2022 0 1 0 60 238 0 0 0
2023 0 1 0 54 219 0 0 0
2024 0 1 0 47 191 0 0 0
2025 0 1 0 36 146 0 0 0
2026 0 1 0 27 105 0 0 0
2027 0 1 0 40 176 0 0 0
2028 0 1 0 34 183 0 0 0
2029 0 1 0 27 164 0 0 0
2030 0 1 0 29 122 0 0 0
2031 0 1 0 21 99 0 0 0
2032 0 1 0 37 174 0 0 0
2033 0 1 0 34 170 0 0 0
2034 0 1 0 29 147 0 0 0
2035 0 1 0 21 122 0 0 0
2036 0 1 0 22 101 0 0 0
2037 0 1 0 42 170 0 0 0
2038 0 1 0 42 170 0 0 0
2039 0 1 0 29 144 0 0 0
2040 0 1 0 28 131 0 0 0
2041 0 1 0 16 107 0 0 0
2042 0 1 0 35 171 0 0 0
2043 0 1 0 27 153 0 0 0
2044 0 1 0 17 110 0 0 0
2045 0 1 0 16 87 0 0 0
2046 0 1 0 36 170 0 0 0
2047 0 1 0 15 150 0 0 0
2048 0 1 0 12 110 0 0 0
2049 0 1 0 8 59 0 0 0
2050 0 1 0 21 112 0 0 0
2051 0 1 0 11 107 0 0 0
2052 0 1 0 11 79 0 0 0
2053 0 1 0 8 66 0 0 0
2054 0 1 0 20 119 0 0 0
2055 0 1 0 15 112 0 0 0
2056 0 1 0 11 79 0 0 0
2057 0 1 0 8 60 0 0 0
2058 0 1 0 22 100 0 0 0
2059 0 1 0 19 108 0 0 0
2060 0 1 0 11 103 0 0 0
2061 0 1 0 9 88 0 0 0
2062 0 1 0 4 67 0 0 0
2063 0 1 0 1 46 0 0 0
2064 0 1 0 13 81 0 0 0
2065 0 1 0 51 200 0 0 0
2066 0 1 0 28 141 0 0 0
2067 0 1 0 17 104 0 0 0
2068 0 1 0 6 76 0 0 0
2069 0 1 0 20 112 0 0 0
2070 0 1 0 15 91 0 0 0
2071 0 1 0 8 80 0 0 0
2072 0 1 0 33 142 0 0 0
2073 0 1 0 20 112 0 0 0
2074 0 1 0 17 90 0 0 0
2075 0 1 0 12 62 0 0 0
2076 0 1 0 35 112 0 0 0
2077 0 1 0 28 108 0 0 0
2078 0 1 0 27 84 0 0 0
2079 0 1 0 21 64 0 0 0
2080 0 1 0 61 136 0 0 0
2081 0 1 0 55 129 0 0 0
2082 0 1 0 53 111 0 0 0
2083 0 1 0 42 103 0 0 0
2084 0 1 0 33 85 0 0 0
2085 0 1 0 30 74 0 0 0
2086 0 1 0 27 61 0 0 0
2087 0 1 0 78 177 0 0 0
2088 0 1 0 66 177 0 0 0
2089 0 1 0 62 165 0 0 0
2090 0 1 0 52 155 0 0 0
2091 0 1 0 42 135 0 0 0
2092 0 1 1 32 115 0.03125 0.0164845 0.0136054
2093 0 1 1 29 111 0.0344828 0.0176254 0.0142857
2094 0 1 0 23 99 0 0 0
2095 0 1 1 22 84 0.0454545 0.0232621 0.0188679
2096 0 1 1 63 199 0.015873 0.00893106 0.00763359
2097 0 1 1 53 225 0.0188679 0.00915737 0.00719424
2098 0 1 0 44 214 0 0 0
2099 0 1 0 37 202 0 0 0
2100 0 1 0 39 196 0 0 0
2101 0 1 0 31 178 0 0 0
2102 0 1 0 32 154 0 0 0
2103 0 1 1 33 140 0.030303 0.0147122 0.0115607
2104 0 1 2 27 133 0.0740741 0.0333751 0.025
2105 0 1 0 18 112 0 0 0
2106 0 1 1 19 98 0.0526316 0.0231745 0.017094
2107 0 1 1 16 98 0.0625 0.0252538 0.0175439
2108 0 1 0 73 250 0 0 0
2109 0 1 2 62 274 0.0322581 0.0153447 0.0119048
2110 0 1 2 56 254 0.0357143 0.0167695 0.0129032
2111 0 1 2 48 223 0.0416667 0.0193311 0.0147601
2112 0 1 1 40 192 0.025 0.0114109 0.00862069
2113 0 1 2 35 156 0.0571429 0.0270666 0.0209424
2114 0 1 1 32 127 0.03125 0.0156864 0.0125786
2115 0 1 0 23 101 0 0 0
2116 0 1 0 18 82 0 0 0
2117 0 1 0 48 170 0 0 0
2118 0 1 0 38 151 0 0 0
2119 0 1 0 29 128 0 0 0
2120 0 1 0 21 99 0 0 0
2121 0 1 0 13 92 0 0 0
2122 0 1 0 63 264 0 0 0
2123 0 1 0 50 218 0 0 0
2124 0 1 0 36 187 0 0 0
2125 0 1 0 32 154 0 0 0
2126 0 1 0 29 149 0 0 0
2127 0 1 0 23 143 0 0 0
2128 0 1 1 22 114 0.0454545 0.0199681 0.0147059
2129 0 1 0 31 175 0 0 0
2130 0 1 2 69 297 0.0289855 0.013971 0.010929
2131 0 1 0 60 224 0 0 0
2132 0 1 0 37 169 0 0 0
2133 0 1 0 102 322 0 0 0
2134 0 1 1 79 267 0.0126582 0.00688543 0.00578035
2135 0 1 0 68 190 0 0 0
2136 0 1 0 130 309 0 0 0
2137 0 1 1 105 254 0.00952381 0.00612334 0.00557103
2138 0 1 1 88 208 0.0113636 0.0073914 0.00675676
2139 0 1 1 139 319 0.00719424 0.00474895 0.00436681
2140 0 1 1 98 296 0.0102041 0.00587139 0.00507614
2141 0 1 3 76 266 0.0394737 0.0210996 0.0175439
2142 0 1 5 132 404 0.0378788 0.0216517 0.0186567
2143 0 1 3 110 364 0.0272727 0.0149925 0.0126582
2144 0 1 2 96 325 0.0208333 0.0113228 0.00950119
2145 0 1 1 79 252 0.0126582 0.00708739 0.0060423
2146 0 1 2 132 415 0.0151515 0.00854514 0.00731261
2147 0 1 0 97 396 0 0 0
2148 0 1 0 89 344 0 0 0
2149 0 1 0 63 291 0 0 0
2150 0 1 0 147 447 0 0 0
2151 0 1 0 102 394 0 0 0
2152 0 1 0 93 315 0 0 0
2153 0 1 0 60 261 0 0 0
2154 0 1 2 110 342 0.0181818 0.0103115 0.00884956
2155 0 1 0 81 295 0 0 0
2156 0 1 0 68 237 0 0 0
2157 0 1 0 108 350 0 0 0
2158 0 1 1 88 305 0.0113636 0.00610392 0.00508906
2159 0 1 3 75 273 0.04 0.0209657 0.0172414
2160 0 1 2 58 219 0.0344828 0.0177457 0.0144404
2161 0 1 2 109 342 0.0183486 0.0103587 0.00886918
2162 0 1 2 90 312 0.0222222 0.0119352 0.00995025
2163 0 1 3 69 262 0.0434783 0.0223124 0.0181269
2164 0 1 2 56 218 0.0357143 0.0181012 0.0145985
2165 0 1 3 108 331 0.0277778 0.015867 0.0136674
2166 0 1 4 85 300 0.0470588 0.025049 0.0207792
2167 0 1 5 62 245 0.0806452 0.0405687 0.0325733
2168 0 1 3 54 208 0.0555556 0.0283069 0.0229008
2169 0 1 5 106 344 0.0471698 0.0261841 0.0222222
2170 0 1 3 87 314 0.0344828 0.0181508 0.0149626
2171 0 1 4 73 288 0.0547945 0.0275869 0.0221607
2172 0 1 0 56 234 0 0 0
2173 0 1 0 46 191 0 0 0
2174 0 1 0 89 303 0 0 0
2175 0 1 0 64 284 0 0 0
2176 0 1 0 59 263 0 0 0
2177 0 1 0 51 212 0 0 0
2178 0 1 0 44 173 0 0 0
2179 0 1 0 90 288 0 0 0
2180 0 1 0 76 269 0 0 0
2181 0 1 0 54 230 0 0 0
2182 0 1 0 42 188 0 0 0
2183 0 1 0 34 161 0 0 0
2184 0 1 1 75 280 0.0133333 0.00690066 0.0056338
2185 0 1 2 66 255 0.030303 0.0154166 0.0124611
2186 0 1 3 50 234 0.06 0.027735 0.0211268
2187 0 1 0 44 200 0 0 0
2188 0 1 3 39 168 0.0769231 0.0370625 0.0289855
2189 0 1 3 79 314 0.0379747 0.0190477 0.0152672
2190 0 1 3 60 289 0.05 0.0227823 0.017192
2191 0 1 0 48 246 0 0 0
2192 0 1 0 37 202 0 0 0
2193 0 1 2 35 174 0.0571429 0.0256284 0.0191388
2194 0 1 0 60 295 0 0 0
2195 0 1 0 53 290 0 0 0
2196 0 1 0 43 238 0 0 0
2197 0 1 0 40 202 0 0 0
2198 0 1 0 28 158 0 0 0
2199 0 1 0 54 275 0 0 0
2200 0 1 0 41 251 0 0 0
2201 0 1 0 36 223 0 0 0
2202 0 1 0 29 171 0 0 0
2203 0 1 0 22 134 0 0 0
2204 0 1 0 53 240 0 0 0
2205 0 1 0 43 216 0 0 0
2206 0 1 0 33 187 0 0 0
2207 0 1 0 35 156 0 0 0
2208 0 1 0 32 142 0 0 0
2209 0 1 0 31 110 0 0 0
2210 0 1 0 61 205 0 0 0
2211 0 1 0 46 204 0 0 0
2212 0 1 0 45 194 0 0 0
2213 0 1 0 35 168 0 0 0
2214 0 1 0 33 149 0 0 0
2215 0 1 0 31 139 0 0 0
2216 0 1 0 32 132 0 0 0
2217 0 1 0 26 120 0 0 0
2218 0 1 0 58 182 0 0 0
2219 0 1 0 51 182 0 0 0
2220 0 1 0 52 183 0 0 0
2221 0 1 0 43 179 0 0 0
2222 0 1 0 40 166 0 0 0
2223 0 1 0 38 151 0 0 0
2224 0 1 0 35 136 0 0 0
2225 0 1 0 31 121 0 0 0
2226 0 1 0 20 109 0 0 0
2227 0 1 0 56 245 0 0 0
2228 0 1 0 49 241 0 0 0
2229 0 1 0 50 244 0 0 0
2230 0 1 0 48 228 0 0 0
2231 0 1 0 45 216 0 0 0
2232 0 1 0 45 217 0 0 0
2233 0 1 0 40 187 0 0 0
2234 0 1 0 42 183 0 0 0
2235 0 1 0 30 181 0 0 0
2236 0 1 0 32 169 0 0 0
2237 0 1 0 29 156 0 0 0
2238 0 1 0 29 140 0 0 0
2239 0 1 0 22 116 0 0 0
2240 0 1 0 18 112 0 0 0
2241 0 1 0 17 104 0 0 0
2242 0 1 0 49 195 0 0 0
2243 0 1 0 46 238 0 0 0
2244 0 1 0 43 265 0 0 0
2245 0 1 0 40 266 0 0 0
2246 0 1 0 43 248 0 0 0
2247 0 1 0 39 254 0 0 0
2248 0 1 0 39 236 0 0 0
2249 0 1 0 36 224 0 0 0
2250 0 1 0 32 218 0 0 0
2251 0 1 0 30 208 0 0 0
2252 0 1 0 28 190 0 0 0
2253 0 1 0 28 193 0 0 0
2254 0 1 1 25 172 0.04 0.0152499 0.0101523
2255 0 1 2 24 174 0.0833333 0.0309492 0.020202
2256 0 1 2 22 161 0.0909091 0.0336051 0.0218579
2257 0 1 0 18 161 0 0 0
2258 0 1 0 18 153 0 0 0
2259 0 1 0 14 156 0 0 0
2260 0 1 1 61 341 0.0163934 0.00693359 0.00497512
2261 0 1 1 61 371 0.0163934 0.00664734 0.00462963
2262 0 1 2 59 354 0.0338983 0.0138389 0.00968523
2263 0 1 1 47 326 0.0212766 0.00807871 0.00536193
2264 0 1 1 44 265 0.0227273 0.00926085 0.00647249
2265 0 1 1 41 233 0.0243902 0.0102313 0.00729927
2266 0 1 1 36 211 0.0277778 0.0114738 0.00809717
2267 0 1 0 24 163 0 0 0
2268 0 1 0 22 136 0 0 0
2269 0 1 0 36 237 0 0 0
2270 0 1 0 39 254 0 0 0
2271 0 1 0 29 242 0 0 0
2272 0 1 0 31 219 0 0 0
2273 0 1 0 23 201 0 0 0
2274 0 1 0 25 199 0 0 0
2275 0 1 0 25 184 0 0 0
2276 0 1 0 20 164 0 0 0
2277 0 1 0 20 158 0 0 0
2278 0 1 0 16 141 0 0 0
2279 0 1 0 41 245 0 0 0
2280 0 1 0 39 225 0 0 0
2281 0 1 0 36 201 0 0 0
2282 0 1 0 34 183 0 0 0
2283 0 1 0 34 156 0 0 0
2284 0 1 0 29 158 0 0 0
2285 0 1 0 24 134 0 0 0
2286 0 1 0 61 223 0 0 0
2287 0 1 0 54 231 0 0 0
2288 0 1 0 51 209 0 0 0
2289 0 1 0 43 174 0 0 0
2290 0 1 0 38 159 0 0 0
2291 0 1 0 34 138 0 0 0
2292 0 1 0 26 118 0 0 0
2293 0 1 0 63 176 0 0 0
2294 0 1 0 45 167 0 0 0
2295 0 1 0 39 144 0 0 0
2296 0 1 0 31 118 0 0 0
2297 0 1 0 63 200 0 0 0
2298 0 1 0 47 195 0 0 0
2299 0 1 0 37 184 0 0 0
2300 0 1 0 32 148 0 0 0
2301 0 1 0 24 112 0 0 0
2302 0 1 0 44 193 0 0 0
2303 0 1 0 31 160 0 0 0
2304 0 1 0 26 124 0 0 0
2305 0 1 0 20 105 0 0 0
2306 0 1 0 42 179 0 0 0
2307 0 1 0 31 181 0 0 0
2308 0 1 0 30 162 0 0 0
2309 0 1 0 22 122 0 0 0
2310 0 1 0 17 96 0 0 0
2311 0 1 0 39 193 0 0 0
2312 0 1 0 32 151 0 0 0
2313 0 1 0 25 141 0 0 0
2314 0 1 0 23 121 0 0 0
2315 0 1 0 21 97 0 0 0
2316 0 1 0 51 177 0 0 0
2317 0 1 0 41 184 0 0 0
2318 0 1 0 41 172 0 0 0
2319 0 1 0 36 151 0 0 0
2320 0 1 0 32 128 0 0 0
2321 0 1 0 29 115 0 0 0
2322 0 1 1 23 104 0.0434783 0.0204465 0.015748
2323 0 1 1 19 96 0.0526316 0.0234146 0.0173913
2324 0 1 0 45 175 0 0 0
2325 0 1 0 39 177 0 0 0
2326 0 1 0 36 170 0 0 0
2327 0 1 0 35 135 0 0 0
2328 0 1 0 31 124 0 0 0
2329 0 1 0 23 105 0 0 0
2330 0 1 0 21 103 0 0 0
2331 0 1 0 18 80 0 0 0
2332 0 1 0 43 143 0 0 0
2333 0 1 0 35 138 0 0 0
2334 0 1 0 35 122 0 0 0
2335 0 1 0 29 119 0 0 0
2336 0 1 0 23 110 0 0 0
2337 0 1 0 19 108 0 0 0
2338 0 1 0 20 100 0 0 0
2339 0 1 0 17 98 0 0 0
2340 0 1 0 30 198 0 0 0
2341 0 1 0 28 181 0 0 0
2342 0 1 0 25 180 0 0 0
2343 0 1 0 22 167 0 0 0
2344 0 1 0 18 144 0 0 0
2345 0 1 0 16 128 0 0 0
2346 0 1 1 12 117 0.0833333 0.026688 0.0155039
2347 0 1 0 12 103 0 0 0
2348 0 1 0 30 198 0 0 0
2349 0 1 0 28 195 0 0 0
2350 0 1 0 24 183 0 0 0
2351 0 1 0 20 153 0 0 0
2352 0 1 1 15 138 0.0666667 0.0219793 0.0130719
2353 0 1 1 15 125 0.0666667 0.023094 0.0142857
2354 0 1 0 13 108 0 0 0
2355 0 1 0 12 93 0 0 0
2356 0 1 0 38 182 0 0 0
2357 0 1 0 37 181 0 0 0
2358 0 1 0 28 166 0 0 0
2359 0 1 0 24 143 0 0 0
2360 0 1 0 21 134 0 0 0
2361 0 1 0 20 113 0 0 0
2362 0 1 0 15 102 0 0 0
2363 0 1 0 14 94 0 0 0
2364 0 1 0 40 156 0 0 0
2365 0 1 0 35 147 0 0 0
2366 0 1 0 33 131 0 0 0
2367 0 1 0 30 119 0 0 0
2368 0 1 0 27 117 0 0 0
2369 0 1 0 17 104 0 0 0
2370 0 1 0 13 95 0 0 0
2371 0 1 0 27 132 0 0 0
2372 0 1 0 21 135 0 0 0
2373 0 1 0 14 131 0 0 0
2374 0 1 0 13 117 0 0 0
2375 0 1 0 11 99 0 0 0
2376 0 1 0 8 96 0 0 0
2377 0 1 0 14 150 0 0 0
2378 0 1 0 11 159 0 0 0
2379 0 1 0 10 153 0 0 0
2380 0 1 0 7 143 0 0 0
2381 0 1 0 5 120 0 0 0
2382 0 1 0 4 112 0 0 0
2383 0 1 0 3 96 0 0 0
2384 0 1 0 10 169 0 0 0
2385 0 1 0 7 173 0 0 0
2386 0 1 0 7 156 0 0 0
2387 0 1 0 7 134 0 0 0
2388 0 1 0 9 111 0 0 0
2389 0 1 0 7 100 0 0 0
2390 0 1 0 4 81 0 0 0
2391 0 1 0 15 146 0 0 0
2392 0 1 0 14 136 0 0 0
2393 0 1 0 13 136 0 0 0
2394 0 1 0 15 121 0 0 0
2395 0 1 0 12 112 0 0 0
2396 0 1 0 11 110 0 0 0
2397 0 1 0 10 87 0 0 0
2398 0 1 0 7 78 0 0 0
2399 0 1 0 8 71 0 0 0
2400 0 1 0 16 147 0 0 0
2401 0 1 0 15 150 0 0 0
2402 0 1 0 14 133 0 0 0
2403 0 1 0 14 131 0 0 0
2404 0 1 0 13 106 0 0 0
2405 0 1 0 9 94 0 0 0
2406 0 1 0 8 76 0 0 0
2407 0 1 0 7 66 0 0 0
2408 0 1 0 25 129 0 0 0
2409 0 1 0 26 131 0 0 0
2410 0 1 0 23 127 0 0 0
2411 0 1 0 19 119 0 0 0
2412 0 1 0 14 99 0 0 0
2413 0 1 0 9 93 0 0 0
2414 0 1 0 8 75 0 0 0
2415 0 1 0 5 68 0 0 0
2416 0 1 0 58 174 0 0 0
2417 0 1 0 54 208 0 0 0
2418 0 1 0 52 212 0 0 0
2419 0 1 0 47 200 0 0 0
2420 0 1 0 44 197 0 0 0
2421 0 1 0 36 188 0 0 0
2422 0 1 0 29 163 0 0 0
2423 0 1 0 29 145 0 0 0
2424 0 1 0 22 120 0 0 0
2425 0 1 0 16 107 0 0 0
2426 0 1 0 14 99 0 0 0
2427 0 1 0 11 82 0 0 0
2428 0 1 0 9 75 0 0 0
2429 0 1 0 5 68 0 0 0
2430 0 1 0 50 166 0 0 0
2431 0 1 0 37 188 0 0 0
2432 0 1 0 31 175 0 0 0
2433 0 1 0 26 146 0 0 0
2434 0 1 0 20 130 0 0 0
2435 0 1 0 12 103 0 0 0
2436 0 1 0 9 91 0 0 0
2437 0 1 0 7 76 0 0 0
2438 0 1 0 6 56 0 0 0
2439 0 1 0 45 105 0 0 0
2440 0 1 0 36 110 0 0 0
2441 0 1 0 31 101 0 0 0
2442 0 1 0 26 90 0 0 0
2443 0 1 0 21 67 0 0 0
2444 0 1 0 10 52 0 0 0
2445 0 1 0 34 133 0 0 0
2446 0 1 0 21 132 0 0 0
2447 0 1 0 22 94 0 0 0
2448 0 1 0 15 90 0 0 0
2449 0 1 0 11 77 0 0 0
2450 0 1 0 9 69 0 0 0
2451 0 1 0 7 59 0 0 0
2452 0 1 0 6 45 0 0 0
2453 0 1 0 31 123 0 0 0
2454 0 1 0 24 148 0 0 0
2455 0 1 0 16 155 0 0 0
2456 0 1 0 8 135 0 0 0
2457 0 1 0 8 124 0 0 0
2458 0 1 0 7 101 0 0 0
2459 0 1 0 4 85 0 0 0
2460 0 1 0 3 78 0 0 0
2461 0 1 0 4 62 0 0 0
2462 0 1 0 2 51 0 0 0
2463 0 1 0 31 162 0 0 0
2464 0 1 0 22 172 0 0 0
2465 0 1 0 23 172 0 0 0
2466 0 1 0 19 165 0 0 0
2467 0 1 0 19 143 0 0 0
2468 0 1 1 13 120 0.0769231 0.0253185 0.0150376
2469 0 1 1 11 113 0.0909091 0.0283638 0.016129
2470 0 1 1 7 90 0.142857 0.039841 0.0206186
2471 0 1 1 5 82 0.2 0.0493865 0.0229885
2472 0 1 0 4 66 0 0 0
2473 0 1 0 2 66 0 0 0
2474 0 1 0 3 53 0 0 0
2475 0 1 0 18 106 0 0 0
2476 0 1 0 14 97 0 0 0
2477 0 1 0 14 82 0 0 0
2478 0 1 0 13 75 0 0 0
2479 0 1 0 10 74 0 0 0
2480 0 1 0 10 58 0 0 0
2481 0 1 0 8 51 0 0 0
2482 0 1 0 31 144 0 0 0
2483 0 1 0 26 158 0 0 0
2484 0 1 0 20 141 0 0 0
2485 0 1 0 23 126 0 0 0
2486 0 1 0 18 103 0 0 0
2487 0 1 0 14 95 0 0 0
2488 0 1 0 14 82 0 0 0
2489 0 1 0 9 68 0 0 0
2490 0 1 0 6 66 0 0 0
2491 0 1 0 8 54 0 0 0
2492 0 1 0 22 150 0 0 0
2493 0 1 0 18 149 0 0 0
2494 0 1 0 17 135 0 0 0
2495 0 1 0 13 120 0 0 0
2496 0 1 1 10 108 0.1 0.030429 0.0169492
2497 0 1 1 6 90 0.166667 0.0430331 0.0208333
2498 0 1 0 5 80 0 0 0
2499 0 1 0 5 76 0 0 0
2500 0 1 0 4 59 0 0 0
2501 0 1 0 22 113 0 0 0
2502 0 1 0 22 107 0 0 0
2503 0 1 0 19 100 0 0 0
2504 0 1 0 58 248 0 0 0
2505 0 1 0 49 223 0 0 0
2506 0 1 0 38 195 0 0 0
2507 0 1 0 29 155 0 0 0
2508 0 1 0 20 123 0 0 0
2509 0 1 0 14 98 0 0 0
2510 0 1 0 39 171 0 0 0
2511 0 1 0 34 153 0 0 0
2512 0 1 0 32 148 0 0 0
2513 0 1 0 25 127 0 0 0
2514 0 1 0 25 111 0 0 0
2515 0 1 0 19 91 0 0 0
2516 0 1 0 44 218 0 0 0
2517 0 1 0 27 193 0 0 0
2518 0 1 0 26 168 0 0 0
2519 0 1 0 20 155 0 0 0
2520 0 1 0 13 121 0 0 0
2521 0 1 0 14 90 0 0 0
2522 0 1 0 33 202 0 0 0
2523 0 1 0 26 178 0 0 0
2524 0 1 0 23 142 0 0 0
2525 0 1 0 14 127 0 0 0
2526 0 1 0 9 87 0 0 0
2527 0 1 0 37 174 0 0 0
2528 0 1 0 28 155 0 0 0
2529 0 1 0 27 141 0 0 0
2530 0 1 0 23 112 0 0 0
2531 0 1 0 19 86 0 0 0
2532 0 1 0 48 169 0 0 0
2533 0 1 0 36 173 0 0 0
2534 0 1 0 35 153 0 0 0
2535 0 1 0 26 115 0 0 0
2536 0 1 0 22 98 0 0 0
2537 0 1 0 20 87 0 0 0
2538 0 1 0 52 179 0 0 0
2539 0 1 0 45 187 0 0 0
2540 0 1 0 37 171 0 0 0
2541 0 1 0 31 147 0 0 0
2542 0 1 0 31 134 0 0 0
2543 0 1 0 22 111 0 0 0
2544 0 1 0 19 96 0 0 0
2545 0 1 0 45 183 0 0 0
2546 0 1 0 37 179 0 0 0
2547 0 1 0 34 159 0 0 0
2548 0 1 0 24 137 0 0 0
2549 0 1 0 20 125 0 0 0
2550 0 1 0 22 117 0 0 0
2551 0 1 0 16 98 0 0 0
2552 0 1 0 46 178 0 0 0
2553 0 1 0 39 196 0 0 0
2554 0 1 0 31 186 0 0 0
2555 0 1 0 24 166 0 0 0
2556 0 1 0 27 141 0 0 0
2557 0 1 0 23 124 0 0 0
2558 0 1 0 15 117 0 0 0
2559 0 1 0 16 95 0 0 0
2560 0 1 0 35 205 0 0 0
2561 0 1 0 33 188 0 0 0
2562 0 1 0 24 170 0 0 0
2563 0 1 0 22 128 0 0 0
2564 0 1 0 17 117 0 0 0
2565 0 1 0 9 104 0 0 0
2566 0 1 0 6 89 0 0 0
2567 0 1 0 42 251 0 0 0
2568 0 1 0 32 229 0 0 0
2569 0 1 0 24 189 0 0 0
2570 0 1 0 16 153 0 0 0
2571 0 1 0 14 120 0 0 0
2572 0 1 0 12 103 0 0 0
2573 0 1 0 10 97 0 0 0
2574 0 1 1 6 79 0.166667 0.0459315 0.0235294
2575 0 1 0 27 153 0 0 0
2576 0 1 0 21 151 0 0 0
2577 0 1 0 18 142 0 0 0
2578 0 1 0 21 101 0 0 0
2579 0 1 0 16 109 0 0 0
2580 0 1 0 11 109 0 0 0
2581 0 1 0 13 93 0 0 0
2582 0 1 0 9 84 0 0 0
2583 0 1 0 4 70 0 0 0
2584 0 1 0 24 158 0 0 0
2585 0 1 0 18 141 0 0 0
2586 0 1 1 19 112 0.0526316 0.0216777 0.0152672
2587 0 1 2 19 112 0.105263 0.0433555 0.0305344
2588 0 1 2 15 107 0.133333 0.0499221 0.0327869
2589 0 1 0 19 99 0 0 0
2590 0 1 1 16 96 0.0625 0.0255155 0.0178571
2591 0 1 0 15 93 0 0 0
2592 0 1 0 12 94 0 0 0
2593 0 1 0 10 83 0 0 0
2594 0 1 0 9 74 0 0 0
2595 0 1 0 6 63 0 0 0
2596 0 1 0 41 203 0 0 0
2597 0 1 0 38 233 0 0 0
2598 0 1 0 32 227 0 0 0
2599 0 1 0 32 197 0 0 0
2600 0 1 0 28 196 0 0 0
2601 0 1 0 18 153 0 0 0
2602 0 1 0 18 146 0 0 0
2603 0 1 0 14 135 0 0 0
2604 0 1 0 11 113 0 0 0
2605 0 1 0 8 100 0 0 0
2606 0 1 0 10 88 0 0 0
2607 0 1 0 6 76 0 0 0
2608 0 1 0 32 213 0 0 0
2609 0 1 0 30 191 0 0 0
2610 0 1 0 25 167 0 0 0
2611 0 1 0 27 139 0 0 0
2612 0 1 0 23 129 0 0 0
2613 0 1 0 22 105 0 0 0
2614 0 1 0 21 108 0 0 0
2615 0 1 0 15 93 0 0 0
2616 0 1 0 16 91 0 0 0
2617 0 1 0 15 66 0 0 0
2618 0 1 0 56 176 0 0 0
2619 0 1 0 49 175 0 0 0
2620 0 1 0 46 158 0 0 0
2621 0 1 0 42 136 0 0 0
2622 0 1 0 33 116 0 0 0
2623 0 1 0 34 91 0 0 0
2624 0 1 0 20 79 0 0 0
2625 0 1 0 22 77 0 0 0
2626 0 1 0 19 76 0 0 0
2627 0 1 0 44 163 0 0 0
2628 0 1 0 35 145 0 0 0
2629 0 1 0 34 114 0 0 0
2630 0 1 0 34 108 0 0 0
2631 0 1 0 29 95 0 0 0
2632 0 1 0 23 84 0 0 0
2633 0 1 0 25 87 0 0 0
2634 0 1 0 19 76 0 0 0
2635 0 1 0 39 145 0 0 0
2636 0 1 0 32 125 0 0 0
2637 0 1 0 36 118 0 0 0
2638 0 1 0 27 96 0 0 0
2639 0 1 0 25 83 0 0 0
2640 0 1 0 21 76 0 0 0
2641 0 1 0 58 179 0 0 0
2642 0 1 0 50 156 0 0 0
2643 0 1 0 38 125 0 0 0
2644 0 1 0 35 109 0 0 0
2645 0 1 0 32 102 0 0 0
2646 0 1 0 33 86 0 0 0
2647 0 1 0 28 75 0 0 0
2648 0 1 0 49 148 0 0 0
2649 0 1 0 36 128 0 0 0
2650 0 1 0 34 109 0 0 0
2651 0 1 0 28 90 0 0 0
2652 0 1 0 26 87 0 0 0
2653 0 1 0 17 74 0 0 0
2654 0 1 0 53 197 0 0 0
2655 0 1 0 41 182 0 0 0
2656 0 1 0 34 142 0 0 0
2657 0 1 0 25 115 0 0 0
2658 0 1 0 19 97 0 0 0
2659 0 1 0 12 82 0 0 0
2660 0 1 0 41 172 0 0 0
2661 0 1 0 37 151 0 0 0
2662 0 1 0 39 138 0 0 0
2663 0 1 0 31 123 0 0 0
2664 0 1 0 32 106 0 0 0
2665 0 1 0 29 91 0 0 0
2666 0 1 0 56 186 0 0 0
2667 0 1 0 45 182 0 0 0
2668 0 1 0 42 150 0 0 0
2669 0 1 0 39 133 0 0 0
2670 0 1 0 37 120 0 0 0
2671 0 1 0 34 110 0 0 0
2672 0 1 0 32 95 0 0 0
2673 0 1 0 80 241 0 0 0
2674 0 1 0 66 235 0 0 0
2675 0 1 0 67 213 0 0 0
2676 0 1 0 57 183 0 0 0
2677 0 1 0 43 157 0 0 0
2678 0 1 0 35 127 0 0 0
2679 0 1 0 28 114 0 0 0
2680 0 1 0 87 259 0 0 0
2681 0 1 0 68 251 0 0 0
2682 0 1 0 66 225 0 0 0
2683 0 1 0 59 209 0 0 0
2684 0 1 0 50 170 0 0 0
2685 0 1 0 41 142 0 0 0
2686 0 1 0 40 128 0 0 0
2687 0 1 0 32 104 0 0 0
2688 0 1 0 81 278 0 0 0
2689 0 1 0 61 284 0 0 0
2690 0 1 0 53 232 0 0 0
2691 0 1 0 46 209 0 0 0
2692 0 1 0 31 192 0 0 0
2693 0 1 0 19 158 0 0 0
2694 0 1 0 16 140 0 0 0
2695 0 1 0 39 240 0 0 0
2696 0 1 0 23 216 0 0 0
2697 0 1 0 18 166 0 0 0
2698 0 1 0 16 140 0 0 0
2699 0 1 0 43 238 0 0 0
2700 0 1 0 25 195 0 0 0
2701 0 1 0 16 155 0 0 0
2702 0 1 0 61 235 0 0 0
2703 0 1 0 42 169 0 0 0
2704 0 1 2 27 139 0.0740741 0.0326468 0.0240964
2705 0 1 0 51 252 0 0 0
2706 0 1 0 30 212 0 0 0
2707 0 1 0 22 144 0 0 0
2708 0 1 0 32 231 0 0 0
2709 0 1 0 14 214 0 0 0
2710 0 1 0 11 166 0 0 0
2711 0 1 0 42 251 0 0 0
2712 0 1 0 35 246 0 0 0
2713 0 1 0 31 220 0 0 0
2714 0 1 0 25 197 0 0 0
2715 0 1 0 21 168 0 0 0
2716 0 1 0 47 275 0 0 0
2717 0 1 0 34 269 0 0 0
2718 0 1 0 27 235 0 0 0
2719 0 1 0 19 196 0 0 0
2720 0 1 0 20 151 0 0 0
2721 0 1 0 61 294 0 0 0
2722 0 1 0 48 273 0 0 0
2723 0 1 0 43 232 0 0 0
2724 0 1 0 33 222 0 0 0
2725 0 1 0 27 198 0 0 0
2726 0 1 0 20 174 0 0 0
2727 0 1 0 63 263 0 0 0
2728 0 1 0 52 236 0 0 0
2729 0 1 0 38 209 0 0 0
2730 0 1 0 29 173 0 0 0
2731 0 1 0 64 266 0 0 0
2732 0 1 0 57 242 0 0 0
2733 0 1 0 42 218 0 0 0
2734 0 1 0 40 166 0 0 0
2735 0 1 0 79 281 0 0 0
2736 0 1 0 66 267 0 0 0
2737 0 1 0 45 218 0 0 0
2738 0 1 0 40 163 0 0 0
2739 0 1 0 66 281 0 0 0
2740 0 1 0 54 250 0 0 0
2741 0 1 0 44 229 0 0 0
2742 0 1 0 29 180 0 0 0
2743 0 1 0 51 292 0 0 0
2744 0 1 0 41 246 0 0 0
2745 0 1 2 25 188 0.08 0.029173 0.0187793
2746 0 1 1 43 269 0.0232558 0.009298 0.00641026
2747 0 1 0 31 218 0 0 0
2748 0 1 0 26 187 0 0 0
2749 0 1 0 20 157 0 0 0
2750 0 1 0 42 272 0 0 0
2751 0 1 0 33 269 0 0 0
2752 0 1 0 35 233 0 0 0
2753 0 1 0 32 173 0 0 0
2754 0 1 0 24 131 0 0 0
2755 0 1 0 50 210 0 0 0
2756 0 1 0 39 182 0 0 0
2757 0 1 0 36 141 0 0 0
2758 0 1 0 31 111 0 0 0
2759 0 1 0 45 178 0 0 0
2760 0 1 0 33 158 0 0 0
2761 0 1 0 30 132 0 0 0
2762 0 1 0 28 125 0 0 0
2763 0 1 0 26 110 0 0 0
2764 0 1 0 48 187 0 0 0
2765 0 1 0 38 192 0 0 0
2766 0 1 0 41 168 0 0 0
2767 0 1 0 36 140 0 0 0
2768 0 1 0 26 129 0 0 0
2769 0 1 0 24 111 0 0 0
2770 0 1 0 47 208 0 0 0
2771 0 1 0 39 197 0 0 0
2772 0 1 0 33 165 0 0 0
2773 0 1 0 33 156 0 0 0
2774 0 1 0 25 124 0 0 0
2775 0 1 0 22 93 0 0 0
2776 0 1 0 38 187 0 0 0
2777 0 1 0 31 180 0 0 0
2778 0 1 0 29 171 0 0 0
2779 0 1 0 24 155 0 0 0
2780 0 1 1 23 136 0.0434783 0.01788 0.0125786
2781 0 1 1 18 119 0.0555556 0.0216068 0.0145985
2782 0 1 0 15 118 0 0 0
2783 0 1 0 13 101 0 0 0
2784 0 1 1 38 174 0.0263158 0.012298 0.00943396
2785 0 1 1 34 167 0.0294118 0.013271 0.00995025
2786 0 1 0 35 156 0 0 0
2787 0 1 0 34 141 0 0 0
2788 0 1 0 28 131 0 0 0
2789 0 1 1 25 126 0.04 0.0178174 0.013245
2790 0 1 0 23 116 0 0 0
2791 0 1 0 23 96 0 0 0
2792 0 1 0 21 102 0 0 0
2793 0 1 0 20 91 0 0 0
2794 0 1 0 44 165 0 0 0
2795 0 1 0 40 162 0 0 0
2796 0 1 0 30 148 0 0 0
2797 0 1 0 25 134 0 0 0
2798 0 1 0 23 128 0 0 0
2799 0 1 2 19 114 0.105263 0.0429735 0.0300752
2800 0 1 1 21 104 0.047619 0.021398 0.016
2801 0 1 3 17 99 0.176471 0.0731272 0.0517241
2802 0 1 3 10 79 0.3 0.106735 0.0674157
2803 0 1 2 26 118 0.0769231 0.0361079 0.0277778
2804 0 1 3 24 117 0.125 0.0566139 0.0425532
2805 0 1 3 25 120 0.12 0.0547723 0.0413793
2806 0 1 3 19 112 0.157895 0.0650332 0.0458015
2807 0 1 2 18 104 0.111111 0.046225 0.0327869
2808 0 1 3 15 92 0.2 0.0807573 0.0560748
2809 0 1 2 15 74 0.133333 0.06003 0.0449438
2810 0 1 3 10 66 0.3 0.116775 0.0789474
2811 0 1 3 34 96 0.0882353 0.0525105 0.0461538
2812 0 1 0 30 98 0 0 0
2813 0 1 0 29 95 0 0 0
2814 0 1 1 24 88 0.0416667 0.0217597 0.0178571
2815 0 1 0 23 78 0 0 0
2816 0 1 0 18 70 0 0 0
2817 0 1 0 17 57 0 0 0
2818 0 1 0 15 51 0 0 0
2819 0 1 0 43 98 0 0 0
2820 0 1 0 38 115 0 0 0
2821 0 1 0 36 110 0 0 0
2822 0 1 0 30 101 0 0 0
2823 0 1 0 24 83 0 0 0
2824 0 1 0 20 66 0 0 0
2825 0 1 0 17 57 0 0 0
2826 0 1 0 14 49 0 0 0
2827 0 1 0 42 102 0 0 0
2828 0 1 0 36 110 0 0 0
2829 0 1 0 36 108 0 0 0
2830 0 1 0 31 103 0 0 0
2831 0 1 0 27 91 0 0 0
2832 0 1 0 25 72 0 0 0
2833 0 1 0 23 68 0 0 0
2834 0 1 0 18 47 0 0 0
2835 0 1 0 45 101 0 0 0
2836 0 1 0 45 130 0 0 0
2837 0 1 0 39 135 0 0 0
2838 0 1 0 38 117 0 0 0
2839 0 1 0 33 104 0 0 0
2840 0 1 0 26 90 0 0 0
2841 0 1 0 21 82 0 0 0
2842 0 1 0 18 61 0 0 0
2843 0 1 0 18 60 0 0 0
2844 0 1 0 16 47 0 0 0
2845 0 1 0 13 48 0 0 0
2846 0 1 0 51 78 0 0 0
2847 0 1 0 46 104 0 0 0
2848 0 1 0 46 111 0 0 0
2849 0 1 0 42 110 0 0 0
2850 0 1 0 31 97 0 0 0
2851 0 1 0 23 94 0 0 0
2852 0 1 0 21 85 0 0 0
2853 0 1 0 14 78 0 0 0
2854 0 1 0 16 73 0 0 0
2855 0 1 0 15 61 0 0 0
2856 0 1 0 13 58 0 0 0
2857 0 1 0 12 53 0 0 0
2858 0 1 0 11 42 0 0 0
2859 0 1 0 34 93 0 0 0
2860 0 1 0 33 127 0 0 0
2861 0 1 0 30 137 0 0 0
2862 0 1 0 25 139 0 0 0
2863 0 1 0 28 135 0 0 0
2864 0 1 0 24 134 0 0 0
2865 0 1 0 20 133 0 0 0
2866 0 1 0 15 122 0 0 0
2867 0 1 0 10 103 0 0 0
2868 0 1 0 8 94 0 0 0
2869 0 1 0 7 87 0 0 0
2870 0 1 0 30 126 0 0 0
2871 0 1 0 28 137 0 0 0
2872 0 1 0 21 138 0 0 0
2873 0 1 0 18 144 0 0 0
2874 0 1 0 13 144 0 0 0
2875 0 1 0 12 123 0 0 0
2876 0 1 0 7 87 0 0 0
2877 0 1 0 7 72 0 0 0
2878 0 1 0 22 109 0 0 0
2879 0 1 0 14 108 0 0 0
2880 0 1 0 7 82 0 0 0
2881 0 1 0 7 52 0 0 0
2882 0 1 0 20 156 0 0 0
2883 0 1 0 19 180 0 0 0
2884 0 1 0 11 151 0 0 0
2885 0 1 0 9 122 0 0 0
2886 0 1 1 7 104 0.142857 0.0370625 0.018018
2887 0 1 0 2 88 0 0 0
2888 0 1 0 3 70 0 0 0
2889 0 1 0 2 66 0 0 0
2890 0 1 0 1 49 0 0 0
2891 0 1 0 20 110 0 0 0
2892 0 1 0 15 136 0 0 0
2893 0 1 0 12 151 0 0 0
2894 0 1 0 9 151 0 0 0
2895 0 1 0 8 138 0 0 0
2896 0 1 0 6 115 0 0 0
2897 0 1 0 2 84 0 0 0
2898 0 1 0 4 63 0 0 0
2899 0 1 0 1 58 0 0 0
2900 0 1 0 3 40 0 0 0
2901 0 1 0 12 84 0 0 0
2902 0 1 0 7 113 0 0 0
2903 0 1 0 9 104 0 0 0
2904 0 1 0 6 96 0 0 0
2905 0 1 0 6 75 0 0 0
2906 0 1 0 6 55 0 0 0
2907 0 1 0 2 52 0 0 0
2908 0 1 0 2 33 0 0 0
2909 0 1 0 9 107 0 0 0
2910 0 1 0 13 109 0 0 0
2911 0 1 0 9 90 0 0 0
2912 0 1 0 7 79 0 0 0
2913 0 1 0 6 69 0 0 0
2914 0 1 0 5 57 0 0 0
2915 0 1 0 1 45 0 0 0
2916 0 1 0 1 32 0 0 0
2917 0 1 0 11 71 0 0 0
2918 0 1 0 11 79 0 0 0
2919 0 1 0 11 74 0 0 0
2920 0 1 0 9 77 0 0 0
2921 0 1 0 5 67 0 0 0
2922 0 1 0 6 55 0 0 0
2923 0 1 0 3 48 0 0 0
2924 0 1 0 1 43 0 0 0
2925 0 1 0 1 35 0 0 0
2926 0 1 0 1 27 0 0 0
2927 0 1 0 13 78 0 0 0
2928 0 1 0 12 86 0 0 0
2929 0 1 0 10 78 0 0 0
2930 0 1 0 9 72 0 0 0
2931 0 1 0 8 54 0 0 0
2932 0 1 0 8 47 0 0 0
2933 0 1 0 8 44 0 0 0
2934 0 1 0 7 34 0 0 0
2935 0 1 0 21 92 0 0 0
2936 0 1 0 19 107 0 0 0
2937 0 1 0 18 102 0 0 0
2938 0 1 0 13 88 0 0 0
2939 0 1 0 11 80 0 0 0
2940 0 1 0 7 66 0 0 0
2941 0 1 0 6 57 0 0 0
2942 0 1 0 3 39 0 0 0
2943 0 1 0 3 24 0 0 0
2944 0 1 0 13 56 0 0 0
2945 0 1 0 62 242 0 0 0
2946 0 1 0 29 157 0 0 0
2947 0 1 0 15 82 0 0 0
2948 0 1 0 9 50 0 0 0
2949 0 1 0 43 106 0 0 0
2950 0 1 0 22 104 0 0 0
2951 0 1 0 12 88 0 0 0
2952 0 1 0 12 71 0 0 0
2953 0 1 0 11 58 0 0 0
2954 0 1 0 28 91 0 0 0
2955 0 1 0 22 99 0 0 0
2956 0 1 0 13 81 0 0 0
2957 0 1 0 6 63 0 0 0
2958 0 1 0 30 131 0 0 0
2959 0 1 0 12 111 0 0 0
2960 0 1 0 6 88 0 0 0
2961 0 1 0 4 73 0 0 0
2962 0 1 0 1 57 0 0 0
2963 0 1 0 27 151 0 0 0
2964 0 1 0 26 158 0 0 0
2965 0 1 0 19 144 0 0 0
2966 0 1 0 16 114 0 0 0
2967 0 1 0 19 103 0 0 0
2968 0 1 0 14 90 0 0 0
2969 0 1 0 11 80 0 0 0
2970 0 1 0 10 68 0 0 0
2971 0 1 0 9 63 0 0 0
2972 0 1 0 33 124 0 0 0
2973 0 1 0 26 132 0 0 0
2974 0 1 0 25 126 0 0 0
2975 0 1 0 25 107 0 0 0
2976 0 1 0 22 101 0 0 0
2977 0 1 0 16 102 0 0 0
2978 0 1 0 18 99 0 0 0
2979 0 1 0 18 86 0 0 0
2980 0 1 0 15 88 0 0 0
2981 0 1 0 11 76 0 0 0
2982 0 1 0 13 77 0 0 0
2983 0 1 0 10 73 0 0 0
2984 0 1 0 25 148 0 0 0
2985 0 1 0 19 130 0 0 0
2986 0 1 0 11 77 0 0 0
2987 0 1 0 5 52 0 0 0
2988 0 1 0 55 188 0 0 0
2989 0 1 0 43 188 0 0 0
2990 0 1 0 32 187 0 0 0
2991 0 1 0 30 158 0 0 0
2992 0 1 0 24 135 0 0 0
2993 0 1 0 22 100 0 0 0
2994 0 1 0 18 101 0 0 0
2995 0 1 0 34 154 0 0 0
2996 0 1 0 56 211 0 0 0
2997 0 1 1 37 182 0.027027 0.0121861 0.00913242
2998 0 1 0 25 143 0 0 0
2999 0 1 0 109 311 0 0 0
3000 0 1 0 72 302 0 0 0
3001 0 1 0 61 241 0 0 0
3002 0 1 0 41 195 0 0 0
3003 0 1 0 24 138 0 0 0
3004 0 1 0 81 351 0 0 0
3005 0 1 0 76 352 0 0 0
3006 0 1 0 61 293 0 0 0
3007 0 1 0 52 250 0 0 0
3008 0 1 0 40 216 0 0 0
3009 0 1 0 36 197 0 0 0
3010 0 1 0 27 176 0 0 0
3011 0 1 0 22 163 0 0 0
3012 0 1 0 31 247 0 0 0
3013 0 1 0 26 237 0 0 0
3014 0 1 0 26 195 0 0 0
3015 0 1 0 21 160 0 0 0
3016 0 1 0 18 136 0 0 0
3017 0 1 0 45 265 0 0 0
3018 0 1 0 38 249 0 0 0
3019 0 1 0 32 197 0 0 0
3020 0 1 0 33 163 0 0 0
3021 0 1 0 25 137 0 0 0
3022 0 1 0 45 196 0 0 0
3023 0 1 0 43 196 0 0 0
3024 0 1 0 38 180 0 0 0
3025 0 1 0 33 163 0 0 0
3026 0 1 0 28 145 0 0 0
3027 0 1 0 20 138 0 0 0
3028 0 1 0 32 216 0 0 0
3029 0 1 0 32 207 0 0 0
3030 0 1 0 26 204 0 0 0
3031 0 1 0 18 176 0 0 0
3032 0 1 0 15 154 0 0 0
3033 0 1 0 12 138 0 0 0
3034 0 1 0 21 190 0 0 0
3035 0 1 0 20 179 0 0 0
3036 0 1 0 21 158 0 0 0
3037 0 1 0 12 141 0 0 0
3038 0 1 0 12 115 0 0 0
3039 0 1 0 32 181 0 0 0
3040 0 1 0 25 171 0 0 0
3041 0 1 0 19 156 0 0 0
3042 0 1 0 13 112 0 0 0
3043 0 1 0 39 213 0 0 0
3044 0 1 0 27 183 0 0 0
3045 0 1 0 20 142 0 0 0
3046 0 1 0 14 116 0 0 0
3047 0 1 0 27 219 0 0 0
3048 0 1 0 16 197 0 0 0
3049 0 1 0 10 150 0 0 0
3050 0 1 0 4 125 0 0 0
3051 0 1 0 16 211 0 0 0
3052 0 1 0 15 188 0 0 0
3053 0 1 0 11 158 0 0 0
3054 0 1 0 8 130 0 0 0
3055 0 1 0 8 114 0 0 0
3056 0 1 0 29 205 0 0 0
3057 0 1 0 25 216 0 0 0
3058 0 1 0 20 186 0 0 0
3059 0 1 0 14 156 0 0 0
3060 0 1 0 11 120 0 0 0
3061 0 1 0 5 96 0 0 0
3062 0 1 0 22 177 0 0 0
3063 0 1 0 23 176 0 0 0
3064 0 1 0 13 171 0 0 0
3065 0 1 0 14 150 0 0 0
3066 0 1 0 14 127 0 0 0
3067 0 1 0 13 104 0 0 0
3068 0 1 0 33 210 0 0 0
3069 0 1 0 26 203 0 0 0
3070 0 1 0 21 178 0 0 0
3071 0 1 0 16 154 0 0 0
3072 0 1 0 14 129 0 0 0
3073 0 1 0 15 110 0 0 0
3074 0 1 0 9 101 0 0 0
3075 0 1 0 39 189 0 0 0
3076 0 1 0 29 167 0 0 0
3077 0 1 0 26 154 0 0 0
3078 0 1 0 17 134 0 0 0
3079 0 1 0 18 123 0 0 0
3080 0 1 0 14 114 0 0 0
3081 0 1 0 11 92 0 0 0
3082 0 1 1 41 171 0.0243902 0.0119429 0.00943396
3083 0 1 0 38 163 0 0 0
3084 0 1 0 31 142 0 0 0
3085 0 1 0 20 119 0 0 0
3086 0 1 0 20 107 0 0 0
3087 0 1 0 12 89 0 0 0
3088 0 1 0 53 219 0 0 0
3089 0 1 0 42 219 0 0 0
3090 0 1 0 37 197 0 0 0
3091 0 1 0 30 157 0 0 0
3092 0 1 0 28 145 0 0 0
3093 0 1 0 22 126 0 0 0
3094 0 1 0 15 118 0 0 0
3095 0 1 0 13 95 0 0 0
3096 0 1 0 43 194 0 0 0
3097 0 1 0 39 209 0 0 0
3098 0 1 0 37 211 0 0 0
3099 0 1 0 29 179 0 0 0
3100 0 1 0 22 165 0 0 0
3101 0 1 0 19 140 0 0 0
3102 0 1 0 13 143 0 0 0
3103 0 1 0 11 130 0 0 0
3104 0 1 0 11 109 0 0 0
3105 0 1 0 9 88 0 0 0
3106 0 1 0 36 168 0 0 0
3107 0 1 0 27 136 0 0 0
3108 0 1 0 17 91 0 0 0
3109 0 1 0 9 59 0 0 0
3110 0 1 0 84 164 0 0 0
3111 0 1 0 70 189 0 0 0
3112 0 1 0 57 164 0 0 0
3113 0 1 0 38 133 0 0 0
3114 0 1 0 22 104 0 0 0
3115 0 1 0 14 81 0 0 0
3116 0 1 0 33 131 0 0 0
3117 0 1 0 55 264 0 0 0
3118 0 1 0 29 209 0 0 0
3119 0 1 0 14 155 0 0 0
3120 0 1 0 47 278 0 0 0
3121 0 1 0 27 239 0 0 0
3122 0 1 1 18 187 0.0555556 0.0172363 0.0097561
3123 0 1 0 11 136 0 0 0
3124 0 1 0 28 237 0 0 0
3125 0 1 0 26 210 0 0 0
3126 0 1 0 20 199 0 0 0
3127 0 1 0 18 170 0 0 0
3128 0 1 0 14 156 0 0 0
3129 0 1 0 13 131 0 0 0
3130 0 1 0 63 309 0 0 0
3131 0 1 0 55 326 0 0 0
3132 0 1 0 46 340 0 0 0
3133 0 1 0 34 308 0 0 0
3134 0 1 0 33 249 0 0 0
3135 0 1 0 23 216 0 0 0
3136 0 1 0 20 172 0 0 0
3137 0 1 0 13 146 0 0 0
3138 0 1 0 37 255 0 0 0
3139 0 1 0 33 252 0 0 0
3140 0 1 0 19 225 0 0 0
3141 0 1 0 19 181 0 0 0
3142 0 1 0 10 157 0 0 0
3143 0 1 0 26 219 0 0 0
3144 0 1 0 17 195 0 0 0
3145 0 1 0 13 151 0 0 0
3146 0 1 0 44 266 0 0 0
3147 0 1 0 30 219 0 0 0
3148 0 1 0 23 175 0 0 0
3149 0 1 0 12 129 0 0 0
3150 0 1 0 27 201 0 0 0
3151 0 1 0 19 178 0 0 0
3152 0 1 0 14 153 0 0 0
3153 0 1 0 9 138 0 0 0
3154 0 1 0 9 104 0 0 0
3155 0 1 0 15 200 0 0 0
3156 0 1 0 9 187 0 0 0
3157 0 1 0 8 164 0 0 0
3158 0 1 0 7 132 0 0 0
3159 0 1 0 7 97 0 0 0
3160 0 1 0 27 228 0 0 0
3161 0 1 0 23 211 0 0 0
3162 0 1 0 21 193 0 0 0
3163 0 1 0 16 143 0 0 0
3164 0 1 0 16 104 0 0 0
3165 0 1 0 12 76 0 0 0
3166 0 1 0 25 150 0 0 0
3167 0 1 0 20 150 0 0 0
3168 0 1 0 16 130 0 0 0
3169 0 1 0 16 112 0 0 0
3170 0 1 0 16 94 0 0 0
3171 0 1 0 16 87 0 0 0
3172 0 1 0 15 66 0 0 0
3173 0 1 1 34 139 0.0294118 0.0145463 0.0115607
3174 0 1 1 36 154 0.0277778 0.0134304 0.0105263
3175 0 1 1 32 134 0.03125 0.0152712 0.0120482
3176 0 1 0 31 148 0 0 0
3177 0 1 0 27 117 0 0 0
3178 0 1 0 27 104 0 0 0
3179 0 1 0 23 88 0 0 0
3180 0 1 0 23 79 0 0 0
3181 0 1 0 41 132 0 0 0
3182 0 1 0 38 142 0 0 0
3183 0 1 0 37 133 0 0 0
3184 0 1 0 31 129 0 0 0
3185 0 1 0 29 114 0 0 0
3186 0 1 0 23 87 0 0 0
3187 0 1 0 41 161 0 0 0
3188 0 1 0 35 179 0 0 0
3189 0 1 0 30 181 0 0 0
3190 0 1 0 27 150 0 0 0
3191 0 1 0 22 129 0 0 0
3192 0 1 0 23 116 0 0 0
3193 0 1 0 19 97 0 0 0
3194 0 1 0 43 157 0 0 0
3195 0 1 0 37 163 0 0 0
3196 0 1 0 31 163 0 0 0
3197 0 1 0 24 151 0 0 0
3198 0 1 0 22 125 0 0 0
3199 0 1 0 20 111 0 0 0
3200 0 1 0 18 97 0 0 0
3201 0 1 0 31 183 0 0 0
3202 0 1 0 26 178 0 0 0
3203 0 1 0 26 179 0 0 0
3204 0 1 0 22 151 0 0 0
3205 0 1 0 20 131 0 0 0
3206 0 1 0 20 112 0 0 0
3207 0 1 0 17 109 0 0 0
3208 0 1 0 16 84 0 0 0
3209 0 1 0 29 158 0 0 0
3210 0 1 0 27 159 0 0 0
3211 0 1 0 22 147 0 0 0
3212 0 1 0 24 143 0 0 0
3213 0 1 0 22 120 0 0 0
3214 0 1 0 15 86 0 0 0
3215 0 1 0 21 203 0 0 0
3216 0 1 0 20 173 0 0 0
3217 0 1 0 14 141 0 0 0
3218 0 1 0 12 126 0 0 0
3219 0 1 0 9 109 0 0 0
3220 0 1 0 10 94 0 0 0
3221 0 1 0 20 157 0 0 0
3222 0 1 0 21 142 0 0 0
3223 0 1 0 13 121 0 0 0
3224 0 1 0 8 88 0 0 0
3225 0 1 0 24 163 0 0 0
3226 0 1 0 24 145 0 0 0
3227 0 1 0 22 144 0 0 0
3228 0 1 0 21 113 0 0 0
3229 0 1 0 20 104 0 0 0
3230 0 1 0 14 88 0 0 0
3231 0 1 0 12 78 0 0 0
3232 0 1 0 28 150 0 0 0
3233 0 1 0 20 156 0 0 0
3234 0 1 0 11 120 0 0 0
3235 0 1 0 12 97 0 0 0
3236 0 1 0 5 73 0 0 0
3237 0 1 0 16 147 0 0 0
3238 0 1 0 15 141 0 0 0
3239 0 1 0 12 127 0 0 0
3240 0 1 0 8 120 0 0 0
3241 0 1 0 8 94 0 0 0
3242 0 1 0 5 70 0 0 0
3243 0 1 0 11 106 0 0 0
3244 0 1 0 9 110 0 0 0
3245 0 1 0 9 101 0 0 0
3246 0 1 0 7 96 0 0 0
3247 0 1 0 8 95 0 0 0
3248 0 1 0 5 89 0 0 0
3249 0 1 0 3 79 0 0 0
3250 0 1 0 2 59 0 0 0
3251 0 1 0 26 121 0 0 0
3252 0 1 0 22 106 0 0 0
3253 0 1 0 23 107 0 0 0
3254 0 1 0 20 104 0 0 0
3255 0 1 0 20 95 0 0 0
3256 0 1 0 14 88 0 0 0
3257 0 1 0 13 81 0 0 0
3258 0 1 1 11 71 0.0909091 0.0357828 0.0243902
3259 0 1 1 10 65 0.1 0.0392232 0.0266667
3260 0 1 1 11 60 0.0909091 0.0389249 0.028169
3261 0 1 1 8 53 0.125 0.0485643 0.0327869
3262 0 1 1 9 43 0.111111 0.0508329 0.0384615
3263 0 1 1 33 122 0.030303 0.0157603 0.0129032
3264 0 1 0 27 148 0 0 0
3265 0 1 0 25 154 0 0 0
3266 0 1 0 24 150 0 0 0
3267 0 1 0 22 140 0 0 0
3268 0 1 0 15 125 0 0 0
3269 0 1 0 14 109 0 0 0
3270 0 1 0 13 101 0 0 0
3271 0 1 0 13 83 0 0 0
3272 0 1 0 9 76 0 0 0
3273 0 1 0 11 65 0 0 0
3274 0 1 0 11 61 0 0 0
3275 0 1 0 9 55 0 0 0
3276 0 1 0 8 57 0 0 0
3277 0 1 0 8 52 0 0 0
3278 0 1 0 8 42 0 0 0
3279 0 1 0 23 90 0 0 0
3280 0 1 0 15 96 0 0 0
3281 0 1 0 6 81 0 0 0
3282 0 1 0 3 71 0 0 0
3283 0 1 0 2 61 0 0 0
3284 0 1 0 2 50 0 0 0
3285 0 1 0 3 38 0 0 0
3286 0 1 0 26 139 0 0 0
3287 0 1 0 23 144 0 0 0
3288 0 1 0 15 119 0 0 0
3289 0 1 0 8 100 0 0 0
3290 0 1 0 7 86 0 0 0
3291 0 1 0 6 66 0 0 0
3292 0 1 0 25 172 0 0 0
3293 0 1 0 23 163 0 0 0
3294 0 1 0 17 137 0 0 0
3295 0 1 0 16 107 0 0 0
3296 0 1 0 12 95 0 0 0
3297 0 1 0 12 77 0 0 0
3298 0 1 0 8 72 0 0 0
3299 0 1 0 7 62 0 0 0
3300 0 1 0 10 122 0 0 0
3301 0 1 0 7 139 0 0 0
3302 0 1 0 7 115 0 0 0
3303 0 1 0 3 95 0 0 0
3304 0 1 0 3 78 0 0 0
3305 0 1 0 1 62 0 0 0
3306 0 1 0 30 205 0 0 0
3307 0 1 0 25 192 0 0 0
3308 0 1 0 25 155 0 0 0
3309 0 1 0 20 117 0 0 0
3310 0 1 0 14 83 0 0 0
3311 0 1 0 11 58 0 0 0
3312 0 1 0 29 100 0 0 0
3313 0 1 0 20 107 0 0 0
3314 0 1 0 18 97 0 0 0
3315 0 1 0 13 74 0 0 0
3316 0 1 0 11 61 0 0 0
3317 0 1 0 42 197 0 0 0
3318 0 1 0 31 208 0 0 0
3319 0 1 0 33 195 0 0 0
3320 0 1 0 28 187 0 0 0
3321 0 1 0 22 184 0 0 0
3322 0 1 0 47 339 0 0 0
3323 0 1 0 39 351 0 0 0
3324 0 1 0 32 310 0 0 0
3325 0 1 0 28 279 0 0 0
3326 0 1 0 27 230 0 0 0
3327 0 1 0 23 223 0 0 0
3328 0 1 0 23 211 0 0 0
3329 0 1 0 22 219 0 0 0
3330 0 1 0 18 205 0 0 0
3331 0 1 0 20 192 0 0 0
3332 0 1 0 45 317 0 0 0
3333 0 1 0 38 303 0 0 0
3334 0 1 0 34 266 0 0 0
3335 0 1 0 26 246 0 0 0
3336 0 1 0 26 231 0 0 0
3337 0 1 0 31 217 0 0 0
3338 0 1 0 27 214 0 0 0
3339 0 1 0 25 217 0 0 0
3340 0 1 0 25 209 0 0 0
3341 0 1 0 25 196 0 0 0
3342 0 1 0 22 194 0 0 0
3343 0 1 0 21 177 0 0 0
3344 0 1 0 19 175 0 0 0
3345 0 1 0 18 171 0 0 0
3346 0 1 0 23 171 0 0 0
3347 0 1 0 23 172 0 0 0
3348 0 1 0 24 170 0 0 0
3349 0 1 0 22 153 0 0 0
3350 0 1 0 21 154 0 0 0
3351 0 1 0 20 156 0 0 0
3352 0 1 0 19 151 0 0 0
3353 0 1 0 19 151 0 0 0
3354 0 1 0 24 149 0 0 0
3355 0 1 0 22 150 0 0 0
3356 0 1 0 18 148 0 0 0
3357 0 1 0 17 137 0 0 0
3358 0 1 0 16 143 0 0 0
3359 0 1 0 17 146 0 0 0
3360 0 1 0 18 144 0 0 0
3361 0 1 0 18 140 0 0 0
3362 0 1 0 18 141 0 0 0
3363 0 1 0 16 142 0 0 0
3364 0 1 0 16 139 0 0 0
3365 0 1 0 245 518 0 0 0
3366 0 1 0 241 623 0 0 0
3367 0 1 0 225 642 0 0 0
3368 0 1 0 201 618 0 0 0
3369 0 1 4 188 582 0.0212766 0.0120926 0.0103896
3370 0 1 5 161 560 0.0310559 0.0166519 0.0138696
3371 0 1 8 146 499 0.0547945 0.029639 0.0248062
3372 0 1 5 120 453 0.0416667 0.0214452 0.017452
3373 0 1 7 105 414 0.0666667 0.033574 0.026975
3374 0 1 1 98 378 0.0102041 0.00519566 0.00420168
3375 0 1 1 90 364 0.0111111 0.00552495 0.00440529
3376 0 1 1 76 348 0.0131579 0.00614899 0.00471698
3377 0 1 3 74 332 0.0405405 0.0191398 0.0147783
3378 0 1 3 67 324 0.0447761 0.0203616 0.0153453
3379 0 1 1 55 295 0.0181818 0.00785069 0.00571429
3380 0 1 1 47 269 0.0212766 0.00889355 0.00632911
3381 0 1 0 35 236 0 0 0
3382 0 1 1 36 210 0.0277778 0.0115011 0.00813008
3383 0 1 1 32 199 0.03125 0.0125314 0.00865801
3384 0 1 1 29 188 0.0344828 0.0135432 0.00921659
3385 0 1 0 29 200 0 0 0
3386 0 1 1 27 199 0.037037 0.0136424 0.00884956
3387 0 1 1 27 210 0.037037 0.0132803 0.00843882
3388 0 1 0 27 212 0 0 0
3389 0 1 1 25 200 0.04 0.0141421 0.00888889
3390 0 1 0 26 198 0 0 0
3391 0 1 0 21 191 0 0 0
3392 0 1 0 20 186 0 0 0
3393 0 1 0 16 182 0 0 0
3394 0 1 0 20 172 0 0 0
3395 0 1 0 17 170 0 0 0
3396 0 1 0 17 165 0 0 0
3397 0 1 0 13 157 0 0 0
3398 0 1 0 12 157 0 0 0
3399 0 1 1 12 150 0.0833333 0.0235702 0.0123457
3400 0 1 0 11 146 0 0 0
3401 0 1 1 11 148 0.0909091 0.0247841 0.0125786
3402 0 1 0 14 152 0 0 0
3403 0 1 0 14 159 0 0 0
3404 0 1 1 15 155 0.0666667 0.020739 0.0117647
3405 0 1 0 15 160 0 0 0
3406 0 1 1 14 152 0.0714286 0.0216777 0.0120482
3407 0 1 2 14 150 0.142857 0.0436436 0.0243902
3408 0 1 1 12 154 0.0833333 0.0232621 0.0120482
3409 0 1 2 11 154 0.181818 0.048593 0.0242424
3410 0 1 2 12 160 0.166667 0.0456435 0.0232558
3411 0 1 1 11 160 0.0909091 0.0238366 0.0116959
3412 0 1 2 10 163 0.2 0.0495377 0.0231214
3413 0 1 2 10 163 0.2 0.0495377 0.0231214
3414 0 1 1 9 159 0.111111 0.0264351 0.0119048
3415 0 1 3 9 159 0.333333 0.0793052 0.0357143
3416 0 1 2 10 154 0.2 0.0509647 0.0243902
3417 0 1 0 9 155 0 0 0
3418 0 1 2 8 152 0.25 0.0573539 0.025
3419 0 1 3 9 150 0.333333 0.0816497 0.0377358
3420 0 1 2 10 135 0.2 0.0544331 0.0275862
3421 0 1 3 10 118 0.3 0.0873334 0.046875
3422 0 1 2 83 370 0.0240964 0.0114127 0.00883002
3423 0 1 3 69 389 0.0434783 0.0183114 0.0131004
3424 0 1 3 63 350 0.047619 0.0202031 0.0145278
3425 0 1 3 51 317 0.0588235 0.0235943 0.0163043
3426 0 1 3 47 257 0.0638298 0.0272964 0.0197368
3427 0 1 2 25 189 0.08 0.0290957 0.0186916
3428 0 1 0 12 149 0 0 0
3429 0 1 0 7 92 0 0 0
3430 0 1 0 57 117 0 0 0
3431 0 1 0 84 143 0 0 0
3432 0 1 0 58 120 0 0 0
3433 0 1 0 114 246 0 0 0
3434 0 1 0 78 216 0 0 0
3435 0 1 0 62 175 0 0 0
3436 0 1 0 107 288 0 0 0
3437 0 1 0 64 224 0 0 0
3438 0 1 0 42 166 0 0 0
3439 0 1 0 65 251 0 0 0
3440 0 1 0 33 201 0 0 0
3441 0 1 0 21 153 0 0 0
3442 0 1 0 67 311 0 0 0
3443 0 1 0 50 284 0 0 0
3444 0 1 0 47 263 0 0 0
3445 0 1 0 38 244 0 0 0
3446 0 1 0 35 213 0 0 0
3447 0 1 0 37 209 0 0 0
3448 0 1 0 28 188 0 0 0
3449 0 1 0 23 170 0 0 0
3450 0 1 0 72 350 0 0 0
3451 0 1 0 52 335 0 0 0
3452 0 1 0 45 323 0 0 0
3453 0 1 0 37 277 0 0 0
3454 0 1 0 37 229 0 0 0
3455 0 1 0 32 204 0 0 0
3456 0 1 0 29 170 0 0 0
3457 0 1 0 90 324 0 0 0
3458 0 1 0 74 301 0 0 0
3459 0 1 0 55 268 0 0 0
3460 0 1 0 47 246 0 0 0
3461 0 1 0 37 215 0 0 0
3462 0 1 0 25 171 0 0 0
3463 0 1 1 51 232 0.0196078 0.00919329 0.00706714
3464 0 1 1 61 302 0.0163934 0.00736769 0.00550964
3465 0 1 0 135 588 0 0 0
3466 0 1 1 115 602 0.00869565 0.00380061 0.0027894
3467 0 1 1 99 529 0.010101 0.00436973 0.00318471
3468 0 1 0 81 454 0 0 0
3469 0 1 1 71 412 0.0140845 0.00584685 0.00414079
3470 0 1 1 55 387 0.0181818 0.0068543 0.00452489
3471 0 1 2 135 606 0.0148148 0.00699241 0.00539811
3472 0 1 0 114 584 0 0 0
3473 0 1 3 80 475 0.0375 0.0153897 0.0108108
3474 0 1 1 67 392 0.0149254 0.00617049 0.0043573
3475 0 1 1 101 553 0.00990099 0.00423133 0.0030581
3476 0 1 0 82 510 0 0 0
3477 0 1 0 73 426 0 0 0
3478 0 1 0 65 385 0 0 0
3479 0 1 0 83 443 0 0 0
3480 0 1 0 60 408 0 0 0
3481 0 1 0 67 389 0 0 0
3482 0 1 0 56 349 0 0 0
3483 0 1 0 84 447 0 0 0
3484 0 1 0 77 423 0 0 0
3485 0 1 0 71 382 0 0 0
3486 0 1 1 63 384 0.015873 0.00642931 0.00447427
3487 0 1 0 51 376 0 0 0
3488 0 1 2 47 347 0.0425532 0.0156609 0.0101523
3489 0 1 0 92 540 0 0 0
3490 0 1 0 70 476 0 0 0
3491 0 1 0 57 444 0 0 0
3492 0 1 0 55 420 0 0 0
3493 0 1 0 51 401 0 0 0
3494 0 1 0 52 378 0 0 0
3495 0 1 0 45 346 0 0 0
3496 0 1 0 100 520 0 0 0
3497 0 1 0 87 502 0 0 0
3498 0 1 0 77 475 0 0 0
3499 0 1 0 74 439 0 0 0
3500 0 1 0 63 430 0 0 0
3501 0 1 0 55 414 0 0 0
3502 0 1 0 51 366 0 0 0
3503 0 1 0 46 354 0 0 0
3504 0 1 0 41 330 0 0 0
3505 0 1 0 132 565 0 0 0
3506 0 1 0 117 548 0 0 0
3507 0 1 0 106 517 0 0 0
3508 0 1 0 95 467 0 0 0
3509 0 1 1 89 453 0.011236 0.0049803 0.00369004
3510 0 1 3 83 448 0.0361446 0.0155576 0.0112994
3511 0 1 5 95 439 0.0526316 0.0244836 0.0187266
3512 0 1 5 89 458 0.0561798 0.0247652 0.0182815
3513 0 1 6 87 446 0.0689655 0.0304596 0.0225141
3514 0 1 5 81 428 0.0617284 0.0268538 0.0196464
3515 0 1 6 74 413 0.0810811 0.034321 0.0246407
3516 0 1 10 68 407 0.147059 0.0601102 0.0421053
3517 0 1 6 66 398 0.0909091 0.0370201 0.0258621
3518 0 1 5 59 369 0.0847458 0.0338868 0.0233645
3519 0 1 7 61 360 0.114754 0.047237 0.0332542
3520 0 1 3 62 362 0.0483871 0.0200249 0.0141509
3521 0 1 1 59 360 0.0169492 0.00686156 0.00477327
3522 0 1 1 59 345 0.0169492 0.00700914 0.00495049
3523 0 1 3 57 344 0.0526316 0.0214242 0.0149626
3524 0 1 0 58 337 0 0 0
3525 0 1 1 58 328 0.0172414 0.00725018 0.00518135
3526 0 1 2 57 316 0.0350877 0.0149022 0.0107239
3527 0 1 2 56 313 0.0357143 0.0151065 0.0108401
3528 0 1 1 52 312 0.0192308 0.00785093 0.00549451
3529 0 1 4 55 308 0.0727273 0.0307329 0.0220386
3530 0 1 4 46 293 0.0869565 0.0344546 0.0235988
3531 0 1 4 53 299 0.0754717 0.0317751 0.0227273
3532 0 1 4 48 295 0.0833333 0.0336146 0.0233236
3533 0 1 2 54 286 0.037037 0.0160935 0.0117647
3534 0 1 2 50 304 0.04 0.0162221 0.0112994
3535 0 1 2 49 301 0.0408163 0.0164683 0.0114286
3536 0 1 2 46 307 0.0434783 0.0168299 0.0113314
3537 0 1 2 48 302 0.0416667 0.0166114 0.0114286
3538 0 1 2 46 301 0.0434783 0.0169968 0.0115274
3539 0 1 2 45 301 0.0444444 0.0171846 0.0115607
3540 0 1 2 43 287 0.0465116 0.0180034 0.0121212
3541 0 1 1 46 287 0.0217391 0.00870322 0.00600601
3542 0 1 2 41 265 0.0487805 0.0191874 0.0130719
3543 0 1 2 170 605 0.0117647 0.00623631 0.00516129
3544 0 1 0 155 597 0 0 0
3545 0 1 0 151 570 0 0 0
3546 0 1 1 140 528 0.00714286 0.00367806 0.00299401
3547 0 1 2 150 506 0.0133333 0.00725954 0.00609756
3548 0 1 1 141 475 0.0070922 0.00386406 0.00324675
3549 0 1 1 131 485 0.00763359 0.00396729 0.00324675
3550 0 1 1 128 449 0.0078125 0.0041713 0.0034662
3551 0 1 0 122 411 0 0 0
3552 0 1 0 122 390 0 0 0
3553 0 1 1 101 391 0.00990099 0.00503212 0.00406504
3554 0 1 0 95 362 0 0 0
3555 0 1 1 83 352 0.0120482 0.00585045 0.0045977
3556 0 1 2 76 340 0.0263158 0.0124418 0.00961538
3557 0 1 0 71 318 0 0 0
3558 0 1 2 64 341 0.03125 0.0135383 0.00987654
3559 0 1 4 56 346 0.0714286 0.0287361 0.0199005
3560 0 1 4 52 334 0.0769231 0.0303518 0.0207254
3561 0 1 0 46 323 0 0 0
3562 0 1 2 43 325 0.0465116 0.0169182 0.0108696
3563 0 1 2 40 316 0.05 0.0177892 0.011236
3564 0 1 2 34 310 0.0588235 0.0194809 0.0116279
3565 0 1 1 31 312 0.0322581 0.0101681 0.0058309
3566 0 1 2 31 324 0.0645161 0.0199561 0.0112676
3567 0 1 2 28 323 0.0714286 0.0210305 0.011396
3568 0 1 1 31 316 0.0322581 0.0101036 0.00576369
3569 0 1 1 26 326 0.0384615 0.0108619 0.00568182
3570 0 1 2 24 308 0.0833333 0.0232621 0.0120482
3571 0 1 2 21 298 0.0952381 0.025282 0.0125392
3572 0 1 1 23 311 0.0434783 0.0118238 0.00598802
3573 0 1 0 22 320 0 0 0
3574 0 1 0 21 291 0 0 0
3575 0 1 0 14 287 0 0 0
3576 0 1 0 18 280 0 0 0
3577 0 1 0 13 305 0 0 0
3578 0 1 0 13 274 0 0 0
3579 0 1 0 20 252 0 0 0
3580 0 1 0 102 583 0 0 0
3581 0 1 0 81 515 0 0 0
3582 0 1 0 63 424 0 0 0
3583 0 1 0 59 366 0 0 0
3584 0 1 1 42 310 0.0238095 0.00876384 0.00568182
3585 0 1 1 34 271 0.0294118 0.0104178 0.00655738
3586 0 1 1 35 249 0.0285714 0.0107119 0.00704225
3587 0 1 0 27 251 0 0 0
3588 0 1 0 26 240 0 0 0
3589 0 1 0 23 242 0 0 0
3590 0 1 0 22 252 0 0 0
3591 0 1 0 21 254 0 0 0
3592 0 1 0 24 246 0 0 0
3593 0 1 1 26 249 0.0384615 0.0124284 0.00727273
3594 0 1 0 22 259 0 0 0
3595 0 1 0 26 260 0 0 0
3596 0 1 0 28 254 0 0 0
3597 0 1 0 101 540 0 0 0
3598 0 1 2 100 548 0.02 0.00854358 0.00617284
3599 0 1 2 85 464 0.0235294 0.0100707 0.00728597
3600 0 1 3 65 387 0.0461538 0.0189151 0.0132743
3601 0 1 0 50 340 0 0 0
3602 0 1 3 49 318 0.0612245 0.0240331 0.0163488
3603 0 1 4 47 307 0.0851064 0.0332998 0.0225989
3604 0 1 3 40 282 0.075 0.0282466 0.0186335
3605 0 1 3 33 302 0.0909091 0.0300511 0.0179104
3606 0 1 1 28 277 0.0357143 0.0113548 0.00655738
3607 0 1 4 33 291 0.121212 0.0408185 0.0246914
3608 0 1 5 40 297 0.125 0.0458735 0.0296736
3609 0 1 5 41 288 0.121951 0.0460131 0.0303951
3610 0 1 5 37 293 0.135135 0.0480215 0.030303
3611 0 1 5 50 304 0.1 0.0405554 0.0282486
3612 0 1 3 44 283 0.0681818 0.0268845 0.0183486
3613 0 1 4 56 287 0.0714286 0.0315519 0.0233236
3614 0 1 4 59 292 0.0677966 0.0304749 0.022792
3615 0 1 2 55 269 0.0363636 0.0164427 0.0123457
3616 0 1 2 60 277 0.0333333 0.0155137 0.0118694
3617 0 1 4 58 286 0.0689655 0.0310572 0.0232558
3618 0 1 4 53 267 0.0754717 0.0336253 0.025
3619 0 1 2 65 301 0.0307692 0.0142985 0.010929
3620 0 1 0 63 298 0 0 0
3621 0 1 3 59 300 0.0508475 0.0225494 0.0167131
3622 0 1 3 65 315 0.0461538 0.0209657 0.0157895
3623 0 1 0 64 314 0 0 0
3624 0 1 0 57 271 0 0 0
3625 0 1 0 115 435 0 0 0
3626 0 1 0 109 435 0 0 0
3627 0 1 1 105 353 0.00952381 0.00519419 0.00436681
3628 0 1 0 83 305 0 0 0
3629 0 1 0 81 320 0 0 0
3630 0 1 0 73 334 0 0 0
3631 0 1 1 56 327 0.0178571 0.00738979 0.00522193
3632 0 1 0 48 317 0 0 0
3633 0 1 0 57 334 0 0 0
3634 0 1 0 51 332 0 0 0
3635 0 1 0 52 333 0 0 0
3636 0 1 0 43 327 0 0 0
3637 0 1 0 49 310 0 0 0
3638 0 1 0 43 299 0 0 0
3639 0 1 1 38 300 0.0263158 0.00936586 0.00591716
3640 0 1 1 50 298 0.02 0.00819232 0.00574713
3641 0 1 1 57 318 0.0175439 0.00742761 0.00533333
3642 0 1 1 60 313 0.0166667 0.00729713 0.00536193
3643 0 1 1 54 298 0.0185185 0.00788306 0.00568182
3644 0 1 0 56 294 0 0 0
3645 0 1 0 140 580 0 0 0
3646 0 1 0 124 580 0 0 0
3647 0 1 1 133 538 0.0075188 0.00373838 0.00298063
3648 0 1 1 142 507 0.00704225 0.00372694 0.00308166
3649 0 1 0 135 462 0 0 0
3650 0 1 5 138 436 0.0362319 0.0203839 0.0174216
3651 0 1 5 128 425 0.0390625 0.0214373 0.0180832
3652 0 1 7 123 410 0.0569106 0.0311712 0.0262664
3653 0 1 7 120 390 0.0583333 0.0323575 0.027451
3654 0 1 10 112 386 0.0892857 0.0480947 0.0401606
3655 0 1 5 100 357 0.05 0.0264628 0.0218818
3656 0 1 7 108 369 0.0648148 0.0350649 0.0293501
3657 0 1 2 108 339 0.0185185 0.0104525 0.00894855
3658 0 1 5 256 704 0.0195312 0.0117778 0.0104167
3659 0 1 4 242 674 0.0165289 0.00990427 0.00873362
3660 0 1 4 231 604 0.017316 0.0107087 0.00958084
3661 0 1 5 216 581 0.0231481 0.0141142 0.0125471
3662 0 1 11 207 543 0.0531401 0.0328101 0.0293333
3663 0 1 10 182 505 0.0549451 0.0329852 0.0291121
3664 0 1 10 169 491 0.0591716 0.0347149 0.030303
3665 0 1 8 148 438 0.0540541 0.0314212 0.0273038
3666 0 1 4 138 420 0.0289855 0.0166148 0.0143369
3667 0 1 9 124 387 0.0725806 0.0410843 0.035225
3668 0 1 6 113 350 0.0530973 0.0301702 0.0259179
3669 0 1 7 288 754 0.0243056 0.0150216 0.0134357
3670 0 1 6 260 725 0.0230769 0.0138196 0.0121827
3671 0 1 6 250 659 0.024 0.0147822 0.0132013
3672 0 1 4 225 642 0.0177778 0.0105245 0.00922722
3673 0 1 3 218 584 0.0137615 0.00840788 0.0074813
3674 0 1 4 190 555 0.0210526 0.0123179 0.0107383
3675 0 1 5 160 472 0.03125 0.0181945 0.0158228
3676 0 1 8 157 426 0.0509554 0.030934 0.0274443
3677 0 1 5 146 413 0.0342466 0.0203619 0.0178891
3678 0 1 6 298 684 0.0201342 0.0132897 0.01222
3679 0 1 10 289 682 0.0346021 0.0225247 0.0205973
3680 0 1 4 263 625 0.0152091 0.00986602 0.00900901
3681 0 1 5 246 600 0.0203252 0.0130145 0.0118203
3682 0 1 6 226 579 0.0265487 0.0165866 0.0149068
3683 0 1 8 203 542 0.0394089 0.0241181 0.0214765
3684 0 1 6 181 521 0.0331492 0.0195386 0.017094
3685 0 1 6 154 501 0.038961 0.0216009 0.0183206
3686 0 1 3 127 505 0.023622 0.0118461 0.00949367
3687 0 1 4 260 711 0.0153846 0.00930333 0.00823893
3688 0 1 3 241 722 0.0124481 0.00719191 0.00623053
3689 0 1 3 193 694 0.015544 0.00819715 0.00676437
3690 0 1 2 163 676 0.0122699 0.00602508 0.00476758
3691 0 1 3 152 663 0.0197368 0.00945024 0.00736196
3692 0 1 0 147 618 0 0 0
3693 0 1 0 147 600 0 0 0
3694 0 1 2 131 619 0.0152672 0.00702343 0.00533333
3695 0 1 2 128 608 0.015625 0.00716924 0.00543478
3696 0 1 3 123 601 0.0243902 0.011034 0.00828729
3697 0 1 4 128 600 0.03125 0.0144338 0.010989
3698 0 1 1 108 601 0.00925926 0.0039251 0.00282087
3699 0 1 3 110 592 0.0272727 0.0117561 0.00854701
3700 0 1 6 102 546 0.0588235 0.0254246 0.0185185
3701 0 1 4 98 516 0.0408163 0.0177878 0.0130293
3702 0 1 6 90 502 0.0666667 0.0282279 0.0202703
3703 0 1 7 94 493 0.0744681 0.032517 0.0238501
3704 0 1 9 101 472 0.0891089 0.0412203 0.0314136
3705 0 1 6 120 449 0.05 0.0258486 0.0210896
3706 0 1 6 114 423 0.0526316 0.027323 0.0223464
3707 0 1 7 116 398 0.0603448 0.0325782 0.0272374
3708 0 1 7 110 406 0.0636364 0.0331237 0.0271318
3709 0 1 5 116 404 0.0431034 0.0230967 0.0192308
3710 0 1 7 99 390 0.0707071 0.0356244 0.0286299
3711 0 1 5 94 388 0.0531915 0.0261812 0.0207469
3712 0 1 8 80 389 0.1 0.0453493 0.0341151
3713 0 1 6 80 398 0.075 0.0336252 0.0251046
3714 0 1 2 77 394 0.025974 0.0114825 0.00849257
3715 0 1 2 76 384 0.0263158 0.0117073 0.00869565
3716 0 1 0 77 371 0 0 0
3717 0 1 0 78 358 0 0 0
3718 0 1 1 77 352 0.012987 0.00607412 0.004662
3719 0 1 0 70 339 0 0 0
3720 0 1 0 63 334 0 0 0
3721 0 1 1 55 310 0.0181818 0.0076584 0.00547945
3722 0 1 0 52 289 0 0 0
3723 0 1 3 49 277 0.0612245 0.0257504 0.0184049
3724 0 1 1 47 268 0.0212766 0.00891012 0.00634921
3725 0 1 3 42 239 0.0714286 0.0299432 0.0213523
3726 0 1 2 40 251 0.05 0.0199601 0.0137457
3727 0 1 2 41 246 0.0487805 0.0199146 0.0139373
3728 0 1 2 39 262 0.0512821 0.0197855 0.013289
3729 0 1 2 38 245 0.0526316 0.0207279 0.0141343
3730 0 1 3 38 234 0.0789474 0.0318142 0.0220588
3731 0 1 2 40 236 0.05 0.0205847 0.0144928
3732 0 1 2 33 234 0.0606061 0.0227596 0.0149813
3733 0 1 3 39 234 0.0769231 0.0314037 0.021978
3734 0 1 3 39 244 0.0769231 0.0307535 0.0212014
3735 0 1 1 38 262 0.0263158 0.0100221 0.00666667
3736 0 1 3 39 248 0.0769231 0.0305044 0.0209059
3737 0 1 3 39 231 0.0769231 0.031607 0.0222222
3738 0 1 1 39 241 0.025641 0.0103148 0.00714286
3739 0 1 2 42 253 0.047619 0.0194019 0.0135593
3740 0 1 1 40 264 0.025 0.00973124 0.00657895
3741 0 1 0 39 269 0 0 0
3742 0 1 0 40 270 0 0 0
3743 0 1 0 41 275 0 0 0
3744 0 1 0 38 266 0 0 0
3745 0 1 0 36 280 0 0 0
3746 0 1 0 38 279 0 0 0
3747 0 1 0 39 272 0 0 0
3748 0 1 0 33 272 0 0 0
3749 0 1 0 38 290 0 0 0
3750 0 1 0 31 276 0 0 0
3751 0 1 0 33 282 0 0 0
3752 0 1 0 33 271 0 0 0
3753 0 1 0 34 273 0 0 0
3754 0 1 0 36 267 0 0 0
3755 0 1 0 37 284 0 0 0
3756 0 1 0 38 286 0 0 0
3757 0 1 0 37 287 0 0 0
3758 0 1 0 46 298 0 0 0
3759 0 1 0 39 300 0 0 0
3760 0 1 0 40 299 0 0 0
3761 0 1 0 38 298 0 0 0
3762 0 1 0 38 288 0 0 0
3763 0 1 0 34 286 0 0 0
3764 0 1 0 32 279 0 0 0
3765 0 1 0 30 273 0 0 0
3766 0 1 0 34 278 0 0 0
3767 0 1 0 41 301 0 0 0
3768 0 1 0 34 310 0 0 0
3769 0 1 0 40 300 0 0 0
3770 0 1 2 36 304 0.0555556 0.019118 0.0117647
3771 0 1 2 33 299 0.0606061 0.0201343 0.0120482
3772 0 1 1 38 287 0.0263158 0.00957563 0.00615385
3773 0 1 2 35 301 0.0571429 0.0194856 0.0119048
3774 0 1 2 36 299 0.0555556 0.0192772 0.0119403
3775 0 1 2 37 310 0.0540541 0.0186745 0.0115274
3776 0 1 2 39 294 0.0512821 0.0186777 0.012012
3777 0 1 2 33 281 0.0606061 0.0207692 0.0127389
3778 0 1 2 33 275 0.0606061 0.0209946 0.012987
3779 0 1 1 38 274 0.0263158 0.00980015 0.00641026
3780 0 1 2 32 278 0.0625 0.0212047 0.0129032
3781 0 1 2 32 287 0.0625 0.0208696 0.0125392
3782 0 1 2 37 280 0.0540541 0.0196494 0.0126183
3783 0 1 2 38 290 0.0526316 0.0190519 0.0121951
3784 0 1 2 38 290 0.0526316 0.0190519 0.0121951
3785 0 1 2 36 292 0.0555556 0.0195069 0.0121951
3786 0 1 2 36 274 0.0555556 0.0201374 0.0129032
3787 0 1 2 38 299 0.0526316 0.018763 0.0118694
3788 0 1 2 42 291 0.047619 0.0180908 0.012012
3789 0 1 2 39 297 0.0512821 0.0185832 0.0119048
3790 0 1 2 37 291 0.0540541 0.0192745 0.0121951
3791 0 1 2 38 282 0.0526316 0.0193203 0.0125
3792 0 1 2 39 268 0.0512821 0.0195628 0.0130293
3793 0 1 2 38 275 0.0526316 0.0195646 0.0127796
3794 0 1 2 31 256 0.0645161 0.0224507 0.0139373
3795 0 1 2 32 260 0.0625 0.0219264 0.0136986
3796 0 1 2 31 252 0.0645161 0.0226281 0.0141343
3797 0 1 2 108 563 0.0185185 0.0081108 0.00596125
3798 0 1 2 91 607 0.021978 0.00850971 0.00573066
3799 0 1 2 85 515 0.0235294 0.0095591 0.00666667
3800 0 1 2 70 441 0.0285714 0.0113831 0.00782779
3801 0 1 2 57 382 0.0350877 0.0135538 0.00911162
3802 0 1 1 55 330 0.0181818 0.0074227 0.00519481
3803 0 1 2 50 320 0.04 0.0158114 0.0108108
3804 0 1 2 48 279 0.0416667 0.0172825 0.0122324
3805 0 1 1 42 243 0.0238095 0.00989856 0.00701754
3806 0 1 2 43 254 0.0465116 0.0191372 0.013468
3807 0 1 2 41 245 0.0487805 0.0199552 0.013986
3808 0 1 2 46 231 0.0434783 0.0194019 0.0144404
3809 0 1 2 43 237 0.0465116 0.0198117 0.0142857
3810 0 1 3 48 243 0.0625 0.0277778 0.0206186
3811 0 1 3 50 243 0.06 0.0272166 0.0204778
3812 0 1 3 51 248 0.0588235 0.0266754 0.0200669
3813 0 1 2 45 229 0.0444444 0.0197018 0.0145985
3814 0 1 2 48 221 0.0416667 0.0194184 0.0148699
3815 0 1 2 52 246 0.0384615 0.0176832 0.0134228
3816 0 1 2 50 262 0.04 0.0174741 0.0128205
3817 0 1 3 51 260 0.0588235 0.0260525 0.0192926
3818 0 1 2 45 256 0.0444444 0.0186339 0.013289
3819 0 1 3 44 252 0.0681818 0.0284901 0.0202703
3820 0 1 3 39 225 0.0769231 0.0320256 0.0227273
3821 0 1 2 34 214 0.0588235 0.0234468 0.016129
3822 0 1 2 36 193 0.0555556 0.0239939 0.0174672
3823 0 1 4 37 188 0.108108 0.0479601 0.0355556
3824 0 1 3 38 209 0.0789474 0.0336633 0.0242915
3825 0 1 4 35 206 0.114286 0.0471077 0.033195
3826 0 1 3 32 220 0.09375 0.0357548 0.0238095
3827 0 1 2 32 196 0.0625 0.0252538 0.0175439
3828 0 1 1 29 204 0.0344828 0.0130013 0.00858369
3829 0 1 2 33 206 0.0606061 0.0242571 0.0167364
3830 0 1 2 33 190 0.0606061 0.0252578 0.0179372
3831 0 1 1 34 193 0.0294118 0.0123447 0.00881057
3832 0 1 2 38 185 0.0526316 0.0238535 0.0179372
3833 0 1 2 37 174 0.0540541 0.0249261 0.0189573
3834 0 1 2 34 171 0.0588235 0.0262296 0.0195122
3835 0 1 2 39 172 0.0512821 0.0244193 0.0189573
3836 0 1 2 37 161 0.0540541 0.0259129 0.020202
3837 0 1 3 65 283 0.0461538 0.0221193 0.0172414
3838 0 1 3 61 271 0.0491803 0.0233331 0.0180723
3839 0 1 3 53 258 0.0566038 0.0256551 0.0192926
3840 0 1 2 53 235 0.0377358 0.0179208 0.0138889
3841 0 1 2 50 241 0.04 0.0182195 0.0137457
3842 0 1 2 47 227 0.0425532 0.0193628 0.0145985
3843 0 1 3 50 217 0.06 0.0288009 0.0224719
3844 0 1 2 47 197 0.0425532 0.0207849 0.0163934
3845 0 1 1 50 174 0.02 0.0107211 0.00892857
3846 0 1 4 47 146 0.0851064 0.0482875 0.0414508
3847 0 1 1 122 304 0.00819672 0.00519258 0.00469484
3848 0 1 0 87 272 0 0 0
3849 0 1 0 61 216 0 0 0
3850 0 1 0 43 176 0 0 0
3851 0 1 1 67 278 0.0149254 0.00732724 0.0057971
3852 0 1 1 40 278 0.025 0.00948304 0.00628931
3853 0 1 0 43 262 0 0 0
3854 0 1 0 36 227 0 0 0
3855 0 1 1 34 197 0.0294118 0.0122188 0.00865801
3856 0 1 0 24 177 0 0 0
3857 0 1 0 42 259 0 0 0
3858 0 1 0 38 258 0 0 0
3859 0 1 0 30 215 0 0 0
3860 0 1 0 30 188 0 0 0
3861 0 1 0 22 157 0 0 0
3862 0 1 0 42 255 0 0 0
3863 0 1 0 34 240 0 0 0
3864 0 1 0 29 188 0 0 0
3865 0 1 0 22 134 0 0 0
3866 0 1 0 49 261 0 0 0
3867 0 1 0 40 196 0 0 0
3868 0 1 0 35 169 0 0 0
3869 0 1 0 31 130 0 0 0
3870 0 1 0 54 245 0 0 0
3871 0 1 0 49 213 0 0 0
3872 0 1 0 36 171 0 0 0
3873 0 1 0 29 140 0 0 0
3874 0 1 0 45 228 0 0 0
3875 0 1 3 37 193 0.0810811 0.0355011 0.026087
3876 0 1 2 26 151 0.0769231 0.0319194 0.0225989
3877 0 1 1 24 112 0.0416667 0.0192879 0.0147059
3878 0 1 2 37 179 0.0540541 0.0245755 0.0185185
3879 0 1 0 29 159 0 0 0
3880 0 1 0 25 140 0 0 0
3881 0 1 0 18 120 0 0 0
3882 0 1 0 37 204 0 0 0
3883 0 1 0 29 192 0 0 0
3884 0 1 0 28 159 0 0 0
3885 0 1 0 26 134 0 0 0
3886 0 1 0 21 120 0 0 0
3887 0 1 0 42 208 0 0 0
3888 0 1 0 37 174 0 0 0
3889 0 1 0 26 147 0 0 0
3890 0 1 0 24 118 0 0 0
3891 0 1 0 46 213 0 0 0
3892 0 1 0 33 199 0 0 0
3893 0 1 0 30 167 0 0 0
3894 0 1 0 29 138 0 0 0
3895 0 1 0 26 127 0 0 0
3896 0 1 0 57 185 0 0 0
3897 0 1 0 44 204 0 0 0
3898 0 1 0 54 201 0 0 0
3899 0 1 0 46 184 0 0 0
3900 0 1 0 41 159 0 0 0
3901 0 1 0 42 144 0 0 0
3902 0 1 0 32 128 0 0 0
3903 0 1 0 79 221 0 0 0
3904 0 1 0 77 238 0 0 0
3905 0 1 0 60 220 0 0 0
3906 0 1 0 57 181 0 0 0
3907 0 1 0 48 181 0 0 0
3908 0 1 0 44 159 0 0 0
3909 0 1 0 40 147 0 0 0
3910 0 1 0 35 148 0 0 0
3911 0 1 2 60 222 0.0333333 0.0173292 0.0141844
3912 0 1 1 52 237 0.0192308 0.00900791 0.00692042
3913 0 1 2 51 225 0.0392157 0.0186704 0.0144928
3914 0 1 0 48 219 0 0 0
3915 0 1 1 40 191 0.025 0.0114407 0.00865801
3916 0 1 2 37 181 0.0540541 0.0244394 0.0183486
3917 0 1 1 32 173 0.03125 0.0134401 0.0097561
3918 0 1 2 33 151 0.0606061 0.0283325 0.0217391
3919 0 1 2 30 123 0.0666667 0.0329243 0.0261438
3920 0 1 2 67 231 0.0298507 0.0160763 0.0134228
3921 0 1 1 58 232 0.0172414 0.00862069 0.00689655
3922 0 1 1 56 221 0.0178571 0.00898897 0.00722022
3923 0 1 2 59 213 0.0338983 0.0178408 0.0147059
3924 0 1 2 54 186 0.037037 0.0199561 0.0166667
3925 0 1 2 47 158 0.0425532 0.0232088 0.0195122
3926 0 1 1 40 141 0.025 0.0133156 0.0110497
3927 0 1 4 39 136 0.102564 0.0549235 0.0457143
3928 0 1 2 37 134 0.0540541 0.0284038 0.0233918
3929 0 1 3 77 200 0.038961 0.0241747 0.0216607
3930 0 1 3 69 228 0.0434783 0.0239182 0.020202
3931 0 1 2 64 224 0.03125 0.0167038 0.0138889
3932 0 1 3 56 220 0.0535714 0.0270281 0.0217391
3933 0 1 2 55 199 0.0363636 0.0191171 0.015748
3934 0 1 2 54 181 0.037037 0.0202299 0.0170213
3935 0 1 1 48 173 0.0208333 0.0109738 0.00904977
3936 0 1 0 37 141 0 0 0
3937 0 1 0 114 211 0 0 0
3938 0 1 0 109 246 0 0 0
3939 0 1 0 103 243 0 0 0
3940 0 1 0 96 260 0 0 0
3941 0 1 1 92 248 0.0108696 0.00662034 0.00588235
3942 0 1 0 76 236 0 0 0
3943 0 1 3 80 228 0.0375 0.0222131 0.0194805
3944 0 1 5 70 231 0.0714286 0.0393201 0.0332226
3945 0 1 2 59 227 0.0338983 0.0172819 0.013986
3946 0 1 1 54 201 0.0185185 0.00959854 0.00784314
3947 0 1 2 52 184 0.0384615 0.0204465 0.0169492
3948 0 1 1 50 175 0.02 0.0106904 0.00888889
3949 0 1 1 44 156 0.0227273 0.0120701 0.01
3950 0 1 0 42 146 0 0 0
3951 0 1 1 32 112 0.03125 0.0167038 0.0138889
3952 0 1 0 98 179 0 0 0
3953 0 1 1 92 239 0.0108696 0.00674384 0.0060423
3954 0 1 0 72 250 0 0 0
3955 0 1 0 68 233 0 0 0
3956 0 1 0 53 213 0 0 0
3957 0 1 0 43 192 0 0 0
3958 0 1 0 33 167 0 0 0
3959 0 1 0 18 129 0 0 0
3960 0 1 0 43 184 0 0 0
3961 0 1 0 38 216 0 0 0
3962 0 1 0 26 191 0 0 0
3963 0 1 0 22 130 0 0 0
3964 0 1 0 17 104 0 0 0
3965 0 1 0 56 148 0 0 0
3966 0 1 0 37 169 0 0 0
3967 0 1 0 24 146 0 0 0
3968 0 1 0 16 91 0 0 0
3969 0 1 0 44 146 0 0 0
3970 0 1 0 31 153 0 0 0
3971 0 1 0 18 102 0 0 0
3972 0 1 0 11 76 0 0 0
3973 0 1 0 28 101 0 0 0
3974 0 1 0 20 85 0 0 0
3975 0 1 0 17 69 0 0 0
3976 0 1 0 22 119 0 0 0
3977 0 1 0 20 84 0 0 0
3978 0 1 0 15 65 0 0 0
3979 0 1 0 26 116 0 0 0
3980 0 1 0 15 113 0 0 0
3981 0 1 0 14 101 0 0 0
3982 0 1 0 14 94 0 0 0
3983 0 1 0 9 82 0 0 0
3984 0 1 0 7 56 0 0 0
3985 0 1 0 22 113 0 0 0
3986 0 1 0 16 130 0 0 0
3987 0 1 0 17 133 0 0 0
3988 0 1 0 13 114 0 0 0
3989 0 1 0 11 103 0 0 0
3990 0 1 0 9 93 0 0 0
3991 0 1 0 6 72 0 0 0
3992 0 1 0 6 53 0 0 0
3993 0 1 0 15 94 0 0 0
3994 0 1 0 25 191 0 0 0
3995 0 1 0 20 117 0 0 0
3996 0 1 0 15 90 0 0 0
3997 0 1 0 41 134 0 0 0
3998 0 1 0 36 138 0 0 0
3999 0 1 0 29 126 0 0 0
4000 0 1 0 18 120 0 0 0
4001 0 1 0 19 107 0 0 0
4002 0 1 0 15 88 0 0 0
4003 0 1 0 25 143 0 0 0
4004 0 1 0 12 142 0 0 0
4005 0 1 0 15 124 0 0 0
4006 0 1 0 11 94 0 0 0
4007 0 1 0 26 168 0 0 0
4008 0 1 0 24 186 0 0 0
4009 0 1 0 19 172 0 0 0
4010 0 1 0 18 155 0 0 0
4011 0 1 0 10 134 0 0 0
4012 0 1 0 9 111 0 0 0
4013 0 1 0 7 93 0 0 0
4014 0 1 0 14 136 0 0 0
4015 0 1 0 10 126 0 0 0
4016 0 1 0 7 118 0 0 0
4017 0 1 0 6 95 0 0 0
4018 0 1 0 29 131 0 0 0
4019 0 1 0 48 248 0 0 0
4020 0 1 0 27 191 0 0 0
4021 0 1 0 19 145 0 0 0
4022 0 1 0 39 189 0 0 0
4023 0 1 0 34 185 0 0 0
4024 0 1 0 27 152 0 0 0
4025 0 1 0 39 174 0 0 0
4026 0 1 0 26 172 0 0 0
4027 0 1 0 26 150 0 0 0
4028 0 1 0 31 180 0 0 0
4029 0 1 0 24 151 0 0 0
4030 0 1 0 52 218 0 0 0
4031 0 1 0 40 206 0 0 0
4032 0 1 0 32 167 0 0 0
4033 0 1 0 28 135 0 0 0
4034 0 1 0 38 163 0 0 0
4035 0 1 0 35 133 0 0 0
4036 0 1 0 25 107 0 0 0
4037 0 1 0 46 173 0 0 0
4038 0 1 0 28 144 0 0 0
4039 0 1 0 13 135 0 0 0
4040 0 1 0 11 97 0 0 0
4041 0 1 0 21 101 0 0 0
4042 0 1 0 11 79 0 0 0
4043 0 1 0 24 124 0 0 0
4044 0 1 0 20 103 0 0 0
4045 0 1 0 39 126 0 0 0
4046 0 1 0 17 79 0 0 0
4047 0 1 0 34 126 0 0 0
4048 0 1 0 18 100 0 0 0
4049 0 1 0 11 83 0 0 0
4050 0 1 0 21 113 0 0 0
4051 0 1 0 10 101 0 0 0
4052 0 1 0 6 75 0 0 0
4053 0 1 0 20 136 0 0 0
4054 0 1 0 12 100 0 0 0
4055 0 1 0 4 72 0 0 0
4056 0 1 0 20 85 0 0 0
4057 0 1 0 10 85 0 0 0
4058 0 1 0 7 77 0 0 0
4059 0 1 0 20 108 0 0 0
4060 0 1 0 13 85 0 0 0
4061 0 1 0 3 61 0 0 0
4062 0 1 0 18 124 0 0 0
4063 0 1 0 6 120 0 0 0
4064 0 1 0 5 92 0 0 0
4065 0 1 0 3 60 0 0 0
4066 0 1 0 12 107 0 0 0
4067 0 1 0 5 94 0 0 0
4068 0 1 0 5 65 0 0 0
4069 0 1 0 5 49 0 0 0
4070 0 1 0 20 82 0 0 0
4071 0 1 0 15 74 0 0 0
4072 0 1 0 13 60 0 0 0
4073 0 1 0 8 51 0 0 0
4074 0 1 0 21 105 0 0 0
4075 0 1 0 18 104 0 0 0
4076 0 1 0 15 98 0 0 0
4077 0 1 0 12 76 0 0 0
4078 0 1 0 7 74 0 0 0
4079 0 1 0 8 52 0 0 0
4080 0 1 0 23 112 0 0 0
4081 0 1 0 17 120 0 0 0
4082 0 1 0 13 116 0 0 0
4083 0 1 0 11 104 0 0 0
4084 0 1 0 8 81 0 0 0
4085 0 1 0 6 64 0 0 0
4086 0 1 0 5 63 0 0 0
4087 0 1 0 5 54 0 0 0
4088 0 1 0 11 63 0 0 0
4089 0 1 0 9 71 0 0 0
4090 0 1 0 5 67 0 0 0
4091 0 1 0 5 57 0 0 0
4092 0 1 0 2 54 0 0 0
4093 0 1 0 27 118 0 0 0
4094 0 1 0 16 127 0 0 0
4095 0 1 0 15 120 0 0 0
4096 0 1 0 12 107 0 0 0
4097 0 1 0 10 90 0 0 0
4098 0 1 0 8 63 0 0 0
4099 0 1 0 7 54 0 0 0
4100 0 1 0 3 42 0 0 0
4101 0 1 0 22 81 0 0 0
4102 0 1 0 15 78 0 0 0
4103 0 1 0 13 65 0 0 0
4104 0 1 0 10 60 0 0 0
4105 0 1 0 9 46 0 0 0
4106 0 1 0 26 107 0 0 0
4107 0 1 0 13 105 0 0 0
4108 0 1 0 12 81 0 0 0
4109 0 1 0 8 80 0 0 0
4110 0 1 0 4 58 0 0 0
4111 0 1 0 3 46 0 0 0
4112 0 1 0 11 76 0 0 0
4113 0 1 0 8 61 0 0 0
4114 0 1 0 4 42 0 0 0
4115 0 1 0 17 77 0 0 0
4116 0 1 0 11 63 0 0 0
4117 0 1 0 4 54 0 0 0
4118 0 1 0 4 48 0 0 0
4119 0 1 0 7 36 0 0 0
4120 0 1 0 7 66 0 0 0
4121 0 1 0 5 70 0 0 0
4122 0 1 0 4 61 0 0 0
4125 0 1 0 17 62 0 0 0
4126 0 1 0 12 62 0 0 0
4127 0 1 0 8 51 0 0 0
4128 0 1 0 7 35 0 0 0
4129 0 1 0 6 22 0 0 0
4130 0 1 0 19 46 0 0 0
4131 0 1 0 12 42 0 0 0
4132 0 1 0 13 35 0 0 0
4133 0 1 0 7 30 0 0 0
4134 0 1 0 11 51 0 0 0
4135 0 1 0 12 43 0 0 0
4136 0 1 0 8 35 0 0 0
4137 0 1 0 5 23 0 0 0
4138 0 1 0 18 28 0 0 0
4139 0 1 0 7 27 0 0 0
4140 0 1 0 16 39 0 0 0
4141 0 1 0 14 31 0 0 0
4142 0 1 0 26 152 0 0 0
4143 0 1 0 13 132 0 0 0
4144 0 1 0 8 102 0 0 0
4145 0 1 0 2 71 0 0 0
4146 0 1 0 1 47 0 0 0
4147 0 1 0 9 102 0 0 0
4148 0 1 0 8 87 0 0 0
4149 0 1 0 6 68 0 0 0
4150 0 1 0 4 66 0 0 0
4151 0 1 0 2 49 0 0 0
4152 0 1 0 9 95 0 0 0
4153 0 1 0 8 91 0 0 0
4154 0 1 0 4 89 0 0 0
4155 0 1 0 2 67 0 0 0
4156 0 1 0 2 59 0 0 0
4157 0 1 0 2 48 0 0 0
4158 0 1 0 7 91 0 0 0
4159 0 1 0 5 83 0 0 0
4160 0 1 0 4 69 0 0 0
4161 0 1 0 3 53 0 0 0
4162 0 1 0 8 91 0 0 0
4163 0 1 0 5 62 0 0 0
4164 0 1 0 4 46 0 0 0
4165 0 1 0 9 103 0 0 0
4166 0 1 0 6 78 0 0 0
4167 0 1 0 2 42 0 0 0
4168 0 1 0 6 71 0 0 0
4169 0 1 0 15 106 0 0 0
4170 0 1 0 7 64 0 0 0
4171 0 1 0 19 85 0 0 0
4172 0 1 0 12 49 0 0 0
4173 0 1 0 29 108 0 0 0
4174 0 1 0 16 79 0 0 0
4175 0 1 0 12 60 0 0 0
4176 0 1 0 23 102 0 0 0
4177 0 1 0 15 80 0 0 0
4178 0 1 0 9 49 0 0 0
4179 0 1 0 27 123 0 0 0
4180 0 1 0 21 111 0 0 0
4181 0 1 0 14 82 0 0 0
4182 0 1 0 10 62 0 0 0
4183 0 1 0 40 147 0 0 0
4184 0 1 0 36 149 0 0 0
4185 0 1 0 27 153 0 0 0
4186 0 1 0 18 134 0 0 0
4187 0 1 0 15 103 0 0 0
4188 0 1 0 14 90 0 0 0
4189 0 1 0 10 70 0 0 0
4190 0 1 0 27 113 0 0 0
4191 0 1 0 22 98 0 0 0
4192 0 1 0 19 85 0 0 0
4193 0 1 0 15 84 0 0 0
4194 0 1 0 44 135 0 0 0
4195 0 1 0 36 139 0 0 0
4196 0 1 2 31 137 0.0645161 0.0306894 0.0238095
4197 0 1 2 30 117 0.0666667 0.033758 0.0272109
4198 0 1 0 24 92 0 0 0
4199 0 1 0 19 89 0 0 0
4200 0 1 0 40 161 0 0 0
4201 0 1 0 38 172 0 0 0
4202 0 1 0 33 151 0 0 0
4203 0 1 0 29 137 0 0 0
4204 0 1 0 31 120 0 0 0
4205 0 1 0 29 101 0 0 0
4206 0 1 0 22 90 0 0 0
4207 0 1 0 42 141 0 0 0
4208 0 1 0 35 154 0 0 0
4209 0 1 0 31 144 0 0 0
4210 0 1 0 26 111 0 0 0
4211 0 1 0 24 100 0 0 0
4212 0 1 0 41 195 0 0 0
4213 0 1 0 31 173 0 0 0
4214 0 1 0 26 160 0 0 0
4215 0 1 0 23 134 0 0 0
4216 0 1 0 18 110 0 0 0
4217 0 1 0 46 197 0 0 0
4218 0 1 0 41 180 0 0 0
4219 0 1 0 36 158 0 0 0
4220 0 1 0 34 141 0 0 0
4221 0 1 0 26 126 0 0 0
4222 0 1 0 26 109 0 0 0
4223 0 1 0 41 163 0 0 0
4224 0 1 0 39 192 0 0 0
4225 0 1 0 32 157 0 0 0
4226 0 1 0 22 132 0 0 0
4227 0 1 0 20 107 0 0 0
4228 0 1 0 54 173 0 0 0
4229 0 1 0 38 177 0 0 0
4230 0 1 0 34 174 0 0 0
4231 0 1 0 30 146 0 0 0
4232 0 1 0 21 126 0 0 0
4233 0 1 0 17 95 0 0 0
4234 0 1 0 34 163 0 0 0
4235 0 1 0 18 160 0 0 0
4236 0 1 0 17 152 0 0 0
4237 0 1 0 11 135 0 0 0
4238 0 1 0 12 122 0 0 0
4239 0 1 0 7 103 0 0 0
4240 0 1 0 33 159 0 0 0
4241 0 1 0 31 168 0 0 0
4242 0 1 0 25 161 0 0 0
4243 0 1 0 19 145 0 0 0
4244 0 1 0 16 127 0 0 0
4245 0 1 0 12 93 0 0 0
4246 0 1 0 35 123 0 0 0
4247 0 1 0 22 116 0 0 0
4248 0 1 0 18 122 0 0 0
4249 0 1 0 15 112 0 0 0
4250 0 1 0 15 99 0 0 0
4251 0 1 0 32 142 0 0 0
4252 0 1 0 25 139 0 0 0
4253 0 1 0 26 116 0 0 0
4254 0 1 0 19 108 0 0 0
4255 0 1 0 21 94 0 0 0
4256 0 1 0 40 150 0 0 0
4257 0 1 0 33 131 0 0 0
4258 0 1 0 23 107 0 0 0
4259 0 1 0 20 90 0 0 0
4260 0 1 0 38 146 0 0 0
4261 0 1 0 36 147 0 0 0
4262 0 1 0 27 129 0 0 0
4263 0 1 0 21 105 0 0 0
4264 0 1 0 18 99 0 0 0
4265 0 1 0 13 80 0 0 0
4266 0 1 0 42 135 0 0 0
4267 0 1 0 35 129 0 0 0
4268 0 1 0 30 115 0 0 0
4269 0 1 0 23 113 0 0 0
4270 0 1 0 21 92 0 0 0
4271 0 1 0 45 152 0 0 0
4272 0 1 0 35 164 0 0 0
4273 0 1 1 36 143 0.0277778 0.0139374 0.0111732
4274 0 1 0 29 134 0 0 0
4275 0 1 0 22 118 0 0 0
4276 0 1 0 18 98 0 0 0
4277 0 1 0 52 151 0 0 0
4278 0 1 0 44 142 0 0 0
4279 0 1 0 39 116 0 0 0
4280 0 1 0 30 110 0 0 0
4281 0 1 0 25 87 0 0 0
4282 0 1 1 37 148 0.027027 0.0135135 0.0108108
4283 0 1 0 32 142 0 0 0
4284 0 1 0 25 122 0 0 0
4285 0 1 0 23 113 0 0 0
4286 0 1 0 17 94 0 0 0
4287 0 1 0 29 156 0 0 0
4288 0 1 0 27 150 0 0 0
4289 0 1 0 21 126 0 0 0
4290 0 1 0 12 109 0 0 0
4291 0 1 0 8 98 0 0 0
4292 0 1 0 23 150 0 0 0
4293 0 1 0 14 120 0 0 0
4294 0 1 0 9 114 0 0 0
4295 0 1 0 9 89 0 0 0
4296 0 1 0 24 151 0 0 0
4297 0 1 0 15 155 0 0 0
4298 0 1 0 12 130 0 0 0
4299 0 1 0 9 111 0 0 0
4300 0 1 0 5 96 0 0 0
4301 0 1 0 41 156 0 0 0
4302 0 1 0 29 142 0 0 0
4303 0 1 0 23 121 0 0 0
4304 0 1 1 18 95 0.0555556 0.0241825 0.0176991
4305 0 1 0 12 80 0 0 0
4306 0 1 0 37 133 0 0 0
4307 0 1 0 30 132 0 0 0
4308 0 1 0 25 119 0 0 0
4309 0 1 0 19 106 0 0 0
4310 0 1 0 16 81 0 0 0
4311 0 1 0 39 128 0 0 0
4312 0 1 0 31 130 0 0 0
4313 0 1 0 25 105 0 0 0
4314 0 1 0 23 95 0 0 0
4315 0 1 0 16 84 0 0 0
4316 0 1 0 49 120 0 0 0
4317 0 1 0 36 117 0 0 0
4318 0 1 0 28 103 0 0 0
4319 0 1 0 24 96 0 0 0
4320 0 1 0 15 85 0 0 0
4321 0 1 0 48 144 0 0 0
4322 0 1 0 31 144 0 0 0
4323 0 1 0 24 123 0 0 0
4324 0 1 0 15 101 0 0 0
4325 0 1 0 16 72 0 0 0
4326 0 1 0 33 112 0 0 0
4327 0 1 0 32 105 0 0 0
4328 0 1 0 21 103 0 0 0
4329 0 1 0 20 93 0 0 0
4330 0 1 0 17 77 0 0 0
4331 0 1 0 33 113 0 0 0
4332 0 1 0 23 116 0 0 0
4333 0 1 0 21 103 0 0 0
4334 0 1 0 21 75 0 0 0
4335 0 1 0 35 132 0 0 0
4336 0 1 0 27 125 0 0 0
4337 0 1 0 24 102 0 0 0
4338 0 1 0 14 81 0 0 0
4339 0 1 0 36 124 0 0 0
4340 0 1 0 25 116 0 0 0
4341 0 1 0 22 95 0 0 0
4342 0 1 0 13 79 0 0 0
4343 0 1 0 33 129 0 0 0
4344 0 1 0 23 123 0 0 0
4345 0 1 0 22 108 0 0 0
4346 0 1 0 17 89 0 0 0
4347 0 1 0 13 73 0 0 0
4348 0 1 0 25 142 0 0 0
4349 0 1 0 22 137 0 0 0
4350 0 1 0 19 122 0 0 0
4351 0 1 0 15 105 0 0 0
4352 0 1 0 8 90 0 0 0
4353 0 1 0 5 76 0 0 0
4354 0 1 0 18 138 0 0 0
4355 0 1 0 13 128 0 0 0
4356 0 1 0 11 113 0 0 0
4357 0 1 0 9 91 0 0 0
4358 0 1 0 9 79 0 0 0
4359 0 1 0 9 60 0 0 0
4360 0 1 0 15 124 0 0 0
4361 0 1 0 11 120 0 0 0
4362 0 1 0 7 116 0 0 0
4363 0 1 0 9 91 0 0 0
4364 0 1 0 6 83 0 0 0
4365 0 1 0 7 72 0 0 0
4366 0 1 0 7 63 0 0 0
4367 0 1 0 15 118 0 0 0
4368 0 1 0 15 116 0 0 0
4369 0 1 0 12 110 0 0 0
4370 0 1 0 11 88 0 0 0
4371 0 1 0 8 70 0 0 0
4372 0 1 0 8 52 0 0 0
4373 0 1 0 29 135 0 0 0
4374 0 1 0 27 129 0 0 0
4375 0 1 0 19 103 0 0 0
4376 0 1 0 18 96 0 0 0
4377 0 1 0 14 79 0 0 0
4378 0 1 0 12 59 0 0 0
4379 0 1 0 14 59 0 0 0
4380 0 1 0 14 47 0 0 0
4381 0 1 0 28 128 0 0 0
4382 0 1 0 28 117 0 0 0
4383 0 1 0 27 112 0 0 0
4384 0 1 0 24 94 0 0 0
4385 0 1 0 22 88 0 0 0
4386 0 1 0 20 78 0 0 0
4387 0 1 0 18 69 0 0 0
4388 0 1 0 14 64 0 0 0
4389 0 1 0 12 47 0 0 0
4390 0 1 0 39 121 0 0 0
4391 0 1 0 34 123 0 0 0
4392 0 1 0 34 106 0 0 0
4393 0 1 0 27 88 0 0 0
4394 0 1 0 25 82 0 0 0
4395 0 1 2 23 83 0.0869565 0.0457749 0.0377358
4396 0 1 1 24 66 0.0416667 0.0251259 0.0222222
4397 0 1 4 22 66 0.181818 0.104973 0.0909091
4398 0 1 1 18 53 0.0555556 0.0323762 0.028169
4399 0 1 4 65 214 0.0615385 0.0339154 0.0286738
4400 0 1 3 65 227 0.0461538 0.0246974 0.0205479
4401 0 1 2 59 224 0.0338983 0.0173972 0.0141343
4402 0 1 2 57 224 0.0350877 0.0176998 0.0142349
4403 0 1 2 58 220 0.0344828 0.0177054 0.0143885
4404 0 1 4 59 204 0.0677966 0.0364602 0.0304183
4405 0 1 2 51 199 0.0392157 0.0198526 0.016
4406 0 1 3 46 193 0.0652174 0.0318393 0.0251046
4407 0 1 4 40 182 0.1 0.0468807 0.036036
4408 0 1 2 39 169 0.0512821 0.0246351 0.0192308
4409 0 1 2 32 164 0.0625 0.0276079 0.0204082
4410 0 1 0 30 142 0 0 0
4411 0 1 1 28 128 0.0357143 0.0167038 0.0128205
4412 0 1 0 28 125 0 0 0
4413 0 1 1 25 111 0.04 0.0189832 0.0147059
4414 0 1 1 26 101 0.0384615 0.0195143 0.015748
4415 0 1 1 22 97 0.0454545 0.0216473 0.0168067
4416 0 1 1 22 92 0.0454545 0.0222277 0.0175439
4417 0 1 1 19 88 0.0526316 0.0244558 0.0186916
4418 0 1 0 21 76 0 0 0
4419 0 1 0 19 78 0 0 0
4420 0 1 0 17 73 0 0 0
4421 0 1 0 14 62 0 0 0
4422 0 1 1 42 180 0.0238095 0.0115011 0.00900901
4423 0 1 0 40 204 0 0 0
4424 0 1 1 39 205 0.025641 0.0111838 0.00819672
4425 0 1 0 39 200 0 0 0
4426 0 1 1 36 208 0.0277778 0.0115563 0.00819672
4427 0 1 0 35 202 0 0 0
4428 0 1 1 29 203 0.0344828 0.0130333 0.00862069
4429 0 1 1 31 193 0.0322581 0.0129283 0.00892857
4430 0 1 0 26 187 0 0 0
4431 0 1 0 22 180 0 0 0
4432 0 1 0 22 185 0 0 0
4433 0 1 0 13 178 0 0 0
4434 0 1 0 13 160 0 0 0
4435 0 1 0 7 143 0 0 0
4436 0 1 0 6 126 0 0 0
4437 0 1 0 5 108 0 0 0
4440 0 1 0 14 176 0 0 0
4441 0 1 0 11 197 0 0 0
4442 0 1 0 11 193 0 0 0
4443 0 1 0 10 170 0 0 0
4444 0 1 0 9 153 0 0 0
4445 0 1 0 7 139 0 0 0
4446 0 1 0 6 126 0 0 0
4447 0 1 0 6 101 0 0 0
4448 0 1 0 4 87 0 0 0
4449 0 1 0 4 93 0 0 0
4450 0 1 0 4 70 0 0 0
4451 0 1 0 14 144 0 0 0
4452 0 1 0 13 152 0 0 0
4453 0 1 0 8 142 0 0 0
4454 0 1 0 9 103 0 0 0
4455 0 1 0 7 80 0 0 0
4456 0 1 0 5 71 0 0 0
4457 0 1 0 1 66 0 0 0
4458 0 1 0 169 413 0 0 0
4459 0 1 0 149 470 0 0 0
4460 0 1 0 211 670 0 0 0
4461 0 1 2 189 611 0.010582 0.00588543 0.005
4462 0 1 3 168 598 0.0178571 0.0094649 0.0078329
4463 0 1 2 140 576 0.0142857 0.00704295 0.00558659
4464 0 1 2 117 551 0.017094 0.00787701 0.00598802
4465 0 1 2 164 715 0.0121951 0.00584057 0.00455063
4466 0 1 0 124 666 0 0 0
4467 0 1 0 116 586 0 0 0
4468 0 1 1 147 642 0.00680272 0.00325517 0.00253485
4469 0 1 3 125 592 0.024 0.0110282 0.0083682
4470 0 1 4 129 557 0.0310078 0.0149224 0.0116618
4471 0 1 1 184 732 0.00543478 0.00272481 0.00218341
4472 0 1 1 169 638 0.00591716 0.00304541 0.00247831
4473 0 1 1 128 475 0.0078125 0.00405554 0.00331675
4474 0 1 0 184 663 0 0 0
4475 0 1 0 153 615 0 0 0
4476 0 1 0 158 617 0 0 0
4477 0 1 0 149 610 0 0 0
4478 0 1 0 167 625 0 0 0
4479 0 1 1 170 597 0.00588235 0.00313898 0.00260756
4480 0 1 1 169 633 0.00591716 0.00305742 0.00249377
4481 0 1 4 159 603 0.0251572 0.0129182 0.0104987
4482 0 1 2 162 563 0.0123457 0.00662244 0.00551724
4483 0 1 3 158 540 0.0189873 0.0102706 0.00859599
4484 0 1 3 148 486 0.0202703 0.0111859 0.00946372
4485 0 1 3 149 463 0.0201342 0.0114219 0.00980392
4486 0 1 4 197 646 0.0203046 0.0112127 0.00948992
4487 0 1 4 200 601 0.02 0.0115374 0.00998752
4488 0 1 0 183 559 0 0 0
4489 0 1 6 183 526 0.0327869 0.0193389 0.0169252
4490 0 1 2 166 523 0.0120482 0.00678774 0.00580552
4491 0 1 3 154 512 0.0194805 0.0106838 0.00900901
4492 0 1 2 159 539 0.0125786 0.00683183 0.00573066
4493 0 1 2 140 550 0.0142857 0.0072075 0.0057971
4494 0 1 3 146 557 0.0205479 0.01052 0.00853485
4495 0 1 1 161 600 0.00621118 0.00321745 0.00262812
4496 0 1 1 149 550 0.00671141 0.00349322 0.00286123
4497 0 1 0 149 521 0 0 0
4498 0 1 0 140 505 0 0 0
4499 0 1 0 222 766 0 0 0
4500 0 1 0 204 693 0 0 0
4501 0 1 0 166 602 0 0 0
4502 0 1 0 141 540 0 0 0
4503 0 1 0 119 467 0 0 0
4504 0 1 1 122 479 0.00819672 0.00413668 0.00332779
4505 0 1 2 138 481 0.0144928 0.00776279 0.00646204
4506 0 1 0 122 474 0 0 0
4507 0 1 1 123 487 0.00813008 0.00408586 0.00327869
4508 0 1 4 124 478 0.0322581 0.0164299 0.013289
4509 0 1 4 124 476 0.0322581 0.0164644 0.0133333
4510 0 1 5 111 454 0.045045 0.0222731 0.0176991
4511 0 1 3 107 433 0.0280374 0.0139375 0.0111111
4512 0 1 3 114 395 0.0263158 0.0141374 0.0117878
4513 0 1 3 183 609 0.0163934 0.00898643 0.00757576
4514 0 1 4 160 569 0.025 0.013257 0.0109739
4515 0 1 4 137 509 0.0291971 0.0151475 0.0123839
4516 0 1 1 148 492 0.00675676 0.00370584 0.003125
4517 0 1 5 151 460 0.0331126 0.0189715 0.0163666
4518 0 1 0 142 467 0 0 0
4519 0 1 5 124 446 0.0403226 0.0212614 0.0175439
4520 0 1 2 283 653 0.00706714 0.00465243 0.0042735
4521 0 1 3 258 663 0.0116279 0.00725362 0.00651466
4522 0 1 2 229 617 0.00873362 0.00532071 0.00472813
4523 0 1 4 202 622 0.019802 0.0112847 0.00970874
4524 0 1 2 174 565 0.0114943 0.00637869 0.00541272
4525 0 1 1 173 546 0.00578035 0.00325372 0.00278164
4526 0 1 1 140 510 0.00714286 0.00374241 0.00307692
4527 0 1 1 121 456 0.00826446 0.00425721 0.0034662
4528 0 1 2 221 654 0.00904977 0.00526072 0.00457143
4529 0 1 0 131 549 0 0 0
4530 0 1 0 72 359 0 0 0
4531 0 1 0 112 505 0 0 0
4532 0 1 0 72 383 0 0 0
4533 0 1 0 113 461 0 0 0
4534 0 1 0 67 333 0 0 0
4535 0 1 0 97 406 0 0 0
4536 0 1 0 54 285 0 0 0
4537 0 1 0 77 361 0 0 0
4538 0 1 0 53 271 0 0 0
4539 0 1 0 101 352 0 0 0
4540 0 1 0 64 314 0 0 0

# ---------- Global Summary ----------
# CorrFrames: 4535
avg_CorrEdges: 0.422712
avg_match_A: 36.8035
avg_match_B: 188.366
global_RI_MNR: 0.0114856
global_RI_GNR: 0.0050769
global_RI_DICE: 0.00375461

# ---------- Per-Channel Summary ----------
chA: 0 chB: 1 | avgC: 0.422712 avgA: 36.8035 avgB: 188.366 MNR: 0.0110443 GNR: 0.00434918 DICE: 0.00302511
