1439803916.887987 0.016736198 -0.004006274 0.073523246 -0.001462492 0.042788316 -0.001579512 0.999081850
1439803916.950489 0.023007585 -0.004875479 0.095462330 -0.001588072 0.056250487 -0.003877016 0.998407900
1439803917.012992 0.029307548 -0.006955014 0.123162232 -0.002144209 0.070644550 -0.005342827 0.997484922
1439803917.075493 0.037481643 -0.008155989 0.148200661 -0.003427988 0.084031641 -0.005765070 0.996440470
1439803917.137994 0.046180222 -0.009409217 0.173455417 -0.004416128 0.096864477 -0.006862618 0.995264113
1439803917.200495 0.055678204 -0.011113115 0.199648947 -0.005193225 0.109272256 -0.006464397 0.993977249
1439803917.262997 0.066413775 -0.012032557 0.225519657 -0.005013440 0.120934248 -0.005617452 0.992631972
1439803917.325496 0.076594606 -0.012226569 0.252366036 -0.003071287 0.132472962 -0.005534534 0.991166353
1439803917.387996 0.087962180 -0.013168013 0.278424948 -0.001457887 0.143001273 -0.005377952 0.989706814
1439803917.450499 0.100327954 -0.014623008 0.305428326 -0.000583742 0.153351411 -0.004844243 0.988159657
1439803917.512998 0.112643562 -0.016485782 0.333705187 -0.000794371 0.163683027 -0.004095495 0.986504138
1439803917.575501 0.125590518 -0.017923903 0.360687971 -0.001939288 0.173112944 -0.004453015 0.984889984
1439803917.638003 0.139601916 -0.018798541 0.387739807 -0.002736798 0.181613490 -0.004136410 0.983357430
1439803917.700502 0.150050700 -0.021106701 0.410834908 -0.004328128 0.190468743 -0.003235365 0.981678426
1439803917.763002 0.164481163 -0.022429435 0.438772678 -0.004986507 0.198119000 -0.001867994 0.980163515
1439803917.825510 0.178258285 -0.023400266 0.465290010 -0.004976179 0.205053434 -0.001458885 0.978737056
1439803917.888006 0.192950472 -0.024144543 0.493638813 -0.004580441 0.211266667 -0.001649117 0.977416337
1439803917.950507 0.206639364 -0.025928900 0.520052254 -0.005166430 0.216880202 -0.002531992 0.976181269
1439803918.013008 0.221184000 -0.026793871 0.548821568 -0.005432746 0.221713930 -0.003713103 0.975089550
1439803918.075510 0.236190423 -0.029330537 0.578134835 -0.006762158 0.226222694 -0.005660750 0.974035680
1439803918.138012 0.250677466 -0.030776080 0.607765913 -0.007388886 0.230540127 -0.007397274 0.973006666
1439803918.200514 0.265047103 -0.032109585 0.633586407 -0.007331050 0.234034508 -0.008699935 0.972161710
1439803918.263015 0.281248063 -0.033545468 0.661962867 -0.006618098 0.237621352 -0.009234482 0.971291423
1439803918.325513 0.298502326 -0.035158575 0.692552209 -0.005026427 0.241759107 -0.009039028 0.970281184
1439803918.388016 0.315112889 -0.036733832 0.721525729 -0.003826005 0.245800823 -0.008525230 0.969275296
1439803918.450520 0.331286609 -0.037738606 0.748177707 -0.003508595 0.249574527 -0.007845484 0.968317449
1439803918.513018 0.348965377 -0.039427657 0.777779222 -0.003890901 0.252896518 -0.007107794 0.967459440
1439803918.575520 0.367511153 -0.040861022 0.808932722 -0.004111509 0.255566567 -0.006366816 0.966761768
1439803918.638026 0.385265768 -0.042317789 0.839170337 -0.004690345 0.257944733 -0.006066520 0.966129243
1439803918.700522 0.401500344 -0.043580376 0.866784275 -0.006036030 0.260195971 -0.006564330 0.965514660
1439803918.763023 0.419859469 -0.044580147 0.897283614 -0.007539568 0.262275100 -0.008033339 0.964930236
1439803918.825523 0.437342912 -0.046582974 0.928228259 -0.009150664 0.264761835 -0.009455852 0.964224041
1439803918.888026 0.455249786 -0.048433486 0.958796680 -0.009632860 0.267118067 -0.010921112 0.963553786
1439803918.950525 0.472809643 -0.050529860 0.988855481 -0.009170617 0.269587338 -0.012057353 0.962856770
1439803919.013026 0.491604298 -0.052005518 1.019633651 -0.008140374 0.271600962 -0.012775067 0.962290704
1439803919.075528 0.511119127 -0.053932603 1.051278353 -0.006438214 0.273186952 -0.011482136 0.961870909
1439803919.138029 0.530592740 -0.055783235 1.082273722 -0.005090665 0.274465263 -0.010585676 0.961525261
1439803919.200529 0.551369190 -0.057147626 1.114095211 -0.003338840 0.275410563 -0.009467603 0.961274266
1439803919.263032 0.571190298 -0.058567241 1.145867467 -0.001668837 0.276814252 -0.010330276 0.960866451
1439803919.325532 0.590609789 -0.060492806 1.177753687 -0.001019545 0.278620839 -0.012394819 0.960320652
1439803919.388034 0.608906150 -0.063187882 1.206304073 -0.001478964 0.279538870 -0.015467638 0.960008621
1439803919.450535 0.628559649 -0.064939454 1.238289356 -0.001586591 0.280945927 -0.018532639 0.959543347
1439803919.513039 0.651931524 -0.068195887 1.276930213 -0.002123929 0.282401890 -0.019857096 0.959088266
1439803919.575538 0.669655085 -0.070053250 1.303284049 -0.002587719 0.284100771 -0.018735919 0.958607852
1439803919.638039 0.691804826 -0.070871919 1.334505439 -0.002480990 0.285534590 -0.016080515 0.958230257
1439803919.700541 0.714024901 -0.073452733 1.366713881 -0.003011490 0.287442505 -0.013994841 0.957690895
1439803919.763041 0.737368941 -0.073703177 1.396776915 -0.002942235 0.289188147 -0.011902941 0.957193792
1439803919.825541 0.762921989 -0.077167861 1.437436223 -0.003819082 0.292297751 -0.011029438 0.956256092
1439803919.888042 0.786237240 -0.080214895 1.468809724 -0.004514521 0.294919908 -0.010754722 0.955450773
1439803919.950545 0.809072316 -0.083160810 1.501656413 -0.005088487 0.297936380 -0.008911774 0.954530597
1439803920.013045 0.832009196 -0.084712997 1.535779595 -0.005561896 0.300984710 -0.009003017 0.953570247
1439803920.075546 0.856217384 -0.086502835 1.568085194 -0.005891006 0.303685993 -0.008776412 0.952713549
1439803920.138048 0.880039811 -0.087543920 1.599622965 -0.005156386 0.306543827 -0.007003522 0.951816797
1439803920.200551 0.905115843 -0.088773139 1.631299257 -0.004596075 0.309460878 -0.005481550 0.950885236
1439803920.263051 0.930790782 -0.090644307 1.666883111 -0.004879860 0.312702268 -0.003720216 0.949831367
1439803920.325553 0.955183208 -0.092244551 1.697421551 -0.004992019 0.315508783 -0.001926207 0.948907554
1439803920.388055 0.981313407 -0.094811894 1.729100466 -0.004593110 0.318178058 -0.001672834 0.948018372
1439803920.450554 1.006410003 -0.097135358 1.762274623 -0.003899650 0.321203858 -0.002299211 0.946999252
1439803920.513055 1.031657338 -0.098613493 1.793973684 -0.003265002 0.324098021 -0.002851373 0.946013570
1439803920.575556 1.056524277 -0.099878125 1.825607777 -0.003210186 0.327224046 -0.003203855 0.944935858
1439803920.638058 1.082088351 -0.102617875 1.857780576 -0.003348654 0.329890549 -0.003478759 0.944006860
1439803920.700559 1.108148098 -0.105347544 1.888753057 -0.002528855 0.331805468 -0.003266142 0.943338811
1439803920.763060 1.133934975 -0.107704036 1.919363976 -0.001785005 0.333586693 -0.003540121 0.942711115
1439803920.825561 1.159745812 -0.108835623 1.951182246 -0.001393289 0.335427254 -0.003501827 0.942058563
1439803920.888062 1.183717966 -0.111343414 1.979861975 -0.001862328 0.337556183 -0.003273799 0.941297829
1439803920.950564 1.209168911 -0.112976834 2.012607813 -0.001733507 0.339301109 -0.003529490 0.940669596
1439803921.013067 1.233587027 -0.115956463 2.042385578 -0.001859460 0.340417743 -0.003455547 0.940266073
1439803921.075564 1.262138844 -0.116626702 2.072610855 -0.001415324 0.341286868 -0.003764810 0.939950526
1439803921.138066 1.289944649 -0.118765429 2.107667685 -0.001274528 0.343252122 -0.002204720 0.939239860
1439803921.200568 1.317098379 -0.121219680 2.137588978 -0.001690066 0.344458282 -0.000850000 0.938799739
1439803921.263070 1.343295574 -0.122724906 2.167713404 -0.002089591 0.345740288 0.001072492 0.938327312
1439803921.325570 1.369566083 -0.125420153 2.203474998 -0.002031869 0.347157747 0.004088135 0.937795639
1439803921.388071 1.396088123 -0.126195773 2.232221365 -0.001544722 0.347841769 0.006587250 0.937528789
1439803921.450572 1.425205112 -0.128769562 2.262970209 -0.001576764 0.348089665 0.009204946 0.937414706
1439803921.513074 1.452680230 -0.130715981 2.294809818 -0.001700608 0.348863840 0.012478706 0.937088788
1439803921.575574 1.477896094 -0.132886320 2.316873312 -0.001976643 0.349081039 0.014252891 0.936982036
1439803921.638077 1.506188750 -0.133938313 2.355540752 -0.001654137 0.349809289 0.015194128 0.936696231
1439803921.700578 1.533018827 -0.135437459 2.384704828 -0.001141740 0.349731982 0.017843056 0.936679125
1439803921.763077 1.559624910 -0.136561215 2.415292501 -0.000237794 0.349799037 0.019714125 0.936617255
1439803921.825579 1.586542130 -0.138964653 2.445930243 0.000041493 0.349945486 0.020683875 0.936541677
1439803921.888083 1.615302205 -0.140916958 2.479362249 0.001656704 0.349824101 0.022020362 0.936555088
1439803921.950582 1.641525865 -0.142671272 2.510182619 0.003545742 0.349450409 0.022651609 0.936674297
1439803922.013082 1.669026136 -0.145336837 2.541222334 0.004578744 0.348749131 0.023773041 0.936903358
1439803922.075584 1.696414113 -0.146605402 2.572181225 0.005941783 0.347722560 0.025885962 0.937221229
1439803922.138086 1.722886920 -0.148609221 2.604592800 0.007429774 0.346738935 0.027030438 0.937542677
1439803922.200587 1.749664426 -0.150087044 2.636631250 0.007667488 0.345849246 0.026861317 0.937874198
1439803922.263093 1.775441408 -0.152825624 2.664202690 0.006347231 0.344245851 0.026245223 0.938491166
1439803922.325589 1.800625563 -0.153966337 2.696793795 0.004257736 0.343343347 0.025241170 0.938861072
1439803922.388090 1.829254627 -0.155913875 2.733506680 0.003723009 0.341838002 0.026854176 0.939367771
1439803922.450592 1.855577826 -0.158960924 2.765122652 0.004058920 0.339963347 0.028831052 0.939987898
1439803922.513093 1.881889939 -0.160079733 2.798022985 0.004708776 0.338022888 0.029342713 0.940668523
1439803922.575594 1.908255458 -0.161987022 2.830180168 0.005755131 0.335865498 0.030565418 0.941396296
1439803922.638096 1.933759809 -0.164257884 2.862690687 0.006512335 0.334007472 0.030891361 0.942041576
1439803922.700598 1.958953738 -0.166409820 2.894931078 0.008118798 0.332066536 0.030550165 0.942726135
1439803922.763098 1.984930992 -0.168878123 2.928885698 0.009111888 0.329676509 0.030760063 0.943548739
1439803922.825600 2.009906054 -0.170933157 2.961762428 0.010095161 0.327426553 0.030932592 0.944316268
1439803922.888099 2.035269499 -0.173117667 2.997042179 0.010960656 0.324837059 0.031308036 0.945188105
1439803922.950603 2.060334921 -0.174886525 3.029132843 0.011509662 0.321989536 0.031873744 0.946136534
1439803923.013103 2.086244106 -0.176771030 3.063247204 0.011775108 0.319621176 0.032298386 0.946921527
1439803923.075606 2.110616684 -0.179384887 3.097256899 0.011481627 0.317078650 0.033175152 0.947749317
1439803923.138103 2.137387991 -0.180646747 3.132844448 0.010903311 0.314522654 0.032246795 0.948639393
1439803923.200608 2.160292625 -0.183415323 3.166451931 0.010311932 0.312291324 0.032728050 0.949366450
1439803923.263109 2.185868263 -0.186152399 3.200999498 0.010116229 0.309496820 0.034128800 0.950233996
1439803923.325608 2.208849669 -0.188535944 3.235424042 0.010894510 0.307438046 0.035069406 0.950859249
1439803923.388111 2.234203339 -0.191186562 3.270155668 0.011451829 0.305106372 0.035363447 0.951592565
1439803923.450612 2.259182692 -0.193037957 3.306033373 0.011335170 0.302839488 0.035226595 0.952322841
1439803923.513112 2.283556700 -0.195391834 3.341231108 0.011716846 0.300316662 0.036303852 0.953076422
1439803923.575614 2.308570862 -0.197849050 3.378240108 0.012058618 0.297880948 0.036769439 0.953818381
1439803923.638113 2.329808950 -0.200290337 3.411572456 0.012368938 0.295383334 0.036915235 0.954585254
1439803923.700613 2.353578806 -0.203055799 3.447197914 0.012916514 0.292700917 0.038195148 0.955353558
1439803923.763115 2.378589153 -0.205357939 3.484078407 0.012793021 0.290367424 0.038853541 0.956040502
1439803923.825618 2.401747227 -0.208206996 3.520162106 0.012072430 0.288413495 0.038931351 0.956637979
1439803923.888119 2.424129248 -0.210594520 3.556218147 0.011621307 0.286992282 0.038937230 0.957070649
1439803923.950619 2.447180271 -0.212287873 3.592272997 0.011232795 0.285745591 0.038021103 0.957485080
1439803924.013123 2.471135139 -0.215153068 3.629065990 0.011191472 0.284371495 0.037077084 0.957931578
1439803924.075623 2.493499279 -0.217093632 3.664812803 0.011174663 0.283350796 0.037094135 0.958233535
1439803924.138126 2.517327785 -0.219673812 3.702181816 0.010637927 0.282065898 0.038043272 0.958581448
1439803924.200626 2.540075302 -0.221799135 3.739104271 0.009132036 0.280803353 0.037367694 0.958994150
1439803924.263126 2.565428972 -0.222413719 3.776894569 0.008484466 0.279392421 0.036735635 0.959436476
1439803924.325627 2.586579084 -0.225959942 3.812968016 0.007833580 0.278690547 0.037394013 0.959620714
1439803924.388129 2.611013174 -0.228611782 3.851448298 0.007399666 0.277787358 0.036838368 0.959907472
1439803924.450630 2.632283688 -0.231081024 3.887225628 0.007128147 0.277281582 0.036298092 0.960076332
1439803924.513131 2.656068325 -0.233351678 3.924338579 0.008069736 0.276467979 0.035741881 0.960324347
1439803924.575633 2.677784443 -0.235968441 3.960998297 0.009671984 0.276123166 0.033937346 0.960474193
1439803924.638134 2.700945139 -0.238529205 3.999527693 0.010645451 0.276006669 0.032814283 0.960536420
1439803924.700634 2.724061728 -0.240741476 4.037155151 0.011650328 0.275551170 0.033297703 0.960638881
1439803924.763135 2.749529362 -0.242968857 4.075771809 0.012720841 0.274798453 0.033772439 0.960824370
1439803924.825636 2.771312475 -0.246051073 4.111260891 0.013944737 0.273955971 0.035894409 0.960970998
1439803924.888136 2.794574976 -0.249312133 4.149497509 0.013577699 0.273604363 0.036326252 0.961060226
1439803924.950638 2.817705631 -0.251938879 4.186868668 0.011777562 0.273357332 0.035799854 0.961174011
1439803925.013138 2.839313984 -0.252826661 4.224004269 0.010574895 0.272992700 0.034949809 0.961322844
1439803925.075640 2.863595963 -0.255813837 4.263838768 0.010651013 0.272567093 0.034871120 0.961445689
1439803925.138142 2.887735367 -0.259402305 4.304395199 0.011346573 0.271760374 0.035373528 0.961647689
1439803925.200644 2.908167124 -0.260344684 4.340978146 0.011236286 0.271652997 0.033597764 0.961742997
1439803925.263144 2.933656931 -0.263798028 4.378984928 0.010742523 0.270465553 0.033425834 0.962089241
1439803925.325646 2.959039927 -0.266984642 4.417975903 0.010288089 0.269568801 0.034167487 0.962319791
1439803925.388148 2.980103493 -0.268710464 4.455726624 0.010341091 0.269345969 0.035244670 0.962342799
1439803925.450647 3.003990889 -0.271354318 4.494486332 0.009717476 0.268776804 0.035943761 0.962482572
1439803925.513148 3.028850794 -0.273650974 4.534214497 0.009447836 0.268039793 0.036335133 0.962676048
1439803925.575650 3.051266909 -0.276264518 4.572593689 0.009573436 0.267799109 0.036776427 0.962725043
1439803925.638153 3.075978756 -0.279243082 4.611669064 0.010031202 0.267416894 0.036497250 0.962837219
1439803925.700653 3.097026348 -0.282109052 4.650786400 0.010831837 0.267639130 0.036514025 0.962766171
1439803925.763154 3.119997263 -0.284130603 4.690446377 0.011446573 0.267652780 0.035543744 0.962791562
1439803925.825654 3.143957853 -0.286744416 4.728600979 0.011507333 0.267472148 0.033875342 0.962901175
1439803925.888156 3.167541504 -0.289348722 4.767896175 0.011274725 0.267248571 0.033147730 0.962991297
1439803925.950656 3.192125320 -0.292567074 4.808504581 0.011216342 0.267097384 0.034313422 0.962993145
1439803926.013158 3.215228081 -0.294337749 4.846896172 0.011083058 0.266912192 0.034951549 0.963023067
1439803926.075661 3.240461349 -0.296582580 4.886693001 0.010697101 0.266661704 0.036021773 0.963057399
1439803926.138159 3.263029814 -0.298786312 4.924716949 0.010447327 0.266646415 0.037207752 0.963019252
1439803926.200661 3.287903309 -0.301568329 4.966483116 0.009497991 0.267352492 0.036654145 0.962854564
1439803926.263162 3.311533451 -0.305327326 5.006508350 0.008825894 0.267992616 0.035215128 0.962736726
1439803926.325669 3.334205866 -0.307429254 5.045066357 0.007889446 0.268283576 0.033386778 0.962728918
1439803926.388167 3.358425617 -0.309331506 5.085740089 0.007101557 0.268837422 0.031773113 0.962635159
1439803926.450667 3.382422924 -0.311663508 5.125739098 0.006631174 0.269043446 0.031417344 0.962592661
1439803926.513168 3.406570673 -0.313874304 5.166098118 0.006775608 0.269364238 0.031352930 0.962504029
1439803926.575669 3.431258202 -0.315811008 5.206421375 0.007259697 0.269559175 0.031555530 0.962439299
1439803926.638171 3.455909252 -0.318380415 5.246648788 0.006980020 0.269807398 0.032364581 0.962344885
1439803926.700673 3.479703426 -0.320639670 5.284955978 0.006997104 0.270150870 0.032318708 0.962249994
1439803926.763174 3.504529953 -0.323369533 5.323171139 0.007634096 0.270437956 0.032266762 0.962166250
1439803926.825675 3.530267715 -0.326334000 5.363735199 0.008685476 0.270877004 0.032161824 0.962037325
1439803926.888177 3.553712130 -0.329238057 5.405164242 0.009422616 0.271772116 0.032401346 0.961769879
1439803926.950678 3.578273773 -0.331233442 5.446266651 0.009747175 0.272468776 0.031929623 0.961585283
1439803927.013183 3.601734400 -0.334035337 5.485244274 0.010013606 0.273043603 0.032001439 0.961417139
1439803927.075686 3.627452374 -0.336321294 5.525767803 0.009585927 0.273460776 0.031388294 0.961323082
1439803927.138182 3.651690483 -0.338540614 5.566217422 0.008726460 0.273887753 0.032228161 0.961181939
1439803927.200684 3.678156853 -0.341292232 5.606561661 0.007494950 0.274010986 0.032883268 0.961135030
1439803927.263185 3.702669621 -0.343698710 5.644526005 0.006828079 0.274061978 0.033513244 0.961103678
1439803927.325686 3.726688862 -0.345988363 5.683446407 0.006196025 0.274370581 0.033452652 0.961022019
1439803927.388188 3.752283335 -0.347774744 5.724100590 0.006056881 0.274685413 0.033413660 0.960934341
1439803927.450689 3.776298523 -0.350687504 5.762890339 0.005538432 0.275191069 0.033224862 0.960799336
1439803927.513190 3.800512075 -0.353167504 5.802591801 0.005543592 0.275719315 0.033149727 0.960650384
1439803927.575694 3.824367762 -0.355546236 5.840019226 0.005894385 0.276008040 0.032759447 0.960578799
1439803927.638193 3.849052906 -0.357300550 5.879746914 0.005896679 0.276336938 0.031855218 0.960514665
1439803927.700694 3.873568058 -0.359282583 5.918222427 0.006534191 0.276637435 0.032729473 0.960394621
1439803927.763195 3.897887707 -0.362259150 5.956799507 0.006665594 0.277146190 0.033000316 0.960237741
1439803927.825697 3.920677423 -0.364062816 5.996219635 0.007187824 0.277804047 0.033062987 0.960041702
1439803927.888198 3.945056677 -0.366702408 6.033513546 0.007266570 0.277937472 0.033056613 0.960002720
1439803927.950699 3.970500469 -0.369335473 6.071616173 0.007356980 0.277932584 0.033887129 0.959974468
1439803928.013201 3.994896650 -0.371319413 6.110483646 0.007259767 0.278208971 0.034302957 0.959880412
1439803928.075703 4.018962383 -0.373593450 6.149721146 0.006800581 0.278592020 0.033789784 0.959790885
1439803928.138204 4.043168068 -0.375878572 6.187308311 0.006964673 0.278614342 0.033852611 0.959780991
1439803928.200705 4.067902565 -0.378857613 6.225994587 0.007484208 0.278717428 0.034607779 0.959720194
1439803928.263206 4.091362476 -0.380790710 6.263305187 0.008130341 0.278863519 0.035589468 0.959636569
1439803928.325708 4.115894318 -0.383512467 6.299238682 0.008548506 0.278685153 0.036930218 0.959634125
1439803928.388209 4.139509201 -0.386180937 6.336582184 0.009027303 0.278614938 0.037459504 0.959629595
1439803928.450710 4.163481712 -0.387884259 6.375294209 0.009449720 0.278621346 0.037044153 0.959639788
1439803928.513212 4.187355518 -0.390479475 6.411725998 0.009733588 0.278324664 0.038128432 0.959680617
1439803928.575713 4.211105347 -0.392443836 6.450664997 0.009554773 0.278323740 0.038718466 0.959659040
1439803928.638215 4.235972404 -0.395276695 6.486157417 0.009200752 0.277301222 0.040223025 0.959896564
1439803928.700718 4.258446693 -0.397152781 6.523163795 0.009021538 0.276750207 0.042145249 0.959974825
1439803928.763217 4.281768322 -0.399441898 6.560481071 0.008625052 0.276029497 0.043083660 0.960144341
1439803928.825719 4.305707455 -0.401191384 6.598285198 0.008466467 0.275630504 0.042270005 0.960296512
1439803928.888220 4.328700542 -0.403415710 6.635822773 0.008527754 0.275367141 0.040867712 0.960432231
1439803928.950722 4.351143837 -0.406198829 6.674150944 0.008638855 0.274729311 0.039703421 0.960662723
1439803929.013223 4.372859955 -0.408537239 6.709280968 0.009144566 0.273757458 0.038505048 0.960984170
1439803929.075729 4.394962788 -0.410765350 6.746381283 0.010148647 0.272511840 0.038978077 0.961309016
1439803929.138226 4.419322014 -0.413650274 6.783195972 0.011273679 0.270748854 0.039975956 0.961753547
1439803929.200729 4.441346169 -0.415479511 6.821215153 0.011420957 0.269957215 0.039721556 0.961984873
1439803929.263234 4.465401173 -0.418034464 6.858984947 0.011670985 0.268396705 0.040170904 0.962399781
1439803929.325730 4.487023354 -0.418994725 6.896173477 0.011427940 0.267642230 0.038480069 0.962681830
1439803929.388234 4.508754253 -0.422523707 6.932682037 0.010999823 0.266436666 0.040060978 0.962956667
1439803929.450733 4.532032013 -0.424541861 6.969985008 0.010800050 0.264932066 0.041569453 0.963310063
1439803929.513234 4.553329468 -0.426886678 7.007389545 0.010336034 0.263882428 0.041266050 0.963616252
1439803929.575734 4.574373245 -0.429566234 7.044258595 0.010045092 0.262898535 0.041629832 0.963872612
1439803929.638235 4.597418785 -0.430741340 7.082884789 0.009817109 0.261549085 0.042965930 0.964183390
1439803929.700736 4.619870186 -0.432458162 7.120755196 0.008561253 0.260298997 0.043261189 0.964520395
1439803929.763238 4.639128208 -0.435527503 7.156487465 0.007510885 0.259667099 0.044722170 0.964632869
1439803929.825738 4.661745071 -0.437917024 7.193640232 0.008165488 0.257951289 0.047052674 0.964976966
1439803929.888244 4.682579041 -0.440803528 7.231232643 0.008014863 0.257012278 0.047910366 0.965186536
1439803929.950743 4.705877304 -0.443565786 7.272141457 0.008227224 0.255941331 0.048519026 0.965438902
1439803930.013246 4.726851940 -0.445486784 7.307736874 0.009202998 0.254926383 0.048847619 0.965682030
1439803930.075748 4.748043060 -0.447511166 7.346726418 0.011620904 0.254002571 0.048551656 0.965914249
1439803930.138246 4.769774914 -0.449566692 7.384307861 0.014105153 0.252782881 0.047327273 0.966261864
1439803930.200748 4.791284561 -0.452565849 7.423328400 0.015593972 0.251571149 0.046086788 0.966615140
1439803930.263249 4.811728001 -0.455071449 7.463226318 0.016259836 0.251016200 0.045688208 0.966767311
1439803930.325750 4.832844734 -0.457422137 7.502172470 0.017055281 0.250005633 0.046264313 0.966988087
1439803930.388254 4.853459835 -0.459903717 7.537723541 0.017102329 0.248665974 0.046592634 0.967316866
1439803930.450755 4.875126839 -0.463087291 7.575404644 0.016557707 0.247216761 0.047163371 0.967670023
1439803930.513254 4.895913601 -0.466142803 7.615117073 0.015485580 0.246314228 0.047018643 0.967924953
1439803930.575756 4.917010784 -0.468896061 7.654789448 0.014883911 0.245129034 0.047078259 0.968232334
1439803930.638257 4.936967850 -0.471375465 7.694511414 0.014297944 0.244411781 0.046314970 0.968459249
1439803930.700758 4.958338737 -0.474126428 7.733524323 0.013740608 0.242896512 0.045668125 0.968879223
1439803930.763265 4.978408337 -0.476563841 7.773738861 0.013401365 0.242119446 0.044946451 0.969112158
1439803930.825761 4.997856140 -0.479764462 7.812207699 0.012932209 0.240977719 0.044963013 0.969402313
1439803930.888263 5.019299507 -0.481687784 7.853372097 0.012537855 0.239957616 0.044509295 0.969681442
1439803930.950764 5.040784836 -0.483976245 7.892956734 0.011783781 0.238684192 0.043967068 0.970029831
1439803931.013266 5.059320927 -0.486152261 7.928899765 0.012162401 0.237365678 0.044198636 0.970338106
1439803931.075768 5.081881523 -0.489816129 7.969451427 0.012248033 0.235921636 0.043642126 0.970714331
1439803931.138270 5.102524757 -0.492248774 8.008503914 0.012258953 0.234747469 0.044020426 0.970981777
1439803931.200772 5.120156765 -0.493505299 8.047363281 0.011436256 0.234284148 0.042334244 0.971178651
1439803931.263273 5.136967182 -0.499422610 8.084979057 0.010604289 0.233077407 0.043821491 0.971412420
1439803931.325775 5.157077789 -0.499207258 8.125387192 0.010326490 0.232265994 0.042702485 0.971659601
1439803931.388277 5.176329613 -0.501260459 8.164463997 0.009916021 0.230938613 0.041962612 0.972012401
1439803931.450780 5.197486877 -0.504332960 8.205362320 0.009629013 0.229616717 0.040300395 0.972398758
1439803931.513277 5.215854645 -0.506939173 8.244599342 0.010426814 0.228548020 0.039167218 0.972688556
1439803931.575778 5.234058380 -0.510190487 8.281867981 0.011431782 0.227113366 0.038811181 0.973027527
1439803931.638283 5.253139496 -0.511904597 8.321364403 0.012690250 0.225909472 0.038104564 0.973320067
1439803931.700781 5.271702766 -0.515774071 8.361577988 0.013277330 0.224753782 0.038331740 0.973570824
1439803931.763283 5.288807869 -0.518718123 8.398472786 0.013596089 0.223417491 0.040064462 0.973804176
1439803931.825784 5.309607983 -0.520440221 8.440499306 0.013384389 0.222272739 0.038473930 0.974133193
1439803931.888286 5.329714298 -0.523785949 8.482775688 0.012885589 0.221056268 0.037716996 0.974446297
1439803931.950787 5.345828533 -0.526314497 8.519797325 0.012247185 0.219842911 0.037604775 0.974733293
1439803932.013291 5.365091801 -0.529328823 8.561089516 0.012433317 0.218591496 0.037034344 0.975034177
1439803932.075789 5.383768082 -0.533764958 8.603140831 0.013050456 0.217068732 0.037571639 0.975345731
1439803932.138291 5.398840904 -0.534781992 8.635062218 0.013998591 0.215574428 0.038094562 0.975643635
1439803932.200792 5.418743134 -0.539264619 8.679681778 0.014710395 0.214412779 0.038836278 0.975859880
1439803932.263293 5.437171936 -0.540506840 8.717082977 0.015439987 0.213206798 0.039090134 0.976102710
1439803932.325795 5.458158016 -0.544030190 8.762742043 0.015788659 0.212078273 0.038903262 0.976350367
1439803932.388296 5.477163792 -0.547283590 8.802885056 0.014709327 0.210734710 0.038746752 0.976664305
1439803932.450800 5.494788647 -0.549700916 8.844789505 0.013543363 0.209644005 0.038606949 0.976921439
1439803932.575799 5.530083179 -0.556170821 8.926580429 0.013031082 0.206958547 0.039737117 0.977455497
1439803932.638301 5.546817303 -0.558362663 8.966504097 0.013410625 0.205884352 0.039759938 0.977676272
1439803932.700805 5.564443111 -0.562781274 9.007390976 0.013378031 0.204456776 0.040869284 0.977930546
1439803932.763304 5.583851814 -0.564403534 9.049648285 0.013964713 0.203226179 0.040709056 0.978185475
1439803932.825808 5.600415230 -0.566935599 9.090011597 0.014306619 0.202050328 0.041175950 0.978404582
1439803932.950806 5.635070324 -0.573312342 9.173859596 0.013264814 0.199646547 0.040187690 0.978953660
1439803933.013307 5.652022362 -0.575225651 9.214740753 0.012364554 0.198476210 0.038813204 0.979258835
1439803933.075809 5.670163155 -0.577632964 9.257650375 0.011589318 0.197081193 0.037413921 0.979604423
1439803933.138311 5.684760094 -0.580506563 9.297319412 0.010667809 0.195977867 0.036610030 0.979866624
1439803933.200812 5.703435421 -0.583773911 9.342372894 0.009941692 0.194557309 0.035397112 0.980201840
1439803933.325827 5.735479832 -0.589533865 9.425389290 0.007994793 0.192439631 0.033319209 0.980710387
1439803933.388314 5.750866413 -0.591241717 9.467484474 0.006966467 0.191953659 0.030992702 0.980889738
1439803933.450816 5.767555237 -0.593621492 9.506017685 0.006421321 0.191029355 0.030710941 0.981082737
1439803933.513318 5.782370567 -0.596567512 9.547451973 0.005893557 0.191229433 0.028431563 0.981115818
1439803933.575818 5.798463821 -0.599805176 9.590227127 0.005578420 0.191140622 0.025993705 0.981202543
1439803933.700820 5.834432602 -0.603701890 9.678681374 0.006459314 0.191171840 0.022791568 0.981270671
1439803933.763323 5.849246979 -0.607105315 9.719381332 0.006858187 0.191458836 0.021984875 0.981230438
1439803933.825823 5.865151405 -0.609816253 9.759024620 0.007545930 0.191457957 0.022421341 0.981215656
1439803933.888324 5.883591652 -0.612143695 9.801343918 0.008431809 0.191445529 0.022643486 0.981205761
1439803933.950825 5.900105000 -0.615490735 9.844379425 0.008668061 0.191950962 0.022984294 0.981097043
1439803934.075828 5.933245659 -0.621031404 9.926918983 0.008742156 0.193011597 0.021842496 0.980914354
1439803934.138330 5.949646950 -0.623249590 9.967850685 0.008883162 0.193058193 0.021407800 0.980913520
1439803934.200830 5.966350079 -0.626875222 10.009190559 0.008376708 0.193209812 0.021280922 0.980890870
1439803934.263333 5.983128548 -0.629376471 10.049810410 0.007979141 0.193350807 0.020681256 0.980879247
1439803934.325835 5.999998569 -0.631664395 10.091607094 0.007585553 0.193370923 0.020365141 0.980885029
1439803934.388334 6.015931606 -0.635039926 10.132834435 0.007040360 0.193723783 0.020013904 0.980826676
1439803934.513335 6.051423073 -0.640566587 10.215792656 0.006346577 0.193565682 0.019221079 0.980878472
1439803934.575839 6.067998886 -0.643073678 10.257428169 0.006236596 0.194051832 0.018215129 0.980802357
1439803934.638340 6.083938122 -0.646495700 10.297760010 0.006023532 0.194210425 0.017513679 0.980785012
1439803934.700839 6.101935387 -0.648436546 10.339380264 0.006386098 0.194370642 0.016659845 0.980765879
1439803934.763339 6.116921425 -0.651154339 10.379590988 0.006432385 0.195022851 0.015773783 0.980650723
1439803934.825843 6.134034634 -0.654598236 10.421488762 0.006344700 0.195547864 0.015426804 0.980552316
1439803934.950844 6.167530060 -0.658954918 10.505266190 0.006591735 0.196608245 0.014352969 0.980354905
1439803935.013343 6.185253620 -0.661400020 10.544536591 0.006615006 0.196878523 0.013625864 0.980310857
1439803935.075846 6.201266766 -0.664986074 10.584491730 0.006534990 0.197144568 0.014489575 0.980245531
1439803935.138345 6.218769073 -0.667959690 10.625488281 0.006631544 0.197346643 0.015673693 0.980186045
1439803935.200849 6.236990452 -0.670307994 10.666443825 0.006425887 0.197567821 0.016089262 0.980136096
1439803935.325849 6.272514820 -0.673910439 10.747796059 0.005823059 0.197998017 0.014968244 0.980070829
1439803935.388350 6.287375927 -0.678099275 10.788630486 0.005364211 0.198109835 0.014398467 0.980059385
1439803935.450851 6.305148125 -0.680641770 10.829549789 0.005360257 0.197854027 0.014167951 0.980114460
1439803935.513352 6.322275639 -0.683888674 10.869881630 0.005187802 0.197284222 0.014706803 0.980222285
1439803935.575854 6.338979721 -0.686287582 10.909496307 0.005065236 0.196587250 0.015511086 0.980350554
1439803935.700856 6.372225761 -0.692003608 10.992214203 0.005290208 0.196201548 0.015462188 0.980427384
1439803935.763359 6.387640953 -0.694313526 11.030883789 0.005565049 0.196129501 0.014559274 0.980454087
1439803935.825859 6.403383732 -0.697228491 11.072448730 0.005885204 0.196254000 0.012813506 0.980451703
1439803935.888361 6.419766903 -0.699917078 11.112780571 0.005965463 0.195861906 0.011106402 0.980550468
1439803935.950861 6.435607433 -0.702043533 11.151051521 0.006364815 0.195185587 0.009876960 0.980695963
1439803936.013364 6.451209545 -0.705538154 11.190133095 0.006325077 0.194529727 0.009446066 0.980830729
1439803936.075864 6.466344833 -0.709007800 11.227453232 0.006053585 0.193930715 0.010049438 0.980945051
1439803936.138365 6.481570244 -0.711197495 11.269223213 0.006019742 0.193870127 0.008839157 0.980968893
1439803936.200866 6.496520519 -0.715080202 11.307092667 0.006013162 0.193480104 0.008085954 0.981052458
1439803936.263368 6.512678146 -0.717240214 11.346706390 0.006302122 0.193169385 0.006679228 0.981122434
1439803936.325871 6.529252529 -0.720048904 11.385964394 0.006878572 0.192630902 0.006386484 0.981226385
1439803936.388372 6.544995308 -0.722467542 11.424606323 0.006952880 0.192335308 0.006106040 0.981285632
1439803936.450871 6.560180664 -0.725551963 11.465760231 0.007202223 0.191856280 0.007353149 0.981369078
1439803936.513371 6.574044228 -0.728439569 11.503314018 0.006798592 0.191603616 0.007961261 0.981416583
1439803936.575876 6.590150833 -0.730786920 11.542191505 0.006810715 0.190902084 0.008187326 0.981551290
1439803936.700873 6.615395069 -0.735756397 11.616770744 0.006524994 0.191032305 0.002570364 0.981558681
1439803936.763373 6.634801388 -0.739741445 11.657979012 0.007260002 0.189696282 0.001233185 0.981815219
1439803936.825879 6.649936199 -0.742071092 11.697129250 0.007650127 0.189085007 -0.000150711 0.981930912
1439803936.888375 6.665277481 -0.744972348 11.735551834 0.008293374 0.187995091 -0.000059936 0.982134938
1439803936.950875 6.678547859 -0.747882485 11.771644592 0.008507119 0.186946929 0.000836550 0.982332826
1439803937.075877 6.705661297 -0.754781067 11.846511841 0.006627882 0.186464310 0.002089599 0.982437134
1439803937.138376 6.722137928 -0.756331325 11.884286880 0.005445086 0.186317056 0.000598647 0.982474387
1439803937.200876 6.737332344 -0.758682370 11.924079895 0.004404978 0.186373472 -0.000990832 0.982468605
1439803937.263377 6.751242161 -0.760889947 11.962884903 0.004042266 0.186334118 -0.001982311 0.982476115
1439803937.325878 6.764720917 -0.763946176 11.999553680 0.003541684 0.186130941 -0.003170984 0.982513428
1439803937.388378 6.779059410 -0.767460883 12.037523270 0.003933433 0.185673237 -0.003117491 0.982598722
1439803937.513379 6.808666229 -0.772124767 12.114149094 0.005126744 0.185240403 -0.004277997 0.982670546
1439803937.575879 6.823541641 -0.774511695 12.151886940 0.004915226 0.184558466 -0.004647105 0.982798278
1439803937.638379 6.837119102 -0.776839256 12.187839508 0.004175436 0.184058845 -0.004827939 0.982894480
1439803937.700881 6.851418495 -0.779691279 12.227422714 0.004169098 0.184117258 -0.005260335 0.982881367
1439803937.763381 6.865474701 -0.782421291 12.265060425 0.004058824 0.183794916 -0.006230850 0.982936442
1439803937.825881 6.879762173 -0.785045981 12.303189278 0.003607596 0.183821157 -0.007161770 0.982927024
1439803937.888383 6.892142296 -0.788221836 12.338267326 0.002479760 0.184063032 -0.008736491 0.982872486
1439803937.950886 6.907197475 -0.790341318 12.377300262 0.003360713 0.183559462 -0.008275032 0.982968032
1439803938.013385 6.923793793 -0.793329716 12.414816856 0.004436018 0.182097748 -0.006847375 0.983246565
1439803938.075884 6.930708408 -0.793790460 12.446707726 0.005021346 0.184248403 -0.008370580 0.982831240
1439803938.138388 6.949400902 -0.800675988 12.487170219 0.001924187 0.183742911 -0.008879717 0.982932329
1439803938.200885 6.962839127 -0.801430821 12.522659302 0.003808213 0.183721781 -0.008080112 0.982937694
1439803938.263386 6.976014137 -0.805981398 12.554781914 0.002491475 0.183526620 -0.007357354 0.982984066
1439803938.325887 6.991113663 -0.803851485 12.594445229 0.004860807 0.183322266 -0.008175480 0.983006895
1439803938.388390 7.004440784 -0.809011996 12.631350517 0.003768910 0.183281198 -0.008092571 0.983020008
1439803938.450889 7.018023491 -0.810908139 12.665686607 0.003122368 0.183291271 -0.009336500 0.983009338
1439803938.513394 7.031561852 -0.813013434 12.704203606 0.002757481 0.182790413 -0.008682637 0.983109713
1439803938.575894 7.043700218 -0.817547798 12.738521576 0.001506365 0.183039501 -0.010354537 0.983049870
1439803938.638394 7.057612896 -0.819112420 12.774383545 0.001792728 0.182110488 -0.008983377 0.983235419
1439803938.700897 7.070928097 -0.820611119 12.809439659 0.002563307 0.181531012 -0.008662484 0.983343720
1439803938.763396 7.083977222 -0.823933005 12.845182419 0.002134729 0.181158349 -0.008101098 0.983418286
1439803938.825901 7.097392082 -0.826328039 12.880280495 0.001574017 0.180891961 -0.008826487 0.983462155
1439803938.888401 7.109704971 -0.828402758 12.915918350 0.001172949 0.181173176 -0.010258313 0.983397007
1439803938.950902 7.122323990 -0.830495298 12.951600075 0.001472023 0.181238234 -0.009993520 0.983387351
1439803939.013406 7.134798050 -0.832509398 12.986675262 0.001726214 0.181108102 -0.009939347 0.983411431
1439803939.075907 7.147787571 -0.834774494 13.021890640 0.001629040 0.180903912 -0.010285698 0.983445644
1439803939.138405 7.160641670 -0.836844146 13.056449890 0.000518727 0.180515975 -0.011712233 0.983502150
1439803939.200907 7.172102451 -0.838302314 13.090409279 -0.000693586 0.180454895 -0.013285055 0.983493268
1439803939.263405 7.185753822 -0.841085911 13.126391411 -0.001592874 0.179684013 -0.014439796 0.983617127
1439803939.325907 7.197542191 -0.843401134 13.161386490 -0.001436497 0.179410279 -0.013938254 0.983674526
1439803939.388408 7.211258888 -0.845714331 13.195181847 -0.000078694 0.178746730 -0.012095446 0.983820796
1439803939.450909 7.224338531 -0.848240972 13.229172707 0.002048853 0.178107560 -0.008921829 0.983968437
1439803939.513411 7.237610817 -0.850998759 13.262963295 0.003152600 0.178045854 -0.007337054 0.983989775
1439803939.575912 7.249832630 -0.853544772 13.296295166 0.003648251 0.178735241 -0.007431254 0.983862400
1439803939.638412 7.262604237 -0.855466366 13.330798149 0.003778693 0.179564372 -0.008291329 0.983704031
1439803939.700914 7.274769783 -0.858044028 13.363496780 0.002980545 0.180537239 -0.010425996 0.983508348
1439803939.763416 7.286984444 -0.860574961 13.397704124 0.002133771 0.180984408 -0.011573779 0.983415544
1439803939.825917 7.298718452 -0.861394703 13.431920052 0.001607966 0.181130573 -0.011442513 0.983391166
1439803939.888418 7.311660767 -0.863612771 13.465868950 0.000399445 0.180712521 -0.010291208 0.983482003
1439803939.950920 7.324865341 -0.864943743 13.498199463 0.000036307 0.180409104 -0.007669544 0.983561754
1439803940.013420 7.337384224 -0.868040681 13.531766891 -0.000734109 0.180728465 -0.005687487 0.983516335
1439803940.075924 7.349838257 -0.870118141 13.565917015 -0.001069315 0.181165069 -0.005014921 0.983439326
1439803940.138423 7.362105370 -0.872189760 13.596919060 -0.001294538 0.181008846 -0.005350601 0.983466089
1439803940.200926 7.374372959 -0.873369932 13.630159378 -0.000829694 0.180889890 -0.006249940 0.983483136
1439803940.263424 7.385645390 -0.875729442 13.663231850 -0.000470851 0.180976346 -0.006593227 0.983465254
1439803940.325925 7.398266792 -0.877680898 13.695175171 -0.000124386 0.180477083 -0.006915223 0.983554840
1439803940.388428 7.410630226 -0.880037606 13.727108955 0.000142899 0.180179313 -0.006447438 0.983612657
1439803940.450929 7.422493458 -0.882205248 13.759179115 0.000317735 0.179888412 -0.006221740 0.983667254
1439803940.513430 7.433862209 -0.883766353 13.791415215 0.000476569 0.180010855 -0.006314228 0.983644247
1439803940.575931 7.446191788 -0.885775626 13.823248863 0.000349936 0.179547980 -0.006049574 0.983730555
1439803940.638433 7.457286358 -0.887723804 13.856506348 0.000049616 0.179890290 -0.005667465 0.983670354
1439803940.700934 7.469300270 -0.889690459 13.888338089 -0.000574415 0.179658890 -0.005711451 0.983712196
1439803940.763436 7.480864525 -0.890842974 13.919034004 -0.000776054 0.179197907 -0.005794837 0.983795702
1439803940.825937 7.492561340 -0.892922580 13.950924873 -0.001473181 0.178810909 -0.005438702 0.983867347
1439803940.888439 7.504179478 -0.895337284 13.983954430 -0.002282428 0.178414062 -0.004557001 0.983942330
1439803940.950940 7.515432835 -0.896215260 14.013417244 -0.002932977 0.178370088 -0.005425798 0.983944118
1439803941.013441 7.526290894 -0.898312747 14.044456482 -0.003560681 0.177980334 -0.005090958 0.984014452
1439803941.075942 7.537474632 -0.900321543 14.075609207 -0.004158512 0.177600294 -0.004773807 0.984082341
1439803941.138444 7.548836231 -0.901333570 14.105607033 -0.004163025 0.177074984 -0.004623144 0.984177709
1439803941.200945 7.559495449 -0.902947485 14.135576248 -0.004524786 0.176727086 -0.004920744 0.984237194
1439803941.263446 7.570205212 -0.904851675 14.167281151 -0.004891015 0.176431075 -0.004937172 0.984288454
1439803941.325948 7.581325531 -0.906386018 14.197793007 -0.005088014 0.175824150 -0.005195106 0.984394729
1439803941.388449 7.591072083 -0.907607734 14.223390579 -0.004877178 0.175283268 -0.004657570 0.984494925
1439803941.450951 7.601579666 -0.909155726 14.253176689 -0.005001210 0.174479708 -0.005002531 0.984635353
1439803941.513454 7.610889435 -0.911136389 14.282063484 -0.005425671 0.173701748 -0.005307569 0.984769046
1439803941.575952 7.621062279 -0.911955714 14.310882568 -0.005173356 0.172624767 -0.005188606 0.984960377
1439803941.638452 7.628358841 -0.913682580 14.334819794 -0.005111748 0.171583816 -0.005142635 0.985142827
1439803941.700953 7.638273239 -0.915445924 14.362443924 -0.005080011 0.170343488 -0.004857341 0.985359669
1439803941.763453 7.646750450 -0.916693270 14.389710426 -0.005487660 0.169634372 -0.005389389 0.985477030
1439803941.825954 7.655206680 -0.917498767 14.414386749 -0.005753829 0.168951944 -0.005493244 0.985592186
1439803941.888458 7.663098335 -0.919294655 14.440693855 -0.006089938 0.168317035 -0.005720634 0.985697508
1439803941.950956 7.671305656 -0.921351194 14.465745926 -0.006261894 0.167511210 -0.005775459 0.985833347
1439803942.013455 7.679871559 -0.921728492 14.488944054 -0.005420545 0.166452944 -0.004737695 0.986023128
1439803942.075959 7.687376022 -0.923349679 14.514255524 -0.005282408 0.165912449 -0.004048335 0.986118019
1439803942.138461 7.694162369 -0.924412251 14.535227776 -0.005191100 0.165144458 -0.003343564 0.986250043
1439803942.200962 7.701954842 -0.926109552 14.555587769 -0.005262311 0.164439231 -0.004408911 0.986363351
1439803942.263461 7.708748341 -0.927699208 14.573309898 -0.005295527 0.163640723 -0.004624316 0.986494958
1439803942.325965 7.714644432 -0.927759886 14.595773697 -0.004681315 0.162815690 -0.003281145 0.986639917
1439803942.388466 7.720570087 -0.929309845 14.613654137 -0.004571190 0.162470967 -0.004104781 0.986694217
1439803942.450969 7.726125240 -0.930099130 14.631342888 -0.004321234 0.161827281 -0.004060495 0.986801326
1439803942.513469 7.730609894 -0.931245565 14.649547577 -0.004098316 0.161742821 -0.004420144 0.986814559
1439803942.575969 7.736319065 -0.931989253 14.663512230 -0.003740327 0.160789654 -0.004576938 0.986970961
1439803942.638474 7.740618706 -0.932915032 14.677601814 -0.003578993 0.160469115 -0.004829943 0.987022579
1439803942.700972 7.744382858 -0.933572173 14.692260742 -0.003691062 0.159860849 -0.004673499 0.987121582
1439803942.763474 7.748944283 -0.934234917 14.704456329 -0.004121241 0.159190997 -0.004520572 0.987228811
1439803942.825975 7.752634048 -0.934685886 14.716096878 -0.004284818 0.158659369 -0.004332664 0.987314582
1439803942.888477 7.756338120 -0.935886681 14.726714134 -0.004574071 0.158209473 -0.003954853 0.987387061
1439803942.950978 7.759219646 -0.936301589 14.736595154 -0.004448419 0.157877892 -0.003569130 0.987442136
1439803943.013482 7.762101650 -0.936624825 14.746414185 -0.004240088 0.157613829 -0.003618395 0.987485111
1439803943.075980 7.764409065 -0.937092006 14.754370689 -0.004181975 0.157279328 -0.003604519 0.987538695
1439803943.138482 7.766884804 -0.937446415 14.762084961 -0.003918699 0.156900778 -0.003651152 0.987599850
1439803943.200983 7.768871307 -0.937914908 14.769103050 -0.003875325 0.156743333 -0.004097953 0.987623274
1439803943.263485 7.771352768 -0.938297749 14.775289536 -0.003732589 0.156208739 -0.004005041 0.987708867
1439803943.325986 7.772724628 -0.938717961 14.781789780 -0.003540053 0.156204328 -0.004023713 0.987710238
1439803943.388487 7.774457932 -0.939183116 14.786816597 -0.003451634 0.155962348 -0.003776315 0.987749755
1439803943.450989 7.776078701 -0.938948214 14.792270660 -0.002928747 0.155766398 -0.003542664 0.987783253
1439803943.513493 7.777596951 -0.939484000 14.797206879 -0.002748847 0.155535087 -0.003352170 0.987820864
1439803943.575992 7.779071808 -0.940010667 14.802483559 -0.002348758 0.155395135 -0.003300941 0.987844050
1439803943.638493 7.780596256 -0.940281570 14.807443619 -0.001884493 0.155230880 -0.003394637 0.987870574
1439803943.700995 7.781964302 -0.940803349 14.812142372 -0.001622556 0.155016705 -0.003648292 0.987903774
1439803943.763496 7.783524513 -0.941087127 14.817913055 -0.001540489 0.154788315 -0.003774415 0.987939239
1439803943.825997 7.785159588 -0.941413105 14.822923660 -0.001583926 0.154512331 -0.003854434 0.987982094
1439803943.888498 7.786581039 -0.941644907 14.828012466 -0.001483385 0.154387906 -0.003716462 0.988002181
1439803943.951015 7.788412571 -0.942170978 14.833561897 -0.001378293 0.154294848 -0.003831047 0.988016486
1439803944.013501 7.790028572 -0.942361295 14.839834213 -0.000887968 0.154096007 -0.003592422 0.988048971
1439803944.076003 7.791792870 -0.942696929 14.845721245 -0.000463453 0.153876364 -0.003500307 0.988083780
1439803944.138504 7.793541431 -0.943242550 14.852040291 -0.000005645 0.153767377 -0.003405125 0.988101184
1439803944.201006 7.795510292 -0.943691492 14.858598709 0.000443423 0.153517604 -0.003362445 0.988140106
1439803944.263507 7.798185349 -0.944027305 14.866637230 0.000994267 0.153101429 -0.003275820 0.988204539
1439803944.326008 7.800686836 -0.944419682 14.874285698 0.001275561 0.152697325 -0.003255849 0.988266766
1439803944.388509 7.803107262 -0.944801092 14.882444382 0.001415280 0.152476937 -0.003316315 0.988300443
1439803944.451012 7.805559158 -0.945381582 14.891106606 0.001447304 0.152324036 -0.003475955 0.988323450
1439803944.513512 7.808403015 -0.946173072 14.901208878 0.001637782 0.152158424 -0.003311662 0.988349199
1439803944.576014 7.811185837 -0.946620524 14.910760880 0.001846423 0.151790321 -0.003280485 0.988405526
1439803944.638515 7.814264297 -0.947227538 14.920869827 0.002007958 0.151329741 -0.003002878 0.988476694
1439803944.701016 7.817608356 -0.948018551 14.932168961 0.002052932 0.151069209 -0.002743026 0.988517225
1439803944.763523 7.820977211 -0.948599815 14.943326950 0.002098839 0.150875404 -0.002730476 0.988546789
1439803944.826020 7.824149609 -0.949265957 14.954657555 0.002054887 0.150706917 -0.002656013 0.988572776
1439803944.888520 7.827808857 -0.949915707 14.966609955 0.002118616 0.150257915 -0.002579879 0.988641202
1439803944.951022 7.831211567 -0.950583577 14.979523659 0.002263091 0.149946243 -0.002580366 0.988688231
1439803945.013523 7.835683823 -0.951435149 14.993572235 0.002520439 0.149506390 -0.002317714 0.988754869
1439803945.076027 7.839488029 -0.952263296 15.006918907 0.002577586 0.149544165 -0.002847607 0.988747597
1439803945.138527 7.843582630 -0.952973723 15.020633698 0.002716769 0.149586692 -0.002635766 0.988741398
1439803945.201027 7.847943783 -0.953740299 15.034626961 0.002725946 0.149451241 -0.002277859 0.988762736
1439803945.263529 7.852416992 -0.954718530 15.049491882 0.002768408 0.149396226 -0.001859612 0.988771796
1439803945.326036 7.857818604 -0.955738068 15.066350937 0.002993791 0.149205029 -0.001598809 0.988800466
1439803945.388532 7.862416744 -0.956494391 15.082360268 0.003196226 0.149237618 -0.000902629 0.988795817
1439803945.451033 7.867343903 -0.957369983 15.097834587 0.002818746 0.149066553 -0.000123160 0.988823116
1439803945.513537 7.872509956 -0.958310604 15.114149094 0.002471341 0.148872674 0.000283531 0.988853216
1439803945.576036 7.877605438 -0.959074855 15.131753922 0.002268905 0.148814648 0.000371682 0.988862455
1439803945.638537 7.882768631 -0.960287333 15.149612427 0.001666516 0.148755178 0.000198371 0.988872647
1439803945.701039 7.887922287 -0.961276710 15.166560173 0.000971917 0.148566127 0.000985839 0.988901496
1439803945.763540 7.893239975 -0.962280631 15.183563232 0.000493920 0.148237482 0.000924201 0.988951266
1439803945.826041 7.898098946 -0.963665903 15.199962616 0.000498117 0.147987172 0.001027289 0.988988638
1439803945.888543 7.902831554 -0.964158535 15.216774940 0.000621074 0.147943258 0.000698127 0.988995433
1439803945.951044 7.907977104 -0.965585172 15.235134125 0.000371167 0.147816584 0.000810506 0.989014387
1439803946.013546 7.913160801 -0.966686189 15.252289772 0.000309220 0.147435397 0.001273166 0.989070833
1439803946.076048 7.918528557 -0.967595100 15.269231796 0.000435905 0.146899983 0.001227638 0.989150524
1439803946.138549 7.923185349 -0.968040586 15.286355019 0.000846329 0.146139771 0.002491155 0.989260435
1439803946.201050 7.927851677 -0.969184697 15.303146362 0.000783350 0.145331860 0.003346934 0.989376962
1439803946.263552 7.932873249 -0.970129013 15.322244644 0.000807696 0.144454479 0.003562186 0.989504695
1439803946.326053 7.937488556 -0.970899940 15.338572502 0.000793354 0.143340617 0.003691837 0.989666224
1439803946.388554 7.941884518 -0.971874297 15.355154037 0.000697321 0.142127290 0.003673041 0.989841342
1439803946.451054 7.946338654 -0.972658932 15.370940208 0.000500291 0.140796855 0.003822192 0.990031004
1439803946.513555 7.950390816 -0.973377645 15.389786720 0.000394053 0.139760450 0.003744713 0.990178227
1439803946.576056 7.955039024 -0.973827183 15.407007217 0.000357860 0.138479084 0.002983113 0.990360796
1439803946.638556 7.958873749 -0.974478781 15.421844482 0.000479312 0.136981651 0.003005194 0.990568936
1439803946.701056 7.963662148 -0.974916756 15.438318253 0.000297964 0.135726228 0.002908493 0.990742087
1439803946.763558 7.967436790 -0.974956214 15.452183723 -0.000260895 0.134545133 0.002507342 0.990904272
1439803946.826058 7.971420765 -0.975659788 15.469257355 -0.000488289 0.133479163 0.002881736 0.991047263
1439803946.888558 7.975289345 -0.976250768 15.482545853 -0.000040754 0.131781965 0.004132213 0.991270125
1439803946.951060 7.979954720 -0.976481378 15.497302055 0.000502124 0.130213916 0.004367321 0.991476178
1439803947.013560 7.983424187 -0.976794004 15.509840012 0.000585395 0.128697887 0.004643848 0.991672814
1439803947.076059 7.988986015 -0.976693392 15.525886536 0.000784155 0.127192736 0.004167489 0.991868913
1439803947.138564 7.992003441 -0.977448761 15.541157722 0.000998404 0.126061887 0.003761541 0.992014766
1439803947.201061 7.996420860 -0.977928460 15.554322243 0.001643303 0.124412380 0.003806406 0.992221951
1439803947.263561 8.000000000 -0.978230715 15.566493988 0.002283229 0.122997336 0.003481938 0.992398262
1439803947.326064 8.002610207 -0.978577316 15.577553749 0.002429995 0.121891573 0.002291508 0.992537856
1439803947.388565 8.005523682 -0.979387939 15.591907501 0.002770471 0.120988399 0.001866547 0.992648304
1439803947.451065 8.009527206 -0.979315042 15.604722977 0.003193732 0.119889066 0.001463988 0.992781103
1439803947.513567 8.012579918 -0.979681253 15.614900589 0.003549665 0.118628547 0.002295143 0.992929697
1439803947.576065 8.017896652 -0.979003549 15.626333237 0.004121714 0.117256723 0.002511800 0.993089914
1439803947.638564 8.023281097 -0.978358388 15.639496803 0.004798233 0.115813412 0.002905466 0.993255138
1439803947.701071 8.026201248 -0.979724228 15.654777527 0.004371366 0.115131050 0.002078497 0.993338525
1439803947.763573 8.029911041 -0.979298174 15.666475296 0.004025711 0.114048816 0.000503396 0.993466854
1439803947.826073 8.033582687 -0.979138255 15.677738190 0.004353547 0.112418659 0.000872784 0.993651032
1439803947.888570 8.037250519 -0.979027629 15.688728333 0.004204914 0.111056909 -0.000290377 0.993805110
1439803947.951070 8.041757584 -0.978668809 15.702870369 0.004361411 0.109515950 -0.000186492 0.993975461
1439803948.013571 8.042691231 -0.979484260 15.710059166 0.003638696 0.108381137 -0.001633480 0.994101405
1439803948.076072 8.040410042 -0.981062412 15.709227562 0.003496375 0.106278077 0.000545372 0.994330168
1439803948.138573 8.039883614 -0.982131541 15.712544441 0.002241672 0.105282359 -0.000932917 0.994439423
1439803948.201073 8.049134254 -0.982987463 15.756039619 0.003661533 0.105676740 -0.000829582 0.994393468
1439803948.263574 8.071320534 -0.977724612 15.791120529 0.005584623 0.103522785 -0.003070635 0.994606674
1439803948.326074 8.072968483 -0.979421616 15.797606468 0.005820109 0.101950318 -0.002988108 0.994767964
1439803948.388577 8.074396133 -0.976549506 15.772830009 0.005848878 0.097432151 -0.003017281 0.995220423
1439803948.451079 8.075613022 -0.976205468 15.777238846 0.005834403 0.095853567 -0.003091730 0.995373547
1439803948.513578 8.061977386 -0.988160849 15.825857162 0.004466031 0.100676775 -0.002030750 0.994907081
1439803948.576080 8.064809799 -0.988265038 15.833436012 0.003890616 0.098859817 -0.002367662 0.995090961
1439803948.638581 8.071254730 -0.991985321 15.848656654 0.003131278 0.097290926 -0.002779339 0.995247185
1439803948.701086 8.075691223 -0.996387124 15.859726906 0.002749455 0.095418639 -0.002863148 0.995429337
1439803948.763583 8.077142715 -0.997216344 15.875453949 0.002642572 0.094316289 -0.003682547 0.995531976
1439803948.826088 8.077901840 -0.991360128 15.891760826 0.004262348 0.093140818 -0.004539252 0.995633483
1439803948.888589 8.076318741 -0.993012309 15.912146568 0.004361641 0.092602849 -0.005289116 0.995679498
1439803948.951088 8.083611488 -0.993866742 15.926828384 0.004673936 0.089888602 -0.006111729 0.995922089
1439803949.013588 8.087682724 -0.994433701 15.943396568 0.005159080 0.087369114 -0.007101141 0.996137321
1439803949.076092 8.090768814 -0.985123038 15.955642700 0.006928702 0.084570736 -0.009640859 0.996346772
1439803949.138591 8.096289635 -0.987475634 15.970121384 0.006913147 0.081181675 -0.009494181 0.996630132
1439803949.201094 8.088694572 -0.999501050 15.992279053 0.004926516 0.081186503 -0.008129452 0.996653616
1439803949.263594 8.077555656 -1.012955427 16.004676819 0.002440767 0.080714889 -0.004972716 0.996721864
1439803949.326095 8.090063095 -1.015209794 16.022197723 0.002102101 0.076610483 -0.004378238 0.997049272
1439803949.388598 8.089875221 -1.012489319 16.034845352 0.002569310 0.073997997 -0.004321827 0.997245729
1439803949.451097 8.098599434 -1.007643700 16.051393509 0.003719174 0.069848277 -0.005229008 0.997536957
1439803949.513599 8.099779129 -1.007866859 16.069110870 0.004312374 0.066819973 -0.005880832 0.997738421
1439803949.576100 8.097682953 -1.007665992 16.091815948 0.005266122 0.065574549 -0.008136189 0.997800589
1439803949.638602 8.103971481 -1.012162685 16.108955383 0.006067350 0.061824512 -0.009080130 0.998027265
1439803949.701100 8.106150627 -1.017288685 16.124998093 0.006609629 0.058241896 -0.009415164 0.998236239
1439803949.763604 8.103560448 -1.017710209 16.139419556 0.007886026 0.055172641 -0.010195482 0.998393595
1439803949.826106 8.098160744 -1.018444419 16.152746201 0.009014937 0.052104693 -0.009668903 0.998554111
1439803949.888603 8.091238976 -1.018556476 16.164205551 0.010290750 0.048998520 -0.008296009 0.998711407
1439803949.951106 8.087913513 -1.019032598 16.177011490 0.011485298 0.045348972 -0.006369276 0.998884857
1439803950.013607 8.102478027 -1.017781496 16.213136673 0.013541612 0.041259009 -0.008357673 0.999021769
1439803950.076109 8.110467911 -1.020241022 16.233625412 0.015425672 0.035389453 -0.008858529 0.999215245
1439803950.138612 8.107596397 -1.022855759 16.249048233 0.016813904 0.029945241 -0.008008000 0.999378026
1439803950.201109 8.107295990 -1.020708084 16.267503738 0.019087737 0.024184981 -0.008615804 0.999488115
1439803950.263612 8.109445572 -1.022751927 16.285873413 0.020575674 0.018349377 -0.008716280 0.999581873
1439803950.326113 8.113688469 -1.021579266 16.307321548 0.022363503 0.012742057 -0.008937815 0.999628782
1439803950.388615 8.110017776 -1.013839364 16.324584961 0.025073415 0.008467281 -0.010183721 0.999597907
1439803950.451115 8.110547066 -1.006684780 16.344068527 0.027748728 0.003413356 -0.011215147 0.999546170
1439803950.513619 8.094265938 -1.024477720 16.357332230 0.024496110 0.001312477 -0.008166953 0.999665678
1439803950.576119 8.095725060 -1.021881223 16.378973007 0.026098596 -0.004179810 -0.008563954 0.999613941
1439803950.638619 8.097766876 -1.018276453 16.399795532 0.027478615 -0.009298259 -0.009394296 0.999535024
1439803950.701125 8.099707603 -1.031627417 16.418176651 0.025128504 -0.014752455 -0.005063219 0.999562502
1439803950.763622 8.106541634 -1.031120300 16.442956924 0.025443729 -0.020161394 -0.004154390 0.999464273
1439803950.826122 8.098441124 -1.037881851 16.451696396 0.023978449 -0.024240181 -0.000563819 0.999418378
1439803950.888624 8.086354256 -1.034033179 16.451524734 0.024655005 -0.026391093 -0.000470476 0.999347508
1439803950.951125 8.077659607 -1.034776092 16.444507599 0.024923552 -0.029499879 0.001424008 0.999252975
1439803951.013626 8.079876900 -1.032604933 16.436422348 0.026978185 -0.033820596 0.000576790 0.999063551
1439803951.076128 8.071286201 -1.039899349 16.472429276 0.028937232 -0.037910022 -0.001341273 0.998861194
1439803951.138628 8.068252563 -1.043634415 16.480976105 0.029952785 -0.041922960 -0.001398915 0.998670757
1439803951.201130 8.064281464 -1.042387366 16.482879639 0.030604213 -0.045437768 -0.000366747 0.998498201
1439803951.263631 8.064483643 -1.046136141 16.519826889 0.030494597 -0.049819108 0.000652206 0.998292387
1439803951.326132 8.062358856 -1.048107505 16.527341843 0.029876888 -0.053871941 0.003038807 0.998096168
1439803951.388634 8.059852600 -1.049384236 16.552425385 0.029571570 -0.057703808 0.003153725 0.997890711
1439803951.451136 8.056550026 -1.051570058 16.560813904 0.029141013 -0.061687328 0.004622257 0.997659326
1439803951.513636 8.052860260 -1.050964952 16.572357178 0.030056810 -0.065442860 0.003546667 0.997397244
1439803951.576137 8.051333427 -1.054600954 16.603984833 0.030972183 -0.069793418 0.003036992 0.997075915
1439803951.638639 8.049776077 -1.056474566 16.618907928 0.031939838 -0.074072570 0.003665129 0.996734500
1439803951.701139 8.046352386 -1.057996750 16.631109238 0.032133859 -0.077695832 0.005339737 0.996444821
1439803951.763640 8.042270660 -1.058198333 16.640771866 0.031806346 -0.080734402 0.005508679 0.996212840
1439803951.826142 8.040664673 -1.060582399 16.658052444 0.030381599 -0.083819576 0.005926180 0.996000051
1439803951.888641 8.033507347 -1.064978004 16.690542221 0.028597696 -0.086865813 0.006507137 0.995788217
1439803951.951143 8.029996872 -1.065450549 16.703592300 0.027547721 -0.090384975 0.006856858 0.995502174
1439803952.013644 8.025625229 -1.068989038 16.726242065 0.026529444 -0.094286747 0.007988222 0.995159447
1439803952.076146 8.019670486 -1.069272757 16.736743927 0.025973007 -0.097152725 0.009730824 0.994882941
1439803952.138646 8.019369125 -1.073380947 16.756700516 0.025039976 -0.100661300 0.011212064 0.994542420
1439803952.201148 8.012832642 -1.074500203 16.781618118 0.025167949 -0.102842674 0.010209057 0.994326770
1439803952.263648 8.009490967 -1.076417565 16.799827576 0.024919976 -0.105072029 0.008665010 0.994114578
1439803952.326150 8.004484177 -1.077908993 16.813629150 0.024610644 -0.107596532 0.008454937 0.993854046
1439803952.388651 7.997719765 -1.080305099 16.837747574 0.023820996 -0.110272415 0.008299518 0.993581235
1439803952.451151 7.993708611 -1.081460238 16.854328156 0.022740437 -0.112704493 0.008137874 0.993334949
1439803952.513656 7.989253521 -1.082739353 16.870048523 0.021490308 -0.114923440 0.008282010 0.993107319
1439803952.576156 7.986311913 -1.082800031 16.875461578 0.020330757 -0.116955876 0.010682480 0.992871523
1439803952.638657 7.977290154 -1.087900162 16.919002533 0.018981352 -0.119750530 0.013688333 0.992528141
1439803952.701157 7.972721100 -1.089595556 16.936033249 0.018231511 -0.122060396 0.014504721 0.992249250
1439803952.763659 7.967931747 -1.090958357 16.953548431 0.017798794 -0.124590158 0.014962575 0.991935790
1439803952.826163 7.962819099 -1.092465878 16.970695496 0.016808648 -0.126962945 0.015560236 0.991643012
1439803952.888662 7.953351021 -1.095840216 17.004285812 0.015806943 -0.128849059 0.015045230 0.991424084
1439803952.951163 7.948105812 -1.097445965 17.021947861 0.015340082 -0.130639091 0.014655143 0.991202950
1439803953.013664 7.942534447 -1.098810554 17.040487289 0.015303297 -0.132499889 0.014558234 0.990957916
1439803953.076166 7.936620712 -1.100459695 17.059438705 0.015289070 -0.134102389 0.014351186 0.990745604
1439803953.138667 7.926836014 -1.103525162 17.093124390 0.015174370 -0.135810375 0.015065298 0.990504026
1439803953.201169 7.921916008 -1.105320573 17.111948013 0.014490636 -0.137445047 0.017599834 0.990247011
1439803953.263669 7.916326523 -1.106804848 17.131275177 0.013614141 -0.138639852 0.019018333 0.990066648
1439803953.326171 7.910732269 -1.108533025 17.151632309 0.013022582 -0.139852747 0.019696752 0.989890695
1439803953.388673 7.903407097 -1.110088825 17.173889160 0.012993018 -0.140766561 0.019605158 0.989763379
1439803953.451174 7.892570496 -1.113699436 17.212417603 0.013026333 -0.141929895 0.019645602 0.989596009
1439803953.513675 7.886191845 -1.115447402 17.233875275 0.013779208 -0.142693207 0.018463807 0.989498794
1439803953.576177 7.879311562 -1.117392421 17.254758835 0.014532169 -0.143046424 0.016891541 0.989465117
1439803953.638680 7.872696877 -1.119026184 17.276182175 0.014769418 -0.143186152 0.015488385 0.989464343
1439803953.701180 7.860791206 -1.121933818 17.313140869 0.014697959 -0.143224418 0.015297223 0.989462852
1439803953.763681 7.853929043 -1.124036431 17.334878922 0.014763399 -0.143262610 0.016011005 0.989445031
1439803953.826182 7.847880840 -1.125707150 17.357746124 0.015090388 -0.143316954 0.016701940 0.989420831
1439803953.888683 7.841697216 -1.127821445 17.379728317 0.015318602 -0.143206254 0.017406724 0.989421189
1439803953.951186 7.830123901 -1.131095409 17.419301987 0.015243189 -0.143031210 0.018564276 0.989426613
1439803954.013687 7.823513508 -1.133366823 17.443271637 0.014351490 -0.142621189 0.018850036 0.989493728
1439803954.076188 7.816620350 -1.134501457 17.466463089 0.013874575 -0.141728923 0.017960560 0.989645302
1439803954.138690 7.810459137 -1.136701345 17.493125916 0.014072938 -0.140414044 0.016950255 0.989847720
1439803954.201190 7.807636261 -1.137550950 17.501930237 0.014603110 -0.138614491 0.016291127 0.990104735
1439803954.263696 7.790116310 -1.143228531 17.558521271 0.014851646 -0.137112796 0.017097468 0.990296543
1439803954.326194 7.783184052 -1.144987583 17.584163666 0.014379756 -0.135901660 0.017147277 0.990469515
1439803954.388709 7.777039528 -1.146853924 17.609592438 0.013266852 -0.135031715 0.017702099 0.990594327
1439803954.451196 7.770193100 -1.148928046 17.636281967 0.012331497 -0.133987799 0.018956343 0.990724921
1439803954.513697 7.773037910 -1.148037195 17.632287979 0.011958942 -0.132700145 0.019668868 0.990888894
1439803954.576199 7.752676010 -1.155609131 17.706148148 0.011984917 -0.131873056 0.021901269 0.990952134
1439803954.638700 7.746088028 -1.157925725 17.732311249 0.011774926 -0.130696654 0.022408349 0.991099179
1439803954.701202 7.740030289 -1.160624981 17.760959625 0.011430073 -0.129746288 0.022661055 0.991222322
1439803954.763703 7.736435890 -1.163964033 17.789726257 0.011203962 -0.128879189 0.022573166 0.991340041
1439803954.826206 7.726906776 -1.163231611 17.815225601 0.011645162 -0.127239943 0.021499312 0.991570532
1439803954.888705 7.719293594 -1.166981816 17.836458206 0.011292372 -0.126168042 0.021874992 0.991703391
1439803954.951207 7.711639404 -1.169029593 17.866382599 0.011269149 -0.125492007 0.023174305 0.991759896
1439803955.013709 7.699067116 -1.172862291 17.915460587 0.010458479 -0.125089794 0.024101712 0.991797507
1439803955.076210 7.693202972 -1.174856544 17.942609787 0.009479098 -0.124916464 0.024719287 0.991813958
1439803955.138711 7.685382843 -1.177365422 17.971261978 0.008198891 -0.124406271 0.025692407 0.991864800
1439803955.201212 7.678267002 -1.179936051 17.998447418 0.007436050 -0.123983949 0.025350770 0.991932452
1439803955.263715 7.671663284 -1.181670427 18.025800705 0.007786010 -0.123436280 0.024027186 0.992031038
1439803955.326215 7.662843704 -1.184829950 18.053672791 0.008342232 -0.122707129 0.023535389 0.992128730
1439803955.388717 7.652577400 -1.188069463 18.099460602 0.009137298 -0.122522876 0.023344995 0.992148995
1439803955.451218 7.644639492 -1.190368414 18.127088547 0.010052478 -0.122002408 0.023578342 0.992198765
1439803955.513723 7.639441490 -1.192473888 18.156461716 0.011158166 -0.121732093 0.024868399 0.992188692
1439803955.576219 7.631956100 -1.194797158 18.185014725 0.012169961 -0.121078461 0.025803618 0.992232859
1439803955.638720 7.625721931 -1.198040962 18.211328506 0.012251306 -0.120536141 0.026071491 0.992290854
1439803955.701221 7.617997169 -1.199592352 18.244314194 0.011736962 -0.119772725 0.027152684 0.992360532
1439803955.763721 7.607957363 -1.203614116 18.285390854 0.010858673 -0.119263947 0.027898464 0.992411137
1439803955.826222 7.600602150 -1.205204964 18.313568115 0.010543549 -0.118592672 0.027249489 0.992513001
1439803955.888723 7.593801498 -1.208536625 18.342473984 0.010073183 -0.118004233 0.026683696 0.992603421
1439803955.951223 7.586438179 -1.211309552 18.370754242 0.010135527 -0.117391251 0.024629563 0.992728531
1439803956.013723 7.583454609 -1.212529778 18.389123917 0.010042879 -0.116984837 0.023078699 0.992814720
1439803956.076225 7.572450638 -1.215760112 18.427713394 0.010640261 -0.116363861 0.023423171 0.992873371
1439803956.138724 7.565489769 -1.218861580 18.459863663 0.011722676 -0.116044194 0.022434587 0.992921472
1439803956.201225 7.556652069 -1.222582221 18.502523422 0.013091773 -0.115751140 0.022220427 0.992943347
1439803956.263726 7.550412178 -1.224157572 18.531494141 0.013771641 -0.115341909 0.022740453 0.992969990
1439803956.326227 7.544196606 -1.225131750 18.560367584 0.014027257 -0.114687741 0.022688318 0.993043363
1439803956.388726 7.536181450 -1.227550149 18.590557098 0.013838201 -0.113555782 0.020737030 0.993218780
1439803956.451228 7.529972553 -1.229357243 18.621929169 0.013580431 -0.112879239 0.019601939 0.993322492
1439803956.513728 7.521890640 -1.229353309 18.649400711 0.013149549 -0.111993007 0.017774466 0.993462980
1439803956.576230 7.517870903 -1.234242439 18.681632996 0.012130688 -0.111585803 0.017149029 0.993532777
1439803956.638732 7.502593994 -1.236525536 18.714889526 0.011056028 -0.110051684 0.017278036 0.993714154
1439803956.701232 7.497557640 -1.238255382 18.746080399 0.010557336 -0.109483331 0.017997829 0.993769586
1439803956.763734 7.492828846 -1.239677429 18.777936935 0.009928540 -0.108993143 0.017824398 0.993833065
1439803956.826234 7.482892990 -1.245232582 18.814146042 0.009664451 -0.108227551 0.019316047 0.993891478
1439803956.888736 7.476297379 -1.246375084 18.834751129 0.009637192 -0.106984757 0.019451728 0.994023621
1439803956.951236 7.476892471 -1.249415517 18.871458054 0.009720251 -0.107119612 0.019456260 0.994008243
1439803957.013739 7.472701073 -1.250322342 18.891822815 0.010613559 -0.105964355 0.016869284 0.994170189
1439803957.076238 7.462344646 -1.251678944 18.919271469 0.011731172 -0.104656532 0.015476277 0.994318843
1439803957.138741 7.461932659 -1.253773808 18.962734222 0.013087003 -0.104493931 0.014111598 0.994339287
1439803957.201241 7.446053505 -1.259199619 19.002662659 0.013521548 -0.103485882 0.013755490 0.994443893
1439803957.263747 7.441993237 -1.262875795 19.028032303 0.013227630 -0.103072435 0.013259410 0.994497538
1439803957.326244 7.433609486 -1.266411304 19.056797028 0.012491429 -0.102631994 0.013529914 0.994548917
1439803957.388748 7.430009842 -1.268124104 19.093713760 0.012043094 -0.102490127 0.012768003 0.994579136
1439803957.451247 7.422079086 -1.269199610 19.117774963 0.011429444 -0.101916723 0.012895081 0.994643688
1439803957.513748 7.419016838 -1.273975492 19.148477554 0.010531825 -0.101448119 0.011444057 0.994719267
1439803957.576250 7.412486076 -1.275521755 19.176860809 0.009956282 -0.100413837 0.009517064 0.994850397
1439803957.638751 7.401062012 -1.276794672 19.217479706 0.009552943 -0.099603534 0.008835373 0.994942129
1439803957.701252 7.395432472 -1.278582096 19.246183395 0.009562620 -0.099216804 0.008446058 0.994984031
1439803957.763754 7.389406204 -1.281337619 19.275253296 0.009465270 -0.098788224 0.006674822 0.995041072
1439803957.826255 7.382526398 -1.284127116 19.304714203 0.009507947 -0.098138660 0.005636021 0.995111346
1439803957.888757 7.377231121 -1.285028696 19.334644318 0.009344974 -0.097669132 0.005833515 0.995157957
1439803957.951258 7.370364189 -1.288021564 19.365234375 0.009102612 -0.097073324 0.005075254 0.995222628
1439803958.013763 7.363000870 -1.290175557 19.397291183 0.009230316 -0.096589893 0.004402857 0.995271742
1439803958.076260 7.361645699 -1.291405916 19.422409058 0.009773261 -0.096424326 0.003625655 0.995285749
1439803958.138763 7.352593422 -1.295466065 19.460372925 0.010269953 -0.095705718 0.002830063 0.995352685
1439803958.201262 7.347348213 -1.297900796 19.488054276 0.010978126 -0.095207021 0.002410198 0.995393991
1439803958.263763 7.339849472 -1.299825072 19.519683838 0.011275699 -0.094858870 0.001992766 0.995424867
1439803958.326265 7.336929321 -1.301847696 19.544322968 0.011200688 -0.094949320 0.002428957 0.995416105
1439803958.388764 7.331083775 -1.305299044 19.573657990 0.011105751 -0.094747812 0.001741597 0.995437860
1439803958.451265 7.323359489 -1.306858659 19.607391357 0.010629868 -0.094658166 0.000738842 0.995452821
1439803958.513766 7.319183826 -1.309671283 19.636562347 0.009357658 -0.094457299 0.000474998 0.995484829
1439803958.576268 7.312112331 -1.310914993 19.672830582 0.008206464 -0.094291359 -0.000076068 0.995510817
1439803958.638768 7.306578159 -1.313467979 19.701761246 0.007199131 -0.094013400 -0.001061497 0.995544374
1439803958.701273 7.300958633 -1.314653158 19.732481003 0.007018559 -0.093972951 -0.001258245 0.995549202
1439803958.763772 7.293402672 -1.317198277 19.762840271 0.007110178 -0.093627319 -0.001606598 0.995580614
1439803958.826276 7.289199829 -1.318904877 19.791122437 0.007382734 -0.093628094 -0.001955835 0.995577931
1439803958.888774 7.281582832 -1.322117090 19.823907852 0.008012353 -0.093076266 -0.002301417 0.995624065
1439803958.951276 7.277746201 -1.324173570 19.851673126 0.009196611 -0.092652328 -0.002337459 0.995653272
1439803959.013778 7.271471977 -1.326126695 19.882575989 0.010051393 -0.091956966 -0.002110236 0.995710015
1439803959.076278 7.263588905 -1.329089284 19.919548035 0.010090497 -0.091090314 -0.002576138 0.995788157
1439803959.138783 7.257820606 -1.330985308 19.950826645 0.009745912 -0.090223022 -0.003470394 0.995867848
1439803959.201280 7.252404690 -1.332704544 19.980583191 0.009266395 -0.089182541 -0.003657228 0.995965481
1439803959.263782 7.248021126 -1.334148645 20.010135651 0.009567877 -0.087959506 -0.003512642 0.996071875
1439803959.326283 7.242691040 -1.337261677 20.040367126 0.010526238 -0.086484216 -0.004219633 0.996188641
1439803959.388787 7.238673210 -1.339985251 20.069993973 0.011676032 -0.085202008 -0.004311632 0.996285975
1439803959.451289 7.234117508 -1.342877388 20.099277496 0.012953143 -0.084065594 -0.005360598 0.996361613
1439803959.513790 7.229487419 -1.344821453 20.129709244 0.014268951 -0.082674704 -0.007749128 0.996444285
1439803959.576293 7.221006393 -1.348695874 20.164085388 0.014758319 -0.080765009 -0.010041564 0.996573329
1439803959.638791 7.215972424 -1.350758791 20.194715500 0.014964847 -0.078987248 -0.011454265 0.996697485
1439803959.701294 7.210374832 -1.353512049 20.226474762 0.013951959 -0.077117719 -0.012020124 0.996851921
1439803959.763793 7.205769539 -1.355817676 20.257474899 0.012377660 -0.075490132 -0.011877459 0.996998966
1439803959.826295 7.201516628 -1.357563734 20.288810730 0.010653869 -0.073830910 -0.011515297 0.997147381
1439803959.888797 7.196915627 -1.360653043 20.320501328 0.009040138 -0.071479417 -0.012049816 0.997328341
1439803959.951300 7.193627357 -1.361517549 20.351819992 0.007821126 -0.068787143 -0.014284494 0.997498453
1439803960.013802 7.188276291 -1.364629030 20.383554459 0.006819669 -0.065633409 -0.016532091 0.997683525
1439803960.076302 7.184139252 -1.366436124 20.415477753 0.006156242 -0.062634774 -0.017800484 0.997858763
1439803960.138805 7.181268215 -1.369206071 20.448162079 0.005862718 -0.060088288 -0.018224441 0.998009503
1439803960.201304 7.178227425 -1.371275425 20.477596283 0.006244234 -0.057409786 -0.018091494 0.998167217
1439803960.263804 7.175245285 -1.373603821 20.510004044 0.006976588 -0.054538392 -0.017475735 0.998334348
1439803960.326305 7.172883034 -1.375729084 20.541793823 0.007758420 -0.051620480 -0.016706299 0.998496890
1439803960.388808 7.170291424 -1.377777934 20.572099686 0.007799285 -0.048509929 -0.015913514 0.998665452
1439803960.451306 7.167926788 -1.379907489 20.605180740 0.007944085 -0.045556512 -0.015812082 0.998805046
1439803960.513805 7.165376186 -1.381644249 20.636684418 0.008295714 -0.042499788 -0.017051281 0.998916507
1439803960.576309 7.160427094 -1.384629011 20.673322678 0.008749819 -0.039338529 -0.019397726 0.998999298
1439803960.638807 7.158098698 -1.386548519 20.704528809 0.008577240 -0.036347035 -0.020671371 0.999088585
1439803960.701308 7.156704426 -1.388370991 20.735544205 0.008565163 -0.033756826 -0.021748701 0.999156713
1439803960.763809 7.154913902 -1.390609026 20.766174316 0.009036482 -0.031049643 -0.023630863 0.999197602
1439803960.826309 7.152591228 -1.393180013 20.799228668 0.009906068 -0.028366655 -0.023602765 0.999269783
1439803960.888812 7.151764870 -1.395541906 20.831853867 0.011325308 -0.025587069 -0.023055140 0.999342501
1439803960.951311 7.150135994 -1.398135185 20.863061905 0.012633058 -0.022726689 -0.023265304 0.999391139
1439803961.013814 7.149012566 -1.401239395 20.894809723 0.013841377 -0.019672936 -0.023718582 0.999429286
1439803961.076315 7.149394512 -1.404555082 20.926382065 0.014491616 -0.016978852 -0.023128645 0.999483287
1439803961.138815 7.148455620 -1.407471538 20.961452484 0.014156292 -0.014181447 -0.024987970 0.999486864
1439803961.201317 7.146934032 -1.409689665 20.992822647 0.012896367 -0.011479284 -0.026329529 0.999504209
1439803961.263818 7.147685051 -1.412108183 21.026390076 0.011749282 -0.009480400 -0.024258941 0.999591708
1439803961.326321 7.146469116 -1.415599823 21.059907913 0.010449192 -0.007520325 -0.022827424 0.999656558
1439803961.388820 7.148045063 -1.418015003 21.092685699 0.010013936 -0.005895714 -0.022024246 0.999689877
1439803961.451322 7.147219658 -1.420898676 21.120203018 0.009619836 -0.004221653 -0.021585058 0.999711812
1439803961.513826 7.145355225 -1.425037146 21.156270981 0.009508614 -0.002728401 -0.021951333 0.999710083
1439803961.576326 7.147365093 -1.426062465 21.184968948 0.009239931 -0.001426212 -0.022710608 0.999698341
1439803961.638825 7.143477917 -1.428258896 21.221988678 0.008681708 0.000143796 -0.021919345 0.999722004
1439803961.701326 7.145373821 -1.429957151 21.249221802 0.007707568 0.000927863 -0.021655804 0.999735355
1439803961.763828 7.145093441 -1.433193445 21.280965805 0.006543047 0.001598052 -0.021626769 0.999743402
1439803961.826329 7.144354343 -1.435900450 21.313138962 0.004665758 0.002194977 -0.021955259 0.999745667
1439803961.888830 7.143302441 -1.438139439 21.345607758 0.003336919 0.002873451 -0.022349644 0.999740541
1439803961.951331 7.141991615 -1.440360785 21.376384735 0.003293263 0.003091948 -0.021942772 0.999749005
1439803962.013833 7.143287659 -1.443732619 21.404247284 0.004728967 0.002969931 -0.022413613 0.999733210
1439803962.076336 7.143805504 -1.444728613 21.433353424 0.006980141 0.002584150 -0.022019649 0.999729812
1439803962.138837 7.143857002 -1.446584821 21.465393066 0.009564166 0.002522723 -0.021896224 0.999711335
1439803962.201338 7.145447731 -1.450276613 21.491012573 0.011609456 0.002359596 -0.021420073 0.999700367
1439803962.263839 7.145759106 -1.450324774 21.517698288 0.013590340 0.002358583 -0.021135218 0.999681473
1439803962.326340 7.141352177 -1.452445269 21.543159485 0.014003780 0.002723544 -0.021217717 0.999673069
1439803962.388841 7.142536163 -1.454048872 21.571155548 0.013672292 0.002275604 -0.021933800 0.999663353
1439803962.451342 7.142603874 -1.458243608 21.600587845 0.012931885 0.001576482 -0.022646032 0.999658644
1439803962.513842 7.144398689 -1.459774733 21.631092072 0.013126085 0.000552327 -0.022677490 0.999656498
1439803962.576343 7.142079830 -1.463284254 21.657178879 0.013075157 0.000323681 -0.023788305 0.999631464
1439803962.638844 7.140176773 -1.466041327 21.681947708 0.012702163 0.000127519 -0.024178550 0.999626935
1439803962.701346 7.141408443 -1.468037009 21.712127686 0.012264677 -0.000613252 -0.023577269 0.999646604
1439803962.763847 7.140692711 -1.470032692 21.737987518 0.011708159 -0.001121156 -0.023735898 0.999649107
1439803962.826347 7.141358376 -1.470359325 21.767675400 0.011369850 -0.002058300 -0.022710275 0.999675333
1439803962.888848 7.141077995 -1.473556757 21.794786453 0.010844528 -0.002685894 -0.021520738 0.999705970
1439803962.951350 7.141448498 -1.473929167 21.823133469 0.009933580 -0.003319365 -0.021034272 0.999723911
1439803963.013851 7.139200687 -1.475905776 21.848764420 0.007916164 -0.003317704 -0.022847021 0.999702156
1439803963.076352 7.137613773 -1.478377819 21.875240326 0.005832705 -0.003396891 -0.025294807 0.999657214
1439803963.138856 7.136172771 -1.481604099 21.899484634 0.004241412 -0.003439756 -0.027907325 0.999595582
1439803963.201355 7.136346340 -1.481650829 21.927194595 0.003492344 -0.004231462 -0.029275585 0.999556303
1439803963.263856 7.133714199 -1.483583450 21.950675964 0.003535995 -0.004643312 -0.031218881 0.999495506
1439803963.326358 7.136226654 -1.486254811 21.975696564 0.003841745 -0.005735651 -0.031568080 0.999477744
1439803963.388860 7.135507584 -1.488924980 21.999572754 0.004866343 -0.006532893 -0.028484434 0.999561012
1439803963.451361 7.136872768 -1.488105893 22.027545929 0.006889234 -0.007409795 -0.024913682 0.999638379
1439803963.513863 7.135033607 -1.489783764 22.049484253 0.008742958 -0.007570561 -0.022945695 0.999669790
1439803963.576365 7.136522770 -1.491470575 22.068729401 0.010318357 -0.008049566 -0.022256540 0.999666631
1439803963.638867 7.136091232 -1.493818283 22.095106125 0.011631710 -0.008316135 -0.021720566 0.999661863
1439803963.701369 7.135332108 -1.494833350 22.120201111 0.012944119 -0.008578025 -0.022281645 0.999631107
1439803963.763868 7.132575035 -1.496007919 22.145860672 0.013053235 -0.008582244 -0.024678385 0.999573350
1439803963.826370 7.132305145 -1.498077631 22.168796539 0.012575316 -0.008742540 -0.026834868 0.999522567
1439803963.888870 7.131601810 -1.500079036 22.192665100 0.012244391 -0.009003370 -0.028695485 0.999472678
1439803963.951372 7.128988743 -1.501651406 22.220199585 0.012049107 -0.009999956 -0.028116766 0.999482036
1439803964.013874 7.126741886 -1.504763484 22.246953964 0.011626016 -0.010903286 -0.026181785 0.999530137
1439803964.076375 7.127881050 -1.506966591 22.267974854 0.010988179 -0.011657124 -0.024478376 0.999571979
1439803964.138877 7.127256393 -1.509681702 22.292509079 0.010333643 -0.011894057 -0.023024475 0.999610722
1439803964.201378 7.127599239 -1.512278557 22.314937592 0.009743612 -0.012153666 -0.021667618 0.999643862
1439803964.263882 7.125844479 -1.513543367 22.340753555 0.009502294 -0.011876721 -0.021233564 0.999658823
1439803964.326383 7.124943256 -1.515951037 22.364791870 0.009654407 -0.011475017 -0.021759778 0.999650776
1439803964.388882 7.121774673 -1.516340494 22.390102386 0.009938641 -0.010877239 -0.022776585 0.999632001
1439803964.451383 7.122919559 -1.518304706 22.411230087 0.009516009 -0.010846969 -0.024727760 0.999590039
1439803964.513885 7.124238014 -1.519133925 22.434617996 0.009901543 -0.010898782 -0.026229059 0.999547482
1439803964.576387 7.121216774 -1.522574425 22.459926605 0.010323246 -0.010539392 -0.026849817 0.999530613
1439803964.638888 7.120535374 -1.523599863 22.481626511 0.011185972 -0.010448236 -0.026560104 0.999530017
1439803964.701389 7.120996475 -1.525038481 22.502885818 0.011635376 -0.010307430 -0.026156198 0.999536991
1439803964.763890 7.120440483 -1.527268410 22.527168274 0.011784521 -0.010078860 -0.025655771 0.999550521
1439803964.826392 7.119347572 -1.527127266 22.552711487 0.012303673 -0.009924438 -0.024536930 0.999573946
1439803964.888895 7.118795872 -1.529452801 22.574644089 0.012534440 -0.009769881 -0.023643421 0.999594152
1439803964.951395 7.117899895 -1.532469273 22.598876953 0.012908000 -0.009397122 -0.023654729 0.999592662
1439803965.013896 7.117966175 -1.534352064 22.622619629 0.013284367 -0.009062024 -0.023566866 0.999592900
1439803965.076398 7.117199898 -1.536785126 22.646394730 0.013133504 -0.008658390 -0.023191225 0.999607265
1439803965.138899 7.116562843 -1.538445473 22.668752670 0.012708917 -0.008455679 -0.023697702 0.999602616
1439803965.201400 7.115416527 -1.540208578 22.692823410 0.012678092 -0.008354850 -0.024396712 0.999586999
1439803965.263902 7.114963531 -1.542277098 22.717844009 0.012930317 -0.008547897 -0.024598945 0.999577224
1439803965.326403 7.114201546 -1.543991208 22.741439819 0.013573317 -0.008903058 -0.024944181 0.999557018
1439803965.388904 7.113591671 -1.546549082 22.765645981 0.013695734 -0.009162869 -0.025300298 0.999544084
1439803965.451406 7.111449242 -1.548404574 22.790243149 0.013619865 -0.009253295 -0.025571752 0.999537349
1439803965.513907 7.111813068 -1.551504135 22.813259125 0.013652638 -0.009338661 -0.026101809 0.999522448
1439803965.576412 7.110740662 -1.551608801 22.838275909 0.014143806 -0.009655938 -0.025079312 0.999538779
1439803965.638910 7.110638618 -1.553972125 22.862493515 0.014363478 -0.010273656 -0.024129782 0.999552846
1439803965.701417 7.110767841 -1.555884361 22.883600235 0.014322257 -0.010954020 -0.023147449 0.999569416
1439803965.763913 7.110531330 -1.556893826 22.907159805 0.014293986 -0.011288717 -0.022148352 0.999588788
1439803965.826417 7.109343529 -1.559980392 22.932689667 0.013651524 -0.011284772 -0.021946525 0.999602258
1439803965.888919 7.109154224 -1.562478542 22.955516815 0.012691080 -0.011452397 -0.021542007 0.999621809
1439803965.951420 7.105804920 -1.563671112 22.985681534 0.012115931 -0.011463135 -0.021332489 0.999633253
1439803966.013918 7.105403900 -1.564526200 23.007104874 0.011261296 -0.011834302 -0.022717429 0.999608457
1439803966.076421 7.104983330 -1.566960573 23.031511307 0.010862111 -0.012156002 -0.024103971 0.999576509
1439803966.138925 7.105005741 -1.570091605 23.055410385 0.010930263 -0.012466005 -0.025127620 0.999546766
1439803966.201423 7.103287697 -1.570924520 23.078050613 0.011290830 -0.012582388 -0.025334215 0.999536097
1439803966.263926 7.102590561 -1.572910190 23.103670120 0.011363039 -0.012914917 -0.025340077 0.999530852
1439803966.326425 7.102137089 -1.575881720 23.128002167 0.011137550 -0.013166307 -0.025301937 0.999531090
1439803966.388929 7.101747036 -1.578592300 23.154899597 0.011062780 -0.013370248 -0.024613814 0.999546409
1439803966.451427 7.101497173 -1.580765724 23.178905487 0.011265342 -0.013353415 -0.023913547 0.999561369
1439803966.513927 7.101047039 -1.582705498 23.202693939 0.011750315 -0.013346865 -0.023552677 0.999564469
1439803966.576429 7.099256516 -1.582543850 23.228137970 0.012115725 -0.013247322 -0.023677526 0.999558449
1439803966.638928 7.097650051 -1.584214687 23.252990723 0.011538523 -0.012833606 -0.024905406 0.999540865
1439803966.701429 7.096596241 -1.586077929 23.277479172 0.010566804 -0.012417876 -0.026379799 0.999518991
1439803966.763931 7.095327377 -1.587211728 23.302780151 0.009918686 -0.012188748 -0.027913963 0.999486804
1439803966.826431 7.093711853 -1.588648677 23.327732086 0.009372381 -0.012056595 -0.028522946 0.999476492
1439803966.888931 7.092858315 -1.590890288 23.353429794 0.009089115 -0.012216834 -0.028349651 0.999482095
1439803966.951432 7.093553543 -1.592408419 23.379959106 0.009166746 -0.012433792 -0.027436018 0.999504209
1439803967.013933 7.091826439 -1.594170094 23.407194138 0.009489853 -0.012154498 -0.025847171 0.999546945
1439803967.076433 7.092452526 -1.593981028 23.431907654 0.009853136 -0.011923292 -0.025160374 0.999563754
1439803967.138934 7.090783596 -1.598684072 23.459592819 0.009826746 -0.011280228 -0.024828427 0.999579787
1439803967.201433 7.090097427 -1.600507259 23.485000610 0.010278362 -0.010694232 -0.024787461 0.999582708
1439803967.263934 7.089658737 -1.601694942 23.510620117 0.010428759 -0.009956791 -0.026066594 0.999556243
1439803967.326435 7.087735176 -1.604012012 23.536149979 0.010286851 -0.009205979 -0.026432615 0.999555290
1439803967.388936 7.086627960 -1.606552362 23.560022354 0.010194746 -0.008525636 -0.027451644 0.999534786
1439803967.451435 7.086555481 -1.608520627 23.587360382 0.010509452 -0.007793950 -0.027833007 0.999526918
1439803967.513936 7.085961819 -1.610276461 23.614892960 0.010529105 -0.007346939 -0.026529821 0.999565542
1439803967.576437 7.085918903 -1.613550544 23.641914368 0.010449635 -0.006807486 -0.026108257 0.999581337
1439803967.638938 7.090642929 -1.615061998 23.659891129 0.009932034 -0.006822582 -0.024678418 0.999622822
1439803967.701439 7.085579872 -1.617297173 23.692369461 0.009383908 -0.005955118 -0.021418696 0.999708831
1439803967.763941 7.085540295 -1.618389726 23.721229553 0.008765301 -0.005086034 -0.023217499 0.999679029
1439803967.826441 7.083747864 -1.619647264 23.745920181 0.009371378 -0.004115161 -0.024869790 0.999638319
1439803967.888947 7.083994389 -1.621161222 23.773197174 0.011252793 -0.003601874 -0.023996685 0.999642193
1439803967.951444 7.082649231 -1.625838041 23.805627823 0.012538834 -0.002691647 -0.023941757 0.999631107
1439803968.013945 7.084671974 -1.627342701 23.830820084 0.013585297 -0.002269719 -0.024380518 0.999607861
1439803968.076445 7.084331989 -1.629501104 23.857469559 0.014030675 -0.001920610 -0.024538003 0.999598563
1439803968.138946 7.084040165 -1.630886316 23.882629395 0.014106189 -0.001480717 -0.024589734 0.999597013
1439803968.201450 7.084915638 -1.633386374 23.911367416 0.014434710 -0.000956362 -0.024665887 0.999591112
1439803968.263953 7.083386421 -1.634714246 23.937543869 0.014690163 0.000265058 -0.026772389 0.999533594
1439803968.326451 7.082161427 -1.637071609 23.963756561 0.013852403 0.001323933 -0.027845629 0.999515414
1439803968.388952 7.081260681 -1.638678789 23.990039825 0.012490846 0.001770614 -0.028036676 0.999527276
1439803968.451453 7.082471848 -1.641158819 24.019369125 0.011164127 0.001863131 -0.027741175 0.999551058
1439803968.513955 7.082931519 -1.643614650 24.045743942 0.009597091 0.002027242 -0.025344389 0.999630630
1439803968.576456 7.083232403 -1.645181537 24.074848175 0.008078893 0.002712719 -0.023547366 0.999686420
1439803968.638958 7.084082127 -1.647428989 24.104612350 0.006807972 0.004046504 -0.023515804 0.999692082
1439803968.701459 7.083947182 -1.648753047 24.133573532 0.005845089 0.005336857 -0.023498565 0.999692500
1439803968.763960 7.082889557 -1.650524020 24.159873962 0.004970114 0.006646354 -0.025100384 0.999650478
1439803968.826462 7.084089756 -1.651975155 24.190275192 0.005050268 0.007611174 -0.027170733 0.999589026
1439803968.888963 7.083751678 -1.654766440 24.215305328 0.005361328 0.008526205 -0.029025078 0.999527931
1439803968.951465 7.084386349 -1.657122374 24.242124557 0.006039379 0.009576059 -0.030390466 0.999473929
1439803969.013965 7.083966255 -1.658709288 24.271621704 0.007236828 0.010354431 -0.029694710 0.999479175
1439803969.076465 7.085094929 -1.660864115 24.299179077 0.008111539 0.011177031 -0.029757122 0.999461710
1439803969.138966 7.084648132 -1.663477063 24.323640823 0.008883032 0.012024160 -0.029499041 0.999453008
1439803969.201466 7.086022377 -1.664973974 24.356790543 0.009847743 0.012766467 -0.028608482 0.999460638
1439803969.263969 7.087509155 -1.666420460 24.384956360 0.010323421 0.013618584 -0.028688956 0.999442339
1439803969.326471 7.086852551 -1.669041157 24.410619736 0.009861017 0.015005390 -0.029455274 0.999404848
1439803969.388971 7.089318752 -1.670582891 24.442264557 0.009680756 0.015968222 -0.029367659 0.999394238
1439803969.451470 7.090690613 -1.672077537 24.470563889 0.009192867 0.017126570 -0.029936142 0.999362767
1439803969.513972 7.090179443 -1.674855471 24.490346909 0.008758136 0.018188942 -0.030273637 0.999337733
1439803969.576474 7.089739799 -1.676990628 24.517385483 0.008857755 0.019500010 -0.031760618 0.999266028
1439803969.638975 7.092432499 -1.678853750 24.547466278 0.008839875 0.021043880 -0.033053108 0.999192953
1439803969.701478 7.099101067 -1.674533367 24.552579880 0.009361384 0.021836514 -0.033668797 0.999150634
1439803969.763980 7.104073524 -1.675624728 24.579397202 0.010297972 0.022998728 -0.034223083 0.999096513
1439803969.826480 7.101371765 -1.680441856 24.614948273 0.010672271 0.025056656 -0.033193927 0.999077797
1439803969.888980 7.099008083 -1.690322042 24.654365540 0.011215162 0.026837947 -0.029751914 0.999134004
1439803969.951482 7.101881027 -1.693110466 24.678640366 0.011288783 0.028378513 -0.027918307 0.999143541
1439803970.013983 7.107168674 -1.692361712 24.693416595 0.010779102 0.029958613 -0.027795505 0.999106467
1439803970.076487 7.107561588 -1.694066167 24.725738525 0.011078018 0.032254498 -0.026395259 0.999069691
1439803970.138986 7.107807159 -1.700494289 24.761360168 0.010934034 0.034428909 -0.026718976 0.998990059
1439803970.201487 7.111384392 -1.693711758 24.778619766 0.011153238 0.035844509 -0.027044479 0.998929143
1439803970.263989 7.111864090 -1.699903488 24.811950684 0.010993321 0.038186550 -0.027324170 0.998836458
1439803970.326491 7.114339352 -1.702793479 24.839912415 0.010574067 0.040001452 -0.026766533 0.998785079
1439803970.388992 7.117789268 -1.703836083 24.860675812 0.010041007 0.041691333 -0.025913661 0.998743951
1439803970.451492 7.121253967 -1.707088232 24.887592316 0.009698161 0.043466270 -0.024575371 0.998705506
1439803970.513992 7.125439644 -1.708743811 24.913362503 0.009981209 0.045361727 -0.023680205 0.998640001
1439803970.576493 7.127758026 -1.710146546 24.938863754 0.010029334 0.047970541 -0.023005797 0.998533428
1439803970.638993 7.128783703 -1.712212324 24.967658997 0.010091660 0.050545536 -0.022188712 0.998424232
1439803970.701496 7.132440567 -1.713637233 24.993759155 0.009626321 0.052937042 -0.021612762 0.998317540
1439803970.763998 7.136357307 -1.715379119 25.017942429 0.009252236 0.055166103 -0.022096451 0.998189747
1439803970.826498 7.144662857 -1.715925932 25.043292999 0.009672692 0.056806337 -0.022863401 0.998076499
1439803970.888999 7.145915985 -1.717942715 25.065965652 0.009254941 0.059411298 -0.022974243 0.997926295
1439803970.951506 7.144717693 -1.721666574 25.095590591 0.009762727 0.062599018 -0.021361388 0.997762382
1439803971.014000 7.150956631 -1.724219799 25.118360519 0.009690218 0.064747751 -0.021021876 0.997633159
1439803971.076502 7.154857635 -1.726711273 25.141006470 0.009756879 0.067341715 -0.019989135 0.997482002
1439803971.139004 7.159613609 -1.729213238 25.163291931 0.009731001 0.069541484 -0.019035477 0.997349977
1439803971.201508 7.166156769 -1.727521420 25.185760498 0.010996890 0.071193561 -0.017750135 0.997243941
1439803971.264006 7.164151669 -1.731808662 25.220329285 0.011420430 0.074768610 -0.016209288 0.997003794
1439803971.326508 7.168730736 -1.733804703 25.244068146 0.010931499 0.077473395 -0.015735324 0.996810317
1439803971.389011 7.172802925 -1.734466553 25.265724182 0.010662256 0.080227628 -0.016853536 0.996577024
1439803971.451509 7.177373886 -1.736644268 25.290510178 0.010206726 0.082549840 -0.017004505 0.996389568
1439803971.514011 7.181227684 -1.740159988 25.320058823 0.010370996 0.084311843 -0.016050646 0.996256173
1439803971.576511 7.186477661 -1.740859985 25.342985153 0.010607205 0.086168185 -0.015642082 0.996101320
1439803971.639013 7.191045761 -1.743253827 25.365566254 0.010251121 0.087888435 -0.013658036 0.995983899
1439803971.701514 7.197708130 -1.744471073 25.392522812 0.010067107 0.089761332 -0.012913038 0.995828688
1439803971.764015 7.200350285 -1.748238564 25.419206619 0.009203456 0.091864236 -0.011333349 0.995664477
1439803971.826517 7.204122543 -1.749978900 25.441728592 0.008849720 0.093956314 -0.011722993 0.995467961
1439803971.889019 7.208136559 -1.751115203 25.464860916 0.008548817 0.096041754 -0.013108886 0.995254278
1439803971.951519 7.213043213 -1.753138185 25.488395691 0.008124312 0.097644009 -0.013416322 0.995097816
1439803972.014021 7.217667580 -1.755358458 25.511402130 0.007897018 0.099281050 -0.013206827 0.994940460
1439803972.076522 7.223197937 -1.757708669 25.534532547 0.007788262 0.100539051 -0.012861954 0.994819462
1439803972.139024 7.230140686 -1.759718537 25.566747665 0.008190040 0.101710290 -0.012960083 0.994695902
1439803972.201526 7.235470295 -1.761534333 25.589654922 0.007978954 0.103170328 -0.012596413 0.994551957
1439803972.264027 7.242240429 -1.763234019 25.614227295 0.007389914 0.104458854 -0.013592934 0.994408846
1439803972.326528 7.246858120 -1.764226913 25.639646530 0.007455368 0.105944790 -0.013375248 0.994254112
1439803972.389030 7.252892971 -1.765753746 25.663112640 0.007466730 0.107230619 -0.014510497 0.994100213
1439803972.451531 7.257724285 -1.767209530 25.690418243 0.008091489 0.109030396 -0.015466651 0.993885159
1439803972.514032 7.262790680 -1.770538330 25.717826843 0.008926749 0.110689357 -0.014337162 0.993711531
1439803972.576533 7.268743515 -1.772571564 25.741983414 0.010002829 0.112172529 -0.012760838 0.993556440
1439803972.639035 7.275347710 -1.774707675 25.766687393 0.010494666 0.113529943 -0.011701752 0.993410230
1439803972.701536 7.281517029 -1.776353359 25.790597916 0.010793861 0.114908598 -0.011057800 0.993255854
1439803972.764040 7.287548542 -1.778529525 25.814622879 0.010758257 0.116499208 -0.010985574 0.993071735
1439803972.826539 7.293777466 -1.780809999 25.841735840 0.010535268 0.118141450 -0.010514010 0.992885232
1439803972.889040 7.299370766 -1.782633305 25.869058609 0.010196921 0.120132074 -0.012064788 0.992632210
1439803972.951541 7.305756569 -1.784496307 25.894365311 0.009735003 0.121864393 -0.013331907 0.992409468
1439803973.014043 7.312151432 -1.786911964 25.919849396 0.009085613 0.123054706 -0.012991688 0.992273271
1439803973.076545 7.318413258 -1.788864374 25.944652557 0.008586876 0.123863138 -0.011880780 0.992191017
1439803973.139046 7.325564861 -1.790772200 25.971126556 0.008401020 0.124498680 -0.010758827 0.992125869
1439803973.201549 7.332496166 -1.793081522 25.998050690 0.008331997 0.125658438 -0.009305078 0.991994977
1439803973.264049 7.339830875 -1.794917583 26.024312973 0.008523414 0.126759917 -0.008250560 0.991862535
1439803973.326550 7.346109390 -1.796838522 26.049131393 0.008565837 0.127951428 -0.007756433 0.991713107
1439803973.389052 7.351917267 -1.798751473 26.074504852 0.008615866 0.129258931 -0.007719555 0.991543412
1439803973.451553 7.359241486 -1.800564170 26.099519730 0.008751651 0.130235821 -0.007848114 0.991413355
1439803973.514054 7.364651203 -1.803031206 26.125614166 0.008576705 0.131296024 -0.007471909 0.991277933
1439803973.576556 7.373339176 -1.804528475 26.152194977 0.008722448 0.132071868 -0.007439358 0.991173863
1439803973.639057 7.379334927 -1.806832790 26.177589417 0.008619851 0.133290783 -0.007814376 0.991008699
1439803973.701558 7.386253357 -1.808752060 26.203163147 0.008419030 0.134343565 -0.007819554 0.990868211
1439803973.764060 7.393493176 -1.810931444 26.229654312 0.008403279 0.135345265 -0.007167636 0.990736961
1439803973.826561 7.400170803 -1.812720180 26.255205154 0.008340243 0.136505559 -0.007755734 0.990573823
1439803973.889064 7.406871319 -1.814116716 26.279380798 0.008140836 0.137300536 -0.007624786 0.990466595
1439803973.951569 7.416642189 -1.816074133 26.307216644 0.008054666 0.137952834 -0.006624411 0.990383923
1439803974.014065 7.423616409 -1.818279982 26.332740784 0.007811321 0.138898209 -0.006182264 0.990256548
1439803974.076569 7.431163788 -1.820060849 26.359169006 0.007430064 0.139650255 -0.005907204 0.990155399
1439803974.139068 7.438133240 -1.822169662 26.383571625 0.006928650 0.140373617 -0.005667890 0.990058124
1439803974.201572 7.444660187 -1.824103475 26.409475327 0.006690132 0.141271904 -0.005559440 0.989932597
1439803974.264072 7.453158855 -1.825902820 26.435689926 0.006273452 0.141864583 -0.004883750 0.989854157
1439803974.326576 7.461589336 -1.827341795 26.462192535 0.005798540 0.142530411 -0.005400770 0.989758670
1439803974.389074 7.468360901 -1.829223394 26.487798691 0.005553687 0.143441588 -0.006336324 0.989622891
1439803974.451575 7.475180626 -1.831019521 26.512504578 0.005780521 0.144162893 -0.006282050 0.989517152
1439803974.514078 7.482731819 -1.832925558 26.538785934 0.006186067 0.144830048 -0.006659924 0.989414811
1439803974.576579 7.490651131 -1.834858179 26.563598633 0.006466986 0.145237178 -0.006608970 0.989353657
1439803974.639080 7.499218464 -1.836501002 26.590984344 0.006614410 0.145687848 -0.006341920 0.989288151
1439803974.701582 7.506545544 -1.838149428 26.616365433 0.006670401 0.145984903 -0.006201852 0.989244878
1439803974.764083 7.513638496 -1.840631485 26.643045425 0.006641516 0.146044746 -0.006123012 0.989236712
1439803974.826583 7.520412445 -1.842920661 26.668376923 0.006459521 0.146040425 -0.006557631 0.989235759
1439803974.889085 7.529585361 -1.843913794 26.694932938 0.006534704 0.145791665 -0.006314641 0.989273548
1439803974.951586 7.536790371 -1.845970392 26.720735550 0.006345598 0.145747989 -0.006222084 0.989281833
1439803975.014088 7.544120312 -1.847809315 26.747171402 0.006238203 0.145696297 -0.006267273 0.989289820
1439803975.076591 7.551299095 -1.849844337 26.773353577 0.005999591 0.145698577 -0.006372070 0.989290297
1439803975.139092 7.558468342 -1.851692200 26.799173355 0.006222984 0.145595551 -0.006426619 0.989303768
1439803975.201593 7.566864491 -1.853709102 26.825122833 0.006762702 0.145386085 -0.006387412 0.989331245
1439803975.264096 7.574589252 -1.855812788 26.851366043 0.007567945 0.145069361 -0.005955495 0.989374638
1439803975.326595 7.581804276 -1.857602358 26.877067566 0.008493517 0.144994423 -0.006175659 0.989376724
1439803975.389100 7.588951111 -1.859769344 26.902053833 0.009233892 0.144611448 -0.005840383 0.989428163
1439803975.451600 7.595653534 -1.861732244 26.927860260 0.009612961 0.144526735 -0.005762482 0.989437401
1439803975.514100 7.603123665 -1.863753796 26.952747345 0.009901936 0.144315958 -0.005677355 0.989465833
1439803975.576605 7.611310482 -1.865477085 26.978288651 0.010414341 0.143988639 -0.005725077 0.989507973
1439803975.639102 7.618462086 -1.867526054 27.003715515 0.010380424 0.143757179 -0.005760527 0.989541769
1439803975.701603 7.625610352 -1.869593382 27.028738022 0.010162027 0.143328398 -0.004953101 0.989610612
1439803975.764111 7.633259773 -1.871331692 27.054473877 0.009831569 0.142805487 -0.003983455 0.989693940
1439803975.826612 7.640239716 -1.873588562 27.079204559 0.009188207 0.142549530 -0.003840843 0.989737570
1439803975.889111 7.647058487 -1.875482440 27.102941513 0.009011753 0.142188951 -0.003350255 0.989792824
1439803975.951609 7.654172421 -1.877274752 27.126699448 0.009273701 0.141709909 -0.002715968 0.989861071
1439803976.014113 7.661224842 -1.879110098 27.153125763 0.009134196 0.141427830 -0.002845174 0.989902377
1439803976.076612 7.667983532 -1.881274223 27.177917480 0.008819309 0.141012713 -0.002159629 0.989966154
1439803976.139113 7.675142288 -1.883299589 27.203456879 0.008260864 0.140633807 -0.001629604 0.990025878
1439803976.201614 7.681115627 -1.884902835 27.226434708 0.006812766 0.140429810 -0.002059693 0.990065038
1439803976.264116 7.689832687 -1.885966897 27.250869751 0.006163265 0.139862269 -0.001531580 0.990150571
1439803976.326634 7.695771217 -1.887490749 27.276344299 0.006469380 0.139609694 -0.000727547 0.990185201
1439803976.389119 7.701923370 -1.889780998 27.300683975 0.007329227 0.139135212 -0.000669983 0.990246058
1439803976.451620 7.708701611 -1.891165614 27.323995590 0.008363862 0.138644859 -0.000923228 0.990306437
1439803976.514120 7.715497017 -1.893459797 27.347764969 0.008914983 0.138233513 -0.000935291 0.990359128
1439803976.576621 7.722743511 -1.895449638 27.372262955 0.009396669 0.137709945 -0.000755516 0.990427732
1439803976.639122 7.728906155 -1.897167921 27.396677017 0.009821369 0.137488574 -0.000522347 0.990454495
1439803976.701623 7.735290051 -1.899068832 27.420814514 0.010590043 0.137100652 0.000006631 0.990500510
1439803976.764123 7.741165638 -1.901021719 27.444692612 0.011528296 0.136944190 -0.000233306 0.990511656
1439803976.826624 7.747903824 -1.902785182 27.469110489 0.012283853 0.136401474 0.000723767 0.990577221
1439803976.889124 7.754496574 -1.904667735 27.492752075 0.012224593 0.136015296 0.001053524 0.990630746
1439803976.951626 7.761457443 -1.906288624 27.516359329 0.011853136 0.135691985 0.000661142 0.990679920
1439803977.014125 7.767622471 -1.908973932 27.540327072 0.011192520 0.135522902 0.000002513 0.990710974
1439803977.076625 7.773481369 -1.910644412 27.563966751 0.011165532 0.135276243 0.000106568 0.990745008
1439803977.139126 7.779735088 -1.912805796 27.587884903 0.010722145 0.134916365 -0.000462514 0.990798891
1439803977.201627 7.786011696 -1.914528370 27.612192154 0.010632549 0.134493515 -0.000626232 0.990857244
1439803977.264127 7.793501854 -1.916314363 27.636623383 0.010844111 0.133953094 -0.000456429 0.990928233
1439803977.326627 7.799168587 -1.918195486 27.660501480 0.011356503 0.133798659 -0.000601474 0.990943253
1439803977.451629 7.811697006 -1.921718121 27.709007263 0.011850204 0.133132279 -0.000800743 0.991027117
1439803977.514129 7.818036079 -1.923939705 27.732284546 0.012036700 0.132527903 -0.000641001 0.991105974
1439803977.576629 7.824023724 -1.926215172 27.757251740 0.011654341 0.132477030 -0.000824462 0.991117179
1439803977.639130 7.831858635 -1.927986860 27.781223297 0.011264694 0.131738573 -0.000543246 0.991220355
1439803977.701631 7.838033676 -1.929518104 27.806488037 0.010674244 0.131431177 -0.000600190 0.991267622
1439803977.764131 7.843892097 -1.931421280 27.830949783 0.010385178 0.131139174 -0.000424913 0.991309464
1439803977.826632 7.849763393 -1.933747053 27.854301453 0.010248342 0.130892381 -0.000947274 0.991343141
1439803977.889134 7.856150627 -1.935291529 27.879398346 0.010810181 0.130507201 -0.001441612 0.991387367
1439803977.951633 7.863865376 -1.937383890 27.902641296 0.010853478 0.129627660 -0.002057482 0.991501212
1439803978.014134 7.868343830 -1.939728260 27.926643372 0.010973888 0.129986361 -0.001876409 0.991453290
1439803978.076635 7.874993324 -1.941468000 27.950422287 0.011190771 0.129492566 -0.001457000 0.991516173
1439803978.139135 7.879908562 -1.943566322 27.974443436 0.011091593 0.129556745 -0.001802068 0.991508305
1439803978.201635 7.886789799 -1.944937706 27.999214172 0.011389609 0.129163340 -0.002401398 0.991554976
1439803978.264137 7.892959595 -1.946632266 28.024358749 0.011806765 0.128803357 -0.002514053 0.991596699
1439803978.326639 7.899949551 -1.948812962 28.047601700 0.011733110 0.128160149 -0.002260748 0.991681457
1439803978.389140 7.905569553 -1.950363874 28.070869446 0.011563856 0.128017873 -0.002509719 0.991701245
1439803978.451642 7.911577702 -1.953160048 28.095422745 0.010561190 0.127454624 -0.002822596 0.991784155
1439803978.514144 7.917435646 -1.955588102 28.118444443 0.009738497 0.126866341 -0.003079693 0.991867244
1439803978.576643 7.923453808 -1.957385063 28.143140793 0.009412038 0.126128033 -0.002640069 0.991965830
1439803978.639145 7.929147243 -1.959510326 28.167369843 0.009108181 0.125855938 -0.002641528 0.992003202
1439803978.701646 7.935729980 -1.960788727 28.191082001 0.008999372 0.125025243 -0.003590794 0.992106259
1439803978.764148 7.941178322 -1.962992907 28.214670181 0.008681633 0.124486700 -0.004239404 0.992174268
1439803978.826650 7.946121216 -1.964886427 28.239555359 0.008462388 0.124120750 -0.004063096 0.992222726
1439803978.889151 7.952607155 -1.966120005 28.262664795 0.008076767 0.123280637 -0.004116739 0.992330432
1439803978.951655 7.958280563 -1.967572212 28.286338806 0.007912922 0.122771621 -0.004694852 0.992392302
1439803979.014153 7.963441849 -1.969294548 28.309257507 0.008034998 0.122146666 -0.005000119 0.992466927
1439803979.076655 7.968535423 -1.970642567 28.333578110 0.008432675 0.121713988 -0.005506214 0.992514133
1439803979.139158 7.973532200 -1.973545313 28.358306885 0.008537166 0.121109590 -0.005568791 0.992586851
1439803979.201658 7.980028629 -1.974452019 28.380821228 0.008845818 0.120160006 -0.005692830 0.992698789
1439803979.264159 7.985383511 -1.977214575 28.403104782 0.008303231 0.119608462 -0.005304897 0.992772222
1439803979.326660 7.989020348 -1.979055762 28.424905777 0.007360240 0.119368851 -0.005276360 0.992808640
1439803979.389162 7.994526386 -1.980558276 28.448146820 0.007231280 0.118779153 -0.005375309 0.992879808
1439803979.451663 8.000400543 -1.982377529 28.471691132 0.007587136 0.117989570 -0.005354975 0.992971420
1439803979.514164 8.004862785 -1.983497381 28.494487762 0.008423161 0.117653094 -0.005688814 0.993002713
1439803979.576666 8.010992050 -1.985581398 28.517236710 0.008677602 0.116915248 -0.005414221 0.993089259
1439803979.639168 8.016612053 -1.987242937 28.540128708 0.008406891 0.116292760 -0.005286392 0.993165374
1439803979.701669 8.021282196 -1.987809896 28.562866211 0.008173123 0.116082877 -0.006256421 0.993186235
1439803979.764170 8.026956558 -1.989911914 28.585596085 0.007647907 0.115695186 -0.006303292 0.993235350
1439803979.826671 8.030583382 -1.991785407 28.607284546 0.007578932 0.115613304 -0.006258703 0.993245661
1439803979.889173 8.036771774 -1.993448019 28.629642487 0.008004827 0.114982374 -0.006077255 0.993316710
1439803979.951674 8.040828705 -1.994819164 28.651638031 0.008489368 0.114962645 -0.006179177 0.993314326
1439803980.014176 8.046156883 -1.997175455 28.672811508 0.008451562 0.114635654 -0.006191394 0.993352354
1439803980.076677 8.050458908 -1.998742580 28.695201874 0.008455737 0.114544548 -0.006358585 0.993361771
1439803980.139179 8.054823875 -1.999776006 28.716369629 0.008368056 0.114392944 -0.006754810 0.993377388
1439803980.201680 8.059971809 -2.003031254 28.738658905 0.008073051 0.113935672 -0.006537564 0.993433833
1439803980.264182 8.065583229 -2.003966808 28.758998871 0.008069796 0.113406010 -0.007283192 0.993489265
1439803980.326682 8.070244789 -2.005019665 28.781742096 0.008253424 0.112780869 -0.007276488 0.993558943
1439803980.389183 8.075001717 -2.007406473 28.803747177 0.008083919 0.112253152 -0.007639118 0.993617356
1439803980.451685 8.080477715 -2.008934975 28.824319839 0.008053277 0.111596212 -0.007960101 0.993689120
1439803980.514186 8.083168030 -2.009889126 28.845739365 0.008237650 0.111442566 -0.007967976 0.993704796
1439803980.576688 8.089115143 -2.011683941 28.867151260 0.007841189 0.110871732 -0.008316395 0.993768990
1439803980.639190 8.093176842 -2.012994289 28.888429642 0.007547353 0.110614866 -0.008556978 0.993797839
1439803980.701691 8.097920418 -2.015837908 28.908372879 0.006896218 0.110278592 -0.008723639 0.993838489
1439803980.764192 8.103436470 -2.015922785 28.927795410 0.006901255 0.109694354 -0.008315312 0.993906617
1439803980.826694 8.106560707 -2.018281698 28.949201584 0.006414996 0.109633744 -0.008512681 0.993914902
1439803980.889195 8.111088753 -2.019033432 28.968276978 0.006311564 0.109241128 -0.008664095 0.993957460
1439803980.951696 8.116212845 -2.020924330 28.986238480 0.006231309 0.108769625 -0.008775636 0.994008720
1439803981.014198 8.119386673 -2.021990538 29.006256104 0.006555386 0.108527988 -0.009094672 0.994030178
1439803981.076699 8.123545647 -2.023188114 29.024013519 0.006753500 0.108242698 -0.009602416 0.994055152
1439803981.139202 8.127796173 -2.026489735 29.041732788 0.006370583 0.107923046 -0.010009011 0.994088411
1439803981.201705 8.131933212 -2.026653051 29.058891296 0.006508113 0.107500978 -0.010333772 0.994129956
1439803981.264204 8.135211945 -2.027715921 29.077793121 0.006107952 0.107198454 -0.011089081 0.994157016
1439803981.326708 8.139487267 -2.029012918 29.094974518 0.005773156 0.106471181 -0.011063062 0.994237483
1439803981.389208 8.142268181 -2.030844688 29.113616943 0.006223352 0.105874196 -0.011043884 0.994298697
1439803981.451708 8.144424438 -2.032814741 29.133735657 0.006744788 0.105389714 -0.010815328 0.994349301
1439803981.514209 8.148642540 -2.034567356 29.149219513 0.006816451 0.104443684 -0.010628659 0.994450629
1439803981.576709 8.154173851 -2.036035538 29.163379669 0.006987537 0.103425890 -0.010716233 0.994554877
1439803981.639209 8.156585693 -2.035979509 29.181724548 0.007954532 0.102953613 -0.010053165 0.994603515
1439803981.701711 8.156875610 -2.040410519 29.200838089 0.007867058 0.103027418 -0.010910506 0.994587541
1439803981.764211 8.163419724 -2.036866188 29.213472366 0.008680053 0.101833209 -0.010590041 0.994707286
1439803981.826711 8.165908813 -2.038801432 29.230895996 0.008089743 0.101338379 -0.010384741 0.994764924
1439803981.889212 8.168531418 -2.041204453 29.247495651 0.007449937 0.100836523 -0.010551749 0.994819164
1439803981.951713 8.170545578 -2.042814255 29.264205933 0.007207106 0.100455806 -0.010656178 0.994858325
1439803982.014213 8.173023224 -2.044913292 29.279699326 0.007005754 0.100079127 -0.011157546 0.994892299
1439803982.076717 8.175842285 -2.045679092 29.295953751 0.007347569 0.099683695 -0.011593136 0.994924486
1439803982.139214 8.179903984 -2.045596600 29.308423996 0.007687168 0.099008463 -0.011869156 0.994986117
1439803982.201716 8.182357788 -2.046463490 29.323234558 0.007591003 0.098562807 -0.012755054 0.995020151
1439803982.264221 8.186141014 -2.047313213 29.336225510 0.007351789 0.097813688 -0.012942599 0.995093405
1439803982.326722 8.187058449 -2.047296047 29.353435516 0.007730783 0.097558074 -0.012913415 0.995115995
1439803982.389219 8.192907333 -2.047875881 29.363496780 0.007793956 0.096461266 -0.012840219 0.995223403
1439803982.451720 8.197793007 -2.051844120 29.373159409 0.006979597 0.095569588 -0.012796462 0.995316029
1439803982.514221 8.198780060 -2.051917791 29.389194489 0.006964809 0.095469654 -0.011884216 0.995337009
1439803982.576723 8.196835518 -2.053791761 29.407672882 0.006299239 0.095851950 -0.011705411 0.995306849
1439803982.639224 8.202673912 -2.053623676 29.417922974 0.006368699 0.094635069 -0.011372239 0.995426714
1439803982.701730 8.204189301 -2.053584576 29.433406830 0.006907418 0.094012231 -0.010873087 0.995487690
1439803982.764227 8.203659058 -2.059303284 29.448883057 0.006166237 0.093959466 -0.011679268 0.995488405
1439803982.826728 8.205311775 -2.061975956 29.464271545 0.006033430 0.093620904 -0.012315017 0.995513439
1439803982.889230 8.205057144 -2.060346603 29.481426239 0.007168351 0.093379073 -0.012281356 0.995529056
1439803982.951731 8.209243774 -2.060037613 29.490621567 0.007717242 0.092246838 -0.012795501 0.995624065
1439803983.014233 8.213999748 -2.060358047 29.497507095 0.008110710 0.091188937 -0.013441100 0.995709836
1439803983.076734 8.215364456 -2.060614586 29.512897491 0.008483360 0.090485170 -0.013383604 0.995771766
1439803983.139235 8.217435837 -2.063040018 29.525129318 0.008109648 0.089645490 -0.013538622 0.995848715
1439803983.201737 8.218827248 -2.061333656 29.538118362 0.008492131 0.089067608 -0.013530694 0.995897472
1439803983.264240 8.224865913 -2.063029051 29.545433044 0.007876997 0.087602198 -0.014093510 0.996024728
1439803983.326740 8.223249435 -2.064308167 29.562738419 0.008093087 0.087551072 -0.013860710 0.996030688
1439803983.389241 8.225893021 -2.065018415 29.573402405 0.008289820 0.086782917 -0.014051835 0.996093631
1439803983.451743 8.228777885 -2.066793680 29.586534500 0.008388934 0.085951656 -0.014292865 0.996161461
1439803983.514244 8.230501175 -2.067722559 29.598621368 0.008768355 0.085407965 -0.014171184 0.996206701
1439803983.576745 8.231732368 -2.068092823 29.611660004 0.009129241 0.084998749 -0.014277472 0.996236920
1439803983.639246 8.232607841 -2.069133759 29.625213623 0.009773983 0.084843479 -0.014262312 0.996244252
1439803983.701749 8.234813690 -2.070278645 29.637279510 0.010381566 0.084730141 -0.014213786 0.996248484
1439803983.764250 8.239823341 -2.070362091 29.645696640 0.010586136 0.084130496 -0.014298263 0.996295929
1439803983.826752 8.240643501 -2.071544170 29.660879135 0.010571746 0.084289715 -0.014257791 0.996283174
1439803983.889253 8.241734505 -2.073336124 29.675577164 0.010313885 0.084413782 -0.014286956 0.996274948
1439803983.951754 8.244165421 -2.074623108 29.686857224 0.010146126 0.084503628 -0.014557428 0.996265173
1439803984.014256 8.246829033 -2.076562643 29.700519562 0.010106430 0.084369898 -0.014503835 0.996277690
1439803984.076757 8.248930931 -2.075632811 29.714851379 0.010549149 0.084387809 -0.014007844 0.996278703
1439803984.139258 8.250305176 -2.077273607 29.726264954 0.010335518 0.084576793 -0.013948949 0.996265709
1439803984.201759 8.256232262 -2.077021122 29.734878540 0.010688498 0.083702631 -0.013760348 0.996338427
1439803984.264261 8.256681442 -2.078578949 29.751846313 0.011241375 0.084015794 -0.013793745 0.996305525
1439803984.326763 8.257286072 -2.080966473 29.766136169 0.011140230 0.084571734 -0.013883020 0.996258378
1439803984.389264 8.259366989 -2.082562685 29.779247284 0.011077447 0.084616035 -0.014043096 0.996253073
1439803984.451766 8.262116432 -2.083845615 29.792400360 0.011050396 0.084429786 -0.014249835 0.996266246
1439803984.514267 8.263382912 -2.084233999 29.804973602 0.011242005 0.084357068 -0.013775179 0.996276915
1439803984.576768 8.265789986 -2.084898472 29.818286896 0.011262681 0.084353425 -0.013899322 0.996275306
1439803984.639270 8.267343521 -2.086103678 29.830299377 0.010954794 0.084558867 -0.013776061 0.996263027
1439803984.701772 8.270414352 -2.086631775 29.843385696 0.010701116 0.084215172 -0.012463464 0.996312201
1439803984.764276 8.272382736 -2.087313175 29.856601715 0.010618856 0.084223494 -0.012350465 0.996313751
1439803984.826778 8.273980141 -2.088187695 29.869892120 0.010804166 0.084371895 -0.012417295 0.996298373
1439803984.889276 8.276127815 -2.089234352 29.882514954 0.010873891 0.084519014 -0.012391038 0.996285498
1439803984.951777 8.278815269 -2.091116428 29.894338608 0.010456958 0.084670633 -0.012335310 0.996277750
1439803985.014282 8.280948639 -2.091616631 29.906637192 0.010272784 0.084874332 -0.012495195 0.996260345
1439803985.076780 8.283241272 -2.091900587 29.918914795 0.010345588 0.085171834 -0.012680243 0.996231854
1439803985.139282 8.284537315 -2.093106270 29.931789398 0.010351772 0.085640363 -0.012139701 0.996198356
1439803985.201783 8.286591530 -2.094353676 29.944604874 0.010245934 0.086015537 -0.011331615 0.996176660
1439803985.264285 8.289615631 -2.095078468 29.956651688 0.010533946 0.086088017 -0.010739981 0.996173978
1439803985.326787 8.292524338 -2.097050905 29.967697144 0.010365924 0.086358756 -0.010188386 0.996158063
1439803985.389288 8.294826508 -2.098322630 29.978931427 0.010257803 0.086678110 -0.009239675 0.996140718
1439803985.451790 8.296895027 -2.098779917 29.990394592 0.010406240 0.086946100 -0.008446159 0.996122837
1439803985.514291 8.297845840 -2.098496914 30.003993988 0.011076667 0.087388538 -0.007551583 0.996084094
1439803985.576794 8.300879478 -2.100311518 30.015157700 0.011002234 0.087255128 -0.007309115 0.996098399
1439803985.639294 8.303617477 -2.101659298 30.025110245 0.010827825 0.087259561 -0.007558076 0.996098101
1439803985.701796 8.303950310 -2.101497650 30.039295197 0.010987354 0.087660052 -0.007315158 0.996062994
1439803985.764297 8.307472229 -2.103617907 30.049604416 0.010189106 0.087225176 -0.007799332 0.996105969
1439803985.826799 8.308382034 -2.103364229 30.062679291 0.010239266 0.087433524 -0.007604906 0.996088684
1439803985.889299 8.311317444 -2.104855299 30.075471878 0.009795413 0.087202691 -0.007736286 0.996112406
1439803985.951801 8.313552856 -2.106170416 30.085193634 0.009238889 0.087449521 -0.008585413 0.996089101
1439803986.014306 8.313937187 -2.108718872 30.095546722 0.008546132 0.088060893 -0.009565694 0.996032476
1439803986.076805 8.316852570 -2.109347582 30.106847763 0.008772243 0.087587841 -0.008648101 0.996080637
1439803986.139306 8.319524765 -2.107818127 30.116722107 0.009331432 0.087431110 -0.008581011 0.996089876
1439803986.201807 8.322240829 -2.107027054 30.128120422 0.009857616 0.087171741 -0.008750907 0.996106088
1439803986.264308 8.322983742 -2.110038996 30.140390396 0.009829853 0.087532997 -0.008097969 0.996080220
1439803986.326810 8.320489883 -2.114340305 30.156314850 0.009457569 0.088466153 -0.007751237 0.996004105
1439803986.389326 8.323612213 -2.113396168 30.166473389 0.009669329 0.088065781 -0.007349065 0.996040583
1439803986.451812 8.325506210 -2.115288019 30.177755356 0.008994417 0.088017590 -0.006654494 0.996056080
1439803986.576815 8.329948425 -2.115319252 30.198871613 0.008892841 0.087904885 -0.005338549 0.996074855
1439803986.639316 8.334578514 -2.115197659 30.205366135 0.008685439 0.087334208 -0.005450884 0.996126294
1439803986.701817 8.335833549 -2.114671946 30.215747833 0.008643037 0.087462462 -0.004889279 0.996118307
1439803986.764318 8.337527275 -2.117144585 30.227355957 0.007958212 0.087441616 -0.005926750 0.996120214
1439803986.889322 8.340440750 -2.118110418 30.247915268 0.007942507 0.087570004 -0.005689578 0.996110439
1439803986.951821 8.339386940 -2.120149612 30.263402939 0.008048853 0.088121720 -0.005473127 0.996062160
1439803987.014323 8.338300705 -2.121747732 30.273298264 0.007970618 0.089114301 -0.005605540 0.995973766
1439803987.139326 8.346714020 -2.123785019 30.287025452 0.007822637 0.087996617 -0.006551195 0.996068478
1439803987.201826 8.348183632 -2.122255564 30.297595978 0.008554191 0.088155530 -0.006250299 0.996050358
1439803987.264327 8.348583221 -2.122646093 30.305837631 0.008706340 0.089010760 -0.006477349 0.995971560
1439803987.326830 8.352152824 -2.124055147 30.317556381 0.008743817 0.088602275 -0.006218668 0.996009290
1439803987.389330 8.352377892 -2.125209808 30.325569153 0.008371734 0.089302130 -0.006092401 0.995950758
1439803987.514331 8.357340813 -2.126814365 30.344549179 0.008307865 0.090653040 -0.007539277 0.995819330
1439803987.576840 8.359392166 -2.126882792 30.352598190 0.007633034 0.091312192 -0.005592568 0.995777369
1439803987.639333 8.360975266 -2.129057407 30.361276627 0.006912392 0.092537180 -0.006662170 0.995662928
1439803987.701834 8.363220215 -2.129670620 30.371297836 0.006945881 0.093222640 -0.006867246 0.995597363
1439803987.764336 8.365175247 -2.130649328 30.379671097 0.007021659 0.094332851 -0.006990029 0.995491445
1439803987.889335 8.369686127 -2.132189989 30.395757675 0.006462148 0.096478738 -0.006409753 0.995293438
1439803987.951835 8.371768951 -2.133035183 30.404533386 0.006311273 0.097508408 -0.006294864 0.995194793
1439803988.014337 8.374732971 -2.133743286 30.413175583 0.006528886 0.098277539 -0.006388129 0.995117128
1439803988.076836 8.377690315 -2.134499788 30.421674728 0.006527208 0.098999158 -0.006239079 0.995046556
1439803988.139337 8.382731438 -2.136534691 30.426813126 0.006232423 0.099776685 -0.008211826 0.994956434
1439803988.201839 8.379113197 -2.133583784 30.444967270 0.007176627 0.101455770 -0.005578613 0.994798541
1439803988.326840 8.383423805 -2.135615110 30.462850571 0.006706361 0.103609666 -0.005446142 0.994580507
1439803988.389338 8.385660172 -2.134994745 30.471120834 0.007047953 0.104815789 -0.005371110 0.994452178
1439803988.451840 8.388818741 -2.135435104 30.479614258 0.007517069 0.106128447 -0.006597690 0.994302154
1439803988.576840 8.393396378 -2.134841681 30.498254776 0.007657988 0.108394831 -0.004342328 0.994068921
1439803988.639340 8.396526337 -2.135077953 30.507728577 0.007947635 0.109801516 -0.004254679 0.993912637
1439803988.701841 8.396749496 -2.135321617 30.519519806 0.008573066 0.112262271 -0.004338260 0.993632138
1439803988.764341 8.400783539 -2.136950970 30.529802322 0.008569562 0.114122167 -0.004814017 0.993418097
1439803988.826842 8.406936646 -2.138130903 30.532888412 0.008217549 0.115919888 -0.005676210 0.993208349
1439803988.889343 8.408210754 -2.141457558 30.547534943 0.007858485 0.118996903 -0.006514025 0.992842138
1439803988.951843 8.410446167 -2.140295267 30.558214188 0.008144689 0.121414691 -0.004702597 0.992557287
1439803989.014344 8.414447784 -2.142826557 30.568696976 0.008002683 0.123999007 -0.005567946 0.992234468
1439803989.076845 8.420130730 -2.144104958 30.578237534 0.007914870 0.125925988 -0.005205527 0.991994381
1439803989.139345 8.421428680 -2.145620108 30.592884064 0.008052250 0.129381716 -0.005661068 0.991546035
1439803989.201845 8.425159454 -2.147556305 30.602159500 0.007861983 0.132181123 -0.005501396 0.991179109
1439803989.264347 8.427146912 -2.147805214 30.611158371 0.007728507 0.135458067 -0.004732006 0.990741611
1439803989.326850 8.430493355 -2.146450996 30.629194260 0.009056066 0.139022902 -0.005420069 0.990232885
1439803989.389348 8.443763733 -2.143090010 30.645275116 0.009951648 0.140005857 -0.003380493 0.990094900
1439803989.451848 8.446435928 -2.138015270 30.653474808 0.010899897 0.142608300 -0.001752273 0.989717603
1439803989.514351 8.447587967 -2.138803482 30.659484863 0.011009687 0.146350428 -0.001229128 0.989170790
1439803989.576850 8.455663681 -2.141634226 30.670602798 0.010995341 0.148798898 -0.001508760 0.988805175
1439803989.639351 8.452349663 -2.143238544 30.690967560 0.011432719 0.154625088 -0.003057870 0.987902343
1439803989.701853 8.457382202 -2.149444580 30.697725296 0.009311512 0.157983854 -0.003020819 0.987393141
1439803989.764355 8.464629173 -2.153063297 30.710933685 0.008660872 0.160336152 -0.002175585 0.987022042
1439803989.826854 8.468604088 -2.153565407 30.725267410 0.008885263 0.163817242 -0.002226358 0.986448169
1439803989.889356 8.475467682 -2.155182838 30.735244751 0.008629953 0.166664228 -0.002080158 0.985973775
1439803989.951858 8.480852127 -2.157005548 30.744472504 0.008101387 0.170352370 -0.002288984 0.985347211
1439803990.014360 8.485986710 -2.156365871 30.762992859 0.008542151 0.174569681 -0.001532607 0.984606564
1439803990.076860 8.492527008 -2.157865047 30.775039673 0.008152303 0.178469673 -0.001575621 0.983910382
1439803990.139360 8.498950958 -2.158651352 30.789121628 0.008130284 0.182397917 -0.000521588 0.983191073
1439803990.201865 8.505923271 -2.159958839 30.802425385 0.008090379 0.186487690 -0.000169311 0.982423961
1439803990.264366 8.510595322 -2.160605907 30.814088821 0.008138220 0.190699205 0.000436110 0.981614649
1439803990.326864 8.517938614 -2.162370682 30.827869415 0.007906212 0.194542244 0.000865402 0.980861902
1439803990.389365 8.523644447 -2.163120270 30.840057373 0.008045458 0.198783904 0.000825377 0.980009973
1439803990.451868 8.531149864 -2.164279699 30.853336334 0.008401607 0.202693909 0.000957591 0.979205608
1439803990.514371 8.539432526 -2.165766478 30.868406296 0.008387657 0.206099629 0.001582806 0.978493750
1439803990.576871 8.545785904 -2.166082859 30.883344650 0.008532398 0.209872529 0.002034265 0.977689385
1439803990.639371 8.551948547 -2.166806698 30.895145416 0.008660913 0.213335559 0.002144003 0.976938248
1439803990.701872 8.559162140 -2.168176651 30.912063599 0.008562141 0.216900676 0.001947137 0.976154208
1439803990.764376 8.565854073 -2.168794632 30.920047760 0.008444463 0.220196664 0.002205761 0.975416481
1439803990.826877 8.574472427 -2.169281483 30.941856384 0.009046475 0.223731056 0.003033213 0.974604249
1439803990.889376 8.582035065 -2.170524120 30.954004288 0.009167591 0.227094442 0.003559356 0.973823071
1439803990.951883 8.590095520 -2.171735048 30.965938568 0.009078433 0.230483904 0.003616858 0.973027110
1439803991.014382 8.598552704 -2.173171759 30.980085373 0.008898094 0.233901262 0.003953794 0.972211599
1439803991.076881 8.607070923 -2.174594164 30.995492935 0.008926096 0.237247378 0.004582758 0.971397460
1439803991.139382 8.615194321 -2.174959183 31.009050369 0.009333295 0.240606412 0.005213672 0.970563889
1439803991.201885 8.623857498 -2.176295757 31.026412964 0.009232746 0.243895352 0.005538098 0.969741821
1439803991.264388 8.632911682 -2.177452564 31.043479919 0.009319553 0.246762455 0.005854204 0.969013512
1439803991.326887 8.641019821 -2.178844690 31.052616119 0.008871412 0.249311090 0.006179616 0.968363106
1439803991.389388 8.650850296 -2.179827213 31.069360733 0.008779051 0.252053469 0.006349612 0.967652678
1439803991.451890 8.659572601 -2.181552410 31.084978104 0.008699371 0.254737467 0.006760566 0.966947496
1439803991.514392 8.668989182 -2.181500435 31.098922729 0.009127123 0.256879151 0.007869222 0.966368377
1439803991.576891 8.677974701 -2.182646275 31.113281250 0.009149499 0.259319574 0.008268976 0.965712845
1439803991.639393 8.686982155 -2.184338331 31.127994537 0.009189349 0.261609048 0.008198946 0.965095341
1439803991.701893 8.698125839 -2.185220003 31.142805099 0.009446329 0.263455331 0.008597670 0.964587033
1439803991.764393 8.707447052 -2.186500311 31.158664703 0.009449427 0.265533805 0.008619978 0.964016736
1439803991.826894 8.716970444 -2.187067270 31.172962189 0.009610256 0.267429411 0.008769090 0.963489652
1439803991.889394 8.725954056 -2.188943148 31.189983368 0.009456243 0.269832790 0.008676210 0.962821662
1439803991.951894 8.736837387 -2.190440655 31.203809738 0.009676286 0.271625072 0.008982820 0.962312579
1439803992.014397 8.746900558 -2.190748453 31.219564438 0.009712648 0.273818851 0.009082706 0.961689353
1439803992.076897 8.756834030 -2.192583084 31.235755920 0.009258504 0.275992453 0.009234847 0.961070836
1439803992.139402 8.769277573 -2.194165707 31.251638412 0.009119608 0.277794898 0.009346668 0.960551679
1439803992.201901 8.779886246 -2.195337534 31.266513824 0.009227806 0.279749662 0.009626088 0.959980369
1439803992.264401 8.789998055 -2.196370840 31.282529831 0.009336007 0.281938642 0.010033316 0.959334552
1439803992.326903 8.800431252 -2.198224545 31.297655106 0.009058079 0.283977658 0.010560511 0.958729982
1439803992.389404 8.813488007 -2.199357748 31.316221237 0.008737494 0.286236912 0.010828674 0.958057821
1439803992.451905 8.824648857 -2.199848175 31.331823349 0.008571781 0.288372874 0.011243837 0.957413793
1439803992.514407 8.835234642 -2.200927258 31.348129272 0.008395366 0.290623635 0.011519510 0.956731319
1439803992.576912 8.845952034 -2.201802254 31.364479065 0.008135291 0.292828232 0.011475072 0.956061602
1439803992.639413 8.857623100 -2.204155922 31.379379272 0.007837496 0.294694573 0.011811846 0.955486357
1439803992.701913 8.868803978 -2.205223799 31.395380020 0.007699707 0.296811998 0.012356261 0.954824984
1439803992.764414 8.880760193 -2.206321716 31.410709381 0.007445739 0.298810750 0.012996922 0.954194844
1439803992.826914 8.892337799 -2.207401276 31.426866531 0.006406412 0.300973386 0.012544750 0.953528523
1439803992.889415 8.903655052 -2.208506107 31.441827774 0.005476529 0.302851945 0.012797459 0.952935934
1439803992.951917 8.914782524 -2.209342003 31.457456589 0.004828857 0.304796070 0.013338017 0.952311993
1439803993.014420 8.926366806 -2.210236788 31.472566605 0.004363219 0.306604743 0.013365711 0.951733112
1439803993.076920 8.937926292 -2.211198092 31.487926483 0.004665311 0.308385879 0.014006605 0.951146781
1439803993.139421 8.950301170 -2.212655067 31.503284454 0.005624419 0.310124397 0.015134841 0.950558841
1439803993.201923 8.961869240 -2.213520050 31.517316818 0.006778855 0.311572760 0.015767701 0.950067222
1439803993.264423 8.973611832 -2.215172768 31.532224655 0.007290416 0.312934190 0.016002662 0.949611962
1439803993.326923 8.985169411 -2.216005564 31.547042847 0.007294125 0.314225405 0.016317975 0.949180126
1439803993.389424 8.996294975 -2.217386723 31.562959671 0.006826766 0.315792710 0.016552104 0.948659241
1439803993.451924 9.008316994 -2.218622446 31.577747345 0.006527105 0.317089587 0.016833371 0.948223710
1439803993.514425 9.019513130 -2.219491005 31.592449188 0.006761642 0.318566233 0.016706737 0.947729230
1439803993.576930 9.032160759 -2.220400095 31.607648849 0.007388122 0.319727272 0.016347200 0.947339773
1439803993.639426 9.043165207 -2.222646713 31.621763229 0.007981728 0.320609450 0.016618839 0.947032034
1439803993.701929 9.054539680 -2.222784519 31.637653351 0.008447051 0.321540385 0.016451010 0.946715236
1439803993.764431 9.064738274 -2.223687172 31.652545929 0.008808577 0.322232276 0.016749356 0.946471453
1439803993.826932 9.076074600 -2.225102901 31.666927338 0.008717887 0.322568476 0.017461574 0.946344912
1439803993.889432 9.089473724 -2.226470232 31.681510925 0.008439351 0.322724700 0.017773421 0.946288347
1439803993.951935 9.099989891 -2.227192640 31.696609497 0.008297232 0.323437333 0.018260637 0.946036994
1439803994.014437 9.112961769 -2.228079796 31.710948944 0.007710762 0.324005306 0.018159434 0.945849538
1439803994.076940 9.124291420 -2.228771925 31.725982666 0.007000173 0.324620694 0.017351449 0.945659220
1439803994.139441 9.136349678 -2.229348660 31.740661621 0.006628979 0.324816614 0.017195506 0.945597470
1439803994.201943 9.149287224 -2.232121944 31.755014420 0.006369838 0.324487150 0.018760933 0.945682585
1439803994.264440 9.159796715 -2.230958939 31.771924973 0.006480147 0.324773580 0.019186080 0.945574939
1439803994.326947 9.170796394 -2.233945608 31.784502029 0.006302183 0.324249953 0.020116398 0.945736527
1439803994.389446 9.182466507 -2.234012127 31.801261902 0.006673273 0.324212849 0.020444838 0.945739627
1439803994.451944 9.193937302 -2.235420227 31.815952301 0.007105479 0.323716551 0.021054693 0.945893109
1439803994.514448 9.205212593 -2.236868382 31.830966949 0.007134615 0.323154479 0.021281747 0.946079969
1439803994.576948 9.216228485 -2.237485647 31.845651627 0.006548146 0.322553903 0.021035526 0.946294665
1439803994.639451 9.228155136 -2.238918781 31.858270645 0.005604841 0.321418911 0.021266080 0.946681678
1439803994.701951 9.238559723 -2.239342928 31.873731613 0.005103754 0.320704818 0.021732330 0.946916044
1439803994.764454 9.249038696 -2.239861965 31.890132904 0.004900955 0.320153028 0.020940932 0.947121680
1439803994.826955 9.259452820 -2.238493919 31.905624390 0.005184856 0.319698244 0.018923214 0.947316229
1439803994.889457 9.269971848 -2.240356445 31.919830322 0.005889008 0.318748027 0.018501362 0.947640598
1439803994.951956 9.280793190 -2.241920233 31.933433533 0.006604171 0.317367852 0.018491201 0.948099196
1439803995.014457 9.291670799 -2.243044853 31.948135376 0.006941481 0.315751195 0.019128243 0.948623776
1439803995.076959 9.303542137 -2.245041847 31.963907242 0.006667763 0.314048797 0.019676970 0.949179471
1439803995.139460 9.313248634 -2.246078014 31.979314804 0.006252157 0.312157452 0.020913655 0.949779570
1439803995.201962 9.324914932 -2.246022940 31.994684219 0.005493182 0.309869558 0.021610022 0.950517595
1439803995.264466 9.334312439 -2.247250319 32.009689331 0.004911932 0.307280451 0.022533553 0.951339483
1439803995.326964 9.343838692 -2.248354912 32.024677277 0.004675311 0.304523557 0.023814827 0.952195585
1439803995.389466 9.354476929 -2.249737263 32.039875031 0.004535054 0.301675647 0.024105918 0.953095078
1439803995.451967 9.362956047 -2.250815153 32.054225922 0.004866094 0.298840404 0.023207789 0.954008460
1439803995.514469 9.372904778 -2.251688242 32.070751190 0.004884178 0.295841306 0.022075938 0.954969525
1439803995.576970 9.381605148 -2.252934217 32.085994720 0.004482333 0.292407513 0.021740228 0.956036150
1439803995.639471 9.390333176 -2.254119158 32.102088928 0.003783589 0.288793683 0.021380631 0.957145154
1439803995.701973 9.400891304 -2.254706860 32.118064880 0.003391205 0.284606248 0.021039851 0.958407581
1439803995.764488 9.409296036 -2.255846262 32.134407043 0.003418417 0.280432135 0.020982413 0.959638417
1439803995.826978 9.417688370 -2.256209850 32.150024414 0.003654333 0.276113957 0.021319920 0.960881472
1439803995.889476 9.425699234 -2.257536411 32.165969849 0.003916538 0.271570951 0.022515150 0.962147057
1439803995.951979 9.434282303 -2.258225679 32.181835175 0.004048205 0.266689181 0.022710623 0.963506460
1439803996.014479 9.440961838 -2.259904861 32.196662903 0.004511245 0.261488199 0.023079028 0.964920163
1439803996.076981 9.451423645 -2.260060787 32.212478638 0.005222147 0.255810767 0.022897741 0.966441572
1439803996.139482 9.458160400 -2.261455774 32.227844238 0.005444165 0.250298709 0.022112157 0.967900813
1439803996.201984 9.464963913 -2.262219191 32.243904114 0.005065493 0.244932905 0.020312086 0.969313979
1439803996.264487 9.471483231 -2.263318777 32.258972168 0.005387140 0.239223063 0.020344684 0.970736504
1439803996.326988 9.476646423 -2.265751362 32.275932312 0.005781961 0.233647555 0.020455338 0.972088933
1439803996.389488 9.481708527 -2.266491652 32.292091370 0.005927024 0.228133321 0.019521780 0.973416150
1439803996.451989 9.488180161 -2.268024683 32.309700012 0.005744103 0.222561553 0.019283585 0.974711001
1439803996.514493 9.496048927 -2.267436743 32.324813843 0.005684386 0.216366678 0.019117890 0.976108432
1439803996.576992 9.500715256 -2.268387079 32.340103149 0.005438041 0.210159823 0.019151192 0.977464318
1439803996.639494 9.506254196 -2.269137383 32.356899261 0.005679567 0.203757063 0.018680148 0.978826761
1439803996.701994 9.510742188 -2.271302938 32.372356415 0.005979226 0.197311059 0.018801421 0.980142355
1439803996.764496 9.517338753 -2.271338940 32.389125824 0.006055120 0.190958694 0.018385004 0.981407225
1439803996.826998 9.520638466 -2.273361921 32.403373718 0.005531352 0.184921399 0.018377680 0.982565880
1439803996.889499 9.525465965 -2.273235083 32.421321869 0.004585120 0.179152772 0.017049992 0.983662784
1439803996.952000 9.529509544 -2.274700165 32.439056396 0.003378005 0.173451290 0.015661681 0.984712124
1439803997.014501 9.534444809 -2.276149035 32.453994751 0.002528586 0.167464480 0.014951840 0.985761464
1439803997.077002 9.537182808 -2.277069092 32.471599579 0.002045544 0.162183627 0.014252773 0.986655533
1439803997.139502 9.539951324 -2.277594328 32.487548828 0.001687762 0.157231599 0.013732596 0.987464845
1439803997.202003 9.545351028 -2.279811859 32.501831055 0.001535977 0.152390897 0.013836389 0.988222241
1439803997.264504 9.548642159 -2.279809952 32.519760132 0.002084110 0.148692101 0.013520147 0.988788903
1439803997.327004 9.551933289 -2.280379057 32.535015106 0.002215286 0.145042509 0.013110350 0.989336073
1439803997.389505 9.556178093 -2.282264233 32.551628113 0.002178001 0.141787663 0.012277780 0.989818573
1439803997.452005 9.559455872 -2.282558441 32.566761017 0.002225071 0.139338017 0.010420606 0.990187526
1439803997.514505 9.562832832 -2.282913446 32.583522797 0.002478375 0.137717694 0.009326961 0.990424514
1439803997.577007 9.565990448 -2.284769058 32.598766327 0.002228536 0.137238413 0.008371911 0.990500152
1439803997.639507 9.571336746 -2.286009073 32.616863251 0.001981149 0.138133228 0.007432539 0.990383804
1439803997.702007 9.577120781 -2.286799908 32.632766724 0.001835413 0.140416980 0.007008399 0.990065932
1439803997.764509 9.581795692 -2.286775589 32.647186279 0.001857611 0.144065917 0.007151750 0.989540517
1439803997.827008 9.587601662 -2.288357019 32.663871765 0.001355684 0.148893371 0.006887660 0.988828361
1439803997.889510 9.594060898 -2.288121939 32.677028656 0.001221246 0.154529944 0.007140244 0.987961590
1439803997.952012 9.601357460 -2.290627956 32.691864014 0.000714848 0.161324605 0.007888084 0.986869633
1439803998.014511 9.610629082 -2.291174650 32.701290131 0.000172420 0.168509454 0.008193812 0.985665977
1439803998.077010 9.617268562 -2.290474415 32.726261139 -0.000024440 0.178063810 0.008074259 0.983985841
1439803998.139516 9.625557899 -2.290646553 32.740959167 0.000085188 0.187210247 0.008076776 0.982286692
1439803998.202014 9.633483887 -2.292690754 32.755180359 0.000071935 0.197075441 0.008101192 0.980354846
1439803998.264515 9.641629219 -2.293990135 32.769912720 -0.000033531 0.207535729 0.008065069 0.978194177
1439803998.327018 9.650984764 -2.294799328 32.781147003 -0.000595136 0.218347907 0.007452979 0.975842357
1439803998.389517 9.660913467 -2.295367002 32.792671204 -0.001232613 0.229943275 0.007525987 0.973174155
1439803998.452019 9.671277046 -2.295178413 32.804183960 -0.001874804 0.242441386 0.007906164 0.970132053
1439803998.514520 9.680902481 -2.297211409 32.817878723 -0.002593954 0.255948097 0.008736590 0.966647565
1439803998.577019 9.691905975 -2.295766592 32.830318451 -0.002403451 0.269784987 0.009611020 0.962869644
1439803998.639522 9.701842308 -2.297262669 32.839958191 -0.002704442 0.284574598 0.010671282 0.958590686
1439803998.702026 9.714685440 -2.297280550 32.850982666 -0.002725098 0.300069720 0.010957527 0.953850448
1439803998.764524 9.723926544 -2.297554970 32.858291626 -0.002674066 0.316238970 0.011523294 0.948605776
1439803998.827026 9.737946510 -2.299480915 32.867786407 -0.002622510 0.332509995 0.012709170 0.943010449
1439803998.889531 9.752231598 -2.299308777 32.876045227 -0.002865736 0.349404931 0.012349604 0.936886072
1439803998.952028 9.765129089 -2.300236464 32.883590698 -0.003098921 0.366632253 0.013418847 0.930263996
1439803999.014527 9.778491974 -2.300093889 32.889125824 -0.002769531 0.383980513 0.014885806 0.923217058
1439803999.077029 9.793478966 -2.300921440 32.896186829 -0.001958998 0.401697278 0.017359531 0.915605903
1439803999.139531 9.804151535 -2.299744368 32.900089264 -0.002264766 0.420338571 0.018454153 0.907176793
1439803999.202032 9.820560455 -2.300872803 32.905593872 -0.002907603 0.438780487 0.020249221 0.898361385
1439803999.264533 9.836386681 -2.300687075 32.909648895 -0.003030689 0.457368553 0.022249715 0.888993680
1439803999.327034 9.852430344 -2.299652100 32.913345337 -0.002490125 0.475504249 0.024114687 0.879379332
1439803999.389536 9.864797592 -2.299888611 32.915485382 -0.002144830 0.493353337 0.026446957 0.869424224
1439803999.452038 9.881193161 -2.300134659 32.917133331 -0.001923058 0.510446072 0.028433204 0.859437406
1439803999.514539 9.895746231 -2.299033642 32.918987274 -0.001534856 0.527803242 0.030435484 0.848819792
1439803999.577040 9.909405708 -2.299930334 32.918365479 -0.001983837 0.544622600 0.032469686 0.838050127
1439803999.639544 9.921830177 -2.299188852 32.919574738 -0.002633201 0.561905980 0.033747911 0.826508164
1439803999.702042 9.936288834 -2.298284769 32.919548035 -0.002855548 0.578230083 0.035577852 0.815092683
1439803999.764542 9.950098038 -2.297839642 32.919250488 -0.003461078 0.594287992 0.036469195 0.803417563
1439803999.827044 9.965478897 -2.298085928 32.916019440 -0.004149135 0.609371960 0.037534647 0.791984737
1439803999.889545 9.979699135 -2.299097776 32.913757324 -0.004980284 0.624885082 0.038958784 0.779728174
1439803999.952047 9.992567062 -2.300009012 32.911457062 -0.005854132 0.640329778 0.041177724 0.766973197
1439804000.014550 10.006378174 -2.299539804 32.908046722 -0.006682286 0.655149877 0.042558949 0.754269660
1439804000.077049 10.020217896 -2.299150229 32.904872894 -0.007402061 0.669867635 0.044184204 0.741127729
1439804000.139551 10.033447266 -2.298036098 32.901134491 -0.007946739 0.684374332 0.044996705 0.727697611
1439804000.202052 10.047834396 -2.296561480 32.894523621 -0.008441266 0.697956562 0.045556091 0.714639783
1439804000.264559 10.060786247 -2.296574116 32.890373230 -0.009100654 0.712150633 0.046664108 0.700414956
1439804000.327058 10.072916031 -2.296963215 32.884738922 -0.009712627 0.725748003 0.047640856 0.686240375
1439804000.389558 10.085286140 -2.296382189 32.880077362 -0.009651854 0.739551246 0.048396628 0.671288729
1439804000.452061 10.098178864 -2.294412136 32.872585297 -0.008939433 0.752387404 0.049039457 0.656832099
1439804000.514559 10.110425949 -2.291697979 32.864475250 -0.008310812 0.765108645 0.049084481 0.641973794
1439804000.577061 10.121508598 -2.290114880 32.857704163 -0.008511120 0.778010905 0.049017698 0.626277804
1439804000.639563 10.132276535 -2.290034533 32.852115631 -0.008541493 0.790972531 0.050278347 0.609722555
1439804000.702063 10.145293236 -2.287618160 32.840682983 -0.008353455 0.802134931 0.050664697 0.594930947
1439804000.764562 10.155903816 -2.287043810 32.833782196 -0.009360304 0.814511001 0.051678207 0.577765942
1439804000.827064 10.166868210 -2.286703348 32.828460693 -0.010674482 0.827288926 0.052582406 0.559208572
1439804000.889567 10.178875923 -2.281931639 32.819072723 -0.010035498 0.838864505 0.051763579 0.541780472
1439804000.952064 10.186825752 -2.282786131 32.805446625 -0.011304051 0.848629296 0.053943343 0.526109040
1439804001.014566 10.198360443 -2.282482862 32.791713715 -0.013331418 0.858896255 0.054165896 0.509102762
1439804001.077068 10.209388733 -2.277752638 32.786575317 -0.011923482 0.871096432 0.054434147 0.487940311
1439804001.139568 10.222848892 -2.278123140 32.775917053 -0.014339304 0.882209778 0.054855920 0.467430413
1439804001.202075 10.225612640 -2.279251814 32.755096436 -0.018629486 0.889463902 0.056030907 0.453174859
1439804001.264571 10.234056473 -2.277872086 32.741569519 -0.020579021 0.898965180 0.056682117 0.433849305
1439804001.327073 10.241728783 -2.276838541 32.727836609 -0.021396788 0.908200264 0.057727043 0.413983166
1439804001.389574 10.248888016 -2.275609016 32.713233948 -0.021841716 0.917132378 0.058525942 0.393656969
1439804001.452075 10.255160332 -2.274834394 32.698253632 -0.021618105 0.925726593 0.059386194 0.372875601
1439804001.514577 10.260721207 -2.273725986 32.682601929 -0.020344697 0.934000313 0.060191680 0.351577163
1439804001.577078 10.265277863 -2.272897005 32.665264130 -0.020576773 0.941725731 0.060619671 0.330233872
1439804001.639580 10.270370483 -2.271403551 32.650222778 -0.021002535 0.949476957 0.060970362 0.307139993
1439804001.702082 10.273824692 -2.270019531 32.632476807 -0.021720970 0.956436634 0.060944669 0.284680396
1439804001.764583 10.277363777 -2.268640757 32.616401672 -0.021775434 0.963162243 0.061279014 0.260939121
1439804001.827082 10.279717445 -2.267389536 32.598976135 -0.022574510 0.969250023 0.061375342 0.237229705
1439804001.889583 10.281472206 -2.265931845 32.581035614 -0.023178868 0.974737823 0.060966894 0.213616371
1439804001.952086 10.282215118 -2.264924526 32.563331604 -0.023374658 0.979574561 0.060477123 0.190341249
1439804002.014585 10.282588959 -2.263377428 32.544609070 -0.023213504 0.983730376 0.059739601 0.167829841
1439804002.077085 10.282767296 -2.262034893 32.526817322 -0.023121381 0.987339795 0.059431255 0.145235747
1439804002.139587 10.281372070 -2.260806561 32.507514954 -0.022201611 0.990209103 0.059836779 0.124147296
1439804002.202088 10.280166626 -2.259327650 32.488143921 -0.021753510 0.992603362 0.060035918 0.103252076
1439804002.264590 10.278079987 -2.258183956 32.469177246 -0.021480177 0.994488239 0.060142074 0.083154574
1439804002.327091 10.275851250 -2.256630898 32.449142456 -0.020695155 0.995919287 0.060190216 0.063981488
1439804002.389593 10.273003578 -2.255735874 32.430446625 -0.021015169 0.996945620 0.059952881 0.045425341
1439804002.452094 10.270008087 -2.254518986 32.410472870 -0.020311963 0.997591436 0.059989344 0.028284125
1439804002.514597 10.266366005 -2.253094196 32.390689850 -0.018922823 0.997944534 0.060012020 0.012132539
1439804002.577097 10.262206078 -2.251958370 32.370582581 -0.018401710 0.998039007 0.059763003 -0.002820105
1439804002.639599 10.259130478 -2.250217915 32.350925446 -0.017804798 0.997907639 0.059534840 -0.017857129
1439804002.702100 10.253240585 -2.249497175 32.330554962 -0.015557534 0.997582793 0.060591098 -0.030253703
1439804002.764601 10.248363495 -2.248172283 32.310550690 -0.015580757 0.997149169 0.060566552 -0.042219196
1439804002.827107 10.243561745 -2.246950626 32.290332794 -0.016447766 0.996622443 0.059962247 -0.053645026
1439804002.889604 10.238586426 -2.246276855 32.270404816 -0.017250838 0.995973349 0.060046744 -0.064295135
1439804002.952107 10.233333588 -2.244328976 32.249008179 -0.017541826 0.995292366 0.059374936 -0.074565001
1439804003.014608 10.227827072 -2.242410898 32.227325439 -0.017432461 0.994572461 0.058960587 -0.083936438
1439804003.077108 10.221656799 -2.241760254 32.207691193 -0.017735558 0.993773520 0.059191160 -0.092715330
1439804003.139609 10.215397835 -2.241541386 32.188419342 -0.018289527 0.992929339 0.059579484 -0.101029947
1439804003.202112 10.208704948 -2.239052296 32.165641785 -0.016190587 0.992234826 0.059220817 -0.108170159
1439804003.264613 10.201346397 -2.238771915 32.147109985 -0.015802344 0.991490722 0.059446972 -0.114728093
1439804003.327114 10.195215225 -2.236144066 32.123142242 -0.015164830 0.990784705 0.059012417 -0.120968178
1439804003.389615 10.187789917 -2.233394146 32.103199005 -0.015524200 0.990136981 0.058623362 -0.126297563
1439804003.452117 10.181293488 -2.233449221 32.081142426 -0.015892101 0.989383698 0.059395175 -0.131679609
1439804003.514618 10.176661491 -2.234311104 32.057720184 -0.016392890 0.988556981 0.060226694 -0.137328431
1439804003.577125 10.167125702 -2.230341434 32.036033630 -0.016570853 0.988080561 0.059490949 -0.141007215
1439804003.639621 10.163066864 -2.231870413 32.012969971 -0.017960843 0.987331748 0.059668496 -0.145921618
1439804003.702122 10.152678490 -2.227768421 31.993000031 -0.019377381 0.986995816 0.057898026 -0.148699597
1439804003.764624 10.148395538 -2.229641914 31.969509125 -0.018693659 0.986293256 0.058459762 -0.153162181
1439804003.827127 10.137550354 -2.224658012 31.949443817 -0.018944746 0.986021459 0.057307754 -0.155301616
1439804003.889627 10.133105278 -2.226537228 31.925239563 -0.018763777 0.985369563 0.058225404 -0.159073934
1439804003.952128 10.128610611 -2.228337049 31.901039124 -0.018070390 0.984799862 0.058497224 -0.162544757
1439804004.014629 10.113296509 -2.220793247 31.880462646 -0.018239828 0.984918952 0.056133203 -0.162637815
1439804004.077131 10.104999542 -2.218461990 31.857982635 -0.019105176 0.984508336 0.055949759 -0.165069446
1439804004.139632 10.096233368 -2.216642618 31.837509155 -0.018884465 0.984207928 0.056129057 -0.166816160
1439804004.202135 10.088937759 -2.216064930 31.811241150 -0.019777056 0.983761191 0.058398355 -0.168560043
1439804004.264635 10.081167221 -2.214054108 31.787361145 -0.020434663 0.983349442 0.059987903 -0.170316845
1439804004.327136 10.072681427 -2.212212086 31.763814926 -0.020387923 0.983034968 0.060967643 -0.171783224
1439804004.389638 10.063101768 -2.211767912 31.740371704 -0.020550119 0.982823253 0.061270345 -0.172864497
1439804004.452139 10.054222107 -2.210969448 31.718767166 -0.020196306 0.982687652 0.061085474 -0.173740342
1439804004.514641 10.046155930 -2.209168434 31.694610596 -0.018804200 0.982591450 0.060669463 -0.174584225
1439804004.577141 10.036794662 -2.207483053 31.670423508 -0.017893821 0.982653916 0.060044874 -0.174544275
1439804004.639643 10.028284073 -2.205633640 31.644933701 -0.018062012 0.982671082 0.059612885 -0.174578220
1439804004.702145 10.019863129 -2.204924107 31.623250961 -0.018423805 0.982682347 0.059285000 -0.174588650
1439804004.764646 10.011383057 -2.203423023 31.600307465 -0.019332338 0.982658327 0.058623128 -0.174848869
1439804004.827148 10.004235268 -2.201631069 31.575737000 -0.020594073 0.982506096 0.058534846 -0.175588503
1439804004.889649 9.994330406 -2.200119495 31.552913666 -0.021305405 0.982573211 0.058376014 -0.175180316
1439804004.952152 9.986175537 -2.198576927 31.528964996 -0.021845795 0.982575297 0.058704775 -0.174992219
1439804005.014652 9.976845741 -2.196596622 31.505111694 -0.020896772 0.982694507 0.059097093 -0.174305514
1439804005.077153 9.968634605 -2.195383549 31.480842590 -0.019404311 0.982731283 0.059849169 -0.174013793
1439804005.139655 9.959720612 -2.194410563 31.455375671 -0.018329157 0.982702196 0.060599804 -0.174034670
1439804005.202156 9.951431274 -2.191625595 31.431625366 -0.018739298 0.982629061 0.061272182 -0.174168587
1439804005.264660 9.942934036 -2.190098524 31.406944275 -0.019266853 0.982538581 0.061663803 -0.174482852
1439804005.327160 9.933576584 -2.188648939 31.382781982 -0.020306531 0.982448637 0.061877776 -0.174795583
1439804005.389660 9.925662994 -2.186223269 31.357814789 -0.021705410 0.982254148 0.062592745 -0.175464675
1439804005.452162 9.915693283 -2.184291601 31.331594467 -0.023341307 0.982100070 0.063612729 -0.175749943
1439804005.514663 9.906161308 -2.183276176 31.307685852 -0.024005197 0.981952369 0.064087629 -0.176312566
1439804005.577164 9.897292137 -2.182723999 31.282333374 -0.023982339 0.981885254 0.064039841 -0.176706150
1439804005.639665 9.889559746 -2.182034731 31.259243011 -0.023156505 0.981885910 0.063547820 -0.176990002
1439804005.702171 9.880928040 -2.180230379 31.234920502 -0.022632083 0.981854737 0.062825248 -0.177488148
1439804005.764671 9.869026184 -2.177507877 31.208269119 -0.021703694 0.981865227 0.062242839 -0.177751184
1439804005.827170 9.860083580 -2.176347256 31.182878494 -0.021477289 0.981745124 0.062483341 -0.178356558
1439804005.889671 9.850057602 -2.174137592 31.159488678 -0.020755108 0.981743276 0.062029351 -0.178610742
1439804005.952172 9.841670036 -2.173062563 31.132436752 -0.021589210 0.981618583 0.061538450 -0.179365382
1439804006.014674 9.831734657 -2.171632767 31.106801987 -0.022742037 0.981542230 0.061149724 -0.179772958
1439804006.077176 9.822570801 -2.169756889 31.082246780 -0.023809608 0.981473386 0.060823921 -0.180120870
1439804006.139680 9.813636780 -2.168327332 31.055135727 -0.025722664 0.981299222 0.061725412 -0.180499837
1439804006.202179 9.804532051 -2.167115688 31.029811859 -0.026700089 0.981146514 0.062653936 -0.180867851
1439804006.264680 9.795053482 -2.163215637 31.003530502 -0.026785124 0.981081009 0.062599219 -0.181229115
1439804006.327181 9.784014702 -2.162719727 30.976840973 -0.026887083 0.981011808 0.062760994 -0.181532294
1439804006.389683 9.774696350 -2.160594940 30.949600220 -0.026072243 0.980948210 0.062635303 -0.182037413
1439804006.452184 9.763864517 -2.159651518 30.925031662 -0.025489306 0.980932176 0.062730305 -0.182173967
1439804006.514686 9.754334450 -2.157770634 30.898262024 -0.024907321 0.980878711 0.062638938 -0.182573274
1439804006.577187 9.744243622 -2.156113863 30.873939514 -0.024793638 0.980864584 0.062817499 -0.182603329
1439804006.639689 9.734103203 -2.154903889 30.847564697 -0.025389105 0.980827391 0.062799565 -0.182727233
1439804006.702190 9.724877357 -2.152973175 30.821458817 -0.026251510 0.980802238 0.062951699 -0.182688147
1439804006.764691 9.715297699 -2.150705814 30.795747757 -0.027220055 0.980779111 0.063138276 -0.182606101
1439804006.827193 9.705245972 -2.148818493 30.770252228 -0.028210731 0.980764687 0.063324198 -0.182468891
1439804006.889696 9.697246552 -2.147138357 30.740306854 -0.028326074 0.980688810 0.063595630 -0.182764009
1439804006.952195 9.686405182 -2.146170616 30.716741562 -0.027904436 0.980720341 0.064090684 -0.182486638
1439804007.014697 9.675441742 -2.144362211 30.689361572 -0.027783023 0.980770230 0.064069666 -0.182244286
1439804007.077198 9.664710045 -2.142336369 30.664415359 -0.027181432 0.980849862 0.063954614 -0.181946546
1439804007.139701 9.655653954 -2.140907764 30.637355804 -0.027024530 0.980796814 0.064225778 -0.182160079
1439804007.202205 9.646249771 -2.139167070 30.609889984 -0.027905064 0.980737031 0.064608090 -0.182214200
1439804007.264702 9.635806084 -2.136660814 30.583282471 -0.028397875 0.980734885 0.064586677 -0.182156846
1439804007.327207 9.625350952 -2.134815693 30.555932999 -0.029368728 0.980705678 0.064301245 -0.182261243
1439804007.389705 9.615086555 -2.133490086 30.529937744 -0.029628072 0.980691016 0.064198136 -0.182334661
1439804007.452207 9.604393959 -2.132271290 30.503129959 -0.029254926 0.980707586 0.064283699 -0.182275549
1439804007.514710 9.594826698 -2.130398750 30.476116180 -0.028904330 0.980680525 0.064586304 -0.182370111
1439804007.577211 9.584846497 -2.128742695 30.450309753 -0.028260039 0.980726898 0.064388357 -0.182291538
1439804007.639716 9.573028564 -2.126264811 30.422653198 -0.028611979 0.980801225 0.063653797 -0.182094932
1439804007.702213 9.563144684 -2.124287844 30.393482208 -0.028914656 0.980796635 0.063080780 -0.182271034
1439804007.764714 9.553169250 -2.122811079 30.366775513 -0.029305236 0.980803788 0.062852278 -0.182248875
1439804007.827215 9.542669296 -2.120498180 30.338476181 -0.030099155 0.980806291 0.062873386 -0.182098672
1439804007.889717 9.533382416 -2.118543386 30.310760498 -0.031080166 0.980760515 0.063277982 -0.182040468
1439804008.014719 9.513445854 -2.114072561 30.254348755 -0.031425826 0.980886936 0.063992605 -0.181047410
1439804008.077220 9.502730370 -2.113203526 30.227964401 -0.031766418 0.980913639 0.064443365 -0.180682987
1439804008.139721 9.492708206 -2.111558914 30.200242996 -0.031946957 0.980924547 0.064840011 -0.180450067
1439804008.202222 9.482725143 -2.109697342 30.170711517 -0.031605259 0.980948091 0.065050997 -0.180306062
1439804008.327224 9.461179733 -2.105984449 30.114496231 -0.032364286 0.981058776 0.065366484 -0.179453149
1439804008.389727 9.449666977 -2.104128122 30.085887909 -0.032983832 0.981145322 0.064219616 -0.179281235
1439804008.452230 9.439711571 -2.102312088 30.055978775 -0.033120707 0.981315613 0.062586643 -0.178901061
1439804008.514727 9.429562569 -2.100973129 30.026906967 -0.033688270 0.981415510 0.061300278 -0.178692549
1439804008.577227 9.418711662 -2.099473000 29.996131897 -0.033907849 0.981490910 0.060457427 -0.178523749
1439804008.702231 9.397109985 -2.095616817 29.938335419 -0.033846885 0.981669843 0.060580414 -0.177507043
1439804008.764730 9.387121201 -2.092295170 29.903739929 -0.033951201 0.981670380 0.060803361 -0.177407682
1439804008.827228 9.374904633 -2.091152668 29.879234314 -0.033105440 0.981721699 0.061832231 -0.176927492
1439804008.889730 9.363883972 -2.088598251 29.850742340 -0.032044832 0.981720984 0.063266449 -0.176619172
1439804008.952230 9.352721214 -2.086695910 29.817579269 -0.032004796 0.981630385 0.064924486 -0.176528499
1439804009.077231 9.330203056 -2.083148479 29.759624481 -0.031692084 0.981653631 0.066489905 -0.175871611
1439804009.139734 9.319850922 -2.080952406 29.728763580 -0.031643424 0.981654227 0.067023747 -0.175674438
1439804009.202232 9.310011864 -2.078982830 29.699041367 -0.032069821 0.981608689 0.067631051 -0.175618738
1439804009.264733 9.298546791 -2.076432705 29.667915344 -0.033519026 0.981559813 0.068056986 -0.175456583
1439804009.327233 9.287942886 -2.074044704 29.637197495 -0.033599108 0.981631756 0.067945540 -0.175081730
1439804009.452234 9.266202927 -2.069180965 29.576259613 -0.034847572 0.981682837 0.068407029 -0.174370110
1439804009.514734 9.255461693 -2.066760302 29.544275284 -0.033568561 0.981770873 0.067920364 -0.174315423
1439804009.577235 9.244346619 -2.065494537 29.514959335 -0.032172650 0.981922507 0.067517184 -0.173880726
1439804009.639735 9.233676910 -2.063334465 29.484199524 -0.031261817 0.982034624 0.067352414 -0.173477367
1439804009.702235 9.222222328 -2.061011791 29.452806473 -0.030842941 0.982106209 0.067789152 -0.172976062
1439804009.764737 9.211016655 -2.058201790 29.422021866 -0.029798452 0.982193410 0.068470791 -0.172394499
1439804009.827238 9.199590683 -2.055741549 29.389938354 -0.029888337 0.982173383 0.069617569 -0.172033489
1439804009.889739 9.188598633 -2.053025484 29.358333588 -0.029657504 0.982202411 0.070691288 -0.171469003
1439804009.952241 9.178304672 -2.050453663 29.326759338 -0.029327072 0.982226849 0.071968347 -0.170853347
1439804010.014742 9.166894913 -2.048036575 29.295505524 -0.028406834 0.982366383 0.072951645 -0.169786051
1439804010.077244 9.155134201 -2.044783115 29.263429642 -0.027813017 0.982436240 0.073361084 -0.169303209
1439804010.139744 9.144321442 -2.042694569 29.231702805 -0.025896935 0.982646704 0.073034421 -0.168525368
1439804010.202245 9.135339737 -2.040477753 29.200944901 -0.026502004 0.982712090 0.072854549 -0.168127179
1439804010.264746 9.124011993 -2.037402630 29.168298721 -0.025502667 0.983014226 0.071517207 -0.167086616
1439804010.327245 9.112017632 -2.034966469 29.136072159 -0.024331868 0.983349323 0.070099235 -0.165886104
1439804010.389746 9.101494789 -2.032156944 29.104448318 -0.024133289 0.983557761 0.069276072 -0.165022835
1439804010.452247 9.090492249 -2.030460835 29.072841644 -0.023756819 0.983723402 0.069291189 -0.164080948
1439804010.514748 9.079872131 -2.027831078 29.039962769 -0.023168366 0.983861744 0.069343507 -0.163311824
1439804010.577247 9.067273140 -2.023844719 29.006179810 -0.021929063 0.984096289 0.069037311 -0.162195861
1439804010.639749 9.058989525 -2.021861076 28.976110458 -0.021255309 0.984234869 0.068904102 -0.161499664
1439804010.702249 9.048084259 -2.019644976 28.942691803 -0.020978227 0.984387279 0.068778016 -0.160658777
1439804010.764752 9.037792206 -2.017734289 28.910146713 -0.020663364 0.984585524 0.068474010 -0.159610912
1439804010.827252 9.027130127 -2.015296459 28.876987457 -0.021049524 0.984802544 0.067796789 -0.158507034
1439804010.889754 9.018266678 -2.012916565 28.842660904 -0.021602258 0.985032201 0.066418871 -0.157586426
1439804010.952255 9.007628441 -2.010467291 28.813306808 -0.021920927 0.985410333 0.064466901 -0.155980617
1439804011.014756 8.998130798 -2.009089947 28.778625488 -0.022588449 0.985633194 0.063130811 -0.155020848
1439804011.077257 8.987207413 -2.006445885 28.746496201 -0.022632243 0.985951543 0.061856955 -0.153496251
1439804011.139758 8.977752686 -2.003555059 28.715797424 -0.023380127 0.986161411 0.060787469 -0.152459532
1439804011.202260 8.967828751 -2.000841141 28.682600021 -0.023963416 0.986371577 0.059803508 -0.151394829
1439804011.264760 8.958628654 -1.999337792 28.648607254 -0.024200656 0.986612499 0.058751214 -0.150194392
1439804011.327263 8.948588371 -1.997763753 28.613967896 -0.024994880 0.986810982 0.057749052 -0.149145439
1439804011.389762 8.939193726 -1.996410728 28.580661774 -0.025346376 0.986979008 0.057073411 -0.148231715
1439804011.452263 8.930296898 -1.995095968 28.548643112 -0.025560027 0.987131000 0.056776654 -0.147293836
1439804011.514765 8.918479919 -1.992309570 28.514091492 -0.025943771 0.987313569 0.056629602 -0.146054432
1439804011.577267 8.907958031 -1.990039110 28.479988098 -0.026191952 0.987455666 0.056957241 -0.144917533
1439804011.639768 8.899922371 -1.988656759 28.446132660 -0.026240369 0.987548530 0.057282589 -0.144146100
1439804011.702270 8.890325546 -1.987109065 28.412054062 -0.025988476 0.987664223 0.057961207 -0.143124118
1439804011.764771 8.880414009 -1.984905839 28.378229141 -0.025850587 0.987771273 0.059043739 -0.141963229
1439804011.827273 8.871437073 -1.983042598 28.345573425 -0.025490155 0.987879217 0.059866935 -0.140928701
1439804011.889773 8.861507416 -1.981093645 28.312475204 -0.024829479 0.988055229 0.060511131 -0.139530793
1439804011.952272 8.853940964 -1.978304505 28.278495789 -0.025435220 0.988106728 0.061299112 -0.138710305
1439804012.014774 8.844970703 -1.977074385 28.245733261 -0.025177479 0.988207996 0.062079910 -0.137685061
1439804012.077276 8.835428238 -1.974028468 28.213029861 -0.024611134 0.988345027 0.062442176 -0.136635795
1439804012.139778 8.826897621 -1.971655250 28.178668976 -0.024475170 0.988460898 0.062595069 -0.135749266
1439804012.202277 8.818400383 -1.969907880 28.144966125 -0.023818389 0.988599360 0.062715352 -0.134798989
1439804012.264778 8.808436394 -1.967415810 28.113925934 -0.023808688 0.988724530 0.063223757 -0.133640274
1439804012.327279 8.799882889 -1.965292811 28.082357407 -0.023536062 0.988833427 0.063656665 -0.132673681
1439804012.389781 8.793124199 -1.964302778 28.047950745 -0.024729315 0.988866270 0.063967563 -0.132060915
1439804012.452282 8.784936905 -1.962178946 28.015079498 -0.025061568 0.988949239 0.064261571 -0.131231681
1439804012.514783 8.776591301 -1.959566355 27.980831146 -0.025236117 0.989028811 0.064696297 -0.130382195
1439804012.577285 8.768250465 -1.957140326 27.947729111 -0.025284272 0.989062726 0.065765277 -0.129578486
1439804012.639787 8.760934830 -1.955015540 27.915588379 -0.025386507 0.989062011 0.066862397 -0.129000872
1439804012.702288 8.752099037 -1.952218652 27.881841660 -0.025779162 0.989111125 0.067270450 -0.128332868
1439804012.764790 8.743647575 -1.949840784 27.852977753 -0.026545968 0.989148319 0.067864284 -0.127574876
1439804012.827291 8.735287666 -1.946353316 27.818887711 -0.026764177 0.989223599 0.067910947 -0.126919374
1439804012.889792 8.727006912 -1.944209576 27.786308289 -0.027580509 0.989271224 0.068117328 -0.126260608
1439804012.952294 8.719070435 -1.942552090 27.752227783 -0.028482910 0.989297628 0.068399884 -0.125699744
1439804013.014795 8.710583687 -1.940226197 27.720714569 -0.028827285 0.989385486 0.067846991 -0.125228360
1439804013.077297 8.702956200 -1.938693404 27.690557480 -0.030437957 0.989413619 0.067176379 -0.124986246
1439804013.139798 8.695336342 -1.935153246 27.655303955 -0.032037150 0.989430130 0.066436730 -0.124851018
1439804013.202299 8.688068390 -1.932660818 27.621942520 -0.032689132 0.989386559 0.066428423 -0.125031844
1439804013.264801 8.678806305 -1.930499792 27.591590881 -0.033059463 0.989363492 0.066881463 -0.124875009
1439804013.327302 8.671171188 -1.927463770 27.556840897 -0.033367962 0.989293218 0.066969641 -0.125301957
1439804013.389803 8.662834167 -1.924545169 27.522169113 -0.032567699 0.989285171 0.067006126 -0.125556484
1439804013.452305 8.653940201 -1.922465563 27.489372253 -0.032116257 0.989203691 0.067681976 -0.125951216
1439804013.514806 8.646486282 -1.920392871 27.457592010 -0.032208804 0.989059448 0.068528444 -0.126601219
1439804013.577307 8.636985779 -1.919698358 27.429414749 -0.032451920 0.988956094 0.069344625 -0.126901507
1439804013.639809 8.629724503 -1.915915966 27.393106461 -0.032217577 0.988907218 0.069230005 -0.127403796
1439804013.702311 8.621252060 -1.913257718 27.360609055 -0.032944821 0.988858342 0.069066077 -0.127685934
1439804013.764811 8.612367630 -1.911026478 27.330305099 -0.033360098 0.988852918 0.068740457 -0.127795964
1439804013.827314 8.604836464 -1.908988833 27.296175003 -0.034138173 0.988792658 0.068480387 -0.128195390
1439804013.889815 8.596775055 -1.906175733 27.265388489 -0.033692807 0.988816381 0.068225481 -0.128266349
1439804013.952316 8.588019371 -1.903936505 27.233110428 -0.033292357 0.988824606 0.068150111 -0.128347352
1439804014.014817 8.579854965 -1.900824547 27.200439453 -0.033093389 0.988743663 0.068582833 -0.128791183
1439804014.077319 8.571306229 -1.898359060 27.169225693 -0.033026841 0.988671184 0.068941377 -0.129172489
1439804014.139821 8.563555717 -1.896509767 27.138261795 -0.032016687 0.988668561 0.068680018 -0.129585892
1439804014.202322 8.555273056 -1.893942833 27.105855942 -0.030497523 0.988720953 0.068036824 -0.129891515
1439804014.264827 8.545673370 -1.892184377 27.075229645 -0.028877029 0.988779843 0.067691579 -0.129993692
1439804014.327324 8.537845612 -1.889651537 27.043720245 -0.029008951 0.988762975 0.067095913 -0.130400926
1439804014.389826 8.529989243 -1.887780428 27.012201309 -0.029970171 0.988746107 0.066487789 -0.130622685
1439804014.452328 8.522070885 -1.885744691 26.981533051 -0.031637687 0.988726974 0.065821618 -0.130711943
1439804014.514829 8.513674736 -1.883099914 26.949853897 -0.032304306 0.988728523 0.065407217 -0.130744830
1439804014.577330 8.505026817 -1.880472422 26.918739319 -0.031786911 0.988740087 0.065452777 -0.130761608
1439804014.639832 8.496879578 -1.878324866 26.886341095 -0.030999433 0.988759518 0.065367229 -0.130846098
1439804014.702333 8.488370895 -1.877085805 26.856218338 -0.030049283 0.988787830 0.065384544 -0.130845234
1439804014.764834 8.479835510 -1.874782324 26.825611115 -0.029600002 0.988781631 0.065138988 -0.131116658
1439804014.827338 8.471879005 -1.873412371 26.792709351 -0.028928656 0.988738775 0.064991683 -0.131661683
1439804014.889837 8.463776588 -1.870931268 26.762489319 -0.029061055 0.988677323 0.064710222 -0.132231548
1439804014.952339 8.456141472 -1.868726134 26.731100082 -0.029425653 0.988592684 0.064700074 -0.132787302
1439804015.014839 8.446554184 -1.866511345 26.696907043 -0.029818529 0.988558233 0.064710759 -0.132951289
1439804015.077341 8.439018250 -1.864399433 26.671356201 -0.030030273 0.988505960 0.064865358 -0.133216247
1439804015.139842 8.430634499 -1.862116337 26.640668869 -0.030079238 0.988418877 0.065429591 -0.133575231
1439804015.202344 8.422014236 -1.859769821 26.611083984 -0.029299270 0.988325775 0.066270672 -0.134021938
1439804015.264845 8.412287712 -1.857550144 26.582649231 -0.028769299 0.988265276 0.066951729 -0.134244412
1439804015.327347 8.405300140 -1.855186939 26.548921585 -0.028290493 0.988097191 0.067417897 -0.135345504
1439804015.389848 8.396099091 -1.852561355 26.516059875 -0.027860133 0.988036275 0.067551941 -0.135811642
1439804015.452349 8.388249397 -1.851377606 26.487052917 -0.028352790 0.987873018 0.067964621 -0.136688650
1439804015.514850 8.380097389 -1.848900795 26.455896378 -0.028257323 0.987763822 0.068141170 -0.137407824
1439804015.577353 8.372023582 -1.846917987 26.425539017 -0.028495718 0.987644970 0.068351597 -0.138106629
1439804015.639854 8.362971306 -1.844765425 26.397151947 -0.029286467 0.987546265 0.068272322 -0.138684899
1439804015.702355 8.354647636 -1.842102289 26.368745804 -0.029563205 0.987460911 0.067908607 -0.139410898
1439804015.764859 8.346839905 -1.839319110 26.334844589 -0.029423805 0.987372577 0.067682728 -0.140173525
1439804015.827358 8.337977409 -1.838166833 26.306592941 -0.029300755 0.987322628 0.067883119 -0.140453994
1439804015.889859 8.328716278 -1.835896254 26.275697708 -0.029243561 0.987253189 0.067527249 -0.141124383
1439804015.952361 8.320059776 -1.833735943 26.246557236 -0.029229205 0.987248063 0.066773646 -0.141520903
1439804016.014862 8.312081337 -1.831728578 26.216638565 -0.029465793 0.987232625 0.065992437 -0.141945362
1439804016.077363 8.303413391 -1.829331040 26.186306000 -0.029820688 0.987248421 0.065321170 -0.142072022
1439804016.139865 8.294914246 -1.827293754 26.158517838 -0.030266942 0.987222970 0.065043867 -0.142281368
1439804016.202366 8.286207199 -1.825136662 26.128063202 -0.030774271 0.987192392 0.064591832 -0.142590567
1439804016.264867 8.277970314 -1.823052764 26.096441269 -0.030951779 0.987133324 0.064119302 -0.143172890
1439804016.327369 8.269762993 -1.821989417 26.068431854 -0.030920632 0.987076759 0.064325318 -0.143476963
1439804016.389870 8.260859489 -1.819712400 26.038930893 -0.030333545 0.987049878 0.064418465 -0.143745393
1439804016.452372 8.252161026 -1.817892909 26.009555817 -0.029149365 0.986986995 0.064983226 -0.144167051
1439804016.514875 8.243844986 -1.815227985 25.979248047 -0.028464178 0.986851275 0.065595135 -0.144953907
1439804016.577376 8.234783173 -1.813767672 25.950193405 -0.027783507 0.986753106 0.066005401 -0.145566776
1439804016.639876 8.226403236 -1.811736465 25.920179367 -0.027475182 0.986678481 0.066015787 -0.146125421
1439804016.702378 8.216505051 -1.809290528 25.891696930 -0.027444776 0.986591101 0.066153124 -0.146658093
1439804016.764878 8.207764626 -1.807421207 25.863616943 -0.027107226 0.986515939 0.066130020 -0.147235677
1439804016.827380 8.198490143 -1.805732727 25.834280014 -0.026507802 0.986502945 0.065649919 -0.147646114
1439804016.889881 8.190330505 -1.803854704 25.804920197 -0.026219809 0.986484289 0.064798631 -0.148197368
1439804016.952383 8.181446075 -1.802784801 25.779590607 -0.026104974 0.986482441 0.064241432 -0.148472160
1439804017.014885 8.172195435 -1.800529122 25.750314713 -0.025908872 0.986491680 0.063592330 -0.148724332
1439804017.077386 8.163713455 -1.798216581 25.717699051 -0.025606109 0.986483872 0.062872678 -0.149133816
1439804017.139889 8.155607224 -1.795894265 25.689094543 -0.025087573 0.986468017 0.062459689 -0.149500161
1439804017.202388 8.145812988 -1.794819951 25.661363602 -0.024712779 0.986468792 0.062421542 -0.149573237
1439804017.264892 8.137403488 -1.792827725 25.632406235 -0.024164388 0.986458778 0.062169868 -0.149833620
1439804017.327391 8.128190994 -1.791581750 25.604595184 -0.023997413 0.986430168 0.062334355 -0.149980053
1439804017.389893 8.119942665 -1.790093660 25.574975967 -0.023618340 0.986351311 0.062653676 -0.150425419
1439804017.452394 8.111113548 -1.787444353 25.546876907 -0.023318026 0.986256063 0.062936887 -0.150977239
1439804017.514895 8.101993561 -1.784894824 25.518178940 -0.024333088 0.986074209 0.063702673 -0.151682228
1439804017.577398 8.093065262 -1.784109354 25.490463257 -0.024617555 0.985837996 0.064265318 -0.152929500
1439804017.639900 8.083941460 -1.781980634 25.462631226 -0.024445757 0.985583663 0.064355068 -0.154549897
1439804017.702400 8.074094772 -1.780030727 25.434246063 -0.023905709 0.985329151 0.064031683 -0.156380624
1439804017.764901 8.065554619 -1.777587414 25.406181335 -0.022936676 0.985020339 0.063639149 -0.158615679
1439804017.827403 8.055213928 -1.777753592 25.381584167 -0.022525487 0.984710217 0.063634753 -0.160589725
1439804017.889904 8.045152664 -1.774680376 25.351243973 -0.021306138 0.984474897 0.062624581 -0.162583590
1439804017.952405 8.034448624 -1.773339629 25.324924469 -0.020351160 0.984249115 0.061862409 -0.164354742
1439804018.014907 8.024744987 -1.771353006 25.297599792 -0.019611767 0.983982086 0.061354689 -0.166223407
1439804018.077410 8.014932632 -1.769193769 25.269813538 -0.018679954 0.983684480 0.061407700 -0.168062299
1439804018.139910 8.003897667 -1.767630696 25.243204117 -0.018214732 0.983447731 0.061455075 -0.169475660
1439804018.202413 7.994342804 -1.766340017 25.216495514 -0.018121062 0.983175337 0.061729968 -0.170959815
1439804018.264913 7.982249260 -1.764532447 25.187826157 -0.018270073 0.982974291 0.061925195 -0.172026038
1439804018.327417 7.971249580 -1.763825417 25.160457611 -0.017869145 0.982822299 0.062045984 -0.172891259
1439804018.389916 7.962560654 -1.761223555 25.131282806 -0.016782016 0.982747734 0.061873216 -0.173484832
1439804018.514919 7.943044662 -1.757296443 25.077682495 -0.015439688 0.982718706 0.061745785 -0.173818916
1439804018.577417 7.933060646 -1.755273938 25.051380157 -0.015004727 0.982674301 0.061551914 -0.174176574
1439804018.639919 7.922933102 -1.753918529 25.022357941 -0.015269821 0.982595503 0.061311655 -0.174682051
1439804018.702421 7.911010265 -1.752477884 24.993656158 -0.015618170 0.982511520 0.060830083 -0.175290793
1439804018.764922 7.902017593 -1.749215484 24.964790344 -0.014589576 0.982571423 0.059651505 -0.175448775
1439804018.827423 7.890623569 -1.747322202 24.937593460 -0.014471839 0.982635617 0.059267879 -0.175228775
1439804018.952425 7.869629860 -1.743607283 24.881811142 -0.013346823 0.982905269 0.058704395 -0.173990950
1439804019.014926 7.859876633 -1.743331671 24.855115891 -0.013275065 0.983052850 0.059052613 -0.173042253
1439804019.077427 7.851071835 -1.740488052 24.825431824 -0.013497027 0.983169615 0.059039701 -0.172364771
1439804019.139929 7.844835281 -1.740339160 24.795211792 -0.012967326 0.983209670 0.059384685 -0.172058359
1439804019.202431 7.834741116 -1.737856507 24.771884918 -0.012796587 0.983424723 0.059601992 -0.170761779
1439804019.327432 7.815497398 -1.735675812 24.711687088 -0.014464604 0.983754694 0.060500775 -0.168395832
1439804019.389933 7.805176735 -1.733625412 24.681959152 -0.015486085 0.983997285 0.060174432 -0.166998863
1439804019.452434 7.782706738 -1.728054404 24.659404755 -0.017800691 0.984413028 0.059599068 -0.164505452
1439804019.514935 7.785475731 -1.728218079 24.628175735 -0.016077984 0.984568655 0.058713451 -0.164069265
1439804019.577439 7.774680138 -1.727178454 24.594465256 -0.015549794 0.984805584 0.058006503 -0.162945732
1439804019.702439 7.757354736 -1.724053264 24.536016464 -0.013821405 0.985205472 0.058656797 -0.160432354
1439804019.764940 7.749429226 -1.719659090 24.506719589 -0.012596356 0.985202551 0.060067616 -0.160028651
1439804019.827441 7.740704536 -1.718195558 24.478168488 -0.013024575 0.985195279 0.061669085 -0.159428671
1439804019.889943 7.731458187 -1.718713045 24.450822830 -0.013481371 0.985217154 0.063731492 -0.158441395
1439804019.952444 7.725402355 -1.713100314 24.420347214 -0.014040167 0.985260904 0.064659372 -0.157743394
1439804020.014949 7.710759640 -1.712573647 24.391483307 -0.014315400 0.985528529 0.065536171 -0.155671343
1439804020.139952 7.698539257 -1.711646914 24.337118149 -0.016040018 0.985932589 0.066907294 -0.152325585
1439804020.202448 7.684835434 -1.707325339 24.305099487 -0.014546728 0.986429155 0.065807067 -0.149717510
1439804020.264950 7.677514553 -1.706720829 24.274991989 -0.015154199 0.986618876 0.065730087 -0.148435608
1439804020.327451 7.669872761 -1.705576301 24.249223709 -0.013604294 0.986903131 0.064849727 -0.147076875
1439804020.389953 7.663593292 -1.703954816 24.221466064 -0.011663933 0.987153292 0.064483628 -0.145719618
1439804020.452455 7.654921532 -1.695241451 24.192714691 -0.012119063 0.987399280 0.063888460 -0.144270822
1439804020.577455 7.638839722 -1.699028730 24.134590149 -0.014916711 0.987645507 0.064393289 -0.142082185
1439804020.639957 7.632292271 -1.696562767 24.102445602 -0.016600460 0.987768114 0.063591950 -0.141402528
1439804020.702458 7.619283199 -1.691730857 24.072500229 -0.017421359 0.988060892 0.063090570 -0.139469564
1439804020.764959 7.612908363 -1.689828157 24.044628143 -0.016968071 0.988292933 0.062711731 -0.138044715
1439804020.827460 7.605120659 -1.688179255 24.015577316 -0.015558812 0.988562465 0.062078159 -0.136559337
1439804020.952462 7.591010094 -1.684713244 23.956539154 -0.013339959 0.988993824 0.061390709 -0.133956701
1439804021.014963 7.580951214 -1.682355165 23.932691574 -0.013165083 0.989185035 0.061819252 -0.132355705
1439804021.077467 7.575806141 -1.679913759 23.905818939 -0.012720210 0.989314437 0.062770344 -0.130977079
1439804021.139968 7.567136765 -1.676889300 23.872726440 -0.012588442 0.989499032 0.063291430 -0.129334465
1439804021.202470 7.559606552 -1.676630735 23.843988419 -0.012603631 0.989685535 0.064236701 -0.127425566
1439804021.264971 7.557284355 -1.676050544 23.818330765 -0.012065068 0.989872813 0.064975739 -0.125636011
1439804021.389970 7.545030117 -1.672266245 23.761880875 -0.010062924 0.990296304 0.065737501 -0.122026667
1439804021.452472 7.538882732 -1.669556618 23.728942871 -0.008958680 0.990495920 0.066034220 -0.120320454
1439804021.514975 7.530551434 -1.667472959 23.703350067 -0.008464237 0.990724206 0.066441342 -0.118234783
1439804021.577474 7.526817322 -1.664091945 23.674293518 -0.007784829 0.990931571 0.066437438 -0.116533749
1439804021.639974 7.521858215 -1.662334442 23.644094467 -0.007381985 0.991124749 0.066530712 -0.114851609
1439804021.702478 7.510449886 -1.659730792 23.606472015 -0.007195524 0.991402864 0.065888524 -0.112815380
1439804021.827477 7.493868828 -1.653002143 23.548381805 -0.005056015 0.992013156 0.064518690 -0.108266488
1439804021.889976 7.485352516 -1.648876190 23.520269394 -0.004412373 0.992287040 0.063883290 -0.106140733
1439804021.952477 7.483347893 -1.648276448 23.490255356 -0.002880097 0.992479503 0.063443378 -0.104647495
1439804022.014979 7.473750114 -1.643600702 23.460886002 -0.003146518 0.992752731 0.062921897 -0.102337077
1439804022.077480 7.469617844 -1.644068718 23.427038193 -0.002548411 0.992929697 0.063031025 -0.100554518
1439804022.139982 7.465377808 -1.642040968 23.395404816 -0.003033120 0.993121803 0.062836371 -0.098749600
1439804022.264983 7.455478668 -1.638666987 23.337539673 -0.004677072 0.993449271 0.064163968 -0.094443679
1439804022.327484 7.450757504 -1.634999871 23.304218292 -0.003964159 0.993675530 0.063760012 -0.092346139
1439804022.389986 7.444596767 -1.632280350 23.273586273 -0.003233263 0.993908584 0.063290179 -0.090164632
1439804022.452487 7.438784122 -1.631310105 23.242914200 -0.001831529 0.994147718 0.062660195 -0.087981313
1439804022.577489 7.427817345 -1.626839042 23.178096771 0.001307044 0.994547129 0.061721578 -0.084051751
1439804022.639990 7.424683571 -1.624179006 23.146709442 0.002451216 0.994685948 0.061848979 -0.082270928
1439804022.702491 7.420477390 -1.622107863 23.114948273 0.002887515 0.994813979 0.062168743 -0.080447957
1439804022.764992 7.416498184 -1.620111465 23.080917358 0.002677985 0.994964838 0.062222060 -0.078524932
1439804022.827494 7.409458160 -1.616412878 23.047708511 0.002461328 0.995149016 0.062432632 -0.075990744
1439804022.889996 7.405412197 -1.613718867 23.017713547 0.002187103 0.995346546 0.062369533 -0.073420256
1439804022.952497 7.401189804 -1.612001657 22.983087540 0.001339399 0.995505571 0.062744536 -0.070922054
1439804023.014998 7.397954941 -1.609222412 22.950746536 0.001152783 0.995637834 0.063319258 -0.068517782
1439804023.077500 7.394364834 -1.607037663 22.918605804 0.001633647 0.995790660 0.063518964 -0.066057682
1439804023.140001 7.390014648 -1.604544044 22.885484695 0.002693971 0.995963931 0.063579954 -0.063294172
1439804023.202502 7.384754181 -1.602645040 22.854516983 0.003718271 0.996118605 0.063854910 -0.060468972
1439804023.265004 7.383376122 -1.599765182 22.817319870 0.003364542 0.996246099 0.063971154 -0.058224756
1439804023.327506 7.379732132 -1.597311139 22.784843445 0.003815029 0.996347129 0.064418696 -0.055928569
1439804023.390007 7.382611275 -1.596827626 22.758134842 0.004180136 0.996454418 0.064158909 -0.054265969
1439804023.452508 7.378811836 -1.592290282 22.721231461 0.003897502 0.996660173 0.062927671 -0.051898275
1439804023.515009 7.372334003 -1.588954329 22.684684753 0.003270438 0.996862292 0.061939921 -0.049175967
1439804023.577511 7.367973804 -1.587730169 22.649654388 0.003240644 0.997017622 0.061450232 -0.046574421
1439804023.640012 7.371849060 -1.587979794 22.621849060 0.003134818 0.997125506 0.061153270 -0.044622712
1439804023.702514 7.363600731 -1.581205249 22.582145691 0.001736555 0.997323811 0.060085751 -0.041616287
1439804023.765016 7.364083290 -1.577974916 22.546213150 0.002361679 0.997399688 0.060299028 -0.039399933
1439804023.827516 7.361567497 -1.577541351 22.511926651 0.004184239 0.997384906 0.062000964 -0.036901355
1439804023.890019 7.358908653 -1.576475263 22.480920792 0.003995007 0.997365296 0.063691564 -0.034494467
1439804023.952522 7.355975151 -1.572635412 22.442701340 0.002523475 0.997412026 0.064315423 -0.032039315
1439804024.015021 7.357556820 -1.571015954 22.410448074 0.001959160 0.997420073 0.065123871 -0.030137546
1439804024.077524 7.354759693 -1.566328049 22.375402451 -0.000060460 0.997500658 0.064806968 -0.028151127
1439804024.140024 7.354002476 -1.565258265 22.342227936 -0.000959872 0.997580886 0.064309761 -0.026375012
1439804024.202526 7.354346275 -1.562164307 22.307056427 -0.001343546 0.997750103 0.062437695 -0.024380291
1439804024.265027 7.352908611 -1.559696198 22.274633408 -0.001841719 0.997891784 0.060942132 -0.022241700
1439804024.390027 7.351519585 -1.556490779 22.198322296 -0.001872598 0.997991920 0.060570125 -0.018434940
1439804024.452535 7.350589752 -1.553131938 22.167982101 -0.001936544 0.997978866 0.061258897 -0.016787305
1439804024.515031 7.350983620 -1.550214410 22.132888794 -0.002836757 0.997950494 0.062125534 -0.015070216
1439804024.577532 7.349888802 -1.548456907 22.097318649 -0.003152231 0.997920573 0.062993459 -0.013281515
1439804024.640033 7.350047588 -1.545539737 22.061273575 -0.002478132 0.997892380 0.063756235 -0.011822416
1439804024.702535 7.350300789 -1.542537928 22.026161194 -0.002459729 0.997896194 0.063946262 -0.010393820
1439804024.827538 7.347800255 -1.538903713 21.956712723 -0.002615202 0.997914314 0.064127766 -0.006914880
1439804024.890040 7.350011826 -1.534608722 21.920007706 -0.003541571 0.997915030 0.064213365 -0.005450484
1439804024.952539 7.350950718 -1.531691790 21.884771347 -0.004691607 0.997894645 0.064561345 -0.004011841
1439804025.015040 7.350308895 -1.529134631 21.850414276 -0.005243365 0.997881949 0.064800605 -0.002246195
1439804025.140042 7.353115559 -1.522711873 21.779108047 -0.005605482 0.997775137 0.066422597 0.001150785
1439804025.202544 7.353017807 -1.520131826 21.743247986 -0.005618596 0.997735143 0.066963106 0.002991238
1439804025.265045 7.354526997 -1.517941952 21.709978104 -0.006243956 0.997714400 0.067143120 0.004338823
1439804025.327546 7.355466366 -1.515199542 21.675989151 -0.006885888 0.997690916 0.067315660 0.005833201
1439804025.390047 7.357761860 -1.511131883 21.640382767 -0.007424080 0.997679651 0.067285746 0.007269543
1439804025.515049 7.361993313 -1.504884958 21.569244385 -0.009936650 0.997646213 0.067052126 0.010356706
1439804025.577551 7.361400604 -1.503851295 21.538225174 -0.011009392 0.997621536 0.066954598 0.012131074
1439804025.640052 7.363683224 -1.501190901 21.502689362 -0.011478251 0.997609854 0.066745073 0.013707695
1439804025.702552 7.366592407 -1.497211933 21.466938019 -0.012201835 0.997589409 0.066551261 0.015408933
1439804025.765052 7.366411686 -1.495787740 21.435077667 -0.013339600 0.997550845 0.066507526 0.017062386
1439804025.827553 7.368516922 -1.493314028 21.402700424 -0.013640709 0.997563481 0.065811783 0.018704442
1439804025.952554 7.374176025 -1.487240076 21.332489014 -0.016225044 0.997589171 0.063647658 0.022395086
1439804026.015054 7.375481129 -1.486449361 21.296335220 -0.018890027 0.997562945 0.062580243 0.024393884
1439804026.077558 7.378874779 -1.483647823 21.261676788 -0.021519529 0.997524798 0.061577756 0.026254626
1439804026.140056 7.380942345 -1.482299089 21.228849411 -0.024066838 0.997451842 0.061089437 0.027905596
1439804026.202556 7.386229038 -1.478303671 21.192037582 -0.024783786 0.997403502 0.060966380 0.029240754
1439804026.327557 7.390502930 -1.475179672 21.124025345 -0.026886368 0.997192562 0.062262133 0.031741265
1439804026.390057 7.395098686 -1.472249150 21.086645126 -0.026562963 0.997121334 0.063022055 0.032737277
1439804026.452557 7.397105694 -1.470866680 21.052852631 -0.028128985 0.997014821 0.063429177 0.033866208
1439804026.515062 7.399437904 -1.466218710 21.022783279 -0.027845979 0.996998549 0.063303426 0.034802452
1439804026.577559 7.402101040 -1.464811325 20.988105774 -0.027698494 0.996968627 0.063249640 0.035858050
1439804026.702559 7.409511089 -1.456845045 20.912261963 -0.026367594 0.996953547 0.062635697 0.038277447
1439804026.765060 7.411834717 -1.454551697 20.877901077 -0.025332760 0.996921539 0.062833861 0.039465886
1439804026.827560 7.415529251 -1.452151775 20.841354370 -0.025117898 0.996817112 0.064000770 0.040356584
1439804026.890060 7.419763565 -1.448142052 20.804735184 -0.026113482 0.996664643 0.065357611 0.041304968
1439804026.952566 7.422507286 -1.446850777 20.771999359 -0.027174508 0.996494353 0.066591077 0.042733643
1439804027.015064 7.427527428 -1.445163488 20.735824585 -0.026963620 0.996412873 0.067201532 0.043798756
1439804027.077565 7.429753304 -1.441887140 20.703348160 -0.025296448 0.996340275 0.067950360 0.045265354
1439804027.140066 7.434232712 -1.439236999 20.667913437 -0.024763832 0.996241868 0.068683557 0.046598461
1439804027.202569 7.435410500 -1.433585882 20.632522583 -0.024026208 0.996220171 0.067887895 0.048572611
1439804027.265071 7.442639828 -1.431432843 20.598060608 -0.024175696 0.996263623 0.066307671 0.049776282
1439804027.327569 7.438652992 -1.429097652 20.565610886 -0.023177490 0.996302366 0.064151347 0.052240118
1439804027.390071 7.445224285 -1.423989296 20.527370453 -0.022438183 0.996379614 0.061804239 0.053892501
1439804027.452573 7.453598976 -1.425730944 20.493263245 -0.025228942 0.996387243 0.059927333 0.054631941
1439804027.515072 7.456942558 -1.423864603 20.461448669 -0.025655009 0.996409297 0.057681289 0.056420010
1439804027.577571 7.461644173 -1.418936729 20.420984268 -0.025680093 0.996390581 0.055909786 0.058484908
1439804027.640073 7.467006207 -1.417913795 20.387832642 -0.025478803 0.996272564 0.056166362 0.060308687
1439804027.702573 7.471277237 -1.414527655 20.352048874 -0.025858281 0.996091783 0.057302672 0.062039822
1439804027.765073 7.475759506 -1.411011577 20.315635681 -0.026045624 0.995914519 0.058505327 0.063663565
1439804027.827574 7.482278824 -1.409852386 20.281940460 -0.027033525 0.995699108 0.060600273 0.064653695
1439804027.890075 7.488341808 -1.407973170 20.247514725 -0.027032508 0.995528996 0.062171526 0.065772250
1439804027.952576 7.492539406 -1.405507088 20.213287354 -0.027296089 0.995340705 0.063362993 0.067356601
1439804028.015077 7.499136925 -1.403713584 20.178211212 -0.027176626 0.995211363 0.064086363 0.068620376
1439804028.077578 7.506641865 -1.400976181 20.140253067 -0.026902188 0.995149434 0.063661903 0.070007347
1439804028.140082 7.509623528 -1.398502827 20.109321594 -0.026046239 0.995081663 0.063310802 0.071595035
1439804028.202583 7.515552521 -1.395522237 20.075374603 -0.026375441 0.995030761 0.062551968 0.072837606
1439804028.265082 7.522202492 -1.393422246 20.039636612 -0.027284451 0.994941771 0.062028147 0.074154474
1439804028.327586 7.526800156 -1.390714645 20.006473541 -0.028434061 0.994832873 0.061338399 0.075740650
1439804028.390085 7.531880379 -1.387970686 19.972410202 -0.028715124 0.994726479 0.060787603 0.077456661
1439804028.452587 7.539743900 -1.384978056 19.935358047 -0.029075934 0.994625986 0.060694382 0.078675903
1439804028.515088 7.545084000 -1.382488966 19.902328491 -0.028635329 0.994543374 0.060874637 0.079735741
1439804028.577592 7.551404953 -1.379645467 19.868268967 -0.028418971 0.994462073 0.060845897 0.080841437
1439804028.640094 7.557379723 -1.377961755 19.835628510 -0.028691629 0.994408906 0.060418431 0.081715122
1439804028.702592 7.562454224 -1.375635028 19.801738739 -0.028434763 0.994353771 0.059820909 0.082906850
1439804028.765097 7.569347382 -1.372963548 19.766868591 -0.027987435 0.994316638 0.059203856 0.083940618
1439804028.827595 7.574310780 -1.371687889 19.734954834 -0.028100001 0.994231284 0.058782700 0.085200496
1439804028.890096 7.581978798 -1.368712902 19.699909210 -0.027864832 0.994163036 0.058345124 0.086366758
1439804028.952598 7.588058472 -1.366184235 19.666328430 -0.028321315 0.994050324 0.058363985 0.087495975
1439804029.015100 7.595215797 -1.363532901 19.632083893 -0.028212290 0.993939459 0.058737222 0.088534616
1439804029.077601 7.602072239 -1.361398935 19.598653793 -0.028473580 0.993763685 0.059962761 0.089596152
1439804029.140102 7.609210968 -1.358764648 19.564476013 -0.028139917 0.993604779 0.061140042 0.090662226
1439804029.202603 7.615262985 -1.356165767 19.531812668 -0.028108094 0.993433893 0.062129263 0.091864251
1439804029.265105 7.621671677 -1.353492975 19.498888016 -0.028475568 0.993270338 0.062783889 0.093066275
1439804029.327607 7.629042625 -1.350780249 19.465511322 -0.028892515 0.993142247 0.062957846 0.094181158
1439804029.390108 7.635899544 -1.348900437 19.432577133 -0.029384563 0.993013501 0.063035883 0.095326841
1439804029.452610 7.642507553 -1.346048355 19.399778366 -0.029310796 0.992938876 0.062392887 0.096542343
1439804029.515111 7.649797916 -1.344292760 19.367055893 -0.029213540 0.992885172 0.061608192 0.097621694
1439804029.577613 7.657929420 -1.341319680 19.333148956 -0.029002497 0.992816806 0.060912386 0.098809578
1439804029.640114 7.664471149 -1.338937402 19.300970078 -0.029645439 0.992724240 0.060636241 0.099714585
1439804029.702615 7.671166420 -1.336472988 19.268415451 -0.029948067 0.992657244 0.060263809 0.100513570
1439804029.765119 7.678634644 -1.334405065 19.236419678 -0.030205645 0.992600381 0.060115475 0.101085164
1439804029.827619 7.685757637 -1.331927896 19.204393387 -0.030599739 0.992560387 0.059728932 0.101587534
1439804029.890118 7.693042755 -1.329878330 19.172311783 -0.030517370 0.992521286 0.059415597 0.102176107
1439804029.952620 7.698950768 -1.327722907 19.139970779 -0.029311867 0.992457986 0.059824027 0.102903262
1439804030.015122 7.706439018 -1.325370550 19.107967377 -0.028957963 0.992408752 0.060445376 0.103115067
1439804030.077621 7.713475227 -1.322770119 19.075094223 -0.028559491 0.992369294 0.060966775 0.103298865
1439804030.140123 7.722509384 -1.319732428 19.041664124 -0.028286047 0.992353678 0.061355866 0.103293151
1439804030.202621 7.728332520 -1.317304850 19.012659073 -0.027723378 0.992273390 0.062171858 0.103728853
1439804030.265120 7.736656666 -1.314892769 18.980195999 -0.027836062 0.992208183 0.062905073 0.103879862
1439804030.327624 7.741247177 -1.312884450 18.951059341 -0.027896177 0.992108047 0.063494682 0.104459628
1439804030.390122 7.748128414 -1.309605479 18.920040131 -0.028482238 0.992037058 0.063490488 0.104976989
1439804030.452625 7.755868912 -1.307621717 18.890031815 -0.028313475 0.991979718 0.063620389 0.105484888
1439804030.515125 7.761988640 -1.306547165 18.861867905 -0.028565662 0.991943479 0.063438512 0.105866164
1439804030.577625 7.768278599 -1.305009842 18.832454681 -0.028981868 0.991897404 0.063149951 0.106356323
1439804030.640128 7.775328636 -1.303035259 18.803678513 -0.028919522 0.991855562 0.063014813 0.106842868
1439804030.702629 7.782012939 -1.301570892 18.773656845 -0.028836314 0.991812766 0.063319989 0.107081600
1439804030.765131 7.787694931 -1.296751499 18.743669510 -0.029060718 0.991756976 0.063498981 0.107431404
1439804030.827633 7.793846130 -1.294254899 18.710828781 -0.028871756 0.991679072 0.063811511 0.108014591
1439804030.890131 7.801819801 -1.291944623 18.679298401 -0.028754493 0.991644800 0.063828714 0.108349517
1439804030.952634 7.809382439 -1.290919185 18.652494431 -0.028267561 0.991637826 0.063985638 0.108448870
1439804031.015134 7.813156128 -1.289834023 18.623321533 -0.027996553 0.991557360 0.064031698 0.109225057
1439804031.077637 7.820305347 -1.287045121 18.594673157 -0.027658662 0.991575181 0.063642226 0.109377079
1439804031.140136 7.825387478 -1.286563158 18.565111160 -0.027224535 0.991497576 0.064023659 0.109965347
1439804031.202639 7.833503723 -1.284295440 18.540000916 -0.025788436 0.991449773 0.065223895 0.110036820
1439804031.265140 7.840743065 -1.280412197 18.512067795 -0.025447460 0.991334260 0.066702507 0.110270537
1439804031.327641 7.847902298 -1.276375294 18.482809067 -0.023969950 0.991241157 0.068341561 0.110434443
1439804031.390140 7.852603436 -1.274244905 18.450832367 -0.024134809 0.991057575 0.069911391 0.111062221
1439804031.452644 7.856998444 -1.272320509 18.425533295 -0.024559442 0.990926921 0.070692532 0.111639053
1439804031.515148 7.868558407 -1.268697023 18.395069122 -0.024030570 0.991001368 0.070148893 0.111435615
1439804031.577644 7.874557495 -1.266610384 18.369190216 -0.023025246 0.991042256 0.069181137 0.111888558
1439804031.640146 7.881661892 -1.267517090 18.338521957 -0.022774925 0.991090655 0.068185270 0.112122238
1439804031.702648 7.884548187 -1.266387701 18.313533783 -0.022067890 0.991087377 0.067066394 0.112964109
1439804031.765149 7.891351223 -1.264645815 18.286811829 -0.021431632 0.991164684 0.065569684 0.113286480
1439804031.827651 7.895880222 -1.262701988 18.263181686 -0.020810653 0.991188824 0.064214483 0.113965064
1439804031.890151 7.901824951 -1.261653185 18.236925125 -0.021528495 0.991191745 0.062882818 0.114547662
1439804031.952653 7.909476280 -1.258295417 18.208808899 -0.021912657 0.991222024 0.061767370 0.114819586
1439804032.015155 7.915731907 -1.255893350 18.182943344 -0.022267386 0.991176665 0.061767206 0.115142241
1439804032.077658 7.921500683 -1.254297614 18.157402039 -0.022202237 0.991058826 0.062395100 0.115828611
1439804032.140157 7.927219868 -1.253015757 18.132732391 -0.022433139 0.990912437 0.063032232 0.116688728
1439804032.202656 7.935680389 -1.249756455 18.106870651 -0.021860272 0.990848660 0.062951311 0.117380328
1439804032.265162 7.941845894 -1.249841332 18.082885742 -0.021756100 0.990690768 0.063477777 0.118444040
1439804032.327658 7.948765755 -1.247226954 18.057716370 -0.021381047 0.990511358 0.063690603 0.119890012
1439804032.390161 7.954896927 -1.245729089 18.034048080 -0.021629907 0.990282595 0.064004011 0.121556461
1439804032.452669 7.960622787 -1.244515896 18.011245728 -0.022447776 0.990011334 0.064682521 0.123246841
1439804032.515163 7.967619896 -1.242534637 17.986799240 -0.023351273 0.989711881 0.064926006 0.125338614
1439804032.577664 7.974992752 -1.241076231 17.964431763 -0.023750329 0.989383101 0.065518141 0.127531946
1439804032.640165 7.981396675 -1.236913323 17.941881180 -0.023221597 0.988973558 0.065923572 0.130560756
1439804032.702668 7.987069130 -1.236131668 17.920881271 -0.023947505 0.988421559 0.066961259 0.134035379
1439804032.765171 7.995450974 -1.235390782 17.897001266 -0.023043713 0.987880766 0.067712441 0.137751877
1439804032.827670 8.003526688 -1.233090997 17.873836517 -0.022768730 0.987294316 0.067939237 0.141830102
1439804032.890171 8.011116982 -1.231710196 17.852052689 -0.023439713 0.986637115 0.067669921 0.146350607
1439804032.952672 8.019919395 -1.229494572 17.829460144 -0.023483923 0.985947490 0.067001127 0.151218206
1439804033.015178 8.027702332 -1.229625463 17.810709000 -0.024628522 0.985146403 0.066778190 0.156271026
1439804033.077676 8.036907196 -1.225641966 17.789226532 -0.025861036 0.984345973 0.065438583 0.161591887
1439804033.140177 8.045248032 -1.225299001 17.768095016 -0.026937060 0.983391702 0.065021373 0.167294458
1439804033.202678 8.054891586 -1.223144889 17.745059967 -0.026804201 0.982378960 0.064622894 0.173311755
1439804033.265181 8.064216614 -1.220928669 17.724071503 -0.026557108 0.981265604 0.064440191 0.179610640
1439804033.327678 8.071463585 -1.218631983 17.708915710 -0.026375704 0.980049670 0.064376101 0.186178997
1439804033.390180 8.083830833 -1.219376087 17.682678223 -0.026111407 0.978838980 0.064427927 0.192461744
1439804033.452680 8.093276024 -1.216180205 17.662670135 -0.025460675 0.977488875 0.063681215 0.199529439
1439804033.515182 8.104481697 -1.211866021 17.643941879 -0.023728594 0.976128519 0.062787518 0.206561849
1439804033.577682 8.117208481 -1.212947607 17.620067596 -0.023685955 0.974549174 0.063013628 0.213827491
1439804033.640185 8.127449036 -1.210040450 17.601221085 -0.023827536 0.972779989 0.062458791 0.221879005
1439804033.702686 8.139265060 -1.209842682 17.581878662 -0.023926614 0.970921457 0.062347889 0.229895145
1439804033.765188 8.151830673 -1.208334923 17.563665390 -0.024131378 0.968913615 0.061558302 0.238400146
1439804033.827687 8.163278580 -1.205792069 17.547725677 -0.024106409 0.966735125 0.060397971 0.247374505
1439804033.890188 8.177341461 -1.203356385 17.528900146 -0.023780514 0.964497864 0.059217267 0.256264776
1439804033.952690 8.190557480 -1.202196121 17.510921478 -0.023753550 0.961997926 0.058576804 0.265639782
1439804034.015191 8.202625275 -1.200689912 17.493167877 -0.023630239 0.959207237 0.058195155 0.275638252
1439804034.077693 8.217893600 -1.197147727 17.475521088 -0.022944286 0.956385314 0.057530563 0.285466105
1439804034.140194 8.232318878 -1.199011922 17.459674835 -0.023584034 0.953172684 0.058411270 0.295793325
1439804034.202696 8.244909286 -1.196484089 17.441484451 -0.023144741 0.949505448 0.057762112 0.307517797
1439804034.265197 8.265583038 -1.193084240 17.427087784 -0.021565299 0.946463227 0.057059798 0.316996098
1439804034.327698 8.281866074 -1.192159295 17.411153793 -0.020318953 0.942646921 0.057107251 0.328241855
1439804034.390200 8.298799515 -1.190211535 17.395298004 -0.018949680 0.938623309 0.056389540 0.339775503
1439804034.452701 8.314686775 -1.189467669 17.381494522 -0.017494088 0.934319675 0.055987202 0.351576567
1439804034.515205 8.333759308 -1.187702298 17.366691589 -0.016558176 0.929977298 0.054812238 0.363130331
1439804034.577705 8.348628998 -1.188997030 17.352537155 -0.016240759 0.924867988 0.054698728 0.375983447
1439804034.640207 8.367758751 -1.185644150 17.340263367 -0.016228516 0.920173168 0.052965652 0.387572736
1439804034.702709 8.386207581 -1.184590101 17.327783585 -0.018144794 0.914977312 0.052297171 0.399690241
1439804034.765209 8.406482697 -1.182335854 17.316307068 -0.020837691 0.909489572 0.051199723 0.412035286
1439804034.827711 8.425685883 -1.181059122 17.304416656 -0.020949515 0.903667271 0.050649978 0.424712986
1439804034.890215 8.445777893 -1.179978609 17.293569565 -0.019009383 0.897947729 0.049452249 0.436901629
1439804034.952714 8.465164185 -1.179358721 17.282114029 -0.016114555 0.891932070 0.047538046 0.449374676
1439804035.015215 8.485193253 -1.179126263 17.271251678 -0.012217848 0.885933518 0.046077866 0.461355954
1439804035.077730 8.505436897 -1.179082513 17.260824203 -0.007438272 0.879840016 0.045717489 0.473007470
1439804035.140218 8.526364326 -1.178802252 17.250980377 -0.004141549 0.873734295 0.045185693 0.484282345
1439804035.202720 8.547966957 -1.178302288 17.241024017 -0.001591609 0.867466271 0.044520766 0.495497286
1439804035.265220 8.569805145 -1.177712560 17.232765198 -0.000923605 0.861497164 0.042800125 0.505954444
1439804035.327721 8.592482567 -1.176842570 17.224445343 -0.001856979 0.855533004 0.039204635 0.516258419
1439804035.390221 8.616089821 -1.175768495 17.217498779 -0.003291829 0.849799395 0.035080280 0.525927246
1439804035.452723 8.639198303 -1.174855471 17.210382462 -0.004735512 0.843801320 0.031477679 0.535710752
1439804035.515222 8.663510323 -1.173339367 17.202692032 -0.005103646 0.837683618 0.030305294 0.545290470
1439804035.577722 8.687448502 -1.173834682 17.195560455 -0.003759919 0.831445277 0.032739054 0.554628491
1439804035.640224 8.710880280 -1.174054503 17.188913345 -0.001501380 0.825241625 0.036905810 0.563570738
1439804035.702724 8.735580444 -1.174075007 17.180418015 0.000894101 0.818940520 0.042006031 0.572338343
1439804035.765224 8.760725021 -1.173944473 17.173158646 0.003176447 0.812788963 0.046713833 0.580673635
1439804035.827726 8.785704613 -1.174071193 17.166633606 0.005236883 0.806666017 0.049965754 0.588868320
1439804035.890226 8.811079025 -1.174279094 17.161228180 0.006387775 0.800603271 0.051112231 0.596976638
1439804035.952727 8.836938858 -1.173555851 17.156949997 0.006691792 0.794892192 0.049749598 0.604670644
1439804036.015228 8.861183167 -1.173203588 17.152750015 0.006715195 0.788820982 0.048377730 0.612679303
1439804036.077729 8.888081551 -1.172649145 17.148834229 0.006101568 0.783033490 0.046160378 0.620234191
1439804036.140232 8.913324356 -1.172575116 17.146484375 0.005836824 0.777584910 0.044670064 0.627161980
1439804036.202734 8.939066887 -1.172114611 17.143325806 0.006183562 0.772144079 0.043373529 0.633935332
1439804036.265235 8.965740204 -1.172486544 17.140445709 0.006468402 0.767117143 0.043096628 0.640025079
1439804036.327734 8.992534637 -1.172616243 17.137632370 0.007070525 0.762474418 0.043584164 0.645510018
1439804036.390235 9.019994736 -1.172163725 17.134613037 0.006969602 0.758259654 0.043532345 0.650460362
1439804036.452739 9.047488213 -1.172242165 17.132091522 0.007503553 0.754532635 0.044182189 0.654730499
1439804036.515237 9.075429916 -1.172411799 17.129877090 0.007732203 0.751120210 0.043991502 0.658652663
1439804036.577740 9.102357864 -1.172566414 17.127723694 0.007791170 0.747953057 0.043498062 0.662279010
1439804036.640241 9.131189346 -1.172552109 17.125202179 0.007704859 0.745188355 0.043077592 0.665416598
1439804036.702741 9.159376144 -1.172532320 17.123386383 0.007299715 0.742948413 0.042534132 0.667956054
1439804036.765242 9.187812805 -1.172399521 17.121391296 0.006483989 0.741245031 0.041889187 0.669894814
1439804036.827748 9.216874123 -1.172150373 17.119226456 0.005993547 0.739977896 0.041527323 0.671321332
1439804036.890246 9.245269775 -1.172031283 17.116964340 0.005748203 0.738922060 0.041413780 0.672492445
1439804036.952748 9.274380684 -1.172181606 17.114866257 0.005796042 0.738030016 0.041787289 0.673447728
1439804037.015249 9.303418159 -1.172216177 17.113006592 0.005492556 0.737222612 0.042000663 0.674320817
1439804037.077750 9.332062721 -1.172049403 17.110460281 0.005154733 0.736397028 0.041978702 0.675226331
1439804037.140251 9.360963821 -1.172029734 17.108278275 0.004977645 0.735668778 0.041892972 0.676026404
1439804037.202754 9.390474319 -1.172386765 17.106082916 0.005447324 0.734952211 0.041447308 0.676829159
1439804037.265254 9.419127464 -1.172819257 17.104434967 0.006208422 0.734494328 0.040256850 0.677391231
1439804037.327756 9.448346138 -1.172950506 17.102611542 0.006429667 0.734132349 0.039023347 0.677853584
1439804037.390262 9.478545189 -1.172916293 17.100261688 0.006191578 0.733777165 0.038475569 0.678271651
1439804037.452756 9.507537842 -1.172403693 17.098747253 0.005178277 0.733832955 0.038180772 0.678236365
1439804037.515258 9.538348198 -1.172363400 17.097145081 0.003782285 0.734100580 0.037618190 0.677987397
1439804037.577759 9.567059517 -1.172614098 17.094251633 0.002097870 0.734662533 0.036741145 0.677433848
1439804037.640261 9.596168518 -1.172566295 17.091796875 0.001609021 0.735351861 0.036794331 0.676684022
1439804037.702762 9.625957489 -1.172984958 17.088964462 0.001157403 0.735973477 0.037578750 0.675965667
1439804037.765264 9.654886246 -1.172858953 17.086410522 0.000923233 0.736618936 0.038835216 0.675191462
1439804037.827765 9.686298370 -1.172705650 17.083103180 0.001112528 0.737002373 0.039536610 0.674731910
1439804037.890268 9.716163635 -1.172954798 17.080158234 0.001342689 0.737548113 0.039970390 0.674109280
1439804037.952772 9.745645523 -1.172648311 17.077611923 0.001540551 0.738154113 0.039749093 0.673458397
1439804038.015270 9.776803970 -1.172535181 17.074888229 0.001324157 0.738946676 0.039369088 0.672611415
1439804038.077774 9.806528091 -1.171921611 17.072851181 0.001076183 0.739667952 0.039130017 0.671832561
1439804038.140273 9.838951111 -1.171938658 17.069789886 0.000792684 0.740172744 0.039097972 0.671278656
1439804038.202774 9.869258881 -1.171832085 17.066322327 0.000740924 0.740557492 0.039025955 0.670858383
1439804038.265275 9.898832321 -1.172050714 17.063180923 0.000678751 0.741137803 0.039087001 0.670213759
1439804038.327777 9.930260658 -1.172235012 17.060998917 0.000468404 0.741788924 0.038951900 0.669501066
1439804038.390280 9.960981369 -1.171700120 17.057533264 0.000556676 0.742089510 0.038936850 0.669168651
1439804038.452780 9.991761208 -1.171663046 17.054559708 0.000607943 0.742447078 0.039192963 0.668756962
1439804038.515283 10.022810936 -1.171624660 17.050891876 0.000622103 0.742513359 0.039538175 0.668663025
1439804038.577783 10.054121017 -1.170405746 17.047151566 0.001226670 0.742539644 0.039854020 0.668614209
1439804038.640284 10.084361076 -1.170219779 17.043741226 0.001065604 0.742582858 0.039737541 0.668573439
1439804038.702788 10.115895271 -1.171198130 17.041479111 0.000351672 0.742900670 0.039573453 0.668230832
1439804038.765287 10.147564888 -1.171001196 17.037973404 0.000101178 0.743116379 0.039400484 0.668001235
1439804038.827789 10.177745819 -1.170786500 17.034469604 0.000261668 0.743288398 0.039323714 0.667814255
1439804038.890292 10.209007263 -1.170768499 17.031499863 0.000572182 0.743376195 0.039069369 0.667731285
1439804038.952792 10.240304947 -1.170813799 17.028312683 0.000660609 0.743289292 0.038812369 0.667842984
1439804039.015293 10.271652222 -1.170615911 17.025196075 0.001011295 0.742875755 0.039104924 0.668285429
1439804039.077795 10.302488327 -1.170396566 17.021545410 0.000954839 0.742593825 0.039323643 0.668585956
1439804039.140296 10.334281921 -1.170281410 17.018726349 0.001300633 0.742402136 0.039664142 0.668778121
1439804039.202797 10.366418839 -1.169690371 17.015645981 0.001865304 0.742263675 0.039957691 0.668913007
1439804039.265299 10.397017479 -1.170022845 17.012811661 0.001093866 0.742075861 0.039840117 0.669130027
1439804039.327803 10.428538322 -1.169833183 17.010078430 0.000540345 0.741849780 0.039927732 0.669376135
1439804039.390301 10.460864067 -1.169870138 17.006525040 0.000432910 0.741568744 0.040292777 0.669665635
1439804039.452805 10.492043495 -1.169847727 17.003604889 0.000101053 0.741352558 0.040410064 0.669898033
1439804039.515304 10.522607803 -1.169362307 17.000885010 -0.000353857 0.741074502 0.040471841 0.670201838
1439804039.577809 10.554696083 -1.169705868 16.997970581 -0.000785338 0.740727484 0.040511969 0.670582533
1439804039.640306 10.586558342 -1.168705225 16.994768143 -0.000560049 0.740284681 0.040669594 0.671061993
1439804039.702810 10.616174698 -1.168185353 16.992172241 -0.000559142 0.740102828 0.040932816 0.671246588
1439804039.765309 10.646455765 -1.167821169 16.988996506 -0.000848866 0.739831805 0.040763859 0.671555281
1439804039.827812 10.677032471 -1.167678356 16.986005783 -0.001118882 0.739534080 0.040894315 0.671874762
1439804039.890314 10.708287239 -1.167766333 16.983188629 -0.001536739 0.739228487 0.040814992 0.672215044
1439804039.952813 10.741316795 -1.167288542 16.981220245 -0.001683237 0.739035964 0.040301260 0.672457278
1439804040.015313 10.771625519 -1.167466521 16.978895187 -0.001385418 0.738789082 0.040230248 0.672733426
1439804040.077813 10.803590775 -1.168024659 16.976823807 -0.001690714 0.738639593 0.039864548 0.672918618
1439804040.140316 10.834831238 -1.167348742 16.974573135 -0.001360324 0.738374650 0.039671537 0.673221469
1439804040.202816 10.866027832 -1.166978598 16.971956253 -0.001357369 0.738093078 0.039105888 0.673563242
1439804040.265315 10.895034790 -1.166496038 16.968717575 -0.001623922 0.737843454 0.038604718 0.673865080
1439804040.327815 10.926858902 -1.166595817 16.966753006 -0.001661440 0.737781167 0.038342919 0.673948050
1439804040.390319 10.956819534 -1.166884065 16.963466644 -0.002183813 0.737595201 0.037887514 0.674175858
1439804040.452820 10.989175797 -1.166925907 16.961412430 -0.002452971 0.737556458 0.037789196 0.674222827
1439804040.515320 11.020489693 -1.165254831 16.959388733 -0.003037069 0.737424135 0.037520606 0.674380183
1439804040.577821 11.050648689 -1.165473580 16.956422806 -0.003759154 0.737190485 0.037494544 0.674633384
1439804040.640323 11.080405235 -1.165712357 16.953626633 -0.004565215 0.737089396 0.037066445 0.674762487
1439804040.702824 11.114114761 -1.164875746 16.952215195 -0.004267937 0.736953080 0.037269931 0.674902201
1439804040.765332 11.147112846 -1.164744377 16.950431824 -0.004511601 0.736789763 0.037305839 0.675076842
1439804040.827827 11.177453041 -1.164350629 16.947801590 -0.005009522 0.736471534 0.037323851 0.675419569
1439804040.890328 11.203981400 -1.163894415 16.944423676 -0.005131526 0.736276507 0.037061442 0.675645649
1439804040.952831 11.234582901 -1.163324714 16.941835403 -0.004986364 0.736163020 0.036925793 0.675777733
1439804041.015331 11.263251305 -1.163706779 16.938585281 -0.005577042 0.736156225 0.036390714 0.675809622
1439804041.077834 11.295044899 -1.163564205 16.937984467 -0.006056709 0.736263335 0.036129188 0.675702810
1439804041.140334 11.326717377 -1.162299633 16.936286926 -0.006104645 0.736157000 0.036339577 0.675806999
1439804041.202835 11.355343819 -1.163094521 16.933628082 -0.006560032 0.736272156 0.036316946 0.675678432
1439804041.265337 11.384258270 -1.165419936 16.929944992 -0.006977748 0.736260653 0.036698494 0.675666213
1439804041.327838 11.416529655 -1.163370728 16.926969528 -0.006751557 0.736313879 0.036574833 0.675617158
1439804041.390343 11.448031425 -1.162527204 16.924757004 -0.006713592 0.736376047 0.036679503 0.675544083
1439804041.452842 11.477282524 -1.162442088 16.922517776 -0.007195987 0.736374736 0.036561809 0.675546944
1439804041.515344 11.507325172 -1.161866426 16.919719696 -0.007501497 0.736210525 0.036781300 0.675710678
1439804041.577846 11.538367271 -1.161875248 16.917661667 -0.007547611 0.736213088 0.037066575 0.675691783
1439804041.640346 11.567461014 -1.161450148 16.914113998 -0.007088106 0.735923946 0.037259545 0.676001072
1439804041.702849 11.596836090 -1.161870480 16.911657333 -0.007133455 0.735586166 0.037130177 0.676375210
1439804041.765351 11.629167557 -1.161573648 16.910274506 -0.007131509 0.735342920 0.036870934 0.676653922
1439804041.827852 11.658432007 -1.161597013 16.907657623 -0.007076233 0.734957218 0.036855105 0.677074254
1439804041.890358 11.686726570 -1.161984444 16.904325485 -0.007433871 0.734668970 0.036161408 0.677420497
1439804041.952857 11.716741562 -1.160187244 16.901882172 -0.006530900 0.734339237 0.035935681 0.677799344
1439804042.015358 11.747722626 -1.161333323 16.900732040 -0.006698202 0.734060705 0.035586521 0.678117692
1439804042.077859 11.780245781 -1.160641551 16.899570465 -0.006083208 0.733714700 0.035710540 0.678491294
1439804042.140359 11.807405472 -1.161165237 16.895566940 -0.006360909 0.733171940 0.035547227 0.679083824
1439804042.202864 11.838414192 -1.160531759 16.892868042 -0.006682802 0.732833683 0.035447594 0.679450929
1439804042.265362 11.869376183 -1.160177469 16.891414642 -0.007254807 0.732634127 0.035296965 0.679668128
1439804042.327863 11.900385857 -1.159232140 16.889348984 -0.007525118 0.732263565 0.035173297 0.680070817
1439804042.390365 11.932484627 -1.159335375 16.888359070 -0.008191514 0.732067943 0.034744170 0.680295765
1439804042.452865 11.963185310 -1.158387661 16.886564255 -0.008194040 0.731845438 0.034498297 0.680547535
1439804042.515367 11.995748520 -1.158364058 16.884973526 -0.008341413 0.731736600 0.034664884 0.680654347
1439804042.577871 12.025292397 -1.158704519 16.881607056 -0.008809167 0.731600463 0.034674771 0.680794299
1439804042.640369 12.056818008 -1.158723712 16.880048752 -0.008795504 0.731594324 0.034501571 0.680809855
1439804042.702870 12.088012695 -1.158169031 16.877204895 -0.009233781 0.731581151 0.033788554 0.680854023
1439804042.765372 12.117410660 -1.157606602 16.876377106 -0.009308693 0.731613755 0.033107221 0.680851340
1439804042.827874 12.147075653 -1.156926751 16.873004913 -0.009436867 0.731587648 0.032432120 0.680910230
1439804042.890374 12.179327011 -1.157911777 16.871997833 -0.009778897 0.731781483 0.032147471 0.680710495
1439804042.952873 12.210710526 -1.156957150 16.869804382 -0.009709830 0.731840014 0.032080572 0.680651665
1439804043.015375 12.242517471 -1.156955957 16.867547989 -0.010096904 0.731787980 0.032394685 0.680687189
1439804043.077879 12.272320747 -1.157279491 16.864175797 -0.010927891 0.731554031 0.033033550 0.680895090
1439804043.140379 12.303507805 -1.156760931 16.862560272 -0.011683510 0.731486142 0.033739638 0.680920839
1439804043.202879 12.336480141 -1.155318975 16.862581253 -0.012166965 0.731439769 0.034011558 0.680948615
1439804043.265381 12.367300034 -1.155294538 16.859695435 -0.013337026 0.731153846 0.034100533 0.681229234
1439804043.327882 12.400211334 -1.154004574 16.858306885 -0.014109098 0.730901659 0.033866588 0.681495965
1439804043.390384 12.427615166 -1.155372381 16.854230881 -0.015678380 0.730405986 0.032919817 0.682039201
1439804043.452885 12.461510658 -1.154303789 16.853965759 -0.014960493 0.730281770 0.032070912 0.682228804
1439804043.515387 12.490985870 -1.154514551 16.850578308 -0.014068022 0.729873896 0.030715471 0.682746470
1439804043.577888 12.523271561 -1.153900146 16.851530075 -0.012624828 0.729957700 0.029583927 0.682735026
1439804043.640389 12.554847717 -1.154025555 16.851106644 -0.012147136 0.730085433 0.028758818 0.682642341
1439804043.702893 12.585301399 -1.154047251 16.847640991 -0.011296683 0.729914963 0.028399553 0.682854295
1439804043.765392 12.616569519 -1.153808117 16.845375061 -0.010563538 0.730152547 0.027754994 0.682638466
1439804043.827894 12.647410393 -1.153029203 16.843841553 -0.010188782 0.730556130 0.027290070 0.682231069
1439804043.890394 12.679342270 -1.154413819 16.841611862 -0.010648455 0.730835438 0.027266024 0.681925714
1439804043.952896 12.709867477 -1.153472900 16.840391159 -0.011377558 0.731009901 0.027180102 0.681730330
1439804044.015401 12.740354538 -1.153900743 16.837812424 -0.012071298 0.731119812 0.027112041 0.681603312
1439804044.077900 12.770339012 -1.154677629 16.835367203 -0.012601403 0.731301606 0.026639113 0.681417286
1439804044.140403 12.803320885 -1.154370785 16.833375931 -0.011943895 0.731498420 0.026969515 0.681204855
1439804044.202905 12.833745003 -1.153682947 16.830238342 -0.011154820 0.731498718 0.027434865 0.681199312
1439804044.265404 12.867582321 -1.153122187 16.828821182 -0.011093781 0.731702745 0.027205363 0.680990338
1439804044.327905 12.899515152 -1.153521776 16.828014374 -0.011595745 0.731916726 0.026606087 0.680775642
1439804044.390407 12.931780815 -1.153523922 16.826051712 -0.011499697 0.732218623 0.026464153 0.680458128
1439804044.452909 12.963819504 -1.152820826 16.823076248 -0.011082432 0.732325435 0.026239436 0.680358768
1439804044.515410 12.995503426 -1.152726889 16.820259094 -0.011663282 0.732417524 0.025354872 0.680283546
1439804044.577911 13.027043343 -1.152700901 16.818611145 -0.012855001 0.732558489 0.024807911 0.680130422
1439804044.640412 13.061074257 -1.153356194 16.816434860 -0.014357556 0.732792556 0.024402408 0.679862857
1439804044.702913 13.092892647 -1.153212190 16.815330505 -0.014494007 0.733232617 0.023908690 0.679402888
1439804044.765415 13.125134468 -1.152856946 16.813171387 -0.014646206 0.733737290 0.023530448 0.678867757
1439804044.827916 13.158278465 -1.152601957 16.810733795 -0.014901868 0.734190881 0.023671608 0.678366661
1439804044.890418 13.190023422 -1.151972532 16.807292938 -0.015109822 0.734434307 0.024143906 0.678081870
1439804044.952919 13.223547935 -1.152652025 16.804647446 -0.015824504 0.734828472 0.024116615 0.677639306
1439804045.015421 13.255909920 -1.151537538 16.802104950 -0.015904216 0.735199630 0.024201026 0.677231729
1439804045.140422 13.322175026 -1.151941538 16.798786163 -0.017066827 0.735675454 0.025029296 0.676656365
1439804045.202923 13.356439590 -1.151427746 16.795713425 -0.017037479 0.735646248 0.025045944 0.676688313
1439804045.265424 13.388281822 -1.151665092 16.792909622 -0.016126106 0.735686541 0.025389893 0.676653922
1439804045.327926 13.422602654 -1.152124405 16.791156769 -0.015534009 0.735821664 0.025699669 0.676509202
1439804045.452928 13.486242294 -1.151528358 16.785423279 -0.016105078 0.735679865 0.025112242 0.676672101
1439804045.515429 13.518948555 -1.151137829 16.782634735 -0.016845690 0.735623300 0.024785317 0.676727653
1439804045.577931 13.551927567 -1.151563168 16.780481339 -0.017603463 0.735691190 0.024640581 0.676639736
1439804045.640431 13.584506989 -1.149757147 16.779819489 -0.017591532 0.735461771 0.024874203 0.676880956
1439804045.702933 13.618611336 -1.150739431 16.776441574 -0.018379146 0.735231757 0.025656080 0.677080631
1439804045.827948 13.683246613 -1.150371075 16.771467209 -0.018735029 0.735066354 0.026580179 0.677214801
1439804045.890438 13.713831902 -1.149531364 16.770727158 -0.017729893 0.735172212 0.026688423 0.677122772
1439804045.952939 13.747242928 -1.149246693 16.766628265 -0.017087376 0.735185981 0.026444208 0.677133918
1439804046.015440 13.780430794 -1.148753166 16.764780045 -0.016354339 0.735340178 0.026085578 0.676998436
1439804046.077942 13.810500145 -1.149209738 16.762519836 -0.016598448 0.735363424 0.025228966 0.676999688
1439804046.202943 13.876678467 -1.149742603 16.759660721 -0.016552856 0.735730052 0.024886217 0.676615119
1439804046.265445 13.907861710 -1.149378300 16.757190704 -0.016352434 0.735672951 0.025190067 0.676670790
1439804046.327944 13.938371658 -1.149425507 16.753313065 -0.016485088 0.735358000 0.025758594 0.676988423
1439804046.390446 13.971002579 -1.148681879 16.750791550 -0.015764939 0.735201657 0.026377538 0.677151561
1439804046.452948 14.001077652 -1.149654388 16.748905182 -0.015006829 0.734996498 0.026960757 0.677368462
1439804046.577949 14.064877510 -1.149262667 16.745395660 -0.014934193 0.735112846 0.027011486 0.677241862
1439804046.640451 14.097968102 -1.149657130 16.743715286 -0.015480215 0.735166728 0.026763808 0.677180886
1439804046.702952 14.130274773 -1.148592949 16.744039536 -0.016532755 0.735345840 0.026029272 0.676990032
1439804046.765454 14.161507607 -1.147772431 16.738552094 -0.017545661 0.734992862 0.025952278 0.677350819
1439804046.827955 14.192706108 -1.147576213 16.735113144 -0.017421650 0.734838843 0.026594833 0.677496254
1439804046.890457 14.225906372 -1.146500111 16.732299805 -0.016416451 0.734831691 0.027332883 0.677499652
1439804047.015458 14.289764404 -1.146857977 16.727657318 -0.015887290 0.735399127 0.027386382 0.676894128
1439804047.077959 14.321285248 -1.146751165 16.725898743 -0.015190569 0.735777915 0.027517740 0.676493108
1439804047.140460 14.355532646 -1.146672249 16.724843979 -0.014930154 0.736357272 0.027471639 0.675870121
1439804047.202962 14.389767647 -1.146619558 16.721469879 -0.013776243 0.736481905 0.028156798 0.675730586
1439804047.327963 14.452610016 -1.146422863 16.714027405 -0.013852440 0.736272573 0.028990850 0.675921857
1439804047.390464 14.484440804 -1.145594835 16.711502075 -0.013037989 0.736153722 0.029667348 0.676038146
1439804047.452966 14.517824173 -1.145506144 16.708789825 -0.012810306 0.736024559 0.030148219 0.676161826
1439804047.515467 14.551563263 -1.145709515 16.706226349 -0.013584811 0.736107707 0.030246807 0.676051795
1439804047.640471 14.616806030 -1.145228386 16.703052521 -0.013218120 0.735810757 0.030242458 0.676382482
1439804047.702972 14.649293900 -1.145499229 16.701635361 -0.013135903 0.735602796 0.030224659 0.676611006
1439804047.765472 14.682136536 -1.145171642 16.697610855 -0.013362829 0.735133350 0.029863177 0.677132607
1439804047.827975 14.713466644 -1.144357204 16.694421768 -0.013496603 0.734666646 0.029544247 0.677650273
1439804047.890475 14.745917320 -1.144744396 16.692367554 -0.014274462 0.734442532 0.028865455 0.677906454
1439804048.015477 14.809774399 -1.143188834 16.687498093 -0.012810481 0.733888566 0.028360184 0.678556740
1439804048.077978 14.842318535 -1.143222809 16.685213089 -0.013415391 0.733731687 0.028411401 0.678712547
1439804048.140480 14.875208855 -1.141254306 16.682235718 -0.012899084 0.733353257 0.028044781 0.679146588
1439804048.202979 14.912677765 -1.143670082 16.683847427 -0.014348820 0.734015465 0.027662056 0.678417444
1439804048.265482 14.940348625 -1.142381787 16.680402756 -0.013968728 0.733762205 0.027469270 0.678707063
1439804048.327981 14.974391937 -1.145269871 16.679029465 -0.014540876 0.734205186 0.027863229 0.678199768
1439804048.452982 15.037170410 -1.143627405 16.670194626 -0.014154781 0.733493984 0.028442889 0.678953052
1439804048.515481 15.070711136 -1.142302871 16.667190552 -0.014160359 0.733517408 0.028776810 0.678913534
1439804048.577985 15.100636482 -1.144074202 16.664451599 -0.015182987 0.733715177 0.029078538 0.678664744
1439804048.640485 15.137734413 -1.142675042 16.665994644 -0.014881666 0.734261334 0.029899504 0.678044915
1439804048.702983 15.159610748 -1.145344734 16.660959244 -0.012779046 0.733217359 0.031756550 0.679132164
1439804048.827984 15.226829529 -1.144113779 16.657459259 -0.012761933 0.733174682 0.031882461 0.679172635
1439804048.890484 15.267018318 -1.143574119 16.656227112 -0.013788749 0.733643711 0.030962700 0.678688467
1439804048.952984 15.293189049 -1.144611359 16.649257660 -0.013309251 0.732748330 0.030313553 0.679693878
1439804049.015490 15.333207130 -1.140712738 16.645774841 -0.014185468 0.733163118 0.027492914 0.679348767
1439804049.140487 15.402895927 -1.141013145 16.641340256 -0.016954685 0.733430207 0.025737619 0.679065704
1439804049.202986 15.430226326 -1.142103672 16.640850067 -0.015380812 0.733118653 0.026794687 0.679398656
1439804049.265488 15.470206261 -1.139131784 16.636714935 -0.016113877 0.733633101 0.025879720 0.678861558
1439804049.327988 15.497131348 -1.143042445 16.636737823 -0.016530994 0.733655035 0.026997240 0.678784370
1439804049.390489 15.533518791 -1.140913963 16.633398056 -0.016085347 0.733956575 0.027087092 0.678465366
1439804049.452991 15.562181473 -1.140541792 16.630256653 -0.016139107 0.733948052 0.027252376 0.678466737
1439804049.515491 15.596855164 -1.138537884 16.624174118 -0.014225926 0.733765066 0.026764110 0.678726852
1439804049.577993 15.633644104 -1.138221979 16.622562408 -0.014034588 0.734183073 0.025927823 0.678311169
1439804049.640495 15.665377617 -1.138342619 16.621368408 -0.014696777 0.734260321 0.024799084 0.678255677
1439804049.702995 15.697255135 -1.136134386 16.618452072 -0.014030697 0.734086037 0.024287840 0.678476930
1439804049.765494 15.728265762 -1.139546633 16.616584778 -0.014934026 0.733925581 0.024768114 0.678613842
1439804049.827996 15.762523651 -1.137293577 16.613286972 -0.015177950 0.734063029 0.024386838 0.678473532
1439804049.890496 15.790862083 -1.141430855 16.614913940 -0.014913526 0.733787835 0.026423205 0.678700805
1439804049.952996 15.825870514 -1.140979052 16.613582611 -0.013294869 0.733758092 0.027872996 0.678708613
1439804050.015501 15.859503746 -1.140634775 16.611122131 -0.014292161 0.733645022 0.028123401 0.678800225
1439804050.077997 15.898404121 -1.137155294 16.603727341 -0.016005700 0.733544230 0.027178207 0.678909361
1439804050.140497 15.933404922 -1.137221456 16.602729797 -0.014858223 0.733557582 0.028255913 0.678877056
1439804050.203002 15.968274117 -1.138130426 16.602382660 -0.014609848 0.733794630 0.028700003 0.678607583
1439804050.265500 16.002779007 -1.137409449 16.598154068 -0.016534884 0.733448386 0.027730927 0.678977966
1439804050.328002 16.033683777 -1.135764360 16.596088409 -0.014433078 0.732975662 0.028579256 0.679500937
1439804050.390503 16.069999695 -1.136672020 16.593839645 -0.016280858 0.733145297 0.028386202 0.679284334
1439804050.453004 16.101106644 -1.136585832 16.591230392 -0.015967481 0.732792199 0.029007317 0.679646373
1439804050.515505 16.136470795 -1.136112809 16.588958740 -0.015859501 0.732792735 0.028717956 0.679660559
1439804050.578007 16.169479370 -1.136443496 16.586877823 -0.015838649 0.732764959 0.028805330 0.679687381
1439804050.640507 16.202707291 -1.135644674 16.584215164 -0.015574650 0.732759237 0.028724892 0.679703057
1439804050.703008 16.235094070 -1.135029554 16.581912994 -0.014985668 0.732841372 0.028947663 0.679618299
1439804050.765509 16.268505096 -1.135518551 16.579336166 -0.014703113 0.732921541 0.028961509 0.679537416
1439804050.828011 16.301147461 -1.134962320 16.577308655 -0.014539167 0.732951164 0.028349567 0.679534793
1439804050.890513 16.333892822 -1.135010242 16.575155258 -0.013931384 0.732977986 0.028768189 0.679500937
1439804050.953012 16.366851807 -1.134468555 16.572486877 -0.013594250 0.733070731 0.028821794 0.679405451
1439804051.015516 16.399715424 -1.134277582 16.570261002 -0.012888552 0.733178854 0.028992761 0.679295301
1439804051.078016 16.432941437 -1.133769512 16.567852020 -0.012473332 0.733220756 0.028592121 0.679274797
1439804051.140516 16.466108322 -1.134076595 16.565240860 -0.012533048 0.733152151 0.028273566 0.679361165
1439804051.203018 16.499385834 -1.133806348 16.562816620 -0.013055229 0.733152032 0.027995100 0.679362893
1439804051.265524 16.532114029 -1.133912802 16.560651779 -0.012670780 0.733203351 0.028359927 0.679299772
1439804051.328020 16.565828323 -1.133770823 16.558032990 -0.012034092 0.733047307 0.028541945 0.679471970
1439804051.390520 16.598171234 -1.133114100 16.556451797 -0.012285598 0.732962847 0.027988333 0.679581642
1439804051.453025 16.630586624 -1.133457661 16.554119110 -0.011729591 0.732704699 0.028270291 0.679858088
1439804051.515523 16.664073944 -1.133083582 16.551658630 -0.011537545 0.732525110 0.028334135 0.680052221
1439804051.578025 16.697277069 -1.132895112 16.549531937 -0.011630481 0.732416689 0.028137824 0.680175602
1439804051.640526 16.730630875 -1.132900476 16.547780991 -0.012081978 0.732373774 0.027839191 0.680226207
1439804051.703029 16.763433456 -1.132924795 16.545148849 -0.012542423 0.732156575 0.027727356 0.680456161
1439804051.765527 16.797151566 -1.132915974 16.543792725 -0.012608697 0.732050419 0.027649142 0.680572391
1439804051.828030 16.830385208 -1.132509470 16.541513443 -0.012930802 0.731851995 0.027279237 0.680794597
1439804051.890531 16.865350723 -1.132493973 16.540369034 -0.012767687 0.731763363 0.027497780 0.680884123
1439804051.953033 16.896709442 -1.132412434 16.537321091 -0.013410321 0.731361806 0.027465081 0.681304395
1439804052.015534 16.929471970 -1.131499648 16.535604477 -0.013782179 0.731220543 0.027229099 0.681458116
1439804052.078033 16.963172913 -1.131727695 16.533496857 -0.013639032 0.731066406 0.027234964 0.681626141
1439804052.140535 16.996229172 -1.132002234 16.531621933 -0.013658467 0.730962455 0.026438909 0.681768477
1439804052.203036 17.029413223 -1.131377935 16.529064178 -0.013686801 0.730658710 0.025905540 0.682113945
1439804052.265538 17.063302994 -1.131369114 16.527696609 -0.014412072 0.730635941 0.025777336 0.682128251
1439804052.328039 17.097274780 -1.131714702 16.525714874 -0.015289791 0.730700016 0.025915679 0.682035208
1439804052.390540 17.130987167 -1.130369663 16.523620605 -0.015555434 0.730752170 0.026486132 0.681951404
1439804052.453042 17.164508820 -1.129726410 16.521198273 -0.016171547 0.730831683 0.026955314 0.681833506
1439804052.515543 17.197862625 -1.129904270 16.519119263 -0.017117122 0.730995476 0.027772808 0.681602001
1439804052.578045 17.231603622 -1.129645467 16.517374039 -0.017821055 0.731266201 0.028292309 0.681272089
1439804052.640546 17.265081406 -1.129330516 16.514926910 -0.018538732 0.731395423 0.027969955 0.681127489
1439804052.703046 17.297685623 -1.129259467 16.512754440 -0.018596083 0.731483161 0.027599949 0.681046844
1439804052.765546 17.332067490 -1.128532767 16.510461807 -0.016911097 0.731518567 0.027523940 0.681055784
1439804052.828047 17.364816666 -1.127689838 16.508398056 -0.016637634 0.731572807 0.026203085 0.681056380
1439804052.890551 17.397243500 -1.128375053 16.504997253 -0.016435398 0.731517792 0.025336627 0.681153178
1439804052.953051 17.430799484 -1.128926754 16.503496170 -0.015352752 0.731741726 0.025312737 0.680938721
1439804053.015551 17.464132309 -1.129046440 16.500415802 -0.015014774 0.731727719 0.025145333 0.680967569
1439804053.078052 17.498102188 -1.127271414 16.497371674 -0.015690997 0.731936038 0.024622375 0.680747509
1439804053.140554 17.533100128 -1.127808809 16.495996475 -0.016280059 0.732117891 0.025366643 0.680510759
1439804053.203055 17.568239212 -1.128186703 16.493680954 -0.016808823 0.732129037 0.025419140 0.680483937
1439804053.265558 17.602840424 -1.126694560 16.491893768 -0.016273186 0.732234597 0.025618792 0.680375874
1439804053.328057 17.637596130 -1.126225948 16.490652084 -0.015300051 0.732299685 0.026547261 0.680292845
1439804053.390558 17.672252655 -1.126090050 16.487663269 -0.015097152 0.732056022 0.026998794 0.680541813
1439804053.453061 17.707555771 -1.125407100 16.484148026 -0.014949816 0.731748402 0.026673919 0.680888593
1439804053.515560 17.741453171 -1.125445604 16.482376099 -0.014459138 0.731775641 0.026508790 0.680876315
1439804053.578062 17.775760651 -1.125381708 16.480188370 -0.014384502 0.731677234 0.026565975 0.680981398
1439804053.640568 17.810649872 -1.126270294 16.478374481 -0.015023124 0.731675625 0.026531160 0.680970728
1439804053.703065 17.844392776 -1.125304341 16.476984024 -0.014466503 0.731667280 0.027013175 0.680972815
1439804053.765566 17.880353928 -1.124080896 16.475255966 -0.013860296 0.731430471 0.027238498 0.681230783
1439804053.828068 17.914218903 -1.125766993 16.472087860 -0.015098345 0.731370151 0.027352562 0.681264699
1439804053.890569 17.947664261 -1.125349045 16.469501495 -0.014876951 0.731202960 0.027812507 0.681430459
1439804053.953070 17.982391357 -1.125127196 16.467111588 -0.014768631 0.731124997 0.027783234 0.681517541
1439804054.015572 18.017349243 -1.125851274 16.465496063 -0.015314923 0.731135845 0.027248563 0.681515455
1439804054.078073 18.050804138 -1.125229359 16.462905884 -0.014930055 0.730882823 0.027049053 0.681803286
1439804054.140575 18.085268021 -1.125479698 16.460817337 -0.015308536 0.730866373 0.026828866 0.681821227
1439804054.203079 18.119728088 -1.125481367 16.458631516 -0.015513468 0.730761707 0.026752980 0.681931734
1439804054.265578 18.154539108 -1.124925017 16.457143784 -0.015607424 0.730775833 0.026751015 0.681914568
1439804054.328079 18.189613342 -1.124365568 16.455232620 -0.015838532 0.730608344 0.026767472 0.682088017
1439804054.390582 18.225004196 -1.124679327 16.452987671 -0.015969664 0.730556250 0.027087612 0.682128131
1439804054.453082 18.259895325 -1.124035597 16.450862885 -0.015767409 0.730480254 0.027279606 0.682206511
1439804054.515583 18.293731689 -1.124471068 16.448932648 -0.016141370 0.730487347 0.026999457 0.682201385
1439804054.578087 18.328105927 -1.124513507 16.447204590 -0.016310958 0.730488062 0.026514851 0.682215571
1439804054.640586 18.361476898 -1.123290896 16.444169998 -0.015429854 0.730176926 0.026427068 0.682572484
1439804054.703090 18.397186279 -1.123597145 16.443374634 -0.015441451 0.730312109 0.025944352 0.682446063
1439804054.765589 18.430789948 -1.124261498 16.441181183 -0.016015930 0.730260313 0.026013216 0.682485580
1439804054.828090 18.466323853 -1.123360872 16.439844131 -0.016877193 0.730126083 0.025786383 0.682617068
1439804054.890595 18.499324799 -1.123129249 16.437273026 -0.017770827 0.729896069 0.025653759 0.682845354
1439804054.953096 18.533514023 -1.123105884 16.434471130 -0.017881203 0.729790211 0.025721380 0.682953060
1439804055.015595 18.567884445 -1.123214364 16.432437897 -0.017415036 0.729752600 0.025835186 0.683001041
1439804055.078098 18.601741791 -1.122529626 16.429990768 -0.017232740 0.729453325 0.026104843 0.683314979
1439804055.140598 18.637062073 -1.122503996 16.428112030 -0.018101556 0.729470611 0.025791230 0.683286011
1439804055.203099 18.671802521 -1.122176886 16.426343918 -0.018191742 0.729567111 0.025541509 0.683189988
1439804055.265604 18.705923080 -1.121642709 16.424283981 -0.018241320 0.729653835 0.025034750 0.683114767
1439804055.328102 18.741199493 -1.121774673 16.422780991 -0.018501012 0.729723930 0.024928978 0.683036745
1439804055.390604 18.775045395 -1.121561050 16.420169830 -0.019067502 0.729428768 0.025016846 0.683333218
1439804055.453105 18.809484482 -1.121401906 16.417982101 -0.019574048 0.729238927 0.025111707 0.683517933
1439804055.515606 18.845104218 -1.121204019 16.416463852 -0.019465756 0.729370475 0.024534630 0.683401644
1439804055.578108 18.878973007 -1.120985985 16.414258957 -0.018126681 0.729313195 0.024594598 0.683497488
1439804055.640609 18.914661407 -1.120742440 16.412366867 -0.017698497 0.729387999 0.024147687 0.683444798
1439804055.703110 18.950027466 -1.120290875 16.410114288 -0.018101452 0.729315519 0.023315163 0.683540463
1439804055.765612 18.985261917 -1.120577812 16.408275604 -0.017813869 0.729318678 0.023066469 0.683553159
1439804055.828113 19.019701004 -1.120759249 16.406316757 -0.016959950 0.729300559 0.023103407 0.683592975
1439804055.890615 19.054521561 -1.120011091 16.403781891 -0.017484704 0.729317844 0.022631450 0.683577061
1439804055.953116 19.089817047 -1.119989514 16.401296616 -0.017517820 0.729111373 0.023193132 0.683777630
1439804056.015622 19.124515533 -1.119987488 16.399755478 -0.018533261 0.729241431 0.023238454 0.683610559
1439804056.078120 19.159452438 -1.119611382 16.397727966 -0.019335611 0.729425609 0.023020519 0.683399141
1439804056.140620 19.193578720 -1.119976878 16.395792007 -0.019524507 0.729697287 0.023529863 0.683086395
1439804056.203122 19.229692459 -1.119768500 16.392547607 -0.019660125 0.729892194 0.023825014 0.682864010
1439804056.265623 19.264169693 -1.119757295 16.389755249 -0.019896114 0.729918957 0.024155106 0.682816923
1439804056.328127 19.298309326 -1.119359732 16.389020920 -0.019631663 0.730370164 0.024386581 0.682333708
1439804056.390626 19.334043503 -1.118226409 16.385364532 -0.019255379 0.730385482 0.024010880 0.682341337
1439804056.453128 19.368677139 -1.117794275 16.383296967 -0.019311946 0.730528772 0.023827689 0.682192743
1439804056.515629 19.403707504 -1.117991805 16.381372452 -0.018896567 0.730631292 0.024141390 0.682083607
1439804056.578130 19.438493729 -1.117905974 16.378910065 -0.019750657 0.730653703 0.023595357 0.682054460
1439804056.640631 19.473220825 -1.117730737 16.377849579 -0.020630389 0.731014431 0.023218099 0.681654811
1439804056.703137 19.509277344 -1.116916418 16.371479034 -0.020952545 0.730422020 0.022874173 0.682291329
1439804056.765635 19.544548035 -1.117220044 16.370843887 -0.021878619 0.730847478 0.023032082 0.681801200
1439804056.828138 19.579471588 -1.117002726 16.368509293 -0.022136969 0.730818272 0.023360506 0.681813002
1439804056.890639 19.614458084 -1.116274953 16.364824295 -0.022165688 0.730727255 0.023162909 0.681916237
1439804056.953139 19.648960114 -1.115692377 16.364242554 -0.021752968 0.731172562 0.023195935 0.681451023
1439804057.015641 19.684276581 -1.115594506 16.360363007 -0.021513909 0.731055856 0.022894628 0.681594014
1439804057.078142 19.719369888 -1.115551353 16.358352661 -0.020830967 0.731248617 0.023029037 0.681403875
1439804057.140644 19.753789902 -1.116526961 16.358230591 -0.020994794 0.731872797 0.023006048 0.680729091
1439804057.203145 19.788993835 -1.115288377 16.354198456 -0.020353703 0.731666803 0.022383394 0.680990756
1439804057.265646 19.825019836 -1.115062833 16.352581024 -0.020444071 0.731848955 0.022439184 0.680790424
1439804057.328151 19.859657288 -1.114475727 16.349195480 -0.021309176 0.731695592 0.022340862 0.680931985
1439804057.390649 19.895116806 -1.114366055 16.346967697 -0.022495076 0.731641233 0.022493837 0.680947185
1439804057.453150 19.930871964 -1.114286661 16.345487595 -0.022902774 0.731817603 0.022731703 0.680736125
1439804057.515652 19.966068268 -1.114311099 16.342700958 -0.022599554 0.731801093 0.023155965 0.680749714
1439804057.578153 20.001207352 -1.114468694 16.340879440 -0.022153510 0.732238650 0.023427922 0.680284441
1439804057.640657 20.036987305 -1.114710689 16.338649750 -0.022615446 0.732727349 0.023053646 0.679755628
1439804057.703156 20.072364807 -1.115237236 16.337207794 -0.022944894 0.733509481 0.022622768 0.678914964
1439804057.765660 20.106233597 -1.113708615 16.333536148 -0.022277929 0.733919799 0.021811694 0.678520203
1439804057.828160 20.141317368 -1.113620996 16.330268860 -0.022374593 0.734407604 0.021599580 0.677995861
1439804057.890662 20.176555634 -1.113393188 16.328578949 -0.022737941 0.735087156 0.021967314 0.677235007
1439804057.953162 20.211460114 -1.112298846 16.324827194 -0.022619184 0.735109508 0.022142973 0.677209020
1439804058.015663 20.245729446 -1.112873912 16.320924759 -0.023072723 0.735136390 0.022809695 0.677142382
1439804058.078167 20.281270981 -1.111759782 16.318925858 -0.022469807 0.735765517 0.022840751 0.676478028
1439804058.140667 20.316293716 -1.110969067 16.315759659 -0.022178257 0.736072481 0.023121636 0.676144123
1439804058.203168 20.352481842 -1.111357450 16.313781738 -0.022430016 0.736744344 0.023180662 0.675401688
1439804058.265670 20.386800766 -1.110548735 16.310451508 -0.022802062 0.737032354 0.022184264 0.675108373
1439804058.328171 20.422363281 -1.110296488 16.308082581 -0.022496982 0.737383604 0.022668622 0.674718738
1439804058.390672 20.457391739 -1.109592915 16.305057526 -0.022468047 0.737714767 0.022563387 0.674361169
1439804058.453173 20.493026733 -1.109450221 16.302150726 -0.022415331 0.737881124 0.022675665 0.674177170
1439804058.515675 20.528631210 -1.109254837 16.298526764 -0.022186773 0.737790048 0.022650303 0.674285233
1439804058.578176 20.563207626 -1.109068990 16.295810699 -0.022007445 0.738209546 0.022517458 0.673836231
1439804058.640678 20.599304199 -1.108522534 16.293025970 -0.021431187 0.738590300 0.022845756 0.673426390
1439804058.703180 20.634513855 -1.108282566 16.289314270 -0.020486308 0.738744020 0.023564490 0.673262417
1439804058.765680 20.670835495 -1.107746840 16.286378860 -0.020291200 0.738998294 0.023359468 0.672996402
1439804058.828184 20.706016541 -1.107691288 16.283081055 -0.020583693 0.739148974 0.023606984 0.672813296
1439804058.890686 20.741729736 -1.106749177 16.280246735 -0.020500144 0.739452779 0.023858458 0.672473133
1439804058.953185 20.777296066 -1.106751442 16.277149200 -0.021016428 0.739644349 0.023950040 0.672243237
1439804059.015685 20.812751770 -1.106503725 16.273334503 -0.020345718 0.739658475 0.024375953 0.672232985
1439804059.140685 20.884489059 -1.105769873 16.267538071 -0.020020148 0.739963651 0.025275648 0.671873629
1439804059.203187 20.919673920 -1.105238557 16.264175415 -0.019513600 0.740108371 0.026196152 0.671693861
1439804059.265687 20.955108643 -1.104941607 16.261123657 -0.020213988 0.740012288 0.026694044 0.671759427
1439804059.328188 20.991302490 -1.104730844 16.258138657 -0.020095782 0.740019858 0.027718760 0.671713054
1439804059.390689 21.025821686 -1.104305983 16.254510880 -0.019668495 0.739764214 0.028683545 0.671966732
1439804059.515690 21.096525192 -1.103169560 16.247295380 -0.019667577 0.739514530 0.028580641 0.672245860
1439804059.578189 21.133548737 -1.101752996 16.244979858 -0.019249851 0.739743412 0.028574964 0.672006428
1439804059.640691 21.169075012 -1.102786064 16.242179871 -0.019660242 0.740025520 0.027996790 0.671708226
1439804059.703190 21.205795288 -1.100318193 16.238386154 -0.016954603 0.739759803 0.028170375 0.672067285
1439804059.765690 21.241567612 -1.100443721 16.235561371 -0.017275007 0.740065277 0.027396971 0.671754718
1439804059.890692 21.312189102 -1.098287582 16.226888657 -0.017377594 0.739596248 0.026325364 0.672311187
1439804059.953192 21.352491379 -1.097530127 16.226537704 -0.016681718 0.740581691 0.025986411 0.671256423
1439804060.015692 21.386989594 -1.094559431 16.221115112 -0.014824393 0.740489364 0.026110373 0.671396971
1439804060.078193 21.425792694 -1.094977379 16.218027115 -0.014392652 0.741142511 0.026480557 0.670670867
1439804060.140694 21.462112427 -1.094992638 16.212507248 -0.014626578 0.741408825 0.026573110 0.670367718
1439804060.203194 21.500423431 -1.093039632 16.205472946 -0.014179333 0.741520822 0.026398208 0.670260310
1439804060.265695 21.536123276 -1.092527747 16.197614670 -0.013312426 0.741320908 0.026857730 0.670480967
1439804060.328195 21.564392090 -1.099976540 16.202714920 -0.013718903 0.742764831 0.030166449 0.668731749
1439804060.390696 21.598930359 -1.098134398 16.198247910 -0.014727049 0.742903113 0.029822921 0.668572068
1439804060.453197 21.629024506 -1.102030873 16.195201874 -0.013803978 0.742815077 0.032072969 0.668585479
