#frame chA chB nCorr nA nB MNR GNR DICE
56 0 1 0 566 164 0 0 0
57 0 1 0 528 161 0 0 0
58 0 1 0 497 150 0 0 0
59 0 1 0 462 182 0 0 0
60 0 1 0 434 186 0 0 0
61 0 1 0 417 209 0 0 0
62 0 1 0 406 201 0 0 0
63 0 1 0 369 172 0 0 0
64 0 1 0 344 190 0 0 0
65 0 1 0 301 156 0 0 0
66 0 1 1 266 146 0.00684932 0.00507438 0.00485437
67 0 1 1 255 160 0.00625 0.00495074 0.00481928
68 0 1 1 219 109 0.00917431 0.00647239 0.00609756
69 0 1 1 216 163 0.00613497 0.00532941 0.00527705
70 0 1 1 179 137 0.00729927 0.00638577 0.00632911
71 0 1 0 200 195 0 0 0
72 0 1 0 201 174 0 0 0
73 0 1 0 175 140 0 0 0
74 0 1 1 213 194 0.00515464 0.00491937 0.004914
75 0 1 1 197 178 0.00561798 0.00534019 0.00533333
76 0 1 0 192 172 0 0 0
77 0 1 1 181 161 0.00621118 0.00585798 0.00584795
78 0 1 1 237 228 0.00438596 0.00430188 0.00430108
79 0 1 1 215 201 0.00497512 0.00481042 0.00480769
80 0 1 2 223 212 0.00943396 0.00919834 0.0091954
81 0 1 2 214 229 0.00934579 0.00903453 0.00902935
82 0 1 2 233 233 0.00858369 0.00858369 0.00858369
83 0 1 2 227 219 0.00913242 0.00897005 0.00896861
84 0 1 3 233 224 0.0133929 0.0131316 0.0131291
85 0 1 2 230 264 0.00869565 0.00811641 0.00809717
86 0 1 1 214 235 0.0046729 0.00445922 0.00445434
87 0 1 0 200 218 0 0 0
88 0 1 0 198 223 0 0 0
89 0 1 0 223 269 0 0 0
90 0 1 1 227 270 0.00440529 0.00403929 0.00402414
91 0 1 0 221 277 0 0 0
92 0 1 1 217 268 0.00460829 0.0041467 0.00412371
93 0 1 2 194 262 0.0103093 0.00887112 0.00877193
94 0 1 3 175 247 0.0171429 0.0144296 0.014218
95 0 1 3 177 275 0.0169492 0.0135978 0.0132743
96 0 1 1 146 223 0.00684932 0.00554206 0.00542005
97 0 1 0 190 245 0 0 0
98 0 1 0 199 252 0 0 0
99 0 1 2 194 242 0.0103093 0.00923042 0.00917431
100 0 1 0 216 236 0 0 0
101 0 1 4 271 282 0.0147601 0.0144694 0.0144665
102 0 1 1 260 262 0.00384615 0.00383145 0.00383142
103 0 1 3 261 230 0.0130435 0.0122444 0.01222
104 0 1 3 239 214 0.0140187 0.0132652 0.013245
105 0 1 3 227 190 0.0157895 0.0144455 0.0143885
106 0 1 4 260 241 0.0165975 0.0159796 0.0159681
107 0 1 0 262 219 0 0 0
108 0 1 1 264 209 0.00478469 0.00425721 0.00422833
109 0 1 2 258 215 0.00930233 0.00849182 0.00845666
110 0 1 1 265 254 0.00393701 0.00385443 0.00385356
111 0 1 4 267 260 0.0153846 0.0151816 0.0151803
112 0 1 2 300 269 0.00743494 0.00704033 0.00702988
113 0 1 3 298 290 0.0103448 0.010205 0.0102041
114 0 1 3 303 312 0.00990099 0.00975714 0.0097561
115 0 1 3 277 299 0.0108303 0.0104243 0.0104167
116 0 1 1 258 321 0.00387597 0.00347486 0.00345423
117 0 1 4 243 304 0.0164609 0.014717 0.0146252
118 0 1 5 231 312 0.021645 0.0186246 0.0184162
119 0 1 2 187 285 0.0106952 0.00866337 0.00847458
120 0 1 1 195 343 0.00512821 0.00386666 0.00371747
121 0 1 4 183 312 0.0218579 0.0167401 0.0161616
122 0 1 3 176 285 0.0170455 0.013395 0.0130152
123 0 1 2 209 354 0.00956938 0.00735284 0.0071048
124 0 1 5 226 357 0.0221239 0.0176028 0.0171527
125 0 1 2 223 344 0.00896861 0.00722102 0.00705467
126 0 1 3 229 312 0.0131004 0.0112234 0.0110906
127 0 1 6 258 344 0.0232558 0.0201401 0.0199336
128 0 1 6 254 290 0.023622 0.0221073 0.0220588
129 0 1 5 261 246 0.0203252 0.0197325 0.0197239
130 0 1 1 315 293 0.00341297 0.00329163 0.00328947
131 0 1 4 310 285 0.0140351 0.0134573 0.0134454
132 0 1 3 282 243 0.0123457 0.0114602 0.0114286
133 0 1 8 326 295 0.0271186 0.0257971 0.0257649
134 0 1 3 303 263 0.0114068 0.0106273 0.0106007
135 0 1 4 305 257 0.0155642 0.0142871 0.0142349
136 0 1 2 293 230 0.00869565 0.00770428 0.00764818
137 0 1 1 331 317 0.00315457 0.00308714 0.00308642
138 0 1 1 347 323 0.00309598 0.00298699 0.00298507
139 0 1 5 364 326 0.0153374 0.0145148 0.0144928
140 0 1 2 359 336 0.00595238 0.00575855 0.0057554
141 0 1 5 345 315 0.015873 0.0151672 0.0151515
142 0 1 4 354 355 0.0112994 0.0112835 0.0112835
143 0 1 6 342 341 0.0175953 0.0175696 0.0175695
144 0 1 6 320 347 0.01875 0.0180058 0.017991
145 0 1 2 312 347 0.00641026 0.00607838 0.0060698
146 0 1 1 283 380 0.00353357 0.0030494 0.00301659
147 0 1 3 234 348 0.0128205 0.0105129 0.0103093
148 0 1 4 219 327 0.0182648 0.0149473 0.014652
149 0 1 6 211 346 0.028436 0.0222061 0.021544
150 0 1 6 179 292 0.0335196 0.0262442 0.0254777
151 0 1 6 197 315 0.0304569 0.0240859 0.0234375
152 0 1 4 202 278 0.019802 0.0168796 0.0166667
153 0 1 2 233 291 0.00858369 0.00768078 0.00763359
154 0 1 3 264 280 0.0113636 0.0110342 0.0110294
155 0 1 3 281 308 0.0106762 0.0101975 0.0101868
156 0 1 4 291 281 0.0142349 0.0139882 0.013986
157 0 1 6 352 318 0.0188679 0.0179336 0.0179104
158 0 1 5 354 310 0.016129 0.0150934 0.0150602
159 0 1 7 369 302 0.0231788 0.0209692 0.0208644
160 0 1 7 334 286 0.0244755 0.0226486 0.0225806
161 0 1 8 326 263 0.0304183 0.0273214 0.0271647
162 0 1 3 319 254 0.011811 0.0105392 0.0104712
163 0 1 5 303 305 0.0165017 0.0164475 0.0164474
164 0 1 6 333 309 0.0194175 0.0187047 0.0186916
165 0 1 8 346 307 0.0260586 0.0245461 0.0245023
166 0 1 5 374 328 0.0152439 0.0142757 0.014245
167 0 1 7 383 342 0.0204678 0.0193413 0.0193103
168 0 1 8 384 345 0.0231884 0.0219793 0.0219479
169 0 1 8 396 371 0.0215633 0.0208716 0.0208605
170 0 1 7 380 358 0.0195531 0.0189786 0.0189702
171 0 1 2 363 348 0.00574713 0.00562713 0.00562588
172 0 1 5 366 365 0.0136986 0.0136799 0.0136799
173 0 1 6 355 393 0.0169014 0.0160635 0.0160428
174 0 1 8 329 386 0.0243161 0.0224491 0.0223776
175 0 1 6 323 373 0.0185759 0.017286 0.0172414
176 0 1 3 294 361 0.0102041 0.00920861 0.00916031
177 0 1 7 283 340 0.024735 0.0225666 0.0224719
178 0 1 2 284 337 0.00704225 0.00646481 0.00644122
179 0 1 3 298 393 0.0100671 0.00876631 0.00868307
180 0 1 2 309 374 0.00647249 0.00588322 0.00585652
181 0 1 6 297 366 0.020202 0.0181984 0.0180995
182 0 1 4 308 361 0.012987 0.0119959 0.0119581
183 0 1 5 304 340 0.0164474 0.0155523 0.015528
184 0 1 2 294 319 0.00680272 0.00653072 0.00652529
185 0 1 5 299 348 0.0167224 0.0155005 0.015456
186 0 1 2 317 373 0.00630915 0.00581629 0.0057971
187 0 1 7 337 390 0.0207715 0.0193086 0.0192572
188 0 1 9 354 394 0.0254237 0.0240987 0.0240642
189 0 1 7 353 386 0.01983 0.0189634 0.0189445
190 0 1 6 363 398 0.0165289 0.0157854 0.0157687
191 0 1 6 355 388 0.0169014 0.0161667 0.0161507
192 0 1 9 374 423 0.0240642 0.0226275 0.0225847
193 0 1 6 397 424 0.0151134 0.0146242 0.0146163
194 0 1 10 370 418 0.027027 0.0254279 0.0253807
195 0 1 6 390 409 0.0153846 0.015023 0.0150188
196 0 1 9 375 411 0.024 0.0229248 0.0229008
197 0 1 2 364 412 0.00549451 0.00516453 0.00515464
198 0 1 6 370 408 0.0162162 0.0154426 0.0154242
199 0 1 5 381 404 0.0131234 0.0127443 0.0127389
200 0 1 4 377 410 0.0106101 0.0101741 0.0101652
201 0 1 3 378 397 0.00793651 0.00774426 0.00774194
202 0 1 5 370 399 0.0135135 0.0130132 0.0130039
203 0 1 7 374 389 0.0187166 0.0183522 0.0183486
204 0 1 4 369 413 0.0108401 0.0102464 0.0102302
205 0 1 6 380 408 0.0157895 0.015238 0.0152284
206 0 1 7 381 401 0.0183727 0.0179087 0.0179028
207 0 1 7 379 401 0.0184697 0.0179559 0.0179487
208 0 1 6 369 404 0.0162602 0.0155399 0.0155239
209 0 1 6 377 400 0.0159151 0.0154508 0.015444
210 0 1 5 369 400 0.0135501 0.0130145 0.0130039
211 0 1 7 368 396 0.0190217 0.0183369 0.0183246
212 0 1 6 368 403 0.0163043 0.0155803 0.0155642
213 0 1 8 376 400 0.0212766 0.0206284 0.0206186
214 0 1 10 367 396 0.027248 0.0262313 0.0262123
215 0 1 8 376 400 0.0212766 0.0206284 0.0206186
216 0 1 9 373 404 0.0241287 0.0231845 0.023166
217 0 1 8 377 407 0.0212202 0.0204231 0.0204082
218 0 1 7 370 404 0.0189189 0.0181053 0.0180879
219 0 1 6 371 392 0.0161725 0.0157334 0.0157274
220 0 1 10 376 402 0.0265957 0.0257213 0.0257069
221 0 1 9 368 406 0.0244565 0.0232839 0.0232558
222 0 1 8 373 407 0.0214477 0.0205323 0.0205128
223 0 1 6 377 392 0.0159151 0.0156077 0.0156047
224 0 1 11 371 396 0.0296496 0.0286984 0.0286832
225 0 1 8 371 397 0.0215633 0.0208453 0.0208333
226 0 1 9 377 403 0.0238727 0.0230898 0.0230769
227 0 1 10 376 398 0.0265957 0.0258502 0.0258398
228 0 1 8 371 396 0.0215633 0.0208716 0.0208605
229 0 1 8 374 397 0.0213904 0.0207615 0.0207523
230 0 1 9 376 408 0.0239362 0.0229783 0.0229592
231 0 1 7 369 394 0.0189702 0.0183585 0.0183486
232 0 1 7 374 405 0.0187166 0.017986 0.0179718
233 0 1 10 379 398 0.0263852 0.0257477 0.02574
234 0 1 8 376 403 0.0212766 0.0205515 0.0205392
235 0 1 10 380 398 0.0263158 0.0257138 0.0257069
236 0 1 8 374 405 0.0213904 0.0205554 0.0205392
237 0 1 8 372 401 0.0215054 0.0207132 0.0206986
238 0 1 6 375 398 0.016 0.0155308 0.0155239
239 0 1 8 374 408 0.0213904 0.0204797 0.0204604
240 0 1 9 375 400 0.024 0.0232379 0.0232258
241 0 1 8 365 403 0.0219178 0.0208589 0.0208333
242 0 1 8 381 401 0.0209974 0.0204671 0.0204604
243 0 1 9 366 410 0.0245902 0.0232333 0.0231959
244 0 1 9 381 397 0.023622 0.0231411 0.0231362
245 0 1 9 371 399 0.0242588 0.0233921 0.0233766
246 0 1 11 378 400 0.0291005 0.0282889 0.0282776
247 0 1 10 375 399 0.0266667 0.0258522 0.0258398
248 0 1 10 375 402 0.0266667 0.0257556 0.02574
249 0 1 10 382 391 0.026178 0.025875 0.0258732
250 0 1 11 373 399 0.0294906 0.0285136 0.0284974
251 0 1 10 375 403 0.0266667 0.0257236 0.0257069
252 0 1 9 373 408 0.0241287 0.0230706 0.0230474
253 0 1 9 374 395 0.0240642 0.0234158 0.023407
254 0 1 10 365 405 0.0273973 0.0260091 0.025974
255 0 1 6 377 397 0.0159151 0.0155091 0.0155039
256 0 1 9 370 405 0.0243243 0.0232495 0.0232258
257 0 1 8 377 402 0.0212202 0.0205497 0.0205392
258 0 1 10 369 407 0.0271003 0.0258042 0.0257732
259 0 1 8 374 409 0.0213904 0.0204547 0.0204342
260 0 1 10 370 409 0.027027 0.0257062 0.0256739
261 0 1 8 371 405 0.0215633 0.0206384 0.0206186
262 0 1 9 374 399 0.0240642 0.0232981 0.0232859
263 0 1 8 377 403 0.0212202 0.0205242 0.0205128
264 0 1 7 372 408 0.0188172 0.0179679 0.0179487
265 0 1 12 381 400 0.0314961 0.0307389 0.0307298
266 0 1 8 371 409 0.0215633 0.0205372 0.0205128
267 0 1 8 376 403 0.0212766 0.0205515 0.0205392
268 0 1 7 376 408 0.018617 0.017872 0.0178571
269 0 1 10 371 406 0.0269542 0.0257662 0.02574
270 0 1 8 371 407 0.0215633 0.0205876 0.0205656
271 0 1 7 371 409 0.0188679 0.0179701 0.0179487
272 0 1 7 374 418 0.0187166 0.0177041 0.0176768
273 0 1 8 382 403 0.0209424 0.0203895 0.0203822
274 0 1 8 373 405 0.0214477 0.020583 0.0205656
275 0 1 8 379 399 0.0211082 0.0205724 0.0205656
276 0 1 7 374 407 0.0187166 0.0179418 0.0179257
277 0 1 7 377 414 0.0185676 0.0177185 0.0176991
278 0 1 11 368 408 0.0298913 0.0283883 0.0283505
279 0 1 8 382 409 0.0209424 0.0202394 0.0202276
280 0 1 7 373 412 0.0187668 0.0178564 0.0178344
281 0 1 9 366 399 0.0245902 0.0235513 0.0235294
282 0 1 7 373 410 0.0187668 0.0178999 0.0178799
283 0 1 8 372 410 0.0215054 0.0204846 0.0204604
284 0 1 9 377 406 0.0238727 0.0230043 0.0229885
285 0 1 7 373 410 0.0187668 0.0178999 0.0178799
286 0 1 7 374 413 0.0187166 0.017811 0.0177891
287 0 1 7 368 409 0.0190217 0.0180432 0.018018
288 0 1 10 382 417 0.026178 0.0250553 0.0250313
289 0 1 10 375 409 0.0266667 0.0255342 0.0255102
290 0 1 8 376 412 0.0212766 0.0203258 0.0203046
291 0 1 9 374 410 0.0240642 0.0229834 0.0229592
292 0 1 10 378 402 0.026455 0.0256532 0.025641
293 0 1 6 374 404 0.0160428 0.0154356 0.0154242
294 0 1 7 379 398 0.0184697 0.0180234 0.018018
295 0 1 6 375 404 0.016 0.0154151 0.0154044
296 0 1 7 373 397 0.0187668 0.0181907 0.0181818
297 0 1 9 378 413 0.0238095 0.0227783 0.022756
298 0 1 10 373 404 0.0268097 0.0257605 0.02574
299 0 1 11 382 406 0.0287958 0.0279317 0.0279188
300 0 1 8 382 400 0.0209424 0.0204658 0.0204604
301 0 1 8 376 407 0.0212766 0.0204503 0.0204342
302 0 1 12 377 412 0.0318302 0.0304482 0.0304183
303 0 1 10 374 407 0.026738 0.0256311 0.0256082
304 0 1 8 371 404 0.0215633 0.0206639 0.0206452
305 0 1 11 375 409 0.0293333 0.0280876 0.0280612
306 0 1 8 377 405 0.0212202 0.0204735 0.0204604
307 0 1 9 378 404 0.0238095 0.0230306 0.0230179
308 0 1 10 372 409 0.0268817 0.025637 0.0256082
309 0 1 10 383 396 0.0261097 0.0256775 0.0256739
310 0 1 8 375 402 0.0213333 0.0206045 0.020592
311 0 1 8 378 404 0.021164 0.0204717 0.0204604
312 0 1 9 378 407 0.0238095 0.0229456 0.0229299
313 0 1 8 378 408 0.021164 0.0203711 0.0203562
314 0 1 5 379 417 0.0131926 0.0125772 0.0125628
315 0 1 9 367 417 0.0245232 0.023006 0.0229592
316 0 1 7 374 413 0.0187166 0.017811 0.0177891
317 0 1 10 379 408 0.0263852 0.0254302 0.025413
318 0 1 6 376 411 0.0159574 0.0152629 0.0152478
319 0 1 7 381 407 0.0183727 0.0177762 0.0177665
320 0 1 7 377 415 0.0185676 0.0176971 0.0176768
321 0 1 9 381 406 0.023622 0.0228832 0.0228717
322 0 1 8 374 412 0.0213904 0.0203801 0.0203562
323 0 1 8 375 405 0.0213333 0.020528 0.0205128
324 0 1 8 375 408 0.0213333 0.0204524 0.0204342
325 0 1 7 378 403 0.0185185 0.0179349 0.0179257
326 0 1 9 373 408 0.0241287 0.0230706 0.0230474
327 0 1 12 386 403 0.0310881 0.0304253 0.0304183
328 0 1 10 374 409 0.026738 0.0255683 0.0255428
329 0 1 8 383 409 0.0208877 0.0202129 0.020202
330 0 1 9 373 411 0.0241287 0.0229862 0.0229592
331 0 1 9 383 400 0.0234987 0.0229939 0.0229885
332 0 1 7 379 411 0.0184697 0.0177361 0.0177215
333 0 1 8 381 409 0.0209974 0.0202659 0.0202532
334 0 1 9 383 416 0.0234987 0.0225474 0.0225282
335 0 1 9 378 413 0.0238095 0.0227783 0.022756
336 0 1 11 381 411 0.0288714 0.0277977 0.0277778
337 0 1 8 381 404 0.0209974 0.0203909 0.0203822
338 0 1 7 378 414 0.0185185 0.0176951 0.0176768
339 0 1 9 388 407 0.0231959 0.022648 0.0226415
340 0 1 9 368 407 0.0244565 0.0232553 0.0232258
341 0 1 9 379 408 0.0237467 0.0228872 0.0228717
342 0 1 9 370 417 0.0243243 0.0229126 0.0228717
343 0 1 7 385 413 0.0181818 0.0175547 0.0175439
344 0 1 10 374 424 0.026738 0.025112 0.0250627
345 0 1 8 382 404 0.0209424 0.0203642 0.0203562
346 0 1 10 376 420 0.0265957 0.0251641 0.0251256
347 0 1 9 384 404 0.0234375 0.02285 0.0228426
348 0 1 8 376 415 0.0212766 0.0202522 0.0202276
349 0 1 7 385 414 0.0181818 0.0175335 0.0175219
350 0 1 10 372 414 0.0268817 0.0254817 0.0254453
351 0 1 9 380 411 0.0236842 0.0227735 0.022756
352 0 1 11 371 409 0.0296496 0.0282387 0.0282051
353 0 1 9 376 409 0.0239362 0.0229502 0.0229299
354 0 1 10 375 412 0.0266667 0.0254411 0.025413
355 0 1 9 379 415 0.0237467 0.0226934 0.02267
356 0 1 9 369 412 0.0243902 0.0230824 0.0230474
357 0 1 12 378 416 0.031746 0.0302614 0.0302267
358 0 1 10 382 411 0.026178 0.0252376 0.0252207
359 0 1 10 380 407 0.0263158 0.0254279 0.025413
360 0 1 5 383 406 0.0130548 0.0126797 0.0126743
361 0 1 9 382 408 0.0235602 0.0227972 0.0227848
362 0 1 9 381 407 0.023622 0.0228551 0.0228426
363 0 1 8 377 403 0.0212202 0.0205242 0.0205128
364 0 1 5 381 409 0.0131234 0.0126662 0.0126582
365 0 1 6 380 420 0.0157895 0.0150188 0.015
366 0 1 9 378 418 0.0238095 0.0226417 0.0226131
367 0 1 5 382 421 0.013089 0.012468 0.0124533
368 0 1 9 382 418 0.0235602 0.0225228 0.0225
369 0 1 9 387 409 0.0232558 0.0226217 0.0226131
370 0 1 13 364 413 0.0357143 0.0335288 0.033462
371 0 1 9 373 405 0.0241287 0.0231558 0.0231362
372 0 1 12 363 411 0.0330578 0.0310676 0.0310078
373 0 1 12 379 415 0.0316623 0.0302578 0.0302267
374 0 1 10 372 413 0.0268817 0.0255125 0.0254777
375 0 1 7 376 405 0.018617 0.0179381 0.0179257
376 0 1 8 378 404 0.021164 0.0204717 0.0204604
377 0 1 10 385 404 0.025974 0.0253559 0.0253485
378 0 1 6 371 409 0.0161725 0.0154029 0.0153846
379 0 1 9 392 406 0.0229592 0.0225599 0.0225564
380 0 1 4 369 423 0.0108401 0.0101246 0.010101
381 0 1 14 381 430 0.0367454 0.0345885 0.0345253
382 0 1 10 360 402 0.0277778 0.0262867 0.0262467
383 0 1 9 366 394 0.0245902 0.0237003 0.0236842
384 0 1 9 354 396 0.0254237 0.0240377 0.024
385 0 1 9 334 407 0.0269461 0.0244102 0.0242915
386 0 1 13 324 391 0.0401235 0.0365243 0.0363636
387 0 1 10 306 355 0.0326797 0.0303407 0.0302572
388 0 1 7 280 358 0.025 0.0221094 0.0219436
389 0 1 2 243 332 0.00823045 0.00704138 0.00695652
390 0 1 3 217 308 0.0138249 0.0116042 0.0114286
391 0 1 0 180 310 0 0 0
392 0 1 1 167 299 0.00598802 0.00447514 0.00429185
393 0 1 4 164 294 0.0243902 0.0182165 0.0174672
394 0 1 6 176 276 0.0340909 0.0272233 0.0265487
395 0 1 4 181 317 0.0220994 0.016699 0.0160643
396 0 1 8 197 307 0.0406091 0.0325303 0.031746
397 0 1 12 215 303 0.055814 0.0470155 0.046332
398 0 1 5 240 298 0.0208333 0.0186963 0.0185874
399 0 1 9 228 309 0.0394737 0.0339075 0.0335196
400 0 1 8 266 345 0.0300752 0.0264082 0.0261866
401 0 1 7 270 298 0.0259259 0.0246779 0.0246479
402 0 1 8 260 291 0.0307692 0.0290842 0.0290381
403 0 1 6 269 283 0.0223048 0.0217461 0.0217391
404 0 1 7 266 260 0.0269231 0.0266177 0.026616
405 0 1 6 277 302 0.0216607 0.0207447 0.0207254
406 0 1 5 279 321 0.0179211 0.0167077 0.0166667
407 0 1 2 272 292 0.00735294 0.00709666 0.0070922
408 0 1 4 292 282 0.0141844 0.0139394 0.0139373
409 0 1 9 289 280 0.0321429 0.0316384 0.0316344
410 0 1 4 280 268 0.0149254 0.014602 0.0145985
411 0 1 4 272 253 0.0158103 0.0152481 0.0152381
412 0 1 3 275 242 0.0123967 0.0116291 0.0116054
413 0 1 3 280 304 0.0107143 0.0102827 0.010274
414 0 1 3 288 325 0.0104167 0.00980581 0.00978793
415 0 1 5 287 293 0.0174216 0.0172423 0.0172414
416 0 1 3 281 291 0.0106762 0.0104911 0.0104895
417 0 1 5 278 286 0.0179856 0.0177323 0.0177305
418 0 1 4 241 243 0.0165975 0.0165291 0.0165289
419 0 1 1 275 312 0.00363636 0.00341394 0.00340715
420 0 1 3 263 315 0.0114068 0.0104229 0.0103806
421 0 1 1 209 288 0.00478469 0.00407597 0.00402414
422 0 1 1 221 287 0.00452489 0.00397066 0.00393701
423 0 1 1 213 284 0.00469484 0.00406585 0.00402414
424 0 1 2 177 255 0.0112994 0.00941398 0.00925926
425 0 1 1 200 279 0.005 0.00423334 0.00417537
426 0 1 1 214 273 0.0046729 0.00413725 0.00410678
427 0 1 1 204 253 0.00490196 0.00440174 0.00437637
428 0 1 1 195 240 0.00512821 0.0046225 0.0045977
429 0 1 0 216 292 0 0 0
430 0 1 2 210 290 0.00952381 0.00810441 0.008
431 0 1 3 204 269 0.0147059 0.0128065 0.012685
432 0 1 3 198 249 0.0151515 0.013511 0.0134228
433 0 1 4 186 234 0.0215054 0.0191732 0.0190476
434 0 1 4 247 275 0.0161943 0.0153478 0.0153257
435 0 1 3 237 275 0.0126582 0.0117512 0.0117188
436 0 1 3 239 262 0.0125523 0.0119887 0.011976
437 0 1 4 233 243 0.0171674 0.0168104 0.0168067
438 0 1 2 238 244 0.00840336 0.0082994 0.00829876
439 0 1 3 232 241 0.012931 0.0126873 0.012685
440 0 1 2 217 218 0.00921659 0.00919543 0.0091954
441 0 1 1 262 284 0.00381679 0.00366598 0.003663
442 0 1 1 271 284 0.00369004 0.00360459 0.0036036
443 0 1 0 260 259 0 0 0
444 0 1 1 253 256 0.00395257 0.00392934 0.00392927
445 0 1 3 243 251 0.0123457 0.0121473 0.0121457
446 0 1 1 237 245 0.00421941 0.00414995 0.00414938
447 0 1 2 230 237 0.00869565 0.00856627 0.00856531
448 0 1 1 278 270 0.0037037 0.00365002 0.00364964
449 0 1 4 288 263 0.0152091 0.014534 0.0145191
450 0 1 5 286 244 0.0204918 0.0189274 0.0188679
451 0 1 5 276 240 0.0208333 0.0194272 0.0193798
452 0 1 2 275 230 0.00869565 0.00795243 0.00792079
453 0 1 2 263 237 0.00843882 0.00801084 0.008
454 0 1 3 258 231 0.012987 0.0122887 0.0122699
455 0 1 2 275 306 0.00727273 0.0068945 0.00688468
456 0 1 3 294 308 0.0102041 0.00996947 0.00996678
457 0 1 1 284 299 0.00352113 0.00343167 0.00343053
458 0 1 3 274 297 0.0109489 0.0105164 0.0105079
459 0 1 2 267 290 0.00749064 0.00718746 0.00718133
460 0 1 4 251 290 0.0159363 0.014826 0.0147874
461 0 1 2 239 260 0.0083682 0.00802314 0.00801603
462 0 1 3 282 342 0.0106383 0.00966014 0.00961538
463 0 1 1 278 340 0.00359712 0.00325266 0.00323625
464 0 1 3 256 323 0.0117188 0.0104328 0.0103627
465 0 1 2 252 286 0.00793651 0.00744984 0.00743494
466 0 1 3 238 257 0.012605 0.0121302 0.0121212
467 0 1 4 286 337 0.013986 0.0128843 0.0128411
468 0 1 4 296 311 0.0135135 0.0131836 0.0131796
469 0 1 4 278 306 0.0143885 0.0137144 0.0136986
470 0 1 4 286 306 0.013986 0.0135212 0.0135135
471 0 1 3 278 319 0.0107914 0.010074 0.0100503
472 0 1 0 264 326 0 0 0
473 0 1 4 271 313 0.0147601 0.0137342 0.0136986
474 0 1 0 257 290 0 0 0
475 0 1 0 255 284 0 0 0
476 0 1 0 249 264 0 0 0
477 0 1 0 300 350 0 0 0
478 0 1 0 294 358 0 0 0
479 0 1 0 291 322 0 0 0
480 0 1 5 295 319 0.0169492 0.0162991 0.0162866
481 0 1 5 280 338 0.0178571 0.016253 0.0161812
482 0 1 4 270 343 0.0148148 0.0131441 0.0130506
483 0 1 3 256 321 0.0117188 0.0104652 0.0103986
484 0 1 4 238 304 0.0168067 0.0148708 0.0147601
485 0 1 2 219 295 0.00913242 0.00786859 0.0077821
486 0 1 1 236 365 0.00423729 0.0034072 0.00332779
487 0 1 1 238 350 0.00420168 0.00346479 0.00340136
488 0 1 1 227 333 0.00440529 0.00363718 0.00357143
489 0 1 3 218 319 0.0137615 0.0113762 0.0111732
490 0 1 2 218 342 0.00917431 0.00732468 0.00714286
491 0 1 2 209 321 0.00956938 0.00772155 0.00754717
492 0 1 2 208 328 0.00961538 0.00765705 0.00746269
493 0 1 3 203 318 0.0147783 0.0118075 0.0115163
494 0 1 6 251 391 0.0239044 0.0191525 0.0186916
495 0 1 4 256 381 0.015625 0.0128079 0.0125589
496 0 1 4 241 359 0.0165975 0.0135989 0.0133333
497 0 1 4 229 362 0.0174672 0.0138927 0.0135364
498 0 1 6 222 351 0.027027 0.0214942 0.0209424
499 0 1 2 216 333 0.00925926 0.00745729 0.00728597
500 0 1 2 211 339 0.00947867 0.00747806 0.00727273
501 0 1 2 200 342 0.01 0.00764719 0.00738007
502 0 1 2 193 337 0.0103627 0.00784217 0.00754717
503 0 1 2 223 417 0.00896861 0.00655858 0.00625
504 0 1 4 226 387 0.0176991 0.0135254 0.0130506
505 0 1 4 217 373 0.0184332 0.0140597 0.0135593
506 0 1 2 208 379 0.00961538 0.00712326 0.00681431
507 0 1 1 196 365 0.00510204 0.00373874 0.00356506
508 0 1 0 187 355 0 0 0
509 0 1 1 180 351 0.00555556 0.00397842 0.00376648
510 0 1 0 213 391 0 0 0
511 0 1 0 207 371 0 0 0
512 0 1 1 195 358 0.00512821 0.00378478 0.00361664
513 0 1 0 173 367 0 0 0
514 0 1 1 155 345 0.00645161 0.00432439 0.004
515 0 1 0 168 363 0 0 0
516 0 1 0 173 360 0 0 0
517 0 1 0 151 339 0 0 0
518 0 1 0 130 332 0 0 0
519 0 1 1 142 339 0.00704225 0.00455781 0.004158
520 0 1 4 137 352 0.0291971 0.018215 0.0163599
521 0 1 4 124 333 0.0322581 0.0196846 0.0175055
522 0 1 3 138 320 0.0217391 0.014276 0.0131004
523 0 1 2 125 316 0.016 0.0100631 0.00907029
524 0 1 2 118 317 0.0169492 0.0103409 0.0091954
525 0 1 0 145 328 0 0 0
526 0 1 0 132 305 0 0 0
527 0 1 0 133 278 0 0 0
528 0 1 2 184 338 0.0108696 0.00801979 0.00766284
529 0 1 0 173 301 0 0 0
530 0 1 0 171 290 0 0 0
531 0 1 0 166 290 0 0 0
532 0 1 0 245 381 0 0 0
533 0 1 0 239 361 0 0 0
534 0 1 0 247 370 0 0 0
535 0 1 0 229 347 0 0 0
536 0 1 1 227 332 0.00440529 0.00364265 0.00357782
537 0 1 3 221 327 0.0135747 0.0111597 0.0109489
538 0 1 2 219 305 0.00913242 0.00773852 0.00763359
539 0 1 3 201 293 0.0149254 0.012362 0.0121457
540 0 1 2 297 404 0.00673401 0.00577379 0.00570613
541 0 1 1 273 405 0.003663 0.0030074 0.00294985
542 0 1 2 276 410 0.00724638 0.00594543 0.0058309
543 0 1 1 268 391 0.00373134 0.00308919 0.0030349
544 0 1 0 255 371 0 0 0
545 0 1 2 238 364 0.00840336 0.00679502 0.00664452
546 0 1 0 229 352 0 0 0
547 0 1 1 201 326 0.00497512 0.00390655 0.00379507
548 0 1 1 283 408 0.00353357 0.00294291 0.00289436
549 0 1 2 271 377 0.00738007 0.00625712 0.00617284
550 0 1 1 262 378 0.00381679 0.00317763 0.003125
551 0 1 2 253 357 0.00790514 0.00665481 0.00655738
552 0 1 1 243 331 0.00411523 0.003526 0.00348432
553 0 1 2 301 410 0.00664452 0.00569318 0.00562588
554 0 1 3 291 406 0.0103093 0.00872794 0.00860832
555 0 1 1 294 385 0.00340136 0.00297232 0.00294551
556 0 1 1 220 358 0.00454545 0.00356326 0.00346021
557 0 1 2 259 393 0.00772201 0.00626879 0.00613497
558 0 1 1 228 395 0.00438596 0.00333222 0.00321027
559 0 1 2 208 358 0.00961538 0.0073292 0.00706714
560 0 1 2 188 351 0.0106383 0.0077857 0.00742115
561 0 1 2 222 404 0.00900901 0.00667825 0.00638978
562 0 1 4 167 374 0.0239521 0.0160054 0.0147874
563 0 1 4 161 346 0.0248447 0.0169476 0.0157791
564 0 1 4 146 345 0.0273973 0.0178227 0.0162933
565 0 1 4 164 388 0.0243902 0.015857 0.0144928
566 0 1 9 149 386 0.0604027 0.037528 0.0336449
567 0 1 8 149 354 0.0536913 0.0348333 0.0318091
568 0 1 4 139 349 0.028777 0.018161 0.0163934
569 0 1 3 152 365 0.0197368 0.0127366 0.0116054
570 0 1 2 148 353 0.0135135 0.00875008 0.00798403
571 0 1 4 131 348 0.0305344 0.0187342 0.0167015
572 0 1 3 131 312 0.0229008 0.0148391 0.013544
573 0 1 2 164 363 0.0121951 0.008197 0.00759013
574 0 1 3 146 363 0.0205479 0.0130314 0.0117878
575 0 1 1 150 353 0.00666667 0.00434577 0.00397614
576 0 1 2 135 349 0.0148148 0.00921405 0.00826446
577 0 1 5 142 319 0.0352113 0.0234926 0.021692
578 0 1 4 149 411 0.0268456 0.0161639 0.0142857
579 0 1 5 141 399 0.035461 0.0210802 0.0185185
580 0 1 4 128 396 0.03125 0.0177667 0.0152672
581 0 1 5 127 361 0.0393701 0.0233515 0.0204918
582 0 1 2 110 337 0.0181818 0.0103877 0.00894855
583 0 1 3 118 404 0.0254237 0.0137401 0.0114943
584 0 1 4 92 375 0.0434783 0.0215353 0.0171306
585 0 1 4 100 393 0.04 0.0201773 0.0162272
586 0 1 2 92 371 0.0217391 0.0108255 0.00863931
587 0 1 3 87 340 0.0344828 0.017443 0.0140515
588 0 1 4 82 396 0.0487805 0.0221976 0.0167364
589 0 1 3 82 384 0.0365854 0.0169063 0.0128755
590 0 1 5 71 363 0.0704225 0.0311449 0.0230415
591 0 1 5 86 410 0.0581395 0.0266274 0.0201613
592 0 1 1 78 397 0.0128205 0.00568274 0.00421053
593 0 1 1 73 374 0.0136986 0.00605205 0.00447427
594 0 1 1 64 340 0.015625 0.00677908 0.00495049
595 0 1 1 75 410 0.0133333 0.00570266 0.00412371
596 0 1 3 73 389 0.0410959 0.0178027 0.012987
597 0 1 1 59 362 0.0169492 0.00684258 0.00475059
598 0 1 0 54 329 0 0 0
599 0 1 0 55 377 0 0 0
600 0 1 0 52 369 0 0 0
601 0 1 0 49 334 0 0 0
602 0 1 0 67 354 0 0 0
603 0 1 0 64 332 0 0 0
604 0 1 0 49 286 0 0 0
605 0 1 0 67 311 0 0 0
606 0 1 0 66 288 0 0 0
607 0 1 0 54 265 0 0 0
608 0 1 0 137 298 0 0 0
609 0 1 0 133 299 0 0 0
610 0 1 0 110 275 0 0 0
611 0 1 0 107 253 0 0 0
612 0 1 0 104 238 0 0 0
613 0 1 0 93 226 0 0 0
614 0 1 0 166 310 0 0 0
615 0 1 0 167 322 0 0 0
616 0 1 0 154 301 0 0 0
617 0 1 0 134 285 0 0 0
618 0 1 0 127 265 0 0 0
619 0 1 0 108 247 0 0 0
620 0 1 0 192 353 0 0 0
621 0 1 0 189 360 0 0 0
622 0 1 0 188 335 0 0 0
623 0 1 0 159 305 0 0 0
624 0 1 0 152 305 0 0 0
625 0 1 0 127 262 0 0 0
626 0 1 0 156 298 0 0 0
627 0 1 0 147 295 0 0 0
628 0 1 0 113 264 0 0 0
629 0 1 0 178 313 0 0 0
630 0 1 0 161 312 0 0 0
631 0 1 0 142 279 0 0 0
632 0 1 0 177 322 0 0 0
633 0 1 0 175 343 0 0 0
634 0 1 0 175 341 0 0 0
635 0 1 0 161 306 0 0 0
636 0 1 1 166 288 0.0060241 0.00457351 0.00440529
637 0 1 2 154 291 0.012987 0.00944764 0.00898876
638 0 1 1 201 394 0.00497512 0.00355348 0.00336134
639 0 1 2 213 378 0.00938967 0.00704846 0.00676819
640 0 1 1 197 360 0.00507614 0.00375505 0.00359066
641 0 1 2 186 363 0.0107527 0.00769698 0.00728597
642 0 1 1 173 333 0.00578035 0.00416634 0.00395257
643 0 1 2 164 319 0.0121951 0.00874405 0.00828157
644 0 1 1 180 399 0.00555556 0.00373145 0.00345423
645 0 1 1 172 370 0.00581395 0.00396401 0.00369004
646 0 1 1 156 339 0.00641026 0.00434848 0.0040404
647 0 1 0 181 408 0 0 0
648 0 1 0 167 375 0 0 0
649 0 1 1 151 363 0.00662252 0.00427128 0.00389105
650 0 1 1 175 405 0.00571429 0.00375624 0.00344828
651 0 1 3 160 375 0.01875 0.0122474 0.011215
652 0 1 3 143 312 0.020979 0.0142029 0.0131868
653 0 1 4 161 372 0.0248447 0.0163446 0.0150094
654 0 1 5 158 368 0.0316456 0.0207356 0.0190114
655 0 1 8 133 325 0.0601504 0.0384789 0.0349345
656 0 1 5 146 382 0.0342466 0.021172 0.0189394
657 0 1 9 146 361 0.0616438 0.0392024 0.035503
658 0 1 4 134 314 0.0298507 0.0195004 0.0178571
659 0 1 3 137 321 0.0218978 0.0143057 0.0131004
660 0 1 4 139 313 0.028777 0.019177 0.0176991
661 0 1 3 168 368 0.0178571 0.0120654 0.011194
662 0 1 2 156 339 0.0128205 0.00869697 0.00808081
663 0 1 3 151 288 0.0198676 0.0143859 0.0136674
664 0 1 3 183 340 0.0163934 0.012027 0.0114723
665 0 1 4 184 331 0.0217391 0.0162083 0.015534
666 0 1 3 166 316 0.0180723 0.0130986 0.0124481
667 0 1 3 161 284 0.0186335 0.0140297 0.0134831
668 0 1 2 180 366 0.0111111 0.00779208 0.00732601
669 0 1 1 179 370 0.00558659 0.00388573 0.00364299
670 0 1 2 166 322 0.0120482 0.00865064 0.00819672
671 0 1 2 146 298 0.0136986 0.00958839 0.00900901
672 0 1 3 150 344 0.02 0.0132068 0.0121457
673 0 1 2 144 332 0.0138889 0.00914702 0.00840336
674 0 1 1 199 365 0.00502513 0.00371045 0.0035461
675 0 1 2 191 348 0.0104712 0.00775753 0.00742115
676 0 1 2 222 396 0.00900901 0.00674537 0.00647249
677 0 1 2 216 364 0.00925926 0.00713267 0.00689655
678 0 1 2 221 368 0.00904977 0.0070131 0.00679117
679 0 1 0 214 352 0 0 0
680 0 1 1 220 391 0.00454545 0.00340958 0.00327332
681 0 1 1 217 380 0.00460829 0.0034824 0.00335008
682 0 1 1 241 445 0.00414938 0.0030536 0.00291545
683 0 1 2 216 414 0.00925926 0.0066881 0.00634921
684 0 1 1 169 348 0.00591716 0.00412351 0.00386847
685 0 1 2 172 349 0.0116279 0.00816306 0.00767754
686 0 1 0 145 314 0 0 0
687 0 1 0 119 242 0 0 0
688 0 1 0 133 290 0 0 0
689 0 1 0 112 251 0 0 0
690 0 1 0 122 303 0 0 0
691 0 1 0 112 289 0 0 0
692 0 1 0 91 227 0 0 0
693 0 1 0 89 218 0 0 0
694 0 1 0 80 206 0 0 0
695 0 1 0 80 232 0 0 0
696 0 1 0 65 199 0 0 0
697 0 1 0 71 233 0 0 0
698 0 1 0 64 195 0 0 0
699 0 1 0 74 228 0 0 0
700 0 1 0 61 202 0 0 0
701 0 1 0 76 249 0 0 0
702 0 1 0 75 222 0 0 0
703 0 1 0 57 215 0 0 0
704 0 1 0 64 214 0 0 0
705 0 1 0 51 234 0 0 0
706 0 1 0 64 284 0 0 0
707 0 1 0 58 300 0 0 0
708 0 1 0 48 297 0 0 0
709 0 1 0 40 267 0 0 0
710 0 1 0 53 296 0 0 0
711 0 1 0 46 299 0 0 0
712 0 1 0 41 299 0 0 0
713 0 1 0 32 261 0 0 0
714 0 1 2 48 315 0.0416667 0.016265 0.0110193
715 0 1 4 40 314 0.1 0.0356915 0.0225989
716 0 1 0 34 279 0 0 0
717 0 1 2 31 258 0.0645161 0.0223635 0.0138408
718 0 1 2 53 310 0.0377358 0.0156031 0.0110193
719 0 1 2 51 320 0.0392157 0.0156556 0.0107817
720 0 1 0 48 308 0 0 0
721 0 1 4 64 343 0.0625 0.0269975 0.019656
722 0 1 1 52 345 0.0192308 0.00746601 0.00503778
723 0 1 2 60 338 0.0333333 0.0140442 0.0100503
724 0 1 2 56 324 0.0357143 0.0148478 0.0105263
725 0 1 1 58 320 0.0172414 0.00734025 0.00529101
726 0 1 3 57 318 0.0526316 0.0222828 0.016
727 0 1 2 54 307 0.037037 0.0155333 0.0110803
728 0 1 0 53 291 0 0 0
729 0 1 0 80 355 0 0 0
730 0 1 0 70 382 0 0 0
731 0 1 0 80 389 0 0 0
732 0 1 0 77 394 0 0 0
733 0 1 3 78 397 0.0384615 0.0170482 0.0126316
734 0 1 2 78 402 0.025641 0.0112946 0.00833333
735 0 1 5 77 404 0.0649351 0.0283488 0.02079
736 0 1 1 79 417 0.0126582 0.00550958 0.00403226
737 0 1 6 78 412 0.0769231 0.03347 0.0244898
738 0 1 0 66 366 0 0 0
739 0 1 2 65 356 0.0307692 0.0131477 0.00950119
740 0 1 2 58 336 0.0344828 0.0143267 0.0101523
741 0 1 3 57 344 0.0526316 0.0214242 0.0149626
742 0 1 1 57 347 0.0175439 0.00711046 0.00495049
743 0 1 6 62 332 0.0967742 0.0418202 0.0304569
744 0 1 4 67 367 0.0597015 0.0255088 0.0184332
745 0 1 5 67 371 0.0746269 0.0317136 0.0228311
746 0 1 4 69 364 0.057971 0.0252397 0.0184758
747 0 1 7 64 346 0.109375 0.0470403 0.0341463
748 0 1 1 69 334 0.0144928 0.00658722 0.00496278
749 0 1 4 73 307 0.0547945 0.0267196 0.0210526
750 0 1 3 91 335 0.032967 0.0171822 0.0140845
751 0 1 4 91 349 0.043956 0.0224454 0.0181818
752 0 1 3 94 329 0.0319149 0.0170592 0.0141844
753 0 1 6 95 339 0.0631579 0.0334341 0.0276498
754 0 1 5 86 304 0.0581395 0.0309232 0.025641
755 0 1 2 82 302 0.0243902 0.0127092 0.0104167
756 0 1 1 97 357 0.0103093 0.00537378 0.00440529
757 0 1 0 100 366 0 0 0
758 0 1 0 101 359 0 0 0
759 0 1 0 93 347 0 0 0
760 0 1 0 97 328 0 0 0
761 0 1 0 73 299 0 0 0
762 0 1 0 95 348 0 0 0
763 0 1 0 94 350 0 0 0
764 0 1 0 92 340 0 0 0
765 0 1 0 81 299 0 0 0
766 0 1 0 122 351 0 0 0
767 0 1 0 119 349 0 0 0
768 0 1 0 119 334 0 0 0
769 0 1 0 121 313 0 0 0
770 0 1 1 118 301 0.00847458 0.0053061 0.00477327
771 0 1 0 136 326 0 0 0
772 0 1 0 132 308 0 0 0
773 0 1 0 123 328 0 0 0
774 0 1 1 176 388 0.00568182 0.00382673 0.0035461
775 0 1 0 152 343 0 0 0
776 0 1 0 149 323 0 0 0
777 0 1 0 143 309 0 0 0
778 0 1 0 166 326 0 0 0
779 0 1 0 163 294 0 0 0
780 0 1 0 136 251 0 0 0
781 0 1 0 146 247 0 0 0
782 0 1 0 165 290 0 0 0
783 0 1 0 148 252 0 0 0
784 0 1 0 134 233 0 0 0
785 0 1 0 159 258 0 0 0
786 0 1 1 135 247 0.00740741 0.00547627 0.0052356
787 0 1 2 168 305 0.0119048 0.00883538 0.00845666
788 0 1 3 157 289 0.0191083 0.0140839 0.0134529
789 0 1 3 158 273 0.0189873 0.0144448 0.0139211
790 0 1 0 142 290 0 0 0
791 0 1 3 135 276 0.0222222 0.0155417 0.0145985
792 0 1 1 170 312 0.00588235 0.00434208 0.00414938
793 0 1 0 161 284 0 0 0
794 0 1 0 160 263 0 0 0
795 0 1 0 152 256 0 0 0
796 0 1 0 175 305 0 0 0
797 0 1 0 163 305 0 0 0
798 0 1 0 134 250 0 0 0
799 0 1 0 137 233 0 0 0
800 0 1 3 139 233 0.0215827 0.01667 0.016129
801 0 1 1 142 277 0.00704225 0.00504215 0.00477327
802 0 1 4 124 280 0.0322581 0.0214669 0.019802
803 0 1 1 113 265 0.00884956 0.0057788 0.00529101
804 0 1 4 117 253 0.034188 0.0232491 0.0216216
805 0 1 3 97 214 0.0309278 0.0208223 0.0192926
806 0 1 10 120 231 0.0833333 0.0600625 0.0569801
807 0 1 2 108 225 0.0185185 0.01283 0.012012
808 0 1 3 111 228 0.027027 0.0188579 0.0176991
809 0 1 3 100 232 0.03 0.019696 0.0180723
810 0 1 1 135 296 0.00740741 0.0050025 0.00464037
811 0 1 0 71 281 0 0 0
812 0 1 0 67 252 0 0 0
813 0 1 0 69 267 0 0 0
814 0 1 0 46 290 0 0 0
815 0 1 1 48 296 0.0208333 0.00838945 0.00581395
816 0 1 1 48 281 0.0208333 0.00861046 0.00607903
817 0 1 0 30 272 0 0 0
818 0 1 0 27 250 0 0 0
819 0 1 0 39 294 0 0 0
820 0 1 0 38 273 0 0 0
821 0 1 0 31 275 0 0 0
822 0 1 0 31 260 0 0 0
823 0 1 0 31 248 0 0 0
824 0 1 0 40 309 0 0 0
825 0 1 0 38 303 0 0 0
826 0 1 0 41 316 0 0 0
827 0 1 0 38 311 0 0 0
828 0 1 0 35 307 0 0 0
829 0 1 0 35 301 0 0 0
830 0 1 0 30 285 0 0 0
831 0 1 0 30 263 0 0 0
832 0 1 1 43 310 0.0232558 0.00866134 0.00566572
833 0 1 0 40 304 0 0 0
834 0 1 0 33 284 0 0 0
835 0 1 0 35 282 0 0 0
836 0 1 1 29 303 0.0344828 0.0106679 0.0060241
837 0 1 2 32 290 0.0625 0.0207614 0.0124224
838 0 1 3 28 298 0.107143 0.0328423 0.0184049
839 0 1 3 29 295 0.103448 0.0324348 0.0185185
840 0 1 5 39 281 0.128205 0.0477622 0.03125
841 0 1 3 39 291 0.0769231 0.0281606 0.0181818
842 0 1 6 41 278 0.146341 0.0562001 0.0376176
843 0 1 8 54 274 0.148148 0.0657685 0.0487805
844 0 1 5 55 283 0.0909091 0.040077 0.0295858
845 0 1 9 57 297 0.157895 0.0691714 0.0508475
846 0 1 5 47 278 0.106383 0.043742 0.0307692
847 0 1 3 38 324 0.0789474 0.0270369 0.0165746
848 0 1 1 40 334 0.025 0.00865161 0.00534759
849 0 1 1 39 343 0.025641 0.00864611 0.0052356
850 0 1 1 39 318 0.025641 0.00897954 0.00560224
851 0 1 3 40 306 0.075 0.0271163 0.017341
852 0 1 1 44 306 0.0227273 0.00861813 0.00571429
853 0 1 2 40 289 0.05 0.0186016 0.0121581
854 0 1 0 46 347 0 0 0
855 0 1 0 39 343 0 0 0
856 0 1 0 39 321 0 0 0
857 0 1 0 39 335 0 0 0
858 0 1 0 34 334 0 0 0
859 0 1 1 34 313 0.0294118 0.00969367 0.00576369
860 0 1 0 30 304 0 0 0
861 0 1 0 50 334 0 0 0
862 0 1 0 39 324 0 0 0
863 0 1 0 42 291 0 0 0
864 0 1 0 34 288 0 0 0
865 0 1 0 58 305 0 0 0
866 0 1 0 46 273 0 0 0
867 0 1 0 46 276 0 0 0
868 0 1 0 38 263 0 0 0
869 0 1 0 61 326 0 0 0
870 0 1 0 56 324 0 0 0
871 0 1 0 46 297 0 0 0
872 0 1 0 48 284 0 0 0
873 0 1 0 47 287 0 0 0
874 0 1 0 42 301 0 0 0
875 0 1 0 46 330 0 0 0
876 0 1 3 38 348 0.0789474 0.0260879 0.015544
877 0 1 3 34 347 0.0882353 0.0276196 0.015748
878 0 1 2 33 352 0.0606061 0.0185567 0.0103896
879 0 1 4 32 323 0.125 0.0393445 0.0225352
880 0 1 0 52 381 0 0 0
881 0 1 2 48 378 0.0416667 0.0148478 0.00938967
882 0 1 1 44 370 0.0227273 0.00783741 0.00483092
883 0 1 2 42 360 0.047619 0.016265 0.00995025
884 0 1 2 36 356 0.0555556 0.0176666 0.0102041
885 0 1 1 31 341 0.0322581 0.00972617 0.00537634
886 0 1 1 29 315 0.0344828 0.0104627 0.00581395
887 0 1 0 36 367 0 0 0
888 0 1 0 28 340 0 0 0
889 0 1 1 31 324 0.0322581 0.00997807 0.0056338
890 0 1 0 32 340 0 0 0
891 0 1 1 38 305 0.0263158 0.00928877 0.0058309
892 0 1 0 78 371 0 0 0
893 0 1 1 71 348 0.0140845 0.00636182 0.00477327
894 0 1 0 71 346 0 0 0
895 0 1 0 61 340 0 0 0
896 0 1 0 59 315 0 0 0
897 0 1 0 47 299 0 0 0
898 0 1 1 71 339 0.0140845 0.00644571 0.00487805
899 0 1 0 67 341 0 0 0
900 0 1 0 66 334 0 0 0
901 0 1 0 67 319 0 0 0
902 0 1 0 65 318 0 0 0
903 0 1 0 60 313 0 0 0
904 0 1 0 93 361 0 0 0
905 0 1 0 87 331 0 0 0
906 0 1 0 85 316 0 0 0
907 0 1 0 78 311 0 0 0
908 0 1 0 77 307 0 0 0
909 0 1 0 75 303 0 0 0
910 0 1 0 115 331 0 0 0
911 0 1 0 108 315 0 0 0
912 0 1 0 104 279 0 0 0
913 0 1 0 97 264 0 0 0
914 0 1 0 96 279 0 0 0
915 0 1 0 95 267 0 0 0
916 0 1 0 136 301 0 0 0
917 0 1 1 130 290 0.00769231 0.00515026 0.0047619
918 0 1 1 119 266 0.00840336 0.00562064 0.00519481
919 0 1 0 113 262 0 0 0
920 0 1 0 113 265 0 0 0
921 0 1 0 165 330 0 0 0
922 0 1 0 150 298 0 0 0
923 0 1 0 152 289 0 0 0
924 0 1 0 139 281 0 0 0
925 0 1 1 140 273 0.00714286 0.00511511 0.00484262
926 0 1 0 129 255 0 0 0
927 0 1 0 198 302 0 0 0
928 0 1 2 188 256 0.0106383 0.00911656 0.00900901
929 0 1 0 182 237 0 0 0
930 0 1 0 169 256 0 0 0
931 0 1 2 161 190 0.0124224 0.0114351 0.011396
932 0 1 1 236 272 0.00423729 0.00394693 0.00393701
933 0 1 3 207 252 0.0144928 0.0131352 0.0130719
934 0 1 3 201 213 0.0149254 0.0144988 0.0144928
935 0 1 1 185 217 0.00540541 0.00499096 0.00497512
936 0 1 2 256 279 0.0078125 0.00748355 0.00747664
937 0 1 3 227 269 0.0132159 0.0121404 0.0120968
938 0 1 1 225 251 0.00444444 0.00420796 0.00420168
939 0 1 0 222 248 0 0 0
940 0 1 1 197 227 0.00507614 0.00472883 0.00471698
941 0 1 1 256 288 0.00390625 0.00368285 0.00367647
942 0 1 1 242 253 0.00413223 0.0040414 0.0040404
943 0 1 1 242 243 0.00413223 0.00412372 0.00412371
944 0 1 1 224 237 0.00446429 0.00434012 0.00433839
945 0 1 0 284 311 0 0 0
946 0 1 0 261 308 0 0 0
947 0 1 1 276 277 0.00362319 0.00361664 0.00361664
948 0 1 1 241 275 0.00414938 0.00388441 0.00387597
949 0 1 1 238 261 0.00420168 0.00401228 0.00400802
950 0 1 4 254 323 0.015748 0.013965 0.0138648
951 0 1 2 232 301 0.00862069 0.00756838 0.00750469
952 0 1 2 227 305 0.00881057 0.00760094 0.0075188
953 0 1 1 200 295 0.005 0.00411693 0.0040404
954 0 1 0 248 377 0 0 0
955 0 1 3 227 355 0.0132159 0.010568 0.0103093
956 0 1 1 219 335 0.00456621 0.00369195 0.00361011
957 0 1 1 189 306 0.00529101 0.00415823 0.0040404
958 0 1 1 229 352 0.00436681 0.00352218 0.00344234
959 0 1 1 216 356 0.00462963 0.00360619 0.0034965
960 0 1 1 217 373 0.00460829 0.00351492 0.00338983
961 0 1 0 202 338 0 0 0
962 0 1 3 186 336 0.016129 0.0120004 0.0114943
963 0 1 4 242 420 0.0165289 0.0125466 0.0120846
964 0 1 3 228 390 0.0131579 0.0100605 0.00970874
965 0 1 6 208 389 0.0288462 0.0210933 0.0201005
966 0 1 4 209 410 0.0191388 0.0136645 0.0129241
967 0 1 5 190 399 0.0263158 0.0181596 0.0169779
968 0 1 7 178 392 0.0393258 0.0264999 0.0245614
969 0 1 6 206 442 0.0291262 0.0198841 0.0185185
970 0 1 5 194 440 0.0257732 0.0171137 0.0157729
971 0 1 2 180 431 0.0111111 0.00718051 0.00654664
972 0 1 3 178 408 0.0168539 0.0111322 0.0102389
973 0 1 3 179 432 0.0167598 0.0107883 0.00981997
974 0 1 6 213 467 0.028169 0.0190241 0.0176471
975 0 1 3 204 457 0.0147059 0.00982535 0.00907716
976 0 1 3 193 448 0.015544 0.0102024 0.00936037
977 0 1 4 192 468 0.0208333 0.013344 0.0121212
978 0 1 3 177 452 0.0169492 0.0106063 0.00953895
979 0 1 3 246 500 0.0121951 0.00855399 0.0080429
980 0 1 5 209 476 0.0239234 0.0158523 0.0145985
981 0 1 4 202 448 0.019802 0.0132967 0.0123077
982 0 1 4 178 427 0.0224719 0.014509 0.0132231
983 0 1 4 188 421 0.0212766 0.014218 0.0131363
984 0 1 4 216 468 0.0185185 0.0125809 0.0116959
985 0 1 6 194 456 0.0309278 0.0201729 0.0184615
986 0 1 8 181 421 0.0441989 0.0289808 0.0265781
987 0 1 5 182 422 0.0274725 0.0180417 0.0165563
988 0 1 3 179 407 0.0167598 0.0111147 0.0102389
989 0 1 4 220 431 0.0181818 0.01299 0.0122888
990 0 1 3 199 430 0.0150754 0.0102556 0.00953895
991 0 1 3 194 402 0.0154639 0.0107425 0.0100671
992 0 1 1 169 367 0.00591716 0.00401535 0.00373134
993 0 1 1 173 361 0.00578035 0.0040015 0.00374532
994 0 1 1 156 348 0.00641026 0.00429189 0.00396825
995 0 1 1 184 384 0.00543478 0.00376206 0.00352113
996 0 1 2 156 360 0.0128205 0.00843949 0.00775194
997 0 1 2 148 330 0.0135135 0.00904987 0.0083682
998 0 1 1 140 289 0.00714286 0.0049715 0.004662
999 0 1 2 141 279 0.0141844 0.0100837 0.00952381
1000 0 1 4 135 266 0.0296296 0.0211083 0.0199501
1001 0 1 5 166 289 0.0301205 0.022828 0.021978
1002 0 1 3 153 289 0.0196078 0.0142668 0.0135747
1003 0 1 0 153 282 0 0 0
1004 0 1 1 150 267 0.00666667 0.00499688 0.00479616
1005 0 1 1 152 278 0.00657895 0.0048647 0.00465116
1006 0 1 1 186 305 0.00537634 0.00419849 0.00407332
1007 0 1 1 172 275 0.00581395 0.00459801 0.00447427
1008 0 1 0 172 287 0 0 0
1009 0 1 0 159 255 0 0 0
1010 0 1 2 156 279 0.0128205 0.00958662 0.0091954
1011 0 1 0 142 279 0 0 0
1012 0 1 1 158 315 0.00632911 0.00448246 0.00422833
1013 0 1 0 151 307 0 0 0
1014 0 1 1 149 268 0.00671141 0.00500426 0.00479616
1015 0 1 0 161 239 0 0 0
1016 0 1 0 152 235 0 0 0
1017 0 1 0 159 235 0 0 0
1018 0 1 2 170 239 0.0117647 0.00992217 0.00977995
1019 0 1 1 192 283 0.00520833 0.00428999 0.00421053
1020 0 1 1 187 288 0.00534759 0.00430906 0.00421053
1021 0 1 0 191 259 0 0 0
1022 0 1 1 180 255 0.00555556 0.0046676 0.0045977
1023 0 1 0 171 253 0 0 0
1024 0 1 0 176 256 0 0 0
1025 0 1 1 179 258 0.00558659 0.00465333 0.00457666
1026 0 1 1 207 311 0.00483092 0.00394126 0.003861
1027 0 1 2 194 284 0.0103093 0.0085206 0.0083682
1028 0 1 1 179 288 0.00558659 0.0044043 0.00428266
1029 0 1 1 184 271 0.00543478 0.00447823 0.0043956
1030 0 1 0 177 247 0 0 0
1031 0 1 2 171 233 0.0116959 0.0100197 0.00990099
1032 0 1 2 189 265 0.010582 0.00893668 0.00881057
1033 0 1 2 183 265 0.010929 0.009082 0.00892857
1034 0 1 0 204 287 0 0 0
1035 0 1 3 197 288 0.0152284 0.0125948 0.0123711
1036 0 1 2 207 270 0.00966184 0.00845986 0.00838574
1037 0 1 3 189 257 0.015873 0.0136121 0.0134529
1038 0 1 2 185 283 0.0108108 0.00874079 0.00854701
1039 0 1 3 171 266 0.0175439 0.0140664 0.01373
1040 0 1 3 182 277 0.0164835 0.0133612 0.0130719
1041 0 1 2 164 278 0.0121951 0.00936668 0.00904977
1042 0 1 2 182 308 0.010989 0.00844732 0.00816326
1043 0 1 2 189 326 0.010582 0.00805731 0.00776699
1044 0 1 3 193 329 0.015544 0.0119054 0.0114943
1045 0 1 1 203 330 0.00492611 0.00386363 0.00375235
1046 0 1 3 205 344 0.0146341 0.0112971 0.010929
1047 0 1 2 228 343 0.00877193 0.0071518 0.00700525
1048 0 1 5 233 340 0.0214592 0.0177645 0.017452
1049 0 1 1 222 336 0.0045045 0.00366146 0.00358423
1050 0 1 4 227 322 0.0176211 0.0147951 0.0145719
1051 0 1 2 203 317 0.00985222 0.0078841 0.00769231
1052 0 1 6 263 361 0.0228137 0.0194724 0.0192308
1053 0 1 6 237 367 0.0253165 0.0203444 0.0198676
1054 0 1 2 234 361 0.00854701 0.00688127 0.00672269
1055 0 1 2 235 349 0.00851064 0.00698366 0.00684932
1056 0 1 6 215 341 0.027907 0.0221592 0.0215827
1057 0 1 1 222 344 0.0045045 0.00361863 0.00353357
1058 0 1 4 211 330 0.0189573 0.0151587 0.0147874
1059 0 1 5 233 365 0.0214592 0.0171453 0.0167224
1060 0 1 3 232 343 0.012931 0.0106348 0.0104348
1061 0 1 3 227 346 0.0132159 0.0107046 0.0104712
1062 0 1 2 215 330 0.00930233 0.00750851 0.00733945
1063 0 1 2 204 320 0.00980392 0.0078278 0.00763359
1064 0 1 2 195 320 0.0102564 0.00800641 0.00776699
1065 0 1 4 198 307 0.020202 0.016224 0.0158416
1066 0 1 2 187 293 0.0106952 0.00854428 0.00833333
1067 0 1 5 202 347 0.0247525 0.0188855 0.0182149
1068 0 1 3 214 313 0.0140187 0.0115916 0.0113852
1069 0 1 6 187 293 0.0320856 0.0256328 0.025
1070 0 1 1 185 279 0.00540541 0.00440161 0.00431034
1071 0 1 3 178 276 0.0168539 0.013535 0.0132159
1072 0 1 2 166 294 0.0120482 0.0090532 0.00869565
1073 0 1 2 173 290 0.0115607 0.00892911 0.00863931
1074 0 1 3 167 269 0.0179641 0.0141543 0.0137615
1075 0 1 4 204 341 0.0196078 0.0151659 0.0146789
1076 0 1 3 192 323 0.015625 0.0120467 0.0116505
1077 0 1 4 189 319 0.021164 0.0162905 0.015748
1078 0 1 4 171 321 0.0233918 0.017073 0.0162602
1079 0 1 8 184 314 0.0434783 0.0332825 0.0321285
1080 0 1 4 166 313 0.0240964 0.0175482 0.0167015
1081 0 1 6 161 289 0.0372671 0.0278157 0.0266667
1082 0 1 6 162 286 0.037037 0.0278747 0.0267857
1083 0 1 6 158 287 0.0379747 0.0281762 0.0269663
1084 0 1 2 134 282 0.0149254 0.0102885 0.00961538
1085 0 1 2 134 278 0.0149254 0.0103623 0.00970874
1086 0 1 2 129 248 0.0155039 0.0111817 0.0106101
1087 0 1 1 89 250 0.011236 0.00670402 0.0058997
1088 0 1 2 74 258 0.027027 0.0144745 0.0120482
1089 0 1 2 76 249 0.0263158 0.0145386 0.0123077
1090 0 1 2 87 238 0.0229885 0.0138989 0.0123077
1091 0 1 2 74 255 0.027027 0.0145594 0.0121581
1092 0 1 2 75 249 0.0266667 0.0146352 0.0123457
1093 0 1 3 97 264 0.0309278 0.0187471 0.0166205
1094 0 1 2 90 274 0.0222222 0.012736 0.010989
1095 0 1 1 85 272 0.0117647 0.00657667 0.00560224
1096 0 1 0 93 264 0 0 0
1097 0 1 0 92 253 0 0 0
1098 0 1 0 87 271 0 0 0
1099 0 1 2 91 277 0.021978 0.0125971 0.0108696
1100 0 1 2 88 260 0.0227273 0.0132221 0.0114943
1101 0 1 3 97 258 0.0309278 0.0189638 0.0169014
1102 0 1 2 93 299 0.0215054 0.0119937 0.0102041
1103 0 1 4 105 271 0.0380952 0.0237127 0.0212766
1104 0 1 5 109 266 0.0458716 0.029364 0.0266667
1105 0 1 3 157 371 0.0191083 0.0124304 0.0113636
1106 0 1 2 156 344 0.0128205 0.00863353 0.008
1107 0 1 2 158 350 0.0126582 0.00850487 0.00787402
1108 0 1 1 158 329 0.00632911 0.00438605 0.00410678
1109 0 1 1 159 345 0.00628931 0.00426965 0.00396825
1110 0 1 1 161 362 0.00621118 0.00414222 0.00382409
1111 0 1 1 159 328 0.00628931 0.00437889 0.00410678
1112 0 1 2 156 330 0.0128205 0.00881477 0.00823045
1113 0 1 1 152 323 0.00657895 0.00451312 0.00421053
1114 0 1 0 150 307 0 0 0
1115 0 1 0 152 307 0 0 0
1116 0 1 2 150 314 0.0133333 0.00921551 0.00862069
1117 0 1 4 149 304 0.0268456 0.0187945 0.01766
1118 0 1 3 145 287 0.0206897 0.0147061 0.0138889
1119 0 1 4 151 286 0.0264901 0.0192481 0.0183066
1120 0 1 5 145 287 0.0344828 0.0245101 0.0231481
1121 0 1 3 147 277 0.0204082 0.014867 0.0141509
1122 0 1 2 149 287 0.0134228 0.00967155 0.00917431
1123 0 1 3 144 268 0.0208333 0.0152712 0.0145631
1124 0 1 1 145 284 0.00689655 0.00492784 0.004662
1125 0 1 1 137 304 0.00729927 0.00490008 0.00453515
1126 0 1 3 190 346 0.0157895 0.0117006 0.011194
1127 0 1 2 188 339 0.0106383 0.0079223 0.00759013
1128 0 1 3 188 331 0.0159574 0.0120262 0.0115607
1129 0 1 2 179 328 0.0111732 0.00825404 0.00788955
1130 0 1 0 169 329 0 0 0
1131 0 1 1 167 323 0.00598802 0.00430567 0.00408163
1132 0 1 3 170 318 0.0176471 0.0129028 0.0122951
1133 0 1 3 161 330 0.0186335 0.0130152 0.01222
1134 0 1 2 160 320 0.0125 0.00883884 0.00833333
1135 0 1 0 147 342 0 0 0
1136 0 1 1 143 314 0.00699301 0.00471919 0.00437637
1137 0 1 1 139 296 0.00719424 0.00493 0.0045977
1138 0 1 1 133 319 0.0075188 0.00485488 0.00442478
1139 0 1 1 130 286 0.00769231 0.00518615 0.00480769
1140 0 1 2 172 381 0.0116279 0.00781274 0.00723327
1141 0 1 1 166 355 0.0060241 0.00411938 0.00383877
1142 0 1 0 149 378 0 0 0
1143 0 1 2 152 347 0.0131579 0.0087085 0.00801603
1144 0 1 2 144 334 0.0138889 0.00911959 0.0083682
1145 0 1 2 166 355 0.0120482 0.00823876 0.00767754
1146 0 1 2 146 332 0.0136986 0.00908415 0.0083682
1147 0 1 2 158 324 0.0126582 0.00883953 0.00829876
1148 0 1 1 157 323 0.00636943 0.00444067 0.00416667
1149 0 1 0 154 336 0 0 0
1150 0 1 1 152 326 0.00657895 0.00449231 0.0041841
1151 0 1 0 166 332 0 0 0
1152 0 1 1 167 299 0.00598802 0.00447514 0.00429185
1153 0 1 0 164 320 0 0 0
1154 0 1 0 171 321 0 0 0
1155 0 1 1 168 316 0.00595238 0.00434012 0.00413223
1156 0 1 1 188 317 0.00531915 0.0040963 0.0039604
1157 0 1 3 199 336 0.0150754 0.0116018 0.011215
1158 0 1 2 201 336 0.00995025 0.00769595 0.00744879
1159 0 1 2 263 408 0.00760456 0.00610551 0.00596125
1160 0 1 4 276 401 0.0144928 0.0120236 0.0118168
1161 0 1 4 277 396 0.0144404 0.0120774 0.0118871
1162 0 1 6 279 380 0.0215054 0.0184271 0.0182094
1163 0 1 3 282 396 0.0106383 0.00897737 0.00884956
1164 0 1 1 275 391 0.00363636 0.00304962 0.003003
1165 0 1 2 284 394 0.00704225 0.00597892 0.0058997
1166 0 1 4 270 408 0.0148148 0.0120517 0.0117994
1167 0 1 4 273 404 0.014652 0.0120445 0.0118168
1168 0 1 4 272 405 0.0147059 0.0120517 0.0118168
1169 0 1 2 263 404 0.00760456 0.00613566 0.005997
1170 0 1 2 266 410 0.0075188 0.00605616 0.00591716
1171 0 1 0 259 391 0 0 0
1172 0 1 3 243 394 0.0123457 0.0096955 0.00941915
1173 0 1 2 247 390 0.00809717 0.00644391 0.00627944
1174 0 1 1 246 391 0.00406504 0.00322436 0.00313972
1175 0 1 0 236 396 0 0 0
1176 0 1 4 236 392 0.0169492 0.0131511 0.0127389
1177 0 1 2 244 378 0.00819672 0.00658551 0.00643087
1178 0 1 5 242 399 0.0206612 0.0160907 0.0156006
1179 0 1 4 239 395 0.0167364 0.0130185 0.0126183
1180 0 1 5 239 399 0.0209205 0.0161914 0.015674
1181 0 1 5 233 405 0.0214592 0.0162766 0.015674
1182 0 1 3 234 400 0.0128205 0.00980581 0.00946372
1183 0 1 6 271 469 0.0221402 0.0168298 0.0162162
1184 0 1 1 267 472 0.00374532 0.00281691 0.00270636
1185 0 1 2 275 448 0.00727273 0.00569803 0.0055325
1186 0 1 1 266 449 0.0037594 0.00289358 0.0027972
1187 0 1 8 265 435 0.0301887 0.0235626 0.0228571
1188 0 1 11 269 459 0.0408922 0.0313047 0.0302198
1189 0 1 10 252 445 0.0396825 0.0298621 0.0286944
1190 0 1 9 254 435 0.0354331 0.0270758 0.0261248
1191 0 1 10 246 439 0.0406504 0.0304299 0.0291971
1192 0 1 12 256 455 0.046875 0.0351605 0.0337553
1193 0 1 11 231 451 0.047619 0.0340799 0.0322581
1194 0 1 15 238 440 0.0630252 0.0463528 0.0442478
1195 0 1 9 221 445 0.040724 0.028699 0.027027
1196 0 1 9 216 443 0.0416667 0.0290947 0.0273141
1197 0 1 11 200 419 0.055 0.0379989 0.0355412
1198 0 1 9 258 503 0.0348837 0.0249832 0.0236531
1199 0 1 9 239 495 0.0376569 0.0261662 0.0245232
1200 0 1 11 228 472 0.0482456 0.0335316 0.0314286
1201 0 1 9 208 457 0.0432692 0.0291913 0.0270677
1202 0 1 12 202 450 0.0594059 0.0398015 0.0368098
1203 0 1 11 203 439 0.0541872 0.0368479 0.0342679
1204 0 1 15 199 416 0.0753769 0.0521336 0.0487805
1205 0 1 17 238 501 0.0714286 0.0492313 0.0460081
1206 0 1 18 238 507 0.0756303 0.0518179 0.0483221
1207 0 1 10 230 473 0.0434783 0.0303183 0.0284495
1208 0 1 7 236 465 0.029661 0.0211308 0.0199715
1209 0 1 10 241 459 0.0414938 0.0300667 0.0285714
1210 0 1 9 235 468 0.0382979 0.0271385 0.0256046
1211 0 1 11 230 457 0.0478261 0.033929 0.0320233
1212 0 1 10 213 447 0.0469484 0.0324083 0.030303
1213 0 1 12 205 437 0.0585366 0.0400925 0.0373832
1214 0 1 5 191 419 0.026178 0.0176745 0.0163934
1215 0 1 8 234 477 0.034188 0.0239454 0.0225035
1216 0 1 12 225 450 0.0533333 0.0377124 0.0355556
1217 0 1 10 210 445 0.047619 0.0327122 0.0305344
1218 0 1 6 186 426 0.0322581 0.0213152 0.0196078
1219 0 1 8 185 406 0.0432432 0.0291905 0.0270728
1220 0 1 7 170 416 0.0411765 0.0263225 0.0238908
1221 0 1 8 198 463 0.040404 0.0264221 0.0242057
1222 0 1 7 189 440 0.037037 0.024274 0.0222576
1223 0 1 5 179 438 0.027933 0.0178569 0.0162075
1224 0 1 9 171 422 0.0526316 0.0335033 0.0303541
1225 0 1 5 157 418 0.0318471 0.0195179 0.0173913
1226 0 1 6 152 416 0.0394737 0.0238607 0.0211268
1227 0 1 8 149 383 0.0536913 0.0334886 0.0300752
1228 0 1 7 159 462 0.0440252 0.0258273 0.0225443
1229 0 1 2 154 447 0.012987 0.00762282 0.00665557
1230 0 1 3 146 424 0.0205479 0.0120576 0.0105263
1231 0 1 4 135 425 0.0296296 0.0166993 0.0142857
1232 0 1 1 139 422 0.00719424 0.00412892 0.00356506
1233 0 1 0 136 403 0 0 0
1234 0 1 1 178 481 0.00561798 0.00341757 0.0030349
1235 0 1 2 154 484 0.012987 0.00732566 0.00626959
1236 0 1 5 151 467 0.0331126 0.0188288 0.0161812
1237 0 1 3 144 443 0.0208333 0.0118779 0.0102215
1238 0 1 3 144 433 0.0208333 0.0120142 0.0103986
1239 0 1 1 139 449 0.00719424 0.00400285 0.00340136
1240 0 1 4 144 431 0.0277778 0.0160561 0.013913
1241 0 1 4 151 408 0.0264901 0.0161154 0.0143113
1242 0 1 3 144 395 0.0208333 0.0125789 0.0111317
1243 0 1 5 206 486 0.0242718 0.0158022 0.0144509
1244 0 1 2 195 487 0.0102564 0.00649005 0.0058651
1245 0 1 1 193 480 0.00518135 0.00328549 0.00297177
1246 0 1 1 188 478 0.00531915 0.00333585 0.003003
1247 0 1 1 197 488 0.00507614 0.0032252 0.00291971
1248 0 1 3 192 479 0.015625 0.00989243 0.00894188
1249 0 1 7 182 471 0.0384615 0.0239085 0.0214395
1250 0 1 6 166 456 0.0361446 0.0218079 0.0192926
1251 0 1 9 165 449 0.0545455 0.0330657 0.029316
1252 0 1 13 153 444 0.0849673 0.0498777 0.0435511
1253 0 1 8 154 416 0.0519481 0.031607 0.0280702
1254 0 1 8 155 424 0.0516129 0.0312062 0.0276339
1255 0 1 12 157 408 0.0764331 0.0474134 0.0424779
1256 0 1 9 158 468 0.056962 0.0330972 0.028754
1257 0 1 7 148 474 0.0472973 0.0264288 0.022508
1258 0 1 8 134 452 0.0597015 0.0325064 0.0273038
1259 0 1 8 138 446 0.057971 0.0322465 0.0273973
1260 0 1 13 129 443 0.100775 0.0543809 0.0454545
1261 0 1 5 132 447 0.0378788 0.020584 0.0172712
1262 0 1 11 152 524 0.0723684 0.0389767 0.0325444
1263 0 1 9 140 521 0.0642857 0.0333242 0.0272315
1264 0 1 7 135 491 0.0518519 0.0271888 0.0223642
1265 0 1 7 121 473 0.0578512 0.02926 0.023569
1266 0 1 5 122 494 0.0409836 0.020367 0.0162338
1267 0 1 5 119 472 0.0420168 0.0210972 0.0169205
1268 0 1 5 99 463 0.050505 0.023354 0.0177936
1269 0 1 7 123 537 0.0569106 0.0272369 0.0212121
1270 0 1 3 111 521 0.027027 0.012475 0.00949367
1271 0 1 3 113 496 0.0265487 0.0126719 0.00985222
1272 0 1 3 98 470 0.0306122 0.0139785 0.0105634
1273 0 1 4 105 488 0.0380952 0.0176708 0.0134907
1274 0 1 3 96 459 0.03125 0.0142915 0.0108108
1275 0 1 1 105 538 0.00952381 0.0042074 0.00311042
1276 0 1 2 104 522 0.0192308 0.00858377 0.00638978
1277 0 1 2 101 502 0.019802 0.00888214 0.0066335
1278 0 1 1 91 482 0.010989 0.00477481 0.0034904
1279 0 1 2 99 478 0.020202 0.00919387 0.00693241
1280 0 1 1 93 458 0.0107527 0.00484536 0.00362976
1281 0 1 1 82 443 0.0121951 0.00524676 0.00380952
1282 0 1 1 97 539 0.0103093 0.00437341 0.00314465
1283 0 1 2 100 525 0.02 0.00872872 0.0064
1284 0 1 5 96 521 0.0520833 0.0223571 0.0162075
1285 0 1 2 95 486 0.0210526 0.00930787 0.00688468
1286 0 1 5 99 510 0.050505 0.0222519 0.0164204
1287 0 1 1 93 480 0.0107527 0.00473302 0.0034904
1288 0 1 2 83 444 0.0240964 0.0104184 0.00759013
1289 0 1 6 88 490 0.0681818 0.0288943 0.0207612
1290 0 1 5 90 514 0.0555556 0.023247 0.0165563
1291 0 1 3 82 511 0.0365854 0.0146556 0.010118
1292 0 1 5 84 498 0.0595238 0.0244464 0.0171821
1293 0 1 3 86 474 0.0348837 0.0148588 0.0107143
1294 0 1 6 83 506 0.0722892 0.0292777 0.0203735
1295 0 1 4 78 492 0.0512821 0.0204188 0.0140351
1296 0 1 5 69 462 0.0724638 0.0280043 0.0188324
1297 0 1 3 83 558 0.0361446 0.0139401 0.00936037
1298 0 1 5 79 556 0.0632911 0.0238572 0.015748
1299 0 1 0 81 536 0 0 0
1300 0 1 5 84 534 0.0595238 0.023608 0.0161812
1301 0 1 3 94 528 0.0319149 0.0134661 0.0096463
1302 0 1 1 87 524 0.0114943 0.00468355 0.00327332
1303 0 1 2 89 507 0.0224719 0.00941523 0.00671141
1304 0 1 4 86 492 0.0465116 0.0194459 0.0138408
1305 0 1 3 81 477 0.037037 0.0152623 0.0107527
1306 0 1 2 86 478 0.0232558 0.00986431 0.0070922
1307 0 1 5 89 472 0.0561798 0.0243952 0.0178253
1308 0 1 3 82 477 0.0365854 0.0151689 0.0107335
1309 0 1 6 86 446 0.0697674 0.0306362 0.0225564
1310 0 1 2 92 516 0.0217391 0.00917934 0.00657895
1311 0 1 5 84 511 0.0595238 0.0241335 0.0168067
1312 0 1 0 82 466 0 0 0
1313 0 1 5 78 467 0.0641026 0.0261978 0.0183486
1314 0 1 4 72 424 0.0555556 0.0228934 0.016129
1315 0 1 9 73 431 0.123288 0.0507391 0.0357143
1316 0 1 10 70 421 0.142857 0.0582519 0.0407332
1317 0 1 10 84 472 0.119048 0.0502215 0.0359712
1318 0 1 11 75 467 0.146667 0.0587765 0.0405904
1319 0 1 9 64 453 0.140625 0.0528571 0.0348162
1320 0 1 5 65 436 0.0769231 0.0297009 0.0199601
1321 0 1 1 68 406 0.0147059 0.00601842 0.00421941
1322 0 1 4 71 422 0.056338 0.0231086 0.0162272
1323 0 1 2 69 407 0.0289855 0.0119346 0.00840336
1324 0 1 2 84 451 0.0238095 0.0102755 0.00747664
1325 0 1 3 86 454 0.0348837 0.0151825 0.0111111
1326 0 1 5 83 431 0.060241 0.0264358 0.0194553
1327 0 1 0 83 436 0 0 0
1328 0 1 3 88 428 0.0340909 0.0154582 0.0116279
1329 0 1 2 96 388 0.0208333 0.0103628 0.00826446
1330 0 1 3 88 377 0.0340909 0.0164706 0.0129032
1331 0 1 1 102 380 0.00980392 0.00507935 0.00414938
1332 0 1 0 122 423 0 0 0
1333 0 1 2 116 395 0.0172414 0.00934335 0.00782779
1334 0 1 0 142 375 0 0 0
1335 0 1 0 133 346 0 0 0
1336 0 1 1 139 318 0.00719424 0.00475641 0.00437637
1337 0 1 1 125 303 0.008 0.00513835 0.0046729
1338 0 1 2 121 312 0.0165289 0.0102934 0.00923788
1339 0 1 2 122 312 0.0163934 0.0102512 0.00921659
1340 0 1 0 123 298 0 0 0
1341 0 1 0 119 275 0 0 0
1342 0 1 5 157 327 0.0318471 0.0220672 0.0206612
1343 0 1 2 157 341 0.0127389 0.00864377 0.00803213
1344 0 1 2 165 296 0.0121212 0.00904987 0.00867679
1345 0 1 1 164 302 0.00609756 0.00449339 0.00429185
1346 0 1 3 169 300 0.0177515 0.0133235 0.0127932
1347 0 1 3 169 284 0.0177515 0.0136936 0.013245
1348 0 1 5 179 307 0.027933 0.0213292 0.0205761
1349 0 1 4 160 310 0.025 0.0179605 0.0170213
1350 0 1 6 160 306 0.0375 0.0271163 0.0257511
1351 0 1 1 155 298 0.00645161 0.00465292 0.00441501
1352 0 1 1 178 353 0.00561798 0.00398935 0.00376648
1353 0 1 1 155 352 0.00645161 0.00428117 0.00394477
1354 0 1 3 169 370 0.0177515 0.0119971 0.0111317
1355 0 1 1 141 338 0.0070922 0.0045807 0.00417537
1356 0 1 2 148 331 0.0135135 0.00903619 0.00835073
1357 0 1 6 149 338 0.0402685 0.0267362 0.0246407
1358 0 1 4 133 328 0.0300752 0.0191513 0.0173536
1359 0 1 8 137 340 0.0583942 0.0370672 0.033543
1360 0 1 8 134 329 0.0597015 0.0381013 0.0345572
1361 0 1 8 150 322 0.0533333 0.0364013 0.0338983
1362 0 1 8 165 349 0.0484848 0.0333377 0.0311284
1363 0 1 6 170 338 0.0352941 0.0250304 0.023622
1364 0 1 7 165 330 0.0424242 0.0299985 0.0282828
1365 0 1 5 159 340 0.0314465 0.0215046 0.0200401
1366 0 1 5 151 321 0.0331126 0.0227106 0.0211864
1367 0 1 6 153 302 0.0392157 0.0279127 0.0263736
1368 0 1 7 144 296 0.0486111 0.0339056 0.0318182
1369 0 1 7 154 296 0.0454545 0.0327863 0.0311111
1370 0 1 8 162 305 0.0493827 0.0359901 0.0342612
1371 0 1 7 180 331 0.0388889 0.0286779 0.0273973
1372 0 1 7 189 349 0.037037 0.0272555 0.0260223
1373 0 1 5 173 333 0.0289017 0.0208317 0.0197628
1374 0 1 7 165 306 0.0424242 0.0311527 0.029724
1375 0 1 7 152 308 0.0460526 0.032352 0.0304348
1376 0 1 5 132 265 0.0378788 0.0267338 0.0251889
1377 0 1 4 120 257 0.0333333 0.0227773 0.0212202
1378 0 1 4 113 268 0.0353982 0.0229855 0.0209974
1379 0 1 5 102 241 0.0490196 0.0318905 0.0291545
1380 0 1 6 99 270 0.0606061 0.0366988 0.0325203
1381 0 1 3 90 263 0.0333333 0.0194994 0.0169972
1382 0 1 1 78 239 0.0128205 0.00732409 0.00630915
1383 0 1 0 63 227 0 0 0
1384 0 1 0 59 204 0 0 0
1385 0 1 0 43 182 0 0 0
1386 0 1 0 45 163 0 0 0
1387 0 1 0 32 156 0 0 0
1388 0 1 0 42 169 0 0 0
1389 0 1 0 36 155 0 0 0
1390 0 1 0 42 142 0 0 0
1391 0 1 0 45 131 0 0 0
1392 0 1 0 40 123 0 0 0
1393 0 1 2 73 154 0.0273973 0.0188629 0.0176211
1394 0 1 1 69 165 0.0144928 0.00937203 0.00854701
1395 0 1 4 76 133 0.0526316 0.0397857 0.0382775
1396 0 1 3 81 108 0.037037 0.032075 0.031746
1397 0 1 2 95 130 0.0210526 0.0179969 0.0177778
1398 0 1 8 103 155 0.0776699 0.0633148 0.0620155
1399 0 1 5 127 192 0.0393701 0.0320197 0.031348
1400 0 1 7 131 201 0.0534351 0.0431384 0.0421687
1401 0 1 6 133 225 0.0451128 0.0346844 0.0335196
1402 0 1 2 127 203 0.015748 0.012456 0.0121212
1403 0 1 7 133 233 0.0526316 0.0397644 0.0382514
1404 0 1 8 131 234 0.0610687 0.0456927 0.0438356
1405 0 1 9 128 222 0.0703125 0.0533901 0.0514286
1406 0 1 10 133 218 0.075188 0.0587281 0.0569801
1407 0 1 5 133 214 0.037594 0.0296372 0.0288184
1408 0 1 5 172 276 0.0290698 0.0229483 0.0223214
1409 0 1 5 178 263 0.0280899 0.0231091 0.0226757
1410 0 1 8 185 265 0.0432432 0.0361311 0.0355556
1411 0 1 5 173 255 0.0289017 0.0238055 0.0233645
1412 0 1 9 198 270 0.0454545 0.0389249 0.0384615
1413 0 1 11 188 273 0.0585106 0.0485548 0.0477223
1414 0 1 8 190 275 0.0421053 0.0349983 0.0344086
1415 0 1 3 189 286 0.015873 0.0129035 0.0126316
1416 0 1 7 198 271 0.0353535 0.030219 0.0298507
1417 0 1 5 209 262 0.0239234 0.0213671 0.0212314
1418 0 1 9 207 271 0.0434783 0.037999 0.0376569
1419 0 1 4 256 359 0.015625 0.0131945 0.0130081
1420 0 1 9 239 350 0.0376569 0.0311178 0.0305603
1421 0 1 9 246 347 0.0365854 0.0308042 0.0303541
1422 0 1 6 230 340 0.026087 0.021456 0.0210526
1423 0 1 4 250 322 0.016 0.0140981 0.013986
1424 0 1 8 248 322 0.0322581 0.0283098 0.0280702
1425 0 1 8 245 329 0.0326531 0.0281779 0.0278746
1426 0 1 5 259 332 0.019305 0.017051 0.0169205
1427 0 1 5 259 343 0.019305 0.0167754 0.0166113
1428 0 1 8 258 355 0.0310078 0.0264342 0.0261011
1429 0 1 9 260 357 0.0346154 0.0295408 0.0291734
1430 0 1 11 269 358 0.0408922 0.0354466 0.0350877
1431 0 1 6 268 370 0.0223881 0.0190539 0.0188088
1432 0 1 6 263 392 0.0228137 0.0186866 0.0183206
1433 0 1 6 250 394 0.024 0.0191176 0.0186335
1434 0 1 9 252 399 0.0357143 0.0283828 0.0276498
1435 0 1 9 251 400 0.0358566 0.0284037 0.0276498
1436 0 1 8 260 386 0.0307692 0.0252528 0.0247678
1437 0 1 13 259 405 0.050193 0.0401389 0.0391566
1438 0 1 10 262 389 0.0381679 0.0313238 0.030722
1439 0 1 8 270 409 0.0296296 0.0240739 0.0235641
1440 0 1 14 327 494 0.0428135 0.034833 0.0341047
1441 0 1 13 329 475 0.0395137 0.0328851 0.0323383
1442 0 1 11 342 470 0.0321637 0.0274366 0.0270936
1443 0 1 15 346 493 0.0433526 0.0363187 0.0357569
1444 0 1 13 355 485 0.0366197 0.0313298 0.0309524
1445 0 1 13 354 491 0.0367232 0.0311818 0.0307692
1446 0 1 13 345 496 0.0376812 0.0314263 0.0309156
1447 0 1 24 354 507 0.0677966 0.0566507 0.0557491
1448 0 1 17 336 503 0.0505952 0.0413519 0.0405244
1449 0 1 11 359 505 0.0306407 0.0258345 0.025463
1450 0 1 17 345 483 0.0492754 0.0416453 0.0410628
1451 0 1 13 352 499 0.0369318 0.0310186 0.0305523
1452 0 1 14 349 492 0.0401146 0.0337857 0.0332937
1453 0 1 16 340 508 0.0470588 0.0384989 0.0377358
1454 0 1 8 335 495 0.0238806 0.0196456 0.0192771
1455 0 1 14 395 571 0.035443 0.0294789 0.0289855
1456 0 1 6 398 570 0.0150754 0.0125972 0.0123967
1457 0 1 10 389 558 0.0257069 0.0214639 0.0211193
1458 0 1 8 393 558 0.0203562 0.0170835 0.0168244
1459 0 1 16 408 567 0.0392157 0.0332658 0.0328205
1460 0 1 15 393 557 0.0381679 0.0320603 0.0315789
1461 0 1 18 394 558 0.0456853 0.038389 0.0378151
1462 0 1 15 364 541 0.0412088 0.033802 0.0331492
1463 0 1 21 363 550 0.0578512 0.0469986 0.0460022
1464 0 1 24 371 535 0.06469 0.0538701 0.0529801
1465 0 1 23 367 552 0.0626703 0.0511005 0.0500544
1466 0 1 18 355 545 0.0507042 0.0409223 0.04
1467 0 1 16 357 531 0.0448179 0.0367484 0.036036
1468 0 1 16 303 514 0.0528053 0.0405431 0.0391677
1469 0 1 16 330 574 0.0484848 0.0367627 0.0353982
1470 0 1 15 320 548 0.046875 0.03582 0.0345622
1471 0 1 18 329 537 0.0547112 0.042824 0.0415704
1472 0 1 24 325 529 0.0738462 0.0578818 0.0562061
1473 0 1 23 319 508 0.0721003 0.0571348 0.0556227
1474 0 1 18 309 532 0.0582524 0.0443953 0.0428062
1475 0 1 17 302 535 0.0562914 0.042293 0.0406213
1476 0 1 12 301 536 0.0398671 0.0298755 0.0286738
1477 0 1 18 298 537 0.0604027 0.0449963 0.0431138
1478 0 1 12 301 535 0.0398671 0.0299034 0.0287081
1479 0 1 18 309 524 0.0582524 0.044733 0.0432173
1480 0 1 18 318 503 0.0566038 0.0450065 0.043849
1481 0 1 18 314 510 0.0573248 0.0449803 0.0436893
1482 0 1 16 312 513 0.0512821 0.039993 0.0387879
1483 0 1 19 316 525 0.0601266 0.0466477 0.0451843
1484 0 1 20 314 533 0.0636943 0.0488879 0.0472255
1485 0 1 24 307 539 0.0781759 0.0589994 0.0567376
1486 0 1 22 290 556 0.0758621 0.0547881 0.0520095
1487 0 1 28 284 555 0.0985916 0.0705265 0.0667461
1488 0 1 22 286 561 0.0769231 0.0549235 0.0519481
1489 0 1 16 283 545 0.0565371 0.0407407 0.0386473
1490 0 1 20 276 531 0.0724638 0.052243 0.0495663
1491 0 1 16 297 595 0.0538721 0.0380613 0.0358744
1492 0 1 16 304 601 0.0526316 0.0374323 0.0353591
1493 0 1 10 285 581 0.0350877 0.0245748 0.0230947
1494 0 1 24 279 577 0.0860215 0.0598165 0.0560748
1495 0 1 16 282 553 0.0567376 0.0405166 0.0383234
1496 0 1 16 299 563 0.0535117 0.0389969 0.037123
1497 0 1 15 286 558 0.0524476 0.0375484 0.035545
1498 0 1 21 296 542 0.0709459 0.0524293 0.0501193
1499 0 1 14 298 550 0.0469799 0.0345811 0.0330189
1500 0 1 15 302 563 0.0496689 0.0363776 0.0346821
1501 0 1 19 319 567 0.0595611 0.0446752 0.0428894
1502 0 1 24 316 565 0.0759494 0.0567994 0.0544835
1503 0 1 22 315 547 0.0698413 0.0529997 0.0510441
1504 0 1 20 318 546 0.0628931 0.0479977 0.0462963
1505 0 1 17 324 547 0.0524691 0.0403815 0.0390356
1506 0 1 18 310 536 0.0580645 0.044158 0.0425532
1507 0 1 17 331 540 0.0513595 0.0402104 0.0390356
1508 0 1 21 323 527 0.0650155 0.0508994 0.0494118
1509 0 1 19 314 536 0.0605096 0.0463134 0.0447059
1510 0 1 15 316 529 0.0474684 0.0366876 0.035503
1511 0 1 15 324 537 0.0462963 0.035961 0.0348432
1512 0 1 15 331 536 0.0453172 0.0356119 0.0346021
1513 0 1 15 330 524 0.0454545 0.0360719 0.0351288
1514 0 1 20 324 547 0.0617284 0.0475077 0.0459242
1515 0 1 29 340 552 0.0852941 0.0669405 0.0650224
1516 0 1 32 329 547 0.0972644 0.0754325 0.0730594
1517 0 1 31 341 555 0.0909091 0.0712587 0.0691964
1518 0 1 28 334 551 0.0838323 0.0652693 0.0632768
1519 0 1 27 345 544 0.0782609 0.0623239 0.0607424
1520 0 1 24 335 538 0.0716418 0.0565324 0.0549828
1521 0 1 26 338 532 0.0769231 0.0613139 0.0597701
1522 0 1 35 351 556 0.0997151 0.0792277 0.0771775
1523 0 1 31 339 553 0.0914454 0.0715977 0.0695067
1524 0 1 31 344 538 0.0901163 0.0720595 0.0702948
1525 0 1 27 377 536 0.071618 0.0600635 0.0591457
1526 0 1 24 361 538 0.066482 0.0544586 0.0533927
1527 0 1 24 371 533 0.06469 0.053971 0.0530973
1528 0 1 24 356 542 0.0674157 0.054637 0.0534521
1529 0 1 23 349 544 0.0659026 0.0527856 0.0515118
1530 0 1 24 352 533 0.0681818 0.0554085 0.0542373
1531 0 1 29 382 537 0.0759162 0.0640294 0.0631121
1532 0 1 20 365 520 0.0547945 0.0459073 0.0451977
1533 0 1 31 371 521 0.0835579 0.0705108 0.0695067
1534 0 1 24 375 529 0.064 0.053885 0.0530973
1535 0 1 22 368 533 0.0597826 0.0496747 0.0488346
1536 0 1 19 364 537 0.0521978 0.042975 0.0421754
1537 0 1 24 377 542 0.0636605 0.0530934 0.0522307
1538 0 1 22 369 540 0.0596206 0.0492848 0.0484048
1539 0 1 26 369 535 0.0704607 0.0585172 0.0575221
1540 0 1 24 363 528 0.0661157 0.0548202 0.0538721
1541 0 1 22 354 538 0.0621469 0.0504115 0.0493274
1542 0 1 17 335 528 0.0507463 0.0404212 0.0393975
1543 0 1 12 308 529 0.038961 0.0297288 0.0286738
1544 0 1 9 320 508 0.028125 0.0223221 0.0217391
1545 0 1 16 310 497 0.0516129 0.0407625 0.039653
1546 0 1 17 337 495 0.0504451 0.0416228 0.0408654
1547 0 1 16 320 518 0.05 0.0392989 0.0381862
1548 0 1 17 332 511 0.0512048 0.0412733 0.0403321
1549 0 1 21 323 516 0.0650155 0.0514391 0.0500596
1550 0 1 26 334 512 0.0778443 0.0628731 0.0614657
1551 0 1 27 332 514 0.0813253 0.0653602 0.0638298
1552 0 1 23 337 516 0.0682493 0.0551554 0.0539273
1553 0 1 26 332 522 0.0783133 0.0624553 0.0608899
1554 0 1 24 342 523 0.0701754 0.0567476 0.0554913
1555 0 1 22 336 501 0.0654762 0.0536209 0.0525687
1556 0 1 25 334 511 0.0748503 0.0605141 0.0591716
1557 0 1 25 338 507 0.0739645 0.0603918 0.0591716
1558 0 1 23 378 590 0.0608466 0.048703 0.0475207
1559 0 1 29 386 584 0.0751295 0.0610798 0.0597938
1560 0 1 30 372 574 0.0806452 0.0649223 0.0634249
1561 0 1 32 385 568 0.0831169 0.0684298 0.0671563
1562 0 1 30 382 564 0.078534 0.0646324 0.0634249
1563 0 1 27 394 569 0.0685279 0.0570242 0.0560748
1564 0 1 36 381 560 0.0944882 0.0779374 0.0765143
1565 0 1 34 381 573 0.0892388 0.0727678 0.0712788
1566 0 1 27 386 562 0.0699482 0.0579698 0.056962
1567 0 1 29 373 557 0.077748 0.0636233 0.0623656
1568 0 1 27 363 535 0.0743802 0.061268 0.0601336
1569 0 1 27 363 546 0.0743802 0.0606477 0.0594059
1570 0 1 29 374 549 0.0775401 0.0639994 0.0628386
1571 0 1 24 357 541 0.0672269 0.0546108 0.0534521
1572 0 1 25 349 531 0.0716332 0.0580738 0.0568182
1573 0 1 18 356 520 0.0505618 0.0418356 0.0410959
1574 0 1 29 367 504 0.0790191 0.0674295 0.0665901
1575 0 1 23 356 505 0.0646067 0.0542447 0.0534262
1576 0 1 13 356 507 0.0365169 0.0305995 0.0301275
1577 0 1 23 338 489 0.0680473 0.0565738 0.0556227
1578 0 1 17 362 505 0.0469613 0.0397602 0.0392157
1579 0 1 14 371 489 0.0377358 0.032869 0.0325581
1580 0 1 17 337 473 0.0504451 0.0425798 0.0419753
1581 0 1 20 338 477 0.0591716 0.0498095 0.0490798
1582 0 1 25 326 470 0.0766871 0.0638679 0.0628141
1583 0 1 21 316 472 0.0664557 0.0543757 0.0532995
1584 0 1 23 327 491 0.0703364 0.0574002 0.0562347
1585 0 1 26 331 476 0.0785498 0.0655022 0.0644362
1586 0 1 22 315 458 0.0698413 0.0579208 0.0569211
1587 0 1 21 304 457 0.0690789 0.056341 0.0551905
1588 0 1 19 313 442 0.0607029 0.0510823 0.0503311
1589 0 1 18 296 436 0.0608108 0.0501053 0.0491803
1590 0 1 29 353 510 0.082153 0.068348 0.0672074
1591 0 1 23 336 476 0.0684524 0.0575115 0.0566502
1592 0 1 24 333 463 0.0720721 0.0611221 0.0603015
1593 0 1 17 323 446 0.0526316 0.0447899 0.0442133
1594 0 1 27 332 464 0.0813253 0.0687917 0.0678392
1595 0 1 13 321 437 0.0404984 0.0347096 0.0343008
1596 0 1 16 312 430 0.0512821 0.0436826 0.0431267
1597 0 1 15 395 522 0.0379747 0.0330337 0.0327154
1598 0 1 13 394 512 0.0329949 0.0289441 0.0286976
1599 0 1 13 393 472 0.0330789 0.030184 0.0300578
1600 0 1 19 394 473 0.0482234 0.0440124 0.0438293
1601 0 1 16 393 479 0.0407125 0.036877 0.0366972
1602 0 1 15 389 487 0.0385604 0.0344629 0.0342466
1603 0 1 24 372 500 0.0645161 0.0556487 0.0550459
1604 0 1 15 368 469 0.0407609 0.0361061 0.0358423
1605 0 1 16 353 460 0.0453258 0.0397058 0.0393604
1606 0 1 9 351 451 0.025641 0.0226204 0.0224439
1607 0 1 9 359 516 0.0250696 0.0209108 0.0205714
1608 0 1 15 351 498 0.042735 0.0358776 0.0353357
1609 0 1 14 311 478 0.0450161 0.0363106 0.035488
1610 0 1 8 306 477 0.0261438 0.0209397 0.0204342
1611 0 1 10 325 457 0.0307692 0.0259478 0.0255754
1612 0 1 15 293 463 0.0511945 0.0407256 0.0396825
1613 0 1 10 357 492 0.0280112 0.0238607 0.0235571
1614 0 1 8 324 472 0.0246914 0.0204572 0.0201005
1615 0 1 6 318 432 0.0188679 0.0161881 0.016
1616 0 1 6 301 416 0.0199336 0.0169559 0.0167364
1617 0 1 4 296 399 0.0135135 0.0116393 0.0115108
1618 0 1 5 283 377 0.0176678 0.0153076 0.0151515
1619 0 1 4 305 435 0.0131148 0.0109816 0.0108108
1620 0 1 4 284 411 0.0140845 0.0117079 0.0115108
1621 0 1 4 269 389 0.0148699 0.0123654 0.0121581
1622 0 1 7 275 387 0.0254545 0.0214574 0.021148
1623 0 1 5 251 366 0.0199203 0.0164965 0.0162075
1624 0 1 9 266 401 0.0338346 0.0275568 0.0269865
1625 0 1 6 233 395 0.0257511 0.0197777 0.0191083
1626 0 1 5 216 379 0.0231481 0.0174753 0.0168067
1627 0 1 5 204 369 0.0245098 0.0182239 0.017452
1628 0 1 4 196 363 0.0204082 0.0149961 0.0143113
1629 0 1 5 227 412 0.0220264 0.0163497 0.0156495
1630 0 1 7 213 386 0.0328638 0.0244126 0.0233723
1631 0 1 6 207 370 0.0289855 0.0216803 0.0207972
1632 0 1 7 194 359 0.0360825 0.0265247 0.0253165
1633 0 1 7 186 342 0.0376344 0.0277542 0.0265152
1634 0 1 6 221 368 0.0271493 0.0210393 0.0203735
1635 0 1 8 191 354 0.0418848 0.030766 0.0293578
1636 0 1 4 190 321 0.0210526 0.0161969 0.0156556
1637 0 1 4 180 324 0.0222222 0.0165635 0.015873
1638 0 1 7 178 301 0.0393258 0.0302416 0.0292276
1639 0 1 3 198 344 0.0151515 0.011495 0.0110701
1640 0 1 5 188 326 0.0265957 0.0201968 0.0194553
1641 0 1 6 176 316 0.0340909 0.025442 0.0243902
1642 0 1 5 167 294 0.0299401 0.0225651 0.021692
1643 0 1 3 153 279 0.0196078 0.0145202 0.0138889
1644 0 1 6 179 360 0.0335196 0.023636 0.0222635
1645 0 1 2 165 322 0.0121212 0.00867681 0.00821355
1646 0 1 2 156 306 0.0128205 0.00915392 0.00865801
1647 0 1 3 146 275 0.0205479 0.014972 0.0142518
1648 0 1 2 147 278 0.0136054 0.00989348 0.00941176
1649 0 1 2 190 326 0.0105263 0.00803608 0.00775194
1650 0 1 4 178 308 0.0224719 0.0170834 0.0164609
1651 0 1 6 166 283 0.0361446 0.0276824 0.0267261
1652 0 1 5 157 279 0.0318471 0.0238901 0.0229358
1653 0 1 3 153 260 0.0196078 0.0150414 0.0145278
1654 0 1 3 170 329 0.0176471 0.0126852 0.012024
1655 0 1 5 160 304 0.03125 0.0226711 0.0215517
1656 0 1 4 146 283 0.0273973 0.0196784 0.018648
1657 0 1 4 141 266 0.0283688 0.0206543 0.019656
1658 0 1 3 186 302 0.016129 0.0126579 0.0122951
1659 0 1 2 177 271 0.0112994 0.00913185 0.00892857
1660 0 1 1 158 225 0.00632911 0.00530372 0.00522193
1661 0 1 1 149 229 0.00671141 0.00541364 0.00529101
1662 0 1 0 142 226 0 0 0
1663 0 1 1 199 304 0.00502513 0.00406571 0.00397614
1664 0 1 0 179 265 0 0 0
1665 0 1 0 172 252 0 0 0
1666 0 1 1 177 234 0.00564972 0.00491366 0.00486618
1667 0 1 2 168 211 0.0119048 0.0106227 0.0105541
1668 0 1 1 202 281 0.00495049 0.00419731 0.00414079
1669 0 1 2 196 270 0.0102041 0.00869401 0.00858369
1670 0 1 0 185 252 0 0 0
1671 0 1 1 182 250 0.00549451 0.00468807 0.00462963
1672 0 1 3 182 237 0.0164835 0.0144448 0.0143198
1673 0 1 2 165 212 0.0121212 0.0106935 0.0106101
1674 0 1 4 221 294 0.0180995 0.0156924 0.015534
1675 0 1 0 208 250 0 0 0
1676 0 1 1 204 268 0.00490196 0.00427679 0.00423729
1677 0 1 1 192 260 0.00520833 0.00447572 0.00442478
1678 0 1 1 194 254 0.00515464 0.00450487 0.00446429
1679 0 1 2 181 248 0.0110497 0.00943984 0.00932401
1680 0 1 1 162 231 0.00617284 0.00516936 0.00508906
1681 0 1 0 217 276 0 0 0
1682 0 1 1 204 239 0.00490196 0.00452883 0.00451467
1683 0 1 0 193 235 0 0 0
1684 0 1 1 190 252 0.00526316 0.00457007 0.00452489
1685 0 1 2 178 220 0.011236 0.0101067 0.0100503
1686 0 1 0 239 280 0 0 0
1687 0 1 0 228 250 0 0 0
1688 0 1 0 220 255 0 0 0
1689 0 1 1 219 250 0.00456621 0.00427374 0.00426439
1690 0 1 1 204 244 0.00490196 0.00448219 0.00446429
1691 0 1 2 202 237 0.00990099 0.00914071 0.00911162
1692 0 1 3 192 228 0.015625 0.0143385 0.0142857
1693 0 1 2 267 311 0.00749064 0.00694055 0.00692042
1694 0 1 1 250 262 0.004 0.00390732 0.00390625
1695 0 1 2 248 289 0.00806452 0.0074706 0.00744879
1696 0 1 2 238 289 0.00840336 0.00762593 0.00759013
1697 0 1 1 228 262 0.00438596 0.00409149 0.00408163
1698 0 1 0 212 244 0 0 0
1699 0 1 0 288 309 0 0 0
1700 0 1 0 268 281 0 0 0
1701 0 1 1 269 275 0.00371747 0.00367669 0.00367647
1702 0 1 1 250 255 0.004 0.00396059 0.0039604
1703 0 1 2 318 319 0.00628931 0.00627944 0.00627944
1704 0 1 0 279 296 0 0 0
1705 0 1 0 253 250 0 0 0
1706 0 1 0 250 250 0 0 0
1707 0 1 0 218 240 0 0 0
1708 0 1 0 262 311 0 0 0
1709 0 1 1 255 294 0.00392157 0.00365221 0.00364299
1710 0 1 0 211 281 0 0 0
1711 0 1 1 217 240 0.00460829 0.00438192 0.00437637
1712 0 1 1 279 326 0.00358423 0.00331581 0.00330579
1713 0 1 0 259 298 0 0 0
1714 0 1 0 260 275 0 0 0
1715 0 1 0 227 254 0 0 0
1716 0 1 1 279 312 0.00358423 0.00338938 0.00338409
1717 0 1 0 263 306 0 0 0
1718 0 1 0 255 254 0 0 0
1719 0 1 0 360 332 0 0 0
1720 0 1 1 323 323 0.00309598 0.00309598 0.00309598
1721 0 1 0 333 314 0 0 0
1722 0 1 0 320 295 0 0 0
1723 0 1 1 305 286 0.0034965 0.00338584 0.00338409
1724 0 1 3 351 348 0.00862069 0.00858377 0.00858369
1725 0 1 1 340 333 0.003003 0.00297193 0.00297177
1726 0 1 1 322 310 0.00322581 0.00316513 0.00316456
1727 0 1 0 310 271 0 0 0
1728 0 1 0 346 372 0 0 0
1729 0 1 1 356 405 0.00280899 0.00263359 0.00262812
1730 0 1 0 351 378 0 0 0
1731 0 1 0 335 326 0 0 0
1732 0 1 1 335 310 0.00322581 0.00310311 0.00310078
1733 0 1 2 374 395 0.00534759 0.0052035 0.00520156
1734 0 1 0 359 366 0 0 0
1735 0 1 1 364 376 0.00274725 0.00270306 0.0027027
1736 0 1 1 343 355 0.00291545 0.00286575 0.00286533
1737 0 1 3 321 323 0.00934579 0.00931682 0.00931677
1738 0 1 1 351 382 0.002849 0.00273096 0.00272851
1739 0 1 2 347 364 0.00576369 0.00562749 0.00562588
1740 0 1 0 352 372 0 0 0
1741 0 1 1 336 353 0.00297619 0.00290364 0.00290276
1742 0 1 0 314 326 0 0 0
1743 0 1 2 340 375 0.00588235 0.00560112 0.00559441
1744 0 1 2 335 346 0.00597015 0.00587448 0.00587372
1745 0 1 1 306 340 0.00326797 0.00310027 0.00309598
1746 0 1 1 297 314 0.003367 0.00327459 0.00327332
1747 0 1 2 314 352 0.00636943 0.00601581 0.00600601
1748 0 1 1 282 346 0.0035461 0.00320138 0.00318471
1749 0 1 1 259 323 0.003861 0.00345739 0.00343643
1750 0 1 1 251 293 0.00398406 0.00368748 0.00367647
1751 0 1 1 231 283 0.004329 0.00391112 0.00389105
1752 0 1 0 226 262 0 0 0
1753 0 1 0 228 321 0 0 0
1754 0 1 2 215 294 0.00930233 0.00795494 0.00785855
1755 0 1 2 193 276 0.0103627 0.00866556 0.00852878
1756 0 1 0 178 273 0 0 0
1757 0 1 0 180 274 0 0 0
1758 0 1 0 164 253 0 0 0
1759 0 1 0 132 284 0 0 0
1760 0 1 1 128 267 0.0078125 0.00540928 0.00506329
1761 0 1 0 112 268 0 0 0
1762 0 1 1 143 259 0.00699301 0.00519616 0.00497512
1763 0 1 2 132 263 0.0151515 0.0107341 0.0101266
1764 0 1 0 135 257 0 0 0
1765 0 1 2 160 297 0.0125 0.0091747 0.00875274
1766 0 1 4 154 286 0.025974 0.0190597 0.0181818
1767 0 1 2 156 256 0.0128205 0.010008 0.00970874
1768 0 1 1 158 274 0.00632911 0.00480614 0.00462963
1769 0 1 0 165 250 0 0 0
1770 0 1 2 157 251 0.0127389 0.010075 0.00980392
1771 0 1 2 154 249 0.012987 0.0102134 0.00992556
1772 0 1 6 181 306 0.0331492 0.0254948 0.0246407
1773 0 1 5 173 309 0.0289017 0.0216256 0.0207469
1774 0 1 5 163 290 0.0306748 0.0229973 0.0220751
1775 0 1 2 158 272 0.0126582 0.00964755 0.00930233
1776 0 1 4 151 280 0.0264901 0.0194533 0.0185615
1777 0 1 2 149 289 0.0134228 0.00963802 0.00913242
1778 0 1 1 163 273 0.00613497 0.00474051 0.00458716
1779 0 1 4 148 255 0.027027 0.0205901 0.0198511
1780 0 1 1 157 267 0.00636943 0.00488421 0.00471698
1781 0 1 0 145 248 0 0 0
1782 0 1 2 143 269 0.013986 0.0101973 0.00970874
1783 0 1 2 142 253 0.0140845 0.0105518 0.0101266
1784 0 1 4 154 268 0.025974 0.0196894 0.0189573
1785 0 1 1 148 255 0.00675676 0.00514753 0.00496278
1786 0 1 5 163 266 0.0306748 0.0240124 0.02331
1787 0 1 7 172 246 0.0406977 0.0340303 0.0334928
1788 0 1 3 205 286 0.0146341 0.0123897 0.01222
1789 0 1 4 226 266 0.0176991 0.0163142 0.0162602
1790 0 1 4 222 271 0.018018 0.0163079 0.0162272
1791 0 1 3 218 273 0.0137615 0.0122974 0.01222
1792 0 1 5 216 282 0.0231481 0.020259 0.0200803
1793 0 1 4 222 274 0.018018 0.0162184 0.016129
1794 0 1 5 221 265 0.0226244 0.020661 0.0205761
1795 0 1 5 224 269 0.0223214 0.020369 0.020284
1796 0 1 4 238 274 0.0168067 0.0156638 0.015625
1797 0 1 7 224 271 0.03125 0.0284112 0.0282828
1798 0 1 6 229 272 0.0262009 0.0240408 0.0239521
1799 0 1 8 230 264 0.0347826 0.0324656 0.0323887
1800 0 1 3 230 268 0.0130435 0.0120834 0.0120482
1801 0 1 7 253 296 0.027668 0.0255795 0.0255009
1802 0 1 6 247 276 0.0242915 0.0229799 0.0229446
1803 0 1 5 236 298 0.0211864 0.0188541 0.0187266
1804 0 1 4 227 278 0.0176211 0.015923 0.0158416
1805 0 1 6 228 290 0.0263158 0.0233338 0.023166
1806 0 1 5 229 285 0.0218341 0.0195718 0.0194553
1807 0 1 4 217 266 0.0184332 0.016649 0.0165631
1808 0 1 4 223 326 0.0179372 0.0148354 0.0145719
1809 0 1 7 212 323 0.0330189 0.0267503 0.0261682
1810 0 1 3 203 303 0.0147783 0.0120963 0.0118577
1811 0 1 4 183 303 0.0218579 0.0169869 0.0164609
1812 0 1 5 183 301 0.0273224 0.021304 0.0206612
1813 0 1 1 190 316 0.00526316 0.00408112 0.00395257
1814 0 1 1 180 297 0.00555556 0.00432499 0.00419287
1815 0 1 1 198 337 0.00505051 0.00387126 0.00373832
1816 0 1 3 195 342 0.0153846 0.0116169 0.0111732
1817 0 1 3 186 324 0.016129 0.0122206 0.0117647
1818 0 1 3 182 327 0.0164835 0.0122974 0.0117878
1819 0 1 3 182 334 0.0164835 0.0121678 0.0116279
1820 0 1 2 175 321 0.0114286 0.00843837 0.00806452
1821 0 1 6 170 331 0.0352941 0.0252937 0.0239521
1822 0 1 4 168 335 0.0238095 0.016861 0.0159046
1823 0 1 3 165 318 0.0181818 0.0130968 0.0124224
1824 0 1 3 175 313 0.0171429 0.0128183 0.0122951
1825 0 1 5 164 303 0.0304878 0.0224299 0.0214133
1826 0 1 3 162 368 0.0185185 0.0122868 0.0113208
1827 0 1 5 164 349 0.0304878 0.0208995 0.0194932
1828 0 1 2 152 324 0.0131579 0.0090123 0.00840336
1829 0 1 2 144 296 0.0138889 0.0096873 0.00909091
1830 0 1 1 136 288 0.00735294 0.00505283 0.00471698
1831 0 1 2 134 293 0.0149254 0.0100935 0.00936768
1832 0 1 1 132 287 0.00757576 0.00513774 0.00477327
1833 0 1 3 126 298 0.0238095 0.015482 0.0141509
1834 0 1 2 146 346 0.0136986 0.00889847 0.00813008
1835 0 1 2 147 355 0.0136054 0.00875502 0.00796813
1836 0 1 2 141 324 0.0141844 0.00935724 0.00860215
1837 0 1 3 146 340 0.0205479 0.013465 0.0123457
1838 0 1 0 143 345 0 0 0
1839 0 1 3 150 340 0.02 0.0132842 0.0122449
1840 0 1 3 148 353 0.0202703 0.0131251 0.011976
1841 0 1 3 148 344 0.0202703 0.0132957 0.0121951
1842 0 1 2 147 333 0.0136054 0.0090396 0.00833333
1843 0 1 2 149 331 0.0134228 0.00900581 0.00833333
1844 0 1 1 143 335 0.00699301 0.00456888 0.0041841
1845 0 1 0 131 340 0 0 0
1846 0 1 1 131 327 0.00763359 0.00483159 0.00436681
1847 0 1 1 126 306 0.00793651 0.00509277 0.00462963
1848 0 1 2 131 309 0.0152672 0.00994066 0.00909091
1849 0 1 1 124 304 0.00806452 0.00515054 0.0046729
1850 0 1 1 129 303 0.00775194 0.00505806 0.00462963
1851 0 1 2 125 302 0.016 0.0102937 0.00936768
1852 0 1 3 115 304 0.026087 0.0160448 0.0143198
1853 0 1 3 158 363 0.0189873 0.0125268 0.0115163
1854 0 1 1 157 367 0.00636943 0.00416598 0.00381679
1855 0 1 2 152 335 0.0131579 0.0088631 0.00821355
1856 0 1 2 152 354 0.0131579 0.00862197 0.00790514
1857 0 1 4 151 364 0.0264901 0.0170616 0.015534
1858 0 1 2 157 382 0.0127389 0.00816674 0.00742115
1859 0 1 5 163 386 0.0306748 0.0199335 0.0182149
1860 0 1 3 160 401 0.01875 0.0118437 0.0106952
1861 0 1 5 162 388 0.0308642 0.0199433 0.0181818
1862 0 1 3 160 395 0.01875 0.0119334 0.0108108
1863 0 1 5 173 389 0.0289017 0.019274 0.0177936
1864 0 1 5 157 397 0.0318471 0.0200274 0.0180505
1865 0 1 5 159 387 0.0314465 0.0201565 0.018315
1866 0 1 5 156 397 0.0320513 0.0200915 0.0180832
1867 0 1 4 162 397 0.0246914 0.0157727 0.0143113
1868 0 1 8 164 403 0.0487805 0.0311183 0.0282187
1869 0 1 8 172 412 0.0465116 0.0300523 0.0273973
1870 0 1 6 160 398 0.0375 0.0237766 0.0215054
1871 0 1 4 169 398 0.0236686 0.0154232 0.0141093
1872 0 1 3 163 413 0.0184049 0.0115625 0.0104167
1873 0 1 3 162 410 0.0185185 0.0116405 0.0104895
1874 0 1 5 165 402 0.030303 0.019414 0.0176367
1875 0 1 3 171 405 0.0175439 0.0113998 0.0104167
1876 0 1 6 166 407 0.0361446 0.0230834 0.0209424
1877 0 1 4 163 403 0.0245399 0.0156068 0.0141343
1878 0 1 4 163 399 0.0245399 0.0156848 0.0142349
1879 0 1 3 165 401 0.0181818 0.0116629 0.0106007
1880 0 1 2 157 414 0.0127389 0.00784477 0.00700525
1881 0 1 3 165 395 0.0181818 0.0117512 0.0107143
1882 0 1 3 166 403 0.0180723 0.0115988 0.0105448
1883 0 1 2 164 396 0.0121951 0.00784803 0.00714286
1884 0 1 4 158 391 0.0253165 0.0160932 0.0145719
1885 0 1 5 170 388 0.0294118 0.0194684 0.0179211
1886 0 1 5 165 386 0.030303 0.0198123 0.0181488
1887 0 1 4 167 397 0.0239521 0.0155348 0.0141844
1888 0 1 4 163 402 0.0245399 0.0156262 0.0141593
1889 0 1 4 167 378 0.0239521 0.0159205 0.0146789
1890 0 1 3 167 394 0.0179641 0.0116954 0.0106952
1891 0 1 2 173 396 0.0115607 0.00764116 0.00702988
1892 0 1 3 168 396 0.0178571 0.0116311 0.0106383
1893 0 1 3 167 395 0.0179641 0.0116806 0.0106762
1894 0 1 3 162 393 0.0185185 0.0118896 0.0108108
1895 0 1 4 163 391 0.0245399 0.0158445 0.0144404
1896 0 1 3 161 391 0.0186335 0.0119569 0.0108696
1897 0 1 4 165 379 0.0242424 0.0159955 0.0147059
1898 0 1 6 164 390 0.0365854 0.0237245 0.0216607
1899 0 1 5 159 389 0.0314465 0.0201047 0.0182482
1900 0 1 3 162 381 0.0185185 0.0120754 0.0110497
1901 0 1 3 167 382 0.0179641 0.0118777 0.010929
1902 0 1 3 166 371 0.0180723 0.0120887 0.0111732
1903 0 1 2 171 368 0.0116959 0.00797275 0.00742115
1904 0 1 2 165 372 0.0121212 0.00807266 0.00744879
1905 0 1 3 160 372 0.01875 0.0122967 0.0112782
1906 0 1 4 159 378 0.0251572 0.0163161 0.0148976
1907 0 1 2 149 372 0.0134228 0.00849504 0.00767754
1908 0 1 4 151 369 0.0264901 0.0169457 0.0153846
1909 0 1 1 150 378 0.00666667 0.00419961 0.00378788
1910 0 1 1 152 373 0.00657895 0.00419975 0.00380952
1911 0 1 0 156 388 0 0 0
1912 0 1 2 150 392 0.0133333 0.00824786 0.00738007
1913 0 1 3 156 395 0.0192308 0.0120854 0.0108893
1914 0 1 3 155 383 0.0193548 0.0123128 0.0111524
1915 0 1 1 152 382 0.00657895 0.00414999 0.00374532
1916 0 1 7 153 365 0.0457516 0.0296214 0.027027
1917 0 1 0 144 369 0 0 0
1918 0 1 1 146 366 0.00684932 0.00432597 0.00390625
1919 0 1 4 148 358 0.027027 0.0173775 0.0158103
1920 0 1 2 136 341 0.0147059 0.00928717 0.00838574
1921 0 1 0 134 356 0 0 0
1922 0 1 2 132 355 0.0151515 0.00923908 0.00821355
1923 0 1 3 131 345 0.0229008 0.0141116 0.012605
1924 0 1 3 127 338 0.023622 0.0144797 0.0129032
1925 0 1 1 133 348 0.0075188 0.0046482 0.004158
1926 0 1 6 133 352 0.0451128 0.0277303 0.0247423
1927 0 1 5 130 325 0.0384615 0.0243252 0.021978
1928 0 1 3 129 324 0.0232558 0.0146742 0.013245
1929 0 1 4 130 328 0.0307692 0.019371 0.0174672
1930 0 1 3 128 326 0.0234375 0.0146861 0.0132159
1931 0 1 2 120 311 0.0166667 0.0103528 0.00928074
1932 0 1 2 110 300 0.0181818 0.0110096 0.0097561
1933 0 1 3 140 377 0.0214286 0.0130583 0.0116054
1934 0 1 3 135 375 0.0222222 0.0133333 0.0117647
1935 0 1 2 139 367 0.0143885 0.00885502 0.00790514
1936 0 1 4 125 368 0.032 0.0186501 0.0162272
1937 0 1 5 136 370 0.0367647 0.0222895 0.0197628
1938 0 1 3 125 357 0.024 0.0142014 0.0124481
1939 0 1 5 139 366 0.0359712 0.0221678 0.019802
1940 0 1 3 135 360 0.0222222 0.0136083 0.0121212
1941 0 1 6 131 358 0.0458015 0.027706 0.0245399
1942 0 1 8 129 354 0.0620155 0.0374364 0.0331263
1943 0 1 4 127 361 0.0314961 0.0186812 0.0163934
1944 0 1 5 129 364 0.0387597 0.0230741 0.020284
1945 0 1 3 129 351 0.0232558 0.0140985 0.0125
1946 0 1 3 127 350 0.023622 0.0142294 0.0125786
1947 0 1 3 135 343 0.0222222 0.0139414 0.0125523
1948 0 1 3 144 337 0.0208333 0.0136184 0.012474
1949 0 1 4 149 342 0.0268456 0.0177196 0.0162933
1950 0 1 2 142 335 0.0140845 0.00916987 0.00838574
1951 0 1 3 152 339 0.0197368 0.013216 0.01222
1952 0 1 3 146 346 0.0205479 0.0133477 0.0121951
1953 0 1 3 142 349 0.0211268 0.0134761 0.01222
1954 0 1 3 141 357 0.0212766 0.0133714 0.0120482
1955 0 1 8 140 362 0.0571429 0.0355363 0.0318725
1956 0 1 5 137 338 0.0364963 0.0232355 0.0210526
1957 0 1 5 135 343 0.037037 0.0232357 0.0209205
1958 0 1 5 139 343 0.0359712 0.0228989 0.0207469
1959 0 1 4 142 343 0.028169 0.0181246 0.0164948
1960 0 1 8 132 322 0.0606061 0.0388039 0.0352423
1961 0 1 3 140 336 0.0214286 0.0138321 0.012605
1962 0 1 2 136 331 0.0147059 0.00942641 0.00856531
1963 0 1 3 130 328 0.0230769 0.0145282 0.0131004
1964 0 1 3 136 346 0.0220588 0.0138297 0.0124481
1965 0 1 4 141 332 0.0283688 0.0184876 0.0169133
1966 0 1 2 144 327 0.0138889 0.00921669 0.00849257
1967 0 1 5 148 354 0.0337838 0.0218443 0.0199203
1968 0 1 4 150 351 0.0266667 0.0174325 0.0159681
1969 0 1 5 140 344 0.0357143 0.0227838 0.0206612
1970 0 1 6 150 325 0.04 0.0271746 0.0252632
1971 0 1 5 137 324 0.0364963 0.0237322 0.021692
1972 0 1 4 138 332 0.0289855 0.0186875 0.0170213
1973 0 1 5 137 344 0.0364963 0.0230319 0.02079
1974 0 1 8 139 350 0.057554 0.0362701 0.0327198
1975 0 1 5 144 339 0.0347222 0.0226302 0.0207039
1976 0 1 7 143 342 0.048951 0.0316532 0.028866
1977 0 1 6 142 314 0.0422535 0.0284146 0.0263158
1978 0 1 2 140 313 0.0142857 0.00955419 0.00883002
1979 0 1 5 133 301 0.037594 0.0249897 0.0230415
1980 0 1 4 111 284 0.036036 0.0225289 0.0202532
1981 0 1 2 135 322 0.0148148 0.00959258 0.00875274
1982 0 1 7 113 315 0.0619469 0.0371025 0.0327103
1983 0 1 7 109 313 0.0642202 0.0378977 0.0331754
1984 0 1 3 118 289 0.0254237 0.0162454 0.014742
1985 0 1 5 113 300 0.0442478 0.0271563 0.0242131
1986 0 1 10 114 285 0.0877193 0.0554786 0.0501253
1987 0 1 7 115 294 0.0608696 0.0380693 0.0342298
1988 0 1 7 130 309 0.0538462 0.0349259 0.0318907
1989 0 1 8 126 310 0.0634921 0.0404784 0.0366972
1990 0 1 10 126 324 0.0793651 0.0494928 0.0444444
1991 0 1 4 128 309 0.03125 0.020113 0.0183066
1992 0 1 8 115 342 0.0695652 0.0403393 0.0350109
1993 0 1 11 117 322 0.0940171 0.0566724 0.0501139
1994 0 1 8 119 317 0.0672269 0.0411895 0.0366972
1995 0 1 2 115 311 0.0173913 0.0105755 0.00938967
1996 0 1 5 107 298 0.046729 0.0280008 0.0246914
1997 0 1 6 106 304 0.0566038 0.0334242 0.0292683
1998 0 1 10 103 293 0.0970874 0.0575636 0.050505
1999 0 1 9 143 357 0.0629371 0.0398328 0.036
2000 0 1 5 137 357 0.0364963 0.0226087 0.0202429
2001 0 1 4 151 347 0.0264901 0.0174746 0.0160643
2002 0 1 6 144 320 0.0416667 0.0279508 0.0258621
2003 0 1 4 145 325 0.0275862 0.0184261 0.0170213
2004 0 1 12 145 320 0.0827586 0.0557086 0.0516129
2005 0 1 8 139 324 0.057554 0.0376973 0.0345572
2006 0 1 7 140 326 0.05 0.0327661 0.0300429
2007 0 1 5 140 312 0.0357143 0.0239237 0.0221239
2008 0 1 7 141 316 0.0496454 0.0331623 0.0306346
2009 0 1 8 136 321 0.0588235 0.0382885 0.0350109
2010 0 1 4 121 293 0.0330578 0.0212439 0.0193237
2011 0 1 8 121 271 0.0661157 0.0441787 0.0408163
2012 0 1 5 113 282 0.0442478 0.0280096 0.0253165
2013 0 1 6 110 269 0.0545455 0.0348802 0.0316623
2014 0 1 4 117 295 0.034188 0.0215306 0.0194175
2015 0 1 5 107 302 0.046729 0.0278147 0.0244499
2016 0 1 7 104 297 0.0673077 0.0398293 0.0349127
2017 0 1 4 94 253 0.0425532 0.025938 0.0230548
2018 0 1 1 87 232 0.0114943 0.00703876 0.00626959
2019 0 1 1 77 241 0.012987 0.00734085 0.00628931
2020 0 1 2 82 211 0.0243902 0.0152048 0.0136519
2021 0 1 2 75 234 0.0266667 0.015097 0.012945
2022 0 1 0 79 247 0 0 0
2023 0 1 3 78 235 0.0384615 0.0221585 0.0191693
2024 0 1 2 175 303 0.0114286 0.0086854 0.0083682
2025 0 1 0 166 283 0 0 0
2026 0 1 0 146 275 0 0 0
2027 0 1 1 152 262 0.00657895 0.00501104 0.00483092
2028 0 1 1 148 259 0.00675676 0.00510763 0.004914
2029 0 1 1 146 266 0.00684932 0.00507438 0.00485437
2030 0 1 0 138 238 0 0 0
2031 0 1 1 132 239 0.00757576 0.00563007 0.00539084
2032 0 1 0 130 247 0 0 0
2033 0 1 1 127 275 0.00787402 0.00535096 0.00497512
2034 0 1 0 130 275 0 0 0
2035 0 1 0 124 281 0 0 0
2036 0 1 1 126 288 0.00793651 0.00524951 0.00483092
2037 0 1 1 131 289 0.00763359 0.00513944 0.0047619
2038 0 1 2 191 393 0.0104712 0.0072999 0.00684932
2039 0 1 1 186 375 0.00537634 0.00378641 0.00356506
2040 0 1 2 193 371 0.0103627 0.00747419 0.0070922
2041 0 1 2 194 383 0.0103093 0.00733719 0.00693241
2042 0 1 3 184 384 0.0163043 0.0112862 0.0105634
2043 0 1 1 185 380 0.00540541 0.00377157 0.00353982
2044 0 1 3 190 385 0.0157895 0.0110921 0.0104348
2045 0 1 2 186 373 0.0107527 0.0075931 0.00715563
2046 0 1 3 181 391 0.0165746 0.011277 0.0104895
2047 0 1 5 187 397 0.026738 0.0183508 0.0171233
2048 0 1 3 185 393 0.0162162 0.011126 0.0103806
2049 0 1 7 192 353 0.0364583 0.0268881 0.0256881
2050 0 1 4 191 374 0.0209424 0.0149661 0.0141593
2051 0 1 10 204 399 0.0490196 0.0350508 0.0331675
2052 0 1 8 203 388 0.0394089 0.0285053 0.0270728
2053 0 1 8 258 490 0.0310078 0.0225 0.0213904
2054 0 1 14 256 508 0.0546875 0.0388218 0.0366492
2055 0 1 13 260 488 0.05 0.0364961 0.0347594
2056 0 1 8 271 466 0.0295203 0.0225119 0.0217096
2057 0 1 14 287 463 0.0487805 0.0384058 0.0373333
2058 0 1 13 279 461 0.046595 0.0362486 0.0351351
2059 0 1 18 293 458 0.0614334 0.0491367 0.0479361
2060 0 1 17 306 454 0.0555556 0.04561 0.0447368
2061 0 1 15 317 458 0.0473186 0.0393667 0.0387097
2062 0 1 17 323 466 0.0526316 0.0438182 0.0430925
2063 0 1 7 339 462 0.020649 0.0176879 0.0174782
2064 0 1 21 343 507 0.0612245 0.050358 0.0494118
2065 0 1 18 352 514 0.0511364 0.0423175 0.0415704
2066 0 1 14 363 540 0.0385675 0.0316212 0.0310078
2067 0 1 14 361 537 0.0387812 0.0317971 0.0311804
2068 0 1 19 363 539 0.0523416 0.0429542 0.0421286
2069 0 1 14 347 570 0.0403458 0.0314794 0.0305344
2070 0 1 14 346 555 0.0404624 0.031948 0.0310766
2071 0 1 15 331 586 0.0453172 0.0340587 0.0327154
2072 0 1 14 317 549 0.044164 0.0335592 0.0323326
2073 0 1 12 320 565 0.0375 0.0282216 0.0271186
2074 0 1 15 298 548 0.0503356 0.0371187 0.035461
2075 0 1 14 292 556 0.0479452 0.0347456 0.0330189
2076 0 1 10 270 557 0.037037 0.0257864 0.0241838
2077 0 1 7 276 563 0.0253623 0.0177578 0.0166865
2078 0 1 12 262 537 0.0458015 0.0319922 0.0300375
2079 0 1 10 263 530 0.0380228 0.0267845 0.0252207
2080 0 1 6 256 518 0.0234375 0.0164766 0.0155039
2081 0 1 7 262 499 0.0267176 0.0193596 0.0183968
2082 0 1 7 250 497 0.028 0.0198587 0.0187416
2083 0 1 6 260 475 0.0230769 0.0170733 0.0163265
2084 0 1 7 266 525 0.0263158 0.0187317 0.0176991
2085 0 1 4 268 503 0.0149254 0.0108945 0.0103761
2086 0 1 10 265 472 0.0377358 0.0282752 0.027137
2087 0 1 4 268 419 0.0149254 0.0119367 0.0116448
2088 0 1 5 238 418 0.0210084 0.0158523 0.0152439
2089 0 1 2 241 408 0.00829876 0.0063781 0.00616333
2090 0 1 6 225 397 0.0266667 0.0200754 0.0192926
2091 0 1 4 227 387 0.0176211 0.0134956 0.0130293
2092 0 1 7 237 360 0.0295359 0.0239647 0.0234506
2093 0 1 2 240 359 0.00833333 0.00681361 0.0066778
2094 0 1 5 241 356 0.0207469 0.0170701 0.0167504
2095 0 1 2 301 414 0.00664452 0.00566561 0.00559441
2096 0 1 3 286 382 0.0104895 0.00907625 0.00898204
2097 0 1 4 284 381 0.0140845 0.0121601 0.0120301
2098 0 1 1 270 341 0.0037037 0.00329565 0.00327332
2099 0 1 4 262 360 0.0152672 0.0130244 0.0128617
2100 0 1 6 251 336 0.0239044 0.0206607 0.0204429
2101 0 1 2 255 338 0.00784314 0.00681242 0.00674536
2102 0 1 0 247 320 0 0 0
2103 0 1 3 234 309 0.0128205 0.0111567 0.0110497
2104 0 1 2 225 291 0.00888889 0.00781614 0.00775194
2105 0 1 1 219 291 0.00456621 0.00396124 0.00392157
2106 0 1 2 219 305 0.00913242 0.00773852 0.00763359
2107 0 1 0 234 312 0 0 0
2108 0 1 2 242 310 0.00826446 0.00730199 0.00724638
2109 0 1 2 215 300 0.00930233 0.00787499 0.00776699
2110 0 1 1 203 274 0.00492611 0.00424011 0.00419287
2111 0 1 1 195 279 0.00512821 0.00428727 0.00421941
2112 0 1 1 196 266 0.00510204 0.00437957 0.004329
2113 0 1 2 196 261 0.0102041 0.00884263 0.00875274
2114 0 1 3 187 278 0.0160428 0.0131576 0.0129032
2115 0 1 2 200 281 0.01 0.00843649 0.00831601
2116 0 1 1 191 240 0.0052356 0.00467065 0.00464037
2117 0 1 2 190 251 0.0105263 0.00915833 0.00907029
2118 0 1 5 196 245 0.0255102 0.022817 0.0226757
2119 0 1 5 210 289 0.0238095 0.020296 0.0200401
2120 0 1 3 216 290 0.0138889 0.0119866 0.0118577
2121 0 1 5 211 281 0.0236967 0.0205341 0.0203252
2122 0 1 9 207 293 0.0434783 0.0365446 0.036
2123 0 1 8 217 286 0.0368664 0.0321127 0.0318091
2124 0 1 5 221 287 0.0226244 0.0198533 0.019685
2125 0 1 5 218 298 0.0229358 0.019617 0.0193798
2126 0 1 5 202 316 0.0247525 0.0197902 0.019305
2127 0 1 5 204 308 0.0245098 0.0199471 0.0195312
2128 0 1 5 182 271 0.0274725 0.0225138 0.0220751
2129 0 1 7 186 304 0.0376344 0.0294378 0.0285714
2130 0 1 7 167 299 0.0419162 0.0313259 0.0300429
2131 0 1 7 172 274 0.0406977 0.0322447 0.0313901
2132 0 1 8 147 282 0.0544218 0.0392922 0.037296
2133 0 1 8 151 290 0.0529801 0.0382298 0.0362812
2134 0 1 8 133 280 0.0601504 0.0414558 0.0387409
2135 0 1 11 148 301 0.0743243 0.0521169 0.0489978
2136 0 1 15 143 301 0.104895 0.0723003 0.0675676
2137 0 1 13 141 313 0.0921986 0.0618816 0.0572687
2138 0 1 11 138 308 0.0797101 0.0533553 0.0493274
2139 0 1 8 165 351 0.0484848 0.0332426 0.0310078
2140 0 1 8 155 353 0.0516129 0.0342008 0.0314961
2141 0 1 5 135 339 0.037037 0.0233724 0.021097
2142 0 1 6 117 330 0.0512821 0.0305352 0.0268456
2143 0 1 1 114 334 0.00877193 0.00512477 0.00446429
2144 0 1 5 113 322 0.0442478 0.0262122 0.0229885
2145 0 1 5 111 303 0.045045 0.0272639 0.0241546
2146 0 1 5 109 301 0.0458716 0.0276041 0.0243902
2147 0 1 11 113 322 0.0973451 0.0576668 0.0505747
2148 0 1 9 105 336 0.0857143 0.0479157 0.0408163
2149 0 1 7 107 326 0.0654206 0.0374798 0.0323326
2150 0 1 8 113 308 0.0707965 0.042882 0.0380048
2151 0 1 9 110 282 0.0818182 0.0511001 0.0459184
2152 0 1 10 119 301 0.0840336 0.0528376 0.047619
2153 0 1 8 114 308 0.0701754 0.0426935 0.0379147
2154 0 1 9 104 287 0.0865385 0.0520937 0.0460358
2155 0 1 10 118 307 0.0847458 0.05254 0.0470588
2156 0 1 6 116 304 0.0517241 0.0319511 0.0285714
2157 0 1 12 136 344 0.0882353 0.0554795 0.05
2158 0 1 3 103 339 0.0291262 0.0160547 0.0135747
2159 0 1 2 105 320 0.0190476 0.0109109 0.00941176
2160 0 1 6 104 340 0.0576923 0.0319077 0.027027
2161 0 1 1 80 320 0.0125 0.00625 0.005
2162 0 1 1 84 304 0.0119048 0.00625783 0.00515464
2163 0 1 2 87 289 0.0229885 0.0126131 0.0106383
2164 0 1 2 83 281 0.0240964 0.013096 0.010989
2165 0 1 2 82 284 0.0243902 0.0131058 0.010929
2166 0 1 5 76 277 0.0657895 0.0344606 0.0283286
2167 0 1 3 99 324 0.030303 0.0167506 0.0141844
2168 0 1 2 94 332 0.0212766 0.0113213 0.00938967
2169 0 1 4 88 328 0.0454545 0.0235441 0.0192308
2170 0 1 1 81 356 0.0123457 0.00588888 0.00457666
2171 0 1 3 70 374 0.0428571 0.0185411 0.0135135
2172 0 1 2 68 336 0.0294118 0.0132314 0.00990099
2173 0 1 1 69 344 0.0144928 0.00649077 0.00484262
2174 0 1 1 67 319 0.0149254 0.00684018 0.00518135
2175 0 1 1 67 337 0.0149254 0.00665499 0.00495049
2176 0 1 1 75 375 0.0133333 0.00596285 0.00444444
2177 0 1 2 75 362 0.0266667 0.0121379 0.00915332
2178 0 1 2 72 355 0.0277778 0.0125098 0.00936768
2179 0 1 1 84 339 0.0119048 0.00592598 0.00472813
2180 0 1 2 93 317 0.0215054 0.0116482 0.0097561
2181 0 1 1 107 339 0.00934579 0.00525059 0.00448431
2182 0 1 1 111 338 0.00900901 0.00516274 0.00445434
2183 0 1 0 111 309 0 0 0
2184 0 1 1 100 268 0.01 0.00610847 0.00543478
2185 0 1 0 123 261 0 0 0
2186 0 1 0 121 218 0 0 0
2187 0 1 0 126 242 0 0 0
2188 0 1 0 158 275 0 0 0
2189 0 1 0 158 252 0 0 0
2190 0 1 2 170 265 0.0117647 0.00942286 0.0091954
2191 0 1 0 167 271 0 0 0
2192 0 1 0 174 289 0 0 0
2193 0 1 1 194 327 0.00515464 0.00397032 0.00383877
2194 0 1 1 192 323 0.00520833 0.00401558 0.0038835
2195 0 1 0 190 355 0 0 0
2196 0 1 4 205 381 0.0195122 0.0143127 0.0136519
2197 0 1 1 188 383 0.00531915 0.00372668 0.00350263
2198 0 1 0 209 397 0 0 0
2199 0 1 2 209 401 0.00956938 0.00690851 0.00655738
2200 0 1 3 203 414 0.0147783 0.0103484 0.00972447
2201 0 1 5 185 434 0.027027 0.0176457 0.0161551
2202 0 1 2 188 415 0.0106383 0.00716023 0.0066335
2203 0 1 4 186 428 0.0215054 0.0141769 0.0130293
2204 0 1 3 175 441 0.0171429 0.010799 0.00974026
2205 0 1 7 177 447 0.039548 0.0248861 0.0224359
2206 0 1 6 187 425 0.0320856 0.0212832 0.0196078
2207 0 1 2 172 453 0.0116279 0.00716501 0.0064
2208 0 1 2 163 495 0.0122699 0.00704099 0.00607903
2209 0 1 0 148 458 0 0 0
2210 0 1 4 154 476 0.025974 0.0147739 0.0126984
2211 0 1 2 144 479 0.0138889 0.00761519 0.00642055
2212 0 1 5 146 466 0.0342466 0.019169 0.0163399
2213 0 1 3 144 486 0.0208333 0.0113402 0.00952381
2214 0 1 1 136 476 0.00735294 0.00393031 0.00326797
2215 0 1 3 134 480 0.0223881 0.011829 0.00977199
2216 0 1 5 140 453 0.0357143 0.0198544 0.0168634
2217 0 1 3 142 470 0.0211268 0.0116126 0.00980392
2218 0 1 7 148 473 0.0472973 0.0264568 0.0225443
2219 0 1 9 164 521 0.054878 0.0307894 0.0262774
2220 0 1 5 146 520 0.0342466 0.0181465 0.015015
2221 0 1 8 138 468 0.057971 0.0314795 0.0264026
2222 0 1 7 121 446 0.0578512 0.0301327 0.0246914
2223 0 1 11 113 461 0.0973451 0.0481951 0.0383275
2224 0 1 7 113 465 0.0619469 0.0305374 0.0242215
2225 0 1 3 97 452 0.0309278 0.0143274 0.010929
2226 0 1 5 91 435 0.0549451 0.0251307 0.0190114
2227 0 1 6 89 461 0.0674157 0.0296214 0.0218182
2228 0 1 4 94 453 0.0425532 0.0193842 0.0146252
2229 0 1 2 99 466 0.020202 0.0093115 0.00707965
2230 0 1 6 105 476 0.0571429 0.0268382 0.020654
2231 0 1 4 115 472 0.0347826 0.0171688 0.0136286
2232 0 1 6 136 500 0.0441176 0.023009 0.0188679
2233 0 1 5 130 528 0.0384615 0.0190845 0.0151976
2234 0 1 2 134 527 0.0149254 0.00752614 0.00605144
2235 0 1 3 123 507 0.0243902 0.0120134 0.00952381
2236 0 1 8 125 501 0.064 0.031968 0.0255591
2237 0 1 5 122 496 0.0409836 0.0203259 0.0161812
2238 0 1 7 122 488 0.057377 0.0286885 0.0229508
2239 0 1 4 127 484 0.0314961 0.0161338 0.0130933
2240 0 1 10 124 487 0.0806452 0.0406935 0.0327332
2241 0 1 4 133 513 0.0300752 0.0153135 0.0123839
2242 0 1 7 125 514 0.056 0.027616 0.0219092
2243 0 1 5 123 482 0.0406504 0.020535 0.0165289
2244 0 1 4 121 460 0.0330578 0.0169546 0.0137694
2245 0 1 4 133 516 0.0300752 0.015269 0.0123267
2246 0 1 7 127 493 0.0551181 0.0279752 0.0225806
2247 0 1 7 133 506 0.0526316 0.0269834 0.0219092
2248 0 1 2 130 478 0.0153846 0.00802314 0.00657895
2249 0 1 4 137 500 0.0291971 0.0152832 0.0125589
2250 0 1 3 137 506 0.0218978 0.0113942 0.00933126
2251 0 1 1 146 480 0.00684932 0.00377749 0.00319489
2252 0 1 1 139 487 0.00719424 0.00384351 0.00319489
2253 0 1 1 145 470 0.00689655 0.0038306 0.00325203
2254 0 1 0 143 475 0 0 0
2255 0 1 1 147 468 0.00680272 0.00381258 0.00325203
2256 0 1 1 149 488 0.00671141 0.00370849 0.00313972
2257 0 1 1 163 450 0.00613497 0.00369232 0.00326264
2258 0 1 3 160 458 0.01875 0.0110823 0.00970874
2259 0 1 3 168 431 0.0178571 0.0111488 0.0100167
2260 0 1 2 167 438 0.011976 0.00739494 0.00661157
2261 0 1 2 148 431 0.0135135 0.00791882 0.00690846
2262 0 1 2 162 438 0.0123457 0.00750819 0.00666667
2263 0 1 3 150 431 0.02 0.0117988 0.010327
2264 0 1 3 151 436 0.0198676 0.011692 0.0102215
2265 0 1 1 150 441 0.00666667 0.00388808 0.00338409
2266 0 1 1 160 445 0.00625 0.00374766 0.00330579
2267 0 1 1 167 434 0.00598802 0.00371447 0.00332779
2268 0 1 2 184 444 0.0108696 0.00699729 0.00636943
2269 0 1 1 193 420 0.00518135 0.00351234 0.00326264
2270 0 1 0 200 418 0 0 0
2271 0 1 2 192 429 0.0104167 0.00696868 0.00644122
2272 0 1 1 181 428 0.00552486 0.00359285 0.00328407
2273 0 1 2 192 418 0.0104167 0.00705978 0.00655738
2274 0 1 1 189 419 0.00529101 0.00355355 0.00328947
2275 0 1 4 184 430 0.0217391 0.0142206 0.0130293
2276 0 1 2 188 447 0.0106383 0.00689918 0.00629921
2277 0 1 4 181 417 0.0220994 0.0145597 0.0133779
2278 0 1 3 182 415 0.0164835 0.0109159 0.0100503
2279 0 1 3 186 422 0.016129 0.010708 0.00986842
2280 0 1 2 188 411 0.0106383 0.00719499 0.0066778
2281 0 1 4 195 419 0.0205128 0.0139938 0.0130293
2282 0 1 1 188 430 0.00531915 0.00351712 0.00323625
2283 0 1 1 195 423 0.00512821 0.00348187 0.00323625
2284 0 1 5 195 442 0.025641 0.0170311 0.0156986
2285 0 1 3 182 415 0.0164835 0.0109159 0.0100503
2286 0 1 2 181 410 0.0110497 0.00734174 0.00676819
2287 0 1 5 239 481 0.0209205 0.0147468 0.0138889
2288 0 1 0 232 486 0 0 0
2289 0 1 4 235 465 0.0170213 0.0121004 0.0114286
2290 0 1 3 238 449 0.012605 0.00917719 0.00873362
2291 0 1 5 223 441 0.0224215 0.015944 0.0150602
2292 0 1 4 226 435 0.0176991 0.0127574 0.0121029
2293 0 1 8 214 426 0.0373832 0.0264959 0.025
2294 0 1 7 213 412 0.0328638 0.0236298 0.0224
2295 0 1 6 201 420 0.0298507 0.0206504 0.0193237
2296 0 1 6 195 427 0.0307692 0.0207931 0.0192926
2297 0 1 5 192 404 0.0260417 0.0179527 0.0167785
2298 0 1 5 190 412 0.0263158 0.0178708 0.0166113
2299 0 1 8 189 400 0.042328 0.0290957 0.0271647
2300 0 1 5 215 386 0.0232558 0.0173563 0.0166389
2301 0 1 8 196 407 0.0408163 0.0283247 0.026534
2302 0 1 5 261 421 0.0191571 0.0150837 0.0146628
2303 0 1 6 251 424 0.0239044 0.0183921 0.0177778
2304 0 1 5 243 406 0.0205761 0.0159186 0.0154083
2305 0 1 5 232 381 0.0215517 0.0168176 0.0163132
2306 0 1 7 204 356 0.0343137 0.0259751 0.025
2307 0 1 2 199 345 0.0100503 0.00763298 0.00735294
2308 0 1 3 179 349 0.0167598 0.0120028 0.0113636
2309 0 1 8 182 335 0.043956 0.032399 0.0309478
2310 0 1 7 155 322 0.0451613 0.0313332 0.0293501
2311 0 1 6 156 338 0.0384615 0.0261295 0.0242915
2312 0 1 4 148 320 0.027027 0.0183804 0.017094
2313 0 1 2 150 313 0.0133333 0.00923022 0.00863931
2314 0 1 1 159 321 0.00628931 0.00442638 0.00416667
2315 0 1 4 157 313 0.0254777 0.0180442 0.0170213
2316 0 1 2 168 314 0.0119048 0.00870784 0.00829876
2317 0 1 4 162 352 0.0246914 0.0167506 0.0155642
2318 0 1 5 156 342 0.0320513 0.0216468 0.0200803
2319 0 1 9 173 345 0.0520231 0.0368392 0.034749
2320 0 1 6 168 322 0.0357143 0.025797 0.0244898
2321 0 1 6 168 345 0.0357143 0.0249222 0.0233918
2322 0 1 10 180 328 0.0555556 0.0411554 0.0393701
2323 0 1 12 154 331 0.0779221 0.0531504 0.0494845
2324 0 1 10 158 307 0.0632911 0.0454049 0.0430108
2325 0 1 3 148 322 0.0202703 0.0137424 0.012766
2326 0 1 12 153 316 0.0784314 0.0545748 0.0511727
2327 0 1 7 148 323 0.0472973 0.0320159 0.029724
2328 0 1 2 143 303 0.013986 0.00960817 0.00896861
2329 0 1 10 192 347 0.0520833 0.0387422 0.0371058
2330 0 1 12 196 385 0.0612245 0.043684 0.0413081
2331 0 1 16 197 368 0.0812183 0.0594241 0.0566372
2332 0 1 14 203 361 0.0689655 0.0517162 0.0496454
2333 0 1 15 206 352 0.0728155 0.055704 0.0537634
2334 0 1 15 205 352 0.0731707 0.0558397 0.05386
2335 0 1 17 195 351 0.0871795 0.0649797 0.0622711
2336 0 1 17 191 351 0.0890052 0.0656566 0.0627306
2337 0 1 11 189 329 0.0582011 0.0441127 0.042471
2338 0 1 15 190 341 0.0789474 0.0589301 0.0564972
2339 0 1 9 185 350 0.0486486 0.035369 0.0336449
2340 0 1 13 191 339 0.0680628 0.0510889 0.0490566
2341 0 1 16 185 356 0.0864865 0.0623461 0.0591497
2342 0 1 16 183 352 0.0874317 0.063041 0.0598131
2343 0 1 21 179 358 0.117318 0.0829567 0.0782123
2344 0 1 18 171 351 0.105263 0.0734718 0.0689655
2345 0 1 18 166 348 0.108434 0.0748909 0.0700389
2346 0 1 20 167 356 0.11976 0.0820251 0.0764818
2347 0 1 25 158 351 0.158228 0.106159 0.0982318
2348 0 1 10 147 338 0.0680272 0.0448624 0.0412371
2349 0 1 15 154 345 0.0974026 0.0650761 0.0601202
2350 0 1 11 155 347 0.0709677 0.047431 0.0438247
2351 0 1 20 156 328 0.128205 0.088416 0.0826446
2352 0 1 18 153 319 0.117647 0.0814763 0.0762712
2353 0 1 18 139 320 0.129496 0.0853474 0.0784314
2354 0 1 16 147 322 0.108844 0.0735416 0.0682303
2355 0 1 8 142 313 0.056338 0.0379467 0.0351648
2356 0 1 9 133 390 0.0676692 0.039517 0.0344168
2357 0 1 8 124 401 0.0645161 0.0358762 0.0304762
2358 0 1 12 122 409 0.0983607 0.0537205 0.0451977
2359 0 1 9 73 388 0.123288 0.0534768 0.0390456
2360 0 1 11 75 375 0.146667 0.0655913 0.0488889
2361 0 1 10 82 367 0.121951 0.0576448 0.0445434
2362 0 1 4 60 352 0.0666667 0.0275241 0.0194175
2363 0 1 4 53 337 0.0754717 0.02993 0.0205128
2364 0 1 8 58 340 0.137931 0.0569687 0.040201
2365 0 1 4 64 330 0.0625 0.0275241 0.0203046
2366 0 1 13 84 396 0.154762 0.0712781 0.0541667
2367 0 1 8 79 408 0.101266 0.0445601 0.0328542
2368 0 1 8 72 407 0.111111 0.0467333 0.0334029
2369 0 1 10 70 402 0.142857 0.0596126 0.0423729
2370 0 1 7 75 392 0.0933333 0.0408248 0.0299786
2371 0 1 7 69 386 0.101449 0.0428924 0.0307692
2372 0 1 8 69 383 0.115942 0.0492114 0.0353982
2373 0 1 15 74 387 0.202703 0.088638 0.0650759
2374 0 1 13 73 395 0.178082 0.0765567 0.0555556
2375 0 1 17 76 389 0.223684 0.0988706 0.0731183
2376 0 1 9 76 379 0.118421 0.0530293 0.0395604
2377 0 1 7 77 376 0.0909091 0.0411395 0.0309051
2378 0 1 4 77 386 0.0519481 0.0232018 0.0172786
2379 0 1 8 73 372 0.109589 0.0485464 0.0359551
2380 0 1 6 83 366 0.0722892 0.0344248 0.0267261
2381 0 1 2 79 371 0.0253165 0.0116823 0.00888889
2382 0 1 8 82 354 0.097561 0.046955 0.0366972
2383 0 1 8 91 383 0.0879121 0.0428519 0.0337553
2384 0 1 9 98 378 0.0918367 0.046761 0.0378151
2385 0 1 5 98 373 0.0510204 0.0261519 0.0212314
2386 0 1 10 118 402 0.0847458 0.0459141 0.0384615
2387 0 1 6 123 407 0.0487805 0.0268165 0.0226415
2388 0 1 6 139 439 0.0431655 0.0242891 0.0207612
2389 0 1 5 150 440 0.0333333 0.0194625 0.0169492
2390 0 1 6 160 431 0.0375 0.0228482 0.0203046
2391 0 1 4 162 419 0.0246914 0.0153531 0.0137694
2392 0 1 6 181 431 0.0331492 0.0214819 0.0196078
2393 0 1 6 183 433 0.0327869 0.0213148 0.0194805
2394 0 1 2 197 463 0.0101523 0.00662226 0.00606061
2395 0 1 13 215 454 0.0604651 0.0416099 0.038864
2396 0 1 13 221 474 0.0588235 0.0401659 0.0374101
2397 0 1 14 235 480 0.0595745 0.0416844 0.0391608
2398 0 1 21 244 482 0.0860656 0.0612352 0.0578512
2399 0 1 10 254 442 0.0393701 0.029845 0.0287356
2400 0 1 11 264 446 0.0416667 0.032057 0.0309859
2401 0 1 21 362 470 0.0580111 0.0509115 0.0504808
2402 0 1 12 361 482 0.033241 0.0287676 0.0284698
2403 0 1 15 364 481 0.0412088 0.0358483 0.035503
2404 0 1 12 374 494 0.0320856 0.0279179 0.0276498
2405 0 1 15 402 549 0.0373134 0.0319295 0.0315457
2406 0 1 12 401 527 0.0299252 0.0261038 0.0258621
2407 0 1 14 415 534 0.0337349 0.0297395 0.0295047
2408 0 1 14 415 548 0.0337349 0.0293571 0.0290758
2409 0 1 14 417 535 0.0335731 0.0296403 0.0294118
2410 0 1 15 420 538 0.0357143 0.0315555 0.0313152
2411 0 1 15 416 558 0.0360577 0.0311335 0.0308008
2412 0 1 16 417 549 0.0383693 0.03344 0.0331263
2413 0 1 27 414 569 0.0652174 0.0556298 0.0549339
2414 0 1 15 427 562 0.0351288 0.0306203 0.0303337
2415 0 1 18 432 553 0.0416667 0.0368271 0.0365482
2416 0 1 22 431 557 0.0510441 0.044901 0.0445344
2417 0 1 15 431 537 0.0348028 0.0311792 0.0309917
2418 0 1 23 425 541 0.0541176 0.0479661 0.047619
2419 0 1 30 437 533 0.0686499 0.0621608 0.0618557
2420 0 1 27 413 526 0.0653753 0.057929 0.057508
2421 0 1 25 400 524 0.0625 0.0546065 0.0541126
2422 0 1 23 387 521 0.0594315 0.0512216 0.0506608
2423 0 1 26 389 500 0.066838 0.058954 0.0584927
2424 0 1 19 379 515 0.0501319 0.0430061 0.0425056
2425 0 1 21 376 531 0.0558511 0.0469979 0.0463065
2426 0 1 15 380 504 0.0394737 0.0342755 0.0339367
2427 0 1 15 362 520 0.0414365 0.0345729 0.0340136
2428 0 1 22 339 520 0.0648968 0.0523988 0.0512224
2429 0 1 15 383 561 0.0391645 0.0323601 0.0317797
2430 0 1 17 368 546 0.0461957 0.0379253 0.0371991
2431 0 1 19 362 552 0.0524862 0.042504 0.0415755
2432 0 1 21 349 521 0.0601719 0.0492479 0.0482759
2433 0 1 20 341 516 0.058651 0.0476791 0.0466744
2434 0 1 21 346 531 0.0606936 0.048993 0.0478905
2435 0 1 17 343 501 0.0495627 0.0410094 0.0402844
2436 0 1 23 346 523 0.066474 0.0540678 0.0529344
2437 0 1 21 342 517 0.0614035 0.0499414 0.0488941
2438 0 1 22 355 542 0.0619718 0.0501544 0.0490524
2439 0 1 24 364 562 0.0659341 0.0530631 0.0518359
2440 0 1 20 363 554 0.0550964 0.0445987 0.0436205
2441 0 1 23 374 548 0.0614973 0.0508045 0.0498915
2442 0 1 25 358 555 0.0698324 0.0560857 0.0547645
2443 0 1 23 366 531 0.0628415 0.0521723 0.0512821
2444 0 1 28 353 547 0.0793201 0.0637202 0.0622222
2445 0 1 19 359 536 0.0529248 0.0433136 0.0424581
2446 0 1 21 355 531 0.0591549 0.048368 0.0474041
2447 0 1 26 367 534 0.0708447 0.0587313 0.0577137
2448 0 1 27 362 528 0.0745856 0.0617579 0.0606742
2449 0 1 27 371 558 0.0727763 0.0593417 0.058127
2450 0 1 25 370 524 0.0675676 0.0567771 0.0559284
2451 0 1 23 376 523 0.0611702 0.051866 0.051168
2452 0 1 21 371 530 0.0566038 0.0473581 0.0466149
2453 0 1 26 370 533 0.0702703 0.0585476 0.0575858
2454 0 1 23 366 536 0.0628415 0.0519284 0.0509978
2455 0 1 25 380 535 0.0657895 0.0554461 0.0546448
2456 0 1 24 378 540 0.0634921 0.0531213 0.0522876
2457 0 1 30 381 543 0.0787402 0.0659567 0.0649351
2458 0 1 21 377 539 0.0557029 0.0465859 0.0458515
2459 0 1 25 370 532 0.0675676 0.0563486 0.0554324
2460 0 1 26 376 559 0.0691489 0.0567118 0.055615
2461 0 1 26 373 550 0.0697051 0.0574034 0.056338
2462 0 1 26 379 544 0.0686016 0.0572604 0.056338
2463 0 1 28 369 536 0.0758808 0.0629597 0.0618785
2464 0 1 28 380 520 0.0736842 0.062989 0.0622222
2465 0 1 32 379 539 0.0844327 0.0708004 0.0697168
2466 0 1 26 372 530 0.0698925 0.058555 0.0576497
2467 0 1 26 382 538 0.0680628 0.0573523 0.0565217
2468 0 1 31 380 547 0.0815789 0.0679949 0.0668824
2469 0 1 27 373 528 0.0723861 0.0608404 0.0599334
2470 0 1 31 382 538 0.0811518 0.0683815 0.0673913
2471 0 1 27 377 538 0.071618 0.0599518 0.0590164
2472 0 1 21 375 529 0.056 0.0471494 0.0464602
2473 0 1 24 378 529 0.0634921 0.0536707 0.0529217
2474 0 1 25 374 528 0.0668449 0.0562584 0.0554324
2475 0 1 20 383 526 0.0522193 0.0445592 0.0440044
2476 0 1 22 373 535 0.0589812 0.0492483 0.0484582
2477 0 1 23 368 517 0.0625 0.0527301 0.0519774
2478 0 1 17 362 529 0.0469613 0.0388478 0.0381594
2479 0 1 15 362 510 0.0414365 0.0349102 0.0344037
2480 0 1 16 364 502 0.043956 0.0374298 0.0369515
2481 0 1 14 356 495 0.0393258 0.0333504 0.0329025
2482 0 1 18 357 498 0.0504202 0.0426898 0.0421053
2483 0 1 16 344 513 0.0465116 0.0380875 0.0373396
2484 0 1 22 360 497 0.0611111 0.0520108 0.0513419
2485 0 1 19 339 493 0.0560472 0.0464762 0.0456731
2486 0 1 26 389 561 0.066838 0.0556567 0.0547368
2487 0 1 25 385 530 0.0649351 0.0553441 0.0546448
2488 0 1 21 396 538 0.0530303 0.0454968 0.0449679
2489 0 1 20 390 532 0.0512821 0.0439078 0.0433839
2490 0 1 23 396 538 0.0580808 0.0498298 0.0492505
2491 0 1 23 376 529 0.0611702 0.0515711 0.0508287
2492 0 1 17 393 538 0.043257 0.036971 0.0365199
2493 0 1 15 376 530 0.0398936 0.0336016 0.0331126
2494 0 1 12 388 523 0.0309278 0.0266388 0.0263447
2495 0 1 14 383 532 0.0365535 0.0310151 0.0306011
2496 0 1 14 384 497 0.0364583 0.0320468 0.0317821
2497 0 1 14 380 522 0.0368421 0.0314341 0.0310421
2498 0 1 15 377 508 0.0397878 0.0342759 0.0338983
2499 0 1 19 379 516 0.0501319 0.0429644 0.0424581
2500 0 1 14 373 506 0.0375335 0.0322254 0.0318544
2501 0 1 11 373 498 0.0294906 0.0255225 0.0252583
2502 0 1 12 371 512 0.032345 0.0275334 0.0271801
2503 0 1 13 360 490 0.0361111 0.0309524 0.0305882
2504 0 1 11 359 479 0.0306407 0.0265264 0.026253
2505 0 1 10 338 468 0.0295858 0.0251431 0.0248139
2506 0 1 12 383 502 0.0313316 0.0273672 0.0271186
2507 0 1 9 354 494 0.0254237 0.0215217 0.0212264
2508 0 1 7 363 511 0.0192837 0.016253 0.0160183
2509 0 1 8 346 489 0.0231214 0.019449 0.0191617
2510 0 1 8 353 498 0.0226629 0.0190804 0.0188014
2511 0 1 12 349 480 0.034384 0.0293189 0.0289505
2512 0 1 8 349 489 0.0229226 0.0193652 0.0190931
2513 0 1 9 349 481 0.025788 0.0219663 0.0216867
2514 0 1 4 331 472 0.0120846 0.0101199 0.00996264
2515 0 1 6 336 457 0.0178571 0.0153117 0.0151324
2516 0 1 4 355 472 0.0112676 0.00977181 0.00967352
2517 0 1 4 351 492 0.011396 0.00962551 0.00948992
2518 0 1 6 337 494 0.0178042 0.0147053 0.0144404
2519 0 1 6 340 480 0.0176471 0.0148522 0.0146341
2520 0 1 6 340 469 0.0176471 0.0150254 0.0148331
2521 0 1 5 331 468 0.0151057 0.0127038 0.0125156
2522 0 1 4 332 444 0.0120482 0.0104184 0.0103093
2523 0 1 6 350 420 0.0171429 0.0156492 0.0155844
2524 0 1 2 343 434 0.0058309 0.00518368 0.00514801
2525 0 1 6 340 441 0.0176471 0.015495 0.0153649
2526 0 1 4 338 417 0.0118343 0.0106545 0.010596
2527 0 1 4 359 483 0.0111421 0.00960592 0.00950119
2528 0 1 3 359 462 0.00835655 0.00736636 0.00730816
2529 0 1 2 346 450 0.00578035 0.00506857 0.00502513
2530 0 1 3 369 435 0.00813008 0.00748796 0.00746269
2531 0 1 3 346 424 0.00867052 0.0078325 0.00779221
2532 0 1 5 356 425 0.0140449 0.0128544 0.0128041
2533 0 1 3 346 422 0.00867052 0.00785104 0.0078125
2534 0 1 6 363 426 0.0165289 0.0152578 0.0152091
2535 0 1 3 344 422 0.00872093 0.00787383 0.0078329
2536 0 1 2 350 410 0.00571429 0.00527964 0.00526316
2537 0 1 4 349 389 0.0114613 0.0108561 0.0108401
2538 0 1 6 362 462 0.0165746 0.0146715 0.0145631
2539 0 1 5 365 422 0.0136986 0.0127399 0.0127065
2540 0 1 6 362 426 0.0165746 0.0152789 0.0152284
2541 0 1 6 362 405 0.0165746 0.01567 0.0156454
2542 0 1 3 342 392 0.00877193 0.00819342 0.00817439
2543 0 1 2 351 378 0.00569801 0.00549074 0.00548697
2544 0 1 3 332 356 0.00903614 0.00872624 0.00872093
2545 0 1 2 312 333 0.00641026 0.00620484 0.00620155
2546 0 1 4 330 331 0.0121212 0.0121029 0.0121029
2547 0 1 0 300 310 0 0 0
2548 0 1 3 328 351 0.00914634 0.0088416 0.00883652
2549 0 1 1 320 314 0.00318471 0.00315472 0.00315457
2550 0 1 0 291 292 0 0 0
2551 0 1 3 281 270 0.0111111 0.0108915 0.0108893
2552 0 1 1 267 256 0.00390625 0.00382494 0.00382409
2553 0 1 2 270 231 0.00865801 0.00800833 0.00798403
2554 0 1 2 272 256 0.0078125 0.00757924 0.00757576
2555 0 1 1 276 250 0.004 0.00380694 0.00380228
2556 0 1 0 279 259 0 0 0
2557 0 1 0 304 281 0 0 0
2558 0 1 0 303 266 0 0 0
2559 0 1 1 312 277 0.00361011 0.0034016 0.00339559
2560 0 1 1 318 251 0.00398406 0.00353956 0.00351494
2561 0 1 3 309 251 0.0119522 0.0107722 0.0107143
2562 0 1 2 304 248 0.00806452 0.00728396 0.00724638
2563 0 1 0 304 250 0 0 0
2564 0 1 0 301 256 0 0 0
2565 0 1 1 325 320 0.003125 0.00310087 0.00310078
2566 0 1 2 306 304 0.00657895 0.00655741 0.00655738
2567 0 1 1 330 297 0.003367 0.00319422 0.00318979
2568 0 1 0 296 295 0 0 0
2569 0 1 3 296 293 0.0102389 0.0101869 0.0101868
2570 0 1 4 296 316 0.0135135 0.0130789 0.0130719
2571 0 1 2 303 310 0.00660066 0.00652571 0.00652529
2572 0 1 3 311 301 0.00996678 0.00980523 0.00980392
2573 0 1 2 312 297 0.00673401 0.00657014 0.00656814
2574 0 1 3 311 294 0.0102041 0.00992127 0.00991736
2575 0 1 1 306 291 0.00343643 0.00335114 0.00335008
2576 0 1 0 314 289 0 0 0
2577 0 1 1 313 281 0.00355872 0.0033719 0.003367
2578 0 1 2 308 274 0.00729927 0.00688461 0.00687285
2579 0 1 6 329 272 0.0220588 0.0200571 0.0199667
2580 0 1 6 320 263 0.0228137 0.0206823 0.0205832
2581 0 1 6 323 276 0.0217391 0.0200953 0.0200334
2582 0 1 4 316 273 0.014652 0.0136187 0.0135823
2583 0 1 4 320 270 0.0148148 0.0136083 0.0135593
2584 0 1 3 312 277 0.0108303 0.0102048 0.0101868
2585 0 1 6 310 286 0.020979 0.0201506 0.0201342
2586 0 1 2 306 278 0.00719424 0.0068572 0.00684932
2587 0 1 2 314 276 0.00724638 0.00679377 0.00677966
2588 0 1 3 309 266 0.0112782 0.0104641 0.0104348
2589 0 1 4 319 276 0.0144928 0.0134806 0.0134454
2590 0 1 2 322 272 0.00735294 0.00675799 0.00673401
2591 0 1 3 310 267 0.011236 0.0104276 0.0103986
2592 0 1 4 319 271 0.0147601 0.0136044 0.0135593
2593 0 1 4 317 274 0.0145985 0.0135724 0.0135364
2594 0 1 5 304 288 0.0173611 0.0168981 0.0168919
2595 0 1 6 310 285 0.0210526 0.0201859 0.0201681
2596 0 1 7 304 288 0.0243056 0.0236573 0.0236486
2597 0 1 6 313 272 0.0220588 0.0205634 0.0205128
2598 0 1 8 305 276 0.0289855 0.0275731 0.0275387
2599 0 1 7 297 281 0.024911 0.0242307 0.0242215
2600 0 1 5 278 269 0.0185874 0.018284 0.0182815
2601 0 1 4 293 314 0.0136519 0.0131875 0.0131796
2602 0 1 5 295 294 0.0170068 0.016978 0.0169779
2603 0 1 6 283 275 0.0218182 0.0215076 0.0215054
2604 0 1 8 260 263 0.0307692 0.0305932 0.0305927
2605 0 1 6 271 265 0.0226415 0.0223895 0.0223881
2606 0 1 8 278 266 0.0300752 0.0294189 0.0294118
2607 0 1 5 284 322 0.0176056 0.0165342 0.0165017
2608 0 1 2 291 300 0.00687285 0.00676897 0.00676819
2609 0 1 9 274 293 0.0328467 0.0317639 0.031746
2610 0 1 4 291 319 0.0137457 0.0131286 0.0131148
2611 0 1 8 315 346 0.0253968 0.0242324 0.0242057
2612 0 1 8 291 316 0.0274914 0.0263815 0.0263591
2613 0 1 5 285 321 0.0175439 0.0165308 0.0165017
2614 0 1 9 268 306 0.0335821 0.0314278 0.0313589
2615 0 1 8 278 284 0.028777 0.0284714 0.0284698
2616 0 1 9 267 269 0.0337079 0.0335823 0.0335821
2617 0 1 4 296 324 0.0135135 0.0129164 0.0129032
2618 0 1 7 289 313 0.0242215 0.0232743 0.0232558
2619 0 1 7 295 299 0.0237288 0.0235696 0.023569
2620 0 1 7 279 272 0.0257353 0.0254104 0.0254083
2621 0 1 7 269 252 0.0277778 0.0268857 0.0268714
2622 0 1 3 276 296 0.0108696 0.0104959 0.0104895
2623 0 1 4 262 304 0.0152672 0.0141734 0.0141343
2624 0 1 8 238 274 0.0336134 0.0313275 0.03125
2625 0 1 5 235 270 0.0212766 0.0198497 0.019802
2626 0 1 3 219 264 0.0136986 0.0124766 0.0124224
2627 0 1 2 228 267 0.00877193 0.00810601 0.00808081
2628 0 1 5 215 252 0.0232558 0.0214808 0.0214133
2629 0 1 3 199 250 0.0150754 0.0134501 0.013363
2630 0 1 1 202 262 0.00495049 0.00434684 0.00431034
2631 0 1 3 197 249 0.0152284 0.0135453 0.0134529
2632 0 1 3 197 303 0.0152284 0.0122791 0.012
2633 0 1 2 191 274 0.0104712 0.00874255 0.00860215
2634 0 1 3 179 275 0.0167598 0.0135216 0.0132159
2635 0 1 1 137 210 0.00729927 0.00589563 0.00576369
2636 0 1 0 74 109 0 0 0
2637 0 1 2 142 133 0.0150376 0.0145532 0.0145455
2638 0 1 2 92 71 0.028169 0.0247461 0.0245399
2639 0 1 2 128 146 0.015625 0.0146301 0.0145985
2640 0 1 2 90 107 0.0222222 0.0203806 0.0203046
2641 0 1 3 120 134 0.025 0.023658 0.023622
2642 0 1 3 222 254 0.0135135 0.0126336 0.012605
2643 0 1 1 95 144 0.0105263 0.00854982 0.0083682
2644 0 1 2 93 157 0.0215054 0.0165516 0.016
2645 0 1 2 119 162 0.0168067 0.0144045 0.0142349
2646 0 1 3 132 168 0.0227273 0.0201456 0.02
2647 0 1 2 116 172 0.0172414 0.0141591 0.0138889
2648 0 1 2 131 172 0.0152672 0.0133239 0.0132013
2649 0 1 1 128 177 0.0078125 0.00664367 0.00655738
2650 0 1 2 139 173 0.0143885 0.0128973 0.0128205
2651 0 1 1 127 178 0.00787402 0.00665102 0.00655738
2652 0 1 1 125 177 0.008 0.00672293 0.00662252
2653 0 1 2 134 167 0.0149254 0.0133696 0.013289
2654 0 1 2 131 172 0.0152672 0.0133239 0.0132013
2655 0 1 4 128 167 0.03125 0.0273588 0.0271186
2656 0 1 2 132 177 0.0151515 0.0130845 0.012945
2657 0 1 2 129 173 0.0155039 0.0133879 0.013245
2658 0 1 2 124 169 0.016129 0.0138158 0.0136519
2659 0 1 3 128 173 0.0234375 0.0201601 0.0199336
2660 0 1 1 128 173 0.0078125 0.00672004 0.00664452
2661 0 1 3 125 175 0.024 0.0202837 0.02
2662 0 1 1 121 177 0.00826446 0.00683315 0.00671141
2663 0 1 2 123 176 0.0162602 0.0135932 0.0133779
2664 0 1 4 122 168 0.0327869 0.0279399 0.0275862
2665 0 1 2 130 174 0.0153846 0.0132979 0.0131579
2666 0 1 4 125 176 0.032 0.026968 0.0265781
2667 0 1 0 126 165 0 0 0
2668 0 1 4 127 182 0.0314961 0.0263101 0.02589
2669 0 1 2 123 174 0.0162602 0.0136711 0.013468
2670 0 1 3 123 179 0.0243902 0.0202182 0.0198676
2671 0 1 3 124 176 0.0241935 0.0203074 0.02
2672 0 1 2 125 180 0.016 0.0133333 0.0131148
2673 0 1 5 131 180 0.0381679 0.032561 0.0321543
2674 0 1 2 131 179 0.0152672 0.0130607 0.0129032
2675 0 1 1 119 183 0.00840336 0.00677643 0.00662252
2676 0 1 4 127 173 0.0314961 0.0269858 0.0266667
2677 0 1 3 125 180 0.024 0.02 0.0196721
2678 0 1 2 126 180 0.015873 0.0132803 0.0130719
2679 0 1 3 123 172 0.0243902 0.0206255 0.020339
2680 0 1 3 127 178 0.023622 0.0199531 0.0196721
2681 0 1 3 123 179 0.0243902 0.0202182 0.0198676
2682 0 1 3 129 176 0.0232558 0.0199099 0.0196721
2683 0 1 2 126 177 0.015873 0.0133924 0.0132013
2684 0 1 3 129 184 0.0232558 0.0194723 0.0191693
2685 0 1 3 128 179 0.0234375 0.0198194 0.019544
2686 0 1 3 129 176 0.0232558 0.0199099 0.0196721
2687 0 1 3 123 175 0.0243902 0.0204479 0.0201342
2688 0 1 2 129 177 0.0155039 0.0132357 0.0130719
2689 0 1 3 128 174 0.0234375 0.0201021 0.0198676
2690 0 1 3 130 181 0.0230769 0.0195574 0.0192926
2691 0 1 3 124 177 0.0241935 0.0202499 0.0199336
2692 0 1 3 129 180 0.0232558 0.0196875 0.0194175
2693 0 1 4 127 175 0.0314961 0.0268311 0.0264901
2694 0 1 3 124 179 0.0241935 0.0201365 0.019802
2695 0 1 4 129 173 0.0310078 0.0267758 0.0264901
2696 0 1 3 126 172 0.0238095 0.0203785 0.0201342
2697 0 1 4 129 173 0.0310078 0.0267758 0.0264901
2698 0 1 4 127 174 0.0314961 0.0269081 0.0265781
2699 0 1 2 129 177 0.0155039 0.0132357 0.0130719

# ---------- Global Summary ----------
# CorrFrames: 2644
avg_CorrEdges: 5.60023
avg_match_A: 212.005
avg_match_B: 359.118
global_RI_MNR: 0.0264155
global_RI_GNR: 0.0202962
global_RI_DICE: 0.0196113

# ---------- Per-Channel Summary ----------
chA: 0 chB: 1 | avgC: 5.60023 avgA: 212.005 avgB: 359.118 MNR: 0.0258219 GNR: 0.0184275 DICE: 0.0172706
