1403638523.577829 0.003143090 0.014531509 0.003243806 -0.013841010 0.018288657 -0.019447869 0.999547780
1403638523.627830 0.003772698 0.017455885 0.003794255 -0.022903230 0.020669365 -0.022673484 0.999266803
1403638523.677829 0.005410428 0.020285387 0.004537998 -0.030511102 0.021772960 -0.025743090 0.998965621
1403638523.727829 0.005856684 0.023308432 0.005273229 -0.035587475 0.022796536 -0.028023472 0.998713434
1403638523.777829 0.006139523 0.025026342 0.005571812 -0.039210308 0.023282493 -0.030023493 0.998508394
1403638523.827830 0.007120333 0.027937505 0.005326366 -0.040325880 0.022841902 -0.030039774 0.998473644
1403638523.877829 0.006976604 0.028843081 0.005944671 -0.040818520 0.024174325 -0.033379193 0.998316228
1403638523.927830 0.008024633 0.032024018 0.005891670 -0.039824095 0.026214574 -0.037561107 0.998156309
1403638523.977829 0.008221433 0.033624846 0.005853762 -0.040560350 0.027840167 -0.043046582 0.997861087
1403638524.027829 0.008307857 0.034726098 0.005703547 -0.042974226 0.029065154 -0.048829135 0.997458875
1403638524.077829 0.008420209 0.035574745 0.005503341 -0.046800494 0.028759496 -0.053389192 0.997061789
1403638524.127830 0.008510266 0.035252698 0.005048221 -0.051532451 0.027822617 -0.056512211 0.996682823
1403638524.177829 0.008273595 0.033945218 0.005431071 -0.055559069 0.025835531 -0.057528775 0.996461809
1403638524.227829 0.008077173 0.032091040 0.004788941 -0.057703298 0.023122931 -0.056617245 0.996458828
1403638524.277829 0.008096903 0.030656343 0.003965836 -0.057161823 0.020444188 -0.054341391 0.996675253
1403638524.327830 0.007915959 0.027858941 0.003213070 -0.055419024 0.016943423 -0.051088739 0.997011304
1403638524.377829 0.007561315 0.023840144 0.002206431 -0.052620050 0.013993865 -0.047391225 0.997391284
1403638524.427830 0.007355269 0.020527411 0.001459697 -0.047478233 0.011385435 -0.044286702 0.997825086
1403638524.477829 0.007303840 0.017503718 0.000723154 -0.040610902 0.009417809 -0.042735659 0.998216271
1403638524.527829 0.007034005 0.014190882 0.000009157 -0.032732055 0.007737783 -0.041630629 0.998566806
1403638524.577829 0.006356243 0.010006476 -0.000579660 -0.025344351 0.007886305 -0.040743105 0.998817027
1403638524.627830 0.006049247 0.006635339 -0.001061935 -0.018779665 0.009790708 -0.039425611 0.998998046
1403638524.677829 0.005742189 0.003747221 -0.001294482 -0.013447762 0.014459422 -0.039353143 0.999030232
1403638524.727829 0.005210173 0.001130047 -0.001386747 -0.009419921 0.020492388 -0.040952463 0.998906553
1403638524.777829 0.004969484 -0.001053537 -0.001482787 -0.006107472 0.028029986 -0.043108523 0.998658419
1403638524.827830 0.004627067 -0.002829673 -0.001492613 -0.004322343 0.033695739 -0.044631034 0.998425782
1403638524.877829 0.004445776 -0.004404506 -0.001963982 -0.003497428 0.032791823 -0.043269619 0.998519003
1403638524.927830 0.002988415 -0.004432185 -0.001853446 -0.002109040 0.031016683 -0.042394575 0.998617172
1403638524.977829 0.002677366 -0.004625352 -0.001556790 -0.000795738 0.027020747 -0.041574586 0.998769641
1403638525.027829 0.002614686 -0.004294383 -0.001343624 0.001177506 0.025606297 -0.042717453 0.998758316
1403638525.077829 0.002938752 -0.003512685 -0.001214931 0.003292466 0.026676821 -0.045866594 0.998585880
1403638525.127830 0.002644242 -0.001672139 -0.000218183 0.004980197 0.026791999 -0.048614006 0.998445809
1403638525.177829 0.003061774 0.000046769 0.000146561 0.005226014 0.025986223 -0.051037423 0.998344898
1403638525.227829 0.003200216 0.002487358 0.000985042 0.004032915 0.024911072 -0.053268209 0.998261333
1403638525.277829 0.003322312 0.005254283 0.001776265 0.000184974 0.023286710 -0.054669481 0.998232901
1403638525.327830 0.004710546 0.007753730 0.002840945 -0.006769150 0.021039303 -0.056012128 0.998185456
1403638525.377829 0.004959003 0.010786653 0.003535219 -0.016004026 0.018147646 -0.056312092 0.998120010
1403638525.427830 0.005266811 0.013648788 0.003938118 -0.026956368 0.014962695 -0.054899406 0.998015821
1403638525.477829 0.005575446 0.016591094 0.004269260 -0.038166046 0.010388739 -0.051587254 0.997884870
1403638525.527829 0.005709037 0.019354869 0.004924194 -0.047866639 0.007514362 -0.048868790 0.997629285
1403638525.577829 0.005946299 0.021909652 0.005417930 -0.054816410 0.005977588 -0.046648618 0.997388244
1403638525.627830 0.006075752 0.024248464 0.006289495 -0.058522008 0.006091406 -0.044911765 0.997256756
1403638525.677829 0.006338593 0.026389880 0.006882616 -0.059852406 0.007264220 -0.043615282 0.997227490
1403638525.727829 0.006503298 0.028245546 0.007303794 -0.058950130 0.009949619 -0.042495951 0.997306347
1403638525.777829 0.006694065 0.029902991 0.007961139 -0.056170527 0.012962338 -0.040846791 0.997501075
1403638525.827830 0.007039414 0.031686820 0.008552588 -0.052478489 0.016852088 -0.041137949 0.997632027
1403638525.877829 0.007212510 0.032742832 0.008833569 -0.048824254 0.021218523 -0.042272016 0.997686863
1403638525.927830 0.007596449 0.033649936 0.009003432 -0.046418607 0.025673551 -0.044354603 0.997606575
1403638525.977829 0.008284070 0.034188215 0.008953920 -0.045972437 0.028636102 -0.046252988 0.997460365
1403638526.027829 0.009289228 0.034382965 0.008673817 -0.046758637 0.030810585 -0.047667585 0.997292399
1403638526.077829 0.010270375 0.033076953 0.007891603 -0.049070615 0.033529922 -0.046794146 0.997134984
1403638526.127830 0.011826770 0.032738235 0.007387399 -0.051256396 0.036822394 -0.043743107 0.997047365
1403638526.177829 0.013531788 0.032127220 0.006813144 -0.052575771 0.040385295 -0.040344108 0.996984065
1403638526.227829 0.015437421 0.031424858 0.006164643 -0.052355863 0.044262804 -0.037266299 0.996950805
1403638526.277829 0.017590731 0.030592469 0.005250518 -0.050352503 0.048486281 -0.035078745 0.996936917
1403638526.327830 0.019770330 0.029727727 0.004426700 -0.046805486 0.051699311 -0.032604560 0.997032285
1403638526.377829 0.021994941 0.029096184 0.003686352 -0.042321697 0.055254422 -0.029744755 0.997131407
1403638526.427830 0.024498817 0.028313782 0.002681914 -0.037489880 0.059013348 -0.026549315 0.997199595
1403638526.477829 0.027147360 0.027645614 0.001574322 -0.032716788 0.062531710 -0.022088302 0.997262001
1403638526.527829 0.029929711 0.027031492 0.000555464 -0.028042175 0.066303641 -0.017926743 0.997244239
1403638526.577829 0.032941967 0.026649518 -0.000485272 -0.022892216 0.069740787 -0.014123321 0.997202396
1403638526.627830 0.035966512 0.026298057 -0.001110461 -0.017904665 0.073766425 -0.011987153 0.997042716
1403638526.677829 0.039063342 0.025717784 -0.001992288 -0.013939512 0.078156225 -0.010426930 0.996789157
1403638526.727829 0.042585976 0.025670052 -0.003010821 -0.010834780 0.082345113 -0.009640209 0.996498346
1403638526.777829 0.046429865 0.025432169 -0.004456501 -0.008672219 0.087951228 -0.011362341 0.996022224
1403638526.827830 0.049718149 0.025575843 -0.004800376 -0.007221930 0.093186170 -0.013143809 0.995535731
1403638526.877829 0.053223643 0.025595702 -0.006045311 -0.007443595 0.096463524 -0.013598922 0.995215774
1403638526.927830 0.057042263 0.025407558 -0.007532892 -0.009455011 0.099078082 -0.012551563 0.994955599
1403638526.977829 0.060437739 0.025530579 -0.008612448 -0.012942259 0.103515945 -0.010682316 0.994486213
1403638527.027829 0.063921921 0.025362207 -0.009708735 -0.017277062 0.109806374 -0.008015829 0.993770480
1403638527.077829 0.064041197 0.024866542 -0.010720059 -0.021406788 0.118576117 -0.004295281 0.992704928
1403638527.127830 0.067111656 0.024545774 -0.011648336 -0.024368787 0.126176268 0.000057449 0.991708457
1403638527.177829 0.069578126 0.024458084 -0.012687731 -0.025291372 0.133959800 0.003683237 0.990657151
1403638527.227829 0.071776398 0.024176851 -0.012599258 -0.024185939 0.142195702 0.006885262 0.989519119
1403638527.277829 0.074896798 0.024170503 -0.013374446 -0.021414829 0.150929183 0.007953286 0.988280594
1403638527.327830 0.074686743 0.023701703 -0.013051532 -0.018019518 0.160927668 0.007299753 0.986774683
1403638527.377829 0.075238995 0.023428284 -0.012653301 -0.014381669 0.169518158 0.005485327 0.985406816
1403638527.427830 0.076030292 0.023025669 -0.012520895 -0.011522890 0.175950363 0.003946808 0.984323680
1403638527.477829 0.076326683 0.023370145 -0.012883238 -0.009369066 0.180002123 0.002633831 0.983618081
1403638527.527829 0.075574234 0.022968346 -0.012399899 -0.008704383 0.182422981 0.002053454 0.983179450
1403638527.577829 0.074320875 0.023009349 -0.011350428 -0.008587446 0.183267012 0.001747209 0.983024120
1403638527.627830 0.072732344 0.022720028 -0.010450559 -0.008891810 0.182429507 0.001269747 0.983177900
1403638527.677829 0.070752293 0.022704788 -0.009882977 -0.009017282 0.179845542 -0.000095718 0.983653545
1403638527.727829 0.068016715 0.022737242 -0.008237993 -0.009226984 0.176419154 -0.002044268 0.984269738
1403638527.777829 0.065346934 0.022089522 -0.007247085 -0.010472503 0.171699300 -0.002731722 0.985089958
1403638527.827830 0.062484019 0.022574684 -0.005292526 -0.011975361 0.165587857 -0.000981818 0.986121833
1403638527.877829 0.058625221 0.021785282 -0.004322087 -0.014092647 0.158554599 0.001600671 0.987248361
1403638527.927830 0.055969577 0.021361049 -0.003408135 -0.014968011 0.152154088 0.003612191 0.988236845
1403638527.977829 0.052575365 0.021082466 -0.001620320 -0.014434687 0.148121998 0.003633018 0.988857090
1403638528.027829 0.049706925 0.020632077 -0.001037111 -0.013127597 0.144066647 0.002109592 0.989478648
1403638528.077829 0.046482835 0.020480806 -0.000135941 -0.011591682 0.138741001 0.001445587 0.990259826
1403638528.127830 0.043083709 0.020364333 0.000983913 -0.010986662 0.132800519 0.000623569 0.991081715
1403638528.177829 0.042954184 0.020568684 0.003582548 -0.011406017 0.125935912 0.000043769 0.991972804
1403638528.227829 0.040078882 0.020518718 0.004907557 -0.012364380 0.118373796 -0.000544671 0.992891967
1403638528.277829 0.037539065 0.020430163 0.006382674 -0.013117609 0.110386461 -0.001122461 0.993801534
1403638528.327830 0.035355881 0.020457730 0.008827639 -0.013224092 0.104268923 -0.002337985 0.994458437
1403638528.377829 0.030369785 0.020045169 0.009980613 -0.012225689 0.101521276 -0.003984490 0.994750261
1403638528.427830 0.031995241 0.020151265 0.012987498 -0.010906177 0.100025907 -0.005763293 0.994908392
1403638528.477829 0.032556612 0.020847326 0.015144486 -0.010463551 0.099964052 -0.007381294 0.994908631
1403638528.527829 0.029570464 0.019420167 0.017254211 -0.012106242 0.102362804 -0.006770986 0.994650424
1403638528.577829 0.028990749 0.018502221 0.019093476 -0.014310391 0.104734831 -0.004436497 0.994387329
1403638528.627830 0.028105762 0.018520162 0.021579519 -0.015617345 0.106913969 -0.000367575 0.994145572
1403638528.677829 0.027587468 0.017764635 0.023581201 -0.016151723 0.108781971 0.002576782 0.993931055
1403638528.727829 0.027330453 0.017141787 0.025249965 -0.015764561 0.112138025 0.003188285 0.993562460
1403638528.777829 0.025742294 0.017614659 0.027345829 -0.014235815 0.116750211 0.003532221 0.993053019
1403638528.827830 0.026007483 0.017103950 0.028155575 -0.013249104 0.117932864 0.006880849 0.992909312
1403638528.877829 0.026894756 0.016280774 0.028393485 -0.012455729 0.117588423 0.011938999 0.992912471
1403638528.927830 0.026445225 0.015483399 0.028739000 -0.011862976 0.117514148 0.016816638 0.992857933
1403638528.977829 0.026166245 0.014518466 0.028377369 -0.012178509 0.116358191 0.021262882 0.992905021
1403638529.027829 0.025514897 0.014049598 0.027159661 -0.012905086 0.116053224 0.023604296 0.992878616
1403638529.077829 0.024836708 0.014199118 0.025666736 -0.013283736 0.118435271 0.021733453 0.992635012
1403638529.127830 0.024112767 0.013897846 0.024317214 -0.014175018 0.123007894 0.014710553 0.992195427
1403638529.177829 0.022557193 0.014347238 0.022168104 -0.015188356 0.128384247 0.006377908 0.991587698
1403638529.227829 0.021340521 0.014750266 0.020270519 -0.016751586 0.131690502 -0.000146051 0.991149306
1403638529.277829 0.020156402 0.016114762 0.018876962 -0.018775916 0.134431198 -0.005196513 0.990731359
1403638529.327830 0.018984428 0.017115340 0.017577872 -0.022622140 0.135278985 -0.008388804 0.990513742
1403638529.377829 0.017857997 0.018712111 0.016105162 -0.028235678 0.135487720 -0.010548418 0.990320444
1403638529.427830 0.016659999 0.020464689 0.014700313 -0.036264222 0.134974062 -0.011717194 0.990115941
1403638529.477829 0.016561689 0.022640351 0.013117830 -0.046094541 0.133087218 -0.010729933 0.989973724
1403638529.527829 0.015562687 0.024497299 0.011997169 -0.056265295 0.131135657 -0.009755025 0.989718378
1403638529.577829 0.014877761 0.026309121 0.011320145 -0.064749636 0.130232915 -0.010719620 0.989308834
1403638529.627830 0.013946064 0.027486920 0.010494572 -0.070512503 0.130336300 -0.012271868 0.988883138
1403638529.677829 0.013313429 0.029069506 0.010159153 -0.072393268 0.130021855 -0.013520088 0.988772333
1403638529.727829 0.012804676 0.030546470 0.009800193 -0.070613034 0.129161984 -0.013885591 0.989008665
1403638529.777829 0.012353283 0.031950600 0.009944876 -0.065728545 0.129168913 -0.014195411 0.989340007
1403638529.827830 0.011817433 0.033198729 0.010260740 -0.059133377 0.128650561 -0.013309839 0.989835918
1403638529.877829 0.011502784 0.034296580 0.010561209 -0.053551070 0.128928795 -0.013420122 0.990115941
1403638529.927830 0.011219108 0.035143472 0.010749966 -0.050096139 0.128786758 -0.013620101 0.990312517
1403638529.977829 0.011211948 0.036191124 0.011403464 -0.048606787 0.128743872 -0.013286539 0.990396798
1403638530.027829 0.011206329 0.036694281 0.012154938 -0.049253758 0.129459426 -0.013791087 0.990264654
1403638530.077829 0.011254891 0.037104085 0.012927730 -0.051006943 0.129740566 -0.013141315 0.990147948
1403638530.127830 0.011377221 0.037412658 0.013684275 -0.052996080 0.131076545 -0.011931279 0.989882827
1403638530.177829 0.011600044 0.037652504 0.014704023 -0.054017801 0.133252919 -0.010040369 0.989557981
1403638530.227829 0.011842813 0.037903145 0.015681319 -0.054012682 0.136275589 -0.008505603 0.989160895
1403638530.277829 0.012124030 0.038141154 0.016692355 -0.053305313 0.138739154 -0.006705332 0.988870561
1403638530.327830 0.012455471 0.038412791 0.017715041 -0.052716527 0.140781954 -0.004342518 0.988626599
1403638530.377829 0.012883452 0.038684357 0.018679155 -0.052295104 0.143755704 -0.003917718 0.988222718
1403638530.427830 0.012027597 0.038027618 0.018746439 -0.052174933 0.146367282 -0.003260039 0.987848043
1403638530.477829 0.012357938 0.038173344 0.019449867 -0.052148443 0.146961004 -0.001329860 0.987765789
1403638530.527829 0.012666479 0.038305491 0.020023063 -0.051811948 0.146801457 0.001196027 0.987807393
1403638530.577829 0.012982975 0.038460515 0.020484913 -0.052206159 0.148382917 0.002071439 0.987548828
1403638530.627830 0.013265400 0.038648687 0.020788183 -0.054290526 0.149593890 0.002500023 0.987252772
1403638530.677829 0.013519921 0.038872380 0.021116696 -0.057854738 0.150635764 0.003453644 0.986888945
1403638530.727829 0.013683407 0.039121900 0.021440534 -0.061506648 0.151303560 0.004655759 0.986560941
1403638530.777829 0.013876729 0.039375380 0.021676920 -0.064099431 0.151877046 0.005085302 0.986305594
1403638530.827830 0.013959674 0.039458737 0.021816649 -0.065233253 0.151639044 0.005275482 0.986266911
1403638530.877829 0.014046407 0.039644442 0.022020111 -0.065044597 0.150150016 0.005605178 0.986505330
1403638530.927830 0.014117927 0.039786384 0.022142027 -0.063355967 0.149342269 0.005998701 0.986735463
1403638530.977829 0.014134676 0.039905161 0.022266855 -0.060939617 0.149038613 0.006097273 0.986932933
1403638531.027829 0.014137806 0.040042993 0.022336893 -0.058387976 0.147975489 0.006160337 0.987246752
1403638531.077829 0.014125884 0.040126745 0.022360068 -0.054606799 0.148711488 0.004105721 0.987363219
1403638531.127830 0.014012475 0.040115111 0.022359489 -0.051749647 0.148840889 0.003261566 0.987500727
1403638531.177829 0.013920277 0.040093757 0.022369925 -0.050587095 0.148161262 0.001708024 0.987667084
1403638531.227829 0.013892950 0.040231906 0.022465125 -0.051168058 0.148909211 -0.000275890 0.987526059
1403638531.277829 0.013813905 0.040284012 0.022486735 -0.048422538 0.149456725 -0.001167716 0.987581193
1403638531.327830 0.013766725 0.040295575 0.022564933 -0.044579975 0.149567395 -0.001061822 0.987745464
1403638531.377829 0.013730728 0.040330809 0.022557836 -0.045970768 0.149365097 -0.001156265 0.987712204
1403638531.427830 0.013779107 0.040310662 0.022533029 -0.045896698 0.149664417 -0.001638974 0.987669647
1403638531.477829 0.013773065 0.040292520 0.022498013 -0.044041473 0.149568200 -0.000879400 0.987769663
1403638531.527829 0.013782649 0.040318657 0.022515688 -0.044393294 0.149447829 -0.001236195 0.987771749
1403638531.577829 0.013784047 0.040340669 0.022488493 -0.044636328 0.149404839 -0.002137823 0.987765789
1403638531.627830 0.013777007 0.040351003 0.022493009 -0.044567570 0.149197742 -0.002240584 0.987799942
1403638531.677829 0.013759736 0.040344980 0.022497064 -0.044754591 0.149077848 -0.001310768 0.987811267
1403638531.727829 0.013779124 0.040360939 0.022486255 -0.044794761 0.149320439 -0.001900187 0.987771869
1403638531.777829 0.013765698 0.040347055 0.022509078 -0.044652402 0.149241433 -0.001514083 0.987790883
1403638531.827830 0.013774362 0.040346924 0.022473704 -0.044770963 0.149258748 -0.001755515 0.987782478
1403638531.877829 0.013763849 0.040351093 0.022484345 -0.044730790 0.149190888 -0.001606005 0.987794816
1403638531.927830 0.013769876 0.040346812 0.022475421 -0.044718921 0.149161845 -0.001513601 0.987799883
1403638531.977829 0.013777977 0.040348608 0.022492100 -0.044772509 0.149191082 -0.001652393 0.987792850
1403638532.027829 0.013757581 0.040349957 0.022504508 -0.044748992 0.149237826 -0.001593116 0.987786949
1403638532.077829 0.013774798 0.040351432 0.022475386 -0.044753462 0.149232805 -0.001873722 0.987787008
1403638532.127830 0.013757220 0.040346548 0.022505419 -0.044724718 0.149130031 -0.001399308 0.987804592
1403638532.177829 0.013769809 0.040353280 0.022487765 -0.044772789 0.149196193 -0.001780306 0.987791836
1403638532.227829 0.013764078 0.040350467 0.022478392 -0.044756826 0.149187312 -0.001547129 0.987794280
1403638532.277829 0.013759496 0.040345505 0.022481374 -0.044777114 0.149269104 -0.001679905 0.987780809
1403638532.327830 0.013765439 0.040353335 0.022483001 -0.044677217 0.149162009 -0.001525555 0.987801731
1403638532.377829 0.013766378 0.040348563 0.022481851 -0.044807594 0.149148762 -0.001692752 0.987797618
1403638532.427830 0.013767018 0.040348019 0.022483140 -0.044730093 0.149156377 -0.001654860 0.987800002
1403638532.477829 0.013761114 0.040348575 0.022498764 -0.044745892 0.149206132 -0.001638941 0.987791777
1403638532.527829 0.013770974 0.040349375 0.022486571 -0.044753235 0.149160460 -0.001624858 0.987798393
1403638532.577829 0.013762070 0.040343057 0.022484094 -0.044789284 0.149202868 -0.001600764 0.987790406
1403638532.627830 0.013767996 0.040342622 0.022483679 -0.044801913 0.149189830 -0.001635180 0.987791717
1403638532.677829 0.013761471 0.040341210 0.022474319 -0.044717714 0.149203390 -0.001547550 0.987793624
1403638532.727829 0.013771755 0.040347151 0.022478402 -0.044746652 0.149103582 -0.001652416 0.987807214
1403638532.777829 0.013763937 0.040343542 0.022487290 -0.044802964 0.149095029 -0.001624537 0.987806022
1403638532.827830 0.013759900 0.040339589 0.022491060 -0.044820264 0.149206057 -0.001606450 0.987788498
1403638532.877829 0.013763157 0.040349729 0.022482764 -0.044803739 0.149177015 -0.001705178 0.987793446
1403638532.927830 0.013764316 0.040348705 0.022503842 -0.044783313 0.149170518 -0.001640828 0.987795472
1403638532.977829 0.013762875 0.040353123 0.022493791 -0.044749435 0.149205998 -0.001692361 0.987791538
1403638533.027829 0.013765228 0.040349279 0.022489231 -0.044737484 0.149135917 -0.001525988 0.987802982
1403638533.077829 0.013755428 0.040343858 0.022483271 -0.044815045 0.149208978 -0.001627748 0.987788260
1403638533.127830 0.013759864 0.040348213 0.022496767 -0.044783100 0.149191067 -0.001664522 0.987792373
1403638533.177829 0.013760071 0.040346846 0.022495965 -0.044802982 0.149174184 -0.001645630 0.987794042
1403638533.227829 0.013764227 0.040350296 0.022499137 -0.044753581 0.149192154 -0.001608460 0.987793624
1403638533.277829 0.013756545 0.040345240 0.022487622 -0.044781432 0.149176314 -0.001623041 0.987794697
1403638533.327830 0.013767600 0.040349584 0.022490025 -0.044828489 0.149220392 -0.001639663 0.987785876
1403638533.377829 0.013762809 0.040353116 0.022483632 -0.044708561 0.149177447 -0.001633896 0.987797797
1403638533.427830 0.013759980 0.040346034 0.022486322 -0.044856384 0.149165183 -0.001662603 0.987792909
1403638533.477829 0.013766189 0.040347021 0.022496022 -0.044774231 0.149234518 -0.001709251 0.987786114
1403638533.527829 0.013763501 0.040351830 0.022481706 -0.044743452 0.149141401 -0.001568116 0.987801790
1403638533.577829 0.013759179 0.040351447 0.022488339 -0.044762846 0.149208039 -0.001677377 0.987790704
1403638533.627830 0.013759068 0.040345844 0.022491025 -0.044781025 0.149206236 -0.001652124 0.987790167
1403638533.677829 0.013758965 0.040344659 0.022484068 -0.044824544 0.149222732 -0.001612498 0.987785757
1403638533.727829 0.013757550 0.040359844 0.022495013 -0.044729054 0.149192825 -0.001639131 0.987794578
1403638533.777829 0.013760663 0.040350754 0.022488259 -0.044754602 0.149208233 -0.001644672 0.987791061
1403638533.827830 0.013764696 0.040341992 0.022496779 -0.044783499 0.149181962 -0.001497902 0.987793982
1403638533.877829 0.013754649 0.040352866 0.022491269 -0.044769891 0.148899227 -0.001661844 0.987836957
1403638533.927830 0.013735999 0.040349025 0.022486137 -0.044841759 0.149250507 -0.001741838 0.987780571
1403638533.977829 0.013762468 0.040348984 0.022493165 -0.044766657 0.149179727 -0.001642356 0.987794876
1403638534.027829 0.013760475 0.040345464 0.022494134 -0.044836700 0.149282783 -0.001736670 0.987775922
1403638534.077829 0.013773359 0.040343493 0.022499215 -0.044822261 0.149517849 -0.001524276 0.987741411
1403638534.127830 0.013765101 0.040342890 0.022486959 -0.044865020 0.149381131 -0.001638201 0.987759948
1403638534.177829 0.013755350 0.040340826 0.022490971 -0.044791929 0.149281532 -0.001511253 0.987778485
1403638534.227829 0.013761021 0.040339887 0.022500560 -0.044877153 0.149238884 -0.001420643 0.987781227
1403638534.277829 0.013753820 0.040337875 0.022487437 -0.044856407 0.149062440 -0.001481057 0.987808704
1403638534.327830 0.013757158 0.040341254 0.022488551 -0.044809025 0.149169311 -0.001514395 0.987794697
1403638534.377829 0.013748270 0.040334702 0.022486985 -0.044809770 0.149104312 -0.001361355 0.987804711
1403638534.427830 0.013756810 0.040337000 0.022482928 -0.044862576 0.149147496 -0.001477769 0.987795591
1403638534.477829 0.013765923 0.040342350 0.022507964 -0.044808682 0.149416670 -0.001509981 0.987757325
1403638534.527829 0.013772494 0.040344268 0.022494467 -0.044845883 0.149519920 -0.001533956 0.987739980
1403638534.577829 0.013741301 0.040341929 0.022480872 -0.044810813 0.149191737 -0.001499868 0.987791240
1403638534.627830 0.013756596 0.040340301 0.022504866 -0.044868141 0.149189785 -0.001573431 0.987788856
1403638534.677829 0.013747584 0.040339138 0.022493588 -0.044823412 0.148947552 -0.001517347 0.987827480
1403638534.727829 0.013757901 0.040345587 0.022493642 -0.044783838 0.148942068 -0.001657463 0.987829864
1403638534.777829 0.013751572 0.040351178 0.022519754 -0.044821907 0.148975313 -0.001662416 0.987823129
1403638534.827830 0.013762228 0.040346835 0.022499032 -0.044815533 0.148956448 -0.001703467 0.987826228
1403638534.877829 0.013762731 0.040341686 0.022492979 -0.044849504 0.149216413 -0.001645097 0.987785518
1403638534.927830 0.013759376 0.040341925 0.022492999 -0.044893965 0.149351880 -0.001810757 0.987762749
1403638534.977829 0.013766223 0.040338069 0.022491476 -0.044884574 0.149369508 -0.001705135 0.987760723
1403638535.027829 0.013767330 0.040347520 0.022497199 -0.044873219 0.149334416 -0.001632854 0.987766623
1403638535.077829 0.013760902 0.040345732 0.022489697 -0.044863477 0.149322703 -0.001644737 0.987768829
1403638535.127830 0.013763228 0.040345699 0.022499133 -0.044893697 0.149317786 -0.001720653 0.987768114
1403638535.177829 0.013757937 0.040342290 0.022496721 -0.044875324 0.149245366 -0.001560539 0.987780094
1403638535.227829 0.013761573 0.040337194 0.022469420 -0.044868510 0.149352893 -0.001717533 0.987763941
1403638535.277829 0.013764812 0.040347144 0.022501532 -0.044871371 0.149257004 -0.001610615 0.987778485
1403638535.327830 0.013765495 0.040348712 0.022493351 -0.044830609 0.149332300 -0.001666173 0.987768829
1403638535.377829 0.013760287 0.040347897 0.022498788 -0.044813938 0.149172351 -0.001574428 0.987793922
1403638535.427830 0.013764197 0.040344398 0.022482902 -0.044829562 0.149187014 -0.001559529 0.987791002
1403638535.477829 0.013766214 0.040347695 0.022493390 -0.044860508 0.149243370 -0.001577253 0.987781107
1403638535.527829 0.013762550 0.040342640 0.022485957 -0.044839524 0.149192065 -0.001602316 0.987789750
1403638535.577829 0.013755116 0.040349025 0.022504969 -0.044836689 0.149214417 -0.001634827 0.987786412
1403638535.627830 0.013758068 0.040346816 0.022483585 -0.044809353 0.149211347 -0.001648914 0.987788141
1403638535.677829 0.013756569 0.040350936 0.022500778 -0.044830333 0.149156138 -0.001605589 0.987795591
1403638535.727829 0.013754375 0.040348206 0.022495713 -0.044904981 0.149292052 -0.001806626 0.987771273
1403638535.777829 0.013753766 0.040354028 0.022500280 -0.044833664 0.149256125 -0.001659321 0.987780213
1403638535.827830 0.013756340 0.040345833 0.022495750 -0.044857100 0.149235129 -0.001673831 0.987782300
1403638535.877829 0.013758573 0.040349107 0.022508727 -0.044861145 0.149171174 -0.001652580 0.987791836
1403638535.927830 0.013755431 0.040348332 0.022494342 -0.044795033 0.149121374 -0.001579899 0.987802446
1403638535.977829 0.013757436 0.040349659 0.022481922 -0.044872407 0.149048746 -0.001586967 0.987809896
1403638536.027829 0.013759401 0.040350351 0.022490468 -0.044843234 0.149120614 -0.001665291 0.987800241
1403638536.077829 0.013758741 0.040354136 0.022499051 -0.044815343 0.149145991 -0.001639096 0.987797737
1403638536.127830 0.013754524 0.040353026 0.022494683 -0.044841494 0.149171203 -0.001731228 0.987792611
1403638536.177829 0.013760258 0.040351711 0.022497367 -0.044802770 0.149105877 -0.001592516 0.987804413
1403638536.227829 0.013762627 0.040346324 0.022487620 -0.044838406 0.149175599 -0.001682656 0.987792134
1403638536.277829 0.013764648 0.040344287 0.022484308 -0.044889674 0.149191350 -0.001633899 0.987787545
1403638536.327830 0.013758279 0.040345710 0.022491673 -0.044855516 0.149188951 -0.001598778 0.987789512
1403638536.377829 0.013759873 0.040352426 0.022504687 -0.044824354 0.149230167 -0.001679372 0.987784564
1403638536.427830 0.013757264 0.040343113 0.022492666 -0.044873860 0.149141148 -0.001600250 0.987795889
1403638536.477829 0.013755412 0.040345710 0.022491593 -0.044904195 0.149230093 -0.001720509 0.987780869
1403638536.527829 0.013758073 0.040347967 0.022496358 -0.044838633 0.149198055 -0.001711519 0.987788677
1403638536.577829 0.013755292 0.040350113 0.022492796 -0.044839639 0.149154335 -0.001626371 0.987795413
1403638536.627830 0.013765343 0.040345203 0.022502067 -0.044857424 0.149167240 -0.001606010 0.987792671
1403638536.677829 0.013754481 0.040347010 0.022482771 -0.044864781 0.149165094 -0.001758197 0.987792373
1403638536.727829 0.013765717 0.040345784 0.022484910 -0.044867307 0.149122760 -0.001695868 0.987798750
1403638536.777829 0.013758520 0.040340941 0.022482783 -0.044918329 0.149228856 -0.001665028 0.987780511
1403638536.827830 0.013760841 0.040347204 0.022481395 -0.044879928 0.149188548 -0.001661612 0.987788320
1403638536.877829 0.013758822 0.040347282 0.022498049 -0.044805150 0.149184003 -0.001501913 0.987792671
1403638536.927830 0.013762813 0.040346444 0.022484120 -0.044821959 0.149217114 -0.001707063 0.987786591
1403638536.977829 0.013758697 0.040347807 0.022502912 -0.044849198 0.149207026 -0.001457309 0.987787247
1403638537.027829 0.013759989 0.040349565 0.022517096 -0.044824354 0.149211884 -0.001544565 0.987787545
1403638537.077829 0.013753347 0.040341388 0.022488371 -0.044820026 0.149065569 -0.001448617 0.987809956
1403638537.127830 0.013761056 0.040349029 0.022488857 -0.044792701 0.149207115 -0.001718733 0.987789392
1403638537.177829 0.013759326 0.040347617 0.022503521 -0.044777893 0.149204940 -0.001619388 0.987790585
1403638537.227829 0.013760472 0.040343057 0.022494748 -0.044871747 0.149243712 -0.001555062 0.987780511
1403638537.277829 0.013760467 0.040347051 0.022492910 -0.044757571 0.149150744 -0.001489967 0.987799883
1403638537.327830 0.013762666 0.040343534 0.022489909 -0.044810399 0.149164602 -0.001501691 0.987795353
1403638537.377829 0.013763667 0.040349260 0.022490537 -0.044816718 0.149197727 -0.001669701 0.987789810
1403638537.427830 0.013762480 0.040350147 0.022494720 -0.044761956 0.149131283 -0.001448775 0.987802684
1403638537.477829 0.013760345 0.040345617 0.022487151 -0.044786610 0.149188131 -0.001625556 0.987792671
1403638537.527829 0.013763139 0.040346023 0.022491746 -0.044770688 0.149122909 -0.001519021 0.987803459
1403638537.577829 0.013764406 0.040351842 0.022496212 -0.044788830 0.149078622 -0.001566621 0.987809181
1403638537.627830 0.013760490 0.040344138 0.022493381 -0.044831637 0.149150997 -0.001657126 0.987796187
1403638537.677829 0.013760518 0.040348426 0.022498209 -0.044822767 0.149247050 -0.001685132 0.987782061
1403638537.727829 0.013767727 0.040344730 0.022502415 -0.044838384 0.149223551 -0.001560549 0.987785101
1403638537.777829 0.013759049 0.040343031 0.022492353 -0.044820458 0.149223655 -0.001609888 0.987785816
1403638537.827830 0.013764778 0.040340502 0.022497395 -0.044803895 0.149216786 -0.001579716 0.987787664
1403638537.877829 0.013769322 0.040341724 0.022500923 -0.044841014 0.149202004 -0.001582022 0.987788200
1403638537.927830 0.013765689 0.040337488 0.022495948 -0.044755597 0.149172857 -0.001471680 0.987796664
1403638537.977829 0.013764987 0.040337685 0.022500157 -0.044780351 0.149230227 -0.001526233 0.987786770
1403638538.027829 0.013770364 0.040335279 0.022485584 -0.044820804 0.149271652 -0.001541449 0.987778664
1403638538.077829 0.013762206 0.040336702 0.022500157 -0.044795878 0.149259493 -0.001393716 0.987781882
1403638538.127830 0.013770990 0.040336143 0.022483211 -0.044724114 0.149309739 -0.001593086 0.987777233
1403638538.177829 0.013757423 0.040332798 0.022484928 -0.044770714 0.149271250 -0.001481618 0.987781048
1403638538.227829 0.013760407 0.040335100 0.022482883 -0.044790469 0.149253473 -0.001537421 0.987782776
1403638538.277829 0.013762618 0.040331814 0.022485411 -0.044724848 0.149179295 -0.001499924 0.987797022
1403638538.327830 0.013770081 0.040336858 0.022478711 -0.044836003 0.149220005 -0.001554315 0.987785757
1403638538.377829 0.013763049 0.040326525 0.022501081 -0.044663109 0.149235696 -0.001540189 0.987791240
1403638538.427830 0.013772031 0.040322445 0.022507316 -0.044619806 0.149229333 -0.001473762 0.987794280
1403638538.477829 0.013769744 0.040324055 0.022509059 -0.044657521 0.149251148 -0.001475005 0.987789273
1403638538.527829 0.013777848 0.040300511 0.022490690 -0.044536725 0.149202734 -0.001238566 0.987802327
1403638538.577829 0.013778804 0.040317677 0.022525508 -0.044639796 0.149307027 -0.001471799 0.987781584
1403638538.627830 0.013778443 0.040292852 0.022491576 -0.044181544 0.149258569 -0.001133130 0.987809956
1403638538.677829 0.013777519 0.040305559 0.022490568 -0.044376332 0.149255082 -0.001276184 0.987801611
1403638538.727829 0.013775138 0.040294401 0.022472125 -0.043665167 0.149307877 -0.001279687 0.987825334
1403638538.777829 0.013770838 0.040263098 0.022484621 -0.042846262 0.148906693 -0.001263562 0.987921774
1403638538.827830 0.013764847 0.040245388 0.022552662 -0.042641267 0.148529202 -0.001326503 0.987987399
1403638538.877829 0.013747049 0.040164493 0.022632785 -0.041204792 0.147926122 -0.001299205 0.988138855
1403638538.927830 0.013747577 0.039982695 0.022758871 -0.037383236 0.147911564 -0.002240163 0.988291264
1403638538.977829 0.013749408 0.039764263 0.022970486 -0.032721385 0.147927374 -0.002863139 0.988452613
1403638539.027829 0.013683375 0.039533835 0.023064017 -0.029188603 0.149147645 -0.003044732 0.988379359
1403638539.077829 0.013778318 0.039208896 0.023488706 -0.022966309 0.149963215 -0.003182956 0.988419652
1403638539.127830 0.013907634 0.038784429 0.024008688 -0.017492123 0.149681896 -0.002552776 0.988576174
1403638539.177829 0.013936062 0.038179554 0.024316333 -0.013677620 0.149502799 -0.003011007 0.988662124
1403638539.227829 0.013953341 0.037301682 0.024607480 -0.009120827 0.148972392 -0.003484511 0.988793135
1403638539.277829 0.014030945 0.036386475 0.024840545 -0.007266728 0.148806497 -0.003961754 0.988831699
1403638539.327830 0.015135581 0.035893135 0.025527136 -0.007301218 0.147925809 -0.003388993 0.988965690
1403638539.377829 0.015147135 0.034406282 0.025589129 -0.008764788 0.147802398 -0.003835663 0.988970637
1403638539.427830 0.014969055 0.032292593 0.025276538 -0.010285898 0.147357598 -0.004136178 0.989021182
1403638539.477829 0.014983524 0.030433498 0.025203137 -0.012505175 0.146948338 -0.004261193 0.989055932
1403638539.527829 0.014818769 0.028462291 0.025020026 -0.013618444 0.146512806 -0.004658262 0.989104033
1403638539.577829 0.014808891 0.026469778 0.025058189 -0.014020417 0.146067262 -0.005213274 0.989161551
1403638539.627830 0.014831122 0.024564290 0.025134346 -0.014632494 0.145255506 -0.004929151 0.989273667
1403638539.677829 0.014345545 0.022958923 0.025778137 -0.014971764 0.144756004 -0.004389690 0.989344358
1403638539.727829 0.014440710 0.021710882 0.026076863 -0.015768217 0.144436151 -0.005182534 0.989374876
1403638539.777829 0.014528884 0.020806542 0.026369747 -0.017141495 0.144042566 -0.005952192 0.989405096
1403638539.827830 0.014353208 0.019862588 0.026484795 -0.018670170 0.143582344 -0.006177754 0.989442945
1403638539.877829 0.014436008 0.019097310 0.027217478 -0.021764109 0.143050015 -0.005731960 0.989459515
1403638539.927830 0.014435485 0.018264478 0.027691109 -0.025465995 0.142294720 -0.005430703 0.989481807
1403638539.977829 0.014647642 0.017436700 0.028687108 -0.029909085 0.141670227 -0.004318763 0.989452541
1403638540.027829 0.014887290 0.016542699 0.029231088 -0.035348203 0.141414732 -0.003502211 0.989312947
1403638540.077829 0.014807004 0.015796447 0.030255390 -0.040784866 0.141511142 -0.003687790 0.989089310
1403638540.127830 0.014944451 0.015461663 0.031035939 -0.045670237 0.141296625 -0.002726705 0.988909543
1403638540.177829 0.015205342 0.015079191 0.031947512 -0.047479801 0.141177416 -0.003267578 0.988839686
1403638540.227829 0.015356277 0.013717493 0.033667352 -0.045622312 0.140978068 -0.004113265 0.988952398
1403638540.277829 0.014592120 0.012039028 0.035384111 -0.040587578 0.141269803 -0.005441206 0.989123762
1403638540.327830 0.015744979 0.011080653 0.036702834 -0.034698691 0.140809104 -0.006275149 0.989408612
1403638540.377829 0.016012754 0.009852580 0.038793154 -0.029561941 0.140148655 -0.007914365 0.989657402
1403638540.427830 0.016258888 0.008956697 0.040853251 -0.026373163 0.137966692 -0.009644154 0.990038693
1403638540.477829 0.015974380 0.008000714 0.043137833 -0.025041418 0.134374708 -0.011304113 0.990549624
1403638540.527829 0.015928196 0.006817564 0.044352118 -0.025126521 0.128856435 -0.013607469 0.991251469
1403638540.577829 0.016284186 0.005648732 0.046392210 -0.025153207 0.121745311 -0.016450053 0.992106259
1403638540.627830 0.016576704 0.004657934 0.048446279 -0.025225639 0.113589935 -0.019735197 0.993011355
1403638540.677829 0.016302610 0.004013759 0.050866161 -0.025199855 0.105208606 -0.025663115 0.993799508
1403638540.727829 0.016519841 0.002658460 0.053139757 -0.024295690 0.095609106 -0.033261493 0.994566381
1403638540.777829 0.016764760 0.001673065 0.055626761 -0.024656866 0.084753305 -0.040431194 0.995275974
1403638540.827830 0.016415354 -0.000178743 0.057962872 -0.025063600 0.073110282 -0.049490400 0.995779812
1403638540.877829 0.016014654 -0.000833694 0.059948757 -0.025859261 0.060217109 -0.057360083 0.996200323
1403638540.927830 0.015878731 -0.002175016 0.062825851 -0.026128018 0.047158599 -0.065234870 0.996412456
1403638540.977829 0.015359677 -0.002993071 0.065279000 -0.026424730 0.033709824 -0.070594653 0.996585071
1403638541.027829 0.015287768 -0.003757650 0.067934968 -0.026169298 0.021563120 -0.074945502 0.996610940
1403638541.077829 0.014318411 -0.005625384 0.070940644 -0.026192084 0.011117660 -0.078288428 0.996524572
1403638541.127830 0.013627922 -0.006376843 0.073569231 -0.025607267 0.002411678 -0.080940805 0.996387005
1403638541.177829 0.012054488 -0.006476735 0.076352216 -0.025503572 -0.004096880 -0.083069161 0.996208966
1403638541.227829 0.011085883 -0.007056251 0.079007052 -0.026183380 -0.009656434 -0.085223287 0.995970964
1403638541.277829 0.009934522 -0.007765826 0.081855379 -0.026147246 -0.013287879 -0.087156273 0.995762825
1403638541.327830 0.008755861 -0.008494411 0.084999286 -0.026448173 -0.016217351 -0.087803796 0.995654523
1403638541.377829 0.007288358 -0.009748587 0.087827206 -0.026696660 -0.017888010 -0.088248163 0.995580018
1403638541.427830 0.005786126 -0.010722086 0.090873644 -0.027074242 -0.018976564 -0.087235451 0.995638907
1403638541.477829 0.004393318 -0.012041450 0.093674771 -0.026298728 -0.019170891 -0.087792337 0.995607018
1403638541.527829 0.002357623 -0.013640498 0.096570335 -0.025179215 -0.018431533 -0.088801056 0.995560467
1403638541.577829 0.000478265 -0.015665840 0.099119805 -0.024231782 -0.019038294 -0.088965483 0.995557904
1403638541.627830 -0.001797603 -0.017849941 0.101865739 -0.023340637 -0.020695828 -0.090334795 0.995422781
1403638541.677829 -0.004081349 -0.019006515 0.104667217 -0.021823229 -0.024206679 -0.089096434 0.995489657
1403638541.727829 -0.006601438 -0.021357007 0.107360721 -0.021178331 -0.028997786 -0.089472100 0.995341837
1403638541.777829 -0.009362295 -0.024540503 0.109309770 -0.021914128 -0.035614725 -0.087824866 0.995257854
1403638541.827830 -0.011609644 -0.026850527 0.111707173 -0.022088636 -0.043028206 -0.087151639 0.995020211
1403638541.877829 -0.014680982 -0.029360892 0.113737926 -0.022251543 -0.050731987 -0.087763973 0.994599700
1403638541.927830 -0.017425431 -0.031732228 0.115872435 -0.023797898 -0.059494942 -0.089455917 0.993927419
1403638541.977829 -0.020677879 -0.034023482 0.118387341 -0.024988513 -0.068697914 -0.092269719 0.993047059
1403638542.027829 -0.023550794 -0.036225565 0.120401308 -0.026270283 -0.079335131 -0.094401561 0.992020249
1403638542.077829 -0.026679382 -0.038001757 0.123347603 -0.027480179 -0.090104870 -0.097545318 0.990762770
1403638542.127830 -0.029935703 -0.039458707 0.125441819 -0.028205045 -0.101512551 -0.101471893 0.989243746
1403638542.177829 -0.033209741 -0.041331224 0.127405539 -0.028855039 -0.114042796 -0.104387328 0.987555027
1403638542.227829 -0.036542028 -0.042427592 0.130244628 -0.030403228 -0.126911327 -0.108803414 0.985459745
1403638542.277829 -0.039558548 -0.043454565 0.133500561 -0.031584527 -0.140115306 -0.114163257 0.983024359
1403638542.327830 -0.042416044 -0.045142993 0.134936526 -0.032267284 -0.153185695 -0.119119547 0.980460823
1403638542.377829 -0.045073148 -0.045675375 0.137812167 -0.028273521 -0.164601073 -0.123653263 0.978170216
1403638542.427830 -0.048281297 -0.046652276 0.140368089 -0.022024240 -0.174196362 -0.130075425 0.975833476
1403638542.477829 -0.051680617 -0.047833737 0.143359289 -0.014052250 -0.181805179 -0.137328506 0.973596573
1403638542.527829 -0.054265913 -0.048430063 0.146154180 -0.006969430 -0.187130824 -0.145851418 0.971422076
1403638542.577829 -0.057368483 -0.049215030 0.148665309 -0.000352701 -0.190524653 -0.154906690 0.969383419
1403638542.627830 -0.061617330 -0.050021257 0.151096448 0.001057423 -0.193728969 -0.159903973 0.967935324
1403638542.677829 -0.065216839 -0.050976329 0.153382689 0.001205554 -0.196469128 -0.162365377 0.966972589
1403638542.727829 -0.068869151 -0.051557496 0.155026630 -0.002042101 -0.199733675 -0.160475582 0.966617763
1403638542.777829 -0.072518148 -0.052958548 0.156662226 -0.006679110 -0.203608379 -0.155601889 0.966585279
1403638542.827830 -0.076600023 -0.053725228 0.158269748 -0.010119470 -0.205902696 -0.151994884 0.966643333
1403638542.877829 -0.081097193 -0.055379122 0.159294248 -0.015560161 -0.207277402 -0.148456573 0.966827095
1403638542.927830 -0.085202128 -0.057084937 0.160513252 -0.019589812 -0.208656654 -0.144956976 0.966988206
1403638542.977829 -0.089943454 -0.058492541 0.161362395 -0.022782918 -0.208926812 -0.142711252 0.967193902
1403638543.027829 -0.094339639 -0.060872473 0.161744237 -0.026228139 -0.209285229 -0.140678987 0.967326880
1403638543.077829 -0.099117026 -0.062412534 0.162498236 -0.028385768 -0.209164441 -0.138579190 0.967595100
1403638543.127830 -0.103121832 -0.064062849 0.163576916 -0.029085042 -0.209160537 -0.136606306 0.967855752
1403638543.177829 -0.107831419 -0.065548666 0.164551899 -0.029505705 -0.208290845 -0.136273757 0.968077421
1403638543.227829 -0.112523109 -0.066840395 0.165280849 -0.029878233 -0.207555905 -0.135798290 0.968290627
1403638543.277829 -0.117534757 -0.067747414 0.166319162 -0.029202109 -0.206836343 -0.134439185 0.968654811
1403638543.327830 -0.121163845 -0.068774313 0.167665273 -0.029978273 -0.206453875 -0.133668244 0.968819380
1403638543.377829 -0.126064762 -0.069559291 0.169018254 -0.030614182 -0.206338093 -0.133559570 0.968839109
1403638543.427830 -0.130672067 -0.069730200 0.170562878 -0.030679356 -0.208149567 -0.134103701 0.968374312
1403638543.477829 -0.135269001 -0.070300356 0.171896160 -0.031129271 -0.210958317 -0.135691121 0.967530668
1403638543.527829 -0.139294058 -0.070979789 0.172234654 -0.032260302 -0.215867892 -0.137409478 0.966167152
1403638543.577829 -0.143805802 -0.071195178 0.173467621 -0.032491110 -0.222209513 -0.141458958 0.964135170
1403638543.627830 -0.148467079 -0.071171552 0.174471945 -0.032680344 -0.229517207 -0.146776572 0.961618662
1403638543.677829 -0.153294340 -0.071072735 0.175997868 -0.032342400 -0.238652155 -0.151375055 0.958689034
1403638543.727829 -0.157553315 -0.071242765 0.177176833 -0.032376245 -0.249230161 -0.156775981 0.955121636
1403638543.777829 -0.162459016 -0.071802124 0.178175777 -0.031967159 -0.260290235 -0.162546530 0.951212764
1403638543.827830 -0.167275697 -0.072200701 0.179569066 -0.030403862 -0.271486908 -0.169491604 0.946912408
1403638543.877829 -0.171821579 -0.073113605 0.180551201 -0.029929165 -0.283799559 -0.173510849 0.942579448
1403638543.927830 -0.176935405 -0.074248359 0.181962624 -0.029828999 -0.296119213 -0.177647397 0.938011229
1403638543.977829 -0.182215169 -0.075274989 0.182663411 -0.029890897 -0.306703091 -0.179921046 0.934167087
1403638544.027829 -0.187443584 -0.076280430 0.182957411 -0.031701688 -0.316814423 -0.180395484 0.930634797
1403638544.077829 -0.192035347 -0.078111276 0.183899179 -0.034673672 -0.325953513 -0.180037841 0.927436531
1403638544.127830 -0.197690666 -0.079007074 0.184857845 -0.035285581 -0.332294285 -0.180744618 0.925022602
1403638544.177829 -0.203478217 -0.080163419 0.185729280 -0.036668897 -0.338389456 -0.178643480 0.923165441
1403638544.227829 -0.208836734 -0.081115343 0.186265245 -0.036376882 -0.342497379 -0.178304866 0.921726465
1403638544.277829 -0.213817596 -0.082553156 0.187556207 -0.037004996 -0.346210688 -0.177314088 0.920504510
1403638544.327830 -0.219297767 -0.083108604 0.188654870 -0.037310645 -0.348170966 -0.178113863 0.919597924
1403638544.377829 -0.225113571 -0.083674952 0.190092057 -0.038114447 -0.348895997 -0.178607583 0.919194341
1403638544.427830 -0.230161905 -0.084053487 0.191243023 -0.039362941 -0.349485248 -0.178319201 0.918973804
1403638544.477829 -0.235311821 -0.084195361 0.193037018 -0.039211921 -0.348957986 -0.179690003 0.918913603
1403638544.527829 -0.240640610 -0.084494248 0.193964243 -0.037593704 -0.348703533 -0.179118603 0.919189334
1403638544.577829 -0.245778993 -0.085083663 0.195648417 -0.034708325 -0.349979788 -0.178170502 0.919002056
1403638544.627830 -0.250827491 -0.085796893 0.196954370 -0.029509276 -0.352165967 -0.176642746 0.918643355
1403638544.677829 -0.256885707 -0.087317064 0.198361918 -0.025342843 -0.353743881 -0.175152749 0.918446779
1403638544.727829 -0.261916101 -0.088484541 0.199468523 -0.023812037 -0.354943573 -0.174893528 0.918074250
1403638544.777829 -0.267162979 -0.089151859 0.201107994 -0.025117110 -0.355339050 -0.175221875 0.917823851
1403638544.827830 -0.272303045 -0.089959666 0.202208936 -0.027398346 -0.355192006 -0.176909149 0.917491734
1403638544.877829 -0.277359009 -0.090592369 0.203689173 -0.031301640 -0.355022073 -0.177702293 0.917279363
1403638544.927830 -0.282382756 -0.091538489 0.205031291 -0.033131156 -0.355073810 -0.178388357 0.917061865
1403638544.977829 -0.287547290 -0.092234366 0.206751272 -0.033701193 -0.355563968 -0.178204313 0.916886985
1403638545.027829 -0.292259723 -0.092093587 0.208243921 -0.032507271 -0.356283754 -0.177873582 0.916714847
1403638545.077829 -0.297243863 -0.092225075 0.209806338 -0.031635441 -0.356726199 -0.177495077 0.916646659
1403638545.127830 -0.302279860 -0.092499539 0.211851612 -0.031377971 -0.357272536 -0.177718744 0.916399360
1403638545.177829 -0.307050347 -0.092290476 0.213405788 -0.031892139 -0.357187450 -0.178611398 0.916241229
1403638545.227829 -0.311855793 -0.092198029 0.215245858 -0.032660007 -0.357215136 -0.179891810 0.915952802
1403638545.277829 -0.317012846 -0.091473594 0.216908544 -0.031497940 -0.357401073 -0.180329144 0.915834963
1403638545.327830 -0.321808815 -0.090955533 0.218516409 -0.029253356 -0.357712328 -0.180091381 0.915834725
1403638545.377829 -0.326881826 -0.090700082 0.220589608 -0.027189076 -0.358319014 -0.178954303 0.915884018
1403638545.427830 -0.331575692 -0.089820892 0.222393245 -0.027853446 -0.358807683 -0.178175032 0.915824711
1403638545.477829 -0.336175740 -0.089053743 0.224506885 -0.028370118 -0.360560477 -0.178188100 0.915117621
1403638545.527829 -0.340910733 -0.088405974 0.226057857 -0.029159619 -0.363562793 -0.179054752 0.913734734
1403638545.577829 -0.345499784 -0.087816879 0.228099272 -0.030559106 -0.368252426 -0.180748612 0.911474764
1403638545.627830 -0.350040495 -0.087438703 0.229605809 -0.031812102 -0.375141740 -0.181806549 0.908406854
1403638545.677829 -0.354962051 -0.087285638 0.231042981 -0.032462973 -0.382407427 -0.184788570 0.904745221
1403638545.727829 -0.359937698 -0.087364420 0.232916892 -0.034687929 -0.390472800 -0.187982351 0.900550008
1403638545.777829 -0.364617378 -0.087306216 0.234569460 -0.034667708 -0.399942428 -0.192205593 0.895489395
1403638545.827830 -0.369623989 -0.087756053 0.235540047 -0.034380134 -0.410273761 -0.196700066 0.889832854
1403638545.877829 -0.374135792 -0.088252470 0.236813381 -0.035582021 -0.421175420 -0.201171458 0.883671463
1403638545.927830 -0.379203349 -0.089083828 0.237985253 -0.035428032 -0.432345062 -0.207320824 0.876835585
1403638545.977829 -0.383592188 -0.089819402 0.239232093 -0.036133148 -0.443389535 -0.212601364 0.870000422
1403638546.027829 -0.388590693 -0.090804949 0.239889115 -0.035229106 -0.452257812 -0.218769327 0.863922298
1403638546.077829 -0.393366098 -0.091734052 0.241558000 -0.034477614 -0.460858226 -0.223987445 0.858050466
1403638546.127830 -0.398628563 -0.092558123 0.242366374 -0.034007978 -0.467770219 -0.227699354 0.853339016
1403638546.177829 -0.403322518 -0.093229219 0.243434072 -0.034263190 -0.474735916 -0.229054019 0.849108994
1403638546.227829 -0.408072054 -0.093763053 0.244403273 -0.035147499 -0.479612380 -0.230761528 0.845863879
1403638546.277829 -0.413002878 -0.094224766 0.246112406 -0.035648186 -0.483907104 -0.232102692 0.843025208
1403638546.327830 -0.417753816 -0.094022721 0.247289658 -0.037045185 -0.487863958 -0.230898067 0.841012776
1403638546.377829 -0.423031658 -0.094108284 0.248435900 -0.038302373 -0.490408182 -0.229918584 0.839744091
1403638546.427830 -0.427883744 -0.094130769 0.250243247 -0.040447284 -0.492718250 -0.228608802 0.838648200
1403638546.477829 -0.433189273 -0.093772575 0.251325369 -0.040504064 -0.493442625 -0.229096815 0.838086128
1403638546.527829 -0.438169926 -0.093326226 0.252776682 -0.040915448 -0.494584978 -0.229338780 0.837326288
1403638546.577829 -0.443370223 -0.093201324 0.254237711 -0.040691588 -0.496341050 -0.230880722 0.835873067
1403638546.627830 -0.448469400 -0.093155906 0.254997700 -0.040430374 -0.499282598 -0.232238904 0.833754957
1403638546.677829 -0.453741252 -0.093383148 0.256935418 -0.040041536 -0.503101110 -0.233595520 0.831095099
1403638546.727829 -0.459051907 -0.093653247 0.257937282 -0.039743546 -0.506377757 -0.234612405 0.828829885
1403638546.777829 -0.464458853 -0.094014406 0.259438932 -0.039017603 -0.508880973 -0.236685321 0.826739311
1403638546.827830 -0.469702661 -0.094942570 0.260645330 -0.038422178 -0.510971308 -0.238714740 0.824892282
1403638546.877829 -0.475036144 -0.095499068 0.261115074 -0.037917428 -0.512310207 -0.240322962 0.823617280
1403638546.927830 -0.480748415 -0.096458614 0.261869162 -0.037466612 -0.513248026 -0.242230162 0.822494507
1403638546.977829 -0.485808849 -0.097149014 0.263068676 -0.036005449 -0.514024377 -0.244691014 0.821345747
1403638547.027829 -0.491802275 -0.097697988 0.263855398 -0.035064980 -0.514472127 -0.246571898 0.820543230
1403638547.077829 -0.497093767 -0.097709373 0.264851987 -0.033700552 -0.514393508 -0.248675525 0.820014656
1403638547.127830 -0.502693534 -0.097774878 0.266092241 -0.032278065 -0.513966560 -0.251782775 0.819391191
1403638547.177829 -0.508436799 -0.097757995 0.266543120 -0.031748679 -0.513632655 -0.253402948 0.819121718
1403638547.227829 -0.513776064 -0.097406179 0.267605960 -0.030975098 -0.513509333 -0.254760474 0.818807542
1403638547.277829 -0.519824088 -0.097014979 0.268330663 -0.029914206 -0.512944520 -0.255774975 0.818884730
1403638547.327830 -0.525232613 -0.096469283 0.269124061 -0.029617799 -0.512726247 -0.256405979 0.818834841
1403638547.377829 -0.531650424 -0.096014366 0.269664943 -0.031986356 -0.513989866 -0.252108574 0.819287837
1403638547.427830 -0.537433326 -0.095453441 0.270666450 -0.034552287 -0.514552712 -0.249916255 0.819501996
1403638547.477829 -0.543388546 -0.094638869 0.271071672 -0.036467105 -0.515467107 -0.246225283 0.819961548
1403638547.527829 -0.549377084 -0.093617693 0.271679759 -0.039065935 -0.515743732 -0.243550822 0.820466518
1403638547.577829 -0.555191576 -0.092431352 0.271921098 -0.040880006 -0.515659750 -0.241361499 0.821077645
1403638547.627830 -0.561362088 -0.091296166 0.272741288 -0.041858856 -0.515586913 -0.240164176 0.821425080
1403638547.677829 -0.567697406 -0.089804769 0.272978604 -0.042014349 -0.514884055 -0.239736885 0.821982622
1403638547.727829 -0.573880315 -0.088398919 0.273500949 -0.041350465 -0.513899624 -0.240764067 0.822332025
1403638547.777829 -0.579907894 -0.086971849 0.274267882 -0.040368181 -0.513383925 -0.241677240 0.822435081
1403638547.827830 -0.586243629 -0.084962040 0.275052220 -0.037395217 -0.511856973 -0.245503083 0.822394252
1403638547.877829 -0.592400908 -0.083208829 0.275515735 -0.035471417 -0.511543512 -0.245815650 0.822581112
1403638547.927830 -0.598830581 -0.081690267 0.276586682 -0.036944453 -0.511547327 -0.245706066 0.822546661
1403638547.977829 -0.605274558 -0.079427466 0.276944578 -0.035483390 -0.512060463 -0.245834336 0.822253287
1403638548.027829 -0.611813426 -0.077864692 0.277371556 -0.037651028 -0.513406038 -0.245321751 0.821470618
1403638548.077829 -0.618226230 -0.076544538 0.277212411 -0.038525041 -0.515616179 -0.245600805 0.819961011
1403638548.127830 -0.625094771 -0.075689584 0.277261406 -0.038934410 -0.518634498 -0.246443421 0.817782342
1403638548.177829 -0.631526589 -0.074888051 0.277591616 -0.040359728 -0.522999763 -0.247027382 0.814751327
1403638548.227829 -0.638682604 -0.074568629 0.277204067 -0.040492497 -0.528100729 -0.248044297 0.811137497
1403638548.277829 -0.645099342 -0.073941544 0.277039826 -0.042262502 -0.534067929 -0.249698743 0.806620002
1403638548.327830 -0.651822627 -0.073765248 0.276410431 -0.041883510 -0.540849566 -0.251134843 0.801660061
1403638548.377829 -0.658733368 -0.074276760 0.275967985 -0.043338649 -0.547870696 -0.254188865 0.795831323
1403638548.427830 -0.665310681 -0.074661255 0.274962008 -0.043721069 -0.554809749 -0.256492853 0.790244281
1403638548.477829 -0.672485828 -0.074924499 0.274454325 -0.043788478 -0.561582863 -0.257760942 0.785026491
1403638548.527829 -0.679877937 -0.075274125 0.274123907 -0.044097021 -0.567308366 -0.258996725 0.780472517
1403638548.577829 -0.687206149 -0.074541345 0.273582280 -0.043313947 -0.572403312 -0.260166556 0.776396632
1403638548.627830 -0.694126010 -0.074742109 0.272901624 -0.043196477 -0.576371610 -0.261306226 0.773077548
1403638548.677829 -0.702046871 -0.074614674 0.271592915 -0.043659534 -0.579512537 -0.261920035 0.770491362
1403638548.727829 -0.709253788 -0.073978186 0.270804614 -0.043488003 -0.582019627 -0.263063759 0.768218338
1403638548.777829 -0.716122270 -0.073880911 0.270905852 -0.043576926 -0.584643066 -0.263384253 0.766108513
1403638548.827830 -0.724070489 -0.073395073 0.270293891 -0.044078086 -0.586139083 -0.263990998 0.764726639
1403638548.877829 -0.731420815 -0.073246539 0.269878209 -0.043981802 -0.587410271 -0.264565438 0.763557434
1403638548.927830 -0.738908887 -0.073566258 0.269154936 -0.044274915 -0.588672459 -0.263870835 0.762808442
1403638548.977829 -0.746464550 -0.074205250 0.268617511 -0.044575483 -0.589143813 -0.264470875 0.762218952
1403638549.027829 -0.753945947 -0.074684113 0.267660081 -0.044583503 -0.589097857 -0.266041607 0.761707246
1403638549.077829 -0.761563301 -0.075409353 0.266935408 -0.045046370 -0.589761794 -0.264646888 0.761652052
1403638549.127830 -0.769368529 -0.076219141 0.266042024 -0.045338459 -0.590153635 -0.263513714 0.761724114
1403638549.177829 -0.777230382 -0.077229738 0.264954418 -0.044509482 -0.590168417 -0.263251692 0.761852145
1403638549.227829 -0.785485268 -0.078507036 0.263584048 -0.045237988 -0.589888573 -0.262995929 0.762114227
1403638549.277829 -0.793440163 -0.079638124 0.262659281 -0.045515753 -0.589913607 -0.262075543 0.762395263
1403638549.327830 -0.801088452 -0.080969006 0.261578619 -0.046310738 -0.590141475 -0.260427982 0.762735665
1403638549.377829 -0.808921635 -0.082756996 0.261006922 -0.047091026 -0.590557694 -0.258544117 0.763006508
1403638549.427830 -0.816834271 -0.084525853 0.259914398 -0.047560014 -0.590812862 -0.256800145 0.763368785
1403638549.477829 -0.825339913 -0.085053444 0.258823097 -0.048420064 -0.590627432 -0.255584896 0.763865888
1403638549.527829 -0.833377838 -0.085928857 0.257705271 -0.048396394 -0.590382576 -0.254833281 0.764307678
1403638549.577829 -0.841220021 -0.086427569 0.256829649 -0.047140926 -0.590673566 -0.253126323 0.764728427
1403638549.627830 -0.849025846 -0.087709963 0.256472111 -0.046034675 -0.591050029 -0.252140343 0.764830649
1403638549.677829 -0.857191801 -0.088263005 0.255304754 -0.045455653 -0.590782642 -0.251599818 0.765249789
1403638549.727829 -0.864634633 -0.088918239 0.255123138 -0.043947060 -0.590237975 -0.252946436 0.765314221
1403638549.777829 -0.873111129 -0.090513140 0.254915982 -0.045537647 -0.590209961 -0.253045589 0.765210032
1403638549.827830 -0.881188989 -0.091406196 0.253868043 -0.046718020 -0.589946508 -0.252787352 0.765427351
1403638549.877829 -0.888418436 -0.092832744 0.253830969 -0.047558587 -0.589611888 -0.253498197 0.765398383
1403638549.927830 -0.896695316 -0.093928784 0.252703875 -0.047613140 -0.588973880 -0.254195541 0.765654862
1403638549.977829 -0.904708564 -0.096121818 0.252527446 -0.049081359 -0.589414597 -0.253678560 0.765394449
1403638550.027829 -0.912941158 -0.098340124 0.251525521 -0.049382921 -0.589233339 -0.253406018 0.765604854
1403638550.077829 -0.921381176 -0.100363910 0.250749677 -0.050024450 -0.589337885 -0.253198624 0.765551388
1403638550.127830 -0.929270267 -0.101853102 0.249781787 -0.050953534 -0.589697421 -0.252147377 0.765560150
1403638550.177829 -0.937474072 -0.104335278 0.248966783 -0.050953150 -0.589839697 -0.252448976 0.765351236
1403638550.227829 -0.945959687 -0.106873274 0.248382717 -0.051495090 -0.589992464 -0.252705902 0.765112281
1403638550.277829 -0.953442097 -0.110062569 0.248631626 -0.051016398 -0.590483785 -0.253420144 0.764528930
1403638550.327830 -0.962556362 -0.112134516 0.246734262 -0.050384838 -0.589965284 -0.253737032 0.764865875
1403638550.377829 -0.970612526 -0.114974052 0.246241152 -0.049687047 -0.590311885 -0.253818452 0.764617085
1403638550.427830 -0.978871822 -0.116831332 0.245318860 -0.050012667 -0.591064990 -0.251648724 0.764731228
1403638550.477829 -0.987259567 -0.119673312 0.244840264 -0.050910719 -0.591417670 -0.250852376 0.764660895
1403638550.527829 -0.995218277 -0.122040004 0.244755387 -0.052634962 -0.592287958 -0.248964936 0.764487386
1403638550.577829 -1.003430128 -0.124679655 0.244585901 -0.052488200 -0.593285561 -0.246886611 0.764397919
1403638550.627830 -1.011569619 -0.126671463 0.244592071 -0.051302351 -0.594294965 -0.244280621 0.764531553
1403638550.677829 -1.020060897 -0.128504574 0.244073913 -0.049339075 -0.595065832 -0.241604060 0.764911592
1403638550.727829 -1.027711630 -0.130529910 0.244450182 -0.048877101 -0.595941722 -0.239625126 0.764881909
1403638550.777829 -1.035180449 -0.132016748 0.244978517 -0.047524516 -0.596529782 -0.238222435 0.764946878
1403638550.827830 -1.043603420 -0.134574115 0.245458618 -0.044833489 -0.597356439 -0.235876560 0.765191138
1403638550.877829 -1.051172853 -0.135684967 0.245739996 -0.040712420 -0.598817050 -0.231829897 0.765516520
1403638550.927830 -1.059145689 -0.137919873 0.246546477 -0.036332846 -0.599715650 -0.228963390 0.765896082
1403638550.977829 -1.066714287 -0.139398843 0.246979535 -0.033114899 -0.600895584 -0.225844756 0.766043067
1403638551.027829 -1.073832273 -0.140762657 0.248133332 -0.030601736 -0.601861238 -0.223327264 0.766127586
1403638551.077829 -1.081609845 -0.142692685 0.248878762 -0.028810279 -0.602275729 -0.221908420 0.766283572
1403638551.127830 -1.088323474 -0.143958837 0.249367476 -0.029205216 -0.602856338 -0.220041737 0.766350389
1403638551.177829 -1.095299721 -0.146056443 0.250566065 -0.030150993 -0.604329109 -0.217064321 0.766002834
1403638551.227829 -1.101850271 -0.147980332 0.251338780 -0.031020887 -0.604732335 -0.216301456 0.765865624
1403638551.277829 -1.107715011 -0.149711460 0.252592951 -0.032297067 -0.604377985 -0.215535164 0.766308486
1403638551.327830 -1.114021540 -0.151958585 0.253494203 -0.035308950 -0.601948559 -0.216747746 0.767744482
1403638551.377829 -1.120175719 -0.154148966 0.254690409 -0.038489703 -0.598244309 -0.215387255 0.770863593
1403638551.427830 -1.126289725 -0.155822963 0.255439907 -0.041202597 -0.592344344 -0.214135244 0.775613725
1403638551.477829 -1.131772518 -0.158603877 0.257451236 -0.044295233 -0.585676849 -0.212134913 0.781037331
1403638551.527829 -1.137637258 -0.160615683 0.259115547 -0.047331393 -0.577843845 -0.208203137 0.787723124
1403638551.577829 -1.142548323 -0.161658287 0.260895640 -0.048127040 -0.569611073 -0.202523082 0.795117199
1403638551.627830 -1.147842407 -0.163983077 0.263496161 -0.052395277 -0.561177731 -0.196910545 0.802222252
1403638551.677829 -1.152719378 -0.165847421 0.265935361 -0.054545064 -0.552141726 -0.191734269 0.809569180
1403638551.727829 -1.157608867 -0.167869657 0.268508077 -0.055019554 -0.542481363 -0.186910033 0.817160606
1403638551.777829 -1.163467288 -0.168758869 0.271073967 -0.054934718 -0.531935573 -0.182330817 0.825095296
1403638551.827830 -1.166634917 -0.171204656 0.274577051 -0.054806173 -0.522870243 -0.178616032 0.831684649
1403638551.877829 -1.171575069 -0.172494620 0.277695149 -0.052582994 -0.513671994 -0.176449910 0.837998569
1403638551.927830 -1.174990416 -0.173767149 0.281618834 -0.048010796 -0.505846441 -0.177357391 0.842827797
1403638551.977829 -1.178196311 -0.176981866 0.285560608 -0.043797653 -0.499651134 -0.178291291 0.846547544
1403638552.027829 -1.181766152 -0.178972423 0.289010137 -0.038817838 -0.493301183 -0.179473475 0.850256681
1403638552.077829 -1.184960365 -0.181527972 0.292918175 -0.035821248 -0.488502353 -0.180147365 0.853011847
1403638552.127830 -1.187846661 -0.183789760 0.296547592 -0.035520364 -0.484499276 -0.180982426 0.855128109
1403638552.177829 -1.192002416 -0.187145203 0.299791127 -0.037902456 -0.481222183 -0.181249961 0.856817961
1403638552.227829 -1.194586277 -0.190464705 0.303841680 -0.039812680 -0.479218632 -0.182181269 0.857656360
1403638552.277829 -1.197798491 -0.193773448 0.306417942 -0.041715600 -0.476820320 -0.182471141 0.858840168
1403638552.327830 -1.200811148 -0.197514176 0.310570508 -0.042531211 -0.476311982 -0.182497680 0.859076619
1403638552.377829 -1.203242064 -0.200664312 0.315008432 -0.042417049 -0.477199912 -0.179398000 0.859242380
1403638552.427830 -1.205490112 -0.202813148 0.318929374 -0.038336217 -0.478327394 -0.175049379 0.859704018
1403638552.477829 -1.208263159 -0.206609920 0.322572291 -0.035744976 -0.479495108 -0.171008795 0.859978318
1403638552.527829 -1.210330248 -0.209370792 0.326776206 -0.032667067 -0.480705470 -0.167685613 0.860079467
1403638552.577829 -1.212090731 -0.212015897 0.330955684 -0.029680567 -0.481946379 -0.165385708 0.859938562
1403638552.627830 -1.213778257 -0.214593306 0.335491955 -0.027439397 -0.482736558 -0.164972350 0.859649122
1403638552.677829 -1.215237379 -0.216680363 0.339757383 -0.026759734 -0.482846797 -0.165815607 0.859446347
1403638552.727829 -1.216097951 -0.220015422 0.344994098 -0.027825193 -0.483696818 -0.166603729 0.858781874
1403638552.777829 -1.216858983 -0.222006917 0.349219620 -0.027519647 -0.483766735 -0.168202668 0.858440578
1403638552.827830 -1.217269421 -0.224223047 0.354295552 -0.027311895 -0.484485149 -0.169774756 0.857732356
1403638552.877829 -1.217873693 -0.226790532 0.359689176 -0.027371380 -0.484614760 -0.173028871 0.857006609
1403638552.927830 -1.217915177 -0.229215771 0.364608705 -0.027807157 -0.484840900 -0.177059829 0.856040835
1403638552.977829 -1.217807651 -0.230876178 0.369823396 -0.025931612 -0.484744579 -0.180549115 0.855425179
1403638553.027829 -1.217735052 -0.232525468 0.374716431 -0.025725236 -0.484493613 -0.184873521 0.854649603
1403638553.077829 -1.217844486 -0.234678239 0.379715681 -0.024553752 -0.484748960 -0.187545151 0.853956878
1403638553.127830 -1.217252731 -0.236098558 0.384850591 -0.023049457 -0.486216694 -0.186698854 0.853349626
1403638553.177829 -1.216045618 -0.238430679 0.390922159 -0.020158214 -0.489099264 -0.183525965 0.852463305
1403638553.227829 -1.215451360 -0.240134776 0.395641088 -0.016324379 -0.491199523 -0.179599851 0.852173924
1403638553.277829 -1.214507461 -0.241341427 0.400226504 -0.011647897 -0.492737949 -0.177026466 0.851900935
1403638553.327830 -1.213027239 -0.243594423 0.406038702 -0.007798748 -0.494588226 -0.175955564 0.851094127
1403638553.377829 -1.211778641 -0.245586857 0.410928875 -0.004854444 -0.495002449 -0.177406609 0.850573897
1403638553.427830 -1.209782720 -0.248153180 0.416030586 -0.000338712 -0.494830012 -0.180159748 0.850109160
1403638553.477829 -1.207851410 -0.250466734 0.420891434 0.003116995 -0.494730800 -0.182873741 0.849581599
1403638553.527829 -1.205289602 -0.253193736 0.425640285 0.006118437 -0.494759113 -0.185277224 0.849027872
1403638553.577829 -1.202992320 -0.255690753 0.429214209 0.009394980 -0.493939161 -0.187433735 0.849002004
1403638553.627830 -1.199805975 -0.258382976 0.434072196 0.010551026 -0.493952036 -0.189066783 0.848618746
1403638553.677829 -1.196913719 -0.261252642 0.437644213 0.010732657 -0.493663728 -0.190522999 0.848458529
1403638553.727829 -1.193751693 -0.264468610 0.441147745 0.010611870 -0.493459702 -0.191539943 0.848349750
1403638553.777829 -1.190461516 -0.268024743 0.444294900 0.009311574 -0.492918760 -0.193051472 0.848336935
1403638553.827830 -1.186557889 -0.271205634 0.447529435 0.008104767 -0.492427975 -0.194196314 0.848373055
1403638553.877829 -1.182185650 -0.275023043 0.451775074 0.006470296 -0.492634475 -0.195178613 0.848041713
1403638553.927830 -1.178494334 -0.278273642 0.453790158 0.005220979 -0.491564751 -0.196235120 0.848427117
1403638553.977829 -1.173802972 -0.281807780 0.457489491 0.001573037 -0.492121756 -0.195627093 0.848259211
1403638554.027829 -1.169565201 -0.284699917 0.459653616 -0.002138318 -0.491626054 -0.195183247 0.848647594
1403638554.077829 -1.165057898 -0.287876725 0.462426543 -0.003721630 -0.491063625 -0.197031081 0.848540723
1403638554.127830 -1.160595655 -0.290658355 0.464203000 -0.005134010 -0.490209311 -0.198262706 0.848740458
1403638554.177829 -1.155627251 -0.293028712 0.467174083 -0.008753425 -0.488736868 -0.202488407 0.848562360
1403638554.227829 -1.151003122 -0.295786947 0.469333053 -0.014503763 -0.486779809 -0.207562640 0.848382473
1403638554.277829 -1.145736217 -0.297860384 0.472206175 -0.019527325 -0.485567898 -0.211302757 0.848052859
1403638554.327830 -1.140652895 -0.300078094 0.474733174 -0.023044417 -0.484353513 -0.214944437 0.847743750
1403638554.377829 -1.135311365 -0.301814377 0.477440566 -0.025791883 -0.483533502 -0.217751801 0.847416222
1403638554.427830 -1.130857229 -0.303843588 0.478972167 -0.027689125 -0.482535839 -0.219441697 0.847489119
1403638554.477829 -1.125801325 -0.305777013 0.481603205 -0.028882816 -0.482056856 -0.221216410 0.847260475
1403638554.527829 -1.120831132 -0.306857914 0.483720243 -0.028956255 -0.482045025 -0.221175641 0.847275317
1403638554.577829 -1.115915537 -0.308744460 0.485906184 -0.030356312 -0.482680708 -0.220214024 0.847114861
1403638554.627830 -1.111136436 -0.310556173 0.487650633 -0.032607883 -0.482960314 -0.218278527 0.847372711
1403638554.677829 -1.106456995 -0.312383354 0.490255684 -0.034439955 -0.484902442 -0.213512331 0.847405434
1403638554.727829 -1.102016330 -0.314405262 0.492211193 -0.034079831 -0.485277593 -0.211979926 0.847589970
1403638554.777829 -1.097205639 -0.316671133 0.494735718 -0.035691150 -0.487063020 -0.207861766 0.847519457
1403638554.827830 -1.092684507 -0.318759322 0.495861053 -0.035684869 -0.487083107 -0.206993431 0.847720683
1403638554.877829 -1.088015676 -0.321206123 0.498372376 -0.035734136 -0.488047689 -0.204526186 0.847762644
1403638554.927830 -1.083398104 -0.323944896 0.500894547 -0.035884142 -0.488647848 -0.203079879 0.847758353
1403638554.977829 -1.078884244 -0.326472700 0.502881646 -0.035879795 -0.488176405 -0.200554222 0.848630905
1403638555.027829 -1.074501991 -0.328606546 0.504694462 -0.035370339 -0.485701859 -0.199636355 0.850287020
1403638555.077829 -1.069256186 -0.330603480 0.507789314 -0.035401739 -0.482509553 -0.199404925 0.852155447
1403638555.127830 -1.064637184 -0.332889169 0.510401607 -0.035462812 -0.477689683 -0.199501514 0.854841530
1403638555.177829 -1.059734702 -0.334534764 0.513036907 -0.036412973 -0.472626120 -0.198036090 0.857951224
1403638555.227829 -1.054871202 -0.336128235 0.515540004 -0.036603492 -0.467007667 -0.196120754 0.861452639
1403638555.277829 -1.049884200 -0.337685883 0.518513203 -0.036851484 -0.462210804 -0.195104524 0.864255369
1403638555.327830 -1.044855714 -0.338944197 0.521257460 -0.036517218 -0.457750142 -0.194132999 0.866858542
1403638555.377829 -1.040195346 -0.340355545 0.524285674 -0.034552317 -0.453169763 -0.195619538 0.869008780
1403638555.427830 -1.035191298 -0.341460228 0.526645839 -0.033516247 -0.449056268 -0.196660638 0.870947599
1403638555.477829 -1.030056477 -0.342728078 0.530389249 -0.032439407 -0.446468234 -0.196795553 0.872287393
1403638555.527829 -1.025236726 -0.343815982 0.533005178 -0.032640252 -0.444417596 -0.195637405 0.873586655
1403638555.577829 -1.020276785 -0.344858915 0.535794675 -0.031476576 -0.442509174 -0.196110129 0.874491692
1403638555.627830 -1.015401721 -0.346374482 0.539179385 -0.032299820 -0.441656739 -0.195775002 0.874967515
1403638555.677829 -1.010411739 -0.347489983 0.541540086 -0.032796599 -0.440953165 -0.195051208 0.875465453
1403638555.727829 -1.005455017 -0.349333227 0.544967413 -0.033894092 -0.441097558 -0.194403887 0.875494897
1403638555.777829 -1.000558853 -0.351011276 0.547940135 -0.034590520 -0.440725207 -0.195661426 0.875375032
1403638555.827830 -0.995687366 -0.353132695 0.550202191 -0.034750078 -0.440493822 -0.196184158 0.875368118
1403638555.877829 -0.991319060 -0.355380148 0.553051651 -0.035316627 -0.440577090 -0.196781367 0.875169516
1403638555.927830 -0.986257911 -0.357718736 0.555768728 -0.034767795 -0.440556079 -0.198147401 0.874893785
1403638555.977829 -0.981750429 -0.360509276 0.557860434 -0.033788998 -0.440522611 -0.198960975 0.874764323
1403638556.027829 -0.977139235 -0.363314778 0.560125411 -0.033472758 -0.440264076 -0.199921206 0.874687731
1403638556.077829 -0.972701192 -0.365911186 0.562858462 -0.034398980 -0.440054923 -0.200921938 0.874527693
1403638556.127830 -0.967950046 -0.368393183 0.565489531 -0.036986887 -0.440053880 -0.201188520 0.874361336
1403638556.177829 -0.963750124 -0.371091753 0.567542672 -0.041909322 -0.439292222 -0.201318368 0.874492347
1403638556.227829 -0.959086895 -0.373457700 0.570555389 -0.045266766 -0.438932151 -0.202796355 0.874164283
1403638556.277829 -0.954765558 -0.375328451 0.573096514 -0.047676306 -0.438752919 -0.202644542 0.874161363
1403638556.327830 -0.950390935 -0.377474546 0.576006353 -0.049733538 -0.438374430 -0.203500256 0.874037802
1403638556.377829 -0.946025968 -0.379628778 0.578435183 -0.051548336 -0.438068360 -0.203582004 0.874067068
1403638556.427830 -0.942229033 -0.381465375 0.581955254 -0.053379726 -0.437843531 -0.204297960 0.873902738
1403638556.477829 -0.937874794 -0.383745342 0.585028827 -0.057227008 -0.437015742 -0.205509812 0.873789489
1403638556.527829 -0.934076309 -0.385423332 0.587716222 -0.059649050 -0.436084569 -0.206332371 0.873898804
1403638556.577829 -0.930250406 -0.387532949 0.591358960 -0.061929643 -0.436320752 -0.204888493 0.873962045
1403638556.627830 -0.926615000 -0.389321774 0.594534397 -0.064197756 -0.437349737 -0.200226292 0.874364495
1403638556.677829 -0.923125505 -0.391653806 0.598413169 -0.065207787 -0.438858718 -0.195179552 0.874674737
1403638556.727829 -0.920134723 -0.394567460 0.602135360 -0.062538989 -0.440067559 -0.191364124 0.875105202
1403638556.777829 -0.916896343 -0.397104144 0.605621636 -0.059077065 -0.441386461 -0.188257515 0.875355363
1403638556.827830 -0.913805544 -0.400324196 0.609598994 -0.057116263 -0.442654163 -0.184748292 0.875592947
1403638556.877829 -0.910845816 -0.403250039 0.613591850 -0.055878606 -0.443696588 -0.181614190 0.875800848
1403638556.927830 -0.907725215 -0.406965196 0.617555916 -0.054398619 -0.444383264 -0.179294705 0.876023769
1403638556.977829 -0.904242396 -0.410223722 0.621764243 -0.053397160 -0.445107847 -0.177587315 0.876065373
1403638557.027829 -0.900982261 -0.413624942 0.626402259 -0.052641258 -0.445368260 -0.178100675 0.875874519
1403638557.077829 -0.897833526 -0.416657925 0.630850911 -0.051541202 -0.445051461 -0.179791376 0.875755548
1403638557.127830 -0.894378483 -0.419197619 0.635468245 -0.049754906 -0.444617927 -0.181584030 0.875709176
1403638557.177829 -0.891184688 -0.422167063 0.640505075 -0.048880707 -0.444780082 -0.182083726 0.875572324
1403638557.227829 -0.887229741 -0.424729824 0.644966602 -0.047551207 -0.444543451 -0.183307126 0.875510395
1403638557.277829 -0.883993268 -0.426860958 0.649947047 -0.046927575 -0.444590122 -0.183728844 0.875431955
1403638557.327830 -0.880224943 -0.429088473 0.655279219 -0.046001714 -0.444467247 -0.184790075 0.875320137
1403638557.377829 -0.876747608 -0.431626707 0.660673320 -0.045327816 -0.444244117 -0.186755702 0.875051320
1403638557.427830 -0.873083174 -0.434270859 0.665294468 -0.043209191 -0.443307221 -0.189492509 0.875045300
1403638557.477829 -0.869792998 -0.437168926 0.671025336 -0.040689789 -0.442404717 -0.194024920 0.874629438
1403638557.527829 -0.866540432 -0.439863265 0.676085651 -0.038853407 -0.441363871 -0.196629465 0.874657154
1403638557.577829 -0.863017023 -0.442782611 0.681379020 -0.036495145 -0.440716118 -0.199330136 0.874474108
1403638557.627830 -0.859620214 -0.445720285 0.685979843 -0.034933805 -0.440181822 -0.200838342 0.874461889
1403638557.677829 -0.856190443 -0.449071705 0.691065371 -0.034505352 -0.439796448 -0.202309951 0.874333501
1403638557.727829 -0.853450656 -0.452214330 0.696813166 -0.033754133 -0.439900994 -0.201938957 0.874396026
1403638557.777829 -0.849900842 -0.455872595 0.701496184 -0.033656295 -0.439610809 -0.202213049 0.874482393
1403638557.827830 -0.846809089 -0.458920121 0.706416965 -0.032931767 -0.438449502 -0.204003692 0.874677062
1403638557.877829 -0.843742430 -0.461955190 0.711372912 -0.033486035 -0.438025117 -0.205017939 0.874631524
1403638557.927830 -0.840993464 -0.464411438 0.716290414 -0.033416044 -0.437178969 -0.207054004 0.874577880
1403638557.977829 -0.837850749 -0.467043638 0.721673846 -0.035598077 -0.436833531 -0.207812414 0.874484539
1403638558.027829 -0.834741533 -0.469387650 0.726696849 -0.038275879 -0.436633170 -0.208261833 0.874364614
1403638558.077829 -0.831033468 -0.471689582 0.731674433 -0.042288292 -0.436239958 -0.208593115 0.874297023
1403638558.127830 -0.827984512 -0.473461360 0.736786008 -0.046760809 -0.435315013 -0.209658369 0.874275506
1403638558.177829 -0.825674891 -0.475405753 0.741899848 -0.052280944 -0.434448212 -0.210836008 0.874110758
1403638558.227829 -0.822443426 -0.477704942 0.746593475 -0.057825338 -0.433375865 -0.211444110 0.874146998
1403638558.277829 -0.820419431 -0.479918957 0.752019763 -0.059324306 -0.432320684 -0.213720322 0.874015510
1403638558.327830 -0.818805397 -0.482687682 0.756486833 -0.061375409 -0.430865675 -0.215742528 0.874095559
1403638558.377829 -0.815706849 -0.485370874 0.761984468 -0.061883926 -0.429831475 -0.218697131 0.873834550
1403638558.427830 -0.813644886 -0.488468051 0.767048538 -0.065651782 -0.428261757 -0.222021237 0.873492002
1403638558.477829 -0.812106192 -0.491420954 0.772279978 -0.068565197 -0.426707536 -0.225024149 0.873260319
1403638558.527829 -0.810865283 -0.494713455 0.776884913 -0.071124181 -0.426057458 -0.224713668 0.873453021
1403638558.577829 -0.809865713 -0.498452067 0.782046974 -0.073073626 -0.426605284 -0.222806081 0.873513341
1403638558.627830 -0.810025275 -0.502133012 0.786738038 -0.072438709 -0.427069515 -0.219043329 0.874290705
1403638558.677829 -0.808467269 -0.506488502 0.792068839 -0.072675690 -0.429304540 -0.212840036 0.874708533
1403638558.727829 -0.808458805 -0.510735512 0.797119021 -0.072112285 -0.431055188 -0.206406116 0.875435710
1403638558.777829 -0.807904899 -0.514145851 0.802253008 -0.070771523 -0.431983382 -0.203297168 0.875815034
1403638558.827830 -0.808066845 -0.517572761 0.808420718 -0.069827944 -0.433013022 -0.199628726 0.876226068
1403638558.877829 -0.808554709 -0.520749927 0.813981533 -0.067726150 -0.432564557 -0.200165734 0.876489997
1403638558.927830 -0.808318496 -0.524248123 0.820113838 -0.063815601 -0.433092505 -0.199182302 0.876746714
1403638558.977829 -0.808327794 -0.528561771 0.826799393 -0.059238859 -0.433820873 -0.199103162 0.876725793
1403638559.027829 -0.808757782 -0.531722903 0.832916379 -0.055087935 -0.433718383 -0.199959531 0.876852274
1403638559.077829 -0.808735788 -0.534709692 0.838804483 -0.051473353 -0.434243768 -0.199269861 0.876968861
1403638559.127830 -0.809201717 -0.536953807 0.845268607 -0.048133187 -0.434254766 -0.199634552 0.877070129
1403638559.177829 -0.808955491 -0.540020585 0.852149963 -0.045864142 -0.435166359 -0.199494064 0.876771808
1403638559.227829 -0.809657335 -0.542433023 0.858862042 -0.043463636 -0.434746295 -0.201720580 0.876592994
1403638559.277829 -0.809998035 -0.544422746 0.865403116 -0.041564669 -0.434693694 -0.202976406 0.876421332
1403638559.327830 -0.810056984 -0.546804190 0.871840000 -0.040113956 -0.434679061 -0.204546928 0.876130998
1403638559.377829 -0.810537338 -0.548214793 0.878435493 -0.038155075 -0.433732688 -0.208085835 0.875854135
1403638559.427830 -0.810898244 -0.550433397 0.885214150 -0.036311157 -0.433504760 -0.210273325 0.875522852
1403638559.477829 -0.811460435 -0.551623821 0.891956091 -0.034901157 -0.433518797 -0.211076155 0.875380039
1403638559.527829 -0.811746359 -0.553047478 0.898504376 -0.033298068 -0.433427840 -0.212192595 0.875217557
1403638559.577829 -0.812332690 -0.554002464 0.905247271 -0.031650890 -0.433694452 -0.212799028 0.874999344
1403638559.627830 -0.812595665 -0.555652082 0.911717355 -0.031161539 -0.434309572 -0.212725446 0.874729693
1403638559.677829 -0.813543856 -0.556440473 0.918036699 -0.030532761 -0.434398532 -0.212883160 0.874669373
1403638559.727829 -0.813711643 -0.557694852 0.924289227 -0.030000281 -0.435083985 -0.212874383 0.874349117
1403638559.777829 -0.814751863 -0.559230447 0.930657506 -0.029884923 -0.435351133 -0.213326856 0.874109805
1403638559.827830 -0.815413415 -0.560471773 0.936775446 -0.031549290 -0.436194986 -0.212061688 0.873938441
1403638559.877829 -0.816404462 -0.562008262 0.942425847 -0.031212408 -0.436045349 -0.211744443 0.874102116
1403638559.927830 -0.817374945 -0.563647866 0.948151469 -0.031550433 -0.434491754 -0.210145235 0.875248790
1403638559.977829 -0.818403721 -0.564995944 0.954036534 -0.031927701 -0.431136131 -0.207670182 0.877482414
1403638560.027829 -0.819305182 -0.566398680 0.959355295 -0.032496985 -0.425569862 -0.204404101 0.880938828
1403638560.077829 -0.820312977 -0.567270160 0.965448141 -0.032516792 -0.418066174 -0.200408906 0.885437489
1403638560.127830 -0.821155429 -0.568220794 0.971630573 -0.032133020 -0.409371853 -0.195991933 0.890488267
1403638560.177829 -0.822097659 -0.568949163 0.977481961 -0.031049052 -0.398599505 -0.191999301 0.896264851
1403638560.227829 -0.823226690 -0.569534242 0.983726859 -0.030758819 -0.387078851 -0.187397018 0.902278364
1403638560.277829 -0.823736608 -0.569803953 0.990023673 -0.029233981 -0.375367254 -0.181975424 0.908366501
1403638560.327830 -0.824458122 -0.569998503 0.996100068 -0.025257487 -0.363331169 -0.176140025 0.914509296
1403638560.377829 -0.825428903 -0.570161343 1.001947045 -0.021478049 -0.350744218 -0.169794142 0.920699239
1403638560.427830 -0.826132298 -0.570481420 1.008199334 -0.018386541 -0.337917209 -0.163576096 0.926669717
1403638560.477829 -0.826792836 -0.570782006 1.014086008 -0.015102322 -0.324861020 -0.157302067 0.932466269
1403638560.527829 -0.827281833 -0.570478261 1.020036936 -0.012476739 -0.311815202 -0.150638536 0.938042462
1403638560.577829 -0.828121006 -0.570002615 1.026028872 -0.011224937 -0.298882484 -0.142329872 0.943549395
1403638560.627830 -0.828755975 -0.569700122 1.031718493 -0.011322291 -0.285763204 -0.134238645 0.948784053
1403638560.677829 -0.828986704 -0.569337010 1.037390709 -0.011751626 -0.273578614 -0.125681773 0.953530669
1403638560.727829 -0.829447031 -0.568700731 1.043317080 -0.012525349 -0.262930870 -0.116267018 0.957701623
1403638560.777829 -0.829975903 -0.568422198 1.048381567 -0.011718300 -0.251434356 -0.109628998 0.961574197
1403638560.827830 -0.829911053 -0.568483233 1.053829312 -0.010931170 -0.239733562 -0.104513749 0.965134799
1403638560.877829 -0.829066217 -0.569091797 1.058898807 -0.009834153 -0.228968725 -0.097639740 0.968474627
1403638560.927830 -0.828577518 -0.569616973 1.063868880 -0.008163508 -0.217639059 -0.092490293 0.971602857
1403638560.977829 -0.828070641 -0.570075572 1.068906784 -0.005027138 -0.206099018 -0.088095218 0.974544585
1403638561.027829 -0.827728808 -0.570580125 1.073426247 -0.000791818 -0.194279656 -0.084426135 0.977306008
1403638561.077829 -0.826472044 -0.572023034 1.078117847 0.001165290 -0.183698609 -0.079805702 0.979736984
1403638561.127830 -0.825181723 -0.573123574 1.082245231 0.004710351 -0.173110485 -0.076008879 0.981953800
1403638561.177829 -0.824019551 -0.574494839 1.086520076 0.007440878 -0.163780108 -0.072584741 0.983794808
1403638561.227829 -0.822042465 -0.576130211 1.089668989 0.010046812 -0.155956686 -0.069380283 0.985273004
1403638561.277829 -0.820532918 -0.577720463 1.093392730 0.012734994 -0.149880171 -0.066378169 0.986391246
1403638561.327830 -0.818662643 -0.579195857 1.097131491 0.011962793 -0.144473672 -0.065076947 0.987293899
1403638561.377829 -0.816170931 -0.580308378 1.099845886 0.008673896 -0.139348596 -0.066978455 0.987937570
1403638561.427830 -0.814279556 -0.581071377 1.103220940 0.004649207 -0.134305984 -0.072083451 0.988303721
1403638561.477829 -0.811878443 -0.582022727 1.106047869 0.000841259 -0.129760489 -0.077736743 0.988493025
1403638561.527829 -0.808328152 -0.583615482 1.108763814 -0.002498382 -0.126993805 -0.082568593 0.988457799
1403638561.577829 -0.805590749 -0.584447145 1.111827970 -0.005403393 -0.125075161 -0.086477160 0.988356590
1403638561.627830 -0.803007960 -0.584732354 1.114483833 -0.007155014 -0.123533048 -0.089212090 0.988296330
1403638561.677829 -0.800307751 -0.585122049 1.116820812 -0.008170142 -0.123254165 -0.090896055 0.988169789
1403638561.727829 -0.797331333 -0.585743666 1.119396329 -0.009163771 -0.123497121 -0.092296526 0.988000929
1403638561.777829 -0.793932617 -0.585950136 1.121996284 -0.009078572 -0.123971790 -0.092944138 0.987881541
1403638561.827830 -0.791247964 -0.585947037 1.124695897 -0.008744605 -0.123507246 -0.094429389 0.987801909
1403638561.877829 -0.788373411 -0.585744739 1.127231121 -0.007767803 -0.122088104 -0.095119357 0.987920284
1403638561.927830 -0.785346746 -0.585569978 1.129673719 -0.007549127 -0.119049445 -0.096113458 0.988196552
1403638561.977829 -0.782488406 -0.585346103 1.132235885 -0.007281180 -0.115156636 -0.094876669 0.988779247
1403638562.027829 -0.779774785 -0.584805667 1.134956837 -0.006789630 -0.109691277 -0.093358882 0.989548326
1403638562.077829 -0.777245820 -0.584225357 1.137323022 -0.006222824 -0.103311829 -0.092026517 0.990363061
1403638562.127830 -0.774387181 -0.584391475 1.139411211 -0.005862078 -0.097036406 -0.090111189 0.991175830
1403638562.177829 -0.771179795 -0.584439218 1.141295314 -0.005618191 -0.091168195 -0.088849589 0.991848052
1403638562.227829 -0.768878639 -0.584762692 1.143514156 -0.004918606 -0.086031221 -0.087571561 0.992424130
1403638562.277829 -0.764257550 -0.584995925 1.144882560 -0.004184484 -0.081673875 -0.085746586 0.992954910
1403638562.327830 -0.762637138 -0.585304320 1.146645546 -0.003207875 -0.075495102 -0.083106764 0.993671715
1403638562.377829 -0.759326696 -0.585723937 1.148116946 -0.001674138 -0.069159135 -0.079755135 0.994411051
1403638562.427830 -0.756228387 -0.586862206 1.149636269 -0.001219100 -0.061732497 -0.076156043 0.995182335
1403638562.477829 -0.753796458 -0.587543726 1.150793076 -0.001025632 -0.053000107 -0.071652055 0.996020019
1403638562.527829 -0.750635862 -0.588200748 1.151912928 -0.000771632 -0.043590840 -0.066848308 0.996810198
1403638562.577829 -0.748395741 -0.589055359 1.152822375 0.000508669 -0.033173166 -0.060770102 0.997600257
1403638562.627830 -0.745067358 -0.590060353 1.153944850 0.001634718 -0.023068227 -0.053731579 0.998287618
1403638562.677829 -0.741605282 -0.591722012 1.154619455 0.000931249 -0.012553068 -0.046200067 0.998852909
1403638562.727829 -0.737724543 -0.593025267 1.155498505 0.002317793 -0.002026255 -0.038367283 0.999258995
1403638562.777829 -0.736106396 -0.593572676 1.155995846 0.002918491 0.010093829 -0.030057985 0.999492943
1403638562.827830 -0.732135296 -0.594735086 1.156087875 0.004026630 0.022435907 -0.024540907 0.999438941
1403638562.877829 -0.728880405 -0.595530391 1.156506658 0.004609744 0.034769788 -0.018031809 0.999222040
1403638562.927830 -0.726126909 -0.596068799 1.157579899 0.005226206 0.047848795 -0.013006954 0.998756230
1403638562.977829 -0.722722054 -0.596853733 1.157945395 0.005671762 0.059720870 -0.008134071 0.998165846
1403638563.027829 -0.718411446 -0.597522318 1.157724261 0.006466727 0.070312344 -0.001740122 0.997502506
1403638563.077829 -0.715291977 -0.597044885 1.157745838 0.007229805 0.080446392 0.006027567 0.996714473
1403638563.127830 -0.711884797 -0.596779168 1.158086300 0.007645554 0.090256244 0.013729637 0.995794594
1403638563.177829 -0.707494199 -0.596980929 1.158862829 0.007922694 0.101227492 0.015004396 0.994718611
1403638563.227829 -0.702841699 -0.597421825 1.158235788 0.010074031 0.109436341 0.018476045 0.993771017
1403638563.277829 -0.699091434 -0.597002804 1.158272386 0.012438073 0.117848657 0.018759491 0.992776453
1403638563.327830 -0.695317864 -0.596197665 1.158541441 0.017688978 0.123873219 0.021049866 0.991917014
1403638563.377829 -0.691303372 -0.595818281 1.158136606 0.024933951 0.128614530 0.021932907 0.991138518
1403638563.427830 -0.685423493 -0.594820738 1.157240629 0.031481810 0.130655140 0.024275344 0.990630507
1403638563.477829 -0.680830896 -0.594068944 1.156868219 0.034469649 0.132237792 0.026392726 0.990266860
1403638563.527829 -0.676479816 -0.592811644 1.156201243 0.034791902 0.135053799 0.024248552 0.989930332
1403638563.577829 -0.672375798 -0.591591001 1.155026078 0.033203192 0.136877894 0.022799317 0.989768744
1403638563.627830 -0.667773843 -0.590544939 1.153507948 0.030202439 0.137824818 0.021798395 0.989755988
1403638563.677829 -0.663349390 -0.589810967 1.152224541 0.027153732 0.137349948 0.023078702 0.989881337
1403638563.727829 -0.658706486 -0.588728487 1.150267720 0.025503596 0.136760160 0.023985412 0.989985287
1403638563.777829 -0.654425025 -0.588522673 1.148037434 0.023193385 0.135738492 0.025660789 0.990140736
1403638563.827830 -0.645634890 -0.587198436 1.144815564 0.023342649 0.132084697 0.026495878 0.990609288
1403638563.877829 -0.641418099 -0.587264478 1.141798496 0.024111427 0.131141677 0.026821138 0.990707397
1403638563.927830 -0.635544896 -0.586714506 1.139070749 0.024539232 0.128981933 0.027206995 0.990969837
1403638563.977829 -0.630392194 -0.586962402 1.135689259 0.026091127 0.127077520 0.027079567 0.991179705
1403638564.027829 -0.625350058 -0.586622834 1.132544637 0.025130130 0.124999903 0.027719392 0.991451025
1403638564.077829 -0.619540870 -0.586152732 1.129245520 0.025088789 0.122532576 0.028100550 0.991749287
1403638564.127830 -0.614343643 -0.585675597 1.125340939 0.025174592 0.120585911 0.027028039 0.992015541
1403638564.177829 -0.606622875 -0.584667742 1.121350050 0.025162548 0.117819436 0.025389614 0.992391467
1403638564.227829 -0.601396203 -0.583641648 1.117562056 0.026648603 0.116716787 0.022825150 0.992545247
1403638564.277829 -0.595164776 -0.582647979 1.113484502 0.028108058 0.115687743 0.020214627 0.992682040
1403638564.327830 -0.589353323 -0.582309842 1.108997583 0.028226877 0.114765674 0.016591327 0.992852867
1403638564.377829 -0.583095610 -0.581622779 1.104235768 0.030046195 0.112842798 0.016283441 0.993024945
1403638564.427830 -0.576048732 -0.580681086 1.099652171 0.031525746 0.111856267 0.013111613 0.993137658
1403638564.477829 -0.570071697 -0.580684543 1.094899416 0.031984899 0.110822283 0.012087394 0.993251860
1403638564.527829 -0.563244224 -0.579892516 1.089139223 0.031664211 0.109605104 0.011967258 0.993398666
1403638564.577829 -0.556427836 -0.579917550 1.083736181 0.029186618 0.107928365 0.013296404 0.993641198
1403638564.627830 -0.551015079 -0.579402387 1.077440858 0.027909938 0.107326567 0.015260156 0.993714809
1403638564.677829 -0.543146431 -0.578216970 1.071964502 0.026793594 0.105426215 0.018606618 0.993891954
1403638564.727829 -0.536537111 -0.577841520 1.066309929 0.025862839 0.104827039 0.020878948 0.993934870
1403638564.777829 -0.529639840 -0.576016128 1.060322046 0.025918584 0.104348458 0.023269815 0.993930638
1403638564.827830 -0.522535324 -0.575469911 1.053789496 0.025435822 0.104247555 0.024882464 0.993914664
1403638564.877829 -0.515784204 -0.573401690 1.048005104 0.026333615 0.104278810 0.026449757 0.993847489
1403638564.927830 -0.507261038 -0.571530700 1.041713715 0.026900016 0.103564411 0.028050337 0.993863165
1403638564.977829 -0.500233948 -0.569397211 1.035564184 0.026676470 0.103403501 0.029394910 0.993847072
1403638565.027829 -0.492224038 -0.565991163 1.029526114 0.026601223 0.103090487 0.029756676 0.993870854
1403638565.077829 -0.485026568 -0.562745452 1.023449063 0.025808593 0.103180744 0.030703586 0.993853569
1403638565.127830 -0.476134539 -0.558032513 1.017791867 0.025581120 0.102775931 0.030958999 0.993893504
1403638565.177829 -0.468055725 -0.554104388 1.011664152 0.024666402 0.102601692 0.031166101 0.993928134
1403638565.227829 -0.459438860 -0.549661577 1.005278111 0.023759177 0.102697663 0.030861786 0.993949831
1403638565.277829 -0.450608313 -0.544726074 0.999141514 0.022969835 0.103253134 0.029878749 0.993940890
1403638565.327830 -0.441799045 -0.540151536 0.993278205 0.022302279 0.104016073 0.028773824 0.993909121
1403638565.377829 -0.433242023 -0.535237610 0.986744761 0.021237321 0.104954191 0.027201939 0.993878067
1403638565.427830 -0.424264997 -0.530141890 0.979817212 0.020955397 0.105266780 0.026256207 0.993876457
1403638565.477829 -0.415789783 -0.525315404 0.973235071 0.022367185 0.107047848 0.024542265 0.993699193
1403638565.527829 -0.406472951 -0.520807981 0.966292679 0.024309156 0.108937904 0.021339780 0.993522108
1403638565.577829 -0.396808565 -0.516131818 0.959464490 0.026070222 0.110833563 0.018328873 0.993327916
1403638565.627830 -0.387794614 -0.511957169 0.952198863 0.026758136 0.113702834 0.013535709 0.993062139
1403638565.677829 -0.379835337 -0.507959008 0.944549084 0.026141040 0.117485784 0.006846722 0.992706835
1403638565.727829 -0.369116157 -0.503363311 0.937374294 0.024822555 0.119817592 0.001097978 0.992484927
1403638565.777829 -0.359620988 -0.499286383 0.929909468 0.021846244 0.121712193 -0.002012930 0.992322981
1403638565.827830 -0.350965649 -0.495667607 0.921109974 0.019538438 0.123563662 -0.004025134 0.992136121
1403638565.877829 -0.341270745 -0.492169201 0.913418412 0.017519651 0.125462502 -0.008339765 0.991908610
1403638565.927830 -0.332373798 -0.489113212 0.905236244 0.014718924 0.126831248 -0.008710056 0.991776824
1403638565.977829 -0.324160397 -0.485801786 0.897322774 0.013886837 0.127984792 -0.009056199 0.991637588
1403638566.027829 -0.315316796 -0.481375098 0.889288962 0.012899294 0.128195509 -0.008249436 0.991630673
1403638566.077829 -0.306953609 -0.477652669 0.880916536 0.012280184 0.129501179 -0.009692551 0.991455853
1403638566.127830 -0.298625976 -0.473532051 0.872683883 0.012250708 0.128853634 -0.008030098 0.991555452
1403638566.177829 -0.289917499 -0.468919426 0.864582539 0.012017066 0.128579050 -0.007167989 0.991600513
1403638566.227829 -0.281384230 -0.464802176 0.856783748 0.012375613 0.128707498 -0.008186505 0.991571546
1403638566.277829 -0.272977710 -0.459533900 0.849036157 0.012411276 0.128353477 -0.008127474 0.991617501
1403638566.327830 -0.265480399 -0.455789328 0.841234803 0.010185068 0.128341123 -0.007211804 0.991651535
1403638566.377829 -0.257424653 -0.449070096 0.834240735 0.010891748 0.128230631 -0.008945711 0.991644204
1403638566.427830 -0.249201804 -0.445463389 0.826226234 0.010138770 0.127093643 -0.007943266 0.991807103
1403638566.477829 -0.241734698 -0.439328074 0.817954421 0.009782232 0.125840053 -0.006157168 0.991983235
1403638566.527829 -0.233391702 -0.433737099 0.809789836 0.009626704 0.125027031 -0.007241055 0.992080212
1403638566.577829 -0.225868016 -0.426031947 0.803944051 0.005316556 0.124233469 -0.007230119 0.992212415
1403638566.627830 -0.218671530 -0.419857085 0.796338499 -0.000392664 0.123195462 -0.006582649 0.992360532
1403638566.677829 -0.211048901 -0.414707273 0.788280249 -0.011656221 0.122561082 -0.006597487 0.992370605
1403638566.727829 -0.203250304 -0.405523509 0.781587660 -0.021185583 0.121805511 -0.005174746 0.992314339
1403638566.777829 -0.196002692 -0.399335802 0.774452150 -0.030893419 0.121607035 -0.006847481 0.992073834
1403638566.827830 -0.187948167 -0.393421322 0.767432213 -0.039010342 0.120298386 -0.006649798 0.991948724
1403638566.877829 -0.180687875 -0.386404395 0.760684013 -0.045372773 0.119249135 -0.006030898 0.991808712
1403638566.927830 -0.173564389 -0.379301101 0.754493773 -0.049663916 0.118895262 -0.008076504 0.991631091
1403638566.977829 -0.166021958 -0.372716099 0.748633802 -0.052077074 0.117936373 -0.007882650 0.991623342
1403638567.027829 -0.158554003 -0.365711480 0.742883086 -0.048868850 0.117276564 -0.008731117 0.991857767
1403638567.077829 -0.151478246 -0.360028684 0.737372875 -0.037224237 0.116807833 -0.010138361 0.992404938
1403638567.127830 -0.144026533 -0.353842467 0.731869936 -0.026535323 0.117085397 -0.013298147 0.992678225
1403638567.177829 -0.137204245 -0.347118765 0.727007747 -0.014978223 0.117066808 -0.014596622 0.992903829
1403638567.227829 -0.129876912 -0.341355562 0.722150564 -0.006888784 0.117577083 -0.017339569 0.992888510
1403638567.277829 -0.123159021 -0.335136056 0.716956615 -0.000574348 0.118344143 -0.019156450 0.992787719
1403638567.327830 -0.116145283 -0.327808768 0.712543964 0.002771585 0.119606599 -0.021051016 0.992594302
1403638567.377829 -0.109314695 -0.320244819 0.708572924 0.003393705 0.120600484 -0.022106046 0.992449164
1403638567.427830 -0.102079242 -0.313937604 0.703241646 0.003938996 0.121292599 -0.022417467 0.992355824
1403638567.477829 -0.093820676 -0.307865441 0.698760927 0.001498015 0.121226348 -0.021921927 0.992381692
1403638567.527829 -0.088293776 -0.301717073 0.693272471 -0.000977794 0.122842416 -0.021964923 0.992182612
1403638567.577829 -0.080662325 -0.295766443 0.689149737 -0.004908917 0.123025283 -0.021136213 0.992166281
1403638567.627830 -0.073331252 -0.290533215 0.684068561 -0.008172194 0.124131143 -0.021716615 0.991994500
1403638567.677829 -0.069306403 -0.284462273 0.678542614 -0.010307489 0.126492083 -0.022608774 0.991656363
1403638567.727829 -0.062480122 -0.279751509 0.673199058 -0.013452771 0.126958773 -0.022395549 0.991563857
1403638567.777829 -0.056613907 -0.274807364 0.668499351 -0.016615609 0.128032669 -0.022609510 0.991372943
1403638567.827830 -0.050703004 -0.269696832 0.663407803 -0.020532653 0.128624916 -0.022659438 0.991221726
1403638567.877829 -0.046211481 -0.264776051 0.658945560 -0.022064494 0.129054770 -0.020204572 0.991186082
1403638567.927830 -0.041942582 -0.259576023 0.654266417 -0.021769922 0.129700944 -0.019419804 0.991123915
1403638567.977829 -0.035963774 -0.255703688 0.649059415 -0.022940535 0.129853740 -0.019420067 0.991077483
1403638568.027829 -0.030692354 -0.251849920 0.644444048 -0.023108417 0.130141377 -0.020108450 0.991022110
1403638568.077829 -0.025227070 -0.248397768 0.639943182 -0.022855707 0.131024331 -0.022551429 0.990859032
1403638568.127830 -0.020657524 -0.245054349 0.635536730 -0.021604406 0.131393075 -0.022880213 0.990830779
1403638568.177829 -0.015949279 -0.241621315 0.631088734 -0.021168424 0.132261664 -0.024985487 0.990673780
1403638568.227829 -0.011639491 -0.239288256 0.626851797 -0.020550156 0.132860065 -0.025042526 0.990605295
1403638568.277829 -0.006969929 -0.236982524 0.623065531 -0.021635223 0.133288622 -0.025033999 0.990524828
1403638568.327830 -0.003238738 -0.233891577 0.618631005 -0.020917729 0.133820191 -0.025459744 0.990457714
1403638568.377829 0.000990674 -0.231734991 0.614874780 -0.022415778 0.133985087 -0.025241150 0.990408182
1403638568.427830 0.005766422 -0.228695691 0.610699832 -0.023342153 0.133832455 -0.024791924 0.990418792
1403638568.477829 0.008824408 -0.225881964 0.607281625 -0.023795329 0.134538949 -0.025018632 0.990306556
1403638568.527829 0.012904361 -0.223635584 0.603656113 -0.025129840 0.134614184 -0.025252577 0.990257442
1403638568.577829 0.016410038 -0.220071480 0.600512028 -0.026216533 0.135042712 -0.025871247 0.990154982
1403638568.627830 0.020528421 -0.217487708 0.596806467 -0.027906535 0.134713516 -0.025806513 0.990155280
1403638568.677829 0.024208859 -0.214794576 0.594023943 -0.030226849 0.134839118 -0.027119230 0.990034997
1403638568.727829 0.026853740 -0.211948246 0.590933204 -0.030994421 0.135505140 -0.027910586 0.989898324
1403638568.777829 0.030523740 -0.208273202 0.588210225 -0.031770840 0.134918362 -0.027101852 0.989976346
1403638568.827830 0.032790430 -0.207052320 0.585688710 -0.030779999 0.134891957 -0.026019847 0.990040302
1403638568.877829 0.035766751 -0.204262987 0.582955837 -0.030732198 0.134795666 -0.024555337 0.990092278
1403638568.927830 0.039212391 -0.201940894 0.580455065 -0.030204087 0.135030359 -0.026945526 0.990014374
1403638568.977829 0.041793145 -0.200549066 0.577811003 -0.029964570 0.135009527 -0.027294042 0.990014911
1403638569.027829 0.043908492 -0.199401557 0.575904965 -0.029173514 0.135380715 -0.027033381 0.989995062
1403638569.077829 0.046101473 -0.198202953 0.573481977 -0.030026490 0.136066332 -0.028993366 0.989820063
1403638569.127830 0.048905313 -0.197016835 0.571113944 -0.029458744 0.135759309 -0.028863957 0.989883065
1403638569.177829 0.051033199 -0.196242839 0.569137216 -0.031418856 0.136296049 -0.029276116 0.989736915
1403638569.227829 0.052579053 -0.194616765 0.567362607 -0.031959150 0.137308225 -0.030978296 0.989527881
1403638569.277829 0.054007836 -0.195103422 0.565607250 -0.034398921 0.138153777 -0.031326946 0.989317358
1403638569.327830 0.056966834 -0.192978457 0.563885987 -0.033497263 0.137601301 -0.031635191 0.989415467
1403638569.377829 0.057811968 -0.192294881 0.562418759 -0.033656292 0.138425395 -0.032104585 0.989280045
1403638569.427830 0.059569865 -0.190703720 0.561364293 -0.031785894 0.138766080 -0.032592881 0.989278197
1403638569.477829 0.062140539 -0.189591661 0.560196102 -0.030851780 0.137870148 -0.032666955 0.989430606
1403638569.527829 0.063153282 -0.188521996 0.559749305 -0.029871266 0.138111472 -0.033089027 0.989412963
1403638569.577829 0.063943028 -0.187345952 0.558961630 -0.028845558 0.138613328 -0.033627063 0.989355087
1403638569.627830 0.064609729 -0.186902180 0.558174074 -0.027840121 0.138533205 -0.032367602 0.989437103
1403638569.677829 0.065476224 -0.185508832 0.557990313 -0.026624426 0.138736367 -0.032363981 0.989442229
1403638569.727829 0.066545859 -0.184860870 0.557506025 -0.025669198 0.138802230 -0.033495136 0.989420593
1403638569.777829 0.067207485 -0.184692740 0.557153642 -0.025310243 0.138800085 -0.033800922 0.989419758
1403638569.827830 0.067066744 -0.184067369 0.556723952 -0.024375716 0.139085576 -0.033985820 0.989396811
1403638569.877829 0.067739718 -0.184467435 0.556389987 -0.023128942 0.139291018 -0.035163179 0.989356637
1403638569.927830 0.067710400 -0.184744462 0.556266308 -0.021777608 0.139439195 -0.035321254 0.989360809
1403638569.977829 0.067160890 -0.184822917 0.556071341 -0.020372272 0.139184117 -0.034136150 0.989468277
1403638570.027829 0.068184912 -0.184176221 0.556178272 -0.018837364 0.137971357 -0.033633277 0.989685714
1403638570.077829 0.067306913 -0.184503764 0.555548728 -0.018871466 0.137789309 -0.031900041 0.989767849
1403638570.127830 0.067232691 -0.184100121 0.555916071 -0.018741906 0.136640757 -0.029353786 0.990008295
1403638570.177829 0.067198217 -0.183549866 0.556259811 -0.018280640 0.135130122 -0.026646854 0.990300775
1403638570.227829 0.066145241 -0.182758600 0.556672752 -0.017049620 0.133809075 -0.023391539 0.990584314
1403638570.277829 0.065812536 -0.182660311 0.557032108 -0.016848117 0.131774813 -0.018401561 0.990965664
1403638570.327830 0.065384462 -0.181734651 0.557459772 -0.015963512 0.130224362 -0.012943895 0.991271555
1403638570.377829 0.064778171 -0.180780664 0.558074355 -0.015591447 0.130983531 -0.009063705 0.991220474
1403638570.427830 0.064235270 -0.179194748 0.558746874 -0.014505737 0.133082882 -0.002766954 0.990994871
1403638570.477829 0.063580006 -0.177937075 0.559668541 -0.013808518 0.136605129 0.006086805 0.990510643
1403638570.527829 0.063635759 -0.176768631 0.560026944 -0.012085624 0.140512317 0.018865082 0.989825368
1403638570.577829 0.063804388 -0.175781250 0.561283290 -0.009977006 0.146025047 0.032017697 0.988712311
1403638570.627830 0.063808247 -0.173451439 0.561987936 -0.006459844 0.153855622 0.044853661 0.987053633
1403638570.677829 0.064158648 -0.172341600 0.562534213 -0.002606035 0.163344055 0.054981675 0.985032439
1403638570.727829 0.064429998 -0.171487436 0.563356817 0.003584079 0.174148411 0.063167758 0.982684731
1403638570.777829 0.065927312 -0.170075476 0.563869417 0.012392744 0.184605822 0.072578683 0.980050743
1403638570.827830 0.066935003 -0.168251649 0.564185679 0.021023441 0.196424782 0.078849323 0.977117240
1403638570.877829 0.068235174 -0.166515648 0.565219104 0.027822200 0.208740711 0.084049493 0.973955274
1403638570.927830 0.070835978 -0.163561568 0.565048873 0.033383269 0.220383197 0.088464439 0.970819652
1403638570.977829 0.071995974 -0.162513420 0.565426171 0.036359653 0.233421758 0.091930740 0.967337072
1403638571.027829 0.074727818 -0.160214975 0.564821184 0.038492348 0.244793713 0.096792184 0.963963509
1403638571.077829 0.077024296 -0.156609029 0.564560413 0.036231287 0.257587552 0.097983919 0.960591018
1403638571.127830 0.078763500 -0.153957307 0.563527226 0.031904150 0.270820737 0.097935878 0.957103372
1403638571.177829 0.082725108 -0.151583955 0.561622262 0.026366567 0.281845391 0.096471183 0.954233348
1403638571.227829 0.085439935 -0.149915054 0.559827805 0.021947747 0.292581677 0.093876630 0.951368153
1403638571.277829 0.089820281 -0.147403523 0.557602763 0.019263567 0.301121563 0.090697542 0.949067235
1403638571.327830 0.092918858 -0.145508900 0.555599272 0.016979210 0.309248716 0.087765247 0.946770370
1403638571.377829 0.096994579 -0.143651947 0.552808881 0.016865004 0.313758075 0.088115744 0.945254982
1403638571.427830 0.099530295 -0.142170832 0.550504684 0.017848875 0.318887740 0.088137440 0.943516731
1403638571.477829 0.103183925 -0.141412258 0.547417104 0.019103019 0.321692139 0.088379517 0.942516983
1403638571.527829 0.106935129 -0.140732706 0.544122815 0.020272441 0.325024813 0.087367453 0.941442966
1403638571.577829 0.110540897 -0.138678193 0.541456759 0.020835292 0.329339713 0.087671407 0.939901531
1403638571.627830 0.113916159 -0.137670055 0.538599372 0.019554231 0.334417015 0.089094743 0.938000560
1403638571.677829 0.117538989 -0.136269420 0.535402477 0.017134899 0.340011835 0.092186294 0.935735047
1403638571.727829 0.121344432 -0.134292662 0.531928301 0.014893653 0.346622944 0.094986849 0.933063924
1403638571.777829 0.125339627 -0.132072285 0.528467119 0.012776287 0.353838861 0.098710485 0.929995239
1403638571.827830 0.130137697 -0.130111843 0.524786592 0.010671277 0.361106932 0.103082448 0.926748037
1403638571.877829 0.133244902 -0.128303155 0.521310508 0.010093153 0.369854450 0.109108716 0.922605634
1403638571.927830 0.137150094 -0.125877216 0.517783105 0.010963673 0.378536612 0.114906020 0.918360710
1403638571.977829 0.141825750 -0.124758676 0.513885140 0.011235304 0.386967003 0.120922334 0.914061308
1403638572.027829 0.146414205 -0.122518122 0.509960651 0.012516029 0.395899743 0.125699580 0.909563839
1403638572.077829 0.151251137 -0.121664926 0.505659580 0.013394064 0.404380262 0.131703377 0.904959321
1403638572.127830 0.155462503 -0.120531976 0.501642644 0.014421868 0.414522678 0.134274945 0.899962842
1403638572.177829 0.160638288 -0.119066924 0.497216791 0.014568798 0.425091714 0.134606197 0.894967020
1403638572.227829 0.165565655 -0.117612690 0.492249906 0.013320389 0.435123444 0.136891142 0.889803946
1403638572.277829 0.170356080 -0.116786197 0.487890720 0.010540076 0.445321679 0.140256882 0.884254217
1403638572.327830 0.175848216 -0.115791619 0.483290255 0.007811941 0.455337405 0.144185558 0.878531396
1403638572.377829 0.180596441 -0.114990041 0.477933168 0.005351931 0.465493977 0.148424312 0.872500360
1403638572.427830 0.185756013 -0.112701610 0.472741544 0.003619164 0.474794298 0.150541618 0.867118478
1403638572.477829 0.190977097 -0.111710206 0.468304217 0.000727868 0.483589888 0.151284382 0.862121403
1403638572.527829 0.196364582 -0.110749438 0.464106113 -0.001594075 0.490809530 0.152507976 0.857813954
1403638572.577829 0.201956972 -0.109565765 0.458892763 -0.002116218 0.496827394 0.152546898 0.854334533
1403638572.627830 0.207374886 -0.107689895 0.454222262 -0.002757157 0.500877798 0.153110206 0.851863325
1403638572.677829 0.212799788 -0.107194155 0.449722052 -0.004464213 0.504563570 0.153777763 0.849557579
1403638572.727829 0.218504697 -0.105809748 0.444974333 -0.006808504 0.507886648 0.151458770 0.847977042
1403638572.777829 0.224385664 -0.105251454 0.440128803 -0.009975930 0.510333598 0.149323538 0.846854508
1403638572.827830 0.230398640 -0.104776017 0.435342431 -0.012944140 0.511803031 0.147995532 0.846160412
1403638572.877829 0.235804975 -0.104202121 0.430923522 -0.015141045 0.513045311 0.147006020 0.845543921
1403638572.927830 0.241306990 -0.104302734 0.426613033 -0.016285850 0.513194561 0.146786556 0.845470190
1403638572.977829 0.247503787 -0.104025342 0.422009408 -0.018478645 0.513032556 0.145876020 0.845681012
1403638573.027829 0.253590524 -0.103996620 0.417412758 -0.020102922 0.512457490 0.145927295 0.845983684
1403638573.077829 0.260073185 -0.103624210 0.412981302 -0.021200662 0.511322021 0.145380527 0.846737742
1403638573.127830 0.265677303 -0.103455409 0.409166098 -0.022469040 0.510746062 0.145654842 0.847005486
1403638573.177829 0.271850348 -0.103161164 0.405415058 -0.022644261 0.509857714 0.145603344 0.847544670
1403638573.227829 0.278131127 -0.103117742 0.401893675 -0.022698654 0.508781731 0.144913733 0.848307669
1403638573.277829 0.284409761 -0.102883354 0.398270398 -0.023438634 0.507641256 0.144965932 0.848961651
1403638573.327830 0.291164517 -0.102442093 0.394572556 -0.022599062 0.506384790 0.144196182 0.849865437
1403638573.377829 0.297785670 -0.102348819 0.391512096 -0.023804039 0.506537735 0.144676030 0.849659801
1403638573.427830 0.304885924 -0.102442257 0.387973845 -0.025140906 0.507328629 0.144171491 0.849235058
1403638573.477829 0.311627299 -0.102610886 0.384882361 -0.025487218 0.508777142 0.143174544 0.848526537
1403638573.527829 0.318461865 -0.102875762 0.381841183 -0.025963560 0.509776711 0.142517760 0.848022580
1403638573.577829 0.325445950 -0.103979975 0.379361212 -0.026266638 0.510588765 0.142215744 0.847575247
1403638573.627830 0.332568407 -0.105154648 0.376382500 -0.026573818 0.511195421 0.141951129 0.847244322
1403638573.677829 0.339752704 -0.106214643 0.373860657 -0.028601633 0.513145089 0.141073093 0.846145630
1403638573.727829 0.346742392 -0.107690997 0.371237874 -0.028272090 0.515942216 0.140982553 0.844469190
1403638573.777829 0.353711516 -0.109485269 0.368978143 -0.026993014 0.520746350 0.139779344 0.841757894
1403638573.827830 0.361386269 -0.111070648 0.366808236 -0.022783075 0.526962340 0.137794510 0.838334262
1403638573.877829 0.368795812 -0.112850204 0.364276946 -0.018153787 0.534305751 0.135994509 0.834082305
1403638573.927830 0.376089752 -0.114286482 0.362666965 -0.012295745 0.542878091 0.136097074 0.828619182
1403638573.977829 0.383781940 -0.115731016 0.360414356 -0.004282962 0.550644219 0.139579803 0.822976351
1403638574.027829 0.391331345 -0.117135875 0.358738929 0.004872046 0.558416426 0.145488322 0.816688716
1403638574.077829 0.398926139 -0.118081078 0.357315660 0.014611686 0.566516340 0.152484193 0.809687793
1403638574.127830 0.406315923 -0.119513951 0.355201721 0.024361856 0.574827313 0.159892529 0.802131236
1403638574.177829 0.413652837 -0.120359838 0.353621602 0.033521634 0.583477139 0.168201879 0.793812871
1403638574.227829 0.421126455 -0.121027738 0.352319419 0.040299542 0.592989504 0.174257562 0.785094738
1403638574.277829 0.428107947 -0.121674299 0.350288182 0.044273440 0.602412283 0.180727214 0.776193917
1403638574.327830 0.435286671 -0.122176133 0.348426938 0.045494203 0.612535119 0.185831994 0.766940355
1403638574.377829 0.442168325 -0.121998280 0.346326888 0.044815712 0.622630000 0.190065950 0.757758796
1403638574.427830 0.449031949 -0.121999510 0.344141036 0.043306351 0.632933021 0.193343014 0.748424232
1403638574.477829 0.455875397 -0.121704876 0.341696024 0.041971970 0.642372072 0.197697699 0.739264548
1403638574.527829 0.462575257 -0.121357508 0.339374542 0.041551448 0.650662541 0.201026514 0.731095135
1403638574.577829 0.469102859 -0.121501945 0.336650819 0.041643679 0.657589316 0.203666344 0.724128544
1403638574.627830 0.475591809 -0.121327385 0.333692431 0.041935273 0.663976967 0.204022631 0.718157887
1403638574.677829 0.481773973 -0.121440418 0.330853403 0.038741469 0.670356750 0.203327224 0.712586105
1403638574.727829 0.487988085 -0.121727094 0.327783376 0.035164621 0.675786495 0.201019838 0.708284616
1403638574.777829 0.493863016 -0.122166768 0.324628562 0.029379936 0.679845035 0.199862495 0.704984069
1403638574.827830 0.499319583 -0.122934885 0.321647704 0.024295945 0.682372272 0.200443372 0.702566862
1403638574.877829 0.505065084 -0.123443566 0.318364948 0.020812407 0.683248460 0.203539014 0.700935304
1403638574.927830 0.510906994 -0.124030933 0.315551996 0.017012056 0.683779299 0.205509409 0.699944556
1403638574.977829 0.516288996 -0.124289602 0.312455267 0.014439899 0.683886826 0.207335502 0.699358523
1403638575.027829 0.522185981 -0.124243110 0.309640169 0.014969987 0.682614028 0.211087853 0.699468255
1403638575.077829 0.527671874 -0.124541879 0.306837797 0.017138956 0.680818975 0.215987653 0.699672103
1403638575.127830 0.533418417 -0.124306858 0.303653836 0.020196630 0.679170489 0.219118118 0.700219095
1403638575.177829 0.538825512 -0.124202028 0.301027030 0.022830375 0.677865982 0.221805021 0.700556159
1403638575.227829 0.544880390 -0.123868898 0.298195332 0.025161741 0.676962733 0.222756937 0.701047540
1403638575.277829 0.550677538 -0.123533592 0.295204639 0.026514681 0.675622165 0.224162385 0.701842487
1403638575.327830 0.556389213 -0.122858599 0.292263955 0.026014749 0.674504876 0.225153565 0.702618182
1403638575.377829 0.562504590 -0.121878996 0.289400458 0.022878289 0.673376381 0.225853279 0.703584433
1403638575.427830 0.568088412 -0.120942101 0.286142498 0.019805064 0.671819985 0.227232158 0.704720676
1403638575.477829 0.574309886 -0.119774446 0.283182532 0.016219523 0.671177328 0.226190805 0.705758870
1403638575.527829 0.580476224 -0.118543491 0.279954880 0.014511295 0.669804752 0.226681635 0.706941605
1403638575.577829 0.586503088 -0.117748857 0.276629567 0.010187932 0.669378340 0.225093976 0.707927644
1403638575.627830 0.593051136 -0.116730005 0.273363173 0.005283427 0.669365704 0.222383320 0.708849251
1403638575.677829 0.599196911 -0.116119862 0.269965231 0.001568867 0.669649541 0.218957186 0.709665239
1403638575.727829 0.605525970 -0.115673617 0.266542882 -0.003173604 0.669279993 0.217665583 0.710405469
1403638575.777829 0.611786067 -0.115382463 0.262853473 -0.007842579 0.669159949 0.216290310 0.710902214
1403638575.827830 0.618417323 -0.115428433 0.259142518 -0.011924034 0.668729186 0.215536028 0.711479723
1403638575.877829 0.625123620 -0.115840137 0.255795777 -0.013505322 0.668285072 0.214804396 0.712089717
1403638575.927830 0.632053018 -0.116332814 0.252053797 -0.013543133 0.667517066 0.215364471 0.712639987
1403638575.977829 0.638982534 -0.117295578 0.248482943 -0.012912695 0.667512238 0.214496538 0.712917864
1403638576.027829 0.646098018 -0.118340060 0.244589061 -0.013017613 0.667087853 0.214115024 0.713427722
1403638576.077829 0.653364956 -0.119600415 0.240823656 -0.012905091 0.667073965 0.213279039 0.713693082
1403638576.127830 0.660765111 -0.121122777 0.237339258 -0.012268567 0.667263806 0.213245675 0.713536799
1403638576.177829 0.667845607 -0.122838080 0.234078988 -0.010432047 0.667812467 0.211979985 0.713429868
1403638576.227829 0.675239086 -0.124219358 0.230199724 -0.010622676 0.668392122 0.210170582 0.713419616
1403638576.277829 0.682947040 -0.125925377 0.227263957 -0.011999106 0.669773757 0.207420439 0.712906659
1403638576.327830 0.690798759 -0.127133876 0.223859712 -0.013410872 0.670637667 0.204791948 0.712829232
1403638576.377829 0.698656619 -0.128462791 0.220531732 -0.015235948 0.671576023 0.202596948 0.712536275
1403638576.427830 0.706870735 -0.129275203 0.217760146 -0.017666193 0.672264457 0.201173022 0.712234378
1403638576.477829 0.714987040 -0.130295783 0.214932829 -0.020133998 0.673352957 0.198429763 0.711910188
1403638576.527829 0.722913027 -0.131085545 0.212357402 -0.024923580 0.674565434 0.195541725 0.711409688
1403638576.577829 0.731429815 -0.131963640 0.210219786 -0.028203955 0.675541520 0.193718672 0.710859537
1403638576.627830 0.739674389 -0.132693946 0.207810253 -0.030562015 0.676184893 0.191913202 0.710640073
1403638576.677829 0.748507619 -0.133454069 0.205932915 -0.031179992 0.676733375 0.190340012 0.710514188
1403638576.727829 0.757066607 -0.134358287 0.204412282 -0.029372593 0.677508295 0.187647417 0.710568905
1403638576.777829 0.765210688 -0.135327876 0.203003481 -0.026815178 0.678599536 0.183874160 0.710615218
1403638576.827830 0.774410307 -0.135953069 0.201419026 -0.021836849 0.679136038 0.181685910 0.710835874
1403638576.877829 0.782768130 -0.136855230 0.200932235 -0.018103743 0.679684699 0.180188715 0.710797489
1403638576.927830 0.791655302 -0.137460455 0.199673638 -0.011913477 0.679329932 0.181021154 0.711055696
1403638576.977829 0.800086081 -0.138247237 0.199431613 -0.006335912 0.678866506 0.182344958 0.711231649
1403638577.027829 0.808902621 -0.138866156 0.198662728 -0.002983086 0.677751422 0.185274065 0.711560011
1403638577.077829 0.817473471 -0.139688462 0.198733926 0.000511291 0.677369833 0.187148675 0.711438835
1403638577.127830 0.825839043 -0.140659541 0.198406577 0.003335373 0.676872253 0.188559160 0.711532354
1403638577.177829 0.834258378 -0.141789094 0.198140070 0.005527438 0.676251829 0.190297082 0.711645901
1403638577.227829 0.842603028 -0.143495873 0.198298544 0.005955208 0.676188588 0.191215903 0.711456239
1403638577.277829 0.851022482 -0.144731253 0.197898328 0.004450309 0.676531196 0.189879283 0.711499512
1403638577.327830 0.859993517 -0.146377087 0.197462946 0.001699519 0.677501440 0.186884403 0.711381197
1403638577.377829 0.868259788 -0.148378327 0.197374910 -0.003603227 0.679064572 0.182477400 0.711027682
1403638577.427830 0.876174927 -0.150288507 0.197625697 -0.006839712 0.679955840 0.179620236 0.710879624
1403638577.477829 0.884523630 -0.152356789 0.197683692 -0.008185785 0.680846393 0.177211627 0.710617483
1403638577.527829 0.892289758 -0.154776856 0.197482169 -0.007568592 0.679812193 0.179282486 0.711094797
1403638577.577829 0.900692523 -0.156895772 0.197998583 -0.007511425 0.679433107 0.180491105 0.711151958
1403638577.627830 0.908697844 -0.158799618 0.198849693 -0.005817916 0.678800583 0.182456031 0.711270452
1403638577.677829 0.916352689 -0.160891756 0.199614719 -0.005177872 0.677971900 0.184224188 0.711609960
1403638577.727829 0.924600363 -0.162487641 0.200697660 -0.005110642 0.677757740 0.184958488 0.711623967
1403638577.777829 0.932319403 -0.164047807 0.201847702 -0.003746686 0.676738381 0.187043458 0.712057471
1403638577.827830 0.940608680 -0.165377796 0.203421205 -0.003775032 0.676550627 0.187249288 0.712181687
1403638577.877829 0.948223948 -0.166592926 0.204539388 -0.003458925 0.676232636 0.187069669 0.712532341
1403638577.927830 0.955234289 -0.168060005 0.206052303 -0.003649427 0.676057100 0.186848894 0.712755919
1403638577.977829 0.964185536 -0.169181481 0.207961053 -0.003980923 0.676249087 0.185347989 0.712963820
1403638578.027829 0.973087430 -0.170831919 0.209546342 -0.003151398 0.675858855 0.184956700 0.713439465
1403638578.077829 0.980667531 -0.172783077 0.211178064 -0.001569049 0.675214767 0.185884014 0.713813424
1403638578.127830 0.988436997 -0.174775988 0.213099837 0.000658459 0.674442887 0.186801717 0.714304864
1403638578.177829 0.996159077 -0.177003726 0.214968920 0.004898376 0.673022628 0.190015063 0.714780211
1403638578.227829 1.003108859 -0.179860219 0.216206849 0.010591422 0.670832276 0.195003673 0.715433717
1403638578.277829 1.011084437 -0.182382256 0.218228340 0.013975603 0.669213474 0.198879495 0.715824664
1403638578.327830 1.018893123 -0.184553295 0.220208108 0.017182294 0.668345511 0.201227739 0.715909541
1403638578.377829 1.026604056 -0.186851338 0.221567988 0.018193524 0.668339670 0.201219186 0.715892375
1403638578.427830 1.034175396 -0.188884452 0.223019376 0.017915130 0.668205380 0.201601475 0.715917230
1403638578.477829 1.041633606 -0.190996692 0.225046039 0.018384015 0.668579876 0.201417208 0.715607524
1403638578.527829 1.048885465 -0.192561850 0.226821780 0.018451082 0.668583930 0.202027708 0.715429842
1403638578.577829 1.055873752 -0.194151327 0.228564352 0.018695980 0.668973029 0.202006966 0.715065598
1403638578.627830 1.063448191 -0.195599213 0.230210707 0.019205129 0.669505954 0.201214582 0.714776695
1403638578.677829 1.071023941 -0.196547627 0.232219636 0.018467732 0.670271993 0.199661881 0.714513540
1403638578.727829 1.078686595 -0.197611600 0.234232157 0.016192982 0.671462476 0.197070941 0.714170218
1403638578.777829 1.085719585 -0.198836759 0.235661343 0.013384666 0.672626376 0.194175243 0.713926196
1403638578.827830 1.092247486 -0.200149834 0.237269133 0.009144953 0.673493505 0.191905513 0.713789284
1403638578.877829 1.100300431 -0.201630563 0.239072233 0.007802734 0.674790800 0.188426182 0.713506937
1403638578.927830 1.107586384 -0.202271968 0.241148949 0.006413245 0.675369978 0.187072515 0.713328958
1403638578.977829 1.114482522 -0.203499466 0.242755741 0.005788838 0.675622344 0.185400471 0.713531792
1403638579.027829 1.121451497 -0.204704642 0.244585574 0.005182857 0.675681889 0.184488401 0.713716447
1403638579.077829 1.128007889 -0.206453711 0.246584117 0.005214619 0.675477564 0.184301570 0.713957846
1403638579.127830 1.135035515 -0.208084017 0.248487204 0.005311101 0.675519943 0.183361411 0.714159071
1403638579.177829 1.141281366 -0.210058540 0.249974340 0.005468042 0.675348699 0.183295935 0.714336634
1403638579.227829 1.147739649 -0.212344170 0.251779377 0.005640341 0.675163448 0.183218852 0.714530170
1403638579.277829 1.154603124 -0.214564711 0.253960967 0.007621058 0.674292862 0.185251072 0.714809835
1403638579.327830 1.161397457 -0.216655850 0.255367875 0.009352032 0.673478663 0.186110511 0.715333402
1403638579.377829 1.168780804 -0.219816327 0.257651895 0.014040191 0.671503544 0.191296831 0.715745330
1403638579.427830 1.174600363 -0.221981585 0.258961856 0.017792394 0.670209110 0.194246113 0.716080785
1403638579.477829 1.181223989 -0.224042594 0.261373460 0.021821646 0.668988347 0.197339907 0.716264844
1403638579.527829 1.187621355 -0.226072580 0.263642550 0.024744920 0.667623878 0.198358223 0.717161119
1403638579.577829 1.194184661 -0.227936924 0.265644342 0.029418509 0.666406333 0.195315912 0.718949854
1403638579.627830 1.200012922 -0.230168566 0.267901838 0.034065541 0.664818048 0.189880729 0.721665978
1403638579.677829 1.205635667 -0.231258646 0.269172728 0.037006497 0.661588073 0.183209404 0.726199746
1403638579.727829 1.212605596 -0.232714385 0.271692246 0.036893606 0.657345653 0.175409824 0.731961012
1403638579.777829 1.218229413 -0.234105900 0.273918360 0.035726402 0.650653183 0.168692321 0.739538372
1403638579.827830 1.223701596 -0.234773502 0.276121169 0.030697152 0.642240882 0.162978202 0.748346508
1403638579.877829 1.229373813 -0.235527933 0.278517276 0.024847211 0.631512463 0.157605872 0.758772075
1403638579.927830 1.234844804 -0.236118764 0.280785143 0.021203114 0.619084835 0.152780488 0.770027637
1403638579.977829 1.239995718 -0.236960649 0.283504814 0.018551556 0.605410278 0.147073537 0.781986892
1403638580.027829 1.244480968 -0.237939566 0.285512358 0.020042963 0.591116607 0.137438387 0.794537663
1403638580.077829 1.248955607 -0.238769859 0.288141996 0.023536537 0.575772583 0.126318619 0.807450056
1403638580.127830 1.253518820 -0.238976911 0.290601492 0.028344819 0.558347344 0.116250612 0.820932806
1403638580.177829 1.258798838 -0.239005595 0.293481708 0.030892238 0.540098846 0.107040174 0.834194958
1403638580.227829 1.262038350 -0.239557862 0.295868009 0.031933278 0.520420372 0.099338144 0.847510934
1403638580.277829 1.265464902 -0.239926845 0.298326433 0.030988755 0.500465155 0.093484409 0.860136628
1403638580.327830 1.269308209 -0.239379346 0.300647378 0.029267758 0.480459154 0.090131715 0.871882260
1403638580.377829 1.273288965 -0.238799125 0.302946806 0.028159246 0.462181121 0.089628145 0.881795049
1403638580.427830 1.276061058 -0.238283664 0.305729002 0.026044207 0.446072996 0.090790428 0.889998674
1403638580.477829 1.278713942 -0.237962291 0.307975143 0.024300942 0.433081865 0.091296822 0.896389663
1403638580.527829 1.281989574 -0.237292007 0.310133129 0.024196235 0.421614617 0.091511540 0.901821077
1403638580.577829 1.285006285 -0.236306593 0.312293023 0.023142036 0.411658794 0.090964586 0.906491518
1403638580.627830 1.287741303 -0.235908270 0.314588904 0.020260058 0.401694059 0.090442330 0.911071658
1403638580.677829 1.290434241 -0.235124886 0.316084921 0.015916742 0.391608030 0.088677667 0.915710688
1403638580.727829 1.293598890 -0.234260902 0.318550318 0.010828653 0.382523298 0.085905313 0.919879854
1403638580.777829 1.296308637 -0.234161079 0.320486546 0.006161236 0.375775307 0.082713462 0.922991574
1403638580.827830 1.298001289 -0.234122902 0.321089029 0.002348694 0.369961888 0.079963438 0.925596297
1403638580.877829 1.301174760 -0.234133959 0.323057443 -0.001570405 0.366095603 0.076699741 0.927409708
1403638580.927830 1.303361654 -0.234509230 0.324185491 -0.001537951 0.362510026 0.075625509 0.928905249
1403638580.977829 1.306257844 -0.234814122 0.325521678 -0.001367609 0.359414816 0.076698147 0.930019677
1403638581.027829 1.308818102 -0.235812753 0.326753139 -0.001930254 0.358076245 0.076401412 0.930559278
1403638581.077829 1.311383009 -0.236610115 0.327469617 -0.002015257 0.357124895 0.076423846 0.930922747
1403638581.127830 1.313839674 -0.237750083 0.328268558 -0.002155878 0.357670188 0.074730232 0.930850565
1403638581.177829 1.316591263 -0.239233196 0.329055071 -0.002267636 0.358112425 0.073691040 0.930763125
1403638581.227829 1.319063067 -0.240705162 0.330234438 -0.003073019 0.359370530 0.072536618 0.930366516
1403638581.277829 1.321618557 -0.242002755 0.331136197 -0.003452103 0.361160249 0.071206182 0.929774702
1403638581.327830 1.324686766 -0.243389934 0.331685305 -0.003633910 0.362171888 0.071057811 0.929391801
1403638581.377829 1.327328205 -0.244546264 0.333227754 -0.002107996 0.363949418 0.070143513 0.928771377
1403638581.427830 1.329962492 -0.246384308 0.334508091 -0.001379931 0.365473449 0.069917575 0.928191125
1403638581.477829 1.332031250 -0.248232052 0.335652262 -0.000056516 0.367274135 0.069767796 0.927492440
1403638581.527829 1.334788799 -0.250067770 0.336584181 -0.000214617 0.368754983 0.070394106 0.926857233
1403638581.577829 1.337387085 -0.252053499 0.337565452 -0.000383359 0.370298326 0.069792479 0.926287234
1403638581.627830 1.339327574 -0.254007459 0.337954521 0.002336869 0.372023702 0.068534702 0.925686717
1403638581.677829 1.341900349 -0.255695850 0.339674532 0.005918985 0.374124557 0.066753186 0.924953938
1403638581.727829 1.344376564 -0.257327944 0.340317488 0.009513670 0.375286043 0.065657891 0.924531758
1403638581.777829 1.346541405 -0.258660138 0.342132568 0.010822561 0.376357347 0.066342041 0.924032867
1403638581.827830 1.348057508 -0.260661989 0.342981845 0.010836458 0.377753943 0.065543912 0.923519611
1403638581.877829 1.350380421 -0.261030823 0.344142973 0.015429756 0.378517032 0.064553589 0.923211575
1403638581.927830 1.352540135 -0.262426317 0.345507324 0.022293450 0.379348487 0.062578380 0.922866046
1403638581.977829 1.353777170 -0.263123482 0.346431732 0.027373591 0.380407780 0.060283732 0.922445953
1403638582.027829 1.355281591 -0.264009058 0.347662508 0.027490409 0.380914748 0.060298447 0.922232270
1403638582.077829 1.356126785 -0.264841527 0.348791361 0.023772588 0.380758673 0.062226631 0.922271907
1403638582.127830 1.358215451 -0.265943229 0.349414110 0.016620155 0.380490154 0.063962393 0.922420621
1403638582.177829 1.358705282 -0.266715050 0.350097477 0.011813211 0.379261881 0.068173185 0.922698915
1403638582.227829 1.359519005 -0.268527895 0.350728571 0.006028531 0.379717320 0.068323791 0.922556341
1403638582.277829 1.360955119 -0.269959390 0.351338208 0.006220591 0.379480511 0.068406463 0.922646403
1403638582.327830 1.361315489 -0.272440910 0.351390362 0.008257120 0.380263627 0.065364406 0.922528565
1403638582.377829 1.361511230 -0.273908615 0.351804018 0.011871618 0.380201131 0.064375281 0.922584414
1403638582.427830 1.362314701 -0.276126593 0.352006853 0.013036328 0.380591601 0.062979698 0.922504008
1403638582.477829 1.362388968 -0.278398514 0.352237880 0.013658144 0.380903900 0.062017269 0.922431290
1403638582.527829 1.362989187 -0.280597568 0.351862967 0.015182326 0.380468309 0.061552066 0.922618389
1403638582.577829 1.362927556 -0.283807278 0.352264941 0.014449134 0.380915135 0.060521629 0.922513962
1403638582.627830 1.362802505 -0.286074966 0.352299094 0.015325319 0.380863994 0.060785566 0.922503591
1403638582.677829 1.362624645 -0.288870931 0.352461934 0.013155795 0.381024957 0.061012492 0.922455609
1403638582.727829 1.361988544 -0.292171121 0.352229476 0.010667362 0.380906433 0.062325917 0.922448933
1403638582.777829 1.361754775 -0.294977337 0.352296859 0.010563842 0.380675465 0.063757740 0.922447562
1403638582.827830 1.360941172 -0.298192173 0.352276713 0.008382835 0.381144017 0.063693166 0.922280967
1403638582.877829 1.360440731 -0.300996929 0.352372199 0.007692893 0.381368041 0.064045958 0.922169924
1403638582.927830 1.359243155 -0.304093480 0.352144986 0.005781041 0.381699264 0.064832605 0.921991885
1403638582.977829 1.358630896 -0.306501001 0.352258682 0.003788874 0.381542623 0.066201612 0.921969771
1403638583.027829 1.357921600 -0.309127212 0.352045357 0.001127595 0.381646693 0.067071587 0.921870887
1403638583.077829 1.357061863 -0.310460418 0.352382302 -0.000139050 0.381686360 0.068308562 0.921764314
1403638583.127830 1.356210589 -0.312542558 0.353043765 -0.001968479 0.381877691 0.068517797 0.921667397
1403638583.177829 1.355234742 -0.314838588 0.352936417 -0.003201231 0.381878555 0.069369078 0.921599925
1403638583.227829 1.354345083 -0.316925079 0.353784114 -0.004437231 0.381989330 0.070586026 0.921456456
1403638583.277829 1.353116751 -0.318534613 0.353783220 -0.004462121 0.381670773 0.071244396 0.921537697
1403638583.327830 1.352275372 -0.320412010 0.354727387 -0.004298248 0.382211149 0.070128232 0.921400130
1403638583.377829 1.351203442 -0.321832120 0.355231464 -0.003934992 0.381830812 0.070610180 0.921522617
1403638583.427830 1.350307107 -0.323557287 0.356319427 -0.005226241 0.382056862 0.070306450 0.921445727
1403638583.477829 1.349243283 -0.324236482 0.356319457 -0.005097291 0.381642699 0.070441954 0.921607733
1403638583.527829 1.347951889 -0.326376379 0.357206404 -0.005807193 0.381721526 0.070667326 0.921553612
1403638583.577829 1.346698999 -0.328477710 0.358156562 -0.005650155 0.382003784 0.070168324 0.921475768
1403638583.627830 1.345262527 -0.330904841 0.358887643 -0.006235211 0.382156879 0.069664165 0.921446741
1403638583.677829 1.343988895 -0.333078295 0.359535068 -0.006535038 0.382666498 0.068183891 0.921343923
1403638583.727829 1.343176603 -0.335625261 0.361137569 -0.006112588 0.382591069 0.068095468 0.921384692
1403638583.777829 1.342090130 -0.337739199 0.361945152 -0.005937580 0.382201880 0.068187825 0.921540499
1403638583.827830 1.340567946 -0.340018213 0.362565219 -0.006029043 0.382479876 0.067256860 0.921492994
1403638583.877829 1.339553714 -0.341545820 0.364292234 -0.004388319 0.382582575 0.067203753 0.921463490
1403638583.927830 1.337799072 -0.344420880 0.365389287 -0.004913978 0.382515490 0.067159705 0.921491921
1403638583.977829 1.336422920 -0.345807016 0.367022961 -0.005043668 0.382963568 0.066709451 0.921337783
1403638584.027829 1.335124135 -0.347106069 0.367833495 -0.003681409 0.382873595 0.065837093 0.921444356
1403638584.077829 1.333786130 -0.348801404 0.369838923 0.000825747 0.383838236 0.062900878 0.921255112
1403638584.127830 1.332700729 -0.349100620 0.370773911 0.008565407 0.384054005 0.059784681 0.921333253
1403638584.177829 1.331407189 -0.350658894 0.372794688 0.016269375 0.384629309 0.056730177 0.921182573
1403638584.227829 1.329657078 -0.351644933 0.373952150 0.024821186 0.385087699 0.053009745 0.921021879
1403638584.277829 1.327553272 -0.352284521 0.375945717 0.031742908 0.384883434 0.052407335 0.920929193
1403638584.327830 1.325675845 -0.352474809 0.376678824 0.034812048 0.385310709 0.050129451 0.920766413
1403638584.377829 1.323556423 -0.352649868 0.379172176 0.036761750 0.385262489 0.050323706 0.920700252
1403638584.427830 1.321149945 -0.353382498 0.380326450 0.036376469 0.385308295 0.050341066 0.920695424
1403638584.477829 1.318592787 -0.353982955 0.381468266 0.036127165 0.385524452 0.049283992 0.920671940
1403638584.527829 1.316039324 -0.353599429 0.383521616 0.037279803 0.385113925 0.050602555 0.920726299
1403638584.577829 1.312970042 -0.352921695 0.383852780 0.036536422 0.385106564 0.049564391 0.920815647
1403638584.627830 1.310518980 -0.353625655 0.384817570 0.035580061 0.384300351 0.050864328 0.921118915
1403638584.677829 1.306465387 -0.354227722 0.385735750 0.033413041 0.384089828 0.052158341 0.921215534
1403638584.727829 1.302828431 -0.355138391 0.385437012 0.029380398 0.383346051 0.053299498 0.921597362
1403638584.777829 1.299133658 -0.355443031 0.386511236 0.022507753 0.382462591 0.056772873 0.921950459
1403638584.827830 1.295147181 -0.356451392 0.386506528 0.016369576 0.381518930 0.059745975 0.922282875
1403638584.877829 1.290656805 -0.357041389 0.387725294 0.009945937 0.380517662 0.064890854 0.922440529
1403638584.927830 1.286531568 -0.357626975 0.388154119 0.006711645 0.380373031 0.066896409 0.922386169
1403638584.977829 1.281905890 -0.358575553 0.388185501 0.003731950 0.380331248 0.068283603 0.922318578
1403638585.027829 1.278016925 -0.358714968 0.388283134 0.001906230 0.379835546 0.069310501 0.922451854
1403638585.077829 1.273927927 -0.359513730 0.388752878 0.001261821 0.380329311 0.069188699 0.922258615
1403638585.127830 1.269667983 -0.359541595 0.389721125 0.001596178 0.379694760 0.071302928 0.922358513
1403638585.177829 1.265718818 -0.359746724 0.389481604 0.001947816 0.379002333 0.071994565 0.922588885
1403638585.227829 1.261281729 -0.360232890 0.390479416 0.003036890 0.379511654 0.071381621 0.922424138
1403638585.277829 1.257351875 -0.359891772 0.391006976 0.004823360 0.379486591 0.070392378 0.922502875
1403638585.327830 1.252976179 -0.358972877 0.392032921 0.007520848 0.379844010 0.069645762 0.922394395
1403638585.377829 1.249502778 -0.358351797 0.393686473 0.008712308 0.379837304 0.069186054 0.922421277
1403638585.427830 1.245444417 -0.357909590 0.394421756 0.008479379 0.379757077 0.069258504 0.922451019
1403638585.477829 1.241759539 -0.356783718 0.394924223 0.008469139 0.379626215 0.069409184 0.922493637
1403638585.527829 1.237194657 -0.356850833 0.395683229 0.006812876 0.379727393 0.069239907 0.922478497
1403638585.577829 1.232437253 -0.356657982 0.396249890 0.005396865 0.379408568 0.070215970 0.922545254
1403638585.627830 1.228405595 -0.357141852 0.396809995 0.003379749 0.379349619 0.070216313 0.922579050
1403638585.677829 1.224073648 -0.357360721 0.397107661 0.000782065 0.379186928 0.070653930 0.922618389
1403638585.727829 1.219685316 -0.357968837 0.397453696 -0.003542844 0.378766865 0.072203837 0.922664464
1403638585.777829 1.215396166 -0.358148485 0.397740006 -0.007416544 0.377984792 0.074998774 0.922739208
1403638585.827830 1.210919142 -0.359418213 0.398767620 -0.011382970 0.378047824 0.076149225 0.922578752
1403638585.877829 1.206731558 -0.360646009 0.398801416 -0.014485539 0.377252251 0.078393705 0.922672927
1403638585.927830 1.202340841 -0.361463100 0.399108917 -0.015091213 0.376881272 0.080602109 0.922624528
1403638585.977829 1.198261142 -0.363043040 0.400483787 -0.014129345 0.377200633 0.081086323 0.922466815
1403638586.027829 1.194267511 -0.364966959 0.400628924 -0.010701649 0.377460837 0.080363259 0.922469795
1403638586.077829 1.190524340 -0.366130888 0.401822001 -0.007235368 0.378404349 0.078932032 0.922240496
1403638586.127830 1.186498165 -0.367516220 0.402344763 -0.004357017 0.379098326 0.078136742 0.922041297
1403638586.177829 1.182752013 -0.368795395 0.402849495 -0.002576429 0.379349232 0.077197894 0.922023833
1403638586.227829 1.178918600 -0.370059133 0.403329343 -0.000685103 0.379799247 0.075945102 0.921945989
1403638586.277829 1.175435185 -0.371345282 0.404379427 0.001421225 0.380337119 0.074558027 0.921836615
1403638586.327830 1.171107769 -0.372499406 0.405107558 0.004067499 0.381553203 0.072044343 0.921526015
1403638586.377829 1.167936563 -0.372410655 0.407147288 0.006305731 0.383016288 0.067664593 0.921238422
1403638586.427830 1.164253831 -0.373108625 0.407689154 0.007932866 0.384686440 0.062984891 0.920861721
1403638586.477829 1.160481691 -0.374066263 0.408173651 0.007901599 0.386292487 0.058838643 0.920463860
1403638586.527829 1.156450510 -0.374236256 0.409913540 0.008656211 0.387626618 0.055792663 0.920085788
1403638586.577829 1.152027965 -0.374480665 0.411043197 0.008508059 0.387630135 0.056368351 0.920050621
1403638586.627830 1.148360729 -0.374581009 0.411624432 0.007644236 0.386505395 0.058804926 0.920378745
1403638586.677829 1.144579887 -0.374160409 0.412658632 0.007475062 0.386144996 0.060055386 0.920450687
1403638586.727829 1.140565395 -0.373883367 0.414314926 0.008264279 0.385140210 0.062956363 0.920671046
1403638586.777829 1.136210918 -0.373136461 0.415344089 0.008727181 0.384401381 0.064663179 0.920857251
1403638586.827830 1.131812811 -0.373477995 0.416172713 0.009743351 0.383446991 0.066273428 0.921130478
1403638586.877829 1.127567887 -0.372561216 0.417857021 0.010542635 0.383136719 0.066570036 0.921229362
1403638586.927830 1.123341084 -0.371976525 0.419415563 0.010839418 0.383334845 0.065937802 0.921188951
1403638586.977829 1.118797183 -0.371016920 0.420819044 0.010753484 0.383152783 0.066214956 0.921245813
1403638587.027829 1.114508629 -0.369900078 0.422461212 0.011379216 0.382806510 0.066718899 0.921345949
1403638587.077829 1.110057831 -0.368346721 0.423855603 0.011620166 0.382705331 0.066888757 0.921372592
1403638587.127830 1.105264783 -0.367478460 0.425371081 0.011409054 0.382510096 0.067310095 0.921425641
1403638587.177829 1.100670457 -0.366866887 0.426176220 0.009478024 0.382309169 0.067088634 0.921547055
1403638587.227829 1.096495986 -0.365566939 0.427741200 0.008088720 0.381870538 0.067325987 0.921724856
1403638587.277829 1.091306567 -0.365380436 0.429545909 0.006921586 0.382176161 0.067848340 0.921569347
1403638587.327830 1.086532593 -0.365595460 0.429980308 0.004814154 0.382145971 0.068185851 0.921570420
1403638587.377829 1.082645535 -0.365348101 0.432010919 0.004058396 0.381907135 0.068720542 0.921633303
1403638587.427830 1.077915430 -0.365403026 0.433144271 0.003966218 0.381810546 0.069832005 0.921590149
1403638587.477829 1.073526740 -0.365279078 0.434128910 0.004118454 0.381287396 0.071172692 0.921703517
1403638587.527829 1.068340778 -0.365174204 0.434884667 0.004676893 0.381245494 0.071380638 0.921702087
1403638587.577829 1.063633323 -0.364993662 0.435855091 0.004080730 0.381440163 0.072530329 0.921534657
1403638587.627830 1.059115648 -0.363685131 0.437539726 0.005260442 0.381308883 0.073046811 0.921542168
1403638587.677829 1.054249048 -0.363625348 0.438270986 0.005183406 0.381418169 0.073335245 0.921474516
1403638587.727829 1.049443245 -0.363217741 0.439539999 0.005101391 0.381438911 0.072973646 0.921495080
1403638587.777829 1.044806838 -0.362343282 0.440965950 0.005668196 0.381732762 0.073769405 0.921306729
1403638587.827830 1.040326476 -0.361324847 0.442558646 0.006103009 0.381702483 0.074432626 0.921263099
1403638587.877829 1.035432458 -0.360971361 0.443369925 0.005969097 0.381550878 0.074768454 0.921299636
1403638587.927830 1.030959010 -0.359778762 0.445044607 0.006423761 0.381736755 0.075079225 0.921194255
1403638587.977829 1.026123762 -0.359067768 0.446556926 0.006325220 0.381819516 0.075224735 0.921148837
1403638588.027829 1.021920443 -0.357650429 0.447749674 0.007345469 0.381660074 0.075172551 0.921211541
1403638588.077829 1.017086029 -0.356369376 0.449207217 0.007102693 0.382115424 0.073480844 0.921161175
1403638588.127830 1.012364507 -0.354727656 0.450900912 0.006303439 0.383284122 0.071169838 0.920862854
1403638588.177829 1.007858634 -0.353516966 0.451209575 0.004920347 0.384667575 0.066279568 0.920659363
1403638588.227829 1.003435969 -0.351604402 0.452929348 0.004173295 0.385292292 0.064002849 0.920562923
1403638588.277829 0.998796701 -0.350093722 0.454715282 0.003741345 0.385726601 0.062752835 0.920468926
1403638588.327830 0.993806243 -0.349229515 0.455859721 0.002922518 0.385585010 0.062611610 0.920540810
1403638588.377829 0.989103556 -0.347854167 0.457547158 0.003159561 0.385937482 0.061687972 0.920454681
1403638588.427830 0.984485805 -0.347184062 0.458759099 0.003354087 0.385376185 0.062645286 0.920624554
1403638588.477829 0.979442179 -0.346974254 0.459511220 0.003138472 0.384964883 0.063463323 0.920741320
1403638588.527829 0.974187195 -0.346777022 0.460873842 0.003645980 0.384561062 0.064987510 0.920801878
1403638588.577829 0.969056249 -0.346905053 0.461677879 0.004387396 0.384028524 0.066097520 0.920941889
1403638588.627830 0.963762105 -0.347020179 0.462932289 0.005030018 0.383555412 0.067248181 0.921052456
1403638588.677829 0.958535552 -0.346998394 0.463606060 0.006355614 0.382911384 0.068352148 0.921230912
1403638588.727829 0.953335762 -0.347784698 0.465074182 0.008323307 0.382484972 0.070107430 0.921260476
1403638588.777829 0.947995067 -0.347806513 0.465138972 0.008762989 0.382291228 0.070056804 0.921340704
1403638588.827830 0.942872584 -0.348339021 0.466677427 0.009494213 0.382234573 0.071059085 0.921280205
1403638588.877829 0.937478721 -0.348363131 0.467736065 0.009978476 0.381833494 0.073365219 0.921260595
1403638588.927830 0.932685554 -0.347949475 0.468903422 0.010290477 0.382010996 0.072913229 0.921219468
1403638588.977829 0.927230775 -0.347882152 0.469471902 0.010074335 0.381939650 0.073486663 0.921205878
1403638589.027829 0.922238708 -0.347006798 0.470803320 0.010218408 0.382234097 0.073655300 0.921068728
1403638589.077829 0.916573286 -0.347016454 0.471623331 0.009383060 0.382598251 0.073376998 0.920948625
1403638589.127830 0.911864161 -0.345830858 0.472661823 0.009469737 0.383034080 0.072520427 0.920834422
1403638589.177829 0.906672597 -0.344583243 0.473967254 0.009875320 0.383356869 0.071937390 0.920741558
1403638589.227829 0.901122808 -0.344255745 0.474808633 0.009650573 0.383201718 0.072270602 0.920782447
1403638589.277829 0.895864010 -0.343485594 0.476265788 0.010985217 0.383430570 0.072045177 0.920689821
1403638589.327830 0.891105115 -0.341838360 0.477589488 0.010812894 0.383447200 0.072232440 0.920670331
1403638589.377829 0.885870218 -0.340775311 0.478882790 0.011595670 0.383475870 0.071789473 0.920683503
1403638589.427830 0.880756140 -0.339711487 0.479752749 0.010776938 0.383121639 0.072847135 0.920757830
1403638589.477829 0.875599384 -0.338705719 0.480831921 0.010219343 0.383401990 0.072579734 0.920668602
1403638589.527829 0.869810939 -0.338758230 0.480897456 0.010014759 0.383004576 0.073100612 0.920795023
1403638589.577829 0.864856064 -0.337729633 0.481555998 0.010391583 0.382979721 0.073242933 0.920789897
1403638589.627830 0.859699488 -0.337721527 0.482476890 0.010521720 0.382967323 0.072682567 0.920837939
1403638589.677829 0.853718698 -0.338195324 0.483105898 0.009013127 0.383108974 0.073539928 0.920726955
1403638589.727829 0.848528266 -0.338253170 0.483071208 0.007212908 0.383319348 0.073930584 0.920623958
1403638589.777829 0.843230963 -0.337898552 0.483272493 0.006313334 0.383380800 0.073751390 0.920619369
1403638589.827830 0.837822437 -0.337799877 0.484212458 0.006007006 0.383554995 0.074886188 0.920457244
1403638589.877829 0.832425177 -0.337716222 0.484198809 0.005384607 0.383966327 0.074851096 0.920292437
1403638589.927830 0.826942086 -0.337555945 0.484517694 0.004782124 0.384331971 0.074516080 0.920170307
1403638589.977829 0.821585178 -0.337216616 0.485113740 0.005152005 0.384389132 0.075271659 0.920082927
1403638590.027829 0.816646874 -0.336542517 0.485416770 0.005604709 0.384191692 0.076391108 0.920070529
1403638590.077829 0.811015606 -0.335966229 0.486163735 0.005271862 0.384543955 0.076166712 0.919943929
1403638590.127830 0.805849671 -0.335434794 0.486452401 0.006174783 0.384933770 0.075953558 0.919792891
1403638590.177829 0.801494539 -0.334433079 0.487585008 0.006693305 0.385195315 0.075823829 0.919690490
1403638590.227829 0.796343029 -0.333564341 0.488390326 0.007464603 0.385463119 0.075961322 0.919560909
1403638590.277829 0.790953100 -0.332707316 0.488916367 0.007833861 0.385389328 0.076277249 0.919562697
1403638590.327830 0.786035776 -0.331294000 0.489330232 0.008086453 0.385477901 0.075942047 0.919551075
1403638590.377829 0.781059980 -0.329857409 0.489794672 0.007353126 0.385596544 0.076705419 0.919444144
1403638590.427830 0.775710106 -0.328733325 0.490351617 0.005951310 0.385909170 0.076189071 0.919366062
1403638590.477829 0.770573378 -0.327397048 0.491116285 0.005846434 0.385890067 0.076840766 0.919320524
1403638590.527829 0.765780926 -0.326209337 0.491997957 0.005756584 0.385795772 0.077309750 0.919321299
1403638590.577829 0.760496557 -0.325014383 0.492325693 0.004109612 0.385604441 0.077949710 0.919356346
1403638590.627830 0.755272985 -0.323918521 0.493257374 0.002373133 0.385655671 0.078517631 0.919292688
1403638590.677829 0.750110447 -0.323207408 0.493545115 0.001476670 0.385036111 0.080096580 0.919418037
1403638590.727829 0.745184422 -0.322497904 0.494178951 0.000991134 0.384860337 0.080965638 0.919416189
1403638590.777829 0.740259647 -0.322100163 0.493860185 0.000148933 0.384458482 0.081166714 0.919567049
1403638590.827830 0.735086918 -0.322092235 0.494349509 -0.001065585 0.384806693 0.080979362 0.919437349
1403638590.877829 0.730534494 -0.321705371 0.494421542 -0.001337004 0.384745181 0.081018053 0.919459343
1403638590.927830 0.725142419 -0.322206199 0.494256556 -0.001957778 0.384375364 0.082102574 0.919516683
1403638590.977829 0.720178485 -0.322306335 0.494527876 -0.002469020 0.384390146 0.082380444 0.919484437
1403638591.027829 0.715889871 -0.322699726 0.494301230 -0.003340394 0.384053379 0.083660647 0.919506788
1403638591.077829 0.711526752 -0.323011994 0.494698197 -0.004184640 0.384002388 0.084453590 0.919452131
1403638591.127830 0.706294239 -0.323300958 0.495044768 -0.008009694 0.384331018 0.085150808 0.919225156
1403638591.177829 0.701777160 -0.323541403 0.495119154 -0.011874435 0.384161830 0.086527847 0.919125438
1403638591.227829 0.697413325 -0.323318064 0.495685399 -0.016903833 0.383956730 0.088448480 0.918949604
1403638591.277829 0.692646146 -0.323242545 0.496148288 -0.022353334 0.383648366 0.090640135 0.918748379
1403638591.327830 0.688633680 -0.323046684 0.496615887 -0.027100615 0.383051962 0.093296856 0.918603539
1403638591.377829 0.684966683 -0.322340667 0.497472048 -0.029898120 0.382562637 0.095167451 0.918528736
1403638591.427830 0.681645632 -0.322068691 0.498013020 -0.032799035 0.381882608 0.097007431 0.918520272
1403638591.477829 0.677991986 -0.321643770 0.499428093 -0.034946725 0.381332725 0.098990627 0.918457925
1403638591.527829 0.674534440 -0.320995927 0.500421166 -0.037482329 0.380935431 0.101151921 0.918287337
1403638591.577829 0.671105623 -0.320658058 0.501988769 -0.040190551 0.380733579 0.102717429 0.918082714
1403638591.627830 0.668060899 -0.320254683 0.503382266 -0.041451424 0.380331308 0.103850842 0.918065846
1403638591.677829 0.665463567 -0.319491953 0.505342126 -0.040816158 0.380338341 0.104419209 0.918026924
1403638591.727829 0.663331866 -0.318796724 0.506837845 -0.039325230 0.380435467 0.104262173 0.918069601
1403638591.777829 0.660951316 -0.318456143 0.508794725 -0.037475739 0.381028354 0.102264144 0.918125808
1403638591.827830 0.658697486 -0.318251431 0.511179566 -0.034968846 0.381227821 0.102048531 0.918165922
1403638591.877829 0.656947136 -0.318053484 0.513218343 -0.033291906 0.381391376 0.100739472 0.918304861
1403638591.927830 0.655533373 -0.318199247 0.515421748 -0.029974991 0.381340146 0.099928901 0.918528914
1403638591.977829 0.653626680 -0.318461925 0.517631054 -0.028241966 0.381697088 0.099215165 0.918513000
1403638592.027829 0.652468026 -0.319436967 0.519760489 -0.025102237 0.381595403 0.098557793 0.918717146
1403638592.077829 0.651277125 -0.320117295 0.522121787 -0.023353435 0.381540567 0.097787313 0.918868363
1403638592.127830 0.650479317 -0.320898652 0.524263620 -0.021500479 0.380898863 0.096958533 0.919267535
1403638592.177829 0.649532795 -0.322459698 0.526611686 -0.016869606 0.378925383 0.096766889 0.920199513
1403638592.227829 0.648594737 -0.324239820 0.528963089 -0.010913371 0.376216084 0.095573068 0.921524942
1403638592.277829 0.648271501 -0.326057494 0.530926645 -0.003787473 0.371760786 0.094288468 0.923520029
1403638592.327830 0.647651970 -0.328368068 0.532730758 0.001555373 0.366547227 0.092733040 0.925765216
1403638592.377829 0.646632850 -0.330882132 0.534831166 0.006110489 0.359673738 0.091401316 0.928570569
1403638592.427830 0.645995975 -0.333425015 0.536074340 0.008487325 0.351347327 0.088892892 0.931976974
1403638592.477829 0.645709574 -0.336421698 0.537712455 0.008550568 0.342653930 0.086861894 0.935398400
1403638592.527829 0.645029664 -0.339109063 0.539347589 0.005814349 0.335343152 0.083438374 0.938375831
1403638592.577829 0.645270169 -0.342018634 0.540415406 0.001636778 0.328409702 0.080189772 0.941123784
1403638592.627830 0.644661307 -0.345218629 0.541920424 -0.002429842 0.322631806 0.077361390 0.943354666
1403638592.677829 0.644763052 -0.348364383 0.542709172 -0.007116140 0.317096233 0.075367264 0.945367157
1403638592.727829 0.644386411 -0.351894319 0.543606162 -0.012045440 0.312810451 0.073532924 0.946888268
1403638592.777829 0.644978583 -0.354623079 0.544477880 -0.016776826 0.308765262 0.072761431 0.948202670
1403638592.827830 0.645515203 -0.357869565 0.545334160 -0.021007469 0.305153549 0.073079050 0.949262559
1403638592.877829 0.645630956 -0.360736310 0.546615422 -0.023789771 0.303039104 0.072187044 0.949942291
1403638592.927830 0.645947218 -0.363616109 0.547945976 -0.025874512 0.301651359 0.070940822 0.950423300
1403638592.977829 0.646901667 -0.366432667 0.549469233 -0.027422434 0.300400615 0.069693223 0.950868189
1403638593.027829 0.648102999 -0.368758142 0.551252663 -0.027617363 0.299300402 0.069817297 0.951200366
1403638593.077829 0.648974180 -0.371276855 0.552850127 -0.028205242 0.298862457 0.069325611 0.951356769
1403638593.127830 0.650166750 -0.374301046 0.554714561 -0.027678300 0.298350334 0.069058090 0.951552391
1403638593.177829 0.651410580 -0.376527041 0.556516111 -0.024887472 0.298378736 0.068058990 0.951692581
1403638593.227829 0.652658224 -0.379585445 0.558157444 -0.021601258 0.299783766 0.065170765 0.951533437
1403638593.277829 0.653990328 -0.382630646 0.559847713 -0.019908341 0.301666170 0.060870387 0.951260209
1403638593.327830 0.655603170 -0.385770649 0.561964154 -0.017649807 0.303532630 0.056194525 0.950998724
1403638593.377829 0.656905174 -0.389014244 0.563724339 -0.014520709 0.305915058 0.051025961 0.950579584
1403638593.427830 0.658426523 -0.392219245 0.565404773 -0.010465530 0.308475941 0.045212146 0.950099409
1403638593.477829 0.660235405 -0.395310223 0.566931665 -0.007294851 0.309802473 0.042145506 0.949838400
1403638593.527829 0.661707878 -0.398676604 0.569138050 -0.004861548 0.311399817 0.039996494 0.949424446
1403638593.577829 0.663079321 -0.401599884 0.571672201 -0.003154133 0.312774897 0.038364250 0.949046969
1403638593.627830 0.664156199 -0.404607236 0.573346496 -0.002299485 0.313768834 0.037865493 0.948741317
1403638593.677829 0.665960252 -0.406961530 0.575519323 -0.001746648 0.314246714 0.036366682 0.948642910
1403638593.727829 0.666944206 -0.409732521 0.578064203 0.000406191 0.314979464 0.036091287 0.948411942
1403638593.777829 0.668403327 -0.411578953 0.580299139 0.003607467 0.315176576 0.035441067 0.948364198
1403638593.827830 0.669152081 -0.413837343 0.582796454 0.011634080 0.314390123 0.036709148 0.948512495
1403638593.877829 0.669618487 -0.416661173 0.584832728 0.022084927 0.311791629 0.036552761 0.949190259
1403638593.927830 0.670717716 -0.418800563 0.586935163 0.028578820 0.308340162 0.036520429 0.950145185
1403638593.977829 0.671080887 -0.421477079 0.588930249 0.029674424 0.304563284 0.036918797 0.951313615
1403638594.027829 0.671526670 -0.423402667 0.590228200 0.026741816 0.300413519 0.039116945 0.952631295
1403638594.077829 0.671676397 -0.426192403 0.591641486 0.022723118 0.296778083 0.040609021 0.953812003
1403638594.127830 0.671835542 -0.427651793 0.592956662 0.018910665 0.294405371 0.040147275 0.954649687
1403638594.177829 0.671849847 -0.430711329 0.594093442 0.013842035 0.292544842 0.038619377 0.955371380
1403638594.227829 0.671513915 -0.433205426 0.595321655 0.011226424 0.291769385 0.036964636 0.955708206
1403638594.277829 0.671313107 -0.435237885 0.596295476 0.010796039 0.290628076 0.034952357 0.956136525
1403638594.327830 0.671190560 -0.438114464 0.597691536 0.011138060 0.289761186 0.033174716 0.956458986
1403638594.377829 0.670784712 -0.440901548 0.598743796 0.011748051 0.289712429 0.029220190 0.956595480
1403638594.427830 0.670588315 -0.443318397 0.599917352 0.012945763 0.289650351 0.025318688 0.956710041
1403638594.477829 0.669677019 -0.445648611 0.600145221 0.013860092 0.289552510 0.022672821 0.956793189
1403638594.527829 0.668987989 -0.447859675 0.600853980 0.014217307 0.287677944 0.025034096 0.957294405
1403638594.577829 0.668460131 -0.450479478 0.600895107 0.014549764 0.285990447 0.027160633 0.957736909
1403638594.627830 0.667202353 -0.453154594 0.601091504 0.014312032 0.284266472 0.030379551 0.958157003
1403638594.677829 0.666027665 -0.456686944 0.601764083 0.013965175 0.283626288 0.033297084 0.958254874
1403638594.727829 0.664909124 -0.459028721 0.601725519 0.013468776 0.283080041 0.035042986 0.958361208
1403638594.777829 0.663821399 -0.461611569 0.602162838 0.012856766 0.282960773 0.035958949 0.958370924
1403638594.827830 0.662652731 -0.463965714 0.601920724 0.012908064 0.282646686 0.037269857 0.958412886
1403638594.877829 0.661491692 -0.466147602 0.602313042 0.012604253 0.282706708 0.038162313 0.958364069
1403638594.927830 0.660522342 -0.468196511 0.602567255 0.010930413 0.283068895 0.038510770 0.958263755
1403638594.977829 0.659282148 -0.469797462 0.602671564 0.009158894 0.283688903 0.038544871 0.958097577
1403638595.027829 0.657876968 -0.472036898 0.602798760 0.008093853 0.283355504 0.040706303 0.958116412
1403638595.077829 0.656856060 -0.473083228 0.603150725 0.006926010 0.283515334 0.041105188 0.958061278
1403638595.127830 0.655016243 -0.474002570 0.603515446 0.006432125 0.283990711 0.041929793 0.957888186
1403638595.177829 0.654021502 -0.474664330 0.603777647 0.006128019 0.284206837 0.042017382 0.957822263
1403638595.227829 0.652835488 -0.475517064 0.603795767 0.005627307 0.284505635 0.041955162 0.957739353
1403638595.277829 0.651190042 -0.475822568 0.604186177 0.005398670 0.284939885 0.042078964 0.957606137
1403638595.327830 0.650171399 -0.476238042 0.604268730 0.005444778 0.285015702 0.041796271 0.957595646
1403638595.377829 0.649010122 -0.476522386 0.604958773 0.005645875 0.285008520 0.043066870 0.957540333
1403638595.427830 0.647851586 -0.476512462 0.604987741 0.005621548 0.285030454 0.042805817 0.957545638
1403638595.477829 0.646728396 -0.476021677 0.604506731 0.005274973 0.284718364 0.042933468 0.957634747
1403638595.527829 0.645390451 -0.476050586 0.604998350 0.004637548 0.284956753 0.042746946 0.957575500
1403638595.577829 0.643878222 -0.475785017 0.605598390 0.003732436 0.284952104 0.042631976 0.957585990
1403638595.627830 0.642776072 -0.475927293 0.605815470 0.003499192 0.284942925 0.041927796 0.957620680
1403638595.677829 0.641588926 -0.475284547 0.605626047 0.003734253 0.285561889 0.040005546 0.957517624
1403638595.727829 0.640139937 -0.475846648 0.605770886 0.002418410 0.286624253 0.037196316 0.957317650
1403638595.777829 0.638596654 -0.476458669 0.606132805 0.001409115 0.287450224 0.035245109 0.957145810
1403638595.827830 0.637214661 -0.476141453 0.605470657 0.000783185 0.287745297 0.034082316 0.957100034
1403638595.877829 0.635690033 -0.476214290 0.605451941 0.000883915 0.287992418 0.033978030 0.957029283
1403638595.927830 0.634335399 -0.475837171 0.605859816 0.001029205 0.288450867 0.033051107 0.956923544
1403638595.977829 0.632518709 -0.475134343 0.606166244 0.000916192 0.289254725 0.031273600 0.956740737
1403638596.027829 0.631029963 -0.473894268 0.606541872 0.001049858 0.290243030 0.028385160 0.956531286
1403638596.077829 0.629658997 -0.472612888 0.606503367 -0.001097896 0.292210340 0.023057066 0.956075430
1403638596.127830 0.627650738 -0.471488833 0.607222497 -0.002158942 0.294573009 0.017264446 0.955470562
1403638596.177829 0.626421690 -0.470160276 0.607576489 -0.004839995 0.296485245 0.010315418 0.954969466
1403638596.227829 0.623944163 -0.469306469 0.608025789 -0.007165650 0.298862338 0.003486775 0.954262972
1403638596.277829 0.622039795 -0.468788475 0.608740866 -0.009751638 0.301096499 -0.003345486 0.953537941
1403638596.327830 0.619496346 -0.468285292 0.609157264 -0.010982008 0.302817583 -0.009223085 0.952940643
1403638596.377829 0.616817951 -0.467898667 0.609847426 -0.011318679 0.304064602 -0.014659180 0.952471375
1403638596.427830 0.613815725 -0.467778683 0.610116124 -0.011764506 0.304748595 -0.017643398 0.952196717
1403638596.477829 0.610302329 -0.468182981 0.610790133 -0.011671227 0.305694759 -0.022069525 0.951802194
1403638596.527829 0.606256902 -0.468669385 0.611805439 -0.012520481 0.306920439 -0.026079599 0.951295435
1403638596.577829 0.602544844 -0.469219178 0.612662077 -0.013997034 0.307847530 -0.030119753 0.950855851
1403638596.627830 0.597704291 -0.470015556 0.613644719 -0.014583718 0.309188783 -0.034850705 0.950249970
1403638596.677829 0.592826307 -0.471123278 0.614657819 -0.015881199 0.310528338 -0.039429583 0.949613214
1403638596.727829 0.587298930 -0.472409785 0.615948677 -0.016818065 0.311303347 -0.042231534 0.949222803
1403638596.777829 0.581487775 -0.474522561 0.617004335 -0.016936565 0.311620504 -0.044372775 0.949018896
1403638596.827830 0.575131595 -0.476782590 0.618483007 -0.017491646 0.312386870 -0.047422331 0.948609293
1403638596.877829 0.568054557 -0.478411138 0.619998574 -0.016373239 0.312781632 -0.048958506 0.948421121
1403638596.927830 0.560754776 -0.480655372 0.621972859 -0.015807893 0.313152641 -0.050336689 0.948236108
1403638596.977829 0.553096414 -0.483158201 0.623860836 -0.014815866 0.313603729 -0.050851271 0.948075593
1403638597.027829 0.545187771 -0.484546304 0.626395166 -0.014313974 0.314431280 -0.051719952 0.947762132
1403638597.077829 0.536745787 -0.486001313 0.629088640 -0.013478168 0.315223902 -0.053446233 0.947415292
1403638597.127830 0.527555943 -0.488240004 0.631420016 -0.012417116 0.316010386 -0.054262932 0.947121322
1403638597.177829 0.518338919 -0.489415854 0.634391963 -0.011081059 0.316778660 -0.055229221 0.946825385
1403638597.227829 0.508931339 -0.490615100 0.637429714 -0.008454005 0.316920251 -0.053692449 0.946893454
1403638597.277829 0.499176592 -0.491454870 0.640784919 -0.005727766 0.316358775 -0.051695496 0.947212696
1403638597.327830 0.488362908 -0.492568374 0.644149840 -0.003916624 0.315890223 -0.048805147 0.947531581
1403638597.377829 0.477354705 -0.493704766 0.648140430 -0.001820868 0.315518409 -0.045151141 0.947842896
1403638597.427830 0.466117799 -0.494821370 0.652211547 0.000921868 0.314635575 -0.040781241 0.948335648
1403638597.477829 0.454099506 -0.495543450 0.656841457 0.005635981 0.312932640 -0.034568723 0.949129283
1403638597.527829 0.442469954 -0.495978117 0.659946799 0.011339655 0.310124636 -0.027370794 0.950234175
1403638597.577829 0.429813653 -0.497313678 0.664379895 0.015580492 0.308028966 -0.020090388 0.951037169
1403638597.627830 0.417299718 -0.496968091 0.669121325 0.018681603 0.307442129 -0.016265085 0.951244354
1403638597.677829 0.405046582 -0.496937007 0.673013985 0.020478908 0.306824356 -0.014681919 0.951432526
1403638597.727829 0.392882407 -0.496810496 0.676878572 0.019837683 0.306949377 -0.015941920 0.951385498
1403638597.777829 0.379310697 -0.496879190 0.680992305 0.016620817 0.307160139 -0.021004142 0.951280832
1403638597.827830 0.366890013 -0.496494412 0.685368359 0.014721114 0.305537790 -0.026487637 0.951697588
1403638597.877829 0.353448629 -0.495939404 0.689250171 0.011991728 0.303811967 -0.032725722 0.952094316
1403638597.927830 0.340166271 -0.495895386 0.693334401 0.009601530 0.302089840 -0.037816942 0.952480674
1403638597.977829 0.325937331 -0.494965762 0.697846055 0.009625770 0.299328417 -0.040443562 0.953244030
1403638598.027829 0.311793923 -0.494695127 0.701958954 0.009223581 0.296377063 -0.041776340 0.954112291
1403638598.077829 0.296928704 -0.494384915 0.706211567 0.011357079 0.292182922 -0.038816098 0.955506921
1403638598.127830 0.282468557 -0.494440675 0.710665107 0.012241374 0.286074132 -0.029982317 0.957660079
1403638598.177829 0.266347736 -0.494873166 0.714380860 0.013129822 0.280185997 -0.018937288 0.959669113
1403638598.227829 0.251265079 -0.494777143 0.718404353 0.014624835 0.274826556 -0.009820561 0.961332440
1403638598.277829 0.235715479 -0.494485795 0.722187400 0.013319798 0.270873725 -0.001638279 0.962521315
1403638598.327830 0.219456255 -0.494170815 0.726594865 0.013058316 0.267926574 0.004766112 0.963339031
1403638598.377829 0.204544738 -0.494418979 0.729425609 0.011598293 0.264830798 0.009557174 0.964177787
1403638598.427830 0.188670710 -0.493532360 0.733913541 0.010538462 0.263831735 0.012219599 0.964433730
1403638598.477829 0.174360856 -0.492490470 0.737193227 0.008664464 0.262294143 0.013196469 0.964858830
1403638598.527829 0.157851964 -0.491761863 0.741290927 0.008380597 0.260807276 0.014082545 0.965251803
1403638598.577829 0.143062189 -0.490870863 0.745314777 0.006205831 0.257559955 0.015110659 0.966124237
1403638598.627830 0.127726749 -0.490543187 0.748923540 0.003555769 0.253751010 0.013581928 0.967167675
1403638598.677829 0.111987516 -0.489047378 0.752960682 0.003299512 0.249410778 0.010775106 0.968332171
1403638598.727829 0.097621724 -0.488263607 0.756628692 0.002450641 0.242916495 0.009014945 0.970002234
1403638598.777829 0.083307892 -0.487698078 0.759092450 0.001388391 0.235440105 0.007287096 0.971860528
1403638598.827830 0.068259031 -0.485890418 0.763145804 0.003075776 0.228278741 0.003665505 0.973584056
1403638598.877829 0.051945001 -0.484784335 0.767488658 0.002759713 0.220848426 0.000604376 0.975304067
1403638598.927830 0.035537452 -0.483568579 0.771051526 0.001464318 0.213239759 -0.003399572 0.976992905
1403638598.977829 0.021589935 -0.482770979 0.774680257 0.001281597 0.203587681 -0.006717415 0.979032815
1403638599.027829 0.006237924 -0.481452912 0.777371109 0.001375260 0.193961829 -0.008795496 0.980968714
1403638599.077829 -0.008246988 -0.481265634 0.780013084 0.001482010 0.184191138 -0.013272047 0.982799709
1403638599.127830 -0.022562057 -0.481050789 0.783082068 0.000970692 0.174257547 -0.017256014 0.984548390
1403638599.177829 -0.037760511 -0.480776519 0.785127521 0.000488391 0.164213866 -0.020657470 0.986208320
1403638599.227829 -0.053483173 -0.481025666 0.787574887 -0.001270560 0.154877156 -0.025588410 0.987601459
1403638599.277829 -0.068980426 -0.481207132 0.790596604 -0.002426360 0.145070761 -0.029705131 0.988972306
1403638599.327830 -0.083806127 -0.481264323 0.792635560 -0.004213952 0.134181872 -0.032349687 0.990419567
1403638599.377829 -0.098274171 -0.482083976 0.794898272 -0.007851441 0.125252724 -0.036148515 0.991434991
1403638599.427830 -0.114041507 -0.481371045 0.797115088 -0.009100906 0.117721528 -0.039914060 0.992202461
1403638599.477829 -0.128944799 -0.481902421 0.799842358 -0.011145022 0.110587724 -0.041575011 0.992933869
1403638599.527829 -0.144653529 -0.481782436 0.802000761 -0.012970605 0.106176727 -0.044640362 0.993260026
1403638599.577829 -0.157548860 -0.481550336 0.805052280 -0.014848956 0.101254493 -0.044926766 0.993734717
1403638599.627830 -0.172626197 -0.481934935 0.807534337 -0.015884856 0.098100774 -0.045211311 0.994022012
1403638599.677829 -0.186999351 -0.482371330 0.809506774 -0.018225977 0.095789008 -0.046348717 0.994154990
1403638599.727829 -0.201635689 -0.481345147 0.812296510 -0.018143861 0.094550721 -0.046383504 0.994273365
1403638599.777829 -0.215919435 -0.480176479 0.815124452 -0.017670425 0.094162390 -0.046721347 0.994302928
1403638599.827830 -0.230074584 -0.479590267 0.817863822 -0.018834077 0.094047651 -0.045203872 0.994362593
1403638599.877829 -0.244574174 -0.479626298 0.820795536 -0.020046754 0.093968570 -0.043446951 0.994424641
1403638599.927830 -0.258824110 -0.478422314 0.823788166 -0.020596988 0.094057299 -0.040409923 0.994533062
1403638599.977829 -0.272925168 -0.478309155 0.826365471 -0.019937942 0.094108745 -0.036635555 0.994687796
1403638600.027829 -0.287004590 -0.477412343 0.829561710 -0.019256391 0.093729585 -0.032064829 0.994894862
1403638600.077829 -0.300489664 -0.476939499 0.832195401 -0.021636924 0.093302257 -0.026401082 0.995052516
1403638600.127830 -0.313886821 -0.475222200 0.835536003 -0.022011908 0.092259489 -0.019320915 0.995304167
1403638600.177829 -0.327707827 -0.474041373 0.839166462 -0.023309153 0.090406589 -0.009933382 0.995582581
1403638600.227829 -0.341619551 -0.472985059 0.842707038 -0.025931494 0.089708686 -0.002457899 0.995627344
1403638600.277829 -0.353427351 -0.472021699 0.845939755 -0.026866384 0.088166669 0.004770870 0.995731950
1403638600.327830 -0.365888655 -0.470821291 0.849316239 -0.028991107 0.087306336 0.010739489 0.995701671
1403638600.377829 -0.378262758 -0.469784468 0.852806032 -0.029520756 0.086688504 0.016426494 0.995662510
1403638600.427830 -0.390766501 -0.468421757 0.855902195 -0.030792655 0.085822329 0.022523174 0.995579720
1403638600.477829 -0.402386159 -0.467805564 0.859046221 -0.031451281 0.085525952 0.025703259 0.995507658
1403638600.527829 -0.413615197 -0.467567444 0.862334073 -0.032353964 0.086459570 0.025624227 0.995400131
1403638600.577829 -0.424493790 -0.467207909 0.865779161 -0.032564852 0.087541856 0.025301047 0.995306909
1403638600.627830 -0.434584707 -0.467281967 0.869676292 -0.034625057 0.087479964 0.026525579 0.995210886
1403638600.677829 -0.444904566 -0.467901587 0.872818589 -0.035479501 0.087027639 0.029295774 0.995142758
1403638600.727829 -0.453987181 -0.468264759 0.876456857 -0.038711544 0.087553240 0.028186871 0.995008230
1403638600.777829 -0.463444114 -0.469343662 0.879859269 -0.042273685 0.087116249 0.029362848 0.994867563
1403638600.827830 -0.472114861 -0.470214605 0.883576393 -0.046036288 0.088736631 0.024032069 0.994700432
1403638600.877829 -0.480470330 -0.471237779 0.887444615 -0.048891664 0.090974815 0.016123751 0.994521558
1403638600.927830 -0.488442183 -0.472796649 0.891320884 -0.052277841 0.094103597 0.005405698 0.994174182
1403638600.977829 -0.495938599 -0.473742902 0.895063102 -0.053259768 0.096737340 -0.004316058 0.993874550
1403638601.027829 -0.503364325 -0.474902362 0.899219692 -0.054374456 0.098551549 -0.011585313 0.993577778
1403638601.077829 -0.510968685 -0.476369858 0.903069139 -0.054728970 0.099497929 -0.016266629 0.993398368
1403638601.127830 -0.518523932 -0.477571189 0.908008039 -0.052869979 0.100827165 -0.020193893 0.993292928
1403638601.177829 -0.525485218 -0.477741152 0.913688421 -0.052177142 0.102472775 -0.026213368 0.993020475
1403638601.227829 -0.532456100 -0.479370207 0.918376803 -0.048129983 0.103660651 -0.031634383 0.992943704
1403638601.277829 -0.539495230 -0.480394304 0.923821926 -0.041833650 0.105577730 -0.038484752 0.992785096
1403638601.327830 -0.546832800 -0.481755048 0.929337919 -0.035814151 0.104902416 -0.041673891 0.992963314
1403638601.377829 -0.554061651 -0.482879758 0.934829354 -0.032986835 0.101103388 -0.040644128 0.993497849
1403638601.427830 -0.561424375 -0.484591007 0.940172553 -0.027702294 0.095074564 -0.038128365 0.994353890
1403638601.477829 -0.568544745 -0.485856444 0.945328593 -0.024985047 0.087898098 -0.037453149 0.995111525
1403638601.527829 -0.576308608 -0.487380862 0.951078415 -0.020458654 0.080113843 -0.039408803 0.995796263
1403638601.577829 -0.583591819 -0.489414811 0.957379103 -0.017588422 0.071128294 -0.043135554 0.996378779
1403638601.627830 -0.590243995 -0.491198123 0.962003410 -0.016285140 0.061271109 -0.047380093 0.996862948
1403638601.677829 -0.598149359 -0.493716925 0.968039751 -0.015180799 0.050528649 -0.053097229 0.997194588
1403638601.727829 -0.605441213 -0.495948672 0.973140061 -0.015050588 0.038423147 -0.059157632 0.997395337
1403638601.777829 -0.612178743 -0.498333395 0.977931619 -0.013757468 0.025415400 -0.066863239 0.997343540
1403638601.827830 -0.618716955 -0.500650346 0.983478427 -0.012321186 0.010512706 -0.073891200 0.997134745
1403638601.877829 -0.626065135 -0.503668785 0.988707781 -0.010754235 -0.003515495 -0.082472228 0.996529102
1403638601.927830 -0.633504391 -0.505790293 0.993600607 -0.010701423 -0.017227581 -0.088319324 0.995885730
1403638601.977829 -0.641245842 -0.508321404 0.997689605 -0.010938701 -0.028845308 -0.092963085 0.995191514
1403638602.027829 -0.647676349 -0.511175215 1.003347993 -0.012314020 -0.040084481 -0.097153887 0.994385600
1403638602.077829 -0.654523134 -0.513393462 1.008081913 -0.013106514 -0.049203835 -0.100332156 0.993650138
1403638602.127830 -0.663003445 -0.514845133 1.012781620 -0.011577456 -0.055725668 -0.104806967 0.992862582
1403638602.177829 -0.670893312 -0.517284930 1.017447948 -0.009960443 -0.062623732 -0.109722570 0.991937518
1403638602.227829 -0.678417921 -0.518612742 1.022601843 -0.006470983 -0.070186377 -0.115701288 0.990780115
1403638602.277829 -0.687969983 -0.520478547 1.026438832 -0.004080631 -0.078580685 -0.119924784 0.989659786
1403638602.327830 -0.695605218 -0.521759391 1.031641006 0.001629996 -0.090171032 -0.121561237 0.988478303
1403638602.377829 -0.703876376 -0.522589862 1.036249876 0.008781707 -0.104614809 -0.117992826 0.987449408
1403638602.427830 -0.713259101 -0.525707603 1.038686156 0.020660255 -0.120612502 -0.110720880 0.986289322
1403638602.477829 -0.719250083 -0.529690981 1.042972207 0.036041409 -0.138185024 -0.104960509 0.984169304
1403638602.527829 -0.727056742 -0.531604290 1.045251966 0.050187360 -0.154805973 -0.097025774 0.981887162
1403638602.577829 -0.732986689 -0.532904625 1.048697352 0.062692560 -0.171395019 -0.090685293 0.979014575
1403638602.627830 -0.739506960 -0.534686565 1.051235795 0.068984076 -0.185598075 -0.087837525 0.976257741
1403638602.677829 -0.746539891 -0.536408544 1.052986860 0.069964692 -0.197139353 -0.089657061 0.973756969
1403638602.727829 -0.752593875 -0.538193464 1.053840518 0.069213316 -0.208449632 -0.092647493 0.971171856
1403638602.777829 -0.759067118 -0.539429963 1.054688334 0.067496918 -0.217934042 -0.098928340 0.968587697
1403638602.827830 -0.764909685 -0.541641951 1.054044485 0.065216377 -0.227696314 -0.104227677 0.965938807
1403638602.877829 -0.771022439 -0.543692172 1.053670764 0.061952811 -0.238307044 -0.107548855 0.963226259
1403638602.927830 -0.775645077 -0.545832634 1.052609324 0.056418791 -0.250132263 -0.109962799 0.960291088
1403638602.977829 -0.780677080 -0.547867060 1.051136851 0.049695373 -0.263767928 -0.107720032 0.957263410
1403638603.027829 -0.785101891 -0.549256623 1.049591541 0.046156947 -0.276468873 -0.107446335 0.953881443
1403638603.077829 -0.789385438 -0.550881743 1.047225475 0.045088481 -0.288081765 -0.108263716 0.950397253
1403638603.127830 -0.792062879 -0.552697361 1.045003653 0.046024308 -0.299363822 -0.108875446 0.946788907
1403638603.177829 -0.795746744 -0.553536355 1.042922258 0.045543768 -0.307249963 -0.112558223 0.943850577
1403638603.227829 -0.797894061 -0.554474533 1.040261745 0.037466429 -0.313063830 -0.118310869 0.941588998
1403638603.277829 -0.800432682 -0.554919600 1.038074136 0.025350461 -0.316373080 -0.126176015 0.939864397
1403638603.327830 -0.802439749 -0.555287182 1.034839272 0.011070997 -0.317981511 -0.133779123 0.938545823
1403638603.377829 -0.804502845 -0.554906368 1.032240868 -0.001142500 -0.318905920 -0.139922470 0.937400341
1403638603.427830 -0.805979729 -0.554748118 1.029719710 -0.011362770 -0.319817603 -0.144379556 0.936345100
1403638603.477829 -0.807515264 -0.554161787 1.027170181 -0.017908040 -0.320327491 -0.146513060 0.935736895
1403638603.527829 -0.808819473 -0.553843737 1.024783134 -0.019848779 -0.321544439 -0.149016201 0.934884667
1403638603.577829 -0.810079455 -0.553274095 1.022163391 -0.017192611 -0.324374318 -0.149318635 0.933910966
1403638603.627830 -0.811559558 -0.552604973 1.019986033 -0.012335644 -0.326965809 -0.148995936 0.933135271
1403638603.677829 -0.812320411 -0.552039921 1.017344594 -0.006279552 -0.328270406 -0.150945976 0.932423949
1403638603.727829 -0.813132048 -0.551044822 1.014962792 0.000049148 -0.328142852 -0.155470356 0.931746304
1403638603.777829 -0.814167380 -0.550065219 1.012358189 0.006739805 -0.327257603 -0.160761073 0.931135297
1403638603.827830 -0.814799786 -0.548121512 1.010370493 0.012347611 -0.326772153 -0.164352328 0.930621207
1403638603.877829 -0.814946175 -0.546431839 1.007478356 0.018968325 -0.325584441 -0.169001818 0.930093229
1403638603.927830 -0.816005588 -0.544507027 1.005026340 0.023759760 -0.324161321 -0.173134238 0.929720104
1403638603.977829 -0.816032648 -0.542773545 1.002120614 0.029868698 -0.323675781 -0.174908787 0.929380834
1403638604.027829 -0.816681564 -0.540227056 0.999047577 0.032293778 -0.321692586 -0.178629041 0.929280698
1403638604.077829 -0.816989183 -0.537848473 0.995789826 0.035897952 -0.320453763 -0.181234837 0.929071963
1403638604.127830 -0.817284644 -0.535730422 0.992051244 0.037126642 -0.320001274 -0.182671115 0.928898335
1403638604.177829 -0.817348301 -0.533609271 0.987923622 0.036439411 -0.320286542 -0.182843253 0.928793371
1403638604.227829 -0.817372978 -0.531587839 0.983327031 0.034693968 -0.321732938 -0.179712042 0.928971410
1403638604.277829 -0.817703128 -0.529228926 0.978843629 0.030248562 -0.323184550 -0.175696850 0.929390907
1403638604.327830 -0.818199575 -0.527073503 0.973850012 0.024639657 -0.324470371 -0.171659440 0.929862797
1403638604.377829 -0.817885995 -0.525487125 0.968182206 0.017785005 -0.325463086 -0.169109344 0.930139482
1403638604.427830 -0.818030059 -0.523598611 0.962562680 0.011297536 -0.325217247 -0.168403149 0.930455029
1403638604.477829 -0.818049490 -0.521721125 0.956560433 0.004951739 -0.324008077 -0.170841649 0.930487692
1403638604.527829 -0.817804277 -0.520203412 0.950187445 -0.000729640 -0.323631704 -0.170830414 0.930633605
1403638604.577829 -0.817465544 -0.519063890 0.943807483 -0.003039444 -0.322933257 -0.172627777 0.930539906
1403638604.627830 -0.817466617 -0.517158568 0.937706470 -0.006526991 -0.323016137 -0.171902105 0.930627525
1403638604.677829 -0.817208171 -0.515391290 0.931417525 -0.008688128 -0.323715061 -0.169258356 0.930851579
1403638604.727829 -0.817108572 -0.513343334 0.925588846 -0.010999832 -0.324511886 -0.166848674 0.930984735
1403638604.777829 -0.816614389 -0.511406839 0.919348001 -0.012151297 -0.325159907 -0.164635837 0.931138277
1403638604.827830 -0.816533089 -0.509253621 0.912999630 -0.014740897 -0.325406820 -0.163039625 0.931295455
1403638604.877829 -0.816081762 -0.507235706 0.906891286 -0.017655751 -0.325150520 -0.163257331 0.931296110
1403638604.927830 -0.815755904 -0.505242467 0.900678039 -0.022029504 -0.324476838 -0.164139390 0.931282818
1403638604.977829 -0.815469027 -0.503472567 0.894488454 -0.028250745 -0.323712409 -0.165655434 0.931112468
1403638605.027829 -0.814883590 -0.502029598 0.888420641 -0.034970235 -0.323162168 -0.166636631 0.930900395
1403638605.077829 -0.814602375 -0.500607908 0.882156789 -0.040055409 -0.322487175 -0.167871788 0.930707633
1403638605.127830 -0.814128518 -0.499491215 0.876005828 -0.044790301 -0.321788579 -0.169180855 0.930496514
1403638605.177829 -0.813771009 -0.498532653 0.870061874 -0.047297504 -0.321449965 -0.170514196 0.930246055
1403638605.227829 -0.813887835 -0.497896105 0.864190519 -0.048549894 -0.320443511 -0.172598407 0.930144370
1403638605.277829 -0.813677490 -0.497192651 0.858478248 -0.049437445 -0.319725841 -0.174970135 0.929901481
1403638605.327830 -0.813366771 -0.496483922 0.853074372 -0.047471635 -0.318908602 -0.178228348 0.929665744
1403638605.377829 -0.813523769 -0.495501459 0.847862303 -0.041790817 -0.317798436 -0.182457387 0.929498255
1403638605.427830 -0.813648701 -0.494448185 0.842685640 -0.034830183 -0.316570699 -0.187356248 0.929229498
1403638605.477829 -0.814223945 -0.493290722 0.837603152 -0.025153926 -0.315170020 -0.192779258 0.928908646
1403638605.527829 -0.814185798 -0.491834760 0.832766473 -0.017846683 -0.314741403 -0.195858985 0.928578794
1403638605.577829 -0.814768136 -0.490524322 0.827512383 -0.011659495 -0.313658178 -0.200323194 0.928091168
1403638605.627830 -0.815308332 -0.489009231 0.822516441 -0.006281489 -0.312683702 -0.204102084 0.927648544
1403638605.677829 -0.816130519 -0.486981332 0.817342937 -0.002573473 -0.312198132 -0.205990896 0.927412271
1403638605.727829 -0.816947699 -0.485362381 0.811693192 -0.001123016 -0.311649352 -0.207872942 0.927179754
1403638605.777829 -0.818258286 -0.483866960 0.806306601 -0.001420341 -0.311623961 -0.208152309 0.927125216
1403638605.827830 -0.819523215 -0.482291818 0.800334990 -0.002216957 -0.311002821 -0.209275529 0.927079380
1403638605.877829 -0.820905089 -0.480718851 0.794329107 -0.001157303 -0.310384095 -0.210931584 0.926913261
1403638605.927830 -0.822778285 -0.479547799 0.788346708 -0.001283199 -0.309552848 -0.212223694 0.926896155
1403638605.977829 -0.824221373 -0.478558004 0.781768739 -0.000197583 -0.308496922 -0.214809522 0.926653326
1403638606.027829 -0.826373458 -0.477380991 0.775452673 -0.000032811 -0.307552844 -0.215952754 0.926701486
1403638606.077829 -0.828648090 -0.475700021 0.768938065 -0.000029465 -0.306725204 -0.217009977 0.926728785
1403638606.127830 -0.830736458 -0.474283338 0.762340665 0.000210709 -0.305870503 -0.218463659 0.926669776
1403638606.177829 -0.833725631 -0.472265840 0.755110860 0.000263990 -0.304782063 -0.220149010 0.926629484
1403638606.227829 -0.836152315 -0.469941109 0.748502016 0.000015382 -0.304178536 -0.221163377 0.926586330
1403638606.277829 -0.839431286 -0.467471123 0.741414666 -0.001205214 -0.303278834 -0.221542954 0.926789701
1403638606.327830 -0.842749596 -0.465008229 0.734107792 -0.005763430 -0.303597957 -0.218861014 0.927305162
1403638606.377829 -0.845967889 -0.461993933 0.727173746 -0.014335467 -0.304646999 -0.213599741 0.928094745
1403638606.427830 -0.849320590 -0.458636940 0.719676793 -0.021368522 -0.305524498 -0.208553776 0.928818345
1403638606.477829 -0.853014946 -0.455308259 0.712764680 -0.030022284 -0.306973428 -0.202192992 0.929507375
1403638606.527829 -0.857088327 -0.452122301 0.705404639 -0.038334906 -0.308023036 -0.197005153 0.929968417
1403638606.577829 -0.860718846 -0.448553681 0.698235452 -0.044888619 -0.309411287 -0.193733364 0.929901659
1403638606.627830 -0.864630699 -0.444546849 0.691639841 -0.050234463 -0.311744481 -0.191478223 0.929315865
1403638606.677829 -0.868570566 -0.440856814 0.684953213 -0.054022979 -0.315085083 -0.191308513 0.928010762
1403638606.727829 -0.873041749 -0.436868489 0.678183556 -0.058900200 -0.318795145 -0.193582863 0.925973058
1403638606.777829 -0.877190769 -0.432847083 0.672458947 -0.061973326 -0.324814290 -0.195392415 0.923296690
1403638606.827830 -0.882023633 -0.428558588 0.666117668 -0.064709634 -0.331181675 -0.198095202 0.920266092
1403638606.877829 -0.886962891 -0.424131989 0.659835100 -0.067125306 -0.339133680 -0.200084046 0.916760027
1403638606.927830 -0.891688943 -0.420578837 0.654386044 -0.067965716 -0.348175496 -0.203584000 0.912528396
1403638606.977829 -0.896721065 -0.416936219 0.648404062 -0.069616057 -0.357995450 -0.205685720 0.908122361
1403638607.027829 -0.901956201 -0.413762778 0.642718971 -0.069756500 -0.368447483 -0.207678691 0.903465629
1403638607.077829 -0.907628834 -0.410724252 0.637811780 -0.070526309 -0.378720790 -0.208844066 0.898877501
1403638607.127830 -0.913221598 -0.408028096 0.632584393 -0.070980012 -0.388650477 -0.205070496 0.895465612
1403638607.177829 -0.918923259 -0.405770302 0.627563059 -0.065572575 -0.396912426 -0.205031425 0.892257214
1403638607.227829 -0.925039113 -0.403262734 0.622897267 -0.059563778 -0.404857546 -0.202594236 0.889661849
1403638607.277829 -0.931252062 -0.401028335 0.618439078 -0.051107954 -0.411328614 -0.201562524 0.887450993
1403638607.327830 -0.937076449 -0.398646176 0.614124775 -0.046350244 -0.417381257 -0.197743788 0.885743737
1403638607.377829 -0.943203986 -0.395708799 0.609814286 -0.042206038 -0.422187626 -0.194558367 0.884377360
1403638607.427830 -0.949229896 -0.393048346 0.606012821 -0.039950132 -0.425585032 -0.193139404 0.883163929
1403638607.477829 -0.955082536 -0.389714956 0.602407694 -0.040520925 -0.427961588 -0.192016914 0.882233799
1403638607.527829 -0.960912764 -0.386532724 0.599271953 -0.040869918 -0.429824710 -0.191029295 0.881526053
1403638607.577829 -0.966435850 -0.383101255 0.595987499 -0.040717781 -0.430809766 -0.191908613 0.880860984
1403638607.627830 -0.972047687 -0.379977524 0.592533171 -0.040199596 -0.431770235 -0.191272289 0.880552888
1403638607.677829 -0.977461815 -0.376359135 0.590235174 -0.038455769 -0.432404160 -0.190956756 0.880388141
1403638607.727829 -0.982825339 -0.372882068 0.587143898 -0.035921115 -0.431990474 -0.191919297 0.880488992
1403638607.777829 -0.988399208 -0.369555473 0.584224164 -0.035454903 -0.431349933 -0.192491233 0.880697072
1403638607.827830 -0.993558884 -0.366057158 0.581839740 -0.036448166 -0.431296587 -0.192129433 0.880761623
1403638607.877829 -0.998608470 -0.362311482 0.579199553 -0.038224954 -0.431113333 -0.189954832 0.881247580
1403638607.927830 -1.003886700 -0.358609736 0.576716185 -0.042264320 -0.430881590 -0.187579811 0.881685078
1403638607.977829 -1.008525252 -0.354765713 0.574756145 -0.044456109 -0.430898935 -0.185467973 0.882015526
1403638608.027829 -1.013480663 -0.350887001 0.572866857 -0.043515828 -0.430756897 -0.183253378 0.882594526
1403638608.077829 -1.018256426 -0.347002983 0.570818424 -0.040611695 -0.429870784 -0.183290541 0.883157074
1403638608.127830 -1.023009896 -0.343031436 0.569323063 -0.037238240 -0.428952307 -0.183804229 0.883645475
1403638608.177829 -1.027582407 -0.338800430 0.567785859 -0.033520367 -0.427148014 -0.186394170 0.884125650
1403638608.227829 -1.032172680 -0.334477007 0.566293478 -0.028684473 -0.426379502 -0.187064141 0.884525120
1403638608.277829 -1.036547422 -0.330430627 0.565094292 -0.024512038 -0.425710946 -0.187309355 0.884920657
1403638608.327830 -1.040652156 -0.326043427 0.564100683 -0.018957026 -0.425824314 -0.186585352 0.885155439
1403638608.377829 -1.044768453 -0.321470022 0.562212288 -0.013476068 -0.425253361 -0.186824590 0.885479808
1403638608.427830 -1.048518538 -0.317000896 0.561536729 -0.012456095 -0.425840855 -0.185911089 0.885404706
1403638608.477829 -1.052379131 -0.312204063 0.559938610 -0.013107353 -0.425241739 -0.186351910 0.885590553
1403638608.527829 -1.056000233 -0.307628393 0.558205307 -0.015287947 -0.424506664 -0.187370628 0.885693312
1403638608.577829 -1.059658766 -0.302344322 0.557523251 -0.015320015 -0.424165666 -0.187655255 0.885795832
1403638608.627830 -1.063215971 -0.297743201 0.556257546 -0.013513965 -0.425062478 -0.184186697 0.886123300
1403638608.677829 -1.066354990 -0.293279380 0.555096924 -0.010772293 -0.426397413 -0.181762084 0.886020184
1403638608.727829 -1.069518685 -0.288708270 0.553947628 -0.008996521 -0.427088588 -0.180663988 0.885931671
1403638608.777829 -1.072279334 -0.284165740 0.552961290 -0.010967601 -0.426918358 -0.181416139 0.885837793
1403638608.827830 -1.074996829 -0.279752254 0.551140845 -0.013753954 -0.426581770 -0.182302341 0.885779142
1403638608.877829 -1.077531099 -0.275797307 0.550262928 -0.017323665 -0.426756918 -0.182773471 0.885535002
1403638608.927830 -1.080119133 -0.271846056 0.547927141 -0.020868925 -0.426015228 -0.183884636 0.885585666
1403638608.977829 -1.082476616 -0.268704295 0.546481013 -0.024816150 -0.426225245 -0.183706671 0.885419726
1403638609.027829 -1.084479570 -0.265004247 0.544995487 -0.027564349 -0.426560581 -0.183325931 0.885255814
1403638609.077829 -1.086920381 -0.261864841 0.543192029 -0.029613322 -0.426024169 -0.183995873 0.885308981
1403638609.127830 -1.088948250 -0.258005798 0.540280700 -0.029731872 -0.425301760 -0.184172824 0.885615468
1403638609.177829 -1.090672970 -0.255245328 0.538362980 -0.029724831 -0.426103443 -0.181443140 0.885793805
1403638609.227829 -1.092756391 -0.252322286 0.536945820 -0.029300969 -0.428046077 -0.176303476 0.885909200
1403638609.277829 -1.094579339 -0.249186605 0.535108924 -0.029581778 -0.429248214 -0.172150165 0.886134982
1403638609.327830 -1.096119404 -0.245884582 0.533313394 -0.029587299 -0.429004490 -0.171306431 0.886416256
1403638609.377829 -1.097254992 -0.243482158 0.532718301 -0.029972849 -0.428662390 -0.173281193 0.886184990
1403638609.427830 -1.098967195 -0.239923090 0.531902790 -0.029598936 -0.428083807 -0.175001115 0.886139274
1403638609.477829 -1.100250721 -0.236337349 0.531132936 -0.029689876 -0.427136213 -0.177103996 0.886175692
1403638609.527829 -1.101610541 -0.232879654 0.530435205 -0.029659273 -0.426255465 -0.178978637 0.886224151
1403638609.577829 -1.102239132 -0.228842288 0.529872656 -0.029317394 -0.425590187 -0.180757940 0.886194170
1403638609.627830 -1.103128433 -0.225022137 0.529501081 -0.029339332 -0.425589204 -0.180755258 0.886194408
1403638609.677829 -1.103805065 -0.220589250 0.528712928 -0.027724737 -0.424743205 -0.182995707 0.886192501
1403638609.727829 -1.104000926 -0.216477737 0.528169215 -0.027191261 -0.424196810 -0.184073433 0.886247516
1403638609.777829 -1.104803681 -0.212873429 0.527716517 -0.028002776 -0.424097091 -0.184368297 0.886208653
1403638609.827830 -1.105342150 -0.209875003 0.526985645 -0.029425181 -0.424210072 -0.183833644 0.886219561
1403638609.877829 -1.105963349 -0.206139520 0.527334273 -0.028626146 -0.424557656 -0.183902264 0.886065066
1403638609.927830 -1.105630517 -0.202268422 0.526410341 -0.028165119 -0.424485832 -0.183159754 0.886268020
1403638609.977829 -1.106130362 -0.199600175 0.525616169 -0.027284354 -0.424518138 -0.182662427 0.886382699
1403638610.027829 -1.106438160 -0.196464047 0.525018394 -0.025879964 -0.425141394 -0.180766463 0.886514783
1403638610.077829 -1.106739163 -0.193938166 0.524612665 -0.022863695 -0.425819814 -0.178795785 0.886671722
1403638610.127830 -1.106688857 -0.192474201 0.524999142 -0.021167034 -0.426952660 -0.177646890 0.886399984
1403638610.177829 -1.106007099 -0.189896181 0.524347603 -0.017651239 -0.426829398 -0.177802041 0.886505246
1403638610.227829 -1.106203079 -0.187148988 0.523886681 -0.016055170 -0.427435756 -0.176229209 0.886557460
1403638610.277829 -1.105602384 -0.184676811 0.523431063 -0.015222624 -0.427608907 -0.175011680 0.886729836
1403638610.327830 -1.105361462 -0.182436615 0.523145318 -0.014559055 -0.427819878 -0.175066799 0.886628330
1403638610.377829 -1.104835510 -0.179448694 0.522703528 -0.014824845 -0.427812874 -0.174386799 0.886761308
1403638610.427830 -1.103844047 -0.176039875 0.522338271 -0.013447030 -0.428033322 -0.173363954 0.886877418
1403638610.477829 -1.103055716 -0.172955647 0.521509111 -0.011621285 -0.427379936 -0.174053192 0.887083292
1403638610.527829 -1.101849675 -0.170339778 0.521715999 -0.008585508 -0.427705437 -0.174132630 0.886945426
1403638610.577829 -1.100514889 -0.167036101 0.521208107 -0.003142751 -0.428622872 -0.171306163 0.887088954
1403638610.627830 -1.098818541 -0.163594991 0.520790815 0.003502921 -0.429729700 -0.168441847 0.887100637
1403638610.677829 -1.097106814 -0.160739109 0.520908952 0.005235211 -0.430719763 -0.166865110 0.886909842
1403638610.727829 -1.095387340 -0.157696098 0.520138502 0.001700147 -0.430211276 -0.168645233 0.886833787
1403638610.777829 -1.092913866 -0.154296145 0.519944608 -0.004218803 -0.430398107 -0.169792533 0.886515737
1403638610.827830 -1.090632439 -0.151311994 0.519111156 -0.011300450 -0.429677248 -0.171915859 0.886394203
1403638610.877829 -1.088023543 -0.148967773 0.518365860 -0.016070176 -0.429351658 -0.174390614 0.885994792
1403638610.927830 -1.085606813 -0.146201849 0.517043591 -0.017444866 -0.429460645 -0.174617440 0.885871351
1403638610.977829 -1.082698703 -0.144003063 0.516544819 -0.017186366 -0.430134416 -0.174205706 0.885630488
1403638611.027829 -1.079795003 -0.141452864 0.515447617 -0.015470422 -0.431000918 -0.171777174 0.885715246
1403638611.077829 -1.076546907 -0.139061049 0.515467942 -0.012346198 -0.432020903 -0.171178892 0.885383129
1403638611.127830 -1.073414326 -0.137379795 0.514832318 -0.011864704 -0.433135360 -0.169864640 0.885098279
1403638611.177829 -1.070005894 -0.134461090 0.514235556 -0.011763859 -0.433537245 -0.170480102 0.884784520
1403638611.227829 -1.066590428 -0.131638721 0.513843656 -0.011237102 -0.433696270 -0.170777038 0.884656131
1403638611.277829 -1.062920094 -0.129198760 0.512704968 -0.011468237 -0.433499038 -0.171686575 0.884573758
1403638611.327830 -1.058998585 -0.126574114 0.511629820 -0.010320603 -0.432548910 -0.174360245 0.884530067
1403638611.377829 -1.054599047 -0.124624744 0.512181878 -0.007360163 -0.431708664 -0.179376096 0.883966982
1403638611.427830 -1.050488234 -0.122158796 0.510837376 -0.002497183 -0.428775400 -0.186985135 0.883844972
1403638611.477829 -1.046543002 -0.120572850 0.509326220 -0.000239732 -0.426137149 -0.193422154 0.883739173
1403638611.527829 -1.042666912 -0.118922800 0.507962525 0.001549550 -0.423746884 -0.198993668 0.883650243
1403638611.577829 -1.038060069 -0.117719725 0.507453263 0.000177260 -0.422458559 -0.202871665 0.883386552
1403638611.627830 -1.034030199 -0.115776643 0.504770875 -0.001225403 -0.420997769 -0.204015225 0.883819640
1403638611.677829 -1.029866695 -0.114522085 0.502627850 -0.003283540 -0.420498222 -0.203902572 0.884078145
1403638611.727829 -1.024923325 -0.112988591 0.501542330 -0.007625330 -0.421781719 -0.201010242 0.884102345
1403638611.777829 -1.021278143 -0.111497730 0.499554604 -0.012270245 -0.422742456 -0.196745068 0.884550512
1403638611.827830 -1.016798258 -0.109690055 0.497585177 -0.016794307 -0.423650831 -0.192479074 0.884980083
1403638611.877829 -1.012951493 -0.108214244 0.495645285 -0.021584582 -0.424103320 -0.189421222 0.885319233
1403638611.927830 -1.008356214 -0.105850145 0.494369566 -0.024222221 -0.424720377 -0.187054187 0.885458410
1403638611.977829 -1.003858924 -0.103423119 0.492469430 -0.026223576 -0.424997330 -0.185309082 0.885635436
1403638612.027829 -0.999479055 -0.101685569 0.491515428 -0.028455926 -0.425304204 -0.184352621 0.885618806
1403638612.077829 -0.995014429 -0.099330142 0.489167094 -0.029284595 -0.424409360 -0.185158700 0.885852873
1403638612.127830 -0.991138339 -0.098080337 0.487540245 -0.031370152 -0.425039858 -0.182128236 0.886107385
1403638612.177829 -0.986377716 -0.096411407 0.485200375 -0.031327475 -0.424426347 -0.183004349 0.886222482
1403638612.227829 -0.982360482 -0.094840795 0.483145416 -0.031986106 -0.424049228 -0.182551056 0.886472940
1403638612.277829 -0.978173077 -0.093302771 0.480188817 -0.030812902 -0.423540354 -0.182235047 0.886822760
1403638612.327830 -0.973303258 -0.092602149 0.479938149 -0.031184319 -0.423881292 -0.183131158 0.886462152
1403638612.377829 -0.968483090 -0.092091769 0.478895247 -0.029834729 -0.423742563 -0.183817595 0.886432827
1403638612.427830 -0.964480996 -0.091185674 0.476990044 -0.028892513 -0.423210859 -0.184012190 0.886677682
1403638612.477829 -0.959937751 -0.089781001 0.475504577 -0.026743820 -0.422530800 -0.184059754 0.887059450
1403638612.527829 -0.955049217 -0.089081541 0.474476755 -0.024460191 -0.421911389 -0.185400665 0.887140930
1403638612.577829 -0.950514913 -0.087621272 0.473015815 -0.022162030 -0.420844585 -0.186604902 0.887455523
1403638612.627830 -0.945555329 -0.086105317 0.471574098 -0.020688048 -0.419112563 -0.189879954 0.887616098
1403638612.677829 -0.941607952 -0.083952412 0.469637275 -0.017873229 -0.417073429 -0.192174077 0.888143837
1403638612.727829 -0.937454343 -0.082415655 0.468061596 -0.016557554 -0.415512383 -0.193756863 0.888557017
1403638612.777829 -0.932727516 -0.080288887 0.467265844 -0.015073613 -0.414628416 -0.194022819 0.888938248
1403638612.827830 -0.928115666 -0.078278884 0.466277301 -0.013279963 -0.414046943 -0.193218216 0.889412999
1403638612.877829 -0.923373461 -0.075963542 0.464692473 -0.011180104 -0.413528949 -0.192422271 0.889855325
1403638612.927830 -0.918763757 -0.074016050 0.462186575 -0.010748270 -0.412880421 -0.190924183 0.890484214
1403638612.977829 -0.914077401 -0.072497144 0.460615039 -0.011174788 -0.412693024 -0.190294310 0.890700638
1403638613.027829 -0.909332216 -0.070473999 0.458281040 -0.013902469 -0.412154585 -0.189716950 0.891034663
1403638613.077829 -0.905049205 -0.069235221 0.456167877 -0.014981230 -0.412149608 -0.188503832 0.891276896
1403638613.127830 -0.900433421 -0.067962021 0.454391360 -0.015906904 -0.411710978 -0.188817978 0.891397119
1403638613.177829 -0.895854533 -0.067131624 0.452183753 -0.018735427 -0.411674559 -0.188274413 0.891473949
1403638613.227829 -0.891419053 -0.065694779 0.450033545 -0.018263573 -0.411460131 -0.188267261 0.891584218
1403638613.277829 -0.886925220 -0.065461949 0.448278546 -0.018953055 -0.411392540 -0.188968688 0.891452610
1403638613.327830 -0.882344306 -0.064743936 0.445908964 -0.019116102 -0.411197722 -0.189371392 0.891453564
1403638613.377829 -0.877955616 -0.065223366 0.443468213 -0.018653907 -0.411108732 -0.190019175 0.891366601
1403638613.427830 -0.873594880 -0.064331114 0.439710379 -0.018381380 -0.410453498 -0.190445811 0.891583145
1403638613.477829 -0.869035006 -0.064069390 0.439095467 -0.017353829 -0.411157429 -0.188854143 0.891617954
1403638613.527829 -0.864785016 -0.063531995 0.436245441 -0.016561378 -0.409804523 -0.187108546 0.892623305
1403638613.577829 -0.860642791 -0.062169611 0.432869345 -0.015801106 -0.407128006 -0.186238885 0.894042611
1403638613.627830 -0.856400251 -0.060419485 0.429847091 -0.014813307 -0.406679064 -0.181245044 0.895289361
1403638613.677829 -0.851373851 -0.059848160 0.428623468 -0.014026492 -0.406515479 -0.178571030 0.895913422
1403638613.727829 -0.846749902 -0.057641566 0.425590456 -0.010204116 -0.406078428 -0.173841149 0.897092760
1403638613.777829 -0.841799855 -0.055735186 0.424295932 -0.007650824 -0.405100942 -0.170511201 0.898198545
1403638613.827830 -0.836948633 -0.054317355 0.422508210 -0.005969300 -0.402092278 -0.168233261 0.899990916
1403638613.877829 -0.832479477 -0.052025467 0.419694185 -0.004565595 -0.397325188 -0.166048318 0.902518570
1403638613.927830 -0.827231884 -0.050218321 0.418516636 -0.004302192 -0.392039657 -0.164625987 0.905088186
1403638613.977829 -0.821855545 -0.048206270 0.415879548 -0.004924050 -0.384850532 -0.162566483 0.908536136
1403638614.027829 -0.815786719 -0.045839600 0.414562494 -0.004593519 -0.376769662 -0.162110373 0.911999881
1403638614.077829 -0.811306894 -0.043331891 0.411895514 -0.005705337 -0.367473990 -0.159909517 0.916165531
1403638614.127830 -0.805831790 -0.040650919 0.410819650 -0.006763624 -0.357731342 -0.159114003 0.920144141
1403638614.177829 -0.800535262 -0.038592651 0.407914281 -0.009328366 -0.347160429 -0.158021033 0.924349487
1403638614.227829 -0.794870853 -0.035840064 0.404846549 -0.009924138 -0.337409556 -0.156308860 0.928236961
1403638614.277829 -0.788807750 -0.034147255 0.402918398 -0.011860795 -0.329551250 -0.153709918 0.931465864
1403638614.327830 -0.783827066 -0.032283351 0.399293453 -0.013190682 -0.321619213 -0.152650028 0.934390187
1403638614.377829 -0.777835011 -0.030991614 0.397215664 -0.014832626 -0.316117406 -0.151137501 0.936486661
1403638614.427830 -0.772300959 -0.029481232 0.394978493 -0.015792357 -0.311792374 -0.148050219 0.938412130
1403638614.477829 -0.767021179 -0.028287351 0.391227901 -0.016719615 -0.307579637 -0.146001413 0.940105736
1403638614.527829 -0.761312068 -0.026927918 0.388358593 -0.017676134 -0.303892940 -0.143102139 0.941731632
1403638614.577829 -0.755359411 -0.026017226 0.385991812 -0.018234679 -0.299512833 -0.141122207 0.943421483
1403638614.627830 -0.749725461 -0.026489645 0.382632554 -0.018979268 -0.295187384 -0.137192413 0.945347786
1403638614.677829 -0.744598567 -0.025173239 0.379431367 -0.019621592 -0.289402574 -0.133071348 0.947709441
1403638614.727829 -0.738714337 -0.025325775 0.376601160 -0.023290649 -0.284334362 -0.126285747 0.950085998
1403638614.777829 -0.733233571 -0.025485538 0.373490363 -0.027807629 -0.277558357 -0.120306522 0.952740490
1403638614.827830 -0.727273345 -0.025919408 0.370139867 -0.031378288 -0.269199669 -0.115322731 0.955639899
1403638614.877829 -0.720998883 -0.026372902 0.368015945 -0.036339667 -0.260706842 -0.110068694 0.958434284
1403638614.927830 -0.715086937 -0.027477972 0.364877760 -0.037653327 -0.249733791 -0.106864721 0.961662710
1403638614.977829 -0.708928466 -0.028670803 0.362610817 -0.039846100 -0.238321438 -0.102256969 0.964965641
1403638615.027829 -0.702438474 -0.030189335 0.360204816 -0.040014617 -0.225659177 -0.098619491 0.968375444
1403638615.077829 -0.695964336 -0.032249637 0.356751084 -0.039301697 -0.210712239 -0.096005648 0.972028136
1403638615.127830 -0.690282822 -0.033866830 0.355498731 -0.036772430 -0.195577398 -0.093783788 0.975500822
1403638615.177829 -0.684333146 -0.035692185 0.351875484 -0.030614428 -0.179126352 -0.091605678 0.979073465
1403638615.227829 -0.676970243 -0.038264856 0.349716961 -0.026376532 -0.162475362 -0.092043288 0.982056022
1403638615.277829 -0.670302570 -0.040614191 0.348026991 -0.022125224 -0.146304190 -0.089530677 0.984931350
1403638615.327830 -0.663666248 -0.042411722 0.345361620 -0.018422477 -0.129996449 -0.086582072 0.987555087
1403638615.377829 -0.657337487 -0.043972634 0.343944609 -0.015599165 -0.113604747 -0.082714632 0.989953995
1403638615.427830 -0.651342392 -0.046058431 0.341424286 -0.013289518 -0.097104542 -0.077972382 0.992126167
1403638615.477829 -0.643307149 -0.046882614 0.338441372 -0.010833435 -0.081151821 -0.073412538 0.993935406
1403638615.527829 -0.636834145 -0.048435990 0.336199254 -0.009959853 -0.065645792 -0.068960354 0.995407403
1403638615.577829 -0.629824281 -0.049270000 0.333439052 -0.008278317 -0.052352335 -0.064290211 0.996522665
1403638615.627830 -0.623500764 -0.050627686 0.331232846 -0.007630656 -0.040301327 -0.061133213 0.997286439
1403638615.677829 -0.617654681 -0.052020509 0.330051064 -0.007678650 -0.030959435 -0.057864524 0.997814715
1403638615.727829 -0.610723317 -0.053152576 0.327932119 -0.007423223 -0.023702782 -0.054567788 0.998201072
1403638615.777829 -0.604052782 -0.055562753 0.325652421 -0.008567451 -0.017692726 -0.051618543 0.998473406
1403638615.827830 -0.597726107 -0.056444399 0.322930872 -0.007707499 -0.011862909 -0.049310382 0.998683333
1403638615.877829 -0.590772748 -0.058691774 0.320354730 -0.008443133 -0.006936908 -0.044936672 0.998930097
1403638615.927830 -0.584864974 -0.060103200 0.318495482 -0.007453786 -0.000516319 -0.042078454 0.999086380
1403638615.977829 -0.578616679 -0.061816219 0.315420598 -0.009044208 0.006622420 -0.039784055 0.999145448
1403638616.027829 -0.571593463 -0.062382210 0.313141882 -0.007587184 0.013325423 -0.037507050 0.999178708
1403638616.077829 -0.565421820 -0.062887058 0.311343312 -0.006426456 0.020887258 -0.034941595 0.999150395
1403638616.127830 -0.558855593 -0.064137623 0.309409320 -0.006437678 0.028564630 -0.033066504 0.999024153
1403638616.177829 -0.552119076 -0.064480558 0.307205260 -0.006858001 0.036963232 -0.029691970 0.998851895
1403638616.227829 -0.545544803 -0.064373687 0.305459589 -0.006829219 0.045969717 -0.025499742 0.998593986
1403638616.277829 -0.538869798 -0.063317806 0.303500533 -0.005840389 0.056009311 -0.020632599 0.998199940
1403638616.327830 -0.532274365 -0.062537067 0.302027911 -0.006015252 0.067319795 -0.016880829 0.997570515
1403638616.377829 -0.525596619 -0.061396696 0.301042736 -0.005913874 0.078234985 -0.013139858 0.996830821
1403638616.427830 -0.517680764 -0.059709661 0.298259109 -0.006026266 0.087924697 -0.009359806 0.996064901
1403638616.477829 -0.512023807 -0.058603246 0.297424525 -0.006646141 0.097317375 -0.004910419 0.995219111
1403638616.527829 -0.505286098 -0.056506999 0.295439631 -0.007426230 0.105038695 -0.001972119 0.994438469
1403638616.577829 -0.498242199 -0.054925777 0.293624967 -0.009939936 0.111859411 -0.000183891 0.993674338
1403638616.627830 -0.492241293 -0.053205177 0.293588102 -0.012940278 0.118538886 0.002664269 0.992861509
1403638616.677829 -0.485355437 -0.050686009 0.291191131 -0.017712405 0.122773305 0.005590043 0.992260933
1403638616.727829 -0.477931708 -0.048489254 0.289595723 -0.025515798 0.124705300 0.010724883 0.991807699
1403638616.777829 -0.470967859 -0.046246618 0.288643241 -0.032833099 0.125636518 0.017026350 0.991386652
1403638616.827830 -0.465100646 -0.044007298 0.287941277 -0.039193831 0.126775011 0.021863047 0.990915716
1403638616.877829 -0.458036721 -0.041648861 0.286601126 -0.043191854 0.127089828 0.025744075 0.990615904
1403638616.927830 -0.450821757 -0.040083740 0.285427570 -0.042925529 0.127977312 0.024993230 0.990532458
1403638616.977829 -0.443659604 -0.038275070 0.284469962 -0.039878003 0.129912704 0.020156030 0.990518093
1403638617.027829 -0.436506540 -0.037655957 0.283855438 -0.037145913 0.130852461 0.016380338 0.990570307
1403638617.077829 -0.429826438 -0.036341976 0.283296585 -0.033464074 0.131791010 0.012425343 0.990634561
1403638617.127830 -0.421339303 -0.035597418 0.281954646 -0.029961415 0.132216945 0.006631829 0.990745664
1403638617.177829 -0.414187670 -0.035642382 0.281354249 -0.028817263 0.131916255 0.002649040 0.990838349
1403638617.227829 -0.407023966 -0.035457645 0.280633569 -0.030147130 0.131923839 -0.000659777 0.990801096
1403638617.277829 -0.399030447 -0.035097867 0.279853046 -0.032763705 0.130185649 -0.001535646 0.990946949
1403638617.327830 -0.392175913 -0.035231862 0.279881120 -0.035476655 0.129373387 -0.001897910 0.990959287
1403638617.377829 -0.385265350 -0.035339929 0.279651433 -0.039626550 0.128923386 -0.003107153 0.990857601
1403638617.427830 -0.378455669 -0.036430150 0.279560566 -0.043148398 0.128371969 -0.004720733 0.990775764
1403638617.477829 -0.370455742 -0.037184104 0.279113352 -0.044702020 0.126659408 -0.005297472 0.990924299
1403638617.527829 -0.363390952 -0.038528681 0.278644413 -0.046262223 0.125783578 -0.007200180 0.990952313
1403638617.577829 -0.356747061 -0.039978564 0.278928757 -0.046103161 0.125113636 -0.007601879 0.991041541
1403638617.627830 -0.350060046 -0.042574219 0.278882742 -0.045983765 0.124507055 -0.009794267 0.991104186
1403638617.677829 -0.343186796 -0.044483833 0.279054284 -0.044234183 0.123748221 -0.012111709 0.991253257
1403638617.727829 -0.336062312 -0.047301207 0.279471755 -0.042959109 0.123309299 -0.014319700 0.991334617
1403638617.777829 -0.329480857 -0.049872167 0.279688001 -0.041471060 0.122299790 -0.014727385 0.991517007
1403638617.827830 -0.322130859 -0.052794993 0.279687285 -0.042829886 0.121553577 -0.016623622 0.991521060
1403638617.877829 -0.315677851 -0.056267653 0.280450255 -0.041897934 0.120735608 -0.017683564 0.991642475
1403638617.927830 -0.310082167 -0.059337564 0.281853884 -0.040718097 0.120029949 -0.016939102 0.991790235
1403638617.977829 -0.303153962 -0.062181696 0.282363415 -0.039620645 0.118841946 -0.016877469 0.991978824
1403638618.027829 -0.297534108 -0.065962516 0.283586681 -0.040119674 0.118604094 -0.017338799 0.991979241
1403638618.077829 -0.290679663 -0.068489656 0.285024077 -0.039103735 0.117717527 -0.017661469 0.992119730
1403638618.127830 -0.284872204 -0.071673192 0.286633104 -0.040071473 0.116568550 -0.016682565 0.992233694
1403638618.177829 -0.278358400 -0.074570738 0.288120329 -0.039475430 0.115581460 -0.016344666 0.992378712
1403638618.227829 -0.271674216 -0.076779373 0.289534628 -0.039266903 0.114987165 -0.017143633 0.992442548
1403638618.277829 -0.266154379 -0.079108000 0.292011559 -0.039150212 0.115065478 -0.017912518 0.992424488
1403638618.327830 -0.260327637 -0.081766047 0.294277996 -0.038210150 0.114895433 -0.018793853 0.992464542
1403638618.377829 -0.253853142 -0.084003925 0.296127528 -0.037885301 0.114184961 -0.018531661 0.992563903
1403638618.427830 -0.248701364 -0.086672813 0.298809350 -0.038092963 0.114069879 -0.019589720 0.992548883
1403638618.477829 -0.242524356 -0.088686436 0.301026881 -0.038154762 0.113360047 -0.019617667 0.992627263
1403638618.527829 -0.236700922 -0.090906844 0.303786278 -0.036922995 0.112679452 -0.020150982 0.992740631
1403638618.577829 -0.230906308 -0.093322076 0.306823760 -0.036605492 0.113515906 -0.021082193 0.992637753
1403638618.627830 -0.225170091 -0.095841564 0.309986502 -0.036523890 0.115770772 -0.020308722 0.992396414
1403638618.677829 -0.219788373 -0.097539276 0.312878072 -0.036071334 0.118469454 -0.020836262 0.992083549
1403638618.727829 -0.214039862 -0.100036658 0.315648586 -0.035675507 0.120223671 -0.020892255 0.991885602
1403638618.777829 -0.208462387 -0.103231959 0.318795204 -0.035035331 0.121876150 -0.019907873 0.991726995
1403638618.827830 -0.203419983 -0.105695210 0.321956962 -0.033358313 0.123327576 -0.018743569 0.991628110
1403638618.877829 -0.198206156 -0.109100945 0.325703412 -0.031775355 0.126203254 -0.019080793 0.991311729
1403638618.927830 -0.193114415 -0.111820810 0.328880072 -0.028716968 0.130202323 -0.017467165 0.990917563
1403638618.977829 -0.188228205 -0.114588842 0.332257032 -0.024150051 0.136256501 -0.016141770 0.990247667
1403638619.027829 -0.182401776 -0.118533246 0.335191250 -0.021433778 0.143337578 -0.013749504 0.989346206
1403638619.077829 -0.177668899 -0.121062495 0.339156210 -0.018874420 0.153493524 -0.012010632 0.987896383
1403638619.127830 -0.172740638 -0.123268142 0.342619658 -0.015786519 0.163915604 -0.009403305 0.986303210
1403638619.177829 -0.167970479 -0.125584140 0.346923649 -0.014104366 0.175340787 -0.005046643 0.984393835
1403638619.227829 -0.163616300 -0.128078222 0.350642294 -0.011818983 0.187599987 0.000044834 0.982174397
1403638619.277829 -0.158626020 -0.130468428 0.354133397 -0.010637109 0.200228527 0.006506927 0.979669869
1403638619.327830 -0.153995484 -0.131227463 0.358522594 -0.008256785 0.214383557 0.011436728 0.976647675
1403638619.377829 -0.149240285 -0.132686004 0.361552685 -0.006613798 0.226886466 0.016862672 0.973752797
1403638619.427830 -0.144739181 -0.133981541 0.365845203 -0.004772776 0.237789020 0.022403941 0.971046686
1403638619.477829 -0.141021013 -0.134705156 0.370585471 -0.003003427 0.247738883 0.027631471 0.968428075
1403638619.527829 -0.136562124 -0.136392429 0.374741971 -0.001617278 0.255248517 0.032265160 0.966335595
1403638619.577829 -0.132777721 -0.136749551 0.378958464 -0.000007498 0.262174726 0.036800798 0.964318454
1403638619.627830 -0.128525630 -0.137863442 0.382575363 0.001026775 0.266174614 0.043346673 0.962949157
1403638619.677829 -0.124022752 -0.138799638 0.386895180 0.003569230 0.268106341 0.052024245 0.961977005
1403638619.727829 -0.120559663 -0.140050426 0.390839994 0.003612292 0.270301700 0.058836799 0.960969388
1403638619.777829 -0.115828991 -0.140734717 0.394655615 0.005934229 0.271796912 0.063924953 0.960210800
1403638619.827830 -0.111541629 -0.140408665 0.398367584 0.007665211 0.273109436 0.067026451 0.959614456
1403638619.877829 -0.108212426 -0.140737668 0.402399600 0.008747462 0.275250077 0.068648927 0.958878577
1403638619.927830 -0.103472456 -0.140775651 0.405838817 0.009440508 0.276566744 0.070696563 0.958344281
1403638619.977829 -0.099189386 -0.141664118 0.409248292 0.008950746 0.278149486 0.071053810 0.957864344
1403638620.027829 -0.094532028 -0.141480908 0.412269562 0.010488424 0.279464692 0.070702627 0.957491815
1403638620.077829 -0.090167820 -0.141878247 0.415496349 0.012589960 0.280472696 0.070628971 0.957177162
1403638620.127830 -0.085898727 -0.141653553 0.418458492 0.014750364 0.282299191 0.068225943 0.956783593
1403638620.177829 -0.081048146 -0.142312825 0.420844615 0.017293133 0.283329308 0.066628717 0.956549048
1403638620.227829 -0.076027393 -0.142564446 0.423269391 0.018346008 0.283700496 0.066049501 0.956459522
1403638620.277829 -0.071724057 -0.143867731 0.425543010 0.015983671 0.284893453 0.064091608 0.956280529
1403638620.327830 -0.066931903 -0.144810885 0.427689493 0.014792682 0.285690069 0.061782490 0.956214070
1403638620.377829 -0.062875047 -0.145987973 0.429084897 0.013431091 0.285802096 0.060934678 0.956255078
1403638620.427830 -0.058506668 -0.147410601 0.431159735 0.012827704 0.286082089 0.059774041 0.956252873
1403638620.477829 -0.053378582 -0.148561656 0.432592988 0.011585093 0.285455495 0.058715031 0.956521511
1403638620.527829 -0.049432069 -0.149591058 0.433620811 0.010994309 0.285263747 0.057743840 0.956644833
1403638620.577829 -0.045014158 -0.150304541 0.434897006 0.010055066 0.284473956 0.057665315 0.956895053
1403638620.627830 -0.040001392 -0.151695549 0.436011821 0.007759108 0.283240438 0.058486562 0.957232475
1403638620.677829 -0.035271063 -0.152003989 0.437474430 0.006066967 0.282012701 0.059593260 0.957538903
1403638620.727829 -0.031132147 -0.152257562 0.438667119 0.003139890 0.280766040 0.061143395 0.957821488
1403638620.777829 -0.026320547 -0.153157949 0.439934075 0.000542646 0.279516339 0.062136479 0.958128035
1403638620.827830 -0.021448791 -0.152322412 0.441291690 -0.001410048 0.278879315 0.061034583 0.958383560
1403638620.877829 -0.017123327 -0.153695911 0.442769408 -0.004735520 0.279853433 0.056916300 0.958342373
1403638620.927830 -0.012803167 -0.153140843 0.443653047 -0.004770733 0.279892415 0.053403366 0.958532989
1403638620.977829 -0.007446021 -0.153276354 0.444508314 -0.005222518 0.279986560 0.049456947 0.958714902
1403638621.027829 -0.002590254 -0.153455555 0.445611000 -0.003553199 0.279847533 0.045958579 0.958937228
1403638621.077829 0.002423421 -0.152753055 0.446697384 -0.002068903 0.279718429 0.042839199 0.959123611
1403638621.127830 0.006574199 -0.153353095 0.447932690 -0.001135794 0.278760105 0.042909276 0.959401011
1403638621.177829 0.011001110 -0.153698578 0.448938280 0.000253968 0.278024942 0.041986395 0.959655762
1403638621.227829 0.015733927 -0.154699191 0.449836373 0.001645071 0.277145267 0.040817950 0.959959209
1403638621.277829 0.020279184 -0.155000135 0.450713545 0.002534310 0.276595891 0.039432004 0.960173666
1403638621.327830 0.024781093 -0.154155895 0.450984538 0.002323139 0.276464283 0.037518710 0.960288763
1403638621.377829 0.028729007 -0.156176269 0.451774120 0.001388102 0.276367098 0.036092684 0.960373163
1403638621.427830 0.032633007 -0.157237902 0.453119487 0.003212629 0.275819838 0.035825707 0.960536122
1403638621.477829 0.037075683 -0.157246843 0.453657508 0.004541638 0.275602758 0.034013670 0.960658908
1403638621.527829 0.041027531 -0.156742543 0.454482079 0.007745267 0.274916738 0.033018265 0.960869730
1403638621.577829 0.045049220 -0.157524347 0.455039829 0.008673488 0.274314910 0.032144550 0.961063385
1403638621.627830 0.049235910 -0.157599717 0.455514580 0.010169327 0.273616493 0.031826727 0.961258411
1403638621.677829 0.052551717 -0.157054693 0.456616551 0.010578114 0.273483247 0.031359836 0.961307228
1403638621.727829 0.056654170 -0.156747729 0.456760705 0.011825405 0.273154408 0.030558201 0.961412013
1403638621.777829 0.059596404 -0.156408086 0.457842052 0.013020186 0.273584694 0.029420331 0.961309731
1403638621.827830 0.063381210 -0.155329257 0.458610296 0.015705889 0.273691297 0.028055325 0.961280048
1403638621.877829 0.066811785 -0.154661402 0.458820939 0.019124247 0.273613185 0.026562674 0.961282730
1403638621.927830 0.070186794 -0.154095978 0.459510893 0.021298360 0.273688942 0.025561923 0.961242616
1403638621.977829 0.073352367 -0.152999625 0.459588677 0.023306105 0.273279548 0.025733873 0.961307883
1403638622.027829 0.075970128 -0.152224213 0.460177958 0.023858145 0.273134708 0.026215985 0.961322486
1403638622.077829 0.079389289 -0.150610641 0.460446477 0.024072450 0.272675127 0.027614377 0.961408496
1403638622.127830 0.081489414 -0.149147481 0.460935146 0.023192881 0.272372335 0.029399132 0.961462975
1403638622.177829 0.084286019 -0.147599265 0.460792124 0.022574471 0.271441191 0.030874532 0.961694777
1403638622.227829 0.086657017 -0.146575332 0.460488260 0.022424368 0.271162897 0.032261711 0.961731255
1403638622.277829 0.089001998 -0.145026699 0.460617244 0.023748312 0.270589083 0.034323867 0.961789668
1403638622.327830 0.091504663 -0.143679693 0.460112572 0.023014072 0.270514399 0.035232481 0.961795688
1403638622.377829 0.093115434 -0.142785311 0.459238529 0.022067672 0.271457881 0.034528010 0.961577594
1403638622.427830 0.095721781 -0.141874656 0.458222955 0.021149229 0.272032917 0.033382826 0.961476147
1403638622.477829 0.097398534 -0.141394168 0.457393080 0.020324649 0.273146838 0.031436689 0.961243689
1403638622.527829 0.099586621 -0.140863478 0.455717117 0.020655006 0.273393333 0.030945525 0.961182475
1403638622.577829 0.100990221 -0.140474617 0.454418123 0.020251743 0.274740100 0.028318370 0.960888028
1403638622.627830 0.102243617 -0.140352353 0.452803791 0.022732742 0.276060075 0.025730217 0.960526943
1403638622.677829 0.103515416 -0.140683025 0.451077491 0.026375696 0.276685327 0.024307374 0.960290909
1403638622.727829 0.104971603 -0.140533626 0.448654205 0.035692200 0.277035773 0.021751350 0.959950089
1403638622.777829 0.105915338 -0.140951082 0.446570456 0.044636425 0.277509719 0.020417057 0.959468126
1403638622.827830 0.106355488 -0.141789377 0.444546700 0.050697558 0.278182209 0.019057477 0.959000111
1403638622.877829 0.106648281 -0.142076418 0.441446811 0.051894903 0.278528303 0.018684305 0.958842933
1403638622.927830 0.107310042 -0.141969591 0.438987821 0.050749235 0.278386354 0.020432439 0.958909869
1403638622.977829 0.106975064 -0.141196907 0.435667515 0.046493229 0.278700680 0.021853521 0.959002972
1403638623.027829 0.107240148 -0.141099930 0.432326108 0.041397057 0.277945518 0.025207659 0.959373295
1403638623.077829 0.106809333 -0.141139969 0.429058880 0.035512097 0.277882993 0.027758203 0.959556878
1403638623.127830 0.106632017 -0.140246987 0.425734133 0.031882152 0.276999235 0.031044127 0.959839165
1403638623.177829 0.105881646 -0.140661240 0.422187716 0.028585987 0.276118726 0.034275386 0.960086703
1403638623.227829 0.105263956 -0.139481559 0.418337405 0.026353519 0.275561988 0.036300272 0.960236132
1403638623.277829 0.104921460 -0.137861997 0.414639413 0.023579760 0.274863303 0.038348515 0.960428834
1403638623.327830 0.104246974 -0.136189193 0.411099643 0.021191992 0.274679571 0.039426629 0.960493445
1403638623.377829 0.103609093 -0.135040805 0.407290965 0.019177860 0.274124444 0.041271847 0.960616827
1403638623.427830 0.102699921 -0.133273259 0.403890967 0.016450893 0.275096864 0.039846234 0.960449576
1403638623.477829 0.101970449 -0.131630227 0.400238514 0.016378598 0.274807662 0.040994696 0.960485220
1403638623.527829 0.101610996 -0.130024791 0.395928115 0.015484393 0.274297208 0.041262489 0.960634530
1403638623.577829 0.100387149 -0.128890991 0.392111063 0.015511413 0.275457948 0.039712634 0.960367262
1403638623.627830 0.100056022 -0.127079457 0.387593389 0.016171925 0.275763094 0.038743511 0.960308373
1403638623.677829 0.099120229 -0.125961021 0.383268714 0.014821193 0.276120543 0.038715731 0.960228562
1403638623.727829 0.097766139 -0.125005469 0.378677964 0.014434782 0.277103454 0.037482943 0.960000157
1403638623.777829 0.097196385 -0.124068402 0.374004096 0.012548287 0.277615219 0.037174508 0.959890842
1403638623.827830 0.096017227 -0.123903081 0.369392931 0.012402080 0.278119504 0.036457822 0.959774256
1403638623.877829 0.094690599 -0.123272695 0.364440680 0.010166260 0.278902799 0.036668476 0.959565163
1403638623.927830 0.093666300 -0.122152932 0.359777898 0.009487304 0.279812872 0.036113292 0.959328234
1403638623.977829 0.092430770 -0.121326260 0.354706287 0.008197085 0.280436546 0.036372241 0.959148169
1403638624.027829 0.091275476 -0.120673887 0.350048006 0.007976054 0.280737460 0.037407186 0.959022164
1403638624.077829 0.089915149 -0.119935781 0.345061868 0.007161479 0.280647099 0.039696157 0.958963037
1403638624.127830 0.087963291 -0.119119227 0.340786040 0.006811984 0.281029493 0.041041072 0.958796978
1403638624.177829 0.086747713 -0.117746025 0.336144626 0.007255303 0.280663639 0.043187242 0.958806634
1403638624.227829 0.086173311 -0.115713403 0.331561089 0.007254554 0.280306339 0.044926371 0.958831251
1403638624.277829 0.084397696 -0.114533924 0.327250838 0.007784811 0.280477911 0.046703830 0.958691955
1403638624.327830 0.083995745 -0.112080298 0.322244257 0.008496011 0.280399680 0.047155242 0.958686709
1403638624.377829 0.081982106 -0.110495843 0.318180203 0.008625695 0.281089485 0.048197448 0.958431661
1403638624.427830 0.080571786 -0.108645611 0.313710213 0.008302479 0.281635970 0.048153970 0.958276331
1403638624.477829 0.079619676 -0.105707742 0.309105247 0.008897073 0.282411575 0.047457486 0.958077431
1403638624.527829 0.078934662 -0.103169538 0.304446995 0.014027516 0.281725377 0.050298076 0.958073139
1403638624.577829 0.077606872 -0.101007953 0.299602091 0.022795063 0.281068444 0.053099457 0.957946420
1403638624.627830 0.076422721 -0.099479392 0.295500010 0.029579042 0.281194568 0.052639179 0.957749367
1403638624.677829 0.075677469 -0.096373983 0.290364027 0.029862646 0.280880213 0.049894657 0.957979679
1403638624.727829 0.074273504 -0.093491532 0.285426527 0.026449392 0.280665606 0.044834677 0.958392978
1403638624.777829 0.072609156 -0.091674447 0.281308770 0.020633049 0.279940695 0.039685924 0.958974719
1403638624.827830 0.070978940 -0.089124046 0.275688082 0.015419055 0.278386295 0.035714034 0.959681094
1403638624.877829 0.070287548 -0.086811997 0.270338297 0.011890158 0.276232690 0.032596253 0.960464299
1403638624.927830 0.068650648 -0.085129991 0.264947236 0.009307669 0.273095846 0.033345491 0.961363673
1403638624.977829 0.067294605 -0.083063111 0.259327471 0.008277668 0.269270986 0.035245333 0.962383687
1403638625.027829 0.065832980 -0.081996031 0.253923774 0.008268457 0.266141564 0.036307652 0.963214457
1403638625.077829 0.064223543 -0.080321521 0.248259008 0.007711252 0.262651056 0.039082672 0.964068234
1403638625.127830 0.062376048 -0.078150146 0.242768705 0.007947630 0.260013133 0.041466754 0.964681566
1403638625.177829 0.060731214 -0.076942906 0.237254739 0.007054083 0.257925779 0.043034520 0.965180039
1403638625.227829 0.059563573 -0.074951053 0.231764287 0.006441087 0.256192505 0.043448631 0.965627313
1403638625.277829 0.058100354 -0.073002368 0.226632640 0.006161884 0.255328357 0.043105036 0.965873361
1403638625.327830 0.056700349 -0.070868023 0.221553609 0.006188128 0.254555762 0.043079805 0.966078281
1403638625.377829 0.055321943 -0.068598226 0.216131523 0.006219287 0.254014373 0.042976961 0.966225147
1403638625.427830 0.054427296 -0.066992268 0.210621968 0.006523366 0.253266037 0.042458955 0.966442466
1403638625.477829 0.053107202 -0.065197438 0.204917654 0.007135960 0.252719283 0.043264408 0.966545522
1403638625.527829 0.051401060 -0.063550964 0.199127048 0.006932394 0.253031552 0.042055503 0.966518700
1403638625.577829 0.050111674 -0.062036317 0.193673879 0.006318416 0.252975017 0.042276118 0.966528058
1403638625.627830 0.049414486 -0.060827482 0.187885851 0.004346356 0.253169745 0.041609377 0.966516852
1403638625.677829 0.047175642 -0.059597056 0.182597548 0.003521578 0.253447503 0.041989315 0.966431022
1403638625.727829 0.046773240 -0.058527917 0.176234022 -0.000631675 0.252788216 0.043137308 0.966559291
1403638625.777829 0.045009010 -0.057919577 0.170365304 -0.004679611 0.252903640 0.044354476 0.966462910
1403638625.827830 0.043736301 -0.056152683 0.164627105 -0.008186195 0.253085285 0.045004103 0.966361940
1403638625.877829 0.042717639 -0.054768495 0.159458503 -0.009125165 0.253525108 0.044790767 0.966248155
1403638625.927830 0.041610837 -0.052982081 0.154409841 -0.009976256 0.254184514 0.044251937 0.966091335
1403638625.977829 0.040497974 -0.051836174 0.149035603 -0.010030773 0.254631281 0.044277936 0.965971947
1403638626.027829 0.039586592 -0.048959024 0.143957004 -0.011090835 0.254757464 0.044943050 0.965896368
1403638626.077829 0.039128270 -0.047613032 0.138478756 -0.012043905 0.254187524 0.046431445 0.965964675
1403638626.127830 0.038580444 -0.045967035 0.133190364 -0.012280632 0.254222780 0.047629435 0.965894103
1403638626.177829 0.038144015 -0.043719962 0.128195912 -0.012821024 0.254414201 0.047046177 0.965865254
1403638626.227829 0.037049916 -0.041427374 0.123604529 -0.011951924 0.255266279 0.046130512 0.965695739
1403638626.277829 0.037029546 -0.039963767 0.118315712 -0.010742724 0.256116956 0.043910235 0.965588212
1403638626.327830 0.036772154 -0.038000539 0.113666154 -0.009580084 0.257764101 0.038947370 0.965375006
1403638626.377829 0.036080319 -0.035123929 0.109502524 -0.007797491 0.259392083 0.034691669 0.965117335
1403638626.427830 0.035566356 -0.033118915 0.105207585 -0.006070338 0.260096401 0.031976223 0.965033948
1403638626.477829 0.035119377 -0.030100612 0.100824557 -0.005589973 0.260210931 0.031346161 0.965026677
1403638626.527829 0.034928750 -0.027735414 0.096313156 -0.008168734 0.260304749 0.030205576 0.965019345
1403638626.577829 0.034371149 -0.025301492 0.092237301 -0.009750966 0.260262996 0.030429924 0.965008855
1403638626.627830 0.033879511 -0.023182545 0.087970704 -0.011881921 0.259907812 0.031721082 0.965039134
1403638626.677829 0.033290673 -0.020928223 0.083847784 -0.013187638 0.259635627 0.031628698 0.965098441
1403638626.727829 0.032895006 -0.018661136 0.080033995 -0.016666355 0.259064257 0.033664234 0.965129375
1403638626.777829 0.032297477 -0.016600611 0.075681791 -0.019774517 0.258572459 0.034990247 0.965155363
1403638626.827830 0.031888105 -0.015036404 0.072152473 -0.022234472 0.258337140 0.035845723 0.965133488
1403638626.877829 0.031314828 -0.013705249 0.068255603 -0.024666609 0.258152902 0.035443746 0.965138555
1403638626.927830 0.030836517 -0.012224861 0.064456642 -0.026216961 0.258053303 0.035811312 0.965110719
1403638626.977829 0.030146375 -0.011001855 0.060851045 -0.026048325 0.257698298 0.036025394 0.965202153
1403638627.027829 0.029881161 -0.010568980 0.057349082 -0.026544569 0.257437706 0.035951804 0.965260923
1403638627.077829 0.029550478 -0.009249880 0.053729963 -0.026344990 0.256970108 0.036387291 0.965374708
1403638627.127830 0.029230073 -0.007862449 0.050393533 -0.025895843 0.256662756 0.036118314 0.965478659
1403638627.177829 0.028903199 -0.006257850 0.047983564 -0.025837338 0.256358236 0.036487117 0.965547264
1403638627.227829 0.028595865 -0.004952540 0.045028448 -0.025440445 0.256171942 0.036451392 0.965608597
1403638627.277829 0.028267549 -0.003492912 0.042442519 -0.025851671 0.256697059 0.034530558 0.965528846
1403638627.327830 0.028302364 -0.002187418 0.039571654 -0.025624672 0.256866306 0.033050116 0.965541661
1403638627.377829 0.028183946 -0.000813194 0.037398815 -0.024856301 0.257134527 0.031867992 0.965530157
1403638627.427830 0.027848024 0.001063619 0.035678059 -0.025227817 0.257358521 0.031248378 0.965481043
1403638627.477829 0.027749043 0.002207033 0.033592708 -0.025476305 0.257255793 0.031257499 0.965501606
1403638627.527829 0.028053023 0.003304230 0.030932279 -0.024860080 0.257006645 0.031643506 0.965571463
1403638627.577829 0.027869206 0.004766537 0.029578496 -0.023793809 0.257904798 0.030068122 0.965409160
1403638627.627830 0.027496040 0.006075090 0.027883086 -0.021716183 0.258895338 0.028087247 0.965252697
1403638627.677829 0.028121289 0.007452818 0.025878875 -0.018670781 0.258765787 0.028008275 0.965353370
1403638627.727829 0.027700204 0.008645591 0.024601176 -0.016518980 0.259280860 0.026936697 0.965284944
1403638627.777829 0.027642962 0.010347974 0.022970166 -0.015560956 0.259693384 0.025970759 0.965216398
1403638627.827830 0.027619826 0.011312587 0.021653600 -0.014414907 0.259881675 0.025955575 0.965183914
1403638627.877829 0.027253214 0.012736272 0.020600393 -0.014817941 0.260513663 0.025117099 0.965029657
1403638627.927830 0.027047427 0.014131225 0.019480499 -0.016592421 0.260609955 0.025624909 0.964961410
1403638627.977829 0.026858794 0.015537675 0.018173911 -0.018299829 0.260885656 0.025360906 0.964863002
1403638628.027829 0.026930282 0.017071988 0.016723055 -0.019420184 0.261282682 0.025127972 0.964739740
1403638628.077829 0.026677467 0.018216910 0.016297374 -0.020321634 0.261621833 0.025052641 0.964631259
1403638628.127830 0.027184110 0.019486662 0.014845396 -0.021318596 0.261657298 0.025242241 0.964595139
1403638628.177829 0.026267391 0.020336917 0.014459124 -0.021752344 0.262552083 0.025087539 0.964346349
1403638628.227829 0.025932929 0.021285675 0.013944126 -0.021732505 0.262687147 0.025805784 0.964291036
1403638628.277829 0.024722632 0.022099180 0.013324176 -0.022349397 0.263384402 0.025536874 0.964093924
1403638628.327830 0.024726290 0.022635801 0.012863657 -0.023167603 0.263082474 0.026650218 0.964126885
1403638628.377829 0.024122179 0.023367653 0.012064981 -0.023180982 0.262954682 0.027412858 0.964140058
1403638628.427830 0.023667285 0.023519805 0.011756178 -0.022332055 0.262192905 0.029853048 0.964295089
1403638628.477829 0.023208473 0.023836318 0.011696097 -0.018159425 0.260826558 0.034231234 0.964607716
1403638628.527829 0.022464290 0.024193525 0.011399161 -0.011425611 0.259105057 0.039024524 0.964992821
1403638628.577829 0.021990757 0.023979558 0.011161001 -0.005139090 0.257508576 0.042867456 0.965310991
1403638628.627830 0.021403845 0.024280047 0.011061499 0.000637147 0.256576538 0.045723401 0.965441585
1403638628.677829 0.021070965 0.024083121 0.010456886 0.002112540 0.255240500 0.048732337 0.965646446
1403638628.727829 0.020531356 0.024376471 0.010213524 0.001537068 0.255556792 0.048504818 0.965575278
1403638628.777829 0.020287409 0.024748512 0.009932880 -0.000017548 0.256406665 0.047220550 0.965414822
1403638628.827830 0.019584250 0.025681481 0.010095226 -0.000943267 0.257571310 0.044999272 0.965210438
1403638628.877829 0.019404648 0.026333261 0.009751054 -0.001122178 0.258539230 0.042485368 0.965065360
1403638628.927830 0.019296389 0.027267791 0.009628013 -0.001413594 0.259611428 0.040277295 0.964871824
1403638628.977829 0.019248592 0.028072368 0.009413376 -0.002526504 0.260714442 0.037154112 0.964697480
1403638629.027829 0.019086014 0.028612893 0.008903596 -0.003482510 0.261583120 0.034726590 0.964549720
1403638629.077829 0.019067612 0.029364493 0.008714294 -0.004776339 0.262489766 0.031800382 0.964398801
1403638629.127830 0.018832780 0.029869325 0.008246051 -0.005951887 0.262781352 0.030818889 0.964344680
1403638629.177829 0.018648472 0.030355532 0.007930067 -0.007009851 0.263218045 0.029079191 0.964272559
1403638629.227829 0.018270109 0.030715615 0.007465690 -0.007929444 0.263236105 0.028770940 0.964269757
1403638629.277829 0.018045533 0.030996952 0.007237149 -0.007680714 0.263314843 0.028103124 0.964269936
1403638629.327830 0.017543036 0.031237479 0.006618360 -0.009581706 0.263819188 0.027565086 0.964130580
1403638629.377829 0.017219901 0.031464938 0.006390037 -0.013298364 0.263977021 0.028123671 0.964027166
1403638629.427830 0.016808599 0.031677969 0.006184524 -0.016879389 0.264057368 0.029135896 0.963919044
1403638629.477829 0.016342569 0.031854693 0.006018536 -0.021214992 0.263869017 0.030972244 0.963827670
1403638629.527829 0.015891112 0.031957436 0.005983058 -0.024976730 0.263299435 0.033456657 0.963810265
1403638629.577829 0.015411210 0.031935249 0.005935676 -0.026440188 0.262795568 0.035701755 0.963828206
1403638629.627830 0.014914507 0.031774215 0.005983629 -0.025162008 0.260832518 0.042331554 0.964127243
1403638629.677829 0.014515153 0.031547047 0.006215633 -0.022192983 0.258743584 0.048894849 0.964452505
1403638629.727829 0.014197940 0.031218991 0.006498419 -0.017674064 0.257070869 0.054044217 0.964718282
1403638629.777829 0.014014121 0.030916205 0.006849173 -0.012044803 0.256372511 0.056579631 0.964845479
1403638629.827830 0.013950581 0.030673582 0.007181756 -0.006908343 0.255802929 0.058168709 0.964952588
1403638629.877829 0.013998678 0.030642455 0.007643518 -0.001033394 0.255974054 0.057813678 0.964952707
1403638629.927830 0.014285243 0.030924352 0.008038155 0.003366575 0.258116961 0.052273456 0.964692593
1403638629.977829 0.014629295 0.031461831 0.008616202 0.008075844 0.260553092 0.045477696 0.964354038
1403638630.027829 0.014880406 0.032185271 0.008846711 0.012673774 0.262562841 0.039351717 0.964028835
1403638630.077829 0.015269946 0.033300705 0.009431883 0.013429605 0.264166892 0.034892831 0.963752091
1403638630.127830 0.015592610 0.034636531 0.009775031 0.011648834 0.265021324 0.031814869 0.963647187
1403638630.177829 0.015836338 0.036249913 0.010477291 0.008548226 0.265809655 0.029893043 0.963524044
1403638630.227829 0.016087703 0.038036566 0.010731772 0.004483117 0.265998274 0.029256498 0.963519037
1403638630.277829 0.016448367 0.039893921 0.011694830 0.000724900 0.266100198 0.029348334 0.963498235
1403638630.327830 0.016072214 0.041596793 0.010692832 -0.003302634 0.266487449 0.030427517 0.963352323
1403638630.377829 0.015916472 0.034478497 0.011207651 -0.035996228 0.263633788 0.034829888 0.963321507
1403638630.427830 0.015974091 0.038733363 0.010458215 -0.016360667 0.259769827 0.042246424 0.964607298
1403638630.477829 0.016297556 0.039922744 0.013930891 -0.000748291 0.262261063 0.031213535 0.964491725
1403638630.527829 0.016473558 0.039362952 0.014315216 -0.000352373 0.262624770 0.030216232 0.964424729
1403638630.577829 0.016569998 0.039269120 0.015101636 0.000501208 0.262329757 0.032285530 0.964437902
1403638630.627830 0.016672151 0.039852496 0.015984032 0.000938985 0.263320267 0.029956833 0.964242756
1403638630.677829 0.016171781 0.037893586 0.016196009 -0.035752218 0.259776235 0.031686947 0.964486420
1403638630.727829 0.014998660 0.035676010 0.017630955 -0.044990063 0.253078371 0.033136774 0.965830803
1403638630.777829 0.017698847 0.041401293 0.017360590 -0.043690190 0.257511854 0.028282274 0.964872479
1403638630.827830 0.017658474 0.041205481 0.017195437 -0.039499149 0.256611615 0.031943802 0.965178668
1403638630.877829 0.017752049 0.041413978 0.017584033 -0.040715232 0.254410833 0.031558715 0.965723276
1403638630.927830 0.017783569 0.041369017 0.017475467 -0.040445995 0.254870474 0.031326029 0.965620995
1403638630.977829 0.017771808 0.041382868 0.017486768 -0.040580701 0.254751772 0.031787954 0.965631545
1403638631.027829 0.017779935 0.041438278 0.017447010 -0.040653277 0.254690021 0.031743824 0.965646207
1403638631.077829 0.017808406 0.041465782 0.017309152 -0.040726352 0.254996330 0.030811187 0.965592504
1403638631.127830 0.017789843 0.041416649 0.017430913 -0.040736694 0.254587829 0.032104615 0.965657711
1403638631.177829 0.017833065 0.041450381 0.017353065 -0.040708609 0.254957795 0.030866737 0.965601683
1403638631.227829 0.017792549 0.041415550 0.017378926 -0.040697344 0.254612714 0.031718958 0.965665579
1403638631.277829 0.017826408 0.041436549 0.017441357 -0.040761922 0.254915595 0.030781854 0.965613306
1403638631.327830 0.017806100 0.041415710 0.017405890 -0.040474962 0.254702002 0.031814303 0.965648174
1403638631.377829 0.017830165 0.041437358 0.017382845 -0.040913057 0.254839092 0.031022150 0.965619385
1403638631.427830 0.017803071 0.041417249 0.017344203 -0.040552948 0.254725248 0.031412486 0.965651989
1403638631.477829 0.017784497 0.041419834 0.017367309 -0.040792644 0.254809231 0.031419571 0.965619504
1403638631.527829 0.017790161 0.041432589 0.017384356 -0.040637791 0.254689217 0.031604186 0.965651631
1403638631.577829 0.017786417 0.041431565 0.017395992 -0.040697146 0.254753560 0.031492513 0.965635836
1403638631.627830 0.017813493 0.041429747 0.017420005 -0.040809553 0.254874527 0.031242318 0.965607285
1403638631.677829 0.017792879 0.041413460 0.017400369 -0.040688094 0.254787058 0.031957656 0.965612113
