Registering ORBextractor...
Registering AKAZEextractor...
Registering BRISKextractor...
Registering SIFTextractor...
Registering KAZEextractor...
Registering SuperPointExtractor...

ORB-SLAM2 Copyright (C) 2014-2016 Raul Mur-Artal, University of Zaragoza.
This program comes with ABSOLUTELY NO WARRANTY;
This is free software, and you are welcome to redistribute it
under certain conditions. See LICENSE.txt.

Input sensor was set to: Monocular

Loading Vocabulary : /home/howard/Refactored_ORB_SLAM2/Install/var/lib/orbslam2/voc/sift_cv.fbow
This could take a while...
Loading SIFT Vocabulary in FBoW.
SIFT Vocabulary loaded in 0.067746s


Loading Vocabulary : /home/howard/Refactored_ORB_SLAM2/Install/var/lib/orbslam2/voc/superpoint.fbow
This could take a while...
Loading SuperPoint Vocabulary in FBoW.
SuperPoint Vocabulary loaded in 0.027132s


Camera Parameters: 
- fx: 983.044
- fy: 983.044
- cx: 643.647
- cy: 493.379
- k1: 0
- k2: 0
- p1: 0
- p2: 0
- fps: 16
- color order: RGB (ignored if grayscale)

[Feature 0] SIFT Extractor Parameters: 
 ( TH_LOW: 300, TH_HIGH: 500 )
- Number of Features  : 2000
- Scale Levels        : 1
- Scale Factor        : 1
- Contrast Threshold  : 0.01
- Edge Threshold      : 5
- nOctaves            : 3
- Sigma               : 1.6

[Feature 1] SuperPoint Extractor Parameters: 
 ( TH_LOW: 0.7, TH_HIGH: 0.9 )
- Number of Features: 2000
- Scale Levels: 4
- Scale Factor: 1.2
- Use CUDA: 1
- Use NMS: 1
- iniTh: 0.08
- minTh: 0.04

-------
Start processing sequence ...
Images in the sequence: 7513

0
New map created with 1135 points for 0 Feature Type 
New map created with 353 points for 1 Feature Type 
Tracking Initlized in 377.30s
The initlized frame ID: 218
Track lost soon after initialisation, reseting...
System Reseting
Reseting Local Mapper... done
Reseting Loop Closing... done
Reseting Database... done
0
New map created with 1064 points for 0 Feature Type 
New map created with 369 points for 1 Feature Type 
Tracking Initlized in 8.26s
The initlized frame ID: 5
The lost frame ID: 232
The lost frame ID: 233
The lost frame ID: 234
The lost frame ID: 235
The lost frame ID: 236
The lost frame ID: 237
The lost frame ID: 238
The lost frame ID: 239
The lost frame ID: 240

Saving camera trajectory to TrajectoryBeforeReset_oxf_sft_spp_r01_seg01_pid2017535_1757523244786.txt ...

trajectory saved!
[Tracking] wrote pre-reset trajectory to TrajectoryBeforeReset_oxf_sft_spp_r01_seg01_pid2017535_1757523244786.txt
[Tracking] LOST for 10 consecutive frames -> reset
System Reseting
Reseting Local Mapper... done
Reseting Loop Closing... done
Reseting Database... done
0
New map created with 1083 points for 0 Feature Type 
New map created with 173 points for 1 Feature Type 
Tracking Initlized in 5.74s
The initlized frame ID: 3
The lost frame ID: 163
The lost frame ID: 164
The lost frame ID: 165
The lost frame ID: 166
The lost frame ID: 167
The lost frame ID: 168
The lost frame ID: 169
The lost frame ID: 170
The lost frame ID: 171

Saving camera trajectory to TrajectoryBeforeReset_oxf_sft_spp_r01_seg02_pid2017535_1757523305303.txt ...

trajectory saved!
[Tracking] wrote pre-reset trajectory to TrajectoryBeforeReset_oxf_sft_spp_r01_seg02_pid2017535_1757523305303.txt
[Tracking] LOST for 10 consecutive frames -> reset
System Reseting
Reseting Local Mapper... done
Reseting Loop Closing... done
Reseting Database... done
0
New map created with 870 points for 0 Feature Type 
New map created with 213 points for 1 Feature Type 
Tracking Initlized in 3.78s
The initlized frame ID: 2
Track lost soon after initialisation, reseting...
System Reseting
Reseting Local Mapper... done
Reseting Loop Closing... done
Reseting Database... done
0
New map created with 773 points for 0 Feature Type 
New map created with 211 points for 1 Feature Type 
Tracking Initlized in 3.66s
The initlized frame ID: 2
Track lost soon after initialisation, reseting...
System Reseting
Reseting Local Mapper... done
Reseting Loop Closing... done
Reseting Database... done
0
New map created with 694 points for 0 Feature Type 
New map created with 162 points for 1 Feature Type 
Tracking Initlized in 3.72s
The initlized frame ID: 2
Track lost soon after initialisation, reseting...
System Reseting
Reseting Local Mapper... done
Reseting Loop Closing... done
Reseting Database... done
0
New map created with 652 points for 0 Feature Type 
New map created with 176 points for 1 Feature Type 
Tracking Initlized in 1.82s
The initlized frame ID: 1
Track lost soon after initialisation, reseting...
System Reseting
Reseting Local Mapper... done
Reseting Loop Closing... done
Reseting Database... done
0
New map created with 703 points for 0 Feature Type 
New map created with 113 points for 1 Feature Type 
Tracking Initlized in 2.10s
The initlized frame ID: 1
Track lost soon after initialisation, reseting...
System Reseting
Reseting Local Mapper... done
Reseting Loop Closing... done
Reseting Database... done
0
New map created with 672 points for 0 Feature Type 
New map created with 109 points for 1 Feature Type 
Tracking Initlized in 1.65s
The initlized frame ID: 1
Track lost soon after initialisation, reseting...
System Reseting
Reseting Local Mapper... done
Reseting Loop Closing... done
Reseting Database... done
0
New map created with 1007 points for 0 Feature Type 
New map created with 289 points for 1 Feature Type 
Tracking Initlized in 3.96s
The initlized frame ID: 2
Track lost soon after initialisation, reseting...
System Reseting
Reseting Local Mapper... done
Reseting Loop Closing... done
Reseting Database... done
0
New map created with 765 points for 0 Feature Type 
New map created with 139 points for 1 Feature Type 
Tracking Initlized in 2.46s
The initlized frame ID: 1
Track lost soon after initialisation, reseting...
System Reseting
Reseting Local Mapper... done
Reseting Loop Closing... done
Reseting Database... done
0
New map created with 840 points for 0 Feature Type 
New map created with 148 points for 1 Feature Type 
Tracking Initlized in 1.88s
The initlized frame ID: 1
Track lost soon after initialisation, reseting...
System Reseting
Reseting Local Mapper... done
Reseting Loop Closing... done
Reseting Database... done
0
New map created with 918 points for 0 Feature Type 
New map created with 156 points for 1 Feature Type 
Tracking Initlized in 1.96s
The initlized frame ID: 1
Track lost soon after initialisation, reseting...
System Reseting
Reseting Local Mapper... done
Reseting Loop Closing... done
Reseting Database... done
0
New map created with 1048 points for 0 Feature Type 
New map created with 189 points for 1 Feature Type 
Tracking Initlized in 2.14s
The initlized frame ID: 1
Track lost soon after initialisation, reseting...
System Reseting
Reseting Local Mapper... done
Reseting Loop Closing... done
Reseting Database... done
0
New map created with 1036 points for 0 Feature Type 
New map created with 186 points for 1 Feature Type 
Tracking Initlized in 1.70s
The initlized frame ID: 1
Track lost soon after initialisation, reseting...
System Reseting
Reseting Local Mapper... done
Reseting Loop Closing... done
Reseting Database... done
0
New map created with 1076 points for 0 Feature Type 
New map created with 165 points for 1 Feature Type 
Tracking Initlized in 2.21s
The initlized frame ID: 1
The lost frame ID: 148
The lost frame ID: 149
The lost frame ID: 150
The lost frame ID: 151
The lost frame ID: 152
The lost frame ID: 153
The lost frame ID: 154
The lost frame ID: 157
The lost frame ID: 160
The lost frame ID: 161
The lost frame ID: 163
The lost frame ID: 164
The lost frame ID: 165
The lost frame ID: 167
The lost frame ID: 170
The lost frame ID: 171
The lost frame ID: 172
The lost frame ID: 173
The lost frame ID: 174
The lost frame ID: 175
The lost frame ID: 176
The lost frame ID: 177
The lost frame ID: 178

Saving camera trajectory to TrajectoryBeforeReset_oxf_sft_spp_r01_seg03_pid2017535_1757523390094.txt ...

trajectory saved!
[Tracking] wrote pre-reset trajectory to TrajectoryBeforeReset_oxf_sft_spp_r01_seg03_pid2017535_1757523390094.txt
[Tracking] LOST for 10 consecutive frames -> reset
System Reseting
Reseting Local Mapper... done
Reseting Loop Closing... done
Reseting Database... done
0
New map created with 1200 points for 0 Feature Type 
New map created with 352 points for 1 Feature Type 
Tracking Initlized in 1.91s
The initlized frame ID: 1
Track lost soon after initialisation, reseting...
System Reseting
Reseting Local Mapper... done
Reseting Loop Closing... done
Reseting Database... done
0
New map created with 1240 points for 0 Feature Type 
New map created with 367 points for 1 Feature Type 
Tracking Initlized in 1.92s
The initlized frame ID: 1
Track lost soon after initialisation, reseting...
System Reseting
Reseting Local Mapper... done
Reseting Loop Closing... done
Reseting Database... done
0
New map created with 1159 points for 0 Feature Type 
New map created with 364 points for 1 Feature Type 
Tracking Initlized in 2.37s
The initlized frame ID: 1
Track lost soon after initialisation, reseting...
System Reseting
Reseting Local Mapper... done
Reseting Loop Closing... done
Reseting Database... done
0
New map created with 1120 points for 0 Feature Type 
New map created with 363 points for 1 Feature Type 
Tracking Initlized in 1.87s
The initlized frame ID: 1
Track lost soon after initialisation, reseting...
System Reseting
Reseting Local Mapper... done
Reseting Loop Closing... done
Reseting Database... done
0
New map created with 1085 points for 0 Feature Type 
New map created with 364 points for 1 Feature Type 
Tracking Initlized in 2.07s
The initlized frame ID: 1
Track lost soon after initialisation, reseting...
System Reseting
Reseting Local Mapper... done
Reseting Loop Closing... done
Reseting Database... done
0
New map created with 1059 points for 0 Feature Type 
New map created with 337 points for 1 Feature Type 
Tracking Initlized in 2.48s
The initlized frame ID: 1
Track lost soon after initialisation, reseting...
System Reseting
Reseting Local Mapper... done
Reseting Loop Closing... done
Reseting Database... done
0
New map created with 1090 points for 0 Feature Type 
New map created with 336 points for 1 Feature Type 
Tracking Initlized in 2.21s
The initlized frame ID: 1
Track lost soon after initialisation, reseting...
System Reseting
Reseting Local Mapper... done
Reseting Loop Closing... done
Reseting Database... done
0
New map created with 851 points for 0 Feature Type 
New map created with 328 points for 1 Feature Type 
Tracking Initlized in 1.93s
The initlized frame ID: 1
Track lost soon after initialisation, reseting...
System Reseting
Reseting Local Mapper... done
Reseting Loop Closing... done
Reseting Database... done
0
New map created with 1137 points for 0 Feature Type 
New map created with 365 points for 1 Feature Type 
Tracking Initlized in 2.08s
The initlized frame ID: 1
Track lost soon after initialisation, reseting...
System Reseting
Reseting Local Mapper... done
Reseting Loop Closing... done
Reseting Database... done
0
New map created with 1190 points for 0 Feature Type 
New map created with 351 points for 1 Feature Type 
Tracking Initlized in 1.83s
The initlized frame ID: 1
Track lost soon after initialisation, reseting...
System Reseting
Reseting Local Mapper... done
Reseting Loop Closing... done
Reseting Database... done
0
New map created with 1085 points for 0 Feature Type 
New map created with 325 points for 1 Feature Type 
Tracking Initlized in 2.02s
The initlized frame ID: 1
Track lost soon after initialisation, reseting...
System Reseting
Reseting Local Mapper... done
Reseting Loop Closing... done
Reseting Database... done
0
New map created with 1124 points for 0 Feature Type 
New map created with 343 points for 1 Feature Type 
Tracking Initlized in 1.92s
The initlized frame ID: 1
Track lost soon after initialisation, reseting...
System Reseting
Reseting Local Mapper... done
Reseting Loop Closing... done
Reseting Database... done
0
New map created with 1127 points for 0 Feature Type 
New map created with 296 points for 1 Feature Type 
Tracking Initlized in 1.76s
The initlized frame ID: 1
Track lost soon after initialisation, reseting...
System Reseting
Reseting Local Mapper... done
Reseting Loop Closing... done
Reseting Database... done
0
New map created with 1248 points for 0 Feature Type 
New map created with 316 points for 1 Feature Type 
Tracking Initlized in 2.09s
The initlized frame ID: 1
Track lost soon after initialisation, reseting...
System Reseting
Reseting Local Mapper... done
Reseting Loop Closing... done
Reseting Database... done
0
New map created with 1075 points for 0 Feature Type 
New map created with 288 points for 1 Feature Type 
Tracking Initlized in 1.87s
The initlized frame ID: 1
Track lost soon after initialisation, reseting...
System Reseting
Reseting Local Mapper... done
Reseting Loop Closing... done
Reseting Database... done
0
New map created with 1132 points for 0 Feature Type 
New map created with 284 points for 1 Feature Type 
Tracking Initlized in 2.31s
The initlized frame ID: 1
Track lost soon after initialisation, reseting...
System Reseting
Reseting Local Mapper... done
Reseting Loop Closing... done
Reseting Database... done
0
New map created with 1086 points for 0 Feature Type 
New map created with 318 points for 1 Feature Type 
Tracking Initlized in 2.12s
The initlized frame ID: 1
Track lost soon after initialisation, reseting...
System Reseting
Reseting Local Mapper... done
Reseting Loop Closing... done
Reseting Database... done
0
New map created with 1179 points for 0 Feature Type 
New map created with 296 points for 1 Feature Type 
Tracking Initlized in 2.31s
The initlized frame ID: 1
Track lost soon after initialisation, reseting...
System Reseting
Reseting Local Mapper... done
Reseting Loop Closing... done
Reseting Database... done
0
New map created with 1159 points for 0 Feature Type 
New map created with 300 points for 1 Feature Type 
Tracking Initlized in 1.89s
The initlized frame ID: 1
Track lost soon after initialisation, reseting...
System Reseting
Reseting Local Mapper... done
Reseting Loop Closing... done
Reseting Database... done
0
New map created with 1274 points for 0 Feature Type 
New map created with 333 points for 1 Feature Type 
Tracking Initlized in 2.05s
The initlized frame ID: 1
Track lost soon after initialisation, reseting...
System Reseting
Reseting Local Mapper... done
Reseting Loop Closing... done
Reseting Database... done
0
New map created with 1344 points for 0 Feature Type 
New map created with 337 points for 1 Feature Type 
Tracking Initlized in 2.12s
The initlized frame ID: 1
Track lost soon after initialisation, reseting...
System Reseting
Reseting Local Mapper... done
Reseting Loop Closing... done
Reseting Database... done
0
New map created with 1250 points for 0 Feature Type 
New map created with 334 points for 1 Feature Type 
Tracking Initlized in 2.01s
The initlized frame ID: 1
Track lost soon after initialisation, reseting...
System Reseting
Reseting Local Mapper... done
Reseting Loop Closing... done
Reseting Database... done
0
New map created with 1296 points for 0 Feature Type 
New map created with 388 points for 1 Feature Type 
Tracking Initlized in 2.16s
The initlized frame ID: 1
Track lost soon after initialisation, reseting...
System Reseting
Reseting Local Mapper... done
Reseting Loop Closing... done
Reseting Database... done
0
New map created with 1204 points for 0 Feature Type 
New map created with 376 points for 1 Feature Type 
Tracking Initlized in 2.21s
The initlized frame ID: 1
Track lost soon after initialisation, reseting...
System Reseting
Reseting Local Mapper... done
Reseting Loop Closing... done
Reseting Database... done
0
New map created with 1215 points for 0 Feature Type 
New map created with 382 points for 1 Feature Type 
Tracking Initlized in 2.42s
The initlized frame ID: 1
Track lost soon after initialisation, reseting...
System Reseting
Reseting Local Mapper... done
Reseting Loop Closing... done
Reseting Database... done
0
New map created with 1298 points for 0 Feature Type 
New map created with 402 points for 1 Feature Type 
Tracking Initlized in 2.25s
The initlized frame ID: 1
Track lost soon after initialisation, reseting...
System Reseting
Reseting Local Mapper... done
Reseting Loop Closing... done
Reseting Database... done
0
New map created with 1101 points for 0 Feature Type 
New map created with 395 points for 1 Feature Type 
Tracking Initlized in 2.15s
The initlized frame ID: 1
Track lost soon after initialisation, reseting...
System Reseting
Reseting Local Mapper... done
Reseting Loop Closing... done
Reseting Database... done
0
New map created with 1142 points for 0 Feature Type 
New map created with 409 points for 1 Feature Type 
Tracking Initlized in 2.10s
The initlized frame ID: 1
Track lost soon after initialisation, reseting...
System Reseting
Reseting Local Mapper... done
Reseting Loop Closing... done
Reseting Database... done
0
New map created with 1043 points for 0 Feature Type 
New map created with 389 points for 1 Feature Type 
Tracking Initlized in 2.31s
The initlized frame ID: 1
Track lost soon after initialisation, reseting...
System Reseting
Reseting Local Mapper... done
Reseting Loop Closing... done
Reseting Database... done
0
New map created with 1070 points for 0 Feature Type 
New map created with 377 points for 1 Feature Type 
Tracking Initlized in 2.00s
The initlized frame ID: 1
Track lost soon after initialisation, reseting...
System Reseting
Reseting Local Mapper... done
Reseting Loop Closing... done
Reseting Database... done
0
New map created with 1115 points for 0 Feature Type 
New map created with 386 points for 1 Feature Type 
Tracking Initlized in 2.31s
The initlized frame ID: 1
Track lost soon after initialisation, reseting...
System Reseting
Reseting Local Mapper... done
Reseting Loop Closing... done
Reseting Database... done
0
New map created with 1069 points for 0 Feature Type 
New map created with 367 points for 1 Feature Type 
Tracking Initlized in 2.03s
The initlized frame ID: 1
Track lost soon after initialisation, reseting...
System Reseting
Reseting Local Mapper... done
Reseting Loop Closing... done
Reseting Database... done
0
New map created with 1148 points for 0 Feature Type 
New map created with 368 points for 1 Feature Type 
Tracking Initlized in 1.82s
The initlized frame ID: 1
Track lost soon after initialisation, reseting...
System Reseting
Reseting Local Mapper... done
Reseting Loop Closing... done
Reseting Database... done
0
New map created with 1104 points for 0 Feature Type 
New map created with 364 points for 1 Feature Type 
Tracking Initlized in 2.20s
The initlized frame ID: 1
Track lost soon after initialisation, reseting...
System Reseting
Reseting Local Mapper... done
Reseting Loop Closing... done
Reseting Database... done
0
New map created with 1063 points for 0 Feature Type 
New map created with 339 points for 1 Feature Type 
Tracking Initlized in 2.02s
The initlized frame ID: 1
Track lost soon after initialisation, reseting...
System Reseting
Reseting Local Mapper... done
Reseting Loop Closing... done
Reseting Database... done
0
New map created with 1030 points for 0 Feature Type 
New map created with 337 points for 1 Feature Type 
Tracking Initlized in 2.15s
The initlized frame ID: 1
Track lost soon after initialisation, reseting...
System Reseting
Reseting Local Mapper... done
Reseting Loop Closing... done
Reseting Database... done
0
New map created with 1065 points for 0 Feature Type 
New map created with 359 points for 1 Feature Type 
Tracking Initlized in 2.43s
The initlized frame ID: 1
Track lost soon after initialisation, reseting...
System Reseting
Reseting Local Mapper... done
Reseting Loop Closing... done
Reseting Database... done
0
New map created with 1124 points for 0 Feature Type 
New map created with 372 points for 1 Feature Type 
Tracking Initlized in 2.09s
The initlized frame ID: 1
Track lost soon after initialisation, reseting...
System Reseting
Reseting Local Mapper... done
Reseting Loop Closing... done
Reseting Database... done
0
New map created with 1076 points for 0 Feature Type 
New map created with 354 points for 1 Feature Type 
Tracking Initlized in 1.86s
The initlized frame ID: 1
Track lost soon after initialisation, reseting...
System Reseting
Reseting Local Mapper... done
Reseting Loop Closing... done
Reseting Database... done
0
New map created with 1093 points for 0 Feature Type 
New map created with 336 points for 1 Feature Type 
Tracking Initlized in 2.20s
The initlized frame ID: 1
Track lost soon after initialisation, reseting...
System Reseting
Reseting Local Mapper... done
Reseting Loop Closing... done
Reseting Database... done
0
New map created with 1050 points for 0 Feature Type 
New map created with 289 points for 1 Feature Type 
Tracking Initlized in 2.17s
The initlized frame ID: 1
Track lost soon after initialisation, reseting...
System Reseting
Reseting Local Mapper... done
Reseting Loop Closing... done
Reseting Database... done
0
New map created with 1057 points for 0 Feature Type 
New map created with 286 points for 1 Feature Type 
Tracking Initlized in 2.17s
The initlized frame ID: 1
Track lost soon after initialisation, reseting...
System Reseting
Reseting Local Mapper... done
Reseting Loop Closing... done
Reseting Database... done
0
New map created with 1049 points for 0 Feature Type 
New map created with 293 points for 1 Feature Type 
Tracking Initlized in 2.21s
The initlized frame ID: 1
Track lost soon after initialisation, reseting...
System Reseting
Reseting Local Mapper... done
Reseting Loop Closing... done
Reseting Database... done
0
New map created with 1160 points for 0 Feature Type 
New map created with 295 points for 1 Feature Type 
Tracking Initlized in 2.17s
The initlized frame ID: 1
Track lost soon after initialisation, reseting...
System Reseting
Reseting Local Mapper... done
Reseting Loop Closing... done
Reseting Database... done
0
New map created with 1073 points for 0 Feature Type 
New map created with 254 points for 1 Feature Type 
Tracking Initlized in 2.22s
The initlized frame ID: 1
Track lost soon after initialisation, reseting...
System Reseting
Reseting Local Mapper... done
Reseting Loop Closing... done
Reseting Database... done
0
New map created with 1075 points for 0 Feature Type 
New map created with 265 points for 1 Feature Type 
Tracking Initlized in 2.27s
The initlized frame ID: 1
Track lost soon after initialisation, reseting...
System Reseting
Reseting Local Mapper... done
Reseting Loop Closing... done
Reseting Database... done
0
New map created with 1073 points for 0 Feature Type 
New map created with 303 points for 1 Feature Type 
Tracking Initlized in 2.09s
The initlized frame ID: 1
Track lost soon after initialisation, reseting...
System Reseting
Reseting Local Mapper... done
Reseting Loop Closing... done
Reseting Database... done
0
New map created with 918 points for 0 Feature Type 
New map created with 287 points for 1 Feature Type 
Tracking Initlized in 2.20s
The initlized frame ID: 1
Track lost soon after initialisation, reseting...
System Reseting
Reseting Local Mapper... done
Reseting Loop Closing... done
Reseting Database... done
0
New map created with 954 points for 0 Feature Type 
New map created with 325 points for 1 Feature Type 
Tracking Initlized in 2.02s
The initlized frame ID: 1
Track lost soon after initialisation, reseting...
System Reseting
Reseting Local Mapper... done
Reseting Loop Closing... done
Reseting Database... done
0
New map created with 961 points for 0 Feature Type 
New map created with 308 points for 1 Feature Type 
Tracking Initlized in 2.34s
The initlized frame ID: 1
Track lost soon after initialisation, reseting...
System Reseting
Reseting Local Mapper... done
Reseting Loop Closing... done
Reseting Database... done
0
New map created with 964 points for 0 Feature Type 
New map created with 253 points for 1 Feature Type 
Tracking Initlized in 1.86s
The initlized frame ID: 1
Track lost soon after initialisation, reseting...
System Reseting
Reseting Local Mapper... done
Reseting Loop Closing... done
Reseting Database... done
0
New map created with 1021 points for 0 Feature Type 
New map created with 262 points for 1 Feature Type 
Tracking Initlized in 2.06s
The initlized frame ID: 1
Track lost soon after initialisation, reseting...
System Reseting
Reseting Local Mapper... done
Reseting Loop Closing... done
Reseting Database... done
0
New map created with 877 points for 0 Feature Type 
New map created with 244 points for 1 Feature Type 
Tracking Initlized in 2.08s
The initlized frame ID: 1
Track lost soon after initialisation, reseting...
System Reseting
Reseting Local Mapper... done
Reseting Loop Closing... done
Reseting Database... done
0
New map created with 862 points for 0 Feature Type 
New map created with 251 points for 1 Feature Type 
Tracking Initlized in 1.93s
The initlized frame ID: 1
Track lost soon after initialisation, reseting...
System Reseting
Reseting Local Mapper... done
Reseting Loop Closing... done
Reseting Database... done
0
New map created with 899 points for 0 Feature Type 
New map created with 249 points for 1 Feature Type 
Tracking Initlized in 1.94s
The initlized frame ID: 1
Track lost soon after initialisation, reseting...
System Reseting
Reseting Local Mapper... done
Reseting Loop Closing... done
Reseting Database... done
0
New map created with 908 points for 0 Feature Type 
New map created with 275 points for 1 Feature Type 
Tracking Initlized in 2.21s
The initlized frame ID: 1
Track lost soon after initialisation, reseting...
System Reseting
Reseting Local Mapper... done
Reseting Loop Closing... done
Reseting Database... done
0
New map created with 837 points for 0 Feature Type 
New map created with 237 points for 1 Feature Type 
Tracking Initlized in 1.81s
The initlized frame ID: 1
Track lost soon after initialisation, reseting...
System Reseting
Reseting Local Mapper... done
Reseting Loop Closing... done
Reseting Database... done
0
New map created with 895 points for 0 Feature Type 
New map created with 277 points for 1 Feature Type 
Tracking Initlized in 2.01s
The initlized frame ID: 1
Track lost soon after initialisation, reseting...
System Reseting
Reseting Local Mapper... done
Reseting Loop Closing... done
Reseting Database... done
0
New map created with 869 points for 0 Feature Type 
New map created with 266 points for 1 Feature Type 
Tracking Initlized in 1.72s
The initlized frame ID: 1
Track lost soon after initialisation, reseting...
System Reseting
Reseting Local Mapper... done
Reseting Loop Closing... done
Reseting Database... done
0
New map created with 969 points for 0 Feature Type 
New map created with 293 points for 1 Feature Type 
Tracking Initlized in 2.03s
The initlized frame ID: 1
Track lost soon after initialisation, reseting...
System Reseting
Reseting Local Mapper... done
Reseting Loop Closing... done
Reseting Database... done
0
New map created with 944 points for 0 Feature Type 
New map created with 303 points for 1 Feature Type 
Tracking Initlized in 1.94s
The initlized frame ID: 1
Track lost soon after initialisation, reseting...
System Reseting
Reseting Local Mapper... done
Reseting Loop Closing... done
Reseting Database... done
0
New map created with 920 points for 0 Feature Type 
New map created with 330 points for 1 Feature Type 
Tracking Initlized in 1.79s
The initlized frame ID: 1
Track lost soon after initialisation, reseting...
System Reseting
Reseting Local Mapper... done
Reseting Loop Closing... done
Reseting Database... done
0
New map created with 898 points for 0 Feature Type 
New map created with 302 points for 1 Feature Type 
Tracking Initlized in 2.24s
The initlized frame ID: 1
Track lost soon after initialisation, reseting...
System Reseting
Reseting Local Mapper... done
Reseting Loop Closing... done
Reseting Database... done
0
New map created with 877 points for 0 Feature Type 
New map created with 284 points for 1 Feature Type 
Tracking Initlized in 2.12s
The initlized frame ID: 1
Track lost soon after initialisation, reseting...
System Reseting
Reseting Local Mapper... done
Reseting Loop Closing... done
Reseting Database... done
0
New map created with 847 points for 0 Feature Type 
New map created with 276 points for 1 Feature Type 
Tracking Initlized in 1.73s
The initlized frame ID: 1
Track lost soon after initialisation, reseting...
System Reseting
Reseting Local Mapper... done
Reseting Loop Closing... done
Reseting Database... done
0
New map created with 845 points for 0 Feature Type 
New map created with 239 points for 1 Feature Type 
Tracking Initlized in 2.31s
The initlized frame ID: 1
Track lost soon after initialisation, reseting...
System Reseting
Reseting Local Mapper... done
Reseting Loop Closing... done
Reseting Database... done
0
New map created with 832 points for 0 Feature Type 
New map created with 222 points for 1 Feature Type 
Tracking Initlized in 2.36s
The initlized frame ID: 1
Track lost soon after initialisation, reseting...
System Reseting
Reseting Local Mapper... done
Reseting Loop Closing... done
Reseting Database... done
0
New map created with 801 points for 0 Feature Type 
New map created with 175 points for 1 Feature Type 
Tracking Initlized in 1.95s
The initlized frame ID: 1
Track lost soon after initialisation, reseting...
System Reseting
Reseting Local Mapper... done
Reseting Loop Closing... done
Reseting Database... done
0
New map created with 805 points for 0 Feature Type 
New map created with 192 points for 1 Feature Type 
Tracking Initlized in 2.27s
The initlized frame ID: 1
Track lost soon after initialisation, reseting...
System Reseting
Reseting Local Mapper... done
Reseting Loop Closing... done
Reseting Database... done
0
New map created with 834 points for 0 Feature Type 
New map created with 219 points for 1 Feature Type 
Tracking Initlized in 2.16s
The initlized frame ID: 1
Track lost soon after initialisation, reseting...
System Reseting
Reseting Local Mapper... done
Reseting Loop Closing... done
Reseting Database... done
0
New map created with 792 points for 0 Feature Type 
New map created with 220 points for 1 Feature Type 
Tracking Initlized in 2.22s
The initlized frame ID: 1
Track lost soon after initialisation, reseting...
System Reseting
Reseting Local Mapper... done
Reseting Loop Closing... done
Reseting Database... done
0
New map created with 791 points for 0 Feature Type 
New map created with 226 points for 1 Feature Type 
Tracking Initlized in 2.20s
The initlized frame ID: 1
Track lost soon after initialisation, reseting...
System Reseting
Reseting Local Mapper... done
Reseting Loop Closing... done
Reseting Database... done
0
New map created with 764 points for 0 Feature Type 
New map created with 251 points for 1 Feature Type 
Tracking Initlized in 1.81s
The initlized frame ID: 1
Track lost soon after initialisation, reseting...
System Reseting
Reseting Local Mapper... done
Reseting Loop Closing... done
Reseting Database... done
0
New map created with 785 points for 0 Feature Type 
New map created with 295 points for 1 Feature Type 
Tracking Initlized in 1.87s
The initlized frame ID: 1
Track lost soon after initialisation, reseting...
System Reseting
Reseting Local Mapper... done
Reseting Loop Closing... done
Reseting Database... done
0
New map created with 883 points for 0 Feature Type 
New map created with 299 points for 1 Feature Type 
Tracking Initlized in 2.06s
The initlized frame ID: 1
Track lost soon after initialisation, reseting...
System Reseting
Reseting Local Mapper... done
Reseting Loop Closing... done
Reseting Database... done
0
New map created with 996 points for 0 Feature Type 
New map created with 322 points for 1 Feature Type 
Tracking Initlized in 2.11s
The initlized frame ID: 1
Track lost soon after initialisation, reseting...
System Reseting
Reseting Local Mapper... done
Reseting Loop Closing... done
Reseting Database... done
0
New map created with 965 points for 0 Feature Type 
New map created with 347 points for 1 Feature Type 
Tracking Initlized in 1.87s
The initlized frame ID: 1
Track lost soon after initialisation, reseting...
System Reseting
Reseting Local Mapper... done
Reseting Loop Closing... done
Reseting Database... done
0
New map created with 885 points for 0 Feature Type 
New map created with 336 points for 1 Feature Type 
Tracking Initlized in 2.11s
The initlized frame ID: 1
Track lost soon after initialisation, reseting...
System Reseting
Reseting Local Mapper... done
Reseting Loop Closing... done
Reseting Database... done
0
New map created with 944 points for 0 Feature Type 
New map created with 343 points for 1 Feature Type 
Tracking Initlized in 1.86s
The initlized frame ID: 1
Track lost soon after initialisation, reseting...
System Reseting
Reseting Local Mapper... done
Reseting Loop Closing... done
Reseting Database... done
0
New map created with 929 points for 0 Feature Type 
New map created with 358 points for 1 Feature Type 
Tracking Initlized in 2.02s
The initlized frame ID: 1
Track lost soon after initialisation, reseting...
System Reseting
Reseting Local Mapper... done
Reseting Loop Closing... done
Reseting Database... done
0
New map created with 836 points for 0 Feature Type 
New map created with 358 points for 1 Feature Type 
Tracking Initlized in 2.46s
The initlized frame ID: 1
Track lost soon after initialisation, reseting...
System Reseting
Reseting Local Mapper... done
Reseting Loop Closing... done
Reseting Database... done
0
New map created with 802 points for 0 Feature Type 
New map created with 314 points for 1 Feature Type 
Tracking Initlized in 1.90s
The initlized frame ID: 1
Track lost soon after initialisation, reseting...
System Reseting
Reseting Local Mapper... done
Reseting Loop Closing... done
Reseting Database... done
0
New map created with 788 points for 0 Feature Type 
New map created with 290 points for 1 Feature Type 
Tracking Initlized in 2.28s
The initlized frame ID: 1
Track lost soon after initialisation, reseting...
System Reseting
Reseting Local Mapper... done
Reseting Loop Closing... done
Reseting Database... done
0
New map created with 722 points for 0 Feature Type 
New map created with 274 points for 1 Feature Type 
Tracking Initlized in 1.71s
The initlized frame ID: 1
Track lost soon after initialisation, reseting...
System Reseting
Reseting Local Mapper... done
Reseting Loop Closing... done
Reseting Database... done
0
New map created with 737 points for 0 Feature Type 
New map created with 284 points for 1 Feature Type 
Tracking Initlized in 2.16s
The initlized frame ID: 1
Track lost soon after initialisation, reseting...
System Reseting
Reseting Local Mapper... done
Reseting Loop Closing... done
Reseting Database... done
0
New map created with 815 points for 0 Feature Type 
New map created with 298 points for 1 Feature Type 
Tracking Initlized in 2.37s
The initlized frame ID: 1
Track lost soon after initialisation, reseting...
System Reseting
Reseting Local Mapper... done
Reseting Loop Closing... done
Reseting Database... done
0
New map created with 761 points for 0 Feature Type 
New map created with 245 points for 1 Feature Type 
Tracking Initlized in 1.88s
The initlized frame ID: 1
Track lost soon after initialisation, reseting...
System Reseting
Reseting Local Mapper... done
Reseting Loop Closing... done
Reseting Database... done
0
New map created with 817 points for 0 Feature Type 
New map created with 323 points for 1 Feature Type 
Tracking Initlized in 2.04s
The initlized frame ID: 1
Track lost soon after initialisation, reseting...
System Reseting
Reseting Local Mapper... done
Reseting Loop Closing... done
Reseting Database... done
0
New map created with 885 points for 0 Feature Type 
New map created with 297 points for 1 Feature Type 
Tracking Initlized in 1.96s
The initlized frame ID: 1
Track lost soon after initialisation, reseting...
System Reseting
Reseting Local Mapper... done
Reseting Loop Closing... done
Reseting Database... done
0
New map created with 846 points for 0 Feature Type 
New map created with 302 points for 1 Feature Type 
Tracking Initlized in 1.83s
The initlized frame ID: 1
Track lost soon after initialisation, reseting...
System Reseting
Reseting Local Mapper... done
Reseting Loop Closing... done
Reseting Database... done
0
New map created with 757 points for 0 Feature Type 
New map created with 299 points for 1 Feature Type 
Tracking Initlized in 2.31s
The initlized frame ID: 1
Track lost soon after initialisation, reseting...
System Reseting
Reseting Local Mapper... done
Reseting Loop Closing... done
Reseting Database... done
0
New map created with 777 points for 0 Feature Type 
New map created with 283 points for 1 Feature Type 
Tracking Initlized in 2.03s
The initlized frame ID: 1
Track lost soon after initialisation, reseting...
System Reseting
Reseting Local Mapper... done
Reseting Loop Closing... done
Reseting Database... done
0
New map created with 678 points for 0 Feature Type 
New map created with 278 points for 1 Feature Type 
Tracking Initlized in 2.15s
The initlized frame ID: 1
Track lost soon after initialisation, reseting...
System Reseting
Reseting Local Mapper... done
Reseting Loop Closing... done
Reseting Database... done
0
New map created with 607 points for 0 Feature Type 
New map created with 269 points for 1 Feature Type 
Tracking Initlized in 2.06s
The initlized frame ID: 1
Track lost soon after initialisation, reseting...
System Reseting
Reseting Local Mapper... done
Reseting Loop Closing... done
Reseting Database... done
0
New map created with 606 points for 0 Feature Type 
New map created with 262 points for 1 Feature Type 
Tracking Initlized in 1.73s
The initlized frame ID: 1
Track lost soon after initialisation, reseting...
System Reseting
Reseting Local Mapper... done
Reseting Loop Closing... done
Reseting Database... done
1
New map created with 472 points for 0 Feature Type 
New map created with 240 points for 1 Feature Type 
Tracking Initlized in 2.16s
The initlized frame ID: 1
Track lost soon after initialisation, reseting...
System Reseting
Reseting Local Mapper... done
Reseting Loop Closing... done
Reseting Database... done
0
New map created with 566 points for 0 Feature Type 
New map created with 311 points for 1 Feature Type 
Tracking Initlized in 3.42s
The initlized frame ID: 2
Track lost soon after initialisation, reseting...
System Reseting
Reseting Local Mapper... done
Reseting Loop Closing... done
Reseting Database... done
1
New map created with 495 points for 0 Feature Type 
New map created with 273 points for 1 Feature Type 
Tracking Initlized in 1.65s
The initlized frame ID: 1
Track lost soon after initialisation, reseting...
System Reseting
Reseting Local Mapper... done
Reseting Loop Closing... done
Reseting Database... done
1
New map created with 387 points for 0 Feature Type 
New map created with 239 points for 1 Feature Type 
Tracking Initlized in 2.37s
The initlized frame ID: 1
Track lost soon after initialisation, reseting...
System Reseting
Reseting Local Mapper... done
Reseting Loop Closing... done
Reseting Database... done
0
New map created with 644 points for 0 Feature Type 
New map created with 206 points for 1 Feature Type 
Tracking Initlized in 1.91s
The initlized frame ID: 1
Track lost soon after initialisation, reseting...
System Reseting
Reseting Local Mapper... done
Reseting Loop Closing... done
Reseting Database... done
0
New map created with 601 points for 0 Feature Type 
New map created with 195 points for 1 Feature Type 
Tracking Initlized in 1.85s
The initlized frame ID: 1
Track lost soon after initialisation, reseting...
System Reseting
Reseting Local Mapper... done
Reseting Loop Closing... done
Reseting Database... done
0
New map created with 194 points for 0 Feature Type 
New map created with 182 points for 1 Feature Type 
Tracking Initlized in 3.62s
The initlized frame ID: 2
Track lost soon after initialisation, reseting...
System Reseting
Reseting Local Mapper... done
Reseting Loop Closing... done
Reseting Database... done
1
New map created with 327 points for 0 Feature Type 
New map created with 203 points for 1 Feature Type 
Tracking Initlized in 2.18s
The initlized frame ID: 1
Track lost soon after initialisation, reseting...
System Reseting
Reseting Local Mapper... done
Reseting Loop Closing... done
Reseting Database... done
0
New map created with 499 points for 0 Feature Type 
New map created with 293 points for 1 Feature Type 
Tracking Initlized in 4.09s
The initlized frame ID: 2
Track lost soon after initialisation, reseting...
System Reseting
Reseting Local Mapper... done
Reseting Loop Closing... done
Reseting Database... done
0
New map created with 699 points for 0 Feature Type 
New map created with 330 points for 1 Feature Type 
Tracking Initlized in 4.06s
The initlized frame ID: 2
Track lost soon after initialisation, reseting...
System Reseting
Reseting Local Mapper... done
Reseting Loop Closing... done
Reseting Database... done
1
New map created with 353 points for 0 Feature Type 
New map created with 206 points for 1 Feature Type 
Tracking Initlized in 2.14s
The initlized frame ID: 1
Track lost soon after initialisation, reseting...
System Reseting
Reseting Local Mapper... done
Reseting Loop Closing... done
Reseting Database... done
0
New map created with 588 points for 0 Feature Type 
New map created with 319 points for 1 Feature Type 
Tracking Initlized in 4.31s
The initlized frame ID: 2
Track lost soon after initialisation, reseting...
System Reseting
Reseting Local Mapper... done
Reseting Loop Closing... done
Reseting Database... done
1
New map created with 267 points for 0 Feature Type 
New map created with 192 points for 1 Feature Type 
Tracking Initlized in 1.90s
The initlized frame ID: 1
Track lost soon after initialisation, reseting...
System Reseting
Reseting Local Mapper... done
Reseting Loop Closing... done
Reseting Database... done
1
New map created with 320 points for 0 Feature Type 
New map created with 218 points for 1 Feature Type 
Tracking Initlized in 1.62s
The initlized frame ID: 1
Track lost soon after initialisation, reseting...
System Reseting
Reseting Local Mapper... done
Reseting Loop Closing... done
Reseting Database... done
1
New map created with 346 points for 0 Feature Type 
New map created with 258 points for 1 Feature Type 
Tracking Initlized in 2.11s
The initlized frame ID: 1
Track lost soon after initialisation, reseting...
System Reseting
Reseting Local Mapper... done
Reseting Loop Closing... done
Reseting Database... done
1
New map created with 278 points for 0 Feature Type 
New map created with 246 points for 1 Feature Type 
Tracking Initlized in 2.16s
The initlized frame ID: 1
Track lost soon after initialisation, reseting...
System Reseting
Reseting Local Mapper... done
Reseting Loop Closing... done
Reseting Database... done
1
New map created with 218 points for 0 Feature Type 
New map created with 213 points for 1 Feature Type 
Tracking Initlized in 1.85s
The initlized frame ID: 1
Track lost soon after initialisation, reseting...
System Reseting
Reseting Local Mapper... done
Reseting Loop Closing... done
Reseting Database... done
0
New map created with 638 points for 0 Feature Type 
New map created with 295 points for 1 Feature Type 
Tracking Initlized in 3.98s
The initlized frame ID: 2
Track lost soon after initialisation, reseting...
System Reseting
Reseting Local Mapper... done
Reseting Loop Closing... done
Reseting Database... done
1
New map created with 145 points for 0 Feature Type 
New map created with 225 points for 1 Feature Type 
Tracking Initlized in 2.08s
The initlized frame ID: 1
Track lost soon after initialisation, reseting...
System Reseting
Reseting Local Mapper... done
Reseting Loop Closing... done
Reseting Database... done
1
New map created with 128 points for 0 Feature Type 
New map created with 210 points for 1 Feature Type 
Tracking Initlized in 2.11s
The initlized frame ID: 1
Track lost soon after initialisation, reseting...
System Reseting
Reseting Local Mapper... done
Reseting Loop Closing... done
Reseting Database... done
1
New map created with 108 points for 0 Feature Type 
New map created with 189 points for 1 Feature Type 
Tracking Initlized in 2.11s
The initlized frame ID: 1
Track lost soon after initialisation, reseting...
System Reseting
Reseting Local Mapper... done
Reseting Loop Closing... done
Reseting Database... done
1
New map created with 132 points for 0 Feature Type 
New map created with 192 points for 1 Feature Type 
Tracking Initlized in 1.96s
The initlized frame ID: 1
Track lost soon after initialisation, reseting...
System Reseting
Reseting Local Mapper... done
Reseting Loop Closing... done
Reseting Database... done
1
New map created with 190 points for 0 Feature Type 
New map created with 222 points for 1 Feature Type 
Tracking Initlized in 2.30s
The initlized frame ID: 1
Track lost soon after initialisation, reseting...
System Reseting
Reseting Local Mapper... done
Reseting Loop Closing... done
Reseting Database... done
1
New map created with 628 points for 0 Feature Type 
New map created with 266 points for 1 Feature Type 
Tracking Initlized in 4.07s
The initlized frame ID: 2
Track lost soon after initialisation, reseting...
System Reseting
Reseting Local Mapper... done
Reseting Loop Closing... done
Reseting Database... done
1
New map created with 476 points for 0 Feature Type 
New map created with 206 points for 1 Feature Type 
Tracking Initlized in 4.11s
The initlized frame ID: 2
Track lost soon after initialisation, reseting...
System Reseting
Reseting Local Mapper... done
Reseting Loop Closing... done
Reseting Database... done
1
New map created with 233 points for 0 Feature Type 
New map created with 212 points for 1 Feature Type 
Tracking Initlized in 2.02s
The initlized frame ID: 1
Track lost soon after initialisation, reseting...
System Reseting
Reseting Local Mapper... done
Reseting Loop Closing... done
Reseting Database... done
1
New map created with 266 points for 0 Feature Type 
New map created with 223 points for 1 Feature Type 
Tracking Initlized in 2.15s
The initlized frame ID: 1
Track lost soon after initialisation, reseting...
System Reseting
Reseting Local Mapper... done
Reseting Loop Closing... done
Reseting Database... done
1
New map created with 370 points for 0 Feature Type 
New map created with 237 points for 1 Feature Type 
Tracking Initlized in 1.74s
The initlized frame ID: 1
Track lost soon after initialisation, reseting...
System Reseting
Reseting Local Mapper... done
Reseting Loop Closing... done
Reseting Database... done
1
New map created with 336 points for 0 Feature Type 
New map created with 208 points for 1 Feature Type 
Tracking Initlized in 2.00s
The initlized frame ID: 1
Track lost soon after initialisation, reseting...
System Reseting
Reseting Local Mapper... done
Reseting Loop Closing... done
Reseting Database... done
0
New map created with 518 points for 0 Feature Type 
New map created with 303 points for 1 Feature Type 
Tracking Initlized in 1.91s
The initlized frame ID: 1
Track lost soon after initialisation, reseting...
System Reseting
Reseting Local Mapper... done
Reseting Loop Closing... done
Reseting Database... done
0
New map created with 525 points for 0 Feature Type 
New map created with 288 points for 1 Feature Type 
Tracking Initlized in 1.96s
The initlized frame ID: 1
Track lost soon after initialisation, reseting...
System Reseting
Reseting Local Mapper... done
Reseting Loop Closing... done
Reseting Database... done
0
New map created with 541 points for 0 Feature Type 
New map created with 314 points for 1 Feature Type 
Tracking Initlized in 1.97s
The initlized frame ID: 1
Track lost soon after initialisation, reseting...
System Reseting
Reseting Local Mapper... done
Reseting Loop Closing... done
Reseting Database... done
0
New map created with 562 points for 0 Feature Type 
New map created with 276 points for 1 Feature Type 
Tracking Initlized in 1.89s
The initlized frame ID: 1
Track lost soon after initialisation, reseting...
System Reseting
Reseting Local Mapper... done
Reseting Loop Closing... done
Reseting Database... done
1
New map created with 422 points for 0 Feature Type 
New map created with 195 points for 1 Feature Type 
Tracking Initlized in 1.96s
The initlized frame ID: 1
Track lost soon after initialisation, reseting...
System Reseting
Reseting Local Mapper... done
Reseting Loop Closing... done
Reseting Database... done
0
New map created with 690 points for 0 Feature Type 
New map created with 274 points for 1 Feature Type 
Tracking Initlized in 4.01s
The initlized frame ID: 2
Track lost soon after initialisation, reseting...
System Reseting
Reseting Local Mapper... done
Reseting Loop Closing... done
Reseting Database... done
0
New map created with 544 points for 0 Feature Type 
New map created with 215 points for 1 Feature Type 
Tracking Initlized in 3.48s
The initlized frame ID: 2
Track lost soon after initialisation, reseting...
System Reseting
Reseting Local Mapper... done
Reseting Loop Closing... done
Reseting Database... done
0
New map created with 530 points for 0 Feature Type 
New map created with 243 points for 1 Feature Type 
Tracking Initlized in 3.72s
The initlized frame ID: 2
Track lost soon after initialisation, reseting...
System Reseting
Reseting Local Mapper... done
Reseting Loop Closing... done
Reseting Database... done
0
New map created with 581 points for 0 Feature Type 
New map created with 201 points for 1 Feature Type 
Tracking Initlized in 2.50s
The initlized frame ID: 1
Track lost soon after initialisation, reseting...
System Reseting
Reseting Local Mapper... done
Reseting Loop Closing... done
Reseting Database... done
0
New map created with 734 points for 0 Feature Type 
New map created with 290 points for 1 Feature Type 
Tracking Initlized in 3.77s
The initlized frame ID: 2
Track lost soon after initialisation, reseting...
System Reseting
Reseting Local Mapper... done
Reseting Loop Closing... done
Reseting Database... done
0
New map created with 681 points for 0 Feature Type 
New map created with 290 points for 1 Feature Type 
Tracking Initlized in 3.82s
The initlized frame ID: 2
Track lost soon after initialisation, reseting...
System Reseting
Reseting Local Mapper... done
Reseting Loop Closing... done
Reseting Database... done
0
New map created with 699 points for 0 Feature Type 
New map created with 277 points for 1 Feature Type 
Tracking Initlized in 3.41s
The initlized frame ID: 2
Track lost soon after initialisation, reseting...
System Reseting
Reseting Local Mapper... done
Reseting Loop Closing... done
Reseting Database... done
1
New map created with 597 points for 0 Feature Type 
New map created with 231 points for 1 Feature Type 
Tracking Initlized in 2.36s
The initlized frame ID: 1
Track lost soon after initialisation, reseting...
System Reseting
Reseting Local Mapper... done
Reseting Loop Closing... done
Reseting Database... done
0
New map created with 698 points for 0 Feature Type 
New map created with 265 points for 1 Feature Type 
Tracking Initlized in 3.98s
The initlized frame ID: 2
Track lost soon after initialisation, reseting...
System Reseting
Reseting Local Mapper... done
Reseting Loop Closing... done
Reseting Database... done
0
New map created with 644 points for 0 Feature Type 
New map created with 267 points for 1 Feature Type 
Tracking Initlized in 3.54s
The initlized frame ID: 2
Track lost soon after initialisation, reseting...
System Reseting
Reseting Local Mapper... done
Reseting Loop Closing... done
Reseting Database... done
0
New map created with 703 points for 0 Feature Type 
New map created with 255 points for 1 Feature Type 
Tracking Initlized in 3.60s
The initlized frame ID: 2
Track lost soon after initialisation, reseting...
System Reseting
Reseting Local Mapper... done
Reseting Loop Closing... done
Reseting Database... done
0
New map created with 675 points for 0 Feature Type 
New map created with 248 points for 1 Feature Type 
Tracking Initlized in 4.41s
The initlized frame ID: 2
Track lost soon after initialisation, reseting...
System Reseting
Reseting Local Mapper... done
Reseting Loop Closing... done
Reseting Database... done
0
New map created with 646 points for 0 Feature Type 
New map created with 237 points for 1 Feature Type 
Tracking Initlized in 3.33s
The initlized frame ID: 2
Track lost soon after initialisation, reseting...
System Reseting
Reseting Local Mapper... done
Reseting Loop Closing... done
Reseting Database... done
0
New map created with 661 points for 0 Feature Type 
New map created with 249 points for 1 Feature Type 
Tracking Initlized in 3.56s
The initlized frame ID: 2
Track lost soon after initialisation, reseting...
System Reseting
Reseting Local Mapper... done
Reseting Loop Closing... done
Reseting Database... done
0
New map created with 677 points for 0 Feature Type 
New map created with 248 points for 1 Feature Type 
Tracking Initlized in 3.69s
The initlized frame ID: 2
Track lost soon after initialisation, reseting...
System Reseting
Reseting Local Mapper... done
Reseting Loop Closing... done
Reseting Database... done
0
New map created with 640 points for 0 Feature Type 
New map created with 254 points for 1 Feature Type 
Tracking Initlized in 3.49s
The initlized frame ID: 2
Track lost soon after initialisation, reseting...
System Reseting
Reseting Local Mapper... done
Reseting Loop Closing... done
Reseting Database... done
0
New map created with 696 points for 0 Feature Type 
New map created with 231 points for 1 Feature Type 
Tracking Initlized in 3.51s
The initlized frame ID: 2
Track lost soon after initialisation, reseting...
System Reseting
Reseting Local Mapper... done
Reseting Loop Closing... done
Reseting Database... done
0
New map created with 736 points for 0 Feature Type 
New map created with 257 points for 1 Feature Type 
Tracking Initlized in 4.17s
The initlized frame ID: 2
Track lost soon after initialisation, reseting...
System Reseting
Reseting Local Mapper... done
Reseting Loop Closing... done
Reseting Database... done
0
New map created with 777 points for 0 Feature Type 
New map created with 246 points for 1 Feature Type 
Tracking Initlized in 3.66s
The initlized frame ID: 2
Track lost soon after initialisation, reseting...
System Reseting
Reseting Local Mapper... done
Reseting Loop Closing... done
Reseting Database... done
0
New map created with 786 points for 0 Feature Type 
New map created with 252 points for 1 Feature Type 
Tracking Initlized in 4.31s
The initlized frame ID: 2
Track lost soon after initialisation, reseting...
System Reseting
Reseting Local Mapper... done
Reseting Loop Closing... done
Reseting Database... done
0
New map created with 748 points for 0 Feature Type 
New map created with 219 points for 1 Feature Type 
Tracking Initlized in 3.89s
The initlized frame ID: 2
Track lost soon after initialisation, reseting...
System Reseting
Reseting Local Mapper... done
Reseting Loop Closing... done
Reseting Database... done
0
New map created with 792 points for 0 Feature Type 
New map created with 236 points for 1 Feature Type 
Tracking Initlized in 4.01s
The initlized frame ID: 2
Track lost soon after initialisation, reseting...
System Reseting
Reseting Local Mapper... done
Reseting Loop Closing... done
Reseting Database... done
0
New map created with 766 points for 0 Feature Type 
New map created with 205 points for 1 Feature Type 
Tracking Initlized in 3.58s
The initlized frame ID: 2
Track lost soon after initialisation, reseting...
System Reseting
Reseting Local Mapper... done
Reseting Loop Closing... done
Reseting Database... done
0
New map created with 683 points for 0 Feature Type 
New map created with 206 points for 1 Feature Type 
Tracking Initlized in 3.79s
The initlized frame ID: 2
Track lost soon after initialisation, reseting...
System Reseting
Reseting Local Mapper... done
Reseting Loop Closing... done
Reseting Database... done
0
New map created with 730 points for 0 Feature Type 
New map created with 203 points for 1 Feature Type 
Tracking Initlized in 3.50s
The initlized frame ID: 2
Track lost soon after initialisation, reseting...
System Reseting
Reseting Local Mapper... done
Reseting Loop Closing... done
Reseting Database... done
0
New map created with 716 points for 0 Feature Type 
New map created with 194 points for 1 Feature Type 
Tracking Initlized in 3.85s
The initlized frame ID: 2
Track lost soon after initialisation, reseting...
System Reseting
Reseting Local Mapper... done
Reseting Loop Closing... done
Reseting Database... done
0
New map created with 643 points for 0 Feature Type 
New map created with 154 points for 1 Feature Type 
Tracking Initlized in 3.61s
The initlized frame ID: 2
Track lost soon after initialisation, reseting...
System Reseting
Reseting Local Mapper... done
Reseting Loop Closing... done
Reseting Database... done
0
New map created with 580 points for 0 Feature Type 
New map created with 89 points for 1 Feature Type 
Tracking Initlized in 2.48s
The initlized frame ID: 1
Track lost soon after initialisation, reseting...
System Reseting
Reseting Local Mapper... done
Reseting Loop Closing... done
Reseting Database... done
0
New map created with 587 points for 0 Feature Type 
New map created with 84 points for 1 Feature Type 
Tracking Initlized in 1.70s
The initlized frame ID: 1
Track lost soon after initialisation, reseting...
System Reseting
Reseting Local Mapper... done
Reseting Loop Closing... done
Reseting Database... done
0
New map created with 654 points for 0 Feature Type 
New map created with 88 points for 1 Feature Type 
Tracking Initlized in 2.15s
The initlized frame ID: 1
Track lost soon after initialisation, reseting...
System Reseting
Reseting Local Mapper... done
Reseting Loop Closing... done
Reseting Database... done
0
New map created with 525 points for 0 Feature Type 
New map created with 75 points for 1 Feature Type 
Tracking Initlized in 3.37s
The initlized frame ID: 2
Track lost soon after initialisation, reseting...
System Reseting
Reseting Local Mapper... done
Reseting Loop Closing... done
Reseting Database... done
0
New map created with 591 points for 0 Feature Type 
New map created with 71 points for 1 Feature Type 
Tracking Initlized in 2.20s
The initlized frame ID: 1
Track lost soon after initialisation, reseting...
System Reseting
Reseting Local Mapper... done
Reseting Loop Closing... done
Reseting Database... done
0
New map created with 624 points for 0 Feature Type 
New map created with 98 points for 1 Feature Type 
Tracking Initlized in 3.66s
The initlized frame ID: 2
Track lost soon after initialisation, reseting...
System Reseting
Reseting Local Mapper... done
Reseting Loop Closing... done
Reseting Database... done
0
New map created with 563 points for 0 Feature Type 
New map created with 45 points for 1 Feature Type 
Tracking Initlized in 3.47s
The initlized frame ID: 2
Track lost soon after initialisation, reseting...
System Reseting
Reseting Local Mapper... done
Reseting Loop Closing... done
Reseting Database... done
0
New map created with 422 points for 0 Feature Type 
New map created with 56 points for 1 Feature Type 
Tracking Initlized in 5.05s
The initlized frame ID: 3
Track lost soon after initialisation, reseting...
System Reseting
Reseting Local Mapper... done
Reseting Loop Closing... done
Reseting Database... done
0
New map created with 272 points for 0 Feature Type 
New map created with 67 points for 1 Feature Type 
Tracking Initlized in 6.61s
The initlized frame ID: 4
Track lost soon after initialisation, reseting...
System Reseting
Reseting Local Mapper... done
Reseting Loop Closing... done
Reseting Database... done
0
New map created with 1175 points for 0 Feature Type 
New map created with 117 points for 1 Feature Type 
Tracking Initlized in 4.82s
The initlized frame ID: 3
Track lost soon after initialisation, reseting...
System Reseting
Reseting Local Mapper... done
Reseting Loop Closing... done
Reseting Database... done
0
New map created with 1067 points for 0 Feature Type 
New map created with 71 points for 1 Feature Type 
Tracking Initlized in 7.20s
The initlized frame ID: 4
Track lost soon after initialisation, reseting...
System Reseting
Reseting Local Mapper... done
Reseting Loop Closing... done
Reseting Database... done
0
New map created with 1109 points for 0 Feature Type 
New map created with 69 points for 1 Feature Type 
Tracking Initlized in 12.95s
The initlized frame ID: 7
Track lost soon after initialisation, reseting...
System Reseting
Reseting Local Mapper... done
Reseting Loop Closing... done
Reseting Database... done
0
New map created with 845 points for 0 Feature Type 
New map created with 40 points for 1 Feature Type 
Tracking Initlized in 14.36s
The initlized frame ID: 7
Track lost soon after initialisation, reseting...
System Reseting
Reseting Local Mapper... done
Reseting Loop Closing... done
Reseting Database... done
0
New map created with 642 points for 0 Feature Type 
New map created with 47 points for 1 Feature Type 
Tracking Initlized in 10.15s
The initlized frame ID: 5
Track lost soon after initialisation, reseting...
System Reseting
Reseting Local Mapper... done
Reseting Loop Closing... done
Reseting Database... done
0
New map created with 1160 points for 0 Feature Type 
New map created with 44 points for 1 Feature Type 
Tracking Initlized in 3.63s
The initlized frame ID: 2
Track lost soon after initialisation, reseting...
System Reseting
Reseting Local Mapper... done
Reseting Loop Closing... done
Reseting Database... done
0
New map created with 1088 points for 0 Feature Type 
New map created with 43 points for 1 Feature Type 
Tracking Initlized in 3.54s
The initlized frame ID: 2
Track lost soon after initialisation, reseting...
System Reseting
Reseting Local Mapper... done
Reseting Loop Closing... done
Reseting Database... done
0
New map created with 739 points for 0 Feature Type 
New map created with 37 points for 1 Feature Type 
Tracking Initlized in 2.25s
The initlized frame ID: 1
Track lost soon after initialisation, reseting...
System Reseting
Reseting Local Mapper... done
Reseting Loop Closing... done
Reseting Database... done
0
New map created with 608 points for 0 Feature Type 
New map created with 66 points for 1 Feature Type 
Tracking Initlized in 2.08s
The initlized frame ID: 1
Track lost soon after initialisation, reseting...
System Reseting
Reseting Local Mapper... done
Reseting Loop Closing... done
Reseting Database... done
0
New map created with 967 points for 0 Feature Type 
New map created with 254 points for 1 Feature Type 
Tracking Initlized in 3.71s
The initlized frame ID: 2
Track lost soon after initialisation, reseting...
System Reseting
Reseting Local Mapper... done
Reseting Loop Closing... done
Reseting Database... done
0
New map created with 958 points for 0 Feature Type 
New map created with 156 points for 1 Feature Type 
Tracking Initlized in 2.24s
The initlized frame ID: 1
The lost frame ID: 8
The lost frame ID: 9
The lost frame ID: 10
The lost frame ID: 11
The lost frame ID: 12
The lost frame ID: 13
The lost frame ID: 14
The lost frame ID: 15
The lost frame ID: 16

Saving camera trajectory to TrajectoryBeforeReset_oxf_sft_spp_r01_seg04_pid2017535_1757523697808.txt ...

trajectory saved!
[Tracking] wrote pre-reset trajectory to TrajectoryBeforeReset_oxf_sft_spp_r01_seg04_pid2017535_1757523697808.txt
[Tracking] LOST for 10 consecutive frames -> reset
System Reseting
Reseting Local Mapper... done
Reseting Loop Closing... done
Reseting Database... done
1
New map created with 337 points for 0 Feature Type 
New map created with 195 points for 1 Feature Type 
Tracking Initlized in 3.42s
The initlized frame ID: 2
Track lost soon after initialisation, reseting...
System Reseting
Reseting Local Mapper... done
Reseting Loop Closing... done
Reseting Database... done
1
New map created with 336 points for 0 Feature Type 
New map created with 210 points for 1 Feature Type 
Tracking Initlized in 4.35s
The initlized frame ID: 2
Track lost soon after initialisation, reseting...
System Reseting
Reseting Local Mapper... done
Reseting Loop Closing... done
Reseting Database... done
0
New map created with 1173 points for 0 Feature Type 
New map created with 253 points for 1 Feature Type 
Tracking Initlized in 7.37s
The initlized frame ID: 4
Track lost soon after initialisation, reseting...
System Reseting
Reseting Local Mapper... done
Reseting Loop Closing... done
Reseting Database... done
1
New map created with 994 points for 0 Feature Type 
New map created with 339 points for 1 Feature Type 
Tracking Initlized in 4.20s
The initlized frame ID: 2
Track lost soon after initialisation, reseting...
System Reseting
Reseting Local Mapper... done
Reseting Loop Closing... done
Reseting Database... done
1
New map created with 1087 points for 0 Feature Type 
New map created with 341 points for 1 Feature Type 
Tracking Initlized in 3.74s
The initlized frame ID: 2
Track lost soon after initialisation, reseting...
System Reseting
Reseting Local Mapper... done
Reseting Loop Closing... done
Reseting Database... done
1
New map created with 414 points for 0 Feature Type 
New map created with 229 points for 1 Feature Type 
Tracking Initlized in 2.18s
The initlized frame ID: 1
Track lost soon after initialisation, reseting...
System Reseting
Reseting Local Mapper... done
Reseting Loop Closing... done
Reseting Database... done
1
New map created with 474 points for 0 Feature Type 
New map created with 292 points for 1 Feature Type 
Tracking Initlized in 2.37s
The initlized frame ID: 1
Track lost soon after initialisation, reseting...
System Reseting
Reseting Local Mapper... done
Reseting Loop Closing... done
Reseting Database... done
1
New map created with 636 points for 0 Feature Type 
New map created with 295 points for 1 Feature Type 
Tracking Initlized in 2.27s
The initlized frame ID: 1
Track lost soon after initialisation, reseting...
System Reseting
Reseting Local Mapper... done
Reseting Loop Closing... done
Reseting Database... done
1
New map created with 645 points for 0 Feature Type 
New map created with 276 points for 1 Feature Type 
Tracking Initlized in 2.87s
The initlized frame ID: 1
Track lost soon after initialisation, reseting...
System Reseting
Reseting Local Mapper... done
Reseting Loop Closing... done
Reseting Database... done
1
New map created with 830 points for 0 Feature Type 
New map created with 269 points for 1 Feature Type 
Tracking Initlized in 2.06s
The initlized frame ID: 1
Track lost soon after initialisation, reseting...
System Reseting
Reseting Local Mapper... done
Reseting Loop Closing... done
Reseting Database... done
1
New map created with 913 points for 0 Feature Type 
New map created with 251 points for 1 Feature Type 
Tracking Initlized in 2.20s
The initlized frame ID: 1
Track lost soon after initialisation, reseting...
System Reseting
Reseting Local Mapper... done
Reseting Loop Closing... done
Reseting Database... done
0
New map created with 877 points for 0 Feature Type 
New map created with 233 points for 1 Feature Type 
Tracking Initlized in 2.18s
The initlized frame ID: 1
Track lost soon after initialisation, reseting...
System Reseting
Reseting Local Mapper... done
Reseting Loop Closing... done
Reseting Database... done
0
New map created with 1129 points for 0 Feature Type 
New map created with 273 points for 1 Feature Type 
Tracking Initlized in 2.48s
The initlized frame ID: 1
Track lost soon after initialisation, reseting...
System Reseting
Reseting Local Mapper... done
Reseting Loop Closing... done
Reseting Database... done
1
New map created with 808 points for 0 Feature Type 
New map created with 205 points for 1 Feature Type 
Tracking Initlized in 2.20s
The initlized frame ID: 1
Track lost soon after initialisation, reseting...
System Reseting
Reseting Local Mapper... done
Reseting Loop Closing... done
Reseting Database... done
0
New map created with 1317 points for 0 Feature Type 
New map created with 329 points for 1 Feature Type 
Tracking Initlized in 2.19s
The initlized frame ID: 1
Track lost soon after initialisation, reseting...
System Reseting
Reseting Local Mapper... done
Reseting Loop Closing... done
Reseting Database... done
0
New map created with 1298 points for 0 Feature Type 
New map created with 364 points for 1 Feature Type 
Tracking Initlized in 2.07s
The initlized frame ID: 1
Track lost soon after initialisation, reseting...
System Reseting
Reseting Local Mapper... done
Reseting Loop Closing... done
Reseting Database... done
0
New map created with 1417 points for 0 Feature Type 
New map created with 386 points for 1 Feature Type 
Tracking Initlized in 2.14s
The initlized frame ID: 1
Track lost soon after initialisation, reseting...
System Reseting
Reseting Local Mapper... done
Reseting Loop Closing... done
Reseting Database... done
0
New map created with 1163 points for 0 Feature Type 
New map created with 352 points for 1 Feature Type 
Tracking Initlized in 2.33s
The initlized frame ID: 1
Track lost soon after initialisation, reseting...
System Reseting
Reseting Local Mapper... done
Reseting Loop Closing... done
Reseting Database... done
0
New map created with 1081 points for 0 Feature Type 
New map created with 336 points for 1 Feature Type 
Tracking Initlized in 2.07s
The initlized frame ID: 1
Track lost soon after initialisation, reseting...
System Reseting
Reseting Local Mapper... done
Reseting Loop Closing... done
Reseting Database... done
0
New map created with 945 points for 0 Feature Type 
New map created with 315 points for 1 Feature Type 
Tracking Initlized in 2.40s
The initlized frame ID: 1
Track lost soon after initialisation, reseting...
System Reseting
Reseting Local Mapper... done
Reseting Loop Closing... done
Reseting Database... done
0
New map created with 891 points for 0 Feature Type 
New map created with 274 points for 1 Feature Type 
Tracking Initlized in 1.85s
The initlized frame ID: 1
Track lost soon after initialisation, reseting...
System Reseting
Reseting Local Mapper... done
Reseting Loop Closing... done
Reseting Database... done
0
New map created with 796 points for 0 Feature Type 
New map created with 257 points for 1 Feature Type 
Tracking Initlized in 2.52s
The initlized frame ID: 1
Track lost soon after initialisation, reseting...
System Reseting
Reseting Local Mapper... done
Reseting Loop Closing... done
Reseting Database... done
0
New map created with 668 points for 0 Feature Type 
New map created with 255 points for 1 Feature Type 
Tracking Initlized in 1.73s
The initlized frame ID: 1
Track lost soon after initialisation, reseting...
System Reseting
Reseting Local Mapper... done
Reseting Loop Closing... done
Reseting Database... done
0
New map created with 713 points for 0 Feature Type 
New map created with 306 points for 1 Feature Type 
Tracking Initlized in 1.85s
The initlized frame ID: 1
Track lost soon after initialisation, reseting...
System Reseting
Reseting Local Mapper... done
Reseting Loop Closing... done
Reseting Database... done
0
New map created with 656 points for 0 Feature Type 
New map created with 289 points for 1 Feature Type 
Tracking Initlized in 1.92s
The initlized frame ID: 1
Track lost soon after initialisation, reseting...
System Reseting
Reseting Local Mapper... done
Reseting Loop Closing... done
Reseting Database... done
0
New map created with 617 points for 0 Feature Type 
New map created with 297 points for 1 Feature Type 
Tracking Initlized in 2.03s
The initlized frame ID: 1
Track lost soon after initialisation, reseting...
System Reseting
Reseting Local Mapper... done
Reseting Loop Closing... done
Reseting Database... done
1
New map created with 636 points for 0 Feature Type 
New map created with 274 points for 1 Feature Type 
Tracking Initlized in 2.51s
The initlized frame ID: 1
Track lost soon after initialisation, reseting...
System Reseting
Reseting Local Mapper... done
Reseting Loop Closing... done
Reseting Database... done
0
New map created with 727 points for 0 Feature Type 
New map created with 337 points for 1 Feature Type 
Tracking Initlized in 2.12s
The initlized frame ID: 1
The lost frame ID: 762
The lost frame ID: 763
The lost frame ID: 764
The lost frame ID: 765
The lost frame ID: 766
The lost frame ID: 767
The lost frame ID: 768
The lost frame ID: 769
The lost frame ID: 770

Saving camera trajectory to TrajectoryBeforeReset_oxf_sft_spp_r01_seg05_pid2017535_1757524025625.txt ...

trajectory saved!
[Tracking] wrote pre-reset trajectory to TrajectoryBeforeReset_oxf_sft_spp_r01_seg05_pid2017535_1757524025625.txt
[Tracking] LOST for 10 consecutive frames -> reset
System Reseting
Reseting Local Mapper... done
Reseting Loop Closing... done
Reseting Database... done
0
New map created with 940 points for 0 Feature Type 
New map created with 305 points for 1 Feature Type 
Tracking Initlized in 3.98s
The initlized frame ID: 2
Track lost soon after initialisation, reseting...
System Reseting
Reseting Local Mapper... done
Reseting Loop Closing... done
Reseting Database... done
0
New map created with 930 points for 0 Feature Type 
New map created with 299 points for 1 Feature Type 
Tracking Initlized in 3.99s
The initlized frame ID: 2
Track lost soon after initialisation, reseting...
System Reseting
Reseting Local Mapper... done
Reseting Loop Closing... done
Reseting Database... done
0
New map created with 796 points for 0 Feature Type 
New map created with 289 points for 1 Feature Type 
Tracking Initlized in 3.81s
The initlized frame ID: 2
Track lost soon after initialisation, reseting...
System Reseting
Reseting Local Mapper... done
Reseting Loop Closing... done
Reseting Database... done
0
New map created with 739 points for 0 Feature Type 
New map created with 292 points for 1 Feature Type 
Tracking Initlized in 2.12s
The initlized frame ID: 1
Track lost soon after initialisation, reseting...
System Reseting
Reseting Local Mapper... done
Reseting Loop Closing... done
Reseting Database... done
0
New map created with 676 points for 0 Feature Type 
New map created with 259 points for 1 Feature Type 
Tracking Initlized in 1.80s
The initlized frame ID: 1
Track lost soon after initialisation, reseting...
System Reseting
Reseting Local Mapper... done
Reseting Loop Closing... done
Reseting Database... done
1
New map created with 537 points for 0 Feature Type 
New map created with 199 points for 1 Feature Type 
Tracking Initlized in 2.45s
The initlized frame ID: 1
Track lost soon after initialisation, reseting...
System Reseting
Reseting Local Mapper... done
Reseting Loop Closing... done
Reseting Database... done
0
New map created with 503 points for 0 Feature Type 
New map created with 171 points for 1 Feature Type 
Tracking Initlized in 9.92s
The initlized frame ID: 5
Track lost soon after initialisation, reseting...
System Reseting
Reseting Local Mapper... done
Reseting Loop Closing... done
Reseting Database... done
0
New map created with 840 points for 0 Feature Type 
New map created with 284 points for 1 Feature Type 
Tracking Initlized in 6.58s
The initlized frame ID: 3
Track lost soon after initialisation, reseting...
System Reseting
Reseting Local Mapper... done
Reseting Loop Closing... done
Reseting Database... done
0
New map created with 723 points for 0 Feature Type 
New map created with 276 points for 1 Feature Type 
Tracking Initlized in 6.27s
The initlized frame ID: 3
Track lost soon after initialisation, reseting...
System Reseting
Reseting Local Mapper... done
Reseting Loop Closing... done
Reseting Database... done
0
New map created with 672 points for 0 Feature Type 
New map created with 260 points for 1 Feature Type 
Tracking Initlized in 4.11s
The initlized frame ID: 2
Track lost soon after initialisation, reseting...
System Reseting
Reseting Local Mapper... done
Reseting Loop Closing... done
Reseting Database... done
0
New map created with 626 points for 0 Feature Type 
New map created with 279 points for 1 Feature Type 
Tracking Initlized in 4.07s
The initlized frame ID: 2
Track lost soon after initialisation, reseting...
System Reseting
Reseting Local Mapper... done
Reseting Loop Closing... done
Reseting Database... done
0
New map created with 517 points for 0 Feature Type 
New map created with 179 points for 1 Feature Type 
Tracking Initlized in 3.72s
The initlized frame ID: 2
Track lost soon after initialisation, reseting...
System Reseting
Reseting Local Mapper... done
Reseting Loop Closing... done
Reseting Database... done
0
New map created with 603 points for 0 Feature Type 
New map created with 253 points for 1 Feature Type 
Tracking Initlized in 3.40s
The initlized frame ID: 2
Track lost soon after initialisation, reseting...
System Reseting
Reseting Local Mapper... done
Reseting Loop Closing... done
Reseting Database... done
0
New map created with 780 points for 0 Feature Type 
New map created with 289 points for 1 Feature Type 
Tracking Initlized in 4.22s
The initlized frame ID: 2
Track lost soon after initialisation, reseting...
System Reseting
Reseting Local Mapper... done
Reseting Loop Closing... done
Reseting Database... done
0
New map created with 745 points for 0 Feature Type 
New map created with 291 points for 1 Feature Type 
Tracking Initlized in 3.47s
The initlized frame ID: 2
Track lost soon after initialisation, reseting...
System Reseting
Reseting Local Mapper... done
Reseting Loop Closing... done
Reseting Database... done
0
New map created with 626 points for 0 Feature Type 
New map created with 197 points for 1 Feature Type 
Tracking Initlized in 2.20s
The initlized frame ID: 1
Track lost soon after initialisation, reseting...
System Reseting
Reseting Local Mapper... done
Reseting Loop Closing... done
Reseting Database... done
0
New map created with 686 points for 0 Feature Type 
New map created with 184 points for 1 Feature Type 
Tracking Initlized in 2.15s
The initlized frame ID: 1
Track lost soon after initialisation, reseting...
System Reseting
Reseting Local Mapper... done
Reseting Loop Closing... done
Reseting Database... done
0
New map created with 650 points for 0 Feature Type 
New map created with 176 points for 1 Feature Type 
Tracking Initlized in 1.81s
The initlized frame ID: 1
Track lost soon after initialisation, reseting...
System Reseting
Reseting Local Mapper... done
Reseting Loop Closing... done
Reseting Database... done
0
New map created with 685 points for 0 Feature Type 
New map created with 187 points for 1 Feature Type 
Tracking Initlized in 1.89s
The initlized frame ID: 1
Track lost soon after initialisation, reseting...
System Reseting
Reseting Local Mapper... done
Reseting Loop Closing... done
Reseting Database... done
0
New map created with 781 points for 0 Feature Type 
New map created with 198 points for 1 Feature Type 
Tracking Initlized in 1.64s
The initlized frame ID: 1
Track lost soon after initialisation, reseting...
System Reseting
Reseting Local Mapper... done
Reseting Loop Closing... done
Reseting Database... done
0
New map created with 806 points for 0 Feature Type 
New map created with 171 points for 1 Feature Type 
Tracking Initlized in 2.24s
The initlized frame ID: 1
Track lost soon after initialisation, reseting...
System Reseting
Reseting Local Mapper... done
Reseting Loop Closing... done
Reseting Database... done
0
New map created with 888 points for 0 Feature Type 
New map created with 151 points for 1 Feature Type 
Tracking Initlized in 2.15s
The initlized frame ID: 1
Track lost soon after initialisation, reseting...
System Reseting
Reseting Local Mapper... done
Reseting Loop Closing... done
Reseting Database... done
0
New map created with 787 points for 0 Feature Type 
New map created with 171 points for 1 Feature Type 
Tracking Initlized in 2.14s
The initlized frame ID: 1
Track lost soon after initialisation, reseting...
System Reseting
Reseting Local Mapper... done
Reseting Loop Closing... done
Reseting Database... done
0
New map created with 761 points for 0 Feature Type 
New map created with 178 points for 1 Feature Type 
Tracking Initlized in 2.09s
The initlized frame ID: 1
Track lost soon after initialisation, reseting...
System Reseting
Reseting Local Mapper... done
Reseting Loop Closing... done
Reseting Database... done
0
New map created with 703 points for 0 Feature Type 
New map created with 197 points for 1 Feature Type 
Tracking Initlized in 2.19s
The initlized frame ID: 1
Track lost soon after initialisation, reseting...
System Reseting
Reseting Local Mapper... done
Reseting Loop Closing... done
Reseting Database... done
0
New map created with 671 points for 0 Feature Type 
New map created with 191 points for 1 Feature Type 
Tracking Initlized in 2.18s
The initlized frame ID: 1
Track lost soon after initialisation, reseting...
System Reseting
Reseting Local Mapper... done
Reseting Loop Closing... done
Reseting Database... done
0
New map created with 717 points for 0 Feature Type 
New map created with 213 points for 1 Feature Type 
Tracking Initlized in 1.75s
The initlized frame ID: 1
Track lost soon after initialisation, reseting...
System Reseting
Reseting Local Mapper... done
Reseting Loop Closing... done
Reseting Database... done
0
New map created with 769 points for 0 Feature Type 
New map created with 237 points for 1 Feature Type 
Tracking Initlized in 1.89s
The initlized frame ID: 1
Track lost soon after initialisation, reseting...
System Reseting
Reseting Local Mapper... done
Reseting Loop Closing... done
Reseting Database... done
0
New map created with 786 points for 0 Feature Type 
New map created with 250 points for 1 Feature Type 
Tracking Initlized in 2.12s
The initlized frame ID: 1
Track lost soon after initialisation, reseting...
System Reseting
Reseting Local Mapper... done
Reseting Loop Closing... done
Reseting Database... done
0
New map created with 849 points for 0 Feature Type 
New map created with 248 points for 1 Feature Type 
Tracking Initlized in 2.06s
The initlized frame ID: 1
Track lost soon after initialisation, reseting...
System Reseting
Reseting Local Mapper... done
Reseting Loop Closing... done
Reseting Database... done
0
New map created with 842 points for 0 Feature Type 
New map created with 271 points for 1 Feature Type 
Tracking Initlized in 2.02s
The initlized frame ID: 1
Track lost soon after initialisation, reseting...
System Reseting
Reseting Local Mapper... done
Reseting Loop Closing... done
Reseting Database... done
0
New map created with 843 points for 0 Feature Type 
New map created with 255 points for 1 Feature Type 
Tracking Initlized in 1.98s
The initlized frame ID: 1
Track lost soon after initialisation, reseting...
System Reseting
Reseting Local Mapper... done
Reseting Loop Closing... done
Reseting Database... done
0
New map created with 816 points for 0 Feature Type 
New map created with 295 points for 1 Feature Type 
Tracking Initlized in 2.28s
The initlized frame ID: 1
Track lost soon after initialisation, reseting...
System Reseting
Reseting Local Mapper... done
Reseting Loop Closing... done
Reseting Database... done
0
New map created with 981 points for 0 Feature Type 
New map created with 296 points for 1 Feature Type 
Tracking Initlized in 1.88s
The initlized frame ID: 1
Track lost soon after initialisation, reseting...
System Reseting
Reseting Local Mapper... done
Reseting Loop Closing... done
Reseting Database... done
0
New map created with 931 points for 0 Feature Type 
New map created with 292 points for 1 Feature Type 
Tracking Initlized in 2.48s
The initlized frame ID: 1
Track lost soon after initialisation, reseting...
System Reseting
Reseting Local Mapper... done
Reseting Loop Closing... done
Reseting Database... done
0
New map created with 926 points for 0 Feature Type 
New map created with 300 points for 1 Feature Type 
Tracking Initlized in 1.90s
The initlized frame ID: 1
Track lost soon after initialisation, reseting...
System Reseting
Reseting Local Mapper... done
Reseting Loop Closing... done
Reseting Database... done
0
New map created with 1029 points for 0 Feature Type 
New map created with 313 points for 1 Feature Type 
Tracking Initlized in 1.90s
The initlized frame ID: 1
Track lost soon after initialisation, reseting...
System Reseting
Reseting Local Mapper... done
Reseting Loop Closing... done
Reseting Database... done
0
New map created with 1040 points for 0 Feature Type 
New map created with 364 points for 1 Feature Type 
Tracking Initlized in 2.33s
The initlized frame ID: 1
Track lost soon after initialisation, reseting...
System Reseting
Reseting Local Mapper... done
Reseting Loop Closing... done
Reseting Database... done
0
New map created with 971 points for 0 Feature Type 
New map created with 354 points for 1 Feature Type 
Tracking Initlized in 2.25s
The initlized frame ID: 1
Track lost soon after initialisation, reseting...
System Reseting
Reseting Local Mapper... done
Reseting Loop Closing... done
Reseting Database... done
0
New map created with 1009 points for 0 Feature Type 
New map created with 365 points for 1 Feature Type 
Tracking Initlized in 2.24s
The initlized frame ID: 1
Track lost soon after initialisation, reseting...
System Reseting
Reseting Local Mapper... done
Reseting Loop Closing... done
Reseting Database... done
0
New map created with 739 points for 0 Feature Type 
New map created with 334 points for 1 Feature Type 
Tracking Initlized in 1.90s
The initlized frame ID: 1
Track lost soon after initialisation, reseting...
System Reseting
Reseting Local Mapper... done
Reseting Loop Closing... done
Reseting Database... done
0
New map created with 842 points for 0 Feature Type 
New map created with 333 points for 1 Feature Type 
Tracking Initlized in 2.28s
The initlized frame ID: 1
Track lost soon after initialisation, reseting...
System Reseting
Reseting Local Mapper... done
Reseting Loop Closing... done
Reseting Database... done
0
New map created with 864 points for 0 Feature Type 
New map created with 336 points for 1 Feature Type 
Tracking Initlized in 2.16s
The initlized frame ID: 1
Track lost soon after initialisation, reseting...
System Reseting
Reseting Local Mapper... done
Reseting Loop Closing... done
Reseting Database... done
0
New map created with 1096 points for 0 Feature Type 
New map created with 321 points for 1 Feature Type 
Tracking Initlized in 1.99s
The initlized frame ID: 1
Track lost soon after initialisation, reseting...
System Reseting
Reseting Local Mapper... done
Reseting Loop Closing... done
Reseting Database... done
0
New map created with 996 points for 0 Feature Type 
New map created with 267 points for 1 Feature Type 
Tracking Initlized in 2.30s
The initlized frame ID: 1
Track lost soon after initialisation, reseting...
System Reseting
Reseting Local Mapper... done
Reseting Loop Closing... done
Reseting Database... done
0
New map created with 1010 points for 0 Feature Type 
New map created with 279 points for 1 Feature Type 
Tracking Initlized in 2.13s
The initlized frame ID: 1
Track lost soon after initialisation, reseting...
System Reseting
Reseting Local Mapper... done
Reseting Loop Closing... done
Reseting Database... done
0
New map created with 942 points for 0 Feature Type 
New map created with 257 points for 1 Feature Type 
Tracking Initlized in 1.94s
The initlized frame ID: 1
Track lost soon after initialisation, reseting...
System Reseting
Reseting Local Mapper... done
Reseting Loop Closing... done
Reseting Database... done
0
New map created with 930 points for 0 Feature Type 
New map created with 386 points for 1 Feature Type 
Tracking Initlized in 2.21s
The initlized frame ID: 1
Track lost soon after initialisation, reseting...
System Reseting
Reseting Local Mapper... done
Reseting Loop Closing... done
Reseting Database... done
0
New map created with 915 points for 0 Feature Type 
New map created with 284 points for 1 Feature Type 
Tracking Initlized in 2.28s
The initlized frame ID: 1
Track lost soon after initialisation, reseting...
System Reseting
Reseting Local Mapper... done
Reseting Loop Closing... done
Reseting Database... done
0
New map created with 471 points for 0 Feature Type 
New map created with 233 points for 1 Feature Type 
Tracking Initlized in 3.53s
The initlized frame ID: 2
Track lost soon after initialisation, reseting...
System Reseting
Reseting Local Mapper... done
Reseting Loop Closing... done
Reseting Database... done
0
New map created with 643 points for 0 Feature Type 
New map created with 337 points for 1 Feature Type 
Tracking Initlized in 3.69s
The initlized frame ID: 2
Track lost soon after initialisation, reseting...
System Reseting
Reseting Local Mapper... done
Reseting Loop Closing... done
Reseting Database... done
0
New map created with 386 points for 0 Feature Type 
New map created with 182 points for 1 Feature Type 
Tracking Initlized in 3.76s
The initlized frame ID: 2
Track lost soon after initialisation, reseting...
System Reseting
Reseting Local Mapper... done
Reseting Loop Closing... done
Reseting Database... done
0
New map created with 739 points for 0 Feature Type 
New map created with 377 points for 1 Feature Type 
Tracking Initlized in 1.83s
The initlized frame ID: 1
Track lost soon after initialisation, reseting...
System Reseting
Reseting Local Mapper... done
Reseting Loop Closing... done
Reseting Database... done
0
New map created with 682 points for 0 Feature Type 
New map created with 341 points for 1 Feature Type 
Tracking Initlized in 2.08s
The initlized frame ID: 1
Track lost soon after initialisation, reseting...
System Reseting
Reseting Local Mapper... done
Reseting Loop Closing... done
Reseting Database... done
0
New map created with 739 points for 0 Feature Type 
New map created with 324 points for 1 Feature Type 
Tracking Initlized in 2.25s
The initlized frame ID: 1
Track lost soon after initialisation, reseting...
System Reseting
Reseting Local Mapper... done
Reseting Loop Closing... done
Reseting Database... done
0
New map created with 860 points for 0 Feature Type 
New map created with 373 points for 1 Feature Type 
Tracking Initlized in 1.99s
The initlized frame ID: 1
Track lost soon after initialisation, reseting...
System Reseting
Reseting Local Mapper... done
Reseting Loop Closing... done
Reseting Database... done
0
New map created with 956 points for 0 Feature Type 
New map created with 355 points for 1 Feature Type 
Tracking Initlized in 1.93s
The initlized frame ID: 1
Track lost soon after initialisation, reseting...
System Reseting
Reseting Local Mapper... done
Reseting Loop Closing... done
Reseting Database... done
0
New map created with 870 points for 0 Feature Type 
New map created with 337 points for 1 Feature Type 
Tracking Initlized in 1.82s
The initlized frame ID: 1
Track lost soon after initialisation, reseting...
System Reseting
Reseting Local Mapper... done
Reseting Loop Closing... done
Reseting Database... done
0
New map created with 746 points for 0 Feature Type 
New map created with 316 points for 1 Feature Type 
Tracking Initlized in 2.15s
The initlized frame ID: 1
Track lost soon after initialisation, reseting...
System Reseting
Reseting Local Mapper... done
Reseting Loop Closing... done
Reseting Database... done
0
New map created with 652 points for 0 Feature Type 
New map created with 321 points for 1 Feature Type 
Tracking Initlized in 2.17s
The initlized frame ID: 1
Track lost soon after initialisation, reseting...
System Reseting
Reseting Local Mapper... done
Reseting Loop Closing... done
Reseting Database... done
0
New map created with 651 points for 0 Feature Type 
New map created with 306 points for 1 Feature Type 
Tracking Initlized in 1.93s
The initlized frame ID: 1
Track lost soon after initialisation, reseting...
System Reseting
Reseting Local Mapper... done
Reseting Loop Closing... done
Reseting Database... done
0
New map created with 682 points for 0 Feature Type 
New map created with 279 points for 1 Feature Type 
Tracking Initlized in 2.15s
The initlized frame ID: 1
Track lost soon after initialisation, reseting...
System Reseting
Reseting Local Mapper... done
Reseting Loop Closing... done
Reseting Database... done
0
New map created with 783 points for 0 Feature Type 
New map created with 290 points for 1 Feature Type 
Tracking Initlized in 2.37s
The initlized frame ID: 1
Track lost soon after initialisation, reseting...
System Reseting
Reseting Local Mapper... done
Reseting Loop Closing... done
Reseting Database... done
0
New map created with 896 points for 0 Feature Type 
New map created with 323 points for 1 Feature Type 
Tracking Initlized in 2.23s
The initlized frame ID: 1
Track lost soon after initialisation, reseting...
System Reseting
Reseting Local Mapper... done
Reseting Loop Closing... done
Reseting Database... done
0
New map created with 835 points for 0 Feature Type 
New map created with 319 points for 1 Feature Type 
Tracking Initlized in 2.02s
The initlized frame ID: 1
Track lost soon after initialisation, reseting...
System Reseting
Reseting Local Mapper... done
Reseting Loop Closing... done
Reseting Database... done
0
New map created with 726 points for 0 Feature Type 
New map created with 297 points for 1 Feature Type 
Tracking Initlized in 2.17s
The initlized frame ID: 1
Track lost soon after initialisation, reseting...
System Reseting
Reseting Local Mapper... done
Reseting Loop Closing... done
Reseting Database... done
0
New map created with 670 points for 0 Feature Type 
New map created with 313 points for 1 Feature Type 
Tracking Initlized in 2.12s
The initlized frame ID: 1
Track lost soon after initialisation, reseting...
System Reseting
Reseting Local Mapper... done
Reseting Loop Closing... done
Reseting Database... done
0
New map created with 624 points for 0 Feature Type 
New map created with 273 points for 1 Feature Type 
Tracking Initlized in 2.45s
The initlized frame ID: 1
Track lost soon after initialisation, reseting...
System Reseting
Reseting Local Mapper... done
Reseting Loop Closing... done
Reseting Database... done
0
New map created with 891 points for 0 Feature Type 
New map created with 282 points for 1 Feature Type 
Tracking Initlized in 1.97s
The initlized frame ID: 1
Track lost soon after initialisation, reseting...
System Reseting
Reseting Local Mapper... done
Reseting Loop Closing... done
Reseting Database... done
0
New map created with 898 points for 0 Feature Type 
New map created with 291 points for 1 Feature Type 
Tracking Initlized in 1.68s
The initlized frame ID: 1
Track lost soon after initialisation, reseting...
System Reseting
Reseting Local Mapper... done
Reseting Loop Closing... done
Reseting Database... done
0
New map created with 713 points for 0 Feature Type 
New map created with 296 points for 1 Feature Type 
Tracking Initlized in 2.14s
The initlized frame ID: 1
Track lost soon after initialisation, reseting...
System Reseting
Reseting Local Mapper... done
Reseting Loop Closing... done
Reseting Database... done
0
New map created with 846 points for 0 Feature Type 
New map created with 327 points for 1 Feature Type 
Tracking Initlized in 1.84s
The initlized frame ID: 1
Track lost soon after initialisation, reseting...
System Reseting
Reseting Local Mapper... done
Reseting Loop Closing... done
Reseting Database... done
0
New map created with 932 points for 0 Feature Type 
New map created with 326 points for 1 Feature Type 
Tracking Initlized in 1.69s
The initlized frame ID: 1
Track lost soon after initialisation, reseting...
System Reseting
Reseting Local Mapper... done
Reseting Loop Closing... done
Reseting Database... done
0
New map created with 962 points for 0 Feature Type 
New map created with 340 points for 1 Feature Type 
Tracking Initlized in 2.02s
The initlized frame ID: 1
Track lost soon after initialisation, reseting...
System Reseting
Reseting Local Mapper... done
Reseting Loop Closing... done
Reseting Database... done
0
New map created with 1009 points for 0 Feature Type 
New map created with 340 points for 1 Feature Type 
Tracking Initlized in 1.72s
The initlized frame ID: 1
Track lost soon after initialisation, reseting...
System Reseting
Reseting Local Mapper... done
Reseting Loop Closing... done
Reseting Database... done
0
New map created with 838 points for 0 Feature Type 
New map created with 362 points for 1 Feature Type 
Tracking Initlized in 1.98s
The initlized frame ID: 1
Track lost soon after initialisation, reseting...
System Reseting
Reseting Local Mapper... done
Reseting Loop Closing... done
Reseting Database... done
0
New map created with 652 points for 0 Feature Type 
New map created with 311 points for 1 Feature Type 
Tracking Initlized in 2.37s
The initlized frame ID: 1
Track lost soon after initialisation, reseting...
System Reseting
Reseting Local Mapper... done
Reseting Loop Closing... done
Reseting Database... done
0
New map created with 558 points for 0 Feature Type 
New map created with 212 points for 1 Feature Type 
Tracking Initlized in 1.73s
The initlized frame ID: 1
Track lost soon after initialisation, reseting...
System Reseting
Reseting Local Mapper... done
Reseting Loop Closing... done
Reseting Database... done
0
New map created with 450 points for 0 Feature Type 
New map created with 209 points for 1 Feature Type 
Tracking Initlized in 2.04s
The initlized frame ID: 1
Track lost soon after initialisation, reseting...
System Reseting
Reseting Local Mapper... done
Reseting Loop Closing... done
Reseting Database... done
0
New map created with 764 points for 0 Feature Type 
New map created with 275 points for 1 Feature Type 
Tracking Initlized in 1.80s
The initlized frame ID: 1
Track lost soon after initialisation, reseting...
System Reseting
Reseting Local Mapper... done
Reseting Loop Closing... done
Reseting Database... done
0
New map created with 961 points for 0 Feature Type 
New map created with 280 points for 1 Feature Type 
Tracking Initlized in 2.24s
The initlized frame ID: 1
Track lost soon after initialisation, reseting...
System Reseting
Reseting Local Mapper... done
Reseting Loop Closing... done
Reseting Database... done
0
New map created with 787 points for 0 Feature Type 
New map created with 285 points for 1 Feature Type 
Tracking Initlized in 1.85s
The initlized frame ID: 1
Track lost soon after initialisation, reseting...
System Reseting
Reseting Local Mapper... done
Reseting Loop Closing... done
Reseting Database... done
0
New map created with 637 points for 0 Feature Type 
New map created with 265 points for 1 Feature Type 
Tracking Initlized in 2.23s
The initlized frame ID: 1
Track lost soon after initialisation, reseting...
System Reseting
Reseting Local Mapper... done
Reseting Loop Closing... done
Reseting Database... done
0
New map created with 598 points for 0 Feature Type 
New map created with 231 points for 1 Feature Type 
Tracking Initlized in 2.00s
The initlized frame ID: 1
Track lost soon after initialisation, reseting...
System Reseting
Reseting Local Mapper... done
Reseting Loop Closing... done
Reseting Database... done
0
New map created with 734 points for 0 Feature Type 
New map created with 256 points for 1 Feature Type 
Tracking Initlized in 2.35s
The initlized frame ID: 1
Track lost soon after initialisation, reseting...
System Reseting
Reseting Local Mapper... done
Reseting Loop Closing... done
Reseting Database... done
0
New map created with 860 points for 0 Feature Type 
New map created with 298 points for 1 Feature Type 
Tracking Initlized in 2.02s
The initlized frame ID: 1
Track lost soon after initialisation, reseting...
System Reseting
Reseting Local Mapper... done
Reseting Loop Closing... done
Reseting Database... done
0
New map created with 801 points for 0 Feature Type 
New map created with 254 points for 1 Feature Type 
Tracking Initlized in 2.17s
The initlized frame ID: 1
Track lost soon after initialisation, reseting...
System Reseting
Reseting Local Mapper... done
Reseting Loop Closing... done
Reseting Database... done
0
New map created with 789 points for 0 Feature Type 
New map created with 251 points for 1 Feature Type 
Tracking Initlized in 1.76s
The initlized frame ID: 1
Track lost soon after initialisation, reseting...
System Reseting
Reseting Local Mapper... done
Reseting Loop Closing... done
Reseting Database... done
0
New map created with 800 points for 0 Feature Type 
New map created with 288 points for 1 Feature Type 
Tracking Initlized in 2.26s
The initlized frame ID: 1
Track lost soon after initialisation, reseting...
System Reseting
Reseting Local Mapper... done
Reseting Loop Closing... done
Reseting Database... done
0
New map created with 821 points for 0 Feature Type 
New map created with 280 points for 1 Feature Type 
Tracking Initlized in 2.13s
The initlized frame ID: 1
Track lost soon after initialisation, reseting...
System Reseting
Reseting Local Mapper... done
Reseting Loop Closing... done
Reseting Database... done
0
New map created with 754 points for 0 Feature Type 
New map created with 237 points for 1 Feature Type 
Tracking Initlized in 1.89s
The initlized frame ID: 1
Track lost soon after initialisation, reseting...
System Reseting
Reseting Local Mapper... done
Reseting Loop Closing... done
Reseting Database... done
0
New map created with 808 points for 0 Feature Type 
New map created with 248 points for 1 Feature Type 
Tracking Initlized in 2.18s
The initlized frame ID: 1
Track lost soon after initialisation, reseting...
System Reseting
Reseting Local Mapper... done
Reseting Loop Closing... done
Reseting Database... done
0
New map created with 827 points for 0 Feature Type 
New map created with 264 points for 1 Feature Type 
Tracking Initlized in 2.03s
The initlized frame ID: 1
Track lost soon after initialisation, reseting...
System Reseting
Reseting Local Mapper... done
Reseting Loop Closing... done
Reseting Database... done
0
New map created with 914 points for 0 Feature Type 
New map created with 277 points for 1 Feature Type 
Tracking Initlized in 2.47s
The initlized frame ID: 1
Track lost soon after initialisation, reseting...
System Reseting
Reseting Local Mapper... done
Reseting Loop Closing... done
Reseting Database... done
0
New map created with 974 points for 0 Feature Type 
New map created with 286 points for 1 Feature Type 
Tracking Initlized in 2.11s
The initlized frame ID: 1
Track lost soon after initialisation, reseting...
System Reseting
Reseting Local Mapper... done
Reseting Loop Closing... done
Reseting Database... done
0
New map created with 960 points for 0 Feature Type 
New map created with 266 points for 1 Feature Type 
Tracking Initlized in 2.52s
The initlized frame ID: 1
Track lost soon after initialisation, reseting...
System Reseting
Reseting Local Mapper... done
Reseting Loop Closing... done
Reseting Database... done
0
New map created with 867 points for 0 Feature Type 
New map created with 271 points for 1 Feature Type 
Tracking Initlized in 1.86s
The initlized frame ID: 1
Track lost soon after initialisation, reseting...
System Reseting
Reseting Local Mapper... done
Reseting Loop Closing... done
Reseting Database... done
0
New map created with 961 points for 0 Feature Type 
New map created with 253 points for 1 Feature Type 
Tracking Initlized in 1.82s
The initlized frame ID: 1
Track lost soon after initialisation, reseting...
System Reseting
Reseting Local Mapper... done
Reseting Loop Closing... done
Reseting Database... done
0
New map created with 892 points for 0 Feature Type 
New map created with 271 points for 1 Feature Type 
Tracking Initlized in 2.38s
The initlized frame ID: 1
Track lost soon after initialisation, reseting...
System Reseting
Reseting Local Mapper... done
Reseting Loop Closing... done
Reseting Database... done
0
New map created with 964 points for 0 Feature Type 
New map created with 258 points for 1 Feature Type 
Tracking Initlized in 1.76s
The initlized frame ID: 1
Track lost soon after initialisation, reseting...
System Reseting
Reseting Local Mapper... done
Reseting Loop Closing... done
Reseting Database... done
0
New map created with 786 points for 0 Feature Type 
New map created with 283 points for 1 Feature Type 
Tracking Initlized in 1.89s
The initlized frame ID: 1
Track lost soon after initialisation, reseting...
System Reseting
Reseting Local Mapper... done
Reseting Loop Closing... done
Reseting Database... done
0
New map created with 757 points for 0 Feature Type 
New map created with 283 points for 1 Feature Type 
Tracking Initlized in 2.26s
The initlized frame ID: 1
Track lost soon after initialisation, reseting...
System Reseting
Reseting Local Mapper... done
Reseting Loop Closing... done
Reseting Database... done
0
New map created with 683 points for 0 Feature Type 
New map created with 259 points for 1 Feature Type 
Tracking Initlized in 2.06s
The initlized frame ID: 1
Track lost soon after initialisation, reseting...
System Reseting
Reseting Local Mapper... done
Reseting Loop Closing... done
Reseting Database... done
0
New map created with 753 points for 0 Feature Type 
New map created with 269 points for 1 Feature Type 
Tracking Initlized in 2.02s
The initlized frame ID: 1
Track lost soon after initialisation, reseting...
System Reseting
Reseting Local Mapper... done
Reseting Loop Closing... done
Reseting Database... done
0
New map created with 725 points for 0 Feature Type 
New map created with 239 points for 1 Feature Type 
Tracking Initlized in 2.21s
The initlized frame ID: 1
Track lost soon after initialisation, reseting...
System Reseting
Reseting Local Mapper... done
Reseting Loop Closing... done
Reseting Database... done
0
New map created with 787 points for 0 Feature Type 
New map created with 180 points for 1 Feature Type 
Tracking Initlized in 2.22s
The initlized frame ID: 1
Track lost soon after initialisation, reseting...
System Reseting
Reseting Local Mapper... done
Reseting Loop Closing... done
Reseting Database... done
0
New map created with 624 points for 0 Feature Type 
New map created with 163 points for 1 Feature Type 
Tracking Initlized in 1.97s
The initlized frame ID: 1
Track lost soon after initialisation, reseting...
System Reseting
Reseting Local Mapper... done
Reseting Loop Closing... done
Reseting Database... done
0
New map created with 552 points for 0 Feature Type 
New map created with 163 points for 1 Feature Type 
Tracking Initlized in 2.15s
The initlized frame ID: 1
Track lost soon after initialisation, reseting...
System Reseting
Reseting Local Mapper... done
Reseting Loop Closing... done
Reseting Database... done
0
New map created with 581 points for 0 Feature Type 
New map created with 213 points for 1 Feature Type 
Tracking Initlized in 1.72s
The initlized frame ID: 1
Track lost soon after initialisation, reseting...
System Reseting
Reseting Local Mapper... done
Reseting Loop Closing... done
Reseting Database... done
0
New map created with 636 points for 0 Feature Type 
New map created with 228 points for 1 Feature Type 
Tracking Initlized in 2.07s
The initlized frame ID: 1
Track lost soon after initialisation, reseting...
System Reseting
Reseting Local Mapper... done
Reseting Loop Closing... done
Reseting Database... done
0
New map created with 522 points for 0 Feature Type 
New map created with 198 points for 1 Feature Type 
Tracking Initlized in 1.84s
The initlized frame ID: 1
Track lost soon after initialisation, reseting...
System Reseting
Reseting Local Mapper... done
Reseting Loop Closing... done
Reseting Database... done
0
New map created with 620 points for 0 Feature Type 
New map created with 217 points for 1 Feature Type 
Tracking Initlized in 1.76s
The initlized frame ID: 1
Track lost soon after initialisation, reseting...
System Reseting
Reseting Local Mapper... done
Reseting Loop Closing... done
Reseting Database... done
0
New map created with 631 points for 0 Feature Type 
New map created with 244 points for 1 Feature Type 
Tracking Initlized in 2.02s
The initlized frame ID: 1
Track lost soon after initialisation, reseting...
System Reseting
Reseting Local Mapper... done
Reseting Loop Closing... done
Reseting Database... done
0
New map created with 634 points for 0 Feature Type 
New map created with 254 points for 1 Feature Type 
Tracking Initlized in 2.24s
The initlized frame ID: 1
Track lost soon after initialisation, reseting...
System Reseting
Reseting Local Mapper... done
Reseting Loop Closing... done
Reseting Database... done
0
New map created with 541 points for 0 Feature Type 
New map created with 243 points for 1 Feature Type 
Tracking Initlized in 1.77s
The initlized frame ID: 1
Track lost soon after initialisation, reseting...
System Reseting
Reseting Local Mapper... done
Reseting Loop Closing... done
Reseting Database... done
0
New map created with 517 points for 0 Feature Type 
New map created with 235 points for 1 Feature Type 
Tracking Initlized in 1.98s
The initlized frame ID: 1
Track lost soon after initialisation, reseting...
System Reseting
Reseting Local Mapper... done
Reseting Loop Closing... done
Reseting Database... done
0
New map created with 405 points for 0 Feature Type 
New map created with 311 points for 1 Feature Type 
Tracking Initlized in 3.41s
The initlized frame ID: 2
Track lost soon after initialisation, reseting...
System Reseting
Reseting Local Mapper... done
Reseting Loop Closing... done
Reseting Database... done
0
New map created with 421 points for 0 Feature Type 
New map created with 263 points for 1 Feature Type 
Tracking Initlized in 3.33s
The initlized frame ID: 2
Track lost soon after initialisation, reseting...
System Reseting
Reseting Local Mapper... done
Reseting Loop Closing... done
Reseting Database... done
0
New map created with 338 points for 0 Feature Type 
New map created with 221 points for 1 Feature Type 
Tracking Initlized in 1.79s
The initlized frame ID: 1
Track lost soon after initialisation, reseting...
System Reseting
Reseting Local Mapper... done
Reseting Loop Closing... done
Reseting Database... done
0
New map created with 335 points for 0 Feature Type 
New map created with 230 points for 1 Feature Type 
Tracking Initlized in 2.15s
The initlized frame ID: 1
Track lost soon after initialisation, reseting...
System Reseting
Reseting Local Mapper... done
Reseting Loop Closing... done
Reseting Database... done
1
New map created with 412 points for 0 Feature Type 
New map created with 307 points for 1 Feature Type 
Tracking Initlized in 2.11s
The initlized frame ID: 1
Track lost soon after initialisation, reseting...
System Reseting
Reseting Local Mapper... done
Reseting Loop Closing... done
Reseting Database... done
0
New map created with 151 points for 0 Feature Type 
New map created with 93 points for 1 Feature Type 
Tracking Initlized in 8.91s
The initlized frame ID: 5
Track lost soon after initialisation, reseting...
System Reseting
Reseting Local Mapper... done
Reseting Loop Closing... done
Reseting Database... done
0
New map created with 228 points for 0 Feature Type 
New map created with 159 points for 1 Feature Type 
Tracking Initlized in 3.70s
The initlized frame ID: 2
Track lost soon after initialisation, reseting...
System Reseting
Reseting Local Mapper... done
Reseting Loop Closing... done
Reseting Database... done
0
New map created with 449 points for 0 Feature Type 
New map created with 318 points for 1 Feature Type 
Tracking Initlized in 1.84s
The initlized frame ID: 1
Track lost soon after initialisation, reseting...
System Reseting
Reseting Local Mapper... done
Reseting Loop Closing... done
Reseting Database... done
0
New map created with 427 points for 0 Feature Type 
New map created with 332 points for 1 Feature Type 
Tracking Initlized in 1.91s
The initlized frame ID: 1
Track lost soon after initialisation, reseting...
System Reseting
Reseting Local Mapper... done
Reseting Loop Closing... done
Reseting Database... done
0
New map created with 515 points for 0 Feature Type 
New map created with 323 points for 1 Feature Type 
Tracking Initlized in 2.01s
The initlized frame ID: 1
Track lost soon after initialisation, reseting...
System Reseting
Reseting Local Mapper... done
Reseting Loop Closing... done
Reseting Database... done
0
New map created with 483 points for 0 Feature Type 
New map created with 269 points for 1 Feature Type 
Tracking Initlized in 1.81s
The initlized frame ID: 1
Track lost soon after initialisation, reseting...
System Reseting
Reseting Local Mapper... done
Reseting Loop Closing... done
Reseting Database... done
0
New map created with 475 points for 0 Feature Type 
New map created with 260 points for 1 Feature Type 
Tracking Initlized in 1.88s
The initlized frame ID: 1
Track lost soon after initialisation, reseting...
System Reseting
Reseting Local Mapper... done
Reseting Loop Closing... done
Reseting Database... done
0
New map created with 650 points for 0 Feature Type 
New map created with 289 points for 1 Feature Type 
Tracking Initlized in 2.25s
The initlized frame ID: 1
Track lost soon after initialisation, reseting...
System Reseting
Reseting Local Mapper... done
Reseting Loop Closing... done
Reseting Database... done
0
New map created with 662 points for 0 Feature Type 
New map created with 304 points for 1 Feature Type 
Tracking Initlized in 1.90s
The initlized frame ID: 1
Track lost soon after initialisation, reseting...
System Reseting
Reseting Local Mapper... done
Reseting Loop Closing... done
Reseting Database... done
0
New map created with 608 points for 0 Feature Type 
New map created with 335 points for 1 Feature Type 
Tracking Initlized in 1.92s
The initlized frame ID: 1
Track lost soon after initialisation, reseting...
System Reseting
Reseting Local Mapper... done
Reseting Loop Closing... done
Reseting Database... done
0
New map created with 600 points for 0 Feature Type 
New map created with 319 points for 1 Feature Type 
Tracking Initlized in 2.09s
The initlized frame ID: 1
Track lost soon after initialisation, reseting...
System Reseting
Reseting Local Mapper... done
Reseting Loop Closing... done
Reseting Database... done
0
New map created with 614 points for 0 Feature Type 
New map created with 308 points for 1 Feature Type 
Tracking Initlized in 1.88s
The initlized frame ID: 1
Track lost soon after initialisation, reseting...
System Reseting
Reseting Local Mapper... done
Reseting Loop Closing... done
Reseting Database... done
0
New map created with 600 points for 0 Feature Type 
New map created with 294 points for 1 Feature Type 
Tracking Initlized in 1.79s
The initlized frame ID: 1
Track lost soon after initialisation, reseting...
System Reseting
Reseting Local Mapper... done
Reseting Loop Closing... done
Reseting Database... done
0
New map created with 606 points for 0 Feature Type 
New map created with 319 points for 1 Feature Type 
Tracking Initlized in 2.16s
The initlized frame ID: 1
Track lost soon after initialisation, reseting...
System Reseting
Reseting Local Mapper... done
Reseting Loop Closing... done
Reseting Database... done
0
New map created with 624 points for 0 Feature Type 
New map created with 302 points for 1 Feature Type 
Tracking Initlized in 2.21s
The initlized frame ID: 1
Track lost soon after initialisation, reseting...
System Reseting
Reseting Local Mapper... done
Reseting Loop Closing... done
Reseting Database... done
0
New map created with 558 points for 0 Feature Type 
New map created with 251 points for 1 Feature Type 
Tracking Initlized in 1.97s
The initlized frame ID: 1
Track lost soon after initialisation, reseting...
System Reseting
Reseting Local Mapper... done
Reseting Loop Closing... done
Reseting Database... done
0
New map created with 490 points for 0 Feature Type 
New map created with 271 points for 1 Feature Type 
Tracking Initlized in 1.96s
The initlized frame ID: 1
Track lost soon after initialisation, reseting...
System Reseting
Reseting Local Mapper... done
Reseting Loop Closing... done
Reseting Database... done
0
New map created with 575 points for 0 Feature Type 
New map created with 322 points for 1 Feature Type 
Tracking Initlized in 2.39s
The initlized frame ID: 1
Track lost soon after initialisation, reseting...
System Reseting
Reseting Local Mapper... done
Reseting Loop Closing... done
Reseting Database... done
0
New map created with 635 points for 0 Feature Type 
New map created with 286 points for 1 Feature Type 
Tracking Initlized in 2.37s
The initlized frame ID: 1
Track lost soon after initialisation, reseting...
System Reseting
Reseting Local Mapper... done
Reseting Loop Closing... done
Reseting Database... done
0
New map created with 697 points for 0 Feature Type 
New map created with 311 points for 1 Feature Type 
Tracking Initlized in 2.02s
The initlized frame ID: 1
Track lost soon after initialisation, reseting...
System Reseting
Reseting Local Mapper... done
Reseting Loop Closing... done
Reseting Database... done
0
New map created with 528 points for 0 Feature Type 
New map created with 207 points for 1 Feature Type 
Tracking Initlized in 1.99s
The initlized frame ID: 1
Track lost soon after initialisation, reseting...
System Reseting
Reseting Local Mapper... done
Reseting Loop Closing... done
Reseting Database... done
0
New map created with 701 points for 0 Feature Type 
New map created with 281 points for 1 Feature Type 
Tracking Initlized in 2.30s
The initlized frame ID: 1
Track lost soon after initialisation, reseting...
System Reseting
Reseting Local Mapper... done
Reseting Loop Closing... done
Reseting Database... done
0
New map created with 593 points for 0 Feature Type 
New map created with 315 points for 1 Feature Type 
Tracking Initlized in 2.47s
The initlized frame ID: 1
Track lost soon after initialisation, reseting...
System Reseting
Reseting Local Mapper... done
Reseting Loop Closing... done
Reseting Database... done
0
New map created with 594 points for 0 Feature Type 
New map created with 267 points for 1 Feature Type 
Tracking Initlized in 1.93s
The initlized frame ID: 1
Track lost soon after initialisation, reseting...
System Reseting
Reseting Local Mapper... done
Reseting Loop Closing... done
Reseting Database... done
0
New map created with 520 points for 0 Feature Type 
New map created with 282 points for 1 Feature Type 
Tracking Initlized in 2.03s
The initlized frame ID: 1
Track lost soon after initialisation, reseting...
System Reseting
Reseting Local Mapper... done
Reseting Loop Closing... done
Reseting Database... done
0
New map created with 506 points for 0 Feature Type 
New map created with 313 points for 1 Feature Type 
Tracking Initlized in 1.99s
The initlized frame ID: 1
Track lost soon after initialisation, reseting...
System Reseting
Reseting Local Mapper... done
Reseting Loop Closing... done
Reseting Database... done
0
New map created with 445 points for 0 Feature Type 
New map created with 266 points for 1 Feature Type 
Tracking Initlized in 1.73s
The initlized frame ID: 1
Track lost soon after initialisation, reseting...
System Reseting
Reseting Local Mapper... done
Reseting Loop Closing... done
Reseting Database... done
0
New map created with 526 points for 0 Feature Type 
New map created with 263 points for 1 Feature Type 
Tracking Initlized in 1.81s
The initlized frame ID: 1
Track lost soon after initialisation, reseting...
System Reseting
Reseting Local Mapper... done
Reseting Loop Closing... done
Reseting Database... done
0
New map created with 601 points for 0 Feature Type 
New map created with 284 points for 1 Feature Type 
Tracking Initlized in 2.22s
The initlized frame ID: 1
Track lost soon after initialisation, reseting...
System Reseting
Reseting Local Mapper... done
Reseting Loop Closing... done
Reseting Database... done
0
New map created with 661 points for 0 Feature Type 
New map created with 247 points for 1 Feature Type 
Tracking Initlized in 2.11s
The initlized frame ID: 1
Track lost soon after initialisation, reseting...
System Reseting
Reseting Local Mapper... done
Reseting Loop Closing... done
Reseting Database... done
0
New map created with 651 points for 0 Feature Type 
New map created with 203 points for 1 Feature Type 
Tracking Initlized in 2.18s
The initlized frame ID: 1
Track lost soon after initialisation, reseting...
System Reseting
Reseting Local Mapper... done
Reseting Loop Closing... done
Reseting Database... done
0
New map created with 694 points for 0 Feature Type 
New map created with 247 points for 1 Feature Type 
Tracking Initlized in 2.05s
The initlized frame ID: 1
Track lost soon after initialisation, reseting...
System Reseting
Reseting Local Mapper... done
Reseting Loop Closing... done
Reseting Database... done
0
New map created with 758 points for 0 Feature Type 
New map created with 266 points for 1 Feature Type 
Tracking Initlized in 2.34s
The initlized frame ID: 1
Track lost soon after initialisation, reseting...
System Reseting
Reseting Local Mapper... done
Reseting Loop Closing... done
Reseting Database... done
0
New map created with 691 points for 0 Feature Type 
New map created with 293 points for 1 Feature Type 
Tracking Initlized in 1.97s
The initlized frame ID: 1
Track lost soon after initialisation, reseting...
System Reseting
Reseting Local Mapper... done
Reseting Loop Closing... done
Reseting Database... done
0
New map created with 643 points for 0 Feature Type 
New map created with 259 points for 1 Feature Type 
Tracking Initlized in 2.15s
The initlized frame ID: 1
Track lost soon after initialisation, reseting...
System Reseting
Reseting Local Mapper... done
Reseting Loop Closing... done
Reseting Database... done
0
New map created with 617 points for 0 Feature Type 
New map created with 307 points for 1 Feature Type 
Tracking Initlized in 2.11s
The initlized frame ID: 1
Track lost soon after initialisation, reseting...
System Reseting
Reseting Local Mapper... done
Reseting Loop Closing... done
Reseting Database... done
0
New map created with 453 points for 0 Feature Type 
New map created with 272 points for 1 Feature Type 
Tracking Initlized in 2.14s
The initlized frame ID: 1
Track lost soon after initialisation, reseting...
System Reseting
Reseting Local Mapper... done
Reseting Loop Closing... done
Reseting Database... done
0
New map created with 492 points for 0 Feature Type 
New map created with 278 points for 1 Feature Type 
Tracking Initlized in 2.10s
The initlized frame ID: 1
Track lost soon after initialisation, reseting...
System Reseting
Reseting Local Mapper... done
Reseting Loop Closing... done
Reseting Database... done
0
New map created with 435 points for 0 Feature Type 
New map created with 261 points for 1 Feature Type 
Tracking Initlized in 2.27s
The initlized frame ID: 1
Track lost soon after initialisation, reseting...
System Reseting
Reseting Local Mapper... done
Reseting Loop Closing... done
Reseting Database... done
0
New map created with 440 points for 0 Feature Type 
New map created with 274 points for 1 Feature Type 
Tracking Initlized in 2.21s
The initlized frame ID: 1
Track lost soon after initialisation, reseting...
System Reseting
Reseting Local Mapper... done
Reseting Loop Closing... done
Reseting Database... done
0
New map created with 466 points for 0 Feature Type 
New map created with 292 points for 1 Feature Type 
Tracking Initlized in 2.00s
The initlized frame ID: 1
Track lost soon after initialisation, reseting...
System Reseting
Reseting Local Mapper... done
Reseting Loop Closing... done
Reseting Database... done
0
New map created with 400 points for 0 Feature Type 
New map created with 280 points for 1 Feature Type 
Tracking Initlized in 2.23s
The initlized frame ID: 1
Track lost soon after initialisation, reseting...
System Reseting
Reseting Local Mapper... done
Reseting Loop Closing... done
Reseting Database... done
0
New map created with 380 points for 0 Feature Type 
New map created with 250 points for 1 Feature Type 
Tracking Initlized in 2.52s
The initlized frame ID: 1
Track lost soon after initialisation, reseting...
System Reseting
Reseting Local Mapper... done
Reseting Loop Closing... done
Reseting Database... done
0
New map created with 486 points for 0 Feature Type 
New map created with 304 points for 1 Feature Type 
Tracking Initlized in 1.82s
The initlized frame ID: 1
Track lost soon after initialisation, reseting...
System Reseting
Reseting Local Mapper... done
Reseting Loop Closing... done
Reseting Database... done
1
New map created with 471 points for 0 Feature Type 
New map created with 298 points for 1 Feature Type 
Tracking Initlized in 2.17s
The initlized frame ID: 1
Track lost soon after initialisation, reseting...
System Reseting
Reseting Local Mapper... done
Reseting Loop Closing... done
Reseting Database... done
0
New map created with 433 points for 0 Feature Type 
New map created with 250 points for 1 Feature Type 
Tracking Initlized in 1.97s
The initlized frame ID: 1
Track lost soon after initialisation, reseting...
System Reseting
Reseting Local Mapper... done
Reseting Loop Closing... done
Reseting Database... done
0
New map created with 426 points for 0 Feature Type 
New map created with 273 points for 1 Feature Type 
Tracking Initlized in 2.25s
The initlized frame ID: 1
Track lost soon after initialisation, reseting...
System Reseting
Reseting Local Mapper... done
Reseting Loop Closing... done
Reseting Database... done
0
New map created with 337 points for 0 Feature Type 
New map created with 238 points for 1 Feature Type 
Tracking Initlized in 2.02s
The initlized frame ID: 1
Track lost soon after initialisation, reseting...
System Reseting
Reseting Local Mapper... done
Reseting Loop Closing... done
Reseting Database... done
0
New map created with 409 points for 0 Feature Type 
New map created with 236 points for 1 Feature Type 
Tracking Initlized in 3.96s
The initlized frame ID: 2
Track lost soon after initialisation, reseting...
System Reseting
Reseting Local Mapper... done
Reseting Loop Closing... done
Reseting Database... done
1
New map created with 189 points for 0 Feature Type 
New map created with 185 points for 1 Feature Type 
Tracking Initlized in 1.97s
The initlized frame ID: 1
Track lost soon after initialisation, reseting...
System Reseting
Reseting Local Mapper... done
Reseting Loop Closing... done
Reseting Database... done
0
New map created with 320 points for 0 Feature Type 
New map created with 270 points for 1 Feature Type 
Tracking Initlized in 4.22s
The initlized frame ID: 2
Track lost soon after initialisation, reseting...
System Reseting
Reseting Local Mapper... done
Reseting Loop Closing... done
Reseting Database... done
1
New map created with 234 points for 0 Feature Type 
New map created with 242 points for 1 Feature Type 
Tracking Initlized in 1.99s
The initlized frame ID: 1
Track lost soon after initialisation, reseting...
System Reseting
Reseting Local Mapper... done
Reseting Loop Closing... done
Reseting Database... done
1
New map created with 416 points for 0 Feature Type 
New map created with 271 points for 1 Feature Type 
Tracking Initlized in 2.04s
The initlized frame ID: 1
Track lost soon after initialisation, reseting...
System Reseting
Reseting Local Mapper... done
Reseting Loop Closing... done
Reseting Database... done
1
New map created with 400 points for 0 Feature Type 
New map created with 287 points for 1 Feature Type 
Tracking Initlized in 2.23s
The initlized frame ID: 1
Track lost soon after initialisation, reseting...
System Reseting
Reseting Local Mapper... done
Reseting Loop Closing... done
Reseting Database... done
1
New map created with 368 points for 0 Feature Type 
New map created with 278 points for 1 Feature Type 
Tracking Initlized in 2.12s
The initlized frame ID: 1
Track lost soon after initialisation, reseting...
System Reseting
Reseting Local Mapper... done
Reseting Loop Closing... done
Reseting Database... done
0
New map created with 328 points for 0 Feature Type 
New map created with 275 points for 1 Feature Type 
Tracking Initlized in 3.28s
The initlized frame ID: 2
Track lost soon after initialisation, reseting...
System Reseting
Reseting Local Mapper... done
Reseting Loop Closing... done
Reseting Database... done
0
New map created with 294 points for 0 Feature Type 
New map created with 233 points for 1 Feature Type 
Tracking Initlized in 5.82s
The initlized frame ID: 3
Track lost soon after initialisation, reseting...
System Reseting
Reseting Local Mapper... done
Reseting Loop Closing... done
Reseting Database... done
1
New map created with 127 points for 0 Feature Type 
New map created with 198 points for 1 Feature Type 
Tracking Initlized in 2.23s
The initlized frame ID: 1
Track lost soon after initialisation, reseting...
System Reseting
Reseting Local Mapper... done
Reseting Loop Closing... done
Reseting Database... done
1
New map created with 241 points for 0 Feature Type 
New map created with 226 points for 1 Feature Type 
Tracking Initlized in 1.98s
The initlized frame ID: 1
Track lost soon after initialisation, reseting...
System Reseting
Reseting Local Mapper... done
Reseting Loop Closing... done
Reseting Database... done
0
New map created with 263 points for 0 Feature Type 
New map created with 95 points for 1 Feature Type 
Tracking Initlized in 7.39s
The initlized frame ID: 4
Track lost soon after initialisation, reseting...
System Reseting
Reseting Local Mapper... done
Reseting Loop Closing... done
Reseting Database... done
1
New map created with 264 points for 0 Feature Type 
New map created with 255 points for 1 Feature Type 
Tracking Initlized in 2.16s
The initlized frame ID: 1
Track lost soon after initialisation, reseting...
System Reseting
Reseting Local Mapper... done
Reseting Loop Closing... done
Reseting Database... done
1
New map created with 280 points for 0 Feature Type 
New map created with 281 points for 1 Feature Type 
Tracking Initlized in 2.55s
The initlized frame ID: 1
Track lost soon after initialisation, reseting...
System Reseting
Reseting Local Mapper... done
Reseting Loop Closing... done
Reseting Database... done
0
New map created with 337 points for 0 Feature Type 
New map created with 272 points for 1 Feature Type 
Tracking Initlized in 2.07s
The initlized frame ID: 1
Track lost soon after initialisation, reseting...
System Reseting
Reseting Local Mapper... done
Reseting Loop Closing... done
Reseting Database... done
0
New map created with 400 points for 0 Feature Type 
New map created with 284 points for 1 Feature Type 
Tracking Initlized in 1.96s
The initlized frame ID: 1
Track lost soon after initialisation, reseting...
System Reseting
Reseting Local Mapper... done
Reseting Loop Closing... done
Reseting Database... done
0
New map created with 389 points for 0 Feature Type 
New map created with 285 points for 1 Feature Type 
Tracking Initlized in 1.93s
The initlized frame ID: 1
Track lost soon after initialisation, reseting...
System Reseting
Reseting Local Mapper... done
Reseting Loop Closing... done
Reseting Database... done
0
New map created with 431 points for 0 Feature Type 
New map created with 319 points for 1 Feature Type 
Tracking Initlized in 2.24s
The initlized frame ID: 1
Track lost soon after initialisation, reseting...
System Reseting
Reseting Local Mapper... done
Reseting Loop Closing... done
Reseting Database... done
0
New map created with 459 points for 0 Feature Type 
New map created with 305 points for 1 Feature Type 
Tracking Initlized in 2.79s
The initlized frame ID: 1
Track lost soon after initialisation, reseting...
System Reseting
Reseting Local Mapper... done
Reseting Loop Closing... done
Reseting Database... done
0
New map created with 405 points for 0 Feature Type 
New map created with 296 points for 1 Feature Type 
Tracking Initlized in 1.89s
The initlized frame ID: 1
Track lost soon after initialisation, reseting...
System Reseting
Reseting Local Mapper... done
Reseting Loop Closing... done
Reseting Database... done
0
New map created with 363 points for 0 Feature Type 
New map created with 322 points for 1 Feature Type 
Tracking Initlized in 2.35s
The initlized frame ID: 1
Track lost soon after initialisation, reseting...
System Reseting
Reseting Local Mapper... done
Reseting Loop Closing... done
Reseting Database... done
0
New map created with 414 points for 0 Feature Type 
New map created with 329 points for 1 Feature Type 
Tracking Initlized in 2.21s
The initlized frame ID: 1
Track lost soon after initialisation, reseting...
System Reseting
Reseting Local Mapper... done
Reseting Loop Closing... done
Reseting Database... done
0
New map created with 404 points for 0 Feature Type 
New map created with 305 points for 1 Feature Type 
Tracking Initlized in 2.44s
The initlized frame ID: 1
Track lost soon after initialisation, reseting...
System Reseting
Reseting Local Mapper... done
Reseting Loop Closing... done
Reseting Database... done
0
New map created with 426 points for 0 Feature Type 
New map created with 319 points for 1 Feature Type 
Tracking Initlized in 2.80s
The initlized frame ID: 1
Track lost soon after initialisation, reseting...
System Reseting
Reseting Local Mapper... done
Reseting Loop Closing... done
Reseting Database... done
0
New map created with 561 points for 0 Feature Type 
New map created with 318 points for 1 Feature Type 
Tracking Initlized in 2.33s
The initlized frame ID: 1
Track lost soon after initialisation, reseting...
System Reseting
Reseting Local Mapper... done
Reseting Loop Closing... done
Reseting Database... done
0
New map created with 673 points for 0 Feature Type 
New map created with 335 points for 1 Feature Type 
Tracking Initlized in 1.91s
The initlized frame ID: 1
Track lost soon after initialisation, reseting...
System Reseting
Reseting Local Mapper... done
Reseting Loop Closing... done
Reseting Database... done
0
New map created with 708 points for 0 Feature Type 
New map created with 328 points for 1 Feature Type 
Tracking Initlized in 1.95s
The initlized frame ID: 1
Track lost soon after initialisation, reseting...
System Reseting
Reseting Local Mapper... done
Reseting Loop Closing... done
Reseting Database... done
0
New map created with 738 points for 0 Feature Type 
New map created with 321 points for 1 Feature Type 
Tracking Initlized in 2.41s
The initlized frame ID: 1
Track lost soon after initialisation, reseting...
System Reseting
Reseting Local Mapper... done
Reseting Loop Closing... done
Reseting Database... done
0
New map created with 618 points for 0 Feature Type 
New map created with 297 points for 1 Feature Type 
Tracking Initlized in 2.07s
The initlized frame ID: 1
Track lost soon after initialisation, reseting...
System Reseting
Reseting Local Mapper... done
Reseting Loop Closing... done
Reseting Database... done
0
New map created with 537 points for 0 Feature Type 
New map created with 281 points for 1 Feature Type 
Tracking Initlized in 2.12s
The initlized frame ID: 1
Track lost soon after initialisation, reseting...
System Reseting
Reseting Local Mapper... done
Reseting Loop Closing... done
Reseting Database... done
0
New map created with 563 points for 0 Feature Type 
New map created with 318 points for 1 Feature Type 
Tracking Initlized in 1.86s
The initlized frame ID: 1
Track lost soon after initialisation, reseting...
System Reseting
Reseting Local Mapper... done
Reseting Loop Closing... done
Reseting Database... done
0
New map created with 541 points for 0 Feature Type 
New map created with 318 points for 1 Feature Type 
Tracking Initlized in 2.32s
The initlized frame ID: 1
Track lost soon after initialisation, reseting...
System Reseting
Reseting Local Mapper... done
Reseting Loop Closing... done
Reseting Database... done
0
New map created with 643 points for 0 Feature Type 
New map created with 336 points for 1 Feature Type 
Tracking Initlized in 1.81s
The initlized frame ID: 1
Track lost soon after initialisation, reseting...
System Reseting
Reseting Local Mapper... done
Reseting Loop Closing... done
Reseting Database... done
1
New map created with 639 points for 0 Feature Type 
New map created with 311 points for 1 Feature Type 
Tracking Initlized in 2.31s
The initlized frame ID: 1
Track lost soon after initialisation, reseting...
System Reseting
Reseting Local Mapper... done
Reseting Loop Closing... done
Reseting Database... done
1
New map created with 714 points for 0 Feature Type 
New map created with 308 points for 1 Feature Type 
Tracking Initlized in 1.92s
The initlized frame ID: 1
Track lost soon after initialisation, reseting...
System Reseting
Reseting Local Mapper... done
Reseting Loop Closing... done
Reseting Database... done
1
New map created with 684 points for 0 Feature Type 
New map created with 300 points for 1 Feature Type 
Tracking Initlized in 2.16s
The initlized frame ID: 1
Track lost soon after initialisation, reseting...
System Reseting
Reseting Local Mapper... done
Reseting Loop Closing... done
Reseting Database... done
0
New map created with 667 points for 0 Feature Type 
New map created with 305 points for 1 Feature Type 
Tracking Initlized in 1.94s
The initlized frame ID: 1
Track lost soon after initialisation, reseting...
System Reseting
Reseting Local Mapper... done
Reseting Loop Closing... done
Reseting Database... done
0
New map created with 710 points for 0 Feature Type 
New map created with 341 points for 1 Feature Type 
Tracking Initlized in 2.12s
The initlized frame ID: 1
Track lost soon after initialisation, reseting...
System Reseting
Reseting Local Mapper... done
Reseting Loop Closing... done
Reseting Database... done
0
New map created with 657 points for 0 Feature Type 
New map created with 325 points for 1 Feature Type 
Tracking Initlized in 2.00s
The initlized frame ID: 1
Track lost soon after initialisation, reseting...
System Reseting
Reseting Local Mapper... done
Reseting Loop Closing... done
Reseting Database... done
0
New map created with 648 points for 0 Feature Type 
New map created with 310 points for 1 Feature Type 
Tracking Initlized in 2.40s
The initlized frame ID: 1
Track lost soon after initialisation, reseting...
System Reseting
Reseting Local Mapper... done
Reseting Loop Closing... done
Reseting Database... done
0
New map created with 645 points for 0 Feature Type 
New map created with 307 points for 1 Feature Type 
Tracking Initlized in 2.38s
The initlized frame ID: 1
Track lost soon after initialisation, reseting...
System Reseting
Reseting Local Mapper... done
Reseting Loop Closing... done
Reseting Database... done
1
New map created with 709 points for 0 Feature Type 
New map created with 313 points for 1 Feature Type 
Tracking Initlized in 2.08s
The initlized frame ID: 1
Track lost soon after initialisation, reseting...
System Reseting
Reseting Local Mapper... done
Reseting Loop Closing... done
Reseting Database... done
1
New map created with 648 points for 0 Feature Type 
New map created with 362 points for 1 Feature Type 
Tracking Initlized in 2.11s
The initlized frame ID: 1
Track lost soon after initialisation, reseting...
System Reseting
Reseting Local Mapper... done
Reseting Loop Closing... done
Reseting Database... done
0
New map created with 671 points for 0 Feature Type 
New map created with 343 points for 1 Feature Type 
Tracking Initlized in 2.10s
The initlized frame ID: 1
Track lost soon after initialisation, reseting...
System Reseting
Reseting Local Mapper... done
Reseting Loop Closing... done
Reseting Database... done
0
New map created with 744 points for 0 Feature Type 
New map created with 341 points for 1 Feature Type 
Tracking Initlized in 1.96s
The initlized frame ID: 1
Track lost soon after initialisation, reseting...
System Reseting
Reseting Local Mapper... done
Reseting Loop Closing... done
Reseting Database... done
0
New map created with 724 points for 0 Feature Type 
New map created with 365 points for 1 Feature Type 
Tracking Initlized in 1.75s
The initlized frame ID: 1
Track lost soon after initialisation, reseting...
System Reseting
Reseting Local Mapper... done
Reseting Loop Closing... done
Reseting Database... done
0
New map created with 722 points for 0 Feature Type 
New map created with 343 points for 1 Feature Type 
Tracking Initlized in 2.14s
The initlized frame ID: 1
Track lost soon after initialisation, reseting...
System Reseting
Reseting Local Mapper... done
Reseting Loop Closing... done
Reseting Database... done
0
New map created with 713 points for 0 Feature Type 
New map created with 351 points for 1 Feature Type 
Tracking Initlized in 2.30s
The initlized frame ID: 1
Track lost soon after initialisation, reseting...
System Reseting
Reseting Local Mapper... done
Reseting Loop Closing... done
Reseting Database... done
0
New map created with 689 points for 0 Feature Type 
New map created with 368 points for 1 Feature Type 
Tracking Initlized in 2.10s
The initlized frame ID: 1
Track lost soon after initialisation, reseting...
System Reseting
Reseting Local Mapper... done
Reseting Loop Closing... done
Reseting Database... done
0
New map created with 650 points for 0 Feature Type 
New map created with 356 points for 1 Feature Type 
Tracking Initlized in 2.14s
The initlized frame ID: 1
Track lost soon after initialisation, reseting...
System Reseting
Reseting Local Mapper... done
Reseting Loop Closing... done
Reseting Database... done
0
New map created with 545 points for 0 Feature Type 
New map created with 356 points for 1 Feature Type 
Tracking Initlized in 2.23s
The initlized frame ID: 1
Track lost soon after initialisation, reseting...
System Reseting
Reseting Local Mapper... done
Reseting Loop Closing... done
Reseting Database... done
0
New map created with 595 points for 0 Feature Type 
New map created with 372 points for 1 Feature Type 
Tracking Initlized in 2.10s
The initlized frame ID: 1
Track lost soon after initialisation, reseting...
System Reseting
Reseting Local Mapper... done
Reseting Loop Closing... done
Reseting Database... done
0
New map created with 580 points for 0 Feature Type 
New map created with 342 points for 1 Feature Type 
Tracking Initlized in 2.23s
The initlized frame ID: 1
Track lost soon after initialisation, reseting...
System Reseting
Reseting Local Mapper... done
Reseting Loop Closing... done
Reseting Database... done
1
New map created with 460 points for 0 Feature Type 
New map created with 311 points for 1 Feature Type 
Tracking Initlized in 2.10s
The initlized frame ID: 1
Track lost soon after initialisation, reseting...
System Reseting
Reseting Local Mapper... done
Reseting Loop Closing... done
Reseting Database... done
1
New map created with 574 points for 0 Feature Type 
New map created with 345 points for 1 Feature Type 
Tracking Initlized in 1.98s
The initlized frame ID: 1
Track lost soon after initialisation, reseting...
System Reseting
Reseting Local Mapper... done
Reseting Loop Closing... done
Reseting Database... done
0
New map created with 974 points for 0 Feature Type 
New map created with 373 points for 1 Feature Type 
Tracking Initlized in 1.82s
The initlized frame ID: 1
Track lost soon after initialisation, reseting...
System Reseting
Reseting Local Mapper... done
Reseting Loop Closing... done
Reseting Database... done
0
New map created with 1004 points for 0 Feature Type 
New map created with 386 points for 1 Feature Type 
Tracking Initlized in 2.21s
The initlized frame ID: 1
Track lost soon after initialisation, reseting...
System Reseting
Reseting Local Mapper... done
Reseting Loop Closing... done
Reseting Database... done
0
New map created with 958 points for 0 Feature Type 
New map created with 393 points for 1 Feature Type 
Tracking Initlized in 1.76s
The initlized frame ID: 1
Track lost soon after initialisation, reseting...
System Reseting
Reseting Local Mapper... done
Reseting Loop Closing... done
Reseting Database... done
0
New map created with 754 points for 0 Feature Type 
New map created with 337 points for 1 Feature Type 
Tracking Initlized in 1.85s
The initlized frame ID: 1
Track lost soon after initialisation, reseting...
System Reseting
Reseting Local Mapper... done
Reseting Loop Closing... done
Reseting Database... done
0
New map created with 816 points for 0 Feature Type 
New map created with 316 points for 1 Feature Type 
Tracking Initlized in 1.92s
The initlized frame ID: 1
Track lost soon after initialisation, reseting...
System Reseting
Reseting Local Mapper... done
Reseting Loop Closing... done
Reseting Database... done
0
New map created with 909 points for 0 Feature Type 
New map created with 354 points for 1 Feature Type 
Tracking Initlized in 2.09s
The initlized frame ID: 1
Track lost soon after initialisation, reseting...
System Reseting
Reseting Local Mapper... done
Reseting Loop Closing... done
Reseting Database... done
0
New map created with 959 points for 0 Feature Type 
New map created with 355 points for 1 Feature Type 
Tracking Initlized in 2.00s
The initlized frame ID: 1
Track lost soon after initialisation, reseting...
System Reseting
Reseting Local Mapper... done
Reseting Loop Closing... done
Reseting Database... done
0
New map created with 883 points for 0 Feature Type 
New map created with 387 points for 1 Feature Type 
Tracking Initlized in 2.19s
The initlized frame ID: 1
Track lost soon after initialisation, reseting...
System Reseting
Reseting Local Mapper... done
Reseting Loop Closing... done
Reseting Database... done
0
New map created with 881 points for 0 Feature Type 
New map created with 416 points for 1 Feature Type 
Tracking Initlized in 2.07s
The initlized frame ID: 1
Track lost soon after initialisation, reseting...
System Reseting
Reseting Local Mapper... done
Reseting Loop Closing... done
Reseting Database... done
0
New map created with 706 points for 0 Feature Type 
New map created with 369 points for 1 Feature Type 
Tracking Initlized in 1.93s
The initlized frame ID: 1
Track lost soon after initialisation, reseting...
System Reseting
Reseting Local Mapper... done
Reseting Loop Closing... done
Reseting Database... done
0
New map created with 685 points for 0 Feature Type 
New map created with 354 points for 1 Feature Type 
Tracking Initlized in 1.95s
The initlized frame ID: 1
Track lost soon after initialisation, reseting...
System Reseting
Reseting Local Mapper... done
Reseting Loop Closing... done
Reseting Database... done
0
New map created with 668 points for 0 Feature Type 
New map created with 353 points for 1 Feature Type 
Tracking Initlized in 2.20s
The initlized frame ID: 1
Track lost soon after initialisation, reseting...
System Reseting
Reseting Local Mapper... done
Reseting Loop Closing... done
Reseting Database... done
0
New map created with 510 points for 0 Feature Type 
New map created with 302 points for 1 Feature Type 
Tracking Initlized in 1.89s
The initlized frame ID: 1
Track lost soon after initialisation, reseting...
System Reseting
Reseting Local Mapper... done
Reseting Loop Closing... done
Reseting Database... done
0
New map created with 385 points for 0 Feature Type 
New map created with 248 points for 1 Feature Type 
Tracking Initlized in 2.27s
The initlized frame ID: 1
Track lost soon after initialisation, reseting...
System Reseting
Reseting Local Mapper... done
Reseting Loop Closing... done
Reseting Database... done
0
New map created with 435 points for 0 Feature Type 
New map created with 245 points for 1 Feature Type 
Tracking Initlized in 1.95s
The initlized frame ID: 1
Track lost soon after initialisation, reseting...
System Reseting
Reseting Local Mapper... done
Reseting Loop Closing... done
Reseting Database... done
0
New map created with 469 points for 0 Feature Type 
New map created with 294 points for 1 Feature Type 
Tracking Initlized in 2.27s
The initlized frame ID: 1
Track lost soon after initialisation, reseting...
System Reseting
Reseting Local Mapper... done
Reseting Loop Closing... done
Reseting Database... done
0
New map created with 619 points for 0 Feature Type 
New map created with 329 points for 1 Feature Type 
Tracking Initlized in 2.15s
The initlized frame ID: 1
Track lost soon after initialisation, reseting...
System Reseting
Reseting Local Mapper... done
Reseting Loop Closing... done
Reseting Database... done
0
New map created with 601 points for 0 Feature Type 
New map created with 358 points for 1 Feature Type 
Tracking Initlized in 2.09s
The initlized frame ID: 1
Track lost soon after initialisation, reseting...
System Reseting
Reseting Local Mapper... done
Reseting Loop Closing... done
Reseting Database... done
0
New map created with 638 points for 0 Feature Type 
New map created with 368 points for 1 Feature Type 
Tracking Initlized in 2.04s
The initlized frame ID: 1
Track lost soon after initialisation, reseting...
System Reseting
Reseting Local Mapper... done
Reseting Loop Closing... done
Reseting Database... done
0
New map created with 664 points for 0 Feature Type 
New map created with 377 points for 1 Feature Type 
Tracking Initlized in 1.93s
The initlized frame ID: 1
Track lost soon after initialisation, reseting...
System Reseting
Reseting Local Mapper... done
Reseting Loop Closing... done
Reseting Database... done
0
New map created with 794 points for 0 Feature Type 
New map created with 383 points for 1 Feature Type 
Tracking Initlized in 2.03s
The initlized frame ID: 1
Track lost soon after initialisation, reseting...
System Reseting
Reseting Local Mapper... done
Reseting Loop Closing... done
Reseting Database... done
0
New map created with 740 points for 0 Feature Type 
New map created with 379 points for 1 Feature Type 
Tracking Initlized in 1.93s
The initlized frame ID: 1
Track lost soon after initialisation, reseting...
System Reseting
Reseting Local Mapper... done
Reseting Loop Closing... done
Reseting Database... done
0
New map created with 736 points for 0 Feature Type 
New map created with 319 points for 1 Feature Type 
Tracking Initlized in 2.25s
The initlized frame ID: 1
Track lost soon after initialisation, reseting...
System Reseting
Reseting Local Mapper... done
Reseting Loop Closing... done
Reseting Database... done
0
New map created with 698 points for 0 Feature Type 
New map created with 376 points for 1 Feature Type 
Tracking Initlized in 2.26s
The initlized frame ID: 1
Track lost soon after initialisation, reseting...
System Reseting
Reseting Local Mapper... done
Reseting Loop Closing... done
Reseting Database... done
0
New map created with 583 points for 0 Feature Type 
New map created with 355 points for 1 Feature Type 
Tracking Initlized in 1.93s
The initlized frame ID: 1
Track lost soon after initialisation, reseting...
System Reseting
Reseting Local Mapper... done
Reseting Loop Closing... done
Reseting Database... done
0
New map created with 604 points for 0 Feature Type 
New map created with 378 points for 1 Feature Type 
Tracking Initlized in 2.21s
The initlized frame ID: 1
Track lost soon after initialisation, reseting...
System Reseting
Reseting Local Mapper... done
Reseting Loop Closing... done
Reseting Database... done
0
New map created with 400 points for 0 Feature Type 
New map created with 326 points for 1 Feature Type 
Tracking Initlized in 2.20s
The initlized frame ID: 1
Track lost soon after initialisation, reseting...
System Reseting
Reseting Local Mapper... done
Reseting Loop Closing... done
Reseting Database... done
0
New map created with 608 points for 0 Feature Type 
New map created with 365 points for 1 Feature Type 
Tracking Initlized in 1.93s
The initlized frame ID: 1
Track lost soon after initialisation, reseting...
System Reseting
Reseting Local Mapper... done
Reseting Loop Closing... done
Reseting Database... done
0
New map created with 480 points for 0 Feature Type 
New map created with 354 points for 1 Feature Type 
Tracking Initlized in 2.31s
The initlized frame ID: 1
Track lost soon after initialisation, reseting...
System Reseting
Reseting Local Mapper... done
Reseting Loop Closing... done
Reseting Database... done
0
New map created with 412 points for 0 Feature Type 
New map created with 287 points for 1 Feature Type 
Tracking Initlized in 2.08s
The initlized frame ID: 1
Track lost soon after initialisation, reseting...
System Reseting
Reseting Local Mapper... done
Reseting Loop Closing... done
Reseting Database... done
0
New map created with 407 points for 0 Feature Type 
New map created with 313 points for 1 Feature Type 
Tracking Initlized in 2.13s
The initlized frame ID: 1
Track lost soon after initialisation, reseting...
System Reseting
Reseting Local Mapper... done
Reseting Loop Closing... done
Reseting Database... done
0
New map created with 390 points for 0 Feature Type 
New map created with 302 points for 1 Feature Type 
Tracking Initlized in 2.35s
The initlized frame ID: 1
Track lost soon after initialisation, reseting...
System Reseting
Reseting Local Mapper... done
Reseting Loop Closing... done
Reseting Database... done
1
New map created with 378 points for 0 Feature Type 
New map created with 302 points for 1 Feature Type 
Tracking Initlized in 2.20s
The initlized frame ID: 1
Track lost soon after initialisation, reseting...
System Reseting
Reseting Local Mapper... done
Reseting Loop Closing... done
Reseting Database... done
1
New map created with 362 points for 0 Feature Type 
New map created with 309 points for 1 Feature Type 
Tracking Initlized in 2.16s
The initlized frame ID: 1
Track lost soon after initialisation, reseting...
System Reseting
Reseting Local Mapper... done
Reseting Loop Closing... done
Reseting Database... done
0
New map created with 385 points for 0 Feature Type 
New map created with 280 points for 1 Feature Type 
Tracking Initlized in 1.89s
The initlized frame ID: 1
Track lost soon after initialisation, reseting...
System Reseting
Reseting Local Mapper... done
Reseting Loop Closing... done
Reseting Database... done
1
New map created with 342 points for 0 Feature Type 
New map created with 268 points for 1 Feature Type 
Tracking Initlized in 2.45s
The initlized frame ID: 1
Track lost soon after initialisation, reseting...
System Reseting
Reseting Local Mapper... done
Reseting Loop Closing... done
Reseting Database... done
0
New map created with 380 points for 0 Feature Type 
New map created with 233 points for 1 Feature Type 
Tracking Initlized in 1.98s
The initlized frame ID: 1
Track lost soon after initialisation, reseting...
System Reseting
Reseting Local Mapper... done
Reseting Loop Closing... done
Reseting Database... done
1
New map created with 326 points for 0 Feature Type 
New map created with 286 points for 1 Feature Type 
Tracking Initlized in 2.07s
The initlized frame ID: 1
Track lost soon after initialisation, reseting...
System Reseting
Reseting Local Mapper... done
Reseting Loop Closing... done
Reseting Database... done
1
New map created with 354 points for 0 Feature Type 
New map created with 255 points for 1 Feature Type 
Tracking Initlized in 1.93s
The initlized frame ID: 1
Track lost soon after initialisation, reseting...
System Reseting
Reseting Local Mapper... done
Reseting Loop Closing... done
Reseting Database... done
1
New map created with 280 points for 0 Feature Type 
New map created with 190 points for 1 Feature Type 
Tracking Initlized in 2.05s
The initlized frame ID: 1
Track lost soon after initialisation, reseting...
System Reseting
Reseting Local Mapper... done
Reseting Loop Closing... done
Reseting Database... done
1
New map created with 259 points for 0 Feature Type 
New map created with 308 points for 1 Feature Type 
Tracking Initlized in 2.33s
The initlized frame ID: 1
Track lost soon after initialisation, reseting...
System Reseting
Reseting Local Mapper... done
Reseting Loop Closing... done
Reseting Database... done
0
New map created with 484 points for 0 Feature Type 
New map created with 339 points for 1 Feature Type 
Tracking Initlized in 3.44s
The initlized frame ID: 2
Track lost soon after initialisation, reseting...
System Reseting
Reseting Local Mapper... done
Reseting Loop Closing... done
Reseting Database... done
1
New map created with 256 points for 0 Feature Type 
New map created with 274 points for 1 Feature Type 
Tracking Initlized in 2.17s
The initlized frame ID: 1
Track lost soon after initialisation, reseting...
System Reseting
Reseting Local Mapper... done
Reseting Loop Closing... done
Reseting Database... done
1
New map created with 361 points for 0 Feature Type 
New map created with 250 points for 1 Feature Type 
Tracking Initlized in 1.98s
The initlized frame ID: 1
Track lost soon after initialisation, reseting...
System Reseting
Reseting Local Mapper... done
Reseting Loop Closing... done
Reseting Database... done
1
New map created with 253 points for 0 Feature Type 
New map created with 228 points for 1 Feature Type 
Tracking Initlized in 2.25s
The initlized frame ID: 1
Track lost soon after initialisation, reseting...
System Reseting
Reseting Local Mapper... done
Reseting Loop Closing... done
Reseting Database... done
1
New map created with 324 points for 0 Feature Type 
New map created with 253 points for 1 Feature Type 
Tracking Initlized in 2.03s
The initlized frame ID: 1
Track lost soon after initialisation, reseting...
System Reseting
Reseting Local Mapper... done
Reseting Loop Closing... done
Reseting Database... done
0
New map created with 514 points for 0 Feature Type 
New map created with 367 points for 1 Feature Type 
Tracking Initlized in 4.18s
The initlized frame ID: 2
Track lost soon after initialisation, reseting...
System Reseting
Reseting Local Mapper... done
Reseting Loop Closing... done
Reseting Database... done
1
New map created with 194 points for 0 Feature Type 
New map created with 248 points for 1 Feature Type 
Tracking Initlized in 2.19s
The initlized frame ID: 1
Track lost soon after initialisation, reseting...
System Reseting
Reseting Local Mapper... done
Reseting Loop Closing... done
Reseting Database... done
0
New map created with 557 points for 0 Feature Type 
New map created with 365 points for 1 Feature Type 
Tracking Initlized in 3.57s
The initlized frame ID: 2
Track lost soon after initialisation, reseting...
System Reseting
Reseting Local Mapper... done
Reseting Loop Closing... done
Reseting Database... done
1
New map created with 174 points for 0 Feature Type 
New map created with 234 points for 1 Feature Type 
Tracking Initlized in 2.37s
The initlized frame ID: 1
Track lost soon after initialisation, reseting...
System Reseting
Reseting Local Mapper... done
Reseting Loop Closing... done
Reseting Database... done
1
New map created with 205 points for 0 Feature Type 
New map created with 232 points for 1 Feature Type 
Tracking Initlized in 2.19s
The initlized frame ID: 1
Track lost soon after initialisation, reseting...
System Reseting
Reseting Local Mapper... done
Reseting Loop Closing... done
Reseting Database... done
1
New map created with 550 points for 0 Feature Type 
New map created with 324 points for 1 Feature Type 
Tracking Initlized in 4.18s
The initlized frame ID: 2
Track lost soon after initialisation, reseting...
System Reseting
Reseting Local Mapper... done
Reseting Loop Closing... done
Reseting Database... done
1
New map created with 295 points for 0 Feature Type 
New map created with 201 points for 1 Feature Type 
Tracking Initlized in 2.30s
The initlized frame ID: 1
Track lost soon after initialisation, reseting...
System Reseting
Reseting Local Mapper... done
Reseting Loop Closing... done
Reseting Database... done
0
New map created with 576 points for 0 Feature Type 
New map created with 335 points for 1 Feature Type 
Tracking Initlized in 2.04s
The initlized frame ID: 1
Track lost soon after initialisation, reseting...
System Reseting
Reseting Local Mapper... done
Reseting Loop Closing... done
Reseting Database... done
0
New map created with 580 points for 0 Feature Type 
New map created with 316 points for 1 Feature Type 
Tracking Initlized in 3.80s
The initlized frame ID: 2
Track lost soon after initialisation, reseting...
System Reseting
Reseting Local Mapper... done
Reseting Loop Closing... done
Reseting Database... done
1
New map created with 250 points for 0 Feature Type 
New map created with 227 points for 1 Feature Type 
Tracking Initlized in 1.97s
The initlized frame ID: 1
Track lost soon after initialisation, reseting...
System Reseting
Reseting Local Mapper... done
Reseting Loop Closing... done
Reseting Database... done
0
New map created with 707 points for 0 Feature Type 
New map created with 338 points for 1 Feature Type 
Tracking Initlized in 4.49s
The initlized frame ID: 2
Track lost soon after initialisation, reseting...
System Reseting
Reseting Local Mapper... done
Reseting Loop Closing... done
Reseting Database... done
0
New map created with 696 points for 0 Feature Type 
New map created with 313 points for 1 Feature Type 
Tracking Initlized in 3.54s
The initlized frame ID: 2
Track lost soon after initialisation, reseting...
System Reseting
Reseting Local Mapper... done
Reseting Loop Closing... done
Reseting Database... done
0
New map created with 623 points for 0 Feature Type 
New map created with 262 points for 1 Feature Type 
Tracking Initlized in 4.06s
The initlized frame ID: 2
Track lost soon after initialisation, reseting...
System Reseting
Reseting Local Mapper... done
Reseting Loop Closing... done
Reseting Database... done
1
New map created with 440 points for 0 Feature Type 
New map created with 239 points for 1 Feature Type 
Tracking Initlized in 3.32s
The initlized frame ID: 2
Track lost soon after initialisation, reseting...
System Reseting
Reseting Local Mapper... done
Reseting Loop Closing... done
Reseting Database... done
1
New map created with 242 points for 0 Feature Type 
New map created with 223 points for 1 Feature Type 
Tracking Initlized in 3.70s
The initlized frame ID: 2
Track lost soon after initialisation, reseting...
System Reseting
Reseting Local Mapper... done
Reseting Loop Closing... done
Reseting Database... done
1
New map created with 535 points for 0 Feature Type 
New map created with 281 points for 1 Feature Type 
Tracking Initlized in 4.13s
The initlized frame ID: 2
Track lost soon after initialisation, reseting...
System Reseting
Reseting Local Mapper... done
Reseting Loop Closing... done
Reseting Database... done
1
New map created with 579 points for 0 Feature Type 
New map created with 316 points for 1 Feature Type 
Tracking Initlized in 3.94s
The initlized frame ID: 2
Track lost soon after initialisation, reseting...
System Reseting
Reseting Local Mapper... done
Reseting Loop Closing... done
Reseting Database... done
1
New map created with 370 points for 0 Feature Type 
New map created with 218 points for 1 Feature Type 
Tracking Initlized in 4.02s
The initlized frame ID: 2
Track lost soon after initialisation, reseting...
System Reseting
Reseting Local Mapper... done
Reseting Loop Closing... done
Reseting Database... done
0
New map created with 597 points for 0 Feature Type 
New map created with 282 points for 1 Feature Type 
Tracking Initlized in 3.65s
The initlized frame ID: 2
Track lost soon after initialisation, reseting...
System Reseting
Reseting Local Mapper... done
Reseting Loop Closing... done
Reseting Database... done
0
New map created with 543 points for 0 Feature Type 
New map created with 317 points for 1 Feature Type 
Tracking Initlized in 4.21s
The initlized frame ID: 2
Track lost soon after initialisation, reseting...
System Reseting
Reseting Local Mapper... done
Reseting Loop Closing... done
Reseting Database... done
1
New map created with 404 points for 0 Feature Type 
New map created with 260 points for 1 Feature Type 
Tracking Initlized in 2.32s
The initlized frame ID: 1
Track lost soon after initialisation, reseting...
System Reseting
Reseting Local Mapper... done
Reseting Loop Closing... done
Reseting Database... done
0
New map created with 517 points for 0 Feature Type 
New map created with 321 points for 1 Feature Type 
Tracking Initlized in 3.74s
The initlized frame ID: 2
Track lost soon after initialisation, reseting...
System Reseting
Reseting Local Mapper... done
Reseting Loop Closing... done
Reseting Database... done
1
New map created with 387 points for 0 Feature Type 
New map created with 292 points for 1 Feature Type 
Tracking Initlized in 2.23s
The initlized frame ID: 1
Track lost soon after initialisation, reseting...
System Reseting
Reseting Local Mapper... done
Reseting Loop Closing... done
Reseting Database... done
1
New map created with 380 points for 0 Feature Type 
New map created with 273 points for 1 Feature Type 
Tracking Initlized in 1.70s
The initlized frame ID: 1
Track lost soon after initialisation, reseting...
System Reseting
Reseting Local Mapper... done
Reseting Loop Closing... done
Reseting Database... done
1
New map created with 259 points for 0 Feature Type 
New map created with 244 points for 1 Feature Type 
Tracking Initlized in 2.46s
The initlized frame ID: 1
Track lost soon after initialisation, reseting...
System Reseting
Reseting Local Mapper... done
Reseting Loop Closing... done
Reseting Database... done
0
New map created with 398 points for 0 Feature Type 
New map created with 329 points for 1 Feature Type 
Tracking Initlized in 3.82s
The initlized frame ID: 2
Track lost soon after initialisation, reseting...
System Reseting
Reseting Local Mapper... done
Reseting Loop Closing... done
Reseting Database... done
0
New map created with 364 points for 0 Feature Type 
New map created with 302 points for 1 Feature Type 
Tracking Initlized in 3.92s
The initlized frame ID: 2
Track lost soon after initialisation, reseting...
System Reseting
Reseting Local Mapper... done
Reseting Loop Closing... done
Reseting Database... done
0
New map created with 367 points for 0 Feature Type 
New map created with 291 points for 1 Feature Type 
Tracking Initlized in 4.08s
The initlized frame ID: 2
Track lost soon after initialisation, reseting...
System Reseting
Reseting Local Mapper... done
Reseting Loop Closing... done
Reseting Database... done
0
New map created with 339 points for 0 Feature Type 
New map created with 278 points for 1 Feature Type 
Tracking Initlized in 4.14s
The initlized frame ID: 2
Track lost soon after initialisation, reseting...
System Reseting
Reseting Local Mapper... done
Reseting Loop Closing... done
Reseting Database... done
1
New map created with 173 points for 0 Feature Type 
New map created with 213 points for 1 Feature Type 
Tracking Initlized in 2.19s
The initlized frame ID: 1
Track lost soon after initialisation, reseting...
System Reseting
Reseting Local Mapper... done
Reseting Loop Closing... done
Reseting Database... done
1
New map created with 173 points for 0 Feature Type 
New map created with 189 points for 1 Feature Type 
Tracking Initlized in 2.04s
The initlized frame ID: 1
Track lost soon after initialisation, reseting...
System Reseting
Reseting Local Mapper... done
Reseting Loop Closing... done
Reseting Database... done
1
New map created with 243 points for 0 Feature Type 
New map created with 215 points for 1 Feature Type 
Tracking Initlized in 2.18s
The initlized frame ID: 1
Track lost soon after initialisation, reseting...
System Reseting
Reseting Local Mapper... done
Reseting Loop Closing... done
Reseting Database... done
1
New map created with 212 points for 0 Feature Type 
New map created with 230 points for 1 Feature Type 
Tracking Initlized in 2.15s
The initlized frame ID: 1
Track lost soon after initialisation, reseting...
System Reseting
Reseting Local Mapper... done
Reseting Loop Closing... done
Reseting Database... done
1
New map created with 175 points for 0 Feature Type 
New map created with 228 points for 1 Feature Type 
Tracking Initlized in 2.17s
The initlized frame ID: 1
Track lost soon after initialisation, reseting...
System Reseting
Reseting Local Mapper... done
Reseting Loop Closing... done
Reseting Database... done
0
New map created with 431 points for 0 Feature Type 
New map created with 334 points for 1 Feature Type 
Tracking Initlized in 3.57s
The initlized frame ID: 2
Track lost soon after initialisation, reseting...
System Reseting
Reseting Local Mapper... done
Reseting Loop Closing... done
Reseting Database... done
1
New map created with 378 points for 0 Feature Type 
New map created with 262 points for 1 Feature Type 
Tracking Initlized in 2.34s
The initlized frame ID: 1
Track lost soon after initialisation, reseting...
System Reseting
Reseting Local Mapper... done
Reseting Loop Closing... done
Reseting Database... done
1
New map created with 330 points for 0 Feature Type 
New map created with 284 points for 1 Feature Type 
Tracking Initlized in 2.25s
The initlized frame ID: 1
Track lost soon after initialisation, reseting...
System Reseting
Reseting Local Mapper... done
Reseting Loop Closing... done
Reseting Database... done
1
New map created with 426 points for 0 Feature Type 
New map created with 277 points for 1 Feature Type 
Tracking Initlized in 2.09s
The initlized frame ID: 1
Track lost soon after initialisation, reseting...
System Reseting
Reseting Local Mapper... done
Reseting Loop Closing... done
Reseting Database... done
0
New map created with 474 points for 0 Feature Type 
New map created with 333 points for 1 Feature Type 
Tracking Initlized in 2.02s
The initlized frame ID: 1
Track lost soon after initialisation, reseting...
System Reseting
Reseting Local Mapper... done
Reseting Loop Closing... done
Reseting Database... done
0
New map created with 538 points for 0 Feature Type 
New map created with 343 points for 1 Feature Type 
Tracking Initlized in 1.91s
The initlized frame ID: 1
Track lost soon after initialisation, reseting...
System Reseting
Reseting Local Mapper... done
Reseting Loop Closing... done
Reseting Database... done
0
New map created with 605 points for 0 Feature Type 
New map created with 347 points for 1 Feature Type 
Tracking Initlized in 1.90s
The initlized frame ID: 1
Track lost soon after initialisation, reseting...
System Reseting
Reseting Local Mapper... done
Reseting Loop Closing... done
Reseting Database... done
0
New map created with 620 points for 0 Feature Type 
New map created with 393 points for 1 Feature Type 
Tracking Initlized in 2.11s
The initlized frame ID: 1
Track lost soon after initialisation, reseting...
System Reseting
Reseting Local Mapper... done
Reseting Loop Closing... done
Reseting Database... done
0
New map created with 594 points for 0 Feature Type 
New map created with 357 points for 1 Feature Type 
Tracking Initlized in 1.79s
The initlized frame ID: 1
Track lost soon after initialisation, reseting...
System Reseting
Reseting Local Mapper... done
Reseting Loop Closing... done
Reseting Database... done
0
New map created with 506 points for 0 Feature Type 
New map created with 326 points for 1 Feature Type 
Tracking Initlized in 2.00s
The initlized frame ID: 1
Track lost soon after initialisation, reseting...
System Reseting
Reseting Local Mapper... done
Reseting Loop Closing... done
Reseting Database... done
0
New map created with 518 points for 0 Feature Type 
New map created with 303 points for 1 Feature Type 
Tracking Initlized in 1.95s
The initlized frame ID: 1
Track lost soon after initialisation, reseting...
System Reseting
Reseting Local Mapper... done
Reseting Loop Closing... done
Reseting Database... done
0
New map created with 411 points for 0 Feature Type 
New map created with 281 points for 1 Feature Type 
Tracking Initlized in 2.06s
The initlized frame ID: 1
Track lost soon after initialisation, reseting...
System Reseting
Reseting Local Mapper... done
Reseting Loop Closing... done
Reseting Database... done
0
New map created with 403 points for 0 Feature Type 
New map created with 272 points for 1 Feature Type 
Tracking Initlized in 1.96s
The initlized frame ID: 1
Track lost soon after initialisation, reseting...
System Reseting
Reseting Local Mapper... done
Reseting Loop Closing... done
Reseting Database... done
0
New map created with 386 points for 0 Feature Type 
New map created with 282 points for 1 Feature Type 
Tracking Initlized in 2.21s
The initlized frame ID: 1
Track lost soon after initialisation, reseting...
System Reseting
Reseting Local Mapper... done
Reseting Loop Closing... done
Reseting Database... done
0
New map created with 333 points for 0 Feature Type 
New map created with 287 points for 1 Feature Type 
Tracking Initlized in 2.46s
The initlized frame ID: 1
Track lost soon after initialisation, reseting...
System Reseting
Reseting Local Mapper... done
Reseting Loop Closing... done
Reseting Database... done
0
New map created with 365 points for 0 Feature Type 
New map created with 303 points for 1 Feature Type 
Tracking Initlized in 1.76s
The initlized frame ID: 1
Track lost soon after initialisation, reseting...
System Reseting
Reseting Local Mapper... done
Reseting Loop Closing... done
Reseting Database... done
0
New map created with 345 points for 0 Feature Type 
New map created with 313 points for 1 Feature Type 
Tracking Initlized in 1.85s
The initlized frame ID: 1
Track lost soon after initialisation, reseting...
System Reseting
Reseting Local Mapper... done
Reseting Loop Closing... done
Reseting Database... done
0
New map created with 317 points for 0 Feature Type 
New map created with 329 points for 1 Feature Type 
Tracking Initlized in 1.91s
The initlized frame ID: 1
Track lost soon after initialisation, reseting...
System Reseting
Reseting Local Mapper... done
Reseting Loop Closing... done
Reseting Database... done
0
New map created with 361 points for 0 Feature Type 
New map created with 335 points for 1 Feature Type 
Tracking Initlized in 2.14s
The initlized frame ID: 1
Track lost soon after initialisation, reseting...
System Reseting
Reseting Local Mapper... done
Reseting Loop Closing... done
Reseting Database... done
0
New map created with 358 points for 0 Feature Type 
New map created with 341 points for 1 Feature Type 
Tracking Initlized in 2.17s
The initlized frame ID: 1
Track lost soon after initialisation, reseting...
System Reseting
Reseting Local Mapper... done
Reseting Loop Closing... done
Reseting Database... done
1
New map created with 278 points for 0 Feature Type 
New map created with 312 points for 1 Feature Type 
Tracking Initlized in 2.12s
The initlized frame ID: 1
Track lost soon after initialisation, reseting...
System Reseting
Reseting Local Mapper... done
Reseting Loop Closing... done
Reseting Database... done
1
New map created with 247 points for 0 Feature Type 
New map created with 321 points for 1 Feature Type 
Tracking Initlized in 2.30s
The initlized frame ID: 1
Track lost soon after initialisation, reseting...
System Reseting
Reseting Local Mapper... done
Reseting Loop Closing... done
Reseting Database... done
1
New map created with 225 points for 0 Feature Type 
New map created with 287 points for 1 Feature Type 
Tracking Initlized in 1.86s
The initlized frame ID: 1
Track lost soon after initialisation, reseting...
System Reseting
Reseting Local Mapper... done
Reseting Loop Closing... done
Reseting Database... done
1
New map created with 262 points for 0 Feature Type 
New map created with 273 points for 1 Feature Type 
Tracking Initlized in 2.29s
The initlized frame ID: 1
Track lost soon after initialisation, reseting...
System Reseting
Reseting Local Mapper... done
Reseting Loop Closing... done
Reseting Database... done
1
New map created with 208 points for 0 Feature Type 
New map created with 248 points for 1 Feature Type 
Tracking Initlized in 2.11s
The initlized frame ID: 1
Track lost soon after initialisation, reseting...
System Reseting
Reseting Local Mapper... done
Reseting Loop Closing... done
Reseting Database... done
1
New map created with 238 points for 0 Feature Type 
New map created with 248 points for 1 Feature Type 
Tracking Initlized in 2.48s
The initlized frame ID: 1
Track lost soon after initialisation, reseting...
System Reseting
Reseting Local Mapper... done
Reseting Loop Closing... done
Reseting Database... done
1
New map created with 393 points for 0 Feature Type 
New map created with 308 points for 1 Feature Type 
Tracking Initlized in 2.06s
The initlized frame ID: 1
Track lost soon after initialisation, reseting...
System Reseting
Reseting Local Mapper... done
Reseting Loop Closing... done
Reseting Database... done
0
New map created with 457 points for 0 Feature Type 
New map created with 323 points for 1 Feature Type 
Tracking Initlized in 2.08s
The initlized frame ID: 1
Track lost soon after initialisation, reseting...
System Reseting
Reseting Local Mapper... done
Reseting Loop Closing... done
Reseting Database... done
0
New map created with 591 points for 0 Feature Type 
New map created with 339 points for 1 Feature Type 
Tracking Initlized in 2.27s
The initlized frame ID: 1
Track lost soon after initialisation, reseting...
System Reseting
Reseting Local Mapper... done
Reseting Loop Closing... done
Reseting Database... done
0
New map created with 591 points for 0 Feature Type 
New map created with 343 points for 1 Feature Type 
Tracking Initlized in 2.23s
The initlized frame ID: 1
Track lost soon after initialisation, reseting...
System Reseting
Reseting Local Mapper... done
Reseting Loop Closing... done
Reseting Database... done
0
New map created with 555 points for 0 Feature Type 
New map created with 362 points for 1 Feature Type 
Tracking Initlized in 1.92s
The initlized frame ID: 1
Track lost soon after initialisation, reseting...
System Reseting
Reseting Local Mapper... done
Reseting Loop Closing... done
Reseting Database... done
0
New map created with 630 points for 0 Feature Type 
New map created with 361 points for 1 Feature Type 
Tracking Initlized in 2.37s
The initlized frame ID: 1
Track lost soon after initialisation, reseting...
System Reseting
Reseting Local Mapper... done
Reseting Loop Closing... done
Reseting Database... done
0
New map created with 706 points for 0 Feature Type 
New map created with 356 points for 1 Feature Type 
Tracking Initlized in 2.27s
The initlized frame ID: 1
Track lost soon after initialisation, reseting...
System Reseting
Reseting Local Mapper... done
Reseting Loop Closing... done
Reseting Database... done
0
New map created with 776 points for 0 Feature Type 
New map created with 372 points for 1 Feature Type 
Tracking Initlized in 2.41s
The initlized frame ID: 1
Track lost soon after initialisation, reseting...
System Reseting
Reseting Local Mapper... done
Reseting Loop Closing... done
Reseting Database... done
0
New map created with 764 points for 0 Feature Type 
New map created with 346 points for 1 Feature Type 
Tracking Initlized in 1.96s
The initlized frame ID: 1
Track lost soon after initialisation, reseting...
System Reseting
Reseting Local Mapper... done
Reseting Loop Closing... done
Reseting Database... done
0
New map created with 814 points for 0 Feature Type 
New map created with 359 points for 1 Feature Type 
Tracking Initlized in 2.11s
The initlized frame ID: 1
Track lost soon after initialisation, reseting...
System Reseting
Reseting Local Mapper... done
Reseting Loop Closing... done
Reseting Database... done
0
New map created with 753 points for 0 Feature Type 
New map created with 352 points for 1 Feature Type 
Tracking Initlized in 2.33s
The initlized frame ID: 1
Track lost soon after initialisation, reseting...
System Reseting
Reseting Local Mapper... done
Reseting Loop Closing... done
Reseting Database... done
0
New map created with 653 points for 0 Feature Type 
New map created with 333 points for 1 Feature Type 
Tracking Initlized in 1.85s
The initlized frame ID: 1
Track lost soon after initialisation, reseting...
System Reseting
Reseting Local Mapper... done
Reseting Loop Closing... done
Reseting Database... done
0
New map created with 542 points for 0 Feature Type 
New map created with 334 points for 1 Feature Type 
Tracking Initlized in 1.93s
The initlized frame ID: 1
Track lost soon after initialisation, reseting...
System Reseting
Reseting Local Mapper... done
Reseting Loop Closing... done
Reseting Database... done
1
New map created with 348 points for 0 Feature Type 
New map created with 292 points for 1 Feature Type 
Tracking Initlized in 2.71s
The initlized frame ID: 1
Track lost soon after initialisation, reseting...
System Reseting
Reseting Local Mapper... done
Reseting Loop Closing... done
Reseting Database... done
1
New map created with 223 points for 0 Feature Type 
New map created with 219 points for 1 Feature Type 
Tracking Initlized in 2.17s
The initlized frame ID: 1
Track lost soon after initialisation, reseting...
System Reseting
Reseting Local Mapper... done
Reseting Loop Closing... done
Reseting Database... done
1
New map created with 297 points for 0 Feature Type 
New map created with 236 points for 1 Feature Type 
Tracking Initlized in 1.83s
The initlized frame ID: 1
Track lost soon after initialisation, reseting...
System Reseting
Reseting Local Mapper... done
Reseting Loop Closing... done
Reseting Database... done
1
New map created with 300 points for 0 Feature Type 
New map created with 213 points for 1 Feature Type 
Tracking Initlized in 1.82s
The initlized frame ID: 1
Track lost soon after initialisation, reseting...
System Reseting
Reseting Local Mapper... done
Reseting Loop Closing... done
Reseting Database... done
1
New map created with 219 points for 0 Feature Type 
New map created with 200 points for 1 Feature Type 
Tracking Initlized in 2.54s
The initlized frame ID: 1
Track lost soon after initialisation, reseting...
System Reseting
Reseting Local Mapper... done
Reseting Loop Closing... done
Reseting Database... done
1
New map created with 208 points for 0 Feature Type 
New map created with 181 points for 1 Feature Type 
Tracking Initlized in 1.87s
The initlized frame ID: 1
Track lost soon after initialisation, reseting...
System Reseting
Reseting Local Mapper... done
Reseting Loop Closing... done
Reseting Database... done
0
New map created with 531 points for 0 Feature Type 
New map created with 339 points for 1 Feature Type 
Tracking Initlized in 3.90s
The initlized frame ID: 2
Track lost soon after initialisation, reseting...
System Reseting
Reseting Local Mapper... done
Reseting Loop Closing... done
Reseting Database... done
0
New map created with 619 points for 0 Feature Type 
New map created with 360 points for 1 Feature Type 
Tracking Initlized in 6.41s
The initlized frame ID: 3
Track lost soon after initialisation, reseting...
System Reseting
Reseting Local Mapper... done
Reseting Loop Closing... done
Reseting Database... done
1
New map created with 626 points for 0 Feature Type 
New map created with 352 points for 1 Feature Type 
Tracking Initlized in 3.82s
The initlized frame ID: 2
Track lost soon after initialisation, reseting...
System Reseting
Reseting Local Mapper... done
Reseting Loop Closing... done
Reseting Database... done
0
New map created with 494 points for 0 Feature Type 
New map created with 350 points for 1 Feature Type 
Tracking Initlized in 3.51s
The initlized frame ID: 2
Track lost soon after initialisation, reseting...
System Reseting
Reseting Local Mapper... done
Reseting Loop Closing... done
Reseting Database... done
0
New map created with 442 points for 0 Feature Type 
New map created with 353 points for 1 Feature Type 
Tracking Initlized in 3.85s
The initlized frame ID: 2
Track lost soon after initialisation, reseting...
System Reseting
Reseting Local Mapper... done
Reseting Loop Closing... done
Reseting Database... done
1
New map created with 322 points for 0 Feature Type 
New map created with 285 points for 1 Feature Type 
Tracking Initlized in 2.05s
The initlized frame ID: 1
Track lost soon after initialisation, reseting...
System Reseting
Reseting Local Mapper... done
Reseting Loop Closing... done
Reseting Database... done
0
New map created with 532 points for 0 Feature Type 
New map created with 361 points for 1 Feature Type 
Tracking Initlized in 3.44s
The initlized frame ID: 2
Track lost soon after initialisation, reseting...
System Reseting
Reseting Local Mapper... done
Reseting Loop Closing... done
Reseting Database... done
1
New map created with 410 points for 0 Feature Type 
New map created with 308 points for 1 Feature Type 
Tracking Initlized in 4.12s
The initlized frame ID: 2
Track lost soon after initialisation, reseting...
System Reseting
Reseting Local Mapper... done
Reseting Loop Closing... done
Reseting Database... done
0
New map created with 405 points for 0 Feature Type 
New map created with 309 points for 1 Feature Type 
Tracking Initlized in 4.35s
The initlized frame ID: 2
Track lost soon after initialisation, reseting...
System Reseting
Reseting Local Mapper... done
Reseting Loop Closing... done
Reseting Database... done
0
New map created with 390 points for 0 Feature Type 
New map created with 331 points for 1 Feature Type 
Tracking Initlized in 4.10s
The initlized frame ID: 2
Track lost soon after initialisation, reseting...
System Reseting
Reseting Local Mapper... done
Reseting Loop Closing... done
Reseting Database... done
1
New map created with 212 points for 0 Feature Type 
New map created with 241 points for 1 Feature Type 
Tracking Initlized in 1.82s
The initlized frame ID: 1
Track lost soon after initialisation, reseting...
System Reseting
Reseting Local Mapper... done
Reseting Loop Closing... done
Reseting Database... done
0
New map created with 313 points for 0 Feature Type 
New map created with 292 points for 1 Feature Type 
Tracking Initlized in 3.63s
The initlized frame ID: 2
Track lost soon after initialisation, reseting...
System Reseting
Reseting Local Mapper... done
Reseting Loop Closing... done
Reseting Database... done
0
New map created with 477 points for 0 Feature Type 
New map created with 267 points for 1 Feature Type 
Tracking Initlized in 3.83s
The initlized frame ID: 2
Track lost soon after initialisation, reseting...
System Reseting
Reseting Local Mapper... done
Reseting Loop Closing... done
Reseting Database... done
0
New map created with 361 points for 0 Feature Type 
New map created with 268 points for 1 Feature Type 
Tracking Initlized in 3.96s
The initlized frame ID: 2
Track lost soon after initialisation, reseting...
System Reseting
Reseting Local Mapper... done
Reseting Loop Closing... done
Reseting Database... done
0
New map created with 316 points for 0 Feature Type 
New map created with 286 points for 1 Feature Type 
Tracking Initlized in 2.31s
The initlized frame ID: 1
Track lost soon after initialisation, reseting...
System Reseting
Reseting Local Mapper... done
Reseting Loop Closing... done
Reseting Database... done
1
New map created with 246 points for 0 Feature Type 
New map created with 257 points for 1 Feature Type 
Tracking Initlized in 2.26s
The initlized frame ID: 1
Track lost soon after initialisation, reseting...
System Reseting
Reseting Local Mapper... done
Reseting Loop Closing... done
Reseting Database... done
1
New map created with 278 points for 0 Feature Type 
New map created with 175 points for 1 Feature Type 
Tracking Initlized in 3.48s
The initlized frame ID: 2
Track lost soon after initialisation, reseting...
System Reseting
Reseting Local Mapper... done
Reseting Loop Closing... done
Reseting Database... done
1
New map created with 815 points for 0 Feature Type 
New map created with 265 points for 1 Feature Type 
Tracking Initlized in 2.18s
The initlized frame ID: 1
Track lost soon after initialisation, reseting...
System Reseting
Reseting Local Mapper... done
Reseting Loop Closing... done
Reseting Database... done
0
New map created with 1091 points for 0 Feature Type 
New map created with 228 points for 1 Feature Type 
Tracking Initlized in 114.59s
The initlized frame ID: 69
Track lost soon after initialisation, reseting...
System Reseting
Reseting Local Mapper... done
Reseting Loop Closing... done
Reseting Database... done
0
New map created with 1198 points for 0 Feature Type 
New map created with 275 points for 1 Feature Type 
Tracking Initlized in 2.09s
The initlized frame ID: 1
The lost frame ID: 598
The lost frame ID: 599
The lost frame ID: 601
The lost frame ID: 602
The lost frame ID: 603
The lost frame ID: 604
The lost frame ID: 605
The lost frame ID: 606
The lost frame ID: 607
The lost frame ID: 608
The lost frame ID: 609

Saving camera trajectory to TrajectoryBeforeReset_oxf_sft_spp_r01_seg06_pid2017535_1757524871098.txt ...

trajectory saved!
[Tracking] wrote pre-reset trajectory to TrajectoryBeforeReset_oxf_sft_spp_r01_seg06_pid2017535_1757524871098.txt
[Tracking] LOST for 10 consecutive frames -> reset
System Reseting
Reseting Local Mapper... done
Reseting Loop Closing... done
Reseting Database... done
1
New map created with 565 points for 0 Feature Type 
New map created with 303 points for 1 Feature Type 
Tracking Initlized in 2.26s
The initlized frame ID: 1
Track lost soon after initialisation, reseting...
System Reseting
Reseting Local Mapper... done
Reseting Loop Closing... done
Reseting Database... done
0
New map created with 851 points for 0 Feature Type 
New map created with 302 points for 1 Feature Type 
Tracking Initlized in 4.13s
The initlized frame ID: 2
Track lost soon after initialisation, reseting...
System Reseting
Reseting Local Mapper... done
Reseting Loop Closing... done
Reseting Database... done
0
New map created with 898 points for 0 Feature Type 
New map created with 272 points for 1 Feature Type 
Tracking Initlized in 4.33s
The initlized frame ID: 2
Track lost soon after initialisation, reseting...
System Reseting
Reseting Local Mapper... done
Reseting Loop Closing... done
Reseting Database... done
0
New map created with 915 points for 0 Feature Type 
New map created with 277 points for 1 Feature Type 
Tracking Initlized in 3.67s
The initlized frame ID: 2
Track lost soon after initialisation, reseting...
System Reseting
Reseting Local Mapper... done
Reseting Loop Closing... done
Reseting Database... done
0
New map created with 821 points for 0 Feature Type 
New map created with 273 points for 1 Feature Type 
Tracking Initlized in 3.71s
The initlized frame ID: 2
Track lost soon after initialisation, reseting...
System Reseting
Reseting Local Mapper... done
Reseting Loop Closing... done
Reseting Database... done
0
New map created with 841 points for 0 Feature Type 
New map created with 262 points for 1 Feature Type 
Tracking Initlized in 3.54s
The initlized frame ID: 2
Track lost soon after initialisation, reseting...
System Reseting
Reseting Local Mapper... done
Reseting Loop Closing... done
Reseting Database... done
0
New map created with 716 points for 0 Feature Type 
New map created with 272 points for 1 Feature Type 
Tracking Initlized in 4.66s
The initlized frame ID: 2
Track lost soon after initialisation, reseting...
System Reseting
Reseting Local Mapper... done
Reseting Loop Closing... done
Reseting Database... done
0
New map created with 671 points for 0 Feature Type 
New map created with 290 points for 1 Feature Type 
Tracking Initlized in 2.28s
The initlized frame ID: 1
Track lost soon after initialisation, reseting...
System Reseting
Reseting Local Mapper... done
Reseting Loop Closing... done
Reseting Database... done
0
New map created with 674 points for 0 Feature Type 
New map created with 304 points for 1 Feature Type 
Tracking Initlized in 1.94s
The initlized frame ID: 1
Track lost soon after initialisation, reseting...
System Reseting
Reseting Local Mapper... done
Reseting Loop Closing... done
Reseting Database... done
1
New map created with 733 points for 0 Feature Type 
New map created with 268 points for 1 Feature Type 
Tracking Initlized in 2.04s
The initlized frame ID: 1
Track lost soon after initialisation, reseting...
System Reseting
Reseting Local Mapper... done
Reseting Loop Closing... done
Reseting Database... done
1
New map created with 599 points for 0 Feature Type 
New map created with 269 points for 1 Feature Type 
Tracking Initlized in 2.05s
The initlized frame ID: 1
Track lost soon after initialisation, reseting...
System Reseting
Reseting Local Mapper... done
Reseting Loop Closing... done
Reseting Database... done
0
New map created with 531 points for 0 Feature Type 
New map created with 276 points for 1 Feature Type 
Tracking Initlized in 3.49s
The initlized frame ID: 2
Track lost soon after initialisation, reseting...
System Reseting
Reseting Local Mapper... done
Reseting Loop Closing... done
Reseting Database... done
0
New map created with 592 points for 0 Feature Type 
New map created with 311 points for 1 Feature Type 
Tracking Initlized in 1.86s
The initlized frame ID: 1
Track lost soon after initialisation, reseting...
System Reseting
Reseting Local Mapper... done
Reseting Loop Closing... done
Reseting Database... done
1
New map created with 544 points for 0 Feature Type 
New map created with 324 points for 1 Feature Type 
Tracking Initlized in 1.88s
The initlized frame ID: 1
Track lost soon after initialisation, reseting...
System Reseting
Reseting Local Mapper... done
Reseting Loop Closing... done
Reseting Database... done
1
New map created with 619 points for 0 Feature Type 
New map created with 324 points for 1 Feature Type 
Tracking Initlized in 2.39s
The initlized frame ID: 1
Track lost soon after initialisation, reseting...
System Reseting
Reseting Local Mapper... done
Reseting Loop Closing... done
Reseting Database... done
0
New map created with 672 points for 0 Feature Type 
New map created with 362 points for 1 Feature Type 
Tracking Initlized in 2.61s
The initlized frame ID: 1
Track lost soon after initialisation, reseting...
System Reseting
Reseting Local Mapper... done
Reseting Loop Closing... done
Reseting Database... done
0
New map created with 600 points for 0 Feature Type 
New map created with 313 points for 1 Feature Type 
Tracking Initlized in 2.54s
The initlized frame ID: 1
Track lost soon after initialisation, reseting...
System Reseting
Reseting Local Mapper... done
Reseting Loop Closing... done
Reseting Database... done
1
New map created with 562 points for 0 Feature Type 
New map created with 274 points for 1 Feature Type 
Tracking Initlized in 2.07s
The initlized frame ID: 1
Track lost soon after initialisation, reseting...
System Reseting
Reseting Local Mapper... done
Reseting Loop Closing... done
Reseting Database... done
0
New map created with 498 points for 0 Feature Type 
New map created with 297 points for 1 Feature Type 
Tracking Initlized in 2.18s
The initlized frame ID: 1
Track lost soon after initialisation, reseting...
System Reseting
Reseting Local Mapper... done
Reseting Loop Closing... done
Reseting Database... done
0
New map created with 457 points for 0 Feature Type 
New map created with 302 points for 1 Feature Type 
Tracking Initlized in 2.01s
The initlized frame ID: 1
Track lost soon after initialisation, reseting...
System Reseting
Reseting Local Mapper... done
Reseting Loop Closing... done
Reseting Database... done
0
New map created with 489 points for 0 Feature Type 
New map created with 275 points for 1 Feature Type 
Tracking Initlized in 2.39s
The initlized frame ID: 1
Track lost soon after initialisation, reseting...
System Reseting
Reseting Local Mapper... done
Reseting Loop Closing... done
Reseting Database... done
0
New map created with 568 points for 0 Feature Type 
New map created with 314 points for 1 Feature Type 
Tracking Initlized in 2.26s
The initlized frame ID: 1
Track lost soon after initialisation, reseting...
System Reseting
Reseting Local Mapper... done
Reseting Loop Closing... done
Reseting Database... done
0
New map created with 592 points for 0 Feature Type 
New map created with 287 points for 1 Feature Type 
Tracking Initlized in 2.31s
The initlized frame ID: 1
Track lost soon after initialisation, reseting...
System Reseting
Reseting Local Mapper... done
Reseting Loop Closing... done
Reseting Database... done
0
New map created with 619 points for 0 Feature Type 
New map created with 288 points for 1 Feature Type 
Tracking Initlized in 2.11s
The initlized frame ID: 1
Track lost soon after initialisation, reseting...
System Reseting
Reseting Local Mapper... done
Reseting Loop Closing... done
Reseting Database... done
0
New map created with 566 points for 0 Feature Type 
New map created with 289 points for 1 Feature Type 
Tracking Initlized in 2.38s
The initlized frame ID: 1
Track lost soon after initialisation, reseting...
System Reseting
Reseting Local Mapper... done
Reseting Loop Closing... done
Reseting Database... done
0
New map created with 568 points for 0 Feature Type 
New map created with 309 points for 1 Feature Type 
Tracking Initlized in 1.98s
The initlized frame ID: 1
Track lost soon after initialisation, reseting...
System Reseting
Reseting Local Mapper... done
Reseting Loop Closing... done
Reseting Database... done
0
New map created with 528 points for 0 Feature Type 
New map created with 253 points for 1 Feature Type 
Tracking Initlized in 2.10s
The initlized frame ID: 1
Track lost soon after initialisation, reseting...
System Reseting
Reseting Local Mapper... done
Reseting Loop Closing... done
Reseting Database... done
0
New map created with 550 points for 0 Feature Type 
New map created with 275 points for 1 Feature Type 
Tracking Initlized in 3.91s
The initlized frame ID: 2
Track lost soon after initialisation, reseting...
System Reseting
Reseting Local Mapper... done
Reseting Loop Closing... done
Reseting Database... done
0
New map created with 588 points for 0 Feature Type 
New map created with 306 points for 1 Feature Type 
Tracking Initlized in 4.38s
The initlized frame ID: 2
Track lost soon after initialisation, reseting...
System Reseting
Reseting Local Mapper... done
Reseting Loop Closing... done
Reseting Database... done
0
New map created with 568 points for 0 Feature Type 
New map created with 325 points for 1 Feature Type 
Tracking Initlized in 3.99s
The initlized frame ID: 2
Track lost soon after initialisation, reseting...
System Reseting
Reseting Local Mapper... done
Reseting Loop Closing... done
Reseting Database... done
0
New map created with 594 points for 0 Feature Type 
New map created with 297 points for 1 Feature Type 
Tracking Initlized in 1.94s
The initlized frame ID: 1
Track lost soon after initialisation, reseting...
System Reseting
Reseting Local Mapper... done
Reseting Loop Closing... done
Reseting Database... done
0
New map created with 641 points for 0 Feature Type 
New map created with 297 points for 1 Feature Type 
Tracking Initlized in 2.08s
The initlized frame ID: 1
Track lost soon after initialisation, reseting...
System Reseting
Reseting Local Mapper... done
Reseting Loop Closing... done
Reseting Database... done
0
New map created with 635 points for 0 Feature Type 
New map created with 296 points for 1 Feature Type 
Tracking Initlized in 2.44s
The initlized frame ID: 1
Track lost soon after initialisation, reseting...
System Reseting
Reseting Local Mapper... done
Reseting Loop Closing... done
Reseting Database... done
0
New map created with 633 points for 0 Feature Type 
New map created with 275 points for 1 Feature Type 
Tracking Initlized in 2.07s
The initlized frame ID: 1
Track lost soon after initialisation, reseting...
System Reseting
Reseting Local Mapper... done
Reseting Loop Closing... done
Reseting Database... done
0
New map created with 841 points for 0 Feature Type 
New map created with 301 points for 1 Feature Type 
Tracking Initlized in 4.09s
The initlized frame ID: 2
Track lost soon after initialisation, reseting...
System Reseting
Reseting Local Mapper... done
Reseting Loop Closing... done
Reseting Database... done
1
New map created with 589 points for 0 Feature Type 
New map created with 298 points for 1 Feature Type 
Tracking Initlized in 1.99s
The initlized frame ID: 1
Track lost soon after initialisation, reseting...
System Reseting
Reseting Local Mapper... done
Reseting Loop Closing... done
Reseting Database... done
1
New map created with 730 points for 0 Feature Type 
New map created with 319 points for 1 Feature Type 
Tracking Initlized in 2.28s
The initlized frame ID: 1
Track lost soon after initialisation, reseting...
System Reseting
Reseting Local Mapper... done
Reseting Loop Closing... done
Reseting Database... done
0
New map created with 594 points for 0 Feature Type 
New map created with 294 points for 1 Feature Type 
Tracking Initlized in 1.92s
The initlized frame ID: 1
Track lost soon after initialisation, reseting...
System Reseting
Reseting Local Mapper... done
Reseting Loop Closing... done
Reseting Database... done
0
New map created with 865 points for 0 Feature Type 
New map created with 292 points for 1 Feature Type 
Tracking Initlized in 3.88s
The initlized frame ID: 2
Track lost soon after initialisation, reseting...
System Reseting
Reseting Local Mapper... done
Reseting Loop Closing... done
Reseting Database... done
1
New map created with 580 points for 0 Feature Type 
New map created with 253 points for 1 Feature Type 
Tracking Initlized in 2.18s
The initlized frame ID: 1
Track lost soon after initialisation, reseting...
System Reseting
Reseting Local Mapper... done
Reseting Loop Closing... done
Reseting Database... done
1
New map created with 760 points for 0 Feature Type 
New map created with 367 points for 1 Feature Type 
Tracking Initlized in 2.11s
The initlized frame ID: 1
Track lost soon after initialisation, reseting...
System Reseting
Reseting Local Mapper... done
Reseting Loop Closing... done
Reseting Database... done
0
New map created with 831 points for 0 Feature Type 
New map created with 385 points for 1 Feature Type 
Tracking Initlized in 2.08s
The initlized frame ID: 1
Track lost soon after initialisation, reseting...
System Reseting
Reseting Local Mapper... done
Reseting Loop Closing... done
Reseting Database... done
1
New map created with 534 points for 0 Feature Type 
New map created with 266 points for 1 Feature Type 
Tracking Initlized in 2.16s
The initlized frame ID: 1
Track lost soon after initialisation, reseting...
System Reseting
Reseting Local Mapper... done
Reseting Loop Closing... done
Reseting Database... done
1
New map created with 1033 points for 0 Feature Type 
New map created with 253 points for 1 Feature Type 
Tracking Initlized in 2.44s
The initlized frame ID: 1
Track lost soon after initialisation, reseting...
System Reseting
Reseting Local Mapper... done
Reseting Loop Closing... done
Reseting Database... done
0
New map created with 762 points for 0 Feature Type 
New map created with 310 points for 1 Feature Type 
Tracking Initlized in 4.00s
The initlized frame ID: 2
Track lost soon after initialisation, reseting...
System Reseting
Reseting Local Mapper... done
Reseting Loop Closing... done
Reseting Database... done
1
New map created with 823 points for 0 Feature Type 
New map created with 339 points for 1 Feature Type 
Tracking Initlized in 2.51s
The initlized frame ID: 1
Track lost soon after initialisation, reseting...
System Reseting
Reseting Local Mapper... done
Reseting Loop Closing... done
Reseting Database... done
1
New map created with 725 points for 0 Feature Type 
New map created with 277 points for 1 Feature Type 
Tracking Initlized in 1.77s
The initlized frame ID: 1
Track lost soon after initialisation, reseting...
System Reseting
Reseting Local Mapper... done
Reseting Loop Closing... done
Reseting Database... done
1
New map created with 756 points for 0 Feature Type 
New map created with 336 points for 1 Feature Type 
Tracking Initlized in 1.97s
The initlized frame ID: 1
Track lost soon after initialisation, reseting...
System Reseting
Reseting Local Mapper... done
Reseting Loop Closing... done
Reseting Database... done
0
New map created with 668 points for 0 Feature Type 
New map created with 334 points for 1 Feature Type 
Tracking Initlized in 4.59s
The initlized frame ID: 2
Track lost soon after initialisation, reseting...
System Reseting
Reseting Local Mapper... done
Reseting Loop Closing... done
Reseting Database... done
1
New map created with 703 points for 0 Feature Type 
New map created with 321 points for 1 Feature Type 
Tracking Initlized in 2.08s
The initlized frame ID: 1
Track lost soon after initialisation, reseting...
System Reseting
Reseting Local Mapper... done
Reseting Loop Closing... done
Reseting Database... done
0
New map created with 693 points for 0 Feature Type 
New map created with 328 points for 1 Feature Type 
Tracking Initlized in 2.09s
The initlized frame ID: 1
Track lost soon after initialisation, reseting...
System Reseting
Reseting Local Mapper... done
Reseting Loop Closing... done
Reseting Database... done
0
New map created with 634 points for 0 Feature Type 
New map created with 266 points for 1 Feature Type 
Tracking Initlized in 2.05s
The initlized frame ID: 1
Track lost soon after initialisation, reseting...
System Reseting
Reseting Local Mapper... done
Reseting Loop Closing... done
Reseting Database... done
1
New map created with 590 points for 0 Feature Type 
New map created with 260 points for 1 Feature Type 
Tracking Initlized in 2.32s
The initlized frame ID: 1
Track lost soon after initialisation, reseting...
System Reseting
Reseting Local Mapper... done
Reseting Loop Closing... done
Reseting Database... done
1
New map created with 612 points for 0 Feature Type 
New map created with 318 points for 1 Feature Type 
Tracking Initlized in 2.17s
The initlized frame ID: 1
Track lost soon after initialisation, reseting...
System Reseting
Reseting Local Mapper... done
Reseting Loop Closing... done
Reseting Database... done
0
New map created with 649 points for 0 Feature Type 
New map created with 279 points for 1 Feature Type 
Tracking Initlized in 2.32s
The initlized frame ID: 1
Track lost soon after initialisation, reseting...
System Reseting
Reseting Local Mapper... done
Reseting Loop Closing... done
Reseting Database... done
0
New map created with 577 points for 0 Feature Type 
New map created with 286 points for 1 Feature Type 
Tracking Initlized in 2.13s
The initlized frame ID: 1
Track lost soon after initialisation, reseting...
System Reseting
Reseting Local Mapper... done
Reseting Loop Closing... done
Reseting Database... done
0
New map created with 423 points for 0 Feature Type 
New map created with 265 points for 1 Feature Type 
Tracking Initlized in 2.34s
The initlized frame ID: 1
Track lost soon after initialisation, reseting...
System Reseting
Reseting Local Mapper... done
Reseting Loop Closing... done
Reseting Database... done
1
New map created with 305 points for 0 Feature Type 
New map created with 243 points for 1 Feature Type 
Tracking Initlized in 2.34s
The initlized frame ID: 1
Track lost soon after initialisation, reseting...
System Reseting
Reseting Local Mapper... done
Reseting Loop Closing... done
Reseting Database... done
1
New map created with 318 points for 0 Feature Type 
New map created with 256 points for 1 Feature Type 
Tracking Initlized in 2.21s
The initlized frame ID: 1
Track lost soon after initialisation, reseting...
System Reseting
Reseting Local Mapper... done
Reseting Loop Closing... done
Reseting Database... done
0
New map created with 538 points for 0 Feature Type 
New map created with 272 points for 1 Feature Type 
Tracking Initlized in 4.28s
The initlized frame ID: 2
Track lost soon after initialisation, reseting...
System Reseting
Reseting Local Mapper... done
Reseting Loop Closing... done
Reseting Database... done
1
New map created with 281 points for 0 Feature Type 
New map created with 271 points for 1 Feature Type 
Tracking Initlized in 2.28s
The initlized frame ID: 1
Track lost soon after initialisation, reseting...
System Reseting
Reseting Local Mapper... done
Reseting Loop Closing... done
Reseting Database... done
1
New map created with 292 points for 0 Feature Type 
New map created with 247 points for 1 Feature Type 
Tracking Initlized in 2.08s
The initlized frame ID: 1
Track lost soon after initialisation, reseting...
System Reseting
Reseting Local Mapper... done
Reseting Loop Closing... done
Reseting Database... done
1
New map created with 480 points for 0 Feature Type 
New map created with 291 points for 1 Feature Type 
Tracking Initlized in 2.67s
The initlized frame ID: 1
Track lost soon after initialisation, reseting...
System Reseting
Reseting Local Mapper... done
Reseting Loop Closing... done
Reseting Database... done
1
New map created with 945 points for 0 Feature Type 
New map created with 302 points for 1 Feature Type 
Tracking Initlized in 2.41s
The initlized frame ID: 1
Track lost soon after initialisation, reseting...
System Reseting
Reseting Local Mapper... done
Reseting Loop Closing... done
Reseting Database... done
1
New map created with 772 points for 0 Feature Type 
New map created with 289 points for 1 Feature Type 
Tracking Initlized in 2.41s
The initlized frame ID: 1
Track lost soon after initialisation, reseting...
System Reseting
Reseting Local Mapper... done
Reseting Loop Closing... done
Reseting Database... done
0
New map created with 967 points for 0 Feature Type 
New map created with 302 points for 1 Feature Type 
Tracking Initlized in 4.17s
The initlized frame ID: 2
Track lost soon after initialisation, reseting...
System Reseting
Reseting Local Mapper... done
Reseting Loop Closing... done
Reseting Database... done
1
New map created with 901 points for 0 Feature Type 
New map created with 277 points for 1 Feature Type 
Tracking Initlized in 1.99s
The initlized frame ID: 1
Track lost soon after initialisation, reseting...
System Reseting
Reseting Local Mapper... done
Reseting Loop Closing... done
Reseting Database... done
1
New map created with 1283 points for 0 Feature Type 
New map created with 356 points for 1 Feature Type 
Tracking Initlized in 2.00s
The initlized frame ID: 1
Track lost soon after initialisation, reseting...
System Reseting
Reseting Local Mapper... done
Reseting Loop Closing... done
Reseting Database... done
0
New map created with 881 points for 0 Feature Type 
New map created with 308 points for 1 Feature Type 
Tracking Initlized in 2.29s
The initlized frame ID: 1
Track lost soon after initialisation, reseting...
System Reseting
Reseting Local Mapper... done
Reseting Loop Closing... done
Reseting Database... done
0
New map created with 903 points for 0 Feature Type 
New map created with 351 points for 1 Feature Type 
Tracking Initlized in 2.27s
The initlized frame ID: 1
Track lost soon after initialisation, reseting...
System Reseting
Reseting Local Mapper... done
Reseting Loop Closing... done
Reseting Database... done
0
New map created with 952 points for 0 Feature Type 
New map created with 264 points for 1 Feature Type 
Tracking Initlized in 1.97s
The initlized frame ID: 1
Track lost soon after initialisation, reseting...
System Reseting
Reseting Local Mapper... done
Reseting Loop Closing... done
Reseting Database... done
0
New map created with 956 points for 0 Feature Type 
New map created with 313 points for 1 Feature Type 
Tracking Initlized in 1.82s
The initlized frame ID: 1
Track lost soon after initialisation, reseting...
System Reseting
Reseting Local Mapper... done
Reseting Loop Closing... done
Reseting Database... done
0
New map created with 886 points for 0 Feature Type 
New map created with 310 points for 1 Feature Type 
Tracking Initlized in 2.45s
The initlized frame ID: 1
Track lost soon after initialisation, reseting...
System Reseting
Reseting Local Mapper... done
Reseting Loop Closing... done
Reseting Database... done
0
New map created with 841 points for 0 Feature Type 
New map created with 314 points for 1 Feature Type 
Tracking Initlized in 2.26s
The initlized frame ID: 1
Track lost soon after initialisation, reseting...
System Reseting
Reseting Local Mapper... done
Reseting Loop Closing... done
Reseting Database... done
0
New map created with 823 points for 0 Feature Type 
New map created with 285 points for 1 Feature Type 
Tracking Initlized in 2.04s
The initlized frame ID: 1
Track lost soon after initialisation, reseting...
System Reseting
Reseting Local Mapper... done
Reseting Loop Closing... done
Reseting Database... done
0
New map created with 779 points for 0 Feature Type 
New map created with 302 points for 1 Feature Type 
Tracking Initlized in 2.41s
The initlized frame ID: 1
Track lost soon after initialisation, reseting...
System Reseting
Reseting Local Mapper... done
Reseting Loop Closing... done
Reseting Database... done
0
New map created with 774 points for 0 Feature Type 
New map created with 301 points for 1 Feature Type 
Tracking Initlized in 2.40s
The initlized frame ID: 1
Track lost soon after initialisation, reseting...
System Reseting
Reseting Local Mapper... done
Reseting Loop Closing... done
Reseting Database... done
0
New map created with 801 points for 0 Feature Type 
New map created with 318 points for 1 Feature Type 
Tracking Initlized in 2.07s
The initlized frame ID: 1
Track lost soon after initialisation, reseting...
System Reseting
Reseting Local Mapper... done
Reseting Loop Closing... done
Reseting Database... done
0
New map created with 781 points for 0 Feature Type 
New map created with 321 points for 1 Feature Type 
Tracking Initlized in 1.77s
The initlized frame ID: 1
Track lost soon after initialisation, reseting...
System Reseting
Reseting Local Mapper... done
Reseting Loop Closing... done
Reseting Database... done
0
New map created with 814 points for 0 Feature Type 
New map created with 333 points for 1 Feature Type 
Tracking Initlized in 2.29s
The initlized frame ID: 1
Track lost soon after initialisation, reseting...
System Reseting
Reseting Local Mapper... done
Reseting Loop Closing... done
Reseting Database... done
0
New map created with 877 points for 0 Feature Type 
New map created with 352 points for 1 Feature Type 
Tracking Initlized in 2.29s
The initlized frame ID: 1
Track lost soon after initialisation, reseting...
System Reseting
Reseting Local Mapper... done
Reseting Loop Closing... done
Reseting Database... done
0
New map created with 856 points for 0 Feature Type 
New map created with 335 points for 1 Feature Type 
Tracking Initlized in 2.06s
The initlized frame ID: 1
Track lost soon after initialisation, reseting...
System Reseting
Reseting Local Mapper... done
Reseting Loop Closing... done
Reseting Database... done
0
New map created with 854 points for 0 Feature Type 
New map created with 380 points for 1 Feature Type 
Tracking Initlized in 2.54s
The initlized frame ID: 1
Track lost soon after initialisation, reseting...
System Reseting
Reseting Local Mapper... done
Reseting Loop Closing... done
Reseting Database... done
0
New map created with 791 points for 0 Feature Type 
New map created with 344 points for 1 Feature Type 
Tracking Initlized in 1.81s
The initlized frame ID: 1
Track lost soon after initialisation, reseting...
System Reseting
Reseting Local Mapper... done
Reseting Loop Closing... done
Reseting Database... done
0
New map created with 751 points for 0 Feature Type 
New map created with 308 points for 1 Feature Type 
Tracking Initlized in 2.32s
The initlized frame ID: 1
Track lost soon after initialisation, reseting...
System Reseting
Reseting Local Mapper... done
Reseting Loop Closing... done
Reseting Database... done
0
New map created with 734 points for 0 Feature Type 
New map created with 332 points for 1 Feature Type 
Tracking Initlized in 1.92s
The initlized frame ID: 1
Track lost soon after initialisation, reseting...
System Reseting
Reseting Local Mapper... done
Reseting Loop Closing... done
Reseting Database... done
0
New map created with 878 points for 0 Feature Type 
New map created with 332 points for 1 Feature Type 
Tracking Initlized in 2.02s
The initlized frame ID: 1
Track lost soon after initialisation, reseting...
System Reseting
Reseting Local Mapper... done
Reseting Loop Closing... done
Reseting Database... done
0
New map created with 1047 points for 0 Feature Type 
New map created with 362 points for 1 Feature Type 
Tracking Initlized in 2.59s
The initlized frame ID: 1
Track lost soon after initialisation, reseting...
System Reseting
Reseting Local Mapper... done
Reseting Loop Closing... done
Reseting Database... done
0
New map created with 1041 points for 0 Feature Type 
New map created with 322 points for 1 Feature Type 
Tracking Initlized in 2.63s
The initlized frame ID: 1
Track lost soon after initialisation, reseting...
System Reseting
Reseting Local Mapper... done
Reseting Loop Closing... done
Reseting Database... done
0
New map created with 1161 points for 0 Feature Type 
New map created with 374 points for 1 Feature Type 
Tracking Initlized in 2.52s
The initlized frame ID: 1
Track lost soon after initialisation, reseting...
System Reseting
Reseting Local Mapper... done
Reseting Loop Closing... done
Reseting Database... done
0
New map created with 1102 points for 0 Feature Type 
New map created with 341 points for 1 Feature Type 
Tracking Initlized in 2.19s
The initlized frame ID: 1
Track lost soon after initialisation, reseting...
System Reseting
Reseting Local Mapper... done
Reseting Loop Closing... done
Reseting Database... done
0
New map created with 1075 points for 0 Feature Type 
New map created with 381 points for 1 Feature Type 
Tracking Initlized in 1.96s
The initlized frame ID: 1
Track lost soon after initialisation, reseting...
System Reseting
Reseting Local Mapper... done
Reseting Loop Closing... done
Reseting Database... done
0
New map created with 1024 points for 0 Feature Type 
New map created with 395 points for 1 Feature Type 
Tracking Initlized in 1.95s
The initlized frame ID: 1
Track lost soon after initialisation, reseting...
System Reseting
Reseting Local Mapper... done
Reseting Loop Closing... done
Reseting Database... done
0
New map created with 1055 points for 0 Feature Type 
New map created with 420 points for 1 Feature Type 
Tracking Initlized in 2.31s
The initlized frame ID: 1
Track lost soon after initialisation, reseting...
System Reseting
Reseting Local Mapper... done
Reseting Loop Closing... done
Reseting Database... done
0
New map created with 1049 points for 0 Feature Type 
New map created with 424 points for 1 Feature Type 
Tracking Initlized in 2.44s
The initlized frame ID: 1
Track lost soon after initialisation, reseting...
System Reseting
Reseting Local Mapper... done
Reseting Loop Closing... done
Reseting Database... done
0
New map created with 1183 points for 0 Feature Type 
New map created with 419 points for 1 Feature Type 
Tracking Initlized in 2.47s
The initlized frame ID: 1
Track lost soon after initialisation, reseting...
System Reseting
Reseting Local Mapper... done
Reseting Loop Closing... done
Reseting Database... done
0
New map created with 1014 points for 0 Feature Type 
New map created with 391 points for 1 Feature Type 
Tracking Initlized in 2.01s
The initlized frame ID: 1
Track lost soon after initialisation, reseting...
System Reseting
Reseting Local Mapper... done
Reseting Loop Closing... done
Reseting Database... done
0
New map created with 993 points for 0 Feature Type 
New map created with 372 points for 1 Feature Type 
Tracking Initlized in 2.01s
The initlized frame ID: 1
Track lost soon after initialisation, reseting...
System Reseting
Reseting Local Mapper... done
Reseting Loop Closing... done
Reseting Database... done
0
New map created with 1025 points for 0 Feature Type 
New map created with 375 points for 1 Feature Type 
Tracking Initlized in 1.91s
The initlized frame ID: 1
Track lost soon after initialisation, reseting...
System Reseting
Reseting Local Mapper... done
Reseting Loop Closing... done
Reseting Database... done
0
New map created with 994 points for 0 Feature Type 
New map created with 345 points for 1 Feature Type 
Tracking Initlized in 2.46s
The initlized frame ID: 1
Track lost soon after initialisation, reseting...
System Reseting
Reseting Local Mapper... done
Reseting Loop Closing... done
Reseting Database... done
0
New map created with 977 points for 0 Feature Type 
New map created with 348 points for 1 Feature Type 
Tracking Initlized in 2.23s
The initlized frame ID: 1
Track lost soon after initialisation, reseting...
System Reseting
Reseting Local Mapper... done
Reseting Loop Closing... done
Reseting Database... done
0
New map created with 862 points for 0 Feature Type 
New map created with 320 points for 1 Feature Type 
Tracking Initlized in 2.02s
The initlized frame ID: 1
Track lost soon after initialisation, reseting...
System Reseting
Reseting Local Mapper... done
Reseting Loop Closing... done
Reseting Database... done
0
New map created with 868 points for 0 Feature Type 
New map created with 299 points for 1 Feature Type 
Tracking Initlized in 2.21s
The initlized frame ID: 1
Track lost soon after initialisation, reseting...
System Reseting
Reseting Local Mapper... done
Reseting Loop Closing... done
Reseting Database... done
0
New map created with 971 points for 0 Feature Type 
New map created with 288 points for 1 Feature Type 
Tracking Initlized in 2.30s
The initlized frame ID: 1
Track lost soon after initialisation, reseting...
System Reseting
Reseting Local Mapper... done
Reseting Loop Closing... done
Reseting Database... done
0
New map created with 898 points for 0 Feature Type 
New map created with 292 points for 1 Feature Type 
Tracking Initlized in 2.00s
The initlized frame ID: 1
Track lost soon after initialisation, reseting...
System Reseting
Reseting Local Mapper... done
Reseting Loop Closing... done
Reseting Database... done
0
New map created with 843 points for 0 Feature Type 
New map created with 267 points for 1 Feature Type 
Tracking Initlized in 1.86s
The initlized frame ID: 1
Track lost soon after initialisation, reseting...
System Reseting
Reseting Local Mapper... done
Reseting Loop Closing... done
Reseting Database... done
0
New map created with 712 points for 0 Feature Type 
New map created with 284 points for 1 Feature Type 
Tracking Initlized in 1.78s
The initlized frame ID: 1
Track lost soon after initialisation, reseting...
System Reseting
Reseting Local Mapper... done
Reseting Loop Closing... done
Reseting Database... done
0
New map created with 679 points for 0 Feature Type 
New map created with 258 points for 1 Feature Type 
Tracking Initlized in 2.01s
The initlized frame ID: 1
Track lost soon after initialisation, reseting...
System Reseting
Reseting Local Mapper... done
Reseting Loop Closing... done
Reseting Database... done
0
New map created with 728 points for 0 Feature Type 
New map created with 278 points for 1 Feature Type 
Tracking Initlized in 1.82s
The initlized frame ID: 1
Track lost soon after initialisation, reseting...
System Reseting
Reseting Local Mapper... done
Reseting Loop Closing... done
Reseting Database... done
0
New map created with 693 points for 0 Feature Type 
New map created with 251 points for 1 Feature Type 
Tracking Initlized in 1.75s
The initlized frame ID: 1
Track lost soon after initialisation, reseting...
System Reseting
Reseting Local Mapper... done
Reseting Loop Closing... done
Reseting Database... done
0
New map created with 702 points for 0 Feature Type 
New map created with 245 points for 1 Feature Type 
Tracking Initlized in 2.17s
The initlized frame ID: 1
Track lost soon after initialisation, reseting...
System Reseting
Reseting Local Mapper... done
Reseting Loop Closing... done
Reseting Database... done
0
New map created with 717 points for 0 Feature Type 
New map created with 286 points for 1 Feature Type 
Tracking Initlized in 1.87s
The initlized frame ID: 1
Track lost soon after initialisation, reseting...
System Reseting
Reseting Local Mapper... done
Reseting Loop Closing... done
Reseting Database... done
0
New map created with 734 points for 0 Feature Type 
New map created with 251 points for 1 Feature Type 
Tracking Initlized in 1.86s
The initlized frame ID: 1
Track lost soon after initialisation, reseting...
System Reseting
Reseting Local Mapper... done
Reseting Loop Closing... done
Reseting Database... done
0
New map created with 788 points for 0 Feature Type 
New map created with 270 points for 1 Feature Type 
Tracking Initlized in 1.84s
The initlized frame ID: 1
Track lost soon after initialisation, reseting...
System Reseting
Reseting Local Mapper... done
Reseting Loop Closing... done
Reseting Database... done
0
New map created with 777 points for 0 Feature Type 
New map created with 260 points for 1 Feature Type 
Tracking Initlized in 1.96s
The initlized frame ID: 1
Track lost soon after initialisation, reseting...
System Reseting
Reseting Local Mapper... done
Reseting Loop Closing... done
Reseting Database... done
0
New map created with 873 points for 0 Feature Type 
New map created with 274 points for 1 Feature Type 
Tracking Initlized in 2.40s
The initlized frame ID: 1
Track lost soon after initialisation, reseting...
System Reseting
Reseting Local Mapper... done
Reseting Loop Closing... done
Reseting Database... done
0
New map created with 921 points for 0 Feature Type 
New map created with 286 points for 1 Feature Type 
Tracking Initlized in 1.80s
The initlized frame ID: 1
Track lost soon after initialisation, reseting...
System Reseting
Reseting Local Mapper... done
Reseting Loop Closing... done
Reseting Database... done
0
New map created with 915 points for 0 Feature Type 
New map created with 289 points for 1 Feature Type 
Tracking Initlized in 2.13s
The initlized frame ID: 1
Track lost soon after initialisation, reseting...
System Reseting
Reseting Local Mapper... done
Reseting Loop Closing... done
Reseting Database... done
0
New map created with 783 points for 0 Feature Type 
New map created with 277 points for 1 Feature Type 
Tracking Initlized in 2.06s
The initlized frame ID: 1
Track lost soon after initialisation, reseting...
System Reseting
Reseting Local Mapper... done
Reseting Loop Closing... done
Reseting Database... done
0
New map created with 1031 points for 0 Feature Type 
New map created with 446 points for 1 Feature Type 
Tracking Initlized in 4.59s
The initlized frame ID: 2
Track lost soon after initialisation, reseting...
System Reseting
Reseting Local Mapper... done
Reseting Loop Closing... done
Reseting Database... done
0
New map created with 745 points for 0 Feature Type 
New map created with 305 points for 1 Feature Type 
Tracking Initlized in 2.38s
The initlized frame ID: 1
Track lost soon after initialisation, reseting...
System Reseting
Reseting Local Mapper... done
Reseting Loop Closing... done
Reseting Database... done
0
New map created with 845 points for 0 Feature Type 
New map created with 347 points for 1 Feature Type 
Tracking Initlized in 2.16s
The initlized frame ID: 1
Track lost soon after initialisation, reseting...
System Reseting
Reseting Local Mapper... done
Reseting Loop Closing... done
Reseting Database... done
0
New map created with 881 points for 0 Feature Type 
New map created with 367 points for 1 Feature Type 
Tracking Initlized in 2.19s
The initlized frame ID: 1
Track lost soon after initialisation, reseting...
System Reseting
Reseting Local Mapper... done
Reseting Loop Closing... done
Reseting Database... done
0
New map created with 690 points for 0 Feature Type 
New map created with 294 points for 1 Feature Type 
Tracking Initlized in 2.14s
The initlized frame ID: 1
Track lost soon after initialisation, reseting...
System Reseting
Reseting Local Mapper... done
Reseting Loop Closing... done
Reseting Database... done
0
New map created with 556 points for 0 Feature Type 
New map created with 276 points for 1 Feature Type 
Tracking Initlized in 2.18s
The initlized frame ID: 1
Track lost soon after initialisation, reseting...
System Reseting
Reseting Local Mapper... done
Reseting Loop Closing... done
Reseting Database... done
0
New map created with 613 points for 0 Feature Type 
New map created with 271 points for 1 Feature Type 
Tracking Initlized in 1.87s
The initlized frame ID: 1
Track lost soon after initialisation, reseting...
System Reseting
Reseting Local Mapper... done
Reseting Loop Closing... done
Reseting Database... done
0
New map created with 826 points for 0 Feature Type 
New map created with 352 points for 1 Feature Type 
Tracking Initlized in 4.21s
The initlized frame ID: 2
Track lost soon after initialisation, reseting...
System Reseting
Reseting Local Mapper... done
Reseting Loop Closing... done
Reseting Database... done
0
New map created with 1025 points for 0 Feature Type 
New map created with 438 points for 1 Feature Type 
Tracking Initlized in 3.77s
The initlized frame ID: 2
Track lost soon after initialisation, reseting...
System Reseting
Reseting Local Mapper... done
Reseting Loop Closing... done
Reseting Database... done
0
New map created with 719 points for 0 Feature Type 
New map created with 371 points for 1 Feature Type 
Tracking Initlized in 2.30s
The initlized frame ID: 1
Track lost soon after initialisation, reseting...
System Reseting
Reseting Local Mapper... done
Reseting Loop Closing... done
Reseting Database... done
0
New map created with 1091 points for 0 Feature Type 
New map created with 422 points for 1 Feature Type 
Tracking Initlized in 3.55s
The initlized frame ID: 2
Track lost soon after initialisation, reseting...
System Reseting
Reseting Local Mapper... done
Reseting Loop Closing... done
Reseting Database... done
1
New map created with 683 points for 0 Feature Type 
New map created with 318 points for 1 Feature Type 
Tracking Initlized in 2.01s
The initlized frame ID: 1
Track lost soon after initialisation, reseting...
System Reseting
Reseting Local Mapper... done
Reseting Loop Closing... done
Reseting Database... done
1
New map created with 713 points for 0 Feature Type 
New map created with 346 points for 1 Feature Type 
Tracking Initlized in 2.08s
The initlized frame ID: 1
Track lost soon after initialisation, reseting...
System Reseting
Reseting Local Mapper... done
Reseting Loop Closing... done
Reseting Database... done
0
New map created with 756 points for 0 Feature Type 
New map created with 348 points for 1 Feature Type 
Tracking Initlized in 2.10s
The initlized frame ID: 1
Track lost soon after initialisation, reseting...
System Reseting
Reseting Local Mapper... done
Reseting Loop Closing... done
Reseting Database... done
0
New map created with 804 points for 0 Feature Type 
New map created with 337 points for 1 Feature Type 
Tracking Initlized in 2.34s
The initlized frame ID: 1
Track lost soon after initialisation, reseting...
System Reseting
Reseting Local Mapper... done
Reseting Loop Closing... done
Reseting Database... done
0
New map created with 841 points for 0 Feature Type 
New map created with 353 points for 1 Feature Type 
Tracking Initlized in 2.19s
The initlized frame ID: 1
Track lost soon after initialisation, reseting...
System Reseting
Reseting Local Mapper... done
Reseting Loop Closing... done
Reseting Database... done
0
New map created with 822 points for 0 Feature Type 
New map created with 344 points for 1 Feature Type 
Tracking Initlized in 2.29s
The initlized frame ID: 1
Track lost soon after initialisation, reseting...
System Reseting
Reseting Local Mapper... done
Reseting Loop Closing... done
Reseting Database... done
0
New map created with 798 points for 0 Feature Type 
New map created with 359 points for 1 Feature Type 
Tracking Initlized in 2.05s
The initlized frame ID: 1
Track lost soon after initialisation, reseting...
System Reseting
Reseting Local Mapper... done
Reseting Loop Closing... done
Reseting Database... done
0
New map created with 713 points for 0 Feature Type 
New map created with 353 points for 1 Feature Type 
Tracking Initlized in 2.26s
The initlized frame ID: 1
Track lost soon after initialisation, reseting...
System Reseting
Reseting Local Mapper... done
Reseting Loop Closing... done
Reseting Database... done
0
New map created with 642 points for 0 Feature Type 
New map created with 375 points for 1 Feature Type 
Tracking Initlized in 2.20s
The initlized frame ID: 1
Track lost soon after initialisation, reseting...
System Reseting
Reseting Local Mapper... done
Reseting Loop Closing... done
Reseting Database... done
0
New map created with 700 points for 0 Feature Type 
New map created with 309 points for 1 Feature Type 
Tracking Initlized in 2.14s
The initlized frame ID: 1
Track lost soon after initialisation, reseting...
System Reseting
Reseting Local Mapper... done
Reseting Loop Closing... done
Reseting Database... done
0
New map created with 690 points for 0 Feature Type 
New map created with 351 points for 1 Feature Type 
Tracking Initlized in 1.97s
The initlized frame ID: 1
Track lost soon after initialisation, reseting...
System Reseting
Reseting Local Mapper... done
Reseting Loop Closing... done
Reseting Database... done
1
New map created with 695 points for 0 Feature Type 
New map created with 300 points for 1 Feature Type 
Tracking Initlized in 2.04s
The initlized frame ID: 1
Track lost soon after initialisation, reseting...
System Reseting
Reseting Local Mapper... done
Reseting Loop Closing... done
Reseting Database... done
1
New map created with 787 points for 0 Feature Type 
New map created with 280 points for 1 Feature Type 
Tracking Initlized in 2.11s
The initlized frame ID: 1
Track lost soon after initialisation, reseting...
System Reseting
Reseting Local Mapper... done
Reseting Loop Closing... done
Reseting Database... done
1
New map created with 696 points for 0 Feature Type 
New map created with 306 points for 1 Feature Type 
Tracking Initlized in 2.22s
The initlized frame ID: 1
Track lost soon after initialisation, reseting...
System Reseting
Reseting Local Mapper... done
Reseting Loop Closing... done
Reseting Database... done
0
New map created with 1310 points for 0 Feature Type 
New map created with 385 points for 1 Feature Type 
Tracking Initlized in 3.67s
The initlized frame ID: 2
Track lost soon after initialisation, reseting...
System Reseting
Reseting Local Mapper... done
Reseting Loop Closing... done
Reseting Database... done
0
New map created with 1295 points for 0 Feature Type 
New map created with 355 points for 1 Feature Type 
Tracking Initlized in 3.36s
The initlized frame ID: 2
Track lost soon after initialisation, reseting...
System Reseting
Reseting Local Mapper... done
Reseting Loop Closing... done
Reseting Database... done
1
New map created with 639 points for 0 Feature Type 
New map created with 203 points for 1 Feature Type 
Tracking Initlized in 2.26s
The initlized frame ID: 1
Track lost soon after initialisation, reseting...
System Reseting
Reseting Local Mapper... done
Reseting Loop Closing... done
Reseting Database... done
0
New map created with 678 points for 0 Feature Type 
New map created with 275 points for 1 Feature Type 
Tracking Initlized in 4.11s
The initlized frame ID: 2
Track lost soon after initialisation, reseting...
System Reseting
Reseting Local Mapper... done
Reseting Loop Closing... done
Reseting Database... done
0
New map created with 667 points for 0 Feature Type 
New map created with 258 points for 1 Feature Type 
Tracking Initlized in 3.69s
The initlized frame ID: 2
Track lost soon after initialisation, reseting...
System Reseting
Reseting Local Mapper... done
Reseting Loop Closing... done
Reseting Database... done
0
New map created with 783 points for 0 Feature Type 
New map created with 295 points for 1 Feature Type 
Tracking Initlized in 4.14s
The initlized frame ID: 2
Track lost soon after initialisation, reseting...
System Reseting
Reseting Local Mapper... done
Reseting Loop Closing... done
Reseting Database... done
0
New map created with 870 points for 0 Feature Type 
New map created with 317 points for 1 Feature Type 
Tracking Initlized in 3.59s
The initlized frame ID: 2
Track lost soon after initialisation, reseting...
System Reseting
Reseting Local Mapper... done
Reseting Loop Closing... done
Reseting Database... done
0
New map created with 900 points for 0 Feature Type 
New map created with 255 points for 1 Feature Type 
Tracking Initlized in 1.97s
The initlized frame ID: 1
Track lost soon after initialisation, reseting...
System Reseting
Reseting Local Mapper... done
Reseting Loop Closing... done
Reseting Database... done
0
New map created with 931 points for 0 Feature Type 
New map created with 288 points for 1 Feature Type 
Tracking Initlized in 2.63s
The initlized frame ID: 1
Track lost soon after initialisation, reseting...
System Reseting
Reseting Local Mapper... done
Reseting Loop Closing... done
Reseting Database... done
0
New map created with 885 points for 0 Feature Type 
New map created with 293 points for 1 Feature Type 
Tracking Initlized in 1.94s
The initlized frame ID: 1
Track lost soon after initialisation, reseting...
System Reseting
Reseting Local Mapper... done
Reseting Loop Closing... done
Reseting Database... done
0
New map created with 806 points for 0 Feature Type 
New map created with 293 points for 1 Feature Type 
Tracking Initlized in 2.42s
The initlized frame ID: 1
Track lost soon after initialisation, reseting...
System Reseting
Reseting Local Mapper... done
Reseting Loop Closing... done
Reseting Database... done
0
New map created with 803 points for 0 Feature Type 
New map created with 296 points for 1 Feature Type 
Tracking Initlized in 2.09s
The initlized frame ID: 1
Track lost soon after initialisation, reseting...
System Reseting
Reseting Local Mapper... done
Reseting Loop Closing... done
Reseting Database... done
0
New map created with 738 points for 0 Feature Type 
New map created with 318 points for 1 Feature Type 
Tracking Initlized in 2.08s
The initlized frame ID: 1
Track lost soon after initialisation, reseting...
System Reseting
Reseting Local Mapper... done
Reseting Loop Closing... done
Reseting Database... done
0
New map created with 771 points for 0 Feature Type 
New map created with 336 points for 1 Feature Type 
Tracking Initlized in 2.22s
The initlized frame ID: 1
Track lost soon after initialisation, reseting...
System Reseting
Reseting Local Mapper... done
Reseting Loop Closing... done
Reseting Database... done
0
New map created with 846 points for 0 Feature Type 
New map created with 347 points for 1 Feature Type 
Tracking Initlized in 2.30s
The initlized frame ID: 1
Track lost soon after initialisation, reseting...
System Reseting
Reseting Local Mapper... done
Reseting Loop Closing... done
Reseting Database... done
0
New map created with 852 points for 0 Feature Type 
New map created with 386 points for 1 Feature Type 
Tracking Initlized in 2.22s
The initlized frame ID: 1
Track lost soon after initialisation, reseting...
System Reseting
Reseting Local Mapper... done
Reseting Loop Closing... done
Reseting Database... done
0
New map created with 804 points for 0 Feature Type 
New map created with 374 points for 1 Feature Type 
Tracking Initlized in 2.22s
The initlized frame ID: 1
Track lost soon after initialisation, reseting...
System Reseting
Reseting Local Mapper... done
Reseting Loop Closing... done
Reseting Database... done
0
New map created with 698 points for 0 Feature Type 
New map created with 342 points for 1 Feature Type 
Tracking Initlized in 2.03s
The initlized frame ID: 1
Track lost soon after initialisation, reseting...
System Reseting
Reseting Local Mapper... done
Reseting Loop Closing... done
Reseting Database... done
0
New map created with 668 points for 0 Feature Type 
New map created with 274 points for 1 Feature Type 
Tracking Initlized in 2.02s
The initlized frame ID: 1
Track lost soon after initialisation, reseting...
System Reseting
Reseting Local Mapper... done
Reseting Loop Closing... done
Reseting Database... done
0
New map created with 673 points for 0 Feature Type 
New map created with 261 points for 1 Feature Type 
Tracking Initlized in 2.32s
The initlized frame ID: 1
Track lost soon after initialisation, reseting...
System Reseting
Reseting Local Mapper... done
Reseting Loop Closing... done
Reseting Database... done
0
New map created with 701 points for 0 Feature Type 
New map created with 309 points for 1 Feature Type 
Tracking Initlized in 2.19s
The initlized frame ID: 1
Track lost soon after initialisation, reseting...
System Reseting
Reseting Local Mapper... done
Reseting Loop Closing... done
Reseting Database... done
0
New map created with 901 points for 0 Feature Type 
New map created with 298 points for 1 Feature Type 
Tracking Initlized in 4.02s
The initlized frame ID: 2
Track lost soon after initialisation, reseting...
System Reseting
Reseting Local Mapper... done
Reseting Loop Closing... done
Reseting Database... done
0
New map created with 759 points for 0 Feature Type 
New map created with 231 points for 1 Feature Type 
Tracking Initlized in 2.09s
The initlized frame ID: 1
Track lost soon after initialisation, reseting...
System Reseting
Reseting Local Mapper... done
Reseting Loop Closing... done
Reseting Database... done
0
New map created with 720 points for 0 Feature Type 
New map created with 263 points for 1 Feature Type 
Tracking Initlized in 2.31s
The initlized frame ID: 1
Track lost soon after initialisation, reseting...
System Reseting
Reseting Local Mapper... done
Reseting Loop Closing... done
Reseting Database... done
0
New map created with 754 points for 0 Feature Type 
New map created with 300 points for 1 Feature Type 
Tracking Initlized in 2.21s
The initlized frame ID: 1
Track lost soon after initialisation, reseting...
System Reseting
Reseting Local Mapper... done
Reseting Loop Closing... done
Reseting Database... done
0
New map created with 836 points for 0 Feature Type 
New map created with 279 points for 1 Feature Type 
Tracking Initlized in 2.07s
The initlized frame ID: 1
Track lost soon after initialisation, reseting...
System Reseting
Reseting Local Mapper... done
Reseting Loop Closing... done
Reseting Database... done
0
New map created with 707 points for 0 Feature Type 
New map created with 250 points for 1 Feature Type 
Tracking Initlized in 2.03s
The initlized frame ID: 1
Track lost soon after initialisation, reseting...
System Reseting
Reseting Local Mapper... done
Reseting Loop Closing... done
Reseting Database... done
0
New map created with 677 points for 0 Feature Type 
New map created with 304 points for 1 Feature Type 
Tracking Initlized in 2.12s
The initlized frame ID: 1
Track lost soon after initialisation, reseting...
System Reseting
Reseting Local Mapper... done
Reseting Loop Closing... done
Reseting Database... done
0
New map created with 709 points for 0 Feature Type 
New map created with 325 points for 1 Feature Type 
Tracking Initlized in 2.21s
The initlized frame ID: 1
Track lost soon after initialisation, reseting...
System Reseting
Reseting Local Mapper... done
Reseting Loop Closing... done
Reseting Database... done
0
New map created with 613 points for 0 Feature Type 
New map created with 271 points for 1 Feature Type 
Tracking Initlized in 2.32s
The initlized frame ID: 1
Track lost soon after initialisation, reseting...
System Reseting
Reseting Local Mapper... done
Reseting Loop Closing... done
Reseting Database... done
0
New map created with 743 points for 0 Feature Type 
New map created with 300 points for 1 Feature Type 
Tracking Initlized in 2.04s
The initlized frame ID: 1
Track lost soon after initialisation, reseting...
System Reseting
Reseting Local Mapper... done
Reseting Loop Closing... done
Reseting Database... done
0
New map created with 685 points for 0 Feature Type 
New map created with 312 points for 1 Feature Type 
Tracking Initlized in 2.06s
The initlized frame ID: 1
Track lost soon after initialisation, reseting...
System Reseting
Reseting Local Mapper... done
Reseting Loop Closing... done
Reseting Database... done
0
New map created with 714 points for 0 Feature Type 
New map created with 299 points for 1 Feature Type 
Tracking Initlized in 1.77s
The initlized frame ID: 1
Track lost soon after initialisation, reseting...
System Reseting
Reseting Local Mapper... done
Reseting Loop Closing... done
Reseting Database... done
0
New map created with 689 points for 0 Feature Type 
New map created with 274 points for 1 Feature Type 
Tracking Initlized in 2.14s
The initlized frame ID: 1
Track lost soon after initialisation, reseting...
System Reseting
Reseting Local Mapper... done
Reseting Loop Closing... done
Reseting Database... done
0
New map created with 663 points for 0 Feature Type 
New map created with 240 points for 1 Feature Type 
Tracking Initlized in 2.04s
The initlized frame ID: 1
Track lost soon after initialisation, reseting...
System Reseting
Reseting Local Mapper... done
Reseting Loop Closing... done
Reseting Database... done
1
New map created with 670 points for 0 Feature Type 
New map created with 250 points for 1 Feature Type 
Tracking Initlized in 2.10s
The initlized frame ID: 1
Track lost soon after initialisation, reseting...
System Reseting
Reseting Local Mapper... done
Reseting Loop Closing... done
Reseting Database... done
0
New map created with 671 points for 0 Feature Type 
New map created with 248 points for 1 Feature Type 
Tracking Initlized in 2.16s
The initlized frame ID: 1
Track lost soon after initialisation, reseting...
System Reseting
Reseting Local Mapper... done
Reseting Loop Closing... done
Reseting Database... done
0
New map created with 817 points for 0 Feature Type 
New map created with 254 points for 1 Feature Type 
Tracking Initlized in 2.08s
The initlized frame ID: 1
Track lost soon after initialisation, reseting...
System Reseting
Reseting Local Mapper... done
Reseting Loop Closing... done
Reseting Database... done
0
New map created with 808 points for 0 Feature Type 
New map created with 237 points for 1 Feature Type 
Tracking Initlized in 2.12s
The initlized frame ID: 1
Track lost soon after initialisation, reseting...
System Reseting
Reseting Local Mapper... done
Reseting Loop Closing... done
Reseting Database... done
0
New map created with 655 points for 0 Feature Type 
New map created with 195 points for 1 Feature Type 
Tracking Initlized in 2.28s
The initlized frame ID: 1
Track lost soon after initialisation, reseting...
System Reseting
Reseting Local Mapper... done
Reseting Loop Closing... done
Reseting Database... done
0
New map created with 662 points for 0 Feature Type 
New map created with 156 points for 1 Feature Type 
Tracking Initlized in 1.88s
The initlized frame ID: 1
Track lost soon after initialisation, reseting...
System Reseting
Reseting Local Mapper... done
Reseting Loop Closing... done
Reseting Database... done
0
New map created with 769 points for 0 Feature Type 
New map created with 186 points for 1 Feature Type 
Tracking Initlized in 2.06s
The initlized frame ID: 1
Track lost soon after initialisation, reseting...
System Reseting
Reseting Local Mapper... done
Reseting Loop Closing... done
Reseting Database... done
0
New map created with 801 points for 0 Feature Type 
New map created with 188 points for 1 Feature Type 
Tracking Initlized in 1.85s
The initlized frame ID: 1
Track lost soon after initialisation, reseting...
System Reseting
Reseting Local Mapper... done
Reseting Loop Closing... done
Reseting Database... done
0
New map created with 1062 points for 0 Feature Type 
New map created with 237 points for 1 Feature Type 
Tracking Initlized in 2.19s
The initlized frame ID: 1
Track lost soon after initialisation, reseting...
System Reseting
Reseting Local Mapper... done
Reseting Loop Closing... done
Reseting Database... done
0
New map created with 1093 points for 0 Feature Type 
New map created with 202 points for 1 Feature Type 
Tracking Initlized in 2.04s
The initlized frame ID: 1
Track lost soon after initialisation, reseting...
System Reseting
Reseting Local Mapper... done
Reseting Loop Closing... done
Reseting Database... done
0
New map created with 1221 points for 0 Feature Type 
New map created with 400 points for 1 Feature Type 
Tracking Initlized in 4.42s
The initlized frame ID: 2
Track lost soon after initialisation, reseting...
System Reseting
Reseting Local Mapper... done
Reseting Loop Closing... done
Reseting Database... done
1
New map created with 1336 points for 0 Feature Type 
New map created with 463 points for 1 Feature Type 
Tracking Initlized in 4.28s
The initlized frame ID: 2
Track lost soon after initialisation, reseting...
System Reseting
Reseting Local Mapper... done
Reseting Loop Closing... done
Reseting Database... done
1
New map created with 1397 points for 0 Feature Type 
New map created with 442 points for 1 Feature Type 
Tracking Initlized in 11.52s
The initlized frame ID: 6
Track lost soon after initialisation, reseting...
System Reseting
Reseting Local Mapper... done
Reseting Loop Closing... done
Reseting Database... done
1
New map created with 1406 points for 0 Feature Type 
New map created with 411 points for 1 Feature Type 
Tracking Initlized in 13.74s
The initlized frame ID: 7
Track lost soon after initialisation, reseting...
System Reseting
Reseting Local Mapper... done
Reseting Loop Closing... done
Reseting Database... done
1
New map created with 1569 points for 0 Feature Type 
New map created with 447 points for 1 Feature Type 
Tracking Initlized in 8.13s
The initlized frame ID: 4
Track lost soon after initialisation, reseting...
System Reseting
Reseting Local Mapper... done
Reseting Loop Closing... done
Reseting Database... done
1
New map created with 453 points for 0 Feature Type 
New map created with 198 points for 1 Feature Type 
Tracking Initlized in 3.74s
The initlized frame ID: 2
Track lost soon after initialisation, reseting...
System Reseting
Reseting Local Mapper... done
Reseting Loop Closing... done
Reseting Database... done
1
New map created with 992 points for 0 Feature Type 
New map created with 360 points for 1 Feature Type 
Tracking Initlized in 9.13s
The initlized frame ID: 5
Track lost soon after initialisation, reseting...
System Reseting
Reseting Local Mapper... done
Reseting Loop Closing... done
Reseting Database... done
1
New map created with 1662 points for 0 Feature Type 
New map created with 489 points for 1 Feature Type 
Tracking Initlized in 23.56s
The initlized frame ID: 13
Track lost soon after initialisation, reseting...
System Reseting
Reseting Local Mapper... done
Reseting Loop Closing... done
Reseting Database... done
1
New map created with 1675 points for 0 Feature Type 
New map created with 441 points for 1 Feature Type 
Tracking Initlized in 19.84s
The initlized frame ID: 11
Track lost soon after initialisation, reseting...
System Reseting
Reseting Local Mapper... done
Reseting Loop Closing... done
Reseting Database... done
1
New map created with 1683 points for 0 Feature Type 
New map created with 515 points for 1 Feature Type 
Tracking Initlized in 19.55s
The initlized frame ID: 10
Track lost soon after initialisation, reseting...
System Reseting
Reseting Local Mapper... done
Reseting Loop Closing... done
Reseting Database... done
1
New map created with 1593 points for 0 Feature Type 
New map created with 467 points for 1 Feature Type 
Tracking Initlized in 15.58s
The initlized frame ID: 8
Track lost soon after initialisation, reseting...
System Reseting
Reseting Local Mapper... done
Reseting Loop Closing... done
Reseting Database... done
0
New map created with 1446 points for 0 Feature Type 
New map created with 456 points for 1 Feature Type 
Tracking Initlized in 10.50s
The initlized frame ID: 6
Track lost soon after initialisation, reseting...
System Reseting
Reseting Local Mapper... done
Reseting Loop Closing... done
Reseting Database... done
0
New map created with 1564 points for 0 Feature Type 
New map created with 499 points for 1 Feature Type 
Tracking Initlized in 5.81s
The initlized frame ID: 3
Track lost soon after initialisation, reseting...
System Reseting
Reseting Local Mapper... done
Reseting Loop Closing... done
Reseting Database... done
1
New map created with 1451 points for 0 Feature Type 
New map created with 412 points for 1 Feature Type 
Tracking Initlized in 2.21s
The initlized frame ID: 1
Track lost soon after initialisation, reseting...
System Reseting
Reseting Local Mapper... done
Reseting Loop Closing... done
Reseting Database... done
0
New map created with 87 points for 0 Feature Type 
New map created with 17 points for 1 Feature Type 
Tracking Initlized in 3.55s
The initlized frame ID: 2
Track lost soon after initialisation, reseting...
System Reseting
Reseting Local Mapper... done
Reseting Loop Closing... done
Reseting Database... done
0
New map created with 58 points for 0 Feature Type 
New map created with 14 points for 1 Feature Type 
Wrong initialization, reseting...
System Reseting
Reseting Local Mapper... done
Reseting Loop Closing... done
Reseting Database... done
0
New map created with 1475 points for 0 Feature Type 
New map created with 323 points for 1 Feature Type 
Tracking Initlized in 6.77s
The initlized frame ID: 4
Track lost soon after initialisation, reseting...
System Reseting
Reseting Local Mapper... done
Reseting Loop Closing... done
Reseting Database... done
0
New map created with 1534 points for 0 Feature Type 
New map created with 354 points for 1 Feature Type 
Tracking Initlized in 2.21s
The initlized frame ID: 1
Track lost soon after initialisation, reseting...
System Reseting
Reseting Local Mapper... done
Reseting Loop Closing... done
Reseting Database... done
0
New map created with 1700 points for 0 Feature Type 
New map created with 344 points for 1 Feature Type 
Tracking Initlized in 1.96s
The initlized frame ID: 1
Track lost soon after initialisation, reseting...
System Reseting
Reseting Local Mapper... done
Reseting Loop Closing... done
Reseting Database... done
0
New map created with 1368 points for 0 Feature Type 
New map created with 283 points for 1 Feature Type 
Tracking Initlized in 2.01s
The initlized frame ID: 1
Track lost soon after initialisation, reseting...
System Reseting
Reseting Local Mapper... done
Reseting Loop Closing... done
Reseting Database... done
0
New map created with 1419 points for 0 Feature Type 
New map created with 316 points for 1 Feature Type 
Tracking Initlized in 1.64s
The initlized frame ID: 1
Track lost soon after initialisation, reseting...
System Reseting
Reseting Local Mapper... done
Reseting Loop Closing... done
Reseting Database... done
0
New map created with 1269 points for 0 Feature Type 
New map created with 308 points for 1 Feature Type 
Tracking Initlized in 2.31s
The initlized frame ID: 1
Track lost soon after initialisation, reseting...
System Reseting
Reseting Local Mapper... done
Reseting Loop Closing... done
Reseting Database... done
0
New map created with 1222 points for 0 Feature Type 
New map created with 304 points for 1 Feature Type 
Tracking Initlized in 2.15s
The initlized frame ID: 1
Track lost soon after initialisation, reseting...
System Reseting
Reseting Local Mapper... done
Reseting Loop Closing... done
Reseting Database... done
0
New map created with 1225 points for 0 Feature Type 
New map created with 287 points for 1 Feature Type 
Tracking Initlized in 2.00s
The initlized frame ID: 1
Track lost soon after initialisation, reseting...
System Reseting
Reseting Local Mapper... done
Reseting Loop Closing... done
Reseting Database... done
0
New map created with 1225 points for 0 Feature Type 
New map created with 325 points for 1 Feature Type 
Tracking Initlized in 2.45s
The initlized frame ID: 1
Track lost soon after initialisation, reseting...
System Reseting
Reseting Local Mapper... done
Reseting Loop Closing... done
Reseting Database... done
0
New map created with 1162 points for 0 Feature Type 
New map created with 281 points for 1 Feature Type 
Tracking Initlized in 1.93s
The initlized frame ID: 1
Track lost soon after initialisation, reseting...
System Reseting
Reseting Local Mapper... done
Reseting Loop Closing... done
Reseting Database... done
0
New map created with 1126 points for 0 Feature Type 
New map created with 316 points for 1 Feature Type 
Tracking Initlized in 1.86s
The initlized frame ID: 1
Track lost soon after initialisation, reseting...
System Reseting
Reseting Local Mapper... done
Reseting Loop Closing... done
Reseting Database... done
0
New map created with 1178 points for 0 Feature Type 
New map created with 288 points for 1 Feature Type 
Tracking Initlized in 2.04s
The initlized frame ID: 1
Track lost soon after initialisation, reseting...
System Reseting
Reseting Local Mapper... done
Reseting Loop Closing... done
Reseting Database... done
0
New map created with 1083 points for 0 Feature Type 
New map created with 326 points for 1 Feature Type 
Tracking Initlized in 1.85s
The initlized frame ID: 1
Track lost soon after initialisation, reseting...
System Reseting
Reseting Local Mapper... done
Reseting Loop Closing... done
Reseting Database... done
0
New map created with 1096 points for 0 Feature Type 
New map created with 314 points for 1 Feature Type 
Tracking Initlized in 2.32s
The initlized frame ID: 1
Track lost soon after initialisation, reseting...
System Reseting
Reseting Local Mapper... done
Reseting Loop Closing... done
Reseting Database... done
0
New map created with 1044 points for 0 Feature Type 
New map created with 265 points for 1 Feature Type 
Tracking Initlized in 2.05s
The initlized frame ID: 1
Track lost soon after initialisation, reseting...
System Reseting
Reseting Local Mapper... done
Reseting Loop Closing... done
Reseting Database... done
0
New map created with 1078 points for 0 Feature Type 
New map created with 302 points for 1 Feature Type 
Tracking Initlized in 2.08s
The initlized frame ID: 1
Track lost soon after initialisation, reseting...
System Reseting
Reseting Local Mapper... done
Reseting Loop Closing... done
Reseting Database... done
0
New map created with 1105 points for 0 Feature Type 
New map created with 308 points for 1 Feature Type 
Tracking Initlized in 2.00s
The initlized frame ID: 1
Track lost soon after initialisation, reseting...
System Reseting
Reseting Local Mapper... done
Reseting Loop Closing... done
Reseting Database... done
0
New map created with 1007 points for 0 Feature Type 
New map created with 246 points for 1 Feature Type 
Tracking Initlized in 2.10s
The initlized frame ID: 1
Track lost soon after initialisation, reseting...
System Reseting
Reseting Local Mapper... done
Reseting Loop Closing... done
Reseting Database... done
0
New map created with 973 points for 0 Feature Type 
New map created with 262 points for 1 Feature Type 
Tracking Initlized in 1.98s
The initlized frame ID: 1
Track lost soon after initialisation, reseting...
System Reseting
Reseting Local Mapper... done
Reseting Loop Closing... done
Reseting Database... done
0
New map created with 958 points for 0 Feature Type 
New map created with 257 points for 1 Feature Type 
Tracking Initlized in 2.10s
The initlized frame ID: 1
Track lost soon after initialisation, reseting...
System Reseting
Reseting Local Mapper... done
Reseting Loop Closing... done
Reseting Database... done
0
New map created with 973 points for 0 Feature Type 
New map created with 305 points for 1 Feature Type 
Tracking Initlized in 2.38s
The initlized frame ID: 1
Track lost soon after initialisation, reseting...
System Reseting
Reseting Local Mapper... done
Reseting Loop Closing... done
Reseting Database... done
0
New map created with 1003 points for 0 Feature Type 
New map created with 288 points for 1 Feature Type 
Tracking Initlized in 1.95s
The initlized frame ID: 1
Track lost soon after initialisation, reseting...
System Reseting
Reseting Local Mapper... done
Reseting Loop Closing... done
Reseting Database... done
0
New map created with 1108 points for 0 Feature Type 
New map created with 315 points for 1 Feature Type 
Tracking Initlized in 2.03s
The initlized frame ID: 1
Track lost soon after initialisation, reseting...
System Reseting
Reseting Local Mapper... done
Reseting Loop Closing... done
Reseting Database... done
0
New map created with 1110 points for 0 Feature Type 
New map created with 285 points for 1 Feature Type 
Tracking Initlized in 2.11s
The initlized frame ID: 1
Track lost soon after initialisation, reseting...
System Reseting
Reseting Local Mapper... done
Reseting Loop Closing... done
Reseting Database... done
0
New map created with 919 points for 0 Feature Type 
New map created with 313 points for 1 Feature Type 
Tracking Initlized in 1.77s
The initlized frame ID: 1
Track lost soon after initialisation, reseting...
System Reseting
Reseting Local Mapper... done
Reseting Loop Closing... done
Reseting Database... done
0
New map created with 870 points for 0 Feature Type 
New map created with 325 points for 1 Feature Type 
Tracking Initlized in 1.67s
The initlized frame ID: 1
Track lost soon after initialisation, reseting...
System Reseting
Reseting Local Mapper... done
Reseting Loop Closing... done
Reseting Database... done
0
New map created with 791 points for 0 Feature Type 
New map created with 290 points for 1 Feature Type 
Tracking Initlized in 2.11s
The initlized frame ID: 1
Track lost soon after initialisation, reseting...
System Reseting
Reseting Local Mapper... done
Reseting Loop Closing... done
Reseting Database... done
0
New map created with 695 points for 0 Feature Type 
New map created with 287 points for 1 Feature Type 
Tracking Initlized in 1.78s
The initlized frame ID: 1
Track lost soon after initialisation, reseting...
System Reseting
Reseting Local Mapper... done
Reseting Loop Closing... done
Reseting Database... done
0
New map created with 581 points for 0 Feature Type 
New map created with 305 points for 1 Feature Type 
Tracking Initlized in 1.91s
The initlized frame ID: 1
Track lost soon after initialisation, reseting...
System Reseting
Reseting Local Mapper... done
Reseting Loop Closing... done
Reseting Database... done
0
New map created with 850 points for 0 Feature Type 
New map created with 300 points for 1 Feature Type 
Tracking Initlized in 2.43s
The initlized frame ID: 1
Track lost soon after initialisation, reseting...
System Reseting
Reseting Local Mapper... done
Reseting Loop Closing... done
Reseting Database... done
0
New map created with 866 points for 0 Feature Type 
New map created with 320 points for 1 Feature Type 
Tracking Initlized in 2.28s
The initlized frame ID: 1
Track lost soon after initialisation, reseting...
System Reseting
Reseting Local Mapper... done
Reseting Loop Closing... done
Reseting Database... done
0
New map created with 827 points for 0 Feature Type 
New map created with 298 points for 1 Feature Type 
Tracking Initlized in 2.09s
The initlized frame ID: 1
Track lost soon after initialisation, reseting...
System Reseting
Reseting Local Mapper... done
Reseting Loop Closing... done
Reseting Database... done
0
New map created with 869 points for 0 Feature Type 
New map created with 338 points for 1 Feature Type 
Tracking Initlized in 1.80s
The initlized frame ID: 1
Track lost soon after initialisation, reseting...
System Reseting
Reseting Local Mapper... done
Reseting Loop Closing... done
Reseting Database... done
0
New map created with 831 points for 0 Feature Type 
New map created with 314 points for 1 Feature Type 
Tracking Initlized in 2.12s
The initlized frame ID: 1
Track lost soon after initialisation, reseting...
System Reseting
Reseting Local Mapper... done
Reseting Loop Closing... done
Reseting Database... done
0
New map created with 924 points for 0 Feature Type 
New map created with 316 points for 1 Feature Type 
Tracking Initlized in 2.18s
The initlized frame ID: 1
Track lost soon after initialisation, reseting...
System Reseting
Reseting Local Mapper... done
Reseting Loop Closing... done
Reseting Database... done
0
New map created with 976 points for 0 Feature Type 
New map created with 323 points for 1 Feature Type 
Tracking Initlized in 2.18s
The initlized frame ID: 1
Track lost soon after initialisation, reseting...
System Reseting
Reseting Local Mapper... done
Reseting Loop Closing... done
Reseting Database... done
0
New map created with 989 points for 0 Feature Type 
New map created with 351 points for 1 Feature Type 
Tracking Initlized in 2.05s
The initlized frame ID: 1
Track lost soon after initialisation, reseting...
System Reseting
Reseting Local Mapper... done
Reseting Loop Closing... done
Reseting Database... done
0
New map created with 957 points for 0 Feature Type 
New map created with 328 points for 1 Feature Type 
Tracking Initlized in 2.48s
The initlized frame ID: 1
Track lost soon after initialisation, reseting...
System Reseting
Reseting Local Mapper... done
Reseting Loop Closing... done
Reseting Database... done
0
New map created with 994 points for 0 Feature Type 
New map created with 304 points for 1 Feature Type 
Tracking Initlized in 2.62s
The initlized frame ID: 1
Track lost soon after initialisation, reseting...
System Reseting
Reseting Local Mapper... done
Reseting Loop Closing... done
Reseting Database... done
0
New map created with 1102 points for 0 Feature Type 
New map created with 377 points for 1 Feature Type 
Tracking Initlized in 2.28s
The initlized frame ID: 1
Track lost soon after initialisation, reseting...
System Reseting
Reseting Local Mapper... done
Reseting Loop Closing... done
Reseting Database... done
0
New map created with 1003 points for 0 Feature Type 
New map created with 321 points for 1 Feature Type 
Tracking Initlized in 2.06s
The initlized frame ID: 1
Track lost soon after initialisation, reseting...
System Reseting
Reseting Local Mapper... done
Reseting Loop Closing... done
Reseting Database... done
0
New map created with 926 points for 0 Feature Type 
New map created with 330 points for 1 Feature Type 
Tracking Initlized in 2.28s
The initlized frame ID: 1
Track lost soon after initialisation, reseting...
System Reseting
Reseting Local Mapper... done
Reseting Loop Closing... done
Reseting Database... done
0
New map created with 918 points for 0 Feature Type 
New map created with 340 points for 1 Feature Type 
Tracking Initlized in 2.22s
The initlized frame ID: 1
Track lost soon after initialisation, reseting...
System Reseting
Reseting Local Mapper... done
Reseting Loop Closing... done
Reseting Database... done
0
New map created with 836 points for 0 Feature Type 
New map created with 358 points for 1 Feature Type 
Tracking Initlized in 2.39s
The initlized frame ID: 1
Track lost soon after initialisation, reseting...
System Reseting
Reseting Local Mapper... done
Reseting Loop Closing... done
Reseting Database... done
0
New map created with 923 points for 0 Feature Type 
New map created with 381 points for 1 Feature Type 
Tracking Initlized in 2.56s
The initlized frame ID: 1
Track lost soon after initialisation, reseting...
System Reseting
Reseting Local Mapper... done
Reseting Loop Closing... done
Reseting Database... done
0
New map created with 1036 points for 0 Feature Type 
New map created with 370 points for 1 Feature Type 
Tracking Initlized in 2.28s
The initlized frame ID: 1
Track lost soon after initialisation, reseting...
System Reseting
Reseting Local Mapper... done
Reseting Loop Closing... done
Reseting Database... done
0
New map created with 1045 points for 0 Feature Type 
New map created with 393 points for 1 Feature Type 
Tracking Initlized in 1.89s
The initlized frame ID: 1
Track lost soon after initialisation, reseting...
System Reseting
Reseting Local Mapper... done
Reseting Loop Closing... done
Reseting Database... done
0
New map created with 1102 points for 0 Feature Type 
New map created with 453 points for 1 Feature Type 
Tracking Initlized in 2.10s
The initlized frame ID: 1
Track lost soon after initialisation, reseting...
System Reseting
Reseting Local Mapper... done
Reseting Loop Closing... done
Reseting Database... done
0
New map created with 873 points for 0 Feature Type 
New map created with 390 points for 1 Feature Type 
Tracking Initlized in 2.13s
The initlized frame ID: 1
Track lost soon after initialisation, reseting...
System Reseting
Reseting Local Mapper... done
Reseting Loop Closing... done
Reseting Database... done
0
New map created with 1076 points for 0 Feature Type 
New map created with 413 points for 1 Feature Type 
Tracking Initlized in 2.42s
The initlized frame ID: 1
Track lost soon after initialisation, reseting...
System Reseting
Reseting Local Mapper... done
Reseting Loop Closing... done
Reseting Database... done
0
New map created with 1147 points for 0 Feature Type 
New map created with 416 points for 1 Feature Type 
Tracking Initlized in 1.82s
The initlized frame ID: 1
Track lost soon after initialisation, reseting...
System Reseting
Reseting Local Mapper... done
Reseting Loop Closing... done
Reseting Database... done
0
New map created with 1032 points for 0 Feature Type 
New map created with 401 points for 1 Feature Type 
Tracking Initlized in 2.18s
The initlized frame ID: 1
Track lost soon after initialisation, reseting...
System Reseting
Reseting Local Mapper... done
Reseting Loop Closing... done
Reseting Database... done
0
New map created with 1017 points for 0 Feature Type 
New map created with 430 points for 1 Feature Type 
Tracking Initlized in 2.30s
The initlized frame ID: 1
Track lost soon after initialisation, reseting...
System Reseting
Reseting Local Mapper... done
Reseting Loop Closing... done
Reseting Database... done
0
New map created with 991 points for 0 Feature Type 
New map created with 397 points for 1 Feature Type 
Tracking Initlized in 2.14s
The initlized frame ID: 1
Track lost soon after initialisation, reseting...
System Reseting
Reseting Local Mapper... done
Reseting Loop Closing... done
Reseting Database... done
0
New map created with 992 points for 0 Feature Type 
New map created with 400 points for 1 Feature Type 
Tracking Initlized in 1.70s
The initlized frame ID: 1
Track lost soon after initialisation, reseting...
System Reseting
Reseting Local Mapper... done
Reseting Loop Closing... done
Reseting Database... done
0
New map created with 1018 points for 0 Feature Type 
New map created with 425 points for 1 Feature Type 
Tracking Initlized in 2.25s
The initlized frame ID: 1
Track lost soon after initialisation, reseting...
System Reseting
Reseting Local Mapper... done
Reseting Loop Closing... done
Reseting Database... done
0
New map created with 1025 points for 0 Feature Type 
New map created with 430 points for 1 Feature Type 
Tracking Initlized in 2.09s
The initlized frame ID: 1
Track lost soon after initialisation, reseting...
System Reseting
Reseting Local Mapper... done
Reseting Loop Closing... done
Reseting Database... done
0
New map created with 954 points for 0 Feature Type 
New map created with 429 points for 1 Feature Type 
Tracking Initlized in 2.30s
The initlized frame ID: 1
Track lost soon after initialisation, reseting...
System Reseting
Reseting Local Mapper... done
Reseting Loop Closing... done
Reseting Database... done
0
New map created with 689 points for 0 Feature Type 
New map created with 404 points for 1 Feature Type 
Tracking Initlized in 2.27s
The initlized frame ID: 1
Track lost soon after initialisation, reseting...
System Reseting
Reseting Local Mapper... done
Reseting Loop Closing... done
Reseting Database... done
0
New map created with 675 points for 0 Feature Type 
New map created with 395 points for 1 Feature Type 
Tracking Initlized in 2.51s
The initlized frame ID: 1
Track lost soon after initialisation, reseting...
System Reseting
Reseting Local Mapper... done
Reseting Loop Closing... done
Reseting Database... done
1
New map created with 597 points for 0 Feature Type 
New map created with 373 points for 1 Feature Type 
Tracking Initlized in 2.21s
The initlized frame ID: 1
Track lost soon after initialisation, reseting...
System Reseting
Reseting Local Mapper... done
Reseting Loop Closing... done
Reseting Database... done
1
New map created with 765 points for 0 Feature Type 
New map created with 362 points for 1 Feature Type 
Tracking Initlized in 2.22s
The initlized frame ID: 1
Track lost soon after initialisation, reseting...
System Reseting
Reseting Local Mapper... done
Reseting Loop Closing... done
Reseting Database... done
1
New map created with 1057 points for 0 Feature Type 
New map created with 293 points for 1 Feature Type 
Tracking Initlized in 2.15s
The initlized frame ID: 1
Track lost soon after initialisation, reseting...
System Reseting
Reseting Local Mapper... done
Reseting Loop Closing... done
Reseting Database... done
1
New map created with 726 points for 0 Feature Type 
New map created with 324 points for 1 Feature Type 
Tracking Initlized in 2.03s
The initlized frame ID: 1
Track lost soon after initialisation, reseting...
System Reseting
Reseting Local Mapper... done
Reseting Loop Closing... done
Reseting Database... done
1
New map created with 495 points for 0 Feature Type 
New map created with 278 points for 1 Feature Type 
Tracking Initlized in 2.08s
The initlized frame ID: 1
Track lost soon after initialisation, reseting...
System Reseting
Reseting Local Mapper... done
Reseting Loop Closing... done
Reseting Database... done
0
New map created with 1368 points for 0 Feature Type 
New map created with 346 points for 1 Feature Type 
Tracking Initlized in 2.18s
The initlized frame ID: 1
Track lost soon after initialisation, reseting...
System Reseting
Reseting Local Mapper... done
Reseting Loop Closing... done
Reseting Database... done
0
New map created with 1531 points for 0 Feature Type 
New map created with 387 points for 1 Feature Type 
Tracking Initlized in 2.23s
The initlized frame ID: 1
Track lost soon after initialisation, reseting...
System Reseting
Reseting Local Mapper... done
Reseting Loop Closing... done
Reseting Database... done
0
New map created with 1423 points for 0 Feature Type 
New map created with 396 points for 1 Feature Type 
Tracking Initlized in 1.94s
The initlized frame ID: 1
Track lost soon after initialisation, reseting...
System Reseting
Reseting Local Mapper... done
Reseting Loop Closing... done
Reseting Database... done
0
New map created with 1366 points for 0 Feature Type 
New map created with 419 points for 1 Feature Type 
Tracking Initlized in 2.06s
The initlized frame ID: 1
Track lost soon after initialisation, reseting...
System Reseting
Reseting Local Mapper... done
Reseting Loop Closing... done
Reseting Database... done
0
New map created with 1369 points for 0 Feature Type 
New map created with 420 points for 1 Feature Type 
Tracking Initlized in 2.04s
The initlized frame ID: 1
Track lost soon after initialisation, reseting...
System Reseting
Reseting Local Mapper... done
Reseting Loop Closing... done
Reseting Database... done
0
New map created with 1258 points for 0 Feature Type 
New map created with 361 points for 1 Feature Type 
Tracking Initlized in 2.17s
The initlized frame ID: 1
Track lost soon after initialisation, reseting...
System Reseting
Reseting Local Mapper... done
Reseting Loop Closing... done
Reseting Database... done
0
New map created with 1057 points for 0 Feature Type 
New map created with 331 points for 1 Feature Type 
Tracking Initlized in 2.26s
The initlized frame ID: 1
Track lost soon after initialisation, reseting...
System Reseting
Reseting Local Mapper... done
Reseting Loop Closing... done
Reseting Database... done
0
New map created with 860 points for 0 Feature Type 
New map created with 308 points for 1 Feature Type 
Tracking Initlized in 2.03s
The initlized frame ID: 1
Track lost soon after initialisation, reseting...
System Reseting
Reseting Local Mapper... done
Reseting Loop Closing... done
Reseting Database... done
0
New map created with 874 points for 0 Feature Type 
New map created with 322 points for 1 Feature Type 
Tracking Initlized in 2.01s
The initlized frame ID: 1
Track lost soon after initialisation, reseting...
System Reseting
Reseting Local Mapper... done
Reseting Loop Closing... done
Reseting Database... done
0
New map created with 970 points for 0 Feature Type 
New map created with 361 points for 1 Feature Type 
Tracking Initlized in 2.10s
The initlized frame ID: 1
Track lost soon after initialisation, reseting...
System Reseting
Reseting Local Mapper... done
Reseting Loop Closing... done
Reseting Database... done
0
New map created with 993 points for 0 Feature Type 
New map created with 395 points for 1 Feature Type 
Tracking Initlized in 2.19s
The initlized frame ID: 1
Track lost soon after initialisation, reseting...
System Reseting
Reseting Local Mapper... done
Reseting Loop Closing... done
Reseting Database... done
0
New map created with 1098 points for 0 Feature Type 
New map created with 393 points for 1 Feature Type 
Tracking Initlized in 2.55s
The initlized frame ID: 1
Track lost soon after initialisation, reseting...
System Reseting
Reseting Local Mapper... done
Reseting Loop Closing... done
Reseting Database... done
0
New map created with 1185 points for 0 Feature Type 
New map created with 410 points for 1 Feature Type 
Tracking Initlized in 2.24s
The initlized frame ID: 1
Track lost soon after initialisation, reseting...
System Reseting
Reseting Local Mapper... done
Reseting Loop Closing... done
Reseting Database... done
0
New map created with 844 points for 0 Feature Type 
New map created with 351 points for 1 Feature Type 
Tracking Initlized in 2.32s
The initlized frame ID: 1
Track lost soon after initialisation, reseting...
System Reseting
Reseting Local Mapper... done
Reseting Loop Closing... done
Reseting Database... done
0
New map created with 975 points for 0 Feature Type 
New map created with 437 points for 1 Feature Type 
Tracking Initlized in 2.20s
The initlized frame ID: 1
Track lost soon after initialisation, reseting...
System Reseting
Reseting Local Mapper... done
Reseting Loop Closing... done
Reseting Database... done
0
New map created with 846 points for 0 Feature Type 
New map created with 381 points for 1 Feature Type 
Tracking Initlized in 2.11s
The initlized frame ID: 1
Track lost soon after initialisation, reseting...
System Reseting
Reseting Local Mapper... done
Reseting Loop Closing... done
Reseting Database... done
0
New map created with 836 points for 0 Feature Type 
New map created with 387 points for 1 Feature Type 
Tracking Initlized in 2.05s
The initlized frame ID: 1
Track lost soon after initialisation, reseting...
System Reseting
Reseting Local Mapper... done
Reseting Loop Closing... done
Reseting Database... done
0
New map created with 761 points for 0 Feature Type 
New map created with 369 points for 1 Feature Type 
Tracking Initlized in 1.93s
The initlized frame ID: 1
Track lost soon after initialisation, reseting...
System Reseting
Reseting Local Mapper... done
Reseting Loop Closing... done
Reseting Database... done
0
New map created with 872 points for 0 Feature Type 
New map created with 429 points for 1 Feature Type 
Tracking Initlized in 1.77s
The initlized frame ID: 1
Track lost soon after initialisation, reseting...
System Reseting
Reseting Local Mapper... done
Reseting Loop Closing... done
Reseting Database... done
0
New map created with 769 points for 0 Feature Type 
New map created with 370 points for 1 Feature Type 
Tracking Initlized in 2.06s
The initlized frame ID: 1
Track lost soon after initialisation, reseting...
System Reseting
Reseting Local Mapper... done
Reseting Loop Closing... done
Reseting Database... done
0
New map created with 871 points for 0 Feature Type 
New map created with 365 points for 1 Feature Type 
Tracking Initlized in 1.83s
The initlized frame ID: 1
Track lost soon after initialisation, reseting...
System Reseting
Reseting Local Mapper... done
Reseting Loop Closing... done
Reseting Database... done
0
New map created with 790 points for 0 Feature Type 
New map created with 390 points for 1 Feature Type 
Tracking Initlized in 1.57s
The initlized frame ID: 1
Track lost soon after initialisation, reseting...
System Reseting
Reseting Local Mapper... done
Reseting Loop Closing... done
Reseting Database... done
0
New map created with 724 points for 0 Feature Type 
New map created with 384 points for 1 Feature Type 
Tracking Initlized in 2.30s
The initlized frame ID: 1
Track lost soon after initialisation, reseting...
System Reseting
Reseting Local Mapper... done
Reseting Loop Closing... done
Reseting Database... done
0
New map created with 721 points for 0 Feature Type 
New map created with 356 points for 1 Feature Type 
Tracking Initlized in 1.87s
The initlized frame ID: 1
Track lost soon after initialisation, reseting...
System Reseting
Reseting Local Mapper... done
Reseting Loop Closing... done
Reseting Database... done
0
New map created with 915 points for 0 Feature Type 
New map created with 415 points for 1 Feature Type 
Tracking Initlized in 1.80s
The initlized frame ID: 1
Track lost soon after initialisation, reseting...
System Reseting
Reseting Local Mapper... done
Reseting Loop Closing... done
Reseting Database... done
0
New map created with 930 points for 0 Feature Type 
New map created with 344 points for 1 Feature Type 
Tracking Initlized in 1.92s
The initlized frame ID: 1
Track lost soon after initialisation, reseting...
System Reseting
Reseting Local Mapper... done
Reseting Loop Closing... done
Reseting Database... done
0
New map created with 861 points for 0 Feature Type 
New map created with 311 points for 1 Feature Type 
Tracking Initlized in 1.69s
The initlized frame ID: 1
Track lost soon after initialisation, reseting...
System Reseting
Reseting Local Mapper... done
Reseting Loop Closing... done
Reseting Database... done
0
New map created with 816 points for 0 Feature Type 
New map created with 331 points for 1 Feature Type 
Tracking Initlized in 1.86s
The initlized frame ID: 1
Track lost soon after initialisation, reseting...
System Reseting
Reseting Local Mapper... done
Reseting Loop Closing... done
Reseting Database... done
0
New map created with 814 points for 0 Feature Type 
New map created with 349 points for 1 Feature Type 
Tracking Initlized in 2.00s
The initlized frame ID: 1
Track lost soon after initialisation, reseting...
System Reseting
Reseting Local Mapper... done
Reseting Loop Closing... done
Reseting Database... done
0
New map created with 844 points for 0 Feature Type 
New map created with 414 points for 1 Feature Type 
Tracking Initlized in 2.16s
The initlized frame ID: 1
Track lost soon after initialisation, reseting...
System Reseting
Reseting Local Mapper... done
Reseting Loop Closing... done
Reseting Database... done
0
New map created with 880 points for 0 Feature Type 
New map created with 418 points for 1 Feature Type 
Tracking Initlized in 1.82s
The initlized frame ID: 1
Track lost soon after initialisation, reseting...
System Reseting
Reseting Local Mapper... done
Reseting Loop Closing... done
Reseting Database... done
0
New map created with 867 points for 0 Feature Type 
New map created with 419 points for 1 Feature Type 
Tracking Initlized in 1.94s
The initlized frame ID: 1
Track lost soon after initialisation, reseting...
System Reseting
Reseting Local Mapper... done
Reseting Loop Closing... done
Reseting Database... done
0
New map created with 951 points for 0 Feature Type 
New map created with 439 points for 1 Feature Type 
Tracking Initlized in 2.06s
The initlized frame ID: 1
Track lost soon after initialisation, reseting...
System Reseting
Reseting Local Mapper... done
Reseting Loop Closing... done
Reseting Database... done
0
New map created with 1118 points for 0 Feature Type 
New map created with 429 points for 1 Feature Type 
Tracking Initlized in 2.14s
The initlized frame ID: 1
Track lost soon after initialisation, reseting...
System Reseting
Reseting Local Mapper... done
Reseting Loop Closing... done
Reseting Database... done
0
New map created with 1041 points for 0 Feature Type 
New map created with 351 points for 1 Feature Type 
Tracking Initlized in 2.07s
The initlized frame ID: 1
Track lost soon after initialisation, reseting...
System Reseting
Reseting Local Mapper... done
Reseting Loop Closing... done
Reseting Database... done
0
New map created with 1348 points for 0 Feature Type 
New map created with 465 points for 1 Feature Type 
Tracking Initlized in 1.89s
The initlized frame ID: 1
Track lost soon after initialisation, reseting...
System Reseting
Reseting Local Mapper... done
Reseting Loop Closing... done
Reseting Database... done
0
New map created with 1316 points for 0 Feature Type 
New map created with 452 points for 1 Feature Type 
Tracking Initlized in 2.22s
The initlized frame ID: 1
Track lost soon after initialisation, reseting...
System Reseting
Reseting Local Mapper... done
Reseting Loop Closing... done
Reseting Database... done
0
New map created with 1269 points for 0 Feature Type 
New map created with 468 points for 1 Feature Type 
Tracking Initlized in 2.47s
The initlized frame ID: 1
Track lost soon after initialisation, reseting...
System Reseting
Reseting Local Mapper... done
Reseting Loop Closing... done
Reseting Database... done
0
New map created with 1285 points for 0 Feature Type 
New map created with 378 points for 1 Feature Type 
Tracking Initlized in 1.94s
The initlized frame ID: 1
Track lost soon after initialisation, reseting...
System Reseting
Reseting Local Mapper... done
Reseting Loop Closing... done
Reseting Database... done
0
New map created with 1420 points for 0 Feature Type 
New map created with 430 points for 1 Feature Type 
Tracking Initlized in 2.21s
The initlized frame ID: 1
Track lost soon after initialisation, reseting...
System Reseting
Reseting Local Mapper... done
Reseting Loop Closing... done
Reseting Database... done
0
New map created with 1305 points for 0 Feature Type 
New map created with 400 points for 1 Feature Type 
Tracking Initlized in 2.07s
The initlized frame ID: 1
Track lost soon after initialisation, reseting...
System Reseting
Reseting Local Mapper... done
Reseting Loop Closing... done
Reseting Database... done
0
New map created with 1450 points for 0 Feature Type 
New map created with 429 points for 1 Feature Type 
Tracking Initlized in 2.07s
The initlized frame ID: 1
Track lost soon after initialisation, reseting...
System Reseting
Reseting Local Mapper... done
Reseting Loop Closing... done
Reseting Database... done
0
New map created with 1616 points for 0 Feature Type 
New map created with 496 points for 1 Feature Type 
Tracking Initlized in 2.16s
The initlized frame ID: 1
Track lost soon after initialisation, reseting...
System Reseting
Reseting Local Mapper... done
Reseting Loop Closing... done
Reseting Database... done
0
New map created with 1523 points for 0 Feature Type 
New map created with 506 points for 1 Feature Type 
Tracking Initlized in 2.20s
The initlized frame ID: 1
Track lost soon after initialisation, reseting...
System Reseting
Reseting Local Mapper... done
Reseting Loop Closing... done
Reseting Database... done
0
New map created with 1573 points for 0 Feature Type 
New map created with 497 points for 1 Feature Type 
Tracking Initlized in 2.36s
The initlized frame ID: 1
Track lost soon after initialisation, reseting...
System Reseting
Reseting Local Mapper... done
Reseting Loop Closing... done
Reseting Database... done
0
New map created with 1546 points for 0 Feature Type 
New map created with 499 points for 1 Feature Type 
Tracking Initlized in 2.31s
The initlized frame ID: 1
Track lost soon after initialisation, reseting...
System Reseting
Reseting Local Mapper... done
Reseting Loop Closing... done
Reseting Database... done
0
New map created with 1554 points for 0 Feature Type 
New map created with 438 points for 1 Feature Type 
Tracking Initlized in 1.90s
The initlized frame ID: 1
Track lost soon after initialisation, reseting...
System Reseting
Reseting Local Mapper... done
Reseting Loop Closing... done
Reseting Database... done
0
New map created with 1615 points for 0 Feature Type 
New map created with 464 points for 1 Feature Type 
Tracking Initlized in 1.83s
The initlized frame ID: 1
Track lost soon after initialisation, reseting...
System Reseting
Reseting Local Mapper... done
Reseting Loop Closing... done
Reseting Database... done
0
New map created with 1560 points for 0 Feature Type 
New map created with 449 points for 1 Feature Type 
Tracking Initlized in 1.88s
The initlized frame ID: 1
Track lost soon after initialisation, reseting...
System Reseting
Reseting Local Mapper... done
Reseting Loop Closing... done
Reseting Database... done
0
New map created with 1413 points for 0 Feature Type 
New map created with 399 points for 1 Feature Type 
Tracking Initlized in 2.16s
The initlized frame ID: 1
Track lost soon after initialisation, reseting...
System Reseting
Reseting Local Mapper... done
Reseting Loop Closing... done
Reseting Database... done
0
New map created with 1274 points for 0 Feature Type 
New map created with 356 points for 1 Feature Type 
Tracking Initlized in 2.42s
The initlized frame ID: 1
Track lost soon after initialisation, reseting...
System Reseting
Reseting Local Mapper... done
Reseting Loop Closing... done
Reseting Database... done
0
New map created with 1291 points for 0 Feature Type 
New map created with 315 points for 1 Feature Type 
Tracking Initlized in 1.69s
The initlized frame ID: 1
Track lost soon after initialisation, reseting...
System Reseting
Reseting Local Mapper... done
Reseting Loop Closing... done
Reseting Database... done
0
New map created with 1245 points for 0 Feature Type 
New map created with 290 points for 1 Feature Type 
Tracking Initlized in 2.63s
The initlized frame ID: 1
Track lost soon after initialisation, reseting...
System Reseting
Reseting Local Mapper... done
Reseting Loop Closing... done
Reseting Database... done
0
New map created with 1139 points for 0 Feature Type 
New map created with 298 points for 1 Feature Type 
Tracking Initlized in 2.23s
The initlized frame ID: 1
Track lost soon after initialisation, reseting...
System Reseting
Reseting Local Mapper... done
Reseting Loop Closing... done
Reseting Database... done
0
New map created with 989 points for 0 Feature Type 
New map created with 264 points for 1 Feature Type 
Tracking Initlized in 2.08s
The initlized frame ID: 1
Track lost soon after initialisation, reseting...
System Reseting
Reseting Local Mapper... done
Reseting Loop Closing... done
Reseting Database... done
0
New map created with 1281 points for 0 Feature Type 
New map created with 338 points for 1 Feature Type 
Tracking Initlized in 3.69s
The initlized frame ID: 2
Track lost soon after initialisation, reseting...
System Reseting
Reseting Local Mapper... done
Reseting Loop Closing... done
Reseting Database... done
0
New map created with 1092 points for 0 Feature Type 
New map created with 335 points for 1 Feature Type 
Tracking Initlized in 3.44s
The initlized frame ID: 2
Track lost soon after initialisation, reseting...
System Reseting
Reseting Local Mapper... done
Reseting Loop Closing... done
Reseting Database... done
0
New map created with 1167 points for 0 Feature Type 
New map created with 348 points for 1 Feature Type 
Tracking Initlized in 6.11s
The initlized frame ID: 3
Track lost soon after initialisation, reseting...
System Reseting
Reseting Local Mapper... done
Reseting Loop Closing... done
Reseting Database... done
0
New map created with 1160 points for 0 Feature Type 
New map created with 331 points for 1 Feature Type 
Tracking Initlized in 5.59s
The initlized frame ID: 3
Track lost soon after initialisation, reseting...
System Reseting
Reseting Local Mapper... done
Reseting Loop Closing... done
Reseting Database... done
0
New map created with 1346 points for 0 Feature Type 
New map created with 406 points for 1 Feature Type 
Tracking Initlized in 6.19s
The initlized frame ID: 3
Track lost soon after initialisation, reseting...
System Reseting
Reseting Local Mapper... done
Reseting Loop Closing... done
Reseting Database... done
0
New map created with 1245 points for 0 Feature Type 
New map created with 414 points for 1 Feature Type 
Tracking Initlized in 3.51s
The initlized frame ID: 2
Track lost soon after initialisation, reseting...
System Reseting
Reseting Local Mapper... done
Reseting Loop Closing... done
Reseting Database... done
0
New map created with 1385 points for 0 Feature Type 
New map created with 448 points for 1 Feature Type 
Tracking Initlized in 3.76s
The initlized frame ID: 2
Track lost soon after initialisation, reseting...
System Reseting
Reseting Local Mapper... done
Reseting Loop Closing... done
Reseting Database... done
0
New map created with 1403 points for 0 Feature Type 
New map created with 462 points for 1 Feature Type 
Tracking Initlized in 3.35s
The initlized frame ID: 2
Track lost soon after initialisation, reseting...
System Reseting
Reseting Local Mapper... done
Reseting Loop Closing... done
Reseting Database... done
0
New map created with 1314 points for 0 Feature Type 
New map created with 422 points for 1 Feature Type 
Tracking Initlized in 2.11s
The initlized frame ID: 1
Track lost soon after initialisation, reseting...
System Reseting
Reseting Local Mapper... done
Reseting Loop Closing... done
Reseting Database... done
0
New map created with 1293 points for 0 Feature Type 
New map created with 418 points for 1 Feature Type 
Tracking Initlized in 2.19s
The initlized frame ID: 1
Track lost soon after initialisation, reseting...
System Reseting
Reseting Local Mapper... done
Reseting Loop Closing... done
Reseting Database... done
0
New map created with 1236 points for 0 Feature Type 
New map created with 408 points for 1 Feature Type 
Tracking Initlized in 1.80s
The initlized frame ID: 1
Track lost soon after initialisation, reseting...
System Reseting
Reseting Local Mapper... done
Reseting Loop Closing... done
Reseting Database... done
0
New map created with 1134 points for 0 Feature Type 
New map created with 360 points for 1 Feature Type 
Tracking Initlized in 2.11s
The initlized frame ID: 1
Track lost soon after initialisation, reseting...
System Reseting
Reseting Local Mapper... done
Reseting Loop Closing... done
Reseting Database... done
0
New map created with 1083 points for 0 Feature Type 
New map created with 373 points for 1 Feature Type 
Tracking Initlized in 1.93s
The initlized frame ID: 1
Track lost soon after initialisation, reseting...
System Reseting
Reseting Local Mapper... done
Reseting Loop Closing... done
Reseting Database... done
0
New map created with 1103 points for 0 Feature Type 
New map created with 342 points for 1 Feature Type 
Tracking Initlized in 2.06s
The initlized frame ID: 1
Track lost soon after initialisation, reseting...
System Reseting
Reseting Local Mapper... done
Reseting Loop Closing... done
Reseting Database... done
1
New map created with 983 points for 0 Feature Type 
New map created with 279 points for 1 Feature Type 
Tracking Initlized in 1.94s
The initlized frame ID: 1
Track lost soon after initialisation, reseting...
System Reseting
Reseting Local Mapper... done
Reseting Loop Closing... done
Reseting Database... done
0
New map created with 965 points for 0 Feature Type 
New map created with 252 points for 1 Feature Type 
Tracking Initlized in 3.83s
The initlized frame ID: 2
Track lost soon after initialisation, reseting...
System Reseting
Reseting Local Mapper... done
Reseting Loop Closing... done
Reseting Database... done
0
New map created with 962 points for 0 Feature Type 
New map created with 236 points for 1 Feature Type 
Tracking Initlized in 4.22s
The initlized frame ID: 2
Track lost soon after initialisation, reseting...
System Reseting
Reseting Local Mapper... done
Reseting Loop Closing... done
Reseting Database... done
0
New map created with 993 points for 0 Feature Type 
New map created with 227 points for 1 Feature Type 
Tracking Initlized in 3.57s
The initlized frame ID: 2
Track lost soon after initialisation, reseting...
System Reseting
Reseting Local Mapper... done
Reseting Loop Closing... done
Reseting Database... done
0
New map created with 664 points for 0 Feature Type 
New map created with 158 points for 1 Feature Type 
Tracking Initlized in 3.80s
The initlized frame ID: 2
Track lost soon after initialisation, reseting...
System Reseting
Reseting Local Mapper... done
Reseting Loop Closing... done
Reseting Database... done
0
New map created with 375 points for 0 Feature Type 
New map created with 137 points for 1 Feature Type 
Tracking Initlized in 5.90s
The initlized frame ID: 3
Track lost soon after initialisation, reseting...
System Reseting
Reseting Local Mapper... done
Reseting Loop Closing... done
Reseting Database... done
1
New map created with 457 points for 0 Feature Type 
New map created with 167 points for 1 Feature Type 
Tracking Initlized in 5.57s
The initlized frame ID: 3
Track lost soon after initialisation, reseting...
System Reseting
Reseting Local Mapper... done
Reseting Loop Closing... done
Reseting Database... done
0
New map created with 662 points for 0 Feature Type 
New map created with 163 points for 1 Feature Type 
Tracking Initlized in 1.79s
The initlized frame ID: 1
Track lost soon after initialisation, reseting...
System Reseting
Reseting Local Mapper... done
Reseting Loop Closing... done
Reseting Database... done
0
New map created with 623 points for 0 Feature Type 
New map created with 132 points for 1 Feature Type 
Tracking Initlized in 2.41s
The initlized frame ID: 1
Track lost soon after initialisation, reseting...
System Reseting
Reseting Local Mapper... done
Reseting Loop Closing... done
Reseting Database... done
0
New map created with 664 points for 0 Feature Type 
New map created with 135 points for 1 Feature Type 
Tracking Initlized in 1.95s
The initlized frame ID: 1
Track lost soon after initialisation, reseting...
System Reseting
Reseting Local Mapper... done
Reseting Loop Closing... done
Reseting Database... done
0
New map created with 1011 points for 0 Feature Type 
New map created with 239 points for 1 Feature Type 
Tracking Initlized in 3.91s
The initlized frame ID: 2
Track lost soon after initialisation, reseting...
System Reseting
Reseting Local Mapper... done
Reseting Loop Closing... done
Reseting Database... done
0
New map created with 753 points for 0 Feature Type 
New map created with 100 points for 1 Feature Type 
Tracking Initlized in 1.99s
The initlized frame ID: 1
Track lost soon after initialisation, reseting...
System Reseting
Reseting Local Mapper... done
Reseting Loop Closing... done
Reseting Database... done
0
New map created with 806 points for 0 Feature Type 
New map created with 80 points for 1 Feature Type 
Tracking Initlized in 2.19s
The initlized frame ID: 1
Track lost soon after initialisation, reseting...
System Reseting
Reseting Local Mapper... done
Reseting Loop Closing... done
Reseting Database... done
0
New map created with 746 points for 0 Feature Type 
New map created with 49 points for 1 Feature Type 
Tracking Initlized in 2.29s
The initlized frame ID: 1
Track lost soon after initialisation, reseting...
System Reseting
Reseting Local Mapper... done
Reseting Loop Closing... done
Reseting Database... done
0
New map created with 734 points for 0 Feature Type 
New map created with 71 points for 1 Feature Type 
Tracking Initlized in 1.97s
The initlized frame ID: 1
Track lost soon after initialisation, reseting...
System Reseting
Reseting Local Mapper... done
Reseting Loop Closing... done
Reseting Database... done
0
New map created with 707 points for 0 Feature Type 
New map created with 68 points for 1 Feature Type 
Tracking Initlized in 2.15s
The initlized frame ID: 1
Track lost soon after initialisation, reseting...
System Reseting
Reseting Local Mapper... done
Reseting Loop Closing... done
Reseting Database... done
0
New map created with 682 points for 0 Feature Type 
New map created with 61 points for 1 Feature Type 
Tracking Initlized in 1.94s
The initlized frame ID: 1
Track lost soon after initialisation, reseting...
System Reseting
Reseting Local Mapper... done
Reseting Loop Closing... done
Reseting Database... done
0
New map created with 807 points for 0 Feature Type 
New map created with 203 points for 1 Feature Type 
Tracking Initlized in 3.56s
The initlized frame ID: 2
Track lost soon after initialisation, reseting...
System Reseting
Reseting Local Mapper... done
Reseting Loop Closing... done
Reseting Database... done
0
New map created with 620 points for 0 Feature Type 
New map created with 89 points for 1 Feature Type 
Tracking Initlized in 1.90s
The initlized frame ID: 1
The lost frame ID: 7
The lost frame ID: 8
The lost frame ID: 9
The lost frame ID: 10
The lost frame ID: 11
The lost frame ID: 12
The lost frame ID: 13
The lost frame ID: 14
The lost frame ID: 15

Saving camera trajectory to TrajectoryBeforeReset_oxf_sft_spp_r01_seg07_pid2017535_1757525552123.txt ...

trajectory saved!
[Tracking] wrote pre-reset trajectory to TrajectoryBeforeReset_oxf_sft_spp_r01_seg07_pid2017535_1757525552123.txt
[Tracking] LOST for 10 consecutive frames -> reset
System Reseting
Reseting Local Mapper... done
Reseting Loop Closing... done
Reseting Database... done
0
New map created with 827 points for 0 Feature Type 
New map created with 146 points for 1 Feature Type 
Tracking Initlized in 4.13s
The initlized frame ID: 2
Track lost soon after initialisation, reseting...
System Reseting
Reseting Local Mapper... done
Reseting Loop Closing... done
Reseting Database... done
0
New map created with 811 points for 0 Feature Type 
New map created with 204 points for 1 Feature Type 
Tracking Initlized in 3.74s
The initlized frame ID: 2
Track lost soon after initialisation, reseting...
System Reseting
Reseting Local Mapper... done
Reseting Loop Closing... done
Reseting Database... done
0
New map created with 790 points for 0 Feature Type 
New map created with 95 points for 1 Feature Type 
Tracking Initlized in 1.76s
The initlized frame ID: 1
Track lost soon after initialisation, reseting...
System Reseting
Reseting Local Mapper... done
Reseting Loop Closing... done
Reseting Database... done
0
New map created with 781 points for 0 Feature Type 
New map created with 81 points for 1 Feature Type 
Tracking Initlized in 1.79s
The initlized frame ID: 1
Track lost soon after initialisation, reseting...
System Reseting
Reseting Local Mapper... done
Reseting Loop Closing... done
Reseting Database... done
0
New map created with 824 points for 0 Feature Type 
New map created with 145 points for 1 Feature Type 
Tracking Initlized in 2.02s
The initlized frame ID: 1
Track lost soon after initialisation, reseting...
System Reseting
Reseting Local Mapper... done
Reseting Loop Closing... done
Reseting Database... done
0
New map created with 797 points for 0 Feature Type 
New map created with 151 points for 1 Feature Type 
Tracking Initlized in 2.26s
The initlized frame ID: 1
Track lost soon after initialisation, reseting...
System Reseting
Reseting Local Mapper... done
Reseting Loop Closing... done
Reseting Database... done
0
New map created with 811 points for 0 Feature Type 
New map created with 153 points for 1 Feature Type 
Tracking Initlized in 2.20s
The initlized frame ID: 1
Track lost soon after initialisation, reseting...
System Reseting
Reseting Local Mapper... done
Reseting Loop Closing... done
Reseting Database... done
0
New map created with 799 points for 0 Feature Type 
New map created with 155 points for 1 Feature Type 
Tracking Initlized in 2.08s
The initlized frame ID: 1
Track lost soon after initialisation, reseting...
System Reseting
Reseting Local Mapper... done
Reseting Loop Closing... done
Reseting Database... done
0
New map created with 809 points for 0 Feature Type 
New map created with 150 points for 1 Feature Type 
Tracking Initlized in 2.03s
The initlized frame ID: 1
Track lost soon after initialisation, reseting...
System Reseting
Reseting Local Mapper... done
Reseting Loop Closing... done
Reseting Database... done
0
New map created with 772 points for 0 Feature Type 
New map created with 142 points for 1 Feature Type 
Tracking Initlized in 2.57s
The initlized frame ID: 1
Track lost soon after initialisation, reseting...
System Reseting
Reseting Local Mapper... done
Reseting Loop Closing... done
Reseting Database... done
0
New map created with 718 points for 0 Feature Type 
New map created with 140 points for 1 Feature Type 
Tracking Initlized in 2.38s
The initlized frame ID: 1
Track lost soon after initialisation, reseting...
System Reseting
Reseting Local Mapper... done
Reseting Loop Closing... done
Reseting Database... done
0
New map created with 733 points for 0 Feature Type 
New map created with 138 points for 1 Feature Type 
Tracking Initlized in 2.08s
The initlized frame ID: 1
Track lost soon after initialisation, reseting...
System Reseting
Reseting Local Mapper... done
Reseting Loop Closing... done
Reseting Database... done
0
New map created with 640 points for 0 Feature Type 
New map created with 145 points for 1 Feature Type 
Tracking Initlized in 2.26s
The initlized frame ID: 1
Track lost soon after initialisation, reseting...
System Reseting
Reseting Local Mapper... done
Reseting Loop Closing... done
Reseting Database... done
0
New map created with 626 points for 0 Feature Type 
New map created with 306 points for 1 Feature Type 
Tracking Initlized in 3.58s
The initlized frame ID: 2
Track lost soon after initialisation, reseting...
System Reseting
Reseting Local Mapper... done
Reseting Loop Closing... done
Reseting Database... done
0
New map created with 636 points for 0 Feature Type 
New map created with 184 points for 1 Feature Type 
Tracking Initlized in 2.42s
The initlized frame ID: 1
Track lost soon after initialisation, reseting...
System Reseting
Reseting Local Mapper... done
Reseting Loop Closing... done
Reseting Database... done
0
New map created with 839 points for 0 Feature Type 
New map created with 313 points for 1 Feature Type 
Tracking Initlized in 4.10s
The initlized frame ID: 2
Track lost soon after initialisation, reseting...
System Reseting
Reseting Local Mapper... done
Reseting Loop Closing... done
Reseting Database... done
0
New map created with 922 points for 0 Feature Type 
New map created with 346 points for 1 Feature Type 
Tracking Initlized in 4.05s
The initlized frame ID: 2
Track lost soon after initialisation, reseting...
System Reseting
Reseting Local Mapper... done
Reseting Loop Closing... done
Reseting Database... done
0
New map created with 677 points for 0 Feature Type 
New map created with 226 points for 1 Feature Type 
Tracking Initlized in 2.28s
The initlized frame ID: 1
Track lost soon after initialisation, reseting...
System Reseting
Reseting Local Mapper... done
Reseting Loop Closing... done
Reseting Database... done
0
New map created with 885 points for 0 Feature Type 
New map created with 342 points for 1 Feature Type 
Tracking Initlized in 4.70s
The initlized frame ID: 2
Track lost soon after initialisation, reseting...
System Reseting
Reseting Local Mapper... done
Reseting Loop Closing... done
Reseting Database... done
0
New map created with 807 points for 0 Feature Type 
New map created with 311 points for 1 Feature Type 
Tracking Initlized in 4.50s
The initlized frame ID: 2
Track lost soon after initialisation, reseting...
System Reseting
Reseting Local Mapper... done
Reseting Loop Closing... done
Reseting Database... done
0
New map created with 710 points for 0 Feature Type 
New map created with 314 points for 1 Feature Type 
Tracking Initlized in 4.23s
The initlized frame ID: 2
Track lost soon after initialisation, reseting...
System Reseting
Reseting Local Mapper... done
Reseting Loop Closing... done
Reseting Database... done
0
New map created with 699 points for 0 Feature Type 
New map created with 328 points for 1 Feature Type 
Tracking Initlized in 3.76s
The initlized frame ID: 2
Track lost soon after initialisation, reseting...
System Reseting
Reseting Local Mapper... done
Reseting Loop Closing... done
Reseting Database... done
0
New map created with 561 points for 0 Feature Type 
New map created with 258 points for 1 Feature Type 
Tracking Initlized in 3.87s
The initlized frame ID: 2
Track lost soon after initialisation, reseting...
System Reseting
Reseting Local Mapper... done
Reseting Loop Closing... done
Reseting Database... done
0
New map created with 810 points for 0 Feature Type 
New map created with 276 points for 1 Feature Type 
Tracking Initlized in 3.85s
The initlized frame ID: 2
Track lost soon after initialisation, reseting...
System Reseting
Reseting Local Mapper... done
Reseting Loop Closing... done
Reseting Database... done
0
New map created with 881 points for 0 Feature Type 
New map created with 291 points for 1 Feature Type 
Tracking Initlized in 3.85s
The initlized frame ID: 2
Track lost soon after initialisation, reseting...
System Reseting
Reseting Local Mapper... done
Reseting Loop Closing... done
Reseting Database... done
0
New map created with 934 points for 0 Feature Type 
New map created with 324 points for 1 Feature Type 
Tracking Initlized in 4.33s
The initlized frame ID: 2
Track lost soon after initialisation, reseting...
System Reseting
Reseting Local Mapper... done
Reseting Loop Closing... done
Reseting Database... done
1
New map created with 798 points for 0 Feature Type 
New map created with 274 points for 1 Feature Type 
Tracking Initlized in 4.01s
The initlized frame ID: 2
Track lost soon after initialisation, reseting...
System Reseting
Reseting Local Mapper... done
Reseting Loop Closing... done
Reseting Database... done
0
New map created with 805 points for 0 Feature Type 
New map created with 284 points for 1 Feature Type 
Tracking Initlized in 3.97s
The initlized frame ID: 2
Track lost soon after initialisation, reseting...
System Reseting
Reseting Local Mapper... done
Reseting Loop Closing... done
Reseting Database... done
0
New map created with 848 points for 0 Feature Type 
New map created with 301 points for 1 Feature Type 
Tracking Initlized in 3.90s
The initlized frame ID: 2
Track lost soon after initialisation, reseting...
System Reseting
Reseting Local Mapper... done
Reseting Loop Closing... done
Reseting Database... done
0
New map created with 858 points for 0 Feature Type 
New map created with 291 points for 1 Feature Type 
Tracking Initlized in 4.04s
The initlized frame ID: 2
Track lost soon after initialisation, reseting...
System Reseting
Reseting Local Mapper... done
Reseting Loop Closing... done
Reseting Database... done
0
New map created with 917 points for 0 Feature Type 
New map created with 290 points for 1 Feature Type 
Tracking Initlized in 4.37s
The initlized frame ID: 2
Track lost soon after initialisation, reseting...
System Reseting
Reseting Local Mapper... done
Reseting Loop Closing... done
Reseting Database... done
0
New map created with 915 points for 0 Feature Type 
New map created with 307 points for 1 Feature Type 
Tracking Initlized in 4.87s
The initlized frame ID: 2
Track lost soon after initialisation, reseting...
System Reseting
Reseting Local Mapper... done
Reseting Loop Closing... done
Reseting Database... done
0
New map created with 833 points for 0 Feature Type 
New map created with 302 points for 1 Feature Type 
Tracking Initlized in 4.06s
The initlized frame ID: 2
Track lost soon after initialisation, reseting...
System Reseting
Reseting Local Mapper... done
Reseting Loop Closing... done
Reseting Database... done
0
New map created with 866 points for 0 Feature Type 
New map created with 311 points for 1 Feature Type 
Tracking Initlized in 3.70s
The initlized frame ID: 2
Track lost soon after initialisation, reseting...
System Reseting
Reseting Local Mapper... done
Reseting Loop Closing... done
Reseting Database... done
0
New map created with 885 points for 0 Feature Type 
New map created with 301 points for 1 Feature Type 
Tracking Initlized in 4.15s
The initlized frame ID: 2
Track lost soon after initialisation, reseting...
System Reseting
Reseting Local Mapper... done
Reseting Loop Closing... done
Reseting Database... done
0
New map created with 691 points for 0 Feature Type 
New map created with 225 points for 1 Feature Type 
Tracking Initlized in 2.39s
The initlized frame ID: 1
Track lost soon after initialisation, reseting...
System Reseting
Reseting Local Mapper... done
Reseting Loop Closing... done
Reseting Database... done
0
New map created with 652 points for 0 Feature Type 
New map created with 236 points for 1 Feature Type 
Tracking Initlized in 2.27s
The initlized frame ID: 1
Track lost soon after initialisation, reseting...
System Reseting
Reseting Local Mapper... done
Reseting Loop Closing... done
Reseting Database... done
1
New map created with 720 points for 0 Feature Type 
New map created with 244 points for 1 Feature Type 
Tracking Initlized in 2.36s
The initlized frame ID: 1
Track lost soon after initialisation, reseting...
System Reseting
Reseting Local Mapper... done
Reseting Loop Closing... done
Reseting Database... done
0
New map created with 765 points for 0 Feature Type 
New map created with 312 points for 1 Feature Type 
Tracking Initlized in 3.52s
The initlized frame ID: 2
Track lost soon after initialisation, reseting...
System Reseting
Reseting Local Mapper... done
Reseting Loop Closing... done
Reseting Database... done
1
New map created with 601 points for 0 Feature Type 
New map created with 213 points for 1 Feature Type 
Tracking Initlized in 2.01s
The initlized frame ID: 1
Track lost soon after initialisation, reseting...
System Reseting
Reseting Local Mapper... done
Reseting Loop Closing... done
Reseting Database... done
0
New map created with 775 points for 0 Feature Type 
New map created with 302 points for 1 Feature Type 
Tracking Initlized in 4.45s
The initlized frame ID: 2
Track lost soon after initialisation, reseting...
System Reseting
Reseting Local Mapper... done
Reseting Loop Closing... done
Reseting Database... done
0
New map created with 600 points for 0 Feature Type 
New map created with 259 points for 1 Feature Type 
Tracking Initlized in 4.57s
The initlized frame ID: 2
Track lost soon after initialisation, reseting...
System Reseting
Reseting Local Mapper... done
Reseting Loop Closing... done
Reseting Database... done
0
New map created with 790 points for 0 Feature Type 
New map created with 277 points for 1 Feature Type 
Tracking Initlized in 2.06s
The initlized frame ID: 1
Track lost soon after initialisation, reseting...
System Reseting
Reseting Local Mapper... done
Reseting Loop Closing... done
Reseting Database... done
0
New map created with 714 points for 0 Feature Type 
New map created with 282 points for 1 Feature Type 
Tracking Initlized in 2.40s
The initlized frame ID: 1
Track lost soon after initialisation, reseting...
System Reseting
Reseting Local Mapper... done
Reseting Loop Closing... done
Reseting Database... done
0
New map created with 626 points for 0 Feature Type 
New map created with 209 points for 1 Feature Type 
Tracking Initlized in 2.25s
The initlized frame ID: 1
Track lost soon after initialisation, reseting...
System Reseting
Reseting Local Mapper... done
Reseting Loop Closing... done
Reseting Database... done
0
New map created with 674 points for 0 Feature Type 
New map created with 227 points for 1 Feature Type 
Tracking Initlized in 2.35s
The initlized frame ID: 1
Track lost soon after initialisation, reseting...
System Reseting
Reseting Local Mapper... done
Reseting Loop Closing... done
Reseting Database... done
0
New map created with 678 points for 0 Feature Type 
New map created with 288 points for 1 Feature Type 
Tracking Initlized in 3.79s
The initlized frame ID: 2
Track lost soon after initialisation, reseting...
System Reseting
Reseting Local Mapper... done
Reseting Loop Closing... done
Reseting Database... done
0
New map created with 667 points for 0 Feature Type 
New map created with 293 points for 1 Feature Type 
Tracking Initlized in 3.70s
The initlized frame ID: 2
Track lost soon after initialisation, reseting...
System Reseting
Reseting Local Mapper... done
Reseting Loop Closing... done
Reseting Database... done
0
New map created with 685 points for 0 Feature Type 
New map created with 293 points for 1 Feature Type 
Tracking Initlized in 3.84s
The initlized frame ID: 2
Track lost soon after initialisation, reseting...
System Reseting
Reseting Local Mapper... done
Reseting Loop Closing... done
Reseting Database... done
0
New map created with 693 points for 0 Feature Type 
New map created with 266 points for 1 Feature Type 
Tracking Initlized in 3.68s
The initlized frame ID: 2
Track lost soon after initialisation, reseting...
System Reseting
Reseting Local Mapper... done
Reseting Loop Closing... done
Reseting Database... done
0
New map created with 783 points for 0 Feature Type 
New map created with 255 points for 1 Feature Type 
Tracking Initlized in 4.24s
The initlized frame ID: 2
Track lost soon after initialisation, reseting...
System Reseting
Reseting Local Mapper... done
Reseting Loop Closing... done
Reseting Database... done
0
New map created with 606 points for 0 Feature Type 
New map created with 286 points for 1 Feature Type 
Tracking Initlized in 3.68s
The initlized frame ID: 2
Track lost soon after initialisation, reseting...
System Reseting
Reseting Local Mapper... done
Reseting Loop Closing... done
Reseting Database... done
0
New map created with 681 points for 0 Feature Type 
New map created with 233 points for 1 Feature Type 
Tracking Initlized in 3.83s
The initlized frame ID: 2
Track lost soon after initialisation, reseting...
System Reseting
Reseting Local Mapper... done
Reseting Loop Closing... done
Reseting Database... done
0
New map created with 675 points for 0 Feature Type 
New map created with 237 points for 1 Feature Type 
Tracking Initlized in 4.06s
The initlized frame ID: 2
Track lost soon after initialisation, reseting...
System Reseting
Reseting Local Mapper... done
Reseting Loop Closing... done
Reseting Database... done
0
New map created with 715 points for 0 Feature Type 
New map created with 262 points for 1 Feature Type 
Tracking Initlized in 3.45s
The initlized frame ID: 2
Track lost soon after initialisation, reseting...
System Reseting
Reseting Local Mapper... done
Reseting Loop Closing... done
Reseting Database... done
0
New map created with 652 points for 0 Feature Type 
New map created with 255 points for 1 Feature Type 
Tracking Initlized in 4.13s
The initlized frame ID: 2
Track lost soon after initialisation, reseting...
System Reseting
Reseting Local Mapper... done
Reseting Loop Closing... done
Reseting Database... done
0
New map created with 729 points for 0 Feature Type 
New map created with 268 points for 1 Feature Type 
Tracking Initlized in 3.87s
The initlized frame ID: 2
Track lost soon after initialisation, reseting...
System Reseting
Reseting Local Mapper... done
Reseting Loop Closing... done
Reseting Database... done
0
New map created with 658 points for 0 Feature Type 
New map created with 269 points for 1 Feature Type 
Tracking Initlized in 4.02s
The initlized frame ID: 2
Track lost soon after initialisation, reseting...
System Reseting
Reseting Local Mapper... done
Reseting Loop Closing... done
Reseting Database... done
0
New map created with 733 points for 0 Feature Type 
New map created with 283 points for 1 Feature Type 
Tracking Initlized in 3.84s
The initlized frame ID: 2
Track lost soon after initialisation, reseting...
System Reseting
Reseting Local Mapper... done
Reseting Loop Closing... done
Reseting Database... done
0
New map created with 673 points for 0 Feature Type 
New map created with 294 points for 1 Feature Type 
Tracking Initlized in 3.65s
The initlized frame ID: 2
Track lost soon after initialisation, reseting...
System Reseting
Reseting Local Mapper... done
Reseting Loop Closing... done
Reseting Database... done
0
New map created with 661 points for 0 Feature Type 
New map created with 257 points for 1 Feature Type 
Tracking Initlized in 3.43s
The initlized frame ID: 2
Track lost soon after initialisation, reseting...
System Reseting
Reseting Local Mapper... done
Reseting Loop Closing... done
Reseting Database... done
0
New map created with 747 points for 0 Feature Type 
New map created with 286 points for 1 Feature Type 
Tracking Initlized in 3.62s
The initlized frame ID: 2
Track lost soon after initialisation, reseting...
System Reseting
Reseting Local Mapper... done
Reseting Loop Closing... done
Reseting Database... done
0
New map created with 757 points for 0 Feature Type 
New map created with 297 points for 1 Feature Type 
Tracking Initlized in 3.99s
The initlized frame ID: 2
Track lost soon after initialisation, reseting...
System Reseting
Reseting Local Mapper... done
Reseting Loop Closing... done
Reseting Database... done
0
New map created with 846 points for 0 Feature Type 
New map created with 334 points for 1 Feature Type 
Tracking Initlized in 3.77s
The initlized frame ID: 2
Track lost soon after initialisation, reseting...
System Reseting
Reseting Local Mapper... done
Reseting Loop Closing... done
Reseting Database... done
0
New map created with 823 points for 0 Feature Type 
New map created with 314 points for 1 Feature Type 
Tracking Initlized in 3.71s
The initlized frame ID: 2
Track lost soon after initialisation, reseting...
System Reseting
Reseting Local Mapper... done
Reseting Loop Closing... done
Reseting Database... done
0
New map created with 674 points for 0 Feature Type 
New map created with 225 points for 1 Feature Type 
Tracking Initlized in 2.06s
The initlized frame ID: 1
Track lost soon after initialisation, reseting...
System Reseting
Reseting Local Mapper... done
Reseting Loop Closing... done
Reseting Database... done
0
New map created with 647 points for 0 Feature Type 
New map created with 205 points for 1 Feature Type 
Tracking Initlized in 1.84s
The initlized frame ID: 1
Track lost soon after initialisation, reseting...
System Reseting
Reseting Local Mapper... done
Reseting Loop Closing... done
Reseting Database... done
0
New map created with 751 points for 0 Feature Type 
New map created with 204 points for 1 Feature Type 
Tracking Initlized in 2.23s
The initlized frame ID: 1
Track lost soon after initialisation, reseting...
System Reseting
Reseting Local Mapper... done
Reseting Loop Closing... done
Reseting Database... done
0
New map created with 679 points for 0 Feature Type 
New map created with 213 points for 1 Feature Type 
Tracking Initlized in 2.03s
The initlized frame ID: 1
Track lost soon after initialisation, reseting...
System Reseting
Reseting Local Mapper... done
Reseting Loop Closing... done
Reseting Database... done
0
New map created with 713 points for 0 Feature Type 
New map created with 236 points for 1 Feature Type 
Tracking Initlized in 2.45s
The initlized frame ID: 1
Track lost soon after initialisation, reseting...
System Reseting
Reseting Local Mapper... done
Reseting Loop Closing... done
Reseting Database... done
0
New map created with 695 points for 0 Feature Type 
New map created with 206 points for 1 Feature Type 
Tracking Initlized in 2.31s
The initlized frame ID: 1
Track lost soon after initialisation, reseting...
System Reseting
Reseting Local Mapper... done
Reseting Loop Closing... done
Reseting Database... done
0
New map created with 885 points for 0 Feature Type 
New map created with 235 points for 1 Feature Type 
Tracking Initlized in 2.32s
The initlized frame ID: 1
Track lost soon after initialisation, reseting...
System Reseting
Reseting Local Mapper... done
Reseting Loop Closing... done
Reseting Database... done
0
New map created with 782 points for 0 Feature Type 
New map created with 228 points for 1 Feature Type 
Tracking Initlized in 1.82s
The initlized frame ID: 1
Track lost soon after initialisation, reseting...
System Reseting
Reseting Local Mapper... done
Reseting Loop Closing... done
Reseting Database... done
0
New map created with 872 points for 0 Feature Type 
New map created with 269 points for 1 Feature Type 
Tracking Initlized in 2.33s
The initlized frame ID: 1
Track lost soon after initialisation, reseting...
System Reseting
Reseting Local Mapper... done
Reseting Loop Closing... done
Reseting Database... done
0
New map created with 903 points for 0 Feature Type 
New map created with 248 points for 1 Feature Type 
Tracking Initlized in 2.13s
The initlized frame ID: 1
Track lost soon after initialisation, reseting...
System Reseting
Reseting Local Mapper... done
Reseting Loop Closing... done
Reseting Database... done
0
New map created with 957 points for 0 Feature Type 
New map created with 305 points for 1 Feature Type 
Tracking Initlized in 2.36s
The initlized frame ID: 1
Track lost soon after initialisation, reseting...
System Reseting
Reseting Local Mapper... done
Reseting Loop Closing... done
Reseting Database... done
0
New map created with 1017 points for 0 Feature Type 
New map created with 330 points for 1 Feature Type 
Tracking Initlized in 2.80s
The initlized frame ID: 1
Track lost soon after initialisation, reseting...
System Reseting
Reseting Local Mapper... done
Reseting Loop Closing... done
Reseting Database... done
0
New map created with 951 points for 0 Feature Type 
New map created with 324 points for 1 Feature Type 
Tracking Initlized in 2.60s
The initlized frame ID: 1
Track lost soon after initialisation, reseting...
System Reseting
Reseting Local Mapper... done
Reseting Loop Closing... done
Reseting Database... done
0
New map created with 943 points for 0 Feature Type 
New map created with 291 points for 1 Feature Type 
Tracking Initlized in 1.93s
The initlized frame ID: 1
Track lost soon after initialisation, reseting...
System Reseting
Reseting Local Mapper... done
Reseting Loop Closing... done
Reseting Database... done
0
New map created with 915 points for 0 Feature Type 
New map created with 323 points for 1 Feature Type 
Tracking Initlized in 2.30s
The initlized frame ID: 1
Track lost soon after initialisation, reseting...
System Reseting
Reseting Local Mapper... done
Reseting Loop Closing... done
Reseting Database... done
0
New map created with 903 points for 0 Feature Type 
New map created with 353 points for 1 Feature Type 
Tracking Initlized in 1.97s
The initlized frame ID: 1
Track lost soon after initialisation, reseting...
System Reseting
Reseting Local Mapper... done
Reseting Loop Closing... done
Reseting Database... done
0
New map created with 914 points for 0 Feature Type 
New map created with 288 points for 1 Feature Type 
Tracking Initlized in 2.35s
The initlized frame ID: 1
Track lost soon after initialisation, reseting...
System Reseting
Reseting Local Mapper... done
Reseting Loop Closing... done
Reseting Database... done
0
New map created with 883 points for 0 Feature Type 
New map created with 289 points for 1 Feature Type 
Tracking Initlized in 2.37s
The initlized frame ID: 1
Track lost soon after initialisation, reseting...
System Reseting
Reseting Local Mapper... done
Reseting Loop Closing... done
Reseting Database... done
0
New map created with 855 points for 0 Feature Type 
New map created with 301 points for 1 Feature Type 
Tracking Initlized in 2.51s
The initlized frame ID: 1
Track lost soon after initialisation, reseting...
System Reseting
Reseting Local Mapper... done
Reseting Loop Closing... done
Reseting Database... done
0
New map created with 838 points for 0 Feature Type 
New map created with 287 points for 1 Feature Type 
Tracking Initlized in 1.60s
The initlized frame ID: 1
Track lost soon after initialisation, reseting...
System Reseting
Reseting Local Mapper... done
Reseting Loop Closing... done
Reseting Database... done
0
New map created with 849 points for 0 Feature Type 
New map created with 287 points for 1 Feature Type 
Tracking Initlized in 2.25s
The initlized frame ID: 1
Track lost soon after initialisation, reseting...
System Reseting
Reseting Local Mapper... done
Reseting Loop Closing... done
Reseting Database... done
1
New map created with 693 points for 0 Feature Type 
New map created with 338 points for 1 Feature Type 
Tracking Initlized in 1.89s
The initlized frame ID: 1
Track lost soon after initialisation, reseting...
System Reseting
Reseting Local Mapper... done
Reseting Loop Closing... done
Reseting Database... done
0
New map created with 976 points for 0 Feature Type 
New map created with 343 points for 1 Feature Type 
Tracking Initlized in 3.29s
The initlized frame ID: 2
Track lost soon after initialisation, reseting...
System Reseting
Reseting Local Mapper... done
Reseting Loop Closing... done
Reseting Database... done
0
New map created with 829 points for 0 Feature Type 
New map created with 276 points for 1 Feature Type 
Tracking Initlized in 2.13s
The initlized frame ID: 1
Track lost soon after initialisation, reseting...
System Reseting
Reseting Local Mapper... done
Reseting Loop Closing... done
Reseting Database... done
0
New map created with 810 points for 0 Feature Type 
New map created with 266 points for 1 Feature Type 
Tracking Initlized in 1.63s
The initlized frame ID: 1
Track lost soon after initialisation, reseting...
System Reseting
Reseting Local Mapper... done
Reseting Loop Closing... done
Reseting Database... done
0
New map created with 905 points for 0 Feature Type 
New map created with 283 points for 1 Feature Type 
Tracking Initlized in 2.02s
The initlized frame ID: 1
Track lost soon after initialisation, reseting...
System Reseting
Reseting Local Mapper... done
Reseting Loop Closing... done
Reseting Database... done
0
New map created with 893 points for 0 Feature Type 
New map created with 237 points for 1 Feature Type 
Tracking Initlized in 2.56s
The initlized frame ID: 1
Track lost soon after initialisation, reseting...
System Reseting
Reseting Local Mapper... done
Reseting Loop Closing... done
Reseting Database... done
0
New map created with 915 points for 0 Feature Type 
New map created with 236 points for 1 Feature Type 
Tracking Initlized in 2.18s
The initlized frame ID: 1
Track lost soon after initialisation, reseting...
System Reseting
Reseting Local Mapper... done
Reseting Loop Closing... done
Reseting Database... done
0
New map created with 798 points for 0 Feature Type 
New map created with 221 points for 1 Feature Type 
Tracking Initlized in 1.94s
The initlized frame ID: 1
Track lost soon after initialisation, reseting...
System Reseting
Reseting Local Mapper... done
Reseting Loop Closing... done
Reseting Database... done
0
New map created with 838 points for 0 Feature Type 
New map created with 223 points for 1 Feature Type 
Tracking Initlized in 2.42s
The initlized frame ID: 1
Track lost soon after initialisation, reseting...
System Reseting
Reseting Local Mapper... done
Reseting Loop Closing... done
Reseting Database... done
0
New map created with 729 points for 0 Feature Type 
New map created with 219 points for 1 Feature Type 
Tracking Initlized in 1.84s
The initlized frame ID: 1
Track lost soon after initialisation, reseting...
System Reseting
Reseting Local Mapper... done
Reseting Loop Closing... done
Reseting Database... done
0
New map created with 805 points for 0 Feature Type 
New map created with 220 points for 1 Feature Type 
Tracking Initlized in 2.57s
The initlized frame ID: 1
Track lost soon after initialisation, reseting...
System Reseting
Reseting Local Mapper... done
Reseting Loop Closing... done
Reseting Database... done
0
New map created with 793 points for 0 Feature Type 
New map created with 218 points for 1 Feature Type 
Tracking Initlized in 2.05s
The initlized frame ID: 1
Track lost soon after initialisation, reseting...
System Reseting
Reseting Local Mapper... done
Reseting Loop Closing... done
Reseting Database... done
0
New map created with 777 points for 0 Feature Type 
New map created with 213 points for 1 Feature Type 
Tracking Initlized in 2.46s
The initlized frame ID: 1
Track lost soon after initialisation, reseting...
System Reseting
Reseting Local Mapper... done
Reseting Loop Closing... done
Reseting Database... done
0
New map created with 756 points for 0 Feature Type 
New map created with 224 points for 1 Feature Type 
Tracking Initlized in 2.66s
The initlized frame ID: 1
Track lost soon after initialisation, reseting...
System Reseting
Reseting Local Mapper... done
Reseting Loop Closing... done
Reseting Database... done
0
New map created with 760 points for 0 Feature Type 
New map created with 254 points for 1 Feature Type 
Tracking Initlized in 2.39s
The initlized frame ID: 1
Track lost soon after initialisation, reseting...
System Reseting
Reseting Local Mapper... done
Reseting Loop Closing... done
Reseting Database... done
0
New map created with 837 points for 0 Feature Type 
New map created with 272 points for 1 Feature Type 
Tracking Initlized in 1.83s
The initlized frame ID: 1
Track lost soon after initialisation, reseting...
System Reseting
Reseting Local Mapper... done
Reseting Loop Closing... done
Reseting Database... done
0
New map created with 806 points for 0 Feature Type 
New map created with 276 points for 1 Feature Type 
Tracking Initlized in 2.07s
The initlized frame ID: 1
Track lost soon after initialisation, reseting...
System Reseting
Reseting Local Mapper... done
Reseting Loop Closing... done
Reseting Database... done
0
New map created with 715 points for 0 Feature Type 
New map created with 234 points for 1 Feature Type 
Tracking Initlized in 2.16s
The initlized frame ID: 1
Track lost soon after initialisation, reseting...
System Reseting
Reseting Local Mapper... done
Reseting Loop Closing... done
Reseting Database... done
0
New map created with 767 points for 0 Feature Type 
New map created with 259 points for 1 Feature Type 
Tracking Initlized in 1.84s
The initlized frame ID: 1
Track lost soon after initialisation, reseting...
System Reseting
Reseting Local Mapper... done
Reseting Loop Closing... done
Reseting Database... done
0
New map created with 764 points for 0 Feature Type 
New map created with 274 points for 1 Feature Type 
Tracking Initlized in 2.20s
The initlized frame ID: 1
Track lost soon after initialisation, reseting...
System Reseting
Reseting Local Mapper... done
Reseting Loop Closing... done
Reseting Database... done
0
New map created with 754 points for 0 Feature Type 
New map created with 232 points for 1 Feature Type 
Tracking Initlized in 2.19s
The initlized frame ID: 1
Track lost soon after initialisation, reseting...
System Reseting
Reseting Local Mapper... done
Reseting Loop Closing... done
Reseting Database... done
0
New map created with 744 points for 0 Feature Type 
New map created with 239 points for 1 Feature Type 
Tracking Initlized in 2.08s
The initlized frame ID: 1
Track lost soon after initialisation, reseting...
System Reseting
Reseting Local Mapper... done
Reseting Loop Closing... done
Reseting Database... done
0
New map created with 720 points for 0 Feature Type 
New map created with 249 points for 1 Feature Type 
Tracking Initlized in 2.51s
The initlized frame ID: 1
Track lost soon after initialisation, reseting...
System Reseting
Reseting Local Mapper... done
Reseting Loop Closing... done
Reseting Database... done
0
New map created with 681 points for 0 Feature Type 
New map created with 241 points for 1 Feature Type 
Tracking Initlized in 2.12s
The initlized frame ID: 1
Track lost soon after initialisation, reseting...
System Reseting
Reseting Local Mapper... done
Reseting Loop Closing... done
Reseting Database... done
0
New map created with 694 points for 0 Feature Type 
New map created with 330 points for 1 Feature Type 
Tracking Initlized in 3.49s
The initlized frame ID: 2
Track lost soon after initialisation, reseting...
System Reseting
Reseting Local Mapper... done
Reseting Loop Closing... done
Reseting Database... done
0
New map created with 974 points for 0 Feature Type 
New map created with 345 points for 1 Feature Type 
Tracking Initlized in 3.51s
The initlized frame ID: 2
Track lost soon after initialisation, reseting...
System Reseting
Reseting Local Mapper... done
Reseting Loop Closing... done
Reseting Database... done
0
New map created with 736 points for 0 Feature Type 
New map created with 305 points for 1 Feature Type 
Tracking Initlized in 3.91s
The initlized frame ID: 2
Track lost soon after initialisation, reseting...
System Reseting
Reseting Local Mapper... done
Reseting Loop Closing... done
Reseting Database... done
0
New map created with 900 points for 0 Feature Type 
New map created with 332 points for 1 Feature Type 
Tracking Initlized in 3.82s
The initlized frame ID: 2
Track lost soon after initialisation, reseting...
System Reseting
Reseting Local Mapper... done
Reseting Loop Closing... done
Reseting Database... done
0
New map created with 940 points for 0 Feature Type 
New map created with 321 points for 1 Feature Type 
Tracking Initlized in 3.40s
The initlized frame ID: 2
Track lost soon after initialisation, reseting...
System Reseting
Reseting Local Mapper... done
Reseting Loop Closing... done
Reseting Database... done
0
New map created with 872 points for 0 Feature Type 
New map created with 330 points for 1 Feature Type 
Tracking Initlized in 3.59s
The initlized frame ID: 2
Track lost soon after initialisation, reseting...
System Reseting
Reseting Local Mapper... done
Reseting Loop Closing... done
Reseting Database... done
0
New map created with 748 points for 0 Feature Type 
New map created with 307 points for 1 Feature Type 
Tracking Initlized in 3.48s
The initlized frame ID: 2
Track lost soon after initialisation, reseting...
System Reseting
Reseting Local Mapper... done
Reseting Loop Closing... done
Reseting Database... done
0
New map created with 1282 points for 0 Feature Type 
New map created with 355 points for 1 Feature Type 
Tracking Initlized in 3.39s
The initlized frame ID: 2
Track lost soon after initialisation, reseting...
System Reseting
Reseting Local Mapper... done
Reseting Loop Closing... done
Reseting Database... done
0
New map created with 1039 points for 0 Feature Type 
New map created with 321 points for 1 Feature Type 
Tracking Initlized in 4.13s
The initlized frame ID: 2
Track lost soon after initialisation, reseting...
System Reseting
Reseting Local Mapper... done
Reseting Loop Closing... done
Reseting Database... done
0
New map created with 1148 points for 0 Feature Type 
New map created with 314 points for 1 Feature Type 
Tracking Initlized in 3.44s
The initlized frame ID: 2
Track lost soon after initialisation, reseting...
System Reseting
Reseting Local Mapper... done
Reseting Loop Closing... done
Reseting Database... done
0
New map created with 1075 points for 0 Feature Type 
New map created with 302 points for 1 Feature Type 
Tracking Initlized in 4.00s
The initlized frame ID: 2
Track lost soon after initialisation, reseting...
System Reseting
Reseting Local Mapper... done
Reseting Loop Closing... done
Reseting Database... done
0
New map created with 1068 points for 0 Feature Type 
New map created with 300 points for 1 Feature Type 
Tracking Initlized in 4.36s
The initlized frame ID: 2
Track lost soon after initialisation, reseting...
System Reseting
Reseting Local Mapper... done
Reseting Loop Closing... done
Reseting Database... done
0
New map created with 1040 points for 0 Feature Type 
New map created with 292 points for 1 Feature Type 
Tracking Initlized in 3.71s
The initlized frame ID: 2
Track lost soon after initialisation, reseting...
System Reseting
Reseting Local Mapper... done
Reseting Loop Closing... done
Reseting Database... done
0
New map created with 949 points for 0 Feature Type 
New map created with 274 points for 1 Feature Type 
Tracking Initlized in 3.76s
The initlized frame ID: 2
Track lost soon after initialisation, reseting...
System Reseting
Reseting Local Mapper... done
Reseting Loop Closing... done
Reseting Database... done
0
New map created with 953 points for 0 Feature Type 
New map created with 281 points for 1 Feature Type 
Tracking Initlized in 3.76s
The initlized frame ID: 2
Track lost soon after initialisation, reseting...
System Reseting
Reseting Local Mapper... done
Reseting Loop Closing... done
Reseting Database... done
0
New map created with 795 points for 0 Feature Type 
New map created with 262 points for 1 Feature Type 
Tracking Initlized in 3.71s
The initlized frame ID: 2
Track lost soon after initialisation, reseting...
System Reseting
Reseting Local Mapper... done
Reseting Loop Closing... done
Reseting Database... done
0
New map created with 661 points for 0 Feature Type 
New map created with 165 points for 1 Feature Type 
Tracking Initlized in 1.96s
The initlized frame ID: 1
Track lost soon after initialisation, reseting...
System Reseting
Reseting Local Mapper... done
Reseting Loop Closing... done
Reseting Database... done
0
New map created with 579 points for 0 Feature Type 
New map created with 148 points for 1 Feature Type 
Tracking Initlized in 1.85s
The initlized frame ID: 1
Track lost soon after initialisation, reseting...
System Reseting
Reseting Local Mapper... done
Reseting Loop Closing... done
Reseting Database... done
0
New map created with 625 points for 0 Feature Type 
New map created with 134 points for 1 Feature Type 
Tracking Initlized in 1.69s
The initlized frame ID: 1
Track lost soon after initialisation, reseting...
System Reseting
Reseting Local Mapper... done
Reseting Loop Closing... done
Reseting Database... done
0
New map created with 638 points for 0 Feature Type 
New map created with 159 points for 1 Feature Type 
Tracking Initlized in 1.69s
The initlized frame ID: 1
Track lost soon after initialisation, reseting...
System Reseting
Reseting Local Mapper... done
Reseting Loop Closing... done
Reseting Database... done
0
New map created with 703 points for 0 Feature Type 
New map created with 173 points for 1 Feature Type 
Tracking Initlized in 1.87s
The initlized frame ID: 1
Track lost soon after initialisation, reseting...
System Reseting
Reseting Local Mapper... done
Reseting Loop Closing... done
Reseting Database... done
0
New map created with 680 points for 0 Feature Type 
New map created with 118 points for 1 Feature Type 
Tracking Initlized in 1.85s
The initlized frame ID: 1
Track lost soon after initialisation, reseting...
System Reseting
Reseting Local Mapper... done
Reseting Loop Closing... done
Reseting Database... done
0
New map created with 673 points for 0 Feature Type 
New map created with 111 points for 1 Feature Type 
Tracking Initlized in 1.95s
The initlized frame ID: 1
Track lost soon after initialisation, reseting...
System Reseting
Reseting Local Mapper... done
Reseting Loop Closing... done
Reseting Database... done
0
New map created with 656 points for 0 Feature Type 
New map created with 91 points for 1 Feature Type 
Tracking Initlized in 2.28s
The initlized frame ID: 1
Track lost soon after initialisation, reseting...
System Reseting
Reseting Local Mapper... done
Reseting Loop Closing... done
Reseting Database... done
0
New map created with 626 points for 0 Feature Type 
New map created with 78 points for 1 Feature Type 
Tracking Initlized in 2.08s
The initlized frame ID: 1
Track lost soon after initialisation, reseting...
System Reseting
Reseting Local Mapper... done
Reseting Loop Closing... done
Reseting Database... done
0
New map created with 564 points for 0 Feature Type 
New map created with 69 points for 1 Feature Type 
Tracking Initlized in 2.13s
The initlized frame ID: 1
Track lost soon after initialisation, reseting...
System Reseting
Reseting Local Mapper... done
Reseting Loop Closing... done
Reseting Database... done
0
New map created with 603 points for 0 Feature Type 
New map created with 63 points for 1 Feature Type 
Tracking Initlized in 2.16s
The initlized frame ID: 1
Track lost soon after initialisation, reseting...
System Reseting
Reseting Local Mapper... done
Reseting Loop Closing... done
Reseting Database... done
0
New map created with 595 points for 0 Feature Type 
New map created with 61 points for 1 Feature Type 
Tracking Initlized in 2.08s
The initlized frame ID: 1
Track lost soon after initialisation, reseting...
System Reseting
Reseting Local Mapper... done
Reseting Loop Closing... done
Reseting Database... done
0
New map created with 563 points for 0 Feature Type 
New map created with 113 points for 1 Feature Type 
Tracking Initlized in 3.87s
The initlized frame ID: 2
Track lost soon after initialisation, reseting...
System Reseting
Reseting Local Mapper... done
Reseting Loop Closing... done
Reseting Database... done
0
New map created with 529 points for 0 Feature Type 
New map created with 96 points for 1 Feature Type 
Tracking Initlized in 3.95s
The initlized frame ID: 2
Track lost soon after initialisation, reseting...
System Reseting
Reseting Local Mapper... done
Reseting Loop Closing... done
Reseting Database... done
0
New map created with 591 points for 0 Feature Type 
New map created with 189 points for 1 Feature Type 
Tracking Initlized in 6.09s
The initlized frame ID: 3
Track lost soon after initialisation, reseting...
System Reseting
Reseting Local Mapper... done
Reseting Loop Closing... done
Reseting Database... done
0
New map created with 551 points for 0 Feature Type 
New map created with 94 points for 1 Feature Type 
Tracking Initlized in 4.11s
The initlized frame ID: 2
Track lost soon after initialisation, reseting...
System Reseting
Reseting Local Mapper... done
Reseting Loop Closing... done
Reseting Database... done
0
New map created with 629 points for 0 Feature Type 
New map created with 183 points for 1 Feature Type 
Tracking Initlized in 6.41s
The initlized frame ID: 3
Track lost soon after initialisation, reseting...
System Reseting
Reseting Local Mapper... done
Reseting Loop Closing... done
Reseting Database... done
0
New map created with 537 points for 0 Feature Type 
New map created with 131 points for 1 Feature Type 
Tracking Initlized in 3.71s
The initlized frame ID: 2
Track lost soon after initialisation, reseting...
System Reseting
Reseting Local Mapper... done
Reseting Loop Closing... done
Reseting Database... done
0
New map created with 579 points for 0 Feature Type 
New map created with 151 points for 1 Feature Type 
Tracking Initlized in 4.09s
The initlized frame ID: 2
Track lost soon after initialisation, reseting...
System Reseting
Reseting Local Mapper... done
Reseting Loop Closing... done
Reseting Database... done
0
New map created with 531 points for 0 Feature Type 
New map created with 198 points for 1 Feature Type 
Tracking Initlized in 3.78s
The initlized frame ID: 2
Track lost soon after initialisation, reseting...
System Reseting
Reseting Local Mapper... done
Reseting Loop Closing... done
Reseting Database... done
0
New map created with 625 points for 0 Feature Type 
New map created with 249 points for 1 Feature Type 
Tracking Initlized in 3.55s
The initlized frame ID: 2
Track lost soon after initialisation, reseting...
System Reseting
Reseting Local Mapper... done
Reseting Loop Closing... done
Reseting Database... done
0
New map created with 582 points for 0 Feature Type 
New map created with 225 points for 1 Feature Type 
Tracking Initlized in 4.28s
The initlized frame ID: 2
Track lost soon after initialisation, reseting...
System Reseting
Reseting Local Mapper... done
Reseting Loop Closing... done
Reseting Database... done
0
New map created with 576 points for 0 Feature Type 
New map created with 208 points for 1 Feature Type 
Tracking Initlized in 3.70s
The initlized frame ID: 2
Track lost soon after initialisation, reseting...
System Reseting
Reseting Local Mapper... done
Reseting Loop Closing... done
Reseting Database... done
0
New map created with 615 points for 0 Feature Type 
New map created with 203 points for 1 Feature Type 
Tracking Initlized in 4.53s
The initlized frame ID: 2
Track lost soon after initialisation, reseting...
System Reseting
Reseting Local Mapper... done
Reseting Loop Closing... done
Reseting Database... done
0
New map created with 593 points for 0 Feature Type 
New map created with 229 points for 1 Feature Type 
Tracking Initlized in 3.90s
The initlized frame ID: 2
Track lost soon after initialisation, reseting...
System Reseting
Reseting Local Mapper... done
Reseting Loop Closing... done
Reseting Database... done
0
New map created with 526 points for 0 Feature Type 
New map created with 204 points for 1 Feature Type 
Tracking Initlized in 3.58s
The initlized frame ID: 2
Track lost soon after initialisation, reseting...
System Reseting
Reseting Local Mapper... done
Reseting Loop Closing... done
Reseting Database... done
0
New map created with 474 points for 0 Feature Type 
New map created with 175 points for 1 Feature Type 
Tracking Initlized in 3.52s
The initlized frame ID: 2
Track lost soon after initialisation, reseting...
System Reseting
Reseting Local Mapper... done
Reseting Loop Closing... done
Reseting Database... done
0
New map created with 437 points for 0 Feature Type 
New map created with 216 points for 1 Feature Type 
Tracking Initlized in 4.04s
The initlized frame ID: 2
Track lost soon after initialisation, reseting...
System Reseting
Reseting Local Mapper... done
Reseting Loop Closing... done
Reseting Database... done
0
New map created with 338 points for 0 Feature Type 
New map created with 220 points for 1 Feature Type 
Tracking Initlized in 4.79s
The initlized frame ID: 3
Track lost soon after initialisation, reseting...
System Reseting
Reseting Local Mapper... done
Reseting Loop Closing... done
Reseting Database... done
1
New map created with 1284 points for 0 Feature Type 
New map created with 547 points for 1 Feature Type 
Tracking Initlized in 2.04s
The initlized frame ID: 1
Track lost soon after initialisation, reseting...
System Reseting
Reseting Local Mapper... done
Reseting Loop Closing... done
Reseting Database... done
1
New map created with 1172 points for 0 Feature Type 
New map created with 500 points for 1 Feature Type 
Tracking Initlized in 3.81s
The initlized frame ID: 2
Track lost soon after initialisation, reseting...
System Reseting
Reseting Local Mapper... done
Reseting Loop Closing... done
Reseting Database... done
1
New map created with 764 points for 0 Feature Type 
New map created with 296 points for 1 Feature Type 
Tracking Initlized in 12.62s
The initlized frame ID: 7
Track lost soon after initialisation, reseting...
System Reseting
Reseting Local Mapper... done
Reseting Loop Closing... done
Reseting Database... done
1
New map created with 1642 points for 0 Feature Type 
New map created with 588 points for 1 Feature Type 
Tracking Initlized in 2.10s
The initlized frame ID: 1
Track lost soon after initialisation, reseting...
System Reseting
Reseting Local Mapper... done
Reseting Loop Closing... done
Reseting Database... done
0
New map created with 554 points for 0 Feature Type 
New map created with 158 points for 1 Feature Type 
Tracking Initlized in 4.26s
The initlized frame ID: 2
Track lost soon after initialisation, reseting...
System Reseting
Reseting Local Mapper... done
Reseting Loop Closing... done
Reseting Database... done
0
New map created with 600 points for 0 Feature Type 
New map created with 181 points for 1 Feature Type 
Tracking Initlized in 3.79s
The initlized frame ID: 2
Track lost soon after initialisation, reseting...
System Reseting
Reseting Local Mapper... done
Reseting Loop Closing... done
Reseting Database... done
1
New map created with 1129 points for 0 Feature Type 
New map created with 373 points for 1 Feature Type 
Tracking Initlized in 4.48s
The initlized frame ID: 2
Track lost soon after initialisation, reseting...
System Reseting
Reseting Local Mapper... done
Reseting Loop Closing... done
Reseting Database... done
1
New map created with 1646 points for 0 Feature Type 
New map created with 708 points for 1 Feature Type 
Tracking Initlized in 2.25s
The initlized frame ID: 1
Track lost soon after initialisation, reseting...
System Reseting
Reseting Local Mapper... done
Reseting Loop Closing... done
Reseting Database... done
0
New map created with 535 points for 0 Feature Type 
New map created with 203 points for 1 Feature Type 
Tracking Initlized in 5.20s
The initlized frame ID: 3
Track lost soon after initialisation, reseting...
System Reseting
Reseting Local Mapper... done
Reseting Loop Closing... done
Reseting Database... done
1
New map created with 490 points for 0 Feature Type 
New map created with 232 points for 1 Feature Type 
Tracking Initlized in 1.85s
The initlized frame ID: 1
Track lost soon after initialisation, reseting...
System Reseting
Reseting Local Mapper... done
Reseting Loop Closing... done
Reseting Database... done
0
New map created with 723 points for 0 Feature Type 
New map created with 206 points for 1 Feature Type 
Tracking Initlized in 3.22s
The initlized frame ID: 2
Track lost soon after initialisation, reseting...
System Reseting
Reseting Local Mapper... done
Reseting Loop Closing... done
Reseting Database... done
0
New map created with 691 points for 0 Feature Type 
New map created with 228 points for 1 Feature Type 
Tracking Initlized in 4.32s
The initlized frame ID: 2
Track lost soon after initialisation, reseting...
System Reseting
Reseting Local Mapper... done
Reseting Loop Closing... done
Reseting Database... done
0
New map created with 718 points for 0 Feature Type 
New map created with 265 points for 1 Feature Type 
Tracking Initlized in 3.32s
The initlized frame ID: 2
Track lost soon after initialisation, reseting...
System Reseting
Reseting Local Mapper... done
Reseting Loop Closing... done
Reseting Database... done
0
New map created with 578 points for 0 Feature Type 
New map created with 226 points for 1 Feature Type 
Tracking Initlized in 3.70s
The initlized frame ID: 2
Track lost soon after initialisation, reseting...
System Reseting
Reseting Local Mapper... done
Reseting Loop Closing... done
Reseting Database... done
0
New map created with 566 points for 0 Feature Type 
New map created with 237 points for 1 Feature Type 
Tracking Initlized in 5.11s
The initlized frame ID: 3
Track lost soon after initialisation, reseting...
System Reseting
Reseting Local Mapper... done
Reseting Loop Closing... done
Reseting Database... done
0
New map created with 777 points for 0 Feature Type 
New map created with 353 points for 1 Feature Type 
Tracking Initlized in 5.02s
The initlized frame ID: 3
Track lost soon after initialisation, reseting...
System Reseting
Reseting Local Mapper... done
Reseting Loop Closing... done
Reseting Database... done
1
New map created with 550 points for 0 Feature Type 
New map created with 231 points for 1 Feature Type 
Tracking Initlized in 3.49s
The initlized frame ID: 2
Track lost soon after initialisation, reseting...
System Reseting
Reseting Local Mapper... done
Reseting Loop Closing... done
Reseting Database... done
1
New map created with 510 points for 0 Feature Type 
New map created with 229 points for 1 Feature Type 
Tracking Initlized in 3.51s
The initlized frame ID: 2
Track lost soon after initialisation, reseting...
System Reseting
Reseting Local Mapper... done
Reseting Loop Closing... done
Reseting Database... done
0
New map created with 739 points for 0 Feature Type 
New map created with 325 points for 1 Feature Type 
Tracking Initlized in 5.15s
The initlized frame ID: 3
Track lost soon after initialisation, reseting...
System Reseting
Reseting Local Mapper... done
Reseting Loop Closing... done
Reseting Database... done
1
New map created with 1081 points for 0 Feature Type 
New map created with 377 points for 1 Feature Type 
Tracking Initlized in 9.68s
The initlized frame ID: 5
Track lost soon after initialisation, reseting...
System Reseting
Reseting Local Mapper... done
Reseting Loop Closing... done
Reseting Database... done
1
New map created with 738 points for 0 Feature Type 
New map created with 336 points for 1 Feature Type 
Tracking Initlized in 5.41s
The initlized frame ID: 3
Track lost soon after initialisation, reseting...
System Reseting
Reseting Local Mapper... done
Reseting Loop Closing... done
Reseting Database... done
1
New map created with 963 points for 0 Feature Type 
New map created with 366 points for 1 Feature Type 
Tracking Initlized in 7.68s
The initlized frame ID: 4
Track lost soon after initialisation, reseting...
System Reseting
Reseting Local Mapper... done
Reseting Loop Closing... done
Reseting Database... done
1
New map created with 1381 points for 0 Feature Type 
New map created with 458 points for 1 Feature Type 
Tracking Initlized in 13.28s
The initlized frame ID: 7
Track lost soon after initialisation, reseting...
System Reseting
Reseting Local Mapper... done
Reseting Loop Closing... done
Reseting Database... done
1
New map created with 717 points for 0 Feature Type 
New map created with 297 points for 1 Feature Type 
Tracking Initlized in 5.80s
The initlized frame ID: 3
Track lost soon after initialisation, reseting...
System Reseting
Reseting Local Mapper... done
Reseting Loop Closing... done
Reseting Database... done
1
New map created with 1050 points for 0 Feature Type 
New map created with 308 points for 1 Feature Type 
Tracking Initlized in 6.87s
The initlized frame ID: 4
Track lost soon after initialisation, reseting...
System Reseting
Reseting Local Mapper... done
Reseting Loop Closing... done
Reseting Database... done
1
New map created with 1044 points for 0 Feature Type 
New map created with 404 points for 1 Feature Type 
Tracking Initlized in 7.26s
The initlized frame ID: 4
Track lost soon after initialisation, reseting...
System Reseting
Reseting Local Mapper... done
Reseting Loop Closing... done
Reseting Database... done
1
New map created with 1183 points for 0 Feature Type 
New map created with 357 points for 1 Feature Type 
Tracking Initlized in 8.22s
The initlized frame ID: 4
Track lost soon after initialisation, reseting...
System Reseting
Reseting Local Mapper... done
Reseting Loop Closing... done
Reseting Database... done
1
New map created with 1059 points for 0 Feature Type 
New map created with 352 points for 1 Feature Type 
Tracking Initlized in 7.84s
The initlized frame ID: 4
Track lost soon after initialisation, reseting...
System Reseting
Reseting Local Mapper... done
Reseting Loop Closing... done
Reseting Database... done
1
New map created with 1123 points for 0 Feature Type 
New map created with 329 points for 1 Feature Type 
Tracking Initlized in 6.98s
The initlized frame ID: 4
Track lost soon after initialisation, reseting...
System Reseting
Reseting Local Mapper... done
Reseting Loop Closing... done
Reseting Database... done
1
New map created with 1428 points for 0 Feature Type 
New map created with 326 points for 1 Feature Type 
Tracking Initlized in 5.60s
The initlized frame ID: 3
Track lost soon after initialisation, reseting...
System Reseting
Reseting Local Mapper... done
Reseting Loop Closing... done
Reseting Database... done
0
New map created with 921 points for 0 Feature Type 
New map created with 322 points for 1 Feature Type 
Tracking Initlized in 6.95s
The initlized frame ID: 4
Track lost soon after initialisation, reseting...
System Reseting
Reseting Local Mapper... done
Reseting Loop Closing... done
Reseting Database... done
0
New map created with 862 points for 0 Feature Type 
New map created with 283 points for 1 Feature Type 
Tracking Initlized in 5.28s
The initlized frame ID: 3
Track lost soon after initialisation, reseting...
System Reseting
Reseting Local Mapper... done
Reseting Loop Closing... done
Reseting Database... done
0
New map created with 773 points for 0 Feature Type 
New map created with 291 points for 1 Feature Type 
Tracking Initlized in 5.84s
The initlized frame ID: 3
Track lost soon after initialisation, reseting...
System Reseting
Reseting Local Mapper... done
Reseting Loop Closing... done
Reseting Database... done
0
New map created with 665 points for 0 Feature Type 
New map created with 317 points for 1 Feature Type 
Tracking Initlized in 5.81s
The initlized frame ID: 3
Track lost soon after initialisation, reseting...
System Reseting
Reseting Local Mapper... done
Reseting Loop Closing... done
Reseting Database... done
0
New map created with 636 points for 0 Feature Type 
New map created with 286 points for 1 Feature Type 
Tracking Initlized in 5.73s
The initlized frame ID: 3
Track lost soon after initialisation, reseting...
System Reseting
Reseting Local Mapper... done
Reseting Loop Closing... done
Reseting Database... done
0
New map created with 676 points for 0 Feature Type 
New map created with 247 points for 1 Feature Type 
Tracking Initlized in 5.45s
The initlized frame ID: 3
Track lost soon after initialisation, reseting...
System Reseting
Reseting Local Mapper... done
Reseting Loop Closing... done
Reseting Database... done
0
New map created with 582 points for 0 Feature Type 
New map created with 87 points for 1 Feature Type 
Tracking Initlized in 21.80s
The initlized frame ID: 12
Track lost soon after initialisation, reseting...
System Reseting
Reseting Local Mapper... done
Reseting Loop Closing... done
Reseting Database... done
0
New map created with 1272 points for 0 Feature Type 
New map created with 391 points for 1 Feature Type 
Tracking Initlized in 1767.97s
The initlized frame ID: 1054
Track lost soon after initialisation, reseting...
System Reseting
Reseting Local Mapper... done
Reseting Loop Closing... done
Reseting Database... done
0
New map created with 1490 points for 0 Feature Type 
New map created with 396 points for 1 Feature Type 
Tracking Initlized in 2.19s
The initlized frame ID: 1
Track lost soon after initialisation, reseting...
System Reseting
Reseting Local Mapper... done
Reseting Loop Closing... done
Reseting Database... done
0
New map created with 1422 points for 0 Feature Type 
New map created with 393 points for 1 Feature Type 
Tracking Initlized in 1.90s
The initlized frame ID: 1
Track lost soon after initialisation, reseting...
System Reseting
Reseting Local Mapper... done
Reseting Loop Closing... done
Reseting Database... done
0
New map created with 1476 points for 0 Feature Type 
New map created with 392 points for 1 Feature Type 
Tracking Initlized in 1.79s
The initlized frame ID: 1
Track lost soon after initialisation, reseting...
System Reseting
Reseting Local Mapper... done
Reseting Loop Closing... done
Reseting Database... done
0
New map created with 1415 points for 0 Feature Type 
New map created with 382 points for 1 Feature Type 
Tracking Initlized in 2.56s
The initlized frame ID: 1
Track lost soon after initialisation, reseting...
System Reseting
Reseting Local Mapper... done
Reseting Loop Closing... done
Reseting Database... done
0
New map created with 1140 points for 0 Feature Type 
New map created with 247 points for 1 Feature Type 
Tracking Initlized in 2.64s
The initlized frame ID: 1
Track lost soon after initialisation, reseting...
System Reseting
Reseting Local Mapper... done
Reseting Loop Closing... done
Reseting Database... done
0
New map created with 873 points for 0 Feature Type 
New map created with 268 points for 1 Feature Type 
Tracking Initlized in 2.27s
The initlized frame ID: 1
Track lost soon after initialisation, reseting...
System Reseting
Reseting Local Mapper... done
Reseting Loop Closing... done
Reseting Database... done
0
New map created with 806 points for 0 Feature Type 
New map created with 282 points for 1 Feature Type 
Tracking Initlized in 1.81s
The initlized frame ID: 1
Track lost soon after initialisation, reseting...
System Reseting
Reseting Local Mapper... done
Reseting Loop Closing... done
Reseting Database... done
0
New map created with 892 points for 0 Feature Type 
New map created with 302 points for 1 Feature Type 
Tracking Initlized in 1.87s
The initlized frame ID: 1
Track lost soon after initialisation, reseting...
System Reseting
Reseting Local Mapper... done
Reseting Loop Closing... done
Reseting Database... done
0
New map created with 792 points for 0 Feature Type 
New map created with 312 points for 1 Feature Type 
Tracking Initlized in 2.37s
The initlized frame ID: 1
Track lost soon after initialisation, reseting...
System Reseting
Reseting Local Mapper... done
Reseting Loop Closing... done
Reseting Database... done
0
New map created with 674 points for 0 Feature Type 
New map created with 283 points for 1 Feature Type 
Tracking Initlized in 2.19s
The initlized frame ID: 1
Track lost soon after initialisation, reseting...
System Reseting
Reseting Local Mapper... done
Reseting Loop Closing... done
Reseting Database... done
0
New map created with 532 points for 0 Feature Type 
New map created with 291 points for 1 Feature Type 
Tracking Initlized in 2.18s
The initlized frame ID: 1
Track lost soon after initialisation, reseting...
System Reseting
Reseting Local Mapper... done
Reseting Loop Closing... done
Reseting Database... done
0
New map created with 383 points for 0 Feature Type 
New map created with 274 points for 1 Feature Type 
Tracking Initlized in 2.66s
The initlized frame ID: 1
Track lost soon after initialisation, reseting...
System Reseting
Reseting Local Mapper... done
Reseting Loop Closing... done
Reseting Database... done
0
New map created with 335 points for 0 Feature Type 
New map created with 312 points for 1 Feature Type 
Tracking Initlized in 1.93s
The initlized frame ID: 1
Track lost soon after initialisation, reseting...
System Reseting
Reseting Local Mapper... done
Reseting Loop Closing... done
Reseting Database... done
1
New map created with 209 points for 0 Feature Type 
New map created with 255 points for 1 Feature Type 
Tracking Initlized in 1.98s
The initlized frame ID: 1
Track lost soon after initialisation, reseting...
System Reseting
Reseting Local Mapper... done
Reseting Loop Closing... done
Reseting Database... done
1
New map created with 205 points for 0 Feature Type 
New map created with 217 points for 1 Feature Type 
Tracking Initlized in 2.07s
The initlized frame ID: 1
Track lost soon after initialisation, reseting...
System Reseting
Reseting Local Mapper... done
Reseting Loop Closing... done
Reseting Database... done
0
New map created with 161 points for 0 Feature Type 
New map created with 67 points for 1 Feature Type 
Tracking Initlized in 12.15s
The initlized frame ID: 7
Track lost soon after initialisation, reseting...
System Reseting
Reseting Local Mapper... done
Reseting Loop Closing... done
Reseting Database... done
0
New map created with 630 points for 0 Feature Type 
New map created with 337 points for 1 Feature Type 
Tracking Initlized in 1.78s
The initlized frame ID: 1
Track lost soon after initialisation, reseting...
System Reseting
Reseting Local Mapper... done
Reseting Loop Closing... done
Reseting Database... done
0
New map created with 638 points for 0 Feature Type 
New map created with 316 points for 1 Feature Type 
Tracking Initlized in 2.01s
The initlized frame ID: 1
Track lost soon after initialisation, reseting...
System Reseting
Reseting Local Mapper... done
Reseting Loop Closing... done
Reseting Database... done
0
New map created with 636 points for 0 Feature Type 
New map created with 337 points for 1 Feature Type 
Tracking Initlized in 2.20s
The initlized frame ID: 1
Track lost soon after initialisation, reseting...
System Reseting
Reseting Local Mapper... done
Reseting Loop Closing... done
Reseting Database... done
0
New map created with 634 points for 0 Feature Type 
New map created with 317 points for 1 Feature Type 
Tracking Initlized in 1.94s
The initlized frame ID: 1
Track lost soon after initialisation, reseting...
System Reseting
Reseting Local Mapper... done
Reseting Loop Closing... done
Reseting Database... done
0
New map created with 671 points for 0 Feature Type 
New map created with 316 points for 1 Feature Type 
Tracking Initlized in 1.88s
The initlized frame ID: 1
Track lost soon after initialisation, reseting...
System Reseting
Reseting Local Mapper... done
Reseting Loop Closing... done
Reseting Database... done
0
New map created with 610 points for 0 Feature Type 
New map created with 246 points for 1 Feature Type 
Tracking Initlized in 2.60s
The initlized frame ID: 1
Track lost soon after initialisation, reseting...
System Reseting
Reseting Local Mapper... done
Reseting Loop Closing... done
Reseting Database... done
0
New map created with 607 points for 0 Feature Type 
New map created with 287 points for 1 Feature Type 
Tracking Initlized in 2.19s
The initlized frame ID: 1
Track lost soon after initialisation, reseting...
System Reseting
Reseting Local Mapper... done
Reseting Loop Closing... done
Reseting Database... done
0
New map created with 689 points for 0 Feature Type 
New map created with 295 points for 1 Feature Type 
Tracking Initlized in 2.20s
The initlized frame ID: 1
Track lost soon after initialisation, reseting...
System Reseting
Reseting Local Mapper... done
Reseting Loop Closing... done
Reseting Database... done
0
New map created with 732 points for 0 Feature Type 
New map created with 321 points for 1 Feature Type 
Tracking Initlized in 2.13s
The initlized frame ID: 1
Track lost soon after initialisation, reseting...
System Reseting
Reseting Local Mapper... done
Reseting Loop Closing... done
Reseting Database... done
0
New map created with 710 points for 0 Feature Type 
New map created with 319 points for 1 Feature Type 
Tracking Initlized in 2.34s
The initlized frame ID: 1
Track lost soon after initialisation, reseting...
System Reseting
Reseting Local Mapper... done
Reseting Loop Closing... done
Reseting Database... done
0
New map created with 747 points for 0 Feature Type 
New map created with 332 points for 1 Feature Type 
Tracking Initlized in 2.41s
The initlized frame ID: 1
Track lost soon after initialisation, reseting...
System Reseting
Reseting Local Mapper... done
Reseting Loop Closing... done
Reseting Database... done
0
New map created with 743 points for 0 Feature Type 
New map created with 292 points for 1 Feature Type 
Tracking Initlized in 1.87s
The initlized frame ID: 1
Track lost soon after initialisation, reseting...
System Reseting
Reseting Local Mapper... done
Reseting Loop Closing... done
Reseting Database... done
0
New map created with 812 points for 0 Feature Type 
New map created with 325 points for 1 Feature Type 
Tracking Initlized in 2.13s
The initlized frame ID: 1
Track lost soon after initialisation, reseting...
System Reseting
Reseting Local Mapper... done
Reseting Loop Closing... done
Reseting Database... done
0
New map created with 779 points for 0 Feature Type 
New map created with 299 points for 1 Feature Type 
Tracking Initlized in 1.95s
The initlized frame ID: 1
Track lost soon after initialisation, reseting...
System Reseting
Reseting Local Mapper... done
Reseting Loop Closing... done
Reseting Database... done
1
New map created with 709 points for 0 Feature Type 
New map created with 308 points for 1 Feature Type 
Tracking Initlized in 1.91s
The initlized frame ID: 1
Track lost soon after initialisation, reseting...
System Reseting
Reseting Local Mapper... done
Reseting Loop Closing... done
Reseting Database... done
0
New map created with 694 points for 0 Feature Type 
New map created with 311 points for 1 Feature Type 
Tracking Initlized in 2.15s
The initlized frame ID: 1
Track lost soon after initialisation, reseting...
System Reseting
Reseting Local Mapper... done
Reseting Loop Closing... done
Reseting Database... done
0
New map created with 636 points for 0 Feature Type 
New map created with 317 points for 1 Feature Type 
Tracking Initlized in 2.05s
The initlized frame ID: 1
Track lost soon after initialisation, reseting...
System Reseting
Reseting Local Mapper... done
Reseting Loop Closing... done
Reseting Database... done
0
New map created with 619 points for 0 Feature Type 
New map created with 344 points for 1 Feature Type 
Tracking Initlized in 1.76s
The initlized frame ID: 1
Track lost soon after initialisation, reseting...
System Reseting
Reseting Local Mapper... done
Reseting Loop Closing... done
Reseting Database... done
0
New map created with 608 points for 0 Feature Type 
New map created with 319 points for 1 Feature Type 
Tracking Initlized in 2.15s
The initlized frame ID: 1
Track lost soon after initialisation, reseting...
System Reseting
Reseting Local Mapper... done
Reseting Loop Closing... done
Reseting Database... done
0
New map created with 545 points for 0 Feature Type 
New map created with 317 points for 1 Feature Type 
Tracking Initlized in 2.43s
The initlized frame ID: 1
Track lost soon after initialisation, reseting...
System Reseting
Reseting Local Mapper... done
Reseting Loop Closing... done
Reseting Database... done
1
New map created with 501 points for 0 Feature Type 
New map created with 289 points for 1 Feature Type 
Tracking Initlized in 2.04s
The initlized frame ID: 1
Track lost soon after initialisation, reseting...
System Reseting
Reseting Local Mapper... done
Reseting Loop Closing... done
Reseting Database... done
1
New map created with 502 points for 0 Feature Type 
New map created with 276 points for 1 Feature Type 
Tracking Initlized in 2.47s
The initlized frame ID: 1
Track lost soon after initialisation, reseting...
System Reseting
Reseting Local Mapper... done
Reseting Loop Closing... done
Reseting Database... done
1
New map created with 565 points for 0 Feature Type 
New map created with 288 points for 1 Feature Type 
Tracking Initlized in 1.92s
The initlized frame ID: 1
Track lost soon after initialisation, reseting...
System Reseting
Reseting Local Mapper... done
Reseting Loop Closing... done
Reseting Database... done
1
New map created with 532 points for 0 Feature Type 
New map created with 329 points for 1 Feature Type 
Tracking Initlized in 2.01s
The initlized frame ID: 1
Track lost soon after initialisation, reseting...
System Reseting
Reseting Local Mapper... done
Reseting Loop Closing... done
Reseting Database... done
1
New map created with 495 points for 0 Feature Type 
New map created with 283 points for 1 Feature Type 
Tracking Initlized in 2.24s
The initlized frame ID: 1
Track lost soon after initialisation, reseting...
System Reseting
Reseting Local Mapper... done
Reseting Loop Closing... done
Reseting Database... done
1
New map created with 564 points for 0 Feature Type 
New map created with 342 points for 1 Feature Type 
Tracking Initlized in 2.41s
The initlized frame ID: 1
Track lost soon after initialisation, reseting...
System Reseting
Reseting Local Mapper... done
Reseting Loop Closing... done
Reseting Database... done
1
New map created with 795 points for 0 Feature Type 
New map created with 293 points for 1 Feature Type 
Tracking Initlized in 1.86s
The initlized frame ID: 1
Track lost soon after initialisation, reseting...
System Reseting
Reseting Local Mapper... done
Reseting Loop Closing... done
Reseting Database... done
1
New map created with 296 points for 0 Feature Type 
New map created with 303 points for 1 Feature Type 
Tracking Initlized in 1.91s
The initlized frame ID: 1
Track lost soon after initialisation, reseting...
System Reseting
Reseting Local Mapper... done
Reseting Loop Closing... done
Reseting Database... done
1
New map created with 346 points for 0 Feature Type 
New map created with 296 points for 1 Feature Type 
Tracking Initlized in 2.33s
The initlized frame ID: 1
Track lost soon after initialisation, reseting...
System Reseting
Reseting Local Mapper... done
Reseting Loop Closing... done
Reseting Database... done
1
New map created with 485 points for 0 Feature Type 
New map created with 309 points for 1 Feature Type 
Tracking Initlized in 1.93s
The initlized frame ID: 1
Track lost soon after initialisation, reseting...
System Reseting
Reseting Local Mapper... done
Reseting Loop Closing... done
Reseting Database... done
1
New map created with 1260 points for 0 Feature Type 
New map created with 365 points for 1 Feature Type 
Tracking Initlized in 2.33s
The initlized frame ID: 1
Track lost soon after initialisation, reseting...
System Reseting
Reseting Local Mapper... done
Reseting Loop Closing... done
Reseting Database... done
1
New map created with 968 points for 0 Feature Type 
New map created with 255 points for 1 Feature Type 
Tracking Initlized in 2.59s
The initlized frame ID: 1
Track lost soon after initialisation, reseting...
System Reseting
Reseting Local Mapper... done
Reseting Loop Closing... done
Reseting Database... done
1
New map created with 1178 points for 0 Feature Type 
New map created with 308 points for 1 Feature Type 
Tracking Initlized in 1.90s
The initlized frame ID: 1
Track lost soon after initialisation, reseting...
System Reseting
Reseting Local Mapper... done
Reseting Loop Closing... done
Reseting Database... done
1
New map created with 1331 points for 0 Feature Type 
New map created with 278 points for 1 Feature Type 
Tracking Initlized in 1.86s
The initlized frame ID: 1
Track lost soon after initialisation, reseting...
System Reseting
Reseting Local Mapper... done
Reseting Loop Closing... done
Reseting Database... done
1
New map created with 1406 points for 0 Feature Type 
New map created with 341 points for 1 Feature Type 
Tracking Initlized in 2.34s
The initlized frame ID: 1
Track lost soon after initialisation, reseting...
System Reseting
Reseting Local Mapper... done
Reseting Loop Closing... done
Reseting Database... done
1
New map created with 1335 points for 0 Feature Type 
New map created with 341 points for 1 Feature Type 
Tracking Initlized in 1.83s
The initlized frame ID: 1
Track lost soon after initialisation, reseting...
System Reseting
Reseting Local Mapper... done
Reseting Loop Closing... done
Reseting Database... done
1
New map created with 1353 points for 0 Feature Type 
New map created with 307 points for 1 Feature Type 
Tracking Initlized in 2.26s
The initlized frame ID: 1
Track lost soon after initialisation, reseting...
System Reseting
Reseting Local Mapper... done
Reseting Loop Closing... done
Reseting Database... done
0
New map created with 1362 points for 0 Feature Type 
New map created with 339 points for 1 Feature Type 
Tracking Initlized in 2.01s
The initlized frame ID: 1
Track lost soon after initialisation, reseting...
System Reseting
Reseting Local Mapper... done
Reseting Loop Closing... done
Reseting Database... done
0
New map created with 1103 points for 0 Feature Type 
New map created with 312 points for 1 Feature Type 
Tracking Initlized in 2.24s
The initlized frame ID: 1
System::StopViewer()
System::StopViewer() done

Saving correlation status...

========== Global Summary ==========
Frames: 1955
avg_CorrEdges: 1.57238
avg_match_A: 230.841
avg_match_B: 92.421
global_RI_MNR: 0.0170132
global_RI_GNR: 0.010765
global_RI_DICE: 0.00972819

========== Per-Channel Summary ==========
   chA   chB     avgCorr        avgA        avgB   avgRI_MNR   avgRI_GNR  avgRI_DICE
     0     1     1.57238     230.841      92.421   0.0143863  0.00948022  0.00867675

Correlation status saved!

System Shutdown
-------

median tracking time: 0.385984
mean tracking time: 0.447208

Saving camera trajectory to result01.txt ...

trajectory saved!
All done

========== Performance Summary (ms) ==========
name                                mean      median        rmse         min         max       count
Lost Count                         1.000       1.000       0.000       1.000       1.000           7
Tracking                          32.342      16.351      30.059       1.675     178.397        3344
Reset Count                        1.000       1.000       0.000       1.000       1.000        1194
Correlation                        0.285       0.232       0.286       0.005       6.880        2072
Total Init                     99169.887   99169.887       0.000   99169.887   99169.887           1
Pipeline                         440.571     377.353     168.994     165.158    1063.186        7513
SuperPoint Extract               317.116     315.296      37.105     163.054     694.026        7513
SIFT Extract                     174.816     173.775      29.957      93.441     374.423        7513
