Registering ORBextractor...
Registering AKAZEextractor...
Registering BRISKextractor...
Registering SIFTextractor...
Registering KAZEextractor...
Registering SuperPointExtractor...

ORB-SLAM2 Copyright (C) 2014-2016 Raul Mur-Artal, University of Zaragoza.
This program comes with ABSOLUTELY NO WARRANTY;
This is free software, and you are welcome to redistribute it
under certain conditions. See LICENSE.txt.

Input sensor was set to: Monocular

Loading Vocabulary : /home/howard/Refactored_ORB_SLAM2/Install/var/lib/orbslam2/voc/sift_cv.fbow
This could take a while...
Loading SIFT Vocabulary in FBoW.
SIFT Vocabulary loaded in 0.033741s


Loading Vocabulary : /home/howard/Refactored_ORB_SLAM2/Install/var/lib/orbslam2/voc/superpoint.fbow
This could take a while...
Loading SuperPoint Vocabulary in FBoW.
SuperPoint Vocabulary loaded in 0.040690s


Camera Parameters: 
- fx: 983.044
- fy: 983.044
- cx: 643.647
- cy: 493.379
- k1: 0
- k2: 0
- p1: 0
- p2: 0
- fps: 16
- color order: RGB (ignored if grayscale)

[Feature 0] SIFT Extractor Parameters: 
 ( TH_LOW: 300, TH_HIGH: 500 )
- Number of Features  : 2000
- Scale Levels        : 1
- Scale Factor        : 1
- Contrast Threshold  : 0.01
- Edge Threshold      : 5
- nOctaves            : 3
- Sigma               : 1.6

[Feature 1] SuperPoint Extractor Parameters: 
 ( TH_LOW: 0.7, TH_HIGH: 0.9 )
- Number of Features: 2000
- Scale Levels: 4
- Scale Factor: 1.2
- Use CUDA: 1
- Use NMS: 1
- iniTh: 0.08
- minTh: 0.04

-------
Start processing sequence ...
Images in the sequence: 7513

0
New map created with 1135 points for 0 Feature Type 
New map created with 353 points for 1 Feature Type 
Tracking Initlized in 369.80s
The initlized frame ID: 218
Track lost soon after initialisation, reseting...
System Reseting
Reseting Local Mapper... done
Reseting Loop Closing... done
Reseting Database... done
0
New map created with 1064 points for 0 Feature Type 
New map created with 369 points for 1 Feature Type 
Tracking Initlized in 9.06s
The initlized frame ID: 5
The lost frame ID: 404
The lost frame ID: 405
The lost frame ID: 406
The lost frame ID: 407
The lost frame ID: 408
The lost frame ID: 409
The lost frame ID: 410
The lost frame ID: 411
The lost frame ID: 412

Saving camera trajectory to TrajectoryBeforeReset_oxf_sft_spp_r11_seg01_pid3958231_1757552195625.txt ...

trajectory saved!
[Tracking] wrote pre-reset trajectory to TrajectoryBeforeReset_oxf_sft_spp_r11_seg01_pid3958231_1757552195625.txt
[Tracking] LOST for 10 consecutive frames -> reset
System Reseting
Reseting Local Mapper... done
Reseting Loop Closing... done
Reseting Database... done
0
New map created with 896 points for 0 Feature Type 
New map created with 222 points for 1 Feature Type 
Tracking Initlized in 3.60s
The initlized frame ID: 2
Track lost soon after initialisation, reseting...
System Reseting
Reseting Local Mapper... done
Reseting Loop Closing... done
Reseting Database... done
0
New map created with 805 points for 0 Feature Type 
New map created with 228 points for 1 Feature Type 
Tracking Initlized in 3.59s
The initlized frame ID: 2
Track lost soon after initialisation, reseting...
System Reseting
Reseting Local Mapper... done
Reseting Loop Closing... done
Reseting Database... done
0
New map created with 482 points for 0 Feature Type 
New map created with 147 points for 1 Feature Type 
Tracking Initlized in 3.30s
The initlized frame ID: 2
Track lost soon after initialisation, reseting...
System Reseting
Reseting Local Mapper... done
Reseting Loop Closing... done
Reseting Database... done
0
New map created with 743 points for 0 Feature Type 
New map created with 193 points for 1 Feature Type 
Tracking Initlized in 1.84s
The initlized frame ID: 1
Track lost soon after initialisation, reseting...
System Reseting
Reseting Local Mapper... done
Reseting Loop Closing... done
Reseting Database... done
0
New map created with 697 points for 0 Feature Type 
New map created with 149 points for 1 Feature Type 
Tracking Initlized in 1.69s
The initlized frame ID: 1
Track lost soon after initialisation, reseting...
System Reseting
Reseting Local Mapper... done
Reseting Loop Closing... done
Reseting Database... done
0
New map created with 693 points for 0 Feature Type 
New map created with 110 points for 1 Feature Type 
Tracking Initlized in 2.12s
The initlized frame ID: 1
Track lost soon after initialisation, reseting...
System Reseting
Reseting Local Mapper... done
Reseting Loop Closing... done
Reseting Database... done
0
New map created with 612 points for 0 Feature Type 
New map created with 104 points for 1 Feature Type 
Tracking Initlized in 1.78s
The initlized frame ID: 1
Track lost soon after initialisation, reseting...
System Reseting
Reseting Local Mapper... done
Reseting Loop Closing... done
Reseting Database... done
0
New map created with 860 points for 0 Feature Type 
New map created with 275 points for 1 Feature Type 
Tracking Initlized in 3.83s
The initlized frame ID: 2
Track lost soon after initialisation, reseting...
System Reseting
Reseting Local Mapper... done
Reseting Loop Closing... done
Reseting Database... done
0
New map created with 743 points for 0 Feature Type 
New map created with 124 points for 1 Feature Type 
Tracking Initlized in 1.92s
The initlized frame ID: 1
Track lost soon after initialisation, reseting...
System Reseting
Reseting Local Mapper... done
Reseting Loop Closing... done
Reseting Database... done
0
New map created with 786 points for 0 Feature Type 
New map created with 140 points for 1 Feature Type 
Tracking Initlized in 1.83s
The initlized frame ID: 1
Track lost soon after initialisation, reseting...
System Reseting
Reseting Local Mapper... done
Reseting Loop Closing... done
Reseting Database... done
0
New map created with 885 points for 0 Feature Type 
New map created with 165 points for 1 Feature Type 
Tracking Initlized in 1.91s
The initlized frame ID: 1
Track lost soon after initialisation, reseting...
System Reseting
Reseting Local Mapper... done
Reseting Loop Closing... done
Reseting Database... done
0
New map created with 1047 points for 0 Feature Type 
New map created with 190 points for 1 Feature Type 
Tracking Initlized in 1.69s
The initlized frame ID: 1
Track lost soon after initialisation, reseting...
System Reseting
Reseting Local Mapper... done
Reseting Loop Closing... done
Reseting Database... done
0
New map created with 1026 points for 0 Feature Type 
New map created with 178 points for 1 Feature Type 
Tracking Initlized in 1.73s
The initlized frame ID: 1
Track lost soon after initialisation, reseting...
System Reseting
Reseting Local Mapper... done
Reseting Loop Closing... done
Reseting Database... done
0
New map created with 1068 points for 0 Feature Type 
New map created with 161 points for 1 Feature Type 
Tracking Initlized in 2.06s
The initlized frame ID: 1
Track lost soon after initialisation, reseting...
System Reseting
Reseting Local Mapper... done
Reseting Loop Closing... done
Reseting Database... done
0
New map created with 1059 points for 0 Feature Type 
New map created with 163 points for 1 Feature Type 
Tracking Initlized in 1.90s
The initlized frame ID: 1
Track lost soon after initialisation, reseting...
System Reseting
Reseting Local Mapper... done
Reseting Loop Closing... done
Reseting Database... done
0
New map created with 1074 points for 0 Feature Type 
New map created with 172 points for 1 Feature Type 
Tracking Initlized in 2.05s
The initlized frame ID: 1
Track lost soon after initialisation, reseting...
System Reseting
Reseting Local Mapper... done
Reseting Loop Closing... done
Reseting Database... done
0
New map created with 1040 points for 0 Feature Type 
New map created with 158 points for 1 Feature Type 
Tracking Initlized in 2.19s
The initlized frame ID: 1
Track lost soon after initialisation, reseting...
System Reseting
Reseting Local Mapper... done
Reseting Loop Closing... done
Reseting Database... done
0
New map created with 1039 points for 0 Feature Type 
New map created with 165 points for 1 Feature Type 
Tracking Initlized in 1.98s
The initlized frame ID: 1
Track lost soon after initialisation, reseting...
System Reseting
Reseting Local Mapper... done
Reseting Loop Closing... done
Reseting Database... done
0
New map created with 1078 points for 0 Feature Type 
New map created with 138 points for 1 Feature Type 
Tracking Initlized in 2.05s
The initlized frame ID: 1
Track lost soon after initialisation, reseting...
System Reseting
Reseting Local Mapper... done
Reseting Loop Closing... done
Reseting Database... done
0
New map created with 1032 points for 0 Feature Type 
New map created with 155 points for 1 Feature Type 
Tracking Initlized in 1.96s
The initlized frame ID: 1
Track lost soon after initialisation, reseting...
System Reseting
Reseting Local Mapper... done
Reseting Loop Closing... done
Reseting Database... done
0
New map created with 959 points for 0 Feature Type 
New map created with 153 points for 1 Feature Type 
Tracking Initlized in 1.96s
The initlized frame ID: 1
Track lost soon after initialisation, reseting...
System Reseting
Reseting Local Mapper... done
Reseting Loop Closing... done
Reseting Database... done
0
New map created with 1018 points for 0 Feature Type 
New map created with 156 points for 1 Feature Type 
Tracking Initlized in 1.88s
The initlized frame ID: 1
Track lost soon after initialisation, reseting...
System Reseting
Reseting Local Mapper... done
Reseting Loop Closing... done
Reseting Database... done
0
New map created with 1021 points for 0 Feature Type 
New map created with 164 points for 1 Feature Type 
Tracking Initlized in 2.35s
The initlized frame ID: 1
Track lost soon after initialisation, reseting...
System Reseting
Reseting Local Mapper... done
Reseting Loop Closing... done
Reseting Database... done
0
New map created with 1044 points for 0 Feature Type 
New map created with 175 points for 1 Feature Type 
Tracking Initlized in 2.21s
The initlized frame ID: 1
Track lost soon after initialisation, reseting...
System Reseting
Reseting Local Mapper... done
Reseting Loop Closing... done
Reseting Database... done
0
New map created with 1073 points for 0 Feature Type 
New map created with 166 points for 1 Feature Type 
Tracking Initlized in 1.70s
The initlized frame ID: 1
Track lost soon after initialisation, reseting...
System Reseting
Reseting Local Mapper... done
Reseting Loop Closing... done
Reseting Database... done
0
New map created with 1059 points for 0 Feature Type 
New map created with 194 points for 1 Feature Type 
Tracking Initlized in 2.41s
The initlized frame ID: 1
Track lost soon after initialisation, reseting...
System Reseting
Reseting Local Mapper... done
Reseting Loop Closing... done
Reseting Database... done
0
New map created with 1080 points for 0 Feature Type 
New map created with 194 points for 1 Feature Type 
Tracking Initlized in 2.02s
The initlized frame ID: 1
Track lost soon after initialisation, reseting...
System Reseting
Reseting Local Mapper... done
Reseting Loop Closing... done
Reseting Database... done
0
New map created with 1100 points for 0 Feature Type 
New map created with 201 points for 1 Feature Type 
Tracking Initlized in 2.26s
The initlized frame ID: 1
Track lost soon after initialisation, reseting...
System Reseting
Reseting Local Mapper... done
Reseting Loop Closing... done
Reseting Database... done
0
New map created with 1110 points for 0 Feature Type 
New map created with 197 points for 1 Feature Type 
Tracking Initlized in 1.86s
The initlized frame ID: 1
Track lost soon after initialisation, reseting...
System Reseting
Reseting Local Mapper... done
Reseting Loop Closing... done
Reseting Database... done
0
New map created with 1027 points for 0 Feature Type 
New map created with 195 points for 1 Feature Type 
Tracking Initlized in 2.37s
The initlized frame ID: 1
Track lost soon after initialisation, reseting...
System Reseting
Reseting Local Mapper... done
Reseting Loop Closing... done
Reseting Database... done
0
New map created with 993 points for 0 Feature Type 
New map created with 199 points for 1 Feature Type 
Tracking Initlized in 1.85s
The initlized frame ID: 1
Track lost soon after initialisation, reseting...
System Reseting
Reseting Local Mapper... done
Reseting Loop Closing... done
Reseting Database... done
0
New map created with 1025 points for 0 Feature Type 
New map created with 193 points for 1 Feature Type 
Tracking Initlized in 2.14s
The initlized frame ID: 1
Track lost soon after initialisation, reseting...
System Reseting
Reseting Local Mapper... done
Reseting Loop Closing... done
Reseting Database... done
0
New map created with 1060 points for 0 Feature Type 
New map created with 170 points for 1 Feature Type 
Tracking Initlized in 1.86s
The initlized frame ID: 1
Track lost soon after initialisation, reseting...
System Reseting
Reseting Local Mapper... done
Reseting Loop Closing... done
Reseting Database... done
0
New map created with 1024 points for 0 Feature Type 
New map created with 163 points for 1 Feature Type 
Tracking Initlized in 1.82s
The initlized frame ID: 1
Track lost soon after initialisation, reseting...
System Reseting
Reseting Local Mapper... done
Reseting Loop Closing... done
Reseting Database... done
0
New map created with 981 points for 0 Feature Type 
New map created with 158 points for 1 Feature Type 
Tracking Initlized in 1.99s
The initlized frame ID: 1
Track lost soon after initialisation, reseting...
System Reseting
Reseting Local Mapper... done
Reseting Loop Closing... done
Reseting Database... done
0
New map created with 906 points for 0 Feature Type 
New map created with 175 points for 1 Feature Type 
Tracking Initlized in 1.80s
The initlized frame ID: 1
Track lost soon after initialisation, reseting...
System Reseting
Reseting Local Mapper... done
Reseting Loop Closing... done
Reseting Database... done
0
New map created with 1033 points for 0 Feature Type 
New map created with 168 points for 1 Feature Type 
Tracking Initlized in 1.95s
The initlized frame ID: 1
Track lost soon after initialisation, reseting...
System Reseting
Reseting Local Mapper... done
Reseting Loop Closing... done
Reseting Database... done
0
New map created with 1044 points for 0 Feature Type 
New map created with 228 points for 1 Feature Type 
Tracking Initlized in 1.99s
The initlized frame ID: 1
Track lost soon after initialisation, reseting...
System Reseting
Reseting Local Mapper... done
Reseting Loop Closing... done
Reseting Database... done
0
New map created with 1023 points for 0 Feature Type 
New map created with 237 points for 1 Feature Type 
Tracking Initlized in 2.13s
The initlized frame ID: 1
Track lost soon after initialisation, reseting...
System Reseting
Reseting Local Mapper... done
Reseting Loop Closing... done
Reseting Database... done
0
New map created with 1149 points for 0 Feature Type 
New map created with 304 points for 1 Feature Type 
Tracking Initlized in 2.09s
The initlized frame ID: 1
Track lost soon after initialisation, reseting...
System Reseting
Reseting Local Mapper... done
Reseting Loop Closing... done
Reseting Database... done
0
New map created with 1124 points for 0 Feature Type 
New map created with 319 points for 1 Feature Type 
Tracking Initlized in 2.00s
The initlized frame ID: 1
Track lost soon after initialisation, reseting...
System Reseting
Reseting Local Mapper... done
Reseting Loop Closing... done
Reseting Database... done
0
New map created with 974 points for 0 Feature Type 
New map created with 248 points for 1 Feature Type 
Tracking Initlized in 2.12s
The initlized frame ID: 1
Track lost soon after initialisation, reseting...
System Reseting
Reseting Local Mapper... done
Reseting Loop Closing... done
Reseting Database... done
0
New map created with 962 points for 0 Feature Type 
New map created with 249 points for 1 Feature Type 
Tracking Initlized in 1.96s
The initlized frame ID: 1
Track lost soon after initialisation, reseting...
System Reseting
Reseting Local Mapper... done
Reseting Loop Closing... done
Reseting Database... done
0
New map created with 1252 points for 0 Feature Type 
New map created with 279 points for 1 Feature Type 
Tracking Initlized in 2.14s
The initlized frame ID: 1
Track lost soon after initialisation, reseting...
System Reseting
Reseting Local Mapper... done
Reseting Loop Closing... done
Reseting Database... done
0
New map created with 1125 points for 0 Feature Type 
New map created with 292 points for 1 Feature Type 
Tracking Initlized in 2.09s
The initlized frame ID: 1
Track lost soon after initialisation, reseting...
System Reseting
Reseting Local Mapper... done
Reseting Loop Closing... done
Reseting Database... done
0
New map created with 1225 points for 0 Feature Type 
New map created with 273 points for 1 Feature Type 
Tracking Initlized in 2.01s
The initlized frame ID: 1
Track lost soon after initialisation, reseting...
System Reseting
Reseting Local Mapper... done
Reseting Loop Closing... done
Reseting Database... done
0
New map created with 1154 points for 0 Feature Type 
New map created with 461 points for 1 Feature Type 
Tracking Initlized in 1.72s
The initlized frame ID: 1
Track lost soon after initialisation, reseting...
System Reseting
Reseting Local Mapper... done
Reseting Loop Closing... done
Reseting Database... done
0
New map created with 1264 points for 0 Feature Type 
New map created with 295 points for 1 Feature Type 
Tracking Initlized in 2.21s
The initlized frame ID: 1
Track lost soon after initialisation, reseting...
System Reseting
Reseting Local Mapper... done
Reseting Loop Closing... done
Reseting Database... done
0
New map created with 1213 points for 0 Feature Type 
New map created with 315 points for 1 Feature Type 
Tracking Initlized in 1.91s
The initlized frame ID: 1
Track lost soon after initialisation, reseting...
System Reseting
Reseting Local Mapper... done
Reseting Loop Closing... done
Reseting Database... done
0
New map created with 1275 points for 0 Feature Type 
New map created with 299 points for 1 Feature Type 
Tracking Initlized in 2.05s
The initlized frame ID: 1
Track lost soon after initialisation, reseting...
System Reseting
Reseting Local Mapper... done
Reseting Loop Closing... done
Reseting Database... done
0
New map created with 1298 points for 0 Feature Type 
New map created with 313 points for 1 Feature Type 
Tracking Initlized in 1.95s
The initlized frame ID: 1
Track lost soon after initialisation, reseting...
System Reseting
Reseting Local Mapper... done
Reseting Loop Closing... done
Reseting Database... done
0
New map created with 1182 points for 0 Feature Type 
New map created with 341 points for 1 Feature Type 
Tracking Initlized in 1.99s
The initlized frame ID: 1
Track lost soon after initialisation, reseting...
System Reseting
Reseting Local Mapper... done
Reseting Loop Closing... done
Reseting Database... done
0
New map created with 920 points for 0 Feature Type 
New map created with 422 points for 1 Feature Type 
Tracking Initlized in 1.72s
The initlized frame ID: 1
Track lost soon after initialisation, reseting...
System Reseting
Reseting Local Mapper... done
Reseting Loop Closing... done
Reseting Database... done
0
New map created with 835 points for 0 Feature Type 
New map created with 332 points for 1 Feature Type 
Tracking Initlized in 2.07s
The initlized frame ID: 1
Track lost soon after initialisation, reseting...
System Reseting
Reseting Local Mapper... done
Reseting Loop Closing... done
Reseting Database... done
0
New map created with 927 points for 0 Feature Type 
New map created with 348 points for 1 Feature Type 
Tracking Initlized in 2.48s
The initlized frame ID: 1
Track lost soon after initialisation, reseting...
System Reseting
Reseting Local Mapper... done
Reseting Loop Closing... done
Reseting Database... done
0
New map created with 872 points for 0 Feature Type 
New map created with 290 points for 1 Feature Type 
Tracking Initlized in 2.16s
The initlized frame ID: 1
Track lost soon after initialisation, reseting...
System Reseting
Reseting Local Mapper... done
Reseting Loop Closing... done
Reseting Database... done
0
New map created with 858 points for 0 Feature Type 
New map created with 344 points for 1 Feature Type 
Tracking Initlized in 2.11s
The initlized frame ID: 1
Track lost soon after initialisation, reseting...
System Reseting
Reseting Local Mapper... done
Reseting Loop Closing... done
Reseting Database... done
0
New map created with 827 points for 0 Feature Type 
New map created with 284 points for 1 Feature Type 
Tracking Initlized in 2.21s
The initlized frame ID: 1
Track lost soon after initialisation, reseting...
System Reseting
Reseting Local Mapper... done
Reseting Loop Closing... done
Reseting Database... done
0
New map created with 758 points for 0 Feature Type 
New map created with 304 points for 1 Feature Type 
Tracking Initlized in 2.40s
The initlized frame ID: 1
Track lost soon after initialisation, reseting...
System Reseting
Reseting Local Mapper... done
Reseting Loop Closing... done
Reseting Database... done
0
New map created with 804 points for 0 Feature Type 
New map created with 302 points for 1 Feature Type 
Tracking Initlized in 2.27s
The initlized frame ID: 1
Track lost soon after initialisation, reseting...
System Reseting
Reseting Local Mapper... done
Reseting Loop Closing... done
Reseting Database... done
0
New map created with 752 points for 0 Feature Type 
New map created with 304 points for 1 Feature Type 
Tracking Initlized in 2.08s
The initlized frame ID: 1
Track lost soon after initialisation, reseting...
System Reseting
Reseting Local Mapper... done
Reseting Loop Closing... done
Reseting Database... done
0
New map created with 793 points for 0 Feature Type 
New map created with 282 points for 1 Feature Type 
Tracking Initlized in 1.88s
The initlized frame ID: 1
Track lost soon after initialisation, reseting...
System Reseting
Reseting Local Mapper... done
Reseting Loop Closing... done
Reseting Database... done
0
New map created with 467 points for 0 Feature Type 
New map created with 234 points for 1 Feature Type 
Tracking Initlized in 1.89s
The initlized frame ID: 1
Track lost soon after initialisation, reseting...
System Reseting
Reseting Local Mapper... done
Reseting Loop Closing... done
Reseting Database... done
0
New map created with 399 points for 0 Feature Type 
New map created with 183 points for 1 Feature Type 
Tracking Initlized in 11.78s
The initlized frame ID: 8
Track lost soon after initialisation, reseting...
System Reseting
Reseting Local Mapper... done
Reseting Loop Closing... done
Reseting Database... done
0
New map created with 1098 points for 0 Feature Type 
New map created with 426 points for 1 Feature Type 
Tracking Initlized in 2.34s
The initlized frame ID: 1
Track lost soon after initialisation, reseting...
System Reseting
Reseting Local Mapper... done
Reseting Loop Closing... done
Reseting Database... done
0
New map created with 1164 points for 0 Feature Type 
New map created with 428 points for 1 Feature Type 
Tracking Initlized in 1.94s
The initlized frame ID: 1
Track lost soon after initialisation, reseting...
System Reseting
Reseting Local Mapper... done
Reseting Loop Closing... done
Reseting Database... done
0
New map created with 1204 points for 0 Feature Type 
New map created with 396 points for 1 Feature Type 
Tracking Initlized in 2.54s
The initlized frame ID: 1
Track lost soon after initialisation, reseting...
System Reseting
Reseting Local Mapper... done
Reseting Loop Closing... done
Reseting Database... done
0
New map created with 1248 points for 0 Feature Type 
New map created with 347 points for 1 Feature Type 
Tracking Initlized in 1.90s
The initlized frame ID: 1
Track lost soon after initialisation, reseting...
System Reseting
Reseting Local Mapper... done
Reseting Loop Closing... done
Reseting Database... done
0
New map created with 1304 points for 0 Feature Type 
New map created with 392 points for 1 Feature Type 
Tracking Initlized in 2.03s
The initlized frame ID: 1
Track lost soon after initialisation, reseting...
System Reseting
Reseting Local Mapper... done
Reseting Loop Closing... done
Reseting Database... done
0
New map created with 1284 points for 0 Feature Type 
New map created with 390 points for 1 Feature Type 
Tracking Initlized in 2.08s
The initlized frame ID: 1
Track lost soon after initialisation, reseting...
System Reseting
Reseting Local Mapper... done
Reseting Loop Closing... done
Reseting Database... done
0
New map created with 1349 points for 0 Feature Type 
New map created with 389 points for 1 Feature Type 
Tracking Initlized in 1.78s
The initlized frame ID: 1
Track lost soon after initialisation, reseting...
System Reseting
Reseting Local Mapper... done
Reseting Loop Closing... done
Reseting Database... done
0
New map created with 1215 points for 0 Feature Type 
New map created with 358 points for 1 Feature Type 
Tracking Initlized in 1.97s
The initlized frame ID: 1
Track lost soon after initialisation, reseting...
System Reseting
Reseting Local Mapper... done
Reseting Loop Closing... done
Reseting Database... done
0
New map created with 1237 points for 0 Feature Type 
New map created with 363 points for 1 Feature Type 
Tracking Initlized in 1.78s
The initlized frame ID: 1
Track lost soon after initialisation, reseting...
System Reseting
Reseting Local Mapper... done
Reseting Loop Closing... done
Reseting Database... done
0
New map created with 1185 points for 0 Feature Type 
New map created with 361 points for 1 Feature Type 
Tracking Initlized in 1.78s
The initlized frame ID: 1
Track lost soon after initialisation, reseting...
System Reseting
Reseting Local Mapper... done
Reseting Loop Closing... done
Reseting Database... done
0
New map created with 1140 points for 0 Feature Type 
New map created with 365 points for 1 Feature Type 
Tracking Initlized in 1.99s
The initlized frame ID: 1
Track lost soon after initialisation, reseting...
System Reseting
Reseting Local Mapper... done
Reseting Loop Closing... done
Reseting Database... done
0
New map created with 1069 points for 0 Feature Type 
New map created with 351 points for 1 Feature Type 
Tracking Initlized in 1.80s
The initlized frame ID: 1
Track lost soon after initialisation, reseting...
System Reseting
Reseting Local Mapper... done
Reseting Loop Closing... done
Reseting Database... done
0
New map created with 1010 points for 0 Feature Type 
New map created with 336 points for 1 Feature Type 
Tracking Initlized in 2.15s
The initlized frame ID: 1
Track lost soon after initialisation, reseting...
System Reseting
Reseting Local Mapper... done
Reseting Loop Closing... done
Reseting Database... done
0
New map created with 1176 points for 0 Feature Type 
New map created with 349 points for 1 Feature Type 
Tracking Initlized in 2.24s
The initlized frame ID: 1
Track lost soon after initialisation, reseting...
System Reseting
Reseting Local Mapper... done
Reseting Loop Closing... done
Reseting Database... done
0
New map created with 989 points for 0 Feature Type 
New map created with 331 points for 1 Feature Type 
Tracking Initlized in 2.04s
The initlized frame ID: 1
Track lost soon after initialisation, reseting...
System Reseting
Reseting Local Mapper... done
Reseting Loop Closing... done
Reseting Database... done
0
New map created with 1086 points for 0 Feature Type 
New map created with 352 points for 1 Feature Type 
Tracking Initlized in 1.92s
The initlized frame ID: 1
Track lost soon after initialisation, reseting...
System Reseting
Reseting Local Mapper... done
Reseting Loop Closing... done
Reseting Database... done
0
New map created with 1160 points for 0 Feature Type 
New map created with 350 points for 1 Feature Type 
Tracking Initlized in 2.01s
The initlized frame ID: 1
Track lost soon after initialisation, reseting...
System Reseting
Reseting Local Mapper... done
Reseting Loop Closing... done
Reseting Database... done
0
New map created with 1237 points for 0 Feature Type 
New map created with 351 points for 1 Feature Type 
Tracking Initlized in 1.85s
The initlized frame ID: 1
Track lost soon after initialisation, reseting...
System Reseting
Reseting Local Mapper... done
Reseting Loop Closing... done
Reseting Database... done
0
New map created with 1069 points for 0 Feature Type 
New map created with 355 points for 1 Feature Type 
Tracking Initlized in 2.08s
The initlized frame ID: 1
Track lost soon after initialisation, reseting...
System Reseting
Reseting Local Mapper... done
Reseting Loop Closing... done
Reseting Database... done
0
New map created with 1086 points for 0 Feature Type 
New map created with 358 points for 1 Feature Type 
Tracking Initlized in 2.02s
The initlized frame ID: 1
Track lost soon after initialisation, reseting...
System Reseting
Reseting Local Mapper... done
Reseting Loop Closing... done
Reseting Database... done
0
New map created with 1233 points for 0 Feature Type 
New map created with 315 points for 1 Feature Type 
Tracking Initlized in 2.22s
The initlized frame ID: 1
Track lost soon after initialisation, reseting...
System Reseting
Reseting Local Mapper... done
Reseting Loop Closing... done
Reseting Database... done
0
New map created with 1220 points for 0 Feature Type 
New map created with 340 points for 1 Feature Type 
Tracking Initlized in 1.73s
The initlized frame ID: 1
Track lost soon after initialisation, reseting...
System Reseting
Reseting Local Mapper... done
Reseting Loop Closing... done
Reseting Database... done
0
New map created with 1170 points for 0 Feature Type 
New map created with 323 points for 1 Feature Type 
Tracking Initlized in 2.04s
The initlized frame ID: 1
Track lost soon after initialisation, reseting...
System Reseting
Reseting Local Mapper... done
Reseting Loop Closing... done
Reseting Database... done
0
New map created with 1121 points for 0 Feature Type 
New map created with 341 points for 1 Feature Type 
Tracking Initlized in 2.22s
The initlized frame ID: 1
Track lost soon after initialisation, reseting...
System Reseting
Reseting Local Mapper... done
Reseting Loop Closing... done
Reseting Database... done
0
New map created with 1113 points for 0 Feature Type 
New map created with 311 points for 1 Feature Type 
Tracking Initlized in 1.80s
The initlized frame ID: 1
Track lost soon after initialisation, reseting...
System Reseting
Reseting Local Mapper... done
Reseting Loop Closing... done
Reseting Database... done
0
New map created with 1132 points for 0 Feature Type 
New map created with 298 points for 1 Feature Type 
Tracking Initlized in 2.27s
The initlized frame ID: 1
Track lost soon after initialisation, reseting...
System Reseting
Reseting Local Mapper... done
Reseting Loop Closing... done
Reseting Database... done
0
New map created with 1117 points for 0 Feature Type 
New map created with 290 points for 1 Feature Type 
Tracking Initlized in 2.19s
The initlized frame ID: 1
Track lost soon after initialisation, reseting...
System Reseting
Reseting Local Mapper... done
Reseting Loop Closing... done
Reseting Database... done
0
New map created with 1286 points for 0 Feature Type 
New map created with 338 points for 1 Feature Type 
Tracking Initlized in 1.89s
The initlized frame ID: 1
Track lost soon after initialisation, reseting...
System Reseting
Reseting Local Mapper... done
Reseting Loop Closing... done
Reseting Database... done
0
New map created with 1275 points for 0 Feature Type 
New map created with 339 points for 1 Feature Type 
Tracking Initlized in 2.01s
The initlized frame ID: 1
Track lost soon after initialisation, reseting...
System Reseting
Reseting Local Mapper... done
Reseting Loop Closing... done
Reseting Database... done
0
New map created with 1270 points for 0 Feature Type 
New map created with 345 points for 1 Feature Type 
Tracking Initlized in 2.06s
The initlized frame ID: 1
Track lost soon after initialisation, reseting...
System Reseting
Reseting Local Mapper... done
Reseting Loop Closing... done
Reseting Database... done
0
New map created with 1309 points for 0 Feature Type 
New map created with 364 points for 1 Feature Type 
Tracking Initlized in 2.16s
The initlized frame ID: 1
Track lost soon after initialisation, reseting...
System Reseting
Reseting Local Mapper... done
Reseting Loop Closing... done
Reseting Database... done
0
New map created with 1239 points for 0 Feature Type 
New map created with 358 points for 1 Feature Type 
Tracking Initlized in 1.95s
The initlized frame ID: 1
Track lost soon after initialisation, reseting...
System Reseting
Reseting Local Mapper... done
Reseting Loop Closing... done
Reseting Database... done
0
New map created with 1200 points for 0 Feature Type 
New map created with 360 points for 1 Feature Type 
Tracking Initlized in 2.08s
The initlized frame ID: 1
Track lost soon after initialisation, reseting...
System Reseting
Reseting Local Mapper... done
Reseting Loop Closing... done
Reseting Database... done
0
New map created with 1159 points for 0 Feature Type 
New map created with 388 points for 1 Feature Type 
Tracking Initlized in 1.92s
The initlized frame ID: 1
Track lost soon after initialisation, reseting...
System Reseting
Reseting Local Mapper... done
Reseting Loop Closing... done
Reseting Database... done
0
New map created with 1085 points for 0 Feature Type 
New map created with 394 points for 1 Feature Type 
Tracking Initlized in 2.13s
The initlized frame ID: 1
Track lost soon after initialisation, reseting...
System Reseting
Reseting Local Mapper... done
Reseting Loop Closing... done
Reseting Database... done
0
New map created with 1072 points for 0 Feature Type 
New map created with 424 points for 1 Feature Type 
Tracking Initlized in 1.84s
The initlized frame ID: 1
Track lost soon after initialisation, reseting...
System Reseting
Reseting Local Mapper... done
Reseting Loop Closing... done
Reseting Database... done
0
New map created with 1072 points for 0 Feature Type 
New map created with 389 points for 1 Feature Type 
Tracking Initlized in 2.05s
The initlized frame ID: 1
Track lost soon after initialisation, reseting...
System Reseting
Reseting Local Mapper... done
Reseting Loop Closing... done
Reseting Database... done
0
New map created with 1134 points for 0 Feature Type 
New map created with 377 points for 1 Feature Type 
Tracking Initlized in 2.35s
The initlized frame ID: 1
Track lost soon after initialisation, reseting...
System Reseting
Reseting Local Mapper... done
Reseting Loop Closing... done
Reseting Database... done
0
New map created with 1123 points for 0 Feature Type 
New map created with 391 points for 1 Feature Type 
Tracking Initlized in 2.12s
The initlized frame ID: 1
Track lost soon after initialisation, reseting...
System Reseting
Reseting Local Mapper... done
Reseting Loop Closing... done
Reseting Database... done
0
New map created with 1067 points for 0 Feature Type 
New map created with 373 points for 1 Feature Type 
Tracking Initlized in 2.15s
The initlized frame ID: 1
Track lost soon after initialisation, reseting...
System Reseting
Reseting Local Mapper... done
Reseting Loop Closing... done
Reseting Database... done
0
New map created with 1165 points for 0 Feature Type 
New map created with 378 points for 1 Feature Type 
Tracking Initlized in 1.85s
The initlized frame ID: 1
Track lost soon after initialisation, reseting...
System Reseting
Reseting Local Mapper... done
Reseting Loop Closing... done
Reseting Database... done
0
New map created with 1136 points for 0 Feature Type 
New map created with 354 points for 1 Feature Type 
Tracking Initlized in 2.20s
The initlized frame ID: 1
Track lost soon after initialisation, reseting...
System Reseting
Reseting Local Mapper... done
Reseting Loop Closing... done
Reseting Database... done
0
New map created with 1073 points for 0 Feature Type 
New map created with 310 points for 1 Feature Type 
Tracking Initlized in 2.11s
The initlized frame ID: 1
Track lost soon after initialisation, reseting...
System Reseting
Reseting Local Mapper... done
Reseting Loop Closing... done
Reseting Database... done
0
New map created with 1122 points for 0 Feature Type 
New map created with 346 points for 1 Feature Type 
Tracking Initlized in 1.95s
The initlized frame ID: 1
Track lost soon after initialisation, reseting...
System Reseting
Reseting Local Mapper... done
Reseting Loop Closing... done
Reseting Database... done
0
New map created with 1058 points for 0 Feature Type 
New map created with 358 points for 1 Feature Type 
Tracking Initlized in 2.07s
The initlized frame ID: 1
Track lost soon after initialisation, reseting...
System Reseting
Reseting Local Mapper... done
Reseting Loop Closing... done
Reseting Database... done
0
New map created with 1083 points for 0 Feature Type 
New map created with 367 points for 1 Feature Type 
Tracking Initlized in 2.05s
The initlized frame ID: 1
Track lost soon after initialisation, reseting...
System Reseting
Reseting Local Mapper... done
Reseting Loop Closing... done
Reseting Database... done
0
New map created with 1074 points for 0 Feature Type 
New map created with 369 points for 1 Feature Type 
Tracking Initlized in 2.01s
The initlized frame ID: 1
Track lost soon after initialisation, reseting...
System Reseting
Reseting Local Mapper... done
Reseting Loop Closing... done
Reseting Database... done
0
New map created with 957 points for 0 Feature Type 
New map created with 318 points for 1 Feature Type 
Tracking Initlized in 1.95s
The initlized frame ID: 1
Track lost soon after initialisation, reseting...
System Reseting
Reseting Local Mapper... done
Reseting Loop Closing... done
Reseting Database... done
0
New map created with 1040 points for 0 Feature Type 
New map created with 329 points for 1 Feature Type 
Tracking Initlized in 2.06s
The initlized frame ID: 1
Track lost soon after initialisation, reseting...
System Reseting
Reseting Local Mapper... done
Reseting Loop Closing... done
Reseting Database... done
0
New map created with 1076 points for 0 Feature Type 
New map created with 273 points for 1 Feature Type 
Tracking Initlized in 1.90s
The initlized frame ID: 1
Track lost soon after initialisation, reseting...
System Reseting
Reseting Local Mapper... done
Reseting Loop Closing... done
Reseting Database... done
0
New map created with 1069 points for 0 Feature Type 
New map created with 275 points for 1 Feature Type 
Tracking Initlized in 2.14s
The initlized frame ID: 1
Track lost soon after initialisation, reseting...
System Reseting
Reseting Local Mapper... done
Reseting Loop Closing... done
Reseting Database... done
0
New map created with 1069 points for 0 Feature Type 
New map created with 291 points for 1 Feature Type 
Tracking Initlized in 2.22s
The initlized frame ID: 1
Track lost soon after initialisation, reseting...
System Reseting
Reseting Local Mapper... done
Reseting Loop Closing... done
Reseting Database... done
0
New map created with 1191 points for 0 Feature Type 
New map created with 298 points for 1 Feature Type 
Tracking Initlized in 1.88s
The initlized frame ID: 1
Track lost soon after initialisation, reseting...
System Reseting
Reseting Local Mapper... done
Reseting Loop Closing... done
Reseting Database... done
0
New map created with 1088 points for 0 Feature Type 
New map created with 283 points for 1 Feature Type 
Tracking Initlized in 2.25s
The initlized frame ID: 1
Track lost soon after initialisation, reseting...
System Reseting
Reseting Local Mapper... done
Reseting Loop Closing... done
Reseting Database... done
0
New map created with 1093 points for 0 Feature Type 
New map created with 304 points for 1 Feature Type 
Tracking Initlized in 2.57s
The initlized frame ID: 1
Track lost soon after initialisation, reseting...
System Reseting
Reseting Local Mapper... done
Reseting Loop Closing... done
Reseting Database... done
0
New map created with 1002 points for 0 Feature Type 
New map created with 331 points for 1 Feature Type 
Tracking Initlized in 1.99s
The initlized frame ID: 1
Track lost soon after initialisation, reseting...
System Reseting
Reseting Local Mapper... done
Reseting Loop Closing... done
Reseting Database... done
0
New map created with 950 points for 0 Feature Type 
New map created with 307 points for 1 Feature Type 
Tracking Initlized in 2.29s
The initlized frame ID: 1
Track lost soon after initialisation, reseting...
System Reseting
Reseting Local Mapper... done
Reseting Loop Closing... done
Reseting Database... done
0
New map created with 968 points for 0 Feature Type 
New map created with 329 points for 1 Feature Type 
Tracking Initlized in 2.07s
The initlized frame ID: 1
Track lost soon after initialisation, reseting...
System Reseting
Reseting Local Mapper... done
Reseting Loop Closing... done
Reseting Database... done
0
New map created with 988 points for 0 Feature Type 
New map created with 289 points for 1 Feature Type 
Tracking Initlized in 1.86s
The initlized frame ID: 1
Track lost soon after initialisation, reseting...
System Reseting
Reseting Local Mapper... done
Reseting Loop Closing... done
Reseting Database... done
0
New map created with 1002 points for 0 Feature Type 
New map created with 256 points for 1 Feature Type 
Tracking Initlized in 1.80s
The initlized frame ID: 1
Track lost soon after initialisation, reseting...
System Reseting
Reseting Local Mapper... done
Reseting Loop Closing... done
Reseting Database... done
0
New map created with 909 points for 0 Feature Type 
New map created with 249 points for 1 Feature Type 
Tracking Initlized in 2.07s
The initlized frame ID: 1
Track lost soon after initialisation, reseting...
System Reseting
Reseting Local Mapper... done
Reseting Loop Closing... done
Reseting Database... done
0
New map created with 828 points for 0 Feature Type 
New map created with 223 points for 1 Feature Type 
Tracking Initlized in 1.97s
The initlized frame ID: 1
Track lost soon after initialisation, reseting...
System Reseting
Reseting Local Mapper... done
Reseting Loop Closing... done
Reseting Database... done
0
New map created with 839 points for 0 Feature Type 
New map created with 224 points for 1 Feature Type 
Tracking Initlized in 2.01s
The initlized frame ID: 1
Track lost soon after initialisation, reseting...
System Reseting
Reseting Local Mapper... done
Reseting Loop Closing... done
Reseting Database... done
0
New map created with 935 points for 0 Feature Type 
New map created with 263 points for 1 Feature Type 
Tracking Initlized in 2.16s
The initlized frame ID: 1
Track lost soon after initialisation, reseting...
System Reseting
Reseting Local Mapper... done
Reseting Loop Closing... done
Reseting Database... done
0
New map created with 877 points for 0 Feature Type 
New map created with 245 points for 1 Feature Type 
Tracking Initlized in 1.79s
The initlized frame ID: 1
Track lost soon after initialisation, reseting...
System Reseting
Reseting Local Mapper... done
Reseting Loop Closing... done
Reseting Database... done
0
New map created with 897 points for 0 Feature Type 
New map created with 269 points for 1 Feature Type 
Tracking Initlized in 2.13s
The initlized frame ID: 1
Track lost soon after initialisation, reseting...
System Reseting
Reseting Local Mapper... done
Reseting Loop Closing... done
Reseting Database... done
0
New map created with 912 points for 0 Feature Type 
New map created with 281 points for 1 Feature Type 
Tracking Initlized in 2.46s
The initlized frame ID: 1
Track lost soon after initialisation, reseting...
System Reseting
Reseting Local Mapper... done
Reseting Loop Closing... done
Reseting Database... done
0
New map created with 863 points for 0 Feature Type 
New map created with 282 points for 1 Feature Type 
Tracking Initlized in 2.00s
The initlized frame ID: 1
Track lost soon after initialisation, reseting...
System Reseting
Reseting Local Mapper... done
Reseting Loop Closing... done
Reseting Database... done
0
New map created with 926 points for 0 Feature Type 
New map created with 283 points for 1 Feature Type 
Tracking Initlized in 2.21s
The initlized frame ID: 1
Track lost soon after initialisation, reseting...
System Reseting
Reseting Local Mapper... done
Reseting Loop Closing... done
Reseting Database... done
0
New map created with 910 points for 0 Feature Type 
New map created with 298 points for 1 Feature Type 
Tracking Initlized in 1.84s
The initlized frame ID: 1
Track lost soon after initialisation, reseting...
System Reseting
Reseting Local Mapper... done
Reseting Loop Closing... done
Reseting Database... done
0
New map created with 990 points for 0 Feature Type 
New map created with 334 points for 1 Feature Type 
Tracking Initlized in 2.02s
The initlized frame ID: 1
Track lost soon after initialisation, reseting...
System Reseting
Reseting Local Mapper... done
Reseting Loop Closing... done
Reseting Database... done
0
New map created with 895 points for 0 Feature Type 
New map created with 286 points for 1 Feature Type 
Tracking Initlized in 2.12s
The initlized frame ID: 1
Track lost soon after initialisation, reseting...
System Reseting
Reseting Local Mapper... done
Reseting Loop Closing... done
Reseting Database... done
0
New map created with 887 points for 0 Feature Type 
New map created with 281 points for 1 Feature Type 
Tracking Initlized in 2.02s
The initlized frame ID: 1
Track lost soon after initialisation, reseting...
System Reseting
Reseting Local Mapper... done
Reseting Loop Closing... done
Reseting Database... done
0
New map created with 799 points for 0 Feature Type 
New map created with 237 points for 1 Feature Type 
Tracking Initlized in 2.02s
The initlized frame ID: 1
Track lost soon after initialisation, reseting...
System Reseting
Reseting Local Mapper... done
Reseting Loop Closing... done
Reseting Database... done
0
New map created with 859 points for 0 Feature Type 
New map created with 244 points for 1 Feature Type 
Tracking Initlized in 1.91s
The initlized frame ID: 1
Track lost soon after initialisation, reseting...
System Reseting
Reseting Local Mapper... done
Reseting Loop Closing... done
Reseting Database... done
0
New map created with 823 points for 0 Feature Type 
New map created with 195 points for 1 Feature Type 
Tracking Initlized in 2.26s
The initlized frame ID: 1
Track lost soon after initialisation, reseting...
System Reseting
Reseting Local Mapper... done
Reseting Loop Closing... done
Reseting Database... done
0
New map created with 840 points for 0 Feature Type 
New map created with 202 points for 1 Feature Type 
Tracking Initlized in 2.14s
The initlized frame ID: 1
Track lost soon after initialisation, reseting...
System Reseting
Reseting Local Mapper... done
Reseting Loop Closing... done
Reseting Database... done
0
New map created with 774 points for 0 Feature Type 
New map created with 185 points for 1 Feature Type 
Tracking Initlized in 1.88s
The initlized frame ID: 1
Track lost soon after initialisation, reseting...
System Reseting
Reseting Local Mapper... done
Reseting Loop Closing... done
Reseting Database... done
0
New map created with 895 points for 0 Feature Type 
New map created with 308 points for 1 Feature Type 
Tracking Initlized in 2.23s
The initlized frame ID: 1
Track lost soon after initialisation, reseting...
System Reseting
Reseting Local Mapper... done
Reseting Loop Closing... done
Reseting Database... done
0
New map created with 890 points for 0 Feature Type 
New map created with 359 points for 1 Feature Type 
Tracking Initlized in 2.00s
The initlized frame ID: 1
Track lost soon after initialisation, reseting...
System Reseting
Reseting Local Mapper... done
Reseting Loop Closing... done
Reseting Database... done
0
New map created with 767 points for 0 Feature Type 
New map created with 230 points for 1 Feature Type 
Tracking Initlized in 1.93s
The initlized frame ID: 1
Track lost soon after initialisation, reseting...
System Reseting
Reseting Local Mapper... done
Reseting Loop Closing... done
Reseting Database... done
0
New map created with 728 points for 0 Feature Type 
New map created with 261 points for 1 Feature Type 
Tracking Initlized in 1.64s
The initlized frame ID: 1
Track lost soon after initialisation, reseting...
System Reseting
Reseting Local Mapper... done
Reseting Loop Closing... done
Reseting Database... done
0
New map created with 821 points for 0 Feature Type 
New map created with 293 points for 1 Feature Type 
Tracking Initlized in 2.48s
The initlized frame ID: 1
Track lost soon after initialisation, reseting...
System Reseting
Reseting Local Mapper... done
Reseting Loop Closing... done
Reseting Database... done
0
New map created with 936 points for 0 Feature Type 
New map created with 300 points for 1 Feature Type 
Tracking Initlized in 2.08s
The initlized frame ID: 1
Track lost soon after initialisation, reseting...
System Reseting
Reseting Local Mapper... done
Reseting Loop Closing... done
Reseting Database... done
0
New map created with 1021 points for 0 Feature Type 
New map created with 318 points for 1 Feature Type 
Tracking Initlized in 1.99s
The initlized frame ID: 1
Track lost soon after initialisation, reseting...
System Reseting
Reseting Local Mapper... done
Reseting Loop Closing... done
Reseting Database... done
0
New map created with 832 points for 0 Feature Type 
New map created with 329 points for 1 Feature Type 
Tracking Initlized in 1.98s
The initlized frame ID: 1
Track lost soon after initialisation, reseting...
System Reseting
Reseting Local Mapper... done
Reseting Loop Closing... done
Reseting Database... done
0
New map created with 897 points for 0 Feature Type 
New map created with 335 points for 1 Feature Type 
Tracking Initlized in 2.14s
The initlized frame ID: 1
Track lost soon after initialisation, reseting...
System Reseting
Reseting Local Mapper... done
Reseting Loop Closing... done
Reseting Database... done
0
New map created with 941 points for 0 Feature Type 
New map created with 328 points for 1 Feature Type 
Tracking Initlized in 2.14s
The initlized frame ID: 1
Track lost soon after initialisation, reseting...
System Reseting
Reseting Local Mapper... done
Reseting Loop Closing... done
Reseting Database... done
0
New map created with 916 points for 0 Feature Type 
New map created with 338 points for 1 Feature Type 
Tracking Initlized in 2.27s
The initlized frame ID: 1
Track lost soon after initialisation, reseting...
System Reseting
Reseting Local Mapper... done
Reseting Loop Closing... done
Reseting Database... done
0
New map created with 786 points for 0 Feature Type 
New map created with 345 points for 1 Feature Type 
Tracking Initlized in 2.06s
The initlized frame ID: 1
Track lost soon after initialisation, reseting...
System Reseting
Reseting Local Mapper... done
Reseting Loop Closing... done
Reseting Database... done
0
New map created with 756 points for 0 Feature Type 
New map created with 304 points for 1 Feature Type 
Tracking Initlized in 1.87s
The initlized frame ID: 1
Track lost soon after initialisation, reseting...
System Reseting
Reseting Local Mapper... done
Reseting Loop Closing... done
Reseting Database... done
0
New map created with 725 points for 0 Feature Type 
New map created with 282 points for 1 Feature Type 
Tracking Initlized in 1.82s
The initlized frame ID: 1
Track lost soon after initialisation, reseting...
System Reseting
Reseting Local Mapper... done
Reseting Loop Closing... done
Reseting Database... done
0
New map created with 728 points for 0 Feature Type 
New map created with 272 points for 1 Feature Type 
Tracking Initlized in 2.11s
The initlized frame ID: 1
Track lost soon after initialisation, reseting...
System Reseting
Reseting Local Mapper... done
Reseting Loop Closing... done
Reseting Database... done
0
New map created with 823 points for 0 Feature Type 
New map created with 310 points for 1 Feature Type 
Tracking Initlized in 1.83s
The initlized frame ID: 1
Track lost soon after initialisation, reseting...
System Reseting
Reseting Local Mapper... done
Reseting Loop Closing... done
Reseting Database... done
0
New map created with 831 points for 0 Feature Type 
New map created with 271 points for 1 Feature Type 
Tracking Initlized in 1.98s
The initlized frame ID: 1
Track lost soon after initialisation, reseting...
System Reseting
Reseting Local Mapper... done
Reseting Loop Closing... done
Reseting Database... done
0
New map created with 844 points for 0 Feature Type 
New map created with 289 points for 1 Feature Type 
Tracking Initlized in 1.99s
The initlized frame ID: 1
Track lost soon after initialisation, reseting...
System Reseting
Reseting Local Mapper... done
Reseting Loop Closing... done
Reseting Database... done
0
New map created with 790 points for 0 Feature Type 
New map created with 299 points for 1 Feature Type 
Tracking Initlized in 2.31s
The initlized frame ID: 1
Track lost soon after initialisation, reseting...
System Reseting
Reseting Local Mapper... done
Reseting Loop Closing... done
Reseting Database... done
0
New map created with 892 points for 0 Feature Type 
New map created with 325 points for 1 Feature Type 
Tracking Initlized in 2.22s
The initlized frame ID: 1
Track lost soon after initialisation, reseting...
System Reseting
Reseting Local Mapper... done
Reseting Loop Closing... done
Reseting Database... done
0
New map created with 845 points for 0 Feature Type 
New map created with 296 points for 1 Feature Type 
Tracking Initlized in 2.18s
The initlized frame ID: 1
Track lost soon after initialisation, reseting...
System Reseting
Reseting Local Mapper... done
Reseting Loop Closing... done
Reseting Database... done
0
New map created with 789 points for 0 Feature Type 
New map created with 296 points for 1 Feature Type 
Tracking Initlized in 2.02s
The initlized frame ID: 1
Track lost soon after initialisation, reseting...
System Reseting
Reseting Local Mapper... done
Reseting Loop Closing... done
Reseting Database... done
0
New map created with 753 points for 0 Feature Type 
New map created with 260 points for 1 Feature Type 
Tracking Initlized in 2.29s
The initlized frame ID: 1
Track lost soon after initialisation, reseting...
System Reseting
Reseting Local Mapper... done
Reseting Loop Closing... done
Reseting Database... done
0
New map created with 608 points for 0 Feature Type 
New map created with 231 points for 1 Feature Type 
Tracking Initlized in 1.81s
The initlized frame ID: 1
Track lost soon after initialisation, reseting...
System Reseting
Reseting Local Mapper... done
Reseting Loop Closing... done
Reseting Database... done
0
New map created with 584 points for 0 Feature Type 
New map created with 233 points for 1 Feature Type 
Tracking Initlized in 2.04s
The initlized frame ID: 1
Track lost soon after initialisation, reseting...
System Reseting
Reseting Local Mapper... done
Reseting Loop Closing... done
Reseting Database... done
0
New map created with 611 points for 0 Feature Type 
New map created with 229 points for 1 Feature Type 
Tracking Initlized in 1.85s
The initlized frame ID: 1
Track lost soon after initialisation, reseting...
System Reseting
Reseting Local Mapper... done
Reseting Loop Closing... done
Reseting Database... done
0
New map created with 626 points for 0 Feature Type 
New map created with 325 points for 1 Feature Type 
Tracking Initlized in 3.59s
The initlized frame ID: 2
Track lost soon after initialisation, reseting...
System Reseting
Reseting Local Mapper... done
Reseting Loop Closing... done
Reseting Database... done
1
New map created with 479 points for 0 Feature Type 
New map created with 241 points for 1 Feature Type 
Tracking Initlized in 2.48s
The initlized frame ID: 1
Track lost soon after initialisation, reseting...
System Reseting
Reseting Local Mapper... done
Reseting Loop Closing... done
Reseting Database... done
1
New map created with 525 points for 0 Feature Type 
New map created with 248 points for 1 Feature Type 
Tracking Initlized in 2.33s
The initlized frame ID: 1
Track lost soon after initialisation, reseting...
System Reseting
Reseting Local Mapper... done
Reseting Loop Closing... done
Reseting Database... done
0
New map created with 620 points for 0 Feature Type 
New map created with 266 points for 1 Feature Type 
Tracking Initlized in 2.05s
The initlized frame ID: 1
Track lost soon after initialisation, reseting...
System Reseting
Reseting Local Mapper... done
Reseting Loop Closing... done
Reseting Database... done
0
New map created with 650 points for 0 Feature Type 
New map created with 190 points for 1 Feature Type 
Tracking Initlized in 2.15s
The initlized frame ID: 1
Track lost soon after initialisation, reseting...
System Reseting
Reseting Local Mapper... done
Reseting Loop Closing... done
Reseting Database... done
1
New map created with 256 points for 0 Feature Type 
New map created with 171 points for 1 Feature Type 
Tracking Initlized in 1.72s
The initlized frame ID: 1
Track lost soon after initialisation, reseting...
System Reseting
Reseting Local Mapper... done
Reseting Loop Closing... done
Reseting Database... done
1
New map created with 215 points for 0 Feature Type 
New map created with 159 points for 1 Feature Type 
Tracking Initlized in 2.04s
The initlized frame ID: 1
Track lost soon after initialisation, reseting...
System Reseting
Reseting Local Mapper... done
Reseting Loop Closing... done
Reseting Database... done
1
New map created with 333 points for 0 Feature Type 
New map created with 197 points for 1 Feature Type 
Tracking Initlized in 2.08s
The initlized frame ID: 1
Track lost soon after initialisation, reseting...
System Reseting
Reseting Local Mapper... done
Reseting Loop Closing... done
Reseting Database... done
1
New map created with 415 points for 0 Feature Type 
New map created with 266 points for 1 Feature Type 
Tracking Initlized in 3.79s
The initlized frame ID: 2
Track lost soon after initialisation, reseting...
System Reseting
Reseting Local Mapper... done
Reseting Loop Closing... done
Reseting Database... done
0
New map created with 466 points for 0 Feature Type 
New map created with 279 points for 1 Feature Type 
Tracking Initlized in 3.78s
The initlized frame ID: 2
Track lost soon after initialisation, reseting...
System Reseting
Reseting Local Mapper... done
Reseting Loop Closing... done
Reseting Database... done
0
New map created with 611 points for 0 Feature Type 
New map created with 313 points for 1 Feature Type 
Tracking Initlized in 4.13s
The initlized frame ID: 2
Track lost soon after initialisation, reseting...
System Reseting
Reseting Local Mapper... done
Reseting Loop Closing... done
Reseting Database... done
1
New map created with 345 points for 0 Feature Type 
New map created with 239 points for 1 Feature Type 
Tracking Initlized in 2.13s
The initlized frame ID: 1
Track lost soon after initialisation, reseting...
System Reseting
Reseting Local Mapper... done
Reseting Loop Closing... done
Reseting Database... done
0
New map created with 668 points for 0 Feature Type 
New map created with 334 points for 1 Feature Type 
Tracking Initlized in 3.93s
The initlized frame ID: 2
Track lost soon after initialisation, reseting...
System Reseting
Reseting Local Mapper... done
Reseting Loop Closing... done
Reseting Database... done
1
New map created with 357 points for 0 Feature Type 
New map created with 251 points for 1 Feature Type 
Tracking Initlized in 2.50s
The initlized frame ID: 1
Track lost soon after initialisation, reseting...
System Reseting
Reseting Local Mapper... done
Reseting Loop Closing... done
Reseting Database... done
1
New map created with 226 points for 0 Feature Type 
New map created with 195 points for 1 Feature Type 
Tracking Initlized in 1.87s
The initlized frame ID: 1
Track lost soon after initialisation, reseting...
System Reseting
Reseting Local Mapper... done
Reseting Loop Closing... done
Reseting Database... done
1
New map created with 432 points for 0 Feature Type 
New map created with 306 points for 1 Feature Type 
Tracking Initlized in 2.38s
The initlized frame ID: 1
Track lost soon after initialisation, reseting...
System Reseting
Reseting Local Mapper... done
Reseting Loop Closing... done
Reseting Database... done
1
New map created with 152 points for 0 Feature Type 
New map created with 182 points for 1 Feature Type 
Tracking Initlized in 2.20s
The initlized frame ID: 1
Track lost soon after initialisation, reseting...
System Reseting
Reseting Local Mapper... done
Reseting Loop Closing... done
Reseting Database... done
1
New map created with 155 points for 0 Feature Type 
New map created with 198 points for 1 Feature Type 
Tracking Initlized in 2.62s
The initlized frame ID: 1
Track lost soon after initialisation, reseting...
System Reseting
Reseting Local Mapper... done
Reseting Loop Closing... done
Reseting Database... done
1
New map created with 951 points for 0 Feature Type 
New map created with 319 points for 1 Feature Type 
Tracking Initlized in 2.45s
The initlized frame ID: 1
Track lost soon after initialisation, reseting...
System Reseting
Reseting Local Mapper... done
Reseting Loop Closing... done
Reseting Database... done
1
New map created with 411 points for 0 Feature Type 
New map created with 269 points for 1 Feature Type 
Tracking Initlized in 2.72s
The initlized frame ID: 1
Track lost soon after initialisation, reseting...
System Reseting
Reseting Local Mapper... done
Reseting Loop Closing... done
Reseting Database... done
1
New map created with 78 points for 0 Feature Type 
New map created with 184 points for 1 Feature Type 
Tracking Initlized in 2.32s
The initlized frame ID: 1
Track lost soon after initialisation, reseting...
System Reseting
Reseting Local Mapper... done
Reseting Loop Closing... done
Reseting Database... done
1
New map created with 95 points for 0 Feature Type 
New map created with 202 points for 1 Feature Type 
Tracking Initlized in 2.01s
The initlized frame ID: 1
Track lost soon after initialisation, reseting...
System Reseting
Reseting Local Mapper... done
Reseting Loop Closing... done
Reseting Database... done
1
New map created with 262 points for 0 Feature Type 
New map created with 241 points for 1 Feature Type 
Tracking Initlized in 2.01s
The initlized frame ID: 1
Track lost soon after initialisation, reseting...
System Reseting
Reseting Local Mapper... done
Reseting Loop Closing... done
Reseting Database... done
1
New map created with 212 points for 0 Feature Type 
New map created with 208 points for 1 Feature Type 
Tracking Initlized in 2.24s
The initlized frame ID: 1
Track lost soon after initialisation, reseting...
System Reseting
Reseting Local Mapper... done
Reseting Loop Closing... done
Reseting Database... done
1
New map created with 197 points for 0 Feature Type 
New map created with 184 points for 1 Feature Type 
Tracking Initlized in 2.54s
The initlized frame ID: 1
Track lost soon after initialisation, reseting...
System Reseting
Reseting Local Mapper... done
Reseting Loop Closing... done
Reseting Database... done
0
New map created with 560 points for 0 Feature Type 
New map created with 239 points for 1 Feature Type 
Tracking Initlized in 4.08s
The initlized frame ID: 2
Track lost soon after initialisation, reseting...
System Reseting
Reseting Local Mapper... done
Reseting Loop Closing... done
Reseting Database... done
0
New map created with 507 points for 0 Feature Type 
New map created with 285 points for 1 Feature Type 
Tracking Initlized in 4.02s
The initlized frame ID: 2
Track lost soon after initialisation, reseting...
System Reseting
Reseting Local Mapper... done
Reseting Loop Closing... done
Reseting Database... done
0
New map created with 460 points for 0 Feature Type 
New map created with 265 points for 1 Feature Type 
Tracking Initlized in 3.66s
The initlized frame ID: 2
Track lost soon after initialisation, reseting...
System Reseting
Reseting Local Mapper... done
Reseting Loop Closing... done
Reseting Database... done
1
New map created with 413 points for 0 Feature Type 
New map created with 236 points for 1 Feature Type 
Tracking Initlized in 2.00s
The initlized frame ID: 1
Track lost soon after initialisation, reseting...
System Reseting
Reseting Local Mapper... done
Reseting Loop Closing... done
Reseting Database... done
0
New map created with 484 points for 0 Feature Type 
New map created with 294 points for 1 Feature Type 
Tracking Initlized in 2.52s
The initlized frame ID: 1
Track lost soon after initialisation, reseting...
System Reseting
Reseting Local Mapper... done
Reseting Loop Closing... done
Reseting Database... done
0
New map created with 503 points for 0 Feature Type 
New map created with 274 points for 1 Feature Type 
Tracking Initlized in 2.02s
The initlized frame ID: 1
Track lost soon after initialisation, reseting...
System Reseting
Reseting Local Mapper... done
Reseting Loop Closing... done
Reseting Database... done
0
New map created with 559 points for 0 Feature Type 
New map created with 304 points for 1 Feature Type 
Tracking Initlized in 2.08s
The initlized frame ID: 1
Track lost soon after initialisation, reseting...
System Reseting
Reseting Local Mapper... done
Reseting Loop Closing... done
Reseting Database... done
1
New map created with 321 points for 0 Feature Type 
New map created with 214 points for 1 Feature Type 
Tracking Initlized in 2.18s
The initlized frame ID: 1
Track lost soon after initialisation, reseting...
System Reseting
Reseting Local Mapper... done
Reseting Loop Closing... done
Reseting Database... done
0
New map created with 635 points for 0 Feature Type 
New map created with 262 points for 1 Feature Type 
Tracking Initlized in 4.10s
The initlized frame ID: 2
Track lost soon after initialisation, reseting...
System Reseting
Reseting Local Mapper... done
Reseting Loop Closing... done
Reseting Database... done
0
New map created with 696 points for 0 Feature Type 
New map created with 278 points for 1 Feature Type 
Tracking Initlized in 4.31s
The initlized frame ID: 2
Track lost soon after initialisation, reseting...
System Reseting
Reseting Local Mapper... done
Reseting Loop Closing... done
Reseting Database... done
0
New map created with 578 points for 0 Feature Type 
New map created with 227 points for 1 Feature Type 
Tracking Initlized in 3.88s
The initlized frame ID: 2
Track lost soon after initialisation, reseting...
System Reseting
Reseting Local Mapper... done
Reseting Loop Closing... done
Reseting Database... done
0
New map created with 430 points for 0 Feature Type 
New map created with 241 points for 1 Feature Type 
Tracking Initlized in 3.82s
The initlized frame ID: 2
Track lost soon after initialisation, reseting...
System Reseting
Reseting Local Mapper... done
Reseting Loop Closing... done
Reseting Database... done
0
New map created with 730 points for 0 Feature Type 
New map created with 289 points for 1 Feature Type 
Tracking Initlized in 4.15s
The initlized frame ID: 2
Track lost soon after initialisation, reseting...
System Reseting
Reseting Local Mapper... done
Reseting Loop Closing... done
Reseting Database... done
0
New map created with 687 points for 0 Feature Type 
New map created with 320 points for 1 Feature Type 
Tracking Initlized in 4.04s
The initlized frame ID: 2
Track lost soon after initialisation, reseting...
System Reseting
Reseting Local Mapper... done
Reseting Loop Closing... done
Reseting Database... done
0
New map created with 717 points for 0 Feature Type 
New map created with 287 points for 1 Feature Type 
Tracking Initlized in 3.78s
The initlized frame ID: 2
Track lost soon after initialisation, reseting...
System Reseting
Reseting Local Mapper... done
Reseting Loop Closing... done
Reseting Database... done
0
New map created with 576 points for 0 Feature Type 
New map created with 196 points for 1 Feature Type 
Tracking Initlized in 2.40s
The initlized frame ID: 1
Track lost soon after initialisation, reseting...
System Reseting
Reseting Local Mapper... done
Reseting Loop Closing... done
Reseting Database... done
0
New map created with 697 points for 0 Feature Type 
New map created with 268 points for 1 Feature Type 
Tracking Initlized in 3.87s
The initlized frame ID: 2
Track lost soon after initialisation, reseting...
System Reseting
Reseting Local Mapper... done
Reseting Loop Closing... done
Reseting Database... done
0
New map created with 717 points for 0 Feature Type 
New map created with 246 points for 1 Feature Type 
Tracking Initlized in 3.83s
The initlized frame ID: 2
Track lost soon after initialisation, reseting...
System Reseting
Reseting Local Mapper... done
Reseting Loop Closing... done
Reseting Database... done
0
New map created with 725 points for 0 Feature Type 
New map created with 291 points for 1 Feature Type 
Tracking Initlized in 3.87s
The initlized frame ID: 2
Track lost soon after initialisation, reseting...
System Reseting
Reseting Local Mapper... done
Reseting Loop Closing... done
Reseting Database... done
0
New map created with 701 points for 0 Feature Type 
New map created with 248 points for 1 Feature Type 
Tracking Initlized in 4.14s
The initlized frame ID: 2
Track lost soon after initialisation, reseting...
System Reseting
Reseting Local Mapper... done
Reseting Loop Closing... done
Reseting Database... done
0
New map created with 656 points for 0 Feature Type 
New map created with 270 points for 1 Feature Type 
Tracking Initlized in 3.72s
The initlized frame ID: 2
Track lost soon after initialisation, reseting...
System Reseting
Reseting Local Mapper... done
Reseting Loop Closing... done
Reseting Database... done
0
New map created with 679 points for 0 Feature Type 
New map created with 254 points for 1 Feature Type 
Tracking Initlized in 3.85s
The initlized frame ID: 2
Track lost soon after initialisation, reseting...
System Reseting
Reseting Local Mapper... done
Reseting Loop Closing... done
Reseting Database... done
0
New map created with 667 points for 0 Feature Type 
New map created with 253 points for 1 Feature Type 
Tracking Initlized in 3.76s
The initlized frame ID: 2
Track lost soon after initialisation, reseting...
System Reseting
Reseting Local Mapper... done
Reseting Loop Closing... done
Reseting Database... done
0
New map created with 640 points for 0 Feature Type 
New map created with 242 points for 1 Feature Type 
Tracking Initlized in 3.87s
The initlized frame ID: 2
Track lost soon after initialisation, reseting...
System Reseting
Reseting Local Mapper... done
Reseting Loop Closing... done
Reseting Database... done
0
New map created with 673 points for 0 Feature Type 
New map created with 252 points for 1 Feature Type 
Tracking Initlized in 3.33s
The initlized frame ID: 2
Track lost soon after initialisation, reseting...
System Reseting
Reseting Local Mapper... done
Reseting Loop Closing... done
Reseting Database... done
0
New map created with 744 points for 0 Feature Type 
New map created with 243 points for 1 Feature Type 
Tracking Initlized in 4.42s
The initlized frame ID: 2
Track lost soon after initialisation, reseting...
System Reseting
Reseting Local Mapper... done
Reseting Loop Closing... done
Reseting Database... done
0
New map created with 717 points for 0 Feature Type 
New map created with 259 points for 1 Feature Type 
Tracking Initlized in 3.74s
The initlized frame ID: 2
Track lost soon after initialisation, reseting...
System Reseting
Reseting Local Mapper... done
Reseting Loop Closing... done
Reseting Database... done
0
New map created with 748 points for 0 Feature Type 
New map created with 288 points for 1 Feature Type 
Tracking Initlized in 4.03s
The initlized frame ID: 2
Track lost soon after initialisation, reseting...
System Reseting
Reseting Local Mapper... done
Reseting Loop Closing... done
Reseting Database... done
0
New map created with 762 points for 0 Feature Type 
New map created with 218 points for 1 Feature Type 
Tracking Initlized in 3.52s
The initlized frame ID: 2
Track lost soon after initialisation, reseting...
System Reseting
Reseting Local Mapper... done
Reseting Loop Closing... done
Reseting Database... done
0
New map created with 814 points for 0 Feature Type 
New map created with 230 points for 1 Feature Type 
Tracking Initlized in 3.58s
The initlized frame ID: 2
Track lost soon after initialisation, reseting...
System Reseting
Reseting Local Mapper... done
Reseting Loop Closing... done
Reseting Database... done
0
New map created with 696 points for 0 Feature Type 
New map created with 218 points for 1 Feature Type 
Tracking Initlized in 3.75s
The initlized frame ID: 2
Track lost soon after initialisation, reseting...
System Reseting
Reseting Local Mapper... done
Reseting Loop Closing... done
Reseting Database... done
0
New map created with 744 points for 0 Feature Type 
New map created with 224 points for 1 Feature Type 
Tracking Initlized in 3.56s
The initlized frame ID: 2
Track lost soon after initialisation, reseting...
System Reseting
Reseting Local Mapper... done
Reseting Loop Closing... done
Reseting Database... done
0
New map created with 687 points for 0 Feature Type 
New map created with 194 points for 1 Feature Type 
Tracking Initlized in 3.46s
The initlized frame ID: 2
Track lost soon after initialisation, reseting...
System Reseting
Reseting Local Mapper... done
Reseting Loop Closing... done
Reseting Database... done
0
New map created with 749 points for 0 Feature Type 
New map created with 179 points for 1 Feature Type 
Tracking Initlized in 4.07s
The initlized frame ID: 2
Track lost soon after initialisation, reseting...
System Reseting
Reseting Local Mapper... done
Reseting Loop Closing... done
Reseting Database... done
0
New map created with 714 points for 0 Feature Type 
New map created with 175 points for 1 Feature Type 
Tracking Initlized in 3.45s
The initlized frame ID: 2
Track lost soon after initialisation, reseting...
System Reseting
Reseting Local Mapper... done
Reseting Loop Closing... done
Reseting Database... done
0
New map created with 599 points for 0 Feature Type 
New map created with 160 points for 1 Feature Type 
Tracking Initlized in 3.64s
The initlized frame ID: 2
Track lost soon after initialisation, reseting...
System Reseting
Reseting Local Mapper... done
Reseting Loop Closing... done
Reseting Database... done
0
New map created with 602 points for 0 Feature Type 
New map created with 90 points for 1 Feature Type 
Tracking Initlized in 2.26s
The initlized frame ID: 1
Track lost soon after initialisation, reseting...
System Reseting
Reseting Local Mapper... done
Reseting Loop Closing... done
Reseting Database... done
0
New map created with 640 points for 0 Feature Type 
New map created with 82 points for 1 Feature Type 
Tracking Initlized in 1.91s
The initlized frame ID: 1
Track lost soon after initialisation, reseting...
System Reseting
Reseting Local Mapper... done
Reseting Loop Closing... done
Reseting Database... done
0
New map created with 524 points for 0 Feature Type 
New map created with 75 points for 1 Feature Type 
Tracking Initlized in 3.58s
The initlized frame ID: 2
Track lost soon after initialisation, reseting...
System Reseting
Reseting Local Mapper... done
Reseting Loop Closing... done
Reseting Database... done
0
New map created with 603 points for 0 Feature Type 
New map created with 72 points for 1 Feature Type 
Tracking Initlized in 2.06s
The initlized frame ID: 1
Track lost soon after initialisation, reseting...
System Reseting
Reseting Local Mapper... done
Reseting Loop Closing... done
Reseting Database... done
0
New map created with 567 points for 0 Feature Type 
New map created with 76 points for 1 Feature Type 
Tracking Initlized in 4.33s
The initlized frame ID: 2
Track lost soon after initialisation, reseting...
System Reseting
Reseting Local Mapper... done
Reseting Loop Closing... done
Reseting Database... done
1
New map created with 762 points for 0 Feature Type 
New map created with 338 points for 1 Feature Type 
Tracking Initlized in 4.13s
The initlized frame ID: 2
The lost frame ID: 68
The lost frame ID: 69
The lost frame ID: 70
The lost frame ID: 71
The lost frame ID: 72
The lost frame ID: 73
The lost frame ID: 74
The lost frame ID: 75
The lost frame ID: 76

Saving camera trajectory to TrajectoryBeforeReset_oxf_sft_spp_r11_seg02_pid3958231_1757552593734.txt ...

trajectory saved!
[Tracking] wrote pre-reset trajectory to TrajectoryBeforeReset_oxf_sft_spp_r11_seg02_pid3958231_1757552593734.txt
[Tracking] LOST for 10 consecutive frames -> reset
System Reseting
Reseting Local Mapper... done
Reseting Loop Closing... done
Reseting Database... done
0
New map created with 207 points for 0 Feature Type 
New map created with 75 points for 1 Feature Type 
Tracking Initlized in 5.04s
The initlized frame ID: 3
Track lost soon after initialisation, reseting...
System Reseting
Reseting Local Mapper... done
Reseting Loop Closing... done
Reseting Database... done
0
New map created with 1045 points for 0 Feature Type 
New map created with 254 points for 1 Feature Type 
Tracking Initlized in 3707.47s
The initlized frame ID: 2144
Track lost soon after initialisation, reseting...
System Reseting
Reseting Local Mapper... done
Reseting Loop Closing... done
Reseting Database... done
0
New map created with 1125 points for 0 Feature Type 
New map created with 247 points for 1 Feature Type 
Tracking Initlized in 1.84s
The initlized frame ID: 1
Track lost soon after initialisation, reseting...
System Reseting
Reseting Local Mapper... done
Reseting Loop Closing... done
Reseting Database... done
0
New map created with 1207 points for 0 Feature Type 
New map created with 283 points for 1 Feature Type 
Tracking Initlized in 2.24s
The initlized frame ID: 1
Track lost soon after initialisation, reseting...
System Reseting
Reseting Local Mapper... done
Reseting Loop Closing... done
Reseting Database... done
0
New map created with 1143 points for 0 Feature Type 
New map created with 267 points for 1 Feature Type 
Tracking Initlized in 1.96s
The initlized frame ID: 1
Track lost soon after initialisation, reseting...
System Reseting
Reseting Local Mapper... done
Reseting Loop Closing... done
Reseting Database... done
0
New map created with 1175 points for 0 Feature Type 
New map created with 313 points for 1 Feature Type 
Tracking Initlized in 2.03s
The initlized frame ID: 1
Track lost soon after initialisation, reseting...
System Reseting
Reseting Local Mapper... done
Reseting Loop Closing... done
Reseting Database... done
0
New map created with 1173 points for 0 Feature Type 
New map created with 322 points for 1 Feature Type 
Tracking Initlized in 2.08s
The initlized frame ID: 1
Track lost soon after initialisation, reseting...
System Reseting
Reseting Local Mapper... done
Reseting Loop Closing... done
Reseting Database... done
0
New map created with 1233 points for 0 Feature Type 
New map created with 334 points for 1 Feature Type 
Tracking Initlized in 2.12s
The initlized frame ID: 1
Track lost soon after initialisation, reseting...
System Reseting
Reseting Local Mapper... done
Reseting Loop Closing... done
Reseting Database... done
0
New map created with 1164 points for 0 Feature Type 
New map created with 328 points for 1 Feature Type 
Tracking Initlized in 1.80s
The initlized frame ID: 1
Track lost soon after initialisation, reseting...
System Reseting
Reseting Local Mapper... done
Reseting Loop Closing... done
Reseting Database... done
0
New map created with 1126 points for 0 Feature Type 
New map created with 320 points for 1 Feature Type 
Tracking Initlized in 1.91s
The initlized frame ID: 1
Track lost soon after initialisation, reseting...
System Reseting
Reseting Local Mapper... done
Reseting Loop Closing... done
Reseting Database... done
0
New map created with 1152 points for 0 Feature Type 
New map created with 303 points for 1 Feature Type 
Tracking Initlized in 1.88s
The initlized frame ID: 1
Track lost soon after initialisation, reseting...
System Reseting
Reseting Local Mapper... done
Reseting Loop Closing... done
Reseting Database... done
0
New map created with 1088 points for 0 Feature Type 
New map created with 288 points for 1 Feature Type 
Tracking Initlized in 2.00s
The initlized frame ID: 1
Track lost soon after initialisation, reseting...
System Reseting
Reseting Local Mapper... done
Reseting Loop Closing... done
Reseting Database... done
0
New map created with 993 points for 0 Feature Type 
New map created with 233 points for 1 Feature Type 
Tracking Initlized in 1.99s
The initlized frame ID: 1
Track lost soon after initialisation, reseting...
System Reseting
Reseting Local Mapper... done
Reseting Loop Closing... done
Reseting Database... done
0
New map created with 882 points for 0 Feature Type 
New map created with 263 points for 1 Feature Type 
Tracking Initlized in 2.17s
The initlized frame ID: 1
Track lost soon after initialisation, reseting...
System Reseting
Reseting Local Mapper... done
Reseting Loop Closing... done
Reseting Database... done
0
New map created with 869 points for 0 Feature Type 
New map created with 253 points for 1 Feature Type 
Tracking Initlized in 2.05s
The initlized frame ID: 1
Track lost soon after initialisation, reseting...
System Reseting
Reseting Local Mapper... done
Reseting Loop Closing... done
Reseting Database... done
0
New map created with 814 points for 0 Feature Type 
New map created with 299 points for 1 Feature Type 
Tracking Initlized in 1.92s
The initlized frame ID: 1
Track lost soon after initialisation, reseting...
System Reseting
Reseting Local Mapper... done
Reseting Loop Closing... done
Reseting Database... done
0
New map created with 829 points for 0 Feature Type 
New map created with 269 points for 1 Feature Type 
Tracking Initlized in 2.44s
The initlized frame ID: 1
Track lost soon after initialisation, reseting...
System Reseting
Reseting Local Mapper... done
Reseting Loop Closing... done
Reseting Database... done
0
New map created with 821 points for 0 Feature Type 
New map created with 241 points for 1 Feature Type 
Tracking Initlized in 1.95s
The initlized frame ID: 1
Track lost soon after initialisation, reseting...
System Reseting
Reseting Local Mapper... done
Reseting Loop Closing... done
Reseting Database... done
0
New map created with 805 points for 0 Feature Type 
New map created with 260 points for 1 Feature Type 
Tracking Initlized in 1.61s
The initlized frame ID: 1
Track lost soon after initialisation, reseting...
System Reseting
Reseting Local Mapper... done
Reseting Loop Closing... done
Reseting Database... done
0
New map created with 738 points for 0 Feature Type 
New map created with 261 points for 1 Feature Type 
Tracking Initlized in 2.28s
The initlized frame ID: 1
Track lost soon after initialisation, reseting...
System Reseting
Reseting Local Mapper... done
Reseting Loop Closing... done
Reseting Database... done
0
New map created with 847 points for 0 Feature Type 
New map created with 239 points for 1 Feature Type 
Tracking Initlized in 1.79s
The initlized frame ID: 1
Track lost soon after initialisation, reseting...
System Reseting
Reseting Local Mapper... done
Reseting Loop Closing... done
Reseting Database... done
0
New map created with 757 points for 0 Feature Type 
New map created with 242 points for 1 Feature Type 
Tracking Initlized in 1.86s
The initlized frame ID: 1
Track lost soon after initialisation, reseting...
System Reseting
Reseting Local Mapper... done
Reseting Loop Closing... done
Reseting Database... done
0
New map created with 789 points for 0 Feature Type 
New map created with 222 points for 1 Feature Type 
Tracking Initlized in 2.49s
The initlized frame ID: 1
Track lost soon after initialisation, reseting...
System Reseting
Reseting Local Mapper... done
Reseting Loop Closing... done
Reseting Database... done
0
New map created with 772 points for 0 Feature Type 
New map created with 213 points for 1 Feature Type 
Tracking Initlized in 2.13s
The initlized frame ID: 1
Track lost soon after initialisation, reseting...
System Reseting
Reseting Local Mapper... done
Reseting Loop Closing... done
Reseting Database... done
0
New map created with 781 points for 0 Feature Type 
New map created with 229 points for 1 Feature Type 
Tracking Initlized in 1.92s
The initlized frame ID: 1
Track lost soon after initialisation, reseting...
System Reseting
Reseting Local Mapper... done
Reseting Loop Closing... done
Reseting Database... done
0
New map created with 720 points for 0 Feature Type 
New map created with 220 points for 1 Feature Type 
Tracking Initlized in 1.67s
The initlized frame ID: 1
Track lost soon after initialisation, reseting...
System Reseting
Reseting Local Mapper... done
Reseting Loop Closing... done
Reseting Database... done
0
New map created with 660 points for 0 Feature Type 
New map created with 191 points for 1 Feature Type 
Tracking Initlized in 1.90s
The initlized frame ID: 1
Track lost soon after initialisation, reseting...
System Reseting
Reseting Local Mapper... done
Reseting Loop Closing... done
Reseting Database... done
0
New map created with 633 points for 0 Feature Type 
New map created with 213 points for 1 Feature Type 
Tracking Initlized in 1.71s
The initlized frame ID: 1
Track lost soon after initialisation, reseting...
System Reseting
Reseting Local Mapper... done
Reseting Loop Closing... done
Reseting Database... done
0
New map created with 719 points for 0 Feature Type 
New map created with 198 points for 1 Feature Type 
Tracking Initlized in 1.73s
The initlized frame ID: 1
Track lost soon after initialisation, reseting...
System Reseting
Reseting Local Mapper... done
Reseting Loop Closing... done
Reseting Database... done
0
New map created with 662 points for 0 Feature Type 
New map created with 146 points for 1 Feature Type 
Tracking Initlized in 2.23s
The initlized frame ID: 1
Track lost soon after initialisation, reseting...
System Reseting
Reseting Local Mapper... done
Reseting Loop Closing... done
Reseting Database... done
0
New map created with 720 points for 0 Feature Type 
New map created with 195 points for 1 Feature Type 
Tracking Initlized in 2.17s
The initlized frame ID: 1
Track lost soon after initialisation, reseting...
System Reseting
Reseting Local Mapper... done
Reseting Loop Closing... done
Reseting Database... done
0
New map created with 799 points for 0 Feature Type 
New map created with 208 points for 1 Feature Type 
Tracking Initlized in 1.84s
The initlized frame ID: 1
Track lost soon after initialisation, reseting...
System Reseting
Reseting Local Mapper... done
Reseting Loop Closing... done
Reseting Database... done
0
New map created with 761 points for 0 Feature Type 
New map created with 206 points for 1 Feature Type 
Tracking Initlized in 1.84s
The initlized frame ID: 1
Track lost soon after initialisation, reseting...
System Reseting
Reseting Local Mapper... done
Reseting Loop Closing... done
Reseting Database... done
0
New map created with 718 points for 0 Feature Type 
New map created with 166 points for 1 Feature Type 
Tracking Initlized in 1.92s
The initlized frame ID: 1
Track lost soon after initialisation, reseting...
System Reseting
Reseting Local Mapper... done
Reseting Loop Closing... done
Reseting Database... done
0
New map created with 626 points for 0 Feature Type 
New map created with 164 points for 1 Feature Type 
Tracking Initlized in 1.75s
The initlized frame ID: 1
Track lost soon after initialisation, reseting...
System Reseting
Reseting Local Mapper... done
Reseting Loop Closing... done
Reseting Database... done
0
New map created with 752 points for 0 Feature Type 
New map created with 189 points for 1 Feature Type 
Tracking Initlized in 2.01s
The initlized frame ID: 1
Track lost soon after initialisation, reseting...
System Reseting
Reseting Local Mapper... done
Reseting Loop Closing... done
Reseting Database... done
0
New map created with 761 points for 0 Feature Type 
New map created with 191 points for 1 Feature Type 
Tracking Initlized in 1.89s
The initlized frame ID: 1
Track lost soon after initialisation, reseting...
System Reseting
Reseting Local Mapper... done
Reseting Loop Closing... done
Reseting Database... done
0
New map created with 717 points for 0 Feature Type 
New map created with 198 points for 1 Feature Type 
Tracking Initlized in 2.18s
The initlized frame ID: 1
Track lost soon after initialisation, reseting...
System Reseting
Reseting Local Mapper... done
Reseting Loop Closing... done
Reseting Database... done
0
New map created with 719 points for 0 Feature Type 
New map created with 225 points for 1 Feature Type 
Tracking Initlized in 2.11s
The initlized frame ID: 1
Track lost soon after initialisation, reseting...
System Reseting
Reseting Local Mapper... done
Reseting Loop Closing... done
Reseting Database... done
0
New map created with 764 points for 0 Feature Type 
New map created with 248 points for 1 Feature Type 
Tracking Initlized in 2.08s
The initlized frame ID: 1
Track lost soon after initialisation, reseting...
System Reseting
Reseting Local Mapper... done
Reseting Loop Closing... done
Reseting Database... done
0
New map created with 758 points for 0 Feature Type 
New map created with 252 points for 1 Feature Type 
Tracking Initlized in 2.21s
The initlized frame ID: 1
Track lost soon after initialisation, reseting...
System Reseting
Reseting Local Mapper... done
Reseting Loop Closing... done
Reseting Database... done
0
New map created with 687 points for 0 Feature Type 
New map created with 233 points for 1 Feature Type 
Tracking Initlized in 2.28s
The initlized frame ID: 1
Track lost soon after initialisation, reseting...
System Reseting
Reseting Local Mapper... done
Reseting Loop Closing... done
Reseting Database... done
0
New map created with 671 points for 0 Feature Type 
New map created with 264 points for 1 Feature Type 
Tracking Initlized in 2.08s
The initlized frame ID: 1
Track lost soon after initialisation, reseting...
System Reseting
Reseting Local Mapper... done
Reseting Loop Closing... done
Reseting Database... done
0
New map created with 797 points for 0 Feature Type 
New map created with 267 points for 1 Feature Type 
Tracking Initlized in 1.87s
The initlized frame ID: 1
Track lost soon after initialisation, reseting...
System Reseting
Reseting Local Mapper... done
Reseting Loop Closing... done
Reseting Database... done
0
New map created with 928 points for 0 Feature Type 
New map created with 312 points for 1 Feature Type 
Tracking Initlized in 2.12s
The initlized frame ID: 1
Track lost soon after initialisation, reseting...
System Reseting
Reseting Local Mapper... done
Reseting Loop Closing... done
Reseting Database... done
0
New map created with 890 points for 0 Feature Type 
New map created with 309 points for 1 Feature Type 
Tracking Initlized in 1.88s
The initlized frame ID: 1
Track lost soon after initialisation, reseting...
System Reseting
Reseting Local Mapper... done
Reseting Loop Closing... done
Reseting Database... done
0
New map created with 1092 points for 0 Feature Type 
New map created with 346 points for 1 Feature Type 
Tracking Initlized in 1.89s
The initlized frame ID: 1
Track lost soon after initialisation, reseting...
System Reseting
Reseting Local Mapper... done
Reseting Loop Closing... done
Reseting Database... done
0
New map created with 964 points for 0 Feature Type 
New map created with 330 points for 1 Feature Type 
Tracking Initlized in 2.21s
The initlized frame ID: 1
Track lost soon after initialisation, reseting...
System Reseting
Reseting Local Mapper... done
Reseting Loop Closing... done
Reseting Database... done
0
New map created with 987 points for 0 Feature Type 
New map created with 372 points for 1 Feature Type 
Tracking Initlized in 1.92s
The initlized frame ID: 1
Track lost soon after initialisation, reseting...
System Reseting
Reseting Local Mapper... done
Reseting Loop Closing... done
Reseting Database... done
0
New map created with 998 points for 0 Feature Type 
New map created with 335 points for 1 Feature Type 
Tracking Initlized in 2.09s
The initlized frame ID: 1
Track lost soon after initialisation, reseting...
System Reseting
Reseting Local Mapper... done
Reseting Loop Closing... done
Reseting Database... done
0
New map created with 1084 points for 0 Feature Type 
New map created with 314 points for 1 Feature Type 
Tracking Initlized in 2.06s
The initlized frame ID: 1
Track lost soon after initialisation, reseting...
System Reseting
Reseting Local Mapper... done
Reseting Loop Closing... done
Reseting Database... done
0
New map created with 1067 points for 0 Feature Type 
New map created with 358 points for 1 Feature Type 
Tracking Initlized in 2.28s
The initlized frame ID: 1
Track lost soon after initialisation, reseting...
System Reseting
Reseting Local Mapper... done
Reseting Loop Closing... done
Reseting Database... done
0
New map created with 972 points for 0 Feature Type 
New map created with 344 points for 1 Feature Type 
Tracking Initlized in 1.91s
The initlized frame ID: 1
Track lost soon after initialisation, reseting...
System Reseting
Reseting Local Mapper... done
Reseting Loop Closing... done
Reseting Database... done
0
New map created with 904 points for 0 Feature Type 
New map created with 313 points for 1 Feature Type 
Tracking Initlized in 1.91s
The initlized frame ID: 1
Track lost soon after initialisation, reseting...
System Reseting
Reseting Local Mapper... done
Reseting Loop Closing... done
Reseting Database... done
0
New map created with 923 points for 0 Feature Type 
New map created with 311 points for 1 Feature Type 
Tracking Initlized in 2.19s
The initlized frame ID: 1
Track lost soon after initialisation, reseting...
System Reseting
Reseting Local Mapper... done
Reseting Loop Closing... done
Reseting Database... done
0
New map created with 890 points for 0 Feature Type 
New map created with 298 points for 1 Feature Type 
Tracking Initlized in 1.99s
The initlized frame ID: 1
Track lost soon after initialisation, reseting...
System Reseting
Reseting Local Mapper... done
Reseting Loop Closing... done
Reseting Database... done
0
New map created with 782 points for 0 Feature Type 
New map created with 279 points for 1 Feature Type 
Tracking Initlized in 2.22s
The initlized frame ID: 1
Track lost soon after initialisation, reseting...
System Reseting
Reseting Local Mapper... done
Reseting Loop Closing... done
Reseting Database... done
0
New map created with 837 points for 0 Feature Type 
New map created with 246 points for 1 Feature Type 
Tracking Initlized in 1.87s
The initlized frame ID: 1
Track lost soon after initialisation, reseting...
System Reseting
Reseting Local Mapper... done
Reseting Loop Closing... done
Reseting Database... done
0
New map created with 829 points for 0 Feature Type 
New map created with 252 points for 1 Feature Type 
Tracking Initlized in 2.20s
The initlized frame ID: 1
Track lost soon after initialisation, reseting...
System Reseting
Reseting Local Mapper... done
Reseting Loop Closing... done
Reseting Database... done
0
New map created with 680 points for 0 Feature Type 
New map created with 225 points for 1 Feature Type 
Tracking Initlized in 2.10s
The initlized frame ID: 1
Track lost soon after initialisation, reseting...
System Reseting
Reseting Local Mapper... done
Reseting Loop Closing... done
Reseting Database... done
0
New map created with 619 points for 0 Feature Type 
New map created with 202 points for 1 Feature Type 
Tracking Initlized in 2.18s
The initlized frame ID: 1
Track lost soon after initialisation, reseting...
System Reseting
Reseting Local Mapper... done
Reseting Loop Closing... done
Reseting Database... done
0
New map created with 807 points for 0 Feature Type 
New map created with 241 points for 1 Feature Type 
Tracking Initlized in 2.32s
The initlized frame ID: 1
Track lost soon after initialisation, reseting...
System Reseting
Reseting Local Mapper... done
Reseting Loop Closing... done
Reseting Database... done
0
New map created with 942 points for 0 Feature Type 
New map created with 292 points for 1 Feature Type 
Tracking Initlized in 2.34s
The initlized frame ID: 1
Track lost soon after initialisation, reseting...
System Reseting
Reseting Local Mapper... done
Reseting Loop Closing... done
Reseting Database... done
0
New map created with 979 points for 0 Feature Type 
New map created with 301 points for 1 Feature Type 
Tracking Initlized in 2.41s
The initlized frame ID: 1
Track lost soon after initialisation, reseting...
System Reseting
Reseting Local Mapper... done
Reseting Loop Closing... done
Reseting Database... done
0
New map created with 889 points for 0 Feature Type 
New map created with 354 points for 1 Feature Type 
Tracking Initlized in 2.06s
The initlized frame ID: 1
Track lost soon after initialisation, reseting...
System Reseting
Reseting Local Mapper... done
Reseting Loop Closing... done
Reseting Database... done
0
New map created with 829 points for 0 Feature Type 
New map created with 351 points for 1 Feature Type 
Tracking Initlized in 1.93s
The initlized frame ID: 1
Track lost soon after initialisation, reseting...
System Reseting
Reseting Local Mapper... done
Reseting Loop Closing... done
Reseting Database... done
0
New map created with 786 points for 0 Feature Type 
New map created with 351 points for 1 Feature Type 
Tracking Initlized in 2.18s
The initlized frame ID: 1
Track lost soon after initialisation, reseting...
System Reseting
Reseting Local Mapper... done
Reseting Loop Closing... done
Reseting Database... done
0
New map created with 714 points for 0 Feature Type 
New map created with 340 points for 1 Feature Type 
Tracking Initlized in 2.37s
The initlized frame ID: 1
Track lost soon after initialisation, reseting...
System Reseting
Reseting Local Mapper... done
Reseting Loop Closing... done
Reseting Database... done
0
New map created with 696 points for 0 Feature Type 
New map created with 307 points for 1 Feature Type 
Tracking Initlized in 2.28s
The initlized frame ID: 1
Track lost soon after initialisation, reseting...
System Reseting
Reseting Local Mapper... done
Reseting Loop Closing... done
Reseting Database... done
0
New map created with 633 points for 0 Feature Type 
New map created with 310 points for 1 Feature Type 
Tracking Initlized in 1.79s
The initlized frame ID: 1
Track lost soon after initialisation, reseting...
System Reseting
Reseting Local Mapper... done
Reseting Loop Closing... done
Reseting Database... done
0
New map created with 647 points for 0 Feature Type 
New map created with 279 points for 1 Feature Type 
Tracking Initlized in 2.34s
The initlized frame ID: 1
Track lost soon after initialisation, reseting...
System Reseting
Reseting Local Mapper... done
Reseting Loop Closing... done
Reseting Database... done
0
New map created with 676 points for 0 Feature Type 
New map created with 280 points for 1 Feature Type 
Tracking Initlized in 2.41s
The initlized frame ID: 1
Track lost soon after initialisation, reseting...
System Reseting
Reseting Local Mapper... done
Reseting Loop Closing... done
Reseting Database... done
0
New map created with 681 points for 0 Feature Type 
New map created with 290 points for 1 Feature Type 
Tracking Initlized in 2.53s
The initlized frame ID: 1
Track lost soon after initialisation, reseting...
System Reseting
Reseting Local Mapper... done
Reseting Loop Closing... done
Reseting Database... done
0
New map created with 759 points for 0 Feature Type 
New map created with 326 points for 1 Feature Type 
Tracking Initlized in 1.95s
The initlized frame ID: 1
Track lost soon after initialisation, reseting...
System Reseting
Reseting Local Mapper... done
Reseting Loop Closing... done
Reseting Database... done
0
New map created with 1023 points for 0 Feature Type 
New map created with 375 points for 1 Feature Type 
Tracking Initlized in 2.17s
The initlized frame ID: 1
Track lost soon after initialisation, reseting...
System Reseting
Reseting Local Mapper... done
Reseting Loop Closing... done
Reseting Database... done
0
New map created with 1050 points for 0 Feature Type 
New map created with 361 points for 1 Feature Type 
Tracking Initlized in 2.08s
The initlized frame ID: 1
Track lost soon after initialisation, reseting...
System Reseting
Reseting Local Mapper... done
Reseting Loop Closing... done
Reseting Database... done
0
New map created with 1042 points for 0 Feature Type 
New map created with 355 points for 1 Feature Type 
Tracking Initlized in 2.42s
The initlized frame ID: 1
Track lost soon after initialisation, reseting...
System Reseting
Reseting Local Mapper... done
Reseting Loop Closing... done
Reseting Database... done
0
New map created with 850 points for 0 Feature Type 
New map created with 307 points for 1 Feature Type 
Tracking Initlized in 2.69s
The initlized frame ID: 1
Track lost soon after initialisation, reseting...
System Reseting
Reseting Local Mapper... done
Reseting Loop Closing... done
Reseting Database... done
0
New map created with 897 points for 0 Feature Type 
New map created with 276 points for 1 Feature Type 
Tracking Initlized in 2.05s
The initlized frame ID: 1
Track lost soon after initialisation, reseting...
System Reseting
Reseting Local Mapper... done
Reseting Loop Closing... done
Reseting Database... done
0
New map created with 893 points for 0 Feature Type 
New map created with 311 points for 1 Feature Type 
Tracking Initlized in 1.95s
The initlized frame ID: 1
Track lost soon after initialisation, reseting...
System Reseting
Reseting Local Mapper... done
Reseting Loop Closing... done
Reseting Database... done
0
New map created with 822 points for 0 Feature Type 
New map created with 275 points for 1 Feature Type 
Tracking Initlized in 2.21s
The initlized frame ID: 1
Track lost soon after initialisation, reseting...
System Reseting
Reseting Local Mapper... done
Reseting Loop Closing... done
Reseting Database... done
0
New map created with 823 points for 0 Feature Type 
New map created with 293 points for 1 Feature Type 
Tracking Initlized in 2.10s
The initlized frame ID: 1
Track lost soon after initialisation, reseting...
System Reseting
Reseting Local Mapper... done
Reseting Loop Closing... done
Reseting Database... done
0
New map created with 789 points for 0 Feature Type 
New map created with 305 points for 1 Feature Type 
Tracking Initlized in 1.96s
The initlized frame ID: 1
Track lost soon after initialisation, reseting...
System Reseting
Reseting Local Mapper... done
Reseting Loop Closing... done
Reseting Database... done
0
New map created with 737 points for 0 Feature Type 
New map created with 367 points for 1 Feature Type 
Tracking Initlized in 2.23s
The initlized frame ID: 1
Track lost soon after initialisation, reseting...
System Reseting
Reseting Local Mapper... done
Reseting Loop Closing... done
Reseting Database... done
0
New map created with 767 points for 0 Feature Type 
New map created with 337 points for 1 Feature Type 
Tracking Initlized in 2.53s
The initlized frame ID: 1
Track lost soon after initialisation, reseting...
System Reseting
Reseting Local Mapper... done
Reseting Loop Closing... done
Reseting Database... done
0
New map created with 499 points for 0 Feature Type 
New map created with 272 points for 1 Feature Type 
Tracking Initlized in 3.92s
The initlized frame ID: 2
Track lost soon after initialisation, reseting...
System Reseting
Reseting Local Mapper... done
Reseting Loop Closing... done
Reseting Database... done
0
New map created with 696 points for 0 Feature Type 
New map created with 328 points for 1 Feature Type 
Tracking Initlized in 2.25s
The initlized frame ID: 1
Track lost soon after initialisation, reseting...
System Reseting
Reseting Local Mapper... done
Reseting Loop Closing... done
Reseting Database... done
0
New map created with 662 points for 0 Feature Type 
New map created with 293 points for 1 Feature Type 
Tracking Initlized in 1.84s
The initlized frame ID: 1
Track lost soon after initialisation, reseting...
System Reseting
Reseting Local Mapper... done
Reseting Loop Closing... done
Reseting Database... done
0
New map created with 629 points for 0 Feature Type 
New map created with 273 points for 1 Feature Type 
Tracking Initlized in 2.06s
The initlized frame ID: 1
Track lost soon after initialisation, reseting...
System Reseting
Reseting Local Mapper... done
Reseting Loop Closing... done
Reseting Database... done
0
New map created with 705 points for 0 Feature Type 
New map created with 325 points for 1 Feature Type 
Tracking Initlized in 1.89s
The initlized frame ID: 1
Track lost soon after initialisation, reseting...
System Reseting
Reseting Local Mapper... done
Reseting Loop Closing... done
Reseting Database... done
0
New map created with 692 points for 0 Feature Type 
New map created with 342 points for 1 Feature Type 
Tracking Initlized in 2.41s
The initlized frame ID: 1
Track lost soon after initialisation, reseting...
System Reseting
Reseting Local Mapper... done
Reseting Loop Closing... done
Reseting Database... done
0
New map created with 746 points for 0 Feature Type 
New map created with 330 points for 1 Feature Type 
Tracking Initlized in 2.28s
The initlized frame ID: 1
Track lost soon after initialisation, reseting...
System Reseting
Reseting Local Mapper... done
Reseting Loop Closing... done
Reseting Database... done
0
New map created with 714 points for 0 Feature Type 
New map created with 360 points for 1 Feature Type 
Tracking Initlized in 2.15s
The initlized frame ID: 1
Track lost soon after initialisation, reseting...
System Reseting
Reseting Local Mapper... done
Reseting Loop Closing... done
Reseting Database... done
0
New map created with 675 points for 0 Feature Type 
New map created with 357 points for 1 Feature Type 
Tracking Initlized in 1.79s
The initlized frame ID: 1
Track lost soon after initialisation, reseting...
System Reseting
Reseting Local Mapper... done
Reseting Loop Closing... done
Reseting Database... done
0
New map created with 646 points for 0 Feature Type 
New map created with 357 points for 1 Feature Type 
Tracking Initlized in 2.32s
The initlized frame ID: 1
Track lost soon after initialisation, reseting...
System Reseting
Reseting Local Mapper... done
Reseting Loop Closing... done
Reseting Database... done
0
New map created with 440 points for 0 Feature Type 
New map created with 286 points for 1 Feature Type 
Tracking Initlized in 2.13s
The initlized frame ID: 1
Track lost soon after initialisation, reseting...
System Reseting
Reseting Local Mapper... done
Reseting Loop Closing... done
Reseting Database... done
1
New map created with 357 points for 0 Feature Type 
New map created with 220 points for 1 Feature Type 
Tracking Initlized in 2.12s
The initlized frame ID: 1
Track lost soon after initialisation, reseting...
System Reseting
Reseting Local Mapper... done
Reseting Loop Closing... done
Reseting Database... done
1
New map created with 319 points for 0 Feature Type 
New map created with 238 points for 1 Feature Type 
Tracking Initlized in 2.35s
The initlized frame ID: 1
Track lost soon after initialisation, reseting...
System Reseting
Reseting Local Mapper... done
Reseting Loop Closing... done
Reseting Database... done
1
New map created with 427 points for 0 Feature Type 
New map created with 207 points for 1 Feature Type 
Tracking Initlized in 1.75s
The initlized frame ID: 1
Track lost soon after initialisation, reseting...
System Reseting
Reseting Local Mapper... done
Reseting Loop Closing... done
Reseting Database... done
1
New map created with 448 points for 0 Feature Type 
New map created with 231 points for 1 Feature Type 
Tracking Initlized in 2.44s
The initlized frame ID: 1
Track lost soon after initialisation, reseting...
System Reseting
Reseting Local Mapper... done
Reseting Loop Closing... done
Reseting Database... done
0
New map created with 854 points for 0 Feature Type 
New map created with 305 points for 1 Feature Type 
Tracking Initlized in 4.00s
The initlized frame ID: 2
Track lost soon after initialisation, reseting...
System Reseting
Reseting Local Mapper... done
Reseting Loop Closing... done
Reseting Database... done
0
New map created with 888 points for 0 Feature Type 
New map created with 340 points for 1 Feature Type 
Tracking Initlized in 4.06s
The initlized frame ID: 2
Track lost soon after initialisation, reseting...
System Reseting
Reseting Local Mapper... done
Reseting Loop Closing... done
Reseting Database... done
0
New map created with 621 points for 0 Feature Type 
New map created with 257 points for 1 Feature Type 
Tracking Initlized in 2.18s
The initlized frame ID: 1
Track lost soon after initialisation, reseting...
System Reseting
Reseting Local Mapper... done
Reseting Loop Closing... done
Reseting Database... done
0
New map created with 734 points for 0 Feature Type 
New map created with 297 points for 1 Feature Type 
Tracking Initlized in 3.77s
The initlized frame ID: 2
Track lost soon after initialisation, reseting...
System Reseting
Reseting Local Mapper... done
Reseting Loop Closing... done
Reseting Database... done
0
New map created with 715 points for 0 Feature Type 
New map created with 292 points for 1 Feature Type 
Tracking Initlized in 3.73s
The initlized frame ID: 2
Track lost soon after initialisation, reseting...
System Reseting
Reseting Local Mapper... done
Reseting Loop Closing... done
Reseting Database... done
1
New map created with 668 points for 0 Feature Type 
New map created with 245 points for 1 Feature Type 
Tracking Initlized in 2.20s
The initlized frame ID: 1
Track lost soon after initialisation, reseting...
System Reseting
Reseting Local Mapper... done
Reseting Loop Closing... done
Reseting Database... done
0
New map created with 674 points for 0 Feature Type 
New map created with 270 points for 1 Feature Type 
Tracking Initlized in 1.70s
The initlized frame ID: 1
Track lost soon after initialisation, reseting...
System Reseting
Reseting Local Mapper... done
Reseting Loop Closing... done
Reseting Database... done
0
New map created with 677 points for 0 Feature Type 
New map created with 275 points for 1 Feature Type 
Tracking Initlized in 1.76s
The initlized frame ID: 1
Track lost soon after initialisation, reseting...
System Reseting
Reseting Local Mapper... done
Reseting Loop Closing... done
Reseting Database... done
0
New map created with 620 points for 0 Feature Type 
New map created with 283 points for 1 Feature Type 
Tracking Initlized in 1.94s
The initlized frame ID: 1
Track lost soon after initialisation, reseting...
System Reseting
Reseting Local Mapper... done
Reseting Loop Closing... done
Reseting Database... done
0
New map created with 569 points for 0 Feature Type 
New map created with 275 points for 1 Feature Type 
Tracking Initlized in 2.18s
The initlized frame ID: 1
Track lost soon after initialisation, reseting...
System Reseting
Reseting Local Mapper... done
Reseting Loop Closing... done
Reseting Database... done
0
New map created with 591 points for 0 Feature Type 
New map created with 281 points for 1 Feature Type 
Tracking Initlized in 2.04s
The initlized frame ID: 1
Track lost soon after initialisation, reseting...
System Reseting
Reseting Local Mapper... done
Reseting Loop Closing... done
Reseting Database... done
1
New map created with 585 points for 0 Feature Type 
New map created with 229 points for 1 Feature Type 
Tracking Initlized in 1.88s
The initlized frame ID: 1
Track lost soon after initialisation, reseting...
System Reseting
Reseting Local Mapper... done
Reseting Loop Closing... done
Reseting Database... done
0
New map created with 399 points for 0 Feature Type 
New map created with 188 points for 1 Feature Type 
Tracking Initlized in 3.92s
The initlized frame ID: 2
Track lost soon after initialisation, reseting...
System Reseting
Reseting Local Mapper... done
Reseting Loop Closing... done
Reseting Database... done
0
New map created with 491 points for 0 Feature Type 
New map created with 179 points for 1 Feature Type 
Tracking Initlized in 3.79s
The initlized frame ID: 2
Track lost soon after initialisation, reseting...
System Reseting
Reseting Local Mapper... done
Reseting Loop Closing... done
Reseting Database... done
1
New map created with 224 points for 0 Feature Type 
New map created with 186 points for 1 Feature Type 
Tracking Initlized in 2.13s
The initlized frame ID: 1
Track lost soon after initialisation, reseting...
System Reseting
Reseting Local Mapper... done
Reseting Loop Closing... done
Reseting Database... done
0
New map created with 547 points for 0 Feature Type 
New map created with 176 points for 1 Feature Type 
Tracking Initlized in 1.89s
The initlized frame ID: 1
Track lost soon after initialisation, reseting...
System Reseting
Reseting Local Mapper... done
Reseting Loop Closing... done
Reseting Database... done
0
New map created with 622 points for 0 Feature Type 
New map created with 265 points for 1 Feature Type 
Tracking Initlized in 3.67s
The initlized frame ID: 2
Track lost soon after initialisation, reseting...
System Reseting
Reseting Local Mapper... done
Reseting Loop Closing... done
Reseting Database... done
0
New map created with 742 points for 0 Feature Type 
New map created with 349 points for 1 Feature Type 
Tracking Initlized in 4.20s
The initlized frame ID: 2
Track lost soon after initialisation, reseting...
System Reseting
Reseting Local Mapper... done
Reseting Loop Closing... done
Reseting Database... done
0
New map created with 685 points for 0 Feature Type 
New map created with 293 points for 1 Feature Type 
Tracking Initlized in 1.89s
The initlized frame ID: 1
Track lost soon after initialisation, reseting...
System Reseting
Reseting Local Mapper... done
Reseting Loop Closing... done
Reseting Database... done
0
New map created with 620 points for 0 Feature Type 
New map created with 280 points for 1 Feature Type 
Tracking Initlized in 2.43s
The initlized frame ID: 1
Track lost soon after initialisation, reseting...
System Reseting
Reseting Local Mapper... done
Reseting Loop Closing... done
Reseting Database... done
1
New map created with 542 points for 0 Feature Type 
New map created with 315 points for 1 Feature Type 
Tracking Initlized in 2.06s
The initlized frame ID: 1
Track lost soon after initialisation, reseting...
System Reseting
Reseting Local Mapper... done
Reseting Loop Closing... done
Reseting Database... done
1
New map created with 390 points for 0 Feature Type 
New map created with 217 points for 1 Feature Type 
Tracking Initlized in 2.01s
The initlized frame ID: 1
Track lost soon after initialisation, reseting...
System Reseting
Reseting Local Mapper... done
Reseting Loop Closing... done
Reseting Database... done
1
New map created with 590 points for 0 Feature Type 
New map created with 285 points for 1 Feature Type 
Tracking Initlized in 2.40s
The initlized frame ID: 1
Track lost soon after initialisation, reseting...
System Reseting
Reseting Local Mapper... done
Reseting Loop Closing... done
Reseting Database... done
1
New map created with 700 points for 0 Feature Type 
New map created with 280 points for 1 Feature Type 
Tracking Initlized in 2.40s
The initlized frame ID: 1
Track lost soon after initialisation, reseting...
System Reseting
Reseting Local Mapper... done
Reseting Loop Closing... done
Reseting Database... done
1
New map created with 640 points for 0 Feature Type 
New map created with 287 points for 1 Feature Type 
Tracking Initlized in 1.86s
The initlized frame ID: 1
Track lost soon after initialisation, reseting...
System Reseting
Reseting Local Mapper... done
Reseting Loop Closing... done
Reseting Database... done
1
New map created with 748 points for 0 Feature Type 
New map created with 298 points for 1 Feature Type 
Tracking Initlized in 2.21s
The initlized frame ID: 1
Track lost soon after initialisation, reseting...
System Reseting
Reseting Local Mapper... done
Reseting Loop Closing... done
Reseting Database... done
0
New map created with 651 points for 0 Feature Type 
New map created with 316 points for 1 Feature Type 
Tracking Initlized in 3.46s
The initlized frame ID: 2
Track lost soon after initialisation, reseting...
System Reseting
Reseting Local Mapper... done
Reseting Loop Closing... done
Reseting Database... done
0
New map created with 694 points for 0 Feature Type 
New map created with 291 points for 1 Feature Type 
Tracking Initlized in 3.93s
The initlized frame ID: 2
Track lost soon after initialisation, reseting...
System Reseting
Reseting Local Mapper... done
Reseting Loop Closing... done
Reseting Database... done
0
New map created with 702 points for 0 Feature Type 
New map created with 264 points for 1 Feature Type 
Tracking Initlized in 3.53s
The initlized frame ID: 2
Track lost soon after initialisation, reseting...
System Reseting
Reseting Local Mapper... done
Reseting Loop Closing... done
Reseting Database... done
0
New map created with 657 points for 0 Feature Type 
New map created with 253 points for 1 Feature Type 
Tracking Initlized in 2.07s
The initlized frame ID: 1
Track lost soon after initialisation, reseting...
System Reseting
Reseting Local Mapper... done
Reseting Loop Closing... done
Reseting Database... done
0
New map created with 740 points for 0 Feature Type 
New map created with 216 points for 1 Feature Type 
Tracking Initlized in 2.01s
The initlized frame ID: 1
Track lost soon after initialisation, reseting...
System Reseting
Reseting Local Mapper... done
Reseting Loop Closing... done
Reseting Database... done
0
New map created with 747 points for 0 Feature Type 
New map created with 204 points for 1 Feature Type 
Tracking Initlized in 2.38s
The initlized frame ID: 1
Track lost soon after initialisation, reseting...
System Reseting
Reseting Local Mapper... done
Reseting Loop Closing... done
Reseting Database... done
0
New map created with 762 points for 0 Feature Type 
New map created with 176 points for 1 Feature Type 
Tracking Initlized in 1.91s
The initlized frame ID: 1
Track lost soon after initialisation, reseting...
System Reseting
Reseting Local Mapper... done
Reseting Loop Closing... done
Reseting Database... done
0
New map created with 755 points for 0 Feature Type 
New map created with 183 points for 1 Feature Type 
Tracking Initlized in 2.41s
The initlized frame ID: 1
Track lost soon after initialisation, reseting...
System Reseting
Reseting Local Mapper... done
Reseting Loop Closing... done
Reseting Database... done
0
New map created with 918 points for 0 Feature Type 
New map created with 208 points for 1 Feature Type 
Tracking Initlized in 2.16s
The initlized frame ID: 1
Track lost soon after initialisation, reseting...
System Reseting
Reseting Local Mapper... done
Reseting Loop Closing... done
Reseting Database... done
0
New map created with 968 points for 0 Feature Type 
New map created with 229 points for 1 Feature Type 
Tracking Initlized in 2.27s
The initlized frame ID: 1
Track lost soon after initialisation, reseting...
System Reseting
Reseting Local Mapper... done
Reseting Loop Closing... done
Reseting Database... done
0
New map created with 928 points for 0 Feature Type 
New map created with 188 points for 1 Feature Type 
Tracking Initlized in 1.96s
The initlized frame ID: 1
Track lost soon after initialisation, reseting...
System Reseting
Reseting Local Mapper... done
Reseting Loop Closing... done
Reseting Database... done
0
New map created with 860 points for 0 Feature Type 
New map created with 115 points for 1 Feature Type 
Tracking Initlized in 2.09s
The initlized frame ID: 1
Track lost soon after initialisation, reseting...
System Reseting
Reseting Local Mapper... done
Reseting Loop Closing... done
Reseting Database... done
0
New map created with 629 points for 0 Feature Type 
New map created with 227 points for 1 Feature Type 
Tracking Initlized in 3.88s
The initlized frame ID: 2
Track lost soon after initialisation, reseting...
System Reseting
Reseting Local Mapper... done
Reseting Loop Closing... done
Reseting Database... done
0
New map created with 461 points for 0 Feature Type 
New map created with 141 points for 1 Feature Type 
Tracking Initlized in 1.82s
The initlized frame ID: 1
Track lost soon after initialisation, reseting...
System Reseting
Reseting Local Mapper... done
Reseting Loop Closing... done
Reseting Database... done
0
New map created with 598 points for 0 Feature Type 
New map created with 67 points for 1 Feature Type 
Tracking Initlized in 8.47s
The initlized frame ID: 5
Track lost soon after initialisation, reseting...
System Reseting
Reseting Local Mapper... done
Reseting Loop Closing... done
Reseting Database... done
0
New map created with 831 points for 0 Feature Type 
New map created with 136 points for 1 Feature Type 
Tracking Initlized in 3.90s
The initlized frame ID: 2
Track lost soon after initialisation, reseting...
System Reseting
Reseting Local Mapper... done
Reseting Loop Closing... done
Reseting Database... done
0
New map created with 971 points for 0 Feature Type 
New map created with 224 points for 1 Feature Type 
Tracking Initlized in 2.10s
The initlized frame ID: 1
Track lost soon after initialisation, reseting...
System Reseting
Reseting Local Mapper... done
Reseting Loop Closing... done
Reseting Database... done
0
New map created with 770 points for 0 Feature Type 
New map created with 154 points for 1 Feature Type 
Tracking Initlized in 2.05s
The initlized frame ID: 1
Track lost soon after initialisation, reseting...
System Reseting
Reseting Local Mapper... done
Reseting Loop Closing... done
Reseting Database... done
0
New map created with 679 points for 0 Feature Type 
New map created with 180 points for 1 Feature Type 
Tracking Initlized in 1.97s
The initlized frame ID: 1
The lost frame ID: 155
The lost frame ID: 156
The lost frame ID: 157
The lost frame ID: 158
The lost frame ID: 159
The lost frame ID: 160
The lost frame ID: 161
The lost frame ID: 162
The lost frame ID: 163

Saving camera trajectory to TrajectoryBeforeReset_oxf_sft_spp_r11_seg03_pid3958231_1757553788544.txt ...

trajectory saved!
[Tracking] wrote pre-reset trajectory to TrajectoryBeforeReset_oxf_sft_spp_r11_seg03_pid3958231_1757553788544.txt
[Tracking] LOST for 10 consecutive frames -> reset
System Reseting
Reseting Local Mapper... done
Reseting Loop Closing... done
Reseting Database... done
1
New map created with 864 points for 0 Feature Type 
New map created with 308 points for 1 Feature Type 
Tracking Initlized in 1.91s
The initlized frame ID: 1
Track lost soon after initialisation, reseting...
System Reseting
Reseting Local Mapper... done
Reseting Loop Closing... done
Reseting Database... done
1
New map created with 642 points for 0 Feature Type 
New map created with 286 points for 1 Feature Type 
Tracking Initlized in 2.01s
The initlized frame ID: 1
Track lost soon after initialisation, reseting...
System Reseting
Reseting Local Mapper... done
Reseting Loop Closing... done
Reseting Database... done
1
New map created with 413 points for 0 Feature Type 
New map created with 242 points for 1 Feature Type 
Tracking Initlized in 2.40s
The initlized frame ID: 1
Track lost soon after initialisation, reseting...
System Reseting
Reseting Local Mapper... done
Reseting Loop Closing... done
Reseting Database... done
0
New map created with 875 points for 0 Feature Type 
New map created with 285 points for 1 Feature Type 
Tracking Initlized in 4.59s
The initlized frame ID: 2
Track lost soon after initialisation, reseting...
System Reseting
Reseting Local Mapper... done
Reseting Loop Closing... done
Reseting Database... done
0
New map created with 859 points for 0 Feature Type 
New map created with 239 points for 1 Feature Type 
Tracking Initlized in 4.38s
The initlized frame ID: 2
Track lost soon after initialisation, reseting...
System Reseting
Reseting Local Mapper... done
Reseting Loop Closing... done
Reseting Database... done
0
New map created with 741 points for 0 Feature Type 
New map created with 246 points for 1 Feature Type 
Tracking Initlized in 3.43s
The initlized frame ID: 2
Track lost soon after initialisation, reseting...
System Reseting
Reseting Local Mapper... done
Reseting Loop Closing... done
Reseting Database... done
1
New map created with 628 points for 0 Feature Type 
New map created with 207 points for 1 Feature Type 
Tracking Initlized in 2.04s
The initlized frame ID: 1
Track lost soon after initialisation, reseting...
System Reseting
Reseting Local Mapper... done
Reseting Loop Closing... done
Reseting Database... done
1
New map created with 565 points for 0 Feature Type 
New map created with 238 points for 1 Feature Type 
Tracking Initlized in 2.10s
The initlized frame ID: 1
Track lost soon after initialisation, reseting...
System Reseting
Reseting Local Mapper... done
Reseting Loop Closing... done
Reseting Database... done
1
New map created with 673 points for 0 Feature Type 
New map created with 272 points for 1 Feature Type 
Tracking Initlized in 1.93s
The initlized frame ID: 1
Track lost soon after initialisation, reseting...
System Reseting
Reseting Local Mapper... done
Reseting Loop Closing... done
Reseting Database... done
0
New map created with 682 points for 0 Feature Type 
New map created with 311 points for 1 Feature Type 
Tracking Initlized in 2.20s
The initlized frame ID: 1
Track lost soon after initialisation, reseting...
System Reseting
Reseting Local Mapper... done
Reseting Loop Closing... done
Reseting Database... done
0
New map created with 744 points for 0 Feature Type 
New map created with 255 points for 1 Feature Type 
Tracking Initlized in 2.03s
The initlized frame ID: 1
Track lost soon after initialisation, reseting...
System Reseting
Reseting Local Mapper... done
Reseting Loop Closing... done
Reseting Database... done
1
New map created with 467 points for 0 Feature Type 
New map created with 246 points for 1 Feature Type 
Tracking Initlized in 2.26s
The initlized frame ID: 1
Track lost soon after initialisation, reseting...
System Reseting
Reseting Local Mapper... done
Reseting Loop Closing... done
Reseting Database... done
1
New map created with 652 points for 0 Feature Type 
New map created with 301 points for 1 Feature Type 
Tracking Initlized in 1.93s
The initlized frame ID: 1
Track lost soon after initialisation, reseting...
System Reseting
Reseting Local Mapper... done
Reseting Loop Closing... done
Reseting Database... done
0
New map created with 576 points for 0 Feature Type 
New map created with 310 points for 1 Feature Type 
Tracking Initlized in 2.13s
The initlized frame ID: 1
Track lost soon after initialisation, reseting...
System Reseting
Reseting Local Mapper... done
Reseting Loop Closing... done
Reseting Database... done
0
New map created with 657 points for 0 Feature Type 
New map created with 351 points for 1 Feature Type 
Tracking Initlized in 2.09s
The initlized frame ID: 1
Track lost soon after initialisation, reseting...
System Reseting
Reseting Local Mapper... done
Reseting Loop Closing... done
Reseting Database... done
1
New map created with 623 points for 0 Feature Type 
New map created with 300 points for 1 Feature Type 
Tracking Initlized in 2.47s
The initlized frame ID: 1
Track lost soon after initialisation, reseting...
System Reseting
Reseting Local Mapper... done
Reseting Loop Closing... done
Reseting Database... done
0
New map created with 688 points for 0 Feature Type 
New map created with 345 points for 1 Feature Type 
Tracking Initlized in 1.71s
The initlized frame ID: 1
Track lost soon after initialisation, reseting...
System Reseting
Reseting Local Mapper... done
Reseting Loop Closing... done
Reseting Database... done
0
New map created with 635 points for 0 Feature Type 
New map created with 341 points for 1 Feature Type 
Tracking Initlized in 1.92s
The initlized frame ID: 1
Track lost soon after initialisation, reseting...
System Reseting
Reseting Local Mapper... done
Reseting Loop Closing... done
Reseting Database... done
0
New map created with 586 points for 0 Feature Type 
New map created with 318 points for 1 Feature Type 
Tracking Initlized in 2.03s
The initlized frame ID: 1
Track lost soon after initialisation, reseting...
System Reseting
Reseting Local Mapper... done
Reseting Loop Closing... done
Reseting Database... done
0
New map created with 573 points for 0 Feature Type 
New map created with 292 points for 1 Feature Type 
Tracking Initlized in 1.88s
The initlized frame ID: 1
Track lost soon after initialisation, reseting...
System Reseting
Reseting Local Mapper... done
Reseting Loop Closing... done
Reseting Database... done
0
New map created with 495 points for 0 Feature Type 
New map created with 285 points for 1 Feature Type 
Tracking Initlized in 1.99s
The initlized frame ID: 1
Track lost soon after initialisation, reseting...
System Reseting
Reseting Local Mapper... done
Reseting Loop Closing... done
Reseting Database... done
0
New map created with 474 points for 0 Feature Type 
New map created with 310 points for 1 Feature Type 
Tracking Initlized in 1.99s
The initlized frame ID: 1
Track lost soon after initialisation, reseting...
System Reseting
Reseting Local Mapper... done
Reseting Loop Closing... done
Reseting Database... done
0
New map created with 475 points for 0 Feature Type 
New map created with 267 points for 1 Feature Type 
Tracking Initlized in 1.71s
The initlized frame ID: 1
Track lost soon after initialisation, reseting...
System Reseting
Reseting Local Mapper... done
Reseting Loop Closing... done
Reseting Database... done
0
New map created with 467 points for 0 Feature Type 
New map created with 249 points for 1 Feature Type 
Tracking Initlized in 2.13s
The initlized frame ID: 1
Track lost soon after initialisation, reseting...
System Reseting
Reseting Local Mapper... done
Reseting Loop Closing... done
Reseting Database... done
0
New map created with 512 points for 0 Feature Type 
New map created with 273 points for 1 Feature Type 
Tracking Initlized in 2.02s
The initlized frame ID: 1
Track lost soon after initialisation, reseting...
System Reseting
Reseting Local Mapper... done
Reseting Loop Closing... done
Reseting Database... done
0
New map created with 625 points for 0 Feature Type 
New map created with 276 points for 1 Feature Type 
Tracking Initlized in 2.20s
The initlized frame ID: 1
Track lost soon after initialisation, reseting...
System Reseting
Reseting Local Mapper... done
Reseting Loop Closing... done
Reseting Database... done
0
New map created with 522 points for 0 Feature Type 
New map created with 252 points for 1 Feature Type 
Tracking Initlized in 2.08s
The initlized frame ID: 1
Track lost soon after initialisation, reseting...
System Reseting
Reseting Local Mapper... done
Reseting Loop Closing... done
Reseting Database... done
0
New map created with 539 points for 0 Feature Type 
New map created with 281 points for 1 Feature Type 
Tracking Initlized in 2.18s
The initlized frame ID: 1
Track lost soon after initialisation, reseting...
System Reseting
Reseting Local Mapper... done
Reseting Loop Closing... done
Reseting Database... done
0
New map created with 520 points for 0 Feature Type 
New map created with 260 points for 1 Feature Type 
Tracking Initlized in 2.05s
The initlized frame ID: 1
Track lost soon after initialisation, reseting...
System Reseting
Reseting Local Mapper... done
Reseting Loop Closing... done
Reseting Database... done
0
New map created with 551 points for 0 Feature Type 
New map created with 286 points for 1 Feature Type 
Tracking Initlized in 4.15s
The initlized frame ID: 2
Track lost soon after initialisation, reseting...
System Reseting
Reseting Local Mapper... done
Reseting Loop Closing... done
Reseting Database... done
0
New map created with 581 points for 0 Feature Type 
New map created with 288 points for 1 Feature Type 
Tracking Initlized in 3.52s
The initlized frame ID: 2
Track lost soon after initialisation, reseting...
System Reseting
Reseting Local Mapper... done
Reseting Loop Closing... done
Reseting Database... done
1
New map created with 752 points for 0 Feature Type 
New map created with 260 points for 1 Feature Type 
Tracking Initlized in 2.15s
The initlized frame ID: 1
Track lost soon after initialisation, reseting...
System Reseting
Reseting Local Mapper... done
Reseting Loop Closing... done
Reseting Database... done
0
New map created with 627 points for 0 Feature Type 
New map created with 283 points for 1 Feature Type 
Tracking Initlized in 1.78s
The initlized frame ID: 1
Track lost soon after initialisation, reseting...
System Reseting
Reseting Local Mapper... done
Reseting Loop Closing... done
Reseting Database... done
0
New map created with 632 points for 0 Feature Type 
New map created with 294 points for 1 Feature Type 
Tracking Initlized in 2.46s
The initlized frame ID: 1
Track lost soon after initialisation, reseting...
System Reseting
Reseting Local Mapper... done
Reseting Loop Closing... done
Reseting Database... done
0
New map created with 658 points for 0 Feature Type 
New map created with 296 points for 1 Feature Type 
Tracking Initlized in 2.07s
The initlized frame ID: 1
Track lost soon after initialisation, reseting...
System Reseting
Reseting Local Mapper... done
Reseting Loop Closing... done
Reseting Database... done
0
New map created with 640 points for 0 Feature Type 
New map created with 315 points for 1 Feature Type 
Tracking Initlized in 2.18s
The initlized frame ID: 1
Track lost soon after initialisation, reseting...
System Reseting
Reseting Local Mapper... done
Reseting Loop Closing... done
Reseting Database... done
0
New map created with 583 points for 0 Feature Type 
New map created with 285 points for 1 Feature Type 
Tracking Initlized in 1.67s
The initlized frame ID: 1
Track lost soon after initialisation, reseting...
System Reseting
Reseting Local Mapper... done
Reseting Loop Closing... done
Reseting Database... done
1
New map created with 576 points for 0 Feature Type 
New map created with 256 points for 1 Feature Type 
Tracking Initlized in 1.81s
The initlized frame ID: 1
Track lost soon after initialisation, reseting...
System Reseting
Reseting Local Mapper... done
Reseting Loop Closing... done
Reseting Database... done
0
New map created with 673 points for 0 Feature Type 
New map created with 314 points for 1 Feature Type 
Tracking Initlized in 2.04s
The initlized frame ID: 1
Track lost soon after initialisation, reseting...
System Reseting
Reseting Local Mapper... done
Reseting Loop Closing... done
Reseting Database... done
0
New map created with 809 points for 0 Feature Type 
New map created with 301 points for 1 Feature Type 
Tracking Initlized in 3.36s
The initlized frame ID: 2
Track lost soon after initialisation, reseting...
System Reseting
Reseting Local Mapper... done
Reseting Loop Closing... done
Reseting Database... done
1
New map created with 581 points for 0 Feature Type 
New map created with 249 points for 1 Feature Type 
Tracking Initlized in 2.19s
The initlized frame ID: 1
Track lost soon after initialisation, reseting...
System Reseting
Reseting Local Mapper... done
Reseting Loop Closing... done
Reseting Database... done
1
New map created with 737 points for 0 Feature Type 
New map created with 291 points for 1 Feature Type 
Tracking Initlized in 2.19s
The initlized frame ID: 1
Track lost soon after initialisation, reseting...
System Reseting
Reseting Local Mapper... done
Reseting Loop Closing... done
Reseting Database... done
0
New map created with 884 points for 0 Feature Type 
New map created with 357 points for 1 Feature Type 
Tracking Initlized in 3.61s
The initlized frame ID: 2
Track lost soon after initialisation, reseting...
System Reseting
Reseting Local Mapper... done
Reseting Loop Closing... done
Reseting Database... done
0
New map created with 801 points for 0 Feature Type 
New map created with 382 points for 1 Feature Type 
Tracking Initlized in 3.60s
The initlized frame ID: 2
Track lost soon after initialisation, reseting...
System Reseting
Reseting Local Mapper... done
Reseting Loop Closing... done
Reseting Database... done
0
New map created with 755 points for 0 Feature Type 
New map created with 302 points for 1 Feature Type 
Tracking Initlized in 2.31s
The initlized frame ID: 1
Track lost soon after initialisation, reseting...
System Reseting
Reseting Local Mapper... done
Reseting Loop Closing... done
Reseting Database... done
0
New map created with 289 points for 0 Feature Type 
New map created with 132 points for 1 Feature Type 
Tracking Initlized in 3.38s
The initlized frame ID: 2
Track lost soon after initialisation, reseting...
System Reseting
Reseting Local Mapper... done
Reseting Loop Closing... done
Reseting Database... done
0
New map created with 798 points for 0 Feature Type 
New map created with 311 points for 1 Feature Type 
Tracking Initlized in 4.11s
The initlized frame ID: 2
Track lost soon after initialisation, reseting...
System Reseting
Reseting Local Mapper... done
Reseting Loop Closing... done
Reseting Database... done
1
New map created with 951 points for 0 Feature Type 
New map created with 333 points for 1 Feature Type 
Tracking Initlized in 1.98s
The initlized frame ID: 1
Track lost soon after initialisation, reseting...
System Reseting
Reseting Local Mapper... done
Reseting Loop Closing... done
Reseting Database... done
1
New map created with 917 points for 0 Feature Type 
New map created with 324 points for 1 Feature Type 
Tracking Initlized in 2.11s
The initlized frame ID: 1
Track lost soon after initialisation, reseting...
System Reseting
Reseting Local Mapper... done
Reseting Loop Closing... done
Reseting Database... done
0
New map created with 749 points for 0 Feature Type 
New map created with 373 points for 1 Feature Type 
Tracking Initlized in 4.14s
The initlized frame ID: 2
Track lost soon after initialisation, reseting...
System Reseting
Reseting Local Mapper... done
Reseting Loop Closing... done
Reseting Database... done
0
New map created with 636 points for 0 Feature Type 
New map created with 290 points for 1 Feature Type 
Tracking Initlized in 3.79s
The initlized frame ID: 2
Track lost soon after initialisation, reseting...
System Reseting
Reseting Local Mapper... done
Reseting Loop Closing... done
Reseting Database... done
1
New map created with 716 points for 0 Feature Type 
New map created with 314 points for 1 Feature Type 
Tracking Initlized in 2.07s
The initlized frame ID: 1
Track lost soon after initialisation, reseting...
System Reseting
Reseting Local Mapper... done
Reseting Loop Closing... done
Reseting Database... done
0
New map created with 685 points for 0 Feature Type 
New map created with 301 points for 1 Feature Type 
Tracking Initlized in 2.04s
The initlized frame ID: 1
Track lost soon after initialisation, reseting...
System Reseting
Reseting Local Mapper... done
Reseting Loop Closing... done
Reseting Database... done
0
New map created with 609 points for 0 Feature Type 
New map created with 317 points for 1 Feature Type 
Tracking Initlized in 2.54s
The initlized frame ID: 1
Track lost soon after initialisation, reseting...
System Reseting
Reseting Local Mapper... done
Reseting Loop Closing... done
Reseting Database... done
0
New map created with 565 points for 0 Feature Type 
New map created with 286 points for 1 Feature Type 
Tracking Initlized in 3.94s
The initlized frame ID: 2
Track lost soon after initialisation, reseting...
System Reseting
Reseting Local Mapper... done
Reseting Loop Closing... done
Reseting Database... done
1
New map created with 485 points for 0 Feature Type 
New map created with 258 points for 1 Feature Type 
Tracking Initlized in 1.86s
The initlized frame ID: 1
Track lost soon after initialisation, reseting...
System Reseting
Reseting Local Mapper... done
Reseting Loop Closing... done
Reseting Database... done
0
New map created with 599 points for 0 Feature Type 
New map created with 283 points for 1 Feature Type 
Tracking Initlized in 2.37s
The initlized frame ID: 1
Track lost soon after initialisation, reseting...
System Reseting
Reseting Local Mapper... done
Reseting Loop Closing... done
Reseting Database... done
0
New map created with 493 points for 0 Feature Type 
New map created with 257 points for 1 Feature Type 
Tracking Initlized in 2.46s
The initlized frame ID: 1
Track lost soon after initialisation, reseting...
System Reseting
Reseting Local Mapper... done
Reseting Loop Closing... done
Reseting Database... done
1
New map created with 351 points for 0 Feature Type 
New map created with 237 points for 1 Feature Type 
Tracking Initlized in 2.22s
The initlized frame ID: 1
Track lost soon after initialisation, reseting...
System Reseting
Reseting Local Mapper... done
Reseting Loop Closing... done
Reseting Database... done
1
New map created with 411 points for 0 Feature Type 
New map created with 264 points for 1 Feature Type 
Tracking Initlized in 2.37s
The initlized frame ID: 1
Track lost soon after initialisation, reseting...
System Reseting
Reseting Local Mapper... done
Reseting Loop Closing... done
Reseting Database... done
1
New map created with 348 points for 0 Feature Type 
New map created with 304 points for 1 Feature Type 
Tracking Initlized in 2.06s
The initlized frame ID: 1
Track lost soon after initialisation, reseting...
System Reseting
Reseting Local Mapper... done
Reseting Loop Closing... done
Reseting Database... done
1
New map created with 256 points for 0 Feature Type 
New map created with 220 points for 1 Feature Type 
Tracking Initlized in 2.23s
The initlized frame ID: 1
Track lost soon after initialisation, reseting...
System Reseting
Reseting Local Mapper... done
Reseting Loop Closing... done
Reseting Database... done
0
New map created with 671 points for 0 Feature Type 
New map created with 272 points for 1 Feature Type 
Tracking Initlized in 4.21s
The initlized frame ID: 2
Track lost soon after initialisation, reseting...
System Reseting
Reseting Local Mapper... done
Reseting Loop Closing... done
Reseting Database... done
1
New map created with 536 points for 0 Feature Type 
New map created with 310 points for 1 Feature Type 
Tracking Initlized in 1.97s
The initlized frame ID: 1
Track lost soon after initialisation, reseting...
System Reseting
Reseting Local Mapper... done
Reseting Loop Closing... done
Reseting Database... done
1
New map created with 289 points for 0 Feature Type 
New map created with 267 points for 1 Feature Type 
Tracking Initlized in 2.35s
The initlized frame ID: 1
Track lost soon after initialisation, reseting...
System Reseting
Reseting Local Mapper... done
Reseting Loop Closing... done
Reseting Database... done
1
New map created with 620 points for 0 Feature Type 
New map created with 286 points for 1 Feature Type 
Tracking Initlized in 2.11s
The initlized frame ID: 1
Track lost soon after initialisation, reseting...
System Reseting
Reseting Local Mapper... done
Reseting Loop Closing... done
Reseting Database... done
1
New map created with 716 points for 0 Feature Type 
New map created with 309 points for 1 Feature Type 
Tracking Initlized in 2.23s
The initlized frame ID: 1
Track lost soon after initialisation, reseting...
System Reseting
Reseting Local Mapper... done
Reseting Loop Closing... done
Reseting Database... done
1
New map created with 842 points for 0 Feature Type 
New map created with 299 points for 1 Feature Type 
Tracking Initlized in 1.87s
The initlized frame ID: 1
Track lost soon after initialisation, reseting...
System Reseting
Reseting Local Mapper... done
Reseting Loop Closing... done
Reseting Database... done
1
New map created with 851 points for 0 Feature Type 
New map created with 240 points for 1 Feature Type 
Tracking Initlized in 1.94s
The initlized frame ID: 1
Track lost soon after initialisation, reseting...
System Reseting
Reseting Local Mapper... done
Reseting Loop Closing... done
Reseting Database... done
1
New map created with 992 points for 0 Feature Type 
New map created with 271 points for 1 Feature Type 
Tracking Initlized in 2.02s
The initlized frame ID: 1
Track lost soon after initialisation, reseting...
System Reseting
Reseting Local Mapper... done
Reseting Loop Closing... done
Reseting Database... done
0
New map created with 904 points for 0 Feature Type 
New map created with 315 points for 1 Feature Type 
Tracking Initlized in 1.69s
The initlized frame ID: 1
Track lost soon after initialisation, reseting...
System Reseting
Reseting Local Mapper... done
Reseting Loop Closing... done
Reseting Database... done
0
New map created with 932 points for 0 Feature Type 
New map created with 313 points for 1 Feature Type 
Tracking Initlized in 2.31s
The initlized frame ID: 1
Track lost soon after initialisation, reseting...
System Reseting
Reseting Local Mapper... done
Reseting Loop Closing... done
Reseting Database... done
0
New map created with 961 points for 0 Feature Type 
New map created with 340 points for 1 Feature Type 
Tracking Initlized in 2.09s
The initlized frame ID: 1
Track lost soon after initialisation, reseting...
System Reseting
Reseting Local Mapper... done
Reseting Loop Closing... done
Reseting Database... done
0
New map created with 997 points for 0 Feature Type 
New map created with 337 points for 1 Feature Type 
Tracking Initlized in 1.90s
The initlized frame ID: 1
Track lost soon after initialisation, reseting...
System Reseting
Reseting Local Mapper... done
Reseting Loop Closing... done
Reseting Database... done
0
New map created with 893 points for 0 Feature Type 
New map created with 312 points for 1 Feature Type 
Tracking Initlized in 2.09s
The initlized frame ID: 1
Track lost soon after initialisation, reseting...
System Reseting
Reseting Local Mapper... done
Reseting Loop Closing... done
Reseting Database... done
0
New map created with 860 points for 0 Feature Type 
New map created with 354 points for 1 Feature Type 
Tracking Initlized in 2.21s
The initlized frame ID: 1
Track lost soon after initialisation, reseting...
System Reseting
Reseting Local Mapper... done
Reseting Loop Closing... done
Reseting Database... done
0
New map created with 861 points for 0 Feature Type 
New map created with 299 points for 1 Feature Type 
Tracking Initlized in 2.24s
The initlized frame ID: 1
Track lost soon after initialisation, reseting...
System Reseting
Reseting Local Mapper... done
Reseting Loop Closing... done
Reseting Database... done
0
New map created with 813 points for 0 Feature Type 
New map created with 312 points for 1 Feature Type 
Tracking Initlized in 2.08s
The initlized frame ID: 1
Track lost soon after initialisation, reseting...
System Reseting
Reseting Local Mapper... done
Reseting Loop Closing... done
Reseting Database... done
0
New map created with 784 points for 0 Feature Type 
New map created with 342 points for 1 Feature Type 
Tracking Initlized in 2.13s
The initlized frame ID: 1
Track lost soon after initialisation, reseting...
System Reseting
Reseting Local Mapper... done
Reseting Loop Closing... done
Reseting Database... done
0
New map created with 763 points for 0 Feature Type 
New map created with 319 points for 1 Feature Type 
Tracking Initlized in 2.27s
The initlized frame ID: 1
Track lost soon after initialisation, reseting...
System Reseting
Reseting Local Mapper... done
Reseting Loop Closing... done
Reseting Database... done
0
New map created with 740 points for 0 Feature Type 
New map created with 313 points for 1 Feature Type 
Tracking Initlized in 2.07s
The initlized frame ID: 1
Track lost soon after initialisation, reseting...
System Reseting
Reseting Local Mapper... done
Reseting Loop Closing... done
Reseting Database... done
0
New map created with 807 points for 0 Feature Type 
New map created with 347 points for 1 Feature Type 
Tracking Initlized in 1.79s
The initlized frame ID: 1
Track lost soon after initialisation, reseting...
System Reseting
Reseting Local Mapper... done
Reseting Loop Closing... done
Reseting Database... done
0
New map created with 850 points for 0 Feature Type 
New map created with 338 points for 1 Feature Type 
Tracking Initlized in 2.11s
The initlized frame ID: 1
Track lost soon after initialisation, reseting...
System Reseting
Reseting Local Mapper... done
Reseting Loop Closing... done
Reseting Database... done
0
New map created with 859 points for 0 Feature Type 
New map created with 355 points for 1 Feature Type 
Tracking Initlized in 2.08s
The initlized frame ID: 1
Track lost soon after initialisation, reseting...
System Reseting
Reseting Local Mapper... done
Reseting Loop Closing... done
Reseting Database... done
0
New map created with 846 points for 0 Feature Type 
New map created with 346 points for 1 Feature Type 
Tracking Initlized in 1.92s
The initlized frame ID: 1
Track lost soon after initialisation, reseting...
System Reseting
Reseting Local Mapper... done
Reseting Loop Closing... done
Reseting Database... done
0
New map created with 767 points for 0 Feature Type 
New map created with 326 points for 1 Feature Type 
Tracking Initlized in 2.18s
The initlized frame ID: 1
Track lost soon after initialisation, reseting...
System Reseting
Reseting Local Mapper... done
Reseting Loop Closing... done
Reseting Database... done
0
New map created with 780 points for 0 Feature Type 
New map created with 349 points for 1 Feature Type 
Tracking Initlized in 2.14s
The initlized frame ID: 1
Track lost soon after initialisation, reseting...
System Reseting
Reseting Local Mapper... done
Reseting Loop Closing... done
Reseting Database... done
0
New map created with 772 points for 0 Feature Type 
New map created with 324 points for 1 Feature Type 
Tracking Initlized in 2.43s
The initlized frame ID: 1
Track lost soon after initialisation, reseting...
System Reseting
Reseting Local Mapper... done
Reseting Loop Closing... done
Reseting Database... done
0
New map created with 839 points for 0 Feature Type 
New map created with 345 points for 1 Feature Type 
Tracking Initlized in 2.00s
The initlized frame ID: 1
Track lost soon after initialisation, reseting...
System Reseting
Reseting Local Mapper... done
Reseting Loop Closing... done
Reseting Database... done
0
New map created with 900 points for 0 Feature Type 
New map created with 333 points for 1 Feature Type 
Tracking Initlized in 1.88s
The initlized frame ID: 1
Track lost soon after initialisation, reseting...
System Reseting
Reseting Local Mapper... done
Reseting Loop Closing... done
Reseting Database... done
0
New map created with 983 points for 0 Feature Type 
New map created with 311 points for 1 Feature Type 
Tracking Initlized in 2.29s
The initlized frame ID: 1
Track lost soon after initialisation, reseting...
System Reseting
Reseting Local Mapper... done
Reseting Loop Closing... done
Reseting Database... done
0
New map created with 1103 points for 0 Feature Type 
New map created with 364 points for 1 Feature Type 
Tracking Initlized in 2.03s
The initlized frame ID: 1
Track lost soon after initialisation, reseting...
System Reseting
Reseting Local Mapper... done
Reseting Loop Closing... done
Reseting Database... done
0
New map created with 1214 points for 0 Feature Type 
New map created with 358 points for 1 Feature Type 
Tracking Initlized in 2.26s
The initlized frame ID: 1
Track lost soon after initialisation, reseting...
System Reseting
Reseting Local Mapper... done
Reseting Loop Closing... done
Reseting Database... done
0
New map created with 1100 points for 0 Feature Type 
New map created with 339 points for 1 Feature Type 
Tracking Initlized in 2.17s
The initlized frame ID: 1
Track lost soon after initialisation, reseting...
System Reseting
Reseting Local Mapper... done
Reseting Loop Closing... done
Reseting Database... done
0
New map created with 1076 points for 0 Feature Type 
New map created with 381 points for 1 Feature Type 
Tracking Initlized in 2.25s
The initlized frame ID: 1
Track lost soon after initialisation, reseting...
System Reseting
Reseting Local Mapper... done
Reseting Loop Closing... done
Reseting Database... done
0
New map created with 1045 points for 0 Feature Type 
New map created with 396 points for 1 Feature Type 
Tracking Initlized in 1.92s
The initlized frame ID: 1
Track lost soon after initialisation, reseting...
System Reseting
Reseting Local Mapper... done
Reseting Loop Closing... done
Reseting Database... done
0
New map created with 1061 points for 0 Feature Type 
New map created with 383 points for 1 Feature Type 
Tracking Initlized in 2.12s
The initlized frame ID: 1
Track lost soon after initialisation, reseting...
System Reseting
Reseting Local Mapper... done
Reseting Loop Closing... done
Reseting Database... done
0
New map created with 1090 points for 0 Feature Type 
New map created with 426 points for 1 Feature Type 
Tracking Initlized in 2.31s
The initlized frame ID: 1
Track lost soon after initialisation, reseting...
System Reseting
Reseting Local Mapper... done
Reseting Loop Closing... done
Reseting Database... done
0
New map created with 1108 points for 0 Feature Type 
New map created with 402 points for 1 Feature Type 
Tracking Initlized in 2.12s
The initlized frame ID: 1
Track lost soon after initialisation, reseting...
System Reseting
Reseting Local Mapper... done
Reseting Loop Closing... done
Reseting Database... done
0
New map created with 1174 points for 0 Feature Type 
New map created with 414 points for 1 Feature Type 
Tracking Initlized in 2.39s
The initlized frame ID: 1
Track lost soon after initialisation, reseting...
System Reseting
Reseting Local Mapper... done
Reseting Loop Closing... done
Reseting Database... done
0
New map created with 1071 points for 0 Feature Type 
New map created with 432 points for 1 Feature Type 
Tracking Initlized in 2.15s
The initlized frame ID: 1
Track lost soon after initialisation, reseting...
System Reseting
Reseting Local Mapper... done
Reseting Loop Closing... done
Reseting Database... done
0
New map created with 1089 points for 0 Feature Type 
New map created with 410 points for 1 Feature Type 
Tracking Initlized in 1.97s
The initlized frame ID: 1
Track lost soon after initialisation, reseting...
System Reseting
Reseting Local Mapper... done
Reseting Loop Closing... done
Reseting Database... done
0
New map created with 1021 points for 0 Feature Type 
New map created with 385 points for 1 Feature Type 
Tracking Initlized in 1.95s
The initlized frame ID: 1
Track lost soon after initialisation, reseting...
System Reseting
Reseting Local Mapper... done
Reseting Loop Closing... done
Reseting Database... done
0
New map created with 969 points for 0 Feature Type 
New map created with 334 points for 1 Feature Type 
Tracking Initlized in 2.01s
The initlized frame ID: 1
Track lost soon after initialisation, reseting...
System Reseting
Reseting Local Mapper... done
Reseting Loop Closing... done
Reseting Database... done
0
New map created with 987 points for 0 Feature Type 
New map created with 357 points for 1 Feature Type 
Tracking Initlized in 2.41s
The initlized frame ID: 1
Track lost soon after initialisation, reseting...
System Reseting
Reseting Local Mapper... done
Reseting Loop Closing... done
Reseting Database... done
0
New map created with 961 points for 0 Feature Type 
New map created with 312 points for 1 Feature Type 
Tracking Initlized in 2.23s
The initlized frame ID: 1
Track lost soon after initialisation, reseting...
System Reseting
Reseting Local Mapper... done
Reseting Loop Closing... done
Reseting Database... done
0
New map created with 825 points for 0 Feature Type 
New map created with 292 points for 1 Feature Type 
Tracking Initlized in 1.98s
The initlized frame ID: 1
Track lost soon after initialisation, reseting...
System Reseting
Reseting Local Mapper... done
Reseting Loop Closing... done
Reseting Database... done
0
New map created with 871 points for 0 Feature Type 
New map created with 298 points for 1 Feature Type 
Tracking Initlized in 1.76s
The initlized frame ID: 1
Track lost soon after initialisation, reseting...
System Reseting
Reseting Local Mapper... done
Reseting Loop Closing... done
Reseting Database... done
0
New map created with 987 points for 0 Feature Type 
New map created with 292 points for 1 Feature Type 
Tracking Initlized in 2.34s
The initlized frame ID: 1
Track lost soon after initialisation, reseting...
System Reseting
Reseting Local Mapper... done
Reseting Loop Closing... done
Reseting Database... done
0
New map created with 880 points for 0 Feature Type 
New map created with 285 points for 1 Feature Type 
Tracking Initlized in 1.99s
The initlized frame ID: 1
Track lost soon after initialisation, reseting...
System Reseting
Reseting Local Mapper... done
Reseting Loop Closing... done
Reseting Database... done
0
New map created with 829 points for 0 Feature Type 
New map created with 265 points for 1 Feature Type 
Tracking Initlized in 1.90s
The initlized frame ID: 1
Track lost soon after initialisation, reseting...
System Reseting
Reseting Local Mapper... done
Reseting Loop Closing... done
Reseting Database... done
0
New map created with 731 points for 0 Feature Type 
New map created with 275 points for 1 Feature Type 
Tracking Initlized in 1.87s
The initlized frame ID: 1
Track lost soon after initialisation, reseting...
System Reseting
Reseting Local Mapper... done
Reseting Loop Closing... done
Reseting Database... done
0
New map created with 686 points for 0 Feature Type 
New map created with 267 points for 1 Feature Type 
Tracking Initlized in 1.96s
The initlized frame ID: 1
Track lost soon after initialisation, reseting...
System Reseting
Reseting Local Mapper... done
Reseting Loop Closing... done
Reseting Database... done
0
New map created with 736 points for 0 Feature Type 
New map created with 280 points for 1 Feature Type 
Tracking Initlized in 1.77s
The initlized frame ID: 1
Track lost soon after initialisation, reseting...
System Reseting
Reseting Local Mapper... done
Reseting Loop Closing... done
Reseting Database... done
0
New map created with 697 points for 0 Feature Type 
New map created with 257 points for 1 Feature Type 
Tracking Initlized in 2.07s
The initlized frame ID: 1
Track lost soon after initialisation, reseting...
System Reseting
Reseting Local Mapper... done
Reseting Loop Closing... done
Reseting Database... done
0
New map created with 711 points for 0 Feature Type 
New map created with 248 points for 1 Feature Type 
Tracking Initlized in 1.84s
The initlized frame ID: 1
Track lost soon after initialisation, reseting...
System Reseting
Reseting Local Mapper... done
Reseting Loop Closing... done
Reseting Database... done
0
New map created with 681 points for 0 Feature Type 
New map created with 261 points for 1 Feature Type 
Tracking Initlized in 2.10s
The initlized frame ID: 1
Track lost soon after initialisation, reseting...
System Reseting
Reseting Local Mapper... done
Reseting Loop Closing... done
Reseting Database... done
0
New map created with 675 points for 0 Feature Type 
New map created with 242 points for 1 Feature Type 
Tracking Initlized in 2.24s
The initlized frame ID: 1
Track lost soon after initialisation, reseting...
System Reseting
Reseting Local Mapper... done
Reseting Loop Closing... done
Reseting Database... done
0
New map created with 779 points for 0 Feature Type 
New map created with 263 points for 1 Feature Type 
Tracking Initlized in 2.09s
The initlized frame ID: 1
Track lost soon after initialisation, reseting...
System Reseting
Reseting Local Mapper... done
Reseting Loop Closing... done
Reseting Database... done
0
New map created with 801 points for 0 Feature Type 
New map created with 261 points for 1 Feature Type 
Tracking Initlized in 1.81s
The initlized frame ID: 1
Track lost soon after initialisation, reseting...
System Reseting
Reseting Local Mapper... done
Reseting Loop Closing... done
Reseting Database... done
0
New map created with 848 points for 0 Feature Type 
New map created with 264 points for 1 Feature Type 
Tracking Initlized in 2.02s
The initlized frame ID: 1
Track lost soon after initialisation, reseting...
System Reseting
Reseting Local Mapper... done
Reseting Loop Closing... done
Reseting Database... done
0
New map created with 912 points for 0 Feature Type 
New map created with 297 points for 1 Feature Type 
Tracking Initlized in 2.17s
The initlized frame ID: 1
Track lost soon after initialisation, reseting...
System Reseting
Reseting Local Mapper... done
Reseting Loop Closing... done
Reseting Database... done
0
New map created with 923 points for 0 Feature Type 
New map created with 290 points for 1 Feature Type 
Tracking Initlized in 2.53s
The initlized frame ID: 1
Track lost soon after initialisation, reseting...
System Reseting
Reseting Local Mapper... done
Reseting Loop Closing... done
Reseting Database... done
0
New map created with 780 points for 0 Feature Type 
New map created with 285 points for 1 Feature Type 
Tracking Initlized in 2.29s
The initlized frame ID: 1
Track lost soon after initialisation, reseting...
System Reseting
Reseting Local Mapper... done
Reseting Loop Closing... done
Reseting Database... done
0
New map created with 1044 points for 0 Feature Type 
New map created with 449 points for 1 Feature Type 
Tracking Initlized in 3.64s
The initlized frame ID: 2
Track lost soon after initialisation, reseting...
System Reseting
Reseting Local Mapper... done
Reseting Loop Closing... done
Reseting Database... done
0
New map created with 849 points for 0 Feature Type 
New map created with 312 points for 1 Feature Type 
Tracking Initlized in 2.35s
The initlized frame ID: 1
Track lost soon after initialisation, reseting...
System Reseting
Reseting Local Mapper... done
Reseting Loop Closing... done
Reseting Database... done
0
New map created with 669 points for 0 Feature Type 
New map created with 316 points for 1 Feature Type 
Tracking Initlized in 2.56s
The initlized frame ID: 1
Track lost soon after initialisation, reseting...
System Reseting
Reseting Local Mapper... done
Reseting Loop Closing... done
Reseting Database... done
0
New map created with 877 points for 0 Feature Type 
New map created with 357 points for 1 Feature Type 
Tracking Initlized in 2.43s
The initlized frame ID: 1
Track lost soon after initialisation, reseting...
System Reseting
Reseting Local Mapper... done
Reseting Loop Closing... done
Reseting Database... done
0
New map created with 772 points for 0 Feature Type 
New map created with 370 points for 1 Feature Type 
Tracking Initlized in 2.02s
The initlized frame ID: 1
Track lost soon after initialisation, reseting...
System Reseting
Reseting Local Mapper... done
Reseting Loop Closing... done
Reseting Database... done
0
New map created with 779 points for 0 Feature Type 
New map created with 358 points for 1 Feature Type 
Tracking Initlized in 2.37s
The initlized frame ID: 1
Track lost soon after initialisation, reseting...
System Reseting
Reseting Local Mapper... done
Reseting Loop Closing... done
Reseting Database... done
0
New map created with 762 points for 0 Feature Type 
New map created with 351 points for 1 Feature Type 
Tracking Initlized in 2.31s
The initlized frame ID: 1
Track lost soon after initialisation, reseting...
System Reseting
Reseting Local Mapper... done
Reseting Loop Closing... done
Reseting Database... done
0
New map created with 680 points for 0 Feature Type 
New map created with 280 points for 1 Feature Type 
Tracking Initlized in 2.11s
The initlized frame ID: 1
Track lost soon after initialisation, reseting...
System Reseting
Reseting Local Mapper... done
Reseting Loop Closing... done
Reseting Database... done
0
New map created with 838 points for 0 Feature Type 
New map created with 335 points for 1 Feature Type 
Tracking Initlized in 3.98s
The initlized frame ID: 2
Track lost soon after initialisation, reseting...
System Reseting
Reseting Local Mapper... done
Reseting Loop Closing... done
Reseting Database... done
0
New map created with 667 points for 0 Feature Type 
New map created with 342 points for 1 Feature Type 
Tracking Initlized in 2.13s
The initlized frame ID: 1
Track lost soon after initialisation, reseting...
System Reseting
Reseting Local Mapper... done
Reseting Loop Closing... done
Reseting Database... done
0
New map created with 704 points for 0 Feature Type 
New map created with 368 points for 1 Feature Type 
Tracking Initlized in 2.23s
The initlized frame ID: 1
Track lost soon after initialisation, reseting...
System Reseting
Reseting Local Mapper... done
Reseting Loop Closing... done
Reseting Database... done
0
New map created with 1031 points for 0 Feature Type 
New map created with 415 points for 1 Feature Type 
Tracking Initlized in 4.14s
The initlized frame ID: 2
Track lost soon after initialisation, reseting...
System Reseting
Reseting Local Mapper... done
Reseting Loop Closing... done
Reseting Database... done
0
New map created with 1043 points for 0 Feature Type 
New map created with 420 points for 1 Feature Type 
Tracking Initlized in 4.41s
The initlized frame ID: 2
Track lost soon after initialisation, reseting...
System Reseting
Reseting Local Mapper... done
Reseting Loop Closing... done
Reseting Database... done
1
New map created with 708 points for 0 Feature Type 
New map created with 347 points for 1 Feature Type 
Tracking Initlized in 2.09s
The initlized frame ID: 1
Track lost soon after initialisation, reseting...
System Reseting
Reseting Local Mapper... done
Reseting Loop Closing... done
Reseting Database... done
0
New map created with 710 points for 0 Feature Type 
New map created with 328 points for 1 Feature Type 
Tracking Initlized in 1.83s
The initlized frame ID: 1
Track lost soon after initialisation, reseting...
System Reseting
Reseting Local Mapper... done
Reseting Loop Closing... done
Reseting Database... done
0
New map created with 813 points for 0 Feature Type 
New map created with 346 points for 1 Feature Type 
Tracking Initlized in 2.16s
The initlized frame ID: 1
Track lost soon after initialisation, reseting...
System Reseting
Reseting Local Mapper... done
Reseting Loop Closing... done
Reseting Database... done
0
New map created with 774 points for 0 Feature Type 
New map created with 312 points for 1 Feature Type 
Tracking Initlized in 2.05s
The initlized frame ID: 1
Track lost soon after initialisation, reseting...
System Reseting
Reseting Local Mapper... done
Reseting Loop Closing... done
Reseting Database... done
0
New map created with 746 points for 0 Feature Type 
New map created with 357 points for 1 Feature Type 
Tracking Initlized in 2.01s
The initlized frame ID: 1
Track lost soon after initialisation, reseting...
System Reseting
Reseting Local Mapper... done
Reseting Loop Closing... done
Reseting Database... done
0
New map created with 791 points for 0 Feature Type 
New map created with 332 points for 1 Feature Type 
Tracking Initlized in 2.25s
The initlized frame ID: 1
Track lost soon after initialisation, reseting...
System Reseting
Reseting Local Mapper... done
Reseting Loop Closing... done
Reseting Database... done
0
New map created with 775 points for 0 Feature Type 
New map created with 359 points for 1 Feature Type 
Tracking Initlized in 2.06s
The initlized frame ID: 1
Track lost soon after initialisation, reseting...
System Reseting
Reseting Local Mapper... done
Reseting Loop Closing... done
Reseting Database... done
0
New map created with 716 points for 0 Feature Type 
New map created with 354 points for 1 Feature Type 
Tracking Initlized in 2.15s
The initlized frame ID: 1
Track lost soon after initialisation, reseting...
System Reseting
Reseting Local Mapper... done
Reseting Loop Closing... done
Reseting Database... done
0
New map created with 684 points for 0 Feature Type 
New map created with 328 points for 1 Feature Type 
Tracking Initlized in 2.10s
The initlized frame ID: 1
Track lost soon after initialisation, reseting...
System Reseting
Reseting Local Mapper... done
Reseting Loop Closing... done
Reseting Database... done
0
New map created with 631 points for 0 Feature Type 
New map created with 313 points for 1 Feature Type 
Tracking Initlized in 2.14s
The initlized frame ID: 1
Track lost soon after initialisation, reseting...
System Reseting
Reseting Local Mapper... done
Reseting Loop Closing... done
Reseting Database... done
0
New map created with 660 points for 0 Feature Type 
New map created with 373 points for 1 Feature Type 
Tracking Initlized in 2.07s
The initlized frame ID: 1
Track lost soon after initialisation, reseting...
System Reseting
Reseting Local Mapper... done
Reseting Loop Closing... done
Reseting Database... done
1
New map created with 724 points for 0 Feature Type 
New map created with 381 points for 1 Feature Type 
Tracking Initlized in 2.31s
The initlized frame ID: 1
Track lost soon after initialisation, reseting...
System Reseting
Reseting Local Mapper... done
Reseting Loop Closing... done
Reseting Database... done
1
New map created with 546 points for 0 Feature Type 
New map created with 244 points for 1 Feature Type 
Tracking Initlized in 1.77s
The initlized frame ID: 1
Track lost soon after initialisation, reseting...
System Reseting
Reseting Local Mapper... done
Reseting Loop Closing... done
Reseting Database... done
1
New map created with 712 points for 0 Feature Type 
New map created with 313 points for 1 Feature Type 
Tracking Initlized in 2.45s
The initlized frame ID: 1
Track lost soon after initialisation, reseting...
System Reseting
Reseting Local Mapper... done
Reseting Loop Closing... done
Reseting Database... done
0
New map created with 1293 points for 0 Feature Type 
New map created with 351 points for 1 Feature Type 
Tracking Initlized in 3.78s
The initlized frame ID: 2
Track lost soon after initialisation, reseting...
System Reseting
Reseting Local Mapper... done
Reseting Loop Closing... done
Reseting Database... done
1
New map created with 940 points for 0 Feature Type 
New map created with 313 points for 1 Feature Type 
Tracking Initlized in 1.89s
The initlized frame ID: 1
Track lost soon after initialisation, reseting...
System Reseting
Reseting Local Mapper... done
Reseting Loop Closing... done
Reseting Database... done
1
New map created with 1031 points for 0 Feature Type 
New map created with 325 points for 1 Feature Type 
Tracking Initlized in 2.08s
The initlized frame ID: 1
Track lost soon after initialisation, reseting...
System Reseting
Reseting Local Mapper... done
Reseting Loop Closing... done
Reseting Database... done
0
New map created with 432 points for 0 Feature Type 
New map created with 194 points for 1 Feature Type 
Tracking Initlized in 3.43s
The initlized frame ID: 2
Track lost soon after initialisation, reseting...
System Reseting
Reseting Local Mapper... done
Reseting Loop Closing... done
Reseting Database... done
0
New map created with 684 points for 0 Feature Type 
New map created with 223 points for 1 Feature Type 
Tracking Initlized in 2.06s
The initlized frame ID: 1
Track lost soon after initialisation, reseting...
System Reseting
Reseting Local Mapper... done
Reseting Loop Closing... done
Reseting Database... done
0
New map created with 685 points for 0 Feature Type 
New map created with 272 points for 1 Feature Type 
Tracking Initlized in 4.02s
The initlized frame ID: 2
Track lost soon after initialisation, reseting...
System Reseting
Reseting Local Mapper... done
Reseting Loop Closing... done
Reseting Database... done
1
New map created with 821 points for 0 Feature Type 
New map created with 257 points for 1 Feature Type 
Tracking Initlized in 2.13s
The initlized frame ID: 1
Track lost soon after initialisation, reseting...
System Reseting
Reseting Local Mapper... done
Reseting Loop Closing... done
Reseting Database... done
0
New map created with 833 points for 0 Feature Type 
New map created with 296 points for 1 Feature Type 
Tracking Initlized in 4.12s
The initlized frame ID: 2
Track lost soon after initialisation, reseting...
System Reseting
Reseting Local Mapper... done
Reseting Loop Closing... done
Reseting Database... done
0
New map created with 872 points for 0 Feature Type 
New map created with 222 points for 1 Feature Type 
Tracking Initlized in 1.99s
The initlized frame ID: 1
Track lost soon after initialisation, reseting...
System Reseting
Reseting Local Mapper... done
Reseting Loop Closing... done
Reseting Database... done
0
New map created with 898 points for 0 Feature Type 
New map created with 238 points for 1 Feature Type 
Tracking Initlized in 2.42s
The initlized frame ID: 1
Track lost soon after initialisation, reseting...
System Reseting
Reseting Local Mapper... done
Reseting Loop Closing... done
Reseting Database... done
0
New map created with 906 points for 0 Feature Type 
New map created with 285 points for 1 Feature Type 
Tracking Initlized in 1.94s
The initlized frame ID: 1
Track lost soon after initialisation, reseting...
System Reseting
Reseting Local Mapper... done
Reseting Loop Closing... done
Reseting Database... done
0
New map created with 836 points for 0 Feature Type 
New map created with 317 points for 1 Feature Type 
Tracking Initlized in 2.07s
The initlized frame ID: 1
Track lost soon after initialisation, reseting...
System Reseting
Reseting Local Mapper... done
Reseting Loop Closing... done
Reseting Database... done
0
New map created with 841 points for 0 Feature Type 
New map created with 308 points for 1 Feature Type 
Tracking Initlized in 2.20s
The initlized frame ID: 1
Track lost soon after initialisation, reseting...
System Reseting
Reseting Local Mapper... done
Reseting Loop Closing... done
Reseting Database... done
0
New map created with 784 points for 0 Feature Type 
New map created with 294 points for 1 Feature Type 
Tracking Initlized in 2.04s
The initlized frame ID: 1
Track lost soon after initialisation, reseting...
System Reseting
Reseting Local Mapper... done
Reseting Loop Closing... done
Reseting Database... done
0
New map created with 715 points for 0 Feature Type 
New map created with 331 points for 1 Feature Type 
Tracking Initlized in 2.35s
The initlized frame ID: 1
Track lost soon after initialisation, reseting...
System Reseting
Reseting Local Mapper... done
Reseting Loop Closing... done
Reseting Database... done
0
New map created with 805 points for 0 Feature Type 
New map created with 331 points for 1 Feature Type 
Tracking Initlized in 1.88s
The initlized frame ID: 1
Track lost soon after initialisation, reseting...
System Reseting
Reseting Local Mapper... done
Reseting Loop Closing... done
Reseting Database... done
0
New map created with 883 points for 0 Feature Type 
New map created with 363 points for 1 Feature Type 
Tracking Initlized in 2.33s
The initlized frame ID: 1
Track lost soon after initialisation, reseting...
System Reseting
Reseting Local Mapper... done
Reseting Loop Closing... done
Reseting Database... done
0
New map created with 825 points for 0 Feature Type 
New map created with 409 points for 1 Feature Type 
Tracking Initlized in 1.91s
The initlized frame ID: 1
Track lost soon after initialisation, reseting...
System Reseting
Reseting Local Mapper... done
Reseting Loop Closing... done
Reseting Database... done
0
New map created with 800 points for 0 Feature Type 
New map created with 356 points for 1 Feature Type 
Tracking Initlized in 2.66s
The initlized frame ID: 1
Track lost soon after initialisation, reseting...
System Reseting
Reseting Local Mapper... done
Reseting Loop Closing... done
Reseting Database... done
0
New map created with 709 points for 0 Feature Type 
New map created with 347 points for 1 Feature Type 
Tracking Initlized in 2.17s
The initlized frame ID: 1
Track lost soon after initialisation, reseting...
System Reseting
Reseting Local Mapper... done
Reseting Loop Closing... done
Reseting Database... done
0
New map created with 675 points for 0 Feature Type 
New map created with 273 points for 1 Feature Type 
Tracking Initlized in 2.07s
The initlized frame ID: 1
Track lost soon after initialisation, reseting...
System Reseting
Reseting Local Mapper... done
Reseting Loop Closing... done
Reseting Database... done
0
New map created with 686 points for 0 Feature Type 
New map created with 271 points for 1 Feature Type 
Tracking Initlized in 2.27s
The initlized frame ID: 1
Track lost soon after initialisation, reseting...
System Reseting
Reseting Local Mapper... done
Reseting Loop Closing... done
Reseting Database... done
0
New map created with 710 points for 0 Feature Type 
New map created with 314 points for 1 Feature Type 
Tracking Initlized in 2.47s
The initlized frame ID: 1
Track lost soon after initialisation, reseting...
System Reseting
Reseting Local Mapper... done
Reseting Loop Closing... done
Reseting Database... done
1
New map created with 692 points for 0 Feature Type 
New map created with 244 points for 1 Feature Type 
Tracking Initlized in 2.42s
The initlized frame ID: 1
Track lost soon after initialisation, reseting...
System Reseting
Reseting Local Mapper... done
Reseting Loop Closing... done
Reseting Database... done
0
New map created with 697 points for 0 Feature Type 
New map created with 234 points for 1 Feature Type 
Tracking Initlized in 2.36s
The initlized frame ID: 1
Track lost soon after initialisation, reseting...
System Reseting
Reseting Local Mapper... done
Reseting Loop Closing... done
Reseting Database... done
0
New map created with 690 points for 0 Feature Type 
New map created with 225 points for 1 Feature Type 
Tracking Initlized in 2.34s
The initlized frame ID: 1
Track lost soon after initialisation, reseting...
System Reseting
Reseting Local Mapper... done
Reseting Loop Closing... done
Reseting Database... done
0
New map created with 744 points for 0 Feature Type 
New map created with 279 points for 1 Feature Type 
Tracking Initlized in 1.71s
The initlized frame ID: 1
Track lost soon after initialisation, reseting...
System Reseting
Reseting Local Mapper... done
Reseting Loop Closing... done
Reseting Database... done
0
New map created with 803 points for 0 Feature Type 
New map created with 279 points for 1 Feature Type 
Tracking Initlized in 2.33s
The initlized frame ID: 1
Track lost soon after initialisation, reseting...
System Reseting
Reseting Local Mapper... done
Reseting Loop Closing... done
Reseting Database... done
0
New map created with 830 points for 0 Feature Type 
New map created with 268 points for 1 Feature Type 
Tracking Initlized in 2.05s
The initlized frame ID: 1
Track lost soon after initialisation, reseting...
System Reseting
Reseting Local Mapper... done
Reseting Loop Closing... done
Reseting Database... done
1
New map created with 594 points for 0 Feature Type 
New map created with 277 points for 1 Feature Type 
Tracking Initlized in 1.61s
The initlized frame ID: 1
Track lost soon after initialisation, reseting...
System Reseting
Reseting Local Mapper... done
Reseting Loop Closing... done
Reseting Database... done
0
New map created with 711 points for 0 Feature Type 
New map created with 337 points for 1 Feature Type 
Tracking Initlized in 2.04s
The initlized frame ID: 1
Track lost soon after initialisation, reseting...
System Reseting
Reseting Local Mapper... done
Reseting Loop Closing... done
Reseting Database... done
0
New map created with 670 points for 0 Feature Type 
New map created with 305 points for 1 Feature Type 
Tracking Initlized in 2.08s
The initlized frame ID: 1
Track lost soon after initialisation, reseting...
System Reseting
Reseting Local Mapper... done
Reseting Loop Closing... done
Reseting Database... done
0
New map created with 741 points for 0 Feature Type 
New map created with 315 points for 1 Feature Type 
Tracking Initlized in 2.18s
The initlized frame ID: 1
Track lost soon after initialisation, reseting...
System Reseting
Reseting Local Mapper... done
Reseting Loop Closing... done
Reseting Database... done
0
New map created with 832 points for 0 Feature Type 
New map created with 326 points for 1 Feature Type 
Tracking Initlized in 2.01s
The initlized frame ID: 1
Track lost soon after initialisation, reseting...
System Reseting
Reseting Local Mapper... done
Reseting Loop Closing... done
Reseting Database... done
0
New map created with 719 points for 0 Feature Type 
New map created with 308 points for 1 Feature Type 
Tracking Initlized in 2.07s
The initlized frame ID: 1
Track lost soon after initialisation, reseting...
System Reseting
Reseting Local Mapper... done
Reseting Loop Closing... done
Reseting Database... done
0
New map created with 671 points for 0 Feature Type 
New map created with 296 points for 1 Feature Type 
Tracking Initlized in 2.04s
The initlized frame ID: 1
Track lost soon after initialisation, reseting...
System Reseting
Reseting Local Mapper... done
Reseting Loop Closing... done
Reseting Database... done
0
New map created with 739 points for 0 Feature Type 
New map created with 287 points for 1 Feature Type 
Tracking Initlized in 2.00s
The initlized frame ID: 1
Track lost soon after initialisation, reseting...
System Reseting
Reseting Local Mapper... done
Reseting Loop Closing... done
Reseting Database... done
0
New map created with 665 points for 0 Feature Type 
New map created with 259 points for 1 Feature Type 
Tracking Initlized in 2.25s
The initlized frame ID: 1
Track lost soon after initialisation, reseting...
System Reseting
Reseting Local Mapper... done
Reseting Loop Closing... done
Reseting Database... done
1
New map created with 681 points for 0 Feature Type 
New map created with 231 points for 1 Feature Type 
Tracking Initlized in 2.20s
The initlized frame ID: 1
Track lost soon after initialisation, reseting...
System Reseting
Reseting Local Mapper... done
Reseting Loop Closing... done
Reseting Database... done
0
New map created with 696 points for 0 Feature Type 
New map created with 261 points for 1 Feature Type 
Tracking Initlized in 2.59s
The initlized frame ID: 1
Track lost soon after initialisation, reseting...
System Reseting
Reseting Local Mapper... done
Reseting Loop Closing... done
Reseting Database... done
0
New map created with 741 points for 0 Feature Type 
New map created with 248 points for 1 Feature Type 
Tracking Initlized in 1.94s
The initlized frame ID: 1
Track lost soon after initialisation, reseting...
System Reseting
Reseting Local Mapper... done
Reseting Loop Closing... done
Reseting Database... done
0
New map created with 721 points for 0 Feature Type 
New map created with 225 points for 1 Feature Type 
Tracking Initlized in 2.28s
The initlized frame ID: 1
Track lost soon after initialisation, reseting...
System Reseting
Reseting Local Mapper... done
Reseting Loop Closing... done
Reseting Database... done
0
New map created with 687 points for 0 Feature Type 
New map created with 200 points for 1 Feature Type 
Tracking Initlized in 2.24s
The initlized frame ID: 1
Track lost soon after initialisation, reseting...
System Reseting
Reseting Local Mapper... done
Reseting Loop Closing... done
Reseting Database... done
0
New map created with 1419 points for 0 Feature Type 
New map created with 451 points for 1 Feature Type 
Tracking Initlized in 4.24s
The initlized frame ID: 2
Track lost soon after initialisation, reseting...
System Reseting
Reseting Local Mapper... done
Reseting Loop Closing... done
Reseting Database... done
0
New map created with 903 points for 0 Feature Type 
New map created with 198 points for 1 Feature Type 
Tracking Initlized in 2.23s
The initlized frame ID: 1
Track lost soon after initialisation, reseting...
System Reseting
Reseting Local Mapper... done
Reseting Loop Closing... done
Reseting Database... done
0
New map created with 1083 points for 0 Feature Type 
New map created with 234 points for 1 Feature Type 
Tracking Initlized in 2.11s
The initlized frame ID: 1
Track lost soon after initialisation, reseting...
System Reseting
Reseting Local Mapper... done
Reseting Loop Closing... done
Reseting Database... done
0
New map created with 872 points for 0 Feature Type 
New map created with 172 points for 1 Feature Type 
Tracking Initlized in 2.10s
The initlized frame ID: 1
Track lost soon after initialisation, reseting...
System Reseting
Reseting Local Mapper... done
Reseting Loop Closing... done
Reseting Database... done
0
New map created with 1307 points for 0 Feature Type 
New map created with 434 points for 1 Feature Type 
Tracking Initlized in 4.71s
The initlized frame ID: 2
Track lost soon after initialisation, reseting...
System Reseting
Reseting Local Mapper... done
Reseting Loop Closing... done
Reseting Database... done
1
New map created with 1167 points for 0 Feature Type 
New map created with 386 points for 1 Feature Type 
Tracking Initlized in 4.25s
The initlized frame ID: 2
Track lost soon after initialisation, reseting...
System Reseting
Reseting Local Mapper... done
Reseting Loop Closing... done
Reseting Database... done
1
New map created with 1100 points for 0 Feature Type 
New map created with 389 points for 1 Feature Type 
Tracking Initlized in 3.91s
The initlized frame ID: 2
Track lost soon after initialisation, reseting...
System Reseting
Reseting Local Mapper... done
Reseting Loop Closing... done
Reseting Database... done
1
New map created with 1285 points for 0 Feature Type 
New map created with 423 points for 1 Feature Type 
Tracking Initlized in 3.89s
The initlized frame ID: 2
Track lost soon after initialisation, reseting...
System Reseting
Reseting Local Mapper... done
Reseting Loop Closing... done
Reseting Database... done
1
New map created with 1567 points for 0 Feature Type 
New map created with 470 points for 1 Feature Type 
Tracking Initlized in 7.64s
The initlized frame ID: 4
Track lost soon after initialisation, reseting...
System Reseting
Reseting Local Mapper... done
Reseting Loop Closing... done
Reseting Database... done
1
New map created with 1043 points for 0 Feature Type 
New map created with 379 points for 1 Feature Type 
Tracking Initlized in 4.20s
The initlized frame ID: 2
Track lost soon after initialisation, reseting...
System Reseting
Reseting Local Mapper... done
Reseting Loop Closing... done
Reseting Database... done
1
New map created with 1628 points for 0 Feature Type 
New map created with 441 points for 1 Feature Type 
Tracking Initlized in 11.46s
The initlized frame ID: 6
Track lost soon after initialisation, reseting...
System Reseting
Reseting Local Mapper... done
Reseting Loop Closing... done
Reseting Database... done
1
New map created with 1323 points for 0 Feature Type 
New map created with 403 points for 1 Feature Type 
Tracking Initlized in 6.04s
The initlized frame ID: 3
Track lost soon after initialisation, reseting...
System Reseting
Reseting Local Mapper... done
Reseting Loop Closing... done
Reseting Database... done
1
New map created with 1256 points for 0 Feature Type 
New map created with 415 points for 1 Feature Type 
Tracking Initlized in 11.40s
The initlized frame ID: 6
Track lost soon after initialisation, reseting...
System Reseting
Reseting Local Mapper... done
Reseting Loop Closing... done
Reseting Database... done
1
New map created with 1470 points for 0 Feature Type 
New map created with 501 points for 1 Feature Type 
Tracking Initlized in 30.66s
The initlized frame ID: 16
The lost frame ID: 22
The lost frame ID: 23
The lost frame ID: 24
The lost frame ID: 25
The lost frame ID: 26
The lost frame ID: 27
The lost frame ID: 28
The lost frame ID: 29
The lost frame ID: 30

Saving camera trajectory to TrajectoryBeforeReset_oxf_sft_spp_r11_seg04_pid3958231_1757554139350.txt ...

trajectory saved!
[Tracking] wrote pre-reset trajectory to TrajectoryBeforeReset_oxf_sft_spp_r11_seg04_pid3958231_1757554139350.txt
[Tracking] LOST for 10 consecutive frames -> reset
System Reseting
Reseting Local Mapper... done
Reseting Loop Closing... done
Reseting Database... done
1
New map created with 1520 points for 0 Feature Type 
New map created with 499 points for 1 Feature Type 
Tracking Initlized in 19.63s
The initlized frame ID: 10
Track lost soon after initialisation, reseting...
System Reseting
Reseting Local Mapper... done
Reseting Loop Closing... done
Reseting Database... done
1
New map created with 1689 points for 0 Feature Type 
New map created with 454 points for 1 Feature Type 
Tracking Initlized in 11.80s
The initlized frame ID: 6
Track lost soon after initialisation, reseting...
System Reseting
Reseting Local Mapper... done
Reseting Loop Closing... done
Reseting Database... done
0
New map created with 1278 points for 0 Feature Type 
New map created with 408 points for 1 Feature Type 
Tracking Initlized in 9.18s
The initlized frame ID: 5
Track lost soon after initialisation, reseting...
System Reseting
Reseting Local Mapper... done
Reseting Loop Closing... done
Reseting Database... done
1
New map created with 1370 points for 0 Feature Type 
New map created with 401 points for 1 Feature Type 
Tracking Initlized in 2.33s
The initlized frame ID: 1
Track lost soon after initialisation, reseting...
System Reseting
Reseting Local Mapper... done
Reseting Loop Closing... done
Reseting Database... done
0
New map created with 653 points for 0 Feature Type 
New map created with 227 points for 1 Feature Type 
Tracking Initlized in 3.92s
The initlized frame ID: 2
Track lost soon after initialisation, reseting...
System Reseting
Reseting Local Mapper... done
Reseting Loop Closing... done
Reseting Database... done
0
New map created with 1195 points for 0 Feature Type 
New map created with 390 points for 1 Feature Type 
Tracking Initlized in 10.89s
The initlized frame ID: 7
Track lost soon after initialisation, reseting...
System Reseting
Reseting Local Mapper... done
Reseting Loop Closing... done
Reseting Database... done
0
New map created with 1585 points for 0 Feature Type 
New map created with 361 points for 1 Feature Type 
Tracking Initlized in 1.82s
The initlized frame ID: 1
Track lost soon after initialisation, reseting...
System Reseting
Reseting Local Mapper... done
Reseting Loop Closing... done
Reseting Database... done
0
New map created with 1688 points for 0 Feature Type 
New map created with 337 points for 1 Feature Type 
Tracking Initlized in 1.75s
The initlized frame ID: 1
Track lost soon after initialisation, reseting...
System Reseting
Reseting Local Mapper... done
Reseting Loop Closing... done
Reseting Database... done
0
New map created with 1366 points for 0 Feature Type 
New map created with 286 points for 1 Feature Type 
Tracking Initlized in 2.43s
The initlized frame ID: 1
Track lost soon after initialisation, reseting...
System Reseting
Reseting Local Mapper... done
Reseting Loop Closing... done
Reseting Database... done
0
New map created with 1425 points for 0 Feature Type 
New map created with 315 points for 1 Feature Type 
Tracking Initlized in 1.95s
The initlized frame ID: 1
Track lost soon after initialisation, reseting...
System Reseting
Reseting Local Mapper... done
Reseting Loop Closing... done
Reseting Database... done
0
New map created with 1267 points for 0 Feature Type 
New map created with 298 points for 1 Feature Type 
Tracking Initlized in 2.41s
The initlized frame ID: 1
Track lost soon after initialisation, reseting...
System Reseting
Reseting Local Mapper... done
Reseting Loop Closing... done
Reseting Database... done
0
New map created with 1226 points for 0 Feature Type 
New map created with 303 points for 1 Feature Type 
Tracking Initlized in 1.93s
The initlized frame ID: 1
Track lost soon after initialisation, reseting...
System Reseting
Reseting Local Mapper... done
Reseting Loop Closing... done
Reseting Database... done
0
New map created with 1218 points for 0 Feature Type 
New map created with 286 points for 1 Feature Type 
Tracking Initlized in 1.89s
The initlized frame ID: 1
Track lost soon after initialisation, reseting...
System Reseting
Reseting Local Mapper... done
Reseting Loop Closing... done
Reseting Database... done
0
New map created with 1224 points for 0 Feature Type 
New map created with 325 points for 1 Feature Type 
Tracking Initlized in 2.36s
The initlized frame ID: 1
Track lost soon after initialisation, reseting...
System Reseting
Reseting Local Mapper... done
Reseting Loop Closing... done
Reseting Database... done
0
New map created with 1179 points for 0 Feature Type 
New map created with 293 points for 1 Feature Type 
Tracking Initlized in 2.10s
The initlized frame ID: 1
Track lost soon after initialisation, reseting...
System Reseting
Reseting Local Mapper... done
Reseting Loop Closing... done
Reseting Database... done
0
New map created with 1152 points for 0 Feature Type 
New map created with 316 points for 1 Feature Type 
Tracking Initlized in 1.88s
The initlized frame ID: 1
Track lost soon after initialisation, reseting...
System Reseting
Reseting Local Mapper... done
Reseting Loop Closing... done
Reseting Database... done
0
New map created with 1174 points for 0 Feature Type 
New map created with 291 points for 1 Feature Type 
Tracking Initlized in 2.01s
The initlized frame ID: 1
Track lost soon after initialisation, reseting...
System Reseting
Reseting Local Mapper... done
Reseting Loop Closing... done
Reseting Database... done
0
New map created with 1092 points for 0 Feature Type 
New map created with 334 points for 1 Feature Type 
Tracking Initlized in 1.94s
The initlized frame ID: 1
Track lost soon after initialisation, reseting...
System Reseting
Reseting Local Mapper... done
Reseting Loop Closing... done
Reseting Database... done
0
New map created with 1106 points for 0 Feature Type 
New map created with 311 points for 1 Feature Type 
Tracking Initlized in 1.83s
The initlized frame ID: 1
Track lost soon after initialisation, reseting...
System Reseting
Reseting Local Mapper... done
Reseting Loop Closing... done
Reseting Database... done
0
New map created with 1044 points for 0 Feature Type 
New map created with 259 points for 1 Feature Type 
Tracking Initlized in 1.71s
The initlized frame ID: 1
Track lost soon after initialisation, reseting...
System Reseting
Reseting Local Mapper... done
Reseting Loop Closing... done
Reseting Database... done
0
New map created with 1075 points for 0 Feature Type 
New map created with 305 points for 1 Feature Type 
Tracking Initlized in 2.15s
The initlized frame ID: 1
Track lost soon after initialisation, reseting...
System Reseting
Reseting Local Mapper... done
Reseting Loop Closing... done
Reseting Database... done
0
New map created with 1102 points for 0 Feature Type 
New map created with 313 points for 1 Feature Type 
Tracking Initlized in 2.26s
The initlized frame ID: 1
Track lost soon after initialisation, reseting...
System Reseting
Reseting Local Mapper... done
Reseting Loop Closing... done
Reseting Database... done
0
New map created with 1016 points for 0 Feature Type 
New map created with 245 points for 1 Feature Type 
Tracking Initlized in 2.50s
The initlized frame ID: 1
Track lost soon after initialisation, reseting...
System Reseting
Reseting Local Mapper... done
Reseting Loop Closing... done
Reseting Database... done
0
New map created with 975 points for 0 Feature Type 
New map created with 261 points for 1 Feature Type 
Tracking Initlized in 2.21s
The initlized frame ID: 1
Track lost soon after initialisation, reseting...
System Reseting
Reseting Local Mapper... done
Reseting Loop Closing... done
Reseting Database... done
0
New map created with 946 points for 0 Feature Type 
New map created with 254 points for 1 Feature Type 
Tracking Initlized in 2.16s
The initlized frame ID: 1
Track lost soon after initialisation, reseting...
System Reseting
Reseting Local Mapper... done
Reseting Loop Closing... done
Reseting Database... done
0
New map created with 949 points for 0 Feature Type 
New map created with 296 points for 1 Feature Type 
Tracking Initlized in 2.17s
The initlized frame ID: 1
Track lost soon after initialisation, reseting...
System Reseting
Reseting Local Mapper... done
Reseting Loop Closing... done
Reseting Database... done
0
New map created with 1019 points for 0 Feature Type 
New map created with 293 points for 1 Feature Type 
Tracking Initlized in 1.97s
The initlized frame ID: 1
Track lost soon after initialisation, reseting...
System Reseting
Reseting Local Mapper... done
Reseting Loop Closing... done
Reseting Database... done
0
New map created with 1097 points for 0 Feature Type 
New map created with 312 points for 1 Feature Type 
Tracking Initlized in 2.04s
The initlized frame ID: 1
Track lost soon after initialisation, reseting...
System Reseting
Reseting Local Mapper... done
Reseting Loop Closing... done
Reseting Database... done
0
New map created with 1133 points for 0 Feature Type 
New map created with 306 points for 1 Feature Type 
Tracking Initlized in 1.74s
The initlized frame ID: 1
Track lost soon after initialisation, reseting...
System Reseting
Reseting Local Mapper... done
Reseting Loop Closing... done
Reseting Database... done
0
New map created with 955 points for 0 Feature Type 
New map created with 349 points for 1 Feature Type 
Tracking Initlized in 1.70s
The initlized frame ID: 1
Track lost soon after initialisation, reseting...
System Reseting
Reseting Local Mapper... done
Reseting Loop Closing... done
Reseting Database... done
0
New map created with 868 points for 0 Feature Type 
New map created with 313 points for 1 Feature Type 
Tracking Initlized in 1.78s
The initlized frame ID: 1
Track lost soon after initialisation, reseting...
System Reseting
Reseting Local Mapper... done
Reseting Loop Closing... done
Reseting Database... done
0
New map created with 827 points for 0 Feature Type 
New map created with 313 points for 1 Feature Type 
Tracking Initlized in 1.89s
The initlized frame ID: 1
Track lost soon after initialisation, reseting...
System Reseting
Reseting Local Mapper... done
Reseting Loop Closing... done
Reseting Database... done
0
New map created with 702 points for 0 Feature Type 
New map created with 301 points for 1 Feature Type 
Tracking Initlized in 2.16s
The initlized frame ID: 1
Track lost soon after initialisation, reseting...
System Reseting
Reseting Local Mapper... done
Reseting Loop Closing... done
Reseting Database... done
0
New map created with 589 points for 0 Feature Type 
New map created with 315 points for 1 Feature Type 
Tracking Initlized in 1.88s
The initlized frame ID: 1
Track lost soon after initialisation, reseting...
System Reseting
Reseting Local Mapper... done
Reseting Loop Closing... done
Reseting Database... done
0
New map created with 869 points for 0 Feature Type 
New map created with 299 points for 1 Feature Type 
Tracking Initlized in 1.78s
The initlized frame ID: 1
Track lost soon after initialisation, reseting...
System Reseting
Reseting Local Mapper... done
Reseting Loop Closing... done
Reseting Database... done
0
New map created with 856 points for 0 Feature Type 
New map created with 320 points for 1 Feature Type 
Tracking Initlized in 2.04s
The initlized frame ID: 1
Track lost soon after initialisation, reseting...
System Reseting
Reseting Local Mapper... done
Reseting Loop Closing... done
Reseting Database... done
0
New map created with 807 points for 0 Feature Type 
New map created with 292 points for 1 Feature Type 
Tracking Initlized in 2.19s
The initlized frame ID: 1
Track lost soon after initialisation, reseting...
System Reseting
Reseting Local Mapper... done
Reseting Loop Closing... done
Reseting Database... done
0
New map created with 844 points for 0 Feature Type 
New map created with 316 points for 1 Feature Type 
Tracking Initlized in 2.39s
The initlized frame ID: 1
Track lost soon after initialisation, reseting...
System Reseting
Reseting Local Mapper... done
Reseting Loop Closing... done
Reseting Database... done
0
New map created with 805 points for 0 Feature Type 
New map created with 307 points for 1 Feature Type 
Tracking Initlized in 2.26s
The initlized frame ID: 1
Track lost soon after initialisation, reseting...
System Reseting
Reseting Local Mapper... done
Reseting Loop Closing... done
Reseting Database... done
0
New map created with 925 points for 0 Feature Type 
New map created with 313 points for 1 Feature Type 
Tracking Initlized in 1.90s
The initlized frame ID: 1
Track lost soon after initialisation, reseting...
System Reseting
Reseting Local Mapper... done
Reseting Loop Closing... done
Reseting Database... done
0
New map created with 952 points for 0 Feature Type 
New map created with 323 points for 1 Feature Type 
Tracking Initlized in 2.07s
The initlized frame ID: 1
Track lost soon after initialisation, reseting...
System Reseting
Reseting Local Mapper... done
Reseting Loop Closing... done
Reseting Database... done
0
New map created with 980 points for 0 Feature Type 
New map created with 348 points for 1 Feature Type 
Tracking Initlized in 2.22s
The initlized frame ID: 1
Track lost soon after initialisation, reseting...
System Reseting
Reseting Local Mapper... done
Reseting Loop Closing... done
Reseting Database... done
0
New map created with 958 points for 0 Feature Type 
New map created with 328 points for 1 Feature Type 
Tracking Initlized in 2.46s
The initlized frame ID: 1
Track lost soon after initialisation, reseting...
System Reseting
Reseting Local Mapper... done
Reseting Loop Closing... done
Reseting Database... done
0
New map created with 993 points for 0 Feature Type 
New map created with 317 points for 1 Feature Type 
Tracking Initlized in 2.53s
The initlized frame ID: 1
Track lost soon after initialisation, reseting...
System Reseting
Reseting Local Mapper... done
Reseting Loop Closing... done
Reseting Database... done
0
New map created with 1093 points for 0 Feature Type 
New map created with 373 points for 1 Feature Type 
Tracking Initlized in 2.29s
The initlized frame ID: 1
Track lost soon after initialisation, reseting...
System Reseting
Reseting Local Mapper... done
Reseting Loop Closing... done
Reseting Database... done
0
New map created with 1011 points for 0 Feature Type 
New map created with 325 points for 1 Feature Type 
Tracking Initlized in 2.21s
The initlized frame ID: 1
Track lost soon after initialisation, reseting...
System Reseting
Reseting Local Mapper... done
Reseting Loop Closing... done
Reseting Database... done
0
New map created with 926 points for 0 Feature Type 
New map created with 345 points for 1 Feature Type 
Tracking Initlized in 1.94s
The initlized frame ID: 1
Track lost soon after initialisation, reseting...
System Reseting
Reseting Local Mapper... done
Reseting Loop Closing... done
Reseting Database... done
0
New map created with 921 points for 0 Feature Type 
New map created with 341 points for 1 Feature Type 
Tracking Initlized in 2.56s
The initlized frame ID: 1
Track lost soon after initialisation, reseting...
System Reseting
Reseting Local Mapper... done
Reseting Loop Closing... done
Reseting Database... done
0
New map created with 862 points for 0 Feature Type 
New map created with 335 points for 1 Feature Type 
Tracking Initlized in 2.08s
The initlized frame ID: 1
Track lost soon after initialisation, reseting...
System Reseting
Reseting Local Mapper... done
Reseting Loop Closing... done
Reseting Database... done
0
New map created with 937 points for 0 Feature Type 
New map created with 371 points for 1 Feature Type 
Tracking Initlized in 1.91s
The initlized frame ID: 1
Track lost soon after initialisation, reseting...
System Reseting
Reseting Local Mapper... done
Reseting Loop Closing... done
Reseting Database... done
0
New map created with 1020 points for 0 Feature Type 
New map created with 368 points for 1 Feature Type 
Tracking Initlized in 1.83s
The initlized frame ID: 1
Track lost soon after initialisation, reseting...
System Reseting
Reseting Local Mapper... done
Reseting Loop Closing... done
Reseting Database... done
0
New map created with 1082 points for 0 Feature Type 
New map created with 386 points for 1 Feature Type 
Tracking Initlized in 1.81s
The initlized frame ID: 1
Track lost soon after initialisation, reseting...
System Reseting
Reseting Local Mapper... done
Reseting Loop Closing... done
Reseting Database... done
0
New map created with 1070 points for 0 Feature Type 
New map created with 413 points for 1 Feature Type 
Tracking Initlized in 1.81s
The initlized frame ID: 1
Track lost soon after initialisation, reseting...
System Reseting
Reseting Local Mapper... done
Reseting Loop Closing... done
Reseting Database... done
0
New map created with 1102 points for 0 Feature Type 
New map created with 440 points for 1 Feature Type 
Tracking Initlized in 2.42s
The initlized frame ID: 1
Track lost soon after initialisation, reseting...
System Reseting
Reseting Local Mapper... done
Reseting Loop Closing... done
Reseting Database... done
0
New map created with 1090 points for 0 Feature Type 
New map created with 429 points for 1 Feature Type 
Tracking Initlized in 2.06s
The initlized frame ID: 1
Track lost soon after initialisation, reseting...
System Reseting
Reseting Local Mapper... done
Reseting Loop Closing... done
Reseting Database... done
0
New map created with 1148 points for 0 Feature Type 
New map created with 442 points for 1 Feature Type 
Tracking Initlized in 2.16s
The initlized frame ID: 1
Track lost soon after initialisation, reseting...
System Reseting
Reseting Local Mapper... done
Reseting Loop Closing... done
Reseting Database... done
0
New map created with 1097 points for 0 Feature Type 
New map created with 405 points for 1 Feature Type 
Tracking Initlized in 2.11s
The initlized frame ID: 1
Track lost soon after initialisation, reseting...
System Reseting
Reseting Local Mapper... done
Reseting Loop Closing... done
Reseting Database... done
0
New map created with 996 points for 0 Feature Type 
New map created with 397 points for 1 Feature Type 
Tracking Initlized in 2.22s
The initlized frame ID: 1
Track lost soon after initialisation, reseting...
System Reseting
Reseting Local Mapper... done
Reseting Loop Closing... done
Reseting Database... done
0
New map created with 1004 points for 0 Feature Type 
New map created with 396 points for 1 Feature Type 
Tracking Initlized in 2.11s
The initlized frame ID: 1
Track lost soon after initialisation, reseting...
System Reseting
Reseting Local Mapper... done
Reseting Loop Closing... done
Reseting Database... done
0
New map created with 974 points for 0 Feature Type 
New map created with 396 points for 1 Feature Type 
Tracking Initlized in 2.13s
The initlized frame ID: 1
Track lost soon after initialisation, reseting...
System Reseting
Reseting Local Mapper... done
Reseting Loop Closing... done
Reseting Database... done
0
New map created with 1019 points for 0 Feature Type 
New map created with 426 points for 1 Feature Type 
Tracking Initlized in 1.83s
The initlized frame ID: 1
Track lost soon after initialisation, reseting...
System Reseting
Reseting Local Mapper... done
Reseting Loop Closing... done
Reseting Database... done
0
New map created with 960 points for 0 Feature Type 
New map created with 437 points for 1 Feature Type 
Tracking Initlized in 1.97s
The initlized frame ID: 1
Track lost soon after initialisation, reseting...
System Reseting
Reseting Local Mapper... done
Reseting Loop Closing... done
Reseting Database... done
0
New map created with 971 points for 0 Feature Type 
New map created with 404 points for 1 Feature Type 
Tracking Initlized in 2.02s
The initlized frame ID: 1
Track lost soon after initialisation, reseting...
System Reseting
Reseting Local Mapper... done
Reseting Loop Closing... done
Reseting Database... done
0
New map created with 762 points for 0 Feature Type 
New map created with 393 points for 1 Feature Type 
Tracking Initlized in 2.12s
The initlized frame ID: 1
Track lost soon after initialisation, reseting...
System Reseting
Reseting Local Mapper... done
Reseting Loop Closing... done
Reseting Database... done
1
New map created with 545 points for 0 Feature Type 
New map created with 353 points for 1 Feature Type 
Tracking Initlized in 2.09s
The initlized frame ID: 1
Track lost soon after initialisation, reseting...
System Reseting
Reseting Local Mapper... done
Reseting Loop Closing... done
Reseting Database... done
1
New map created with 753 points for 0 Feature Type 
New map created with 389 points for 1 Feature Type 
Tracking Initlized in 1.81s
The initlized frame ID: 1
Track lost soon after initialisation, reseting...
System Reseting
Reseting Local Mapper... done
Reseting Loop Closing... done
Reseting Database... done
1
New map created with 531 points for 0 Feature Type 
New map created with 351 points for 1 Feature Type 
Tracking Initlized in 2.08s
The initlized frame ID: 1
Track lost soon after initialisation, reseting...
System Reseting
Reseting Local Mapper... done
Reseting Loop Closing... done
Reseting Database... done
1
New map created with 846 points for 0 Feature Type 
New map created with 362 points for 1 Feature Type 
Tracking Initlized in 2.14s
The initlized frame ID: 1
Track lost soon after initialisation, reseting...
System Reseting
Reseting Local Mapper... done
Reseting Loop Closing... done
Reseting Database... done
1
New map created with 475 points for 0 Feature Type 
New map created with 300 points for 1 Feature Type 
Tracking Initlized in 2.04s
The initlized frame ID: 1
Track lost soon after initialisation, reseting...
System Reseting
Reseting Local Mapper... done
Reseting Loop Closing... done
Reseting Database... done
0
New map created with 1005 points for 0 Feature Type 
New map created with 342 points for 1 Feature Type 
Tracking Initlized in 1.94s
The initlized frame ID: 1
Track lost soon after initialisation, reseting...
System Reseting
Reseting Local Mapper... done
Reseting Loop Closing... done
Reseting Database... done
0
New map created with 1425 points for 0 Feature Type 
New map created with 347 points for 1 Feature Type 
Tracking Initlized in 2.72s
The initlized frame ID: 1
Track lost soon after initialisation, reseting...
System Reseting
Reseting Local Mapper... done
Reseting Loop Closing... done
Reseting Database... done
0
New map created with 1507 points for 0 Feature Type 
New map created with 396 points for 1 Feature Type 
Tracking Initlized in 2.24s
The initlized frame ID: 1
Track lost soon after initialisation, reseting...
System Reseting
Reseting Local Mapper... done
Reseting Loop Closing... done
Reseting Database... done
0
New map created with 1484 points for 0 Feature Type 
New map created with 388 points for 1 Feature Type 
Tracking Initlized in 2.06s
The initlized frame ID: 1
Track lost soon after initialisation, reseting...
System Reseting
Reseting Local Mapper... done
Reseting Loop Closing... done
Reseting Database... done
0
New map created with 1372 points for 0 Feature Type 
New map created with 423 points for 1 Feature Type 
Tracking Initlized in 1.84s
The initlized frame ID: 1
Track lost soon after initialisation, reseting...
System Reseting
Reseting Local Mapper... done
Reseting Loop Closing... done
Reseting Database... done
0
New map created with 1377 points for 0 Feature Type 
New map created with 417 points for 1 Feature Type 
Tracking Initlized in 2.10s
The initlized frame ID: 1
Track lost soon after initialisation, reseting...
System Reseting
Reseting Local Mapper... done
Reseting Loop Closing... done
Reseting Database... done
0
New map created with 1333 points for 0 Feature Type 
New map created with 395 points for 1 Feature Type 
Tracking Initlized in 2.16s
The initlized frame ID: 1
Track lost soon after initialisation, reseting...
System Reseting
Reseting Local Mapper... done
Reseting Loop Closing... done
Reseting Database... done
0
New map created with 1090 points for 0 Feature Type 
New map created with 369 points for 1 Feature Type 
Tracking Initlized in 1.98s
The initlized frame ID: 1
Track lost soon after initialisation, reseting...
System Reseting
Reseting Local Mapper... done
Reseting Loop Closing... done
Reseting Database... done
0
New map created with 843 points for 0 Feature Type 
New map created with 299 points for 1 Feature Type 
Tracking Initlized in 2.12s
The initlized frame ID: 1
Track lost soon after initialisation, reseting...
System Reseting
Reseting Local Mapper... done
Reseting Loop Closing... done
Reseting Database... done
0
New map created with 885 points for 0 Feature Type 
New map created with 327 points for 1 Feature Type 
Tracking Initlized in 2.05s
The initlized frame ID: 1
Track lost soon after initialisation, reseting...
System Reseting
Reseting Local Mapper... done
Reseting Loop Closing... done
Reseting Database... done
0
New map created with 991 points for 0 Feature Type 
New map created with 338 points for 1 Feature Type 
Tracking Initlized in 2.02s
The initlized frame ID: 1
Track lost soon after initialisation, reseting...
System Reseting
Reseting Local Mapper... done
Reseting Loop Closing... done
Reseting Database... done
0
New map created with 966 points for 0 Feature Type 
New map created with 386 points for 1 Feature Type 
Tracking Initlized in 1.76s
The initlized frame ID: 1
Track lost soon after initialisation, reseting...
System Reseting
Reseting Local Mapper... done
Reseting Loop Closing... done
Reseting Database... done
0
New map created with 1137 points for 0 Feature Type 
New map created with 423 points for 1 Feature Type 
Tracking Initlized in 2.15s
The initlized frame ID: 1
Track lost soon after initialisation, reseting...
System Reseting
Reseting Local Mapper... done
Reseting Loop Closing... done
Reseting Database... done
0
New map created with 1136 points for 0 Feature Type 
New map created with 415 points for 1 Feature Type 
Tracking Initlized in 1.95s
The initlized frame ID: 1
Track lost soon after initialisation, reseting...
System Reseting
Reseting Local Mapper... done
Reseting Loop Closing... done
Reseting Database... done
0
New map created with 949 points for 0 Feature Type 
New map created with 376 points for 1 Feature Type 
Tracking Initlized in 1.86s
The initlized frame ID: 1
Track lost soon after initialisation, reseting...
System Reseting
Reseting Local Mapper... done
Reseting Loop Closing... done
Reseting Database... done
0
New map created with 893 points for 0 Feature Type 
New map created with 396 points for 1 Feature Type 
Tracking Initlized in 1.75s
The initlized frame ID: 1
Track lost soon after initialisation, reseting...
System Reseting
Reseting Local Mapper... done
Reseting Loop Closing... done
Reseting Database... done
0
New map created with 817 points for 0 Feature Type 
New map created with 373 points for 1 Feature Type 
Tracking Initlized in 2.02s
The initlized frame ID: 1
Track lost soon after initialisation, reseting...
System Reseting
Reseting Local Mapper... done
Reseting Loop Closing... done
Reseting Database... done
0
New map created with 838 points for 0 Feature Type 
New map created with 385 points for 1 Feature Type 
Tracking Initlized in 2.04s
The initlized frame ID: 1
Track lost soon after initialisation, reseting...
System Reseting
Reseting Local Mapper... done
Reseting Loop Closing... done
Reseting Database... done
0
New map created with 722 points for 0 Feature Type 
New map created with 393 points for 1 Feature Type 
Tracking Initlized in 1.79s
The initlized frame ID: 1
Track lost soon after initialisation, reseting...
System Reseting
Reseting Local Mapper... done
Reseting Loop Closing... done
Reseting Database... done
0
New map created with 849 points for 0 Feature Type 
New map created with 347 points for 1 Feature Type 
Tracking Initlized in 2.08s
The initlized frame ID: 1
Track lost soon after initialisation, reseting...
System Reseting
Reseting Local Mapper... done
Reseting Loop Closing... done
Reseting Database... done
0
New map created with 794 points for 0 Feature Type 
New map created with 388 points for 1 Feature Type 
Tracking Initlized in 2.01s
The initlized frame ID: 1
Track lost soon after initialisation, reseting...
System Reseting
Reseting Local Mapper... done
Reseting Loop Closing... done
Reseting Database... done
0
New map created with 862 points for 0 Feature Type 
New map created with 367 points for 1 Feature Type 
Tracking Initlized in 1.91s
The initlized frame ID: 1
Track lost soon after initialisation, reseting...
System Reseting
Reseting Local Mapper... done
Reseting Loop Closing... done
Reseting Database... done
0
New map created with 784 points for 0 Feature Type 
New map created with 394 points for 1 Feature Type 
Tracking Initlized in 2.00s
The initlized frame ID: 1
Track lost soon after initialisation, reseting...
System Reseting
Reseting Local Mapper... done
Reseting Loop Closing... done
Reseting Database... done
0
New map created with 715 points for 0 Feature Type 
New map created with 384 points for 1 Feature Type 
Tracking Initlized in 2.00s
The initlized frame ID: 1
Track lost soon after initialisation, reseting...
System Reseting
Reseting Local Mapper... done
Reseting Loop Closing... done
Reseting Database... done
0
New map created with 748 points for 0 Feature Type 
New map created with 384 points for 1 Feature Type 
Tracking Initlized in 1.77s
The initlized frame ID: 1
Track lost soon after initialisation, reseting...
System Reseting
Reseting Local Mapper... done
Reseting Loop Closing... done
Reseting Database... done
0
New map created with 800 points for 0 Feature Type 
New map created with 318 points for 1 Feature Type 
Tracking Initlized in 1.84s
The initlized frame ID: 1
Track lost soon after initialisation, reseting...
System Reseting
Reseting Local Mapper... done
Reseting Loop Closing... done
Reseting Database... done
0
New map created with 938 points for 0 Feature Type 
New map created with 350 points for 1 Feature Type 
Tracking Initlized in 2.16s
The initlized frame ID: 1
Track lost soon after initialisation, reseting...
System Reseting
Reseting Local Mapper... done
Reseting Loop Closing... done
Reseting Database... done
0
New map created with 824 points for 0 Feature Type 
New map created with 320 points for 1 Feature Type 
Tracking Initlized in 2.33s
The initlized frame ID: 1
Track lost soon after initialisation, reseting...
System Reseting
Reseting Local Mapper... done
Reseting Loop Closing... done
Reseting Database... done
0
New map created with 820 points for 0 Feature Type 
New map created with 344 points for 1 Feature Type 
Tracking Initlized in 1.94s
The initlized frame ID: 1
Track lost soon after initialisation, reseting...
System Reseting
Reseting Local Mapper... done
Reseting Loop Closing... done
Reseting Database... done
0
New map created with 816 points for 0 Feature Type 
New map created with 366 points for 1 Feature Type 
Tracking Initlized in 2.26s
The initlized frame ID: 1
Track lost soon after initialisation, reseting...
System Reseting
Reseting Local Mapper... done
Reseting Loop Closing... done
Reseting Database... done
0
New map created with 825 points for 0 Feature Type 
New map created with 415 points for 1 Feature Type 
Tracking Initlized in 1.92s
The initlized frame ID: 1
Track lost soon after initialisation, reseting...
System Reseting
Reseting Local Mapper... done
Reseting Loop Closing... done
Reseting Database... done
0
New map created with 887 points for 0 Feature Type 
New map created with 414 points for 1 Feature Type 
Tracking Initlized in 1.80s
The initlized frame ID: 1
Track lost soon after initialisation, reseting...
System Reseting
Reseting Local Mapper... done
Reseting Loop Closing... done
Reseting Database... done
0
New map created with 1114 points for 0 Feature Type 
New map created with 473 points for 1 Feature Type 
Tracking Initlized in 1.84s
The initlized frame ID: 1
Track lost soon after initialisation, reseting...
System Reseting
Reseting Local Mapper... done
Reseting Loop Closing... done
Reseting Database... done
0
New map created with 1075 points for 0 Feature Type 
New map created with 460 points for 1 Feature Type 
Tracking Initlized in 2.11s
The initlized frame ID: 1
Track lost soon after initialisation, reseting...
System Reseting
Reseting Local Mapper... done
Reseting Loop Closing... done
Reseting Database... done
0
New map created with 1009 points for 0 Feature Type 
New map created with 363 points for 1 Feature Type 
Tracking Initlized in 1.97s
The initlized frame ID: 1
Track lost soon after initialisation, reseting...
System Reseting
Reseting Local Mapper... done
Reseting Loop Closing... done
Reseting Database... done
0
New map created with 1257 points for 0 Feature Type 
New map created with 429 points for 1 Feature Type 
Tracking Initlized in 2.53s
The initlized frame ID: 1
Track lost soon after initialisation, reseting...
System Reseting
Reseting Local Mapper... done
Reseting Loop Closing... done
Reseting Database... done
0
New map created with 1276 points for 0 Feature Type 
New map created with 463 points for 1 Feature Type 
Tracking Initlized in 2.24s
The initlized frame ID: 1
Track lost soon after initialisation, reseting...
System Reseting
Reseting Local Mapper... done
Reseting Loop Closing... done
Reseting Database... done
0
New map created with 1297 points for 0 Feature Type 
New map created with 438 points for 1 Feature Type 
Tracking Initlized in 2.00s
The initlized frame ID: 1
Track lost soon after initialisation, reseting...
System Reseting
Reseting Local Mapper... done
Reseting Loop Closing... done
Reseting Database... done
0
New map created with 1410 points for 0 Feature Type 
New map created with 436 points for 1 Feature Type 
Tracking Initlized in 1.88s
The initlized frame ID: 1
Track lost soon after initialisation, reseting...
System Reseting
Reseting Local Mapper... done
Reseting Loop Closing... done
Reseting Database... done
0
New map created with 1338 points for 0 Feature Type 
New map created with 461 points for 1 Feature Type 
Tracking Initlized in 2.46s
The initlized frame ID: 1
Track lost soon after initialisation, reseting...
System Reseting
Reseting Local Mapper... done
Reseting Loop Closing... done
Reseting Database... done
0
New map created with 1421 points for 0 Feature Type 
New map created with 406 points for 1 Feature Type 
Tracking Initlized in 1.88s
The initlized frame ID: 1
Track lost soon after initialisation, reseting...
System Reseting
Reseting Local Mapper... done
Reseting Loop Closing... done
Reseting Database... done
0
New map created with 1500 points for 0 Feature Type 
New map created with 402 points for 1 Feature Type 
Tracking Initlized in 2.12s
The initlized frame ID: 1
Track lost soon after initialisation, reseting...
System Reseting
Reseting Local Mapper... done
Reseting Loop Closing... done
Reseting Database... done
0
New map created with 1583 points for 0 Feature Type 
New map created with 491 points for 1 Feature Type 
Tracking Initlized in 2.08s
The initlized frame ID: 1
Track lost soon after initialisation, reseting...
System Reseting
Reseting Local Mapper... done
Reseting Loop Closing... done
Reseting Database... done
0
New map created with 1547 points for 0 Feature Type 
New map created with 476 points for 1 Feature Type 
Tracking Initlized in 1.81s
The initlized frame ID: 1
Track lost soon after initialisation, reseting...
System Reseting
Reseting Local Mapper... done
Reseting Loop Closing... done
Reseting Database... done
0
New map created with 1609 points for 0 Feature Type 
New map created with 534 points for 1 Feature Type 
Tracking Initlized in 2.03s
The initlized frame ID: 1
Track lost soon after initialisation, reseting...
System Reseting
Reseting Local Mapper... done
Reseting Loop Closing... done
Reseting Database... done
0
New map created with 1602 points for 0 Feature Type 
New map created with 483 points for 1 Feature Type 
Tracking Initlized in 1.98s
The initlized frame ID: 1
Track lost soon after initialisation, reseting...
System Reseting
Reseting Local Mapper... done
Reseting Loop Closing... done
Reseting Database... done
0
New map created with 1565 points for 0 Feature Type 
New map created with 473 points for 1 Feature Type 
Tracking Initlized in 1.82s
The initlized frame ID: 1
Track lost soon after initialisation, reseting...
System Reseting
Reseting Local Mapper... done
Reseting Loop Closing... done
Reseting Database... done
0
New map created with 1583 points for 0 Feature Type 
New map created with 460 points for 1 Feature Type 
Tracking Initlized in 1.93s
The initlized frame ID: 1
Track lost soon after initialisation, reseting...
System Reseting
Reseting Local Mapper... done
Reseting Loop Closing... done
Reseting Database... done
0
New map created with 1499 points for 0 Feature Type 
New map created with 397 points for 1 Feature Type 
Tracking Initlized in 2.31s
The initlized frame ID: 1
Track lost soon after initialisation, reseting...
System Reseting
Reseting Local Mapper... done
Reseting Loop Closing... done
Reseting Database... done
0
New map created with 1348 points for 0 Feature Type 
New map created with 354 points for 1 Feature Type 
Tracking Initlized in 1.99s
The initlized frame ID: 1
Track lost soon after initialisation, reseting...
System Reseting
Reseting Local Mapper... done
Reseting Loop Closing... done
Reseting Database... done
0
New map created with 1288 points for 0 Feature Type 
New map created with 319 points for 1 Feature Type 
Tracking Initlized in 2.11s
The initlized frame ID: 1
Track lost soon after initialisation, reseting...
System Reseting
Reseting Local Mapper... done
Reseting Loop Closing... done
Reseting Database... done
0
New map created with 1275 points for 0 Feature Type 
New map created with 304 points for 1 Feature Type 
Tracking Initlized in 2.11s
The initlized frame ID: 1
Track lost soon after initialisation, reseting...
System Reseting
Reseting Local Mapper... done
Reseting Loop Closing... done
Reseting Database... done
0
New map created with 1157 points for 0 Feature Type 
New map created with 288 points for 1 Feature Type 
Tracking Initlized in 2.18s
The initlized frame ID: 1
Track lost soon after initialisation, reseting...
System Reseting
Reseting Local Mapper... done
Reseting Loop Closing... done
Reseting Database... done
0
New map created with 1020 points for 0 Feature Type 
New map created with 270 points for 1 Feature Type 
Tracking Initlized in 1.97s
The initlized frame ID: 1
Track lost soon after initialisation, reseting...
System Reseting
Reseting Local Mapper... done
Reseting Loop Closing... done
Reseting Database... done
0
New map created with 1349 points for 0 Feature Type 
New map created with 370 points for 1 Feature Type 
Tracking Initlized in 3.83s
The initlized frame ID: 2
Track lost soon after initialisation, reseting...
System Reseting
Reseting Local Mapper... done
Reseting Loop Closing... done
Reseting Database... done
0
New map created with 1058 points for 0 Feature Type 
New map created with 326 points for 1 Feature Type 
Tracking Initlized in 4.22s
The initlized frame ID: 2
The lost frame ID: 1833
The lost frame ID: 1834
The lost frame ID: 1835
The lost frame ID: 1836
The lost frame ID: 1837
The lost frame ID: 1838
The lost frame ID: 1839
The lost frame ID: 1840
The lost frame ID: 1841

Saving camera trajectory to TrajectoryBeforeReset_oxf_sft_spp_r11_seg05_pid3958231_1757555037925.txt ...

trajectory saved!
[Tracking] wrote pre-reset trajectory to TrajectoryBeforeReset_oxf_sft_spp_r11_seg05_pid3958231_1757555037925.txt
[Tracking] LOST for 10 consecutive frames -> reset
System Reseting
Reseting Local Mapper... done
Reseting Loop Closing... done
Reseting Database... done
0
New map created with 1299 points for 0 Feature Type 
New map created with 386 points for 1 Feature Type 
Tracking Initlized in 181.37s
The initlized frame ID: 104
The lost frame ID: 155
The lost frame ID: 156
The lost frame ID: 157
The lost frame ID: 158
The lost frame ID: 159
The lost frame ID: 160
The lost frame ID: 161
The lost frame ID: 162
The lost frame ID: 163

Saving camera trajectory to TrajectoryBeforeReset_oxf_sft_spp_r11_seg06_pid3958231_1757555110133.txt ...

trajectory saved!
[Tracking] wrote pre-reset trajectory to TrajectoryBeforeReset_oxf_sft_spp_r11_seg06_pid3958231_1757555110133.txt
[Tracking] LOST for 10 consecutive frames -> reset
System Reseting
Reseting Local Mapper... done
Reseting Loop Closing... done
Reseting Database... done
0
New map created with 634 points for 0 Feature Type 
New map created with 324 points for 1 Feature Type 
Tracking Initlized in 2.27s
The initlized frame ID: 1
System::StopViewer()
System::StopViewer() done

Saving correlation status...

========== Global Summary ==========
Frames: 2672
avg_CorrEdges: 1.43301
avg_match_A: 269.72
avg_match_B: 89.4356
global_RI_MNR: 0.0160228
global_RI_GNR: 0.00922649
global_RI_DICE: 0.00797987

========== Per-Channel Summary ==========
   chA   chB     avgCorr        avgA        avgB   avgRI_MNR   avgRI_GNR  avgRI_DICE
     0     1     1.43301      269.72     89.4356   0.0134922  0.00860666  0.00778478

Correlation status saved!

System Shutdown
-------

median tracking time: 0.391408
mean tracking time: 0.428483

Saving camera trajectory to result11.txt ...

trajectory saved!
All done

========== Performance Summary (ms) ==========
name                                mean      median        rmse         min         max       count
Lost Count                         1.000       1.000       0.000       1.000       1.000           6
Tracking                          20.721      15.228      25.739       1.153     976.607        3458
Reset Count                        1.000       1.000       0.000       1.000       1.000         716
Correlation                        0.335       0.285       0.243       0.005       5.098        2688
Total Init                    101367.940  101367.940       0.000  101367.940  101367.940           1
Pipeline                         424.925     387.837     135.802     185.264    1249.758        7513
SuperPoint Extract               330.526     329.140      38.857     161.368     688.155        7513
SIFT Extract                     185.703     186.352      30.248      95.811     327.807        7513
