1.971323 0.001598975 -0.000377738 0.032108001 0.001054690 0.023453312 0.001837385 0.999722660
2.074937 0.004404050 -0.000913521 0.063789412 0.001958952 0.046777260 0.001451740 0.998902380
2.178679 0.008810226 -0.001533480 0.095041528 0.003549043 0.069840468 0.002618355 0.997548401
2.282428 0.014705706 -0.002247711 0.126229554 0.005879652 0.092839047 0.004453428 0.995653808
2.386034 0.021986686 -0.002723320 0.157999367 0.006785966 0.115300193 0.004708899 0.993296325
2.489649 0.030442925 -0.003539354 0.188122302 0.007040775 0.136892021 0.007037414 0.990535975
2.593387 0.040491618 -0.004428778 0.218904108 0.007552831 0.157205209 0.008780143 0.987498045
2.697006 0.051677052 -0.005225108 0.249249488 0.008984097 0.176106691 0.009027422 0.984288692
2.800620 0.064605355 -0.005940377 0.280558020 0.008524304 0.193630502 0.009475128 0.980991721
2.904387 0.078299887 -0.006850821 0.310884833 0.007988989 0.210959002 0.010560217 0.977405190
3.008111 0.093321711 -0.007715470 0.341461778 0.008056159 0.227745175 0.010938670 0.973626018
3.111717 0.109190628 -0.008466928 0.371371955 0.008649257 0.244036436 0.009275245 0.969683111
3.215334 0.126504391 -0.009216219 0.401529133 0.009216907 0.259399146 0.009172957 0.965682626
3.319074 0.144857422 -0.010048030 0.431011379 0.009701298 0.274338514 0.010242706 0.961529672
3.422811 0.164903149 -0.010804046 0.461087286 0.009782480 0.289226919 0.011162302 0.957145512
3.526551 0.185922354 -0.011566877 0.491055340 0.009034603 0.303931892 0.010723992 0.952590585
3.630286 0.208033413 -0.012186665 0.520537436 0.008845459 0.317995220 0.011187743 0.947985053
3.733924 0.231823325 -0.012737443 0.550197423 0.009432421 0.330857307 0.012478795 0.943551123
3.837524 0.256666362 -0.013298836 0.579319060 0.010304653 0.342650533 0.014358069 0.939296663
3.941290 0.282438397 -0.013811769 0.608400285 0.011271470 0.353342712 0.016424078 0.935281813
4.044901 0.308945298 -0.014546105 0.636975527 0.012084619 0.362887383 0.019382082 0.931553006
4.148625 0.336480618 -0.015303286 0.665322900 0.012348391 0.371038646 0.021523243 0.928285837
4.252293 0.366604835 -0.015769653 0.696028709 0.012782499 0.378230631 0.023077974 0.925335407
4.355974 0.395619690 -0.016346335 0.724658132 0.012684766 0.384923995 0.024364414 0.922539413
4.459609 0.424883246 -0.016939711 0.753206491 0.012191433 0.391073614 0.024922298 0.919941127
4.563217 0.456368238 -0.017542111 0.782541573 0.012051893 0.396691352 0.024840334 0.917536736
4.666947 0.487553596 -0.018129183 0.811069369 0.013324925 0.401868582 0.024551965 0.915271163
4.770559 0.519573689 -0.018511314 0.839903474 0.014909908 0.406556249 0.024044480 0.913187623
4.874319 0.552249670 -0.019100234 0.868712962 0.016244534 0.410847932 0.024317782 0.911234736
4.977967 0.586129665 -0.019734744 0.898059428 0.016571010 0.414289385 0.024012001 0.909677505
5.081656 0.620344043 -0.020329766 0.927633524 0.016709406 0.416962147 0.023688663 0.908461452
5.185269 0.655366778 -0.021113545 0.957451224 0.017606564 0.419308394 0.024043964 0.907354593
5.288943 0.691551507 -0.021794211 0.988058865 0.018265540 0.421396911 0.023301568 0.906392872
5.392622 0.728230655 -0.022496922 1.018871427 0.018693814 0.423260748 0.023278844 0.905515850
5.496314 0.765971601 -0.023369830 1.050179124 0.018190730 0.424594104 0.023571691 0.904894114
5.600026 0.804124475 -0.023899876 1.081899405 0.017388592 0.425757259 0.024096658 0.904349327
5.703641 0.843014240 -0.024636697 1.113802314 0.016776601 0.426697940 0.024350377 0.903910637
5.807340 0.882549226 -0.025383189 1.146137357 0.017503830 0.427681953 0.025318353 0.903405070
5.910955 0.922212481 -0.025962628 1.178878188 0.017327942 0.428212076 0.025194040 0.903160810
6.014715 0.961989164 -0.026539396 1.212013245 0.018208565 0.428608298 0.025753107 0.902939737
6.118447 1.002942085 -0.027337048 1.245562553 0.018295260 0.428618670 0.025783814 0.902932167
6.221927 1.044801354 -0.028302567 1.279244661 0.018845294 0.428326517 0.025209652 0.903075695
6.325669 1.086892247 -0.029356750 1.313692212 0.018872445 0.427786648 0.025624927 0.903319299
6.429280 1.129965067 -0.030248154 1.348861694 0.018264515 0.427235246 0.025391271 0.903599322
6.533021 1.172349215 -0.031080902 1.384158254 0.018868433 0.426648051 0.025858104 0.903851092
6.636673 1.215740085 -0.032072801 1.420100927 0.019124951 0.426178664 0.025630800 0.904073596
6.740399 1.258826733 -0.032881919 1.456505418 0.019735921 0.425894320 0.026214302 0.904177725
6.844097 1.303920746 -0.033596531 1.493628263 0.019854279 0.425312817 0.026267665 0.904447258
6.947755 1.349317193 -0.035066865 1.531431913 0.019374812 0.424930364 0.027741244 0.904593408
7.051471 1.395015240 -0.035771035 1.569617510 0.018733375 0.424655408 0.028745616 0.904704690
7.155209 1.440839529 -0.036856197 1.607610106 0.019468095 0.424240410 0.029408332 0.904862523
7.258923 1.487512589 -0.037711740 1.646591783 0.020617483 0.423914492 0.029815767 0.904976487
7.362568 1.534710526 -0.038738921 1.685838938 0.020382171 0.423576474 0.029440623 0.905152321
7.466210 1.582476139 -0.040102102 1.725505352 0.020272698 0.423560709 0.029777082 0.905151188
7.569925 1.629167676 -0.041416075 1.765821934 0.019841701 0.423555255 0.030117841 0.905152023
7.673572 1.676516056 -0.043009721 1.806771040 0.020275710 0.423630625 0.031175114 0.905071318
7.777286 1.724882364 -0.043114815 1.847232342 0.020247357 0.423640221 0.031087827 0.905070424
7.881024 1.774564266 -0.043786593 1.888366938 0.020931924 0.423661172 0.030852266 0.905053139
7.984696 1.822145224 -0.045206845 1.929549575 0.021096775 0.424019039 0.030669264 0.904887915
8.088400 1.870727301 -0.047492009 1.971357703 0.021382671 0.424651921 0.030867524 0.904577672
8.192118 1.922553658 -0.047344767 2.013302326 0.021435415 0.425145298 0.029445326 0.904392004
8.295863 1.972354531 -0.048284609 2.054939032 0.020929294 0.425693512 0.028969912 0.904161334
8.399546 2.025755167 -0.050324917 2.098004580 0.020710163 0.425866306 0.029467473 0.904068947
8.503235 2.077725410 -0.052055366 2.140961885 0.019989410 0.426097870 0.028994421 0.903991342
8.606978 2.130723238 -0.052509584 2.184961796 0.020306516 0.426859975 0.028190732 0.903650045
8.710698 2.182933092 -0.053595431 2.228636026 0.020452568 0.428366959 0.027297389 0.902960837
8.814436 2.237236500 -0.055126194 2.272108078 0.020928737 0.429917723 0.027651140 0.902201831
8.918107 2.290815115 -0.056527853 2.315918446 0.020134669 0.432085365 0.026976101 0.901204228
9.021867 2.344862223 -0.058021501 2.359821081 0.019480085 0.434407592 0.026516492 0.900115252
9.125548 2.398864031 -0.059543073 2.403730631 0.019492513 0.436756819 0.025772082 0.898999035
9.229148 2.453699589 -0.061156791 2.447435856 0.020294249 0.439014584 0.025716886 0.897882521
9.332783 2.508911848 -0.062430833 2.490829706 0.020915218 0.441199630 0.024989503 0.896817148
9.436507 2.565535307 -0.064881228 2.535160065 0.020580959 0.443650305 0.024839060 0.895619214
9.540126 2.622246742 -0.066926837 2.578769445 0.019960690 0.446079224 0.024292819 0.894441068
9.643856 2.679580450 -0.068292663 2.622576952 0.019367065 0.448810458 0.023508379 0.893107772
9.747566 2.737527847 -0.069675937 2.666106224 0.018924437 0.451485246 0.023351291 0.891772211
9.851216 2.796111107 -0.070933625 2.709412098 0.018790871 0.454136640 0.023376953 0.890427053
9.954854 2.855300665 -0.072559536 2.752192974 0.019441260 0.456581771 0.023464825 0.889159441
10.058450 2.914950848 -0.074225277 2.794883728 0.019861283 0.459214002 0.023172706 0.887801230
10.162270 2.975348234 -0.075410411 2.837678909 0.019945635 0.461977005 0.023390925 0.886358976
10.265950 3.036288261 -0.077344485 2.880345583 0.019593909 0.464604646 0.023186227 0.884997785
10.369540 3.096719265 -0.078516796 2.921718836 0.019767212 0.466591924 0.022421341 0.883967459
10.473330 3.158599377 -0.080764756 2.963066816 0.019656051 0.468542725 0.022091800 0.882945776
10.577010 3.222451687 -0.081867635 3.003921032 0.019366205 0.469793290 0.022661561 0.882273018
10.680800 3.284790993 -0.084390998 3.046632051 0.019185424 0.471808791 0.024112951 0.881162286
10.784490 3.348264456 -0.085997164 3.087528706 0.019491954 0.472855508 0.024576597 0.880581439
10.888380 3.412201643 -0.086699113 3.129431248 0.020279737 0.474094659 0.024479780 0.879899859
10.992100 3.476196527 -0.088398017 3.171441555 0.019990999 0.475447536 0.024264162 0.879182160
11.096280 3.540419102 -0.089923188 3.213660717 0.019851623 0.477307290 0.023381220 0.878201008
11.199650 3.605519772 -0.091580726 3.255945921 0.019922158 0.479307562 0.022658495 0.877128243
11.303360 3.671275854 -0.093341231 3.297827482 0.019494900 0.481169671 0.022254761 0.876128078
11.407080 3.737309456 -0.095163569 3.340003014 0.019509342 0.483247548 0.022173597 0.874985456
11.510570 3.804261208 -0.096816063 3.382172585 0.019841345 0.485238492 0.021922937 0.873881757
11.614180 3.871404171 -0.098406628 3.424305677 0.019569617 0.487260789 0.021524753 0.872771800
11.718020 3.939165592 -0.100306809 3.466091394 0.019153409 0.489174008 0.021617576 0.871707857
11.821430 4.006918907 -0.102049679 3.508034706 0.019200001 0.491023332 0.022052607 0.870655537
11.925060 4.075369358 -0.103890345 3.549792290 0.019644314 0.492843390 0.022519993 0.869604647
12.028650 4.145373821 -0.105150148 3.591377258 0.020360241 0.494409144 0.022391645 0.868702292
12.132140 4.215626717 -0.107115895 3.632826805 0.020960798 0.495903283 0.022106893 0.867843211
12.235950 4.285508156 -0.108617648 3.674281120 0.021812029 0.497413844 0.022372045 0.866950512
12.339620 4.356255531 -0.110479131 3.715922594 0.021919677 0.498957336 0.021892790 0.866072655
12.443230 4.427242756 -0.113115557 3.758143425 0.021945763 0.500652969 0.022353429 0.865081131
12.546850 4.499110222 -0.114804260 3.799499989 0.022113640 0.502413332 0.022279311 0.864057541
12.650590 4.571761608 -0.116766065 3.841254234 0.022512043 0.504211485 0.023071434 0.862978399
12.754210 4.644698143 -0.118905053 3.882527828 0.022987004 0.505670547 0.024340644 0.862076819
12.857820 4.718750000 -0.120591030 3.923273087 0.022870971 0.506803870 0.024817854 0.861400485
12.961450 4.791351795 -0.122496836 3.964192867 0.022506213 0.508114159 0.024792869 0.860638618
13.065050 4.865137100 -0.124136381 4.005160332 0.022758517 0.509416640 0.024230570 0.859877706
13.168790 4.939281940 -0.126011208 4.045697689 0.023603952 0.510718584 0.023393443 0.859105408
13.272410 5.014699936 -0.128043741 4.086022377 0.024307445 0.512110770 0.022659309 0.858276367
13.376170 5.089801311 -0.131249517 4.126170635 0.024665756 0.513355196 0.022491502 0.857526779
13.479770 5.163593769 -0.132690370 4.166986942 0.024478128 0.515176058 0.020866822 0.856480598
13.583380 5.239467144 -0.135042608 4.207054138 0.024614211 0.516875505 0.021126965 0.855445802
13.687000 5.315013409 -0.137637675 4.246968269 0.024084734 0.518434346 0.021309227 0.854512513
13.790730 5.391102314 -0.140271604 4.286744595 0.023762098 0.520124137 0.021618849 0.853486300
13.894440 5.467360497 -0.142591089 4.326714516 0.023565996 0.522012711 0.021697519 0.852335989
13.998450 5.543594837 -0.144822493 4.366724014 0.023403658 0.523820043 0.021042677 0.851247370
14.101800 5.620849133 -0.147578835 4.405342102 0.023554625 0.525340557 0.020763455 0.850312471
14.205920 5.698037148 -0.149561003 4.444261551 0.023914872 0.526829898 0.020591479 0.849384665
14.309200 5.776182652 -0.152173892 4.483235359 0.024282305 0.528074563 0.020669902 0.848599076
14.412870 5.854329109 -0.154909670 4.521479130 0.024233904 0.529202878 0.021605212 0.847873926
14.516540 5.931857109 -0.157712400 4.559317589 0.024217535 0.530329406 0.022810182 0.847138643
14.620330 6.011905193 -0.159034461 4.598982334 0.024625499 0.531634510 0.022844609 0.846307576
14.723680 6.090535164 -0.161821544 4.637566566 0.024808748 0.532899857 0.022524741 0.845514596
14.827390 6.169559002 -0.163127810 4.676826954 0.024915762 0.534199655 0.022035513 0.844703734
14.931630 6.247735500 -0.167337149 4.714743137 0.025188757 0.535516977 0.021734655 0.843868911
15.034850 6.326115608 -0.169079125 4.753746510 0.025809584 0.537042677 0.021353289 0.842889667
15.138550 6.401818275 -0.171828806 4.794295311 0.025554664 0.538677216 0.020229077 0.841881573
15.242180 6.484648705 -0.172784403 4.830688477 0.026395099 0.539795220 0.020444183 0.841133952
15.345730 6.560958862 -0.176173761 4.866592884 0.026346765 0.540863097 0.021869607 0.840413392
15.449500 6.643126011 -0.179185063 4.903251648 0.025797306 0.542053461 0.022190562 0.839654744
15.553070 6.723243713 -0.179813221 4.942583084 0.025996387 0.543586016 0.021795897 0.838667631
15.656680 6.803424835 -0.183793068 4.978033066 0.025634728 0.545060933 0.021106284 0.837738574
15.760420 6.883333683 -0.186767921 5.014486313 0.025223689 0.546584368 0.020748263 0.836766899
15.864040 6.962262630 -0.188355774 5.049242020 0.024677344 0.548283160 0.020285923 0.835682392
15.967780 7.042508125 -0.191138923 5.088293552 0.024913894 0.550135255 0.020314898 0.834456563
16.071400 7.122056484 -0.193215609 5.121424675 0.024732340 0.551844120 0.019871287 0.833343565
16.175170 7.203575611 -0.197140262 5.157080650 0.024259660 0.553789735 0.019710228 0.832069635
16.278760 7.282528877 -0.198565349 5.190138340 0.024189204 0.555474699 0.019197371 0.830959797
16.382370 7.362690926 -0.201452434 5.226222515 0.024532961 0.557570159 0.019163376 0.829545915
16.486210 7.443016052 -0.203796700 5.256491661 0.024644535 0.558810711 0.019172033 0.828707218
16.589730 7.523645401 -0.206838191 5.289680004 0.024603723 0.560503781 0.019429175 0.827558279
16.693380 7.604819298 -0.209418654 5.322902679 0.024424395 0.562249541 0.018423455 0.826401532
16.796960 7.686334133 -0.213190019 5.356133461 0.024471410 0.564058125 0.018943962 0.825154960
16.900690 7.768330574 -0.214872718 5.386626244 0.024822934 0.565352321 0.018887971 0.824259579
17.004320 7.849256992 -0.217147723 5.418731689 0.025456363 0.567057133 0.019338515 0.823057830
17.107930 7.932842255 -0.219570279 5.451134205 0.026691407 0.568546951 0.019953137 0.821975589
17.212260 8.012886047 -0.222983852 5.483843803 0.027047697 0.570254922 0.020601276 0.820763886
17.315330 8.097618103 -0.222525954 5.516777039 0.028741907 0.571603894 0.020691423 0.819765091
17.418950 8.180108070 -0.225611404 5.547166824 0.029811228 0.572718084 0.020903872 0.818943441
17.522740 8.264197350 -0.227876931 5.578129768 0.030123696 0.574036956 0.021096315 0.818003058
17.626280 8.348114967 -0.231436074 5.609468937 0.030766571 0.575618207 0.021458637 0.816857755
17.730020 8.433207512 -0.234338760 5.640633106 0.030608753 0.577249587 0.021056756 0.815722108
17.833610 8.518527985 -0.237364590 5.671492100 0.031317212 0.578896642 0.021386866 0.814518571
17.937820 8.604720116 -0.240535766 5.702274323 0.031392314 0.580435097 0.020990906 0.813430429
18.041020 8.690872192 -0.243107632 5.732425690 0.031172110 0.581726730 0.020108219 0.812537968
18.144610 8.777639389 -0.246131614 5.762087822 0.031454094 0.582870007 0.020817824 0.811689496
18.248220 8.864833832 -0.249452248 5.791438580 0.031410709 0.583790600 0.021741686 0.811005116
18.351820 8.953163147 -0.251803905 5.821199417 0.031693690 0.584783316 0.022062326 0.810269833
18.455670 9.041232109 -0.254612952 5.851032257 0.031590417 0.585738778 0.022206550 0.809579551
18.559140 9.129341125 -0.257344931 5.880800247 0.030919181 0.586889565 0.021935025 0.808779001
18.663050 9.218889236 -0.260252386 5.910168648 0.031147024 0.587998867 0.022749586 0.807941616
18.766280 9.307740211 -0.263333440 5.939337730 0.030920316 0.589032769 0.023058554 0.807188094
18.869920 9.396104813 -0.265977710 5.968383312 0.031314451 0.589967430 0.022734452 0.806499243
18.973530 9.487150192 -0.268973470 5.997838974 0.032376200 0.591270506 0.021676816 0.805531561
19.077140 9.577388763 -0.272349030 6.026630402 0.032134011 0.592659950 0.021496484 0.804524362
19.180870 9.669419289 -0.275316238 6.055804729 0.031100372 0.594805360 0.020927178 0.802995265
19.284530 9.761815071 -0.277403951 6.084739685 0.029568519 0.597298384 0.019904833 0.801226616
19.388220 9.854461670 -0.280733049 6.112396240 0.028898941 0.599319160 0.020048205 0.799737096
19.491840 9.947708130 -0.283864975 6.139546871 0.028998887 0.601162910 0.020613851 0.798334002
19.595460 10.041847229 -0.286950022 6.166564941 0.029763980 0.603016734 0.021840449 0.796873808
19.699070 10.136559486 -0.289088666 6.192836761 0.030570876 0.604825795 0.022048110 0.795465291
19.802840 10.228363037 -0.292458117 6.219609737 0.030502483 0.606575787 0.023091404 0.794104636
19.906420 10.323457718 -0.295116365 6.245182037 0.029632697 0.608340979 0.023472467 0.792774975
20.010030 10.416413307 -0.298977077 6.272303581 0.028923120 0.610556483 0.024142677 0.791076064
20.113650 10.509363174 -0.299423635 6.295173645 0.028386194 0.612148762 0.022524783 0.789911866
20.217270 10.599714279 -0.302355498 6.320336342 0.028130550 0.614393055 0.022844026 0.788167536
20.320880 10.695169449 -0.305173755 6.343640804 0.028221279 0.616010010 0.023631392 0.786877930
20.424500 10.790264130 -0.307707191 6.366571426 0.028028624 0.617675066 0.024509441 0.785551488
20.528120 10.887417793 -0.310187221 6.388743401 0.027758116 0.618795276 0.024217816 0.784688115
20.631730 10.984888077 -0.311828554 6.412244797 0.027051117 0.620558023 0.023893045 0.783329487
20.735350 11.081046104 -0.315656871 6.435043812 0.027111851 0.621813774 0.025668869 0.782274663
20.838960 11.178969383 -0.317975223 6.457810402 0.026642257 0.622967422 0.024729477 0.781402707
20.942580 11.277599335 -0.320528746 6.480113029 0.026184017 0.624194026 0.023368578 0.780480683
21.046320 11.375375748 -0.323246896 6.502614975 0.025839539 0.625630140 0.022064056 0.779379487
21.149940 11.473775864 -0.325704098 6.523568153 0.024610613 0.626419127 0.022146041 0.778782964
21.253550 11.569723129 -0.327181935 6.545407295 0.024276566 0.628075540 0.022538820 0.777446926
21.357170 11.664749146 -0.329466432 6.565248489 0.024587490 0.629234850 0.022895956 0.776488721
21.460820 11.760594368 -0.331285000 6.585103989 0.024008436 0.630185187 0.022255823 0.775754392
21.564620 11.855970383 -0.333074123 6.604815483 0.022084583 0.631332874 0.022276904 0.774877310
21.668140 11.951136589 -0.334804744 6.624935627 0.021030543 0.632750213 0.022331428 0.773748100
21.771790 12.041765213 -0.336449564 6.643916607 0.020701066 0.634597540 0.022650026 0.772233427
21.875360 12.131238937 -0.338267982 6.661896229 0.020860070 0.636197031 0.023026822 0.770900726
21.979040 12.218721390 -0.339630365 6.681162834 0.020589756 0.638182700 0.023605991 0.769247472
22.082650 12.306252480 -0.340610504 6.697931290 0.020375239 0.639960885 0.023974214 0.767763078
22.186210 12.391470909 -0.342217505 6.713904381 0.019380046 0.641888261 0.022801850 0.766214013
22.290250 12.479350090 -0.342954576 6.728591442 0.016939461 0.643847585 0.017706934 0.764761269
22.393570 12.563389778 -0.343566746 6.742056370 0.017677579 0.645793974 0.011308857 0.763223290
22.497250 12.647876740 -0.343870223 6.753081799 0.022687614 0.647557437 0.012085489 0.761582911
22.600850 12.732645035 -0.345825195 6.763341427 0.022024050 0.648702621 0.014629926 0.760582507
22.704440 12.814550400 -0.345698714 6.774463654 0.015768323 0.650281191 0.016256625 0.759355962
22.808100 12.891425133 -0.345865399 6.784671783 0.010798482 0.651845813 0.017700391 0.758068025
22.911770 12.957695007 -0.346805066 6.794537544 0.008491085 0.653770030 0.017626943 0.756440282
23.015390 13.007523537 -0.347349346 6.803078651 0.008345455 0.655663610 0.017926866 0.754794180
23.119010 13.057253838 -0.347717673 6.812153816 0.010685538 0.658073545 0.019670244 0.752620757
23.222650 13.098409653 -0.350065351 6.824842930 0.013010550 0.660816371 0.020147437 0.750164330
23.326370 13.130836487 -0.351767123 6.837732315 0.013642817 0.664130151 0.019425131 0.747240007
23.430070 13.163958549 -0.351246387 6.848305225 0.013576740 0.666877806 0.019040221 0.744800031
23.533710 13.192296982 -0.352377743 6.856392860 0.012192326 0.669630587 0.019224992 0.742345333
23.637320 13.219922066 -0.354083300 6.865541458 0.010777500 0.672358751 0.019433757 0.739891768
23.741080 13.240743637 -0.354421884 6.874479294 0.010090318 0.675037920 0.019051204 0.737468004
23.844680 13.262090683 -0.354952037 6.885244370 0.009584303 0.677723885 0.018625772 0.735018134
23.948430 13.281557083 -0.356366515 6.895350456 0.008690765 0.680311561 0.018164022 0.732646406
24.052120 13.299996376 -0.358038008 6.904361725 0.007377350 0.683100402 0.018607996 0.730050087
24.155650 13.315780640 -0.359043747 6.912910461 0.006825550 0.685436964 0.020130696 0.727821648
24.259390 13.334385872 -0.362396985 6.922357082 0.004090339 0.687972248 0.021024499 0.725420892
24.363000 13.352456093 -0.361963779 6.932964325 0.005413150 0.690971851 0.021101806 0.722553313
24.466620 13.372817039 -0.365190893 6.942672253 0.004144286 0.693991601 0.018590078 0.719731092
24.570240 13.388690948 -0.365572274 6.948361397 0.002962943 0.696299434 0.016140820 0.717563808
24.673870 13.405600548 -0.364357978 6.958918571 0.001966030 0.699396908 0.014934468 0.714574695
24.777590 13.430349350 -0.359542847 6.969073772 0.001885251 0.702436090 0.012564939 0.711633444
24.881210 13.435625076 -0.362820566 6.976372719 -0.002824794 0.704618335 0.008799171 0.709526241
24.984880 13.427055359 -0.363465846 6.978956223 -0.005809605 0.705767572 0.005780009 0.708396018
25.088320 13.426171303 -0.363581359 6.977206230 -0.007337878 0.705705702 0.005447434 0.708446145
25.191950 13.427908897 -0.363661170 6.973624229 -0.011983483 0.704028964 0.003484053 0.710061610
25.295560 13.434574127 -0.363887697 6.968817711 -0.006792201 0.702771664 0.012894824 0.711266220
25.399160 13.437668800 -0.361965537 6.966994286 -0.003344889 0.701517999 0.018132545 0.712413132
25.502780 13.441688538 -0.361038417 6.968103886 -0.003781382 0.701109469 0.015978687 0.712864578
25.606390 13.449642181 -0.361734152 6.971272945 -0.006147451 0.701168120 0.010426974 0.712893188
25.710010 13.453482628 -0.360879034 6.971620560 -0.005601987 0.700607657 0.009325153 0.713463783
25.813620 13.457032204 -0.362080902 6.972144604 -0.005660320 0.699296594 0.009399834 0.714747429
25.917260 13.459274292 -0.363194764 6.972557545 -0.004094353 0.698303938 0.012115856 0.715687156
26.020850 13.460363388 -0.364163935 6.973205566 -0.003356275 0.696934998 0.013722666 0.716995120
26.124480 13.460889816 -0.364079565 6.973626137 -0.001179821 0.696179628 0.013402463 0.717741489
26.228100 13.463302612 -0.364000767 6.973912239 -0.004888242 0.695410490 0.010621000 0.718517601
26.331730 13.465022087 -0.364176393 6.974202156 -0.008088486 0.694906950 0.008020461 0.719009519
26.435440 13.470926285 -0.362832636 6.969948769 -0.008860023 0.693661213 0.005006468 0.720229506
26.539060 13.474737167 -0.361781448 6.967134476 -0.008777298 0.692319632 0.003431758 0.721529424
26.642670 13.474562645 -0.362256646 6.967301846 -0.008571494 0.691689670 0.005009997 0.722126663
26.746310 13.475285530 -0.362048894 6.966498375 -0.009097660 0.691333950 0.006526928 0.722448647
26.849920 13.475306511 -0.361682117 6.965989113 -0.012446541 0.690235674 0.004078492 0.723466039
26.953530 13.475532532 -0.361760527 6.965322018 -0.012963613 0.689567804 0.002768469 0.724099755
27.057260 13.475717545 -0.361704618 6.964915752 -0.012333500 0.689104140 0.001664301 0.724555492
27.160890 13.474777222 -0.361924320 6.965466499 -0.010410237 0.688628495 0.002398657 0.725035608
27.264530 13.475981712 -0.361643195 6.964721203 -0.012941579 0.687723160 0.001080702 0.725856900
27.368230 13.476140022 -0.361691147 6.964494705 -0.012080563 0.687125504 0.002630862 0.726433516
27.471850 13.477259636 -0.361669570 6.964581013 -0.012533101 0.686459959 0.002517466 0.727055252
27.575480 13.478050232 -0.361582160 6.964518547 -0.013487453 0.686389625 0.001643727 0.727107048
27.679200 13.479166031 -0.361529231 6.964478016 -0.014190192 0.685795963 0.002054451 0.727652609
27.782840 13.480591774 -0.361482531 6.964515209 -0.013596735 0.685432374 0.002584765 0.728004754
27.886560 13.481835365 -0.361504912 6.964629173 -0.012824526 0.685452819 0.002146396 0.728000939
27.990170 13.484018326 -0.361490369 6.965034485 -0.012168260 0.685142398 0.002084470 0.728304505
28.093790 13.486280441 -0.361531198 6.965076447 -0.012271168 0.684764206 0.002428042 0.728657365
28.197410 13.487253189 -0.361492008 6.964926720 -0.013808897 0.684396923 0.001958678 0.728976250
28.301020 13.488704681 -0.361435562 6.964739323 -0.014467108 0.683943033 0.001745264 0.729389906
28.404640 13.490765572 -0.361340016 6.964464188 -0.014671484 0.683741927 0.001434372 0.729575098
28.508250 13.491459846 -0.361259133 6.964379311 -0.014304382 0.684354126 0.001124391 0.729008615
28.611870 13.491512299 -0.361267567 6.964360237 -0.014044261 0.684270322 0.001414826 0.729091823
28.715630 13.491388321 -0.361262798 6.964241982 -0.014487352 0.684393346 0.002030948 0.728966236
28.819230 13.491365433 -0.361183614 6.964100838 -0.015327517 0.684296548 0.001882182 0.729040265
28.922840 13.492139816 -0.361122698 6.963613033 -0.014943943 0.684368193 0.002707750 0.728978395
29.026460 13.492705345 -0.361161470 6.963507175 -0.014105145 0.684402227 0.003234517 0.728961051
29.130070 13.493021011 -0.361040801 6.963553429 -0.014716015 0.684561908 0.002039336 0.728803396
29.233840 13.493801117 -0.361031413 6.963307381 -0.014139185 0.684078336 0.003011263 0.729265332
29.337430 13.494233131 -0.361011237 6.963122368 -0.014704095 0.684164226 0.002855918 0.729174197
29.441040 13.495234489 -0.360908538 6.962762833 -0.014994406 0.684272885 0.001819329 0.729069650
29.544660 13.495751381 -0.360903978 6.962689400 -0.014639548 0.683824778 0.001550711 0.729497850
29.648260 13.496455193 -0.360809684 6.962636471 -0.015607069 0.683557749 0.000596567 0.729729414
29.752010 13.497122765 -0.360873073 6.962589264 -0.015539552 0.683615208 0.001806001 0.729674995
29.855620 13.497450829 -0.360864669 6.962578773 -0.015574927 0.682954431 0.002806934 0.730289578
29.959120 13.497749329 -0.360854715 6.962554455 -0.015935080 0.682980061 0.002132047 0.730260074
30.062730 13.497844696 -0.360832810 6.962517738 -0.015097349 0.682654262 0.002375209 0.730581701
30.166350 13.498097420 -0.360858858 6.962575912 -0.015341025 0.682612538 0.002406367 0.730615556
30.269960 13.498590469 -0.360832900 6.962583542 -0.015326686 0.682053328 0.002347624 0.731138110
30.373580 13.499058723 -0.360867798 6.962674618 -0.016192373 0.682654977 0.002275145 0.730557859
30.477220 13.499478340 -0.360863626 6.962725639 -0.016235311 0.682683468 0.001909423 0.730531335
30.580810 13.500043869 -0.360843688 6.962751389 -0.016654167 0.682508886 0.001955847 0.730684936
30.684470 13.500450134 -0.360857040 6.962798595 -0.017485064 0.682354331 0.002799058 0.730807066
30.788170 13.501015663 -0.360844374 6.962829590 -0.017790142 0.682499349 0.002601846 0.730665028
30.891780 13.501421928 -0.360830516 6.962928772 -0.016989715 0.682963550 0.001739108 0.730252802
30.995560 13.502009392 -0.360807657 6.962917328 -0.016829349 0.682569027 -0.000172377 0.730627298
31.099140 13.502456665 -0.360858083 6.962999344 -0.016993232 0.682736754 0.000136754 0.730466783
31.202760 13.502942085 -0.360844046 6.963023663 -0.017531069 0.682689011 0.001383062 0.730497420
31.306520 13.503399849 -0.360830039 6.963070393 -0.017814890 0.682475865 0.002459332 0.730686903
31.410110 13.503938675 -0.360832661 6.963121891 -0.017670106 0.682566881 0.002341893 0.730605721
31.513850 13.504379272 -0.360845268 6.963219643 -0.017776640 0.683067083 0.001952488 0.730136633
31.617470 13.504867554 -0.360819459 6.963224411 -0.017075658 0.682785928 0.001538583 0.730417311
31.721250 13.505371094 -0.360818267 6.963223934 -0.017289815 0.682192087 0.002422474 0.730964541
31.824820 13.505798340 -0.360782206 6.963270187 -0.016886346 0.682466567 0.002868530 0.730716109
31.928570 13.506275177 -0.360779434 6.963331699 -0.017832052 0.682365477 0.001215159 0.730792642
32.032190 13.506755829 -0.360779107 6.963323593 -0.017903829 0.682000577 0.001490326 0.731130958
32.135930 13.507185936 -0.360801667 6.963383675 -0.017954335 0.682270288 0.002905131 0.730873704
32.239540 13.507656097 -0.360780597 6.963394642 -0.018149691 0.681804776 0.002771043 0.731303692
32.343330 13.508146286 -0.360751152 6.963420868 -0.019175187 0.681254983 0.000927636 0.731794417
32.447030 13.508583069 -0.360750616 6.963485718 -0.019932354 0.681739390 0.001412917 0.731322229
32.550780 13.509041786 -0.360768557 6.963517189 -0.019619392 0.681206942 0.002244155 0.731824517
32.654370 13.509504318 -0.360750884 6.963553429 -0.018795777 0.681181729 0.001620992 0.731871307
32.758130 13.509968758 -0.360757768 6.963561058 -0.018360561 0.680128872 0.002534875 0.732858300
32.861740 13.510426521 -0.360733211 6.963618755 -0.018583532 0.680279791 0.002053618 0.732713997
32.965700 13.510869026 -0.360731095 6.963702202 -0.018936547 0.680396557 0.002761150 0.732594252
33.070500 13.511335373 -0.360719323 6.963753223 -0.018648153 0.680457473 0.002134607 0.732547164
33.172920 13.511744499 -0.360711008 6.963814259 -0.018900612 0.680304587 0.001510639 0.732684255
33.276450 13.512255669 -0.360701203 6.963819027 -0.018890027 0.679543138 0.001220864 0.733391345
33.380050 13.512746811 -0.360688657 6.963867188 -0.019270217 0.679068267 0.001375317 0.733820915
33.483810 13.513177872 -0.360695273 6.963914871 -0.019592740 0.679237604 0.001502778 0.733655334
33.587620 13.513659477 -0.360697508 6.963920593 -0.020349825 0.678461254 0.001605883 0.734352529
33.691220 13.514177322 -0.360670924 6.963949203 -0.020449894 0.677987754 0.000394517 0.734788656
33.794940 13.514663696 -0.360639006 6.963977814 -0.020112315 0.677617848 -0.000912853 0.735138595
33.898640 13.515051842 -0.360660762 6.964012146 -0.020386375 0.678330898 -0.000157908 0.734473586
34.002380 13.515519142 -0.360651374 6.964058876 -0.021153178 0.678046882 -0.000278895 0.734714091
34.105990 13.515915871 -0.360663027 6.964144230 -0.021475457 0.678651035 0.000997426 0.734146118
34.209730 13.516425133 -0.360620916 6.964138508 -0.020736843 0.678410947 0.000170520 0.734389901
34.313530 13.516796112 -0.360630870 6.964176655 -0.019835060 0.678467572 0.000279846 0.734362483
34.417100 13.517150879 -0.360615134 6.964233398 -0.019247390 0.678761601 -0.000572972 0.734106183
34.520830 13.517615318 -0.360620588 6.964259148 -0.018961499 0.678429246 0.000493067 0.734420896
34.624450 13.518051147 -0.360606372 6.964272022 -0.019618349 0.679070115 0.000672132 0.733810902
34.728060 13.518544197 -0.360591590 6.964299202 -0.020096086 0.678780794 0.000262396 0.734065831
34.831800 13.518723488 -0.360612005 6.964416504 -0.020737778 0.680397928 0.001027212 0.732548594
34.935420 13.518917084 -0.360630065 6.964523315 -0.020200694 0.681365490 0.001523049 0.731662929
35.039150 13.518656731 -0.360616863 6.964490414 -0.021140259 0.681448936 -0.000300164 0.731560171
35.142780 13.518627167 -0.360599369 6.964402199 -0.020881535 0.680356741 -0.000434794 0.732583404
35.246520 13.518591881 -0.360588908 6.964327812 -0.021163745 0.679053843 -0.000488340 0.733783126
35.350130 13.518509865 -0.360588431 6.964272499 -0.021095308 0.678397834 -0.000509499 0.734391630
35.454000 13.518502235 -0.360576957 6.964213848 -0.020986712 0.677659333 -0.000945646 0.735075891
35.557430 13.518469810 -0.360569030 6.964136600 -0.019150574 0.676495075 -0.001202999 0.736197174
35.661090 13.518422127 -0.360553890 6.964009762 -0.019881792 0.674823403 -0.001322921 0.737710178
35.764770 13.518407822 -0.360521704 6.963946342 -0.019593582 0.673908651 -0.001267672 0.738553703
35.868330 13.518305779 -0.360566378 6.963946342 -0.023043148 0.673477352 -0.001807032 0.738846362
35.972070 13.518143654 -0.360560864 6.963945389 -0.019735727 0.672718763 -0.000858017 0.739634454
36.075840 13.518050194 -0.360551268 6.963930607 -0.019565461 0.671518981 -0.001514062 0.740727484
36.179530 13.518158913 -0.360541970 6.963871479 -0.019641828 0.671104491 -0.002070899 0.741099715
36.283280 13.517893791 -0.360506862 6.963750839 -0.019814298 0.669588149 -0.002051590 0.742465377
36.386840 13.518001556 -0.360479802 6.963678360 -0.019889072 0.668260038 -0.002341058 0.743658125
36.490550 13.517819405 -0.360482991 6.963661194 -0.018993368 0.667836785 -0.002464687 0.744061291
36.594140 13.517954826 -0.360477895 6.963666916 -0.019682329 0.668611407 -0.002139276 0.743348360
36.697760 13.518065453 -0.360523194 6.963706970 -0.020060075 0.668868721 -0.001361353 0.743108571
36.801500 13.518298149 -0.360503733 6.963693142 -0.018912060 0.668003380 -0.001409689 0.743916512
36.905210 13.518407822 -0.360494524 6.963684082 -0.016837813 0.667683482 -0.000066707 0.744254827
37.008850 13.518352509 -0.360491425 6.963703632 -0.017764118 0.667802155 -0.001129317 0.744125903
37.112590 13.518196106 -0.360494405 6.963767052 -0.018540470 0.668966711 -0.001540069 0.743059456
37.216330 13.518057823 -0.360509813 6.963852882 -0.018661279 0.670477748 -0.001280708 0.741693795
37.319950 13.518055916 -0.360510886 6.963831902 -0.018844653 0.670273364 -0.001400076 0.741873682
37.423720 13.518050194 -0.360505879 6.963802814 -0.018700313 0.668747067 -0.002239448 0.743251443
37.527300 13.518038750 -0.360504419 6.963800430 -0.018834645 0.669894636 -0.002727800 0.742212296
37.631050 13.517995834 -0.360507995 6.963801384 -0.019221377 0.670164883 -0.002447735 0.741959274
37.734660 13.518013000 -0.360505879 6.963802338 -0.019514322 0.670266926 -0.002262829 0.741860032
37.838400 13.518076897 -0.360502809 6.963812828 -0.019700659 0.670557857 -0.002166574 0.741592407
37.942020 13.518078804 -0.360503048 6.963812828 -0.020239310 0.670849800 -0.002428809 0.741312981
38.045630 13.518074989 -0.360504180 6.963811874 -0.019164210 0.671089113 -0.002031936 0.741126060
38.149250 13.518090248 -0.360503107 6.963816643 -0.019476717 0.671347558 -0.002513006 0.740882456
38.252870 13.518142700 -0.360506505 6.963829041 -0.019360630 0.671260238 -0.002321748 0.740965247
38.356480 13.518217087 -0.360506207 6.963846684 -0.019127201 0.670842290 -0.002527704 0.741348982
38.460100 13.518227577 -0.360503644 6.963852406 -0.019059971 0.670672357 -0.002045836 0.741505980
38.563710 13.518250465 -0.360502958 6.963854790 -0.018929249 0.670623183 -0.001802450 0.741554379
38.667310 13.518303871 -0.360503972 6.963867664 -0.018958842 0.670710564 -0.002584895 0.741472363
38.771060 13.518320084 -0.360505670 6.963871002 -0.019100031 0.670445383 -0.002865638 0.741707504
38.874760 13.518342018 -0.360506266 6.963875771 -0.019597540 0.670162857 -0.003931775 0.741944909
38.978300 13.518361092 -0.360506058 6.963880539 -0.020102682 0.669880688 -0.004204403 0.742184699
39.082020 13.518406868 -0.360504359 6.963884354 -0.019993361 0.670003653 -0.002726484 0.742083549
39.185650 13.518436432 -0.360509843 6.963888168 -0.020298166 0.669275522 -0.001342336 0.742735803
39.289260 13.518461227 -0.360508889 6.963892937 -0.019771127 0.669475377 -0.001259897 0.742570043
39.392880 13.518489838 -0.360505193 6.963894367 -0.019590393 0.668891609 -0.001853843 0.743099451
39.496500 13.518528938 -0.360504299 6.963893414 -0.018670348 0.668532729 -0.001532341 0.743446708
39.600240 13.518549919 -0.360505939 6.963903904 -0.017709179 0.668527544 -0.001125140 0.743475616
39.703850 13.518578529 -0.360503107 6.963906288 -0.018298656 0.668167293 -0.002447985 0.743781984
39.807600 13.518605232 -0.360502362 6.963908672 -0.017619431 0.667608023 -0.002368263 0.744300663
39.911340 13.518632889 -0.360502481 6.963908195 -0.017440520 0.666968107 -0.002194970 0.744878888
40.014950 13.518665314 -0.360501617 6.963921070 -0.018193286 0.667140782 -0.002709160 0.744704604
40.118690 13.518692017 -0.360502064 6.963919640 -0.018932305 0.666512966 -0.003337183 0.745245516
40.222330 13.518722534 -0.360500544 6.963928699 -0.018871767 0.666549802 -0.003867195 0.745211542
40.325920 13.518750191 -0.360500902 6.963933945 -0.017663598 0.666375101 -0.003177311 0.745400608
40.429660 13.518781662 -0.360500485 6.963937283 -0.017360780 0.665812612 -0.003462160 0.745908916
40.533280 13.518812180 -0.360500902 6.963943481 -0.017065046 0.665702522 -0.003039782 0.746015847
40.637020 13.518838882 -0.360500574 6.963947296 -0.018123897 0.665794909 -0.002902376 0.745909035
40.740630 13.518865585 -0.360499978 6.963954926 -0.018695826 0.666280925 -0.002875969 0.745460927
40.844270 13.518892288 -0.360498935 6.963953972 -0.018409789 0.666072786 -0.003907586 0.745649338
40.947990 13.518920898 -0.360499322 6.963959217 -0.017870536 0.666094005 -0.004487784 0.745640218
41.051600 13.518951416 -0.360499501 6.963966370 -0.018192645 0.665727258 -0.003762533 0.745963812
41.155220 13.518977165 -0.360498935 6.963965893 -0.017753683 0.665198565 -0.002263795 0.746452034
41.258960 13.519002914 -0.360498250 6.963968277 -0.017227337 0.664699137 -0.000764636 0.746912062
41.362570 13.519027710 -0.360498071 6.963971138 -0.016087033 0.664949536 -0.000920337 0.746714413
41.466320 13.519047737 -0.360496789 6.963973999 -0.014750465 0.664884627 -0.001235731 0.746799350
41.569920 13.519075394 -0.360497087 6.963973999 -0.013725067 0.664319217 -0.001441521 0.747321546
41.673550 13.519100189 -0.360498339 6.963972092 -0.014541678 0.663552821 -0.002045231 0.747985303
41.777290 13.519119263 -0.360495418 6.963963509 -0.014569045 0.662383735 -0.001386539 0.749021709
41.880900 13.519145966 -0.360495239 6.963962555 -0.015296952 0.661710978 -0.000923497 0.749602318
41.984640 13.519169807 -0.360493422 6.963964462 -0.015008245 0.661552072 -0.001863294 0.749746680
42.088380 13.519196510 -0.360493332 6.963970184 -0.014728654 0.661105156 -0.001501549 0.750147164
42.192000 13.519228935 -0.360494435 6.963976383 -0.015112496 0.660935640 -0.001989515 0.750287771
42.295640 13.519260406 -0.360494941 6.963983536 -0.015208391 0.660592556 -0.002364174 0.750586808
42.399350 13.519285202 -0.360495538 6.963983536 -0.015277930 0.659949541 -0.002674867 0.751149774
42.502970 13.519314766 -0.360491037 6.963976860 -0.013988443 0.658720970 -0.002971314 0.752251387
42.606580 13.519321442 -0.360491365 6.963981152 -0.015571674 0.658650100 -0.003399862 0.752280474
42.710200 13.519320488 -0.360492200 6.963980675 -0.016526977 0.658592939 -0.003436469 0.752309978
42.813810 13.519319534 -0.360491037 6.963977337 -0.015443977 0.657791138 -0.002838480 0.753036678
42.917430 13.519320488 -0.360491037 6.963975906 -0.015304695 0.657608807 -0.003353622 0.753196597
43.021170 13.519331932 -0.360490918 6.963977337 -0.014718712 0.657426834 -0.003917100 0.753364503
43.124790 13.519333839 -0.360491574 6.963980675 -0.015249297 0.657847047 -0.004211942 0.752985358
43.228400 13.519342422 -0.360491514 6.963979721 -0.015133047 0.658003271 -0.003942266 0.752852619
43.332030 13.519342422 -0.360491067 6.963982105 -0.014715973 0.658300340 -0.003613856 0.752602816
43.435640 13.519351959 -0.360491723 6.963982582 -0.014659810 0.658094943 -0.002909030 0.752786577
43.539250 13.519362450 -0.360490829 6.963983059 -0.015119772 0.657947898 -0.002989408 0.752905726
43.642870 13.519369125 -0.360491484 6.963983059 -0.015415699 0.658010244 -0.003379807 0.752843559
43.746480 13.519381523 -0.360490501 6.963981628 -0.015219833 0.657344341 -0.004983285 0.753420174
43.850090 13.519393921 -0.360490859 6.963983059 -0.014694556 0.657340288 -0.005879971 0.753427684
43.953730 13.519415855 -0.360490501 6.963977814 -0.013893985 0.656279922 -0.005795577 0.754367292
44.057450 13.519433975 -0.360488951 6.963973999 -0.013442697 0.655683100 -0.005242883 0.754898369
44.161070 13.519446373 -0.360490382 6.963973999 -0.013537965 0.654788613 -0.004809623 0.755675554
44.264680 13.519451141 -0.360491872 6.963972569 -0.014521752 0.653859973 -0.004719837 0.756461442
44.368290 13.519455910 -0.360492498 6.963969707 -0.014788286 0.653569937 -0.005067545 0.756704628
44.471930 13.519451141 -0.360493898 6.963970184 -0.015020676 0.654076397 -0.004906850 0.756263435
44.575530 13.519444466 -0.360493183 6.963965416 -0.014553828 0.653718710 -0.004699950 0.756583035
44.679140 13.519445419 -0.360492468 6.963959694 -0.014436968 0.653187633 -0.004435793 0.757045388
44.782910 13.519446373 -0.360491693 6.963959694 -0.014574151 0.652871728 -0.004858929 0.757312596
44.886500 13.519449234 -0.360491246 6.963961601 -0.014424562 0.652698100 -0.005233082 0.757462680
44.990110 13.519448280 -0.360491127 6.963964462 -0.015468694 0.653154850 -0.004410001 0.757053435
45.093740 13.519447327 -0.360489845 6.963969707 -0.015702857 0.653107345 -0.003136089 0.757095933
45.197350 13.519459724 -0.360490799 6.963985443 -0.016262796 0.653438449 -0.004178146 0.756793320
45.300980 13.519469261 -0.360491872 6.963995457 -0.015789088 0.653587937 -0.002959093 0.756680012
45.404710 13.519476891 -0.360491693 6.963997841 -0.015346177 0.653626919 -0.002631481 0.756656587
45.508320 13.519485474 -0.360492736 6.964005470 -0.015349125 0.653725326 -0.002064618 0.756573319
45.612070 13.519496918 -0.360493422 6.964013577 -0.015617002 0.654223680 -0.002040974 0.756137013
45.715670 13.519504547 -0.360493571 6.964023590 -0.016642286 0.654718578 -0.001474641 0.755687952
45.819420 13.519518852 -0.360493988 6.964030266 -0.017650576 0.655187130 -0.002325511 0.755256772
45.923030 13.519535065 -0.360492527 6.964035511 -0.017914202 0.655425787 -0.002992896 0.755041122
46.026650 13.519546509 -0.360491693 6.964042187 -0.017156251 0.655771971 -0.003446776 0.754756153
46.130280 13.519556999 -0.360493690 6.964054108 -0.017823745 0.656206012 -0.003059618 0.754364967
46.233900 13.519565582 -0.360493839 6.964064121 -0.019002009 0.656531394 -0.003171446 0.754052579
46.337490 13.519570351 -0.360494107 6.964074612 -0.018188996 0.657039285 -0.003633646 0.753628075
46.441130 13.519579887 -0.360494465 6.964086533 -0.017533027 0.657799482 -0.003734157 0.752979636
46.544720 13.519591331 -0.360494405 6.964096069 -0.017262099 0.658140421 -0.003020762 0.752691150
46.648340 13.519600868 -0.360493779 6.964109421 -0.017758857 0.659003675 -0.001769953 0.751927912
46.752090 13.519617081 -0.360494196 6.964116573 -0.018467404 0.659021735 -0.001008741 0.751896381
46.855700 13.519631386 -0.360493004 6.964118004 -0.019500412 0.658515632 -0.001329666 0.752313137
46.959440 13.519659042 -0.360493571 6.964115620 -0.019586632 0.657588124 -0.001148621 0.753122091
47.063060 13.519674301 -0.360491574 6.964118958 -0.019260976 0.656921864 -0.001854584 0.753710330
47.166550 13.519700050 -0.360492289 6.964117527 -0.018033557 0.656393528 -0.000427526 0.754202962
47.270160 13.519716263 -0.360494733 6.964118958 -0.017923951 0.655922174 0.000993798 0.754614949
47.373770 13.519744873 -0.360490590 6.964118004 -0.017842321 0.655347586 0.000470868 0.755116522
47.477390 13.519760132 -0.360491008 6.964124680 -0.018179130 0.655031681 0.001211996 0.755381703
47.581030 13.519774437 -0.360491514 6.964129925 -0.018345546 0.654218793 0.001543612 0.756081223
47.684770 13.519800186 -0.360490710 6.964127541 -0.019433653 0.653250098 0.001675251 0.756890833
47.789310 13.519824028 -0.360490531 6.964126587 -0.019229703 0.652550340 0.001659122 0.757499516
47.892090 13.519840240 -0.360489726 6.964128017 -0.020124407 0.651692986 0.000597673 0.758215606
47.995840 13.519846916 -0.360490501 6.964128971 -0.020039767 0.650894582 0.000756591 0.758903205
48.099490 13.519849777 -0.360492319 6.964133739 -0.019670341 0.650579929 0.001363016 0.759181798
48.203200 13.519862175 -0.360491276 6.964128494 -0.019032044 0.648955107 0.001681071 0.760586739
48.306820 13.519871712 -0.360493183 6.964130878 -0.019620202 0.648745239 0.001846943 0.760750473
48.410450 13.519888878 -0.360491842 6.964139938 -0.020058786 0.648823261 0.001878551 0.760672331
48.514170 13.519913673 -0.360493720 6.964152813 -0.019350812 0.649318337 0.003337005 0.760263145
48.617800 13.519933701 -0.360492408 6.964158058 -0.020177279 0.649051368 0.003268721 0.760469854
48.721660 13.519948959 -0.360491574 6.964159966 -0.020175714 0.648880661 0.003077651 0.760616362
48.825160 13.519953728 -0.360493481 6.964167118 -0.020474801 0.648643732 0.002762002 0.760811687
48.928780 13.519961357 -0.360492975 6.964172363 -0.020503746 0.648719728 0.002628595 0.760746539
49.032370 13.519965172 -0.360494554 6.964177608 -0.020862082 0.648726046 0.002895762 0.760730445
49.136000 13.519974709 -0.360494494 6.964185715 -0.020110467 0.649119258 0.002972355 0.760414958
49.239480 13.519985199 -0.360494494 6.964196205 -0.019527489 0.649453640 0.002676655 0.760145605
49.343220 13.519997597 -0.360495657 6.964205742 -0.019925384 0.649902761 0.003357504 0.759748638
49.446710 13.520008087 -0.360495985 6.964212418 -0.021163331 0.649938226 0.004914751 0.759676397
49.550580 13.520021439 -0.360495269 6.964226723 -0.021408925 0.650599837 0.004313932 0.759106636
49.654110 13.520027161 -0.360495478 6.964236736 -0.019682065 0.651377559 0.001102398 0.758497596
49.757560 13.520037651 -0.360494733 6.964245319 -0.017596105 0.651815414 -0.000555225 0.758173287
49.861160 13.520038605 -0.360490650 6.964255333 -0.019398041 0.652774036 -0.000125866 0.757304251
49.964780 13.520052910 -0.360490203 6.964257240 -0.021271847 0.652467072 0.002950358 0.757512748
50.068530 13.520062447 -0.360494554 6.964267731 -0.022098806 0.652957678 0.004055827 0.757061064
50.172010 13.520073891 -0.360496938 6.964282036 -0.022712493 0.653623879 0.004647283 0.756464362
50.275650 13.520092964 -0.360494852 6.964285374 -0.022076759 0.653060198 0.004304213 0.756971836
50.379370 13.520111084 -0.360495389 6.964289665 -0.022720564 0.652586699 0.005205777 0.757355511
50.483000 13.520122528 -0.360495210 6.964294910 -0.023040254 0.652687252 0.004970602 0.757260680
50.586610 13.520132065 -0.360496998 6.964299679 -0.023596453 0.652742267 0.005542340 0.757192194
50.690230 13.520142555 -0.360497236 6.964307308 -0.022851072 0.652504325 0.004524416 0.757426858
50.793950 13.520157814 -0.360496640 6.964316368 -0.021940967 0.652571321 0.005482671 0.757389724
50.897570 13.520167351 -0.360498607 6.964323044 -0.022015246 0.652609348 0.006601450 0.757345855
51.001310 13.520180702 -0.360501468 6.964328766 -0.022651792 0.652269006 0.007259214 0.757614255
51.105070 13.520188332 -0.360500693 6.964342117 -0.021860549 0.653135657 0.007121937 0.756891787
51.208670 13.520188332 -0.360496283 6.964355469 -0.021589579 0.653347433 0.005927672 0.756727099
51.312450 13.520200729 -0.360496461 6.964368820 -0.022684962 0.653514087 0.006559728 0.756545842
51.416040 13.520210266 -0.360495448 6.964373589 -0.022796776 0.653150678 0.006702352 0.756854951
51.519760 13.520228386 -0.360496461 6.964382172 -0.023293115 0.653351068 0.008177899 0.756652355
51.623380 13.520237923 -0.360496342 6.964385986 -0.025403552 0.653094232 0.009087531 0.756795764
51.727120 13.520256042 -0.360495865 6.964395046 -0.026949869 0.653429270 0.009766309 0.756444573
51.830730 13.520272255 -0.360496938 6.964401245 -0.027196851 0.653329968 0.009478266 0.756525159
51.934500 13.520290375 -0.360496640 6.964407921 -0.025781240 0.653300166 0.009279029 0.756603003
52.038090 13.520299911 -0.360496700 6.964412689 -0.024407625 0.653083205 0.010330154 0.756822169
52.141830 13.520318985 -0.360497713 6.964420319 -0.023754418 0.653607309 0.010806332 0.756383717
52.245440 13.520329475 -0.360497415 6.964426041 -0.024222143 0.653747916 0.010992286 0.756244719
52.349180 13.520339012 -0.360497236 6.964437008 -0.025426066 0.654562354 0.009755925 0.755517304
52.452950 13.520357132 -0.360496819 6.964449883 -0.025733653 0.655249417 0.008243425 0.754929125
52.556660 13.520365715 -0.360498667 6.964459419 -0.024625529 0.655827343 0.009445165 0.754449964
52.660280 13.520376205 -0.360499620 6.964463711 -0.024099223 0.655587554 0.011363252 0.754648924
52.763900 13.520392418 -0.360499799 6.964471817 -0.023556771 0.655809104 0.012158201 0.754461169
52.867640 13.520406723 -0.360498846 6.964478493 -0.022867722 0.656187475 0.012061192 0.754154801
52.971270 13.520421982 -0.360493422 6.964481354 -0.022213574 0.655704200 0.011472856 0.754603803
53.074870 13.520444870 -0.360491753 6.964480877 -0.022692438 0.654906094 0.011675182 0.755279243
53.178480 13.520468712 -0.360497415 6.964480400 -0.022582984 0.653933227 0.012978449 0.756103754
53.282240 13.520479202 -0.360497594 6.964484215 -0.022170762 0.653408527 0.012317586 0.756580472
53.385840 13.520496368 -0.360496163 6.964495659 -0.022080140 0.653673291 0.012076631 0.756358325
53.489460 13.520507812 -0.360498548 6.964503288 -0.022605086 0.653480172 0.012783419 0.756498039
53.593090 13.520515442 -0.360499203 6.964524746 -0.023139667 0.655075371 0.014013218 0.755079091
53.696680 13.520523071 -0.360495806 6.964549541 -0.024642047 0.657363772 0.013767946 0.753044546
53.800320 13.520520210 -0.360484719 6.964567661 -0.024388675 0.658438683 0.011096083 0.752157211
53.904040 13.520530701 -0.360488355 6.964579582 -0.024484195 0.659021437 0.010943574 0.751645744
54.007650 13.520548820 -0.360492051 6.964587212 -0.024090836 0.658925056 0.011085624 0.751740932
54.111440 13.520557404 -0.360488057 6.964600563 -0.023298318 0.659689188 0.011047496 0.751096070
54.215030 13.520565987 -0.360494852 6.964623928 -0.023832159 0.661597073 0.012792831 0.749371469
54.318750 13.520585060 -0.360492170 6.964628220 -0.022325216 0.660860360 0.013150550 0.750061452
54.422370 13.520596504 -0.360497594 6.964638710 -0.021964077 0.661413252 0.015231945 0.749545217
54.525980 13.520622253 -0.360494077 6.964636803 -0.021817690 0.660080194 0.015775159 0.750712514
54.629720 13.520648003 -0.360497713 6.964639187 -0.020917131 0.659837604 0.016984887 0.750924945
54.733340 13.520672798 -0.360491395 6.964642525 -0.019219644 0.659600079 0.017268615 0.751172423
54.837080 13.520667076 -0.360489488 6.964662552 -0.020908467 0.660913467 0.016271366 0.749994218
54.940700 13.520684242 -0.360492051 6.964675426 -0.020955831 0.660941064 0.016220782 0.749969721
55.044310 13.520716667 -0.360487103 6.964674473 -0.021913379 0.659891486 0.014828859 0.750894845
55.147950 13.520748138 -0.360493183 6.964672565 -0.023110017 0.659522831 0.013348996 0.751210570
55.251540 13.520765305 -0.360493898 6.964679718 -0.023320613 0.659319222 0.011982035 0.751405835
55.355300 13.520785332 -0.360494435 6.964690685 -0.022357246 0.659113228 0.012707900 0.751603961
55.458900 13.520800591 -0.360493541 6.964696407 -0.022447025 0.658453524 0.014084914 0.752154708
55.562540 13.520814896 -0.360493660 6.964704514 -0.023027029 0.658108115 0.015183262 0.752418101
55.666250 13.520829201 -0.360496461 6.964712143 -0.023814799 0.658099771 0.016218580 0.752379239
55.769890 13.520841599 -0.360496461 6.964716434 -0.023329992 0.657264590 0.015429746 0.753140628
55.873610 13.520860672 -0.360497236 6.964727879 -0.023337983 0.657499552 0.014756384 0.752948821
55.977290 13.520878792 -0.360498667 6.964740276 -0.023618929 0.657831013 0.015271692 0.752640188
56.080860 13.520891190 -0.360500395 6.964752674 -0.024221174 0.658087432 0.017533472 0.752347529
56.184470 13.520914078 -0.360499561 6.964760780 -0.025638768 0.657942712 0.018918309 0.752393603
56.288130 13.520933151 -0.360499144 6.964769363 -0.027295247 0.657771945 0.018885253 0.752485454
56.391700 13.520956039 -0.360497475 6.964777946 -0.030122055 0.657715261 0.016717685 0.752478480
56.495310 13.520977020 -0.360500753 6.964778900 -0.030046837 0.657100797 0.016235745 0.753028631
56.598920 13.520998001 -0.360499263 6.964770794 -0.030902086 0.654603422 0.015323119 0.755185127
56.702420 13.521018982 -0.360500276 6.964774132 -0.031399332 0.654065549 0.015209527 0.755632818
56.806030 13.521038055 -0.360499561 6.964776993 -0.029745454 0.653368533 0.015451998 0.756297529
56.909640 13.521061897 -0.360498369 6.964787483 -0.030442219 0.653780758 0.015569134 0.755911112
57.013380 13.521078110 -0.360497952 6.964794159 -0.028523719 0.653341234 0.017359769 0.756326795
57.117000 13.521089554 -0.360497057 6.964801788 -0.029143784 0.653052628 0.018112110 0.756534755
57.220620 13.521107674 -0.360497236 6.964816093 -0.031274050 0.653428614 0.018868146 0.756106436
57.324230 13.521123886 -0.360497475 6.964826584 -0.031621967 0.653568447 0.018896280 0.755970418
57.427720 13.521138191 -0.360498548 6.964834213 -0.030394882 0.653048098 0.018987505 0.756467998
57.531360 13.521158218 -0.360499203 6.964846611 -0.028186945 0.653088987 0.020000834 0.756492078
57.634950 13.521177292 -0.360499024 6.964857101 -0.028809123 0.652693927 0.020603139 0.756793380
57.738590 13.521201134 -0.360498905 6.964857101 -0.027717387 0.651134908 0.021956896 0.758137763
57.842180 13.521213531 -0.360499382 6.964859009 -0.028659897 0.649574339 0.021590451 0.759450853
57.945800 13.521234512 -0.360498905 6.964867592 -0.031850837 0.648942113 0.022079010 0.759850085
58.049530 13.521256447 -0.360498428 6.964875698 -0.033547487 0.648399949 0.024238067 0.760174036
58.153180 13.521276474 -0.360497594 6.964883327 -0.034949537 0.647586167 0.024793884 0.760786414
58.256810 13.521293640 -0.360499024 6.964893341 -0.035068948 0.647134066 0.024995146 0.761158943
58.360400 13.521309853 -0.360498667 6.964901924 -0.035480078 0.646033049 0.023636630 0.762117922
58.464000 13.521326065 -0.360499382 6.964914322 -0.036528114 0.645605624 0.023761589 0.762426674
58.567620 13.521369934 -0.360491991 6.964904308 -0.039384414 0.643524230 0.021809546 0.764100611
58.671360 13.521411896 -0.360485435 6.964894772 -0.040948514 0.640797913 0.020544460 0.766341388
58.774970 13.521424294 -0.360479832 6.964914322 -0.043805666 0.641105771 0.019599278 0.765950620
58.878710 13.521440506 -0.360481262 6.964923859 -0.044791143 0.639996111 0.020943988 0.766785562
58.982460 13.521469116 -0.360469699 6.964931488 -0.047199417 0.639702916 0.017725764 0.766966879
59.086070 13.521489143 -0.360467076 6.964926720 -0.048297036 0.636485279 0.016869843 0.769590318
59.189810 13.521512032 -0.360468984 6.964928627 -0.048856143 0.634232223 0.017502509 0.771398902
59.293570 13.521541595 -0.360466361 6.964932442 -0.050470069 0.633070648 0.016922822 0.772261620
59.397170 13.521557808 -0.360466242 6.964937210 -0.053409539 0.630859673 0.016956704 0.773870766
59.500910 13.521595001 -0.360463381 6.964938164 -0.052929312 0.629215658 0.016710008 0.775246322
59.604650 13.521625519 -0.360463023 6.964940071 -0.054722514 0.627066016 0.016097065 0.776874840
59.708260 13.521658897 -0.360458732 6.964940071 -0.051457547 0.624015629 0.017305534 0.779523611
59.812000 13.521686554 -0.360454082 6.964941025 -0.050448298 0.621402323 0.017084938 0.781679153
59.915740 13.521713257 -0.360455513 6.964942932 -0.050640255 0.618861318 0.018106062 0.783657074
60.019480 13.521745682 -0.360450029 6.964946270 -0.049294811 0.616573274 0.018285021 0.785539985
60.123100 13.521775246 -0.360446572 6.964950562 -0.048953388 0.614094079 0.018701332 0.787491143
60.226840 13.521804810 -0.360443234 6.964954376 -0.048686691 0.611766696 0.019208653 0.789304852
60.330460 13.521837234 -0.360441327 6.964957237 -0.049460940 0.609456599 0.019606499 0.791032135
60.434070 13.521865845 -0.360438824 6.964962006 -0.049343191 0.607034504 0.019386493 0.792905092
60.537830 13.521896362 -0.360436082 6.964965820 -0.049057070 0.605009854 0.019429000 0.794467747
60.641430 13.521924973 -0.360433817 6.964971542 -0.049272720 0.602688670 0.020028275 0.796201885
60.745170 13.521957397 -0.360430121 6.964977264 -0.048613589 0.600419939 0.020922001 0.797931612
60.848780 13.521988869 -0.360427499 6.964982033 -0.047613837 0.597988486 0.021184416 0.799808681
60.952400 13.522020340 -0.360424757 6.964987755 -0.047888145 0.595533907 0.022183517 0.801594615
61.056140 13.522048950 -0.360422254 6.964995384 -0.046519607 0.593464017 0.023047170 0.803184390
61.159760 13.522081375 -0.360418677 6.965001106 -0.044965196 0.591115534 0.023151021 0.804999769
61.263370 13.522110939 -0.360415816 6.965009689 -0.044930749 0.588608921 0.023389352 0.806829393
61.366980 13.522143364 -0.360412478 6.965017796 -0.045474485 0.586056054 0.024847053 0.808611751
61.470630 13.522171021 -0.360409260 6.965024948 -0.045162473 0.584289610 0.024871757 0.809905767
61.574220 13.522194862 -0.360406160 6.965030670 -0.042675219 0.582262337 0.025258370 0.811487138
61.677850 13.522224426 -0.360403299 6.965039253 -0.040844083 0.579869449 0.025499087 0.813285291
61.784120 13.522252083 -0.360401869 6.965046883 -0.041212931 0.577285528 0.026747087 0.815062881
61.885240 13.522274017 -0.360400677 6.965053558 -0.041847840 0.574778497 0.028659122 0.816735625
61.988910 13.522304535 -0.360397696 6.965062141 -0.043317355 0.572238028 0.029863426 0.818398118
62.092420 13.522334099 -0.360395074 6.965071678 -0.043538060 0.569895864 0.031001160 0.819976866
62.196570 13.522361755 -0.360393047 6.965080261 -0.044191521 0.567277014 0.030669279 0.821768403
62.300010 13.522389412 -0.360390425 6.965090275 -0.044238269 0.565015852 0.029732017 0.823356569
62.403410 13.522417068 -0.360385776 6.965088844 -0.046715640 0.558200240 0.027332874 0.827939034
62.507020 13.522469521 -0.360380173 6.965072632 -0.038784157 0.547824800 0.030535417 0.835135520
62.611050 13.522511482 -0.360376477 6.965062141 -0.037489615 0.538250506 0.030976778 0.841380656
62.714120 13.522545815 -0.360379338 6.965068817 -0.037730750 0.532855749 0.033053856 0.844718039
62.817730 13.522587776 -0.360374689 6.965068817 -0.035996232 0.524891973 0.032632466 0.849781036
62.921550 13.522626877 -0.360368729 6.965066433 -0.034451496 0.516383886 0.032170210 0.855058968
63.024960 13.522661209 -0.360362530 6.965075493 -0.033458162 0.510196626 0.031319696 0.858835876
63.128570 13.522685051 -0.360358119 6.965078354 -0.032661866 0.505823553 0.030752357 0.861469686
63.232210 13.522691727 -0.360357404 6.965080738 -0.032850247 0.505009830 0.031189268 0.861924052
63.335690 13.522700310 -0.360356331 6.965084553 -0.033198345 0.504118502 0.030600019 0.862453461
63.439300 13.522701263 -0.360356688 6.965085506 -0.033255443 0.504213035 0.031273119 0.862371862
63.542910 13.522695541 -0.360356927 6.965087891 -0.033381645 0.506175756 0.030976621 0.861227155
63.646520 13.522699356 -0.360356808 6.965090752 -0.032773156 0.505604684 0.031526200 0.861565948
63.750030 13.522706032 -0.360358000 6.965095997 -0.032680940 0.505185187 0.031861741 0.861803174
63.853630 13.522705078 -0.360358238 6.965097904 -0.031906568 0.504750490 0.031817202 0.862088442
63.957240 13.522707939 -0.360358238 6.965102673 -0.031247482 0.505198121 0.031345226 0.861867666
64.060730 13.522712708 -0.360357165 6.965103149 -0.030687813 0.503937066 0.030471379 0.862657070
64.164350 13.522718430 -0.360356688 6.965107441 -0.031081229 0.503643334 0.030930612 0.862798154
64.267970 13.522723198 -0.360356569 6.965111256 -0.031538047 0.503309131 0.030730002 0.862983763
64.371580 13.522727966 -0.360356092 6.965114594 -0.031019690 0.502545118 0.030335760 0.863461614
64.475200 13.522733688 -0.360356092 6.965117931 -0.030853327 0.502909362 0.030149199 0.863261998
64.578710 13.522740364 -0.360355616 6.965121269 -0.030296791 0.502661765 0.029855246 0.863436162
64.682580 13.522747040 -0.360354543 6.965126514 -0.029541072 0.502607048 0.028973214 0.863524258
64.785940 13.522745132 -0.360353947 6.965127945 -0.029537931 0.503584921 0.028307524 0.862976491
64.889620 13.522741318 -0.360355496 6.965130806 -0.029984413 0.504477978 0.029499197 0.862399399
64.993150 13.522738457 -0.360356688 6.965129852 -0.031005817 0.505739748 0.029354148 0.861628830
65.096770 13.522743225 -0.360356212 6.965134621 -0.031418249 0.505038440 0.029430442 0.862022579
65.200410 13.522745132 -0.360355854 6.965137482 -0.031704202 0.505458474 0.028967083 0.861781597
65.304130 13.522745132 -0.360355973 6.965142727 -0.032690920 0.506491065 0.029861648 0.861107647
65.407740 13.522748947 -0.360355020 6.965147018 -0.032912210 0.506758690 0.030560935 0.860917211
65.511370 13.522748947 -0.360355735 6.965147018 -0.032713719 0.507185280 0.032486215 0.860603034
65.614970 13.522748947 -0.360354900 6.965150356 -0.031377520 0.508134067 0.030486984 0.860166132
65.719300 13.522752762 -0.360354900 6.965153694 -0.029157277 0.507967949 0.030761363 0.860332608
65.822450 13.522757530 -0.360353112 6.965158939 -0.025987867 0.507926643 0.025978975 0.860616207
65.926080 13.522757530 -0.360353589 6.965163231 -0.025517220 0.508718610 0.026834842 0.860136151
66.029810 13.522756577 -0.360356092 6.965162277 -0.027293725 0.509322166 0.029123429 0.859649837
66.133430 13.522751808 -0.360357523 6.965162277 -0.028639222 0.510907769 0.029619223 0.858647585
66.237180 13.522754669 -0.360357165 6.965164661 -0.029952584 0.511734962 0.030430807 0.858081698
66.340900 13.522748947 -0.360357046 6.965161324 -0.031166898 0.513693988 0.031069880 0.856844068
66.444520 13.522758484 -0.360356450 6.965168953 -0.030654846 0.512104511 0.031061409 0.857813776
66.548250 13.522767067 -0.360354900 6.965175629 -0.030435925 0.511439800 0.030816665 0.858226836
66.651880 13.522771835 -0.360354662 6.965181351 -0.030298227 0.511999667 0.030451572 0.857910931
66.755490 13.522785187 -0.360351801 6.965186596 -0.029351482 0.510564208 0.029320160 0.858838201
66.859100 13.522781372 -0.360352039 6.965190887 -0.028469972 0.512105107 0.028211389 0.857987106
66.962720 13.522784233 -0.360353589 6.965194225 -0.028167523 0.512428045 0.028471572 0.857795656
67.066340 13.522789955 -0.360353708 6.965202808 -0.029091382 0.514148474 0.028525850 0.856732965
67.169960 13.522790909 -0.360353589 6.965205669 -0.029240271 0.513994277 0.028902177 0.856807768
67.273570 13.522788048 -0.360355139 6.965209484 -0.029622052 0.516046405 0.029713601 0.855532467
67.377190 13.522784233 -0.360354066 6.965212345 -0.029344372 0.517390907 0.029149773 0.854749024
67.480800 13.522785187 -0.360354543 6.965215206 -0.029273219 0.517591774 0.029858740 0.854605317
67.584290 13.522789955 -0.360355496 6.965216637 -0.028767083 0.517971635 0.030876242 0.854356170
67.687910 13.522790909 -0.360355258 6.965219021 -0.028159823 0.518601835 0.030121589 0.854021013
67.791520 13.522793770 -0.360355735 6.965224266 -0.028048685 0.519137204 0.029600708 0.853717566
67.895140 13.522801399 -0.360355735 6.965229988 -0.028550707 0.519602180 0.029837541 0.853409708
67.998740 13.522806168 -0.360355377 6.965234280 -0.029477995 0.519799531 0.030238047 0.853243887
68.102260 13.522802353 -0.360355258 6.965232849 -0.028816631 0.520593941 0.030592861 0.852769375
68.205860 13.522806168 -0.360355139 6.965235710 -0.028249687 0.520949185 0.030573903 0.852572083
68.309500 13.522809029 -0.360354662 6.965240955 -0.028456140 0.521297336 0.030862546 0.852342010
68.412960 13.522813797 -0.360353708 6.965245724 -0.028564958 0.521932364 0.030965544 0.851945937
68.516600 13.522811890 -0.360354900 6.965245724 -0.027863298 0.521862566 0.030713644 0.852020979
68.620200 13.522812843 -0.360356331 6.965247154 -0.027665028 0.522462606 0.030169575 0.851679087
68.723700 13.522815704 -0.360355735 6.965251446 -0.026887551 0.522775888 0.029796923 0.851524830
68.827300 13.522817612 -0.360355139 6.965251923 -0.026829848 0.522729039 0.029709425 0.851558506
68.930920 13.522821426 -0.360355258 6.965253830 -0.027451636 0.522796690 0.031019330 0.851450443
69.034420 13.522820473 -0.360354543 6.965256691 -0.027570462 0.524137259 0.031581480 0.850601315
69.138040 13.522824287 -0.360354424 6.965260506 -0.027243622 0.525165796 0.031644769 0.849974871
69.241640 13.522825241 -0.360354781 6.965262890 -0.026704546 0.525377452 0.030840140 0.849890769
69.345250 13.522825241 -0.360354543 6.965265274 -0.026396375 0.526483238 0.030802822 0.849217176
69.448870 13.522827148 -0.360354900 6.965267181 -0.026074616 0.526953578 0.031049358 0.848926365
69.552530 13.522834778 -0.360354424 6.965272427 -0.025470367 0.525334120 0.030652659 0.849962234
69.656100 13.522839546 -0.360353351 6.965270996 -0.025696397 0.524805605 0.030646810 0.850282013
69.759720 13.522839546 -0.360353827 6.965273857 -0.026081275 0.525133550 0.031310190 0.850043654
69.863330 13.522843361 -0.360353470 6.965278149 -0.026371969 0.525465429 0.030960573 0.849842429
69.966820 13.522847176 -0.360353112 6.965281487 -0.026502620 0.525659382 0.030597175 0.849731565
70.070460 13.522844315 -0.360353589 6.965276241 -0.025591634 0.524529338 0.030775955 0.850450993
70.174050 13.522843361 -0.360353470 6.965275288 -0.025656506 0.524399161 0.030229595 0.850548923
70.277680 13.522846222 -0.360353708 6.965279579 -0.026072344 0.525824368 0.030899582 0.849631846
70.381410 13.522845268 -0.360353470 6.965278625 -0.025860418 0.526740968 0.031511750 0.849047840
70.485050 13.522848129 -0.360353589 6.965277672 -0.025545420 0.526559472 0.031363823 0.849175394
70.588760 13.522846222 -0.360353231 6.965278625 -0.024859743 0.526761413 0.031299055 0.849072874
70.692380 13.522851944 -0.360353351 6.965282917 -0.024689304 0.527432084 0.031263418 0.848662734
70.795990 13.522848129 -0.360353470 6.965282440 -0.024133850 0.527286947 0.030738983 0.848788023
70.899760 13.522850990 -0.360353470 6.965285301 -0.023935298 0.528122187 0.030386899 0.848286927
71.003350 13.522851944 -0.360353589 6.965289593 -0.023116363 0.528922021 0.029430620 0.847844899
71.107200 13.522856712 -0.360353112 6.965290546 -0.023548385 0.529680073 0.028582398 0.847388625
71.210820 13.522859573 -0.360354066 6.965293407 -0.024303207 0.530048668 0.027739100 0.847164929
71.314340 13.522856712 -0.360354185 6.965291977 -0.024740627 0.529698193 0.027758269 0.847370744
71.418080 13.522858620 -0.360353708 6.965296268 -0.024722436 0.530899644 0.027821679 0.846616983
71.521800 13.522863388 -0.360353589 6.965300083 -0.025318664 0.531736255 0.028006013 0.846068025
71.625410 13.522861481 -0.360353708 6.965302944 -0.025067227 0.532406688 0.028384140 0.845641196
71.729150 13.522863388 -0.360353827 6.965306282 -0.024705332 0.532649338 0.028646383 0.845490217
71.832900 13.522868156 -0.360354304 6.965310574 -0.024972014 0.533529043 0.029427066 0.844900727
71.936530 13.522871017 -0.360354066 6.965312958 -0.024931809 0.533904433 0.029709024 0.844654858
72.040250 13.522873878 -0.360353351 6.965312481 -0.023715246 0.533070564 0.029233871 0.845232964
72.143990 13.522873878 -0.360352755 6.965313435 -0.022749720 0.532198071 0.029086506 0.845814168
72.247600 13.522883415 -0.360350966 6.965314865 -0.020721594 0.530870616 0.030343421 0.846655965
72.351370 13.522885323 -0.360353470 6.965315342 -0.022319254 0.530512273 0.029723994 0.846861959
72.454960 13.522884369 -0.360354185 6.965317249 -0.022697907 0.531001151 0.029456738 0.846554697
72.558610 13.522891998 -0.360354066 6.965320110 -0.023447055 0.530662239 0.029852346 0.846732974
72.662320 13.522890091 -0.360353708 6.965320587 -0.023099443 0.531285584 0.029765910 0.846354544
72.766060 13.522891045 -0.360352278 6.965322495 -0.022451140 0.531803071 0.028796202 0.846080422
72.869690 13.522894859 -0.360353351 6.965325356 -0.022155669 0.531631589 0.028845586 0.846194386
72.973420 13.522891998 -0.360354185 6.965322018 -0.023058148 0.531701326 0.026986238 0.846187770
73.077160 13.522891998 -0.360353112 6.965325832 -0.021186773 0.532207370 0.028564883 0.845866621
73.180810 13.522903442 -0.360353589 6.965330124 -0.022102969 0.533159912 0.028983120 0.845228970
73.284400 13.522903442 -0.360353470 6.965331078 -0.022890713 0.532640219 0.029094208 0.845531762
73.388130 13.522910118 -0.360351801 6.965328217 -0.021694083 0.529364944 0.026706271 0.847696245
73.491740 13.522909164 -0.360349953 6.965323925 -0.019824212 0.525247931 0.026433483 0.850307524
73.595360 13.522912025 -0.360348046 6.965327740 -0.018340301 0.526425064 0.025780657 0.849632680
73.698980 13.522913933 -0.360350549 6.965331554 -0.021739045 0.528308272 0.025633924 0.848387122
73.802720 13.522916794 -0.360353231 6.965329170 -0.022850180 0.525645614 0.028166816 0.849930108
73.906330 13.522921562 -0.360352874 6.965330601 -0.023252940 0.525144756 0.027042216 0.850265265
74.010090 13.522924423 -0.360352516 6.965332985 -0.023221508 0.524263978 0.027862485 0.850782990
74.113680 13.522924423 -0.360351920 6.965332508 -0.023329899 0.524097145 0.027785385 0.850885332
74.217430 13.522923470 -0.360352278 6.965334892 -0.023531945 0.524390280 0.028017480 0.850691557
74.321040 13.522931099 -0.360352159 6.965337276 -0.023539189 0.524387658 0.028301574 0.850683570
74.424700 13.522931099 -0.360353231 6.965336800 -0.024180941 0.522951663 0.028086470 0.851556182
74.528420 13.522935867 -0.360351920 6.965336323 -0.023999205 0.521489382 0.028096667 0.852457285
74.632010 13.522935867 -0.360352516 6.965336800 -0.024540415 0.521329761 0.028168673 0.852537096
74.735780 13.522937775 -0.360352516 6.965337276 -0.024386114 0.521259487 0.028111994 0.852586389
74.839370 13.522940636 -0.360352278 6.965339184 -0.023862500 0.520837665 0.027752431 0.852870762
74.942980 13.522942543 -0.360351443 6.965340137 -0.023624098 0.520524383 0.027213423 0.853085995
75.046740 13.522940636 -0.360350966 6.965339661 -0.023687214 0.518577695 0.027348872 0.854264617
75.150340 13.522939682 -0.360350847 6.965339184 -0.024043767 0.518632710 0.027015150 0.854231834
75.253960 13.522947311 -0.360348463 6.965340137 -0.023469085 0.516911924 0.024992557 0.855351746
75.357700 13.522948265 -0.360350370 6.965340137 -0.024973573 0.516872227 0.027191943 0.855266035
75.461430 13.522952080 -0.360349298 6.965340614 -0.024252750 0.516364634 0.026286904 0.855621636
75.565050 13.522952080 -0.360348582 6.965343952 -0.024211355 0.516795337 0.026171142 0.855366290
75.668790 13.522954941 -0.360349059 6.965344906 -0.023863962 0.517474413 0.026432430 0.854957283
75.772410 13.522959709 -0.360348225 6.965347290 -0.022964640 0.517610788 0.026227325 0.854905665
75.876160 13.522962570 -0.360348105 6.965349197 -0.023859678 0.517034948 0.026506778 0.855221033
75.979760 13.522966385 -0.360347152 6.965348721 -0.022901444 0.516780853 0.026545536 0.855399549
76.083250 13.522968292 -0.360348821 6.965351582 -0.023643093 0.516767919 0.026897741 0.855376184
76.186870 13.522969246 -0.360349655 6.965353012 -0.024401626 0.517618001 0.027339462 0.854826689
76.290480 13.522973061 -0.360350490 6.965356827 -0.026076946 0.519109428 0.028937861 0.853819668
76.394100 13.522974968 -0.360352278 6.965354443 -0.028128589 0.516083300 0.030809527 0.855521798
76.497610 13.522976875 -0.360350847 6.965356350 -0.026534339 0.515961826 0.030113677 0.855670810
76.601210 13.522979736 -0.360350370 6.965356827 -0.025954444 0.515333772 0.029920528 0.856073737
76.704860 13.522982597 -0.360350609 6.965358734 -0.025565146 0.515063643 0.030092744 0.856242001
76.808450 13.522985458 -0.360350490 6.965357304 -0.026056428 0.513061285 0.029886760 0.857435703
76.911950 13.522989273 -0.360350847 6.965360165 -0.027396809 0.513421893 0.031045448 0.857136846
77.015550 13.522989273 -0.360349536 6.965361118 -0.027277151 0.513116121 0.030485513 0.857343793
77.119180 13.522987366 -0.360350847 6.965363026 -0.028635528 0.514217377 0.031117281 0.856616676
77.222770 13.522992134 -0.360350728 6.965365410 -0.028280776 0.514327943 0.031204883 0.856558979
77.326390 13.522994041 -0.360351086 6.965368271 -0.027287029 0.514906645 0.031022839 0.856250048
77.430010 13.522996902 -0.360350847 6.965368271 -0.026356518 0.515085399 0.030406715 0.856193781
77.533630 13.522997856 -0.360351443 6.965372086 -0.027299888 0.515667915 0.031472620 0.855774999
77.637240 13.522999763 -0.360349655 6.965373516 -0.027842803 0.516215503 0.030827204 0.855450749
77.740860 13.523000717 -0.360350609 6.965374947 -0.029674439 0.517830431 0.032525681 0.854349494
77.844470 13.523003578 -0.360349536 6.965375900 -0.029418372 0.516283154 0.032039527 0.855312645
77.948260 13.523006439 -0.360350251 6.965373993 -0.029751128 0.513058364 0.031509776 0.857259035
78.051830 13.523010254 -0.360349655 6.965372086 -0.028832037 0.510712147 0.030783083 0.858716607
78.155450 13.523010254 -0.360349178 6.965372562 -0.027116703 0.508519888 0.031177798 0.860058248
78.259190 13.523014069 -0.360349536 6.965374470 -0.027699457 0.508388937 0.031606529 0.860101461
78.362800 13.523014069 -0.360349536 6.965376377 -0.028868450 0.509727478 0.031668697 0.859268069
78.466420 13.523015976 -0.360349178 6.965378761 -0.029587299 0.510320961 0.031243669 0.858906806
78.570050 13.523018837 -0.360350013 6.965381145 -0.030521128 0.511862934 0.031138578 0.857959926
78.673770 13.523019791 -0.360349178 6.965383530 -0.031149980 0.512651980 0.031332538 0.857459009
78.777380 13.523020744 -0.360350013 6.965384483 -0.031820726 0.514000237 0.032398574 0.856587172
78.881010 13.523022652 -0.360348701 6.965384960 -0.030921748 0.513828218 0.031419061 0.856759727
78.984610 13.523022652 -0.360348344 6.965385914 -0.030311296 0.513804674 0.031143961 0.856805742
79.088250 13.523027420 -0.360348225 6.965386391 -0.030358747 0.513525009 0.030883744 0.856981099
79.191840 13.523029327 -0.360347867 6.965387344 -0.030824816 0.513067484 0.030520234 0.857251406
79.295580 13.523030281 -0.360347867 6.965387344 -0.030933561 0.513492048 0.030720670 0.856986105
79.399200 13.523036957 -0.360347509 6.965389729 -0.030889960 0.512938976 0.030888241 0.857312858
79.502830 13.523036957 -0.360346794 6.965389729 -0.030001927 0.512121618 0.030440461 0.857848823
79.606430 13.523038864 -0.360346317 6.965390682 -0.030012591 0.512791634 0.030597387 0.857442498
79.710070 13.523044586 -0.360346317 6.965395451 -0.030672304 0.514100790 0.030759867 0.856629074
79.813790 13.523048401 -0.360346794 6.965396881 -0.031281475 0.514842629 0.030678933 0.856164336
79.917400 13.523046494 -0.360347271 6.965395451 -0.031161182 0.515680254 0.030757753 0.855661571
80.021040 13.523050308 -0.360346913 6.965396881 -0.031878721 0.516250789 0.030501856 0.855300248
80.124630 13.523049355 -0.360347509 6.965395927 -0.032399118 0.516599000 0.029988561 0.855088532
80.228390 13.523054123 -0.360346794 6.965395927 -0.032657556 0.516435444 0.029628396 0.855190039
80.331990 13.523058891 -0.360345483 6.965394020 -0.032747716 0.513089359 0.029649058 0.857197642
80.435600 13.523061752 -0.360345364 6.965394974 -0.032823917 0.513088524 0.029290877 0.857207537
80.539350 13.523065567 -0.360345006 6.965396404 -0.032884151 0.513162434 0.028570669 0.857185304
80.642960 13.523067474 -0.360345006 6.965395927 -0.032945748 0.514989078 0.028377375 0.856093168
80.746700 13.523070335 -0.360345006 6.965395451 -0.033641655 0.513502002 0.028294532 0.856961668
80.850320 13.523073196 -0.360345483 6.965395451 -0.033052709 0.513892353 0.029024972 0.856726229
80.954060 13.523077965 -0.360345006 6.965396404 -0.034761697 0.514382660 0.029231546 0.856357217
81.057690 13.523075104 -0.360345006 6.965394974 -0.034418192 0.514418364 0.029710829 0.856333077
81.161430 13.523082733 -0.360344172 6.965397835 -0.034117881 0.514929891 0.029848512 0.856032908
81.265030 13.523079872 -0.360344410 6.965396404 -0.034348615 0.515733659 0.029274249 0.855559468
81.368770 13.523081779 -0.360344291 6.965397835 -0.034313850 0.516032636 0.029405484 0.855376005
81.472390 13.523082733 -0.360344291 6.965397835 -0.034744635 0.516673028 0.029358974 0.854973555
81.576000 13.523089409 -0.360343575 6.965401173 -0.034210362 0.517185569 0.029722786 0.854672611
81.679610 13.523087502 -0.360343337 6.965400696 -0.034133743 0.517427087 0.030405177 0.854505479
81.783110 13.523088455 -0.360343814 6.965400696 -0.032470476 0.516659379 0.030869296 0.855018020
81.886720 13.523094177 -0.360342979 6.965403557 -0.032209769 0.517270923 0.030018114 0.854688406
81.990350 13.523093224 -0.360342860 6.965404510 -0.031859521 0.518000782 0.029966695 0.854261100
82.093950 13.523097038 -0.360343099 6.965404987 -0.032377694 0.517314255 0.029791828 0.854663730
82.197580 13.523102760 -0.360342622 6.965408325 -0.031632029 0.518365324 0.029607613 0.854061007
82.301180 13.523103714 -0.360342383 6.965407848 -0.031324226 0.518111169 0.029699896 0.854223311
82.404920 13.523106575 -0.360342860 6.965409279 -0.031918079 0.517843306 0.030520931 0.854334831
82.508540 13.523107529 -0.360342264 6.965410233 -0.032260284 0.517763376 0.030717753 0.854363382
82.612160 13.523108482 -0.360342860 6.965411663 -0.032210946 0.518295050 0.030447695 0.854052484
82.715890 13.523113251 -0.360342383 6.965412140 -0.032253597 0.517245770 0.030365385 0.854689717
82.819520 13.523112297 -0.360342026 6.965412617 -0.032719303 0.516671836 0.030386154 0.855018318
82.923130 13.523114204 -0.360342264 6.965414047 -0.033406131 0.516170204 0.031531379 0.855253279
83.026880 13.523118019 -0.360341668 6.965415478 -0.034939736 0.515062332 0.033088312 0.855800927
83.130480 13.523118019 -0.360341549 6.965416908 -0.035708908 0.513486564 0.033809658 0.856687427
83.234220 13.523120880 -0.360341430 6.965416431 -0.036246028 0.512065768 0.033473630 0.857528090
83.337860 13.523123741 -0.360341430 6.965416908 -0.034634009 0.510589480 0.032130491 0.858525753
83.441640 13.523126602 -0.360340595 6.965417862 -0.030917330 0.509542525 0.030670851 0.859342635
83.545230 13.523128510 -0.360340714 6.965419769 -0.029614585 0.507930934 0.031380367 0.860316455
83.648840 13.523130417 -0.360340357 6.965419769 -0.030279556 0.505507350 0.033414919 0.861643136
83.752550 13.523134232 -0.360340595 6.965420723 -0.031446841 0.502102077 0.034090441 0.863563776
83.856290 13.523136139 -0.360340595 6.965421677 -0.032241926 0.500959992 0.034198955 0.864193261
83.960030 13.523137093 -0.360339999 6.965422630 -0.033602230 0.499536484 0.034253191 0.864962935
84.063650 13.523139954 -0.360340238 6.965422630 -0.033166740 0.498470604 0.034150518 0.865598500
84.167410 13.523141861 -0.360339522 6.965422630 -0.032527853 0.497114480 0.034963951 0.866369843
84.271000 13.523142815 -0.360339642 6.965425014 -0.032947250 0.496100813 0.035615817 0.866908252
84.375100 13.523144722 -0.360339284 6.965425491 -0.033751965 0.495613903 0.034883618 0.867185533
84.478430 13.523146629 -0.360339046 6.965426445 -0.034274127 0.495274603 0.033929300 0.867396772
84.582130 13.523151398 -0.360338807 6.965428829 -0.034238700 0.494872004 0.032971811 0.867664874
84.685720 13.523150444 -0.360338449 6.965426445 -0.034605972 0.493563980 0.031919140 0.868434310
84.789410 13.523153305 -0.360338330 6.965430737 -0.034760613 0.493662894 0.032006338 0.868368745
84.893170 13.523156166 -0.360338092 6.965430260 -0.034972738 0.493288428 0.031975981 0.868574142
84.996840 13.523152351 -0.360338330 6.965430260 -0.035027064 0.493755728 0.032362957 0.868291974
85.100490 13.523154259 -0.360338211 6.965432167 -0.035065852 0.493553221 0.032596417 0.868396819
85.204070 13.523158073 -0.360338092 6.965432644 -0.035209574 0.492987245 0.032487668 0.868716538
85.307680 13.523162842 -0.360337257 6.965435505 -0.034560584 0.492327243 0.031858578 0.869140089
85.411440 13.523161888 -0.360338092 6.965435505 -0.034422658 0.492360413 0.032675274 0.869096458
85.515020 13.523164749 -0.360337853 6.965436459 -0.035119012 0.491521716 0.033716742 0.869503438
85.618780 13.523167610 -0.360337615 6.965436935 -0.035164494 0.490283877 0.034883097 0.870154202
85.723090 13.523170471 -0.360337496 6.965438366 -0.035225052 0.489765316 0.034831047 0.870445788
85.826500 13.523173332 -0.360336781 6.965439796 -0.034905501 0.488175869 0.035061058 0.871341884
85.929770 13.523174286 -0.360336900 6.965439796 -0.035596769 0.487244457 0.034700651 0.871849537
86.033690 13.523179054 -0.360336185 6.965443134 -0.035943858 0.487631977 0.034952823 0.871608496
86.137390 13.523178101 -0.360336781 6.965443611 -0.036108460 0.486819625 0.035835985 0.872019827
86.240760 13.523181915 -0.360336661 6.965443611 -0.035424981 0.486431748 0.036151163 0.872251272
86.344470 13.523182869 -0.360337019 6.965445995 -0.034244213 0.485288054 0.036163904 0.872934699
86.448450 13.523184776 -0.360335231 6.965446472 -0.032884978 0.483056158 0.035437826 0.874253690
86.551860 13.523184776 -0.360335708 6.965446472 -0.034682900 0.483358234 0.035673302 0.874007642
86.655630 13.523187637 -0.360334277 6.965448380 -0.034880936 0.482477605 0.035241663 0.874503672
86.759380 13.523188591 -0.360333920 6.965447426 -0.035427485 0.480855972 0.034413878 0.875407398
86.863010 13.523190498 -0.360334754 6.965447426 -0.036684796 0.478832901 0.035019018 0.876439869
86.966920 13.523189545 -0.360335231 6.965445518 -0.037132353 0.477616370 0.035119392 0.877080560
87.070550 13.523193359 -0.360334277 6.965445518 -0.036147926 0.477156192 0.034094285 0.877412558
87.174110 13.523195267 -0.360333920 6.965449810 -0.036460973 0.475794137 0.034109786 0.878138363
87.278320 13.523195267 -0.360333562 6.965450287 -0.036756366 0.475713164 0.034803554 0.878142715
87.381660 13.523200989 -0.360333323 6.965454102 -0.036264211 0.475667834 0.034788977 0.878188372
87.485350 13.523200989 -0.360333323 6.965454102 -0.035046726 0.474410415 0.034814391 0.878916621
87.588960 13.523201942 -0.360334039 6.965455055 -0.035450533 0.473992914 0.036576360 0.879054129
87.692700 13.523201942 -0.360333204 6.965453148 -0.033530682 0.473600626 0.036922876 0.879326284
87.796300 13.523207664 -0.360333323 6.965454578 -0.034096334 0.473147005 0.038728129 0.879471123
87.900120 13.523206711 -0.360333085 6.965456009 -0.034976609 0.473155886 0.039713107 0.879387856
88.003840 13.523209572 -0.360332608 6.965459347 -0.035451919 0.473384142 0.039440766 0.879258215
88.107400 13.523209572 -0.360332727 6.965458870 -0.036273245 0.472863436 0.038436938 0.879549265
88.211600 13.523213387 -0.360331893 6.965461254 -0.035546303 0.473070800 0.036628556 0.879544675
88.314960 13.523213387 -0.360331774 6.965462208 -0.036154106 0.473450184 0.036375877 0.879326165
88.418530 13.523216248 -0.360332012 6.965463161 -0.036676701 0.473690301 0.035979461 0.879191518
88.522330 13.523219109 -0.360331655 6.965466499 -0.037265703 0.473626971 0.036727231 0.879170001
88.625980 13.523221016 -0.360331655 6.965466499 -0.037622306 0.473389804 0.036019053 0.879311860
88.729780 13.523225784 -0.360330582 6.965468407 -0.038255837 0.473032892 0.035591796 0.879493952
88.833470 13.523226738 -0.360331059 6.965467453 -0.039265104 0.473742217 0.035709336 0.879062772
88.937260 13.523226738 -0.360330820 6.965468884 -0.039488990 0.473649234 0.035871632 0.879096270
89.040970 13.523230553 -0.360330343 6.965472221 -0.038938574 0.474710107 0.036727339 0.878513098
89.144560 13.523232460 -0.360329986 6.965472221 -0.039058439 0.474302500 0.038414065 0.878655791
89.248170 13.523228645 -0.360330582 6.965471268 -0.038634751 0.474930137 0.040291537 0.878251314
89.351910 13.523233414 -0.360329866 6.965473175 -0.037260301 0.474757731 0.041254304 0.878359199
89.455530 13.523234367 -0.360330224 6.965471268 -0.036220960 0.474571586 0.042607237 0.878438652
89.559150 13.523234367 -0.360330462 6.965473175 -0.036125693 0.475225151 0.044708196 0.877984703
89.662760 13.523238182 -0.360328794 6.965475559 -0.034795370 0.476279885 0.045954540 0.877402365
89.766510 13.523243904 -0.360328078 6.965476990 -0.034002166 0.476587176 0.047746185 0.877170920
89.870260 13.523242950 -0.360328197 6.965476990 -0.032276910 0.476737797 0.047597576 0.877162337
89.973980 13.523242950 -0.360328794 6.965477943 -0.031739954 0.477182865 0.048623588 0.876883626
90.077600 13.523242950 -0.360328555 6.965476990 -0.031733096 0.478522062 0.050199714 0.876064837
90.181340 13.523246765 -0.360328794 6.965480804 -0.030860653 0.479170889 0.051411744 0.875671029
90.285080 13.523248672 -0.360327959 6.965483665 -0.029713914 0.480080843 0.053073578 0.875112951
90.388820 13.523248672 -0.360327959 6.965483189 -0.029037308 0.481131345 0.054055449 0.874498427
90.492430 13.523249626 -0.360327721 6.965482712 -0.028832218 0.481591523 0.054724880 0.874210238
90.596170 13.523252487 -0.360328078 6.965485573 -0.029083010 0.484584540 0.055330686 0.872508228
90.699910 13.523255348 -0.360327601 6.965486526 -0.029455945 0.486031294 0.056209166 0.871634364
90.803530 13.523254395 -0.360327959 6.965484142 -0.029488420 0.489193738 0.056745838 0.869827449
90.907270 13.523254395 -0.360327840 6.965486526 -0.029139295 0.492090046 0.056527101 0.868218303
91.011010 13.523257256 -0.360327959 6.965486526 -0.029795604 0.496222198 0.056060404 0.865871251
91.114650 13.523262024 -0.360327363 6.965488911 -0.029984707 0.500312269 0.056021579 0.863510370
91.218370 13.523258209 -0.360327721 6.965487003 -0.029809030 0.506499946 0.054759707 0.859982908
91.322130 13.523260117 -0.360327363 6.965488434 -0.029461844 0.512643397 0.055524148 0.856297731
91.425850 13.523263931 -0.360327244 6.965488911 -0.029124497 0.518610775 0.056135435 0.852668405
91.529590 13.523262024 -0.360326886 6.965490341 -0.028865403 0.525636852 0.057367679 0.848281562
91.633230 13.523262978 -0.360326767 6.965489388 -0.028504195 0.532110751 0.057313662 0.844251573
91.736950 13.523267746 -0.360326886 6.965490818 -0.028612863 0.539313197 0.059186552 0.839535296
91.840690 13.523268700 -0.360326529 6.965491772 -0.028420400 0.546819627 0.058646966 0.834710181
91.944420 13.523271561 -0.360326409 6.965492249 -0.027866656 0.554809809 0.059178300 0.829401851
92.048160 13.523273468 -0.360326290 6.965492725 -0.028057091 0.562349439 0.058468014 0.824352741
92.151900 13.523271561 -0.360325694 6.965492725 -0.027854098 0.570852339 0.059389081 0.818428159
92.255650 13.523275375 -0.360325933 6.965493202 -0.028916538 0.578828752 0.060535494 0.812684834
92.359390 13.523275375 -0.360325813 6.965494633 -0.028623365 0.588428020 0.060355145 0.805785596
92.463120 13.523280144 -0.360325575 6.965494156 -0.029401125 0.597297788 0.060325135 0.799207032
92.566890 13.523279190 -0.360325933 6.965495110 -0.029342756 0.606394410 0.059528247 0.792389572
92.670480 13.523279190 -0.360325098 6.965494633 -0.029116701 0.615800202 0.058847595 0.785161912
92.774250 13.523280144 -0.360325098 6.965495110 -0.029810555 0.625462770 0.058630273 0.777476788
92.877970 13.523282051 -0.360324740 6.965494156 -0.030302621 0.634606361 0.059190236 0.769969463
92.981700 13.523283005 -0.360325098 6.965496063 -0.031595383 0.644460261 0.059952337 0.761628747
93.085450 13.523285866 -0.360324979 6.965495586 -0.033694148 0.653788090 0.061445490 0.753425717
93.189210 13.523285866 -0.360324502 6.965495110 -0.031958848 0.663571775 0.060067941 0.745012045
93.292930 13.523286819 -0.360324264 6.965495110 -0.031234164 0.672886372 0.058572177 0.736761570
93.396540 13.523290634 -0.360323787 6.965495110 -0.030127000 0.682103217 0.058113206 0.728320301
93.500280 13.523290634 -0.360324025 6.965495110 -0.031035000 0.692094922 0.058185514 0.718787789
93.604020 13.523289680 -0.360323429 6.965494633 -0.030739583 0.701844454 0.058348309 0.709270597
93.707670 13.523293495 -0.360323191 6.965497494 -0.031102512 0.711890638 0.058046371 0.699196041
93.811380 13.523295403 -0.360323191 6.965495110 -0.031325195 0.721674025 0.057853371 0.689099669
93.915120 13.523296356 -0.360322833 6.965495586 -0.031552266 0.731553495 0.057081304 0.678657293
94.018900 13.523301125 -0.360322475 6.965495110 -0.030341228 0.741184235 0.056918520 0.668195844
94.122480 13.523301125 -0.360322475 6.965493679 -0.030472523 0.750704348 0.056225322 0.657535672
94.226290 13.523304939 -0.360322952 6.965497017 -0.030993089 0.764803290 0.057658713 0.640929639
94.329830 13.523306847 -0.360323310 6.965497017 -0.032414459 0.775857985 0.058601048 0.627343237
94.433570 13.523308754 -0.360322952 6.965496063 -0.032382581 0.783546686 0.057791881 0.617791295
94.537200 13.523309708 -0.360321879 6.965496540 -0.028294776 0.792089999 0.057067052 0.607071877
94.640800 13.523310661 -0.360321403 6.965494156 -0.032884881 0.796779752 0.054026831 0.600950778
94.744540 13.523309708 -0.360321641 6.965493202 -0.033466261 0.804519415 0.054397404 0.590482414
94.848290 13.523312569 -0.360321760 6.965492249 -0.034248121 0.812137544 0.054126285 0.579939723
94.951890 13.523317337 -0.360321164 6.965494156 -0.033433106 0.821115553 0.053171489 0.567295730
95.055660 13.523313522 -0.360321164 6.965492249 -0.033128634 0.828241408 0.053644344 0.556813180
95.159370 13.523316383 -0.360321045 6.965492249 -0.033837438 0.835623205 0.052860759 0.545705676
95.263120 13.523317337 -0.360320568 6.965493202 -0.033305574 0.843115985 0.052148245 0.534159899
95.366730 13.523321152 -0.360320807 6.965490341 -0.035549674 0.850275576 0.051269915 0.522627175
95.470470 13.523317337 -0.360321641 6.965490341 -0.034652598 0.856569648 0.051283043 0.512306094
95.574090 13.523321152 -0.360321164 6.965487480 -0.034396607 0.863156080 0.050872520 0.501188993
95.677830 13.523323059 -0.360321045 6.965485096 -0.034737941 0.869215131 0.050814558 0.490587622
95.781570 13.523324966 -0.360320330 6.965482712 -0.033842683 0.875385046 0.050633445 0.479574770
95.885200 13.523326874 -0.360319436 6.965484619 -0.032741457 0.881956398 0.049634196 0.467565328
95.988800 13.523328781 -0.360319495 6.965483665 -0.032302413 0.887985826 0.047956228 0.456221402
96.092540 13.523329735 -0.360319316 6.965480804 -0.031521790 0.894088745 0.045999631 0.444404811
96.196160 13.523326874 -0.360319316 6.965485573 -0.031779919 0.899968982 0.044924665 0.432466835
96.299770 13.523332596 -0.360318542 6.965481758 -0.032245263 0.905771554 0.044003483 0.420240164
96.403410 13.523335457 -0.360318720 6.965479851 -0.032798134 0.911624491 0.044018254 0.407341957
96.507130 13.523335457 -0.360318005 6.965478897 -0.033407457 0.916981637 0.044422008 0.395038277
96.610910 13.523337364 -0.360318184 6.965480804 -0.033609360 0.922518432 0.043836899 0.381979674
96.714500 13.523338318 -0.360318214 6.965476990 -0.032986604 0.927907228 0.042196706 0.368943840
96.818220 13.523339272 -0.360318035 6.965475082 -0.032973256 0.932975948 0.041219294 0.356047273
96.921840 13.523342133 -0.360317856 6.965473652 -0.032898474 0.937881172 0.040980957 0.342953533
97.025580 13.523341179 -0.360317737 6.965470314 -0.033042505 0.942657709 0.040697537 0.329618514
97.129320 13.523340225 -0.360317826 6.965472221 -0.033427384 0.946684420 0.040621880 0.317838222
97.233060 13.523343086 -0.360317320 6.965469360 -0.033510558 0.951817393 0.039162841 0.302302718
97.336810 13.523345947 -0.360317290 6.965465546 -0.033104856 0.956166983 0.038365763 0.288403958
97.440420 13.523344994 -0.360317051 6.965464115 -0.033519890 0.960336685 0.037549458 0.274262458
97.544160 13.523345947 -0.360317200 6.965464115 -0.033495136 0.964403987 0.036880210 0.259697676
97.647900 13.523347855 -0.360317022 6.965460777 -0.034242805 0.968144536 0.036004160 0.245412439
97.751640 13.523348808 -0.360316604 6.965460777 -0.033679448 0.971880734 0.035413813 0.230346218
97.855250 13.523348808 -0.360316694 6.965458393 -0.033733696 0.975112140 0.035019286 0.216314554
97.958990 13.523352623 -0.360316068 6.965456009 -0.033905242 0.978282630 0.034810919 0.201498732
98.062740 13.523349762 -0.360316426 6.965453625 -0.033541713 0.981221795 0.033713322 0.186928079
98.166520 13.523351669 -0.360315800 6.965453148 -0.033355471 0.983977914 0.032745518 0.172054067
98.270110 13.523352623 -0.360316038 6.965450287 -0.033356626 0.986473441 0.031355288 0.157398626
98.373830 13.523353577 -0.360315800 6.965448380 -0.032783978 0.988768756 0.030755533 0.142532974
98.477450 13.523355484 -0.360315770 6.965447426 -0.033186160 0.990769565 0.030809775 0.127769738
98.581060 13.523354530 -0.360315830 6.965445518 -0.033541311 0.992611945 0.030077200 0.112658121
98.684800 13.523356438 -0.360315770 6.965443134 -0.033240184 0.994366825 0.028582355 0.096502505
98.788420 13.523357391 -0.360315442 6.965441704 -0.032229003 0.995692432 0.026863582 0.082681306
98.892150 13.523355484 -0.360315323 6.965439320 -0.032208633 0.996827781 0.025331944 0.068230093
98.995770 13.523358345 -0.360315174 6.965436459 -0.032251332 0.997741163 0.024604652 0.053545285
99.099510 13.523356438 -0.360315025 6.965434074 -0.032172862 0.998415649 0.024166370 0.039333042
99.203130 13.523356438 -0.360315084 6.965432644 -0.032242075 0.998883784 0.023931079 0.024878057
99.306750 13.523356438 -0.360315174 6.965429306 -0.032015745 0.999164820 0.022974791 0.010809663
99.410360 13.523355484 -0.360314876 6.965427876 -0.032622974 0.999216259 0.022187747 -0.003204925
99.513970 13.523357391 -0.360314995 6.965425014 -0.032042954 0.999121010 0.021373753 -0.016540114
99.617730 13.523355484 -0.360314935 6.965423584 -0.031656589 0.998835087 0.020928260 -0.029805141
99.721330 13.523356438 -0.360314846 6.965419292 -0.031703066 0.998385489 0.020532355 -0.042423036
99.825070 13.523358345 -0.360314667 6.965416908 -0.030425059 0.997859299 0.019179016 -0.054619484
99.928690 13.523356438 -0.360314995 6.965416908 -0.030662414 0.997124851 0.018461334 -0.066790521
100.032400 13.523359299 -0.360314637 6.965412617 -0.030438438 0.996239662 0.018825997 -0.078902759
100.136200 13.523356438 -0.360314876 6.965411663 -0.031517450 0.995213509 0.018657751 -0.090601258
100.239800 13.523356438 -0.360314518 6.965407848 -0.030746127 0.994178474 0.017220035 -0.101819903
100.343500 13.523354530 -0.360314518 6.965406895 -0.031145688 0.993035495 0.016632913 -0.112400331
100.447100 13.523355484 -0.360314518 6.965403080 -0.030716158 0.991880774 0.016366869 -0.122315757
100.550800 13.523352623 -0.360314846 6.965402603 -0.030289702 0.990698516 0.016291909 -0.131657168
100.654400 13.523352623 -0.360314906 6.965399742 -0.030040797 0.989572883 0.016178474 -0.139933318
100.758000 13.523353577 -0.360314786 6.965397358 -0.028845649 0.988542557 0.014692884 -0.147430167
100.861600 13.523352623 -0.360315800 6.965398312 -0.029599063 0.987317443 0.015445778 -0.155208156
100.965200 13.523349762 -0.360315442 6.965391159 -0.027745046 0.986419857 0.013380699 -0.161328852
101.068800 13.523349762 -0.360315442 6.965394020 -0.027023768 0.985447288 0.012968406 -0.167317435
101.172400 13.523346901 -0.360315949 6.965393066 -0.027799303 0.984492421 0.013616538 -0.172674283
101.276200 13.523351669 -0.360317409 6.965411186 -0.028959213 0.984487176 0.016250450 -0.172285482
101.379800 13.523355484 -0.360316545 6.965415001 -0.028512798 0.983391106 0.015708387 -0.178555861
101.483400 13.523362160 -0.360315859 6.965415001 -0.031612743 0.982220232 0.017075961 -0.184261948
101.587000 13.523357391 -0.360316455 6.965409279 -0.033868711 0.981096208 0.019099390 -0.189574361
101.690600 13.523357391 -0.360316217 6.965406895 -0.032184727 0.980785489 0.018599428 -0.191515118
101.794300 13.523345947 -0.360316396 6.965387821 -0.027091147 0.980196655 0.014609881 -0.195619896
101.897900 13.523342133 -0.360316753 6.965363503 -0.026215928 0.978413820 0.013770765 -0.204522669
102.001600 13.523338318 -0.360316724 6.965363979 -0.026331443 0.978088617 0.013979091 -0.206043452
102.105200 13.523341179 -0.360315621 6.965367317 -0.026384335 0.977786541 0.013239079 -0.207513899
102.208900 13.523337364 -0.360315859 6.965365410 -0.026574912 0.977459013 0.013600797 -0.209003940
102.312600 13.523338318 -0.360316277 6.965363979 -0.027122539 0.976996183 0.014360187 -0.211036921
102.416200 13.523338318 -0.360315621 6.965359688 -0.026640398 0.976536691 0.013492090 -0.213270441
102.520000 13.523334503 -0.360315889 6.965356350 -0.026668545 0.976368666 0.013370782 -0.214042693
102.623600 13.523332596 -0.360316038 6.965353012 -0.026697507 0.976216614 0.013429228 -0.214727685
102.727300 13.523334503 -0.360316336 6.965353966 -0.026642743 0.975906849 0.013343113 -0.216143221
102.830900 13.523330688 -0.360315800 6.965349197 -0.026290374 0.975781918 0.012890585 -0.216776878
102.934700 13.523329735 -0.360315800 6.965346336 -0.026119454 0.975642502 0.012416727 -0.217451766
103.038300 13.523331642 -0.360315710 6.965344429 -0.026330786 0.975541830 0.012951079 -0.217846557
103.142000 13.523326874 -0.360316217 6.965341091 -0.026280865 0.975478292 0.013832169 -0.218082696
103.245700 13.523328781 -0.360315919 6.965339661 -0.025969358 0.975365758 0.013835817 -0.218622580
103.349400 13.523324966 -0.360315979 6.965338230 -0.026059886 0.975277364 0.014205487 -0.218982160
103.453000 13.523324966 -0.360315770 6.965335369 -0.026105061 0.975143731 0.014386992 -0.219559148
103.556700 13.523321152 -0.360315979 6.965334415 -0.026401628 0.975022554 0.013893615 -0.220092893
103.660300 13.523323059 -0.360315859 6.965328693 -0.026751624 0.974903405 0.013941870 -0.220574826
103.764100 13.523319244 -0.360316038 6.965328217 -0.026616383 0.974772632 0.014677484 -0.221120700
103.867700 13.523318291 -0.360316068 6.965326309 -0.026943840 0.974750578 0.015214859 -0.221142069
103.971300 13.523319244 -0.360316157 6.965323925 -0.027193448 0.974512458 0.015317807 -0.222151682
104.075100 13.523316383 -0.360316008 6.965321541 -0.027909437 0.974419236 0.014219813 -0.222544402
104.178700 13.523317337 -0.360316157 6.965319633 -0.028521415 0.974270642 0.013420633 -0.223166198
104.282300 13.523315430 -0.360315919 6.965316772 -0.028581319 0.974160671 0.012131474 -0.223711759
104.386000 13.523311615 -0.360315919 6.965313911 -0.028660536 0.973908961 0.012188158 -0.224791929
104.489800 13.523313522 -0.360316128 6.965311527 -0.028233252 0.973640203 0.011600036 -0.226037741
104.593400 13.523313522 -0.360316217 6.965308666 -0.028338369 0.973392427 0.012386551 -0.227047786
104.697300 13.523311615 -0.360315412 6.965304375 -0.027810358 0.972730398 0.011128286 -0.229996294
104.800900 13.523308754 -0.360316277 6.965303898 -0.028774194 0.971762359 0.012422434 -0.233871043
104.904600 13.523306847 -0.360316247 6.965300083 -0.029432479 0.970801294 0.012527999 -0.237742677
105.008400 13.523305893 -0.360315859 6.965298176 -0.029501220 0.969640493 0.011469395 -0.242477700
105.112100 13.523306847 -0.360315681 6.965295792 -0.029372346 0.968266129 0.010929327 -0.247948557
105.215900 13.523303986 -0.360315979 6.965294361 -0.029862789 0.967328489 0.011913138 -0.251479357
105.319400 13.523300171 -0.360316426 6.965293407 -0.031006968 0.965521455 0.012266296 -0.258178949
105.423200 13.523300171 -0.360316068 6.965291500 -0.030835362 0.963428557 0.011584196 -0.265933037
105.526900 13.523300171 -0.360316247 6.965291500 -0.031223539 0.961197138 0.011179209 -0.273861527
105.630700 13.523298264 -0.360316396 6.965288639 -0.032124955 0.958931625 0.010481674 -0.281617135
105.734400 13.523298264 -0.360316485 6.965289116 -0.031801455 0.956229627 0.009150065 -0.290740132
105.838100 13.523296356 -0.360318333 6.965283871 -0.032575332 0.952548683 0.009855201 -0.302477598
105.941900 13.523296356 -0.360317737 6.965281487 -0.032100230 0.949080825 0.008410540 -0.313280195
106.045600 13.523292542 -0.360316753 6.965279579 -0.031660922 0.945572913 0.006794285 -0.323795170
106.149400 13.523288727 -0.360317439 6.965276241 -0.031139525 0.941480398 0.006140439 -0.335570067
106.253100 13.523290634 -0.360318065 6.965272903 -0.031496689 0.936459899 0.005685593 -0.349311471
106.357000 13.523288727 -0.360317737 6.965269566 -0.030764075 0.931440294 0.003714944 -0.362572342
106.460800 13.523285866 -0.360319018 6.965270996 -0.031310074 0.926386595 0.003360793 -0.375254959
106.564500 13.523285866 -0.360319257 6.965271950 -0.030346779 0.921568990 0.002088682 -0.387021154
106.668200 13.523283958 -0.360319048 6.965270042 -0.029568946 0.915582776 0.000808883 -0.401040167
106.771900 13.523279190 -0.360318035 6.965266228 -0.026781332 0.909253538 -0.002779391 -0.415371001
106.875700 13.523279190 -0.360317826 6.965264320 -0.026945511 0.902811527 -0.003411449 -0.429177880
106.979300 13.523279190 -0.360317111 6.965260983 -0.024511930 0.894940495 -0.005194098 -0.445481449
107.083200 13.523274422 -0.360317916 6.965260506 -0.023899848 0.887534201 -0.005686953 -0.460086375
107.186900 13.523274422 -0.360318065 6.965258598 -0.024672540 0.878817141 -0.005959253 -0.476483166
107.290500 13.523270607 -0.360317588 6.965258121 -0.024265377 0.870310664 -0.009321439 -0.491816640
107.394300 13.523269653 -0.360318124 6.965257168 0.025277616 -0.861774504 0.010129357 0.506560147
107.498000 13.523266792 -0.360318780 6.965255737 0.025062835 -0.852670074 0.010467279 0.521743298
107.601600 13.523266792 -0.360319078 6.965256691 0.023475027 -0.843802333 0.011752436 0.536011577
107.705400 13.523262978 -0.360319316 6.965254784 0.023466764 -0.833823919 0.013001951 0.551378191
107.809100 13.523260117 -0.360319138 6.965250969 0.022567747 -0.823225558 0.013771644 0.567098498
107.912800 13.523255348 -0.360318840 6.965250015 0.022198955 -0.813287795 0.015152119 0.581240594
108.016400 13.523254395 -0.360318959 6.965248585 0.023091191 -0.802387416 0.015999302 0.596141994
108.120200 13.523249626 -0.360319197 6.965246677 0.023337230 -0.791276693 0.018510517 0.610732257
108.223900 13.523246765 -0.360319078 6.965245724 0.022787455 -0.779629052 0.020861788 0.625479102
108.327600 13.523243904 -0.360319853 6.965244293 0.021322971 -0.768274069 0.022435429 0.639372349
108.431200 13.523237228 -0.360320568 6.965240479 0.020877155 -0.756663561 0.024183249 0.653023303
108.534900 13.523238182 -0.360320330 6.965240479 0.020446636 -0.744317114 0.025795696 0.667014658
108.638800 13.523235321 -0.360320508 6.965239525 0.019730397 -0.732258737 0.027910952 0.680168211
108.742600 13.523233414 -0.360320926 6.965239525 0.019670663 -0.720619082 0.030236231 0.692392290
108.845900 13.523226738 -0.360321283 6.965237617 0.020315390 -0.708467543 0.033160064 0.704671204
108.949700 13.523222923 -0.360321641 6.965234756 0.020300984 -0.696772158 0.034461409 0.716176569
109.053200 13.523214340 -0.360322416 6.965235233 0.018035967 -0.686470985 0.035705697 0.726056099
109.156900 13.523207664 -0.360323370 6.965233326 0.016497964 -0.675016403 0.037246034 0.736677289
109.260500 13.523204803 -0.360323250 6.965230942 0.015803449 -0.663240492 0.039332274 0.747204959
109.364400 13.523200989 -0.360323668 6.965229988 0.015303120 -0.651164889 0.042113274 0.757612407
109.467900 13.523195267 -0.360324383 6.965230942 0.015866922 -0.639318705 0.044405751 0.767494619
109.571600 13.523189545 -0.360325217 6.965231895 0.015840469 -0.627167702 0.043719321 0.777494907
109.675300 13.523184776 -0.360325873 6.965234756 0.013358248 -0.615691066 0.043521531 0.786671400
109.779100 13.523181915 -0.360326827 6.965237617 0.012539811 -0.603760660 0.042176612 0.795950353
109.882700 13.523178101 -0.360327423 6.965239525 0.014957819 -0.590731800 0.044660941 0.805492163
109.986400 13.523178101 -0.360327899 6.965240479 0.019309115 -0.578155458 0.047700439 0.814302206
110.090100 13.523172379 -0.360328496 6.965245247 0.021370267 -0.565897167 0.047430683 0.822832942
110.193900 13.523168564 -0.360328734 6.965246677 0.017633514 -0.554063439 0.047798350 0.830913961
110.297600 13.523170471 -0.360329211 6.965249538 0.013407844 -0.541442513 0.047278173 0.839300334
110.401400 13.523172379 -0.360328555 6.965252876 0.011185129 -0.533134460 0.048392136 0.844571292
110.505100 13.523177147 -0.360327482 6.965257168 0.012425007 -0.523025870 0.049714666 0.850774944
110.608900 13.523176193 -0.360329449 6.965262413 0.012132074 -0.510916293 0.051442448 0.858004093
110.712500 13.523170471 -0.360329449 6.965262890 0.014279935 -0.496452689 0.052601375 0.866350949
110.816200 13.523168564 -0.360329330 6.965263367 0.014724194 -0.481617212 0.053440366 0.874626875
110.920000 13.523165703 -0.360330403 6.965265274 0.014750097 -0.466091782 0.052846029 0.883033514
111.023600 13.523160934 -0.360330343 6.965266705 0.014226641 -0.451257586 0.052316535 0.890745282
111.127300 13.523157120 -0.360331357 6.965267181 0.013969946 -0.436352074 0.050610743 0.898242891
111.231000 13.523156166 -0.360331863 6.965272903 0.013782952 -0.422894329 0.050576303 0.904661536
111.334700 13.523149490 -0.360332400 6.965279579 0.013790710 -0.408634126 0.050612465 0.911189497
111.438400 13.523149490 -0.360332429 6.965279102 0.013551117 -0.394369870 0.050136220 0.917483032
111.542000 13.523147583 -0.360333472 6.965281487 0.011904813 -0.378904194 0.050670058 0.923970997
111.645800 13.523144722 -0.360333443 6.965284348 0.011346494 -0.366501063 0.050317820 0.928986728
111.749400 13.523140907 -0.360333741 6.965285778 0.010290359 -0.354120851 0.050379835 0.933784962
111.853000 13.523136139 -0.360334039 6.965290070 0.010194670 -0.342322558 0.051053926 0.938139021
111.956600 13.523130417 -0.360334396 6.965291500 0.010700083 -0.331436127 0.051593494 0.942005098
112.060200 13.523131371 -0.360334843 6.965297222 0.010542985 -0.321602672 0.053152863 0.945322871
112.163800 13.523126602 -0.360334456 6.965297699 0.010153703 -0.313067585 0.053862125 0.948147893
112.268400 13.523127556 -0.360334784 6.965301991 0.008179364 -0.304407567 0.053985830 0.950975657
112.370900 13.523124695 -0.360334843 6.965304852 0.007103391 -0.296331465 0.053596742 0.953553677
112.474600 13.523120880 -0.360335380 6.965306759 0.006708319 -0.288768858 0.053840939 0.955860198
112.578200 13.523118973 -0.360335410 6.965312958 0.007595917 -0.281244338 0.054233879 0.958072364
112.681700 13.523116112 -0.360336095 6.965316296 0.008006180 -0.274822325 0.056187101 0.959818542
112.785600 13.523112297 -0.360335708 6.965317249 0.006884784 -0.271109879 0.056656573 0.960854828
112.889800 13.523108482 -0.360336125 6.965321064 0.006342149 -0.267550498 0.056261893 0.961878955
112.992400 13.523106575 -0.360335529 6.965325832 0.006589335 -0.264881402 0.055802032 0.962642491
113.096000 13.523101807 -0.360336065 6.965332031 0.007348741 -0.261017352 0.055762623 0.963694155
113.199600 13.523100853 -0.360336661 6.965334415 0.006261098 -0.258914798 0.054849785 0.964321256
113.303200 13.523100853 -0.360336870 6.965336323 0.004849179 -0.258018553 0.054836016 0.964570343
113.407300 13.523094177 -0.360337257 6.965339184 0.004480729 -0.256550431 0.054316740 0.964993000
113.510500 13.523095131 -0.360336691 6.965344906 0.004926168 -0.257033288 0.055144202 0.964815378
113.614200 13.523094177 -0.360337377 6.965348244 0.004654302 -0.255129427 0.054670610 0.965348899
113.717900 13.523092270 -0.360336930 6.965351582 0.005808589 -0.253858835 0.055337545 0.965639532
113.823800 13.523084641 -0.360337496 6.965356827 0.006717752 -0.252404839 0.054421864 0.966066718
113.925200 13.523085594 -0.360337943 6.965361118 0.006667437 -0.251106620 0.054962661 0.966374755
114.028800 13.523082733 -0.360338032 6.965363026 0.005213376 -0.249351919 0.055149950 0.966827273
