#frame chA chB nCorr nA nB MNR GNR DICE
207 0 1 0 379 291 0 0 0
208 0 1 0 384 333 0 0 0
209 0 1 0 397 330 0 0 0
210 0 1 0 372 335 0 0 0
211 0 1 4 370 331 0.0120846 0.01143 0.0114123
212 0 1 5 353 324 0.0154321 0.0147846 0.014771
213 0 1 5 362 306 0.0163399 0.0150229 0.0149701
214 0 1 9 359 288 0.03125 0.0279898 0.0278207
215 0 1 10 346 270 0.037037 0.0327175 0.0324675
216 0 1 11 438 588 0.0251142 0.0216754 0.0214425
217 0 1 13 432 555 0.0300926 0.0265494 0.0263425
218 0 1 11 408 513 0.0269608 0.0240438 0.0238871
219 0 1 11 411 525 0.026764 0.0236806 0.0235043
220 0 1 13 402 514 0.0323383 0.0285989 0.0283843
221 0 1 15 386 499 0.0388601 0.0341781 0.0338983
222 0 1 15 391 474 0.0383632 0.0348429 0.0346821
223 0 1 12 378 485 0.031746 0.0280262 0.02781
224 0 1 16 381 474 0.0419948 0.0376503 0.0374269
225 0 1 13 371 441 0.0350404 0.0321394 0.0320197
226 0 1 14 357 424 0.0392157 0.0359841 0.0358515
227 0 1 17 356 437 0.0477528 0.0431006 0.0428752
228 0 1 12 351 413 0.034188 0.0315176 0.0314136
229 0 1 17 338 405 0.0502959 0.0459476 0.0457604
230 0 1 16 330 411 0.0484848 0.0434452 0.0431849
231 0 1 18 314 383 0.0573248 0.0519049 0.0516499
232 0 1 16 313 386 0.0511182 0.0460314 0.0457797
233 0 1 16 300 395 0.0533333 0.0464794 0.0460432
234 0 1 14 291 372 0.04811 0.042551 0.0422323
235 0 1 9 280 366 0.0321429 0.028114 0.0278638
236 0 1 11 459 752 0.0239651 0.0187231 0.0181668
237 0 1 12 436 748 0.0275229 0.021013 0.0202703
238 0 1 12 438 723 0.0273973 0.0213243 0.0206718
239 0 1 10 437 691 0.0228833 0.0181979 0.0177305
240 0 1 11 426 691 0.0258216 0.0202744 0.0196956
241 0 1 17 413 677 0.0411622 0.0321499 0.0311927
242 0 1 18 411 669 0.0437956 0.0343272 0.0333333
243 0 1 17 400 679 0.0425 0.03262 0.0315107
244 0 1 24 389 665 0.0616967 0.0471874 0.0455408
245 0 1 29 387 666 0.0749354 0.0571223 0.0550807
246 0 1 28 380 663 0.0736842 0.055784 0.0536913
247 0 1 36 379 647 0.0949868 0.0726994 0.0701754
248 0 1 27 368 637 0.0733696 0.0557661 0.0537313
249 0 1 32 372 635 0.0860215 0.0658403 0.0635551
250 0 1 26 377 638 0.0689655 0.0530142 0.0512315
251 0 1 33 369 616 0.0894309 0.0692166 0.0670051
252 0 1 31 371 619 0.0835579 0.0646888 0.0626263
253 0 1 26 357 607 0.0728291 0.0558528 0.0539419
254 0 1 29 354 592 0.0819209 0.0633484 0.0613108
255 0 1 30 330 579 0.0909091 0.0686317 0.0660066
256 0 1 27 316 549 0.085443 0.0648237 0.0624277
257 0 1 22 287 545 0.0766551 0.0556267 0.0528846
258 0 1 21 267 508 0.0786517 0.0570206 0.0541935
259 0 1 17 251 473 0.0677291 0.049338 0.0469613
260 0 1 22 395 770 0.0556962 0.0398914 0.0377682
261 0 1 22 362 726 0.0607735 0.0429141 0.0404412
262 0 1 22 362 728 0.0607735 0.0428551 0.040367
263 0 1 12 327 685 0.0366972 0.0253549 0.0237154
264 0 1 22 313 638 0.0702875 0.0492312 0.0462671
265 0 1 20 304 617 0.0657895 0.0461796 0.0434311
266 0 1 17 287 572 0.0592334 0.0419575 0.0395809
267 0 1 10 287 576 0.0348432 0.0245951 0.023175
268 0 1 15 276 555 0.0543478 0.0383257 0.0361011
269 0 1 14 269 543 0.0520446 0.0366313 0.0344828
270 0 1 17 261 542 0.0651341 0.045199 0.0423412
271 0 1 16 254 527 0.0629921 0.0437318 0.0409731
272 0 1 18 353 690 0.0509915 0.0364721 0.0345158
273 0 1 24 343 656 0.0699708 0.0505955 0.048048
274 0 1 25 326 624 0.0766871 0.0554292 0.0526316
275 0 1 25 306 605 0.0816993 0.0581034 0.0548847
276 0 1 24 314 590 0.0764331 0.0557597 0.0530973
277 0 1 29 302 582 0.0960265 0.0691724 0.0656109
278 0 1 30 300 576 0.1 0.0721688 0.0684932
279 0 1 27 293 577 0.0921502 0.0656662 0.062069
280 0 1 30 273 547 0.10989 0.077633 0.0731707
281 0 1 28 301 637 0.0930233 0.0639448 0.0597015
282 0 1 21 272 616 0.0772059 0.0513032 0.0472973
283 0 1 11 222 512 0.0495495 0.0326273 0.0299728
284 0 1 12 231 549 0.0519481 0.0336968 0.0307692
285 0 1 12 210 504 0.0571429 0.0368856 0.0336134
286 0 1 11 196 472 0.0561224 0.0361654 0.0329341
287 0 1 14 206 519 0.0679612 0.0428165 0.0386207
288 0 1 8 191 494 0.0418848 0.0260441 0.0233577
289 0 1 9 185 460 0.0486486 0.0308516 0.027907
290 0 1 16 183 461 0.0874317 0.0550863 0.0496894
291 0 1 14 179 445 0.0782123 0.0496046 0.0448718
292 0 1 18 182 424 0.0989011 0.0647969 0.0594059
293 0 1 15 205 459 0.0731707 0.0488999 0.0451807
294 0 1 16 191 450 0.0837696 0.0545754 0.049922
295 0 1 19 192 423 0.0989583 0.0666704 0.0617886
296 0 1 15 188 397 0.0797872 0.0549057 0.0512821
297 0 1 19 201 440 0.0945274 0.0638895 0.0592824
298 0 1 17 193 418 0.0880829 0.0598525 0.0556465
299 0 1 18 178 387 0.101124 0.0685815 0.0637168
300 0 1 17 202 418 0.0841584 0.0585039 0.0548387
301 0 1 19 181 391 0.104972 0.071421 0.0664336
302 0 1 16 182 358 0.0879121 0.062682 0.0592593
303 0 1 17 196 385 0.0867347 0.0618857 0.0585198
304 0 1 17 183 383 0.0928962 0.0642131 0.0600707
305 0 1 17 186 372 0.0913979 0.064628 0.0609319
306 0 1 15 176 365 0.0852273 0.0591818 0.0554529
307 0 1 20 182 365 0.10989 0.0775975 0.0731261
308 0 1 21 168 348 0.125 0.086851 0.0813954
309 0 1 21 191 397 0.109948 0.0762618 0.0714286
310 0 1 20 192 383 0.104167 0.0737531 0.0695652
311 0 1 23 190 375 0.121053 0.0861659 0.0814159
312 0 1 21 188 379 0.111702 0.0786721 0.0740741
313 0 1 22 186 359 0.11828 0.0851371 0.0807339
314 0 1 19 179 359 0.106145 0.0749514 0.070632
315 0 1 21 179 350 0.117318 0.0838994 0.0793951
316 0 1 20 180 342 0.111111 0.0806085 0.0766283
317 0 1 21 177 338 0.118644 0.0858567 0.0815534
318 0 1 24 179 335 0.134078 0.0980082 0.0933852
319 0 1 19 170 347 0.111765 0.0782284 0.073501
320 0 1 25 178 346 0.140449 0.100738 0.0954198
321 0 1 23 166 345 0.138554 0.096109 0.0900196
322 0 1 21 173 356 0.121387 0.0846197 0.0793951
323 0 1 22 173 347 0.127168 0.0897914 0.0846154
324 0 1 22 171 352 0.128655 0.0896713 0.08413
325 0 1 20 163 351 0.122699 0.0836147 0.077821
326 0 1 21 170 343 0.123529 0.0869657 0.0818713
327 0 1 22 168 350 0.130952 0.0907265 0.0849421
328 0 1 22 174 347 0.126437 0.089533 0.084453
329 0 1 22 169 354 0.130178 0.0899451 0.08413
330 0 1 25 170 354 0.147059 0.101909 0.0954198
331 0 1 21 162 363 0.12963 0.0865981 0.08
332 0 1 22 170 350 0.129412 0.0901912 0.0846154
333 0 1 22 169 351 0.130178 0.0903287 0.0846154
334 0 1 21 173 331 0.121387 0.0877571 0.0833333
335 0 1 23 172 355 0.133721 0.0930785 0.0872865
336 0 1 19 172 341 0.110465 0.0784535 0.0740741
337 0 1 20 165 337 0.121212 0.0848151 0.0796813
338 0 1 19 163 340 0.116564 0.0807087 0.0755467
339 0 1 16 158 326 0.101266 0.070499 0.0661157
340 0 1 17 154 336 0.11039 0.0747341 0.0693878
341 0 1 17 154 322 0.11039 0.0763415 0.0714286
342 0 1 18 158 351 0.113924 0.0764347 0.0707269
343 0 1 18 158 348 0.113924 0.0767634 0.0711462
344 0 1 24 151 354 0.15894 0.103806 0.0950495
345 0 1 20 151 345 0.13245 0.0876258 0.0806452
346 0 1 20 149 350 0.134228 0.0875796 0.0801603
347 0 1 20 149 334 0.134228 0.0896528 0.0828157
348 0 1 24 148 337 0.162162 0.107465 0.0989691
349 0 1 24 153 327 0.156863 0.107298 0.1
350 0 1 21 150 329 0.14 0.0945313 0.0876827
351 0 1 27 142 329 0.190141 0.124917 0.11465
352 0 1 27 150 326 0.18 0.122098 0.113445
353 0 1 27 141 336 0.191489 0.124047 0.113208
354 0 1 25 147 332 0.170068 0.113165 0.104384
355 0 1 27 145 308 0.186207 0.127763 0.119205
356 0 1 28 143 314 0.195804 0.132137 0.122538
357 0 1 25 142 309 0.176056 0.119348 0.110865
358 0 1 24 134 316 0.179104 0.116631 0.106667
359 0 1 24 132 300 0.181818 0.120605 0.111111
360 0 1 22 130 291 0.169231 0.113111 0.104513
361 0 1 22 132 300 0.166667 0.110554 0.101852
362 0 1 26 134 290 0.19403 0.131893 0.122642
363 0 1 26 133 303 0.195489 0.129517 0.119266
364 0 1 24 129 291 0.186047 0.123871 0.114286
365 0 1 24 128 284 0.1875 0.125877 0.116505
366 0 1 22 123 288 0.178862 0.116889 0.107056
367 0 1 18 124 292 0.145161 0.0945954 0.0865385
368 0 1 18 115 289 0.156522 0.0987358 0.0891089
369 0 1 19 116 301 0.163793 0.101681 0.0911271
370 0 1 23 115 285 0.2 0.127045 0.115
371 0 1 14 117 286 0.119658 0.0765336 0.0694789
372 0 1 19 119 276 0.159664 0.10484 0.0962025
373 0 1 22 119 278 0.184874 0.120956 0.110831
374 0 1 24 113 276 0.212389 0.135899 0.123393
375 0 1 22 113 269 0.19469 0.126185 0.115183
376 0 1 17 109 282 0.155963 0.0969641 0.0869565
377 0 1 16 114 274 0.140351 0.0905299 0.0824742
378 0 1 20 113 274 0.176991 0.113662 0.103359
379 0 1 14 115 274 0.121739 0.0788685 0.0719794
380 0 1 18 114 270 0.157895 0.102598 0.09375
381 0 1 17 117 259 0.145299 0.0976576 0.0904255
382 0 1 22 109 260 0.201835 0.130684 0.119241
383 0 1 19 114 272 0.166667 0.107899 0.0984456
384 0 1 20 109 264 0.183486 0.1179 0.107239
385 0 1 18 109 272 0.165138 0.104538 0.0944882
386 0 1 18 109 284 0.165138 0.102306 0.0916031
387 0 1 15 109 266 0.137615 0.0880921 0.08
388 0 1 18 108 266 0.166667 0.106199 0.0962567
389 0 1 13 105 253 0.12381 0.0797606 0.0726257
390 0 1 17 99 262 0.171717 0.105555 0.0941828
391 0 1 16 99 266 0.161616 0.0985965 0.0876712
392 0 1 20 99 268 0.20202 0.122785 0.108992
393 0 1 19 98 258 0.193878 0.11949 0.106742
394 0 1 17 96 257 0.177083 0.10823 0.0963173
395 0 1 14 97 255 0.14433 0.0890168 0.0795455
396 0 1 16 89 265 0.179775 0.104184 0.0903955
397 0 1 17 93 251 0.182796 0.111268 0.0988372
398 0 1 19 94 248 0.202128 0.124441 0.111111
399 0 1 17 90 249 0.188889 0.113561 0.100295
400 0 1 18 97 262 0.185567 0.112911 0.100279
401 0 1 19 93 255 0.204301 0.123379 0.109195
402 0 1 13 90 258 0.144444 0.0853124 0.0747126
403 0 1 14 95 257 0.147368 0.0895983 0.0795455
404 0 1 15 98 241 0.153061 0.0976045 0.0884956
405 0 1 13 89 241 0.146067 0.0887646 0.0787879
406 0 1 12 91 237 0.131868 0.0817121 0.0731707
407 0 1 18 94 227 0.191489 0.123224 0.11215
408 0 1 22 86 216 0.255814 0.161416 0.145695
409 0 1 15 86 220 0.174419 0.109051 0.0980392
410 0 1 14 80 204 0.175 0.109589 0.0985916
411 0 1 15 73 186 0.205479 0.128728 0.11583
412 0 1 14 80 170 0.175 0.120049 0.112
413 0 1 17 80 170 0.2125 0.145774 0.136
414 0 1 9 71 158 0.126761 0.0849738 0.0786026
415 0 1 11 82 161 0.134146 0.0957355 0.090535
416 0 1 12 74 162 0.162162 0.109599 0.101695
417 0 1 11 73 148 0.150685 0.105828 0.0995475
418 0 1 6 72 147 0.0833333 0.0583212 0.0547945
419 0 1 6 60 134 0.1 0.066915 0.0618557
420 0 1 5 68 151 0.0735294 0.0493432 0.0456621
421 0 1 3 61 150 0.0491803 0.0313625 0.028436
422 0 1 7 65 132 0.107692 0.0755709 0.071066
423 0 1 4 69 142 0.057971 0.0404102 0.0379147
424 0 1 6 64 125 0.09375 0.067082 0.0634921
425 0 1 0 55 102 0 0 0
426 0 1 0 59 121 0 0 0
427 0 1 0 56 108 0 0 0
428 0 1 0 54 116 0 0 0
429 0 1 0 55 103 0 0 0
430 0 1 0 72 121 0 0 0
431 0 1 0 63 117 0 0 0
432 0 1 0 54 113 0 0 0
433 0 1 0 67 105 0 0 0
434 0 1 0 60 99 0 0 0
435 0 1 0 83 196 0 0 0
436 0 1 0 83 184 0 0 0
437 0 1 0 78 170 0 0 0
438 0 1 0 71 170 0 0 0
439 0 1 0 82 163 0 0 0
440 0 1 1 79 148 0.0126582 0.00924817 0.00881057
441 0 1 1 77 155 0.012987 0.00915353 0.00862069
442 0 1 0 72 150 0 0 0
443 0 1 1 68 132 0.0147059 0.010555 0.01
444 0 1 1 63 127 0.015873 0.0111796 0.0105263
445 0 1 0 68 131 0 0 0
446 0 1 0 53 111 0 0 0
447 0 1 0 93 242 0 0 0
448 0 1 0 92 233 0 0 0
449 0 1 0 80 209 0 0 0
450 0 1 0 77 199 0 0 0
451 0 1 0 71 198 0 0 0
452 0 1 0 69 177 0 0 0
453 0 1 0 74 174 0 0 0
454 0 1 1 81 168 0.0123457 0.00857241 0.00803213
455 0 1 0 72 188 0 0 0
456 0 1 0 81 182 0 0 0
457 0 1 0 75 170 0 0 0
458 0 1 0 78 163 0 0 0
459 0 1 1 72 163 0.0138889 0.00923081 0.00851064
460 0 1 0 70 149 0 0 0
461 0 1 0 78 137 0 0 0
462 0 1 1 110 237 0.00909091 0.00619341 0.00576369
463 0 1 0 107 238 0 0 0
464 0 1 1 105 231 0.00952381 0.00642095 0.00595238
465 0 1 1 98 221 0.0102041 0.00679502 0.00626959
466 0 1 2 98 209 0.0204082 0.0139747 0.0130293
467 0 1 1 102 210 0.00980392 0.00683267 0.00641026
468 0 1 1 96 204 0.0104167 0.00714577 0.00666667
469 0 1 5 98 208 0.0510204 0.0350207 0.0326797
470 0 1 1 94 197 0.0106383 0.00734857 0.00687285
471 0 1 2 87 173 0.0229885 0.0163022 0.0153846
472 0 1 1 88 165 0.0113636 0.00829883 0.00790514
473 0 1 5 138 301 0.0362319 0.0245328 0.022779
474 0 1 4 129 295 0.0310078 0.0205047 0.0188679
475 0 1 3 126 270 0.0238095 0.016265 0.0151515
476 0 1 1 127 254 0.00787402 0.00556777 0.00524934
477 0 1 7 118 242 0.059322 0.0414237 0.0388889
478 0 1 5 116 238 0.0431034 0.0300921 0.0282486
479 0 1 6 106 219 0.0566038 0.03938 0.0369231
480 0 1 9 104 214 0.0865385 0.060328 0.0566038
481 0 1 6 104 215 0.0576923 0.040125 0.0376176
482 0 1 7 105 205 0.0666667 0.0477119 0.0451613
483 0 1 8 102 206 0.0784314 0.0551895 0.0519481
484 0 1 8 100 198 0.08 0.0568535 0.0536913
485 0 1 6 93 189 0.0645161 0.0452563 0.0425532
486 0 1 9 94 185 0.0957447 0.0682484 0.0645161
487 0 1 9 88 182 0.102273 0.0711157 0.0666667
488 0 1 6 167 308 0.0359281 0.0264556 0.0252632
489 0 1 7 151 279 0.0463576 0.0341042 0.0325581
490 0 1 7 137 271 0.0510949 0.036329 0.0343137
491 0 1 5 146 276 0.0342466 0.024908 0.0236967
492 0 1 2 143 267 0.013986 0.0102354 0.0097561
493 0 1 7 131 281 0.0534351 0.0364846 0.0339806
494 0 1 7 131 268 0.0534351 0.037359 0.0350877
495 0 1 7 131 261 0.0534351 0.0378566 0.0357143
496 0 1 4 126 252 0.031746 0.0224478 0.021164
497 0 1 9 121 247 0.0743802 0.0520597 0.048913
498 0 1 6 115 237 0.0521739 0.0363436 0.0340909
499 0 1 9 114 229 0.0789474 0.0557022 0.0524781
500 0 1 9 119 229 0.0756303 0.0545194 0.0517241
501 0 1 11 116 223 0.0948276 0.0683929 0.0648968
502 0 1 10 115 225 0.0869565 0.062167 0.0588235
503 0 1 10 112 226 0.0892857 0.0628546 0.0591716
504 0 1 8 111 214 0.0720721 0.0519065 0.0492308
505 0 1 8 113 213 0.0707965 0.0515657 0.0490798
506 0 1 7 110 207 0.0636364 0.0463892 0.044164
507 0 1 7 109 212 0.0642202 0.0460486 0.0436137
508 0 1 5 114 205 0.0438596 0.032707 0.031348
509 0 1 4 110 200 0.0363636 0.026968 0.0258065
510 0 1 8 286 380 0.027972 0.0242669 0.024024
511 0 1 11 268 371 0.0410448 0.034885 0.0344288
512 0 1 7 261 369 0.0268199 0.0225561 0.0222222
513 0 1 3 252 358 0.0119048 0.00998802 0.00983607
514 0 1 6 255 344 0.0235294 0.0202582 0.0200334
515 0 1 6 251 336 0.0239044 0.0206607 0.0204429
516 0 1 10 237 335 0.0421941 0.0354898 0.034965
517 0 1 6 231 336 0.025974 0.0215365 0.021164
518 0 1 10 237 332 0.0421941 0.0356498 0.0351494
519 0 1 4 236 311 0.0169492 0.0147647 0.0146252
520 0 1 9 222 312 0.0405405 0.0341971 0.0337079
521 0 1 9 220 301 0.0409091 0.0349742 0.0345489
522 0 1 14 222 306 0.0630631 0.0537144 0.0530303
523 0 1 10 214 301 0.046729 0.0394012 0.038835
524 0 1 13 220 298 0.0590909 0.050772 0.050193
525 0 1 7 212 303 0.0330189 0.0276191 0.0271845
526 0 1 8 210 304 0.0380952 0.0316624 0.0311284
527 0 1 10 204 301 0.0490196 0.0403554 0.039604
528 0 1 9 207 296 0.0434783 0.036359 0.0357853
529 0 1 10 202 292 0.049505 0.0411749 0.0404858
530 0 1 12 195 282 0.0615385 0.0511728 0.0503145
531 0 1 6 191 289 0.0314136 0.0255379 0.025
532 0 1 8 193 270 0.0414508 0.0350453 0.0345572
533 0 1 11 198 269 0.0555556 0.0476633 0.0471092
534 0 1 9 188 286 0.0478723 0.0388133 0.0379747
535 0 1 10 195 289 0.0512821 0.0421244 0.0413223
536 0 1 6 180 274 0.0333333 0.0270172 0.0264317
537 0 1 10 187 270 0.0534759 0.0445038 0.0437637
538 0 1 11 180 271 0.0611111 0.0498049 0.0487805
539 0 1 6 176 268 0.0340909 0.0276266 0.027027
540 0 1 5 173 265 0.0289017 0.023352 0.0228311
541 0 1 10 171 257 0.0584795 0.0477019 0.046729
542 0 1 5 160 260 0.03125 0.0245145 0.0238095
543 0 1 4 158 262 0.0253165 0.0196599 0.0190476
544 0 1 4 166 248 0.0240964 0.0197142 0.0193237
545 0 1 8 160 247 0.05 0.0402422 0.039312
546 0 1 8 361 489 0.0221607 0.0190407 0.0188235
547 0 1 10 351 490 0.02849 0.0241128 0.0237812
548 0 1 8 342 471 0.0233918 0.0199327 0.0196802
549 0 1 7 348 459 0.0201149 0.0175147 0.0173482
550 0 1 15 332 453 0.0451807 0.0386788 0.0382166
551 0 1 10 320 447 0.03125 0.0264406 0.0260756
552 0 1 11 328 429 0.0335366 0.0293243 0.0290621
553 0 1 16 294 422 0.0544218 0.0454245 0.0446927
554 0 1 14 308 420 0.0454545 0.0389249 0.0384615
555 0 1 11 294 414 0.037415 0.0315296 0.0310734
556 0 1 11 284 419 0.0387324 0.0318879 0.0312945
557 0 1 12 287 390 0.0418118 0.0358681 0.0354505
558 0 1 12 273 386 0.043956 0.0369663 0.0364188
559 0 1 14 277 388 0.0505415 0.0427044 0.0421053
560 0 1 14 270 390 0.0518519 0.0431434 0.0424242
561 0 1 12 262 369 0.0458015 0.0385938 0.0380349
562 0 1 14 259 373 0.0540541 0.0450426 0.0443038
563 0 1 14 246 368 0.0569106 0.0465304 0.0456026
564 0 1 11 249 374 0.0441767 0.036046 0.035313
565 0 1 15 245 361 0.0612245 0.0504376 0.049505
566 0 1 6 223 365 0.0269058 0.0210306 0.0204082
567 0 1 10 234 358 0.042735 0.0345502 0.0337838
568 0 1 10 223 349 0.044843 0.0358455 0.034965
569 0 1 11 223 328 0.0493274 0.0406727 0.0399274
570 0 1 7 218 328 0.0321101 0.0261778 0.025641
571 0 1 4 224 313 0.0178571 0.0151065 0.0148976
572 0 1 11 205 323 0.0536585 0.0427479 0.0416667
573 0 1 5 493 563 0.010142 0.00949057 0.0094697
574 0 1 8 465 538 0.0172043 0.0159946 0.0159521
575 0 1 10 471 517 0.0212314 0.0202649 0.0202429
576 0 1 10 455 502 0.021978 0.0209239 0.0208986
577 0 1 10 462 497 0.021645 0.020869 0.0208551
578 0 1 13 446 484 0.029148 0.0279804 0.027957
579 0 1 5 450 472 0.0111111 0.0108491 0.010846
580 0 1 7 432 484 0.0162037 0.0153085 0.0152838
581 0 1 12 447 461 0.0268456 0.0264349 0.0264317
582 0 1 15 426 449 0.0352113 0.0342976 0.0342857
583 0 1 14 429 459 0.032634 0.0315495 0.0315315
584 0 1 13 406 464 0.0320197 0.0299517 0.0298851
585 0 1 13 418 464 0.0311005 0.0295186 0.0294785
586 0 1 12 401 452 0.0299252 0.0281864 0.028136
587 0 1 12 401 446 0.0299252 0.0283754 0.0283353
588 0 1 8 383 425 0.0208877 0.0198288 0.019802
589 0 1 16 387 430 0.0413437 0.0392221 0.0391677
590 0 1 15 374 422 0.040107 0.0377572 0.0376884
591 0 1 13 378 408 0.0343915 0.033103 0.0330789
592 0 1 11 367 392 0.0299728 0.0290012 0.0289855
593 0 1 9 345 393 0.026087 0.024442 0.0243902
594 0 1 9 360 372 0.025 0.0245935 0.0245902
595 0 1 8 341 366 0.0234604 0.022645 0.0226308
596 0 1 5 326 372 0.0153374 0.0143579 0.0143266
597 0 1 5 323 360 0.0154799 0.0146628 0.0146413
598 0 1 6 317 378 0.0189274 0.0173331 0.0172662
599 0 1 8 322 383 0.0248447 0.0227805 0.022695
600 0 1 6 307 363 0.019544 0.0179733 0.0179104
601 0 1 7 292 354 0.0239726 0.0217723 0.0216718
602 0 1 9 542 600 0.0166052 0.0157822 0.0157618
603 0 1 7 504 558 0.0138889 0.0131997 0.0131827
604 0 1 4 511 539 0.00782779 0.00762176 0.00761905
605 0 1 3 488 528 0.00614754 0.00591009 0.00590551
606 0 1 3 482 537 0.00622407 0.00589672 0.00588813
607 0 1 4 469 504 0.00852878 0.00822732 0.00822199
608 0 1 1 450 474 0.00222222 0.00216523 0.0021645
609 0 1 6 438 489 0.0136986 0.0129646 0.012945
610 0 1 3 434 481 0.00691244 0.00656604 0.00655738
611 0 1 6 401 468 0.0149626 0.0138502 0.013809
612 0 1 4 375 436 0.0106667 0.00989239 0.00986436
613 0 1 4 355 435 0.0112676 0.0101789 0.0101266
614 0 1 5 337 438 0.0148368 0.0130142 0.0129032
615 0 1 6 320 405 0.01875 0.0166667 0.0165517
616 0 1 1 503 531 0.00198807 0.00193495 0.00193424
617 0 1 2 467 543 0.00428266 0.00397166 0.0039604
618 0 1 4 444 485 0.00900901 0.00861981 0.00861141
619 0 1 4 412 477 0.00970874 0.00902303 0.00899888
620 0 1 8 396 454 0.020202 0.0188675 0.0188235
621 0 1 5 369 412 0.0135501 0.0128235 0.0128041
622 0 1 0 74 85 0 0 0
623 0 1 8 378 439 0.021164 0.0196387 0.0195838
624 0 1 3 340 417 0.00882353 0.00796735 0.00792602
625 0 1 1 404 494 0.00247525 0.00223844 0.00222717
626 0 1 0 38 37 0 0 0
627 0 1 0 84 81 0 0 0
628 0 1 0 79 96 0 0 0
629 0 1 0 102 110 0 0 0
630 0 1 0 105 113 0 0 0
631 0 1 0 104 95 0 0 0
632 0 1 0 34 18 0 0 0
633 0 1 0 53 35 0 0 0
634 0 1 0 53 30 0 0 0
635 0 1 0 44 25 0 0 0
636 0 1 0 72 37 0 0 0
637 0 1 0 47 26 0 0 0
638 0 1 0 56 70 0 0 0
639 0 1 0 61 74 0 0 0
640 0 1 0 69 88 0 0 0
641 0 1 0 65 106 0 0 0
642 0 1 0 42 77 0 0 0
643 0 1 0 131 130 0 0 0
644 0 1 0 113 118 0 0 0
645 0 1 0 98 89 0 0 0
646 0 1 0 271 171 0 0 0
647 0 1 0 157 138 0 0 0
648 0 1 0 199 214 0 0 0
649 0 1 0 186 207 0 0 0
650 0 1 0 190 191 0 0 0
651 0 1 0 200 191 0 0 0
652 0 1 0 178 171 0 0 0
653 0 1 0 182 155 0 0 0
654 0 1 0 238 211 0 0 0
655 0 1 0 222 223 0 0 0
656 0 1 0 203 190 0 0 0
657 0 1 0 161 168 0 0 0
658 0 1 0 253 273 0 0 0
659 0 1 0 222 231 0 0 0
660 0 1 0 198 195 0 0 0
661 0 1 0 238 315 0 0 0
662 0 1 0 203 251 0 0 0
663 0 1 0 173 215 0 0 0
664 0 1 0 231 325 0 0 0
665 0 1 0 202 271 0 0 0
666 0 1 0 173 222 0 0 0
667 0 1 1 233 307 0.00429185 0.00373898 0.0037037
668 0 1 0 200 252 0 0 0
669 0 1 2 271 349 0.00738007 0.00650328 0.00645161
670 0 1 2 210 303 0.00952381 0.00792865 0.00779727
671 0 1 0 259 370 0 0 0
672 0 1 1 192 331 0.00520833 0.00396676 0.00382409
673 0 1 0 248 402 0 0 0
674 0 1 0 187 378 0 0 0
675 0 1 0 250 462 0 0 0
676 0 1 0 213 408 0 0 0
677 0 1 0 169 365 0 0 0
678 0 1 0 255 552 0 0 0
679 0 1 0 212 486 0 0 0
680 0 1 0 200 436 0 0 0
681 0 1 0 175 405 0 0 0
682 0 1 0 298 556 0 0 0
683 0 1 0 236 490 0 0 0
684 0 1 0 226 459 0 0 0
685 0 1 0 212 433 0 0 0
686 0 1 1 322 590 0.00310559 0.00229428 0.00219298
687 0 1 2 301 537 0.00664452 0.00497462 0.00477327
688 0 1 3 265 497 0.0113208 0.00826647 0.00787402
689 0 1 2 247 468 0.00809717 0.00588246 0.00559441
690 0 1 4 316 638 0.0126582 0.00890853 0.00838574
691 0 1 3 290 565 0.0103448 0.00741136 0.00701754
692 0 1 1 273 498 0.003663 0.00271209 0.00259403
693 0 1 1 252 468 0.00396825 0.0029119 0.00277778
694 0 1 2 363 610 0.00550964 0.00425022 0.004111
695 0 1 1 310 567 0.00322581 0.00238522 0.0022805
696 0 1 0 301 542 0 0 0
697 0 1 0 270 493 0 0 0
698 0 1 1 368 593 0.00271739 0.00214067 0.00208117
699 0 1 0 324 554 0 0 0
700 0 1 0 310 529 0 0 0
701 0 1 0 275 504 0 0 0
702 0 1 1 369 643 0.00271003 0.00205296 0.00197628
703 0 1 2 331 590 0.0060423 0.00452574 0.00434311
704 0 1 2 306 534 0.00653595 0.00494765 0.0047619
705 0 1 3 381 665 0.00787402 0.00596002 0.00573614
706 0 1 6 326 619 0.0184049 0.0133566 0.0126984
707 0 1 4 295 557 0.0135593 0.00986782 0.00938967
708 0 1 9 380 637 0.0236842 0.0182928 0.0176991
709 0 1 3 356 577 0.00842697 0.00661924 0.00643087
710 0 1 3 331 514 0.00906344 0.0072732 0.00710059
711 0 1 2 411 658 0.00486618 0.00384588 0.00374181
712 0 1 3 365 616 0.00821918 0.00632681 0.00611621
713 0 1 1 339 569 0.00294985 0.0022769 0.00220264
714 0 1 6 318 534 0.0188679 0.0145602 0.0140845
715 0 1 4 396 667 0.010101 0.00778304 0.00752587
716 0 1 4 358 587 0.0111732 0.00872568 0.00846561
717 0 1 2 342 537 0.00584795 0.00466691 0.00455063
718 0 1 4 407 696 0.00982801 0.0075155 0.00725295
719 0 1 5 372 654 0.0134409 0.010137 0.00974659
720 0 1 6 346 593 0.017341 0.013246 0.0127796
721 0 1 7 304 523 0.0230263 0.0175554 0.0169287
722 0 1 6 416 669 0.0144231 0.0113734 0.0110599
723 0 1 4 368 622 0.0108696 0.00836067 0.00808081
724 0 1 4 335 601 0.0119403 0.00891457 0.00854701
725 0 1 3 316 544 0.00949367 0.00723566 0.00697674
726 0 1 8 405 703 0.0197531 0.0149929 0.0144404
727 0 1 5 340 626 0.0147059 0.0108379 0.010352
728 0 1 4 315 594 0.0126984 0.00924723 0.00880088
729 0 1 3 303 549 0.00990099 0.00735553 0.00704225
730 0 1 5 392 691 0.0127551 0.009607 0.00923361
731 0 1 5 340 644 0.0147059 0.0106853 0.0101626
732 0 1 3 332 610 0.00903614 0.00666634 0.00636943
733 0 1 1 307 567 0.00325733 0.00239684 0.00228833
734 0 1 6 373 685 0.0160858 0.01187 0.0113422
735 0 1 3 380 638 0.00789474 0.00609283 0.00589391
736 0 1 6 338 606 0.0177515 0.0132573 0.0127119
737 0 1 4 326 558 0.0122699 0.00937852 0.00904977
738 0 1 3 384 683 0.0078125 0.00585794 0.00562324
739 0 1 0 351 657 0 0 0
740 0 1 2 327 598 0.00611621 0.00452278 0.00432432
741 0 1 1 374 714 0.0026738 0.00193515 0.00183824
742 0 1 2 369 690 0.00542005 0.00396362 0.00377715
743 0 1 3 336 627 0.00892857 0.00653609 0.00623053
744 0 1 2 432 706 0.00462963 0.00362148 0.00351494
745 0 1 3 411 690 0.00729927 0.00563347 0.00544959
746 0 1 5 372 670 0.0134409 0.0100152 0.00959693
747 0 1 2 359 617 0.00557103 0.00424952 0.00409836
748 0 1 7 433 703 0.0161663 0.0126875 0.0123239
749 0 1 4 410 645 0.0097561 0.00777836 0.00758294
750 0 1 7 375 615 0.0186667 0.0145762 0.0141414
751 0 1 7 452 654 0.0154867 0.0128748 0.0126582
752 0 1 5 455 618 0.010989 0.0094291 0.00931966
753 0 1 2 416 562 0.00480769 0.00413633 0.00408998
754 0 1 7 472 665 0.0148305 0.0124944 0.0123131
755 0 1 1 446 620 0.00224215 0.00190168 0.00187617
756 0 1 2 415 570 0.00481928 0.00411215 0.00406091
757 0 1 3 465 653 0.00645161 0.00544425 0.00536673
758 0 1 5 457 594 0.0109409 0.00959663 0.00951475
759 0 1 6 502 679 0.0119522 0.010277 0.0101609
760 0 1 3 474 641 0.00632911 0.00544256 0.00538117
761 0 1 2 520 728 0.00384615 0.00325059 0.00320513
762 0 1 3 491 698 0.00610998 0.00512452 0.00504626
763 0 1 5 451 604 0.0110865 0.00957995 0.00947867
764 0 1 6 500 721 0.012 0.00999306 0.00982801
765 0 1 3 470 687 0.00638298 0.00527951 0.00518583
766 0 1 4 448 607 0.00892857 0.00767055 0.00758294
767 0 1 6 467 628 0.012848 0.0110793 0.0109589
768 0 1 2 443 587 0.00451467 0.00392201 0.0038835
769 0 1 3 476 671 0.00630252 0.00530831 0.00523104
770 0 1 8 453 629 0.01766 0.014987 0.0147874
771 0 1 6 514 724 0.0116732 0.00983559 0.00969305
772 0 1 3 453 696 0.00662252 0.00534278 0.00522193
773 0 1 7 436 673 0.016055 0.0129225 0.012624
774 0 1 3 423 594 0.0070922 0.00598491 0.0058997
775 0 1 3 481 647 0.00623701 0.0053777 0.00531915
776 0 1 3 466 635 0.00643777 0.00551495 0.00544959
777 0 1 8 490 741 0.0163265 0.0132765 0.0129976
778 0 1 3 379 564 0.00791557 0.00648877 0.00636267
779 0 1 6 475 734 0.0126316 0.0101615 0.00992556
780 0 1 1 425 647 0.00235294 0.00190701 0.00186567
781 0 1 3 461 742 0.00650759 0.00512943 0.00498753
782 0 1 5 440 657 0.0113636 0.00929953 0.00911577
783 0 1 3 374 631 0.00802139 0.00617548 0.00597015
784 0 1 5 384 641 0.0130208 0.010078 0.0097561
785 0 1 6 389 609 0.0154242 0.0123273 0.012024
786 0 1 3 402 690 0.00746269 0.00569618 0.00549451
787 0 1 2 371 645 0.00539084 0.00408849 0.00393701
788 0 1 3 409 687 0.00733496 0.00565954 0.00547445
789 0 1 3 341 580 0.00879765 0.00674575 0.00651466
790 0 1 1 303 529 0.00330033 0.00249776 0.00240385
791 0 1 0 418 639 0 0 0
792 0 1 0 363 610 0 0 0
793 0 1 1 268 486 0.00373134 0.00277086 0.00265252
794 0 1 0 373 581 0 0 0
795 0 1 0 313 545 0 0 0
796 0 1 0 343 623 0 0 0
797 0 1 0 283 490 0 0 0
798 0 1 2 379 621 0.00527705 0.00412254 0.004
799 0 1 0 342 562 0 0 0
800 0 1 2 383 606 0.00522193 0.0041514 0.00404449
801 0 1 0 333 579 0 0 0
802 0 1 0 269 501 0 0 0
803 0 1 0 317 542 0 0 0
804 0 1 0 286 508 0 0 0
805 0 1 0 356 617 0 0 0
806 0 1 0 318 573 0 0 0
807 0 1 0 334 651 0 0 0
808 0 1 0 275 472 0 0 0
809 0 1 3 344 558 0.00872093 0.00684739 0.00665188
810 0 1 3 306 506 0.00980392 0.00762404 0.00738916
811 0 1 4 260 439 0.0153846 0.0118397 0.0114449
812 0 1 7 321 555 0.0218069 0.0165844 0.0159817
813 0 1 5 307 501 0.0162866 0.0127492 0.0123762
814 0 1 4 253 467 0.0158103 0.011637 0.0111111
815 0 1 5 248 406 0.0201613 0.0157573 0.0152905
816 0 1 5 329 542 0.0151976 0.0118406 0.0114811
817 0 1 4 281 472 0.0142349 0.0109834 0.0106242
818 0 1 5 227 460 0.0220264 0.0154731 0.014556
819 0 1 4 293 544 0.0136519 0.0100191 0.00955794
820 0 1 7 226 425 0.0309735 0.0225865 0.0215054
821 0 1 9 206 390 0.0436893 0.0317524 0.0302013
822 0 1 9 278 499 0.0323741 0.0241641 0.023166
823 0 1 8 241 467 0.033195 0.0238464 0.0225989
824 0 1 4 187 353 0.0213904 0.0155687 0.0148148
825 0 1 6 198 422 0.030303 0.0207569 0.0193548
826 0 1 0 103 281 0 0 0
827 0 1 0 105 273 0 0 0
828 0 1 0 40 179 0 0 0
829 0 1 0 9 97 0 0 0
830 0 1 0 3 19 0 0 0
831 0 1 0 5 7 0 0 0
837 0 1 0 4 6 0 0 0
838 0 1 0 10 7 0 0 0
839 0 1 0 16 16 0 0 0
840 0 1 0 19 23 0 0 0
841 0 1 0 16 28 0 0 0
842 0 1 0 46 36 0 0 0
843 0 1 0 38 34 0 0 0
844 0 1 0 48 32 0 0 0
845 0 1 0 43 24 0 0 0
846 0 1 0 42 24 0 0 0
847 0 1 0 41 25 0 0 0
848 0 1 0 44 29 0 0 0
849 0 1 0 42 28 0 0 0
850 0 1 0 42 26 0 0 0
851 0 1 0 38 26 0 0 0
852 0 1 0 38 35 0 0 0
853 0 1 0 38 33 0 0 0
854 0 1 0 33 23 0 0 0
855 0 1 0 47 25 0 0 0
856 0 1 0 45 34 0 0 0
857 0 1 0 50 31 0 0 0
858 0 1 0 47 33 0 0 0
859 0 1 0 55 39 0 0 0
860 0 1 0 52 34 0 0 0
861 0 1 0 53 32 0 0 0
862 0 1 0 47 32 0 0 0
863 0 1 0 59 34 0 0 0
864 0 1 0 50 26 0 0 0
865 0 1 0 48 32 0 0 0
866 0 1 0 52 39 0 0 0
867 0 1 0 51 30 0 0 0
868 0 1 0 54 40 0 0 0
869 0 1 0 48 26 0 0 0
870 0 1 0 58 34 0 0 0
871 0 1 0 56 34 0 0 0
872 0 1 0 58 38 0 0 0
873 0 1 0 61 31 0 0 0
874 0 1 0 62 31 0 0 0
875 0 1 0 61 33 0 0 0
876 0 1 0 49 20 0 0 0
877 0 1 0 56 24 0 0 0
878 0 1 0 49 23 0 0 0
879 0 1 0 50 20 0 0 0
880 0 1 0 53 33 0 0 0
881 0 1 0 46 26 0 0 0
882 0 1 0 43 26 0 0 0
883 0 1 0 57 27 0 0 0
884 0 1 0 57 25 0 0 0
885 0 1 0 49 29 0 0 0
886 0 1 0 50 30 0 0 0
887 0 1 0 51 27 0 0 0
888 0 1 0 51 27 0 0 0
889 0 1 0 48 32 0 0 0
890 0 1 0 50 29 0 0 0
891 0 1 0 55 31 0 0 0
892 0 1 0 51 29 0 0 0
893 0 1 0 49 30 0 0 0
894 0 1 0 42 27 0 0 0
895 0 1 0 56 30 0 0 0
896 0 1 0 47 29 0 0 0
897 0 1 0 43 29 0 0 0
898 0 1 0 52 27 0 0 0
899 0 1 0 47 29 0 0 0
900 0 1 0 45 30 0 0 0
901 0 1 0 51 29 0 0 0
902 0 1 0 49 24 0 0 0
903 0 1 0 42 33 0 0 0
904 0 1 0 45 28 0 0 0
905 0 1 0 43 28 0 0 0
906 0 1 0 49 33 0 0 0
907 0 1 0 46 28 0 0 0
908 0 1 0 44 25 0 0 0
909 0 1 0 40 27 0 0 0
910 0 1 0 43 21 0 0 0
911 0 1 0 44 25 0 0 0
912 0 1 0 45 28 0 0 0
913 0 1 0 52 28 0 0 0
914 0 1 0 43 29 0 0 0
915 0 1 0 43 31 0 0 0
916 0 1 0 42 33 0 0 0
917 0 1 0 48 34 0 0 0
918 0 1 0 48 29 0 0 0
919 0 1 1 43 37 0.027027 0.0250706 0.025
920 0 1 0 57 34 0 0 0
921 0 1 0 53 32 0 0 0
922 0 1 0 53 32 0 0 0
923 0 1 0 43 36 0 0 0
924 0 1 0 50 32 0 0 0
925 0 1 0 51 38 0 0 0
926 0 1 0 53 32 0 0 0
927 0 1 0 55 34 0 0 0
928 0 1 0 45 36 0 0 0
929 0 1 0 46 30 0 0 0
930 0 1 0 55 30 0 0 0
931 0 1 0 61 31 0 0 0
932 0 1 0 56 32 0 0 0
933 0 1 0 62 31 0 0 0
934 0 1 0 60 30 0 0 0
935 0 1 0 53 32 0 0 0
936 0 1 0 53 25 0 0 0
937 0 1 0 49 28 0 0 0
938 0 1 0 53 27 0 0 0
939 0 1 0 54 29 0 0 0
940 0 1 0 51 27 0 0 0
941 0 1 0 45 26 0 0 0
942 0 1 0 46 26 0 0 0
943 0 1 0 50 30 0 0 0
944 0 1 1 43 28 0.0357143 0.0288195 0.028169
945 0 1 1 46 28 0.0357143 0.0278639 0.027027
946 0 1 1 50 24 0.0416667 0.0288675 0.027027
947 0 1 1 54 26 0.0384615 0.026688 0.025
948 0 1 1 46 27 0.037037 0.0283752 0.0273973
949 0 1 1 57 24 0.0416667 0.0270369 0.0246914
950 0 1 0 49 26 0 0 0
951 0 1 0 51 30 0 0 0
952 0 1 0 38 25 0 0 0
953 0 1 1 29 20 0.05 0.0415227 0.0408163
954 0 1 2 40 19 0.105263 0.0725476 0.0677966
955 0 1 2 34 16 0.125 0.0857493 0.08
956 0 1 2 32 20 0.1 0.0790569 0.0769231
957 0 1 3 28 23 0.130435 0.118217 0.117647
958 0 1 3 30 23 0.130435 0.114208 0.113208
959 0 1 3 34 18 0.166667 0.121268 0.115385
960 0 1 2 31 17 0.117647 0.0871214 0.0833333
961 0 1 3 40 19 0.157895 0.108821 0.101695
962 0 1 2 29 17 0.117647 0.0900755 0.0869565
963 0 1 3 41 25 0.12 0.0937043 0.0909091
964 0 1 3 39 17 0.176471 0.11651 0.107143
965 0 1 3 42 21 0.142857 0.101015 0.0952381
966 0 1 3 45 19 0.157895 0.102598 0.09375
967 0 1 3 41 23 0.130435 0.0976934 0.09375
968 0 1 3 44 22 0.136364 0.0964237 0.0909091
969 0 1 3 56 22 0.136364 0.0854704 0.0769231
970 0 1 3 46 21 0.142857 0.0965234 0.0895522
971 0 1 2 49 20 0.1 0.0638877 0.057971
972 0 1 3 46 25 0.12 0.0884652 0.084507
973 0 1 3 51 23 0.130435 0.0875936 0.0810811
974 0 1 2 51 20 0.1 0.0626224 0.056338
975 0 1 3 54 23 0.130435 0.0851257 0.0779221
976 0 1 2 46 23 0.0869565 0.0614875 0.057971
977 0 1 2 54 25 0.08 0.0544331 0.0506329
978 0 1 2 50 21 0.0952381 0.0617213 0.056338
979 0 1 3 39 22 0.136364 0.102418 0.0983607
980 0 1 2 52 20 0.1 0.0620174 0.0555556
981 0 1 3 49 19 0.157895 0.098321 0.0882353
982 0 1 3 44 19 0.157895 0.103757 0.0952381
983 0 1 1 42 22 0.0454545 0.0328976 0.03125
984 0 1 1 50 28 0.0357143 0.0267261 0.025641
985 0 1 0 37 30 0 0 0
986 0 1 0 47 30 0 0 0
987 0 1 0 49 25 0 0 0
988 0 1 0 38 25 0 0 0
989 0 1 0 44 26 0 0 0
990 0 1 1 36 17 0.0588235 0.0404226 0.0377358
991 0 1 0 38 17 0 0 0
992 0 1 1 35 19 0.0526316 0.0387783 0.037037
993 0 1 0 49 21 0 0 0
994 0 1 0 44 22 0 0 0
995 0 1 0 70 18 0 0 0
996 0 1 0 72 21 0 0 0
997 0 1 0 54 16 0 0 0
998 0 1 0 83 26 0 0 0
999 0 1 0 91 21 0 0 0
1000 0 1 0 74 20 0 0 0
1001 0 1 0 81 17 0 0 0
1002 0 1 0 81 27 0 0 0
1003 0 1 0 88 24 0 0 0
1004 0 1 0 89 27 0 0 0
1005 0 1 0 89 24 0 0 0
1006 0 1 0 83 26 0 0 0
1007 0 1 0 86 26 0 0 0
1008 0 1 1 89 29 0.0344828 0.0196837 0.0169492
1009 0 1 2 98 25 0.08 0.0404061 0.0325203
1010 0 1 2 88 25 0.08 0.0426401 0.0353982
1011 0 1 2 99 25 0.08 0.0402015 0.0322581
1012 0 1 2 85 26 0.0769231 0.0425436 0.036036
1013 0 1 2 97 31 0.0645161 0.0364723 0.03125
1014 0 1 3 97 33 0.0909091 0.0530247 0.0461538
1015 0 1 2 102 29 0.0689655 0.0367732 0.0305344
1016 0 1 3 96 30 0.1 0.0559017 0.047619
1017 0 1 2 98 32 0.0625 0.0357143 0.0307692
1018 0 1 3 104 37 0.0810811 0.0483619 0.0425532
1019 0 1 5 102 34 0.147059 0.0849044 0.0735294
1020 0 1 3 91 29 0.103448 0.0583985 0.05
1021 0 1 2 102 33 0.0606061 0.0344725 0.0296296
1022 0 1 1 102 35 0.0285714 0.0167365 0.0145985
1023 0 1 2 98 33 0.0606061 0.035169 0.0305344
1024 0 1 4 70 31 0.129032 0.0858678 0.0792079
1025 0 1 0 78 34 0 0 0
1026 0 1 3 88 38 0.0789474 0.0518786 0.047619
1027 0 1 2 87 38 0.0526316 0.0347839 0.032
1028 0 1 1 94 37 0.027027 0.0169565 0.0152672
1029 0 1 1 81 35 0.0285714 0.0187812 0.0172414
1030 0 1 1 97 37 0.027027 0.0166922 0.0149254
1031 0 1 2 91 42 0.047619 0.0323508 0.0300752
1032 0 1 2 89 41 0.0487805 0.0331088 0.0307692
1033 0 1 1 79 42 0.0238095 0.0173605 0.0165289
1034 0 1 2 89 42 0.047619 0.0327122 0.0305344
1035 0 1 1 83 40 0.025 0.0173553 0.0162602
1036 0 1 2 93 43 0.0465116 0.0316267 0.0294118
1037 0 1 0 75 43 0 0 0
1038 0 1 1 89 37 0.027027 0.0174263 0.015873
1039 0 1 0 80 37 0 0 0
1040 0 1 1 80 46 0.0217391 0.0164845 0.015873
1041 0 1 0 63 40 0 0 0
1042 0 1 1 76 44 0.0227273 0.0172929 0.0166667
1043 0 1 1 70 40 0.025 0.0188982 0.0181818
1044 0 1 1 77 39 0.025641 0.0182483 0.0172414
1045 0 1 0 71 41 0 0 0
1046 0 1 1 73 39 0.025641 0.0187416 0.0178571
1047 0 1 1 65 38 0.0263158 0.0201211 0.0194175
1048 0 1 0 71 40 0 0 0
1049 0 1 1 71 35 0.0285714 0.0200603 0.0188679
1050 0 1 0 80 36 0 0 0
1051 0 1 0 63 38 0 0 0
1052 0 1 0 78 32 0 0 0
1053 0 1 0 64 35 0 0 0
1054 0 1 0 75 35 0 0 0
1055 0 1 0 80 37 0 0 0
1056 0 1 0 77 36 0 0 0
1057 0 1 2 80 36 0.0555556 0.0372678 0.0344828
1058 0 1 1 82 33 0.030303 0.0192237 0.0173913
1059 0 1 1 90 33 0.030303 0.0183494 0.0162602
1060 0 1 1 81 36 0.0277778 0.0185185 0.017094
1061 0 1 2 87 36 0.0555556 0.0357371 0.0325203
1062 0 1 2 99 38 0.0526316 0.0326077 0.0291971
1063 0 1 2 64 32 0.0625 0.0441942 0.0416667
1064 0 1 0 47 31 0 0 0
1065 0 1 0 50 38 0 0 0
1066 0 1 0 70 37 0 0 0
1067 0 1 0 58 31 0 0 0
1068 0 1 0 56 29 0 0 0
1069 0 1 0 53 32 0 0 0
1070 0 1 0 62 29 0 0 0
1071 0 1 0 51 30 0 0 0
1072 0 1 0 52 29 0 0 0
1073 0 1 0 53 32 0 0 0
1074 0 1 0 51 33 0 0 0
1075 0 1 0 63 39 0 0 0
1076 0 1 0 62 29 0 0 0
1077 0 1 0 76 37 0 0 0
1078 0 1 0 58 31 0 0 0
1079 0 1 0 79 31 0 0 0
1080 0 1 1 78 36 0.0277778 0.0188713 0.0175439
1081 0 1 0 77 32 0 0 0
1082 0 1 0 74 35 0 0 0
1083 0 1 0 62 30 0 0 0
1084 0 1 0 58 31 0 0 0
1085 0 1 1 47 24 0.0416667 0.0297746 0.028169
1086 0 1 1 47 25 0.04 0.029173 0.0277778
1087 0 1 1 44 25 0.04 0.0301511 0.0289855
1088 0 1 1 46 25 0.04 0.0294884 0.028169
1089 0 1 2 41 25 0.08 0.0624695 0.0606061
1090 0 1 2 47 26 0.0769231 0.057213 0.0547945
1091 0 1 2 39 28 0.0714286 0.0605228 0.0597015
1092 0 1 1 42 29 0.0344828 0.0286534 0.028169
1093 0 1 2 50 25 0.08 0.0565685 0.0533333
1094 0 1 2 49 23 0.0869565 0.0595755 0.0555556
1095 0 1 2 47 25 0.08 0.058346 0.0555556
1096 0 1 1 53 28 0.0357143 0.0259587 0.0246914
1097 0 1 1 59 30 0.0333333 0.0237691 0.0224719
1098 0 1 0 56 30 0 0 0
1099 0 1 1 64 29 0.0344828 0.0232119 0.0215054
1100 0 1 0 70 29 0 0 0
1101 0 1 0 68 31 0 0 0
1102 0 1 1 69 31 0.0322581 0.0216219 0.02
1103 0 1 1 73 28 0.0357143 0.0221187 0.019802
1104 0 1 1 80 29 0.0344828 0.0207614 0.0183486
1105 0 1 1 67 26 0.0384615 0.0239594 0.0215054
1106 0 1 1 78 31 0.0322581 0.0203363 0.0183486
1107 0 1 1 70 29 0.0344828 0.0221948 0.020202
1108 0 1 1 72 32 0.03125 0.0208333 0.0192308
1109 0 1 0 64 32 0 0 0
1110 0 1 1 61 32 0.03125 0.0226339 0.0215054
1111 0 1 1 69 27 0.037037 0.0231683 0.0208333
1112 0 1 0 66 29 0 0 0
1113 0 1 1 67 28 0.0357143 0.0230879 0.0210526
1114 0 1 1 71 31 0.0322581 0.0213152 0.0196078
1115 0 1 1 67 26 0.0384615 0.0239594 0.0215054
1116 0 1 1 67 29 0.0344828 0.0226863 0.0208333
1117 0 1 1 65 30 0.0333333 0.0226455 0.0210526
1118 0 1 1 56 30 0.0333333 0.0243975 0.0232558
1119 0 1 1 60 32 0.03125 0.0228218 0.0217391
1120 0 1 1 50 28 0.0357143 0.0267261 0.025641
1121 0 1 1 51 28 0.0357143 0.0264628 0.0253165
1122 0 1 1 61 28 0.0357143 0.0241967 0.0224719
1123 0 1 0 52 28 0 0 0
1124 0 1 1 59 28 0.0357143 0.0246034 0.0229885
1125 0 1 1 54 31 0.0322581 0.0244412 0.0235294
1126 0 1 1 59 30 0.0333333 0.0237691 0.0224719
1127 0 1 0 57 28 0 0 0
1128 0 1 0 71 27 0 0 0
1129 0 1 0 46 30 0 0 0
1130 0 1 0 58 28 0 0 0
1131 0 1 0 55 32 0 0 0
1132 0 1 0 57 35 0 0 0
1133 0 1 0 62 33 0 0 0
1134 0 1 0 62 35 0 0 0
1135 0 1 1 55 31 0.0322581 0.024218 0.0232558
1136 0 1 0 59 31 0 0 0
1137 0 1 1 64 35 0.0285714 0.0211289 0.020202
1138 0 1 0 59 24 0 0 0
1139 0 1 0 75 29 0 0 0
1140 0 1 0 68 31 0 0 0
1141 0 1 0 76 26 0 0 0
1142 0 1 1 70 26 0.0384615 0.0234404 0.0208333
1143 0 1 1 67 24 0.0416667 0.0249377 0.021978
1144 0 1 1 71 29 0.0344828 0.022038 0.02
1145 0 1 4 78 28 0.142857 0.0855921 0.0754717
1146 0 1 3 74 25 0.12 0.0697486 0.0606061
1147 0 1 2 72 27 0.0740741 0.0453609 0.040404
1148 0 1 2 78 37 0.0540541 0.037229 0.0347826
1149 0 1 1 89 26 0.0384615 0.0207883 0.0173913
1150 0 1 2 91 27 0.0740741 0.0403485 0.0338983
1151 0 1 1 80 30 0.0333333 0.0204124 0.0181818
1152 0 1 2 87 27 0.0740741 0.0412656 0.0350877
1153 0 1 1 73 30 0.0333333 0.0213687 0.0194175
1154 0 1 1 88 31 0.0322581 0.019146 0.0168067
1155 0 1 0 79 28 0 0 0
1156 0 1 1 79 30 0.0333333 0.0205412 0.0183486
1157 0 1 0 79 30 0 0 0
1158 0 1 2 78 37 0.0540541 0.037229 0.0347826
1159 0 1 0 59 31 0 0 0
1160 0 1 0 68 26 0 0 0
1161 0 1 0 50 22 0 0 0
1162 0 1 0 26 17 0 0 0
1163 0 1 0 47 25 0 0 0
1164 0 1 0 38 11 0 0 0
1165 0 1 0 35 9 0 0 0
1166 0 1 0 32 15 0 0 0
1167 0 1 0 30 13 0 0 0
1168 0 1 0 38 17 0 0 0
1169 0 1 0 48 22 0 0 0
1170 0 1 0 43 22 0 0 0
1171 0 1 0 42 25 0 0 0
1172 0 1 0 44 23 0 0 0
1173 0 1 0 36 12 0 0 0
1174 0 1 0 26 7 0 0 0
1175 0 1 0 33 6 0 0 0
1176 0 1 0 28 12 0 0 0
1177 0 1 0 25 11 0 0 0
1178 0 1 0 31 10 0 0 0
1179 0 1 0 33 6 0 0 0
1180 0 1 0 36 10 0 0 0
1181 0 1 0 26 8 0 0 0
1182 0 1 0 35 7 0 0 0
1183 0 1 0 32 10 0 0 0
1184 0 1 0 28 10 0 0 0
1185 0 1 0 31 13 0 0 0
1186 0 1 0 30 8 0 0 0
1187 0 1 0 33 26 0 0 0
1188 0 1 0 29 25 0 0 0
1189 0 1 0 20 13 0 0 0
1190 0 1 0 28 15 0 0 0
1191 0 1 0 40 22 0 0 0
1192 0 1 0 37 23 0 0 0
1193 0 1 0 25 21 0 0 0
1194 0 1 0 42 21 0 0 0
1195 0 1 0 33 21 0 0 0
1196 0 1 0 34 22 0 0 0
1197 0 1 0 30 20 0 0 0
1198 0 1 0 36 15 0 0 0
1199 0 1 0 31 23 0 0 0
1200 0 1 0 29 19 0 0 0
1201 0 1 0 35 17 0 0 0
1202 0 1 0 30 15 0 0 0
1203 0 1 0 40 21 0 0 0
1204 0 1 0 34 21 0 0 0
1205 0 1 0 29 11 0 0 0
1206 0 1 0 22 12 0 0 0
1207 0 1 0 25 11 0 0 0
1208 0 1 0 44 23 0 0 0
1209 0 1 0 40 19 0 0 0
1210 0 1 0 38 22 0 0 0
1211 0 1 0 27 22 0 0 0
1212 0 1 0 26 27 0 0 0
1213 0 1 0 29 17 0 0 0
1214 0 1 0 22 16 0 0 0
1215 0 1 0 37 25 0 0 0
1216 0 1 0 33 23 0 0 0
1217 0 1 0 27 25 0 0 0
1218 0 1 0 39 29 0 0 0
1219 0 1 0 43 27 0 0 0
1220 0 1 0 37 32 0 0 0
1221 0 1 0 36 29 0 0 0
1222 0 1 0 38 23 0 0 0
1223 0 1 0 42 26 0 0 0
1224 0 1 0 38 24 0 0 0
1225 0 1 1 40 24 0.0416667 0.0322749 0.03125
1226 0 1 0 33 21 0 0 0
1227 0 1 0 33 25 0 0 0
1228 0 1 0 36 21 0 0 0
1229 0 1 0 42 20 0 0 0
1230 0 1 0 32 19 0 0 0
1231 0 1 0 38 18 0 0 0
1232 0 1 0 29 18 0 0 0
1233 0 1 0 35 18 0 0 0
1234 0 1 0 29 19 0 0 0
1235 0 1 0 34 16 0 0 0
1236 0 1 0 42 19 0 0 0
1237 0 1 0 36 14 0 0 0
1238 0 1 0 30 17 0 0 0
1239 0 1 0 22 19 0 0 0
1240 0 1 0 37 23 0 0 0
1241 0 1 0 24 16 0 0 0
1242 0 1 0 27 22 0 0 0
1243 0 1 0 29 20 0 0 0
1244 0 1 0 31 19 0 0 0
1245 0 1 0 26 19 0 0 0
1246 0 1 0 41 35 0 0 0
1247 0 1 0 31 32 0 0 0
1248 0 1 0 33 32 0 0 0
1249 0 1 0 31 30 0 0 0
1250 0 1 0 34 31 0 0 0
1251 0 1 0 33 34 0 0 0
1252 0 1 0 31 35 0 0 0
1253 0 1 0 30 33 0 0 0
1254 0 1 0 32 29 0 0 0
1255 0 1 0 32 29 0 0 0
1256 0 1 0 31 26 0 0 0
1257 0 1 1 32 41 0.03125 0.0276079 0.0273973
1258 0 1 1 44 38 0.0263158 0.0244558 0.0243902
1259 0 1 1 44 38 0.0263158 0.0244558 0.0243902
1260 0 1 0 36 39 0 0 0
1261 0 1 0 45 40 0 0 0
1262 0 1 0 32 31 0 0 0
1263 0 1 0 35 35 0 0 0
1264 0 1 0 33 26 0 0 0
1265 0 1 0 32 30 0 0 0
1266 0 1 1 42 33 0.030303 0.0268608 0.0266667
1267 0 1 1 35 33 0.030303 0.0294245 0.0294118
1268 0 1 0 39 31 0 0 0
1269 0 1 0 29 34 0 0 0
1270 0 1 1 27 30 0.037037 0.0351364 0.0350877
1271 0 1 1 36 46 0.0277778 0.0245737 0.0243902
1272 0 1 1 33 50 0.030303 0.0246183 0.0240964
1273 0 1 0 36 47 0 0 0
1274 0 1 1 33 41 0.030303 0.0271864 0.027027
1275 0 1 1 28 38 0.0357143 0.030657 0.030303
1276 0 1 0 33 55 0 0 0
1277 0 1 0 25 57 0 0 0
1278 0 1 0 29 55 0 0 0
1279 0 1 0 31 55 0 0 0
1280 0 1 0 29 52 0 0 0
1281 0 1 0 34 61 0 0 0
1282 0 1 0 33 59 0 0 0
1283 0 1 0 36 61 0 0 0
1284 0 1 0 43 59 0 0 0
1285 0 1 1 49 58 0.0204082 0.0187581 0.0186916
1286 0 1 1 40 57 0.025 0.0209427 0.0206186
1287 0 1 1 35 59 0.0285714 0.0220059 0.0212766
1288 0 1 1 52 57 0.0192308 0.018368 0.0183486
1289 0 1 2 39 68 0.0512821 0.0388368 0.0373832
1290 0 1 1 42 56 0.0238095 0.0206197 0.0204082
1291 0 1 1 42 58 0.0238095 0.020261 0.02
1292 0 1 1 32 57 0.03125 0.0234146 0.0224719
1293 0 1 1 28 60 0.0357143 0.0243975 0.0227273
1294 0 1 2 48 74 0.0416667 0.0335578 0.0327869
1295 0 1 1 54 71 0.0185185 0.0161501 0.016
1296 0 1 2 49 76 0.0408163 0.0327737 0.032
1297 0 1 1 52 75 0.0192308 0.0160128 0.015748
1298 0 1 2 47 70 0.0425532 0.0348684 0.034188
1299 0 1 1 45 68 0.0222222 0.0180775 0.0176991
1300 0 1 2 45 65 0.0444444 0.03698 0.0363636
1301 0 1 1 55 68 0.0181818 0.0163517 0.0162602
1302 0 1 2 48 73 0.0416667 0.0337869 0.0330578
1303 0 1 1 48 64 0.0208333 0.0180422 0.0178571
1304 0 1 2 43 63 0.0465116 0.038426 0.0377358
1305 0 1 1 39 64 0.025641 0.020016 0.0194175
1306 0 1 2 45 76 0.0444444 0.0341993 0.0330578
1307 0 1 1 45 73 0.0222222 0.0174475 0.0169492
1308 0 1 2 47 67 0.0425532 0.0356405 0.0350877
1309 0 1 1 57 82 0.0175439 0.014627 0.0143885
1310 0 1 1 47 83 0.0212766 0.0160108 0.0153846
1311 0 1 1 41 79 0.0243902 0.0175709 0.0166667
1312 0 1 1 47 82 0.0212766 0.0161081 0.0155039
1313 0 1 1 44 86 0.0227273 0.0162564 0.0153846
1314 0 1 1 48 89 0.0208333 0.0152998 0.0145985
1315 0 1 2 41 84 0.0487805 0.0340799 0.032
1316 0 1 1 36 75 0.0277778 0.019245 0.018018
1317 0 1 2 46 91 0.0434783 0.0309122 0.0291971
1318 0 1 1 43 84 0.0232558 0.016639 0.015748
1319 0 1 2 44 84 0.0454545 0.0328976 0.03125
1320 0 1 1 45 83 0.0222222 0.0163627 0.015625
1321 0 1 1 44 84 0.0227273 0.0164488 0.015625
1322 0 1 1 41 90 0.0243902 0.0164622 0.0152672
1323 0 1 1 38 80 0.0263158 0.0181369 0.0169492
1324 0 1 1 37 85 0.027027 0.0178316 0.0163934
1325 0 1 1 41 82 0.0243902 0.0172465 0.0162602
1326 0 1 1 39 87 0.025641 0.0171675 0.015873
1327 0 1 1 45 82 0.0222222 0.0164622 0.015748
1328 0 1 1 37 82 0.027027 0.0181548 0.0168067
1329 0 1 2 38 76 0.0526316 0.0372161 0.0350877
1330 0 1 0 56 82 0 0 0
1331 0 1 1 51 78 0.0196078 0.015855 0.0155039
1332 0 1 1 51 80 0.0196078 0.0156556 0.0152672
1333 0 1 2 50 82 0.04 0.0312348 0.030303
1334 0 1 0 44 79 0 0 0
1335 0 1 0 57 84 0 0 0
1336 0 1 1 43 79 0.0232558 0.0171574 0.0163934
1337 0 1 2 45 79 0.0444444 0.0335436 0.0322581
1338 0 1 1 44 79 0.0227273 0.0169613 0.0162602
1339 0 1 1 46 74 0.0217391 0.0171398 0.0166667
1340 0 1 1 45 77 0.0222222 0.0169882 0.0163934
1341 0 1 1 46 79 0.0217391 0.0165885 0.016
1342 0 1 2 33 81 0.0606061 0.0386839 0.0350877
1343 0 1 3 38 77 0.0789474 0.0554605 0.0521739
1344 0 1 3 42 73 0.0714286 0.0541795 0.0521739
1345 0 1 2 42 73 0.047619 0.0361197 0.0347826
1346 0 1 2 37 74 0.0540541 0.038222 0.036036
1347 0 1 2 46 78 0.0434783 0.033389 0.0322581
1348 0 1 1 47 78 0.0212766 0.016516 0.016
1349 0 1 2 52 83 0.0384615 0.0304431 0.0296296
1350 0 1 1 42 82 0.0238095 0.01704 0.016129
1351 0 1 0 45 79 0 0 0
1352 0 1 0 41 81 0 0 0
1353 0 1 1 40 76 0.025 0.0181369 0.0172414
1354 0 1 1 39 78 0.025641 0.0181309 0.017094
1355 0 1 0 43 79 0 0 0
1356 0 1 0 34 77 0 0 0
1357 0 1 0 32 75 0 0 0
1358 0 1 0 36 85 0 0 0
1359 0 1 1 33 91 0.030303 0.0182483 0.016129
1360 0 1 1 32 88 0.03125 0.0188445 0.0166667
1361 0 1 0 33 88 0 0 0
1362 0 1 0 30 82 0 0 0
1363 0 1 0 31 80 0 0 0
1364 0 1 1 37 81 0.027027 0.0182666 0.0169492
1365 0 1 0 37 79 0 0 0
1366 0 1 2 29 76 0.0689655 0.0426014 0.0380952
1367 0 1 2 34 86 0.0588235 0.0369863 0.0333333
1368 0 1 2 31 83 0.0645161 0.0394285 0.0350877
1369 0 1 2 35 87 0.0571429 0.036244 0.0327869
1370 0 1 3 35 77 0.0857143 0.0577886 0.0535714
1371 0 1 2 37 74 0.0540541 0.038222 0.036036
1372 0 1 3 29 78 0.103448 0.0630776 0.0560748
1373 0 1 3 31 70 0.0967742 0.0644008 0.0594059
1374 0 1 1 43 67 0.0232558 0.0186307 0.0181818
1375 0 1 0 37 67 0 0 0
1376 0 1 0 45 65 0 0 0
1377 0 1 0 35 65 0 0 0
1378 0 1 0 34 57 0 0 0
1379 0 1 0 36 58 0 0 0
1380 0 1 0 30 52 0 0 0
1381 0 1 0 38 59 0 0 0
1382 0 1 0 30 54 0 0 0
1383 0 1 0 40 52 0 0 0
1384 0 1 0 29 41 0 0 0
1385 0 1 0 46 42 0 0 0
1386 0 1 1 40 40 0.025 0.025 0.025
1387 0 1 1 37 40 0.027027 0.0259938 0.025974
1388 0 1 0 42 38 0 0 0
1389 0 1 0 52 37 0 0 0
1390 0 1 0 54 38 0 0 0
1391 0 1 0 48 32 0 0 0
1392 0 1 0 39 34 0 0 0
1393 0 1 0 47 33 0 0 0
1394 0 1 0 41 38 0 0 0
1395 0 1 0 47 35 0 0 0
1396 0 1 0 42 31 0 0 0
1397 0 1 0 46 28 0 0 0
1398 0 1 0 38 29 0 0 0
1399 0 1 0 36 28 0 0 0
1400 0 1 1 38 27 0.037037 0.0312195 0.0307692
1401 0 1 0 36 32 0 0 0
1402 0 1 0 49 36 0 0 0
1403 0 1 1 43 32 0.03125 0.0269582 0.0266667
1404 0 1 0 53 39 0 0 0
1405 0 1 1 53 41 0.0243902 0.0214521 0.0212766
1406 0 1 2 42 41 0.0487805 0.0481963 0.0481928
1407 0 1 1 60 55 0.0181818 0.0174078 0.0173913
1408 0 1 1 55 49 0.0204082 0.0192629 0.0192308
1409 0 1 1 50 40 0.025 0.0223607 0.0222222
1410 0 1 1 52 50 0.02 0.0196116 0.0196078
1411 0 1 1 48 44 0.0227273 0.0217597 0.0217391
1412 0 1 2 55 56 0.0363636 0.0360375 0.036036
1413 0 1 1 45 44 0.0227273 0.0224733 0.0224719
1414 0 1 3 46 48 0.0652174 0.0638442 0.0638298
1415 0 1 2 50 53 0.04 0.0388514 0.038835
1416 0 1 1 55 49 0.0204082 0.0192629 0.0192308
1417 0 1 2 59 46 0.0434783 0.0383906 0.0380952
1418 0 1 2 53 54 0.0377358 0.0373848 0.0373832
1419 0 1 2 50 50 0.04 0.04 0.04
1420 0 1 3 60 56 0.0535714 0.0517549 0.0517241
1421 0 1 2 48 56 0.0416667 0.0385758 0.0384615
1422 0 1 3 62 56 0.0535714 0.0509133 0.0508475
1423 0 1 2 53 51 0.0392157 0.0384687 0.0384615
1424 0 1 3 55 51 0.0588235 0.0566441 0.0566038
1425 0 1 2 48 50 0.0416667 0.0408248 0.0408163
1426 0 1 3 53 51 0.0588235 0.057703 0.0576923
1427 0 1 2 49 56 0.0408163 0.0381802 0.0380952
1428 0 1 3 61 54 0.0555556 0.0522708 0.0521739
1429 0 1 2 52 54 0.0384615 0.0377426 0.0377358
1430 0 1 3 54 55 0.0555556 0.0550482 0.0550459
1431 0 1 2 54 51 0.0392157 0.0381108 0.0380952
1432 0 1 3 50 55 0.06 0.0572078 0.0571429
1433 0 1 2 49 59 0.0408163 0.0371968 0.037037
1434 0 1 4 50 58 0.08 0.0742781 0.0740741
1435 0 1 2 58 51 0.0392157 0.0367732 0.0366972
1436 0 1 2 58 56 0.0357143 0.0350931 0.0350877
1437 0 1 1 50 52 0.02 0.0196116 0.0196078
1438 0 1 1 45 53 0.0222222 0.0204765 0.0204082
1439 0 1 1 47 52 0.0212766 0.0202278 0.020202
1440 0 1 0 56 54 0 0 0
1441 0 1 0 47 51 0 0 0
1442 0 1 0 53 56 0 0 0
1443 0 1 0 38 56 0 0 0
1444 0 1 0 55 50 0 0 0
1445 0 1 0 40 54 0 0 0
1446 0 1 1 47 51 0.0212766 0.0204252 0.0204082
1447 0 1 1 40 51 0.025 0.0221404 0.021978
1448 0 1 0 48 51 0 0 0
1449 0 1 1 41 50 0.0243902 0.0220863 0.021978
1450 0 1 0 50 56 0 0 0
1451 0 1 0 50 58 0 0 0
1452 0 1 0 34 57 0 0 0
1453 0 1 0 44 65 0 0 0
1454 0 1 0 46 61 0 0 0
1455 0 1 0 34 58 0 0 0
1456 0 1 0 39 65 0 0 0
1457 0 1 0 40 62 0 0 0
1458 0 1 1 40 67 0.025 0.0193167 0.0186916
1459 0 1 0 28 65 0 0 0
1460 0 1 0 37 72 0 0 0
1461 0 1 0 31 60 0 0 0
1462 0 1 0 29 68 0 0 0
1463 0 1 0 29 57 0 0 0
1464 0 1 0 33 61 0 0 0
1465 0 1 0 23 53 0 0 0
1466 0 1 0 21 52 0 0 0
1467 0 1 0 19 48 0 0 0
1468 0 1 0 25 43 0 0 0
1469 0 1 0 25 42 0 0 0
1470 0 1 0 17 40 0 0 0
1471 0 1 0 29 36 0 0 0
1472 0 1 0 26 26 0 0 0
1473 0 1 0 21 31 0 0 0
1474 0 1 0 20 25 0 0 0
1475 0 1 0 25 26 0 0 0
1476 0 1 0 25 23 0 0 0
1477 0 1 0 17 20 0 0 0
1478 0 1 0 14 15 0 0 0
1479 0 1 0 12 15 0 0 0
1480 0 1 0 12 21 0 0 0
1481 0 1 0 15 16 0 0 0
1482 0 1 0 20 19 0 0 0
1483 0 1 0 17 16 0 0 0
1484 0 1 0 12 14 0 0 0
1485 0 1 0 16 21 0 0 0
1486 0 1 0 18 28 0 0 0
1487 0 1 0 8 22 0 0 0
1488 0 1 0 8 24 0 0 0
1489 0 1 0 11 26 0 0 0
1490 0 1 0 7 33 0 0 0
1491 0 1 0 11 36 0 0 0
1492 0 1 0 13 22 0 0 0
1493 0 1 0 18 24 0 0 0
1494 0 1 0 14 23 0 0 0
1495 0 1 0 16 29 0 0 0
1496 0 1 0 12 26 0 0 0
1497 0 1 0 19 26 0 0 0
1498 0 1 0 16 26 0 0 0
1499 0 1 0 17 24 0 0 0
1500 0 1 0 13 28 0 0 0
1501 0 1 0 18 30 0 0 0
1502 0 1 0 19 36 0 0 0
1503 0 1 0 18 37 0 0 0
1504 0 1 0 20 33 0 0 0
1505 0 1 0 16 36 0 0 0
1506 0 1 0 11 35 0 0 0
1507 0 1 0 22 34 0 0 0
1508 0 1 0 18 28 0 0 0
1509 0 1 0 17 49 0 0 0
1510 0 1 0 25 47 0 0 0
1511 0 1 0 18 50 0 0 0
1512 0 1 0 17 46 0 0 0
1513 0 1 0 14 39 0 0 0
1514 0 1 0 17 34 0 0 0
1515 0 1 0 17 43 0 0 0
1516 0 1 0 20 41 0 0 0
1517 0 1 0 20 33 0 0 0
1518 0 1 0 17 66 0 0 0
1519 0 1 0 11 53 0 0 0
1520 0 1 0 26 85 0 0 0
1521 0 1 0 17 65 0 0 0
1522 0 1 0 21 77 0 0 0
1523 0 1 0 21 70 0 0 0
1524 0 1 0 21 57 0 0 0
1525 0 1 0 21 95 0 0 0
1526 0 1 0 29 92 0 0 0
1527 0 1 0 31 94 0 0 0
1528 0 1 0 25 89 0 0 0
1529 0 1 0 22 95 0 0 0
1530 0 1 0 23 96 0 0 0
1531 0 1 0 19 87 0 0 0
1532 0 1 0 20 89 0 0 0
1533 0 1 0 29 86 0 0 0
1534 0 1 0 31 84 0 0 0
1535 0 1 0 20 83 0 0 0
1536 0 1 0 17 79 0 0 0
1537 0 1 0 11 74 0 0 0
1538 0 1 0 27 84 0 0 0
1539 0 1 0 18 80 0 0 0
1540 0 1 0 24 52 0 0 0
1541 0 1 0 33 41 0 0 0
1542 0 1 0 31 40 0 0 0
1543 0 1 0 34 45 0 0 0
1544 0 1 0 28 56 0 0 0
1545 0 1 0 36 54 0 0 0
1546 0 1 0 24 42 0 0 0
1547 0 1 0 56 41 0 0 0
1548 0 1 0 42 39 0 0 0
1549 0 1 0 98 55 0 0 0
1550 0 1 0 67 45 0 0 0
1551 0 1 0 155 161 0 0 0
1552 0 1 0 128 133 0 0 0
1553 0 1 0 107 125 0 0 0
1554 0 1 0 82 88 0 0 0
1555 0 1 0 217 234 0 0 0
1556 0 1 0 179 195 0 0 0
1557 0 1 0 148 158 0 0 0
1558 0 1 0 117 129 0 0 0
1559 0 1 0 210 246 0 0 0
1560 0 1 0 170 214 0 0 0
1561 0 1 0 153 180 0 0 0
1562 0 1 0 224 290 0 0 0
1563 0 1 0 173 249 0 0 0
1564 0 1 0 166 204 0 0 0
1565 0 1 0 209 285 0 0 0
1566 0 1 0 158 252 0 0 0
1567 0 1 0 199 339 0 0 0
1568 0 1 0 162 269 0 0 0
1569 0 1 0 201 336 0 0 0
1570 0 1 0 145 279 0 0 0
1571 0 1 1 184 368 0.00543478 0.00384297 0.00362319
1572 0 1 0 137 268 0 0 0
1573 0 1 0 169 319 0 0 0
1574 0 1 0 110 285 0 0 0
1575 0 1 0 168 330 0 0 0
1576 0 1 0 114 287 0 0 0
1577 0 1 0 170 334 0 0 0
1578 0 1 0 135 289 0 0 0
1579 0 1 0 172 358 0 0 0
1580 0 1 0 125 323 0 0 0
1581 0 1 0 163 375 0 0 0
1582 0 1 0 131 341 0 0 0
1583 0 1 0 183 403 0 0 0
1584 0 1 0 137 341 0 0 0
1585 0 1 0 181 419 0 0 0
1586 0 1 0 147 382 0 0 0
1587 0 1 0 191 441 0 0 0
1588 0 1 0 168 403 0 0 0
1589 0 1 0 218 469 0 0 0
1590 0 1 0 175 391 0 0 0
1591 0 1 0 226 479 0 0 0
1592 0 1 0 164 400 0 0 0
1593 0 1 0 198 430 0 0 0
1594 0 1 0 150 375 0 0 0
1595 0 1 1 167 419 0.00598802 0.00378037 0.00341297
1596 0 1 0 147 373 0 0 0
1597 0 1 0 188 432 0 0 0
1598 0 1 0 160 377 0 0 0
1599 0 1 0 184 465 0 0 0
1600 0 1 0 140 413 0 0 0
1601 0 1 2 178 500 0.011236 0.00670402 0.0058997
1602 0 1 0 134 398 0 0 0
1603 0 1 0 188 501 0 0 0
1604 0 1 0 150 460 0 0 0
1605 0 1 1 140 412 0.00714286 0.00416378 0.00362319
1606 0 1 0 202 512 0 0 0
1607 0 1 0 156 447 0 0 0
1608 0 1 0 154 384 0 0 0
1609 0 1 0 224 473 0 0 0
1610 0 1 1 196 425 0.00510204 0.00346479 0.00322061
1611 0 1 0 167 387 0 0 0
1612 0 1 2 214 509 0.00934579 0.00605988 0.0055325
1613 0 1 1 187 459 0.00534759 0.00341329 0.00309598
1614 0 1 0 165 431 0 0 0
1615 0 1 1 146 369 0.00684932 0.00430834 0.0038835
1616 0 1 0 225 485 0 0 0
1617 0 1 1 184 435 0.00543478 0.00353465 0.00323102
1618 0 1 1 156 370 0.00641026 0.00416233 0.00380228
1619 0 1 0 207 478 0 0 0
1620 0 1 2 158 405 0.0126582 0.00790631 0.0071048
1621 0 1 2 214 482 0.00934579 0.0062273 0.00574713
1622 0 1 1 166 427 0.0060241 0.00375606 0.00337268
1623 0 1 0 154 386 0 0 0
1624 0 1 2 191 482 0.0104712 0.00659158 0.00594354
1625 0 1 1 167 420 0.00598802 0.00377587 0.00340715
1626 0 1 0 142 368 0 0 0
1627 0 1 1 200 477 0.005 0.00323762 0.00295421
1628 0 1 3 178 409 0.0168539 0.0111186 0.0102215
1629 0 1 4 151 366 0.0264901 0.017015 0.0154739
1630 0 1 0 226 444 0 0 0
1631 0 1 3 195 385 0.0153846 0.010949 0.0103448
1632 0 1 0 165 371 0 0 0
1633 0 1 0 248 451 0 0 0
1634 0 1 1 197 374 0.00507614 0.0036841 0.00350263
1635 0 1 0 260 412 0 0 0
1636 0 1 1 199 332 0.00502513 0.00389049 0.00376648
1637 0 1 0 222 370 0 0 0
1638 0 1 0 218 336 0 0 0
1639 0 1 2 245 368 0.00816326 0.00666075 0.00652529
1640 0 1 3 224 357 0.0133929 0.0106087 0.010327
1641 0 1 3 250 366 0.012 0.00991769 0.00974026
1642 0 1 0 235 330 0 0 0
1643 0 1 1 267 399 0.00374532 0.00306378 0.003003
1644 0 1 1 226 370 0.00442478 0.00345816 0.0033557
1645 0 1 1 275 440 0.00363636 0.0028748 0.0027972
1646 0 1 0 227 378 0 0 0
1647 0 1 2 300 420 0.00666667 0.00563436 0.00555556
1648 0 1 2 248 356 0.00806452 0.00673099 0.00662252
1649 0 1 1 254 400 0.00393701 0.00313728 0.0030581
1650 0 1 3 232 354 0.012931 0.0104683 0.0102389
1651 0 1 3 284 414 0.0105634 0.00874907 0.00859599
1652 0 1 4 252 361 0.015873 0.0132619 0.0130506
1653 0 1 6 243 380 0.0246914 0.019745 0.0192616
1654 0 1 8 224 320 0.0357143 0.0298807 0.0294118
1655 0 1 8 259 420 0.030888 0.0242558 0.0235641
1656 0 1 7 212 363 0.0330189 0.0252335 0.0243478
1657 0 1 5 240 425 0.0208333 0.0156556 0.0150376
1658 0 1 7 197 374 0.035533 0.0257887 0.0245184
1659 0 1 5 239 411 0.0209205 0.0159533 0.0153846
1660 0 1 5 209 387 0.0239234 0.0175809 0.0167785
1661 0 1 0 232 442 0 0 0
1662 0 1 5 208 400 0.0240385 0.0173344 0.0164474
1663 0 1 5 224 438 0.0223214 0.0159628 0.0151057
1664 0 1 3 203 398 0.0147783 0.0105544 0.00998336
1665 0 1 3 250 457 0.012 0.00887551 0.00848656
1666 0 1 3 217 421 0.0138249 0.00992545 0.00940439
1667 0 1 2 262 499 0.00763359 0.00553132 0.00525624
1668 0 1 2 225 434 0.00888889 0.00640021 0.0060698
1669 0 1 5 261 428 0.0191571 0.0149599 0.0145138
1670 0 1 3 217 412 0.0138249 0.0100333 0.00953895
1671 0 1 4 248 403 0.016129 0.0126527 0.0122888
1672 0 1 2 210 340 0.00952381 0.00748481 0.00727273
1673 0 1 4 257 388 0.0155642 0.0126671 0.0124031
1674 0 1 2 203 302 0.00985222 0.00807753 0.00792079
1675 0 1 0 234 335 0 0 0
1676 0 1 1 199 270 0.00502513 0.00431411 0.00426439
1677 0 1 2 230 304 0.00869565 0.00756361 0.00749064
1678 0 1 1 220 288 0.00454545 0.00397276 0.00393701
1679 0 1 2 262 305 0.00763359 0.00707505 0.00705467
1680 0 1 4 237 264 0.0168776 0.0159913 0.0159681
1681 0 1 3 293 309 0.0102389 0.0099703 0.00996678
1682 0 1 0 254 272 0 0 0
1683 0 1 1 284 313 0.00352113 0.00335404 0.00335008
1684 0 1 2 250 284 0.008 0.00750587 0.00749064
1685 0 1 1 257 287 0.00389105 0.00368207 0.00367647
1686 0 1 0 232 249 0 0 0
1687 0 1 0 234 313 0 0 0
1688 0 1 0 212 280 0 0 0
1689 0 1 0 268 329 0 0 0
1690 0 1 0 215 260 0 0 0
1691 0 1 0 245 311 0 0 0
1692 0 1 0 188 277 0 0 0
1693 0 1 0 231 312 0 0 0
1694 0 1 0 180 252 0 0 0
1695 0 1 0 203 295 0 0 0
1696 0 1 0 152 270 0 0 0
1697 0 1 0 188 295 0 0 0
1698 0 1 0 159 254 0 0 0
1699 0 1 0 170 306 0 0 0
1700 0 1 0 145 269 0 0 0
1701 0 1 0 163 263 0 0 0
1702 0 1 0 158 226 0 0 0
1703 0 1 0 175 276 0 0 0
1704 0 1 0 151 242 0 0 0
1705 0 1 0 183 309 0 0 0
1706 0 1 0 170 250 0 0 0
1707 0 1 0 181 265 0 0 0
1708 0 1 1 159 250 0.00628931 0.0050157 0.00488998
1709 0 1 0 162 308 0 0 0
1710 0 1 0 145 283 0 0 0
1711 0 1 0 202 343 0 0 0
1712 0 1 1 173 284 0.00578035 0.00451147 0.00437637
1713 0 1 0 209 343 0 0 0
1714 0 1 0 189 327 0 0 0
1715 0 1 1 239 387 0.0041841 0.0032881 0.00319489
1716 0 1 0 187 341 0 0 0
1717 0 1 2 235 361 0.00851064 0.00686661 0.00671141
1718 0 1 2 211 336 0.00947867 0.00751137 0.00731261
1719 0 1 2 249 404 0.00803213 0.00630579 0.00612557
1720 0 1 2 202 324 0.00990099 0.00781775 0.00760456
1721 0 1 5 235 376 0.0212766 0.0168206 0.0163666
1722 0 1 3 195 329 0.0153846 0.0118442 0.0114504
1723 0 1 2 227 372 0.00881057 0.00688249 0.0066778
1724 0 1 2 212 319 0.00943396 0.00769072 0.00753296
1725 0 1 3 227 396 0.0132159 0.010006 0.00963082
1726 0 1 2 220 361 0.00909091 0.00709684 0.00688468
1727 0 1 2 178 313 0.011236 0.00847321 0.00814664
1728 0 1 4 216 373 0.0185185 0.0140922 0.0135823
1729 0 1 0 198 352 0 0 0
1730 0 1 1 172 297 0.00581395 0.00442443 0.00426439
1731 0 1 0 217 357 0 0 0
1732 0 1 1 182 324 0.00549451 0.00411805 0.00395257
1733 0 1 2 165 330 0.0121212 0.00857099 0.00808081
1734 0 1 0 108 249 0 0 0
1735 0 1 0 111 276 0 0 0
1736 0 1 0 46 181 0 0 0
1737 0 1 0 34 148 0 0 0
1738 0 1 0 30 157 0 0 0
1739 0 1 0 34 117 0 0 0
1740 0 1 0 78 169 0 0 0
1741 0 1 0 55 151 0 0 0
1742 0 1 0 97 178 0 0 0
1743 0 1 0 126 260 0 0 0
1744 0 1 0 113 220 0 0 0
1745 0 1 0 131 263 0 0 0
1746 0 1 0 94 233 0 0 0
1747 0 1 0 157 290 0 0 0
1748 0 1 0 132 253 0 0 0
1749 0 1 0 164 332 0 0 0
1750 0 1 0 146 310 0 0 0
1751 0 1 0 136 254 0 0 0
1752 0 1 0 159 359 0 0 0
1753 0 1 0 160 336 0 0 0
1754 0 1 0 130 295 0 0 0
1755 0 1 0 197 376 0 0 0
1756 0 1 0 165 347 0 0 0
1757 0 1 0 156 311 0 0 0
1758 0 1 1 238 404 0.00420168 0.00322493 0.00311526
1759 0 1 0 208 351 0 0 0
1760 0 1 1 164 299 0.00609756 0.00451588 0.00431965
1761 0 1 0 208 369 0 0 0
1762 0 1 0 195 328 0 0 0
1763 0 1 1 203 395 0.00492611 0.00353145 0.00334448
1764 0 1 0 176 314 0 0 0
1765 0 1 3 223 360 0.0134529 0.0105881 0.0102916
1766 0 1 0 163 282 0 0 0
1767 0 1 3 178 322 0.0168539 0.0125309 0.012
1768 0 1 3 165 301 0.0181818 0.0134616 0.0128755
1769 0 1 1 155 343 0.00645161 0.00433698 0.00401606
1770 0 1 3 153 304 0.0196078 0.0139104 0.0131291
1771 0 1 3 173 321 0.017341 0.0127305 0.0121457
1772 0 1 0 130 272 0 0 0
1773 0 1 1 166 351 0.0060241 0.00414278 0.00386847
1774 0 1 0 131 288 0 0 0
1775 0 1 1 169 345 0.00591716 0.0041414 0.00389105
1776 0 1 2 139 330 0.0143885 0.00933825 0.00852878
1777 0 1 1 183 407 0.00546448 0.00366418 0.00338983
1778 0 1 0 131 344 0 0 0
1779 0 1 1 158 394 0.00632911 0.00400796 0.00362319
1780 0 1 0 130 360 0 0 0
1781 0 1 0 176 379 0 0 0
1782 0 1 1 144 325 0.00694444 0.0046225 0.00426439
1783 0 1 2 196 422 0.0102041 0.00695418 0.00647249
1784 0 1 1 146 347 0.00684932 0.00444282 0.0040568
1785 0 1 0 189 411 0 0 0
1786 0 1 1 178 367 0.00561798 0.00391252 0.00366972
1787 0 1 3 165 323 0.0181818 0.0129951 0.0122951
1788 0 1 1 204 410 0.00490196 0.00345775 0.00325733
1789 0 1 0 179 374 0 0 0
1790 0 1 2 162 325 0.0123457 0.00871627 0.00821355
1791 0 1 2 216 388 0.00925926 0.00690856 0.00662252
1792 0 1 0 195 372 0 0 0
1793 0 1 0 164 324 0 0 0
1794 0 1 0 243 412 0 0 0
1795 0 1 0 214 378 0 0 0
1796 0 1 2 193 337 0.0103627 0.00784217 0.00754717
1797 0 1 2 269 478 0.00743494 0.0055775 0.00535475
1798 0 1 3 235 423 0.012766 0.00951518 0.00911854
1799 0 1 3 225 334 0.0133333 0.0109435 0.0107335
1800 0 1 3 311 431 0.0096463 0.00819412 0.00808625
1801 0 1 0 284 383 0 0 0
1802 0 1 0 260 341 0 0 0
1803 0 1 1 314 428 0.00318471 0.0027278 0.00269542
1804 0 1 0 277 356 0 0 0
1805 0 1 1 332 416 0.00301205 0.00269082 0.0026738
1806 0 1 1 306 356 0.00326797 0.0030298 0.00302115
1807 0 1 1 352 419 0.00284091 0.00260388 0.00259403
1808 0 1 1 300 368 0.00333333 0.00300965 0.00299401
1809 0 1 0 334 458 0 0 0
1810 0 1 2 311 380 0.00643087 0.00581779 0.00578871
1811 0 1 1 364 423 0.00274725 0.00254847 0.0025413
1812 0 1 5 333 384 0.015015 0.0139824 0.013947
1813 0 1 3 348 429 0.00862069 0.00776431 0.00772201
1814 0 1 4 297 386 0.013468 0.0118138 0.011713
1815 0 1 4 335 435 0.0119403 0.0104784 0.0103896
1816 0 1 2 283 391 0.00706714 0.00601241 0.00593472
1817 0 1 7 336 499 0.0208333 0.0170954 0.0167665
1818 0 1 5 284 420 0.0176056 0.0144773 0.0142045
1819 0 1 2 298 524 0.00671141 0.00506123 0.00486618
1820 0 1 4 283 443 0.0141343 0.011297 0.0110193
1821 0 1 5 334 515 0.0149701 0.0120557 0.0117786
1822 0 1 4 304 472 0.0131579 0.0105597 0.0103093
1823 0 1 5 279 424 0.0179211 0.0145373 0.0142248
1824 0 1 2 326 505 0.00613497 0.00492919 0.00481348
1825 0 1 2 297 450 0.00673401 0.00547073 0.00535475
1826 0 1 10 272 396 0.0367647 0.0304697 0.0299401
1827 0 1 7 318 484 0.0220126 0.0178428 0.0174564
1828 0 1 7 306 460 0.0228758 0.0186577 0.0182768
1829 0 1 3 281 434 0.0106762 0.00859059 0.00839161
1830 0 1 4 259 388 0.015444 0.0126181 0.0123648
1831 0 1 7 299 435 0.0234114 0.0194097 0.0190736
1832 0 1 7 300 426 0.0233333 0.0195809 0.0192837
1833 0 1 4 274 413 0.0145985 0.0118908 0.0116448
1834 0 1 6 323 481 0.0185759 0.0152222 0.0149254
1835 0 1 8 313 461 0.0255591 0.0210604 0.0206718
1836 0 1 5 274 411 0.0182482 0.0148996 0.0145985
1837 0 1 10 334 450 0.0299401 0.0257941 0.0255102
1838 0 1 7 309 414 0.0226537 0.0195713 0.0193638
1839 0 1 6 367 483 0.0163488 0.014251 0.0141176
1840 0 1 5 344 428 0.0145349 0.0130307 0.0129534
1841 0 1 8 301 359 0.0265781 0.0243366 0.0242424
1842 0 1 4 320 422 0.0125 0.010885 0.0107817
1843 0 1 5 301 384 0.0166113 0.0147069 0.0145985
1844 0 1 8 304 352 0.0263158 0.0244558 0.0243902
1845 0 1 14 344 436 0.0406977 0.0361498 0.0358974
1846 0 1 9 325 411 0.0276923 0.0246252 0.0244565
1847 0 1 11 313 377 0.0351438 0.0320221 0.0318841
1848 0 1 6 338 449 0.0177515 0.0154017 0.0152478
1849 0 1 9 316 414 0.028481 0.0248828 0.0246575
1850 0 1 2 272 370 0.00735294 0.00630441 0.00623053
1851 0 1 4 349 479 0.0114613 0.00978317 0.00966184
1852 0 1 8 309 439 0.02589 0.0217209 0.0213904
1853 0 1 6 296 417 0.0202703 0.017078 0.0168303
1854 0 1 7 281 374 0.024911 0.0215928 0.021374
1855 0 1 16 336 464 0.047619 0.040522 0.04
1856 0 1 8 304 445 0.0263158 0.0217507 0.0213618
1857 0 1 13 273 363 0.047619 0.0412961 0.0408805
1858 0 1 6 266 416 0.0225564 0.018037 0.0175953
1859 0 1 12 263 397 0.0456274 0.0371371 0.0363636
1860 0 1 11 193 359 0.0569948 0.0417895 0.0398551
1861 0 1 4 191 389 0.0209424 0.0146747 0.0137931
1862 0 1 6 184 360 0.0326087 0.0233126 0.0220588
1863 0 1 9 179 335 0.0502793 0.0367531 0.0350195
1864 0 1 11 227 396 0.0484582 0.0366887 0.035313
1865 0 1 6 206 357 0.0291262 0.022125 0.0213144
1866 0 1 8 188 330 0.0425532 0.0321184 0.030888
1867 0 1 3 250 410 0.012 0.00937043 0.00909091
1868 0 1 2 228 354 0.00877193 0.00703981 0.00687285
1869 0 1 2 184 325 0.0108696 0.00817861 0.00785855
1870 0 1 6 250 402 0.024 0.0189264 0.0184049
1871 0 1 3 230 381 0.0130435 0.0101343 0.00981997
1872 0 1 0 199 352 0 0 0
1873 0 1 1 232 427 0.00431034 0.00317718 0.0030349
1874 0 1 0 207 374 0 0 0
1875 0 1 3 197 349 0.0152284 0.0114413 0.010989
1876 0 1 0 227 430 0 0 0
1877 0 1 0 218 388 0 0 0
1878 0 1 2 199 346 0.0100503 0.00762194 0.00733945
1879 0 1 1 220 399 0.00454545 0.00337522 0.00323102
1880 0 1 0 216 372 0 0 0
1881 0 1 1 194 334 0.00515464 0.00392849 0.00378788
1882 0 1 2 223 427 0.00896861 0.00648132 0.00615385
1883 0 1 2 207 382 0.00966184 0.00711235 0.00679117
1884 0 1 1 191 360 0.0052356 0.00381357 0.00362976
1885 0 1 2 221 431 0.00904977 0.0064803 0.00613497
1886 0 1 1 204 380 0.00490196 0.00359164 0.00342466
1887 0 1 0 239 419 0 0 0
1888 0 1 2 223 404 0.00896861 0.00666326 0.00637959
1889 0 1 2 170 333 0.0117647 0.00840588 0.00795229
1890 0 1 2 155 365 0.0129032 0.00840848 0.00769231
1891 0 1 4 151 333 0.0264901 0.0178381 0.0165289
1892 0 1 0 114 296 0 0 0
1893 0 1 2 141 327 0.0141844 0.00931422 0.00854701
1894 0 1 1 131 327 0.00763359 0.00483159 0.00436681
1895 0 1 0 130 293 0 0 0
1896 0 1 0 166 372 0 0 0
1897 0 1 2 163 349 0.0122699 0.00838539 0.0078125
1898 0 1 2 141 318 0.0141844 0.00944511 0.0087146
1899 0 1 1 215 370 0.00465116 0.00354552 0.0034188
1900 0 1 0 212 348 0 0 0
1901 0 1 2 167 292 0.011976 0.00905692 0.0087146
1902 0 1 2 241 361 0.00829876 0.0067806 0.00664452
1903 0 1 0 227 329 0 0 0
1904 0 1 4 179 283 0.0223464 0.0177722 0.017316
1905 0 1 8 233 369 0.0343348 0.0272834 0.0265781
1906 0 1 8 215 346 0.0372093 0.0293314 0.0285205
1907 0 1 6 163 284 0.0368098 0.0278868 0.0268456
1908 0 1 7 202 363 0.0346535 0.0258505 0.0247788
1909 0 1 7 176 330 0.0397727 0.0290459 0.027668
1910 0 1 9 190 367 0.0473684 0.0340826 0.032316
1911 0 1 8 178 327 0.0449438 0.0331594 0.0316832
1912 0 1 8 174 350 0.045977 0.0324176 0.0305344
1913 0 1 6 151 321 0.0397351 0.0272527 0.0254237
1914 0 1 6 168 370 0.0357143 0.0240655 0.0223048
1915 0 1 4 158 353 0.0253165 0.0169373 0.0156556
1916 0 1 7 181 401 0.038674 0.0259828 0.024055
1917 0 1 5 159 361 0.0314465 0.0208698 0.0192308
1918 0 1 3 194 420 0.0154639 0.0105098 0.00977199
1919 0 1 1 180 374 0.00555556 0.00385414 0.00361011
1920 0 1 1 242 407 0.00413223 0.00318636 0.00308166
1921 0 1 1 208 374 0.00480769 0.00358536 0.00343643
1922 0 1 0 246 401 0 0 0
1923 0 1 0 204 355 0 0 0
1924 0 1 0 234 376 0 0 0
1925 0 1 0 172 331 0 0 0
1926 0 1 0 200 377 0 0 0
1927 0 1 0 166 345 0 0 0
1928 0 1 0 213 392 0 0 0
1929 0 1 0 179 332 0 0 0
1930 0 1 0 217 391 0 0 0
1931 0 1 0 201 327 0 0 0
1932 0 1 0 249 405 0 0 0
1933 0 1 0 207 360 0 0 0
1934 0 1 0 178 295 0 0 0
1935 0 1 0 187 345 0 0 0
1936 0 1 0 183 324 0 0 0
1937 0 1 0 222 383 0 0 0
1938 0 1 0 190 356 0 0 0
1939 0 1 0 215 379 0 0 0
1940 0 1 0 186 313 0 0 0
1941 0 1 0 205 343 0 0 0
1942 0 1 0 175 335 0 0 0
1943 0 1 0 209 368 0 0 0
1944 0 1 0 176 319 0 0 0
1945 0 1 0 195 377 0 0 0
1946 0 1 0 172 351 0 0 0
1947 0 1 0 181 368 0 0 0
1948 0 1 0 161 333 0 0 0
1949 0 1 0 181 375 0 0 0
1950 0 1 0 168 341 0 0 0
1951 0 1 0 180 386 0 0 0
1952 0 1 0 165 354 0 0 0
1953 0 1 0 193 402 0 0 0
1954 0 1 0 182 380 0 0 0
1955 0 1 0 157 332 0 0 0
1956 0 1 0 197 392 0 0 0
1957 0 1 2 184 361 0.0108696 0.0077601 0.00733945
1958 0 1 2 158 315 0.0126582 0.00896491 0.00845666
1959 0 1 0 186 350 0 0 0
1960 0 1 1 139 329 0.00719424 0.00467622 0.0042735
1961 0 1 0 161 414 0 0 0
1962 0 1 0 120 377 0 0 0
1963 0 1 0 118 349 0 0 0
1964 0 1 0 130 423 0 0 0
1965 0 1 1 139 409 0.00719424 0.00419402 0.00364964
1966 0 1 0 126 368 0 0 0
1967 0 1 1 121 341 0.00826446 0.004923 0.004329
1968 0 1 1 204 452 0.00490196 0.00329318 0.00304878
1969 0 1 2 165 426 0.0121212 0.00754368 0.00676819
1970 0 1 1 150 388 0.00666667 0.00414513 0.00371747
1971 0 1 2 145 352 0.0137931 0.00885268 0.00804829
1972 0 1 0 175 422 0 0 0
1973 0 1 0 152 387 0 0 0
1974 0 1 0 153 359 0 0 0
1975 0 1 0 175 444 0 0 0
1976 0 1 0 150 388 0 0 0
1977 0 1 1 178 465 0.00561798 0.00347587 0.00311042
1978 0 1 1 161 412 0.00621118 0.00388274 0.0034904
1979 0 1 0 145 349 0 0 0
1980 0 1 1 231 412 0.004329 0.0032415 0.00311042
1981 0 1 1 194 393 0.00515464 0.00362162 0.00340715
1982 0 1 0 165 337 0 0 0
1983 0 1 1 229 401 0.00436681 0.00329997 0.0031746
1984 0 1 1 214 368 0.0046729 0.00356344 0.00343643
1985 0 1 0 273 459 0 0 0
1986 0 1 0 212 416 0 0 0
1987 0 1 0 274 513 0 0 0
1988 0 1 0 224 439 0 0 0
1989 0 1 1 199 364 0.00502513 0.00371555 0.0035524
1990 0 1 1 237 454 0.00421941 0.00304858 0.00289436
1991 0 1 0 227 435 0 0 0
1992 0 1 1 209 354 0.00478469 0.00367642 0.0035524
1993 0 1 0 247 447 0 0 0
1994 0 1 0 203 343 0 0 0
1995 0 1 0 261 402 0 0 0
1996 0 1 0 200 325 0 0 0
1997 0 1 0 241 373 0 0 0
1998 0 1 0 199 310 0 0 0
1999 0 1 0 220 348 0 0 0
2000 0 1 0 199 343 0 0 0
2001 0 1 0 217 388 0 0 0
2002 0 1 1 209 361 0.00478469 0.0036406 0.00350877
2003 0 1 2 227 439 0.00881057 0.00633556 0.00600601
2004 0 1 0 184 353 0 0 0
2005 0 1 0 208 445 0 0 0
2006 0 1 0 163 356 0 0 0
2007 0 1 0 204 434 0 0 0
2008 0 1 0 183 350 0 0 0
2009 0 1 0 219 416 0 0 0
2010 0 1 0 186 345 0 0 0
2011 0 1 0 232 402 0 0 0
2012 0 1 0 182 340 0 0 0
2013 0 1 0 224 411 0 0 0
2014 0 1 0 177 346 0 0 0
2015 0 1 0 200 419 0 0 0
2016 0 1 0 154 354 0 0 0
2017 0 1 0 194 401 0 0 0
2018 0 1 0 143 309 0 0 0
2019 0 1 0 185 361 0 0 0
2020 0 1 0 146 295 0 0 0
2021 0 1 0 174 389 0 0 0
2022 0 1 0 143 329 0 0 0
2023 0 1 0 177 390 0 0 0
2024 0 1 0 155 335 0 0 0
2025 0 1 0 200 389 0 0 0
2026 0 1 0 164 371 0 0 0
2027 0 1 0 208 432 0 0 0
2028 0 1 0 170 398 0 0 0
2029 0 1 0 222 486 0 0 0
2030 0 1 0 179 385 0 0 0
2031 0 1 1 189 283 0.00529101 0.0043239 0.00423729
2032 0 1 0 155 254 0 0 0
2033 0 1 0 135 278 0 0 0
2034 0 1 0 108 265 0 0 0
2035 0 1 0 117 258 0 0 0
2036 0 1 0 78 291 0 0 0
2037 0 1 0 65 243 0 0 0
2038 0 1 0 71 271 0 0 0
2039 0 1 0 64 294 0 0 0
2040 0 1 0 63 274 0 0 0
2041 0 1 0 95 364 0 0 0
2042 0 1 0 75 313 0 0 0
2043 0 1 0 64 275 0 0 0
2044 0 1 0 170 383 0 0 0
2045 0 1 0 145 352 0 0 0
2046 0 1 0 134 317 0 0 0
2047 0 1 0 122 270 0 0 0
2048 0 1 0 211 374 0 0 0
2049 0 1 0 182 322 0 0 0
2050 0 1 0 169 288 0 0 0
2051 0 1 0 224 386 0 0 0
2052 0 1 0 178 299 0 0 0
2053 0 1 0 226 391 0 0 0
2054 0 1 0 200 325 0 0 0
2055 0 1 0 240 405 0 0 0
2056 0 1 0 201 348 0 0 0
2057 0 1 0 276 430 0 0 0
2058 0 1 0 230 314 0 0 0
2059 0 1 0 281 402 0 0 0
2060 0 1 0 240 364 0 0 0
2061 0 1 0 279 437 0 0 0
2062 0 1 1 233 341 0.00429185 0.00354768 0.00348432
2063 0 1 1 261 436 0.00383142 0.0029644 0.00286944
2064 0 1 0 220 390 0 0 0
2065 0 1 1 261 449 0.00383142 0.00292117 0.0028169
2066 0 1 0 215 381 0 0 0
2067 0 1 0 271 461 0 0 0
2068 0 1 1 246 411 0.00406504 0.00314493 0.00304414
2069 0 1 0 313 480 0 0 0
2070 0 1 0 274 391 0 0 0
2071 0 1 0 298 429 0 0 0
2072 0 1 0 244 382 0 0 0
2073 0 1 0 285 427 0 0 0
2074 0 1 0 230 356 0 0 0
2075 0 1 0 275 440 0 0 0
2076 0 1 0 231 386 0 0 0
2077 0 1 0 265 454 0 0 0
2078 0 1 0 233 382 0 0 0
2079 0 1 0 295 453 0 0 0
2080 0 1 0 247 401 0 0 0
2081 0 1 0 312 469 0 0 0
2082 0 1 0 279 405 0 0 0
2083 0 1 0 293 440 0 0 0
2084 0 1 2 238 396 0.00840336 0.00651469 0.00630915
2085 0 1 0 270 454 0 0 0
2086 0 1 2 224 422 0.00892857 0.00650504 0.00619195
2087 0 1 0 285 479 0 0 0
2088 0 1 3 245 424 0.0122449 0.00930798 0.00896861
2089 0 1 4 271 439 0.0147601 0.0115969 0.0112676
2090 0 1 2 236 424 0.00847458 0.00632253 0.00606061
2091 0 1 2 255 461 0.00784314 0.00583323 0.00558659
2092 0 1 1 242 396 0.00413223 0.00323031 0.0031348
2093 0 1 4 246 480 0.0162602 0.0116405 0.0110193
2094 0 1 0 222 398 0 0 0
2095 0 1 3 226 434 0.0132743 0.00957904 0.00909091
2096 0 1 4 200 394 0.02 0.0142494 0.013468
2097 0 1 3 245 465 0.0122449 0.00888816 0.0084507
2098 0 1 4 213 426 0.0187793 0.013279 0.0125196
2099 0 1 2 183 370 0.010929 0.00768606 0.00723327
2100 0 1 3 209 435 0.0143541 0.00994955 0.00931677
2101 0 1 3 188 417 0.0159574 0.0107146 0.00991736
2102 0 1 2 180 378 0.0111111 0.00766739 0.00716846
2103 0 1 6 221 451 0.0271493 0.019005 0.0178571
2104 0 1 6 207 417 0.0289855 0.020422 0.0192308
2105 0 1 2 158 346 0.0126582 0.00855388 0.00793651
2106 0 1 7 192 404 0.0364583 0.0251337 0.0234899
2107 0 1 4 151 369 0.0264901 0.0169457 0.0153846
2108 0 1 6 177 439 0.0338983 0.0215245 0.0194805
2109 0 1 4 157 422 0.0254777 0.0155401 0.0138169
2110 0 1 1 143 392 0.00699301 0.00422366 0.00373832
2111 0 1 2 181 488 0.0110497 0.00672947 0.00597907
2112 0 1 5 181 435 0.0276243 0.0178191 0.0162338
2113 0 1 3 150 393 0.02 0.012356 0.0110497
2114 0 1 1 217 489 0.00460829 0.00306984 0.00283286
2115 0 1 5 200 460 0.025 0.0164845 0.0151515
2116 0 1 2 186 403 0.0107527 0.00730501 0.00679117
2117 0 1 4 166 389 0.0240964 0.015741 0.0144144
2118 0 1 3 245 445 0.0122449 0.0090857 0.00869565
2119 0 1 1 224 424 0.00446429 0.00324484 0.00308642
2120 0 1 0 207 360 0 0 0
2121 0 1 0 265 456 0 0 0
2122 0 1 0 229 441 0 0 0
2123 0 1 2 216 380 0.00925926 0.0069809 0.00671141
2124 0 1 3 249 444 0.0120482 0.00902257 0.00865801
2125 0 1 6 237 431 0.0253165 0.0187732 0.0179641
2126 0 1 7 207 380 0.0338164 0.0249586 0.0238501
2127 0 1 4 226 450 0.0176991 0.0125429 0.0118343
2128 0 1 4 213 403 0.0187793 0.0136527 0.012987
2129 0 1 3 234 456 0.0128205 0.00918398 0.00869565
2130 0 1 3 213 409 0.0140845 0.0101641 0.0096463
2131 0 1 4 211 456 0.0189573 0.0128954 0.011994
2132 0 1 4 192 409 0.0208333 0.0142741 0.0133111
2133 0 1 1 237 462 0.00421941 0.00302207 0.00286123
2134 0 1 2 206 416 0.00970874 0.00683203 0.00643087
2135 0 1 2 230 453 0.00869565 0.00619608 0.00585652
2136 0 1 3 222 371 0.0135135 0.0104534 0.010118
2137 0 1 1 244 427 0.00409836 0.00309807 0.00298063
2138 0 1 1 216 380 0.00462963 0.00349045 0.0033557
2139 0 1 1 233 406 0.00429185 0.00325131 0.00312989
2140 0 1 0 218 357 0 0 0
2141 0 1 0 244 369 0 0 0
2142 0 1 0 217 307 0 0 0
2143 0 1 1 249 380 0.00401606 0.00325094 0.00317965
2144 0 1 0 206 348 0 0 0
2145 0 1 0 228 424 0 0 0
2146 0 1 1 211 365 0.00473934 0.0036034 0.00347222
2147 0 1 1 240 432 0.00416667 0.00310565 0.00297619
2148 0 1 0 218 393 0 0 0
2149 0 1 2 249 463 0.00803213 0.00589033 0.00561798
2150 0 1 0 233 435 0 0 0
2151 0 1 2 204 412 0.00980392 0.00689868 0.00649351
2152 0 1 3 252 486 0.0119048 0.00857241 0.00813008
2153 0 1 2 221 449 0.00904977 0.00634908 0.00597015
2154 0 1 3 211 406 0.014218 0.0102498 0.00972447
2155 0 1 2 245 475 0.00816326 0.00586273 0.00555556
2156 0 1 3 222 448 0.0135135 0.00951274 0.00895522
2157 0 1 2 208 442 0.00961538 0.0065961 0.00615385
2158 0 1 2 238 485 0.00840336 0.00588668 0.0055325
2159 0 1 5 247 463 0.0202429 0.0147853 0.0140845
2160 0 1 5 234 404 0.0213675 0.0162619 0.015674
2161 0 1 5 270 509 0.0185185 0.0134874 0.012837
2162 0 1 9 249 454 0.0361446 0.0267679 0.0256046
2163 0 1 8 229 429 0.0349345 0.0255237 0.0243161
2164 0 1 8 287 481 0.0278746 0.0215316 0.0208333
2165 0 1 7 280 428 0.025 0.0202207 0.019774
2166 0 1 6 315 492 0.0190476 0.015241 0.0148699
2167 0 1 4 288 477 0.0138889 0.0107921 0.0104575
2168 0 1 11 250 384 0.044 0.0355023 0.0347003
2169 0 1 9 207 416 0.0434783 0.0306698 0.0288925
2170 0 1 4 149 376 0.0268456 0.0168995 0.0152381
2171 0 1 5 157 383 0.0318471 0.0203902 0.0185185
2172 0 1 2 115 338 0.0173913 0.0101443 0.00883002
2173 0 1 1 134 366 0.00746269 0.00451551 0.004
2174 0 1 1 127 330 0.00787402 0.00488474 0.00437637
2175 0 1 0 121 318 0 0 0
2176 0 1 0 180 413 0 0 0
2177 0 1 0 166 428 0 0 0
2178 0 1 0 151 403 0 0 0
2179 0 1 2 146 376 0.0136986 0.0085361 0.00766284
2180 0 1 1 132 344 0.00757576 0.00469282 0.00420168
2181 0 1 1 209 452 0.00478469 0.00325355 0.00302572
2182 0 1 1 206 438 0.00485437 0.00332912 0.00310559
2183 0 1 1 186 423 0.00537634 0.00356511 0.00328407
2184 0 1 1 162 375 0.00617284 0.0040572 0.00372439
2185 0 1 0 231 502 0 0 0
2186 0 1 1 222 486 0.0045045 0.00304443 0.00282486
2187 0 1 2 208 435 0.00961538 0.00664896 0.00622084
2188 0 1 2 193 413 0.0103627 0.00708396 0.00660066
2189 0 1 2 170 377 0.0117647 0.00790014 0.00731261
2190 0 1 2 276 520 0.00724638 0.00527927 0.00502513
2191 0 1 1 230 463 0.00434783 0.0030644 0.002886
2192 0 1 1 236 412 0.00423729 0.00320697 0.00308642
2193 0 1 2 191 371 0.0104712 0.00751322 0.00711744
2194 0 1 1 259 504 0.003861 0.0027678 0.00262123
2195 0 1 1 242 512 0.00413223 0.00284091 0.00265252
2196 0 1 2 222 444 0.00900901 0.00637033 0.00600601
2197 0 1 3 203 404 0.0147783 0.0104757 0.00988468
2198 0 1 3 273 506 0.010989 0.00807169 0.00770218
2199 0 1 1 262 481 0.00381679 0.00281693 0.00269179
2200 0 1 0 246 433 0 0 0
2201 0 1 0 221 390 0 0 0
2202 0 1 2 277 470 0.00722022 0.00554295 0.00535475
2203 0 1 3 262 469 0.0114504 0.00855824 0.00820793
2204 0 1 3 245 418 0.0122449 0.00937454 0.00904977
2205 0 1 4 277 487 0.0144404 0.0108907 0.0104712
2206 0 1 1 272 452 0.00367647 0.00285198 0.00276243
2207 0 1 3 241 394 0.0124481 0.00973564 0.00944882
2208 0 1 1 283 522 0.00353357 0.00260179 0.00248447
2209 0 1 3 285 486 0.0105263 0.00806085 0.0077821
2210 0 1 3 247 425 0.0121457 0.0092593 0.00892857
2211 0 1 1 311 511 0.00321543 0.00250847 0.00243309
2212 0 1 0 277 492 0 0 0
2213 0 1 1 260 469 0.00384615 0.0028637 0.00274348
2214 0 1 0 309 528 0 0 0
2215 0 1 1 297 490 0.003367 0.00262134 0.0025413
2216 0 1 0 267 425 0 0 0
2217 0 1 1 307 500 0.00325733 0.00255238 0.00247831
2218 0 1 0 301 487 0 0 0
2219 0 1 0 281 455 0 0 0
2220 0 1 2 268 423 0.00746269 0.00594008 0.00578871
2221 0 1 1 318 509 0.00314465 0.00248558 0.00241838
2222 0 1 1 284 478 0.00352113 0.00271411 0.00262467
2223 0 1 3 283 439 0.0106007 0.0085113 0.00831025
2224 0 1 3 328 524 0.00914634 0.00723634 0.00704225
2225 0 1 2 333 500 0.00600601 0.00490143 0.00480192
2226 0 1 2 301 473 0.00664452 0.00530049 0.00516796
2227 0 1 2 299 434 0.00668896 0.005552 0.00545703
2228 0 1 1 356 529 0.00280899 0.00230434 0.00225989
2229 0 1 2 334 480 0.00598802 0.00499501 0.004914
2230 0 1 2 324 462 0.00617284 0.00516936 0.00508906
2231 0 1 1 378 530 0.0026455 0.00223417 0.00220264
2232 0 1 2 340 482 0.00588235 0.00494046 0.00486618
2233 0 1 1 383 556 0.00261097 0.00216702 0.00212993
2234 0 1 1 355 501 0.0028169 0.00237119 0.00233645
2235 0 1 2 316 440 0.00632911 0.00536365 0.00529101
2236 0 1 0 344 500 0 0 0
2237 0 1 2 338 453 0.00591716 0.0051112 0.00505689
2238 0 1 0 357 510 0 0 0
2239 0 1 2 351 437 0.00569801 0.00510665 0.00507614
2240 0 1 3 399 484 0.0075188 0.00682672 0.00679502
2241 0 1 0 360 460 0 0 0
2242 0 1 2 332 422 0.0060241 0.00534324 0.00530504
2243 0 1 3 370 464 0.00810811 0.00724038 0.00719424
2244 0 1 3 343 424 0.00874636 0.00786668 0.00782269
2245 0 1 1 307 419 0.00325733 0.0027882 0.00275482
2246 0 1 4 348 455 0.0114943 0.0100523 0.00996264
2247 0 1 5 335 443 0.0149254 0.0129791 0.0128535
2248 0 1 4 303 383 0.0132013 0.0117419 0.0116618
2249 0 1 6 349 462 0.017192 0.0149423 0.0147965
2250 0 1 2 324 419 0.00617284 0.00542813 0.00538358
2251 0 1 1 301 381 0.00332226 0.00295294 0.00293255
2252 0 1 3 335 502 0.00895522 0.00731555 0.00716846
2253 0 1 0 330 457 0 0 0
2254 0 1 3 304 415 0.00986842 0.00844618 0.00834492
2255 0 1 0 366 493 0 0 0
2256 0 1 2 347 455 0.00576369 0.00503338 0.00498753
2257 0 1 5 314 411 0.0159236 0.0139182 0.0137931
2258 0 1 5 351 470 0.014245 0.0123103 0.0121803
2259 0 1 4 331 450 0.0120846 0.0103643 0.0102433
2260 0 1 3 304 402 0.00986842 0.00858166 0.00849858
2261 0 1 1 347 449 0.00288184 0.00253345 0.00251256
2262 0 1 3 329 429 0.00911854 0.00798536 0.00791557
2263 0 1 3 308 378 0.00974026 0.00879225 0.00874636
2264 0 1 8 342 493 0.0233918 0.0194829 0.0191617
2265 0 1 6 334 461 0.0179641 0.0152907 0.0150943
2266 0 1 6 306 396 0.0196078 0.0172363 0.017094
2267 0 1 1 340 465 0.00294118 0.00251498 0.00248447
2268 0 1 1 314 436 0.00318471 0.00270266 0.00266667
2269 0 1 3 277 391 0.0108303 0.00911576 0.00898204
2270 0 1 4 344 473 0.0116279 0.00991631 0.00979192
2271 0 1 6 313 454 0.0191693 0.0159166 0.0156454
2272 0 1 4 283 422 0.0141343 0.0115747 0.0113475
2273 0 1 3 331 485 0.00906344 0.00748749 0.00735294
2274 0 1 3 293 448 0.0102389 0.00828035 0.00809717
2275 0 1 3 273 394 0.010989 0.00914728 0.0089955
2276 0 1 2 333 466 0.00600601 0.00507709 0.00500626
2277 0 1 3 299 437 0.0100334 0.00829937 0.00815217
2278 0 1 1 247 366 0.00404858 0.00332591 0.00326264
2279 0 1 2 321 432 0.00623053 0.00537076 0.00531209
2280 0 1 1 273 380 0.003663 0.00310475 0.00306279
2281 0 1 3 335 444 0.00895522 0.00777871 0.00770218
2282 0 1 0 292 390 0 0 0
2283 0 1 1 327 461 0.0030581 0.00257558 0.00253807
2284 0 1 0 261 370 0 0 0
2285 0 1 0 307 430 0 0 0
2286 0 1 1 282 386 0.0035461 0.00303097 0.00299401
2287 0 1 1 300 417 0.00333333 0.0028273 0.0027894
2288 0 1 1 284 372 0.00352113 0.00307659 0.00304878
2289 0 1 2 212 300 0.00943396 0.00793052 0.0078125
2290 0 1 2 275 350 0.00727273 0.00644658 0.0064
2291 0 1 1 240 322 0.00416667 0.00359722 0.00355872
2292 0 1 2 303 381 0.00660066 0.00588635 0.00584795
2293 0 1 0 207 299 0 0 0
2294 0 1 1 240 348 0.00416667 0.00346023 0.00340136
2295 0 1 3 232 319 0.012931 0.0110276 0.0108893
2296 0 1 3 260 362 0.0115385 0.00977868 0.0096463
2297 0 1 3 218 326 0.0137615 0.0112534 0.0110294
2298 0 1 3 226 348 0.0132743 0.0106974 0.010453
2299 0 1 3 216 304 0.0138889 0.0117073 0.0115385
2300 0 1 4 227 338 0.0176211 0.0144407 0.0141593
2301 0 1 2 209 337 0.00956938 0.00753602 0.00732601
2302 0 1 3 202 270 0.0148515 0.0128459 0.0127119
2303 0 1 3 223 319 0.0134529 0.011248 0.0110701
2304 0 1 2 211 293 0.00947867 0.00804368 0.00793651
2305 0 1 2 192 281 0.0104167 0.00861046 0.00845666
2306 0 1 2 222 325 0.00900901 0.00744581 0.00731261
2307 0 1 3 213 302 0.0140845 0.0118285 0.0116505
2308 0 1 3 190 269 0.0157895 0.0132699 0.0130719
2309 0 1 0 218 295 0 0 0
2310 0 1 1 198 266 0.00505051 0.00435739 0.00431034
2311 0 1 1 185 255 0.00540541 0.00460409 0.00454545
2312 0 1 1 228 328 0.00438596 0.00365675 0.00359712
2313 0 1 0 196 294 0 0 0
2314 0 1 0 199 292 0 0 0
2315 0 1 3 224 342 0.0133929 0.0108389 0.0106007
2316 0 1 1 218 298 0.00458716 0.00392341 0.00387597
2317 0 1 1 214 314 0.0046729 0.0038577 0.00378788
2318 0 1 0 239 355 0 0 0
2319 0 1 0 188 300 0 0 0
2320 0 1 1 185 288 0.00540541 0.00433229 0.00422833
2321 0 1 0 217 351 0 0 0
2322 0 1 0 189 321 0 0 0
2323 0 1 0 189 285 0 0 0
2324 0 1 1 211 344 0.00473934 0.00371176 0.0036036
2325 0 1 2 190 312 0.0105263 0.0082144 0.00796813
2326 0 1 0 209 292 0 0 0
2327 0 1 1 238 375 0.00420168 0.00334731 0.00326264
2328 0 1 0 224 339 0 0 0
2329 0 1 2 198 304 0.010101 0.00815193 0.00796813
2330 0 1 1 253 351 0.00395257 0.00335572 0.00331126
2331 0 1 1 220 346 0.00454545 0.00362452 0.00353357
2332 0 1 2 201 316 0.00995025 0.00793576 0.00773694
2333 0 1 1 270 418 0.0037037 0.00297667 0.00290698
2334 0 1 2 230 364 0.00869565 0.00691219 0.00673401
2335 0 1 2 220 342 0.00909091 0.00729131 0.00711744
2336 0 1 2 261 423 0.00766284 0.00601921 0.00584795
2337 0 1 2 242 383 0.00826446 0.00656936 0.0064
2338 0 1 1 217 336 0.00460829 0.0037034 0.00361664
2339 0 1 3 259 426 0.011583 0.00903164 0.00875912
2340 0 1 3 217 365 0.0138249 0.0106597 0.0103093
2341 0 1 3 218 330 0.0137615 0.011185 0.0109489
2342 0 1 3 237 412 0.0126582 0.0096006 0.00924499
2343 0 1 3 211 392 0.014218 0.0104313 0.00995025
2344 0 1 1 193 363 0.00518135 0.00377805 0.00359712
2345 0 1 0 222 418 0 0 0
2346 0 1 0 211 399 0 0 0
2347 0 1 0 185 371 0 0 0
2348 0 1 0 237 443 0 0 0
2349 0 1 0 212 424 0 0 0
2350 0 1 0 198 370 0 0 0
2351 0 1 0 245 435 0 0 0
2352 0 1 2 249 406 0.00803213 0.00629024 0.00610687
2353 0 1 2 210 375 0.00952381 0.00712697 0.00683761
2354 0 1 1 253 447 0.00395257 0.00297362 0.00285714
2355 0 1 0 230 417 0 0 0
2356 0 1 0 209 366 0 0 0
2357 0 1 0 235 417 0 0 0
2358 0 1 1 212 401 0.00471698 0.00342973 0.00326264
2359 0 1 0 249 475 0 0 0
2360 0 1 0 33 37 0 0 0
2361 0 1 0 114 204 0 0 0
2362 0 1 0 116 264 0 0 0
2363 0 1 0 237 382 0 0 0
2364 0 1 0 198 395 0 0 0
2365 0 1 1 170 370 0.00588235 0.00398726 0.0037037
2366 0 1 1 161 321 0.00621118 0.0043988 0.00414938
2367 0 1 1 215 403 0.00465116 0.00339726 0.00323625
2368 0 1 2 198 359 0.010101 0.00750154 0.00718133
2369 0 1 0 128 278 0 0 0
2370 0 1 0 129 308 0 0 0
2371 0 1 1 126 312 0.00793651 0.00504356 0.00456621
2372 0 1 0 90 249 0 0 0
2373 0 1 0 96 261 0 0 0
2374 0 1 0 76 237 0 0 0
2375 0 1 0 122 316 0 0 0
2376 0 1 0 101 252 0 0 0
2377 0 1 0 93 217 0 0 0
2378 0 1 0 171 290 0 0 0
2379 0 1 0 143 240 0 0 0
2380 0 1 0 175 312 0 0 0
2381 0 1 0 135 254 0 0 0
2382 0 1 0 213 323 0 0 0
2383 0 1 0 172 262 0 0 0
2384 0 1 0 259 319 0 0 0
2385 0 1 0 191 245 0 0 0
2386 0 1 0 220 269 0 0 0
2387 0 1 0 195 271 0 0 0
2388 0 1 1 237 282 0.00421941 0.00386813 0.00385356
2389 0 1 1 196 263 0.00510204 0.00440447 0.0043573
2390 0 1 1 181 281 0.00552486 0.00443412 0.004329
2391 0 1 1 182 294 0.00549451 0.00432305 0.00420168
2392 0 1 0 141 270 0 0 0
2393 0 1 0 132 258 0 0 0
2394 0 1 0 117 293 0 0 0
2395 0 1 0 89 195 0 0 0
2396 0 1 0 105 225 0 0 0
2397 0 1 0 82 194 0 0 0
2398 0 1 0 77 218 0 0 0
2399 0 1 0 73 193 0 0 0
2400 0 1 0 115 225 0 0 0
2401 0 1 0 89 175 0 0 0
2402 0 1 0 124 209 0 0 0
2403 0 1 0 101 196 0 0 0
2404 0 1 1 74 156 0.0135135 0.00930726 0.00869565
2405 0 1 0 110 229 0 0 0
2406 0 1 0 89 194 0 0 0
2407 0 1 0 82 143 0 0 0
2408 0 1 0 123 226 0 0 0
2409 0 1 0 99 217 0 0 0
2410 0 1 0 85 177 0 0 0
2411 0 1 0 120 257 0 0 0
2412 0 1 0 105 225 0 0 0
2413 0 1 0 95 189 0 0 0
2414 0 1 0 158 258 0 0 0
2415 0 1 0 128 233 0 0 0
2416 0 1 0 120 192 0 0 0
2417 0 1 0 208 299 0 0 0
2418 0 1 0 177 256 0 0 0
2419 0 1 0 154 203 0 0 0
2420 0 1 0 223 298 0 0 0
2421 0 1 0 205 269 0 0 0
2422 0 1 0 191 237 0 0 0
2423 0 1 0 264 310 0 0 0
2424 0 1 0 223 292 0 0 0
2425 0 1 0 199 275 0 0 0
2426 0 1 1 286 350 0.0034965 0.0031607 0.00314465
2427 0 1 2 242 315 0.00826446 0.00724381 0.00718133
2428 0 1 1 215 290 0.00465116 0.00400481 0.0039604
2429 0 1 2 287 381 0.00696864 0.00604821 0.00598802
2430 0 1 3 252 328 0.0119048 0.0104348 0.0103448
2431 0 1 4 234 301 0.017094 0.0150719 0.0149533
2432 0 1 3 310 346 0.00967742 0.00916015 0.00914634
2433 0 1 2 275 309 0.00727273 0.00686095 0.00684932
2434 0 1 0 329 396 0 0 0
2435 0 1 0 270 352 0 0 0
2436 0 1 0 344 393 0 0 0
2437 0 1 0 284 339 0 0 0
2438 0 1 0 312 373 0 0 0
2439 0 1 0 283 314 0 0 0
2440 0 1 0 277 347 0 0 0
2441 0 1 0 234 302 0 0 0
2442 0 1 0 243 326 0 0 0
2443 0 1 0 237 382 0 0 0
2444 0 1 0 200 305 0 0 0
2445 0 1 0 227 364 0 0 0
2446 0 1 0 188 309 0 0 0
2447 0 1 0 232 360 0 0 0
2448 0 1 0 175 326 0 0 0
2449 0 1 1 236 344 0.00423729 0.00350966 0.00344828
2450 0 1 0 194 319 0 0 0
2451 0 1 1 237 356 0.00421941 0.00344271 0.00337268
2452 0 1 1 214 301 0.0046729 0.00394012 0.0038835
2453 0 1 1 268 335 0.00373134 0.00333741 0.00331675
2454 0 1 0 208 314 0 0 0
2455 0 1 1 258 362 0.00387597 0.00327217 0.00322581
2456 0 1 1 223 316 0.00448431 0.00376707 0.00371058
2457 0 1 2 253 363 0.00790514 0.00659958 0.00649351
2458 0 1 0 208 299 0 0 0
2459 0 1 0 249 331 0 0 0
2460 0 1 0 218 288 0 0 0
2461 0 1 0 247 347 0 0 0
2462 0 1 0 215 302 0 0 0
2463 0 1 0 249 324 0 0 0
2464 0 1 0 232 286 0 0 0
2465 0 1 0 240 348 0 0 0
2466 0 1 0 229 308 0 0 0
2467 0 1 0 258 357 0 0 0
2468 0 1 0 228 327 0 0 0
2469 0 1 0 304 418 0 0 0
2470 0 1 0 262 365 0 0 0
2471 0 1 0 325 428 0 0 0
2472 0 1 1 305 380 0.00327869 0.00293737 0.00291971
2473 0 1 1 335 454 0.00298507 0.00256419 0.00253485
2474 0 1 0 317 386 0 0 0
2475 0 1 0 371 446 0 0 0
2476 0 1 3 367 407 0.00817439 0.00776231 0.00775194
2477 0 1 4 411 469 0.00973236 0.00911072 0.00909091
2478 0 1 3 366 435 0.00819672 0.00751858 0.00749064
2479 0 1 7 411 445 0.0170316 0.0163681 0.0163551
2480 0 1 5 387 435 0.0129199 0.0121862 0.0121655
2481 0 1 4 439 466 0.00911162 0.00884372 0.00883978
2482 0 1 5 402 408 0.0124378 0.012346 0.0123457
2483 0 1 9 433 493 0.0207852 0.0194794 0.0194384
2484 0 1 11 399 462 0.0275689 0.0256204 0.0255517
2485 0 1 7 431 523 0.0162413 0.0147438 0.0146751
2486 0 1 10 407 450 0.02457 0.0233667 0.0233372
2487 0 1 7 475 509 0.0147368 0.0142361 0.0142276
2488 0 1 6 422 460 0.014218 0.0136181 0.0136054
2489 0 1 9 485 508 0.0185567 0.0181318 0.0181269
2490 0 1 5 441 501 0.0113379 0.0106373 0.0106157
2491 0 1 7 469 536 0.0149254 0.0139614 0.0139303
2492 0 1 6 448 470 0.0133929 0.0130757 0.0130719
2493 0 1 9 470 524 0.0191489 0.0181354 0.0181087
2494 0 1 0 448 473 0 0 0
2495 0 1 3 465 522 0.00645161 0.00608919 0.00607903
2496 0 1 1 432 459 0.00231481 0.0022457 0.00224467
2497 0 1 1 442 527 0.00226244 0.00207197 0.00206398
2498 0 1 1 422 500 0.00236967 0.002177 0.0021692
2499 0 1 3 450 552 0.00666667 0.00601929 0.00598802
2500 0 1 1 401 511 0.00249377 0.00220911 0.00219298
2501 0 1 2 452 572 0.00442478 0.00393335 0.00390625
2502 0 1 1 409 525 0.00244499 0.00215804 0.00214133
2503 0 1 1 416 556 0.00240385 0.00207929 0.00205761
2504 0 1 0 373 497 0 0 0
2505 0 1 0 422 566 0 0 0
2506 0 1 0 362 503 0 0 0
2507 0 1 0 413 544 0 0 0
2508 0 1 0 347 490 0 0 0
2509 0 1 2 374 522 0.00534759 0.00452646 0.00446429
2510 0 1 2 335 473 0.00597015 0.00502432 0.00495049
2511 0 1 0 374 547 0 0 0
2512 0 1 1 350 485 0.00285714 0.00242714 0.00239521
2513 0 1 1 368 548 0.00271739 0.00222682 0.00218341
2514 0 1 3 343 475 0.00874636 0.00743237 0.00733496
2515 0 1 0 378 537 0 0 0
2516 0 1 1 359 474 0.00278552 0.00242417 0.00240096
2517 0 1 2 373 564 0.00536193 0.0043605 0.00426894
2518 0 1 1 377 490 0.00265252 0.00232665 0.0023068
2519 0 1 3 306 429 0.00980392 0.00828003 0.00816326
2520 0 1 2 352 409 0.00568182 0.00527105 0.00525624
2521 0 1 3 340 376 0.00882353 0.0083905 0.00837989
2522 0 1 0 299 352 0 0 0
2523 0 1 4 372 406 0.0107527 0.0102926 0.0102828
2524 0 1 0 332 397 0 0 0
2525 0 1 0 279 309 0 0 0
2526 0 1 1 371 418 0.00269542 0.00253936 0.00253485
2527 0 1 1 326 403 0.00306748 0.00275892 0.00274348
2528 0 1 1 312 373 0.00320513 0.00293135 0.00291971
2529 0 1 1 281 335 0.00355872 0.0032593 0.00324675
2530 0 1 0 371 468 0 0 0
2531 0 1 1 352 429 0.00284091 0.00257336 0.00256082
2532 0 1 1 268 335 0.00373134 0.00333741 0.00331675
2533 0 1 0 351 444 0 0 0
2534 0 1 2 354 449 0.00564972 0.00501655 0.00498132
2535 0 1 1 283 374 0.00353357 0.00307377 0.00304414
2536 0 1 0 324 461 0 0 0
2537 0 1 0 156 326 0 0 0
2538 0 1 0 64 177 0 0 0
2539 0 1 0 64 219 0 0 0
2540 0 1 0 36 175 0 0 0
2541 0 1 0 36 122 0 0 0
2542 0 1 0 70 176 0 0 0
2543 0 1 0 45 150 0 0 0
2544 0 1 0 83 264 0 0 0
2545 0 1 0 61 224 0 0 0
2546 0 1 0 61 170 0 0 0
2547 0 1 0 79 210 0 0 0
2548 0 1 0 85 190 0 0 0
2549 0 1 0 103 234 0 0 0
2550 0 1 0 95 210 0 0 0
2551 0 1 0 122 276 0 0 0
2552 0 1 0 95 266 0 0 0
2553 0 1 0 83 231 0 0 0
2554 0 1 0 153 325 0 0 0
2555 0 1 0 132 281 0 0 0
2556 0 1 0 116 241 0 0 0
2557 0 1 0 207 339 0 0 0
2558 0 1 0 205 284 0 0 0
2559 0 1 0 176 232 0 0 0
2560 0 1 0 249 317 0 0 0
2561 0 1 0 196 279 0 0 0
2562 0 1 0 181 252 0 0 0
2563 0 1 0 134 275 0 0 0
2564 0 1 1 120 256 0.00833333 0.00570544 0.00531915
2565 0 1 3 115 253 0.026087 0.0175878 0.0163043
2566 0 1 3 164 312 0.0182927 0.0132624 0.012605
2567 0 1 2 157 283 0.0127389 0.00948827 0.00909091
2568 0 1 3 127 235 0.023622 0.0173654 0.0165746
2569 0 1 4 177 302 0.0225989 0.0173009 0.0167015
2570 0 1 0 157 281 0 0 0
2571 0 1 0 145 253 0 0 0
2572 0 1 0 190 321 0 0 0
2573 0 1 2 164 320 0.0121951 0.00873038 0.00826446
2574 0 1 0 144 291 0 0 0
2575 0 1 0 217 353 0 0 0
2576 0 1 0 192 350 0 0 0
2577 0 1 0 160 308 0 0 0
2578 0 1 0 214 418 0 0 0
2579 0 1 0 195 353 0 0 0
2580 0 1 0 172 303 0 0 0
2581 0 1 0 237 386 0 0 0
2582 0 1 1 206 362 0.00485437 0.00366195 0.00352113
2583 0 1 0 186 346 0 0 0
2584 0 1 0 245 381 0 0 0
2585 0 1 1 243 365 0.00411523 0.00335777 0.00328947
2586 0 1 1 212 334 0.00471698 0.00375802 0.003663
2587 0 1 1 274 399 0.00364964 0.00302439 0.00297177
2588 0 1 1 248 350 0.00403226 0.00339422 0.00334448
2589 0 1 0 274 442 0 0 0
2590 0 1 0 231 394 0 0 0
2591 0 1 0 218 345 0 0 0
2592 0 1 0 271 422 0 0 0
2593 0 1 0 229 372 0 0 0
2594 0 1 0 267 445 0 0 0
2595 0 1 0 243 385 0 0 0
2596 0 1 0 205 321 0 0 0
2597 0 1 2 261 417 0.00766284 0.00606236 0.0058997
2598 0 1 2 244 377 0.00819672 0.00659424 0.00644122
2599 0 1 0 201 331 0 0 0
2600 0 1 0 215 410 0 0 0
2601 0 1 0 186 342 0 0 0
2602 0 1 0 208 386 0 0 0
2603 0 1 0 160 356 0 0 0
2604 0 1 0 214 398 0 0 0
2605 0 1 0 155 332 0 0 0
2606 0 1 0 185 346 0 0 0
2607 0 1 0 156 296 0 0 0
2608 0 1 0 148 336 0 0 0
2609 0 1 0 164 361 0 0 0
2610 0 1 0 172 389 0 0 0
2611 0 1 0 141 320 0 0 0
2612 0 1 2 229 376 0.00873362 0.00681582 0.00661157
2613 0 1 1 173 276 0.00578035 0.00457638 0.00445434
2614 0 1 2 235 332 0.00851064 0.00716023 0.00705467
2615 0 1 2 163 273 0.0122699 0.00948102 0.00917431
2616 0 1 2 199 308 0.0100503 0.00807845 0.00788955
2617 0 1 0 146 238 0 0 0
2618 0 1 0 196 282 0 0 0
2619 0 1 0 127 230 0 0 0
2620 0 1 0 153 288 0 0 0
2621 0 1 0 83 188 0 0 0
2622 0 1 0 90 231 0 0 0
2623 0 1 0 109 272 0 0 0
2624 0 1 2 62 160 0.0322581 0.0200805 0.018018
2625 0 1 2 94 216 0.0212766 0.0140359 0.0129032
2626 0 1 2 54 167 0.037037 0.0210608 0.0180995
2627 0 1 0 80 210 0 0 0
2628 0 1 0 56 162 0 0 0
2629 0 1 0 79 216 0 0 0
2630 0 1 0 51 165 0 0 0
2631 0 1 0 88 223 0 0 0
2632 0 1 0 71 162 0 0 0
2633 0 1 0 134 217 0 0 0
2634 0 1 0 80 161 0 0 0
2635 0 1 0 133 237 0 0 0
2636 0 1 0 101 181 0 0 0
2637 0 1 0 141 227 0 0 0
2638 0 1 0 94 152 0 0 0
2639 0 1 0 101 217 0 0 0
2640 0 1 0 89 156 0 0 0
2641 0 1 1 108 190 0.00925926 0.0069809 0.00671141
2642 0 1 1 74 150 0.0135135 0.00949158 0.00892857
2643 0 1 0 84 181 0 0 0
2644 0 1 0 62 113 0 0 0
2645 0 1 0 70 176 0 0 0
2646 0 1 1 56 124 0.0178571 0.0120004 0.0111111
2647 0 1 2 74 221 0.027027 0.0156393 0.0135593
2648 0 1 0 56 170 0 0 0
2649 0 1 0 48 128 0 0 0
2650 0 1 0 102 182 0 0 0
2651 0 1 0 74 147 0 0 0
2652 0 1 0 124 204 0 0 0
2653 0 1 0 90 167 0 0 0
2654 0 1 0 163 229 0 0 0
2655 0 1 0 113 192 0 0 0
2656 0 1 0 149 204 0 0 0
2657 0 1 0 156 207 0 0 0
2658 0 1 0 180 240 0 0 0
2659 0 1 0 119 178 0 0 0
2660 0 1 0 164 237 0 0 0
2661 0 1 0 104 175 0 0 0
2662 0 1 0 141 235 0 0 0
2663 0 1 0 114 169 0 0 0
2664 0 1 1 142 244 0.00704225 0.00537231 0.00518135
2665 0 1 1 103 194 0.00970874 0.00707425 0.00673401
2666 0 1 1 148 248 0.00675676 0.00521967 0.00505051
2667 0 1 0 109 204 0 0 0
2668 0 1 0 167 256 0 0 0
2669 0 1 1 137 215 0.00729927 0.00582667 0.00568182
2670 0 1 1 178 303 0.00561798 0.00430595 0.004158
2671 0 1 0 136 261 0 0 0
2672 0 1 0 212 342 0 0 0
2673 0 1 0 164 284 0 0 0
2674 0 1 0 235 342 0 0 0
2675 0 1 3 177 297 0.0169492 0.0130845 0.0126582
2676 0 1 3 267 380 0.011236 0.00941833 0.00927357
2677 0 1 0 193 303 0 0 0
2678 0 1 1 236 356 0.00423729 0.00345 0.00337838
2679 0 1 2 181 339 0.0110497 0.00807404 0.00769231
2680 0 1 1 275 434 0.00363636 0.0028946 0.00282087
2681 0 1 2 202 382 0.00990099 0.00719984 0.00684932
2682 0 1 3 268 472 0.011194 0.00843496 0.00810811
2683 0 1 2 212 407 0.00943396 0.00680871 0.00646204
2684 0 1 6 339 505 0.0176991 0.0145013 0.014218
2685 0 1 2 248 448 0.00806452 0.00600019 0.00574713
2686 0 1 6 290 555 0.0206897 0.0149557 0.0142012
2687 0 1 5 238 472 0.0210084 0.014918 0.0140845
2688 0 1 1 277 548 0.00361011 0.00256667 0.00242424
2689 0 1 2 216 450 0.00925926 0.006415 0.00600601
2690 0 1 1 250 524 0.004 0.00276289 0.00258398
2691 0 1 0 181 466 0 0 0
2692 0 1 0 261 522 0 0 0
2693 0 1 0 190 442 0 0 0
2694 0 1 0 237 506 0 0 0
2695 0 1 0 200 423 0 0 0
2696 0 1 0 239 489 0 0 0
2697 0 1 0 197 404 0 0 0
2698 0 1 0 211 431 0 0 0
2699 0 1 0 189 385 0 0 0
2700 0 1 0 214 453 0 0 0
2701 0 1 0 183 377 0 0 0
2702 0 1 0 223 443 0 0 0
2703 0 1 0 172 390 0 0 0
2704 0 1 0 230 443 0 0 0
2705 0 1 0 184 356 0 0 0
2706 0 1 1 194 378 0.00515464 0.00369278 0.0034965
2707 0 1 0 165 324 0 0 0
2708 0 1 0 176 332 0 0 0
2709 0 1 1 145 290 0.00689655 0.0048766 0.0045977
2710 0 1 0 181 316 0 0 0
2711 0 1 0 139 277 0 0 0
2712 0 1 0 174 326 0 0 0
2713 0 1 0 147 295 0 0 0
2714 0 1 0 157 372 0 0 0
2715 0 1 0 126 308 0 0 0
2716 0 1 0 158 390 0 0 0
2717 0 1 1 132 329 0.00757576 0.00479861 0.00433839
2718 0 1 1 145 394 0.00689655 0.00418377 0.00371058
2719 0 1 1 108 306 0.00925926 0.00550082 0.00483092
2720 0 1 0 137 311 0 0 0
2721 0 1 0 110 274 0 0 0
2722 0 1 0 124 341 0 0 0
2723 0 1 0 110 304 0 0 0
2724 0 1 0 91 263 0 0 0
2725 0 1 1 139 323 0.00719424 0.00471945 0.004329
2726 0 1 1 112 261 0.00892857 0.00584885 0.00536193
2727 0 1 0 146 318 0 0 0
2728 0 1 0 120 302 0 0 0
2729 0 1 0 180 376 0 0 0
2730 0 1 0 136 342 0 0 0
2731 0 1 0 190 400 0 0 0
2732 0 1 1 142 356 0.00704225 0.00444765 0.00401606
2733 0 1 1 206 403 0.00485437 0.00347067 0.00328407
2734 0 1 1 153 337 0.00653595 0.00440392 0.00408163
2735 0 1 2 189 412 0.010582 0.00716722 0.00665557
2736 0 1 2 140 352 0.0142857 0.00900937 0.00813008
2737 0 1 1 155 425 0.00645161 0.00389619 0.00344828
2738 0 1 3 136 371 0.0220588 0.0133556 0.0118343
2739 0 1 3 146 397 0.0205479 0.0124609 0.0110497
2740 0 1 1 148 413 0.00675676 0.00404477 0.00356506
2741 0 1 1 115 354 0.00869565 0.00495621 0.00426439
2742 0 1 2 135 412 0.0148148 0.00848036 0.00731261
2743 0 1 0 89 347 0 0 0
2744 0 1 0 137 399 0 0 0
2745 0 1 0 94 352 0 0 0
2746 0 1 1 128 402 0.0078125 0.00440841 0.00377358
2747 0 1 0 88 342 0 0 0
2748 0 1 0 118 400 0 0 0
2749 0 1 0 88 349 0 0 0
2750 0 1 0 113 398 0 0 0
2751 0 1 0 92 331 0 0 0
2752 0 1 0 109 372 0 0 0
2753 0 1 0 77 311 0 0 0
2754 0 1 0 110 370 0 0 0
2755 0 1 0 56 253 0 0 0
2756 0 1 0 73 298 0 0 0
2757 0 1 0 27 157 0 0 0
2758 0 1 0 30 155 0 0 0
2759 0 1 0 20 22 0 0 0
2760 0 1 0 15 43 0 0 0
2761 0 1 0 10 36 0 0 0
2762 0 1 0 22 89 0 0 0
2763 0 1 0 17 72 0 0 0
2764 0 1 0 10 43 0 0 0
2765 0 1 0 18 61 0 0 0
2766 0 1 0 32 88 0 0 0
2767 0 1 0 15 77 0 0 0
2768 0 1 0 40 119 0 0 0
2769 0 1 0 21 96 0 0 0
2770 0 1 0 48 141 0 0 0
2771 0 1 0 38 108 0 0 0
2772 0 1 0 83 174 0 0 0
2773 0 1 0 63 127 0 0 0
2774 0 1 0 96 142 0 0 0
2775 0 1 0 74 114 0 0 0
2776 0 1 0 118 136 0 0 0
2777 0 1 0 70 120 0 0 0
2778 0 1 0 82 117 0 0 0
2779 0 1 0 89 149 0 0 0
2780 0 1 0 93 163 0 0 0
2781 0 1 0 89 161 0 0 0
2782 0 1 0 97 136 0 0 0
2783 0 1 0 110 126 0 0 0
2784 0 1 0 101 145 0 0 0
2785 0 1 0 117 130 0 0 0
2786 0 1 0 129 151 0 0 0
2787 0 1 0 136 200 0 0 0
2788 0 1 0 127 202 0 0 0
2789 0 1 0 148 212 0 0 0
2790 0 1 0 128 203 0 0 0
2791 0 1 0 150 196 0 0 0
2792 0 1 0 144 195 0 0 0
2793 0 1 0 170 228 0 0 0
2794 0 1 0 116 157 0 0 0
2795 0 1 0 134 217 0 0 0
2796 0 1 0 100 165 0 0 0
2797 0 1 0 133 196 0 0 0
2798 0 1 0 102 141 0 0 0
2799 0 1 0 119 196 0 0 0
2800 0 1 0 100 156 0 0 0
2801 0 1 0 149 225 0 0 0
2802 0 1 0 110 178 0 0 0
2803 0 1 0 129 234 0 0 0
2804 0 1 0 79 187 0 0 0
2805 0 1 0 124 208 0 0 0
2806 0 1 0 95 165 0 0 0
2807 0 1 0 125 228 0 0 0
2808 0 1 0 85 170 0 0 0
2809 0 1 0 120 219 0 0 0
2810 0 1 0 71 149 0 0 0
2811 0 1 0 86 215 0 0 0
2812 0 1 0 62 157 0 0 0
2813 0 1 0 74 188 0 0 0
2814 0 1 0 86 214 0 0 0
2815 0 1 0 66 165 0 0 0
2816 0 1 0 101 217 0 0 0
2817 0 1 0 82 162 0 0 0
2818 0 1 0 118 204 0 0 0
2819 0 1 0 95 156 0 0 0
2820 0 1 0 141 205 0 0 0
2821 0 1 0 103 161 0 0 0
2822 0 1 0 126 214 0 0 0
2823 0 1 0 88 161 0 0 0
2824 0 1 0 139 188 0 0 0
2825 0 1 0 101 136 0 0 0
2826 0 1 0 118 167 0 0 0
2827 0 1 0 86 135 0 0 0
2828 0 1 0 109 158 0 0 0
2829 0 1 0 93 134 0 0 0
2830 0 1 0 114 186 0 0 0
2831 0 1 0 88 152 0 0 0
2832 0 1 0 137 206 0 0 0
2833 0 1 0 95 150 0 0 0
2834 0 1 0 140 217 0 0 0
2835 0 1 0 112 176 0 0 0
2836 0 1 0 147 264 0 0 0
2837 0 1 0 121 193 0 0 0
2838 0 1 0 155 275 0 0 0
2839 0 1 0 112 204 0 0 0
2840 0 1 0 139 271 0 0 0
2841 0 1 0 107 218 0 0 0
2842 0 1 0 142 272 0 0 0
2843 0 1 0 113 221 0 0 0
2844 0 1 0 148 271 0 0 0
2845 0 1 0 113 222 0 0 0
2846 0 1 0 158 263 0 0 0
2847 0 1 0 129 211 0 0 0
2848 0 1 0 171 291 0 0 0
2849 0 1 0 136 259 0 0 0
2850 0 1 0 116 215 0 0 0
2851 0 1 1 173 258 0.00578035 0.00473333 0.00464037
2852 0 1 0 146 224 0 0 0
2853 0 1 0 186 295 0 0 0
2854 0 1 0 157 238 0 0 0
2855 0 1 0 202 298 0 0 0
2856 0 1 0 182 266 0 0 0
2857 0 1 0 149 236 0 0 0
2858 0 1 0 212 319 0 0 0
2859 0 1 0 169 256 0 0 0
2860 0 1 0 218 322 0 0 0
2861 0 1 0 170 289 0 0 0
2862 0 1 0 228 380 0 0 0
2863 0 1 0 200 322 0 0 0
2864 0 1 0 171 298 0 0 0
2865 0 1 0 216 350 0 0 0
2866 0 1 0 172 320 0 0 0
2867 0 1 0 213 385 0 0 0
2868 0 1 0 166 318 0 0 0
2869 0 1 0 200 391 0 0 0
2870 0 1 0 162 344 0 0 0
2871 0 1 0 195 408 0 0 0
2872 0 1 0 146 341 0 0 0
2873 0 1 0 182 413 0 0 0
2874 0 1 0 153 354 0 0 0
2875 0 1 0 181 432 0 0 0
2876 0 1 0 144 376 0 0 0
2877 0 1 0 177 399 0 0 0
2878 0 1 0 140 332 0 0 0
2879 0 1 1 171 396 0.00584795 0.00384286 0.00352734
2880 0 1 0 135 337 0 0 0
2881 0 1 0 158 403 0 0 0
2882 0 1 0 131 352 0 0 0
2883 0 1 0 147 430 0 0 0
2884 0 1 1 141 385 0.0070922 0.004292 0.00380228
2885 0 1 2 118 348 0.0169492 0.0098696 0.00858369
2886 0 1 0 126 370 0 0 0
2887 0 1 0 120 356 0 0 0
2888 0 1 0 145 389 0 0 0
2889 0 1 0 127 351 0 0 0
2890 0 1 0 137 394 0 0 0
2891 0 1 0 100 344 0 0 0
2892 0 1 0 142 394 0 0 0
2893 0 1 0 108 357 0 0 0
2894 0 1 0 136 364 0 0 0
2895 0 1 0 114 334 0 0 0
2896 0 1 0 153 377 0 0 0
2897 0 1 0 124 346 0 0 0
2898 0 1 0 144 403 0 0 0
2899 0 1 0 134 332 0 0 0
2900 0 1 0 142 380 0 0 0
2901 0 1 0 108 311 0 0 0
2902 0 1 0 148 348 0 0 0
2903 0 1 0 135 316 0 0 0
2904 0 1 0 147 305 0 0 0
2905 0 1 0 120 276 0 0 0
2906 0 1 0 127 281 0 0 0
2907 0 1 0 111 241 0 0 0
2908 0 1 0 108 291 0 0 0
2909 0 1 0 89 245 0 0 0
2910 0 1 0 107 281 0 0 0
2911 0 1 0 89 222 0 0 0
2912 0 1 0 117 246 0 0 0
2913 0 1 0 57 134 0 0 0
2914 0 1 0 82 188 0 0 0
2915 0 1 0 64 180 0 0 0
2916 0 1 0 57 151 0 0 0
2917 0 1 0 79 203 0 0 0
2918 0 1 0 65 170 0 0 0
2919 0 1 0 100 243 0 0 0
2920 0 1 0 82 193 0 0 0
2921 0 1 0 118 269 0 0 0
2922 0 1 1 90 213 0.0111111 0.00722252 0.00660066
2923 0 1 1 93 167 0.0107527 0.00802417 0.00769231
2924 0 1 1 88 169 0.0113636 0.00820003 0.0077821
2925 0 1 3 143 286 0.020979 0.0148344 0.013986
2926 0 1 3 114 237 0.0263158 0.0182513 0.017094
2927 0 1 1 99 203 0.010101 0.00705398 0.00662252
2928 0 1 1 113 227 0.00884956 0.00624378 0.00588235
2929 0 1 0 92 211 0 0 0
2930 0 1 0 121 291 0 0 0
2931 0 1 0 115 251 0 0 0
2932 0 1 1 91 219 0.010989 0.00708365 0.00645161
2933 0 1 2 119 283 0.0168067 0.0108984 0.00995025
2934 0 1 0 101 240 0 0 0
2935 0 1 0 142 302 0 0 0
2936 0 1 1 111 263 0.00900901 0.00585276 0.00534759
2937 0 1 4 98 223 0.0408163 0.0270579 0.0249221
2938 0 1 5 112 282 0.0446429 0.0281343 0.0253807
2939 0 1 4 95 222 0.0421053 0.0275437 0.0252366
2940 0 1 5 114 264 0.0438596 0.0288214 0.026455
2941 0 1 5 101 218 0.049505 0.0336962 0.031348
2942 0 1 8 116 290 0.0689655 0.0436176 0.0394089
2943 0 1 6 90 222 0.0666667 0.0424476 0.0384615
2944 0 1 4 117 253 0.034188 0.0232491 0.0216216
2945 0 1 6 58 156 0.103448 0.0630776 0.0560748
2946 0 1 4 36 127 0.111111 0.0591571 0.0490798
2947 0 1 4 39 115 0.102564 0.0597281 0.0519481
2948 0 1 0 17 50 0 0 0
2949 0 1 0 15 51 0 0 0
2950 0 1 0 11 63 0 0 0
2951 0 1 0 40 70 0 0 0
2952 0 1 0 34 73 0 0 0
2953 0 1 0 43 104 0 0 0
2954 0 1 2 30 80 0.0666667 0.0408248 0.0363636
2955 0 1 2 53 150 0.0377358 0.0224309 0.0197044
2956 0 1 0 36 99 0 0 0
2957 0 1 1 68 142 0.0147059 0.0101766 0.00952381
2958 0 1 0 52 113 0 0 0
2959 0 1 0 77 175 0 0 0
2960 0 1 0 57 141 0 0 0
2961 0 1 0 85 181 0 0 0
2962 0 1 0 73 136 0 0 0
2963 0 1 0 89 188 0 0 0
2964 0 1 0 72 167 0 0 0
2965 0 1 0 52 141 0 0 0
2966 0 1 0 91 199 0 0 0
2967 0 1 0 77 156 0 0 0
2968 0 1 0 104 215 0 0 0
2969 0 1 0 85 172 0 0 0
2970 0 1 0 140 206 0 0 0
2971 0 1 0 104 197 0 0 0
2972 0 1 0 140 236 0 0 0
2973 0 1 0 110 186 0 0 0
2974 0 1 0 150 234 0 0 0
2975 0 1 0 115 198 0 0 0
2976 0 1 0 154 239 0 0 0
2977 0 1 0 126 195 0 0 0
2978 0 1 0 147 258 0 0 0
2979 0 1 0 131 221 0 0 0
2980 0 1 0 146 262 0 0 0
2981 0 1 0 129 235 0 0 0
2982 0 1 0 169 275 0 0 0
2983 0 1 0 146 235 0 0 0
2984 0 1 0 173 329 0 0 0
2985 0 1 0 142 287 0 0 0
2986 0 1 2 117 225 0.017094 0.0123267 0.0116959
2987 0 1 2 187 283 0.0106952 0.00869393 0.00851064
2988 0 1 2 145 253 0.0137931 0.010442 0.0100503
2989 0 1 2 188 335 0.0106383 0.00796946 0.00764818
2990 0 1 0 168 297 0 0 0
2991 0 1 1 140 268 0.00714286 0.0051626 0.00490196
2992 0 1 0 211 333 0 0 0
2993 0 1 2 169 288 0.0118343 0.00906547 0.00875274
2994 0 1 0 190 346 0 0 0
2995 0 1 1 157 282 0.00636943 0.00475254 0.00455581
2996 0 1 0 209 317 0 0 0
2997 0 1 1 179 273 0.00558659 0.00452368 0.00442478
2998 0 1 0 235 324 0 0 0
2999 0 1 0 195 263 0 0 0
3000 0 1 0 215 312 0 0 0
3001 0 1 0 187 260 0 0 0
3002 0 1 0 231 302 0 0 0
3003 0 1 0 194 254 0 0 0
3004 0 1 0 247 308 0 0 0
3005 0 1 0 204 261 0 0 0
3006 0 1 0 222 339 0 0 0
3007 0 1 0 184 293 0 0 0
3008 0 1 0 217 358 0 0 0
3009 0 1 0 187 314 0 0 0
3010 0 1 0 237 389 0 0 0
3011 0 1 0 204 308 0 0 0
3012 0 1 0 217 361 0 0 0
3013 0 1 0 184 318 0 0 0
3014 0 1 1 249 402 0.00401606 0.00316073 0.0030722
3015 0 1 0 199 338 0 0 0
3016 0 1 1 248 406 0.00403226 0.00315146 0.0030581
3017 0 1 0 199 336 0 0 0
3018 0 1 2 264 391 0.00757576 0.006225 0.00610687
3019 0 1 0 218 317 0 0 0
3020 0 1 0 251 381 0 0 0
3021 0 1 3 228 318 0.0131579 0.0111414 0.010989
3022 0 1 1 271 381 0.00369004 0.0031121 0.00306748
3023 0 1 1 232 323 0.00431034 0.00365304 0.0036036
3024 0 1 2 289 347 0.00692042 0.00631562 0.00628931
3025 0 1 3 246 291 0.0121951 0.0112126 0.0111732
3026 0 1 7 290 368 0.0241379 0.0214277 0.0212766
3027 0 1 4 234 288 0.017094 0.0154083 0.0153257
3028 0 1 3 294 356 0.0102041 0.00927305 0.00923077
3029 0 1 2 243 313 0.00823045 0.00725195 0.00719424
3030 0 1 2 285 328 0.00701754 0.0065414 0.00652529
3031 0 1 3 257 260 0.0116732 0.0116056 0.0116054
3032 0 1 2 299 317 0.00668896 0.00649628 0.00649351
3033 0 1 3 248 266 0.0120968 0.0116803 0.0116732
3034 0 1 3 284 299 0.0105634 0.010295 0.0102916
3035 0 1 3 254 244 0.0122951 0.0120506 0.0120482
3036 0 1 4 263 281 0.0152091 0.0147139 0.0147059
3037 0 1 3 223 253 0.0134529 0.0126302 0.012605
3038 0 1 1 243 287 0.00411523 0.00378666 0.00377358
3039 0 1 2 215 260 0.00930233 0.0084591 0.00842105
3040 0 1 3 235 318 0.012766 0.0109742 0.0108499
3041 0 1 3 202 250 0.0148515 0.0133498 0.0132743
3042 0 1 2 240 287 0.00833333 0.0076205 0.00759013
3043 0 1 2 201 226 0.00995025 0.00938378 0.00936768
3044 0 1 1 267 299 0.00374532 0.00353923 0.00353357
3045 0 1 0 206 230 0 0 0
3046 0 1 4 256 306 0.015625 0.0142915 0.0142349
3047 0 1 2 204 250 0.00980392 0.00885615 0.00881057
3048 0 1 1 249 281 0.00401606 0.00378048 0.00377358
3049 0 1 0 204 220 0 0 0
3050 0 1 1 258 257 0.00389105 0.0038835 0.0038835
3051 0 1 0 217 205 0 0 0
3052 0 1 0 251 270 0 0 0
3053 0 1 1 214 233 0.0046729 0.00447832 0.00447427
3054 0 1 2 251 288 0.00796813 0.0074387 0.00742115
3055 0 1 0 206 243 0 0 0
3056 0 1 0 283 281 0 0 0
3057 0 1 0 217 216 0 0 0
3058 0 1 1 276 268 0.00373134 0.00367687 0.00367647
3059 0 1 0 226 233 0 0 0
3060 0 1 0 271 283 0 0 0
3061 0 1 0 228 210 0 0 0
3062 0 1 0 257 245 0 0 0
3063 0 1 0 222 211 0 0 0
3064 0 1 0 270 265 0 0 0
3065 0 1 0 219 230 0 0 0
3066 0 1 0 230 260 0 0 0
3067 0 1 0 183 213 0 0 0
3068 0 1 0 221 243 0 0 0
3069 0 1 0 152 207 0 0 0
3070 0 1 0 193 250 0 0 0
3071 0 1 0 158 231 0 0 0
3072 0 1 0 186 221 0 0 0
3073 0 1 0 147 187 0 0 0
3074 0 1 0 178 229 0 0 0
3075 0 1 0 154 200 0 0 0
3076 0 1 0 165 222 0 0 0
3077 0 1 0 126 189 0 0 0
3078 0 1 0 148 234 0 0 0
3079 0 1 0 118 194 0 0 0
3080 0 1 0 117 226 0 0 0
3081 0 1 2 114 191 0.0175439 0.0135538 0.0131148
3082 0 1 0 128 218 0 0 0
3083 0 1 0 100 159 0 0 0
3084 0 1 0 131 211 0 0 0
3085 0 1 0 109 168 0 0 0
3086 0 1 0 160 240 0 0 0
3087 0 1 0 120 173 0 0 0
3088 0 1 0 187 209 0 0 0
3089 0 1 0 147 190 0 0 0
3090 0 1 0 224 232 0 0 0
3091 0 1 0 173 192 0 0 0
3092 0 1 0 223 249 0 0 0
3093 0 1 2 171 210 0.0116959 0.0105541 0.0104987
3094 0 1 2 195 266 0.0102564 0.00878156 0.00867679
3095 0 1 1 137 195 0.00729927 0.00611818 0.0060241
3096 0 1 0 157 218 0 0 0
3097 0 1 0 170 237 0 0 0
3098 0 1 0 177 246 0 0 0
3099 0 1 0 186 250 0 0 0
3100 0 1 0 167 226 0 0 0
3101 0 1 0 195 229 0 0 0
3102 0 1 0 221 254 0 0 0
3103 0 1 0 248 264 0 0 0
3104 0 1 0 249 249 0 0 0
3105 0 1 0 249 271 0 0 0
3106 0 1 0 266 255 0 0 0
3107 0 1 0 279 266 0 0 0
3108 0 1 1 300 254 0.00393701 0.00362262 0.00361011
3109 0 1 0 254 229 0 0 0
3110 0 1 0 192 190 0 0 0
3111 0 1 0 224 225 0 0 0
3112 0 1 0 161 181 0 0 0
3113 0 1 0 167 201 0 0 0
3114 0 1 2 130 177 0.0153846 0.0131847 0.0130293
3115 0 1 1 165 206 0.00606061 0.00542406 0.00539084
3116 0 1 2 110 143 0.0181818 0.0159465 0.0158103
3117 0 1 2 163 175 0.0122699 0.0118418 0.0118343
3118 0 1 1 111 134 0.00900901 0.00819948 0.00816326
3119 0 1 1 146 168 0.00684932 0.00638512 0.00636943
3120 0 1 0 94 143 0 0 0
3121 0 1 0 125 179 0 0 0
3122 0 1 0 87 151 0 0 0
3123 0 1 0 127 208 0 0 0
3124 0 1 0 85 178 0 0 0
3125 0 1 0 120 220 0 0 0
3126 0 1 0 86 194 0 0 0
3127 0 1 0 115 229 0 0 0
3128 0 1 0 84 189 0 0 0
3129 0 1 0 133 246 0 0 0
3130 0 1 0 102 208 0 0 0
3131 0 1 0 126 255 0 0 0
3132 0 1 0 107 211 0 0 0
3133 0 1 0 136 274 0 0 0
3134 0 1 0 111 217 0 0 0
3135 0 1 0 158 294 0 0 0
3136 0 1 0 137 245 0 0 0
3137 0 1 0 124 211 0 0 0
3138 0 1 0 178 269 0 0 0
3139 0 1 0 148 239 0 0 0
3140 0 1 0 127 221 0 0 0
3141 0 1 0 175 282 0 0 0
3142 0 1 0 167 266 0 0 0
3143 0 1 0 155 236 0 0 0
3144 0 1 0 133 236 0 0 0
3145 0 1 0 205 270 0 0 0
3146 0 1 0 185 230 0 0 0
3147 0 1 0 153 221 0 0 0
3148 0 1 0 246 292 0 0 0
3149 0 1 0 209 251 0 0 0
3150 0 1 0 182 248 0 0 0
3151 0 1 0 140 186 0 0 0
3152 0 1 0 191 248 0 0 0
3153 0 1 0 144 225 0 0 0
3154 0 1 0 205 260 0 0 0
3155 0 1 0 142 248 0 0 0
3156 0 1 0 197 316 0 0 0
3157 0 1 0 141 266 0 0 0
3158 0 1 0 164 298 0 0 0
3159 0 1 0 109 246 0 0 0
3160 0 1 0 143 301 0 0 0
3161 0 1 0 121 278 0 0 0
3162 0 1 0 86 229 0 0 0
3163 0 1 0 131 276 0 0 0
3164 0 1 0 103 250 0 0 0
3165 0 1 0 91 235 0 0 0
3166 0 1 2 90 251 0.0222222 0.0133067 0.0117302
3167 0 1 0 71 218 0 0 0
3168 0 1 0 126 252 0 0 0
3169 0 1 1 90 210 0.0111111 0.00727393 0.00666667
3170 0 1 2 136 273 0.0147059 0.0103796 0.00977995
3171 0 1 0 101 206 0 0 0
3172 0 1 2 130 254 0.0153846 0.0110063 0.0104167
3173 0 1 0 92 199 0 0 0
3174 0 1 2 126 253 0.015873 0.0112017 0.0105541
3175 0 1 2 101 205 0.019802 0.0138993 0.0130719
3176 0 1 2 129 249 0.0155039 0.0111593 0.010582
3177 0 1 1 98 239 0.0102041 0.00653413 0.00593472
3178 0 1 1 82 211 0.0121951 0.00760242 0.00682594
3179 0 1 0 117 266 0 0 0
3180 0 1 2 92 240 0.0217391 0.0134595 0.0120482
3181 0 1 1 69 215 0.0144928 0.00821025 0.00704225
3182 0 1 1 100 276 0.01 0.00601929 0.00531915
3183 0 1 1 83 236 0.0120482 0.00714504 0.00626959
3184 0 1 1 77 200 0.012987 0.00805823 0.00722022
3185 0 1 1 100 300 0.01 0.0057735 0.005
3186 0 1 0 93 241 0 0 0
3187 0 1 0 78 216 0 0 0
3188 0 1 0 111 291 0 0 0
3189 0 1 0 92 245 0 0 0
3190 0 1 0 81 203 0 0 0
3191 0 1 0 127 273 0 0 0
3192 0 1 0 109 213 0 0 0
3193 0 1 2 157 271 0.0127389 0.00969607 0.00934579
3194 0 1 1 133 237 0.0075188 0.00563248 0.00540541
3195 0 1 0 99 224 0 0 0
3196 0 1 0 150 315 0 0 0
3197 0 1 0 107 259 0 0 0
3198 0 1 1 109 248 0.00917431 0.0060822 0.00560224
3199 0 1 0 82 220 0 0 0
3200 0 1 0 121 292 0 0 0
3201 0 1 0 98 262 0 0 0
3202 0 1 0 79 209 0 0 0
3203 0 1 0 127 284 0 0 0
3204 0 1 0 95 272 0 0 0
3205 0 1 0 93 235 0 0 0
3206 0 1 0 130 304 0 0 0
3207 0 1 0 117 250 0 0 0
3208 0 1 0 94 232 0 0 0
3209 0 1 0 136 287 0 0 0
3210 0 1 0 104 279 0 0 0
3211 0 1 0 90 229 0 0 0
3212 0 1 0 133 326 0 0 0
3213 0 1 0 118 279 0 0 0
3214 0 1 0 107 250 0 0 0
3215 0 1 0 97 221 0 0 0
3216 0 1 0 174 313 0 0 0
3217 0 1 0 147 262 0 0 0
3218 0 1 0 128 251 0 0 0
3219 0 1 0 108 243 0 0 0
3220 0 1 1 152 324 0.00657895 0.00450615 0.00420168
3221 0 1 1 131 289 0.00763359 0.00513944 0.0047619
3222 0 1 1 123 253 0.00813008 0.00566875 0.00531915
3223 0 1 1 167 331 0.00598802 0.00425332 0.00401606
3224 0 1 1 131 286 0.00763359 0.00516632 0.00479616
3225 0 1 1 127 253 0.00787402 0.00557876 0.00526316
3226 0 1 0 176 316 0 0 0
3227 0 1 0 144 268 0 0 0
3228 0 1 0 177 351 0 0 0
3229 0 1 0 150 329 0 0 0
3230 0 1 0 127 286 0 0 0
3231 0 1 0 175 365 0 0 0
3232 0 1 0 147 328 0 0 0
3233 0 1 1 144 309 0.00694444 0.00474067 0.00441501
3234 0 1 0 130 247 0 0 0
3235 0 1 0 196 355 0 0 0
3236 0 1 1 175 311 0.00571429 0.00428648 0.00411523
3237 0 1 0 154 293 0 0 0
3238 0 1 0 136 249 0 0 0
3239 0 1 2 209 354 0.00956938 0.00735284 0.0071048
3240 0 1 3 175 287 0.0171429 0.0133863 0.012987
3241 0 1 1 164 255 0.00609756 0.00488999 0.00477327
3242 0 1 1 204 353 0.00490196 0.00372647 0.00359066
3243 0 1 4 185 301 0.0216216 0.0169508 0.0164609
3244 0 1 6 171 288 0.0350877 0.0270369 0.0261438
3245 0 1 6 217 343 0.0276498 0.0219925 0.0214286
3246 0 1 2 187 284 0.0106952 0.00867861 0.00849257
3247 0 1 3 230 355 0.0130435 0.0104989 0.0102564
3248 0 1 5 191 310 0.026178 0.0205481 0.0199601
3249 0 1 4 163 262 0.0245399 0.019356 0.0188235
3250 0 1 6 186 301 0.0322581 0.0253578 0.0246407
3251 0 1 2 171 250 0.0116959 0.00967302 0.00950119
3252 0 1 4 219 352 0.0182648 0.0144068 0.0140105
3253 0 1 3 174 262 0.0172414 0.0140506 0.0137615
3254 0 1 0 193 310 0 0 0
3255 0 1 0 161 267 0 0 0
3256 0 1 0 190 307 0 0 0
3257 0 1 0 160 271 0 0 0
3258 0 1 0 185 325 0 0 0
3259 0 1 0 130 234 0 0 0
3260 0 1 0 169 270 0 0 0
3261 0 1 0 143 239 0 0 0
3262 0 1 0 185 263 0 0 0
3263 0 1 0 154 224 0 0 0
3264 0 1 1 184 267 0.00543478 0.00451165 0.00443459
3265 0 1 0 147 235 0 0 0
3266 0 1 0 182 299 0 0 0
3267 0 1 0 159 242 0 0 0
3268 0 1 0 201 297 0 0 0
3269 0 1 0 167 238 0 0 0
3270 0 1 0 207 291 0 0 0
3271 0 1 0 169 261 0 0 0
3272 0 1 1 168 306 0.00595238 0.00441047 0.00421941
3273 0 1 0 115 244 0 0 0
3274 0 1 1 145 332 0.00689655 0.00455771 0.00419287
3275 0 1 1 121 263 0.00826446 0.00560569 0.00520833
3276 0 1 0 103 223 0 0 0
3277 0 1 1 161 300 0.00621118 0.00455016 0.00433839
3278 0 1 1 160 280 0.00625 0.00472456 0.00454545
3279 0 1 0 129 228 0 0 0
3280 0 1 0 207 306 0 0 0
3281 0 1 0 170 284 0 0 0
3282 0 1 0 154 230 0 0 0
3283 0 1 1 192 335 0.00520833 0.003943 0.00379507
3284 0 1 0 166 286 0 0 0
3285 0 1 0 158 271 0 0 0
3286 0 1 0 203 358 0 0 0
3287 0 1 1 154 323 0.00649351 0.00448372 0.00419287
3288 0 1 0 219 375 0 0 0
3289 0 1 0 175 332 0 0 0
3290 0 1 0 207 398 0 0 0
3291 0 1 0 168 336 0 0 0
3292 0 1 0 226 415 0 0 0
3293 0 1 0 170 352 0 0 0
3294 0 1 0 231 403 0 0 0
3295 0 1 0 192 365 0 0 0
3296 0 1 0 203 414 0 0 0
3297 0 1 0 180 350 0 0 0
3298 0 1 0 220 371 0 0 0
3299 0 1 0 184 337 0 0 0
3300 0 1 0 217 370 0 0 0
3301 0 1 0 178 333 0 0 0
3302 0 1 0 202 366 0 0 0
3303 0 1 0 188 356 0 0 0
3304 0 1 0 220 399 0 0 0
3305 0 1 0 182 347 0 0 0
3306 0 1 0 200 396 0 0 0
3307 0 1 0 188 349 0 0 0
3308 0 1 0 211 391 0 0 0
3309 0 1 0 189 341 0 0 0
3310 0 1 0 188 375 0 0 0
3311 0 1 0 154 327 0 0 0
3312 0 1 0 125 340 0 0 0
3313 0 1 0 111 318 0 0 0
3314 0 1 0 144 358 0 0 0
3315 0 1 0 126 318 0 0 0
3316 0 1 0 155 347 0 0 0
3317 0 1 0 119 306 0 0 0
3318 0 1 0 159 354 0 0 0
3319 0 1 0 133 331 0 0 0
3320 0 1 0 153 377 0 0 0
3321 0 1 0 129 330 0 0 0
3322 0 1 0 143 363 0 0 0
3323 0 1 0 127 335 0 0 0
3324 0 1 0 146 380 0 0 0
3325 0 1 0 121 339 0 0 0
3326 0 1 0 133 375 0 0 0
3327 0 1 1 112 350 0.00892857 0.00505076 0.004329
3328 0 1 1 134 361 0.00746269 0.00454668 0.0040404
3329 0 1 0 120 326 0 0 0
3330 0 1 2 158 365 0.0126582 0.00832827 0.00764818
3331 0 1 2 128 317 0.015625 0.00992877 0.00898876
3332 0 1 1 131 351 0.00763359 0.00466349 0.00414938
3333 0 1 2 116 317 0.0172414 0.0104297 0.00923788
3334 0 1 0 129 382 0 0 0
3335 0 1 0 128 315 0 0 0
3336 0 1 0 154 370 0 0 0
3337 0 1 0 119 328 0 0 0
3338 0 1 1 161 399 0.00621118 0.00394549 0.00357143
3339 0 1 0 135 364 0 0 0
3340 0 1 2 158 378 0.0126582 0.00818381 0.00746269
3341 0 1 1 128 332 0.0078125 0.00485094 0.00434783
3342 0 1 2 153 373 0.0130719 0.00837201 0.00760456
3343 0 1 1 142 335 0.00704225 0.00458494 0.00419287
3344 0 1 1 156 385 0.00641026 0.00408044 0.00369686
3345 0 1 0 128 332 0 0 0
3346 0 1 1 148 352 0.00675676 0.00438125 0.004
3347 0 1 0 120 273 0 0 0
3348 0 1 2 140 331 0.0142857 0.00929078 0.00849257
3349 0 1 1 116 283 0.00862069 0.00551922 0.00501253
3350 0 1 0 149 331 0 0 0
3351 0 1 2 118 305 0.0169492 0.0105424 0.00945626
3352 0 1 1 150 342 0.00666667 0.00441511 0.00406504
3353 0 1 3 132 306 0.0227273 0.014927 0.0136986
3354 0 1 2 153 348 0.0130719 0.00866752 0.00798403
3355 0 1 2 139 299 0.0143885 0.00981041 0.00913242
3356 0 1 2 176 353 0.0113636 0.00802391 0.00756144
3357 0 1 2 145 307 0.0137931 0.00947931 0.00884956
3358 0 1 1 180 370 0.00555556 0.00387492 0.00363636
3359 0 1 1 168 330 0.00595238 0.00424706 0.00401606
3360 0 1 3 211 362 0.014218 0.0108549 0.0104712
3361 0 1 2 182 320 0.010989 0.00828742 0.00796813
3362 0 1 2 216 358 0.00925926 0.0071922 0.00696864
3363 0 1 2 182 312 0.010989 0.008393 0.00809717
3364 0 1 0 216 390 0 0 0
3365 0 1 3 173 339 0.017341 0.0123879 0.0117188
3366 0 1 4 212 356 0.0188679 0.0145602 0.0140845
3367 0 1 0 187 331 0 0 0
3368 0 1 0 226 331 0 0 0
3369 0 1 0 206 307 0 0 0
3370 0 1 0 236 327 0 0 0
3371 0 1 0 213 283 0 0 0
3372 0 1 0 225 343 0 0 0
3373 0 1 0 201 282 0 0 0
3374 0 1 0 208 334 0 0 0
3375 0 1 0 178 266 0 0 0
3376 0 1 0 195 338 0 0 0
3377 0 1 0 149 295 0 0 0
3378 0 1 1 175 323 0.00571429 0.0042061 0.00401606
3379 0 1 0 144 290 0 0 0
3380 0 1 1 157 320 0.00636943 0.00446144 0.00419287
3381 0 1 0 128 269 0 0 0
3382 0 1 2 148 324 0.0135135 0.00913328 0.00847458
3383 0 1 1 118 277 0.00847458 0.0055312 0.00506329
3384 0 1 0 149 329 0 0 0
3385 0 1 0 135 288 0 0 0
3386 0 1 0 160 341 0 0 0
3387 0 1 0 152 284 0 0 0
3388 0 1 0 166 306 0 0 0
3389 0 1 0 149 286 0 0 0
3390 0 1 1 147 328 0.00680272 0.00455412 0.00421053
3391 0 1 2 146 294 0.0136986 0.00965339 0.00909091
3392 0 1 2 170 319 0.0117647 0.00858836 0.00817996
3393 0 1 2 151 299 0.013245 0.00941252 0.00888889
3394 0 1 2 161 325 0.0124224 0.0087433 0.00823045
3395 0 1 2 156 281 0.0128205 0.00955245 0.00915332
3396 0 1 0 165 299 0 0 0
3397 0 1 0 139 284 0 0 0
3398 0 1 0 155 320 0 0 0
3399 0 1 0 115 295 0 0 0
3400 0 1 0 134 322 0 0 0
3401 0 1 0 115 268 0 0 0
3402 0 1 1 143 308 0.00699301 0.00476493 0.00443459
3403 0 1 0 119 266 0 0 0
3404 0 1 1 135 320 0.00740741 0.00481125 0.0043956
3405 0 1 1 105 272 0.00952381 0.00591726 0.00530504
3406 0 1 1 139 302 0.00719424 0.00488078 0.00453515
3407 0 1 1 121 253 0.00826446 0.00571541 0.00534759
3408 0 1 0 132 302 0 0 0
3409 0 1 0 105 256 0 0 0
3410 0 1 1 131 277 0.00763359 0.00524958 0.00490196
3411 0 1 0 98 243 0 0 0
3412 0 1 0 126 290 0 0 0
3413 0 1 1 102 227 0.00980392 0.00657184 0.00607903
3414 0 1 0 120 267 0 0 0
3415 0 1 0 95 223 0 0 0
3416 0 1 0 129 265 0 0 0
3417 0 1 2 96 203 0.0208333 0.0143267 0.0133779
3418 0 1 2 127 258 0.015748 0.0110489 0.0103896
3419 0 1 3 99 223 0.030303 0.0201907 0.0186335
3420 0 1 1 115 235 0.00869565 0.00608299 0.00571429
3421 0 1 1 107 219 0.00934579 0.0065326 0.00613497
3422 0 1 0 121 235 0 0 0
3423 0 1 2 101 183 0.019802 0.0147111 0.0140845
3424 0 1 0 132 240 0 0 0
3425 0 1 0 111 197 0 0 0
3426 0 1 0 148 228 0 0 0
3427 0 1 0 123 196 0 0 0
3428 0 1 0 152 238 0 0 0
3429 0 1 0 141 212 0 0 0
3430 0 1 0 161 261 0 0 0
3431 0 1 0 150 201 0 0 0
3432 0 1 1 183 259 0.00546448 0.0045933 0.00452489
3433 0 1 1 152 214 0.00657895 0.00554461 0.00546448
3434 0 1 0 196 306 0 0 0
3435 0 1 0 159 248 0 0 0
3436 0 1 0 198 284 0 0 0
3437 0 1 0 153 241 0 0 0
3438 0 1 0 183 286 0 0 0
3439 0 1 0 161 231 0 0 0
3440 0 1 1 188 271 0.00531915 0.00443033 0.0043573
3441 0 1 1 166 237 0.0060241 0.00504164 0.00496278
3442 0 1 3 187 289 0.0160428 0.0129048 0.012605
3443 0 1 2 151 229 0.013245 0.0107553 0.0105263
3444 0 1 5 182 290 0.0274725 0.0217638 0.0211864
3445 0 1 6 150 250 0.04 0.0309839 0.03
3446 0 1 4 204 284 0.0196078 0.0166183 0.0163934
3447 0 1 4 174 225 0.0229885 0.0202159 0.0200501
3448 0 1 0 217 293 0 0 0
3449 0 1 0 171 217 0 0 0
3450 0 1 0 221 274 0 0 0
3451 0 1 0 179 212 0 0 0
3452 0 1 0 225 271 0 0 0
3453 0 1 0 181 213 0 0 0
3454 0 1 0 226 263 0 0 0
3455 0 1 0 180 201 0 0 0
3456 0 1 0 200 267 0 0 0
3457 0 1 0 158 209 0 0 0
3458 0 1 0 185 262 0 0 0
3459 0 1 0 127 204 0 0 0
3460 0 1 0 175 291 0 0 0
3461 0 1 0 125 248 0 0 0
3462 0 1 1 170 281 0.00588235 0.00457533 0.00443459
3463 0 1 1 129 246 0.00775194 0.00561355 0.00533333
3464 0 1 2 166 305 0.0120482 0.00888845 0.00849257
3465 0 1 2 135 250 0.0148148 0.0108866 0.0103896
3466 0 1 1 183 318 0.00546448 0.00414535 0.00399202
3467 0 1 1 142 270 0.00704225 0.00510709 0.00485437
3468 0 1 2 161 282 0.0124224 0.00938626 0.00902935
3469 0 1 0 129 191 0 0 0
3470 0 1 1 137 205 0.00729927 0.00596709 0.00584795
3471 0 1 0 90 153 0 0 0
3472 0 1 0 75 178 0 0 0
3473 0 1 0 64 188 0 0 0
3474 0 1 0 84 174 0 0 0
3475 0 1 0 104 205 0 0 0
3476 0 1 0 72 182 0 0 0
3477 0 1 0 147 249 0 0 0
3478 0 1 0 112 221 0 0 0
3479 0 1 0 96 176 0 0 0
3480 0 1 0 184 284 0 0 0
3481 0 1 0 143 255 0 0 0
3482 0 1 0 146 211 0 0 0
3483 0 1 0 191 317 0 0 0
3484 0 1 1 176 277 0.00568182 0.00452902 0.00441501
3485 0 1 1 165 236 0.00606061 0.0050676 0.00498753
3486 0 1 2 223 348 0.00896861 0.0071794 0.00700525
3487 0 1 2 193 299 0.0103627 0.0083256 0.00813008
3488 0 1 4 174 276 0.0229885 0.0182529 0.0177778
3489 0 1 3 227 357 0.0132159 0.0105384 0.010274
3490 0 1 4 197 317 0.0203046 0.0160065 0.0155642
3491 0 1 5 193 281 0.0259067 0.0214703 0.021097
3492 0 1 5 214 365 0.0233645 0.0178903 0.0172712
3493 0 1 5 186 320 0.0268817 0.0204946 0.0197628
3494 0 1 7 226 398 0.0309735 0.0233401 0.0224359
3495 0 1 7 198 349 0.0353535 0.0266289 0.0255942
3496 0 1 6 221 392 0.0271493 0.0203851 0.0195759
3497 0 1 5 208 345 0.0240385 0.018665 0.0180832
3498 0 1 4 249 429 0.0160643 0.0122386 0.0117994
3499 0 1 8 231 367 0.034632 0.0274758 0.0267559
3500 0 1 7 248 425 0.0282258 0.0215614 0.0208024
3501 0 1 6 235 398 0.0255319 0.019619 0.0189573
3502 0 1 6 237 426 0.0253165 0.0188831 0.0180995
3503 0 1 6 214 399 0.0280374 0.0205333 0.0195759
3504 0 1 3 231 420 0.012987 0.00963143 0.00921659
3505 0 1 4 192 357 0.0208333 0.0152783 0.0145719
3506 0 1 5 206 417 0.0242718 0.0170596 0.0160514
3507 0 1 4 180 361 0.0222222 0.0156917 0.0147874
3508 0 1 5 216 436 0.0231481 0.016293 0.0153374
3509 0 1 2 187 381 0.0106952 0.00749284 0.00704225
3510 0 1 3 191 432 0.0157068 0.0104439 0.00963082
3511 0 1 4 162 347 0.0246914 0.0168709 0.0157171
3512 0 1 2 176 377 0.0113636 0.00776431 0.00723327
3513 0 1 0 140 343 0 0 0
3514 0 1 3 155 370 0.0193548 0.0125272 0.0114286
3515 0 1 2 128 316 0.015625 0.00994447 0.00900901
3516 0 1 1 148 348 0.00675676 0.00440636 0.00403226
3517 0 1 1 128 315 0.0078125 0.00498012 0.00451467
3518 0 1 2 162 344 0.0123457 0.00847214 0.00790514
3519 0 1 1 132 292 0.00757576 0.00509356 0.00471698
3520 0 1 2 152 328 0.0131579 0.00895718 0.00833333
3521 0 1 0 131 282 0 0 0
3522 0 1 0 168 313 0 0 0
3523 0 1 0 138 248 0 0 0
3524 0 1 0 160 298 0 0 0
3525 0 1 1 134 243 0.00746269 0.00554172 0.00530504
3526 0 1 1 147 251 0.00680272 0.005206 0.00502513
3527 0 1 2 121 229 0.0165289 0.0120149 0.0114286
3528 0 1 2 131 258 0.0152672 0.0108789 0.0102828
3529 0 1 0 112 222 0 0 0
3530 0 1 0 117 243 0 0 0
3531 0 1 0 101 201 0 0 0
3532 0 1 0 118 227 0 0 0
3533 0 1 0 86 208 0 0 0
3534 0 1 0 120 255 0 0 0
3535 0 1 1 83 202 0.0120482 0.00772299 0.00701754
3536 0 1 1 116 241 0.00862069 0.00598084 0.00560224
3537 0 1 1 97 203 0.0103093 0.00712633 0.00666667
3538 0 1 2 117 253 0.017094 0.0116246 0.0108108
3539 0 1 0 70 187 0 0 0
3540 0 1 0 68 228 0 0 0
3541 0 1 0 45 206 0 0 0
3542 0 1 0 44 243 0 0 0
3543 0 1 0 33 216 0 0 0
3544 0 1 0 45 253 0 0 0
3545 0 1 0 38 200 0 0 0
3546 0 1 1 48 236 0.0208333 0.00939558 0.00704225
3547 0 1 0 15 126 0 0 0
3548 0 1 0 16 122 0 0 0
3549 0 1 0 11 58 0 0 0
3550 0 1 0 11 46 0 0 0
3551 0 1 0 23 21 0 0 0
3556 0 1 0 9 2 0 0 0
2 0 1 0 62 32 0 0 0
3 0 1 0 90 38 0 0 0
4 0 1 0 59 31 0 0 0
5 0 1 0 84 66 0 0 0
6 0 1 0 67 51 0 0 0
7 0 1 0 133 146 0 0 0
8 0 1 0 101 108 0 0 0
9 0 1 0 70 80 0 0 0
10 0 1 0 83 121 0 0 0
11 0 1 0 51 90 0 0 0
12 0 1 0 67 123 0 0 0
13 0 1 0 29 68 0 0 0
14 0 1 0 52 101 0 0 0
15 0 1 0 28 74 0 0 0
16 0 1 0 67 131 0 0 0
17 0 1 0 35 107 0 0 0
18 0 1 0 72 149 0 0 0
19 0 1 0 39 104 0 0 0
20 0 1 0 65 127 0 0 0
21 0 1 0 47 85 0 0 0
22 0 1 0 70 131 0 0 0
23 0 1 0 37 79 0 0 0
24 0 1 0 66 109 0 0 0
25 0 1 1 44 70 0.0227273 0.0180187 0.0175439
26 0 1 1 73 108 0.0136986 0.0112623 0.0110497
27 0 1 0 44 76 0 0 0
28 0 1 1 74 106 0.0135135 0.011291 0.0111111
29 0 1 1 102 150 0.00980392 0.00808452 0.00793651
30 0 1 2 60 92 0.0333333 0.0269191 0.0263158
31 0 1 1 95 119 0.0105263 0.00940513 0.00934579
32 0 1 0 106 160 0 0 0
33 0 1 0 114 169 0 0 0
34 0 1 0 118 166 0 0 0
35 0 1 0 105 152 0 0 0
36 0 1 0 86 137 0 0 0
37 0 1 1 73 116 0.0136986 0.010867 0.010582
38 0 1 0 78 151 0 0 0
39 0 1 2 79 102 0.0253165 0.0222801 0.0220994
40 0 1 1 86 108 0.0116279 0.0103762 0.0103093
41 0 1 2 77 104 0.025974 0.0223495 0.0220994
42 0 1 2 85 113 0.0235294 0.0204071 0.020202
43 0 1 0 95 132 0 0 0
44 0 1 0 64 69 0 0 0
45 0 1 0 60 71 0 0 0
46 0 1 0 57 81 0 0 0
47 0 1 1 36 96 0.0277778 0.0170103 0.0151515
48 0 1 1 25 105 0.04 0.019518 0.0153846
49 0 1 2 22 118 0.0909091 0.0392534 0.0285714
50 0 1 0 25 106 0 0 0
51 0 1 0 30 117 0 0 0
52 0 1 0 42 120 0 0 0
53 0 1 0 31 114 0 0 0
54 0 1 0 21 113 0 0 0
55 0 1 0 27 97 0 0 0
56 0 1 0 39 120 0 0 0
57 0 1 0 42 114 0 0 0
58 0 1 0 54 138 0 0 0
59 0 1 0 56 154 0 0 0
60 0 1 0 71 163 0 0 0
61 0 1 0 103 216 0 0 0
62 0 1 0 178 249 0 0 0
63 0 1 0 138 194 0 0 0
64 0 1 0 244 279 0 0 0
65 0 1 0 151 210 0 0 0
66 0 1 0 228 319 0 0 0
67 0 1 0 171 267 0 0 0
68 0 1 0 223 297 0 0 0
69 0 1 0 198 268 0 0 0
70 0 1 0 267 322 0 0 0
71 0 1 0 219 276 0 0 0
72 0 1 0 271 338 0 0 0
73 0 1 0 224 276 0 0 0
74 0 1 0 239 309 0 0 0
75 0 1 0 202 264 0 0 0
76 0 1 0 268 334 0 0 0
77 0 1 0 204 266 0 0 0
78 0 1 1 249 284 0.00401606 0.00376046 0.00375235
79 0 1 0 193 254 0 0 0
80 0 1 0 217 242 0 0 0
81 0 1 0 198 220 0 0 0
82 0 1 0 229 248 0 0 0
83 0 1 0 198 209 0 0 0
84 0 1 0 236 258 0 0 0
85 0 1 0 219 210 0 0 0
86 0 1 1 249 252 0.00401606 0.00399209 0.00399202
87 0 1 0 224 227 0 0 0
88 0 1 0 262 262 0 0 0
89 0 1 0 245 242 0 0 0
90 0 1 0 275 290 0 0 0
91 0 1 0 244 256 0 0 0
92 0 1 2 282 260 0.00769231 0.00738616 0.00738007
93 0 1 2 229 234 0.00873362 0.00863981 0.00863931
94 0 1 1 214 200 0.005 0.00483368 0.00483092
95 0 1 2 254 232 0.00862069 0.0082389 0.00823045
96 0 1 1 251 194 0.00515464 0.00453171 0.00449438
97 0 1 1 284 228 0.00438596 0.00392983 0.00390625
98 0 1 0 262 208 0 0 0
99 0 1 0 265 259 0 0 0
100 0 1 0 253 220 0 0 0
101 0 1 0 218 190 0 0 0
102 0 1 0 272 205 0 0 0
103 0 1 0 230 172 0 0 0
104 0 1 1 195 160 0.00625 0.00566139 0.0056338
105 0 1 1 236 212 0.00471698 0.00447071 0.00446429
106 0 1 1 183 164 0.00609756 0.00577235 0.00576369
107 0 1 1 186 153 0.00653595 0.00592786 0.0058997
108 0 1 1 216 186 0.00537634 0.00498904 0.00497512
109 0 1 1 171 138 0.00724638 0.00650972 0.00647249
110 0 1 0 167 128 0 0 0
111 0 1 0 196 207 0 0 0
112 0 1 0 195 175 0 0 0
113 0 1 0 225 212 0 0 0
114 0 1 0 199 170 0 0 0
115 0 1 0 170 167 0 0 0
116 0 1 0 200 225 0 0 0
117 0 1 1 165 185 0.00606061 0.00572364 0.00571429
118 0 1 1 157 152 0.00657895 0.00647334 0.00647249
119 0 1 0 195 203 0 0 0
120 0 1 1 168 172 0.00595238 0.00588276 0.00588235
121 0 1 2 135 148 0.0148148 0.0141492 0.0141343
122 0 1 1 141 126 0.00793651 0.00750249 0.00749064
123 0 1 1 148 170 0.00675676 0.00630441 0.00628931
124 0 1 1 139 163 0.00719424 0.00664353 0.00662252
125 0 1 0 109 118 0 0 0
126 0 1 0 108 114 0 0 0
127 0 1 0 123 160 0 0 0
128 0 1 0 104 135 0 0 0
129 0 1 0 80 126 0 0 0
130 0 1 0 111 142 0 0 0
131 0 1 0 108 123 0 0 0
132 0 1 0 192 183 0 0 0
133 0 1 0 153 143 0 0 0
134 0 1 0 117 129 0 0 0
135 0 1 0 160 179 0 0 0
136 0 1 0 112 142 0 0 0
137 0 1 0 156 199 0 0 0
138 0 1 0 109 127 0 0 0
139 0 1 0 154 187 0 0 0
140 0 1 0 124 142 0 0 0
141 0 1 0 161 190 0 0 0
142 0 1 0 115 151 0 0 0
143 0 1 0 128 162 0 0 0
144 0 1 0 106 121 0 0 0
145 0 1 0 121 147 0 0 0
146 0 1 0 99 104 0 0 0
147 0 1 0 131 136 0 0 0
148 0 1 0 148 112 0 0 0
149 0 1 0 177 137 0 0 0
150 0 1 0 216 196 0 0 0
151 0 1 0 200 184 0 0 0
152 0 1 0 159 125 0 0 0
153 0 1 0 158 116 0 0 0
154 0 1 0 137 121 0 0 0
155 0 1 0 163 133 0 0 0
156 0 1 0 150 141 0 0 0
157 0 1 0 98 88 0 0 0
158 0 1 0 138 115 0 0 0
159 0 1 1 130 129 0.00775194 0.00772206 0.00772201
160 0 1 1 139 114 0.00877193 0.00794402 0.00790514
161 0 1 1 131 97 0.0103093 0.00887112 0.00877193
162 0 1 1 111 85 0.0117647 0.0102951 0.0102041
163 0 1 0 102 75 0 0 0
164 0 1 0 101 76 0 0 0
165 0 1 0 110 85 0 0 0
166 0 1 0 99 88 0 0 0
167 0 1 0 88 105 0 0 0
168 0 1 0 103 115 0 0 0
169 0 1 0 106 111 0 0 0
170 0 1 0 90 135 0 0 0
171 0 1 0 77 102 0 0 0
172 0 1 0 76 152 0 0 0
173 0 1 0 74 106 0 0 0
174 0 1 0 119 175 0 0 0
175 0 1 0 81 154 0 0 0
176 0 1 0 115 204 0 0 0
177 0 1 0 80 161 0 0 0
178 0 1 0 151 267 0 0 0
179 0 1 0 119 266 0 0 0
180 0 1 0 97 216 0 0 0
181 0 1 0 235 407 0 0 0
182 0 1 0 179 329 0 0 0
183 0 1 1 134 261 0.00746269 0.00534721 0.00506329
184 0 1 0 233 419 0 0 0
185 0 1 0 186 334 0 0 0
186 0 1 1 146 290 0.00684932 0.00485987 0.00458716
187 0 1 1 210 322 0.0047619 0.00384559 0.0037594
188 0 1 1 174 303 0.00574713 0.00435516 0.00419287
189 0 1 1 219 323 0.00456621 0.0037599 0.00369004
190 0 1 0 192 317 0 0 0
191 0 1 0 264 343 0 0 0
192 0 1 0 235 294 0 0 0
193 0 1 1 260 344 0.00384615 0.00334375 0.00331126
194 0 1 1 225 309 0.00444444 0.00379253 0.00374532
195 0 1 5 246 336 0.0203252 0.0173913 0.0171821
196 0 1 8 205 293 0.0390244 0.0326422 0.0321285
197 0 1 5 224 333 0.0223214 0.0183073 0.0179533
198 0 1 8 194 287 0.0412371 0.0339038 0.033264
199 0 1 9 202 348 0.0445545 0.0339451 0.0327273
200 0 1 7 179 299 0.0391061 0.0302577 0.0292887
201 0 1 8 180 342 0.0444444 0.0322434 0.0306513
202 0 1 6 154 312 0.038961 0.0273724 0.0257511
203 0 1 6 205 337 0.0292683 0.0228276 0.0221402
204 0 1 8 179 262 0.0446927 0.0369414 0.0362812
205 0 1 7 195 307 0.0358974 0.0286096 0.0278884
206 0 1 8 146 245 0.0547945 0.042299 0.0409207
207 0 1 7 169 259 0.0414201 0.0334584 0.0327103
208 0 1 5 136 271 0.0367647 0.0260445 0.02457
209 0 1 4 157 284 0.0254777 0.0189431 0.0181406
210 0 1 6 123 225 0.0487805 0.0360668 0.0344828
211 0 1 3 160 274 0.01875 0.014328 0.0138249
212 0 1 5 153 266 0.0326797 0.0247847 0.0238663
213 0 1 5 196 350 0.0255102 0.0190901 0.018315
214 0 1 5 137 251 0.0364963 0.0269633 0.0257732
215 0 1 5 162 273 0.0308642 0.0237756 0.0229885
216 0 1 5 123 223 0.0406504 0.0301901 0.0289017
217 0 1 4 174 269 0.0229885 0.0184888 0.0180587
218 0 1 8 135 209 0.0592593 0.0476266 0.0465116
219 0 1 4 119 195 0.0336134 0.0262585 0.0254777
220 0 1 3 123 225 0.0243902 0.0180334 0.0172414
221 0 1 4 122 206 0.0327869 0.0252317 0.0243902
222 0 1 3 127 227 0.023622 0.0176688 0.0169492
223 0 1 1 121 216 0.00826446 0.00618558 0.00593472
224 0 1 5 140 222 0.0357143 0.0283615 0.0276243
225 0 1 2 112 187 0.0178571 0.0138198 0.0133779
226 0 1 5 106 156 0.0471698 0.0388826 0.0381679
227 0 1 3 97 161 0.0309278 0.0240061 0.0232558
228 0 1 1 95 165 0.0105263 0.00798723 0.00769231
229 0 1 5 110 172 0.0454545 0.0363504 0.035461
230 0 1 6 100 165 0.06 0.0467099 0.045283
231 0 1 3 126 177 0.0238095 0.0200886 0.019802
232 0 1 7 106 158 0.0660377 0.0540899 0.0530303
233 0 1 9 107 143 0.0841122 0.0727583 0.072
234 0 1 6 107 224 0.0560748 0.0387557 0.0362538
235 0 1 7 102 200 0.0686275 0.0490098 0.0463576
236 0 1 6 98 186 0.0612245 0.0444408 0.0422535
237 0 1 11 89 170 0.123596 0.0894279 0.0849421
238 0 1 6 122 270 0.0491803 0.033059 0.0306122
239 0 1 8 98 217 0.0816327 0.0548589 0.0507937
240 0 1 6 105 188 0.0571429 0.0427049 0.0409556
241 0 1 7 141 256 0.0496454 0.0368441 0.0352645
242 0 1 6 129 226 0.0465116 0.03514 0.0338028
243 0 1 7 116 190 0.0603448 0.0471511 0.0457516
244 0 1 11 168 301 0.0654762 0.0489164 0.0469083
245 0 1 5 145 268 0.0344828 0.0253641 0.0242131
246 0 1 6 125 222 0.048 0.036018 0.0345821
247 0 1 9 157 265 0.0573248 0.0441235 0.042654
248 0 1 8 142 244 0.056338 0.0429785 0.0414508
249 0 1 7 163 294 0.0429448 0.0319765 0.0306346
250 0 1 6 137 224 0.0437956 0.0342505 0.033241
251 0 1 4 132 224 0.030303 0.0232621 0.0224719
252 0 1 6 182 252 0.032967 0.0280166 0.0276498
253 0 1 6 137 211 0.0437956 0.0352898 0.0344828
254 0 1 3 125 175 0.024 0.0202837 0.02
255 0 1 5 155 238 0.0322581 0.0260325 0.0254453
256 0 1 2 130 174 0.0153846 0.0132979 0.0131579
257 0 1 2 110 156 0.0181818 0.0152676 0.0150376
258 0 1 1 130 185 0.00769231 0.00644826 0.00634921
259 0 1 2 107 138 0.0186916 0.0164588 0.0163265
260 0 1 0 98 126 0 0 0
261 0 1 1 111 179 0.00900901 0.00709434 0.00689655
262 0 1 1 85 161 0.0117647 0.00854826 0.00813008
263 0 1 0 128 175 0 0 0
264 0 1 0 100 141 0 0 0
265 0 1 1 79 124 0.0126582 0.0101036 0.00985222
266 0 1 1 126 146 0.00793651 0.0073729 0.00735294
267 0 1 0 87 84 0 0 0
268 0 1 0 68 60 0 0 0
269 0 1 0 110 91 0 0 0
270 0 1 0 87 74 0 0 0
271 0 1 0 70 56 0 0 0
272 0 1 0 120 101 0 0 0
273 0 1 0 101 79 0 0 0
274 0 1 1 81 67 0.0149254 0.0135744 0.0135135
275 0 1 0 126 100 0 0 0
276 0 1 0 102 74 0 0 0
277 0 1 0 83 68 0 0 0
278 0 1 0 124 152 0 0 0
279 0 1 0 72 85 0 0 0
280 0 1 0 53 68 0 0 0
281 0 1 0 66 105 0 0 0
282 0 1 0 40 83 0 0 0
283 0 1 0 28 53 0 0 0
284 0 1 0 48 90 0 0 0
285 0 1 0 47 74 0 0 0
286 0 1 0 31 64 0 0 0
287 0 1 2 62 93 0.0322581 0.0263386 0.0258065
288 0 1 0 56 86 0 0 0
289 0 1 0 37 57 0 0 0
290 0 1 0 59 114 0 0 0
291 0 1 0 54 97 0 0 0
292 0 1 0 43 78 0 0 0
293 0 1 0 76 151 0 0 0
294 0 1 1 56 111 0.0178571 0.0126837 0.011976
295 0 1 0 56 97 0 0 0
296 0 1 0 103 195 0 0 0
297 0 1 0 80 126 0 0 0
298 0 1 0 62 128 0 0 0
299 0 1 0 121 188 0 0 0
300 0 1 0 86 141 0 0 0
301 0 1 0 78 119 0 0 0
302 0 1 0 122 202 0 0 0
303 0 1 0 92 158 0 0 0
304 0 1 0 114 215 0 0 0
305 0 1 0 57 131 0 0 0
306 0 1 0 89 197 0 0 0
307 0 1 0 60 166 0 0 0
308 0 1 0 45 119 0 0 0
309 0 1 0 93 222 0 0 0
310 0 1 0 71 173 0 0 0
311 0 1 0 48 142 0 0 0
312 0 1 0 100 231 0 0 0
313 0 1 0 81 170 0 0 0
314 0 1 0 121 238 0 0 0
315 0 1 0 90 179 0 0 0
316 0 1 0 132 259 0 0 0
317 0 1 0 77 178 0 0 0
318 0 1 0 111 272 0 0 0
319 0 1 0 77 188 0 0 0
320 0 1 0 126 240 0 0 0
321 0 1 0 95 173 0 0 0
322 0 1 1 141 278 0.0070922 0.00505089 0.00477327
323 0 1 0 111 205 0 0 0
324 0 1 0 154 298 0 0 0
325 0 1 1 106 232 0.00943396 0.0063768 0.00591716
326 0 1 3 158 312 0.0189873 0.0135119 0.012766
327 0 1 2 111 266 0.018018 0.0116393 0.0106101
328 0 1 2 176 323 0.0113636 0.00838827 0.00801603
329 0 1 2 124 259 0.016129 0.0111601 0.0104439
330 0 1 4 201 356 0.0199005 0.0149533 0.0143627
331 0 1 5 140 264 0.0357143 0.0260078 0.0247525
332 0 1 4 207 383 0.0193237 0.0142061 0.0135593
333 0 1 4 146 306 0.0273973 0.0189244 0.0176991
334 0 1 4 183 354 0.0218579 0.0157157 0.0148976
335 0 1 2 140 297 0.0142857 0.00980817 0.00915332
336 0 1 3 163 366 0.0184049 0.0122825 0.0113422
337 0 1 5 97 267 0.0515464 0.0310691 0.0274725
338 0 1 3 105 302 0.0285714 0.016847 0.014742
339 0 1 3 56 245 0.0535714 0.025612 0.0199336
340 0 1 1 98 286 0.0102041 0.00597316 0.00520833
341 0 1 3 76 212 0.0394737 0.0236345 0.0208333
342 0 1 2 105 273 0.0190476 0.0118128 0.010582
343 0 1 1 79 207 0.0126582 0.0078199 0.00699301
344 0 1 2 97 274 0.0206186 0.0122679 0.0107817
345 0 1 1 63 209 0.015873 0.00871478 0.00735294
346 0 1 1 99 262 0.010101 0.00620914 0.00554017
347 0 1 0 75 201 0 0 0
348 0 1 0 96 262 0 0 0
349 0 1 1 69 218 0.0144928 0.00815356 0.00696864
350 0 1 0 133 251 0 0 0
351 0 1 0 99 200 0 0 0
352 0 1 0 145 272 0 0 0
353 0 1 0 115 220 0 0 0
354 0 1 0 168 320 0 0 0
355 0 1 0 129 267 0 0 0
356 0 1 0 102 213 0 0 0
357 0 1 0 142 280 0 0 0
358 0 1 0 125 272 0 0 0
359 0 1 3 103 226 0.0291262 0.0196629 0.0182371
360 0 1 3 145 306 0.0206897 0.0142422 0.0133038
361 0 1 3 120 250 0.025 0.0173205 0.0162162
362 0 1 3 143 305 0.020979 0.0143649 0.0133929
363 0 1 1 107 252 0.00934579 0.00608987 0.00557103
364 0 1 1 152 340 0.00657895 0.00439885 0.00406504
365 0 1 2 126 279 0.015873 0.010667 0.00987654
366 0 1 1 162 332 0.00617284 0.00431195 0.00404858
367 0 1 0 123 290 0 0 0
368 0 1 0 171 323 0 0 0
369 0 1 0 137 284 0 0 0
370 0 1 0 177 350 0 0 0
371 0 1 0 144 281 0 0 0
372 0 1 1 176 305 0.00568182 0.00431612 0.004158
373 0 1 1 144 281 0.00694444 0.00497125 0.00470588
374 0 1 2 185 299 0.0108108 0.00850371 0.00826446
375 0 1 3 158 242 0.0189873 0.0153421 0.015
376 0 1 0 204 305 0 0 0
377 0 1 0 155 260 0 0 0
378 0 1 0 191 317 0 0 0
379 0 1 0 146 251 0 0 0
380 0 1 0 186 327 0 0 0
381 0 1 0 132 235 0 0 0
382 0 1 0 138 273 0 0 0
383 0 1 0 117 230 0 0 0
384 0 1 0 141 317 0 0 0
385 0 1 0 104 266 0 0 0
386 0 1 0 122 296 0 0 0
387 0 1 0 99 260 0 0 0
388 0 1 0 125 286 0 0 0
389 0 1 0 99 247 0 0 0
390 0 1 0 113 273 0 0 0
391 0 1 0 89 241 0 0 0
392 0 1 0 101 277 0 0 0
393 0 1 0 75 187 0 0 0
394 0 1 0 102 231 0 0 0
395 0 1 0 95 222 0 0 0
396 0 1 0 80 195 0 0 0
397 0 1 0 115 240 0 0 0
398 0 1 0 79 185 0 0 0
399 0 1 0 109 218 0 0 0
400 0 1 0 94 204 0 0 0
401 0 1 0 105 242 0 0 0
402 0 1 0 95 211 0 0 0
403 0 1 0 112 209 0 0 0
404 0 1 0 93 198 0 0 0
405 0 1 0 111 237 0 0 0
406 0 1 0 115 213 0 0 0
407 0 1 0 116 279 0 0 0
408 0 1 0 93 200 0 0 0
409 0 1 0 147 278 0 0 0
410 0 1 0 136 221 0 0 0
411 0 1 0 109 231 0 0 0
412 0 1 0 171 353 0 0 0
413 0 1 0 113 253 0 0 0
414 0 1 0 179 307 0 0 0
415 0 1 0 153 262 0 0 0
416 0 1 0 193 304 0 0 0
417 0 1 0 169 297 0 0 0
418 0 1 1 187 348 0.00534759 0.00392003 0.00373832
419 0 1 1 176 319 0.00568182 0.00422035 0.0040404
420 0 1 1 219 392 0.00456621 0.00341299 0.00327332
421 0 1 0 178 370 0 0 0
422 0 1 2 231 427 0.00865801 0.0063681 0.00607903
423 0 1 2 198 390 0.010101 0.00719723 0.00680272
424 0 1 5 244 503 0.0204918 0.0142722 0.0133869
425 0 1 5 238 410 0.0210084 0.0160062 0.0154321
426 0 1 4 191 373 0.0209424 0.0149861 0.0141844
427 0 1 5 255 449 0.0196078 0.0147767 0.0142045
428 0 1 6 221 419 0.0271493 0.0197173 0.01875
429 0 1 6 249 497 0.0240964 0.0170559 0.0160858
430 0 1 10 237 461 0.0421941 0.0302535 0.0286533
431 0 1 2 205 410 0.0097561 0.0068986 0.00650406
432 0 1 5 238 483 0.0210084 0.0147471 0.0138696
433 0 1 2 220 416 0.00909091 0.00661107 0.00628931
434 0 1 3 231 461 0.012987 0.00919316 0.00867052
435 0 1 1 219 417 0.00456621 0.0033091 0.00314465
436 0 1 2 242 442 0.00826446 0.00611521 0.00584795
437 0 1 0 198 408 0 0 0
438 0 1 2 239 439 0.0083682 0.00617446 0.0058997
439 0 1 3 182 403 0.0164835 0.0110773 0.0102564
440 0 1 8 213 447 0.0375587 0.0259266 0.0242424
441 0 1 3 184 403 0.0163043 0.0110169 0.0102215
442 0 1 3 216 440 0.0138889 0.00973124 0.00914634
443 0 1 6 170 391 0.0352941 0.0232722 0.0213904
444 0 1 4 156 312 0.025641 0.0181309 0.017094
445 0 1 0 152 389 0 0 0
446 0 1 1 146 364 0.00684932 0.00433783 0.00392157
447 0 1 0 164 412 0 0 0
448 0 1 0 136 340 0 0 0
449 0 1 0 143 323 0 0 0
450 0 1 0 128 331 0 0 0
451 0 1 0 104 314 0 0 0
452 0 1 0 116 345 0 0 0
453 0 1 0 102 322 0 0 0
454 0 1 0 114 367 0 0 0
455 0 1 0 68 318 0 0 0
456 0 1 0 87 384 0 0 0
457 0 1 0 60 340 0 0 0
458 0 1 0 77 380 0 0 0
459 0 1 0 66 362 0 0 0
460 0 1 0 57 345 0 0 0
461 0 1 0 112 458 0 0 0
462 0 1 0 89 443 0 0 0
463 0 1 0 75 411 0 0 0
464 0 1 0 59 386 0 0 0
465 0 1 0 96 485 0 0 0
466 0 1 2 80 450 0.025 0.0105409 0.00754717
467 0 1 1 72 428 0.0138889 0.00569655 0.004
468 0 1 2 100 519 0.02 0.00877903 0.00646204
469 0 1 1 61 501 0.0163934 0.00572027 0.00355872
470 0 1 1 42 472 0.0238095 0.00710239 0.00389105
471 0 1 1 80 501 0.0125 0.00499501 0.00344234
472 0 1 1 66 470 0.0151515 0.00567779 0.00373134
473 0 1 2 49 438 0.0408163 0.013652 0.00821355
474 0 1 0 64 505 0 0 0
475 0 1 0 51 461 0 0 0
476 0 1 0 34 428 0 0 0
477 0 1 0 65 470 0 0 0
478 0 1 0 42 459 0 0 0
479 0 1 0 36 450 0 0 0
480 0 1 0 35 393 0 0 0
481 0 1 0 76 405 0 0 0
482 0 1 0 56 355 0 0 0
483 0 1 0 44 353 0 0 0
484 0 1 0 67 361 0 0 0
485 0 1 0 49 331 0 0 0
486 0 1 0 68 321 0 0 0
487 0 1 1 51 274 0.0196078 0.0084594 0.00615385
488 0 1 1 69 273 0.0144928 0.00728608 0.00584795
489 0 1 1 47 235 0.0212766 0.00951518 0.0070922
490 0 1 0 98 294 0 0 0
491 0 1 0 87 254 0 0 0
492 0 1 0 58 190 0 0 0
493 0 1 0 126 264 0 0 0
494 0 1 1 84 235 0.0119048 0.00711748 0.00626959
495 0 1 1 68 189 0.0147059 0.00882094 0.0077821
496 0 1 1 127 226 0.00787402 0.00590261 0.00566572
497 0 1 1 95 193 0.0105263 0.00738515 0.00694444
498 0 1 4 113 233 0.0353982 0.0246515 0.0231214
499 0 1 4 106 204 0.0377358 0.0272014 0.0258065
500 0 1 4 133 253 0.0300752 0.0218059 0.0207254
501 0 1 4 99 214 0.040404 0.0274812 0.0255591
502 0 1 5 150 265 0.0333333 0.0250785 0.0240964
503 0 1 7 127 231 0.0551181 0.0408686 0.0391061
504 0 1 9 153 293 0.0588235 0.0425072 0.0403587
505 0 1 10 121 260 0.0826446 0.0563794 0.0524934
506 0 1 8 219 332 0.0365297 0.0296687 0.0290381
507 0 1 3 193 271 0.015544 0.0131177 0.012931
508 0 1 7 284 347 0.0246479 0.0222984 0.022187
509 0 1 3 243 313 0.0123457 0.0108779 0.0107914
510 0 1 5 247 266 0.0202429 0.0195066 0.0194932
511 0 1 3 374 344 0.00872093 0.00836385 0.00835655
512 0 1 2 341 315 0.00634921 0.00610236 0.00609756
513 0 1 4 301 272 0.0147059 0.0139795 0.0139616
514 0 1 1 387 361 0.00277008 0.00267541 0.0026738
515 0 1 2 334 314 0.00636943 0.00617578 0.00617284
516 0 1 2 405 398 0.00502513 0.00498151 0.00498132
517 0 1 5 354 337 0.0148368 0.0144762 0.0144718
518 0 1 2 407 403 0.00496278 0.00493833 0.00493827
519 0 1 3 350 373 0.00857143 0.00830296 0.00829876
520 0 1 5 409 393 0.0127226 0.0124713 0.0124688
521 0 1 3 281 306 0.0106762 0.0102307 0.0102215
522 0 1 3 303 356 0.00990099 0.00913429 0.0091047
523 0 1 3 231 313 0.012987 0.0111569 0.0110294
524 0 1 3 153 323 0.0196078 0.013495 0.012605
525 0 1 3 144 318 0.0208333 0.0140193 0.012987
526 0 1 0 119 320 0 0 0
527 0 1 0 84 298 0 0 0
528 0 1 0 133 313 0 0 0
529 0 1 1 100 301 0.01 0.0057639 0.00498753
530 0 1 0 196 393 0 0 0
531 0 1 0 150 314 0 0 0
532 0 1 3 297 409 0.010101 0.00860759 0.00849858
533 0 1 2 200 357 0.01 0.00748481 0.00718133
534 0 1 2 305 464 0.00655738 0.00531644 0.00520156
535 0 1 4 240 393 0.0166667 0.0130244 0.0126382
536 0 1 2 318 482 0.00628931 0.00510849 0.005
537 0 1 3 256 440 0.0117188 0.00893871 0.00862069
538 0 1 0 299 508 0 0 0
539 0 1 2 258 460 0.00775194 0.00580552 0.00557103
540 0 1 1 269 515 0.00371747 0.00268671 0.00255102
541 0 1 0 226 482 0 0 0
542 0 1 1 261 522 0.00383142 0.00270922 0.00255428
543 0 1 0 205 476 0 0 0
544 0 1 1 204 386 0.00490196 0.00356362 0.00338983
545 0 1 2 246 509 0.00813008 0.00565202 0.00529801
546 0 1 0 218 450 0 0 0
547 0 1 0 189 405 0 0 0
548 0 1 2 228 447 0.00877193 0.00626482 0.00592593
549 0 1 1 187 417 0.00534759 0.00358106 0.00331126
550 0 1 0 148 371 0 0 0
551 0 1 0 164 422 0 0 0
552 0 1 0 155 376 0 0 0
553 0 1 1 137 343 0.00729927 0.0046131 0.00416667
554 0 1 1 200 434 0.005 0.00339422 0.00315457
555 0 1 0 156 364 0 0 0
556 0 1 0 154 335 0 0 0
557 0 1 0 138 300 0 0 0
558 0 1 0 199 352 0 0 0
559 0 1 0 175 346 0 0 0
560 0 1 0 160 323 0 0 0
561 0 1 0 228 411 0 0 0
562 0 1 1 202 368 0.00495049 0.00366776 0.00350877
563 0 1 2 191 343 0.0104712 0.00781387 0.00749064
564 0 1 1 259 451 0.003861 0.00292592 0.0028169
565 0 1 2 216 409 0.00925926 0.00672886 0.0064
566 0 1 1 225 378 0.00444444 0.00342896 0.00331675
567 0 1 3 202 359 0.0148515 0.0111403 0.0106952
568 0 1 9 262 445 0.0343511 0.026358 0.0254597
569 0 1 6 223 396 0.0269058 0.0201907 0.0193861
570 0 1 6 223 386 0.0269058 0.0204506 0.0197044
571 0 1 8 204 392 0.0392157 0.0282899 0.0268456
572 0 1 5 296 515 0.0168919 0.0128062 0.0123305
573 0 1 4 245 500 0.0163265 0.0114286 0.0107383
574 0 1 0 256 479 0 0 0
575 0 1 2 220 424 0.00909091 0.00654841 0.00621118
576 0 1 0 286 512 0 0 0
577 0 1 1 253 459 0.00395257 0.0029345 0.00280899
578 0 1 3 221 435 0.0135747 0.00967566 0.00914634
579 0 1 2 209 405 0.00956938 0.00687431 0.00651466
580 0 1 2 276 493 0.00724638 0.00542191 0.00520156
581 0 1 3 253 450 0.0118577 0.00889108 0.00853485
582 0 1 3 224 396 0.0133929 0.0100728 0.00967742
583 0 1 0 205 373 0 0 0
584 0 1 2 269 441 0.00743494 0.00580677 0.0056338
585 0 1 0 249 389 0 0 0
586 0 1 0 215 346 0 0 0
587 0 1 0 200 336 0 0 0
588 0 1 0 251 438 0 0 0
589 0 1 0 233 409 0 0 0
590 0 1 0 211 394 0 0 0
591 0 1 0 197 367 0 0 0
592 0 1 0 183 322 0 0 0
593 0 1 0 228 407 0 0 0
594 0 1 0 201 380 0 0 0
595 0 1 0 190 352 0 0 0
596 0 1 0 180 347 0 0 0
597 0 1 0 244 471 0 0 0
598 0 1 1 207 424 0.00483092 0.00337545 0.00316957
599 0 1 1 189 358 0.00529101 0.00384439 0.00365631
600 0 1 1 187 329 0.00534759 0.00403164 0.00387597
601 0 1 2 226 430 0.00884956 0.00641566 0.00609756
602 0 1 4 184 367 0.0217391 0.0153928 0.0145191
603 0 1 3 167 319 0.0179641 0.0129977 0.0123457
604 0 1 2 156 307 0.0128205 0.009139 0.00863931
605 0 1 1 225 410 0.00444444 0.00329243 0.00314961
606 0 1 2 218 352 0.00917431 0.00721989 0.00701754
607 0 1 1 174 343 0.00574713 0.00409334 0.00386847
608 0 1 5 184 326 0.0271739 0.0204151 0.0196078
609 0 1 2 246 412 0.00813008 0.00628223 0.00607903
610 0 1 1 210 390 0.0047619 0.00349428 0.00333333
611 0 1 2 184 349 0.0108696 0.00789239 0.00750469
612 0 1 3 178 340 0.0168539 0.0121947 0.011583
613 0 1 4 168 299 0.0238095 0.0178472 0.0171306
614 0 1 4 265 424 0.0150943 0.0119331 0.011611
615 0 1 3 218 376 0.0137615 0.0104785 0.010101
616 0 1 5 205 330 0.0243902 0.0192237 0.0186916
617 0 1 4 262 432 0.0152672 0.0118896 0.0115274
618 0 1 1 241 396 0.00414938 0.00323701 0.00313972
619 0 1 5 221 351 0.0226244 0.0179523 0.0174825
620 0 1 2 315 415 0.00634921 0.0055316 0.00547945
621 0 1 0 258 355 0 0 0
622 0 1 1 238 335 0.00420168 0.00354152 0.0034904
623 0 1 3 224 328 0.0133929 0.0110678 0.0108696
624 0 1 2 273 396 0.00732601 0.00608277 0.00597907
625 0 1 1 221 347 0.00452489 0.0036111 0.00352113
626 0 1 1 227 330 0.00440529 0.00365368 0.00359066
627 0 1 0 184 276 0 0 0
628 0 1 0 223 363 0 0 0
629 0 1 0 196 334 0 0 0
630 0 1 0 169 303 0 0 0
631 0 1 2 235 400 0.00851064 0.00652328 0.00629921
632 0 1 1 191 359 0.0052356 0.00381888 0.00363636
633 0 1 1 183 315 0.00546448 0.00416504 0.00401606
634 0 1 1 175 300 0.00571429 0.00436436 0.00421053
635 0 1 2 237 391 0.00843882 0.00657003 0.00636943
636 0 1 2 209 345 0.00956938 0.00744813 0.00722022
637 0 1 0 192 312 0 0 0
638 0 1 0 253 384 0 0 0
639 0 1 0 208 349 0 0 0
640 0 1 1 202 308 0.00495049 0.00400912 0.00392157
641 0 1 2 192 292 0.0104167 0.00844672 0.00826446
642 0 1 0 253 318 0 0 0
643 0 1 0 235 296 0 0 0
644 0 1 1 226 270 0.00442478 0.00404822 0.00403226
645 0 1 0 288 345 0 0 0
646 0 1 2 245 317 0.00816326 0.00717658 0.00711744
647 0 1 1 255 297 0.00392157 0.00363372 0.00362319
648 0 1 0 305 370 0 0 0
649 0 1 1 269 313 0.00371747 0.00344629 0.00343643
650 0 1 2 236 272 0.00847458 0.00789386 0.00787402
651 0 1 2 222 255 0.00900901 0.00840588 0.00838574
652 0 1 0 124 155 0 0 0
653 0 1 2 208 236 0.00961538 0.00902698 0.00900901
654 0 1 2 196 226 0.0102041 0.00950272 0.00947867
655 0 1 0 245 337 0 0 0
656 0 1 1 226 304 0.00442478 0.00381513 0.00377358
657 0 1 0 138 215 0 0 0
658 0 1 0 34 29 0 0 0
659 0 1 0 45 93 0 0 0
660 0 1 0 48 98 0 0 0
661 0 1 0 33 67 0 0 0
662 0 1 0 49 119 0 0 0
663 0 1 0 53 90 0 0 0
664 0 1 0 43 124 0 0 0
665 0 1 0 44 113 0 0 0
666 0 1 0 41 156 0 0 0
667 0 1 0 50 162 0 0 0
668 0 1 0 71 232 0 0 0
669 0 1 0 52 173 0 0 0
670 0 1 0 139 282 0 0 0
671 0 1 0 105 248 0 0 0
672 0 1 0 87 190 0 0 0
673 0 1 0 183 299 0 0 0
674 0 1 0 150 256 0 0 0
675 0 1 0 127 197 0 0 0
676 0 1 0 217 280 0 0 0
677 0 1 0 176 237 0 0 0
678 0 1 0 156 207 0 0 0
679 0 1 0 235 302 0 0 0
680 0 1 0 174 228 0 0 0
681 0 1 0 194 252 0 0 0
682 0 1 0 162 235 0 0 0
683 0 1 1 183 272 0.00546448 0.00448219 0.0043956
684 0 1 0 174 235 0 0 0
685 0 1 0 197 256 0 0 0
686 0 1 0 161 219 0 0 0
687 0 1 0 177 269 0 0 0
688 0 1 0 163 231 0 0 0
689 0 1 0 178 287 0 0 0
690 0 1 0 161 235 0 0 0
691 0 1 0 206 274 0 0 0
692 0 1 0 182 234 0 0 0
693 0 1 0 190 279 0 0 0
694 0 1 0 165 232 0 0 0
695 0 1 0 201 345 0 0 0
696 0 1 1 171 289 0.00584795 0.00449835 0.00434783
697 0 1 0 143 227 0 0 0
698 0 1 1 198 318 0.00505051 0.00398523 0.00387597
699 0 1 2 159 254 0.0125786 0.0099521 0.00968523
700 0 1 1 183 310 0.00546448 0.00419849 0.0040568
701 0 1 1 152 269 0.00657895 0.00494541 0.00475059
702 0 1 2 179 307 0.0111732 0.00853167 0.00823045
703 0 1 0 140 251 0 0 0
704 0 1 0 177 307 0 0 0
705 0 1 0 139 244 0 0 0
706 0 1 2 178 302 0.011236 0.00862614 0.00833333
707 0 1 0 121 241 0 0 0
708 0 1 0 146 290 0 0 0
709 0 1 0 112 237 0 0 0
710 0 1 0 152 308 0 0 0
711 0 1 0 128 245 0 0 0
712 0 1 0 155 306 0 0 0
713 0 1 0 116 248 0 0 0
714 0 1 0 146 309 0 0 0
715 0 1 0 111 268 0 0 0
716 0 1 0 141 285 0 0 0
717 0 1 0 116 238 0 0 0
718 0 1 0 131 252 0 0 0
719 0 1 0 105 221 0 0 0
720 0 1 0 129 282 0 0 0
721 0 1 0 103 229 0 0 0
722 0 1 0 109 257 0 0 0
723 0 1 0 110 238 0 0 0
724 0 1 0 130 275 0 0 0
725 0 1 0 99 241 0 0 0
726 0 1 0 101 261 0 0 0
727 0 1 0 85 242 0 0 0
728 0 1 0 127 285 0 0 0
729 0 1 0 83 235 0 0 0
730 0 1 0 127 274 0 0 0
731 0 1 0 104 221 0 0 0
732 0 1 0 130 265 0 0 0
733 0 1 0 99 255 0 0 0
734 0 1 0 113 281 0 0 0
735 0 1 0 103 206 0 0 0
736 0 1 0 120 255 0 0 0
737 0 1 0 102 211 0 0 0
738 0 1 0 112 275 0 0 0
739 0 1 0 91 233 0 0 0
740 0 1 0 116 279 0 0 0
741 0 1 0 92 224 0 0 0
742 0 1 0 118 273 0 0 0
743 0 1 0 94 212 0 0 0
744 0 1 0 128 298 0 0 0
745 0 1 0 104 243 0 0 0
746 0 1 0 118 278 0 0 0
747 0 1 0 107 225 0 0 0
748 0 1 0 152 325 0 0 0
749 0 1 0 113 252 0 0 0
750 0 1 0 99 222 0 0 0
751 0 1 0 98 207 0 0 0
752 0 1 0 144 254 0 0 0
753 0 1 1 111 221 0.00900901 0.00638473 0.0060241
754 0 1 0 84 170 0 0 0
755 0 1 0 130 280 0 0 0
756 0 1 0 132 241 0 0 0
757 0 1 0 96 221 0 0 0
758 0 1 0 142 242 0 0 0
759 0 1 0 154 313 0 0 0
760 0 1 0 144 295 0 0 0
761 0 1 0 216 371 0 0 0
762 0 1 0 160 309 0 0 0
763 0 1 0 131 275 0 0 0
764 0 1 1 112 254 0.00892857 0.0059289 0.00546448
765 0 1 1 168 280 0.00595238 0.00461069 0.00446429
766 0 1 0 148 234 0 0 0
767 0 1 0 167 283 0 0 0
768 0 1 0 103 194 0 0 0
769 0 1 0 134 276 0 0 0
770 0 1 0 132 239 0 0 0
771 0 1 0 135 255 0 0 0
772 0 1 0 127 210 0 0 0
773 0 1 0 149 251 0 0 0
774 0 1 0 115 232 0 0 0
775 0 1 0 126 272 0 0 0
776 0 1 0 109 225 0 0 0
777 0 1 0 141 303 0 0 0
778 0 1 0 118 261 0 0 0
779 0 1 2 163 341 0.0122699 0.00848319 0.00793651
780 0 1 2 129 305 0.0155039 0.0100829 0.00921659
781 0 1 0 116 254 0 0 0
782 0 1 0 165 324 0 0 0
783 0 1 1 148 293 0.00675676 0.00480215 0.00453515
784 0 1 2 132 264 0.0151515 0.0107137 0.010101
785 0 1 4 157 316 0.0254777 0.0179584 0.0169133
786 0 1 3 151 283 0.0198676 0.0145124 0.0138249
787 0 1 3 196 347 0.0153061 0.0115035 0.0110497
788 0 1 4 173 308 0.0231214 0.0173285 0.016632
789 0 1 2 182 375 0.010989 0.00765559 0.00718133
790 0 1 5 155 338 0.0322581 0.0218447 0.020284
791 0 1 7 177 387 0.039548 0.0267458 0.0248227
792 0 1 1 165 332 0.00606061 0.00427257 0.00402414
793 0 1 2 176 366 0.0113636 0.00788013 0.00738007
794 0 1 4 177 324 0.0225989 0.0167032 0.0159681
795 0 1 4 206 409 0.0194175 0.0137805 0.0130081
796 0 1 2 189 388 0.010582 0.00738556 0.00693241
797 0 1 1 155 329 0.00645161 0.00442829 0.00413223
798 0 1 2 200 397 0.01 0.00709773 0.00670017
799 0 1 3 189 365 0.015873 0.011422 0.0108303
800 0 1 3 165 309 0.0181818 0.0132862 0.0126582
801 0 1 1 215 357 0.00465116 0.0036095 0.0034965
802 0 1 0 188 324 0 0 0
803 0 1 1 197 402 0.00507614 0.00355348 0.0033389
804 0 1 0 194 363 0 0 0
805 0 1 0 175 298 0 0 0
806 0 1 0 122 237 0 0 0
807 0 1 0 95 237 0 0 0
808 0 1 0 93 214 0 0 0
809 0 1 0 78 178 0 0 0
810 0 1 0 54 107 0 0 0
811 0 1 0 58 120 0 0 0
812 0 1 0 47 125 0 0 0
813 0 1 0 76 164 0 0 0
814 0 1 0 48 139 0 0 0
815 0 1 0 152 202 0 0 0
816 0 1 0 87 177 0 0 0
817 0 1 0 125 241 0 0 0
818 0 1 0 88 185 0 0 0
819 0 1 1 120 282 0.00833333 0.00543607 0.00497512
820 0 1 1 121 261 0.00826446 0.00562713 0.0052356
821 0 1 0 114 220 0 0 0
822 0 1 0 105 177 0 0 0
823 0 1 0 158 269 0 0 0
824 0 1 0 147 245 0 0 0
825 0 1 0 122 218 0 0 0
826 0 1 0 188 309 0 0 0
827 0 1 1 170 303 0.00588235 0.0044061 0.00422833
828 0 1 1 147 252 0.00680272 0.00519566 0.00501253
829 0 1 0 203 300 0 0 0
830 0 1 1 178 290 0.00561798 0.0044014 0.0042735
831 0 1 2 207 363 0.00966184 0.00729611 0.00701754
832 0 1 1 171 299 0.00584795 0.00442248 0.00425532
833 0 1 4 203 377 0.0197044 0.0144591 0.0137931
834 0 1 4 185 303 0.0216216 0.0168948 0.0163934
835 0 1 3 197 359 0.0152284 0.0112808 0.0107914
836 0 1 2 173 312 0.0115607 0.00860854 0.00824742
837 0 1 3 204 378 0.0147059 0.0108034 0.0103093
838 0 1 4 180 326 0.0222222 0.0165126 0.0158103
839 0 1 1 208 362 0.00480769 0.0036443 0.00350877
840 0 1 2 175 303 0.0114286 0.0086854 0.0083682
841 0 1 2 230 338 0.00869565 0.00717311 0.00704225
842 0 1 2 201 292 0.00995025 0.00825545 0.00811359
843 0 1 0 233 333 0 0 0
844 0 1 1 205 301 0.00487805 0.00402569 0.00395257
845 0 1 3 234 320 0.0128205 0.0109632 0.0108303
846 0 1 3 208 280 0.0144231 0.0124311 0.0122951
847 0 1 2 221 311 0.00904977 0.00762875 0.0075188
848 0 1 0 191 274 0 0 0
849 0 1 2 199 327 0.0100503 0.00784024 0.00760456
850 0 1 1 154 268 0.00649351 0.00492235 0.00473934
851 0 1 1 181 314 0.00552486 0.00419465 0.0040404
852 0 1 0 148 263 0 0 0
853 0 1 1 159 287 0.00628931 0.00468124 0.00448431
854 0 1 1 147 281 0.00680272 0.00492026 0.0046729
855 0 1 2 172 367 0.0116279 0.00796036 0.00742115
856 0 1 0 159 308 0 0 0
857 0 1 1 181 355 0.00552486 0.003945 0.00373134
858 0 1 0 161 326 0 0 0
859 0 1 1 191 403 0.0052356 0.00360438 0.003367
860 0 1 0 161 357 0 0 0
861 0 1 0 198 373 0 0 0
862 0 1 0 165 354 0 0 0
863 0 1 0 182 413 0 0 0
864 0 1 0 170 405 0 0 0
865 0 1 0 176 458 0 0 0
866 0 1 0 173 429 0 0 0
867 0 1 2 195 474 0.0102564 0.00657845 0.00597907
868 0 1 2 193 411 0.0103627 0.00710118 0.00662252
869 0 1 1 207 500 0.00483092 0.00310835 0.00282885
870 0 1 3 180 458 0.0166667 0.0104485 0.00940439
871 0 1 0 162 397 0 0 0
872 0 1 0 214 430 0 0 0
873 0 1 1 205 417 0.00487805 0.00342023 0.00321543
874 0 1 0 182 368 0 0 0
875 0 1 0 237 418 0 0 0
876 0 1 0 222 354 0 0 0
877 0 1 1 241 438 0.00414938 0.0030779 0.00294551
878 0 1 0 215 381 0 0 0
879 0 1 0 203 337 0 0 0
880 0 1 0 246 421 0 0 0
881 0 1 0 218 365 0 0 0
882 0 1 0 194 301 0 0 0
883 0 1 0 239 368 0 0 0
884 0 1 1 222 320 0.0045045 0.00375188 0.00369004
885 0 1 0 260 394 0 0 0
886 0 1 0 233 369 0 0 0
887 0 1 0 192 314 0 0 0
888 0 1 0 262 388 0 0 0
889 0 1 0 220 324 0 0 0
890 0 1 0 268 423 0 0 0
891 0 1 0 231 360 0 0 0
892 0 1 0 299 393 0 0 0
893 0 1 0 265 363 0 0 0
894 0 1 0 298 407 0 0 0
895 0 1 0 253 347 0 0 0
896 0 1 0 281 383 0 0 0
897 0 1 0 247 338 0 0 0
898 0 1 0 288 383 0 0 0
899 0 1 0 232 319 0 0 0
900 0 1 0 273 361 0 0 0
901 0 1 0 241 316 0 0 0
902 0 1 0 253 368 0 0 0
903 0 1 0 221 330 0 0 0
904 0 1 0 242 394 0 0 0
905 0 1 0 229 351 0 0 0
906 0 1 0 263 358 0 0 0
907 0 1 0 222 330 0 0 0
908 0 1 0 250 339 0 0 0
909 0 1 0 208 300 0 0 0
910 0 1 0 248 361 0 0 0
911 0 1 0 211 316 0 0 0
912 0 1 0 168 264 0 0 0
913 0 1 0 220 329 0 0 0
914 0 1 0 187 305 0 0 0
915 0 1 0 210 383 0 0 0
916 0 1 1 174 348 0.00574713 0.00406383 0.00383142
917 0 1 0 204 413 0 0 0
918 0 1 1 191 372 0.0052356 0.00375156 0.0035524
919 0 1 0 232 407 0 0 0
920 0 1 0 198 359 0 0 0
921 0 1 0 230 408 0 0 0
922 0 1 0 186 332 0 0 0
923 0 1 0 217 381 0 0 0
924 0 1 1 180 350 0.00555556 0.0039841 0.00377358
925 0 1 1 239 379 0.0041841 0.00332263 0.00323625
926 0 1 0 218 336 0 0 0
927 0 1 1 265 429 0.00377358 0.00296584 0.00288184
928 0 1 2 221 365 0.00904977 0.00704186 0.00682594
929 0 1 2 272 406 0.00735294 0.00601842 0.0058997
930 0 1 0 228 353 0 0 0
931 0 1 0 296 406 0 0 0
932 0 1 0 240 346 0 0 0
933 0 1 0 279 392 0 0 0
934 0 1 0 230 336 0 0 0
935 0 1 0 271 384 0 0 0
936 0 1 0 228 341 0 0 0
937 0 1 0 259 421 0 0 0
938 0 1 0 230 354 0 0 0
939 0 1 1 264 433 0.00378788 0.0029577 0.00286944
940 0 1 0 240 383 0 0 0
941 0 1 0 246 425 0 0 0
942 0 1 1 220 376 0.00454545 0.00347692 0.0033557
943 0 1 0 168 302 0 0 0
944 0 1 3 244 449 0.0122951 0.00906365 0.00865801
945 0 1 0 222 381 0 0 0
946 0 1 2 184 317 0.0108696 0.00828117 0.00798403
947 0 1 2 277 388 0.00722022 0.00610062 0.00601504
948 0 1 0 237 347 0 0 0
949 0 1 0 278 397 0 0 0
950 0 1 0 218 364 0 0 0
951 0 1 0 235 439 0 0 0
952 0 1 0 171 392 0 0 0
953 0 1 0 211 446 0 0 0
954 0 1 0 180 393 0 0 0
955 0 1 0 238 479 0 0 0
956 0 1 0 192 426 0 0 0
957 0 1 0 246 505 0 0 0
958 0 1 0 191 435 0 0 0
959 0 1 0 269 553 0 0 0
960 0 1 0 229 493 0 0 0
961 0 1 0 184 400 0 0 0
962 0 1 0 234 472 0 0 0
963 0 1 0 182 418 0 0 0
964 0 1 0 229 530 0 0 0
965 0 1 0 193 468 0 0 0
966 0 1 0 158 386 0 0 0
967 0 1 0 208 432 0 0 0
968 0 1 0 179 403 0 0 0
969 0 1 0 258 438 0 0 0
970 0 1 0 208 408 0 0 0
971 0 1 0 233 453 0 0 0
972 0 1 0 220 409 0 0 0
973 0 1 0 278 471 0 0 0
974 0 1 0 245 383 0 0 0
975 0 1 0 312 458 0 0 0
976 0 1 0 250 401 0 0 0
977 0 1 0 283 433 0 0 0
978 0 1 0 228 348 0 0 0
979 0 1 0 302 421 0 0 0
980 0 1 0 256 347 0 0 0
981 0 1 0 311 376 0 0 0
982 0 1 0 256 350 0 0 0
983 0 1 0 289 392 0 0 0
984 0 1 0 257 360 0 0 0
985 0 1 1 253 385 0.00395257 0.00320412 0.0031348
986 0 1 0 189 319 0 0 0
987 0 1 2 251 350 0.00796813 0.00674775 0.00665557
988 0 1 0 199 291 0 0 0
989 0 1 0 220 320 0 0 0
990 0 1 0 202 285 0 0 0
991 0 1 0 234 339 0 0 0
992 0 1 0 197 304 0 0 0
993 0 1 0 278 364 0 0 0
994 0 1 0 227 311 0 0 0
995 0 1 1 266 368 0.0037594 0.00319621 0.00315457
996 0 1 1 237 323 0.00421941 0.0036143 0.00357143
997 0 1 2 268 391 0.00746269 0.00617837 0.0060698
998 0 1 0 242 324 0 0 0
999 0 1 1 274 356 0.00364964 0.00320184 0.0031746
1000 0 1 1 256 317 0.00390625 0.00351035 0.0034904
1001 0 1 0 226 261 0 0 0
1002 0 1 0 274 367 0 0 0
1003 0 1 0 265 338 0 0 0
1004 0 1 0 226 292 0 0 0
1005 0 1 0 260 395 0 0 0
1006 0 1 0 245 392 0 0 0
1007 0 1 0 227 354 0 0 0
1008 0 1 2 213 333 0.00938967 0.00750962 0.00732601
1009 0 1 2 272 419 0.00735294 0.00592432 0.00578871
1010 0 1 3 248 384 0.0120968 0.00972142 0.00949367
1011 0 1 0 223 339 0 0 0
1012 0 1 1 306 481 0.00326797 0.00260655 0.0025413
1013 0 1 2 266 464 0.0075188 0.00569286 0.00547945
1014 0 1 3 247 448 0.0121457 0.00901849 0.00863309
1015 0 1 0 207 390 0 0 0
1016 0 1 2 282 516 0.0070922 0.00524301 0.00501253
1017 0 1 0 261 505 0 0 0
1018 0 1 3 253 447 0.0118577 0.00892087 0.00857143
1019 0 1 1 217 413 0.00460829 0.00334037 0.0031746
1020 0 1 5 286 545 0.0174825 0.0126645 0.0120337
1021 0 1 5 274 499 0.0182482 0.0135221 0.0129366
1022 0 1 5 246 476 0.0203252 0.0146116 0.0138504
1023 0 1 4 239 420 0.0167364 0.0126251 0.0121396
1024 0 1 4 286 539 0.013986 0.0101879 0.00969697
1025 0 1 1 276 497 0.00362319 0.00270002 0.00258732
1026 0 1 5 268 448 0.0186567 0.0144299 0.0139665
1027 0 1 1 363 588 0.00275482 0.0021645 0.00210305
1028 0 1 1 328 558 0.00304878 0.00233747 0.00225734
1029 0 1 3 304 508 0.00986842 0.00763401 0.00738916
1030 0 1 0 272 427 0 0 0
1031 0 1 1 377 547 0.00265252 0.00220209 0.0021645
1032 0 1 1 356 523 0.00280899 0.00231752 0.00227531
1033 0 1 2 329 478 0.00607903 0.00504334 0.00495663
1034 0 1 1 312 424 0.00320513 0.00274941 0.00271739
1035 0 1 4 397 523 0.0100756 0.00877837 0.00869565
1036 0 1 2 387 488 0.00516796 0.00460219 0.00457143
1037 0 1 0 352 434 0 0 0
1038 0 1 0 398 524 0 0 0
1039 0 1 1 366 467 0.00273224 0.00241881 0.00240096
1040 0 1 0 360 431 0 0 0
1041 0 1 1 455 504 0.0021978 0.00208823 0.00208551
1042 0 1 3 399 452 0.0075188 0.00706424 0.00705053
1043 0 1 1 376 425 0.00265957 0.00250156 0.00249688
1044 0 1 3 426 532 0.00704225 0.00630174 0.00626305
1045 0 1 1 382 482 0.0026178 0.00233048 0.00231481
1046 0 1 1 358 437 0.0027933 0.00252824 0.00251572
1047 0 1 3 439 536 0.00683371 0.00618453 0.00615385
1048 0 1 3 396 455 0.00757576 0.00706754 0.00705053
1049 0 1 1 377 454 0.00265252 0.00241714 0.00240674
1050 0 1 1 446 536 0.00224215 0.00204527 0.00203666
1051 0 1 1 372 464 0.00268817 0.00240696 0.00239234
1052 0 1 2 363 456 0.00550964 0.0049158 0.00488401
1053 0 1 3 413 554 0.00726392 0.00627179 0.00620476
1054 0 1 2 379 507 0.00527705 0.00456254 0.00451467
1055 0 1 2 368 460 0.00543478 0.00486102 0.00483092
1056 0 1 1 345 507 0.00289855 0.00239104 0.00234742
1057 0 1 1 234 384 0.0042735 0.003336 0.00323625
1058 0 1 0 224 356 0 0 0
1059 0 1 1 179 339 0.00558659 0.00405951 0.003861
1060 0 1 1 122 266 0.00819672 0.0055511 0.00515464
1061 0 1 3 140 281 0.0214286 0.0151253 0.0142518
1062 0 1 2 184 338 0.0108696 0.00801979 0.00766284
1063 0 1 0 169 344 0 0 0
1064 0 1 0 151 295 0 0 0
1065 0 1 2 261 393 0.00766284 0.00624473 0.00611621
1066 0 1 0 238 358 0 0 0
1067 0 1 1 188 282 0.00531915 0.00434307 0.00425532
1068 0 1 1 272 386 0.00367647 0.00308618 0.00303951
1069 0 1 1 212 339 0.00471698 0.0037302 0.00362976
1070 0 1 1 227 368 0.00440529 0.0034599 0.00336134
1071 0 1 0 218 341 0 0 0
1072 0 1 0 228 374 0 0 0
1073 0 1 0 160 271 0 0 0
1074 0 1 0 160 261 0 0 0
1075 0 1 0 197 319 0 0 0
1076 0 1 0 172 286 0 0 0
1077 0 1 0 178 262 0 0 0
1078 0 1 0 295 379 0 0 0
1079 0 1 1 255 369 0.00392157 0.00325999 0.00320513
1080 0 1 1 271 368 0.00369004 0.00316659 0.00312989
1081 0 1 1 229 331 0.00436681 0.00363219 0.00357143
1082 0 1 1 370 433 0.0027027 0.00249836 0.00249066
1083 0 1 1 328 389 0.00304878 0.00279955 0.0027894
1084 0 1 1 296 358 0.00337838 0.00307194 0.0030581
1085 0 1 2 398 459 0.00502513 0.00467931 0.00466744
1086 0 1 1 351 395 0.002849 0.00268564 0.00268097
1087 0 1 2 322 401 0.00621118 0.00556583 0.0055325
1088 0 1 3 457 472 0.00656455 0.0064594 0.00645856
1089 0 1 1 396 433 0.00252525 0.00241495 0.00241255
1090 0 1 3 366 417 0.00819672 0.00767914 0.00766284
1091 0 1 4 477 508 0.00838574 0.00812585 0.00812183
1092 0 1 3 409 476 0.00733496 0.00679917 0.00677966
1093 0 1 1 500 509 0.002 0.00198224 0.00198216
1094 0 1 3 434 436 0.00691244 0.00689657 0.00689655
1095 0 1 1 487 520 0.00205339 0.00198716 0.0019861
1096 0 1 0 433 471 0 0 0
1097 0 1 2 392 422 0.00510204 0.00491735 0.004914
1098 0 1 0 433 463 0 0 0
1099 0 1 0 408 386 0 0 0
1100 0 1 3 387 356 0.00842697 0.00808241 0.00807537
1101 0 1 5 434 413 0.0121065 0.01181 0.0118064
1102 0 1 2 386 361 0.00554017 0.00535775 0.00535475
1103 0 1 1 311 332 0.00321543 0.00311208 0.00311042
1104 0 1 2 378 391 0.00529101 0.0052023 0.00520156
1105 0 1 2 333 349 0.00600601 0.00586672 0.0058651
1106 0 1 0 288 307 0 0 0
1107 0 1 1 358 368 0.0027933 0.00275508 0.00275482
1108 0 1 0 328 335 0 0 0
1109 0 1 2 302 297 0.00673401 0.00667803 0.0066778
1110 0 1 0 340 353 0 0 0
1111 0 1 2 288 308 0.00694444 0.00671519 0.00671141
1112 0 1 1 254 275 0.00393701 0.0037837 0.00378072
1113 0 1 2 292 359 0.00684932 0.0061772 0.00614439
1114 0 1 0 248 286 0 0 0
1115 0 1 0 312 361 0 0 0
1116 0 1 0 236 316 0 0 0
1117 0 1 0 204 270 0 0 0
1118 0 1 0 274 342 0 0 0
1119 0 1 0 225 305 0 0 0
1120 0 1 0 259 368 0 0 0
1121 0 1 0 234 301 0 0 0
1122 0 1 0 261 344 0 0 0
1123 0 1 0 233 306 0 0 0
1124 0 1 0 196 258 0 0 0
1125 0 1 0 245 316 0 0 0
1126 0 1 0 237 276 0 0 0
1127 0 1 0 247 351 0 0 0
1128 0 1 0 234 330 0 0 0
1129 0 1 2 205 300 0.0097561 0.00806478 0.00792079
1130 0 1 1 261 372 0.00383142 0.00320928 0.00315956
1131 0 1 0 217 346 0 0 0
1132 0 1 0 264 391 0 0 0
1133 0 1 1 246 345 0.00406504 0.0034326 0.00338409
1134 0 1 0 211 311 0 0 0
1135 0 1 1 250 397 0.004 0.0031742 0.00309119
1136 0 1 0 222 357 0 0 0
1137 0 1 1 201 342 0.00497512 0.00381407 0.00368324
1138 0 1 1 282 418 0.0035461 0.00291264 0.00285714
1139 0 1 2 228 376 0.00877193 0.00683075 0.00662252
1140 0 1 3 216 306 0.0138889 0.011669 0.0114943
1141 0 1 3 293 444 0.0102389 0.00831756 0.00814111
1142 0 1 5 257 406 0.0194553 0.0154789 0.015083
1143 0 1 5 241 372 0.0207469 0.016699 0.0163132
1144 0 1 5 223 304 0.0224215 0.0192035 0.0189753
1145 0 1 5 268 377 0.0186567 0.0157301 0.0155039
1146 0 1 5 260 348 0.0192308 0.0166224 0.0164474
1147 0 1 3 125 230 0.024 0.017693 0.0169014
1148 0 1 2 72 201 0.0277778 0.0166252 0.014652
1149 0 1 3 80 173 0.0375 0.0255008 0.0237154
1150 0 1 2 71 177 0.028169 0.0178408 0.016129
1151 0 1 4 66 170 0.0606061 0.0377627 0.0338983
1152 0 1 4 109 255 0.0366972 0.0239926 0.021978
1153 0 1 0 96 218 0 0 0
1154 0 1 5 91 179 0.0549451 0.0391762 0.037037
1155 0 1 5 180 301 0.0277778 0.0214808 0.02079
1156 0 1 2 142 241 0.0140845 0.0108113 0.0104439
1157 0 1 0 123 213 0 0 0
1158 0 1 2 174 291 0.0114943 0.0088881 0.00860215
1159 0 1 0 150 239 0 0 0
1160 0 1 0 185 268 0 0 0
1161 0 1 0 143 259 0 0 0
1162 0 1 1 174 298 0.00574713 0.00439154 0.00423729
1163 0 1 2 167 273 0.011976 0.00936678 0.00909091
1164 0 1 1 230 376 0.00434783 0.0034005 0.00330033
1165 0 1 1 192 347 0.00520833 0.00387422 0.00371058
1166 0 1 1 179 309 0.00558659 0.00425201 0.00409836
1167 0 1 1 215 377 0.00465116 0.00351245 0.00337838
1168 0 1 1 192 327 0.00520833 0.00399094 0.00385356
1169 0 1 3 224 409 0.0133929 0.00991141 0.00947867
1170 0 1 2 193 369 0.0103627 0.00749442 0.00711744
1171 0 1 0 257 435 0 0 0
1172 0 1 0 217 401 0 0 0
1173 0 1 1 272 413 0.00367647 0.0029836 0.00291971
1174 0 1 1 235 380 0.00425532 0.00334637 0.00325203
1175 0 1 1 279 457 0.00358423 0.00280053 0.00271739
1176 0 1 0 247 424 0 0 0
1177 0 1 0 300 464 0 0 0
1178 0 1 0 244 419 0 0 0
1179 0 1 0 244 365 0 0 0
1180 0 1 0 312 465 0 0 0
1181 0 1 0 294 428 0 0 0
1182 0 1 0 256 379 0 0 0
1183 0 1 0 346 472 0 0 0
1184 0 1 0 304 437 0 0 0
1185 0 1 0 262 376 0 0 0
1186 0 1 0 342 490 0 0 0
1187 0 1 0 297 454 0 0 0
1188 0 1 1 266 422 0.0037594 0.00298472 0.00290698
1189 0 1 0 325 503 0 0 0
1190 0 1 0 294 477 0 0 0
1191 0 1 0 288 407 0 0 0
1192 0 1 1 352 507 0.00284091 0.00236714 0.00232829
1193 0 1 2 335 461 0.00597015 0.00508929 0.00502513
1194 0 1 1 295 423 0.00338983 0.00283086 0.00278552
1195 0 1 2 323 551 0.00619195 0.00474081 0.00457666
1196 0 1 1 292 460 0.00342466 0.00272854 0.00265957
1197 0 1 2 278 402 0.00719424 0.00598266 0.00588235
1198 0 1 0 335 525 0 0 0
1199 0 1 0 304 496 0 0 0
1200 0 1 0 265 448 0 0 0
1201 0 1 0 305 551 0 0 0
1202 0 1 0 288 492 0 0 0
1203 0 1 0 266 447 0 0 0
1204 0 1 0 315 511 0 0 0
1205 0 1 0 303 505 0 0 0
1206 0 1 0 286 492 0 0 0
1207 0 1 0 259 429 0 0 0
1208 0 1 0 354 507 0 0 0
1209 0 1 0 345 478 0 0 0
1210 0 1 0 302 463 0 0 0
1211 0 1 0 385 546 0 0 0
1212 0 1 0 351 531 0 0 0
1213 0 1 0 348 476 0 0 0
1214 0 1 1 311 449 0.00321543 0.00267606 0.00263158
1215 0 1 3 392 567 0.00765306 0.00636336 0.00625652
1216 0 1 3 387 541 0.00775194 0.00655643 0.00646552
1217 0 1 5 357 507 0.0140056 0.0117525 0.0115741
1218 0 1 3 315 445 0.00952381 0.00801283 0.00789474
1219 0 1 6 392 522 0.0153061 0.013264 0.0131291
1220 0 1 2 378 452 0.00529101 0.00483855 0.00481928
1221 0 1 2 367 414 0.00544959 0.00513094 0.00512164
1222 0 1 2 429 531 0.004662 0.00419039 0.00416667
1223 0 1 3 423 487 0.0070922 0.00660977 0.00659341
1224 0 1 2 357 460 0.00560224 0.00493534 0.00489596
1225 0 1 3 422 553 0.007109 0.00621016 0.00615385
1226 0 1 4 310 429 0.0129032 0.0109686 0.0108254
1227 0 1 2 284 413 0.00704225 0.00583977 0.00573888
1228 0 1 2 304 486 0.00657895 0.00520325 0.00506329
1229 0 1 2 241 446 0.00829876 0.00610034 0.00582242
1230 0 1 3 282 470 0.0106383 0.00824039 0.00797872
1231 0 1 0 265 463 0 0 0
1232 0 1 0 231 410 0 0 0
1233 0 1 0 302 501 0 0 0
1234 0 1 2 276 453 0.00724638 0.00565622 0.00548697
1235 0 1 0 218 420 0 0 0
1236 0 1 2 268 531 0.00746269 0.0053017 0.00500626
1237 0 1 0 221 499 0 0 0
1238 0 1 0 139 450 0 0 0
1239 0 1 1 168 516 0.00595238 0.00339641 0.00292398
1240 0 1 0 155 483 0 0 0
1241 0 1 0 156 461 0 0 0
1242 0 1 0 201 539 0 0 0
1243 0 1 0 197 500 0 0 0
1244 0 1 0 173 479 0 0 0
1245 0 1 0 277 557 0 0 0
1246 0 1 1 245 549 0.00408163 0.00272666 0.00251889
1247 0 1 1 219 478 0.00456621 0.00309075 0.00286944
1248 0 1 0 305 581 0 0 0
1249 0 1 2 282 549 0.0070922 0.00508299 0.00481348
1250 0 1 3 245 500 0.0122449 0.00857143 0.00805369
1251 0 1 2 335 617 0.00597015 0.00439911 0.00420168
1252 0 1 1 328 549 0.00304878 0.00235655 0.0022805
1253 0 1 2 286 502 0.00699301 0.00527831 0.00507614
1254 0 1 2 381 603 0.00524934 0.00417262 0.00406504
1255 0 1 0 326 577 0 0 0
1256 0 1 0 290 547 0 0 0
1257 0 1 0 364 606 0 0 0
1258 0 1 0 334 582 0 0 0
1259 0 1 0 304 524 0 0 0
1260 0 1 0 352 615 0 0 0
1261 0 1 0 297 544 0 0 0
1262 0 1 0 375 629 0 0 0
1263 0 1 0 316 592 0 0 0
1264 0 1 1 263 530 0.00380228 0.00267845 0.00252207
1265 0 1 1 299 607 0.00334448 0.00234731 0.00220751
1266 0 1 2 264 580 0.00757576 0.0051111 0.00473934
1267 0 1 4 231 522 0.017316 0.0115191 0.0106242
1268 0 1 1 264 658 0.00378788 0.0023993 0.0021692
1269 0 1 2 243 632 0.00823045 0.0051035 0.00457143
1270 0 1 1 219 589 0.00456621 0.00278433 0.00247525
1271 0 1 1 209 562 0.00478469 0.00291782 0.00259403
1272 0 1 1 256 650 0.00390625 0.00245145 0.00220751
1273 0 1 1 235 618 0.00425532 0.00262405 0.00234467
1274 0 1 2 216 563 0.00925926 0.0057352 0.00513479
1275 0 1 1 267 661 0.00374532 0.00238037 0.00215517
1276 0 1 2 252 616 0.00793651 0.00507621 0.00460829
1277 0 1 2 230 582 0.00869565 0.00546644 0.00492611
1278 0 1 3 210 534 0.0142857 0.00895862 0.00806452
1279 0 1 1 270 658 0.0037037 0.00237249 0.00215517
1280 0 1 0 245 607 0 0 0
1281 0 1 1 232 583 0.00431034 0.00271908 0.00245399
1282 0 1 1 214 560 0.0046729 0.00288868 0.00258398
1283 0 1 1 258 661 0.00387597 0.00242153 0.00217628
1284 0 1 1 225 585 0.00444444 0.00275633 0.00246914
1285 0 1 0 209 525 0 0 0
1286 0 1 1 267 573 0.00374532 0.00255663 0.00238095
1287 0 1 1 255 544 0.00392157 0.00268491 0.00250313
1288 0 1 2 238 531 0.00840336 0.00562593 0.00520156
1289 0 1 3 219 473 0.0136986 0.00932113 0.00867052
1290 0 1 5 292 542 0.0171233 0.0125684 0.0119904
1291 0 1 3 265 522 0.0113208 0.00806609 0.00762389
1292 0 1 4 250 457 0.016 0.011834 0.0113154
1293 0 1 5 245 459 0.0204082 0.0149101 0.0142045
1294 0 1 5 227 443 0.0220264 0.0157672 0.0149254
1295 0 1 7 439 571 0.0159453 0.0139813 0.0138614
1296 0 1 3 420 535 0.00714286 0.00632878 0.00628272
1297 0 1 2 398 485 0.00502513 0.00455216 0.00453001
1298 0 1 4 397 466 0.0100756 0.00929976 0.00926999
1299 0 1 5 375 466 0.0133333 0.0119608 0.0118906
1300 0 1 0 335 428 0 0 0
1301 0 1 0 511 602 0 0 0
1302 0 1 1 496 598 0.00201613 0.00183615 0.00182815
1303 0 1 0 473 569 0 0 0
1304 0 1 0 444 518 0 0 0
1305 0 1 1 432 481 0.00231481 0.00219374 0.00219058
1306 0 1 2 395 480 0.00506329 0.00459315 0.00457143
1307 0 1 1 390 479 0.0025641 0.00231366 0.0023015
1308 0 1 0 364 425 0 0 0
1309 0 1 0 574 640 0 0 0
1310 0 1 1 547 589 0.00182815 0.00176177 0.00176056
1311 0 1 1 520 548 0.00192308 0.0018733 0.00187266
1312 0 1 0 504 556 0 0 0
1313 0 1 1 496 523 0.00201613 0.0019634 0.00196271
1314 0 1 2 464 505 0.00431034 0.00413167 0.00412797
1315 0 1 1 441 490 0.00226757 0.00215121 0.00214823
1316 0 1 2 434 475 0.00460829 0.00440492 0.00440044
1317 0 1 2 430 455 0.00465116 0.00452158 0.00451977
1318 0 1 2 589 657 0.00339559 0.00321506 0.00321027
1319 0 1 5 577 640 0.00866551 0.00822796 0.00821693
1320 0 1 2 546 577 0.003663 0.00356325 0.00356189
1321 0 1 1 530 558 0.00188679 0.00183884 0.00183824
1322 0 1 3 525 520 0.00576923 0.00574169 0.00574163
1323 0 1 3 519 503 0.00596421 0.00587156 0.00587084
1324 0 1 1 485 501 0.00206186 0.00202866 0.0020284
1325 0 1 3 484 482 0.00622407 0.00621119 0.00621118
1326 0 1 5 472 494 0.0105932 0.0103547 0.010352
1327 0 1 6 456 494 0.0131579 0.0126417 0.0126316
1328 0 1 3 449 502 0.00668151 0.00631897 0.00630915
1329 0 1 2 428 484 0.0046729 0.00439426 0.00438596
1330 0 1 6 546 689 0.010989 0.0097824 0.0097166
1331 0 1 5 523 658 0.00956023 0.00852327 0.0084674
1332 0 1 5 522 671 0.00957854 0.00844838 0.00838223
1333 0 1 4 512 651 0.0078125 0.00692842 0.00687876
1334 0 1 3 502 641 0.0059761 0.0052886 0.00524934
1335 0 1 2 492 615 0.00406504 0.00363588 0.00361337
1336 0 1 5 487 584 0.0102669 0.0093756 0.00933707
1337 0 1 7 494 585 0.01417 0.0130214 0.012975
1338 0 1 6 489 569 0.0122699 0.0113747 0.0113422
1339 0 1 6 483 565 0.0124224 0.0114856 0.0114504
1340 0 1 7 491 562 0.0142566 0.0133257 0.0132953
1341 0 1 6 468 557 0.0128205 0.0117517 0.0117073
1342 0 1 4 487 566 0.00821355 0.00761881 0.00759734
1343 0 1 7 473 571 0.0147992 0.0134694 0.01341
1344 0 1 6 474 568 0.0126582 0.0115635 0.0115163
1345 0 1 3 475 560 0.00631579 0.00581675 0.0057971
1346 0 1 6 470 548 0.012766 0.0118226 0.0117878
1347 0 1 8 462 541 0.017316 0.0160019 0.0159521
1348 0 1 6 463 539 0.012959 0.0120106 0.011976
1349 0 1 7 446 518 0.0156951 0.0145635 0.0145228
1350 0 1 7 436 522 0.016055 0.014673 0.0146138
1351 0 1 5 450 510 0.0111111 0.0104371 0.0104167
1352 0 1 7 426 510 0.0164319 0.0150179 0.0149573
1353 0 1 4 553 735 0.00723327 0.00627413 0.00621118
1354 0 1 3 535 711 0.00560748 0.00486418 0.00481541
1355 0 1 3 538 700 0.00557621 0.00488856 0.00484653
1356 0 1 3 527 670 0.0056926 0.00504869 0.00501253
1357 0 1 6 507 656 0.0118343 0.0104039 0.0103181
1358 0 1 5 506 640 0.00988142 0.00878628 0.008726
1359 0 1 9 493 606 0.0182556 0.0164658 0.0163785
1360 0 1 8 489 583 0.0163599 0.0149831 0.0149254
1361 0 1 6 481 566 0.012474 0.0114993 0.0114613
1362 0 1 5 463 575 0.0107991 0.00969049 0.00963391
1363 0 1 7 457 569 0.0153173 0.0137273 0.0136452
1364 0 1 9 456 565 0.0197368 0.0177311 0.0176298
1365 0 1 6 452 565 0.0132743 0.0118729 0.0117994
1366 0 1 6 427 564 0.0140515 0.0122264 0.012109
1367 0 1 7 413 559 0.0169492 0.0145686 0.0144033
1368 0 1 6 396 526 0.0151515 0.0131465 0.0130152
1369 0 1 5 526 703 0.0095057 0.00822242 0.0081367
1370 0 1 6 492 677 0.0121951 0.0103962 0.0102652
1371 0 1 3 487 643 0.00616016 0.00536107 0.00530973
1372 0 1 3 472 635 0.00635593 0.00547978 0.00542005
1373 0 1 3 470 632 0.00638298 0.00550445 0.00544465
1374 0 1 3 464 633 0.00646552 0.00553555 0.00546946
1375 0 1 4 437 591 0.00915332 0.00787092 0.0077821
1376 0 1 4 434 603 0.00921659 0.00781909 0.00771456
1377 0 1 7 410 580 0.0170732 0.0143546 0.0141414
1378 0 1 4 395 542 0.0101266 0.00864494 0.00853789
1379 0 1 7 524 685 0.0133588 0.0116839 0.0115798
1380 0 1 0 51 133 0 0 0
1381 0 1 4 468 625 0.00854701 0.007396 0.0073193
1382 0 1 5 412 589 0.0121359 0.0101499 0.00999001
1383 0 1 3 467 669 0.00642398 0.00536722 0.00528169
1384 0 1 1 446 643 0.00224215 0.00186736 0.00183655
1385 0 1 0 28 46 0 0 0
1386 0 1 0 91 112 0 0 0
1387 0 1 0 243 421 0 0 0
1388 0 1 3 362 579 0.00828729 0.00655281 0.0063762
1389 0 1 1 351 574 0.002849 0.00222787 0.00216216
1390 0 1 0 7 16 0 0 0
1391 0 1 0 68 95 0 0 0
1392 0 1 0 39 79 0 0 0
1393 0 1 0 32 62 0 0 0
1394 0 1 0 26 56 0 0 0
1395 0 1 0 22 39 0 0 0
1396 0 1 0 21 25 0 0 0
1397 0 1 0 22 30 0 0 0
1398 0 1 0 20 34 0 0 0
1399 0 1 0 17 24 0 0 0
3 0 1 0 24 101 0 0 0
4 0 1 0 195 218 0 0 0
5 0 1 0 240 338 0 0 0
6 0 1 0 217 277 0 0 0
7 0 1 0 165 189 0 0 0
8 0 1 0 332 335 0 0 0
9 0 1 0 254 278 0 0 0
10 0 1 0 315 431 0 0 0
11 0 1 0 250 393 0 0 0
12 0 1 0 223 319 0 0 0
13 0 1 0 355 458 0 0 0
14 0 1 1 274 408 0.00364964 0.00299085 0.00293255
15 0 1 2 185 329 0.0108108 0.00810674 0.0077821
16 0 1 4 243 361 0.0164609 0.0135053 0.013245
17 0 1 0 202 308 0 0 0
18 0 1 3 281 451 0.0106762 0.00842713 0.00819672
19 0 1 2 225 378 0.00888889 0.00685793 0.0066335
20 0 1 2 193 336 0.0103627 0.00785383 0.00756144
21 0 1 4 257 414 0.0155642 0.0122629 0.0119225
22 0 1 4 227 384 0.0176211 0.0135482 0.0130933
23 0 1 1 267 442 0.00374532 0.00291094 0.00282087
24 0 1 4 239 407 0.0167364 0.0128252 0.0123839
25 0 1 4 267 500 0.0149813 0.0109476 0.0104302
26 0 1 5 236 416 0.0211864 0.0159576 0.0153374
27 0 1 2 192 344 0.0104167 0.00778216 0.00746269
28 0 1 4 247 465 0.0161943 0.0118028 0.011236
29 0 1 4 195 386 0.0205128 0.0145797 0.0137694
30 0 1 4 166 330 0.0240964 0.0170903 0.016129
31 0 1 1 211 382 0.00473934 0.00352231 0.00337268
32 0 1 1 184 372 0.00543478 0.00382225 0.00359712
33 0 1 0 218 412 0 0 0
34 0 1 0 165 349 0 0 0
35 0 1 0 134 301 0 0 0
36 0 1 0 192 376 0 0 0
37 0 1 0 158 316 0 0 0
38 0 1 0 126 287 0 0 0
39 0 1 0 174 356 0 0 0
40 0 1 0 129 289 0 0 0
41 0 1 0 104 221 0 0 0
42 0 1 0 129 329 0 0 0
43 0 1 0 104 265 0 0 0
44 0 1 0 82 221 0 0 0
45 0 1 0 72 200 0 0 0
46 0 1 0 123 308 0 0 0
47 0 1 0 97 268 0 0 0
48 0 1 0 95 214 0 0 0
49 0 1 1 66 195 0.0151515 0.00881477 0.00766284
50 0 1 0 134 324 0 0 0
51 0 1 0 100 282 0 0 0
52 0 1 0 88 261 0 0 0
53 0 1 0 76 233 0 0 0
54 0 1 1 67 196 0.0149254 0.00872639 0.00760456
55 0 1 1 124 310 0.00806452 0.00510045 0.00460829
56 0 1 2 117 269 0.017094 0.0112736 0.0103627
57 0 1 1 89 251 0.011236 0.00669065 0.00588235
58 0 1 0 88 196 0 0 0
59 0 1 0 154 321 0 0 0
60 0 1 1 133 299 0.0075188 0.00501463 0.00462963
61 0 1 0 127 271 0 0 0
62 0 1 0 104 244 0 0 0
63 0 1 1 95 216 0.0105263 0.0069809 0.00643087
64 0 1 0 181 332 0 0 0
65 0 1 1 159 301 0.00628931 0.00457107 0.00434783
66 0 1 1 154 268 0.00649351 0.00492235 0.00473934
67 0 1 0 146 264 0 0 0
68 0 1 4 146 234 0.0273973 0.0216409 0.0210526
69 0 1 4 128 200 0.03125 0.025 0.0243902
70 0 1 2 241 299 0.00829876 0.00745051 0.00740741
71 0 1 0 176 269 0 0 0
72 0 1 2 172 226 0.0116279 0.0101441 0.0100503
73 0 1 3 159 218 0.0188679 0.0161137 0.0159151
74 0 1 3 134 177 0.0223881 0.0194797 0.0192926
75 0 1 5 208 231 0.0240385 0.0228104 0.022779
76 0 1 5 178 224 0.0280899 0.0250401 0.0248756
77 0 1 1 173 201 0.00578035 0.00536264 0.00534759
78 0 1 1 147 192 0.00680272 0.00595238 0.0058997
79 0 1 2 261 360 0.00766284 0.00652467 0.00644122
80 0 1 5 210 316 0.0238095 0.0194096 0.0190114
81 0 1 4 205 285 0.0195122 0.0165486 0.0163265
82 0 1 8 189 257 0.042328 0.0362988 0.0358744
83 0 1 2 151 198 0.013245 0.0115667 0.0114613
84 0 1 5 222 312 0.0225225 0.0189984 0.0187266
85 0 1 6 190 279 0.0315789 0.0260599 0.0255864
86 0 1 1 185 228 0.00540541 0.00486908 0.00484262
87 0 1 5 151 198 0.0331126 0.0289167 0.0286533
88 0 1 2 219 281 0.00913242 0.00806222 0.008
89 0 1 1 154 226 0.00649351 0.00536025 0.00526316
90 0 1 2 149 195 0.0134228 0.0117333 0.0116279
91 0 1 0 138 175 0 0 0
92 0 1 0 178 249 0 0 0
93 0 1 0 158 212 0 0 0
94 0 1 0 142 189 0 0 0
95 0 1 0 179 249 0 0 0
96 0 1 0 155 206 0 0 0
97 0 1 0 160 190 0 0 0
98 0 1 0 170 248 0 0 0
99 0 1 0 150 192 0 0 0
100 0 1 0 130 206 0 0 0
101 0 1 0 176 283 0 0 0
102 0 1 1 156 269 0.00641026 0.00488159 0.00470588
103 0 1 0 128 219 0 0 0
104 0 1 0 202 335 0 0 0
105 0 1 2 172 265 0.0116279 0.00936791 0.00915332
106 0 1 2 137 249 0.0145985 0.0108285 0.0103627
107 0 1 1 265 389 0.00377358 0.0031146 0.0030581
108 0 1 1 207 335 0.00483092 0.00379745 0.00369004
109 0 1 0 200 303 0 0 0
110 0 1 0 158 268 0 0 0
111 0 1 0 240 376 0 0 0
112 0 1 0 189 323 0 0 0
113 0 1 0 196 326 0 0 0
114 0 1 0 280 455 0 0 0
115 0 1 0 227 412 0 0 0
116 0 1 1 227 371 0.00440529 0.00344588 0.00334448
117 0 1 0 206 331 0 0 0
118 0 1 1 314 450 0.00318471 0.00266029 0.0026178
119 0 1 0 294 445 0 0 0
120 0 1 2 260 357 0.00769231 0.00656461 0.00648298
121 0 1 1 349 452 0.00286533 0.00251778 0.00249688
122 0 1 0 305 398 0 0 0
123 0 1 1 288 392 0.00347222 0.00297619 0.00294118
124 0 1 1 398 507 0.00251256 0.00222615 0.00220994
125 0 1 0 345 462 0 0 0
126 0 1 1 326 421 0.00306748 0.00269929 0.00267738
127 0 1 2 292 374 0.00684932 0.00605205 0.00600601
128 0 1 2 374 511 0.00534759 0.00457492 0.00451977
129 0 1 4 344 454 0.0116279 0.0101217 0.0100251
130 0 1 4 331 412 0.0120846 0.0108317 0.0107672
131 0 1 3 427 543 0.00702576 0.00623028 0.00618557
132 0 1 2 375 461 0.00533333 0.00481021 0.00478469
133 0 1 1 347 419 0.00288184 0.00262258 0.00261097
134 0 1 1 308 376 0.00324675 0.00293853 0.00292398
135 0 1 2 395 488 0.00506329 0.00455535 0.00453001
136 0 1 1 328 425 0.00304878 0.00267836 0.00265604
137 0 1 1 324 398 0.00308642 0.00278475 0.00277008
138 0 1 1 294 335 0.00340136 0.00318643 0.00317965
139 0 1 1 418 503 0.00239234 0.00218086 0.00217155
140 0 1 0 370 451 0 0 0
141 0 1 0 320 370 0 0 0
142 0 1 0 309 351 0 0 0
143 0 1 0 398 464 0 0 0
144 0 1 0 351 412 0 0 0
145 0 1 0 331 386 0 0 0
146 0 1 0 318 343 0 0 0
147 0 1 0 409 459 0 0 0
148 0 1 0 345 402 0 0 0
149 0 1 0 312 391 0 0 0
150 0 1 1 284 333 0.00352113 0.00325176 0.00324149
151 0 1 1 241 302 0.00414938 0.0037067 0.00368324
152 0 1 0 212 269 0 0 0
153 0 1 2 267 380 0.00749064 0.00627889 0.00618238
154 0 1 3 231 339 0.012987 0.0107205 0.0105263
155 0 1 1 190 300 0.00526316 0.00418854 0.00408163
156 0 1 2 180 255 0.0111111 0.0093352 0.0091954
157 0 1 2 182 231 0.010989 0.00975413 0.00968523
158 0 1 4 308 355 0.012987 0.0120968 0.0120664
159 0 1 5 256 335 0.0195312 0.0170737 0.0169205
160 0 1 2 232 299 0.00862069 0.00759365 0.00753296
161 0 1 3 184 264 0.0163043 0.0136116 0.0133929
162 0 1 2 171 239 0.0116959 0.00989311 0.0097561
163 0 1 3 150 215 0.02 0.0167054 0.0164384
164 0 1 1 260 355 0.00384615 0.00329154 0.00325203
165 0 1 1 238 314 0.00420168 0.00365803 0.00362319
166 0 1 0 200 271 0 0 0
167 0 1 0 171 254 0 0 0
168 0 1 1 169 236 0.00591716 0.00500727 0.00493827
169 0 1 1 161 207 0.00621118 0.00547775 0.00543478
170 0 1 0 271 313 0 0 0
171 0 1 0 214 257 0 0 0
172 0 1 0 200 222 0 0 0
173 0 1 0 186 207 0 0 0
174 0 1 0 185 201 0 0 0
175 0 1 2 167 178 0.011976 0.0116001 0.0115942
176 0 1 1 280 326 0.00357143 0.00330988 0.00330033
177 0 1 3 261 273 0.0114943 0.0112388 0.011236
178 0 1 1 216 250 0.00462963 0.00430331 0.00429185
179 0 1 2 201 221 0.00995025 0.00948934 0.00947867
180 0 1 1 196 191 0.0052356 0.00516839 0.00516796
181 0 1 2 166 176 0.0120482 0.0117009 0.0116959
182 0 1 1 281 326 0.00355872 0.00330398 0.00329489
183 0 1 0 237 281 0 0 0
184 0 1 0 204 258 0 0 0
185 0 1 1 187 218 0.00534759 0.0049528 0.00493827
186 0 1 3 178 212 0.0168539 0.0154434 0.0153846
187 0 1 2 153 200 0.0130719 0.0114332 0.0113314
188 0 1 3 258 294 0.0116279 0.0108928 0.0108696
189 0 1 3 216 265 0.0138889 0.0125392 0.012474
190 0 1 2 187 244 0.0106952 0.00936298 0.00928074
191 0 1 1 166 209 0.0060241 0.00536875 0.00533333
192 0 1 0 170 197 0 0 0
193 0 1 2 160 153 0.0130719 0.0127827 0.0127796
194 0 1 2 249 247 0.00809717 0.00806458 0.00806452
195 0 1 2 209 216 0.00956938 0.00941304 0.00941176
196 0 1 1 190 196 0.00526316 0.00518197 0.00518135
197 0 1 2 176 175 0.0114286 0.0113961 0.011396
198 0 1 2 152 149 0.0134228 0.0132897 0.013289
199 0 1 1 140 128 0.0078125 0.00747018 0.00746269
200 0 1 1 198 239 0.00505051 0.00459694 0.00457666
201 0 1 1 190 218 0.00526316 0.00491355 0.00490196
202 0 1 1 155 193 0.00645161 0.0057817 0.00574713
203 0 1 0 148 162 0 0 0
204 0 1 0 133 149 0 0 0
205 0 1 0 125 131 0 0 0
206 0 1 0 108 125 0 0 0
207 0 1 0 184 242 0 0 0
208 0 1 1 170 219 0.00588235 0.00518267 0.00514139
209 0 1 1 145 192 0.00689655 0.00599329 0.00593472
210 0 1 0 123 157 0 0 0
211 0 1 2 124 145 0.016129 0.0149154 0.0148699
212 0 1 2 110 125 0.0181818 0.0170561 0.0170213
213 0 1 0 192 222 0 0 0
214 0 1 1 168 196 0.00595238 0.00551083 0.00549451
215 0 1 1 157 190 0.00636943 0.00578993 0.00576369
216 0 1 0 141 174 0 0 0
217 0 1 0 126 155 0 0 0
218 0 1 0 214 263 0 0 0
219 0 1 0 168 212 0 0 0
220 0 1 0 154 204 0 0 0
221 0 1 0 128 162 0 0 0
222 0 1 0 202 263 0 0 0
223 0 1 1 167 224 0.00598802 0.00517032 0.00511509
224 0 1 0 153 193 0 0 0
225 0 1 0 126 166 0 0 0
226 0 1 1 176 238 0.00568182 0.00488602 0.00483092
227 0 1 0 140 209 0 0 0
228 0 1 0 135 165 0 0 0
229 0 1 0 190 257 0 0 0
230 0 1 0 169 212 0 0 0
231 0 1 0 147 201 0 0 0
232 0 1 0 182 256 0 0 0
233 0 1 0 157 197 0 0 0
234 0 1 0 137 187 0 0 0
235 0 1 0 184 256 0 0 0
236 0 1 0 165 228 0 0 0
237 0 1 0 146 197 0 0 0
238 0 1 0 217 303 0 0 0
239 0 1 0 185 278 0 0 0
240 0 1 0 187 250 0 0 0
241 0 1 0 152 220 0 0 0
242 0 1 1 248 305 0.00403226 0.003636 0.00361664
243 0 1 1 226 279 0.00442478 0.00398239 0.0039604
244 0 1 1 223 256 0.00448431 0.00418531 0.00417537
245 0 1 1 207 238 0.00483092 0.00450533 0.00449438
246 0 1 0 301 386 0 0 0
247 0 1 1 257 365 0.00389105 0.00326503 0.00321543
248 0 1 2 248 329 0.00806452 0.00700174 0.00693241
249 0 1 1 233 289 0.00429185 0.00385366 0.00383142
250 0 1 2 218 276 0.00917431 0.00815356 0.00809717
251 0 1 3 298 392 0.0100671 0.00877748 0.00869565
252 0 1 2 262 330 0.00763359 0.00680178 0.00675676
253 0 1 1 243 300 0.00411523 0.0037037 0.00368324
254 0 1 1 255 334 0.00392157 0.00342655 0.00339559
255 0 1 2 222 296 0.00900901 0.00780203 0.00772201
256 0 1 2 194 276 0.0103093 0.0086432 0.00851064
257 0 1 2 188 244 0.0106383 0.00933805 0.00925926
258 0 1 0 155 208 0 0 0
259 0 1 0 208 241 0 0 0
260 0 1 0 182 231 0 0 0
261 0 1 0 172 201 0 0 0
262 0 1 0 153 194 0 0 0
263 0 1 0 227 370 0 0 0
264 0 1 0 155 247 0 0 0
265 0 1 0 142 243 0 0 0
266 0 1 0 258 420 0 0 0
267 0 1 0 222 365 0 0 0
268 0 1 0 185 309 0 0 0
269 0 1 0 143 222 0 0 0
270 0 1 0 240 339 0 0 0
271 0 1 0 203 310 0 0 0
272 0 1 0 202 280 0 0 0
273 0 1 0 164 243 0 0 0
274 0 1 0 234 346 0 0 0
275 0 1 0 190 294 0 0 0
276 0 1 0 189 284 0 0 0
277 0 1 0 171 247 0 0 0
278 0 1 0 277 361 0 0 0
279 0 1 0 243 330 0 0 0
280 0 1 0 200 255 0 0 0
281 0 1 0 288 387 0 0 0
282 0 1 0 271 380 0 0 0
283 0 1 0 236 334 0 0 0
284 0 1 0 239 301 0 0 0
285 0 1 0 215 258 0 0 0
286 0 1 0 274 317 0 0 0
287 0 1 0 233 301 0 0 0
288 0 1 1 225 272 0.00444444 0.00404226 0.00402414
289 0 1 1 211 251 0.00473934 0.00434532 0.004329
290 0 1 0 186 221 0 0 0
291 0 1 1 236 260 0.00423729 0.00403699 0.00403226
292 0 1 0 214 234 0 0 0
293 0 1 0 205 221 0 0 0
294 0 1 0 206 202 0 0 0
295 0 1 0 323 359 0 0 0
296 0 1 0 219 278 0 0 0
297 0 1 0 231 253 0 0 0
298 0 1 0 194 240 0 0 0
299 0 1 0 301 401 0 0 0
300 0 1 0 264 365 0 0 0
301 0 1 0 239 312 0 0 0
302 0 1 0 220 290 0 0 0
303 0 1 0 195 263 0 0 0
304 0 1 0 284 417 0 0 0
305 0 1 0 242 381 0 0 0
306 0 1 0 239 355 0 0 0
307 0 1 0 208 304 0 0 0
308 0 1 0 347 453 0 0 0
309 0 1 0 308 403 0 0 0
310 0 1 0 274 341 0 0 0
311 0 1 0 233 274 0 0 0
312 0 1 1 318 405 0.00314465 0.0027865 0.00276625
313 0 1 0 282 361 0 0 0
314 0 1 0 253 327 0 0 0
315 0 1 1 227 279 0.00440529 0.00397361 0.00395257
316 0 1 0 196 252 0 0 0
317 0 1 0 264 375 0 0 0
318 0 1 0 238 347 0 0 0
319 0 1 0 242 333 0 0 0
320 0 1 0 210 307 0 0 0
321 0 1 0 311 425 0 0 0
322 0 1 0 214 288 0 0 0
323 0 1 0 203 252 0 0 0
324 0 1 2 178 235 0.011236 0.00977881 0.00968523
325 0 1 1 169 224 0.00591716 0.00513964 0.00508906
326 0 1 0 228 313 0 0 0
327 0 1 0 137 227 0 0 0
328 0 1 1 88 153 0.0113636 0.00861813 0.00829876
329 0 1 0 83 164 0 0 0
330 0 1 1 73 156 0.0136986 0.00937079 0.00873362
331 0 1 0 49 118 0 0 0
332 0 1 0 36 104 0 0 0
333 0 1 0 53 170 0 0 0
334 0 1 1 40 146 0.025 0.0130856 0.0107527
335 0 1 1 143 277 0.00699301 0.00502449 0.0047619
336 0 1 0 123 229 0 0 0
337 0 1 0 86 179 0 0 0
338 0 1 0 71 140 0 0 0
339 0 1 0 128 192 0 0 0
340 0 1 0 84 153 0 0 0
341 0 1 0 80 139 0 0 0
342 0 1 0 221 303 0 0 0
343 0 1 0 184 273 0 0 0
344 0 1 0 136 212 0 0 0
345 0 1 0 118 166 0 0 0
346 0 1 0 208 286 0 0 0
347 0 1 0 187 265 0 0 0
348 0 1 0 165 209 0 0 0
349 0 1 0 246 311 0 0 0
350 0 1 0 180 236 0 0 0
351 0 1 0 161 206 0 0 0
352 0 1 0 246 325 0 0 0
353 0 1 0 207 261 0 0 0
354 0 1 0 162 222 0 0 0
355 0 1 0 259 303 0 0 0
356 0 1 0 184 245 0 0 0
357 0 1 0 174 221 0 0 0
358 0 1 0 301 344 0 0 0
359 0 1 0 251 294 0 0 0
360 0 1 0 238 269 0 0 0
361 0 1 0 365 405 0 0 0
362 0 1 0 329 362 0 0 0
363 0 1 0 329 317 0 0 0
364 0 1 0 260 289 0 0 0
365 0 1 0 386 412 0 0 0
366 0 1 0 306 380 0 0 0
367 0 1 0 287 362 0 0 0
368 0 1 0 388 477 0 0 0
369 0 1 0 327 424 0 0 0
370 0 1 0 301 371 0 0 0
371 0 1 0 257 311 0 0 0
372 0 1 0 323 440 0 0 0
373 0 1 0 312 394 0 0 0
374 0 1 0 245 336 0 0 0
375 0 1 0 308 474 0 0 0
376 0 1 2 254 413 0.00787402 0.00617502 0.005997
377 0 1 2 221 387 0.00904977 0.00683878 0.00657895
378 0 1 0 307 445 0 0 0
379 0 1 0 271 446 0 0 0
380 0 1 0 218 341 0 0 0
381 0 1 0 281 461 0 0 0
382 0 1 2 250 383 0.008 0.00646339 0.00631912
383 0 1 0 233 351 0 0 0
384 0 1 0 187 286 0 0 0
385 0 1 2 246 384 0.00813008 0.00650724 0.00634921
386 0 1 2 198 315 0.010101 0.00800833 0.00779727
387 0 1 2 149 233 0.0134228 0.0107339 0.0104712
388 0 1 2 134 231 0.0149254 0.0113677 0.0109589
389 0 1 4 217 319 0.0184332 0.0152032 0.0149254
390 0 1 3 164 263 0.0182927 0.0144451 0.0140515
391 0 1 4 158 253 0.0253165 0.0200065 0.0194647
392 0 1 3 135 218 0.0222222 0.0174874 0.0169972
393 0 1 4 217 335 0.0184332 0.0148357 0.0144928
394 0 1 4 151 271 0.0264901 0.0197737 0.0189573
395 0 1 5 138 201 0.0362319 0.0300215 0.0294985
396 0 1 4 131 181 0.0305344 0.0259768 0.025641
397 0 1 5 231 304 0.021645 0.0188681 0.0186916
398 0 1 3 194 301 0.0154639 0.0124147 0.0121212
399 0 1 5 176 255 0.0284091 0.0236017 0.0232019
400 0 1 5 151 234 0.0331126 0.0265995 0.025974
401 0 1 4 269 374 0.0148699 0.012611 0.0124417
402 0 1 6 230 369 0.026087 0.0205956 0.0200334
403 0 1 4 204 316 0.0196078 0.0157544 0.0153846
404 0 1 4 196 296 0.0204082 0.0166068 0.0162602
405 0 1 4 171 250 0.0233918 0.019346 0.0190024
406 0 1 5 319 427 0.015674 0.0135475 0.0134048
407 0 1 4 276 388 0.0144928 0.0122233 0.0120482
408 0 1 3 265 369 0.0113208 0.00959368 0.00946372
409 0 1 2 244 333 0.00819672 0.00701638 0.00693241
410 0 1 1 247 329 0.00404858 0.00350795 0.00347222
411 0 1 4 224 304 0.0178571 0.0153285 0.0151515
412 0 1 3 224 295 0.0133929 0.0116704 0.0115607
413 0 1 2 204 279 0.00980392 0.00838326 0.00828157
414 0 1 8 330 459 0.0242424 0.0205554 0.0202788
415 0 1 5 302 440 0.0165563 0.0137164 0.0134771
416 0 1 4 307 432 0.0130293 0.0109837 0.0108254
417 0 1 2 284 415 0.00704225 0.00582568 0.00572246
418 0 1 3 273 412 0.010989 0.00894523 0.00875912
419 0 1 1 268 387 0.00373134 0.00310511 0.00305344
420 0 1 1 262 360 0.00381679 0.0032561 0.00321543
421 0 1 0 253 352 0 0 0
422 0 1 1 242 329 0.00413223 0.00354401 0.00350263
423 0 1 0 231 320 0 0 0
424 0 1 1 384 501 0.00260417 0.0022799 0.00225989
425 0 1 1 337 500 0.00296736 0.00243613 0.00238949
426 0 1 3 367 484 0.00817439 0.00711812 0.00705053
427 0 1 2 351 452 0.00569801 0.0050212 0.00498132
428 0 1 2 338 456 0.00591716 0.00509435 0.00503778
429 0 1 3 310 436 0.00967742 0.00816013 0.0080429
430 0 1 3 301 405 0.00996678 0.00859232 0.00849858
431 0 1 4 289 375 0.0138408 0.0121505 0.0120482
432 0 1 5 271 353 0.0184502 0.0161658 0.0160256
433 0 1 1 370 500 0.0027027 0.00232495 0.00229885
434 0 1 2 337 460 0.00593472 0.00507968 0.00501882
435 0 1 1 313 401 0.00319489 0.00282264 0.00280112
436 0 1 4 313 402 0.0127796 0.0112765 0.0111888
437 0 1 6 264 380 0.0227273 0.0189434 0.0186335
438 0 1 5 364 509 0.0137363 0.0116161 0.0114548
439 0 1 4 306 481 0.0130719 0.0104262 0.0101652
440 0 1 1 307 435 0.00325733 0.00273644 0.00269542
441 0 1 2 272 407 0.00735294 0.00601102 0.00589102
442 0 1 2 336 547 0.00595238 0.00466516 0.00453001
443 0 1 1 283 474 0.00353357 0.00273035 0.00264201
444 0 1 2 266 440 0.0075188 0.00584605 0.00566572
445 0 1 2 320 562 0.00625 0.00471614 0.00453515
446 0 1 3 280 488 0.0107143 0.00811582 0.0078125
447 0 1 2 244 437 0.00819672 0.00612483 0.00587372
448 0 1 2 297 517 0.00673401 0.00510395 0.004914
449 0 1 0 226 438 0 0 0
450 0 1 2 210 387 0.00952381 0.0070156 0.00670017
451 0 1 4 174 362 0.0229885 0.0159379 0.0149254
452 0 1 0 242 454 0 0 0
453 0 1 0 166 392 0 0 0
454 0 1 0 150 376 0 0 0
455 0 1 0 131 332 0 0 0
456 0 1 0 227 407 0 0 0
457 0 1 0 173 342 0 0 0
458 0 1 0 155 333 0 0 0
459 0 1 0 131 322 0 0 0
460 0 1 0 192 427 0 0 0
461 0 1 2 137 366 0.0145985 0.0089316 0.00795229
462 0 1 0 122 329 0 0 0
463 0 1 1 118 290 0.00847458 0.0054058 0.00490196
464 0 1 0 189 393 0 0 0
465 0 1 0 131 343 0 0 0
466 0 1 0 124 309 0 0 0
467 0 1 0 97 264 0 0 0
468 0 1 0 183 358 0 0 0
469 0 1 0 137 316 0 0 0
470 0 1 0 100 261 0 0 0
471 0 1 0 96 236 0 0 0
472 0 1 0 175 337 0 0 0
473 0 1 0 145 302 0 0 0
474 0 1 0 129 285 0 0 0
475 0 1 0 119 265 0 0 0
476 0 1 0 205 382 0 0 0
477 0 1 0 169 331 0 0 0
478 0 1 0 157 298 0 0 0
479 0 1 1 154 280 0.00649351 0.00481571 0.00460829
480 0 1 0 226 384 0 0 0
481 0 1 1 188 306 0.00531915 0.00416927 0.00404858
482 0 1 1 156 259 0.00641026 0.00497494 0.00481928
483 0 1 0 159 256 0 0 0
484 0 1 0 180 239 0 0 0
485 0 1 0 115 184 0 0 0
486 0 1 0 106 163 0 0 0
487 0 1 0 86 133 0 0 0
488 0 1 0 74 136 0 0 0
489 0 1 0 66 118 0 0 0
490 0 1 0 67 124 0 0 0
491 0 1 0 89 135 0 0 0
492 0 1 0 73 127 0 0 0
493 0 1 0 98 134 0 0 0
494 0 1 0 80 117 0 0 0
495 0 1 0 136 164 0 0 0
496 0 1 0 126 151 0 0 0
497 0 1 0 121 155 0 0 0
498 0 1 0 119 122 0 0 0
499 0 1 0 191 203 0 0 0
500 0 1 0 174 185 0 0 0
501 0 1 0 166 158 0 0 0
502 0 1 0 157 168 0 0 0
503 0 1 0 248 244 0 0 0
504 0 1 0 213 227 0 0 0
505 0 1 0 208 208 0 0 0
506 0 1 0 199 199 0 0 0
507 0 1 0 271 303 0 0 0
508 0 1 0 241 268 0 0 0
509 0 1 0 216 256 0 0 0
510 0 1 0 207 241 0 0 0
511 0 1 0 310 352 0 0 0
512 0 1 1 274 319 0.00364964 0.00338243 0.00337268
513 0 1 1 267 287 0.00374532 0.00361246 0.00361011
514 0 1 1 262 288 0.00381679 0.00364043 0.00363636
515 0 1 0 314 402 0 0 0
516 0 1 2 321 383 0.00623053 0.00570398 0.00568182
517 0 1 6 287 345 0.0209059 0.0190678 0.0189873
518 0 1 7 288 337 0.0243056 0.0224692 0.0224
519 0 1 13 273 314 0.047619 0.0444015 0.044293
520 0 1 8 361 420 0.0221607 0.0205453 0.0204866
521 0 1 6 291 356 0.0206186 0.0186415 0.0185471
522 0 1 9 269 329 0.0334572 0.030253 0.0301003
523 0 1 12 282 306 0.0425532 0.0408504 0.0408163
524 0 1 13 346 388 0.0375723 0.0354805 0.0354223
525 0 1 13 319 350 0.0407524 0.0389058 0.038864
526 0 1 8 300 311 0.0266667 0.0261908 0.0261866
527 0 1 12 311 296 0.0405405 0.0395508 0.0395387
528 0 1 14 366 386 0.0382514 0.0372472 0.037234
529 0 1 19 330 355 0.0575758 0.0555114 0.0554745
530 0 1 16 280 317 0.0571429 0.0537046 0.0536013
531 0 1 15 239 287 0.0627615 0.0572732 0.0570342
532 0 1 11 192 241 0.0572917 0.0511368 0.0508083
533 0 1 6 222 311 0.027027 0.0228347 0.0225141
534 0 1 4 176 263 0.0227273 0.018592 0.0182232
535 0 1 4 150 222 0.0266667 0.0219199 0.0215054
536 0 1 1 138 210 0.00724638 0.00587423 0.00574713
537 0 1 1 128 198 0.0078125 0.00628149 0.00613497
538 0 1 0 167 226 0 0 0
539 0 1 0 160 213 0 0 0
540 0 1 0 144 193 0 0 0
541 0 1 0 161 232 0 0 0
542 0 1 0 132 215 0 0 0
543 0 1 2 146 236 0.0136986 0.0107745 0.0104712
544 0 1 2 123 226 0.0162602 0.0119956 0.0114613
545 0 1 1 158 253 0.00632911 0.00500163 0.00486618
546 0 1 1 144 258 0.00694444 0.00518811 0.00497512
547 0 1 1 139 249 0.00719424 0.00537518 0.00515464
548 0 1 1 133 216 0.0075188 0.00589994 0.00573066
549 0 1 0 202 316 0 0 0
550 0 1 0 199 287 0 0 0
551 0 1 0 183 253 0 0 0
552 0 1 1 184 271 0.00543478 0.00447823 0.0043956
553 0 1 0 179 260 0 0 0
554 0 1 1 168 259 0.00595238 0.00479397 0.00468384
555 0 1 3 159 257 0.0188679 0.0148408 0.0144231
556 0 1 3 149 244 0.0201342 0.0157338 0.0152672
557 0 1 5 245 406 0.0204082 0.0158535 0.015361
558 0 1 1 239 373 0.0041841 0.00334924 0.00326797
559 0 1 3 220 352 0.0136364 0.0107805 0.0104895
560 0 1 2 175 333 0.0114286 0.00828493 0.00787402
561 0 1 3 185 320 0.0162162 0.0123299 0.0118812
562 0 1 1 170 312 0.00588235 0.00434208 0.00414938
563 0 1 0 160 282 0 0 0
564 0 1 0 231 435 0 0 0
565 0 1 1 193 418 0.00518135 0.00352073 0.00327332
566 0 1 4 196 411 0.0204082 0.0140932 0.0131796
567 0 1 3 190 381 0.0157895 0.0111502 0.0105079
568 0 1 3 178 346 0.0168539 0.0120885 0.0114504
569 0 1 4 158 335 0.0253165 0.0173864 0.0162272
570 0 1 4 144 338 0.0277778 0.0181309 0.0165975
571 0 1 2 247 495 0.00809717 0.00571977 0.00539084
572 0 1 4 236 475 0.0169492 0.011947 0.0112518
573 0 1 5 243 451 0.0205761 0.0151035 0.0144092
574 0 1 1 222 434 0.0045045 0.00322165 0.00304878
575 0 1 4 205 401 0.0195122 0.0139512 0.0132013
576 0 1 2 191 381 0.0104712 0.00741397 0.00699301
577 0 1 6 188 369 0.0319149 0.0227803 0.021544
578 0 1 9 177 353 0.0508475 0.0360055 0.0339623
579 0 1 2 307 501 0.00651466 0.00509967 0.00495049
580 0 1 1 287 471 0.00348432 0.00271987 0.00263852
581 0 1 4 277 435 0.0144404 0.0115233 0.011236
582 0 1 4 258 411 0.0155039 0.0122837 0.0119581
583 0 1 3 254 386 0.011811 0.009581 0.009375
584 0 1 2 228 353 0.00877193 0.00704977 0.00688468
585 0 1 3 339 512 0.00884956 0.00720089 0.00705053
586 0 1 6 307 467 0.019544 0.0158461 0.0155039
587 0 1 2 303 429 0.00660066 0.00554728 0.00546448
588 0 1 2 279 417 0.00716846 0.00586354 0.00574713
589 0 1 6 266 390 0.0225564 0.0186285 0.0182927
590 0 1 5 254 362 0.019685 0.0164892 0.0162338
591 0 1 7 343 506 0.0204082 0.0168026 0.01649
592 0 1 2 324 443 0.00617284 0.00527905 0.00521512
593 0 1 6 296 430 0.0202703 0.0168179 0.0165289
594 0 1 2 282 425 0.0070922 0.00577711 0.00565771
595 0 1 7 270 402 0.0259259 0.0212473 0.0208333
596 0 1 7 265 383 0.0264151 0.0219723 0.0216049
597 0 1 8 376 506 0.0212766 0.0183409 0.0181406
598 0 1 5 338 464 0.0147929 0.0126256 0.0124688
599 0 1 7 343 447 0.0204082 0.0178771 0.0177215
600 0 1 6 327 443 0.0183486 0.0157643 0.0155844
601 0 1 7 321 428 0.0218069 0.0188853 0.0186916
602 0 1 8 302 419 0.0264901 0.0224895 0.0221914
603 0 1 5 291 379 0.0171821 0.0150558 0.0149254
604 0 1 3 418 491 0.00717703 0.00662205 0.00660066
605 0 1 4 391 444 0.0102302 0.0096002 0.00958084
606 0 1 4 376 453 0.0106383 0.00969208 0.00965018
607 0 1 2 356 450 0.00561798 0.00499688 0.00496278
608 0 1 3 351 407 0.00854701 0.00793726 0.00791557
609 0 1 2 330 393 0.00606061 0.00555363 0.0055325
610 0 1 3 443 503 0.00677201 0.00635529 0.00634249
611 0 1 9 407 466 0.022113 0.0206658 0.0206186
612 0 1 5 419 449 0.0119332 0.0115276 0.0115207
613 0 1 6 389 418 0.0154242 0.0148795 0.0148699
614 0 1 6 369 405 0.0162602 0.0155207 0.0155039
615 0 1 7 419 523 0.0167064 0.0149534 0.014862
616 0 1 8 401 468 0.0199501 0.0184669 0.018412
617 0 1 14 395 451 0.035443 0.0331697 0.0330969
618 0 1 8 380 439 0.0210526 0.0195869 0.019536
619 0 1 9 381 407 0.023622 0.0228551 0.0228426
620 0 1 9 435 550 0.0206897 0.0183999 0.0182741
621 0 1 10 413 477 0.0242131 0.0225302 0.0224719
622 0 1 7 366 445 0.0191257 0.0173451 0.0172626
623 0 1 9 288 376 0.03125 0.0273497 0.0271084
624 0 1 9 360 495 0.025 0.0213201 0.0210526
625 0 1 7 243 425 0.0288066 0.0217821 0.0209581
626 0 1 2 137 325 0.0145985 0.00947825 0.00865801
627 0 1 5 132 322 0.0378788 0.0242524 0.0220264
628 0 1 2 146 323 0.0136986 0.00920984 0.00852878
629 0 1 2 116 292 0.0172414 0.010867 0.00980392
630 0 1 1 131 282 0.00763359 0.00520283 0.00484262
631 0 1 1 127 269 0.00787402 0.00541031 0.00505051
632 0 1 0 174 340 0 0 0
633 0 1 1 197 344 0.00507614 0.00384138 0.00369686
634 0 1 2 169 302 0.0118343 0.00885285 0.00849257
635 0 1 2 175 300 0.0114286 0.00872872 0.00842105
636 0 1 3 164 312 0.0182927 0.0132624 0.012605
637 0 1 2 234 422 0.00854701 0.00636452 0.00609756
638 0 1 1 205 387 0.00487805 0.00355032 0.00337838
639 0 1 2 203 358 0.00985222 0.00741892 0.00713012
640 0 1 4 201 356 0.0199005 0.0149533 0.0143627
641 0 1 2 199 340 0.0100503 0.0076889 0.00742115
642 0 1 2 278 471 0.00719424 0.0055271 0.00534045
643 0 1 2 252 429 0.00793651 0.00608277 0.00587372
644 0 1 3 231 396 0.012987 0.009919 0.00956938
645 0 1 3 236 372 0.0127119 0.010125 0.00986842
646 0 1 2 218 378 0.00917431 0.00696716 0.00671141
647 0 1 3 289 474 0.0103806 0.00810556 0.0078637
648 0 1 1 274 416 0.00364964 0.00296195 0.00289855
649 0 1 2 257 372 0.0077821 0.00646833 0.0063593
650 0 1 1 262 364 0.00381679 0.00323816 0.00319489
651 0 1 5 243 332 0.0205761 0.0176035 0.0173913
652 0 1 3 354 441 0.00847458 0.00759277 0.00754717
653 0 1 5 311 374 0.0160772 0.0146607 0.0145985
654 0 1 3 291 336 0.0103093 0.00959412 0.00956938
655 0 1 5 277 322 0.0180505 0.0167418 0.0166945
656 0 1 4 275 308 0.0145455 0.0137442 0.0137221
657 0 1 4 357 411 0.0112045 0.0104425 0.0104167
658 0 1 1 316 371 0.00316456 0.00292058 0.00291121
659 0 1 4 307 345 0.0130293 0.0122908 0.0122699
660 0 1 1 301 336 0.00332226 0.00314447 0.00313972
661 0 1 3 275 301 0.0109091 0.0104273 0.0104167
662 0 1 0 383 414 0 0 0
663 0 1 4 326 374 0.0122699 0.0114555 0.0114286
664 0 1 3 319 358 0.00940439 0.00887737 0.00886263
665 0 1 0 300 348 0 0 0
666 0 1 0 319 347 0 0 0
667 0 1 1 402 468 0.00248756 0.00230549 0.00229885
668 0 1 0 368 403 0 0 0
669 0 1 2 349 388 0.00573066 0.00543502 0.00542741
670 0 1 1 330 347 0.0030303 0.00295514 0.00295421
671 0 1 4 323 312 0.0128205 0.0126003 0.0125984
672 0 1 1 425 466 0.00235294 0.00224705 0.00224467
673 0 1 2 378 419 0.00529101 0.00502547 0.00501882
674 0 1 2 366 365 0.00547945 0.00547196 0.00547196
675 0 1 2 342 345 0.00584795 0.00582247 0.00582242
676 0 1 1 345 340 0.00294118 0.00291979 0.00291971
677 0 1 1 419 447 0.00238663 0.00231068 0.00230947
678 0 1 1 392 397 0.00255102 0.00253491 0.00253485
679 0 1 2 362 349 0.00573066 0.00562682 0.00562588
680 0 1 2 337 321 0.00623053 0.00608083 0.00607903
681 0 1 0 339 327 0 0 0
682 0 1 1 414 413 0.00242131 0.00241838 0.00241838
683 0 1 0 383 375 0 0 0
684 0 1 2 350 338 0.00591716 0.00581484 0.00581395
685 0 1 2 336 307 0.00651466 0.00622718 0.00622084
686 0 1 3 326 299 0.0100334 0.00960897 0.0096
687 0 1 2 300 277 0.00722022 0.00693792 0.00693241
688 0 1 5 377 382 0.0132626 0.0131755 0.0131752
689 0 1 3 354 352 0.00852273 0.00849862 0.00849858
690 0 1 1 331 319 0.0031348 0.00307745 0.00307692
691 0 1 2 311 296 0.00675676 0.0065918 0.00658979
692 0 1 3 305 282 0.0106383 0.0102293 0.0102215
693 0 1 3 316 275 0.0109091 0.0101768 0.0101523
694 0 1 2 374 387 0.00534759 0.00525701 0.00525624
695 0 1 0 351 316 0 0 0
696 0 1 2 336 307 0.00651466 0.00622718 0.00622084
697 0 1 2 275 264 0.00757576 0.0074227 0.00742115
698 0 1 2 254 249 0.00803213 0.00795268 0.00795229
699 0 1 0 198 258 0 0 0
700 0 1 0 178 263 0 0 0
701 0 1 0 170 220 0 0 0
702 0 1 0 175 225 0 0 0
703 0 1 1 150 223 0.00666667 0.00546767 0.00536193
704 0 1 1 211 292 0.00473934 0.00402872 0.00397614
705 0 1 0 174 235 0 0 0
706 0 1 0 161 216 0 0 0
707 0 1 1 161 209 0.00621118 0.00545147 0.00540541
708 0 1 2 143 192 0.013986 0.0120701 0.0119403
709 0 1 2 222 297 0.00900901 0.00778889 0.00770713
710 0 1 1 182 251 0.00549451 0.00467872 0.00461894
711 0 1 1 153 229 0.00653595 0.0053424 0.0052356
712 0 1 0 170 224 0 0 0
713 0 1 0 148 206 0 0 0
714 0 1 0 233 323 0 0 0
715 0 1 0 205 272 0 0 0
716 0 1 0 185 258 0 0 0
717 0 1 0 187 228 0 0 0
718 0 1 0 185 244 0 0 0
719 0 1 0 177 213 0 0 0
720 0 1 0 283 357 0 0 0
721 0 1 0 255 325 0 0 0
722 0 1 0 255 294 0 0 0
723 0 1 0 237 278 0 0 0
724 0 1 0 236 263 0 0 0
725 0 1 1 233 239 0.00429185 0.00423763 0.00423729
726 0 1 0 337 367 0 0 0
727 0 1 0 301 336 0 0 0
728 0 1 0 296 326 0 0 0
729 0 1 0 270 285 0 0 0
730 0 1 2 290 288 0.00694444 0.00692046 0.00692042
731 0 1 3 258 266 0.0116279 0.0114517 0.0114504
732 0 1 2 355 371 0.0056338 0.00551098 0.00550964
733 0 1 1 312 325 0.00320513 0.00314037 0.00313972
734 0 1 0 284 320 0 0 0
735 0 1 0 284 321 0 0 0
736 0 1 0 283 300 0 0 0
737 0 1 1 347 427 0.00288184 0.00259789 0.00258398
738 0 1 0 310 410 0 0 0
739 0 1 2 302 388 0.00662252 0.00584266 0.0057971
740 0 1 3 293 373 0.0102389 0.00907472 0.00900901
741 0 1 2 284 364 0.00704225 0.00622043 0.00617284
742 0 1 3 258 351 0.0116279 0.00996914 0.00985222
743 0 1 3 342 480 0.00877193 0.00740436 0.00729927
744 0 1 3 305 430 0.00983607 0.00828394 0.00816326
745 0 1 0 300 423 0 0 0
746 0 1 3 278 380 0.0107914 0.00923011 0.00911854
747 0 1 1 288 368 0.00347222 0.00307171 0.00304878
748 0 1 1 352 513 0.00284091 0.00235326 0.00231214
749 0 1 2 327 466 0.00611621 0.00512346 0.00504414
750 0 1 4 315 413 0.0126984 0.01109 0.010989
751 0 1 3 298 418 0.0100671 0.00850012 0.00837989
752 0 1 3 296 367 0.0101351 0.00910212 0.00904977
753 0 1 4 363 514 0.0110193 0.0092603 0.00912201
754 0 1 2 344 456 0.00581395 0.00504973 0.005
755 0 1 2 323 420 0.00619195 0.00543005 0.00538358
756 0 1 3 308 404 0.00974026 0.00850463 0.00842697
757 0 1 0 314 393 0 0 0
758 0 1 1 283 385 0.00353357 0.00302954 0.00299401
759 0 1 2 344 447 0.00581395 0.00510031 0.00505689
760 0 1 3 320 421 0.009375 0.00817345 0.00809717
761 0 1 4 309 392 0.012945 0.0114931 0.0114123
762 0 1 1 304 379 0.00328947 0.00294607 0.00292826
763 0 1 1 296 368 0.00337838 0.00302991 0.00301205
764 0 1 1 351 480 0.002849 0.00243627 0.00240674
765 0 1 1 315 432 0.0031746 0.00271083 0.00267738
766 0 1 0 312 391 0 0 0
767 0 1 1 285 387 0.00350877 0.00301108 0.00297619
768 0 1 1 294 366 0.00340136 0.0030485 0.0030303
769 0 1 1 327 476 0.0030581 0.00253468 0.00249066
770 0 1 1 315 443 0.0031746 0.00267697 0.00263852
771 0 1 3 306 389 0.00980392 0.00869532 0.00863309
772 0 1 2 282 369 0.0070922 0.00620001 0.00614439
773 0 1 1 283 379 0.00353357 0.00305342 0.00302115
774 0 1 1 330 486 0.0030303 0.00249704 0.00245098
775 0 1 2 287 452 0.00696864 0.0055529 0.00541272
776 0 1 1 291 406 0.00343643 0.00290931 0.00286944
777 0 1 0 274 408 0 0 0
778 0 1 4 255 372 0.0156863 0.0129873 0.0127592
779 0 1 2 326 475 0.00613497 0.00508246 0.00499376
780 0 1 2 284 435 0.00704225 0.00569018 0.00556328
781 0 1 2 276 423 0.00724638 0.00585336 0.00572246
782 0 1 3 256 386 0.0117188 0.0095435 0.00934579
783 0 1 2 245 361 0.00816326 0.00672502 0.00660066
784 0 1 2 286 459 0.00699301 0.00552002 0.00536913
785 0 1 1 265 451 0.00377358 0.0028926 0.0027933
786 0 1 1 251 414 0.00398406 0.00310215 0.00300752
787 0 1 3 244 370 0.0122951 0.00998448 0.00977199
788 0 1 2 225 367 0.00888889 0.00695994 0.00675676
789 0 1 3 296 492 0.0101351 0.00786127 0.00761421
790 0 1 5 270 443 0.0185185 0.0144573 0.0140252
791 0 1 2 246 404 0.00813008 0.00634413 0.00615385
792 0 1 4 240 370 0.0166667 0.0134231 0.0131148
793 0 1 1 234 374 0.0042735 0.00338031 0.00328947
794 0 1 3 295 510 0.0101695 0.00773437 0.00745342
795 0 1 3 264 457 0.0113636 0.00863697 0.00832178
796 0 1 3 232 409 0.012931 0.00973903 0.00936037
797 0 1 1 207 380 0.00483092 0.00356552 0.00340715
798 0 1 2 196 358 0.0102041 0.00755023 0.00722022
799 0 1 6 230 432 0.026087 0.0190347 0.0181269
800 0 1 3 191 398 0.0157068 0.0108809 0.0101868
801 0 1 2 168 374 0.0119048 0.00797884 0.00738007
802 0 1 1 147 337 0.00680272 0.0044929 0.00413223
803 0 1 1 134 320 0.00746269 0.00482917 0.00440529
804 0 1 0 154 388 0 0 0
805 0 1 0 132 333 0 0 0
806 0 1 1 126 304 0.00793651 0.00510949 0.00465116
807 0 1 1 171 313 0.00584795 0.00432245 0.00413223
808 0 1 0 147 296 0 0 0
809 0 1 0 217 401 0 0 0
810 0 1 1 203 384 0.00492611 0.00358168 0.00340715
811 0 1 1 191 341 0.0052356 0.00391838 0.0037594
812 0 1 0 192 332 0 0 0
813 0 1 0 165 332 0 0 0
814 0 1 0 244 401 0 0 0
815 0 1 0 214 366 0 0 0
816 0 1 0 198 348 0 0 0
817 0 1 1 171 341 0.00584795 0.00414119 0.00390625
818 0 1 1 233 452 0.00429185 0.00308143 0.00291971
819 0 1 0 216 364 0 0 0
820 0 1 2 196 338 0.0102041 0.0077704 0.00749064
821 0 1 2 191 348 0.0104712 0.00775753 0.00742115
822 0 1 2 243 419 0.00823045 0.00626787 0.0060423
823 0 1 2 215 353 0.00930233 0.00725978 0.00704225
824 0 1 2 176 344 0.0113636 0.0081282 0.00769231
825 0 1 2 255 451 0.00784314 0.00589755 0.00566572
826 0 1 2 221 419 0.00904977 0.00657244 0.00625
827 0 1 2 201 386 0.00995025 0.00718023 0.00681431
828 0 1 3 193 374 0.015544 0.0111662 0.010582
829 0 1 1 174 355 0.00574713 0.00402357 0.00378072
830 0 1 1 221 450 0.00452489 0.00317101 0.00298063
831 0 1 1 179 390 0.00558659 0.00378478 0.00351494
832 0 1 5 166 361 0.0301205 0.020425 0.0189753
833 0 1 1 136 344 0.00735294 0.00462329 0.00416667
834 0 1 0 186 418 0 0 0
835 0 1 0 144 378 0 0 0
836 0 1 2 135 329 0.0148148 0.00948998 0.00862069
837 0 1 0 119 312 0 0 0
838 0 1 0 164 386 0 0 0
839 0 1 0 157 355 0 0 0
840 0 1 1 144 324 0.00694444 0.00462963 0.0042735
841 0 1 2 132 321 0.0151515 0.00971607 0.00883002
842 0 1 1 121 274 0.00826446 0.00549202 0.00506329
843 0 1 1 191 368 0.0052356 0.00377189 0.00357782
844 0 1 1 174 350 0.00574713 0.0040522 0.00381679
845 0 1 0 158 314 0 0 0
846 0 1 1 143 303 0.00699301 0.00480409 0.00448431
847 0 1 1 233 403 0.00429185 0.00326339 0.00314465
848 0 1 2 204 340 0.00980392 0.00759409 0.00735294
849 0 1 2 189 321 0.010582 0.00811982 0.00784314
850 0 1 3 182 308 0.0164835 0.012671 0.0122449
851 0 1 4 267 455 0.0149813 0.0114762 0.0110803
852 0 1 2 236 400 0.00847458 0.00650945 0.00628931
853 0 1 0 205 363 0 0 0
854 0 1 1 188 343 0.00531915 0.00393798 0.00376648
855 0 1 1 253 450 0.00395257 0.00296369 0.00284495
856 0 1 1 187 374 0.00534759 0.00378132 0.00356506
857 0 1 1 189 360 0.00529101 0.0038337 0.00364299
858 0 1 0 171 330 0 0 0
859 0 1 2 217 404 0.00921659 0.00675475 0.00644122
860 0 1 2 193 387 0.0103627 0.00731806 0.00689655
861 0 1 2 179 348 0.0111732 0.00801335 0.00759013
862 0 1 2 227 475 0.00881057 0.00609074 0.00569801
863 0 1 4 209 428 0.0191388 0.0133741 0.0125589
864 0 1 3 194 374 0.0154639 0.0111374 0.0105634
865 0 1 4 178 337 0.0224719 0.0163318 0.015534
866 0 1 1 227 452 0.00440529 0.00312189 0.00294551
867 0 1 2 207 397 0.00966184 0.00697669 0.00662252
868 0 1 2 206 363 0.00970874 0.0073138 0.00702988
869 0 1 1 253 435 0.00395257 0.00301436 0.00290698
870 0 1 1 228 380 0.00438596 0.00339735 0.00328947
871 0 1 3 210 383 0.0142857 0.0105782 0.010118
872 0 1 6 277 431 0.0216607 0.0173649 0.0169492
873 0 1 6 233 389 0.0257511 0.0199296 0.0192926
874 0 1 6 216 371 0.0277778 0.0211952 0.0204429
875 0 1 4 199 340 0.0201005 0.0153778 0.0148423
876 0 1 5 283 446 0.0176678 0.0140737 0.0137174
877 0 1 4 245 367 0.0163265 0.0133396 0.0130719
878 0 1 1 232 368 0.00431034 0.00342241 0.00333333
879 0 1 1 298 479 0.0033557 0.00264682 0.002574
880 0 1 1 248 412 0.00403226 0.00312842 0.0030303
881 0 1 3 254 374 0.011811 0.00973349 0.00955414
882 0 1 2 324 504 0.00617284 0.00494928 0.00483092
883 0 1 4 284 457 0.0140845 0.0111031 0.0107962
884 0 1 5 285 421 0.0175439 0.0144347 0.0141643
885 0 1 1 357 560 0.00280112 0.00223652 0.00218102
886 0 1 0 313 495 0 0 0
887 0 1 1 316 473 0.00316456 0.00258658 0.00253485
888 0 1 0 308 433 0 0 0
889 0 1 0 366 521 0 0 0
890 0 1 2 341 480 0.0058651 0.00494347 0.00487211
891 0 1 1 317 442 0.00315457 0.00267152 0.00263505
892 0 1 3 296 410 0.0101351 0.00861159 0.00849858
893 0 1 4 371 511 0.0107817 0.00918676 0.00907029
894 0 1 6 333 458 0.018018 0.0153637 0.0151707
895 0 1 2 312 400 0.00641026 0.00566139 0.00561798
896 0 1 2 295 384 0.00677966 0.00594228 0.00589102
897 0 1 2 371 462 0.00539084 0.00483083 0.00480192
898 0 1 1 343 422 0.00291545 0.00262843 0.00261438
899 0 1 4 314 371 0.0127389 0.0117195 0.0116788
900 0 1 7 280 356 0.025 0.0221714 0.0220126
901 0 1 6 271 315 0.0221402 0.0205358 0.0204778
902 0 1 4 324 439 0.0123457 0.0106061 0.0104849
903 0 1 6 306 392 0.0196078 0.017324 0.017192
904 0 1 4 273 324 0.014652 0.0134495 0.0134003
905 0 1 9 280 325 0.0321429 0.0298347 0.0297521
906 0 1 7 347 415 0.0201729 0.0184463 0.0183727
907 0 1 8 322 364 0.0248447 0.0233675 0.0233236
908 0 1 7 292 332 0.0239726 0.0224821 0.0224359
909 0 1 7 272 321 0.0257353 0.0236898 0.0236088
910 0 1 10 335 434 0.0298507 0.026226 0.0260078
911 0 1 9 281 401 0.0320285 0.0268113 0.026393
912 0 1 10 264 365 0.0378788 0.0322145 0.0317965
913 0 1 10 251 342 0.0398406 0.0341311 0.0337268
914 0 1 13 309 445 0.0420712 0.0350578 0.0344828
915 0 1 13 275 388 0.0472727 0.039798 0.0392157
916 0 1 13 271 374 0.0479705 0.0408341 0.0403101
917 0 1 8 247 353 0.0323887 0.0270928 0.0266667
918 0 1 11 287 440 0.0383275 0.0309546 0.0302613
919 0 1 9 247 362 0.0364372 0.0300981 0.0295567
920 0 1 4 252 338 0.015873 0.0137057 0.0135593
921 0 1 0 324 411 0 0 0
922 0 1 0 277 370 0 0 0
923 0 1 1 288 323 0.00347222 0.00327871 0.00327332
924 0 1 1 359 413 0.00278552 0.00259703 0.00259067
925 0 1 0 325 382 0 0 0
926 0 1 0 322 335 0 0 0
927 0 1 2 359 452 0.00557103 0.00496494 0.00493218
928 0 1 2 325 400 0.00615385 0.005547 0.00551724
929 0 1 5 282 399 0.0177305 0.0149059 0.0146843
930 0 1 4 364 486 0.010989 0.00951023 0.00941176
931 0 1 9 311 447 0.0289389 0.0241384 0.0237467
932 0 1 8 280 399 0.0285714 0.0239345 0.0235641
933 0 1 7 368 479 0.0190217 0.0166727 0.0165289
934 0 1 10 313 428 0.0319489 0.0273216 0.0269906
935 0 1 11 305 375 0.0360656 0.0325257 0.0323529
936 0 1 6 353 460 0.0169972 0.0148897 0.0147601
937 0 1 5 328 412 0.0152439 0.0136014 0.0135135
938 0 1 5 303 383 0.0165017 0.0146774 0.0145773
939 0 1 0 311 349 0 0 0
940 0 1 4 380 443 0.0105263 0.00974914 0.00972054
941 0 1 2 344 403 0.00581395 0.00537153 0.00535475
942 0 1 2 309 355 0.00647249 0.0060386 0.0060241
943 0 1 3 297 342 0.010101 0.00941304 0.00938967
944 0 1 1 365 458 0.00273973 0.0024458 0.00243013
945 0 1 7 330 400 0.0212121 0.0192669 0.0191781
946 0 1 3 306 365 0.00980392 0.00897665 0.00894188
947 0 1 9 300 353 0.03 0.0276563 0.0275651
948 0 1 5 393 480 0.0127226 0.0115121 0.0114548
949 0 1 8 339 426 0.0235988 0.0210516 0.020915
950 0 1 5 304 350 0.0164474 0.0153285 0.0152905
951 0 1 5 295 343 0.0169492 0.0157185 0.015674
952 0 1 5 385 404 0.012987 0.0126779 0.0126743
953 0 1 6 337 364 0.0178042 0.0171311 0.0171184
954 0 1 3 344 357 0.00872093 0.00856067 0.0085592
955 0 1 4 423 484 0.00945626 0.0088403 0.00882029
956 0 1 3 382 420 0.0078534 0.00748971 0.0074813
957 0 1 4 344 379 0.0116279 0.011078 0.011065
958 0 1 7 330 356 0.0212121 0.0204228 0.0204082
959 0 1 7 403 451 0.0173697 0.0164194 0.0163934
960 0 1 5 308 365 0.0162338 0.0149124 0.0148588
961 0 1 2 304 344 0.00657895 0.00618463 0.00617284
962 0 1 9 270 316 0.0333333 0.0308118 0.0307167
963 0 1 6 347 390 0.0172911 0.01631 0.0162822
964 0 1 6 294 331 0.0204082 0.0192337 0.0192
965 0 1 7 247 268 0.0283401 0.0272071 0.0271845
966 0 1 8 215 255 0.0372093 0.0341665 0.0340426
967 0 1 5 245 343 0.0204082 0.017248 0.0170068
968 0 1 6 194 299 0.0309278 0.0249124 0.0243408
969 0 1 1 215 281 0.00465116 0.00406844 0.00403226
970 0 1 6 188 266 0.0319149 0.0268307 0.0264317
971 0 1 7 243 341 0.0288066 0.0243174 0.0239726
972 0 1 4 217 307 0.0184332 0.0154975 0.0152672
973 0 1 4 207 294 0.0193237 0.0162144 0.0159681
974 0 1 4 198 270 0.020202 0.0173 0.017094
975 0 1 5 259 350 0.019305 0.0166068 0.0164204
976 0 1 2 230 316 0.00869565 0.00741861 0.00732601
977 0 1 2 224 312 0.00892857 0.00756534 0.00746269
978 0 1 5 191 273 0.026178 0.0218964 0.0215517
979 0 1 6 283 374 0.0212014 0.0184426 0.0182648
980 0 1 7 224 339 0.03125 0.0254024 0.0248668
981 0 1 5 241 317 0.0207469 0.0180897 0.0179211
982 0 1 1 190 287 0.00526316 0.00428235 0.00419287
983 0 1 3 254 388 0.011811 0.00955627 0.00934579
984 0 1 3 191 326 0.0157068 0.0120225 0.0116054
985 0 1 3 194 318 0.0154639 0.0120783 0.0117188
986 0 1 5 246 411 0.0203252 0.0157247 0.0152207
987 0 1 5 225 363 0.0222222 0.0174955 0.0170068
988 0 1 1 207 353 0.00483092 0.00369937 0.00357143
989 0 1 4 280 433 0.0142857 0.0114878 0.0112202
990 0 1 3 241 387 0.0124481 0.0098233 0.00955414
991 0 1 5 203 358 0.0246305 0.0185473 0.0178253
992 0 1 5 267 444 0.0187266 0.0145219 0.0140647
993 0 1 4 243 400 0.0164609 0.01283 0.0124417
994 0 1 4 226 389 0.0176991 0.0134906 0.0130081
995 0 1 1 266 454 0.0037594 0.00287761 0.00277778
996 0 1 2 232 416 0.00862069 0.00643783 0.00617284
997 0 1 3 210 388 0.0142857 0.0105098 0.0100334
998 0 1 4 287 470 0.0139373 0.0108911 0.010568
999 0 1 2 249 433 0.00803213 0.00609097 0.0058651
1000 0 1 3 234 410 0.0128205 0.00968549 0.00931677
1001 0 1 4 258 446 0.0155039 0.0117919 0.0113636
1002 0 1 6 233 426 0.0257511 0.0190445 0.0182094
1003 0 1 5 205 409 0.0243902 0.0172676 0.0162866
1004 0 1 0 265 466 0 0 0
1005 0 1 0 239 422 0 0 0
1006 0 1 1 214 401 0.0046729 0.00341367 0.00325203
1007 0 1 0 265 474 0 0 0
1008 0 1 0 229 418 0 0 0
1009 0 1 1 222 395 0.0045045 0.00337695 0.00324149
1010 0 1 0 270 464 0 0 0
1011 0 1 1 242 447 0.00413223 0.00304045 0.00290276
1012 0 1 4 207 395 0.0193237 0.0139887 0.013289
1013 0 1 3 270 443 0.0111111 0.00867436 0.00841515
1014 0 1 5 227 402 0.0220264 0.0165518 0.0158983
1015 0 1 6 202 400 0.029703 0.0211079 0.0199336
1016 0 1 7 264 480 0.0265152 0.0196642 0.0188172
1017 0 1 4 231 438 0.017316 0.0125753 0.0119581
1018 0 1 5 215 416 0.0232558 0.0167188 0.0158479
1019 0 1 5 251 498 0.0199203 0.0141422 0.0133511
1020 0 1 2 238 454 0.00840336 0.00608434 0.00578035
1021 0 1 3 232 421 0.012931 0.00959923 0.00918836
1022 0 1 5 264 490 0.0189394 0.0139018 0.0132626
1023 0 1 3 241 473 0.0124481 0.00888551 0.00840336
1024 0 1 5 227 455 0.0220264 0.0155579 0.0146628
1025 0 1 5 307 501 0.0162866 0.0127492 0.0123762
1026 0 1 6 252 464 0.0238095 0.0175466 0.0167598
1027 0 1 6 255 458 0.0235294 0.0175569 0.0168303
1028 0 1 11 315 521 0.0349206 0.027153 0.0263158
1029 0 1 10 292 472 0.0342466 0.0269363 0.026178
1030 0 1 12 274 459 0.0437956 0.0338376 0.0327422
1031 0 1 10 338 531 0.0295858 0.0236045 0.023015
1032 0 1 9 309 502 0.0291262 0.0228513 0.0221948
1033 0 1 10 297 473 0.03367 0.0266803 0.025974
1034 0 1 9 282 448 0.0319149 0.0253209 0.0246575
1035 0 1 9 334 518 0.0269461 0.0216374 0.0211268
1036 0 1 12 302 462 0.0397351 0.032126 0.0314136
1037 0 1 9 286 456 0.0314685 0.0249217 0.0242588
1038 0 1 13 300 491 0.0433333 0.0338721 0.0328698
1039 0 1 7 279 448 0.0250896 0.0197996 0.0192572
1040 0 1 10 289 435 0.0346021 0.0282037 0.0276243
1041 0 1 11 306 444 0.0359477 0.0298429 0.0293333
1042 0 1 10 309 432 0.0323625 0.0273703 0.0269906
1043 0 1 14 292 413 0.0479452 0.0403145 0.0397163
1044 0 1 19 309 476 0.0614887 0.0495417 0.0484076
1045 0 1 18 283 441 0.0636042 0.0509519 0.0497238
1046 0 1 18 285 426 0.0631579 0.0516589 0.0506329
1047 0 1 13 308 500 0.0422078 0.0331271 0.0321782
1048 0 1 16 296 469 0.0540541 0.0429425 0.0418301
1049 0 1 21 285 449 0.0736842 0.0587048 0.0572207
1050 0 1 18 312 492 0.0576923 0.0459423 0.0447761
1051 0 1 16 309 476 0.0517799 0.0417193 0.0407643
1052 0 1 19 291 464 0.0652921 0.0517069 0.0503311
1053 0 1 16 288 465 0.0555556 0.0437217 0.0424967
1054 0 1 19 328 552 0.0579268 0.0446526 0.0431818
1055 0 1 15 300 501 0.05 0.0386912 0.0374532
1056 0 1 16 302 464 0.0529801 0.0427423 0.0417755
1057 0 1 9 334 535 0.0269461 0.0212908 0.0207135
1058 0 1 13 311 491 0.0418006 0.0332677 0.032419
1059 0 1 11 298 478 0.0369128 0.0291454 0.0283505
1060 0 1 11 361 548 0.0304709 0.0247314 0.0242024
1061 0 1 13 297 502 0.043771 0.0336677 0.0325407
1062 0 1 16 300 474 0.0533333 0.0424297 0.0413437
1063 0 1 10 321 546 0.0311526 0.0238864 0.023068
1064 0 1 12 313 505 0.0383387 0.0301831 0.0293399
1065 0 1 11 312 510 0.0352564 0.0275759 0.026764
1066 0 1 17 291 467 0.0584192 0.0461152 0.0448549
1067 0 1 23 335 538 0.0686567 0.0541769 0.0526919
1068 0 1 21 316 504 0.0664557 0.0526212 0.0512195
1069 0 1 19 293 490 0.0648464 0.0501443 0.0485313
1070 0 1 17 276 458 0.0615942 0.0478147 0.0463215
1071 0 1 8 309 528 0.02589 0.0198059 0.0191159
1072 0 1 11 292 483 0.0376712 0.0292906 0.0283871
1073 0 1 8 299 468 0.0267559 0.0213861 0.0208605
1074 0 1 9 277 450 0.032491 0.0254916 0.0247593
1075 0 1 8 318 512 0.0251572 0.0198263 0.0192771
1076 0 1 12 291 467 0.0412371 0.0325519 0.0316623
1077 0 1 10 303 441 0.0330033 0.0273564 0.0268817
1078 0 1 10 280 424 0.0357143 0.0290227 0.0284091
1079 0 1 12 347 525 0.0345821 0.0281149 0.0275229
1080 0 1 15 322 484 0.0465838 0.0379962 0.0372208
1081 0 1 13 320 466 0.040625 0.0336648 0.0330789
1082 0 1 17 295 431 0.0576271 0.0476759 0.046832
1083 0 1 18 370 502 0.0486486 0.0417657 0.0412844
1084 0 1 16 332 470 0.0481928 0.0405044 0.0399003
1085 0 1 16 299 460 0.0535117 0.0431425 0.0421607
1086 0 1 21 337 524 0.0623145 0.0499734 0.0487805
1087 0 1 20 299 488 0.0668896 0.0523582 0.0508259
1088 0 1 18 291 474 0.0618557 0.048466 0.0470588
1089 0 1 18 336 541 0.0535714 0.0422186 0.041049
1090 0 1 18 302 482 0.0596026 0.0471787 0.0459184
1091 0 1 13 290 485 0.0448276 0.0346636 0.0335484
1092 0 1 23 348 523 0.066092 0.0539122 0.0528129
1093 0 1 23 303 499 0.0759076 0.0591502 0.0573566
1094 0 1 26 281 466 0.0925267 0.0718501 0.0696118
1095 0 1 23 313 515 0.0734824 0.0572865 0.0555556
1096 0 1 19 270 473 0.0703704 0.0531669 0.051144
1097 0 1 22 270 411 0.0814815 0.0660419 0.0646109
1098 0 1 18 239 408 0.0753138 0.0576426 0.0556414
1099 0 1 26 265 485 0.0981132 0.0725236 0.0693333
1100 0 1 29 260 452 0.111538 0.0845945 0.0814607
1101 0 1 27 234 444 0.115385 0.0837653 0.079646
1102 0 1 22 225 411 0.0977778 0.0723453 0.0691824
1103 0 1 19 275 482 0.0690909 0.0521872 0.0501981
1104 0 1 16 253 448 0.0632411 0.0475248 0.0456491
1105 0 1 23 224 403 0.102679 0.0765511 0.0733652
1106 0 1 20 219 398 0.0913242 0.0677433 0.0648298
1107 0 1 19 296 458 0.0641892 0.051603 0.0503979
1108 0 1 16 257 414 0.0622568 0.0490516 0.04769
1109 0 1 23 261 385 0.0881226 0.0725567 0.0712074
1110 0 1 23 236 343 0.0974576 0.0808397 0.0794473
1111 0 1 15 261 433 0.0574713 0.0446197 0.0432277
1112 0 1 8 234 371 0.034188 0.0271516 0.0264463
1113 0 1 9 241 367 0.0373444 0.0302622 0.0296053
1114 0 1 11 212 347 0.0518868 0.0405565 0.039356
1115 0 1 10 276 422 0.0362319 0.0293015 0.0286533
1116 0 1 9 254 386 0.0354331 0.028743 0.028125
1117 0 1 13 251 373 0.0517928 0.0424866 0.0416667
1118 0 1 11 223 346 0.0493274 0.0396006 0.0386643
1119 0 1 8 287 406 0.0278746 0.0234361 0.023088
1120 0 1 11 254 368 0.0433071 0.0359792 0.0353698
1121 0 1 10 244 357 0.0409836 0.0338821 0.0332779
1122 0 1 15 220 324 0.0681818 0.0561833 0.0551471
1123 0 1 26 256 408 0.101562 0.0804495 0.0783133
1124 0 1 18 242 380 0.0743802 0.0593571 0.0578778
1125 0 1 9 232 344 0.0387931 0.0318581 0.03125
1126 0 1 10 256 398 0.0390625 0.0313284 0.030581
1127 0 1 15 261 392 0.0574713 0.0468952 0.0459418
1128 0 1 14 236 362 0.059322 0.047898 0.0468227
1129 0 1 15 224 344 0.0669643 0.0540366 0.0528169
1130 0 1 20 293 415 0.0682594 0.0573551 0.0564972
1131 0 1 17 244 387 0.0696721 0.0553221 0.0538827
1132 0 1 15 235 365 0.0638298 0.0512166 0.05
1133 0 1 11 299 419 0.0367893 0.0310778 0.0306407
1134 0 1 7 260 394 0.0269231 0.0218707 0.0214067
1135 0 1 5 258 363 0.0193798 0.0163383 0.0161031
1136 0 1 6 286 383 0.020979 0.0181288 0.0179372
1137 0 1 7 235 358 0.0297872 0.0241336 0.0236088
1138 0 1 3 213 324 0.0140845 0.0114198 0.0111732
1139 0 1 7 206 369 0.0339806 0.0253893 0.0243478
1140 0 1 5 179 329 0.027933 0.0206037 0.019685
1141 0 1 4 175 341 0.0228571 0.0163743 0.0155039
1142 0 1 1 135 326 0.00740741 0.00476677 0.00433839
1143 0 1 0 96 293 0 0 0
1144 0 1 0 75 298 0 0 0
1145 0 1 0 79 281 0 0 0
1146 0 1 0 84 270 0 0 0
1147 0 1 0 89 270 0 0 0
1148 0 1 2 125 276 0.016 0.0107676 0.00997506
1149 0 1 3 130 273 0.0230769 0.0159246 0.0148883
1150 0 1 1 112 218 0.00892857 0.00639975 0.00606061
1151 0 1 0 137 260 0 0 0
1152 0 1 2 123 225 0.0162602 0.0120223 0.0114943
1153 0 1 0 134 255 0 0 0
1154 0 1 1 166 329 0.0060241 0.00427906 0.0040404
1155 0 1 0 145 294 0 0 0
1156 0 1 2 145 284 0.0137931 0.00985568 0.00932401
1157 0 1 0 163 380 0 0 0
1158 0 1 0 140 317 0 0 0
1159 0 1 1 139 289 0.00719424 0.00498935 0.0046729
1160 0 1 0 134 338 0 0 0
1161 0 1 0 113 307 0 0 0
1162 0 1 0 117 279 0 0 0
1163 0 1 0 155 330 0 0 0
1164 0 1 1 133 265 0.0075188 0.00532661 0.00502513
1165 0 1 0 137 288 0 0 0
1166 0 1 1 165 335 0.00606061 0.00425339 0.004
1167 0 1 0 133 308 0 0 0
1168 0 1 2 134 318 0.0149254 0.00968867 0.00884956
1169 0 1 0 121 265 0 0 0
1170 0 1 0 148 345 0 0 0
1171 0 1 2 136 317 0.0147059 0.00963232 0.00883002
1172 0 1 2 149 310 0.0134228 0.00930585 0.0087146
1173 0 1 3 128 296 0.0234375 0.0154124 0.0141509
1174 0 1 3 146 333 0.0205479 0.0136058 0.0125261
1175 0 1 5 130 293 0.0384615 0.0256191 0.0236407
1176 0 1 2 147 314 0.0136054 0.00930907 0.00867679
1177 0 1 3 178 409 0.0168539 0.0111186 0.0102215
1178 0 1 0 156 384 0 0 0
1179 0 1 3 154 346 0.0194805 0.0129964 0.012
1180 0 1 0 153 352 0 0 0
1181 0 1 0 418 558 0 0 0
1182 0 1 0 386 492 0 0 0
1183 0 1 0 376 463 0 0 0
1184 0 1 0 366 460 0 0 0
1185 0 1 0 329 407 0 0 0
1186 0 1 1 479 549 0.00208768 0.00195005 0.00194553
1187 0 1 0 428 470 0 0 0
1188 0 1 1 408 436 0.00245098 0.00237097 0.00236967
1189 0 1 1 426 428 0.00234742 0.00234193 0.00234192
1190 0 1 2 417 411 0.00486618 0.00483104 0.00483092
1191 0 1 1 520 546 0.00192308 0.00187673 0.00187617
1192 0 1 1 479 507 0.00208768 0.00202922 0.0020284
1193 0 1 2 471 485 0.00424628 0.00418455 0.0041841
1194 0 1 1 484 488 0.00206612 0.00205763 0.00205761
1195 0 1 2 464 491 0.00431034 0.00419016 0.00418848
1196 0 1 3 461 481 0.00650759 0.00637086 0.00636943
1197 0 1 3 436 444 0.00688073 0.00681846 0.00681818
1198 0 1 1 589 625 0.00169779 0.00164817 0.00164745
1199 0 1 3 572 577 0.00524476 0.00522198 0.00522193
1200 0 1 2 562 532 0.0037594 0.00365768 0.00365631
1201 0 1 3 556 520 0.00576923 0.00557933 0.00557621
1202 0 1 1 524 492 0.00203252 0.00196948 0.0019685
1203 0 1 2 515 490 0.00408163 0.00398133 0.0039801
1204 0 1 4 513 461 0.00867679 0.00822528 0.00821355
1205 0 1 1 508 438 0.0022831 0.00211998 0.00211416
1206 0 1 3 630 642 0.0047619 0.00471719 0.00471698
1207 0 1 1 596 622 0.00167785 0.00164241 0.00164204
1208 0 1 4 588 599 0.00680272 0.00673997 0.00673968
1209 0 1 1 569 569 0.00175747 0.00175747 0.00175747
1210 0 1 4 546 544 0.00735294 0.00733946 0.00733945
1211 0 1 3 518 506 0.00592885 0.00585978 0.00585938
1212 0 1 1 578 650 0.0017301 0.00163147 0.00162866
1213 0 1 3 557 601 0.005386 0.00518509 0.00518135
1214 0 1 5 541 553 0.00924214 0.00914132 0.00914077
1215 0 1 3 529 525 0.00571429 0.00569264 0.0056926
1216 0 1 4 572 596 0.00699301 0.00685076 0.00684932
1217 0 1 6 526 528 0.0114068 0.0113852 0.0113852
1218 0 1 2 527 524 0.00381679 0.00380591 0.0038059
1219 0 1 7 523 507 0.0138067 0.0135939 0.0135922
1220 0 1 4 552 605 0.00724638 0.0069217 0.00691443
1221 0 1 4 527 565 0.00759013 0.00733045 0.00732601
1222 0 1 4 510 532 0.00784314 0.00767926 0.00767754
1223 0 1 5 488 498 0.0102459 0.0101425 0.010142
1224 0 1 3 531 583 0.00564972 0.00539187 0.005386
1225 0 1 2 539 562 0.00371058 0.00363385 0.00363306
1226 0 1 3 529 539 0.00567108 0.00561822 0.00561798
1227 0 1 3 520 493 0.00608519 0.00592511 0.005923
1228 0 1 3 585 590 0.00512821 0.00510643 0.00510638
1229 0 1 5 546 544 0.00919118 0.00917433 0.00917431
1230 0 1 4 537 551 0.00744879 0.00735355 0.00735294
1231 0 1 5 500 524 0.01 0.00976831 0.00976562
1232 0 1 9 495 500 0.0181818 0.0180907 0.0180905
1233 0 1 5 596 640 0.00838926 0.00809575 0.00809062
1234 0 1 4 570 583 0.00701754 0.00693886 0.00693842
1235 0 1 2 545 561 0.00366972 0.00361701 0.00361664
1236 0 1 3 517 510 0.00588235 0.00584239 0.00584226
1237 0 1 3 564 621 0.00531915 0.00506916 0.00506329
1238 0 1 3 537 575 0.00558659 0.00539884 0.00539568
1239 0 1 4 511 535 0.00782779 0.0076502 0.00764818
1240 0 1 4 504 527 0.00793651 0.00776139 0.00775946
1241 0 1 4 532 648 0.0075188 0.00681266 0.00677966
1242 0 1 4 524 614 0.00763359 0.00705197 0.00702988
1243 0 1 1 494 554 0.00202429 0.00191153 0.0019084
1244 0 1 2 476 531 0.00420168 0.00397813 0.00397219
1245 0 1 4 545 585 0.00733945 0.00708409 0.00707965
1246 0 1 4 492 550 0.00813008 0.00768946 0.00767754
1247 0 1 5 483 564 0.010352 0.00957981 0.0095511
1248 0 1 5 461 544 0.010846 0.00998436 0.00995025
1249 0 1 1 510 606 0.00196078 0.00179878 0.00179211
1250 0 1 2 488 573 0.00409836 0.00378219 0.00377003
1251 0 1 1 447 565 0.00223714 0.00198986 0.00197628
1252 0 1 0 435 539 0 0 0
1253 0 1 0 499 621 0 0 0
1254 0 1 2 442 594 0.00452489 0.00390324 0.003861
1255 0 1 3 424 595 0.00707547 0.00597283 0.00588813
1256 0 1 1 406 554 0.00246305 0.00210854 0.00208333
1257 0 1 1 456 626 0.00219298 0.00187167 0.00184843
1258 0 1 1 433 610 0.00230947 0.00194577 0.00191755
1259 0 1 1 405 572 0.00246914 0.00207766 0.00204708
1260 0 1 0 387 554 0 0 0
1261 0 1 1 441 617 0.00226757 0.00191707 0.00189036
1262 0 1 0 408 621 0 0 0
1263 0 1 1 386 593 0.00259067 0.00209016 0.0020429
1264 0 1 1 382 536 0.0026178 0.00220997 0.00217865
1265 0 1 0 442 655 0 0 0
1266 0 1 0 404 572 0 0 0
1267 0 1 1 374 571 0.0026738 0.00216394 0.0021164
1268 0 1 0 364 556 0 0 0
1269 0 1 3 443 632 0.00677201 0.00566971 0.0055814
1270 0 1 3 409 607 0.00733496 0.00602095 0.00590551
1271 0 1 2 394 570 0.00507614 0.00422031 0.00414938
1272 0 1 1 377 547 0.00265252 0.00220209 0.0021645
1273 0 1 1 442 674 0.00226244 0.00183214 0.00179211
1274 0 1 2 404 630 0.00495049 0.00396432 0.00386847
1275 0 1 3 397 627 0.00755668 0.00601301 0.00585938
1276 0 1 2 371 614 0.00539084 0.00419043 0.00406091
1277 0 1 2 358 586 0.00558659 0.00436656 0.00423729
1278 0 1 2 468 712 0.0042735 0.00346471 0.00338983
1279 0 1 1 433 671 0.00230947 0.00185522 0.00181159
1280 0 1 3 423 645 0.0070922 0.00574343 0.00561798
1281 0 1 0 407 642 0 0 0
1282 0 1 3 361 570 0.00831025 0.00661348 0.00644468
1283 0 1 0 336 596 0 0 0
1284 0 1 2 324 581 0.00617284 0.00460967 0.00441989
1285 0 1 0 344 564 0 0 0
1286 0 1 3 443 583 0.00677201 0.00590317 0.00584795
1287 0 1 4 412 575 0.00970874 0.00821821 0.00810537
1288 0 1 4 412 525 0.00970874 0.00860066 0.00853789
1289 0 1 3 518 598 0.00579151 0.00539021 0.00537634
1290 0 1 2 481 561 0.004158 0.00385014 0.00383877
1291 0 1 4 512 535 0.0078125 0.00764272 0.00764088
1292 0 1 5 487 511 0.0102669 0.0100229 0.01002
1293 0 1 3 569 607 0.00527241 0.00510471 0.00510204
1294 0 1 9 535 558 0.0168224 0.0164721 0.0164684
1295 0 1 7 549 520 0.0134615 0.0131012 0.0130964
1296 0 1 2 514 497 0.00402414 0.00395704 0.00395648
1297 0 1 3 563 567 0.0053286 0.00530977 0.00530973
1298 0 1 5 540 547 0.00925926 0.00919982 0.00919963
1299 0 1 8 518 513 0.0155945 0.0155191 0.0155189
1300 0 1 3 574 581 0.00522648 0.0051949 0.00519481
1301 0 1 2 525 496 0.00403226 0.00391931 0.00391773
1302 0 1 0 501 495 0 0 0
1303 0 1 3 497 466 0.00643777 0.00623376 0.00623053
1304 0 1 0 517 510 0 0 0
1305 0 1 0 474 481 0 0 0
1306 0 1 0 405 424 0 0 0
1307 0 1 0 349 366 0 0 0
1308 0 1 0 418 382 0 0 0
1309 0 1 0 371 327 0 0 0
1310 0 1 0 337 312 0 0 0
1311 0 1 0 416 349 0 0 0
1312 0 1 0 368 283 0 0 0
1313 0 1 0 308 252 0 0 0
1314 0 1 0 259 234 0 0 0
1315 0 1 1 437 302 0.00331126 0.00275268 0.00270636
1316 0 1 1 384 270 0.0037037 0.00310565 0.0030581
1317 0 1 2 332 213 0.00938967 0.00752092 0.00733945
1318 0 1 2 476 292 0.00684932 0.00536457 0.00520833
1319 0 1 1 390 243 0.00411523 0.00324836 0.00315956
1320 0 1 2 345 190 0.0105263 0.00781167 0.00747664
1321 0 1 1 472 287 0.00348432 0.00271699 0.00263505
1322 0 1 1 376 220 0.00454545 0.00347692 0.0033557
1323 0 1 1 334 171 0.00584795 0.00418436 0.0039604
1324 0 1 1 378 299 0.00334448 0.00297453 0.00295421
1325 0 1 0 330 257 0 0 0
1326 0 1 0 336 300 0 0 0
1327 0 1 0 247 237 0 0 0
1328 0 1 0 333 286 0 0 0
1329 0 1 1 276 231 0.004329 0.0039604 0.00394477
1330 0 1 0 306 290 0 0 0
1331 0 1 1 242 221 0.00452489 0.0043241 0.00431965
1332 0 1 2 316 308 0.00649351 0.00641078 0.00641026
1333 0 1 1 262 261 0.00383142 0.0038241 0.00382409
1334 0 1 0 381 300 0 0 0
1335 0 1 0 307 262 0 0 0
1336 0 1 0 405 323 0 0 0
1337 0 1 0 339 253 0 0 0
1338 0 1 2 425 342 0.00584795 0.00524593 0.00521512
1339 0 1 2 366 302 0.00662252 0.0060157 0.00598802
1340 0 1 1 408 329 0.00303951 0.00272943 0.0027137
1341 0 1 1 419 328 0.00304878 0.00269747 0.00267738
1342 0 1 1 438 329 0.00303951 0.0026343 0.00260756
1343 0 1 0 453 350 0 0 0
1344 0 1 0 482 349 0 0 0
1345 0 1 0 492 344 0 0 0
1346 0 1 1 465 369 0.00271003 0.00241413 0.00239808
1347 0 1 0 464 346 0 0 0
1348 0 1 0 415 332 0 0 0
1349 0 1 0 420 368 0 0 0
1350 0 1 2 360 317 0.00630915 0.00592037 0.00590842
1351 0 1 2 382 395 0.0052356 0.00514873 0.00514801
1352 0 1 1 267 306 0.00374532 0.00349851 0.0034904
1353 0 1 4 243 309 0.0164609 0.0145975 0.0144928
1354 0 1 0 224 366 0 0 0
1355 0 1 0 160 261 0 0 0
1356 0 1 2 215 335 0.00930233 0.00745227 0.00727273
1357 0 1 1 145 249 0.00689655 0.00526279 0.00507614
1358 0 1 0 175 295 0 0 0
1359 0 1 0 141 250 0 0 0
1360 0 1 0 160 303 0 0 0
1361 0 1 0 136 218 0 0 0
1362 0 1 0 162 279 0 0 0
1363 0 1 0 114 206 0 0 0
1364 0 1 0 157 267 0 0 0
1365 0 1 0 128 208 0 0 0
1366 0 1 0 180 263 0 0 0
1367 0 1 1 149 229 0.00671141 0.00541364 0.00529101
1368 0 1 0 176 266 0 0 0
1369 0 1 0 134 222 0 0 0
1370 0 1 1 170 272 0.00588235 0.00465041 0.00452489
1371 0 1 1 136 240 0.00735294 0.00553509 0.00531915
1372 0 1 1 182 291 0.00549451 0.00434528 0.00422833
1373 0 1 0 163 272 0 0 0
1374 0 1 2 197 370 0.0101523 0.00740792 0.00705467
1375 0 1 2 178 338 0.011236 0.00815383 0.00775194
1376 0 1 3 154 314 0.0194805 0.0136426 0.0128205
1377 0 1 2 229 447 0.00873362 0.00625113 0.00591716
1378 0 1 1 217 423 0.00460829 0.00330065 0.003125
1379 0 1 2 181 411 0.0110497 0.0073328 0.00675676
1380 0 1 2 156 350 0.0128205 0.00855921 0.00790514
1381 0 1 1 230 490 0.00434783 0.00297878 0.00277778
1382 0 1 1 214 450 0.0046729 0.00322245 0.00301205
1383 0 1 2 211 409 0.00947867 0.00680812 0.00645161
1384 0 1 1 173 380 0.00578035 0.00390018 0.00361664
1385 0 1 3 262 537 0.0114504 0.00799804 0.00750939
1386 0 1 1 220 532 0.00454545 0.00292303 0.00265957
1387 0 1 1 224 501 0.00446429 0.00298509 0.00275862
1388 0 1 2 199 442 0.0100503 0.00674361 0.00624025
1389 0 1 3 193 393 0.015544 0.010893 0.0102389
1390 0 1 2 263 538 0.00760456 0.00531693 0.00499376
1391 0 1 2 241 491 0.00829876 0.00581408 0.00546448
1392 0 1 5 212 454 0.0235849 0.0161166 0.015015
1393 0 1 3 192 417 0.015625 0.0106024 0.00985222
1394 0 1 4 250 492 0.016 0.0114053 0.0107817
1395 0 1 4 236 496 0.0169492 0.0116913 0.010929
1396 0 1 3 218 478 0.0137615 0.00929349 0.00862069
1397 0 1 2 198 423 0.010101 0.00691078 0.00644122
1398 0 1 4 266 570 0.0150376 0.0102726 0.00956938
1399 0 1 3 253 532 0.0118577 0.00817721 0.00764331
1400 0 1 0 221 515 0 0 0
1401 0 1 0 214 488 0 0 0
1402 0 1 0 211 461 0 0 0
1403 0 1 1 298 608 0.0033557 0.00234931 0.00220751
1404 0 1 0 271 586 0 0 0
1405 0 1 1 229 536 0.00436681 0.0028543 0.00261438
1406 0 1 2 219 515 0.00913242 0.00595531 0.00544959
1407 0 1 0 277 649 0 0 0
1408 0 1 1 266 613 0.0037594 0.00247645 0.00227531
1409 0 1 0 241 572 0 0 0
1410 0 1 1 222 552 0.0045045 0.00285663 0.00258398
1411 0 1 0 309 678 0 0 0
1412 0 1 0 283 654 0 0 0
1413 0 1 0 260 608 0 0 0
1414 0 1 0 242 580 0 0 0
1415 0 1 0 230 569 0 0 0
1416 0 1 1 296 692 0.00337838 0.00220954 0.00202429
1417 0 1 0 286 658 0 0 0
1418 0 1 0 251 620 0 0 0
1419 0 1 0 226 596 0 0 0
1420 0 1 0 300 698 0 0 0
1421 0 1 0 288 663 0 0 0
1422 0 1 0 284 629 0 0 0
1423 0 1 0 274 558 0 0 0
1424 0 1 0 341 686 0 0 0
1425 0 1 0 332 667 0 0 0
1426 0 1 0 294 612 0 0 0
1427 0 1 0 294 549 0 0 0
1428 0 1 0 357 682 0 0 0
1429 0 1 1 328 635 0.00304878 0.00219117 0.00207684
1430 0 1 0 310 600 0 0 0
1431 0 1 1 280 561 0.00357143 0.00252313 0.00237812
1432 0 1 0 370 664 0 0 0
1433 0 1 0 354 627 0 0 0
1434 0 1 0 307 579 0 0 0
1435 0 1 0 369 676 0 0 0
1436 0 1 0 323 636 0 0 0
1437 0 1 0 288 606 0 0 0
1438 0 1 1 326 694 0.00306748 0.00210238 0.00196078
1439 0 1 1 301 619 0.00332226 0.00231671 0.00217391
1440 0 1 3 291 573 0.0103093 0.00734679 0.00694444
1441 0 1 2 305 574 0.00655738 0.00477996 0.00455063
1442 0 1 2 265 526 0.00754717 0.00535691 0.00505689
1443 0 1 2 278 504 0.00719424 0.00534309 0.00511509
1444 0 1 2 319 617 0.00626959 0.00450809 0.0042735
1445 0 1 1 256 535 0.00390625 0.00270211 0.00252845
1446 0 1 1 315 595 0.0031746 0.00230986 0.0021978
1447 0 1 1 282 568 0.0035461 0.00249863 0.00235294
1448 0 1 1 305 605 0.00327869 0.00232794 0.0021978
1449 0 1 0 276 594 0 0 0
1450 0 1 0 220 519 0 0 0
1451 0 1 0 266 560 0 0 0
1452 0 1 0 237 540 0 0 0
1453 0 1 0 219 507 0 0 0
1454 0 1 0 281 584 0 0 0
1455 0 1 2 239 501 0.0083682 0.00577979 0.00540541
1456 0 1 3 277 598 0.0108303 0.00737107 0.00685714
1457 0 1 2 241 568 0.00829876 0.00540564 0.00494438
1458 0 1 1 211 500 0.00473934 0.00307875 0.00281294
1459 0 1 0 259 542 0 0 0
1460 0 1 0 204 446 0 0 0
1461 0 1 1 264 547 0.00378788 0.00263151 0.00246609
1462 0 1 0 240 535 0 0 0
1463 0 1 0 222 445 0 0 0
1464 0 1 2 273 530 0.00732601 0.00525788 0.00498132
1465 0 1 3 249 488 0.0120482 0.0086062 0.00814111
1466 0 1 6 206 436 0.0291262 0.0200205 0.0186916
1467 0 1 4 272 517 0.0147059 0.0106667 0.0101394
1468 0 1 6 209 457 0.0287081 0.0194142 0.018018
1469 0 1 3 195 382 0.0153846 0.0109919 0.0103986
1470 0 1 4 237 417 0.0168776 0.0127238 0.0122324
1471 0 1 7 201 388 0.0348259 0.0250659 0.0237691
1472 0 1 4 168 358 0.0238095 0.0163104 0.0152091
1473 0 1 8 220 418 0.0363636 0.026381 0.0250784
1474 0 1 8 190 383 0.0421053 0.0296561 0.0279232
1475 0 1 3 174 354 0.0172414 0.0120877 0.0113636
1476 0 1 3 229 424 0.0131004 0.00962766 0.00918836
1477 0 1 5 200 377 0.025 0.0182089 0.017331
1478 0 1 9 166 342 0.0542169 0.0377725 0.0354331
1479 0 1 6 187 409 0.0320856 0.0216955 0.0201342
1480 0 1 3 151 379 0.0198676 0.0125405 0.0113208
1481 0 1 6 150 350 0.04 0.0261861 0.024
1482 0 1 6 183 423 0.0327869 0.0215653 0.019802
1483 0 1 4 143 386 0.027972 0.0170254 0.0151229
1484 0 1 4 163 361 0.0245399 0.0164897 0.0152672
1485 0 1 2 217 445 0.00921659 0.00643606 0.0060423
1486 0 1 3 177 391 0.0169492 0.0114037 0.0105634
1487 0 1 8 173 377 0.0462428 0.0313254 0.0290909
1488 0 1 4 154 324 0.025974 0.0179072 0.0167364
1489 0 1 5 216 418 0.0231481 0.0166401 0.0157729
1490 0 1 2 195 385 0.0102564 0.00729932 0.00689655
1491 0 1 4 178 353 0.0224719 0.0159574 0.0150659
1492 0 1 4 178 327 0.0224719 0.0165797 0.0158416
1493 0 1 6 249 470 0.0240964 0.0175389 0.0166898
1494 0 1 5 223 426 0.0224215 0.0162223 0.0154083
1495 0 1 3 211 376 0.014218 0.0106509 0.0102215
1496 0 1 3 188 345 0.0159574 0.0117797 0.011257
1497 0 1 4 336 524 0.0119048 0.00953289 0.00930233
1498 0 1 4 293 476 0.0136519 0.0107108 0.0104031
1499 0 1 2 286 455 0.00699301 0.00554423 0.00539811
1500 0 1 4 258 423 0.0155039 0.0121082 0.0117474
1501 0 1 2 240 389 0.00833333 0.0065456 0.0063593
1502 0 1 3 236 336 0.0127119 0.0106536 0.0104895
1503 0 1 3 336 510 0.00892857 0.00724714 0.0070922
1504 0 1 1 333 474 0.003003 0.00251703 0.00247831
1505 0 1 3 304 466 0.00986842 0.00797061 0.00779221
1506 0 1 3 289 436 0.0103806 0.00845141 0.00827586
1507 0 1 3 276 428 0.0108696 0.0087286 0.00852273
1508 0 1 3 257 378 0.0116732 0.00962518 0.00944882
1509 0 1 5 384 512 0.0130208 0.0112764 0.0111607
1510 0 1 3 344 467 0.00872093 0.00748486 0.00739827
1511 0 1 4 340 434 0.0117647 0.010413 0.0103359
1512 0 1 2 314 404 0.00636943 0.00561532 0.00557103
1513 0 1 3 298 394 0.0100671 0.00875518 0.00867052
1514 0 1 3 459 538 0.00653595 0.00603704 0.00601805
1515 0 1 2 385 489 0.00519481 0.00460941 0.00457666
1516 0 1 1 387 461 0.00258398 0.00236752 0.00235849
1517 0 1 2 357 441 0.00560224 0.00504053 0.00501253
1518 0 1 3 321 421 0.00934579 0.0081607 0.00808625
1519 0 1 4 451 559 0.00886918 0.00796647 0.00792079
1520 0 1 2 399 512 0.00501253 0.00442495 0.00439078
1521 0 1 7 403 492 0.0173697 0.0157204 0.0156425
1522 0 1 6 362 450 0.0165746 0.0148659 0.0147783
1523 0 1 5 463 602 0.0107991 0.00947068 0.00938967
1524 0 1 7 403 513 0.0173697 0.0153953 0.0152838
1525 0 1 4 401 484 0.00997506 0.00907957 0.00903955
1526 0 1 1 361 467 0.00277008 0.0024355 0.00241546
1527 0 1 3 499 595 0.00601202 0.0055057 0.00548446
1528 0 1 3 414 530 0.00724638 0.00640447 0.00635593
1529 0 1 3 399 494 0.0075188 0.00675727 0.00671893
1530 0 1 4 496 649 0.00806452 0.00705012 0.0069869
1531 0 1 5 445 558 0.011236 0.010034 0.00997009
1532 0 1 4 426 544 0.00938967 0.00830913 0.00824742
1533 0 1 6 474 610 0.0126582 0.0111583 0.0110701
1534 0 1 2 406 558 0.00492611 0.00420194 0.00414938
1535 0 1 6 410 486 0.0146341 0.0134413 0.0133929
1536 0 1 1 447 620 0.00223714 0.00189955 0.00187441
1537 0 1 6 410 555 0.0146341 0.012578 0.0124352
1538 0 1 4 400 519 0.01 0.00877903 0.00870511
1539 0 1 4 471 613 0.00849257 0.00744422 0.00738007
1540 0 1 4 416 540 0.00961538 0.00843949 0.0083682
1541 0 1 6 404 513 0.0148515 0.0131796 0.0130862
1542 0 1 1 375 495 0.00266667 0.00232104 0.00229885
1543 0 1 3 460 594 0.00652174 0.00573917 0.0056926
1544 0 1 3 428 570 0.00700935 0.00607382 0.00601202
1545 0 1 3 400 535 0.0075 0.00648507 0.00641711
1546 0 1 5 466 678 0.0107296 0.00889533 0.00874126
1547 0 1 8 427 607 0.0187354 0.0157138 0.0154739
1548 0 1 3 404 569 0.00742574 0.00625712 0.0061665
1549 0 1 5 360 549 0.0138889 0.0112469 0.0110011
1550 0 1 3 432 631 0.00694444 0.00574599 0.0056444
1551 0 1 4 401 568 0.00997506 0.00838134 0.00825593
1552 0 1 1 400 543 0.0025 0.00214571 0.00212089
1553 0 1 2 353 484 0.00566572 0.0048386 0.00477897
1554 0 1 2 440 571 0.00454545 0.00399012 0.00395648
1555 0 1 3 410 521 0.00731707 0.00649098 0.00644468
1556 0 1 1 372 468 0.00268817 0.00239666 0.00238095
1557 0 1 1 326 433 0.00306748 0.00266163 0.00263505
1558 0 1 0 388 564 0 0 0
1559 0 1 2 339 516 0.0058997 0.00478195 0.00467836
1560 0 1 1 324 498 0.00308642 0.0024895 0.00243309
1561 0 1 4 293 466 0.0136519 0.0108251 0.0105402
1562 0 1 3 365 561 0.00821918 0.00662969 0.00647948
1563 0 1 2 308 504 0.00649351 0.00507621 0.00492611
1564 0 1 2 287 483 0.00696864 0.00537175 0.00519481
1565 0 1 0 269 454 0 0 0
1566 0 1 3 345 566 0.00869565 0.00678896 0.00658617
1567 0 1 5 332 496 0.0150602 0.0123214 0.0120773
1568 0 1 4 297 483 0.013468 0.0105611 0.0102564
1569 0 1 6 371 562 0.0161725 0.01314 0.0128617
1570 0 1 3 322 545 0.00931677 0.00716135 0.00692042
1571 0 1 2 326 497 0.00613497 0.0049687 0.00486027
1572 0 1 1 295 451 0.00338983 0.00274158 0.00268097
1573 0 1 2 356 547 0.00561798 0.00453222 0.00442968
1574 0 1 2 319 471 0.00626959 0.0051597 0.00506329
1575 0 1 1 267 446 0.00374532 0.00289786 0.00280505
1576 0 1 0 248 419 0 0 0
1577 0 1 0 327 504 0 0 0
1578 0 1 1 301 458 0.00332226 0.0026933 0.00263505
1579 0 1 1 278 441 0.00359712 0.002856 0.00278164
1580 0 1 1 233 426 0.00429185 0.00317408 0.0030349
1581 0 1 1 287 515 0.00348432 0.00260109 0.00249377
1582 0 1 1 261 476 0.00383142 0.00283711 0.0027137
1583 0 1 1 243 460 0.00411523 0.00299101 0.00284495
1584 0 1 1 215 417 0.00465116 0.00333974 0.00316456
1585 0 1 0 306 498 0 0 0
1586 0 1 0 263 432 0 0 0
1587 0 1 0 262 414 0 0 0
1588 0 1 0 222 400 0 0 0
1589 0 1 0 309 496 0 0 0
1590 0 1 0 263 468 0 0 0
1591 0 1 0 245 422 0 0 0
1592 0 1 0 298 527 0 0 0
1593 0 1 0 274 466 0 0 0
1594 0 1 0 226 443 0 0 0
1595 0 1 0 289 540 0 0 0
1596 0 1 0 245 472 0 0 0
1597 0 1 1 218 454 0.00458716 0.00317866 0.00297619
1598 0 1 0 203 434 0 0 0
1599 0 1 0 260 513 0 0 0
1600 0 1 0 230 460 0 0 0
1601 0 1 0 209 466 0 0 0
1602 0 1 0 263 555 0 0 0
1603 0 1 1 220 510 0.00454545 0.00298541 0.00273973
1604 0 1 2 184 446 0.0108696 0.00698158 0.00634921
1605 0 1 1 269 556 0.00371747 0.00258575 0.00242424
1606 0 1 0 214 516 0 0 0
1607 0 1 1 194 503 0.00515464 0.00320122 0.00286944
1608 0 1 2 186 472 0.0107527 0.00674998 0.00607903
1609 0 1 1 242 545 0.00413223 0.00275356 0.0025413
1610 0 1 1 194 472 0.00515464 0.00330467 0.003003
1611 0 1 0 162 431 0 0 0
1612 0 1 0 165 415 0 0 0
1613 0 1 0 233 546 0 0 0
1614 0 1 0 180 477 0 0 0
1615 0 1 1 166 433 0.0060241 0.00372994 0.0033389
1616 0 1 0 213 525 0 0 0
1617 0 1 0 208 516 0 0 0
1618 0 1 1 195 502 0.00512821 0.00319618 0.00286944
1619 0 1 0 194 474 0 0 0
1620 0 1 1 155 396 0.00645161 0.00403633 0.00362976
1621 0 1 2 218 482 0.00917431 0.0061699 0.00571429
1622 0 1 5 177 441 0.0282486 0.0178963 0.0161812
1623 0 1 4 182 439 0.021978 0.0141512 0.0128824
1624 0 1 6 160 401 0.0375 0.0236875 0.0213904
1625 0 1 6 220 487 0.0272727 0.0183305 0.0169731
1626 0 1 5 192 425 0.0260417 0.0175035 0.0162075
1627 0 1 4 188 389 0.0212766 0.0147913 0.0138648
1628 0 1 4 227 529 0.0176211 0.011543 0.010582
1629 0 1 7 216 523 0.0324074 0.0208267 0.0189445
1630 0 1 8 208 484 0.0384615 0.0252136 0.0231214
1631 0 1 9 208 452 0.0432692 0.0293523 0.0272727
1632 0 1 10 164 389 0.0609756 0.0395916 0.0361664
1633 0 1 12 236 512 0.0508475 0.0345215 0.0320856
1634 0 1 10 204 487 0.0490196 0.0317264 0.0289436
1635 0 1 1 207 481 0.00483092 0.00316915 0.00290698
1636 0 1 0 193 448 0 0 0
1637 0 1 1 171 391 0.00584795 0.00386735 0.00355872
1638 0 1 1 225 505 0.00444444 0.00296663 0.00273973
1639 0 1 1 198 479 0.00505051 0.00324713 0.00295421
1640 0 1 0 197 454 0 0 0
1641 0 1 0 180 426 0 0 0
1642 0 1 0 314 569 0 0 0
1643 0 1 0 248 490 0 0 0
1644 0 1 2 259 477 0.00772201 0.00569011 0.00543478
1645 0 1 0 244 452 0 0 0
1646 0 1 2 239 454 0.0083682 0.0060716 0.00577201
1647 0 1 1 214 427 0.0046729 0.0033081 0.00312012
1648 0 1 0 304 527 0 0 0
1649 0 1 1 240 453 0.00416667 0.00303281 0.002886
1650 0 1 0 243 470 0 0 0
1651 0 1 2 221 439 0.00904977 0.00642098 0.00606061
1652 0 1 0 309 526 0 0 0
1653 0 1 0 283 475 0 0 0
1654 0 1 1 285 465 0.00350877 0.00274695 0.00266667
1655 0 1 0 228 444 0 0 0
1656 0 1 0 303 549 0 0 0
1657 0 1 0 260 506 0 0 0
1658 0 1 2 258 499 0.00775194 0.00557404 0.00528402
1659 0 1 0 224 433 0 0 0
1660 0 1 2 306 586 0.00653595 0.00472303 0.00448431
1661 0 1 1 274 551 0.00364964 0.00257365 0.00242424
1662 0 1 1 252 520 0.00396825 0.00276247 0.00259067
1663 0 1 2 245 468 0.00816326 0.00590642 0.0056101
1664 0 1 1 205 417 0.00487805 0.00342023 0.00321543
1665 0 1 2 289 558 0.00692042 0.0049804 0.00472255
1666 0 1 2 265 539 0.00754717 0.00529191 0.00497512
1667 0 1 2 244 492 0.00819672 0.00577235 0.00543478
1668 0 1 1 203 467 0.00492611 0.00324783 0.00298507
1669 0 1 2 312 552 0.00641026 0.00481929 0.00462963
1670 0 1 2 284 555 0.00704225 0.00503761 0.00476758
1671 0 1 1 249 466 0.00401606 0.00293567 0.0027972
1672 0 1 1 328 597 0.00304878 0.00225983 0.00216216
1673 0 1 0 282 549 0 0 0
1674 0 1 0 280 527 0 0 0
1675 0 1 0 265 468 0 0 0
1676 0 1 2 343 591 0.0058309 0.00444211 0.00428266
1677 0 1 4 319 580 0.0125392 0.00929931 0.00889878
1678 0 1 7 291 495 0.024055 0.0184437 0.0178117
1679 0 1 4 375 581 0.0106667 0.00856952 0.0083682
1680 0 1 2 347 537 0.00576369 0.00463317 0.00452489
1681 0 1 1 324 486 0.00308642 0.00252005 0.00246914
1682 0 1 2 419 563 0.00477327 0.00411783 0.00407332
1683 0 1 1 382 556 0.0026178 0.00216986 0.0021322
1684 0 1 2 360 514 0.00555556 0.0046494 0.00457666
1685 0 1 7 458 597 0.0152838 0.0133868 0.0132701
1686 0 1 8 435 561 0.0183908 0.0161944 0.0160643
1687 0 1 5 385 471 0.012987 0.0117417 0.0116822
1688 0 1 8 489 612 0.0163599 0.0146238 0.0145322
1689 0 1 10 443 583 0.0225734 0.0196772 0.0194932
1690 0 1 4 428 551 0.00934579 0.00823687 0.0081716
1691 0 1 3 398 512 0.00753769 0.00664576 0.00659341
1692 0 1 4 489 628 0.00817996 0.00721815 0.00716204
1693 0 1 2 434 528 0.00460829 0.004178 0.004158
1694 0 1 6 390 500 0.0153846 0.0135873 0.0134831
1695 0 1 6 499 606 0.012024 0.010911 0.0108597
1696 0 1 5 468 593 0.0106838 0.00949117 0.00942507
1697 0 1 5 388 489 0.0128866 0.0114789 0.0114025
1698 0 1 6 475 617 0.0126316 0.0110831 0.010989
1699 0 1 4 447 585 0.00894855 0.00782219 0.00775194
1700 0 1 4 406 523 0.00985222 0.00868053 0.00861141
1701 0 1 5 370 482 0.0135135 0.0118398 0.0117371
1702 0 1 6 387 555 0.0155039 0.0129464 0.0127389
1703 0 1 2 367 537 0.00544959 0.00450516 0.00442478
1704 0 1 2 363 511 0.00550964 0.00464372 0.00457666
1705 0 1 3 446 606 0.00672646 0.00577055 0.00570342
1706 0 1 3 418 602 0.00717703 0.00598046 0.00588235
1707 0 1 5 390 551 0.0128205 0.010786 0.010627
1708 0 1 4 358 469 0.0111732 0.00976185 0.00967352
1709 0 1 3 448 585 0.00669643 0.00586009 0.00580833
1710 0 1 7 426 549 0.0164319 0.0144746 0.014359
1711 0 1 2 402 524 0.00497512 0.00435764 0.00431965
1712 0 1 4 388 489 0.0103093 0.00918311 0.00912201
1713 0 1 3 403 541 0.00744417 0.00642496 0.00635593
1714 0 1 1 389 527 0.00257069 0.00220861 0.00218341
1715 0 1 2 457 650 0.00437637 0.00366957 0.00361337
1716 0 1 1 424 617 0.00235849 0.00195512 0.00192123
1717 0 1 2 396 557 0.00505051 0.00425848 0.00419727
1718 0 1 0 408 597 0 0 0
1719 0 1 2 375 562 0.00533333 0.00435658 0.00426894
1720 0 1 1 426 633 0.00234742 0.00192572 0.00188857
1721 0 1 2 368 565 0.00543478 0.00438613 0.00428725
1722 0 1 4 389 612 0.0102828 0.00819803 0.00799201
1723 0 1 0 307 573 0 0 0
1724 0 1 0 241 552 0 0 0
1725 0 1 1 228 522 0.00438596 0.00289866 0.00266667
1726 0 1 0 158 465 0 0 0
1727 0 1 0 71 400 0 0 0
1728 0 1 0 78 412 0 0 0
1729 0 1 0 81 382 0 0 0
1730 0 1 0 79 457 0 0 0
1731 0 1 0 78 429 0 0 0
1732 0 1 0 76 386 0 0 0
1733 0 1 0 136 473 0 0 0
1734 0 1 0 138 477 0 0 0
1735 0 1 0 124 431 0 0 0
1736 0 1 0 125 402 0 0 0
1737 0 1 0 197 488 0 0 0
1738 0 1 0 179 435 0 0 0
1739 0 1 0 214 520 0 0 0
1740 0 1 0 198 511 0 0 0
1741 0 1 0 176 485 0 0 0
1742 0 1 0 239 575 0 0 0
1743 0 1 0 225 550 0 0 0
1744 0 1 0 208 488 0 0 0
1745 0 1 1 269 585 0.00371747 0.00252084 0.00234192
1746 0 1 1 246 548 0.00406504 0.00272359 0.00251889
1747 0 1 3 228 502 0.0131579 0.00886752 0.00821918
1748 0 1 4 324 600 0.0123457 0.00907218 0.00865801
1749 0 1 2 300 579 0.00666667 0.00479877 0.00455063
1750 0 1 3 280 522 0.0107143 0.00784706 0.0074813
1751 0 1 2 248 508 0.00806452 0.00563472 0.00529101
1752 0 1 4 354 590 0.0112994 0.00875251 0.00847458
1753 0 1 4 322 524 0.0124224 0.00973792 0.00945626
1754 0 1 6 320 510 0.01875 0.0148522 0.0144578
1755 0 1 4 286 467 0.013986 0.0109451 0.0106242
1756 0 1 3 353 571 0.00849858 0.00668214 0.00649351
1757 0 1 2 308 543 0.00649351 0.00489052 0.00470035
1758 0 1 6 282 518 0.0212766 0.0156986 0.015
1759 0 1 6 358 626 0.0167598 0.0126743 0.0121951
1760 0 1 0 316 541 0 0 0
1761 0 1 0 272 481 0 0 0
1762 0 1 0 311 624 0 0 0
1763 0 1 0 285 580 0 0 0
1764 0 1 1 289 517 0.00346021 0.00258706 0.00248139
1765 0 1 3 274 510 0.0109489 0.00802529 0.00765306
1766 0 1 0 323 567 0 0 0
1767 0 1 2 310 545 0.00645161 0.00486576 0.00467836
1768 0 1 4 265 518 0.0150943 0.0107962 0.0102171
1769 0 1 2 340 582 0.00588235 0.00449603 0.00433839
1770 0 1 4 304 560 0.0131579 0.00969458 0.00925926
1771 0 1 2 262 535 0.00763359 0.00534198 0.00501882
1772 0 1 5 318 600 0.0157233 0.0114467 0.0108932
1773 0 1 1 274 556 0.00364964 0.00256205 0.00240964
1774 0 1 6 271 511 0.0221402 0.0161234 0.0153453
1775 0 1 4 320 615 0.0125 0.0090167 0.00855615
1776 0 1 3 258 522 0.0116279 0.00817478 0.00769231
1777 0 1 1 237 475 0.00421941 0.00298043 0.00280899
1778 0 1 1 252 546 0.00396825 0.0026959 0.00250627
1779 0 1 0 187 494 0 0 0
1780 0 1 1 163 478 0.00613497 0.00358255 0.00312012
1781 0 1 1 226 557 0.00442478 0.0028185 0.00255428
1782 0 1 2 193 518 0.0103627 0.00632538 0.00562588
1783 0 1 1 177 460 0.00564972 0.00350457 0.00313972
1784 0 1 2 162 445 0.0123457 0.00744891 0.00658979
1785 0 1 1 225 531 0.00444444 0.00289309 0.0026455
1786 0 1 2 206 478 0.00970874 0.00637357 0.00584795
1787 0 1 0 194 446 0 0 0
1788 0 1 0 185 450 0 0 0
1789 0 1 0 169 425 0 0 0
1790 0 1 1 263 565 0.00380228 0.00259417 0.00241546
1791 0 1 0 217 507 0 0 0
1792 0 1 0 227 471 0 0 0
1793 0 1 0 188 458 0 0 0
1794 0 1 0 194 423 0 0 0
1795 0 1 0 280 558 0 0 0
1796 0 1 1 263 522 0.00380228 0.0026989 0.00254777
1797 0 1 0 258 515 0 0 0
1798 0 1 0 231 512 0 0 0
1799 0 1 1 225 489 0.00444444 0.00301477 0.00280112
1800 0 1 0 216 469 0 0 0
1801 0 1 0 205 439 0 0 0
1802 0 1 1 319 594 0.0031348 0.00229727 0.00219058
1803 0 1 3 301 529 0.00996678 0.00751814 0.00722892
1804 0 1 1 310 498 0.00322581 0.0025451 0.00247525
1805 0 1 0 279 464 0 0 0
1806 0 1 0 287 455 0 0 0
1807 0 1 0 266 434 0 0 0
1808 0 1 0 378 573 0 0 0
1809 0 1 0 360 535 0 0 0
1810 0 1 1 341 489 0.00293255 0.00244889 0.00240964
1811 0 1 2 333 489 0.00600601 0.00495625 0.00486618
1812 0 1 3 318 449 0.00943396 0.00793934 0.00782269
1813 0 1 0 303 454 0 0 0
1814 0 1 1 380 568 0.00263158 0.00215245 0.0021097
1815 0 1 1 353 550 0.00283286 0.00226951 0.00221484
1816 0 1 0 336 501 0 0 0
1817 0 1 0 322 473 0 0 0
1818 0 1 1 311 465 0.00321543 0.00262962 0.00257732
1819 0 1 0 450 634 0 0 0
1820 0 1 1 431 607 0.00232019 0.00195509 0.00192678
1821 0 1 4 407 552 0.00982801 0.00843904 0.00834202
1822 0 1 1 401 551 0.00249377 0.00212741 0.00210084
1823 0 1 1 387 530 0.00258398 0.00220804 0.00218102
1824 0 1 5 375 491 0.0133333 0.0116524 0.0115473
1825 0 1 5 355 457 0.0140845 0.0124136 0.0123153
1826 0 1 4 473 593 0.00845666 0.0075527 0.00750469
1827 0 1 8 467 614 0.0171306 0.0149399 0.0148011
1828 0 1 4 426 596 0.00938967 0.00793838 0.00782779
1829 0 1 4 401 574 0.00997506 0.00833742 0.00820513
1830 0 1 4 361 535 0.0110803 0.00910185 0.00892857
1831 0 1 8 348 496 0.0229885 0.0192557 0.0189573
1832 0 1 4 468 618 0.00854701 0.00743777 0.00736648
1833 0 1 5 456 583 0.0109649 0.00969736 0.00962464
1834 0 1 4 420 536 0.00952381 0.00843049 0.0083682
1835 0 1 4 386 491 0.0103627 0.0091881 0.00912201
1836 0 1 5 459 589 0.0108932 0.00961626 0.00954198
1837 0 1 5 413 584 0.0121065 0.010181 0.0100301
1838 0 1 3 343 529 0.00874636 0.00704282 0.00688073
1839 0 1 5 435 624 0.0114943 0.00959695 0.00944287
1840 0 1 4 379 567 0.0105541 0.00862877 0.00845666
1841 0 1 5 351 531 0.014245 0.0115816 0.0113379
1842 0 1 9 445 614 0.0202247 0.0172178 0.0169972
1843 0 1 8 382 553 0.0209424 0.0174059 0.0171123
1844 0 1 9 326 492 0.0276074 0.0224725 0.0220049
1845 0 1 8 424 602 0.0188679 0.0158347 0.0155945
1846 0 1 10 403 556 0.0248139 0.0211257 0.0208551
1847 0 1 11 343 515 0.03207 0.0261723 0.025641
1848 0 1 5 394 606 0.0126904 0.0102326 0.01
1849 0 1 11 361 558 0.0304709 0.0245088 0.0239391
1850 0 1 5 312 475 0.0160256 0.0129881 0.0127065
1851 0 1 9 364 559 0.0247253 0.019952 0.0195016
1852 0 1 8 319 499 0.0250784 0.0200514 0.0195599
1853 0 1 2 364 556 0.00549451 0.00444572 0.00434783
1854 0 1 3 311 500 0.0096463 0.00760775 0.00739827
1855 0 1 5 335 545 0.0149254 0.0117017 0.0113636
1856 0 1 2 280 476 0.00714286 0.00547832 0.00529101
1857 0 1 0 314 538 0 0 0
1858 0 1 3 276 491 0.0108696 0.00814941 0.00782269
1859 0 1 5 241 425 0.0207469 0.0156231 0.015015
1860 0 1 5 277 491 0.0180505 0.0135578 0.0130208
1861 0 1 3 227 443 0.0132159 0.00946033 0.00895522
1862 0 1 5 300 483 0.0166667 0.0131352 0.0127714
1863 0 1 2 239 433 0.0083682 0.00621709 0.00595238
1864 0 1 1 310 499 0.00322581 0.00254255 0.00247219
1865 0 1 3 267 471 0.011236 0.0084597 0.00813008
1866 0 1 0 230 385 0 0 0
1867 0 1 1 326 491 0.00306748 0.00249948 0.00244798
1868 0 1 0 297 457 0 0 0
1869 0 1 0 240 363 0 0 0
1870 0 1 1 319 441 0.0031348 0.00266615 0.00263158
1871 0 1 1 284 368 0.00352113 0.00309326 0.00306748
1872 0 1 0 252 338 0 0 0
1873 0 1 1 391 473 0.00255754 0.00232531 0.00231481
1874 0 1 1 356 400 0.00280899 0.00264999 0.0026455
1875 0 1 1 319 349 0.0031348 0.00299704 0.00299401
1876 0 1 1 290 311 0.00344828 0.00332982 0.00332779
1877 0 1 1 388 428 0.00257732 0.00245393 0.00245098
1878 0 1 0 331 371 0 0 0
1879 0 1 1 263 299 0.00380228 0.00356604 0.00355872
1880 0 1 1 320 340 0.003125 0.0030317 0.0030303
1881 0 1 0 287 318 0 0 0
1882 0 1 1 352 403 0.00284091 0.00265507 0.00264901
1883 0 1 1 302 367 0.00331126 0.00300375 0.00298954
1884 0 1 2 259 296 0.00772201 0.00722328 0.00720721
1885 0 1 2 322 361 0.00621118 0.00586609 0.00585652
1886 0 1 1 279 331 0.00358423 0.00329067 0.00327869
1887 0 1 1 324 427 0.00308642 0.00268852 0.00266312
1888 0 1 0 289 390 0 0 0
1889 0 1 0 268 331 0 0 0
1890 0 1 2 325 424 0.00615385 0.00538772 0.00534045
1891 0 1 1 290 374 0.00344828 0.00303644 0.00301205
1892 0 1 1 340 466 0.00294118 0.00251228 0.00248139
1893 0 1 1 321 423 0.00311526 0.0027138 0.00268817
1894 0 1 0 273 377 0 0 0
1895 0 1 1 330 459 0.0030303 0.00256943 0.00253485
1896 0 1 2 304 405 0.00657895 0.00569988 0.00564175
1897 0 1 4 368 482 0.0108696 0.00949757 0.00941176
1898 0 1 3 339 476 0.00884956 0.00746823 0.00736196
1899 0 1 2 274 399 0.00729927 0.00604879 0.00594354
1900 0 1 2 329 529 0.00607903 0.00479407 0.004662
1901 0 1 3 297 489 0.010101 0.00787206 0.00763359
1902 0 1 1 257 424 0.00389105 0.00302936 0.00293686
1903 0 1 1 299 567 0.00334448 0.00242869 0.00230947
1904 0 1 1 274 502 0.00364964 0.00269633 0.00257732
1905 0 1 2 251 437 0.00796813 0.00603882 0.00581395
1906 0 1 0 306 540 0 0 0
1907 0 1 0 272 511 0 0 0
1908 0 1 0 241 463 0 0 0
1909 0 1 0 325 564 0 0 0
1910 0 1 1 297 496 0.003367 0.00260544 0.00252207
1911 0 1 0 260 469 0 0 0
1912 0 1 1 348 568 0.00287356 0.00224924 0.00218341
1913 0 1 2 312 503 0.00641026 0.00504857 0.00490798
1914 0 1 3 280 468 0.0107143 0.00828742 0.00802139
1915 0 1 1 354 549 0.00282486 0.00226836 0.00221484
1916 0 1 0 328 494 0 0 0
1917 0 1 1 301 456 0.00332226 0.0026992 0.00264201
1918 0 1 0 358 550 0 0 0
1919 0 1 0 322 515 0 0 0
1920 0 1 1 293 460 0.00341297 0.00272388 0.00265604
1921 0 1 1 363 552 0.00275482 0.00223397 0.00218579
1922 0 1 2 326 521 0.00613497 0.00485291 0.00472255
1923 0 1 0 281 452 0 0 0
1924 0 1 0 339 530 0 0 0
1925 0 1 0 291 476 0 0 0
1926 0 1 1 370 587 0.0027027 0.00214575 0.00208986
1927 0 1 1 347 526 0.00288184 0.00234068 0.00229095
1928 0 1 1 281 461 0.00355872 0.00277841 0.00269542
1929 0 1 3 345 576 0.00869565 0.00672977 0.00651466
1930 0 1 2 299 506 0.00668896 0.00514185 0.00496894
1931 0 1 2 347 584 0.00576369 0.00444282 0.00429646
1932 0 1 2 305 520 0.00655738 0.00502202 0.00484848
1933 0 1 4 341 559 0.0117302 0.00916172 0.00888889
1934 0 1 2 300 526 0.00666667 0.00503473 0.00484262
1935 0 1 2 323 593 0.00619195 0.00456984 0.00436681
1936 0 1 1 297 541 0.003367 0.00249473 0.00238663
1937 0 1 1 338 585 0.00295858 0.00224887 0.00216685
1938 0 1 3 300 526 0.01 0.0075521 0.00726392
1939 0 1 1 355 596 0.0028169 0.00217402 0.00210305
1940 0 1 2 291 563 0.00687285 0.00494116 0.00468384
1941 0 1 1 354 594 0.00282486 0.00218075 0.0021097
1942 0 1 1 311 548 0.00321543 0.00242231 0.00232829
1943 0 1 0 331 596 0 0 0
1944 0 1 0 305 520 0 0 0
1945 0 1 1 352 595 0.00284091 0.00218509 0.00211193
1946 0 1 1 311 566 0.00321543 0.00238348 0.0022805
1947 0 1 2 296 505 0.00675676 0.00517295 0.00499376
1948 0 1 3 340 605 0.00882353 0.00661461 0.00634921
1949 0 1 2 311 549 0.00643087 0.0048402 0.00465116
1950 0 1 2 275 470 0.00727273 0.00556307 0.00536913
1951 0 1 3 346 532 0.00867052 0.00699242 0.00683371
1952 0 1 2 322 506 0.00621118 0.00495481 0.00483092
1953 0 1 2 294 499 0.00680272 0.00522163 0.00504414
1954 0 1 0 343 539 0 0 0
1955 0 1 0 320 487 0 0 0
1956 0 1 0 301 434 0 0 0
1957 0 1 0 372 528 0 0 0
1958 0 1 0 347 514 0 0 0
1959 0 1 0 340 472 0 0 0
1960 0 1 0 326 422 0 0 0
1961 0 1 1 410 506 0.00243902 0.0021955 0.00218341
1962 0 1 0 363 483 0 0 0
1963 0 1 0 339 459 0 0 0
1964 0 1 0 394 581 0 0 0
1965 0 1 0 372 529 0 0 0
1966 0 1 0 338 499 0 0 0
1967 0 1 1 316 438 0.00316456 0.00268794 0.00265252
1968 0 1 2 397 538 0.00503778 0.00432756 0.00427807
1969 0 1 1 400 495 0.0025 0.00224733 0.00223464
1970 0 1 5 358 448 0.0139665 0.012485 0.0124069
1971 0 1 3 434 560 0.00691244 0.00608531 0.00603622
1972 0 1 2 382 521 0.0052356 0.00448311 0.00442968
1973 0 1 4 377 492 0.0106101 0.00928767 0.00920598
1974 0 1 0 354 461 0 0 0
1975 0 1 0 434 568 0 0 0
1976 0 1 1 369 506 0.00271003 0.00231426 0.00228571
1977 0 1 3 379 501 0.00791557 0.00688466 0.00681818
1978 0 1 5 436 624 0.0114679 0.00958593 0.00943396
1979 0 1 1 387 572 0.00258398 0.00212543 0.00208551
1980 0 1 1 366 544 0.00273224 0.00224109 0.0021978
1981 0 1 0 410 623 0 0 0
1982 0 1 0 380 569 0 0 0
1983 0 1 2 366 527 0.00546448 0.00455391 0.00447928
1984 0 1 3 422 616 0.007109 0.00588403 0.00578035
1985 0 1 5 377 563 0.0132626 0.0108529 0.0106383
1986 0 1 2 367 554 0.00544959 0.0044355 0.00434311
1987 0 1 3 446 649 0.00672646 0.00557611 0.00547945
1988 0 1 2 378 562 0.00529101 0.00433926 0.00425532
1989 0 1 4 344 520 0.0116279 0.00945756 0.00925926
1990 0 1 2 388 568 0.00515464 0.0042603 0.0041841
1991 0 1 4 342 526 0.0116959 0.00943092 0.00921659
1992 0 1 1 307 484 0.00325733 0.00259423 0.00252845
1993 0 1 3 298 453 0.0100671 0.00816515 0.00798935
1994 0 1 4 332 511 0.0120482 0.00971137 0.00948992
1995 0 1 3 322 454 0.00931677 0.00784631 0.00773196
1996 0 1 5 303 425 0.0165017 0.0139333 0.0137363
1997 0 1 4 275 377 0.0145455 0.0124229 0.0122699
1998 0 1 1 318 475 0.00314465 0.002573 0.00252207
1999 0 1 2 274 456 0.00729927 0.00565812 0.00547945
2000 0 1 3 284 411 0.0105634 0.00878094 0.00863309
2001 0 1 2 251 401 0.00796813 0.00630407 0.00613497
2002 0 1 1 336 489 0.00297619 0.00246704 0.00242424
2003 0 1 2 275 442 0.00727273 0.00573657 0.0055788
2004 0 1 1 276 413 0.00362319 0.0029619 0.00290276
2005 0 1 1 246 372 0.00406504 0.00330568 0.00323625
2006 0 1 1 302 482 0.00331126 0.00262104 0.00255102
2007 0 1 1 269 437 0.00371747 0.00291664 0.00283286
2008 0 1 2 248 400 0.00806452 0.00635001 0.00617284
2009 0 1 4 234 388 0.017094 0.0132751 0.0128617
2010 0 1 5 299 470 0.0167224 0.0133378 0.0130039
2011 0 1 2 268 419 0.00746269 0.00596837 0.00582242
2012 0 1 3 217 351 0.0138249 0.0108702 0.0105634
2013 0 1 2 211 331 0.00947867 0.00756789 0.00738007
2014 0 1 3 281 462 0.0106762 0.00832621 0.00807537
2015 0 1 0 243 423 0 0 0
2016 0 1 2 212 344 0.00943396 0.00740599 0.00719424
2017 0 1 4 206 332 0.0194175 0.0152953 0.0148699
2018 0 1 5 303 429 0.0165017 0.0138682 0.0136612
2019 0 1 4 280 387 0.0142857 0.0121514 0.011994
2020 0 1 5 278 353 0.0179856 0.015961 0.0158479
2021 0 1 1 207 289 0.00483092 0.00408852 0.00403226
2022 0 1 4 290 409 0.0137931 0.0116145 0.0114449
2023 0 1 1 259 399 0.003861 0.00311074 0.00303951
2024 0 1 2 233 358 0.00858369 0.00692485 0.00676819
2025 0 1 2 225 333 0.00888889 0.00730662 0.00716846
2026 0 1 2 280 378 0.00714286 0.00614759 0.00607903
2027 0 1 0 242 322 0 0 0
2028 0 1 1 231 323 0.004329 0.00366094 0.00361011
2029 0 1 0 202 293 0 0 0
2030 0 1 2 277 430 0.00722022 0.00579503 0.00565771
2031 0 1 0 195 321 0 0 0
2032 0 1 0 200 299 0 0 0
2033 0 1 0 168 269 0 0 0
2034 0 1 0 224 344 0 0 0
2035 0 1 0 202 310 0 0 0
2036 0 1 0 182 280 0 0 0
2037 0 1 0 206 344 0 0 0
2038 0 1 0 179 308 0 0 0
2039 0 1 0 175 291 0 0 0
2040 0 1 0 239 360 0 0 0
2041 0 1 0 167 294 0 0 0
2042 0 1 0 161 272 0 0 0
2043 0 1 0 247 386 0 0 0
2044 0 1 0 222 332 0 0 0
2045 0 1 0 174 264 0 0 0
2046 0 1 1 153 241 0.00653595 0.0052077 0.00507614
2047 0 1 0 218 374 0 0 0
2048 0 1 0 199 340 0 0 0
2049 0 1 0 190 303 0 0 0
2050 0 1 0 151 245 0 0 0
2051 0 1 0 192 333 0 0 0
2052 0 1 0 173 323 0 0 0
2053 0 1 0 166 293 0 0 0
2054 0 1 0 135 286 0 0 0
2055 0 1 0 195 391 0 0 0
2056 0 1 0 152 303 0 0 0
2057 0 1 0 251 380 0 0 0
2058 0 1 1 226 341 0.00442478 0.00360221 0.00352734
2059 0 1 2 205 315 0.0097561 0.00787042 0.00769231
2060 0 1 2 290 424 0.00689655 0.00570359 0.00560224
2061 0 1 2 223 339 0.00896861 0.00727407 0.00711744
2062 0 1 2 215 302 0.00930233 0.00784887 0.00773694
2063 0 1 0 321 413 0 0 0
2064 0 1 2 280 399 0.00714286 0.00598363 0.00589102
2065 0 1 1 243 311 0.00411523 0.00363761 0.00361011
2066 0 1 3 308 440 0.00974026 0.00814929 0.00802139
2067 0 1 5 294 395 0.0170068 0.0146723 0.0145138
2068 0 1 5 272 378 0.0183824 0.0155934 0.0153846
2069 0 1 4 262 331 0.0152672 0.013583 0.0134907
2070 0 1 2 320 414 0.00625 0.00549484 0.00544959
2071 0 1 1 272 397 0.00367647 0.00304313 0.00298954
2072 0 1 2 211 337 0.00947867 0.00750022 0.00729927
2073 0 1 1 263 385 0.00380228 0.00314262 0.00308642
2074 0 1 0 228 351 0 0 0
2075 0 1 2 181 307 0.0110497 0.00848441 0.00819672
2076 0 1 1 198 339 0.00505051 0.00385982 0.00372439
2077 0 1 1 195 266 0.00512821 0.00439078 0.00433839
2078 0 1 1 260 344 0.00384615 0.00334375 0.00331126
2079 0 1 2 210 271 0.00952381 0.0083837 0.00831601
2080 0 1 0 276 344 0 0 0
2081 0 1 1 194 282 0.00515464 0.00427538 0.00420168
2082 0 1 0 231 313 0 0 0
2083 0 1 1 167 225 0.00598802 0.00515882 0.00510204
2084 0 1 1 192 279 0.00520833 0.00432063 0.00424628
2085 0 1 0 142 227 0 0 0
2086 0 1 0 189 296 0 0 0
2087 0 1 1 150 259 0.00666667 0.00507346 0.00488998
2088 0 1 0 179 351 0 0 0
2089 0 1 0 142 283 0 0 0
2090 0 1 0 187 365 0 0 0
2091 0 1 0 143 297 0 0 0
2092 0 1 0 210 337 0 0 0
2093 0 1 0 174 287 0 0 0
2094 0 1 1 244 380 0.00409836 0.00328408 0.00320513
2095 0 1 2 197 318 0.0101523 0.00799067 0.00776699
2096 0 1 2 241 360 0.00829876 0.00679001 0.00665557
2097 0 1 2 210 305 0.00952381 0.00790261 0.00776699
2098 0 1 2 261 404 0.00766284 0.00615913 0.00601504
2099 0 1 0 200 302 0 0 0
2100 0 1 0 233 367 0 0 0
2101 0 1 0 154 278 0 0 0
2102 0 1 0 191 315 0 0 0
2103 0 1 1 158 288 0.00632911 0.00468787 0.00448431
2104 0 1 0 163 349 0 0 0
2105 0 1 0 143 299 0 0 0
2106 0 1 0 202 381 0 0 0
2107 0 1 1 160 315 0.00625 0.00445435 0.00421053
2108 0 1 0 208 383 0 0 0
2109 0 1 0 203 352 0 0 0
2110 0 1 0 174 300 0 0 0
2111 0 1 0 237 361 0 0 0
2112 0 1 1 216 309 0.00462963 0.00387074 0.00380952
2113 0 1 0 259 389 0 0 0
2114 0 1 1 220 323 0.00454545 0.00375135 0.00368324
2115 0 1 0 281 405 0 0 0
2116 0 1 1 267 365 0.00374532 0.0032033 0.00316456
2117 0 1 0 243 322 0 0 0
2118 0 1 1 296 433 0.00337838 0.00279325 0.00274348
2119 0 1 1 261 394 0.00383142 0.0031184 0.00305344
2120 0 1 1 236 340 0.00423729 0.00353024 0.00347222
2121 0 1 1 323 462 0.00309598 0.00258868 0.00254777
2122 0 1 2 271 416 0.00738007 0.0059566 0.00582242
2123 0 1 2 246 361 0.00813008 0.00671133 0.00658979
2124 0 1 1 302 458 0.00331126 0.00268883 0.00263158
2125 0 1 0 259 377 0 0 0
2126 0 1 0 284 413 0 0 0
2127 0 1 1 255 364 0.00392157 0.00328231 0.00323102
2128 0 1 0 308 423 0 0 0
2129 0 1 0 241 343 0 0 0
2130 0 1 0 288 427 0 0 0
2131 0 1 0 252 370 0 0 0
2132 0 1 0 209 303 0 0 0
2133 0 1 0 273 380 0 0 0
2134 0 1 2 244 346 0.00819672 0.00688331 0.00677966
2135 0 1 2 204 314 0.00980392 0.00790224 0.00772201
2136 0 1 1 288 416 0.00347222 0.00288906 0.00284091
2137 0 1 0 246 374 0 0 0
2138 0 1 0 211 328 0 0 0
2139 0 1 1 259 420 0.003861 0.00303197 0.00294551
2140 0 1 0 249 398 0 0 0
2141 0 1 0 229 350 0 0 0
2142 0 1 0 280 436 0 0 0
2143 0 1 0 248 412 0 0 0
2144 0 1 0 224 341 0 0 0
2145 0 1 0 284 435 0 0 0
2146 0 1 0 256 408 0 0 0
2147 0 1 0 223 344 0 0 0
2148 0 1 0 273 422 0 0 0
2149 0 1 1 254 404 0.00393701 0.00312171 0.00303951
2150 0 1 2 217 349 0.00921659 0.00726754 0.00706714
2151 0 1 1 275 430 0.00363636 0.00290803 0.00283688
2152 0 1 3 249 378 0.0120482 0.00977858 0.00956938
2153 0 1 1 213 350 0.00469484 0.00366249 0.0035524
2154 0 1 0 294 398 0 0 0
2155 0 1 4 249 395 0.0160643 0.0127545 0.0124224
2156 0 1 3 220 336 0.0136364 0.0110342 0.0107914
2157 0 1 2 265 370 0.00754717 0.00638714 0.00629921
2158 0 1 5 226 341 0.0221239 0.018011 0.0176367
2159 0 1 2 304 381 0.00657895 0.00587666 0.00583942
2160 0 1 2 252 356 0.00793651 0.00667736 0.00657895
2161 0 1 3 288 397 0.0104167 0.00887217 0.00875912
2162 0 1 4 234 334 0.017094 0.014308 0.0140845
2163 0 1 1 252 370 0.00396825 0.00327491 0.00321543
2164 0 1 2 223 329 0.00896861 0.00738379 0.00724638
2165 0 1 1 279 384 0.00358423 0.00305515 0.00301659
2166 0 1 2 219 325 0.00913242 0.00749663 0.00735294
2167 0 1 3 231 365 0.012987 0.0103316 0.0100671
2168 0 1 5 210 333 0.0238095 0.0189077 0.0184162
2169 0 1 4 221 371 0.0180995 0.0139694 0.0135135
2170 0 1 5 208 350 0.0240385 0.0185312 0.0179211
2171 0 1 3 242 382 0.0123967 0.00986693 0.00961538
2172 0 1 3 231 361 0.012987 0.0103887 0.0101351
2173 0 1 2 191 318 0.0104712 0.00811521 0.00785855
2174 0 1 1 238 384 0.00420168 0.00330785 0.00321543
2175 0 1 2 205 326 0.0097561 0.0077365 0.00753296
2176 0 1 2 236 369 0.00847458 0.00677736 0.00661157
2177 0 1 0 205 316 0 0 0
2178 0 1 2 245 381 0.00816326 0.00654613 0.00638978
2179 0 1 1 215 301 0.00465116 0.00393095 0.00387597
2180 0 1 1 252 369 0.00396825 0.00327934 0.00322061
2181 0 1 1 220 293 0.00454545 0.00393872 0.00389864
2182 0 1 1 256 345 0.00390625 0.00336489 0.00332779
2183 0 1 0 218 303 0 0 0
2184 0 1 0 278 327 0 0 0
2185 0 1 0 227 270 0 0 0
2186 0 1 0 269 337 0 0 0
2187 0 1 0 240 290 0 0 0
2188 0 1 2 313 345 0.00638978 0.00608623 0.00607903
2189 0 1 1 283 292 0.00353357 0.00347869 0.00347826
2190 0 1 4 325 366 0.0123077 0.0115979 0.0115774
2191 0 1 4 282 295 0.0141844 0.0138683 0.0138648
2192 0 1 1 315 359 0.0031746 0.0029737 0.00296736
2193 0 1 2 257 318 0.0077821 0.006996 0.00695652
2194 0 1 1 289 371 0.00346021 0.00305397 0.0030303
2195 0 1 0 241 312 0 0 0
2196 0 1 0 260 387 0 0 0
2197 0 1 0 223 301 0 0 0
2198 0 1 0 255 338 0 0 0
2199 0 1 0 202 270 0 0 0
2200 0 1 0 215 343 0 0 0
2201 0 1 0 186 282 0 0 0
2202 0 1 0 213 330 0 0 0
2203 0 1 0 149 267 0 0 0
2204 0 1 2 217 330 0.00921659 0.00747383 0.00731261
2205 0 1 0 172 271 0 0 0
2206 0 1 2 224 349 0.00892857 0.00715308 0.0069808
2207 0 1 3 179 302 0.0167598 0.012903 0.012474
2208 0 1 3 211 365 0.014218 0.0108102 0.0104167
2209 0 1 3 174 311 0.0172414 0.0128963 0.0123711
2210 0 1 1 243 338 0.00411523 0.0034893 0.00344234
2211 0 1 0 207 276 0 0 0
2212 0 1 0 216 339 0 0 0
2213 0 1 1 172 270 0.00581395 0.00464038 0.00452489
2214 0 1 0 200 344 0 0 0
2215 0 1 1 144 289 0.00694444 0.00490196 0.00461894
2216 0 1 0 190 326 0 0 0
2217 0 1 0 162 257 0 0 0
2218 0 1 0 180 302 0 0 0
2219 0 1 0 126 239 0 0 0
2220 0 1 0 179 272 0 0 0
2221 0 1 0 141 233 0 0 0
2222 0 1 0 195 263 0 0 0
2223 0 1 0 143 213 0 0 0
2224 0 1 0 82 146 0 0 0
2225 0 1 0 166 238 0 0 0
2226 0 1 0 126 195 0 0 0
2227 0 1 0 163 255 0 0 0
2228 0 1 0 146 174 0 0 0
2229 0 1 0 55 135 0 0 0
2230 0 1 0 106 230 0 0 0
2231 0 1 0 74 179 0 0 0
2232 0 1 0 49 134 0 0 0
2233 0 1 0 101 239 0 0 0
2234 0 1 0 37 101 0 0 0
2235 0 1 0 50 162 0 0 0
2236 0 1 0 39 151 0 0 0
2237 0 1 0 36 137 0 0 0
2238 0 1 0 77 212 0 0 0
2239 0 1 0 55 192 0 0 0
2240 0 1 0 49 167 0 0 0
2241 0 1 0 38 111 0 0 0
2242 0 1 0 59 155 0 0 0
2243 0 1 0 29 90 0 0 0
2244 0 1 0 2 12 0 0 0
2245 0 1 0 6 10 0 0 0
98 0 1 0 67 42 0 0 0
99 0 1 0 225 83 0 0 0
100 0 1 0 228 179 0 0 0
101 0 1 0 188 144 0 0 0
102 0 1 1 259 247 0.00404858 0.00395368 0.00395257
103 0 1 0 205 202 0 0 0
104 0 1 0 172 164 0 0 0
105 0 1 0 278 288 0 0 0
106 0 1 0 233 244 0 0 0
107 0 1 0 192 208 0 0 0
108 0 1 0 296 286 0 0 0
109 0 1 0 228 231 0 0 0
110 0 1 0 330 295 0 0 0
111 0 1 0 250 228 0 0 0
112 0 1 0 347 301 0 0 0
113 0 1 0 279 224 0 0 0
114 0 1 0 346 302 0 0 0
115 0 1 0 269 239 0 0 0
116 0 1 0 303 251 0 0 0
117 0 1 1 248 213 0.00469484 0.00435095 0.00433839
118 0 1 0 315 238 0 0 0
119 0 1 0 226 180 0 0 0
120 0 1 0 213 172 0 0 0
121 0 1 1 159 143 0.00699301 0.00663183 0.00662252
122 0 1 1 163 161 0.00621118 0.00617296 0.00617284
123 0 1 0 110 127 0 0 0
124 0 1 0 127 174 0 0 0
125 0 1 0 90 133 0 0 0
126 0 1 0 126 188 0 0 0
127 0 1 1 114 152 0.00877193 0.00759671 0.0075188
128 0 1 2 87 123 0.0229885 0.0193338 0.0190476
129 0 1 2 136 159 0.0147059 0.0136007 0.0135593
130 0 1 2 106 137 0.0188679 0.0165965 0.0164609
131 0 1 2 95 115 0.0210526 0.0191346 0.0190476
132 0 1 0 128 149 0 0 0
133 0 1 2 104 113 0.0192308 0.0184491 0.0184332
134 0 1 1 131 146 0.00763359 0.00723083 0.00722022
135 0 1 0 109 123 0 0 0
136 0 1 0 137 147 0 0 0
137 0 1 0 97 103 0 0 0
138 0 1 0 99 142 0 0 0
139 0 1 0 64 112 0 0 0
140 0 1 0 97 132 0 0 0
141 0 1 0 60 112 0 0 0
142 0 1 0 80 138 0 0 0
143 0 1 0 70 85 0 0 0
144 0 1 1 79 148 0.0126582 0.00924817 0.00881057
145 0 1 1 45 107 0.0222222 0.0144113 0.0131579
146 0 1 0 65 122 0 0 0
147 0 1 0 41 107 0 0 0
148 0 1 0 46 150 0 0 0
149 0 1 0 38 107 0 0 0
150 0 1 0 43 155 0 0 0
151 0 1 0 11 93 0 0 0
152 0 1 0 15 88 0 0 0
157 0 1 0 4 6 0 0 0
158 0 1 0 6 4 0 0 0
159 0 1 0 5 5 0 0 0
160 0 1 0 4 6 0 0 0
161 0 1 0 6 9 0 0 0
162 0 1 0 8 3 0 0 0
163 0 1 0 3 7 0 0 0
172 0 1 0 3 10 0 0 0
2 0 1 0 170 69 0 0 0
3 0 1 0 235 101 0 0 0
4 0 1 0 170 45 0 0 0
5 0 1 0 180 112 0 0 0
6 0 1 0 145 78 0 0 0
7 0 1 0 185 136 0 0 0
8 0 1 0 117 100 0 0 0
9 0 1 0 144 152 0 0 0
10 0 1 0 114 114 0 0 0
11 0 1 0 128 145 0 0 0
12 0 1 0 90 123 0 0 0
13 0 1 0 143 156 0 0 0
14 0 1 0 113 121 0 0 0
15 0 1 0 167 194 0 0 0
16 0 1 0 147 182 0 0 0
17 0 1 0 119 153 0 0 0
18 0 1 0 181 223 0 0 0
19 0 1 0 139 180 0 0 0
20 0 1 0 183 263 0 0 0
21 0 1 0 138 201 0 0 0
22 0 1 0 189 267 0 0 0
23 0 1 0 148 225 0 0 0
24 0 1 0 179 265 0 0 0
25 0 1 0 151 230 0 0 0
26 0 1 0 172 275 0 0 0
27 0 1 1 118 216 0.00847458 0.00626372 0.00598802
28 0 1 1 147 266 0.00680272 0.00505709 0.00484262
29 0 1 0 122 227 0 0 0
30 0 1 0 177 263 0 0 0
31 0 1 1 155 234 0.00645161 0.00525081 0.00514139
32 0 1 2 197 300 0.0101523 0.0082269 0.00804829
33 0 1 1 148 232 0.00675676 0.00539666 0.00526316
34 0 1 0 185 283 0 0 0
35 0 1 2 159 226 0.0125786 0.0105506 0.0103896
36 0 1 1 206 282 0.00485437 0.00414898 0.00409836
37 0 1 0 170 268 0 0 0
38 0 1 0 217 334 0 0 0
39 0 1 0 188 258 0 0 0
40 0 1 0 209 306 0 0 0
41 0 1 1 186 255 0.00537634 0.0045917 0.00453515
42 0 1 0 147 234 0 0 0
43 0 1 0 213 283 0 0 0
44 0 1 0 201 228 0 0 0
45 0 1 0 261 302 0 0 0
46 0 1 2 228 283 0.00877193 0.00787353 0.00782779
47 0 1 1 212 227 0.00471698 0.00455847 0.00455581
48 0 1 0 250 300 0 0 0
49 0 1 0 229 256 0 0 0
50 0 1 0 207 232 0 0 0
51 0 1 0 283 306 0 0 0
52 0 1 0 253 251 0 0 0
53 0 1 0 217 216 0 0 0
54 0 1 0 275 308 0 0 0
55 0 1 1 229 259 0.00436681 0.00410613 0.00409836
56 0 1 1 204 243 0.00490196 0.0044914 0.00447427
57 0 1 0 247 333 0 0 0
58 0 1 0 232 278 0 0 0
59 0 1 0 207 231 0 0 0
60 0 1 0 279 315 0 0 0
61 0 1 0 251 255 0 0 0
62 0 1 0 232 220 0 0 0
63 0 1 1 322 311 0.00321543 0.00316003 0.00315956
64 0 1 2 290 260 0.00769231 0.00728357 0.00727273
65 0 1 2 271 224 0.00892857 0.00811748 0.00808081
66 0 1 2 316 314 0.00636943 0.00634924 0.00634921
67 0 1 0 290 271 0 0 0
68 0 1 0 272 221 0 0 0
69 0 1 0 244 170 0 0 0
70 0 1 1 289 271 0.00369004 0.00357327 0.00357143
71 0 1 0 283 233 0 0 0
72 0 1 1 269 199 0.00502513 0.00432213 0.0042735
73 0 1 0 318 258 0 0 0
74 0 1 0 279 219 0 0 0
75 0 1 0 251 180 0 0 0
76 0 1 0 238 180 0 0 0
77 0 1 0 337 259 0 0 0
78 0 1 0 264 217 0 0 0
79 0 1 2 264 188 0.0106383 0.00897737 0.00884956
80 0 1 1 232 177 0.00564972 0.0049348 0.00488998
81 0 1 0 301 255 0 0 0
82 0 1 1 269 206 0.00485437 0.00424806 0.00421053
83 0 1 1 265 193 0.00518135 0.00442179 0.00436681
84 0 1 2 231 150 0.0133333 0.0107443 0.0104987
85 0 1 2 335 268 0.00746269 0.00667483 0.0066335
86 0 1 0 282 235 0 0 0
87 0 1 0 276 215 0 0 0
88 0 1 0 231 178 0 0 0
89 0 1 0 299 239 0 0 0
90 0 1 0 248 188 0 0 0
91 0 1 0 240 177 0 0 0
92 0 1 1 311 250 0.004 0.00358633 0.00356506
93 0 1 0 271 218 0 0 0
94 0 1 1 192 177 0.00564972 0.00542454 0.00542005
95 0 1 0 237 216 0 0 0
96 0 1 1 197 167 0.00598802 0.00551326 0.00549451

# ---------- Global Summary ----------
# CorrFrames: 7140
avg_CorrEdges: 2.24566
avg_match_A: 205.941
avg_match_B: 322.418
global_RI_MNR: 0.0109044
global_RI_GNR: 0.0087149
global_RI_DICE: 0.0085005

# ---------- Per-Channel Summary ----------
chA: 0 chB: 1 | avgC: 2.24566 avgA: 205.941 avgB: 322.418 MNR: 0.0121518 GNR: 0.00906376 DICE: 0.00864357
