1439803827.511334 -0.000883041 -0.001371745 0.026988719 0.000756763 -0.002517860 -0.001167520 0.999995828
1439803827.573836 -0.001917846 -0.002613176 0.054479055 0.001080449 -0.004608371 -0.002281899 0.999986172
1439803827.636336 -0.002802955 -0.003879530 0.082551993 0.001116000 -0.006454410 -0.003120824 0.999973655
1439803827.698838 -0.003778222 -0.005245428 0.110102810 0.001202650 -0.007845951 -0.003555488 0.999962151
1439803827.761337 -0.004995924 -0.006458070 0.138472334 0.001242003 -0.008934793 -0.004459036 0.999949396
1439803827.823840 -0.006008600 -0.007992723 0.166817799 0.000649719 -0.010108012 -0.005548533 0.999933302
1439803827.886341 -0.006919962 -0.009502623 0.196080551 -0.000009421 -0.011092304 -0.006032673 0.999920309
1439803827.948845 -0.007835407 -0.011023824 0.225062624 -0.000597827 -0.011723482 -0.006521462 0.999909818
1439803828.011343 -0.008803700 -0.012488652 0.254465133 -0.000884665 -0.011930149 -0.006950669 0.999904275
1439803828.073845 -0.009592366 -0.013762727 0.284266979 -0.000888386 -0.011935518 -0.007297530 0.999901712
1439803828.136347 -0.010499478 -0.015160996 0.314501941 -0.000775270 -0.011836767 -0.007496530 0.999901533
1439803828.198847 -0.011783495 -0.016266299 0.344820708 -0.000616580 -0.011535671 -0.007664650 0.999903858
1439803828.261349 -0.012313583 -0.018269915 0.375101119 -0.000902535 -0.011610412 -0.007029968 0.999907494
1439803828.323852 -0.013169738 -0.019794641 0.405751854 -0.000757515 -0.011537949 -0.006640946 0.999911070
1439803828.386352 -0.014205271 -0.021150440 0.437085062 -0.000198530 -0.011515467 -0.006292699 0.999913871
1439803828.448852 -0.015014760 -0.022821411 0.468776345 0.000298430 -0.011497062 -0.005961821 0.999916077
1439803828.511353 -0.016014792 -0.024521060 0.500134945 0.000716108 -0.011287603 -0.005825041 0.999919057
1439803828.573854 -0.016809229 -0.026314242 0.532355964 0.000918387 -0.011195707 -0.005224550 0.999923229
1439803828.636357 -0.017593915 -0.027691236 0.564174712 0.001310448 -0.011090361 -0.004837791 0.999925971
1439803828.698856 -0.018928444 -0.029072160 0.597716212 0.001653468 -0.010973761 -0.004510271 0.999928236
1439803828.761358 -0.019442514 -0.031136258 0.629834056 0.001188297 -0.010952236 -0.003470476 0.999933302
1439803828.823860 -0.019955538 -0.033055186 0.662362218 0.001362796 -0.010828532 -0.001995783 0.999938428
1439803828.886360 -0.020614641 -0.034567699 0.696425676 0.001293872 -0.010928342 -0.001182454 0.999938726
1439803828.948866 -0.021095473 -0.036310993 0.730280697 0.001108262 -0.010991779 -0.001448006 0.999937892
1439803829.011364 -0.022731766 -0.038073994 0.763227284 0.001268221 -0.010593331 -0.001213249 0.999942362
1439803829.073868 -0.023717944 -0.040239230 0.797142804 0.001654997 -0.010377345 -0.000853755 0.999944448
1439803829.136365 -0.024136309 -0.042017940 0.831577599 0.001996367 -0.010536229 -0.000174401 0.999942482
1439803829.198867 -0.024986660 -0.043733954 0.866556823 0.001838160 -0.010674777 0.000460410 0.999941230
1439803829.261369 -0.025815047 -0.045572072 0.901164412 0.001417431 -0.010662758 0.000748486 0.999941885
1439803829.323870 -0.026526516 -0.047343679 0.935861230 0.000921980 -0.010437683 0.001512498 0.999943972
1439803829.386371 -0.027320687 -0.049203690 0.970657408 0.000447599 -0.010188608 0.002031778 0.999945939
1439803829.448873 -0.028161230 -0.050890706 1.006271243 0.000141270 -0.009823703 0.001665976 0.999950349
1439803829.511374 -0.028793827 -0.052659225 1.041575789 -0.000189506 -0.009280073 0.001781315 0.999955356
1439803829.573876 -0.029303204 -0.054939285 1.077392340 -0.000461367 -0.008624058 0.001686287 0.999961257
1439803829.636376 -0.029976038 -0.056549743 1.112890482 -0.000608715 -0.007977699 0.001431980 0.999966979
1439803829.698878 -0.030456193 -0.058603041 1.148867369 -0.001360954 -0.007436402 0.001294533 0.999970555
1439803829.761380 -0.031429518 -0.060087074 1.185405850 -0.002176962 -0.006748424 0.001708707 0.999973416
1439803829.823881 -0.031837191 -0.061808165 1.221874475 -0.002555029 -0.006196966 0.002335843 0.999974787
1439803829.886381 -0.032323368 -0.063285515 1.258643031 -0.002356062 -0.005816170 0.002971029 0.999975860
1439803829.948881 -0.032612164 -0.065641694 1.295284033 -0.001523388 -0.005390030 0.003028205 0.999979734
1439803830.011383 -0.033282392 -0.067776784 1.331414819 0.000111603 -0.004844246 0.002724822 0.999984503
1439803830.073883 -0.033401795 -0.069810629 1.368644595 0.002365262 -0.004704282 0.002843699 0.999982059
1439803830.136385 -0.034350246 -0.071903512 1.405441403 0.004356729 -0.004516494 0.003087231 0.999975502
1439803830.198885 -0.035030231 -0.074059129 1.442607760 0.005360662 -0.004578780 0.003071075 0.999970436
1439803830.261384 -0.035837457 -0.076304473 1.480030656 0.005690642 -0.004619251 0.002912528 0.999968886
1439803830.323884 -0.035795718 -0.078496076 1.517442226 0.005504261 -0.005266402 0.003464998 0.999964952
1439803830.386386 -0.037299920 -0.080931962 1.555564046 0.005005981 -0.005277905 0.003408544 0.999967694
1439803830.448888 -0.038091518 -0.083156526 1.593662620 0.004467534 -0.005422594 0.003670765 0.999968588
1439803830.511389 -0.039157487 -0.085429460 1.631583691 0.003946251 -0.005542284 0.003994822 0.999968886
1439803830.573892 -0.039391063 -0.087710537 1.670008063 0.004112027 -0.005829774 0.004028110 0.999966443
1439803830.636390 -0.040605180 -0.090084665 1.707949996 0.004080347 -0.005826587 0.003994278 0.999966741
1439803830.698891 -0.041496955 -0.092431456 1.746277094 0.003894722 -0.006025676 0.003705122 0.999967396
1439803830.761392 -0.041630644 -0.094924159 1.784197330 0.003991745 -0.006193624 0.003531436 0.999966621
1439803830.823894 -0.042229213 -0.097403109 1.822566390 0.004214844 -0.006249065 0.003628474 0.999965012
1439803830.886395 -0.042806543 -0.099392742 1.860789061 0.004417240 -0.006371572 0.004026978 0.999961793
1439803830.948897 -0.043793097 -0.101530388 1.900182724 0.004532438 -0.006444290 0.004483708 0.999958873
1439803831.011400 -0.043800332 -0.104234874 1.939512134 0.004361065 -0.006575342 0.004373842 0.999959290
1439803831.073901 -0.044487279 -0.106809705 1.978473544 0.003778976 -0.006622411 0.004324680 0.999961555
1439803831.136401 -0.044876985 -0.109195150 2.017380714 0.003340258 -0.006683349 0.004921976 0.999959946
1439803831.198903 -0.046287969 -0.110841312 2.058149576 0.003327557 -0.006650309 0.005674168 0.999956250
1439803831.261404 -0.047099739 -0.113390014 2.098278761 0.003371532 -0.006512281 0.005860495 0.999955893
1439803831.323905 -0.047083437 -0.116057351 2.137342453 0.003539688 -0.006364002 0.005842039 0.999956429
1439803831.386411 -0.047967739 -0.118332863 2.177104950 0.003680945 -0.006350778 0.005817644 0.999956131
1439803831.448908 -0.048635397 -0.120639510 2.217195749 0.003408678 -0.006721845 0.006438710 0.999950886
1439803831.511410 -0.049160581 -0.122785322 2.256726027 0.002862651 -0.007124749 0.006519342 0.999949276
1439803831.573911 -0.048917145 -0.124093689 2.297255278 0.002309988 -0.007895757 0.007096814 0.999940991
1439803831.636412 -0.050137881 -0.127115026 2.338334560 0.001413898 -0.008007777 0.007309144 0.999940217
1439803831.698914 -0.051067293 -0.129323050 2.379254103 0.000907160 -0.008130196 0.007431666 0.999938905
1439803831.761415 -0.051883303 -0.131565943 2.419951439 0.000480081 -0.008337308 0.007568709 0.999936461
1439803831.823916 -0.052693244 -0.133555993 2.461276531 0.000576124 -0.008580867 0.007751034 0.999932945
1439803831.886419 -0.054271042 -0.136126086 2.502662897 0.000736441 -0.008648873 0.007854047 0.999931455
1439803831.948919 -0.054693528 -0.138433382 2.543272734 0.000915717 -0.009083702 0.008383348 0.999923170
1439803832.011419 -0.055842347 -0.140173882 2.584822416 0.001410802 -0.009317541 0.009210701 0.999913156
1439803832.073922 -0.057098191 -0.142891154 2.626924515 0.001789908 -0.009531357 0.009542654 0.999907434
1439803832.136423 -0.058153369 -0.145507380 2.668569088 0.001798631 -0.009750349 0.009651632 0.999904275
1439803832.198925 -0.059160545 -0.147771522 2.710106134 0.001767865 -0.009907044 0.009919847 0.999900162
1439803832.261426 -0.060655691 -0.150157541 2.752175808 0.002013193 -0.010001946 0.009996022 0.999898016
1439803832.323927 -0.061672281 -0.152627379 2.794358253 0.002213561 -0.010037852 0.009827349 0.999898911
1439803832.386428 -0.062724933 -0.155082822 2.835994482 0.002437629 -0.010171301 0.009665001 0.999898612
1439803832.448930 -0.063662477 -0.157298476 2.878068209 0.002893252 -0.010337472 0.009331961 0.999898851
1439803832.511430 -0.064880341 -0.159865916 2.920508146 0.003208654 -0.010508680 0.008780811 0.999901056
1439803832.573932 -0.066325359 -0.162617490 2.962703705 0.003133538 -0.010630426 0.008338914 0.999903798
1439803832.636434 -0.067701779 -0.164684892 3.004995346 0.003118352 -0.010914580 0.008220871 0.999901772
1439803832.698935 -0.069171749 -0.167508692 3.047918797 0.002696102 -0.011287828 0.007610225 0.999903679
1439803832.761436 -0.070330516 -0.170071974 3.090759039 0.001973832 -0.011640341 0.007133454 0.999904871
1439803832.823938 -0.071619220 -0.172585964 3.133240461 0.002032440 -0.011919209 0.007757377 0.999896824
1439803832.886439 -0.072736181 -0.175116688 3.175873518 0.002314267 -0.012319416 0.008505708 0.999885261
1439803832.948945 -0.073581003 -0.178069845 3.218957424 0.003060704 -0.012672972 0.008596050 0.999878049
1439803833.011446 -0.074891604 -0.180908188 3.261364698 0.004503954 -0.013064123 0.009102713 0.999863088
1439803833.073944 -0.076442644 -0.183745235 3.304020882 0.005145308 -0.013444318 0.009839480 0.999847949
1439803833.136445 -0.077761576 -0.186391577 3.346878290 0.005205901 -0.013956582 0.010396319 0.999835014
1439803833.198946 -0.079073764 -0.188818544 3.389163733 0.004967246 -0.014235574 0.010385700 0.999832392
1439803833.261447 -0.080816962 -0.191802561 3.431909084 0.003854900 -0.014279230 0.010041636 0.999840200
1439803833.323951 -0.081894636 -0.194542378 3.474252939 0.002719425 -0.014216577 0.009361014 0.999851406
1439803833.386451 -0.083427303 -0.197193548 3.517259359 0.001680299 -0.013927018 0.008890058 0.999862075
1439803833.448952 -0.085078366 -0.199625030 3.559895992 0.001155357 -0.013707612 0.008882809 0.999865890
1439803833.511453 -0.086343564 -0.202097997 3.601746321 0.000984033 -0.013561291 0.008791390 0.999868870
1439803833.573957 -0.087568045 -0.204845816 3.644132137 0.001154471 -0.013252329 0.009065622 0.999870420
1439803833.636455 -0.088639520 -0.207546413 3.685841799 0.001474479 -0.013038439 0.009557722 0.999868214
1439803833.698957 -0.089954458 -0.209994495 3.728395462 0.002022205 -0.012786135 0.009737318 0.999868810
1439803833.761459 -0.090623364 -0.212549672 3.769390583 0.002348535 -0.012536207 0.009924223 0.999869406
1439803833.823960 -0.091603629 -0.214553133 3.811130285 0.002422621 -0.012312800 0.010642545 0.999864638
1439803833.886462 -0.093795441 -0.217853889 3.853878021 0.002257379 -0.011934660 0.010929150 0.999866486
1439803833.948964 -0.094834283 -0.220232427 3.895059109 0.002005525 -0.011650543 0.011112571 0.999868333
1439803834.011464 -0.096025579 -0.222726390 3.937579393 0.001554939 -0.011390209 0.011969312 0.999862313
1439803834.073967 -0.096672893 -0.225336477 3.979080200 0.001238584 -0.011144652 0.012643791 0.999857187
1439803834.136467 -0.097887807 -0.227950573 4.020230770 0.000854611 -0.010849395 0.013284913 0.999852538
1439803834.198971 -0.098857053 -0.229776770 4.061823368 0.000039137 -0.010635666 0.012772070 0.999861836
1439803834.261469 -0.100617781 -0.231818721 4.103641510 -0.001304892 -0.010346062 0.011531714 0.999879122
1439803834.323971 -0.101031587 -0.233713999 4.144922256 -0.001997497 -0.010162275 0.011125773 0.999884486
1439803834.386474 -0.101820298 -0.237556741 4.186192989 -0.001867765 -0.010265360 0.012883657 0.999862552
1439803834.448973 -0.101402894 -0.240563080 4.226235390 -0.000353321 -0.010551216 0.015612889 0.999822378
1439803834.511472 -0.102742761 -0.242250174 4.267760277 0.002260834 -0.010362859 0.016722752 0.999803901
1439803834.573978 -0.103981420 -0.245775342 4.308398724 0.004090457 -0.009938622 0.016516680 0.999805808
1439803834.636474 -0.105086163 -0.247058064 4.349551201 0.005449021 -0.009652442 0.016057702 0.999809623
1439803834.698974 -0.105925523 -0.250806034 4.391183853 0.005124486 -0.009627880 0.016348680 0.999806821
1439803834.761480 -0.106648549 -0.252542973 4.430862427 0.004450994 -0.009783232 0.016399296 0.999807715
1439803834.823976 -0.107919559 -0.255468279 4.472250938 0.003380781 -0.009720347 0.016047616 0.999818265
1439803834.886476 -0.109125897 -0.257792979 4.512987137 0.002585972 -0.009695048 0.015898552 0.999823272
1439803834.948977 -0.110248059 -0.260774940 4.553641319 0.002258034 -0.009515610 0.015390845 0.999833703
1439803835.011477 -0.110587627 -0.263463944 4.593722820 0.002225057 -0.009247545 0.015117417 0.999840498
1439803835.073978 -0.112335578 -0.265730500 4.635152340 0.002315100 -0.008844306 0.014578389 0.999851942
1439803835.136479 -0.112746775 -0.268390596 4.675035954 0.002728764 -0.008538457 0.014111266 0.999860227
1439803835.198979 -0.112990484 -0.270508856 4.714789391 0.003129295 -0.008271495 0.014109723 0.999861360
1439803835.261479 -0.114188224 -0.273456335 4.754631519 0.003099252 -0.007794020 0.013964085 0.999867320
1439803835.323983 -0.115003884 -0.276080489 4.794950962 0.003000630 -0.007244190 0.014442516 0.999864936
1439803835.386481 -0.116130598 -0.278775781 4.835695744 0.002906009 -0.006588188 0.014203145 0.999873221
1439803835.448981 -0.115629189 -0.281205654 4.874965668 0.002607519 -0.006149269 0.014648572 0.999870420
1439803835.511483 -0.116064951 -0.283913165 4.915366173 0.002383902 -0.005672043 0.014867082 0.999870539
1439803835.573983 -0.116639242 -0.286734700 4.954912186 0.002322883 -0.005165703 0.014538336 0.999878287
1439803835.636484 -0.117481142 -0.289385855 4.994732857 0.002569492 -0.004676723 0.014199374 0.999884963
1439803835.698984 -0.117795646 -0.292128086 5.033879280 0.002548328 -0.004276199 0.014267958 0.999885798
1439803835.761485 -0.118210405 -0.294688940 5.073719025 0.002623870 -0.004115473 0.014332633 0.999885380
1439803835.823986 -0.118726730 -0.297561437 5.113203049 0.002274909 -0.003778984 0.014254704 0.999888659
1439803835.886489 -0.118866190 -0.299692452 5.152289391 0.001830495 -0.003414642 0.014812760 0.999882758
1439803835.948988 -0.119865723 -0.301825494 5.191744328 0.001522196 -0.002882853 0.015028635 0.999881744
1439803836.011490 -0.119771197 -0.304254621 5.230346680 0.001452891 -0.002532055 0.015069850 0.999882221
1439803836.073990 -0.120456994 -0.306506038 5.269234180 0.001356813 -0.002011724 0.015366457 0.999879003
1439803836.136491 -0.120421872 -0.308447838 5.307921410 0.001063998 -0.001620936 0.016177272 0.999867260
1439803836.198993 -0.119762994 -0.311088473 5.347463131 0.000633052 -0.001400685 0.016981056 0.999854624
1439803836.261495 -0.120206371 -0.313363731 5.386759281 0.000319922 -0.000971225 0.017014900 0.999854743
1439803836.323997 -0.120345257 -0.315485358 5.425703526 0.000130604 -0.000626510 0.017332096 0.999849617
1439803836.386498 -0.119148128 -0.318451166 5.463606834 0.000234611 -0.000403532 0.018425100 0.999830127
1439803836.448999 -0.119525447 -0.320292860 5.502666473 0.001044672 0.000040340 0.019210378 0.999814928
1439803836.511499 -0.119551241 -0.322880268 5.542513847 0.001887041 0.000569491 0.019688923 0.999804199
1439803836.574002 -0.119638532 -0.324972093 5.581680775 0.002353632 0.001195640 0.019907277 0.999798357
1439803836.636504 -0.118319713 -0.326664001 5.619188786 0.002327430 0.001537213 0.020122115 0.999793649
1439803836.699007 -0.118780307 -0.329555750 5.658372402 0.001759507 0.002130123 0.020024536 0.999795675
1439803836.761505 -0.118531935 -0.332596213 5.696848392 0.000438365 0.002629113 0.019785915 0.999800682
1439803836.824007 -0.118691862 -0.333825737 5.736818314 -0.000052913 0.003228339 0.019079670 0.999812722
1439803836.886508 -0.118633516 -0.336086750 5.775456905 -0.000584820 0.004082110 0.017662635 0.999835491
1439803836.949010 -0.118292838 -0.338134050 5.813822746 -0.000709152 0.005395376 0.016962076 0.999841332
1439803837.011511 -0.117516264 -0.340365827 5.852702141 -0.000305986 0.006954924 0.017690396 0.999819279
1439803837.074012 -0.116649941 -0.342673868 5.890780926 0.000488851 0.008420633 0.017422011 0.999812663
1439803837.136513 -0.116213456 -0.344961643 5.929299831 0.001179169 0.009893417 0.016648987 0.999811709
1439803837.199014 -0.114911437 -0.346762747 5.968673706 0.001380046 0.011190523 0.016419297 0.999801636
1439803837.261517 -0.113853872 -0.349308729 6.007231236 0.000761962 0.012298246 0.016593330 0.999786377
1439803837.324017 -0.112719864 -0.351457268 6.045819759 0.000209643 0.013127978 0.016881622 0.999771297
1439803837.386519 -0.111636356 -0.353281140 6.084603786 -0.000090386 0.013989224 0.016799575 0.999760985
1439803837.449025 -0.110617876 -0.355694622 6.122528553 0.000163792 0.014812023 0.016780701 0.999749482
1439803837.511524 -0.109038725 -0.358361959 6.160549641 0.001170711 0.015556715 0.016674740 0.999739230
1439803837.574024 -0.108226836 -0.360778213 6.199388027 0.002709409 0.016337307 0.015952004 0.999735594
1439803837.636525 -0.107025951 -0.363272309 6.238776684 0.003798773 0.016947724 0.015288749 0.999732256
1439803837.699027 -0.105569974 -0.365111113 6.276510239 0.004244062 0.017242277 0.015259378 0.999725878
1439803837.761530 -0.104540065 -0.367478788 6.316098213 0.004324284 0.017289337 0.015236554 0.999725044
1439803837.824029 -0.103080243 -0.369365454 6.354472637 0.004073414 0.017149150 0.015035837 0.999731600
1439803837.886531 -0.102564856 -0.372347057 6.392121315 0.003404318 0.016912438 0.015521833 0.999730706
1439803837.949032 -0.100984216 -0.374624044 6.432847977 0.003263114 0.016387686 0.015585708 0.999738932
1439803838.011534 -0.100149959 -0.377528578 6.471935272 0.003284873 0.015751082 0.015701907 0.999747276
1439803838.074041 -0.098860830 -0.379468620 6.510360241 0.003570245 0.014802303 0.015883990 0.999757886
1439803838.136537 -0.098098323 -0.381792903 6.549448013 0.004046331 0.013869056 0.016234580 0.999763846
1439803838.199037 -0.097101688 -0.384583801 6.588675022 0.004942341 0.012767436 0.016442522 0.999771059
1439803838.261537 -0.096329898 -0.386630774 6.627339840 0.005937559 0.011709844 0.016360614 0.999779940
1439803838.324042 -0.095923617 -0.389256984 6.666061401 0.006671729 0.010830135 0.016243683 0.999787152
1439803838.386539 -0.094999924 -0.391785860 6.705454826 0.007248968 0.009769414 0.016270107 0.999793649
1439803838.449039 -0.094915599 -0.394743353 6.744787216 0.007323753 0.008821684 0.016098410 0.999804676
1439803838.511542 -0.094510153 -0.397069544 6.784685612 0.007129535 0.007821282 0.015825560 0.999818742
1439803838.574041 -0.094507486 -0.399822503 6.824013710 0.006801599 0.006835219 0.015587655 0.999832034
1439803838.636541 -0.094566710 -0.402541995 6.863998890 0.006291374 0.005818139 0.015401998 0.999844670
1439803838.699044 -0.094550468 -0.405281544 6.903186321 0.006103168 0.004787033 0.015297540 0.999852896
1439803838.761542 -0.094745263 -0.408356696 6.942585945 0.006237290 0.003844691 0.015597634 0.999851525
1439803838.824042 -0.094337329 -0.410829484 6.982532024 0.006614002 0.002607917 0.015514884 0.999854326
1439803838.886546 -0.094427675 -0.412923932 7.021934032 0.006750642 0.001545803 0.015336229 0.999858439
1439803838.949046 -0.094649322 -0.415886402 7.061708450 0.006372792 0.000543409 0.015574336 0.999858260
1439803839.011550 -0.095130637 -0.418516129 7.101455212 0.005901133 -0.000530983 0.015862809 0.999856651
1439803839.074050 -0.095814452 -0.420845747 7.141424179 0.005424762 -0.001767501 0.016370500 0.999849737
1439803839.136553 -0.096160926 -0.423161864 7.181130886 0.004699876 -0.003074147 0.017042959 0.999839008
1439803839.199054 -0.097103693 -0.425495118 7.221024036 0.004078463 -0.004249845 0.017841786 0.999823451
1439803839.261554 -0.097549692 -0.428352326 7.261251450 0.003646330 -0.005765445 0.018013269 0.999814451
1439803839.324055 -0.098504134 -0.431104809 7.301455498 0.003396641 -0.007147276 0.018304607 0.999801159
1439803839.386555 -0.098950788 -0.433347523 7.340185642 0.003295864 -0.008691213 0.018830569 0.999779463
1439803839.449058 -0.100179546 -0.435926139 7.380332470 0.003636244 -0.010035708 0.019348770 0.999755800
1439803839.511560 -0.101305798 -0.438434809 7.419680595 0.004151762 -0.011414700 0.019878220 0.999728620
1439803839.574059 -0.102326505 -0.441137433 7.459356308 0.004598796 -0.012770379 0.020235840 0.999703109
1439803839.636560 -0.103981137 -0.443457246 7.498429775 0.004971109 -0.013915064 0.020683391 0.999676883
1439803839.699062 -0.105211899 -0.446166545 7.537825584 0.005132105 -0.015275219 0.020694735 0.999655962
1439803839.761563 -0.107131615 -0.448726028 7.577540874 0.005311956 -0.016563438 0.020318080 0.999642253
1439803839.824068 -0.108470455 -0.451403707 7.616570473 0.005490288 -0.017933836 0.020241695 0.999619186
1439803839.886566 -0.110386401 -0.454327226 7.655905247 0.005601845 -0.019327978 0.020089006 0.999595642
1439803839.949070 -0.112809405 -0.457137913 7.695826054 0.006011221 -0.020655148 0.020028386 0.999567926
1439803840.011569 -0.114803553 -0.459738940 7.735105038 0.006391658 -0.022019738 0.018837892 0.999559581
1439803840.074072 -0.116852149 -0.462582290 7.774178028 0.006472380 -0.023424253 0.017853137 0.999545217
1439803840.136571 -0.119521469 -0.465480149 7.813670158 0.007360387 -0.024614509 0.017298995 0.999520242
1439803840.199075 -0.121558517 -0.468613863 7.852463722 0.008388445 -0.025876062 0.016747896 0.999489665
1439803840.261574 -0.123934358 -0.471427500 7.891988277 0.009342965 -0.026946759 0.016838478 0.999451399
1439803840.324076 -0.126496106 -0.474468678 7.930810452 0.010394457 -0.027722431 0.016411992 0.999426842
1439803840.386577 -0.129167646 -0.477338552 7.969645977 0.010716538 -0.028577672 0.015890799 0.999407828
1439803840.449080 -0.132083595 -0.479784310 8.009142876 0.008905273 -0.029420955 0.015187179 0.999412060
1439803840.511580 -0.135100454 -0.482581258 8.048655510 0.005769345 -0.030174145 0.014028846 0.999429524
1439803840.574084 -0.137865841 -0.485296667 8.087515831 0.002336567 -0.030897086 0.012653180 0.999439716
1439803840.636589 -0.140465677 -0.487559199 8.126952171 -0.000500017 -0.031525802 0.012713131 0.999421954
1439803840.699084 -0.143214971 -0.490023315 8.166012764 -0.002071873 -0.031968210 0.013081951 0.999401093
1439803840.761586 -0.145895749 -0.492235273 8.204854012 -0.002162177 -0.032264184 0.013249655 0.999389231
1439803840.824087 -0.148541719 -0.494474173 8.243449211 -0.001811825 -0.032766856 0.012112360 0.999387980
1439803840.886588 -0.151619494 -0.496374249 8.281937599 -0.001085082 -0.033215661 0.010862369 0.999388576
1439803840.949090 -0.154667944 -0.498413861 8.320394516 -0.000505965 -0.033888757 0.009881538 0.999376595
1439803841.011591 -0.158178180 -0.500440061 8.359841347 -0.000409751 -0.034626111 0.008952309 0.999360144
1439803841.074093 -0.161363780 -0.502767265 8.398076057 -0.000277326 -0.035604905 0.008348448 0.999331057
1439803841.136594 -0.164683342 -0.504825294 8.436783791 0.000079939 -0.036458373 0.007658158 0.999305844
1439803841.199094 -0.168053418 -0.507093251 8.475202560 0.000201268 -0.037403181 0.006936194 0.999276161
1439803841.261594 -0.171535641 -0.509182811 8.513838768 0.000156878 -0.038415931 0.006558399 0.999240279
1439803841.324095 -0.175131470 -0.511262417 8.552718163 0.000037614 -0.039348889 0.004978678 0.999213099
1439803841.386595 -0.178812325 -0.513392806 8.591577530 0.000012552 -0.040359311 0.004300099 0.999175966
1439803841.449095 -0.182875454 -0.515567958 8.630522728 0.000076416 -0.041489415 0.004761203 0.999127567
1439803841.511600 -0.186360002 -0.517586291 8.668907166 0.000524624 -0.042649638 0.005310963 0.999075830
1439803841.574102 -0.190284014 -0.519803643 8.707146645 0.001129681 -0.043698840 0.005727784 0.999027669
1439803841.636601 -0.193745732 -0.522023320 8.746167183 0.002258367 -0.044855919 0.005433782 0.998976111
1439803841.699103 -0.197499037 -0.524824381 8.784064293 0.003443451 -0.045804132 0.004620333 0.998933792
1439803841.761602 -0.201594174 -0.527459741 8.821855545 0.004900034 -0.046893317 0.003599082 0.998881400
1439803841.824105 -0.205363929 -0.529803813 8.859816551 0.006403365 -0.048050407 0.002587159 0.998821020
1439803841.886605 -0.209875643 -0.532524109 8.899319649 0.007153910 -0.049279921 0.003074833 0.998754621
1439803841.949108 -0.213781595 -0.535232544 8.937495232 0.006298087 -0.050808519 0.003987097 0.998680592
1439803842.011609 -0.218468726 -0.537973583 8.976782799 0.004501300 -0.052247848 0.004344024 0.998614550
1439803842.074110 -0.223221004 -0.539766312 9.016592026 0.002675106 -0.053619239 0.004121917 0.998549342
1439803842.136611 -0.228056550 -0.542034864 9.055368423 0.001166306 -0.054957282 0.003271335 0.998482645
1439803842.199112 -0.232865214 -0.545159101 9.094073296 0.000514457 -0.056458101 0.002932901 0.998400509
1439803842.261614 -0.237975478 -0.547255278 9.133016586 0.001378648 -0.058038890 0.002509508 0.998310208
1439803842.324116 -0.243284941 -0.549666882 9.171831131 0.002806998 -0.059816517 0.002286590 0.998202801
1439803842.386617 -0.247774899 -0.552010000 9.210119247 0.003990758 -0.061705392 0.001849760 0.998084724
1439803842.449120 -0.253430724 -0.554135442 9.248749733 0.004652084 -0.063299082 0.001039919 0.997983217
1439803842.511621 -0.258138180 -0.556507468 9.287002563 0.004805980 -0.065084755 0.000012993 0.997868180
1439803842.574121 -0.265890896 -0.559067905 9.327354431 0.004908530 -0.066276342 -0.001616850 0.997787893
1439803842.636623 -0.271846652 -0.561838865 9.366026878 0.005139656 -0.067825697 -0.002777648 0.997680068
1439803842.699123 -0.277820468 -0.564713717 9.404764175 0.005635456 -0.069350369 -0.003076440 0.997571707
1439803842.761625 -0.283651233 -0.567206025 9.443242073 0.006105757 -0.070866175 -0.003051699 0.997462451
1439803842.824126 -0.290168524 -0.570065975 9.482107162 0.006557363 -0.072152972 -0.003463471 0.997366011
1439803842.886628 -0.296452284 -0.572643816 9.521107674 0.006634096 -0.073570870 -0.003994041 0.997259915
1439803842.949129 -0.302938819 -0.575069785 9.559843063 0.006454925 -0.075014651 -0.003794549 0.997154355
1439803843.011630 -0.309912801 -0.577997327 9.598899841 0.006029527 -0.076433972 -0.005364244 0.997042000
1439803843.074132 -0.316568613 -0.580726802 9.637980461 0.005428955 -0.077991262 -0.005964687 0.996921420
1439803843.136633 -0.323266268 -0.583205342 9.676450729 0.004850246 -0.079275616 -0.007145258 0.996815324
1439803843.199135 -0.330211759 -0.585778952 9.715325356 0.004654299 -0.080451027 -0.007062855 0.996722639
1439803843.261638 -0.337029457 -0.588640451 9.753882408 0.004623470 -0.081389032 -0.006838865 0.996648192
1439803843.324138 -0.344160438 -0.591462016 9.792883873 0.005382237 -0.081935421 -0.007627870 0.996593893
1439803843.386639 -0.350974321 -0.594073296 9.831013680 0.006653426 -0.082307085 -0.007327654 0.996557891
1439803843.449140 -0.357569098 -0.597208500 9.869049072 0.007747895 -0.082825959 -0.006527741 0.996512532
1439803843.511641 -0.364440441 -0.599992514 9.908451080 0.008427849 -0.083493240 -0.005280371 0.996458709
1439803843.574143 -0.370957971 -0.602795005 9.946656227 0.008341204 -0.084151939 -0.003922942 0.996410310
1439803843.636647 -0.378038406 -0.605667472 9.986202240 0.008018599 -0.084750585 -0.003301012 0.996364474
1439803843.699146 -0.385149240 -0.608292699 10.025439262 0.006767756 -0.085270010 -0.002395896 0.996331990
1439803843.761647 -0.391683221 -0.611076832 10.064263344 0.006536359 -0.085990511 0.000022843 0.996274531
1439803843.824147 -0.398575783 -0.613844395 10.103407860 0.007085635 -0.086743109 0.000718953 0.996205270
1439803843.886648 -0.406119108 -0.617012620 10.141680717 0.007962298 -0.087202765 0.000683784 0.996158540
1439803843.949149 -0.413445354 -0.620067120 10.180541039 0.008538217 -0.087513618 0.000534896 0.996126592
1439803844.011649 -0.420545816 -0.622884452 10.219327927 0.009618429 -0.087774105 0.000166671 0.996093988
1439803844.074149 -0.428797483 -0.625433683 10.258317947 0.009191693 -0.087787375 -0.000302149 0.996096790
1439803844.136650 -0.435511112 -0.627820611 10.296772957 0.007328390 -0.088147476 -0.000989930 0.996079981
1439803844.199151 -0.442284822 -0.630809963 10.334910393 0.005294523 -0.088383049 -0.000876343 0.996072114
1439803844.261650 -0.449765682 -0.633831799 10.374624252 0.004342996 -0.088622853 0.001041414 0.996055245
1439803844.324152 -0.455768585 -0.636172175 10.413415909 0.004229959 -0.089127876 0.002457246 0.996008158
1439803844.386652 -0.463014960 -0.639039695 10.452400208 0.004905296 -0.089281082 0.002791390 0.995990455
1439803844.449152 -0.469959497 -0.641408205 10.490816116 0.006977640 -0.089315109 0.002417298 0.995976031
1439803844.511654 -0.477612019 -0.644578278 10.529927254 0.008488768 -0.089383885 0.002192854 0.995958626
1439803844.574154 -0.484380245 -0.647145391 10.568350792 0.009111984 -0.089831598 0.002812936 0.995911300
1439803844.636654 -0.491514087 -0.650290012 10.606998444 0.008684882 -0.090202771 0.003262912 0.995880187
1439803844.699157 -0.498909593 -0.652778387 10.646378517 0.008324605 -0.090572692 0.003647870 0.995848358
1439803844.761655 -0.506381273 -0.655646265 10.684976578 0.008049329 -0.090774879 0.003141091 0.995833933
1439803844.824156 -0.513981462 -0.658528566 10.723553658 0.007659174 -0.090931684 0.002167188 0.995825291
1439803844.886657 -0.521263003 -0.661336720 10.761819839 0.006886487 -0.091173440 0.001717199 0.995809734
1439803844.949159 -0.529007792 -0.664144337 10.800554276 0.006235432 -0.091428980 0.001066302 0.995791495
1439803845.011660 -0.536611676 -0.666694582 10.839370728 0.005410633 -0.091789082 0.001169598 0.995763123
1439803845.074161 -0.543861270 -0.668772280 10.877569199 0.004686807 -0.092187427 0.001115244 0.995729983
1439803845.136661 -0.552205324 -0.671664000 10.915375710 0.003985813 -0.092038624 0.000732795 0.995747209
1439803845.199162 -0.559432268 -0.674116731 10.954758644 0.003787242 -0.092707857 0.000414484 0.995686054
1439803845.261662 -0.567092896 -0.676592112 10.993230820 0.003598304 -0.092928991 0.000756439 0.995665967
1439803845.324162 -0.574226260 -0.678942323 11.032237053 0.003551610 -0.093557738 0.001273266 0.995606661
1439803845.386663 -0.581822038 -0.681338251 11.070941925 0.003722586 -0.093908705 0.001357378 0.995572925
1439803845.449164 -0.589503169 -0.684165716 11.109762192 0.003733088 -0.094200924 0.001443044 0.995545149
1439803845.511664 -0.596935034 -0.686684847 11.148468018 0.003533256 -0.094721727 0.002103582 0.995495319
1439803845.574165 -0.604578018 -0.688661098 11.187272072 0.003355312 -0.095055781 0.002636415 0.995462775
1439803845.636667 -0.612188816 -0.691290319 11.225838661 0.002918255 -0.095447443 0.003018376 0.995425642
1439803845.699168 -0.619382620 -0.693750918 11.265303612 0.002711519 -0.096004218 0.002835126 0.995373189
1439803845.761669 -0.627239466 -0.696169198 11.304490089 0.002763693 -0.096356779 0.002753652 0.995339215
1439803845.824172 -0.635237694 -0.698225856 11.342224121 0.002855982 -0.096621282 0.002966146 0.995312691
1439803845.886671 -0.642530918 -0.700940311 11.381060600 0.002789330 -0.097212471 0.003088296 0.995254934
1439803845.949173 -0.650488019 -0.703450918 11.419282913 0.003000022 -0.097449347 0.002787888 0.995232046
1439803846.011675 -0.658887625 -0.706247389 11.457302094 0.003123807 -0.097634561 0.002702309 0.995213747
1439803846.074177 -0.666215897 -0.708988070 11.495866776 0.003401637 -0.098138340 0.002610906 0.995163560
1439803846.136679 -0.674315333 -0.711572289 11.534401894 0.003763193 -0.098448642 0.002508533 0.995131850
1439803846.199180 -0.682672858 -0.713774562 11.572539330 0.004496907 -0.098659031 0.002288733 0.995108485
1439803846.261681 -0.690601707 -0.716184676 11.610572815 0.005074725 -0.099143423 0.002397987 0.995057344
1439803846.324179 -0.698706031 -0.718909979 11.648342133 0.005622224 -0.099451602 0.002332508 0.995023787
1439803846.386681 -0.706719041 -0.722143888 11.686560631 0.006036390 -0.099913992 0.002013238 0.994975746
1439803846.449181 -0.715096712 -0.723676682 11.723871231 0.006612483 -0.100116275 0.001853761 0.994952023
1439803846.511684 -0.723607421 -0.726266861 11.762718201 0.006603695 -0.100502640 0.001524281 0.994913697
1439803846.574185 -0.733205676 -0.731375635 11.799954414 0.005314310 -0.100347266 0.000821096 0.994937956
1439803846.636685 -0.739916921 -0.731866121 11.838944435 0.005364939 -0.101445608 0.000946705 0.994826138
1439803846.699188 -0.748644471 -0.734575391 11.876561165 0.004902190 -0.101620302 -0.000040707 0.994811177
1439803846.761689 -0.756987214 -0.736984432 11.914399147 0.004507027 -0.102073975 -0.000408565 0.994766533
1439803846.824190 -0.764876246 -0.740384281 11.952028275 0.004167369 -0.102633439 -0.001159643 0.994709849
1439803846.886694 -0.773567438 -0.741934299 11.990623474 0.004932970 -0.102957532 -0.001603611 0.994672239
1439803846.949195 -0.782177448 -0.744255900 12.028166771 0.005741674 -0.103139333 -0.002781880 0.994646430
1439803847.011692 -0.790480494 -0.746530712 12.066119194 0.006324505 -0.103537664 -0.003633910 0.994598806
1439803847.074196 -0.798703074 -0.749580145 12.102986336 0.006465567 -0.104006797 -0.004002207 0.994547486
1439803847.136697 -0.807592869 -0.751904249 12.140109062 0.006821844 -0.104295567 -0.004672542 0.994511962
1439803847.199198 -0.815992951 -0.754236937 12.177560806 0.006816529 -0.104766294 -0.005062206 0.994460583
1439803847.261699 -0.824214458 -0.757237911 12.214995384 0.006026878 -0.105137840 -0.005480894 0.994424284
1439803847.324200 -0.832664490 -0.759924948 12.252751350 0.005410962 -0.105412006 -0.005597089 0.994398177
1439803847.386701 -0.841469407 -0.762023091 12.289864540 0.005150106 -0.105645411 -0.005894125 0.994373024
1439803847.449204 -0.850110650 -0.763989568 12.326808929 0.005071640 -0.105846584 -0.005990337 0.994351447
1439803847.511706 -0.858281851 -0.766811550 12.363580704 0.004675516 -0.106318466 -0.005746215 0.994304538
1439803847.574208 -0.866271615 -0.769456089 12.401540756 0.004704500 -0.106734581 -0.006015961 0.994258225
1439803847.636712 -0.874781609 -0.771688521 12.438312531 0.004777914 -0.106671296 -0.006058050 0.994264424
1439803847.699213 -0.882819414 -0.773812234 12.475221634 0.004610846 -0.106536150 -0.005756000 0.994281471
1439803847.761711 -0.890759110 -0.776178181 12.511674881 0.004270982 -0.106349379 -0.005397576 0.994305015
1439803847.824211 -0.899273992 -0.778768361 12.548149109 0.004319081 -0.105752192 -0.006063407 0.994364619
1439803847.886712 -0.907404900 -0.781105697 12.584329605 0.004438664 -0.105422504 -0.006576749 0.994395852
1439803847.949216 -0.915656924 -0.784043252 12.621472359 0.004147133 -0.105296969 -0.006697089 0.994409621
1439803848.011717 -0.923363686 -0.786319435 12.657303810 0.004203774 -0.105186619 -0.006556274 0.994421959
1439803848.074219 -0.931088090 -0.788439870 12.694515228 0.004592161 -0.104959577 -0.006079805 0.994447291
1439803848.136718 -0.938811064 -0.790786982 12.730313301 0.005002530 -0.104532830 -0.005563095 0.994493306
1439803848.199220 -0.946371078 -0.793432117 12.766683578 0.005190303 -0.104355812 -0.005660562 0.994510353
1439803848.261721 -0.954211831 -0.795861363 12.802687645 0.005553485 -0.103898615 -0.005656352 0.994556308
1439803848.324222 -0.962787390 -0.798222899 12.839797020 0.005843169 -0.103438824 -0.006182548 0.994599462
1439803848.386725 -0.970772743 -0.800429642 12.875540733 0.005550805 -0.103165731 -0.007142620 0.994623065
1439803848.449230 -0.978325605 -0.803089023 12.911515236 0.004930471 -0.103227556 -0.007125098 0.994620025
1439803848.511726 -0.986327767 -0.805411398 12.948271751 0.004639795 -0.102984212 -0.007113821 0.994646728
1439803848.574230 -0.993856072 -0.807682395 12.984284401 0.004479975 -0.102851756 -0.006537509 0.994665146
1439803848.636731 -1.001392484 -0.810159206 13.020065308 0.004432064 -0.102530815 -0.005893954 0.994702518
1439803848.699232 -1.009008408 -0.812806189 13.055806160 0.004785233 -0.102100834 -0.005697272 0.994746208
1439803848.761731 -1.016710758 -0.815042555 13.091597557 0.005134739 -0.101728104 -0.005706452 0.994782627
1439803848.824235 -1.023716807 -0.817432404 13.126443863 0.005086537 -0.101411559 -0.005513148 0.994816244
1439803848.886737 -1.030802965 -0.819982469 13.161331177 0.004754044 -0.101126067 -0.005125405 0.994849026
1439803848.949239 -1.038703084 -0.822155476 13.197286606 0.004488562 -0.100696594 -0.005270095 0.994893074
1439803849.011737 -1.045740008 -0.824362934 13.232462883 0.003865496 -0.100370750 -0.005485510 0.994927466
1439803849.074241 -1.053012490 -0.826565862 13.267686844 0.003074092 -0.100008562 -0.005379358 0.994967282
1439803849.136755 -1.060488105 -0.828632474 13.303365707 0.002395954 -0.099652991 -0.004990681 0.995006859
1439803849.199242 -1.067522764 -0.830925345 13.337849617 0.002070250 -0.099290460 -0.004883877 0.995044351
1439803849.261743 -1.074726582 -0.833084345 13.372540474 0.001851064 -0.098905109 -0.004496291 0.995085001
1439803849.324244 -1.081790447 -0.835575938 13.406770706 0.001517679 -0.098451823 -0.004209490 0.995131731
1439803849.386749 -1.088421822 -0.837396264 13.440427780 0.001340310 -0.098171011 -0.003562748 0.995162308
1439803849.449248 -1.095552206 -0.839376390 13.474168777 0.001388075 -0.097581260 -0.003429795 0.995220661
1439803849.511751 -1.102064967 -0.841553569 13.507353783 0.001264247 -0.097213797 -0.003371789 0.995257020
1439803849.574253 -1.108979702 -0.843559980 13.540745735 0.001423271 -0.096756347 -0.003115760 0.995302200
1439803849.636753 -1.115466356 -0.845844984 13.574044228 0.001925564 -0.096474692 -0.002607872 0.995330155
1439803849.699256 -1.122481942 -0.847987533 13.607104301 0.002615251 -0.095962532 -0.001998700 0.995379508
1439803849.761755 -1.128445148 -0.850257337 13.638730049 0.002967397 -0.095835283 -0.001487026 0.995391667
1439803849.824256 -1.135062933 -0.852260053 13.671343803 0.003167607 -0.095656686 -0.000821884 0.995409012
1439803849.886762 -1.141116023 -0.854434788 13.703183174 0.003044860 -0.095759295 -0.000384887 0.995399773
1439803849.949264 -1.147517204 -0.856594503 13.735334396 0.002846757 -0.095678195 -0.000599945 0.995408058
1439803850.011762 -1.153473973 -0.858980000 13.767001152 0.002116353 -0.095742293 -0.000419929 0.995403826
1439803850.074264 -1.160189390 -0.860929310 13.798857689 0.001535331 -0.095610909 0.000534063 0.995417476
1439803850.136764 -1.165942073 -0.862791300 13.830390930 0.001340381 -0.095762245 0.001418394 0.995402336
1439803850.199266 -1.171986938 -0.864695728 13.861234665 0.001649466 -0.095940925 0.001736248 0.995384157
1439803850.261765 -1.178255796 -0.866929591 13.892369270 0.002065081 -0.096188240 0.001567951 0.995359778
1439803850.324269 -1.184570670 -0.869271815 13.922641754 0.002487186 -0.096277282 0.001733201 0.995349944
1439803850.386768 -1.190804601 -0.871155262 13.953073502 0.003269191 -0.096550860 0.002191534 0.995320261
1439803850.449272 -1.197007775 -0.872703075 13.982983589 0.004156773 -0.096833698 0.002393000 0.995289028
1439803850.511772 -1.203489900 -0.875181675 14.013173103 0.004525188 -0.097041160 0.002405921 0.995267153
1439803850.574272 -1.209330082 -0.876786590 14.043313026 0.004833884 -0.097511090 0.002772297 0.995218813
1439803850.636778 -1.215540528 -0.878629923 14.072740555 0.005019403 -0.097613536 0.002836845 0.995207667
1439803850.699277 -1.221558690 -0.881052732 14.102234840 0.004992524 -0.097961895 0.002631828 0.995174170
1439803850.761779 -1.227585077 -0.883332491 14.131526947 0.005129282 -0.098227158 0.002169202 0.995148420
1439803850.824278 -1.233475089 -0.885432363 14.159974098 0.005272569 -0.098458782 0.002149241 0.995124817
1439803850.886781 -1.239859939 -0.887379706 14.188643456 0.005268379 -0.098461166 0.002054342 0.995124817
1439803850.949281 -1.245536685 -0.889363110 14.216383934 0.005410729 -0.098676994 0.002171478 0.995102465
1439803851.011785 -1.250991940 -0.891418517 14.244624138 0.005592228 -0.099288724 0.002172534 0.995040596
1439803851.074289 -1.257763267 -0.893390894 14.272981644 0.005773229 -0.099265113 0.001601550 0.995042980
1439803851.136788 -1.263189912 -0.895279586 14.300220490 0.005715333 -0.099473380 0.001123329 0.995023191
1439803851.199289 -1.269016385 -0.897267342 14.327686310 0.005433967 -0.099672794 0.001110994 0.995004833
1439803851.261787 -1.274931431 -0.899227560 14.355188370 0.005650685 -0.099826522 0.000841207 0.994988441
1439803851.324291 -1.280661225 -0.901155889 14.382333755 0.005990961 -0.100059859 0.000513263 0.994963288
1439803851.386792 -1.286652446 -0.903248906 14.409685135 0.005946643 -0.100250281 0.000320770 0.994944394
1439803851.449294 -1.292331815 -0.905132651 14.436063766 0.005898164 -0.100286849 0.000110833 0.994941056
1439803851.511796 -1.298021317 -0.906944633 14.462994576 0.005816460 -0.100293472 -0.000164933 0.994940877
1439803851.574296 -1.304031253 -0.908545494 14.489774704 0.005971194 -0.100310303 -0.000405527 0.994938195
1439803851.636797 -1.309792519 -0.910527050 14.515967369 0.006311121 -0.100485086 -0.001012660 0.994918048
1439803851.699300 -1.314735174 -0.912854254 14.543509483 0.006316015 -0.100902967 -0.001177263 0.994875550
1439803851.761799 -1.320422530 -0.914579511 14.569380760 0.006145146 -0.100914821 -0.001593808 0.994874835
1439803851.824300 -1.326388240 -0.915976524 14.596061707 0.006336964 -0.100906156 -0.001918324 0.994873941
1439803851.886802 -1.332317829 -0.917416215 14.621555328 0.006645292 -0.100991160 -0.002012210 0.994863093
1439803851.949305 -1.338152885 -0.918528557 14.646466255 0.007259624 -0.100983702 -0.002336702 0.994858861
1439803852.074307 -1.349691868 -0.922616661 14.695634842 0.006889484 -0.100879319 -0.001791518 0.994873166
1439803852.136805 -1.355201840 -0.924550653 14.719454765 0.006081526 -0.100787006 -0.001624986 0.994888127
1439803852.199308 -1.360609412 -0.926362634 14.744431496 0.005502125 -0.100835264 -0.001856866 0.994886160
1439803852.261808 -1.366794705 -0.928399622 14.768388748 0.005053329 -0.100617088 -0.001999952 0.994910359
1439803852.324310 -1.373438120 -0.930181086 14.791408539 0.004935723 -0.100375034 -0.001864975 0.994935691
1439803852.449310 -1.381951332 -0.933713496 14.844728470 0.004741183 -0.100631900 -0.002387643 0.994909525
1439803852.511811 -1.387055278 -0.935734034 14.869098663 0.004255971 -0.100496128 -0.002376256 0.994925499
1439803852.574312 -1.392226577 -0.936682999 14.894719124 0.004075459 -0.100623034 -0.001684166 0.994914830
1439803852.636812 -1.396847963 -0.938295007 14.919110298 0.004014427 -0.100818723 -0.001216749 0.994895935
1439803852.699312 -1.402255058 -0.939793229 14.944189072 0.004650565 -0.100521974 -0.001229934 0.994923174
1439803852.824313 -1.412865639 -0.943219185 14.992766380 0.003302081 -0.099923357 -0.000755189 0.994989395
1439803852.886813 -1.418151617 -0.944681168 15.017420769 0.002552169 -0.100048922 -0.000360043 0.994979203
1439803852.949315 -1.423014879 -0.946225286 15.041384697 0.002318571 -0.100276068 -0.000137796 0.994956970
1439803853.011817 -1.428146362 -0.948021591 15.065690994 0.002508220 -0.100269303 -0.000443403 0.994957030
1439803853.074318 -1.433315873 -0.949535012 15.088865280 0.002930333 -0.100108497 0.000421466 0.994972110
1439803853.199315 -1.443481803 -0.952598751 15.138459206 0.002565276 -0.100360520 0.000063404 0.994947791
1439803853.261818 -1.448480844 -0.953999996 15.162630081 0.002719250 -0.100689180 0.000541036 0.994914055
1439803853.324318 -1.453365922 -0.955346346 15.186835289 0.003072937 -0.100981832 0.001178335 0.994882822
1439803853.386820 -1.458267689 -0.957203686 15.211199760 0.002834335 -0.101099201 0.001575518 0.994871080
1439803853.449322 -1.463898540 -0.958582103 15.236253738 0.002774688 -0.101149902 0.001602424 0.994866014
1439803853.574326 -1.475117326 -0.961928606 15.286216736 0.002831654 -0.101751976 0.000479317 0.994805634
1439803853.636826 -1.480764866 -0.963900149 15.311441422 0.003787619 -0.102164656 0.000044698 0.994760275
1439803853.699325 -1.486415863 -0.966309369 15.334977150 0.003842779 -0.102446362 0.000040925 0.994731128
1439803853.761829 -1.491658211 -0.967552423 15.360923767 0.004105831 -0.102991968 0.000763681 0.994673371
1439803853.824329 -1.496814847 -0.968724489 15.385183334 0.004936537 -0.103630885 0.001229437 0.994602799
1439803853.886830 -1.502302527 -0.970304251 15.410445213 0.005861447 -0.104009241 0.001445047 0.994558036
1439803853.949332 -1.508071542 -0.972267270 15.436476707 0.006355492 -0.104384318 0.001549637 0.994515538
1439803854.011834 -1.513789177 -0.973788857 15.462032318 0.006582348 -0.104529202 0.000755204 0.994499743
1439803854.074333 -1.519979715 -0.975661755 15.487274170 0.005654130 -0.104613163 0.000214930 0.994496882
1439803854.136838 -1.525602579 -0.977409184 15.512706757 0.005175092 -0.104988933 -0.000077298 0.994459927
1439803854.199336 -1.531243920 -0.979077041 15.538404465 0.004772275 -0.105608813 -0.000001647 0.994396269
1439803854.261840 -1.537001014 -0.981074333 15.563851357 0.004202408 -0.106131606 0.000034928 0.994343221
1439803854.324341 -1.542708755 -0.982732296 15.589841843 0.003645602 -0.106616057 0.000598752 0.994293392
1439803854.386842 -1.548303604 -0.984984815 15.615479469 0.003191455 -0.107019417 0.000776546 0.994251549
1439803854.449342 -1.553920269 -0.986204565 15.640976906 0.003314978 -0.107272431 0.001124147 0.994223475
1439803854.511846 -1.559595108 -0.988167703 15.666391373 0.003319065 -0.107639059 0.001325781 0.994183600
1439803854.574348 -1.565154791 -0.989812434 15.691569328 0.003404460 -0.108130723 0.001320444 0.994129956
1439803854.636848 -1.571967363 -0.990875721 15.717424393 0.003333885 -0.108216487 0.001137670 0.994121134
1439803854.699349 -1.577995181 -0.992272913 15.742790222 0.002962422 -0.108322307 0.001479523 0.994110346
1439803854.761851 -1.583364606 -0.993740976 15.768376350 0.002569156 -0.108470671 0.001576998 0.994095087
1439803854.824352 -1.589147210 -0.995054305 15.793663025 0.002087728 -0.108507194 0.001243330 0.994092703
1439803854.886850 -1.595358968 -0.996864200 15.819363594 0.001614701 -0.108581848 0.001979603 0.994084239
1439803854.949353 -1.601013541 -0.997660458 15.844702721 0.001465945 -0.108866617 0.002954923 0.994050860
1439803855.011851 -1.606338739 -0.999603331 15.870381355 0.000992489 -0.109143272 0.003401968 0.994019687
1439803855.074351 -1.611252069 -1.001836300 15.895262718 0.000594029 -0.109276712 0.004002044 0.994003117
1439803855.136856 -1.616530418 -1.003469229 15.920431137 0.000330984 -0.109321959 0.005180492 0.993992865
1439803855.199355 -1.622696996 -1.004454017 15.946292877 -0.000055464 -0.109212808 0.007415830 0.993990719
1439803855.261853 -1.627408385 -1.005951285 15.971231461 -0.000742466 -0.109389074 0.008926500 0.993958652
1439803855.324357 -1.633374572 -1.006807685 15.996630669 -0.000584972 -0.109087177 0.009451143 0.993987083
1439803855.386854 -1.639102101 -1.008859873 16.021154404 0.000035385 -0.108559445 0.008479643 0.994053781
1439803855.449357 -1.644785047 -1.010621309 16.045616150 0.000913180 -0.107846878 0.007680085 0.994137406
1439803855.511861 -1.648793221 -1.011094093 16.070234299 0.001941791 -0.107451141 0.006683263 0.994185984
1439803855.574355 -1.656058908 -1.014017224 16.094779968 0.001853464 -0.105601221 0.005426715 0.994392037
1439803855.636856 -1.660954833 -1.015461445 16.118932724 0.002190803 -0.104450874 0.005374834 0.994513094
1439803855.699361 -1.665677667 -1.016581655 16.143218994 0.002886346 -0.103205971 0.006478822 0.994634748
1439803855.761858 -1.670310378 -1.018704176 16.167881012 0.002943862 -0.101659440 0.007680228 0.994785249
1439803855.824358 -1.674778104 -1.020578861 16.191253662 0.002491570 -0.099689193 0.007948437 0.994983792
1439803855.886859 -1.679268241 -1.021776438 16.214607239 0.002199072 -0.097642727 0.008205033 0.995185316
1439803855.949359 -1.683164477 -1.023240805 16.237358093 0.001832594 -0.095742323 0.007912355 0.995373011
1439803856.011859 -1.687233925 -1.024898171 16.260244370 0.001688705 -0.093753055 0.006805881 0.995570779
1439803856.074362 -1.692007065 -1.026297927 16.283500671 0.001316770 -0.091098815 0.006398005 0.995820403
1439803856.136861 -1.695710659 -1.027958274 16.305946350 0.001626106 -0.088689104 0.005894844 0.996040583
1439803856.199361 -1.699376583 -1.029483318 16.328050613 0.002378893 -0.085791104 0.004742818 0.996299028
1439803856.261864 -1.701998591 -1.030797839 16.349607468 0.002756886 -0.082866132 0.004522582 0.996546566
1439803856.324365 -1.707175851 -1.032031059 16.373189926 0.002972925 -0.078283072 0.003926452 0.996918976
1439803856.386868 -1.708466411 -1.033699036 16.394603729 0.002673806 -0.074256487 0.003881820 0.997228026
1439803856.449371 -1.711040974 -1.034782052 16.416017532 0.002940328 -0.069189817 0.003962333 0.997591317
1439803856.511868 -1.713639259 -1.035610437 16.437990189 0.003650606 -0.063626863 0.004134004 0.997958481
1439803856.574375 -1.715396404 -1.036668181 16.459087372 0.004156781 -0.057857938 0.005410839 0.998301506
1439803856.636878 -1.714964509 -1.039130330 16.480838776 0.003420693 -0.052082639 0.005846426 0.998619795
1439803856.699376 -1.716331601 -1.040323615 16.502368927 0.002917074 -0.044768646 0.004928619 0.998980939
1439803856.761873 -1.716862440 -1.041646600 16.523429871 0.002399584 -0.037013602 0.004447998 0.999301970
1439803856.824373 -1.716440082 -1.043088675 16.544103622 0.002202552 -0.029106453 0.004764343 0.999562562
1439803856.886876 -1.715873718 -1.044514894 16.565965652 0.002155138 -0.020397114 0.004841949 0.999777913
1439803856.949376 -1.714787841 -1.045817256 16.586462021 0.002078412 -0.010916609 0.004606440 0.999927640
1439803857.011879 -1.712773681 -1.046928406 16.606775284 0.001785828 -0.000462087 0.005352400 0.999983966
1439803857.074381 -1.709595442 -1.048155069 16.627998352 0.001183621 0.010736531 0.006051229 0.999923348
1439803857.136880 -1.706186533 -1.049294472 16.648225784 0.000600350 0.023249352 0.006480844 0.999708533
1439803857.199385 -1.702443957 -1.050304651 16.668376923 0.000060522 0.037052367 0.006593869 0.999291539
1439803857.261884 -1.697464466 -1.051516652 16.688215256 -0.000740140 0.051435210 0.007717137 0.998646259
1439803857.324384 -1.691687346 -1.052543998 16.707998276 -0.001249756 0.066637203 0.008528640 0.997740030
1439803857.386887 -1.685712814 -1.053640723 16.726781845 -0.001925457 0.082412891 0.009328164 0.996552765
1439803857.449389 -1.678386688 -1.054341793 16.746330261 -0.002009638 0.098582767 0.010725860 0.995069027
1439803857.511889 -1.670344591 -1.055142879 16.764810562 -0.002139826 0.115289226 0.012348474 0.993252873
1439803857.574391 -1.662259102 -1.056219220 16.782476425 -0.002417837 0.133188754 0.013403805 0.990997136
1439803857.636893 -1.652718544 -1.057015300 16.800098419 -0.002933010 0.151238456 0.014984739 0.988379359
1439803857.699394 -1.642296791 -1.057301760 16.817607880 -0.003920606 0.169784635 0.016545033 0.985334516
1439803857.761894 -1.631445408 -1.057624340 16.834461212 -0.005507568 0.188866407 0.018143116 0.981819749
1439803857.824398 -1.619383812 -1.057872772 16.851270676 -0.007130358 0.208351821 0.020615844 0.977810681
1439803857.886898 -1.606918812 -1.058311701 16.866912842 -0.008857684 0.228353843 0.023010811 0.973265946
1439803857.949400 -1.593162537 -1.058052421 16.883041382 -0.010012599 0.248884663 0.025666377 0.968141198
1439803858.011905 -1.578827858 -1.058058023 16.898052216 -0.011774897 0.269672573 0.028352447 0.962462604
1439803858.074401 -1.563755512 -1.058010459 16.912441254 -0.013613115 0.290375680 0.030720392 0.956322610
1439803858.136906 -1.548193455 -1.057974458 16.926212311 -0.015174360 0.311187059 0.032687318 0.949665129
1439803858.199409 -1.531980515 -1.057892799 16.939498901 -0.017149072 0.331904680 0.034932535 0.942509890
1439803858.261905 -1.514132023 -1.056998730 16.952823639 -0.019178737 0.352286696 0.037090510 0.934960186
1439803858.324408 -1.496215343 -1.056519747 16.965326309 -0.021315312 0.372951776 0.038949989 0.926787734
1439803858.386910 -1.476945400 -1.055536509 16.977569580 -0.022932084 0.393237352 0.039751735 0.918290973
1439803858.449412 -1.457529068 -1.054462671 16.989208221 -0.024933169 0.413031071 0.039071895 0.909536719
1439803858.511912 -1.437770844 -1.053713799 17.000091553 -0.026254430 0.432288766 0.039336763 0.900494158
1439803858.574413 -1.417163372 -1.052574277 17.010780334 -0.027310692 0.451190352 0.040216930 0.891102672
1439803858.636915 -1.395507336 -1.051275492 17.020118713 -0.027994083 0.468961865 0.042171407 0.881766796
1439803858.699418 -1.373342037 -1.049777508 17.029083252 -0.028467834 0.486092269 0.044476062 0.872310579
1439803858.761921 -1.350432396 -1.048393011 17.037601471 -0.028125625 0.502249658 0.047288783 0.862970471
1439803858.824422 -1.327062607 -1.046424150 17.045732498 -0.027621016 0.517330289 0.048926655 0.853939474
1439803858.886921 -1.304046631 -1.045288920 17.053236008 -0.028589960 0.531620443 0.049039215 0.845078409
1439803858.949422 -1.280446529 -1.043798089 17.060571671 -0.029915247 0.545084596 0.048974797 0.836414576
1439803859.011923 -1.256163120 -1.042120934 17.067934036 -0.031466566 0.557546437 0.048691563 0.828118920
1439803859.074423 -1.231596470 -1.040527105 17.074728012 -0.033007432 0.568908155 0.048268583 0.820319533
1439803859.136927 -1.206442356 -1.039084196 17.081233978 -0.034088455 0.579237938 0.047627855 0.813051641
1439803859.199428 -1.181031704 -1.037594795 17.087066650 -0.033218358 0.588506877 0.048265252 0.806366384
1439803859.261928 -1.155464172 -1.036064863 17.092685699 -0.031516019 0.596805632 0.049036723 0.800265670
1439803859.324432 -1.129300117 -1.034455419 17.098089218 -0.029626023 0.603992939 0.049339168 0.794909060
1439803859.386931 -1.103166342 -1.032904625 17.103384018 -0.028001945 0.610166132 0.049452394 0.790232658
1439803859.449434 -1.076508522 -1.031041741 17.108848572 -0.026990207 0.615493774 0.049099557 0.786147714
1439803859.511932 -1.049877405 -1.029569149 17.114454269 -0.026997583 0.620072246 0.048427921 0.782583058
1439803859.574432 -1.022452831 -1.028359652 17.119295120 -0.027140027 0.624113858 0.048446827 0.779357553
1439803859.636936 -0.994794846 -1.026721358 17.124509811 -0.027161036 0.627904654 0.049266223 0.776254356
1439803859.699433 -0.967055798 -1.025247693 17.129383087 -0.027698072 0.631304324 0.049457684 0.773460746
1439803859.761936 -0.939225197 -1.023512721 17.134143829 -0.028116986 0.634417832 0.049443938 0.770894766
1439803859.824442 -0.910560369 -1.021821976 17.139787674 -0.028791925 0.637570620 0.049075887 0.768287897
1439803859.886937 -0.881679773 -1.020397663 17.144718170 -0.029272292 0.640325367 0.049118690 0.765972495
1439803859.949436 -0.852637887 -1.018679857 17.149114609 -0.029312054 0.642626405 0.048448645 0.764084280
1439803860.011940 -0.822899818 -1.017342448 17.154443741 -0.028797017 0.645056903 0.047064111 0.762139916
1439803860.074439 -0.793728471 -1.016009212 17.159008026 -0.027164474 0.647098184 0.045494623 0.760563135
1439803860.136937 -0.764140964 -1.014586806 17.163934708 -0.026372364 0.649007022 0.043248456 0.759094179
1439803860.199442 -0.734528542 -1.013068557 17.168428421 -0.026231138 0.650555432 0.041691989 0.757859707
1439803860.261939 -0.704410672 -1.011987925 17.173160553 -0.025897132 0.651801646 0.041408017 0.756815255
1439803860.324440 -0.672570825 -1.010658741 17.177293777 -0.025796000 0.652649224 0.041765373 0.756068289
1439803860.386941 -0.642018080 -1.009209991 17.181459427 -0.026423156 0.653274477 0.042418871 0.755469978
1439803860.449440 -0.611481547 -1.008522153 17.186157227 -0.027530061 0.653961420 0.043680966 0.754763901
1439803860.511940 -0.579548001 -1.007268667 17.190608978 -0.028520526 0.654706895 0.044115912 0.754055202
1439803860.574444 -0.548527479 -1.006331921 17.195804596 -0.029565737 0.655618131 0.043709960 0.753246367
1439803860.636944 -0.517906904 -1.004782915 17.199789047 -0.030411294 0.656311929 0.043000195 0.752649188
1439803860.699447 -0.486864209 -1.003164291 17.204181671 -0.029822284 0.656994522 0.043278713 0.752061009
1439803860.761945 -0.455467463 -1.001723289 17.208282471 -0.028410845 0.657418251 0.044292722 0.751686275
1439803860.824448 -0.424628139 -1.000307322 17.211759567 -0.027855730 0.657453060 0.045322478 0.751615167
1439803860.886950 -0.391873479 -0.998179257 17.216787338 -0.027725378 0.657800615 0.046575878 0.751239240
1439803860.949452 -0.360151768 -0.996451855 17.221164703 -0.028160896 0.657934189 0.047287095 0.751061559
1439803861.011952 -0.328289986 -0.994584501 17.225311279 -0.028549915 0.658099592 0.047686726 0.750876725
1439803861.074453 -0.296628118 -0.993106544 17.229513168 -0.028840363 0.658154368 0.048139106 0.750788689
1439803861.136955 -0.264171124 -0.991558075 17.233846664 -0.028597457 0.658250093 0.048542332 0.750688076
1439803861.199454 -0.231942654 -0.989463329 17.238227844 -0.028212940 0.658432841 0.048491232 0.750545681
1439803861.261957 -0.199096799 -0.988146901 17.242454529 -0.028475378 0.658598959 0.048138771 0.750412703
1439803861.324459 -0.166782975 -0.986307561 17.246944427 -0.028878059 0.658802748 0.047517709 0.750258029
1439803861.386961 -0.133944511 -0.984291732 17.251859665 -0.029878197 0.658992946 0.046558253 0.750111938
1439803861.449465 -0.101620674 -0.983061433 17.257007599 -0.030878758 0.659151077 0.046169523 0.749956489
1439803861.511968 -0.069094181 -0.981151342 17.260969162 -0.030801311 0.659196138 0.046543878 0.749896944
1439803861.574465 -0.033937693 -0.978773177 17.265815735 -0.030746089 0.659484982 0.046789773 0.749629855
1439803861.636970 -0.002299309 -0.977249980 17.270311356 -0.030151846 0.659463763 0.047502905 0.749627829
1439803861.699466 0.030805588 -0.975320697 17.274871826 -0.029356122 0.659751594 0.048210461 0.749360979
1439803861.761969 0.064444065 -0.973697722 17.279056549 -0.028279372 0.660095334 0.049185455 0.749036193
1439803861.824467 0.097845554 -0.971944928 17.283763885 -0.028515954 0.660405457 0.048999246 0.748766065
1439803861.886967 0.130927563 -0.969898045 17.288362503 -0.029421624 0.660524428 0.048838090 0.748636544
1439803861.949470 0.164752483 -0.967527807 17.292932510 -0.030717991 0.660699427 0.049237553 0.748403847
1439803862.011970 0.199051380 -0.965644896 17.296985626 -0.031572007 0.660742879 0.050140958 0.748270035
1439803862.074470 0.232751369 -0.963557065 17.301204681 -0.031360846 0.660771251 0.051180474 0.748183429
1439803862.136974 0.266533613 -0.961467803 17.305494308 -0.030799696 0.660844684 0.052266233 0.748066783
1439803862.199476 0.301132441 -0.959089994 17.309640884 -0.030644057 0.661021352 0.052684255 0.747887790
1439803862.261977 0.333778620 -0.956849694 17.314065933 -0.030565811 0.661368370 0.052551113 0.747593462
1439803862.324478 0.367745638 -0.955153465 17.318201065 -0.030481229 0.661648750 0.053128872 0.747307956
1439803862.386980 0.400743246 -0.952893615 17.322067261 -0.030057350 0.661847830 0.053183690 0.747144878
1439803862.449480 0.434686065 -0.950904608 17.326555252 -0.028743109 0.662099838 0.052771602 0.747002602
1439803862.511979 0.468713760 -0.949276209 17.330675125 -0.026186241 0.662203133 0.052487344 0.747025013
1439803862.574486 0.502573013 -0.947303653 17.335010529 -0.024283174 0.662303984 0.051788926 0.747048676
1439803862.636984 0.537456036 -0.946236730 17.339191437 -0.023055151 0.662320912 0.051116820 0.747118831
1439803862.699485 0.570384383 -0.944397449 17.343654633 -0.022329852 0.662189782 0.050596122 0.747292459
1439803862.761987 0.607759237 -0.942596078 17.347475052 -0.022848817 0.661718726 0.050878521 0.747674823
1439803862.824489 0.642008305 -0.940999269 17.352298737 -0.023313791 0.661124885 0.051840965 0.748119593
1439803862.886989 0.676453590 -0.939325094 17.356792450 -0.023729855 0.660392463 0.052719198 0.748691738
1439803862.949491 0.711082220 -0.937777519 17.361272812 -0.023757687 0.659712434 0.052955840 0.749273479
1439803863.011991 0.745245934 -0.935289979 17.365880966 -0.023154287 0.659041584 0.052587222 0.749908447
1439803863.074492 0.780592203 -0.934308290 17.370903015 -0.022886386 0.658495188 0.052481025 0.750403881
1439803863.136997 0.816355228 -0.931930661 17.375680923 -0.022696229 0.657941103 0.051993743 0.750929415
1439803863.199496 0.850749254 -0.930079341 17.380865097 -0.022669997 0.657360137 0.052012175 0.751437545
1439803863.262001 0.885003567 -0.928237081 17.385768890 -0.022896929 0.656609654 0.052265354 0.752068996
1439803863.324500 0.919393778 -0.925580263 17.389898300 -0.023175135 0.655744195 0.052875847 0.752772629
1439803863.386997 0.954275370 -0.924603462 17.395515442 -0.023383554 0.655056655 0.054118507 0.753276229
1439803863.449501 0.988464117 -0.922796726 17.400285721 -0.022909852 0.654394686 0.055246219 0.753784180
1439803863.512002 1.024076462 -0.920728326 17.405538559 -0.022462152 0.653707266 0.056198239 0.754323542
1439803863.574499 1.059421778 -0.918736815 17.410732269 -0.022649143 0.653063893 0.056080177 0.754883826
1439803863.637001 1.094794512 -0.916364193 17.416364670 -0.022693675 0.652572334 0.054847319 0.755397975
1439803863.699501 1.129356861 -0.915069103 17.421876907 -0.022085732 0.652083337 0.054308027 0.755877137
1439803863.762004 1.164502859 -0.913103700 17.427606583 -0.021893091 0.651640236 0.053601138 0.756315172
1439803863.824506 1.200086355 -0.911053777 17.432447433 -0.021105086 0.651133776 0.053333044 0.756792545
1439803863.887008 1.236226320 -0.908501089 17.438413620 -0.020643217 0.651042223 0.053105041 0.756900072
1439803863.949511 1.271701097 -0.907708645 17.444639206 -0.020965878 0.651073456 0.052995913 0.756871939
1439803864.012008 1.307307959 -0.906042695 17.450275421 -0.020952959 0.651287436 0.053210258 0.756673157
1439803864.074509 1.342556715 -0.903879821 17.456647873 -0.021990672 0.651511550 0.052440353 0.756504536
1439803864.137011 1.376688242 -0.902924061 17.462017059 -0.023228433 0.651510596 0.052383780 0.756472290
1439803864.199513 1.412968159 -0.900486708 17.468090057 -0.024197681 0.651508689 0.053094301 0.756393969
1439803864.262016 1.448617935 -0.898460865 17.473083496 -0.026292244 0.651346326 0.052712597 0.756490648
1439803864.324520 1.484529734 -0.895767450 17.478239059 -0.026114199 0.651250601 0.053746384 0.756506443
1439803864.387019 1.520680189 -0.894220591 17.483697891 -0.024680849 0.651318967 0.054622848 0.756432950
1439803864.449521 1.556713820 -0.892307937 17.488386154 -0.023210933 0.651234388 0.054344501 0.756572306
1439803864.512019 1.592980146 -0.890598774 17.494430542 -0.022284387 0.651351750 0.053290658 0.756574154
1439803864.574521 1.628365755 -0.888474345 17.500381470 -0.022712128 0.651446700 0.051527806 0.756601751
1439803864.637026 1.663643837 -0.886724234 17.505882263 -0.023458684 0.651446521 0.050293949 0.756662190
1439803864.699527 1.699411631 -0.884940982 17.511587143 -0.023747804 0.651536703 0.050144993 0.756585360
1439803864.762031 1.736047745 -0.883627653 17.517347336 -0.023552321 0.651716113 0.050536111 0.756410897
1439803864.824526 1.770704269 -0.882226825 17.523386002 -0.022511829 0.652108014 0.051624846 0.756031215
1439803864.887028 1.809709072 -0.880449116 17.528085709 -0.021934845 0.652495086 0.051780369 0.755703509
1439803864.949529 1.845167637 -0.879044414 17.533233643 -0.022644781 0.652984619 0.051120263 0.755304635
1439803865.012030 1.882092476 -0.876801074 17.538980484 -0.022789594 0.653488100 0.050784152 0.754887342
1439803865.074534 1.918395996 -0.875103891 17.544055939 -0.021903209 0.653853416 0.051818144 0.754526913
1439803865.137036 1.954030991 -0.873954773 17.549501419 -0.021323623 0.654192448 0.052899946 0.754174531
1439803865.199535 1.992337942 -0.872117281 17.554977417 -0.020962900 0.654519856 0.053252518 0.753875673
1439803865.262037 2.029142857 -0.870360732 17.560163498 -0.020482060 0.654869437 0.053808685 0.753545702
1439803865.324538 2.066041946 -0.868478775 17.565490723 -0.021112937 0.655139089 0.053800251 0.753294468
1439803865.387043 2.101677179 -0.866832972 17.571472168 -0.021495318 0.655411839 0.054323599 0.753008783
1439803865.449540 2.138381720 -0.865128398 17.576894760 -0.021196472 0.655597448 0.055178065 0.752793491
1439803865.512042 2.177957535 -0.862845421 17.581666946 -0.021005103 0.655687273 0.056215808 0.752643883
1439803865.574544 2.214264154 -0.861201942 17.587167740 -0.021054761 0.655838132 0.057005186 0.752451658
1439803865.637045 2.250886440 -0.859476686 17.592298508 -0.020688703 0.655933678 0.056735273 0.752398908
1439803865.699546 2.287943602 -0.857496798 17.597854614 -0.020218907 0.656144619 0.056203119 0.752267659
1439803865.762048 2.324494362 -0.855745375 17.602714539 -0.019937815 0.655990660 0.055985618 0.752425671
1439803865.824549 2.363154411 -0.854035854 17.608329773 -0.020078324 0.655973852 0.055638134 0.752462327
1439803865.887051 2.400059700 -0.852027953 17.613714218 -0.019931681 0.655762255 0.056614265 0.752577841
1439803865.949555 2.437559843 -0.850001335 17.618707657 -0.019256234 0.655462027 0.058778223 0.752691031
1439803866.012053 2.474814415 -0.847905159 17.623998642 -0.019612763 0.655168295 0.059611179 0.752872050
1439803866.074557 2.510792732 -0.846228838 17.629083633 -0.021828845 0.654941142 0.058676515 0.753082097
1439803866.137056 2.547150850 -0.844253123 17.634920120 -0.023550808 0.654896557 0.057211798 0.753181696
1439803866.199557 2.583911419 -0.842165589 17.640449524 -0.023578951 0.654681027 0.055932458 0.753464222
1439803866.262060 2.619718075 -0.840618551 17.645687103 -0.023085706 0.654201388 0.055730589 0.753910899
1439803866.324560 2.656687737 -0.838638306 17.650905609 -0.022184974 0.653745353 0.056555826 0.754272044
1439803866.387065 2.693631887 -0.836208642 17.655876160 -0.020876845 0.653515518 0.058058877 0.754394293
1439803866.449562 2.729747534 -0.834749460 17.661457062 -0.020624479 0.653513372 0.060165912 0.754237950
1439803866.512067 2.767003298 -0.832254171 17.666625977 -0.020835748 0.653387249 0.062943712 0.754114807
1439803866.574567 2.803352594 -0.830293238 17.672016144 -0.020939566 0.653336763 0.065258689 0.753958821
1439803866.637069 2.840028763 -0.828328252 17.677194595 -0.020070720 0.653210878 0.065339059 0.754084587
1439803866.699569 2.875852108 -0.826851130 17.682464600 -0.017707938 0.653079450 0.063703604 0.754397452
1439803866.762070 2.911710739 -0.825744092 17.688032150 -0.014554710 0.653333306 0.060289886 0.754525602
1439803866.824572 2.947070599 -0.824509144 17.693128586 -0.010286105 0.653672457 0.058397543 0.754450977
1439803866.887076 2.982979059 -0.822630465 17.697645187 -0.007466122 0.653853536 0.057198387 0.754419088
1439803866.949578 3.019752502 -0.821015954 17.703182220 -0.007619425 0.654172838 0.057235297 0.754137814
1439803867.012075 3.056125402 -0.819579542 17.707647324 -0.009195435 0.654358685 0.059675116 0.753769875
1439803867.074582 3.092441082 -0.817502975 17.713367462 -0.012291450 0.654722571 0.061905261 0.753229737
1439803867.137078 3.128939629 -0.815928400 17.718902588 -0.015205290 0.654869616 0.063279442 0.752934396
1439803867.199580 3.165742397 -0.813752115 17.724119186 -0.017655171 0.655096292 0.063267067 0.752684772
1439803867.262081 3.202172041 -0.811683595 17.729593277 -0.019158768 0.655451715 0.063532181 0.752316177
1439803867.324582 3.238611937 -0.809176624 17.734647751 -0.021391291 0.655578017 0.063037671 0.752187550
1439803867.387087 3.274408340 -0.807002127 17.739913940 -0.023083039 0.655864894 0.062109388 0.751964629
1439803867.449588 3.311442614 -0.804715395 17.744953156 -0.023691559 0.656378329 0.062087327 0.751499414
1439803867.512088 3.348123789 -0.802690685 17.749897003 -0.023273425 0.656956792 0.061950915 0.751018167
1439803867.574591 3.384608746 -0.800843775 17.754413605 -0.021838676 0.657542527 0.059241816 0.750767171
1439803867.637089 3.421113253 -0.799113095 17.759365082 -0.019983537 0.658488810 0.054466758 0.750350893
1439803867.699591 3.456068754 -0.797973096 17.765054703 -0.017282369 0.659563541 0.051589366 0.749677122
1439803867.762093 3.492275953 -0.796655476 17.769886017 -0.015615185 0.660074174 0.049959611 0.749374568
1439803867.824594 3.528272867 -0.795071185 17.774639130 -0.016461957 0.660221636 0.049540237 0.749254405
1439803867.887097 3.564949989 -0.793342948 17.779747009 -0.019100035 0.660533428 0.050171744 0.748874903
1439803867.949597 3.601638794 -0.791939259 17.784502029 -0.021707676 0.661102891 0.051731233 0.748194873
1439803868.012099 3.638806820 -0.790858746 17.789144516 -0.022666626 0.661521435 0.052073874 0.747772574
1439803868.074601 3.674740076 -0.790263534 17.793449402 -0.021244690 0.661978900 0.051486008 0.747450173
1439803868.137099 3.711337566 -0.788801491 17.797897339 -0.018511593 0.662777424 0.049697734 0.746936142
1439803868.199599 3.747457027 -0.787440181 17.802257538 -0.015916048 0.663640141 0.047717627 0.746358812
1439803868.262101 3.782798767 -0.785284400 17.806571960 -0.015152059 0.664322495 0.047484294 0.745782316
1439803868.324604 3.819843292 -0.783421159 17.811414719 -0.015711090 0.664993763 0.050864704 0.744949162
1439803868.387101 3.856958389 -0.781794310 17.815191269 -0.017281825 0.665330231 0.054564714 0.744351864
1439803868.449603 3.894263744 -0.780728817 17.817712784 -0.018081993 0.665544152 0.055970035 0.744037211
1439803868.574603 3.965658426 -0.779211521 17.826885223 -0.009902276 0.667960942 0.051106855 0.742373347
1439803868.637103 3.999759674 -0.779288173 17.817552567 -0.001961845 0.665752411 0.044421703 0.744846702
1439803868.699606 4.037160873 -0.778547406 17.834100723 -0.009847822 0.669483960 0.033789288 0.741992295
1439803868.762105 4.073688030 -0.777434826 17.838567734 -0.012076920 0.670334280 0.032371700 0.741254449
1439803868.824605 4.109844685 -0.776502371 17.842374802 -0.013619464 0.670262575 0.037042763 0.741073787
1439803868.949609 4.184077740 -0.773975968 17.849567413 -0.021587107 0.669612765 0.045416258 0.741006196
1439803869.012110 4.219709396 -0.772440135 17.853059769 -0.021828873 0.670399725 0.047068141 0.740184009
1439803869.074614 4.255596161 -0.771207571 17.856832504 -0.020565813 0.670916796 0.046583362 0.739782214
1439803869.137113 4.291633129 -0.770805418 17.860626221 -0.020254022 0.671286225 0.044353288 0.739592671
1439803869.199614 4.326207638 -0.769366086 17.863775253 -0.018162793 0.671545506 0.042588320 0.739515364
1439803869.262114 4.361377239 -0.768194556 17.867631912 -0.017925519 0.671829641 0.042582639 0.739263356
1439803869.324615 4.399020195 -0.766541541 17.871116638 -0.017463082 0.671887159 0.044663556 0.739099383
1439803869.387118 4.434247971 -0.765378475 17.873828888 -0.017233672 0.671637297 0.047179449 0.739175498
1439803869.449618 4.470182419 -0.764182329 17.877227783 -0.017984189 0.671749890 0.049106073 0.738929749
1439803869.512119 4.505609512 -0.763019443 17.880157471 -0.018163320 0.671813846 0.050997417 0.738739133
1439803869.574621 4.541024208 -0.761841476 17.883489609 -0.017980697 0.672080517 0.051677767 0.738453686
1439803869.637121 4.576620579 -0.760643959 17.886995316 -0.017807543 0.672416747 0.051985104 0.738130152
1439803869.699621 4.610976219 -0.758915186 17.890254974 -0.017585455 0.672447562 0.052905068 0.738042057
1439803869.762122 4.646420956 -0.757206559 17.893436432 -0.018012838 0.672516406 0.054666933 0.737840652
1439803869.824622 4.681424141 -0.755564749 17.897098541 -0.020338677 0.672743320 0.054592170 0.737578750
1439803869.887122 4.715563297 -0.754268169 17.901025772 -0.022776844 0.672890007 0.051791668 0.737575650
1439803869.949626 4.750234604 -0.752955735 17.904699326 -0.022605220 0.673251450 0.048989374 0.737442553
1439803870.012124 4.784561157 -0.752200067 17.907979965 -0.019787636 0.673549831 0.047077801 0.737375557
1439803870.074625 4.817831039 -0.751284361 17.910697937 -0.015575963 0.673657596 0.045472484 0.737478852
1439803870.137126 4.852239609 -0.750152588 17.913572311 -0.013124499 0.673849761 0.043410227 0.737475276
1439803870.199626 4.886844635 -0.748898387 17.917024612 -0.012478523 0.674407899 0.042468917 0.737030983
1439803870.262126 4.921804428 -0.747709513 17.920135498 -0.012608596 0.675041735 0.043450944 0.736391008
1439803870.324631 4.956250668 -0.746725976 17.923162460 -0.014711370 0.675213218 0.044486448 0.736132860
1439803870.387128 4.991680145 -0.745521724 17.927206039 -0.017384436 0.675359786 0.045577668 0.735873401
1439803870.449628 5.025325775 -0.744163334 17.930356979 -0.019136105 0.675455213 0.046006572 0.735715568
1439803870.512131 5.059584141 -0.742972553 17.933185577 -0.018761288 0.675675511 0.047444895 0.735431552
1439803870.574632 5.095647335 -0.741680562 17.936162949 -0.017096275 0.676162243 0.048955183 0.734925687
1439803870.637134 5.129649639 -0.741046667 17.938533783 -0.015844187 0.676435113 0.048798680 0.734713018
1439803870.699634 5.164093971 -0.739983320 17.941194534 -0.014457215 0.676993549 0.048655909 0.734236479
1439803870.762138 5.198742867 -0.738941073 17.944049835 -0.014088750 0.677620947 0.048439838 0.733679056
1439803870.824637 5.233884335 -0.737362325 17.946990967 -0.014186600 0.678144515 0.047719598 0.733240485
1439803870.887139 5.268554688 -0.736127794 17.949766159 -0.014999202 0.678374529 0.047130622 0.733049631
1439803870.949641 5.303906441 -0.735225320 17.952230453 -0.015971093 0.678524792 0.046814024 0.732910275
1439803871.012141 5.338580132 -0.733515143 17.955755234 -0.017014759 0.678802907 0.046574164 0.732644498
1439803871.074643 5.373229504 -0.732162595 17.958347321 -0.017311959 0.678982854 0.047063261 0.732439518
1439803871.137144 5.409003258 -0.730958521 17.961175919 -0.017163204 0.679363906 0.047712401 0.732047558
1439803871.199646 5.443920612 -0.729761839 17.963483810 -0.017149562 0.679610789 0.047729231 0.731817544
1439803871.262146 5.478959084 -0.728692651 17.966112137 -0.017887313 0.679936111 0.047039717 0.731542349
1439803871.324651 5.514097214 -0.727048099 17.969633102 -0.018754978 0.680521905 0.045642972 0.731064260
1439803871.387151 5.549202442 -0.726040542 17.972337723 -0.018715408 0.680946589 0.044525247 0.730738640
1439803871.449651 5.584699154 -0.724774897 17.975137711 -0.018671272 0.681211114 0.043386422 0.730561674
1439803871.512152 5.619650841 -0.723598242 17.977949142 -0.018685089 0.681452155 0.042956077 0.730361938
1439803871.574654 5.654999733 -0.722299755 17.980308533 -0.017904503 0.681689382 0.043343082 0.730137229
1439803871.637160 5.690169811 -0.721172929 17.982868195 -0.017326856 0.682130516 0.043709408 0.729717255
1439803871.699660 5.725634575 -0.720125556 17.985202789 -0.017657781 0.682464659 0.044032931 0.729377389
1439803871.762158 5.760712624 -0.718856394 17.987861633 -0.019177042 0.682988286 0.044206396 0.728838086
1439803871.824661 5.796183586 -0.717344820 17.990385056 -0.020793602 0.683634400 0.044428758 0.728174210
1439803871.887164 5.831335068 -0.716146708 17.992643356 -0.022008976 0.684225082 0.044485357 0.727580011
1439803871.949663 5.866868973 -0.714642704 17.995038986 -0.023027213 0.684901536 0.044077776 0.726936579
1439803872.012163 5.901942253 -0.713280261 17.997255325 -0.023404947 0.685603261 0.043821570 0.726278186
1439803872.074667 5.937512875 -0.711658835 17.999055862 -0.022994796 0.686357856 0.043872431 0.725575149
1439803872.137168 5.972367764 -0.710665226 18.000820160 -0.022558892 0.687147915 0.044119455 0.724825740
1439803872.199668 6.007990837 -0.709266067 18.003040314 -0.022936944 0.687962532 0.044178713 0.724037051
1439803872.262172 6.042587280 -0.707887471 18.004718781 -0.022995241 0.688756764 0.044195101 0.723278701
1439803872.324671 6.077987194 -0.706674039 18.006677628 -0.022139637 0.689709783 0.044112224 0.722401798
1439803872.387174 6.113387108 -0.705421150 18.008029938 -0.020611472 0.690292299 0.043877497 0.721904755
1439803872.449673 6.148483276 -0.704228818 18.009634018 -0.019445309 0.690868318 0.043320470 0.721419513
1439803872.512176 6.184298515 -0.703077137 18.011505127 -0.019508153 0.691543519 0.042213820 0.720836282
1439803872.574676 6.218368053 -0.701936781 18.012468338 -0.019454667 0.692020297 0.042362291 0.720371306
1439803872.637177 6.253238678 -0.700577617 18.014343262 -0.021344371 0.692495048 0.042104404 0.719876528
1439803872.699679 6.287924290 -0.699214101 18.015825272 -0.022304229 0.693064094 0.042512443 0.719275594
1439803872.762181 6.322999954 -0.697959661 18.016914368 -0.021987213 0.693571389 0.043547310 0.718734205
1439803872.824681 6.358006954 -0.696992159 18.017967224 -0.021151023 0.694293499 0.044097554 0.718028247
1439803872.887189 6.392872334 -0.695613801 18.019119263 -0.020662783 0.695007324 0.044149868 0.717348337
1439803872.949684 6.427850246 -0.694342554 18.020471573 -0.021465037 0.696015537 0.042926595 0.716420949
1439803873.012186 6.462512970 -0.692914128 18.021455765 -0.021945205 0.696838617 0.042691957 0.715619922
1439803873.074687 6.496863365 -0.691723764 18.022533417 -0.022341901 0.697667062 0.042821947 0.714792132
1439803873.137189 6.532663822 -0.690165222 18.023633957 -0.023450732 0.698415637 0.042665299 0.714034498
1439803873.199693 6.567734241 -0.688249946 18.024408340 -0.026333125 0.699022233 0.043398835 0.713295877
1439803873.262193 6.602395535 -0.686698556 18.025381088 -0.028182989 0.700170577 0.043322697 0.712102532
1439803873.324693 6.636977673 -0.685205698 18.025812149 -0.027716096 0.701609731 0.044236425 0.710646689
1439803873.387194 6.671250820 -0.683983386 18.025596619 -0.025652528 0.703037858 0.045925021 0.709204197
1439803873.449695 6.705309868 -0.682846069 18.025630951 -0.025526756 0.704532981 0.044602033 0.707808137
1439803873.512198 6.739490986 -0.681460559 18.025485992 -0.023652459 0.706279933 0.043312199 0.706210494
1439803873.574698 6.773579121 -0.680354655 18.025054932 -0.021830326 0.708155096 0.043105241 0.704401672
1439803873.637203 6.807389736 -0.679436624 18.024593353 -0.020718532 0.709745288 0.042211473 0.702887297
1439803873.699703 6.841551781 -0.678332031 18.023965836 -0.021050150 0.711121023 0.040300135 0.701597929
1439803873.762205 6.875771999 -0.677078664 18.023246765 -0.021297956 0.712487459 0.038981728 0.700277388
1439803873.824706 6.909790039 -0.675961554 18.022720337 -0.021007078 0.714137435 0.038426947 0.698634207
1439803873.887205 6.943984509 -0.674927473 18.021509171 -0.020529853 0.715306401 0.038554456 0.697444499
1439803873.949710 6.977811813 -0.673994243 18.020019531 -0.019813372 0.716426492 0.039968207 0.696234941
1439803874.012208 7.011857986 -0.673029125 18.018636703 -0.019860290 0.717836082 0.040997468 0.694720209
1439803874.074709 7.046517849 -0.671794653 18.017156601 -0.020260306 0.719354928 0.041993834 0.693076074
1439803874.137214 7.079452991 -0.670798659 18.015699387 -0.020429241 0.720941722 0.042948056 0.691361785
1439803874.199714 7.113566399 -0.669391096 18.014032364 -0.020508168 0.722468853 0.043627594 0.689720809
1439803874.262216 7.147685051 -0.668351591 18.011842728 -0.021091681 0.723719180 0.045680515 0.688257933
1439803874.324716 7.180978298 -0.667209148 18.009824753 -0.021214385 0.725059032 0.046710011 0.686773300
1439803874.387217 7.214200497 -0.665892124 18.007638931 -0.021443853 0.726649940 0.046904836 0.685069323
1439803874.449718 7.248033524 -0.664309323 18.004743576 -0.019894034 0.728267491 0.048059691 0.683316112
1439803874.512223 7.281091690 -0.663329899 18.001670837 -0.018215586 0.729868412 0.050718870 0.681460083
1439803874.574723 7.315739632 -0.661579132 17.999017715 -0.017088175 0.731403768 0.050478768 0.679859102
1439803874.637223 7.349341393 -0.659843743 17.995962143 -0.017693093 0.733098626 0.050336581 0.678026199
1439803874.699727 7.382786274 -0.658222735 17.993753433 -0.020103628 0.734938323 0.048326973 0.676110983
1439803874.824728 7.449472427 -0.654729187 17.988519669 -0.025102952 0.737655997 0.044840388 0.673218250
1439803874.887227 7.482614517 -0.653810382 17.984775543 -0.024125386 0.738812566 0.046306267 0.671885133
1439803874.949728 7.516063690 -0.652402759 17.981346130 -0.021822443 0.740152478 0.048995659 0.670296609
1439803875.012229 7.549042702 -0.651085377 17.977466583 -0.021044036 0.741415739 0.049863048 0.668859899
1439803875.137235 7.613806248 -0.649012864 17.970455170 -0.020782152 0.744526148 0.045772575 0.665697992
1439803875.199734 7.647259712 -0.647642314 17.966888428 -0.020354604 0.745757818 0.043777458 0.664465606
1439803875.262232 7.680135250 -0.646539688 17.963298798 -0.019442283 0.746570647 0.043396316 0.663604558
1439803875.324732 7.713031292 -0.645158529 17.959091187 -0.018700339 0.747147858 0.043494768 0.662969470
1439803875.449734 7.778244972 -0.642581463 17.950309753 -0.016498690 0.748250186 0.048592143 0.661428869
1439803875.512236 7.811844826 -0.641187072 17.945941925 -0.015768383 0.748562992 0.050864477 0.660921752
1439803875.574734 7.843655109 -0.640318334 17.942178726 -0.015831918 0.748898864 0.051664151 0.660477579
1439803875.637239 7.875089645 -0.639002919 17.937900543 -0.015543497 0.749183834 0.051020544 0.660211265
1439803875.699739 7.908197403 -0.637393951 17.933351517 -0.015465123 0.749547839 0.049729504 0.659898341
1439803875.824736 7.972095490 -0.635013938 17.925189972 -0.013803577 0.750094175 0.048368819 0.659415364
1439803875.887237 8.005764008 -0.633783698 17.920030594 -0.012457851 0.750233471 0.047866695 0.659320414
1439803875.949739 8.035948753 -0.633171380 17.916049957 -0.010832665 0.750386715 0.047675278 0.659188509
1439803876.012241 8.068312645 -0.632120967 17.911857605 -0.009504896 0.750441551 0.047756329 0.659140766
1439803876.074741 8.099294662 -0.631262481 17.907165527 -0.008419624 0.750230193 0.048397545 0.659349203
1439803876.199743 8.163780212 -0.629667997 17.900424957 -0.010086293 0.750231206 0.048211738 0.659338295
1439803876.262246 8.196571350 -0.628439069 17.895683289 -0.010742685 0.749927640 0.048553076 0.659648180
1439803876.324748 8.229342461 -0.627119362 17.892183304 -0.011933835 0.749834418 0.049016498 0.659699380
1439803876.387247 8.261464119 -0.626173496 17.888603210 -0.012159749 0.749501824 0.050154623 0.659987628
1439803876.449749 8.292893410 -0.623914063 17.883918762 -0.012031853 0.749113381 0.050698433 0.660389304
1439803876.512250 8.323284149 -0.623971283 17.881855011 -0.012060472 0.748918474 0.051288884 0.660564363
1439803876.574751 8.354761124 -0.622459471 17.877735138 -0.012285485 0.748713255 0.051885724 0.660746098
1439803876.637253 8.387006760 -0.621173739 17.874208450 -0.014104453 0.748676836 0.051478397 0.660782993
1439803876.699754 8.419902802 -0.619177580 17.870792389 -0.015425415 0.748542726 0.050754733 0.660961270
1439803876.762256 8.452294350 -0.617657125 17.867284775 -0.016537843 0.748255193 0.050435089 0.661284328
1439803876.824757 8.483576775 -0.616355777 17.863626480 -0.017002102 0.747884035 0.051042229 0.661645770
1439803876.887258 8.516200066 -0.614949226 17.859834671 -0.017262219 0.747561991 0.051410731 0.661974311
1439803876.949759 8.548798561 -0.612836838 17.855749130 -0.016992640 0.747251332 0.051534604 0.662322283
1439803877.012261 8.580320358 -0.611414492 17.852565765 -0.017570358 0.747058690 0.052363109 0.662459612
1439803877.074768 8.613003731 -0.609731853 17.849325180 -0.018620148 0.747141838 0.052119192 0.662356317
1439803877.137263 8.643750191 -0.608242631 17.846529007 -0.018805226 0.747444749 0.050249849 0.662153840
1439803877.199765 8.674840927 -0.607388914 17.843404770 -0.017044723 0.747781157 0.047812011 0.662002206
1439803877.262269 8.707118988 -0.606646955 17.839023590 -0.016293976 0.748111904 0.044204321 0.661898136
1439803877.324768 8.738780022 -0.605625570 17.835454941 -0.015052769 0.748587072 0.040846486 0.661606014
1439803877.387269 8.769841194 -0.604784548 17.831581116 -0.014086904 0.749131262 0.037840769 0.661189914
1439803877.449771 8.802650452 -0.603622496 17.827692032 -0.013311965 0.749651670 0.037393536 0.660641313
1439803877.512274 8.834388733 -0.602761149 17.823860168 -0.014134872 0.749874234 0.038235500 0.660323322
1439803877.574773 8.867196083 -0.601930141 17.819297791 -0.016441792 0.750005007 0.039185163 0.660065591
1439803877.637272 8.898466110 -0.601003230 17.815822601 -0.018172955 0.750240445 0.040913090 0.659647703
1439803877.699776 8.931472778 -0.600073576 17.811128616 -0.019397346 0.750468075 0.043328308 0.659199536
1439803877.762274 8.963808060 -0.598593831 17.806602478 -0.020484593 0.750759065 0.044425700 0.658762038
1439803877.824774 8.996002197 -0.597981215 17.802257538 -0.021466428 0.751012027 0.044386152 0.658445060
1439803877.887278 9.025369644 -0.596953213 17.799556732 -0.021574084 0.751392901 0.044080734 0.658027470
1439803877.949776 9.056363106 -0.595870972 17.795408249 -0.021096773 0.751744926 0.043762166 0.657661974
1439803878.012276 9.088312149 -0.595051944 17.791021347 -0.020346416 0.752098382 0.043110535 0.657324493
1439803878.074778 9.119768143 -0.594124377 17.787181854 -0.020167282 0.752327621 0.042186160 0.657127619
1439803878.137278 9.153089523 -0.592698455 17.782489777 -0.020333463 0.752562344 0.041559462 0.656893671
1439803878.199778 9.184708595 -0.591715336 17.777778625 -0.020781634 0.752736032 0.041512270 0.656683564
1439803878.262279 9.217124939 -0.589623034 17.775100708 -0.020914959 0.753068686 0.041269656 0.656313062
1439803878.324781 9.246969223 -0.589312494 17.769863129 -0.021399759 0.752981186 0.041541703 0.656380832
1439803878.387279 9.279005051 -0.587846398 17.765502930 -0.021928333 0.753243506 0.042071801 0.656028450
1439803878.449780 9.310616493 -0.585960746 17.761213303 -0.022260781 0.753566325 0.043359052 0.655562520
1439803878.574781 9.374924660 -0.583280504 17.750961304 -0.021777313 0.754019380 0.045588590 0.654906273
1439803878.637281 9.405568123 -0.581519246 17.746927261 -0.023846902 0.754393697 0.043764714 0.654527426
1439803878.699786 9.437124252 -0.580513179 17.743640900 -0.025254805 0.754941702 0.041060895 0.654017687
1439803878.762283 9.467775345 -0.579329610 17.739398956 -0.023844866 0.755382359 0.039275590 0.653671384
1439803878.824784 9.499729156 -0.579083145 17.734531403 -0.023120338 0.755638063 0.037283193 0.653518558
1439803878.887287 9.530611038 -0.579187274 17.729906082 -0.022298202 0.755754530 0.037345078 0.653408885
1439803878.949784 9.562347412 -0.577612042 17.724504471 -0.020991778 0.755967796 0.038168307 0.653157890
1439803879.012288 9.593303680 -0.577162027 17.718490601 -0.022063449 0.756204367 0.039233860 0.652785480
1439803879.074787 9.625335693 -0.575977504 17.714357376 -0.023430075 0.756811976 0.040278137 0.651969612
1439803879.137287 9.657009125 -0.573437512 17.710586548 -0.023572570 0.757313013 0.041124679 0.651329458
1439803879.199786 9.687555313 -0.572525918 17.707130432 -0.023320081 0.757790565 0.041876353 0.650734961
1439803879.262288 9.717668533 -0.572295487 17.701099396 -0.022119980 0.757746458 0.042515889 0.650786757
1439803879.324790 9.748808861 -0.570232093 17.695756912 -0.020917950 0.757847130 0.041809175 0.650754988
1439803879.387291 9.780729294 -0.568659544 17.692474365 -0.020168327 0.758090198 0.041404374 0.650521457
1439803879.449793 9.811468124 -0.567542613 17.687208176 -0.019570818 0.758036673 0.041623477 0.650588095
1439803879.512292 9.842204094 -0.566825271 17.682693481 -0.019868569 0.758068025 0.041698448 0.650537729
1439803879.574793 9.871838570 -0.564891458 17.678201675 -0.019637652 0.757950902 0.042152699 0.650651991
1439803879.637295 9.903127670 -0.563891649 17.674297333 -0.019845000 0.758087695 0.042821877 0.650442600
1439803879.699801 9.932799339 -0.562426686 17.669061661 -0.019752061 0.758010030 0.043526884 0.650489092
1439803879.762301 9.962413788 -0.561150253 17.664669037 -0.019916240 0.758080542 0.044195503 0.650356770
1439803879.824804 9.993440628 -0.559918106 17.659839630 -0.020604655 0.758092225 0.044092387 0.650328815
1439803879.887304 10.022779465 -0.559210837 17.656190872 -0.021932546 0.758260846 0.043232348 0.650146425
1439803879.949802 10.052434921 -0.558303237 17.651454926 -0.022139225 0.758248985 0.042991653 0.650169253
1439803880.012303 10.083178520 -0.557367504 17.646299362 -0.022031566 0.758206487 0.043080837 0.650216579
1439803880.074804 10.113083839 -0.556081116 17.642833710 -0.022228165 0.758174837 0.042450670 0.650288165
1439803880.137303 10.142333984 -0.555158913 17.638160706 -0.021577947 0.758207619 0.041863080 0.650310040
1439803880.199806 10.172397614 -0.553876698 17.633533478 -0.020402571 0.758408725 0.041416734 0.650141954
1439803880.262306 10.201502800 -0.552769482 17.628841400 -0.019102521 0.758618355 0.041763067 0.649914682
1439803880.324807 10.230602264 -0.551392376 17.624206543 -0.018519888 0.758786678 0.041766241 0.649734914
1439803880.387310 10.259922028 -0.550727725 17.619560242 -0.019004378 0.758879721 0.041332047 0.649640024
1439803880.449812 10.290041924 -0.549734473 17.615776062 -0.019763179 0.759091079 0.041233677 0.649376571
1439803880.512315 10.319802284 -0.548608661 17.611078262 -0.020745479 0.759313345 0.041193172 0.649088502
1439803880.574812 10.349010468 -0.547810555 17.606658936 -0.021490483 0.759596705 0.041219234 0.648731053
1439803880.637314 10.379213333 -0.546747983 17.601675034 -0.021500656 0.759886026 0.041328106 0.648384809
1439803880.699815 10.408304214 -0.545378387 17.597415924 -0.021812074 0.760263622 0.041209474 0.647939205
1439803880.762319 10.438086510 -0.544301987 17.591770172 -0.021459728 0.760735095 0.041455299 0.647381663
1439803880.824820 10.468164444 -0.543253899 17.588245392 -0.021566248 0.761594772 0.041430954 0.646368146
1439803880.887319 10.497794151 -0.542498827 17.583374023 -0.022115907 0.762318254 0.040984735 0.645524681
1439803880.949824 10.527725220 -0.541259229 17.578296661 -0.021722006 0.763026714 0.041413769 0.644672930
1439803881.012324 10.558041573 -0.539881349 17.573028564 -0.021963840 0.763688743 0.042043600 0.643839598
1439803881.074826 10.588429451 -0.538447678 17.567398071 -0.021858551 0.764265001 0.042281229 0.643143415
1439803881.137328 10.619109154 -0.537314236 17.562150955 -0.020980172 0.764840484 0.042430073 0.642478406
1439803881.199827 10.649959564 -0.536070406 17.557098389 -0.020372989 0.765561819 0.041829556 0.641677797
1439803881.262328 10.679567337 -0.535172284 17.551559448 -0.019846676 0.766265571 0.041215904 0.640893400
1439803881.324828 10.710684776 -0.534354210 17.545480728 -0.019163275 0.766975880 0.041267127 0.640060782
1439803881.387329 10.741558075 -0.532865465 17.539875031 -0.018338380 0.767845273 0.040764257 0.639073968
1439803881.449830 10.772529602 -0.532223225 17.534166336 -0.018431667 0.768783271 0.040766656 0.637942433
1439803881.512331 10.802881241 -0.531498015 17.528118134 -0.018122813 0.769752324 0.041438546 0.636738420
1439803881.574833 10.833535194 -0.529742539 17.522222519 -0.017314930 0.770693839 0.041879322 0.635592163
1439803881.637337 10.867872238 -0.528290868 17.515758514 -0.017511828 0.771647751 0.041480344 0.634454489
1439803881.699836 10.897205353 -0.528125703 17.508443832 -0.017379478 0.772149503 0.042001311 0.633813024
1439803881.762337 10.928033829 -0.527161241 17.501842499 -0.018224427 0.772897243 0.042282324 0.632858455
1439803881.824839 10.960340500 -0.525795639 17.497394562 -0.021596855 0.773740947 0.041611802 0.631765008
1439803881.887340 10.992235184 -0.522512734 17.491899490 -0.023719212 0.774344742 0.041691769 0.630943239
1439803881.949844 11.021522522 -0.522257745 17.487016678 -0.024404075 0.775035262 0.042893048 0.629988015
1439803882.012343 11.055442810 -0.520106137 17.479190826 -0.024107264 0.775628507 0.043529917 0.629225194
1439803882.074844 11.086591721 -0.518995881 17.472589493 -0.022409882 0.775949836 0.043887783 0.628866911
1439803882.137347 11.115715981 -0.518343449 17.464309692 -0.020011177 0.776137948 0.043712329 0.628727794
1439803882.199851 11.147682190 -0.516187966 17.455867767 -0.017999792 0.776468337 0.042346556 0.628474116
1439803882.262348 11.181407928 -0.513305068 17.448783875 -0.016610024 0.776832163 0.042126864 0.628077388
1439803882.324850 11.212728500 -0.512564182 17.443233490 -0.016386408 0.777129650 0.042806786 0.627669156
1439803882.387352 11.244388580 -0.511312664 17.436521530 -0.017347071 0.777167022 0.043497160 0.627549648
1439803882.449853 11.276786804 -0.510221243 17.429323196 -0.018108988 0.777094364 0.044624902 0.627538800
1439803882.512354 11.308952332 -0.508665502 17.421997070 -0.017844182 0.776733816 0.046116434 0.627884924
1439803882.574856 11.340428352 -0.508225381 17.414749146 -0.016642306 0.776148617 0.047790650 0.628516018
1439803882.637357 11.373207092 -0.506688297 17.407361984 -0.015348546 0.775583088 0.048687704 0.629177809
1439803882.699861 11.405591965 -0.505586863 17.400896072 -0.014003755 0.775128841 0.048832018 0.629757464
1439803882.762363 11.436569214 -0.504347444 17.394298553 -0.012828974 0.774435401 0.048319571 0.630674541
1439803882.824861 11.471263885 -0.503059924 17.388778687 -0.012405979 0.774209917 0.047650140 0.631010711
1439803882.887363 11.503991127 -0.502261102 17.382316589 -0.012580079 0.773617625 0.047201291 0.631766975
1439803882.949865 11.536083221 -0.501284480 17.376480103 -0.012193199 0.773006737 0.047228850 0.632519782
1439803883.012368 11.570008278 -0.500011861 17.370332718 -0.011288336 0.772487760 0.047424287 0.633155704
1439803883.074867 11.603153229 -0.498905182 17.362895966 -0.010557255 0.771714151 0.047615636 0.634096622
1439803883.137368 11.636299133 -0.498014510 17.357080460 -0.010357743 0.771064818 0.047841046 0.634872437
1439803883.199870 11.670415878 -0.495795131 17.351339340 -0.010882465 0.770624399 0.047517031 0.635422587
1439803883.262372 11.703960419 -0.494413853 17.345443726 -0.011529531 0.770004272 0.047679652 0.636150241
1439803883.324874 11.736631393 -0.493241787 17.339450836 -0.012061830 0.769184291 0.048547667 0.637066066
1439803883.387374 11.770369530 -0.491758764 17.333385468 -0.013291743 0.768341422 0.049495839 0.637985051
1439803883.449878 11.803606033 -0.490626812 17.327480316 -0.014615746 0.767470419 0.050217718 0.638947368
1439803883.512377 11.838615417 -0.488789082 17.320976257 -0.015591765 0.766796291 0.050280999 0.639728189
1439803883.574878 11.873098373 -0.487488508 17.312873840 -0.015575451 0.765776396 0.050204847 0.640955091
1439803883.637383 11.906140327 -0.486737013 17.309389114 -0.015416400 0.765453696 0.049812358 0.641374826
1439803883.699881 11.940032959 -0.485225976 17.303291321 -0.014656313 0.764745712 0.049392268 0.642269075
1439803883.762383 11.973693848 -0.484351575 17.297313690 -0.014601727 0.763976276 0.049027018 0.643213272
1439803883.824883 12.008252144 -0.482480228 17.291809082 -0.014744589 0.763253450 0.048721313 0.644090891
1439803883.887385 12.041281700 -0.481002629 17.286851883 -0.015247676 0.762433827 0.048597936 0.645058453
1439803883.949886 12.074722290 -0.480557263 17.280763626 -0.015003227 0.761485636 0.049186297 0.646138728
1439803884.012388 12.110082626 -0.476759851 17.277893066 -0.014672898 0.761104107 0.048608039 0.646639347
1439803884.074888 12.143995285 -0.475657284 17.273286819 -0.015735615 0.760291338 0.047626607 0.647642732
1439803884.137388 12.178104401 -0.474441409 17.268329620 -0.016267244 0.759458899 0.047108881 0.648643374
1439803884.199893 12.211755753 -0.472916901 17.263200760 -0.015737716 0.758653045 0.047342565 0.649581790
1439803884.262393 12.246150970 -0.471142113 17.255918503 -0.015250339 0.757382452 0.048222080 0.651009917
1439803884.324890 12.279986382 -0.470169127 17.251869202 -0.015506377 0.756718218 0.048946980 0.651721835
1439803884.387391 12.313329697 -0.468104124 17.246587753 -0.016517825 0.755834043 0.049864568 0.652652740
1439803884.449892 12.346908569 -0.466479182 17.244033813 -0.018672792 0.755479813 0.051233836 0.652898669
1439803884.512391 12.380609512 -0.465415239 17.239194870 -0.019014066 0.754773974 0.054396112 0.653449178
1439803884.574893 12.414458275 -0.463828206 17.234025955 -0.019268768 0.754117966 0.056774896 0.653996527
1439803884.637393 12.448616982 -0.461990595 17.229345322 -0.018821711 0.753664732 0.057153121 0.654498756
1439803884.699893 12.484423637 -0.461569905 17.223539352 -0.017232897 0.753199279 0.056021981 0.655175924
1439803884.762396 12.516547203 -0.459387004 17.220970154 -0.014638093 0.753297210 0.053049166 0.655373752
1439803884.824897 12.550306320 -0.458038867 17.216476440 -0.011900208 0.753142774 0.050357610 0.655818939
1439803884.887397 12.584004402 -0.456853628 17.212146759 -0.010594706 0.752849281 0.046558153 0.656458676
1439803884.949900 12.617109299 -0.455609560 17.208320618 -0.011156186 0.752636671 0.043347310 0.656912863
1439803885.012402 12.651558876 -0.454869032 17.204128265 -0.012889008 0.752493978 0.042002097 0.657132030
1439803885.074905 12.685857773 -0.453999937 17.199859619 -0.013934454 0.752395570 0.041453220 0.657258153
1439803885.137403 12.720442772 -0.452403903 17.196529388 -0.014963257 0.752447248 0.041680992 0.657162070
1439803885.199905 12.755096436 -0.451179326 17.191898346 -0.017485542 0.752231002 0.042213377 0.657313347
1439803885.262406 12.789949417 -0.450014770 17.187322617 -0.020319141 0.752205074 0.043342762 0.657187998
1439803885.324921 12.824384689 -0.448825836 17.183866501 -0.022602826 0.752496302 0.044087872 0.656730294
1439803885.387407 12.858699799 -0.447511315 17.179603577 -0.024529116 0.752634704 0.045104422 0.656433523
1439803885.449908 12.892932892 -0.445905089 17.174810410 -0.025743114 0.752658546 0.045338225 0.656343520
1439803885.512409 12.927590370 -0.444711208 17.170276642 -0.026845148 0.752867401 0.044391345 0.656124532
1439803885.574914 12.961647034 -0.442947626 17.165662766 -0.026699215 0.753228724 0.042754382 0.655824423
1439803885.637412 12.995413780 -0.441471398 17.161128998 -0.026250003 0.753586173 0.040714961 0.655561745
1439803885.699913 13.029403687 -0.440025628 17.156162262 -0.025112564 0.753954291 0.038944613 0.655290544
1439803885.762415 13.063518524 -0.438601851 17.150991440 -0.023979159 0.754404783 0.038290311 0.654852867
1439803885.824915 13.098576546 -0.436980665 17.146984100 -0.024110908 0.755233943 0.037541755 0.653935075
1439803885.887417 13.132709503 -0.435516179 17.141830444 -0.025333000 0.755642474 0.037058122 0.653444290
1439803885.949918 13.167618752 -0.434071124 17.137537003 -0.027722765 0.756160855 0.036618080 0.652772069
1439803886.012423 13.202847481 -0.432488739 17.132381439 -0.030125434 0.756401420 0.036204055 0.652409852
1439803886.074930 13.236994743 -0.431820154 17.127624512 -0.031277854 0.756728649 0.037092645 0.651926041
1439803886.137424 13.271479607 -0.430050254 17.122358322 -0.032589663 0.757102787 0.037767179 0.651388466
1439803886.199925 13.306079865 -0.428303838 17.117368698 -0.033973265 0.757757366 0.037971959 0.650544167
1439803886.262426 13.340808868 -0.426848054 17.112060547 -0.034949433 0.758611619 0.037183151 0.649541616
1439803886.324949 13.375050545 -0.425098538 17.107078552 -0.035488546 0.759740174 0.035964467 0.648260772
1439803886.387428 13.410106659 -0.423389196 17.101221085 -0.035454091 0.760592401 0.034978565 0.647316515
1439803886.449931 13.445663452 -0.422092676 17.095769882 -0.035136525 0.761530399 0.033880275 0.646288633
1439803886.512431 13.480743408 -0.420504272 17.090072632 -0.034622859 0.762347341 0.032918025 0.645402372
1439803886.574932 13.515668869 -0.419227362 17.083873749 -0.034252681 0.763143003 0.032505177 0.644502103
1439803886.637433 13.550529480 -0.417821825 17.077779770 -0.033708397 0.764026582 0.032061916 0.643505394
1439803886.699935 13.585096359 -0.416417599 17.071567535 -0.033650305 0.764908373 0.031966284 0.642464817
1439803886.762435 13.619943619 -0.414983094 17.065521240 -0.033488486 0.765827715 0.032397989 0.641355455
1439803886.824936 13.654747009 -0.413545847 17.059364319 -0.033879340 0.766618192 0.033394150 0.640338600
1439803886.887438 13.690298080 -0.412000299 17.052133560 -0.034556340 0.767128646 0.034777403 0.639617085
1439803886.949936 13.725214958 -0.410184860 17.046251297 -0.034544319 0.767906189 0.036077857 0.638611913
1439803887.012437 13.759800911 -0.409050107 17.039758682 -0.033728857 0.768600762 0.036820691 0.637776911
1439803887.074940 13.795578003 -0.408046126 17.033298492 -0.032715511 0.769411385 0.036258213 0.636883974
1439803887.137438 13.830766678 -0.406767130 17.026735306 -0.030652625 0.770269096 0.035148367 0.636011422
1439803887.199938 13.865995407 -0.405593872 17.019798279 -0.029622722 0.771002173 0.033401988 0.635265648
1439803887.262440 13.900490761 -0.404594660 17.013692856 -0.029796891 0.771714032 0.032112367 0.634459198
1439803887.324940 13.935931206 -0.402867317 17.007316589 -0.029955376 0.772397757 0.032443207 0.633602262
1439803887.387440 13.971773148 -0.401684999 17.000102997 -0.030062642 0.773003817 0.034110978 0.632769883
1439803887.449942 14.008128166 -0.400398254 16.992116928 -0.030172851 0.773428023 0.035971746 0.632142961
1439803887.512442 14.043435097 -0.399563789 16.984962463 -0.031030456 0.773968637 0.037134856 0.631372154
1439803887.574942 14.079101562 -0.397976279 16.977203369 -0.030678187 0.774526000 0.038049098 0.630650997
1439803887.637443 14.114709854 -0.396555424 16.969310760 -0.029582785 0.775026083 0.039354026 0.630008399
1439803887.699943 14.149208069 -0.395579219 16.963218689 -0.029183086 0.775654614 0.039912522 0.629218042
1439803887.762446 14.184104919 -0.394132137 16.955945969 -0.028936787 0.776003122 0.039830800 0.628804684
1439803887.824948 14.218963623 -0.392527819 16.948726654 -0.028500069 0.776345134 0.039291609 0.628436267
1439803887.887448 14.253723145 -0.391533256 16.941738129 -0.028455067 0.776611447 0.038541552 0.628155649
1439803887.949950 14.288183212 -0.390334725 16.934638977 -0.027224412 0.776757181 0.038276911 0.628046155
1439803888.012450 14.322708130 -0.388857484 16.927471161 -0.025542138 0.776913524 0.037949793 0.627943337
1439803888.074952 14.357746124 -0.387665927 16.920000076 -0.025218599 0.777041793 0.037617631 0.627817690
1439803888.137453 14.391880989 -0.386183023 16.912651062 -0.025347212 0.777164042 0.037904315 0.627643824
1439803888.199955 14.426348686 -0.384857714 16.905712128 -0.025693348 0.777397633 0.038479954 0.627305388
1439803888.262458 14.460653305 -0.383654833 16.898700714 -0.026015868 0.777580440 0.039125681 0.627025485
1439803888.324957 14.494434357 -0.382599235 16.891332626 -0.026410017 0.777442038 0.040400423 0.627099752
1439803888.387459 14.528676987 -0.380945802 16.884046555 -0.027072918 0.777436256 0.040192697 0.627092123
1439803888.449960 14.562381744 -0.379799366 16.877271652 -0.028083818 0.777575552 0.039334297 0.626929283
1439803888.512463 14.595750809 -0.378525496 16.870315552 -0.027504452 0.777697682 0.038891483 0.626831055
1439803888.574963 14.629327774 -0.377000451 16.863338470 -0.028101457 0.777897060 0.037419721 0.626646757
1439803888.637465 14.662911415 -0.375712335 16.856536865 -0.029335270 0.778149009 0.035982348 0.626361609
1439803888.699966 14.695947647 -0.374715269 16.849704742 -0.029069778 0.778681219 0.035620626 0.625732899
1439803888.762467 14.729429245 -0.373300374 16.842061996 -0.028093722 0.779209018 0.035618879 0.625120223
1439803888.824968 14.762136459 -0.372127593 16.834527969 -0.027201571 0.779700577 0.037007760 0.624465764
1439803888.887469 14.795696259 -0.370486617 16.826978683 -0.027521249 0.780243695 0.039030705 0.623649716
1439803888.949974 14.827554703 -0.369422436 16.819349289 -0.027991351 0.780766487 0.039837331 0.622923017
1439803889.012472 14.860574722 -0.368205786 16.812263489 -0.027846044 0.781418622 0.040575363 0.622063637
1439803889.074974 14.893213272 -0.366868258 16.804788589 -0.028639445 0.781810403 0.040428452 0.621544719
1439803889.137475 14.925432205 -0.365566611 16.797595978 -0.028782843 0.782219648 0.040544216 0.621015370
1439803889.199976 14.957904816 -0.363934636 16.789800644 -0.026767870 0.782650590 0.042179957 0.620453358
1439803889.262478 14.990079880 -0.362212300 16.781692505 -0.025680732 0.783186615 0.045360103 0.619598031
1439803889.324979 15.022701263 -0.360167980 16.773517609 -0.025903121 0.783735454 0.049601156 0.618568957
1439803889.387481 15.055171967 -0.357920408 16.765312195 -0.026953535 0.784360945 0.052558389 0.617486060
1439803889.449981 15.086677551 -0.356904030 16.757869720 -0.026932256 0.785167158 0.051176045 0.616577864
1439803889.512486 15.117546082 -0.356214166 16.751163483 -0.024795551 0.786256611 0.045491125 0.615724146
1439803889.574984 15.148468018 -0.356168687 16.743053436 -0.020051589 0.786968112 0.039077416 0.615428448
1439803889.637486 15.179102898 -0.355724931 16.735157013 -0.014871198 0.787681699 0.033251449 0.615004659
1439803889.699987 15.209669113 -0.354795277 16.727415085 -0.010055989 0.788332343 0.029765625 0.614446938
1439803889.762489 15.241148949 -0.353705406 16.719297409 -0.009487332 0.788945973 0.030804584 0.613616645
1439803889.824994 15.273317337 -0.352248847 16.711013794 -0.013701238 0.789583743 0.035019647 0.612489462
1439803889.887492 15.305725098 -0.350626111 16.702869415 -0.020095274 0.790156126 0.040724423 0.611220837
1439803889.949993 15.337568283 -0.348988175 16.694955826 -0.026420048 0.790451467 0.046219930 0.610206604
1439803890.012494 15.369616508 -0.347580671 16.686649323 -0.030423744 0.790572703 0.050833918 0.609495759
1439803890.074997 15.400838852 -0.345707536 16.678102493 -0.031278323 0.790660739 0.053865895 0.609077871
1439803890.137499 15.431024551 -0.344354749 16.670179367 -0.029492317 0.790965796 0.054626446 0.608702898
1439803890.199998 15.461500168 -0.343077421 16.662052155 -0.025739050 0.791184187 0.053365976 0.608701229
1439803890.262502 15.491210938 -0.341523647 16.653579712 -0.021703741 0.791213870 0.050446395 0.609068751
1439803890.325005 15.521518707 -0.340277076 16.645772934 -0.019394320 0.791327238 0.045906801 0.609358311
1439803890.387502 15.550785065 -0.339413822 16.639020920 -0.017748134 0.791436017 0.042355359 0.609524429
1439803890.450005 15.580753326 -0.338127851 16.631519318 -0.017075645 0.791419506 0.039311551 0.609769046
1439803890.512505 15.610498428 -0.336986184 16.623962402 -0.017061135 0.791168451 0.037910689 0.610183835
1439803890.575010 15.641139984 -0.336049080 16.616718292 -0.017725876 0.790842593 0.038367819 0.610558450
1439803890.637510 15.672067642 -0.334992349 16.608812332 -0.018771671 0.790366769 0.040522147 0.611004114
1439803890.700009 15.703168869 -0.333540916 16.600835800 -0.019746087 0.789932311 0.043223377 0.611349940
1439803890.762514 15.734012604 -0.332632542 16.593172073 -0.020605395 0.789533734 0.045012999 0.611707270
1439803890.825013 15.763620377 -0.332027912 16.584930420 -0.021792300 0.789144576 0.044487249 0.612206578
1439803890.887514 15.794223785 -0.331196070 16.578065872 -0.022418045 0.789021552 0.042840175 0.612459958
1439803890.950015 15.823453903 -0.330044270 16.570606232 -0.021594750 0.788828969 0.040874772 0.612871766
1439803891.012516 15.853908539 -0.329148233 16.563022614 -0.020737683 0.788552642 0.038740020 0.613395393
1439803891.075016 15.883623123 -0.328132570 16.555280685 -0.020254916 0.788232684 0.037380155 0.613906980
1439803891.137517 15.914275169 -0.326740503 16.547790527 -0.020319263 0.787928879 0.037880883 0.614263952
1439803891.200018 15.944559097 -0.325005412 16.540746689 -0.020851381 0.787729979 0.039765771 0.614382148
1439803891.262519 15.975154877 -0.324138880 16.533222198 -0.022049801 0.787403166 0.042155202 0.614599884
1439803891.325021 16.009250641 -0.322072864 16.525123596 -0.023633810 0.787081540 0.044088576 0.614817202
1439803891.387522 16.040891647 -0.320594072 16.517074585 -0.025060285 0.786829174 0.044635966 0.615044236
1439803891.450024 16.071895599 -0.319559693 16.509403229 -0.025776241 0.786792994 0.043685175 0.615129173
1439803891.512525 16.101404190 -0.318849206 16.503395081 -0.025690187 0.787109315 0.041301198 0.614892721
1439803891.575026 16.132970810 -0.318135619 16.495859146 -0.025420882 0.787337601 0.039011307 0.614761233
1439803891.637528 16.162586212 -0.316018224 16.487220764 -0.023751540 0.787407041 0.037612300 0.614826202
1439803891.700029 16.193046570 -0.315035760 16.480735779 -0.022113858 0.787739635 0.036944970 0.614501715
1439803891.762530 16.223426819 -0.314213634 16.472229004 -0.020570910 0.787946820 0.037396606 0.614262164
1439803891.825032 16.254947662 -0.312062144 16.465328217 -0.019952333 0.788313866 0.038112756 0.613767505
1439803891.887533 16.284887314 -0.310350299 16.458253860 -0.019794999 0.788804591 0.039264776 0.613069117
1439803891.950034 16.320163727 -0.309787750 16.448017120 -0.018965177 0.789134979 0.040802475 0.612569511
1439803892.012536 16.352130890 -0.308966041 16.439914703 -0.018736955 0.789477527 0.041506242 0.612087727
1439803892.075037 16.383720398 -0.307626605 16.431449890 -0.018458636 0.789709866 0.041219901 0.611815691
1439803892.137539 16.414421082 -0.306874394 16.423789978 -0.018136984 0.790055811 0.040383283 0.611434340
1439803892.200040 16.446834564 -0.306024313 16.415016174 -0.017514028 0.790361047 0.039453182 0.611118734
1439803892.262542 16.477954865 -0.305517316 16.406528473 -0.017122319 0.790585041 0.038576700 0.610896051
1439803892.325044 16.508487701 -0.303596318 16.399120331 -0.016094977 0.790913165 0.038169269 0.610524714
1439803892.387547 16.540008545 -0.302697539 16.390401840 -0.014923812 0.791285813 0.038319714 0.610061884
1439803892.450047 16.572093964 -0.302307963 16.381952286 -0.015021564 0.791733921 0.038639177 0.609457791
1439803892.512548 16.604789734 -0.300937891 16.372964859 -0.015948797 0.792059183 0.038395785 0.609026790
1439803892.575051 16.634052277 -0.300383449 16.366918564 -0.017268898 0.792590797 0.038392868 0.608298898
1439803892.637550 16.665264130 -0.299568653 16.359392166 -0.017969655 0.793064177 0.038932815 0.607626975
1439803892.700052 16.701520920 -0.298736691 16.348897934 -0.018602649 0.793321013 0.039846629 0.607213259
1439803892.762552 16.733400345 -0.297804713 16.340362549 -0.019520091 0.793599129 0.039934579 0.606815159
1439803892.825068 16.764862061 -0.296532273 16.331926346 -0.020387501 0.793940187 0.039705433 0.606355429
1439803892.887555 16.796529770 -0.295728087 16.323432922 -0.020694435 0.794500232 0.039694164 0.605611682
1439803892.950057 16.827861786 -0.294507742 16.314962387 -0.020671871 0.795096755 0.039197400 0.604861438
1439803893.012558 16.859653473 -0.294245958 16.305858612 -0.020907203 0.795672357 0.038607597 0.604134023
1439803893.075059 16.891677856 -0.292493701 16.296766281 -0.021412216 0.796278775 0.038245689 0.603339732
1439803893.137564 16.923973083 -0.291470528 16.288633347 -0.022133758 0.796942532 0.038407106 0.602426410
1439803893.200064 16.955993652 -0.290534616 16.279634476 -0.022319391 0.797386229 0.039086040 0.601788402
1439803893.262564 16.990058899 -0.288197994 16.269104004 -0.022722196 0.797744751 0.039343990 0.601281166
1439803893.325063 17.021537781 -0.287145615 16.260084152 -0.022677096 0.798171461 0.039767556 0.600688398
1439803893.387564 17.053445816 -0.286044002 16.250394821 -0.022433797 0.798553526 0.039888673 0.600181580
1439803893.450065 17.085462570 -0.285101175 16.241632462 -0.022367757 0.799049735 0.039882712 0.599523664
1439803893.512565 17.117136002 -0.284320951 16.232984543 -0.022508513 0.799524367 0.039649758 0.598900616
1439803893.575066 17.149173737 -0.282751560 16.223039627 -0.022565890 0.799930513 0.039580699 0.598360538
1439803893.637567 17.181749344 -0.281295300 16.213691711 -0.023148894 0.800328672 0.041201681 0.597696126
1439803893.700067 17.213695526 -0.279674411 16.203998566 -0.024220867 0.800729394 0.043263223 0.596970737
1439803893.762567 17.245109558 -0.278174996 16.194576263 -0.026034784 0.801138818 0.043261819 0.596344888
1439803893.825068 17.280248642 -0.276299477 16.184942245 -0.027049335 0.801893294 0.041693199 0.595396578
1439803893.887568 17.311737061 -0.275498033 16.175008774 -0.025449583 0.802640080 0.039519385 0.594608545
1439803893.950069 17.343223572 -0.274890542 16.164896011 -0.021989079 0.803499103 0.036823031 0.593758941
1439803894.012570 17.374752045 -0.274138212 16.155200958 -0.017953407 0.804314733 0.034428570 0.592933476
1439803894.075071 17.406629562 -0.273726761 16.144773483 -0.015540974 0.805164099 0.033569649 0.591897190
1439803894.137573 17.438287735 -0.272305667 16.134389877 -0.015255277 0.806003571 0.033914663 0.590741336
1439803894.200074 17.470149994 -0.270988584 16.124019623 -0.016623817 0.806653082 0.037085705 0.589626253
1439803894.262575 17.503612518 -0.269298434 16.113739014 -0.019734379 0.807025969 0.040989347 0.588760972
1439803894.325077 17.535175323 -0.267980337 16.102958679 -0.022727840 0.807232738 0.044403102 0.588121653
1439803894.387577 17.568134308 -0.266591430 16.092712402 -0.023701079 0.807595015 0.047625519 0.587333262
1439803894.450077 17.600469589 -0.264729857 16.081613541 -0.023231255 0.807707489 0.049973737 0.587002218
1439803894.512579 17.632518768 -0.262874961 16.070747375 -0.021895543 0.807897925 0.051565703 0.586653650
1439803894.575078 17.664581299 -0.261195302 16.059906006 -0.021103529 0.808225334 0.051754020 0.586214900
1439803894.637578 17.696434021 -0.259208083 16.049228668 -0.020271618 0.808493376 0.051493600 0.585897505
1439803894.700080 17.728523254 -0.257489800 16.038625717 -0.020601604 0.808643520 0.051020455 0.585720181
1439803894.762580 17.759979248 -0.255693793 16.028938293 -0.020736091 0.808698118 0.051108662 0.585632384
1439803894.825080 17.792547226 -0.253844142 16.018384933 -0.020563733 0.808751225 0.051356956 0.585543334
1439803894.887582 17.824983597 -0.251867533 16.007734299 -0.020329021 0.808787048 0.051946647 0.585450113
1439803894.950082 17.858127594 -0.249964118 15.996913910 -0.019980881 0.808820665 0.052724548 0.585345984
1439803895.012582 17.888940811 -0.248442531 15.985282898 -0.019774543 0.808619678 0.053315956 0.585577190
1439803895.075084 17.921504974 -0.246021152 15.976626396 -0.019037116 0.808784068 0.054143313 0.585298598
1439803895.137583 17.954204559 -0.243449092 15.966291428 -0.018124636 0.808790684 0.055684336 0.585173845
1439803895.200084 17.986351013 -0.241509318 15.955458641 -0.017482076 0.808638573 0.058422077 0.585136652
1439803895.262587 18.019332886 -0.238563776 15.943865776 -0.017801838 0.808341146 0.061350405 0.585238278
1439803895.325085 18.052062988 -0.236999512 15.934684753 -0.018389422 0.808151662 0.064092129 0.585187972
1439803895.387586 18.084852219 -0.234943390 15.924015045 -0.018313758 0.807926059 0.065304667 0.585367799
1439803895.450093 18.117818832 -0.233130336 15.913600922 -0.016808482 0.807890654 0.064927317 0.585503697
1439803895.512588 18.149791718 -0.231510758 15.902917862 -0.013471830 0.807852924 0.062484782 0.585907757
1439803895.575092 18.181852341 -0.229920864 15.892061234 -0.009928914 0.807783306 0.058203839 0.586515069
1439803895.637591 18.214387894 -0.228635192 15.881638527 -0.007429191 0.807869077 0.053512156 0.586880624
1439803895.700093 18.246707916 -0.227043748 15.871632576 -0.005877063 0.807992876 0.050400104 0.587003291
1439803895.762594 18.280616760 -0.225095153 15.861437798 -0.005255437 0.808047891 0.049757630 0.586988151
1439803895.825095 18.313661575 -0.223436117 15.851238251 -0.005994608 0.807974279 0.050983105 0.586977303
1439803895.887596 18.347297668 -0.221657515 15.840234756 -0.008755857 0.807652533 0.052464426 0.587254822
1439803895.950098 18.381111145 -0.219979167 15.830331802 -0.012560368 0.807462811 0.054327231 0.587277174
1439803896.012600 18.414169312 -0.218074560 15.818691254 -0.015765138 0.807044923 0.056917526 0.587528944
1439803896.075101 18.447847366 -0.216362476 15.809410095 -0.018402381 0.807096124 0.059751503 0.587100446
1439803896.137617 18.481172562 -0.214219809 15.798770905 -0.019529996 0.806952238 0.060857959 0.587148190
1439803896.200104 18.513866425 -0.212620735 15.788543701 -0.019602429 0.807084084 0.059225839 0.587131441
1439803896.262605 18.547149658 -0.210891962 15.778582573 -0.019396815 0.807566464 0.054997090 0.586886346
1439803896.325106 18.579732895 -0.209484100 15.768475533 -0.018924206 0.807978809 0.049838319 0.586794913
1439803896.387608 18.612625122 -0.207617402 15.758399010 -0.017976966 0.808293581 0.044966429 0.586784780
1439803896.450110 18.645112991 -0.205803514 15.748608589 -0.017671999 0.808390856 0.042636905 0.586833894
1439803896.512611 18.678247452 -0.204088092 15.737952232 -0.019215539 0.808288872 0.043186992 0.586885631
1439803896.575112 18.711551666 -0.202088356 15.727560043 -0.021899249 0.808202147 0.045307096 0.586751223
1439803896.637613 18.745502472 -0.200335145 15.716992378 -0.024528638 0.808181047 0.047968712 0.586464703
1439803896.700115 18.778573990 -0.198669910 15.706794739 -0.025611646 0.808199763 0.050484404 0.586181283
1439803896.762616 18.812139511 -0.197382450 15.695036888 -0.025244813 0.808164299 0.051388733 0.586167514
1439803896.825117 18.844835281 -0.195869803 15.684553146 -0.022988394 0.808405459 0.050370771 0.586016178
1439803896.887621 18.877229691 -0.194450378 15.673880577 -0.020452112 0.808724940 0.048202332 0.585851729
1439803896.950120 18.909172058 -0.193276048 15.663503647 -0.018343296 0.808920443 0.046364527 0.585799992
1439803897.012625 18.942047119 -0.191828609 15.653167725 -0.016972311 0.809220016 0.045416914 0.585501671
1439803897.075126 18.975196838 -0.189969420 15.641874313 -0.015326009 0.809296489 0.045891445 0.585404396
1439803897.137624 19.008239746 -0.188874364 15.630845070 -0.014777976 0.809314311 0.047559444 0.585260689
1439803897.200126 19.041004181 -0.187084079 15.620820999 -0.015783543 0.809372485 0.048722673 0.585058212
1439803897.262627 19.074350357 -0.185575962 15.609796524 -0.017344045 0.809333265 0.049446013 0.585007668
1439803897.325129 19.107444763 -0.183902383 15.598800659 -0.017072007 0.809326231 0.051261090 0.584869146
1439803897.387630 19.140361786 -0.182433367 15.587413788 -0.016842913 0.809220731 0.052584182 0.584904432
1439803897.450132 19.173225403 -0.180385351 15.577643394 -0.017742781 0.809212089 0.052290097 0.584916115
1439803897.512633 19.206295013 -0.179097176 15.566752434 -0.018528622 0.809059620 0.051890794 0.585138202
1439803897.575135 19.238632202 -0.177123308 15.556340218 -0.018722467 0.809065640 0.051757902 0.585135460
1439803897.637635 19.271577835 -0.175787926 15.546045303 -0.017369963 0.809065223 0.052426234 0.585118115
1439803897.700136 19.304191589 -0.174107313 15.535541534 -0.016920289 0.808958054 0.051963501 0.585320830
1439803897.762636 19.336912155 -0.172398925 15.524790764 -0.016648045 0.808868468 0.051534351 0.585490286
1439803897.825137 19.369997025 -0.170737505 15.514240265 -0.016498048 0.808961391 0.050791293 0.585431099
1439803897.887639 19.402751923 -0.168928981 15.503852844 -0.016714951 0.809036136 0.050123259 0.585379183
1439803897.950143 19.435417175 -0.167196512 15.493428230 -0.017262658 0.808968425 0.050396446 0.585433424
1439803898.012641 19.468814850 -0.165287137 15.482386589 -0.017472556 0.808869600 0.052147254 0.585410357
1439803898.075143 19.501464844 -0.163602948 15.472024918 -0.017599767 0.808881581 0.053953696 0.585226297
1439803898.137646 19.534242630 -0.161796808 15.461296082 -0.018071303 0.808867395 0.054665871 0.585165501
1439803898.200146 19.567422867 -0.159737587 15.450321198 -0.018878788 0.809024632 0.054531004 0.584935188
1439803898.262647 19.599578857 -0.158187866 15.440155029 -0.019005334 0.809180200 0.054008476 0.584764242
1439803898.325149 19.632293701 -0.156240821 15.429719925 -0.018500980 0.809330642 0.053272586 0.584639788
1439803898.387650 19.665048599 -0.154096365 15.418668747 -0.017746227 0.809364021 0.052449055 0.584691405
1439803898.450155 19.697511673 -0.152578115 15.408410072 -0.017419985 0.809512854 0.052469920 0.584493339
1439803898.512652 19.730159760 -0.150838017 15.397752762 -0.017229959 0.809523344 0.052622080 0.584470809
1439803898.575156 19.763263702 -0.148722529 15.386991501 -0.017106313 0.809625030 0.052787744 0.584318519
1439803898.637657 19.796169281 -0.146923900 15.375863075 -0.017098462 0.809612870 0.053483818 0.584272206
1439803898.700157 19.829025269 -0.145219445 15.365238190 -0.016981632 0.809713066 0.054054275 0.584084272
1439803898.762658 19.861925125 -0.143582225 15.354356766 -0.016180238 0.809709370 0.054790370 0.584043562
1439803898.825159 19.894746780 -0.141710877 15.343763351 -0.015909746 0.809742808 0.054939330 0.583990693
1439803898.887660 19.927474976 -0.139468312 15.333734512 -0.015968723 0.809882522 0.054406017 0.583845258
1439803898.950161 19.961843491 -0.137839913 15.321641922 -0.015067458 0.809942067 0.053801235 0.583842695
1439803899.012663 19.993894577 -0.136152029 15.311220169 -0.014745553 0.810095370 0.053783551 0.583639741
1439803899.075165 20.026620865 -0.134095788 15.300087929 -0.014152339 0.810047984 0.054489121 0.583654702
1439803899.137666 20.059513092 -0.132111669 15.289216042 -0.014380537 0.810054004 0.055152111 0.583578587
1439803899.200170 20.092523575 -0.130236149 15.278511047 -0.015228883 0.810047150 0.055561360 0.583527803
1439803899.262668 20.124982834 -0.128307700 15.268039703 -0.016129272 0.810101330 0.056628004 0.583325684
1439803899.325168 20.158443451 -0.126310468 15.257215500 -0.017311743 0.810142398 0.057589822 0.583140731
1439803899.387669 20.191734314 -0.123858690 15.245997429 -0.017394811 0.810093880 0.059567761 0.583006918
1439803899.450169 20.225181580 -0.121380091 15.234943390 -0.017305495 0.810028851 0.061872352 0.582859874
1439803899.512670 20.257772446 -0.119368672 15.224416733 -0.017726213 0.810027480 0.061543591 0.582883894
1439803899.575171 20.290420532 -0.117242455 15.213932037 -0.017576747 0.810330927 0.059215620 0.582707763
1439803899.637671 20.323198318 -0.115396261 15.203468323 -0.017256482 0.810704827 0.056147721 0.582500994
1439803899.700171 20.355772018 -0.113409162 15.193172455 -0.015740518 0.811058521 0.053281549 0.582320631
1439803899.762672 20.388309479 -0.111956358 15.182183266 -0.013868677 0.811134636 0.051371153 0.582433939
1439803899.825173 20.421821594 -0.110071063 15.171618462 -0.013894523 0.811329901 0.050821144 0.582209527
1439803899.887673 20.455282211 -0.107552886 15.160375595 -0.015326357 0.811310589 0.051559865 0.582135499
1439803899.950174 20.488370895 -0.105669856 15.148737907 -0.016223045 0.811293006 0.053398691 0.581969976
1439803900.012675 20.521493912 -0.104020596 15.137666702 -0.017769657 0.811275482 0.054777469 0.581820965
1439803900.075175 20.554632187 -0.102270603 15.126909256 -0.018905567 0.811348915 0.055591613 0.581605613
1439803900.137677 20.587808609 -0.100512266 15.115342140 -0.019368907 0.811280489 0.056246478 0.581622839
1439803900.200177 20.620841980 -0.098229885 15.104461670 -0.019282663 0.811309695 0.056585189 0.581552088
1439803900.262677 20.653945923 -0.096342683 15.093288422 -0.019944254 0.811396301 0.057402395 0.581328750
1439803900.325180 20.687278748 -0.093708396 15.081853867 -0.021553740 0.811485052 0.058166675 0.581071556
1439803900.387680 20.720365524 -0.091424584 15.070840836 -0.021478517 0.811727822 0.057370450 0.580814302
1439803900.450180 20.752983093 -0.089903355 15.060202599 -0.019437168 0.812143087 0.055051774 0.580530107
1439803900.512684 20.785892487 -0.088202596 15.049746513 -0.016311800 0.812809944 0.051859375 0.579986632
1439803900.575184 20.818157196 -0.087260723 15.038490295 -0.013040596 0.813304245 0.048561543 0.579661846
1439803900.637686 20.850929260 -0.085513711 15.027391434 -0.011008502 0.813813686 0.045361649 0.579248130
1439803900.700187 20.884098053 -0.084322691 15.016816139 -0.011290689 0.814282298 0.045380250 0.578582346
1439803900.762691 20.917263031 -0.082674742 15.004877090 -0.012969156 0.814407527 0.048202660 0.578142345
1439803900.825189 20.950397491 -0.080991864 14.992811203 -0.015189198 0.814314187 0.051916774 0.577898204
1439803900.887690 20.984241486 -0.079309583 14.981508255 -0.017541250 0.814374149 0.054900602 0.577471137
1439803900.950193 21.017715454 -0.077012658 14.969968796 -0.018106477 0.814540863 0.057979356 0.576917470
1439803901.012693 21.050586700 -0.075397491 14.958119392 -0.017454052 0.814795852 0.060185045 0.576351285
1439803901.075194 21.083145142 -0.073446631 14.946356773 -0.016063554 0.815089703 0.059802700 0.576015949
1439803901.137694 21.116044998 -0.071899652 14.935026169 -0.014395637 0.815706491 0.057131525 0.575457871
1439803901.200198 21.148326874 -0.070223451 14.923303604 -0.012343151 0.816314876 0.054520667 0.574895859
1439803901.262696 21.180690765 -0.068438411 14.912220955 -0.009300601 0.816829562 0.053048935 0.574359357
1439803901.325197 21.212955475 -0.066537619 14.900054932 -0.006548956 0.817142606 0.052487854 0.574003518
1439803901.387699 21.246555328 -0.065098882 14.888458252 -0.006082289 0.817512631 0.052666150 0.573465288
1439803901.450201 21.279466629 -0.063872814 14.876434326 -0.005901861 0.817775905 0.054728251 0.572898448
1439803901.512702 21.312822342 -0.061880946 14.864622116 -0.006263132 0.818034351 0.057201669 0.572283685
1439803901.575203 21.345106125 -0.060580015 14.852721214 -0.006796726 0.818101346 0.059885364 0.571907163
1439803901.637705 21.377504349 -0.059156895 14.840347290 -0.006533821 0.818180382 0.062506624 0.571516514
1439803901.700207 21.410604477 -0.057064891 14.827402115 -0.006538176 0.818225205 0.064020023 0.571284711
1439803901.762709 21.443016052 -0.054764986 14.815706253 -0.006045270 0.818379283 0.064716011 0.570990920
1439803901.825211 21.475830078 -0.052800894 14.803591728 -0.005782174 0.818533301 0.065240264 0.570713162
1439803901.887712 21.507188797 -0.051435232 14.792366028 -0.006587904 0.818714201 0.065518275 0.570413113
1439803901.950212 21.538934708 -0.049168468 14.780434608 -0.007660706 0.818715751 0.065666981 0.570380330
1439803902.012714 21.571416855 -0.046356797 14.768757820 -0.008980291 0.818823636 0.065713450 0.570200861
1439803902.075216 21.604284286 -0.044397473 14.757360458 -0.010884767 0.818918049 0.066046111 0.569993556
1439803902.137717 21.635982513 -0.042083859 14.745867729 -0.012670239 0.818980336 0.066256925 0.569842696
1439803902.200218 21.668422699 -0.039661288 14.733728409 -0.014463711 0.819090426 0.066330202 0.569633245
1439803902.262719 21.701629639 -0.037283301 14.722202301 -0.016510189 0.819301665 0.066466838 0.569257677
1439803902.325221 21.733427048 -0.034876823 14.710762978 -0.017628366 0.819573522 0.066378593 0.568842947
1439803902.387721 21.766426086 -0.032403469 14.699813843 -0.019008484 0.819955051 0.065813467 0.568314195
1439803902.450224 21.796483994 -0.030166984 14.688354492 -0.019505585 0.820124686 0.066103093 0.568018794
1439803902.512727 21.828418732 -0.027679801 14.676881790 -0.020233059 0.820418656 0.064866170 0.567711294
1439803902.575227 21.859649658 -0.025313258 14.665039062 -0.019749183 0.820629358 0.063109808 0.567621887
1439803902.637728 21.891212463 -0.023159862 14.653150558 -0.018132342 0.820743859 0.062316664 0.567597866
1439803902.700243 21.922231674 -0.020991206 14.641555786 -0.017007245 0.820813060 0.061872307 0.567581236
1439803902.762731 21.953323364 -0.018828630 14.629810333 -0.015767731 0.820830762 0.061558925 0.567625403
1439803902.825231 21.985610962 -0.016707420 14.618472099 -0.015602064 0.821025312 0.060487628 0.567463815
1439803902.887733 22.016471863 -0.014787436 14.606855392 -0.014905382 0.821073651 0.060671624 0.567393005
1439803902.950234 22.048213959 -0.012421608 14.595184326 -0.014169609 0.821123183 0.061307210 0.567271829
1439803903.012736 22.078899384 -0.009846568 14.584300041 -0.014274754 0.821114600 0.061794002 0.567228794
1439803903.075237 22.110309601 -0.007752180 14.572876930 -0.014491453 0.821077347 0.062870398 0.567158937
1439803903.137739 22.143724442 -0.004754186 14.559046745 -0.014672489 0.820834100 0.064311191 0.567344785
1439803903.200240 22.173416138 -0.003576279 14.546597481 -0.015087013 0.820529342 0.066651963 0.567504644
1439803903.262742 22.204711914 -0.000719547 14.535018921 -0.014722171 0.820383191 0.067991577 0.567566633
1439803903.325243 22.234407425 0.000493884 14.523521423 -0.014235650 0.820162475 0.067240722 0.567987263
1439803903.387744 22.265159607 0.002255440 14.511497498 -0.012660270 0.820038795 0.064848147 0.568481147
1439803903.450245 22.296218872 0.003706217 14.499649048 -0.010454280 0.819928408 0.062770300 0.568918228
1439803903.512751 22.325187683 0.006083608 14.490105629 -0.008684319 0.819828272 0.061037317 0.569280863
1439803903.575251 22.355722427 0.008960605 14.478546143 -0.007723395 0.819491684 0.061050724 0.569777668
1439803903.637751 22.388874054 0.010469317 14.466761589 -0.008824033 0.819240451 0.062892541 0.569922507
1439803903.700253 22.420520782 0.012823462 14.455359459 -0.010279560 0.818865001 0.066598050 0.570016861
1439803903.762753 22.451841354 0.015496731 14.443273544 -0.012827886 0.818302214 0.069721565 0.570399761
1439803903.825255 22.483024597 0.017599821 14.432182312 -0.014788716 0.817910373 0.071832381 0.570652306
1439803903.887756 22.513313293 0.019155741 14.421296120 -0.014658418 0.817530274 0.072776482 0.571080506
1439803903.950257 22.542980194 0.022292137 14.411229134 -0.014526547 0.817576349 0.071068518 0.571233034
1439803904.012758 22.573863983 0.023340225 14.400571823 -0.012929013 0.817479312 0.069128163 0.571648240
1439803904.075262 22.603954315 0.025185227 14.389489174 -0.010774547 0.817503512 0.066937476 0.571919024
1439803904.137761 22.633766174 0.027395487 14.378992081 -0.008827583 0.817572832 0.064601377 0.572121799
1439803904.200260 22.663663864 0.029447198 14.368065834 -0.007847775 0.817513704 0.063071333 0.572391272
1439803904.262764 22.693685532 0.031785369 14.358095169 -0.008578477 0.817615926 0.061739460 0.572380006
1439803904.325262 22.723533630 0.033486247 14.346235275 -0.010080026 0.817606866 0.061639868 0.572379231
1439803904.387762 22.754474640 0.035669565 14.336513519 -0.011832600 0.817795753 0.062462255 0.571986437
1439803904.450265 22.785009384 0.037860513 14.325820923 -0.013500153 0.817781329 0.063655786 0.571838558
1439803904.512765 22.815355301 0.040165424 14.314704895 -0.013707479 0.817728162 0.065685719 0.571680129
1439803904.575265 22.845764160 0.043479681 14.303931236 -0.013736070 0.817852855 0.067036554 0.571344197
1439803904.637765 22.875316620 0.044317484 14.292194366 -0.013707845 0.817828417 0.068689227 0.571183443
1439803904.700267 22.905416489 0.046651840 14.281187057 -0.013364129 0.818024814 0.069376528 0.570827186
1439803904.762767 22.934343338 0.048310757 14.270517349 -0.013735906 0.818249881 0.069359988 0.570497811
1439803904.825269 22.963201523 0.050622463 14.260129929 -0.013630372 0.818491459 0.069904871 0.570087075
1439803904.887770 22.993162155 0.053678513 14.249349594 -0.013830002 0.818536818 0.070569336 0.569935203
1439803904.950271 23.021327972 0.056092501 14.238742828 -0.014777005 0.818663359 0.070865326 0.569692791
1439803905.012771 23.050777435 0.059453726 14.227338791 -0.014821593 0.818773746 0.070959315 0.569521487
1439803905.075272 23.079757690 0.060946703 14.216899872 -0.015282928 0.819042623 0.071146384 0.569099069
1439803905.137772 23.108215332 0.063160181 14.206232071 -0.016011711 0.819492102 0.070697017 0.568487644
1439803905.200273 23.137580872 0.065134287 14.194383621 -0.016620448 0.820026934 0.070037611 0.567780077
1439803905.262773 23.166904449 0.068302393 14.183795929 -0.017622016 0.820730150 0.069200777 0.566835701
1439803905.325274 23.195583344 0.070703745 14.173200607 -0.018715657 0.821404755 0.069827020 0.565745592
1439803905.387774 23.223709106 0.073374033 14.161989212 -0.019197702 0.821999192 0.070002735 0.564843714
1439803905.450275 23.253164291 0.075761795 14.151060104 -0.018990060 0.822490573 0.069709577 0.564171255
1439803905.512775 23.281753540 0.078077316 14.140234947 -0.019264348 0.823138714 0.068215348 0.563398778
1439803905.575278 23.309507370 0.078891277 14.130121231 -0.019166941 0.823793352 0.066842914 0.562609255
1439803905.637780 23.338331223 0.080886126 14.119625092 -0.019142415 0.824413359 0.064604454 0.561963081
1439803905.700283 23.365760803 0.083270073 14.107789040 -0.019876756 0.824755430 0.062758267 0.561644793
1439803905.762781 23.393690109 0.085657120 14.097414970 -0.021686042 0.825084269 0.061216060 0.561264813
1439803905.825280 23.421966553 0.088113070 14.086664200 -0.023389788 0.825320661 0.060355838 0.560942173
1439803905.887782 23.450435638 0.090042591 14.076293945 -0.025655951 0.825607359 0.060110241 0.560447216
1439803905.950283 23.477775574 0.092670679 14.065345764 -0.027689165 0.825776935 0.060498469 0.560058594
1439803906.012785 23.506603241 0.095060587 14.054985046 -0.029206038 0.826001465 0.060682558 0.559630513
1439803906.075286 23.533657074 0.096899509 14.044067383 -0.029699175 0.826207638 0.060527883 0.559316814
1439803906.137789 23.560197830 0.098674059 14.033312798 -0.029468792 0.826536059 0.060232062 0.558875620
1439803906.200294 23.586967468 0.100573540 14.022865295 -0.029324289 0.826925576 0.059465535 0.558388770
1439803906.262793 23.614280701 0.102938652 14.012347221 -0.030496869 0.827248514 0.058303706 0.557970047
1439803906.325293 23.640769958 0.104895592 14.002327919 -0.032022197 0.827519596 0.057607356 0.557554781
1439803906.387796 23.667095184 0.107540131 13.991290092 -0.032076631 0.827657402 0.056674514 0.557442665
1439803906.450298 23.692741394 0.109424353 13.980916023 -0.030452944 0.827888489 0.056375105 0.557220757
1439803906.512798 23.717823029 0.110776186 13.970206261 -0.026684577 0.828043163 0.056814898 0.557139575
1439803906.575299 23.742891312 0.112064362 13.959309578 -0.023015751 0.828151405 0.057759151 0.557045221
1439803906.637799 23.767833710 0.113558173 13.948731422 -0.020215686 0.828296304 0.058755666 0.556834221
1439803906.700301 23.793075562 0.115260482 13.938550949 -0.018345518 0.828478754 0.059465844 0.556551993
1439803906.762804 23.817749023 0.116712093 13.928331375 -0.018324303 0.828437328 0.060446575 0.556508780
1439803906.825303 23.842754364 0.118861914 13.918496132 -0.019452870 0.828338563 0.061280575 0.556526244
1439803906.887807 23.868865967 0.121610403 13.908641815 -0.021375902 0.828147054 0.062693238 0.556583405
1439803906.950307 23.893810272 0.124115705 13.898830414 -0.023397693 0.827784300 0.064951636 0.556782663
1439803907.012810 23.918111801 0.125995874 13.888879776 -0.024085375 0.827423275 0.067712821 0.556961060
1439803907.075309 23.942605972 0.128603697 13.879365921 -0.024190970 0.827256083 0.069833435 0.556942999
1439803907.137811 23.966354370 0.130722046 13.869545937 -0.023663655 0.827054262 0.070860706 0.557135522
1439803907.200311 23.990230560 0.132194996 13.859525681 -0.023066776 0.826830506 0.071364604 0.557428300
1439803907.262812 24.013858795 0.133938551 13.850111008 -0.023246456 0.826826155 0.070501320 0.557537198
1439803907.325312 24.037031174 0.135960579 13.841142654 -0.023097588 0.826953828 0.068725117 0.557575703
1439803907.387813 24.060264587 0.137799740 13.832281113 -0.023386402 0.827057540 0.066647440 0.557662070
1439803907.450314 24.083053589 0.139921665 13.823499680 -0.023626300 0.827030897 0.064802237 0.557908833
1439803907.512814 24.105575562 0.141838074 13.814691544 -0.023438316 0.827009082 0.063198343 0.558133066
1439803907.575314 24.128543854 0.143263578 13.806131363 -0.022664815 0.827139258 0.061935183 0.558113754
1439803907.637816 24.151115417 0.144979954 13.797600746 -0.021601144 0.827257037 0.060555466 0.558132827
1439803907.700317 24.173770905 0.145990014 13.787904739 -0.020828746 0.827197790 0.059278209 0.558387041
1439803907.762819 24.195728302 0.147176981 13.779076576 -0.019970002 0.827209771 0.058413163 0.558491766
1439803907.825321 24.217121124 0.148190975 13.770712852 -0.019405130 0.827206850 0.058408443 0.558516502
1439803907.887821 24.238912582 0.149874926 13.762237549 -0.019504419 0.827200949 0.058567237 0.558505177
1439803907.950324 24.260368347 0.151718140 13.754051208 -0.020407133 0.827193439 0.058936954 0.558445156
1439803908.012827 24.281669617 0.153372049 13.745973587 -0.021521516 0.827039838 0.059471112 0.558574200
1439803908.075326 24.303176880 0.155029774 13.737573624 -0.021807667 0.826631188 0.060739130 0.559031308
1439803908.137827 24.323028564 0.156325817 13.729192734 -0.021798473 0.825933516 0.062017348 0.559921920
1439803908.200327 24.343307495 0.157501221 13.721233368 -0.021444580 0.825112760 0.063622788 0.560964525
1439803908.262828 24.363487244 0.158999681 13.713609695 -0.021750288 0.824100614 0.064627685 0.562324107
1439803908.325332 24.383342743 0.160408497 13.706611633 -0.021935293 0.823100090 0.065722123 0.563653946
1439803908.387829 24.402790070 0.162221670 13.700088501 -0.022198845 0.822139859 0.066247985 0.564981818
1439803908.450329 24.422544479 0.163608551 13.692558289 -0.023154950 0.821036279 0.066086598 0.566564918
1439803908.512831 24.440938950 0.164960623 13.686236382 -0.023842279 0.820142448 0.065929495 0.567847967
1439803908.575332 24.460166931 0.166339874 13.679863930 -0.024684317 0.819183469 0.065654576 0.569226325
1439803908.637834 24.478445053 0.168244123 13.673213005 -0.025415659 0.817792773 0.065430045 0.571216285
1439803908.700335 24.496637344 0.169173479 13.667846680 -0.025753170 0.816252291 0.065678410 0.573371887
1439803908.762836 24.515243530 0.170811892 13.662036896 -0.025417799 0.814448655 0.065930143 0.575917065
1439803908.825337 24.532505035 0.171756744 13.656572342 -0.025236061 0.812523484 0.066062734 0.578622937
1439803908.887838 24.550882339 0.173502207 13.651317596 -0.024396604 0.810450196 0.066509768 0.581508160
1439803908.950340 24.568653107 0.174727917 13.646354675 -0.024762575 0.808252633 0.066503242 0.584544122
1439803909.012842 24.585947037 0.175952196 13.641738892 -0.025554962 0.806054950 0.066465780 0.587541282
1439803909.075343 24.602869034 0.176365614 13.637781143 -0.025972396 0.803934634 0.066749558 0.590388894
1439803909.137844 24.620182037 0.178065300 13.633502960 -0.026711181 0.801874459 0.065881349 0.593248188
1439803909.200348 24.637641907 0.179672718 13.629516602 -0.027985614 0.799940050 0.065082721 0.595883369
1439803909.262847 24.654712677 0.181067705 13.625174522 -0.029646348 0.798025250 0.064389125 0.598440349
1439803909.325349 24.671476364 0.182185173 13.621263504 -0.031915277 0.796212792 0.063366234 0.600842237
1439803909.387850 24.687816620 0.184823990 13.619586945 -0.033131052 0.794936776 0.062039662 0.602601826
1439803909.450351 24.704271317 0.185588837 13.615368843 -0.034178883 0.793151021 0.061543398 0.604942739
1439803909.512853 24.719766617 0.185417175 13.612087250 -0.035427988 0.791707635 0.061393417 0.606773973
1439803909.575354 24.734870911 0.186093569 13.609029770 -0.036472380 0.790613532 0.061280917 0.608148515
1439803909.637856 24.750680923 0.187620163 13.605264664 -0.035690460 0.789456487 0.061776847 0.609646022
1439803909.700356 24.766080856 0.189254761 13.601202011 -0.034357592 0.788120925 0.062106397 0.611414552
1439803909.762858 24.780656815 0.190406322 13.597719193 -0.033047117 0.786780000 0.062730379 0.613147616
1439803909.825360 24.795280457 0.191248417 13.594256401 -0.032658208 0.785460770 0.063013300 0.614828587
1439803909.887861 24.809522629 0.192975521 13.590703964 -0.032013837 0.784351408 0.063029714 0.616275251
1439803909.950362 24.823532104 0.193962574 13.587791443 -0.032478295 0.783577740 0.062324166 0.617306054
1439803910.012864 24.836490631 0.195022106 13.585533142 -0.033234075 0.783027709 0.060759481 0.618119180
1439803910.075367 24.849130630 0.194642305 13.583473206 -0.033368461 0.782583535 0.059885014 0.618759453
1439803910.137868 24.861135483 0.195257425 13.581404686 -0.033331361 0.782042146 0.058581665 0.619570255
1439803910.200369 24.872827530 0.196074724 13.579107285 -0.033618990 0.781301320 0.057157449 0.620621502
1439803910.262870 24.884754181 0.199575901 13.575517654 -0.032895721 0.780460417 0.055084303 0.621904433
1439803910.325371 24.895364761 0.198574781 13.572963715 -0.032973487 0.779770315 0.055501867 0.622728288
1439803910.387872 24.905689240 0.199701786 13.571021080 -0.032330345 0.779500604 0.055510789 0.623098791
1439803910.450373 24.915338516 0.199878693 13.568950653 -0.030772077 0.779054344 0.056646556 0.623633325
1439803910.512875 24.924850464 0.200791121 13.567035675 -0.028683906 0.778574526 0.057182427 0.624282837
1439803910.575377 24.934011459 0.201027393 13.564662933 -0.027292866 0.777888954 0.057233341 0.625194550
1439803910.637877 24.942739487 0.201085329 13.563013077 -0.026968138 0.777601302 0.056774657 0.625608146
1439803910.700381 24.951385498 0.201655149 13.561704636 -0.027542569 0.777572274 0.056070246 0.625682771
1439803910.762880 24.959617615 0.201766253 13.560207367 -0.028812554 0.777361035 0.055404302 0.625947356
1439803910.825381 24.967405319 0.201878071 13.559106827 -0.029454218 0.776862502 0.055242602 0.626550376
1439803910.887883 24.974933624 0.201985121 13.557918549 -0.029965075 0.776246071 0.054919858 0.627318084
1439803910.950384 24.981575012 0.203350782 13.557001114 -0.029789016 0.775952697 0.054256745 0.627746940
1439803911.012901 24.988037109 0.203792572 13.555465698 -0.029655589 0.775791943 0.054106914 0.627964854
1439803911.075387 24.994115829 0.204187393 13.554303169 -0.029504314 0.775674880 0.054022882 0.628123760
1439803911.137888 24.999670029 0.204518318 13.553197861 -0.029923633 0.775400758 0.053750370 0.628465652
1439803911.200390 25.004621506 0.204407215 13.552514076 -0.030569809 0.774984181 0.053848471 0.628939807
1439803911.262891 25.009393692 0.204859972 13.552109718 -0.031381302 0.774670899 0.053798452 0.629290044
1439803911.325393 25.013601303 0.204883814 13.551265717 -0.032121655 0.774493277 0.053815570 0.629469812
1439803911.387894 25.017774582 0.205769300 13.550228119 -0.032208640 0.774554908 0.053197425 0.629442155
1439803911.450400 25.021314621 0.205686569 13.549727440 -0.032112364 0.774638593 0.052901503 0.629368961
1439803911.512900 25.024322510 0.206162930 13.549566269 -0.031735659 0.774564624 0.052407537 0.629520416
1439803911.575399 25.027498245 0.205687523 13.548846245 -0.031892981 0.774178922 0.052186579 0.630005062
1439803911.637900 25.030609131 0.206224680 13.548233032 -0.031978484 0.774018586 0.051591601 0.630246758
1439803911.700401 25.033416748 0.206453800 13.547802925 -0.032226045 0.774139166 0.051272187 0.630112052
1439803911.762902 25.036062241 0.205819845 13.546766281 -0.032590427 0.774001777 0.051638078 0.630232155
1439803911.825404 25.038866043 0.206165791 13.545953751 -0.032990325 0.773820639 0.051424537 0.630451262
1439803911.887909 25.041439056 0.206252813 13.545557022 -0.033195067 0.773540795 0.051525217 0.630775630
1439803911.950407 25.043706894 0.207074642 13.545522690 -0.033042818 0.773520350 0.051348761 0.630823016
1439803912.012908 25.045860291 0.207238197 13.545292854 -0.032945465 0.773623586 0.051471457 0.630691588
1439803912.075410 25.048122406 0.207170248 13.544342995 -0.032911267 0.773577690 0.051686961 0.630731940
1439803912.137911 25.050088882 0.207366705 13.544466019 -0.032769807 0.773753703 0.051786248 0.630515277
1439803912.200412 25.052127838 0.207474470 13.543630600 -0.032537919 0.773615718 0.051878482 0.630689025
1439803912.262913 25.054521561 0.207845449 13.543320656 -0.032267399 0.773676157 0.051699605 0.630643427
1439803912.325414 25.056545258 0.207974672 13.542770386 -0.032187391 0.773704052 0.051535018 0.630626798
1439803912.387918 25.058685303 0.208206415 13.542751312 -0.032058109 0.773923099 0.051385105 0.630376756
1439803912.450419 25.061079025 0.208051682 13.541606903 -0.032082736 0.773826122 0.051415473 0.630492151
1439803912.512921 25.063402176 0.208222151 13.541223526 -0.031962413 0.773986459 0.051416501 0.630301297
1439803912.575422 25.065921783 0.208875418 13.540578842 -0.031719051 0.774181426 0.051250078 0.630087614
1439803912.637925 25.068607330 0.208614588 13.539316177 -0.031636212 0.774301529 0.051467795 0.629926443
1439803912.700427 25.071207047 0.208961964 13.538471222 -0.031537153 0.774714231 0.051405843 0.629428864
1439803912.762926 25.074005127 0.208741665 13.537862778 -0.031656556 0.775244713 0.051581185 0.628755033
1439803912.825427 25.076553345 0.209019423 13.537645340 -0.031702474 0.775873423 0.051443994 0.627987981
1439803912.887929 25.079336166 0.209060907 13.536762238 -0.031545158 0.776203156 0.051560789 0.627578676
1439803912.950430 25.082298279 0.209176302 13.535799026 -0.031191483 0.776608467 0.051689569 0.627084196
1439803913.012930 25.084945679 0.209505081 13.535041809 -0.030974498 0.777364850 0.051667545 0.626158834
1439803913.075431 25.087982178 0.209899902 13.534141541 -0.030802943 0.778453350 0.051638037 0.624816000
1439803913.137934 25.090969086 0.210236311 13.533261299 -0.030925088 0.779585183 0.051604901 0.623399973
1439803913.200434 25.093852997 0.210466623 13.532266617 -0.031188572 0.780489683 0.051652852 0.622250080
1439803913.262936 25.096996307 0.210144520 13.530683517 -0.031548999 0.781154633 0.051958941 0.621371329
1439803913.325437 25.100166321 0.211384296 13.530012131 -0.031490959 0.782404244 0.051492989 0.619838953
1439803913.387944 25.103019714 0.210549116 13.528476715 -0.031886637 0.783658504 0.051887218 0.618199170
1439803913.450441 25.106025696 0.211050987 13.527576447 -0.031708606 0.785352945 0.051857721 0.616056859
1439803913.512945 25.109397888 0.211152792 13.526018143 -0.031628665 0.786666512 0.052059706 0.614365697
1439803913.575444 25.112466812 0.211657047 13.525202751 -0.031308539 0.787974477 0.052182321 0.612693191
1439803913.637944 25.115924835 0.211924076 13.523502350 -0.031046070 0.789126515 0.052117471 0.611227632
1439803913.700446 25.118894577 0.211856604 13.521802902 -0.030978851 0.790568590 0.052067637 0.609368980
1439803913.762948 25.122198105 0.212039948 13.519831657 -0.031075133 0.792304873 0.051699717 0.607136309
1439803913.825451 25.125453949 0.212884426 13.519041061 -0.031011166 0.794536233 0.051241811 0.604255497
1439803913.887951 25.129011154 0.212580204 13.517333984 -0.031328309 0.796425045 0.051424220 0.601731837
1439803913.950453 25.132104874 0.212393284 13.515855789 -0.031790625 0.798466563 0.051560976 0.598984122
1439803914.012955 25.135488510 0.212660551 13.514464378 -0.031945199 0.800751805 0.051630810 0.595911324
1439803914.075456 25.138694763 0.212776661 13.513084412 -0.031991336 0.803338468 0.051650707 0.592415392
1439803914.137959 25.142692566 0.214090347 13.510269165 -0.031721063 0.805854142 0.050546624 0.589099228
1439803914.200459 25.145711899 0.213964701 13.508851051 -0.031492196 0.808817863 0.050411552 0.585047483
1439803914.262960 25.148981094 0.214535952 13.505920410 -0.031121075 0.811627626 0.049835145 0.581212997
1439803914.325460 25.152412415 0.214841843 13.503676414 -0.030834375 0.814975858 0.049358804 0.576565087
1439803914.387962 25.155841827 0.215068936 13.500991821 -0.030559720 0.818470836 0.048990384 0.571639299
1439803914.450464 25.159547806 0.215629101 13.498037338 -0.030458087 0.822301149 0.048180588 0.566190600
1439803914.575463 25.166662216 0.215594411 13.490925789 -0.030284619 0.830819666 0.047361970 0.553695202
1439803914.637964 25.170745850 0.215690136 13.487766266 -0.029941101 0.836084664 0.047367901 0.545731008
1439803914.700463 25.174936295 0.215854049 13.483497620 -0.029694883 0.841367006 0.047670592 0.537538171
1439803914.762968 25.178440094 0.215130210 13.478064537 -0.030465888 0.846410096 0.047943700 0.529493272
1439803914.825465 25.183124542 0.215707660 13.473770142 -0.030313669 0.852078080 0.047244124 0.520396113
1439803914.950465 25.191982269 0.216908932 13.462863922 -0.029193262 0.863355160 0.045857530 0.501659989
1439803915.012970 25.197477341 0.217305183 13.458631516 -0.029814372 0.869933486 0.045565825 0.490153611
1439803915.075467 25.200931549 0.216703773 13.450851440 -0.030970681 0.875330567 0.046056807 0.480329037
1439803915.137966 25.206878662 0.217940569 13.445312500 -0.031121893 0.881980181 0.045757987 0.468026221
1439803915.200472 25.211349487 0.217920542 13.437665939 -0.031554356 0.887843430 0.046174776 0.456734240
1439803915.325471 25.220275879 0.218140721 13.422212601 -0.030763004 0.900468707 0.047938637 0.431174695
1439803915.387969 25.225357056 0.219436049 13.414468765 -0.029178971 0.907315195 0.048440777 0.416630715
1439803915.450470 25.230974197 0.219866872 13.407600403 -0.029106174 0.914574504 0.048390578 0.400455505
1439803915.512970 25.234615326 0.221656322 13.395240784 -0.028847406 0.920516133 0.047180466 0.386771053
1439803915.575473 25.239051819 0.221870363 13.385772705 -0.029193319 0.927120984 0.046958592 0.370660663
1439803915.700478 25.247581482 0.223183155 13.364925385 -0.030762604 0.939465821 0.047319945 0.337962270
1439803915.762972 25.251461029 0.224007189 13.353743553 -0.031620715 0.945197761 0.048010208 0.321397483
1439803915.825472 25.255386353 0.224419534 13.342462540 -0.033016138 0.950809121 0.048723556 0.304134876
1439803915.887974 25.258674622 0.225315332 13.330561638 -0.033356443 0.956118643 0.049428370 0.286847174
1439803915.950475 25.261905670 0.226239979 13.318192482 -0.033850905 0.961056828 0.049623851 0.269743204
1439803916.012976 25.264347076 0.227615893 13.304816246 -0.033624440 0.965481043 0.050292239 0.253350437
1439803916.075477 25.268005371 0.227727771 13.292804718 -0.036563739 0.969997168 0.050807815 0.234919325
1439803916.137977 25.271841049 0.230573133 13.278445244 -0.034211885 0.974265039 0.050851550 0.216913015
