1403638522.327830 -0.000036446 -0.002752497 -0.000878737 0.005404140 -0.003384125 0.001006150 0.999979198
1403638522.377829 -0.000031717 -0.005929628 -0.001947131 0.008433277 -0.006639620 0.002116233 0.999940157
1403638522.427830 -0.000097729 -0.009279337 -0.003111764 0.008497702 -0.010811106 0.003168674 0.999900460
1403638522.477829 -0.000639510 -0.030108051 -0.009277180 0.000275296 -0.014669567 0.003672684 0.999885619
1403638522.527829 -0.000276262 -0.020030400 -0.006643112 0.000836008 -0.018869236 0.009261879 0.999778748
1403638522.577829 -0.000299913 -0.020146057 -0.006927959 -0.000428672 -0.023543261 0.013468903 0.999632001
1403638522.627830 -0.000356090 -0.029011959 -0.009490489 -0.001844061 -0.026698597 0.014564595 0.999535739
1403638522.677829 -0.000288285 -0.029780736 -0.009377839 0.002434442 -0.029264402 0.013136710 0.999482453
1403638522.727829 -0.000672479 -0.036761522 -0.011013993 0.006181732 -0.031874500 0.009407045 0.999428511
1403638522.777829 -0.000675290 -0.037567742 -0.011230531 0.012401163 -0.036132373 0.008768248 0.999231637
1403638522.827830 -0.000898428 -0.043607011 -0.012932082 0.016324043 -0.041369829 0.011341424 0.998946190
1403638522.877829 -0.000916137 -0.047261596 -0.014108732 0.020763686 -0.045990646 0.017279558 0.998576581
1403638522.927830 -0.000798654 -0.050739963 -0.015328187 0.025023196 -0.049186759 0.022959787 0.998212099
1403638522.977829 -0.000739227 -0.053905103 -0.015941398 0.029226005 -0.050287008 0.026160885 0.997964203
1403638523.027829 -0.000289416 -0.057629056 -0.017625641 0.031515788 -0.050828706 0.028007369 0.997816980
1403638523.077829 0.000431553 -0.060082011 -0.018466098 0.033008892 -0.050500136 0.027838720 0.997790098
1403638523.127830 -0.000025204 -0.057399631 -0.017354671 0.035648074 -0.050598551 0.027116135 0.997714281
1403638523.177829 0.000200779 -0.057744153 -0.017376538 0.036845479 -0.049721289 0.026600603 0.997728705
1403638523.227829 0.000409436 -0.058089647 -0.016901990 0.038655370 -0.046889253 0.025108607 0.997836053
1403638523.277829 0.001128477 -0.061523929 -0.017653119 0.039651323 -0.041791849 0.020913359 0.998120189
1403638523.327830 0.001897555 -0.059438143 -0.017252607 0.041450616 -0.039007504 0.019559823 0.998187184
1403638523.377829 0.002428745 -0.056462191 -0.015914593 0.041921761 -0.037814695 0.019095991 0.998222411
1403638523.427830 0.003977761 -0.053324204 -0.016254084 0.040350564 -0.037301082 0.018276045 0.998321831
1403638523.477829 0.004611639 -0.048664503 -0.014987435 0.036366202 -0.036116466 0.015185416 0.998570204
1403638523.527829 0.005286363 -0.044640128 -0.013611685 0.029491801 -0.034612481 0.011533748 0.998898983
1403638523.577829 0.005876860 -0.040197309 -0.012346190 0.021037519 -0.033072352 0.007793130 0.999201119
1403638523.627830 0.006598383 -0.035609748 -0.010699486 0.012269398 -0.030755397 0.004172009 0.999442935
1403638523.677829 0.007072351 -0.031272113 -0.009482774 0.005278288 -0.029356945 0.001538996 0.999553859
1403638523.727829 0.007479864 -0.026623664 -0.008142457 0.000718023 -0.028699264 -0.000722985 0.999587595
1403638523.777829 0.008207227 -0.022609930 -0.007315880 -0.002199003 -0.028460380 -0.002795227 0.999588609
1403638523.827830 0.008658255 -0.018758077 -0.006322219 -0.003337503 -0.028468557 -0.004286643 0.999579966
1403638523.877829 0.008999480 -0.014965098 -0.005232470 -0.002749433 -0.027338242 -0.007073038 0.999597490
1403638523.927830 0.009499952 -0.011551301 -0.004744863 -0.001894023 -0.024742296 -0.011812427 0.999622285
1403638523.977829 0.009336107 -0.009563277 -0.004548055 -0.002550127 -0.022901459 -0.017220002 0.999586165
1403638524.027829 0.009257223 -0.007685699 -0.004313080 -0.004552863 -0.021479521 -0.022943685 0.999495625
1403638524.077829 0.009380863 -0.006981751 -0.004440563 -0.008162911 -0.021761518 -0.027577667 0.999349415
1403638524.127830 0.009424504 -0.007323947 -0.004931349 -0.012639067 -0.022669846 -0.031186836 0.999176502
1403638524.177829 0.009361397 -0.008957934 -0.005836361 -0.017023399 -0.024860311 -0.031967074 0.999034703
1403638524.227829 0.010128177 -0.012384105 -0.007569788 -0.019418906 -0.027721938 -0.031462874 0.998931706
1403638524.277829 0.010287954 -0.016020900 -0.008689801 -0.019366859 -0.030355318 -0.029790899 0.998907387
1403638524.327830 0.010350930 -0.020203650 -0.010217393 -0.017842123 -0.033955693 -0.026679911 0.998907864
1403638524.377829 0.009825533 -0.025934223 -0.011661358 -0.015401564 -0.036750503 -0.022723107 0.998947382
1403638524.427830 0.009730071 -0.030903783 -0.013040253 -0.010556837 -0.039301012 -0.019438302 0.998982549
1403638524.477829 0.009962352 -0.035964433 -0.014562413 -0.004029996 -0.041190650 -0.017526817 0.998989463
1403638524.527829 0.010100712 -0.041183539 -0.016122479 0.003458460 -0.042807870 -0.016053066 0.998948395
1403638524.577829 0.009526138 -0.045728296 -0.017428217 0.011224240 -0.042443953 -0.014634907 0.998928607
1403638524.627830 0.009811953 -0.050802175 -0.018695567 0.017375192 -0.040590443 -0.012908445 0.998941362
1403638524.677829 0.008065809 -0.050912663 -0.017211584 0.024041982 -0.035324086 -0.011480954 0.999020696
1403638524.727829 0.008251836 -0.054772742 -0.018283945 0.027864033 -0.029314516 -0.012790455 0.999099970
1403638524.777829 0.006968004 -0.057911634 -0.017792676 0.030928925 -0.021258393 -0.014421937 0.999191403
1403638524.827830 0.008048742 -0.060872547 -0.019412195 0.032650523 -0.015862942 -0.016460853 0.999205351
1403638524.877829 0.007870532 -0.063203529 -0.019888375 0.033297636 -0.016820030 -0.015206034 0.999188244
1403638524.927830 0.007625286 -0.064574115 -0.020135876 0.034156930 -0.019063197 -0.014302167 0.999132335
1403638524.977829 0.006577934 -0.065017410 -0.020081474 0.035545055 -0.022906816 -0.013640101 0.999012411
1403638525.027829 0.006995917 -0.063816182 -0.019606786 0.037987720 -0.024370685 -0.014570761 0.998874724
1403638525.077829 0.006807177 -0.062543616 -0.019499719 0.040241573 -0.022909762 -0.017535511 0.998773396
1403638525.127830 0.006673121 -0.060204994 -0.018237656 0.042020198 -0.022932414 -0.020071607 0.998651862
1403638525.177829 0.006976575 -0.058162615 -0.016904721 0.042383209 -0.023657473 -0.022431271 0.998569429
1403638525.227829 0.006234304 -0.055271927 -0.015625030 0.041082334 -0.024422763 -0.024892440 0.998547018
1403638525.277829 0.006633391 -0.051153019 -0.014714044 0.037567034 -0.026291238 -0.026240051 0.998603523
1403638525.327830 0.008234434 -0.047096860 -0.014339803 0.030921077 -0.028689396 -0.028360033 0.998707414
1403638525.377829 0.007958150 -0.042020645 -0.012892455 0.022140563 -0.031669769 -0.028959535 0.998833418
1403638525.427830 0.006782433 -0.035559118 -0.009622555 0.012321482 -0.034803707 -0.027327387 0.998944521
1403638525.477829 0.007897258 -0.032533720 -0.009404264 0.000732669 -0.040025190 -0.025750831 0.998866498
1403638525.527829 0.007845682 -0.028383514 -0.008179254 -0.008818114 -0.043216314 -0.023618590 0.998747587
1403638525.577829 0.007868452 -0.024267748 -0.007105214 -0.015622868 -0.044988450 -0.021889327 0.998625457
1403638525.627830 0.007644200 -0.020995747 -0.005993051 -0.019407505 -0.045058243 -0.020134747 0.998592854
1403638525.677829 0.006628113 -0.020828709 -0.004878302 -0.021799667 -0.043861460 -0.018776366 0.998623252
1403638525.727829 0.006761044 -0.018122006 -0.003727038 -0.020870151 -0.041224822 -0.017645994 0.998776019
1403638525.777829 0.006810053 -0.015951743 -0.002984448 -0.018322425 -0.038234230 -0.015575719 0.998979390
1403638525.827830 0.006718807 -0.013726871 -0.002043116 -0.014709950 -0.034152698 -0.015244346 0.999192119
1403638525.877829 0.006957429 -0.012119583 -0.001440341 -0.011000297 -0.029846422 -0.015820380 0.999368727
1403638525.927830 0.007389622 -0.010843720 -0.000942659 -0.008587356 -0.025291689 -0.017560204 0.999489009
1403638525.977829 0.008332701 -0.010030462 -0.001059188 -0.008155215 -0.022182258 -0.019421387 0.999532044
1403638526.027829 0.009799260 -0.009796390 -0.001215423 -0.008946756 -0.019857485 -0.020927766 0.999543726
1403638526.077829 0.011728783 -0.009792740 -0.001571667 -0.010944863 -0.017347207 -0.020295957 0.999583602
1403638526.127830 0.014243949 -0.010163106 -0.002312939 -0.013474000 -0.014419635 -0.017300030 0.999655604
1403638526.177829 0.016514668 -0.011131185 -0.002871632 -0.015068717 -0.010988733 -0.013474879 0.999735296
1403638526.227829 0.019522738 -0.011964528 -0.003660876 -0.015187331 -0.007409893 -0.010338141 0.999803782
1403638526.277829 0.022803839 -0.012970042 -0.004611797 -0.013366265 -0.003239424 -0.008036293 0.999873161
1403638526.327830 0.026031429 -0.014005704 -0.005756312 -0.010092011 -0.000105697 -0.005233007 0.999935389
1403638526.377829 0.029631156 -0.014719496 -0.006944367 -0.006020654 0.003560539 -0.002169719 0.999973178
1403638526.427830 0.033561151 -0.015556864 -0.007975655 -0.001476142 0.007088071 0.001485264 0.999972701
1403638526.477829 0.037568633 -0.016289944 -0.009202734 0.002869315 0.010442454 0.006451264 0.999920547
1403638526.527829 0.041473381 -0.016681854 -0.009820183 0.007364129 0.014323281 0.010705428 0.999813020
1403638526.577829 0.046222389 -0.017027279 -0.011331864 0.012017145 0.017609667 0.014722222 0.999664366
1403638526.627830 0.051071756 -0.017112108 -0.012205506 0.016795689 0.021451555 0.017297003 0.999479175
1403638526.677829 0.052971471 -0.017297177 -0.012583832 0.020739578 0.026218629 0.019704495 0.999246836
1403638526.727829 0.057996795 -0.017058188 -0.012762234 0.023688734 0.030366508 0.020985197 0.999037683
1403638526.777829 0.063157827 -0.016929816 -0.013630996 0.025810372 0.036329161 0.019329380 0.998819530
1403638526.827830 0.070836715 -0.017528094 -0.015999334 0.026616760 0.040519446 0.017296242 0.998674393
1403638526.877829 0.075967975 -0.017194791 -0.016691318 0.026347579 0.043818619 0.017022239 0.998546958
1403638526.927830 0.081020497 -0.016857654 -0.017944403 0.024250532 0.046502389 0.017990107 0.998461723
1403638526.977829 0.085515477 -0.016408905 -0.018768918 0.020481531 0.050810732 0.019870594 0.998300552
1403638527.027829 0.090195805 -0.016131695 -0.019503329 0.015910015 0.056832973 0.022850355 0.997995377
1403638527.077829 0.091799408 -0.015213748 -0.020378336 0.011664329 0.065454945 0.026830649 0.997426569
1403638527.127830 0.095843457 -0.015218486 -0.020928457 0.008285734 0.072865427 0.031359054 0.996814251
1403638527.177829 0.102820091 -0.016206097 -0.022505946 0.006469798 0.079366378 0.034636196 0.996222615
1403638527.227829 0.106435895 -0.016571760 -0.023689415 0.006983465 0.087347344 0.037810925 0.995435596
1403638527.277829 0.107784368 -0.016759699 -0.022751145 0.009308632 0.097214065 0.039726812 0.994426727
1403638527.327830 0.109942421 -0.017329190 -0.023551317 0.012398215 0.106554650 0.039538980 0.993443012
1403638527.377829 0.104667813 -0.015859490 -0.021651657 0.016043685 0.115202732 0.038022198 0.992484391
1403638527.427830 0.105432421 -0.016259167 -0.021635558 0.018932106 0.121862665 0.036557253 0.991692841
1403638527.477829 0.096700355 -0.016969072 -0.019583728 0.020721186 0.129025668 0.035892829 0.990774810
1403638527.527829 0.095710605 -0.017257666 -0.018915974 0.021512914 0.131543711 0.035216320 0.990451038
1403638527.577829 0.093973368 -0.017686551 -0.018248800 0.021476582 0.132366210 0.035017457 0.990349293
1403638527.627830 0.091572277 -0.017784849 -0.016639803 0.021432422 0.131536275 0.034472220 0.990479946
1403638527.677829 0.088628337 -0.018392744 -0.016454967 0.021350581 0.129089102 0.033157337 0.990848482
1403638527.727829 0.085060738 -0.018615108 -0.014754165 0.021346705 0.125528455 0.031005394 0.991375625
1403638527.777829 0.096153900 -0.020331863 -0.015712176 0.020267053 0.118178755 0.030683447 0.992311239
1403638527.827830 0.092358112 -0.020870481 -0.013995681 0.018535335 0.111692287 0.032105062 0.993051112
1403638527.877829 0.087184578 -0.022013087 -0.013599696 0.016664755 0.104597904 0.034098815 0.993790150
1403638527.927830 0.082718194 -0.022812845 -0.012515526 0.015892789 0.098285384 0.035931826 0.994382381
1403638527.977829 0.079108477 -0.023435429 -0.010726134 0.016631877 0.093792886 0.035918511 0.994804561
1403638528.027829 0.074340269 -0.024050178 -0.008871038 0.018391673 0.090154797 0.034350812 0.995165229
1403638528.077829 0.069208629 -0.024796600 -0.008024035 0.020053407 0.085195191 0.033355761 0.995603859
1403638528.127830 0.065138675 -0.025252739 -0.007324908 0.020886043 0.079081424 0.032377250 0.996123314
1403638528.177829 0.061004099 -0.025503868 -0.005824244 0.020774370 0.072818480 0.031457905 0.996632457
1403638528.227829 0.056345947 -0.025878653 -0.003527554 0.020143408 0.065504044 0.030533729 0.997181594
1403638528.277829 0.052911349 -0.026303548 -0.002322567 0.019647971 0.057442740 0.029437240 0.997721255
1403638528.327830 0.049708530 -0.026414614 0.000719877 0.019912142 0.051331416 0.028079223 0.998088241
1403638528.377829 0.046441820 -0.027517669 0.003020907 0.020935757 0.048033942 0.026567863 0.998272777
1403638528.427830 0.044853497 -0.027858136 0.005057059 0.022341052 0.047215257 0.024607196 0.998331666
1403638528.477829 0.038623214 -0.026009731 0.008240655 0.022856187 0.048555780 0.022992570 0.998294175
1403638528.527829 0.036655303 -0.026489750 0.011472439 0.021680133 0.050450470 0.023411276 0.998216748
1403638528.577829 0.035826825 -0.027054809 0.013381456 0.019583546 0.052604116 0.025666848 0.998093426
1403638528.627830 0.034018189 -0.027982753 0.016675266 0.017799078 0.054735146 0.029748647 0.997898936
1403638528.677829 0.032685876 -0.029467948 0.019309122 0.017006589 0.056639533 0.032785594 0.997711301
1403638528.727829 0.032535426 -0.030854054 0.021157864 0.017094741 0.059841242 0.033553313 0.997497380
1403638528.777829 0.029902486 -0.030004662 0.024423238 0.018696304 0.064665474 0.034199569 0.997145534
1403638528.827830 0.033504859 -0.032234967 0.023623865 0.018679593 0.064317517 0.037674185 0.997043133
1403638528.877829 0.032148696 -0.033152264 0.024692401 0.019522317 0.064732067 0.042770796 0.996794522
1403638528.927830 0.031523880 -0.033761028 0.024811074 0.020017419 0.064571783 0.047777042 0.996567667
1403638528.977829 0.030496875 -0.034623045 0.024207810 0.019736210 0.063449390 0.052282911 0.996419132
1403638529.027829 0.029734259 -0.034922693 0.023325438 0.018957743 0.063160025 0.054450788 0.996336520
1403638529.077829 0.029160323 -0.036123611 0.020301275 0.018015195 0.065561220 0.052457340 0.996305883
1403638529.127830 0.028144440 -0.035880372 0.018301887 0.017586321 0.070344970 0.045822125 0.996314526
1403638529.177829 0.026893299 -0.035085782 0.016155122 0.016872067 0.075984620 0.037354879 0.996266186
1403638529.227829 0.026652332 -0.036025081 0.013154248 0.014782459 0.079071686 0.030826520 0.996282518
1403638529.277829 0.024420191 -0.034001023 0.011581514 0.013125028 0.082191132 0.025778092 0.996196687
1403638529.327830 0.021639748 -0.031551916 0.009477468 0.009766039 0.083534151 0.022596039 0.996200800
1403638529.377829 0.020011356 -0.029827243 0.006541086 0.004005706 0.083795130 0.019899592 0.996276259
1403638529.427830 0.018675175 -0.027422305 0.004706929 -0.003943995 0.083013788 0.018441217 0.996369958
1403638529.477829 0.016710442 -0.025016660 0.003009610 -0.013819205 0.081407934 0.018659821 0.996410370
1403638529.527829 0.015756125 -0.022068271 0.002158662 -0.023775065 0.078969426 0.019171972 0.996409059
1403638529.577829 0.016327415 -0.019599946 0.001753205 -0.031845637 0.077467546 0.018537132 0.996313751
1403638529.627830 0.015478147 -0.017033175 0.001023917 -0.037280697 0.077409543 0.016549887 0.996164680
1403638529.677829 0.014840120 -0.014599226 0.000843355 -0.038955934 0.076934963 0.015402306 0.996155739
1403638529.727829 0.015362881 -0.014097910 0.001103032 -0.037273992 0.076518007 0.014610006 0.996264160
1403638529.777829 0.014865668 -0.012068169 0.002420597 -0.032144770 0.076675668 0.014633408 0.996430337
1403638529.827830 0.013495652 -0.010487317 0.001725329 -0.025809702 0.076229699 0.015846245 0.996630251
1403638529.877829 0.012857389 -0.008838821 0.002058551 -0.020137159 0.076641224 0.016138261 0.996724725
1403638529.927830 0.012863213 -0.007926675 0.002645264 -0.016810102 0.076563142 0.015945723 0.996795475
1403638529.977829 0.012640453 -0.006926788 0.003090157 -0.015381703 0.076558195 0.016138053 0.996815860
1403638530.027829 0.012486600 -0.006241002 0.004193164 -0.015934112 0.077256411 0.015768331 0.996759236
1403638530.077829 0.012259043 -0.005621995 0.005261389 -0.017663592 0.077403374 0.016577912 0.996705532
1403638530.127830 0.012291232 -0.005245822 0.006524223 -0.019653810 0.078630246 0.017867077 0.996549964
1403638530.177829 0.012409827 -0.004944446 0.008079166 -0.020913148 0.080909282 0.019519892 0.996310890
1403638530.227829 0.012415954 -0.004872235 0.009242186 -0.021090355 0.083761811 0.021379123 0.996033192
1403638530.277829 0.012587340 -0.004637463 0.010504226 -0.020579053 0.086177260 0.023312474 0.995794415
1403638530.327830 0.012126985 -0.004376764 0.011223631 -0.020245906 0.088275358 0.025879854 0.995554030
1403638530.377829 0.012814065 -0.004016079 0.012939683 -0.019781405 0.091114834 0.026696088 0.995285928
1403638530.427830 0.013132679 -0.003862980 0.013968872 -0.019688409 0.093242839 0.027490141 0.995069087
1403638530.477829 0.013798852 -0.003655434 0.015448058 -0.019780248 0.093706459 0.029234827 0.994973958
1403638530.527829 0.014326805 -0.003523681 0.016315689 -0.019591406 0.093415558 0.031824540 0.994925559
1403638530.577829 0.014696752 -0.003311525 0.016996516 -0.019960085 0.095041379 0.032397494 0.994745731
1403638530.627830 0.014939654 -0.003096685 0.017449040 -0.022033362 0.096006632 0.033303577 0.994579375
1403638530.677829 0.015168211 -0.002780563 0.017977096 -0.025693750 0.097181112 0.034020696 0.994353175
1403638530.727829 0.015392728 -0.002463967 0.018364349 -0.029403843 0.097518839 0.034770824 0.994191349
1403638530.777829 0.015469117 -0.002152307 0.018536264 -0.032115985 0.098145165 0.035391103 0.994023919
1403638530.827830 0.015719842 -0.001790504 0.018982859 -0.033150245 0.097631410 0.035995077 0.994018912
1403638530.877829 0.015791010 -0.001539113 0.019291516 -0.033114795 0.096461020 0.035765406 0.994142652
1403638530.927830 0.016076751 -0.001325235 0.019975577 -0.031474944 0.095873810 0.035745952 0.994253397
1403638530.977829 0.016118633 -0.001152566 0.020073932 -0.028950538 0.095238484 0.036128938 0.994377315
1403638531.027829 0.016110320 -0.000764869 0.020360203 -0.026171215 0.094136022 0.036786031 0.994535208
1403638531.077829 0.016269099 -0.000753309 0.020576531 -0.022383748 0.095368430 0.034428351 0.994594634
1403638531.127830 0.016154179 -0.000769864 0.020533938 -0.019507842 0.095509261 0.033596780 0.994670153
1403638531.177829 0.015984550 -0.000783108 0.020711415 -0.018205263 0.094771333 0.032007802 0.994817853
1403638531.227829 0.015912026 -0.000598615 0.020757133 -0.018645152 0.095555380 0.030086273 0.994794667
1403638531.277829 0.015838198 -0.000586641 0.020950776 -0.015964609 0.096219555 0.029667892 0.994789779
1403638531.327830 0.015669845 -0.000537599 0.021064201 -0.012073032 0.096485458 0.029888269 0.994812250
1403638531.377829 0.015568357 -0.000265814 0.020764213 -0.013780760 0.096398838 0.029863415 0.994799256
1403638531.427830 0.015617677 -0.000224547 0.020773932 -0.013580007 0.096791536 0.029170372 0.994784474
1403638531.477829 0.015615123 -0.000430578 0.020615606 -0.011679386 0.096568614 0.029646380 0.994816184
1403638531.527829 0.015620810 -0.000377326 0.020631852 -0.012005274 0.096473373 0.029335693 0.994830728
1403638531.577829 0.015791940 -0.000283518 0.021013407 -0.012027339 0.096214972 0.028763529 0.994872212
1403638531.627830 0.015798768 -0.000302109 0.021114320 -0.011918382 0.096000440 0.028755501 0.994894445
1403638531.677829 0.015950009 -0.000317307 0.021329418 -0.012217600 0.095948882 0.029238166 0.994881749
1403638531.727829 0.015899729 -0.000461799 0.021562772 -0.012472317 0.096402802 0.028433399 0.994858027
1403638531.777829 0.015918303 -0.000437032 0.021493074 -0.012110938 0.096148558 0.029253723 0.994863331
1403638531.827830 0.015918782 -0.000397755 0.021492435 -0.012261403 0.096239433 0.028555363 0.994872928
1403638531.877829 0.015920755 -0.000392050 0.021465478 -0.012117706 0.095985360 0.029080829 0.994884014
1403638531.927830 0.015919715 -0.000391539 0.021496300 -0.012215003 0.096070535 0.028906470 0.994879723
1403638531.977829 0.015910795 -0.000390618 0.021433057 -0.012289454 0.096255466 0.028831754 0.994863093
1403638532.027829 0.015216764 -0.000481044 0.020394323 -0.012340280 0.096148483 0.029264750 0.994860172
1403638532.077829 0.015256513 -0.000440157 0.020450359 -0.012360939 0.096299790 0.029142486 0.994848907
1403638532.127830 0.015222372 -0.000494348 0.020344004 -0.012420649 0.096132681 0.029284831 0.994860113
1403638532.177829 0.015257533 -0.000485550 0.020426961 -0.012361581 0.096290350 0.029109674 0.994850755
1403638532.227829 0.015744807 -0.000344031 0.020872014 -0.012310890 0.096144430 0.029022356 0.994868040
1403638532.277829 0.015759230 -0.000311135 0.020916509 -0.012280662 0.096049219 0.029291766 0.994869709
1403638532.327830 0.015749432 -0.000347111 0.020865178 -0.012297694 0.096145175 0.028979635 0.994869351
1403638532.377829 0.015763856 -0.000365276 0.020897416 -0.012288283 0.096030831 0.029123500 0.994876325
1403638532.427830 0.015856577 -0.000181816 0.020787604 -0.012548166 0.096192986 0.029199805 0.994855165
1403638532.477829 0.015838070 -0.000222424 0.020998109 -0.012468407 0.096167438 0.029412178 0.994852424
1403638532.527829 0.015847001 -0.000265107 0.020985276 -0.012586823 0.096202344 0.029205732 0.994853616
1403638532.577829 0.015847471 -0.000203875 0.020955309 -0.012554866 0.096223652 0.029346857 0.994847775
1403638532.627830 0.015812455 -0.000281124 0.021004971 -0.012670722 0.096294589 0.028971946 0.994850457
1403638532.677829 0.015862826 -0.000234019 0.021008920 -0.012445670 0.096155070 0.029587541 0.994848669
1403638532.727829 0.015700862 -0.000421222 0.020892465 -0.012372641 0.096088424 0.028823977 0.994878471
1403638532.777829 0.015679037 -0.000412808 0.020752007 -0.012426051 0.095974557 0.029198077 0.994877875
1403638532.827830 0.015669245 -0.000458154 0.020842737 -0.012396201 0.096017651 0.029079514 0.994877577
1403638532.877829 0.015653502 -0.000426140 0.020780602 -0.012430562 0.096121855 0.028699992 0.994878113
1403638532.927830 0.015659016 -0.000447896 0.020830896 -0.012401087 0.096097119 0.029028730 0.994871318
1403638532.977829 0.015726136 -0.000379105 0.020915512 -0.012392061 0.096140645 0.028952757 0.994869411
1403638533.027829 0.015485510 -0.000455562 0.020665051 -0.012405656 0.096139044 0.028629791 0.994878709
1403638533.077829 0.015486928 -0.000409037 0.020668667 -0.012400672 0.096207492 0.028805671 0.994867086
1403638533.127830 0.015475814 -0.000461900 0.020646226 -0.012494410 0.096264124 0.028537717 0.994868159
1403638533.177829 0.015456956 -0.000474743 0.020694133 -0.012424069 0.096190952 0.028861281 0.994866788
1403638533.227829 0.015488194 -0.000432492 0.020638686 -0.012417144 0.096215002 0.028570078 0.994872928
1403638533.277829 0.015488798 -0.000430846 0.020656813 -0.012408817 0.096212223 0.028602352 0.994872391
1403638533.327830 0.015467930 -0.000456396 0.020673098 -0.012387259 0.096182115 0.028743440 0.994871497
1403638533.377829 0.015500478 -0.000419516 0.020618709 -0.012342895 0.096076153 0.028935432 0.994876742
1403638533.427830 0.015448862 -0.000421320 0.020605642 -0.012430848 0.096189447 0.028741203 0.994870365
1403638533.477829 0.015493848 -0.000438155 0.020614391 -0.012414671 0.096231587 0.028674794 0.994868398
1403638533.527829 0.015496152 -0.000449248 0.020659087 -0.012396915 0.096244752 0.028678276 0.994867206
1403638533.577829 0.015470898 -0.000426760 0.020653468 -0.012392717 0.096243650 0.028787799 0.994864225
1403638533.627830 0.015475936 -0.000457633 0.020671450 -0.012482489 0.096305437 0.028529571 0.994864583
1403638533.677829 0.015491577 -0.000436211 0.020684291 -0.012398264 0.096155040 0.028969858 0.994867444
1403638533.727829 0.015497196 -0.000451494 0.020725043 -0.012402122 0.096207254 0.028684631 0.994870603
1403638533.777829 0.015514417 -0.000422607 0.020629417 -0.012405330 0.096142992 0.028830044 0.994872570
1403638533.827830 0.015486021 -0.000429676 0.020607632 -0.012436995 0.096269272 0.028609682 0.994866312
1403638533.877829 0.015466271 -0.000469790 0.020660698 -0.012409287 0.095904723 0.028849373 0.994894922
1403638533.927830 0.015528622 -0.000462726 0.020698972 -0.012462513 0.096121490 0.029080093 0.994866669
1403638533.977829 0.015557135 -0.000440304 0.020816069 -0.012349828 0.096239239 0.028831521 0.994863927
1403638534.027829 0.015122403 -0.000296790 0.020202082 -0.012611715 0.096388042 0.029336216 0.994831502
1403638534.077829 0.015122166 -0.000323989 0.020336369 -0.012597226 0.096661448 0.029818647 0.994790792
1403638534.127830 0.015177957 -0.000309945 0.020341815 -0.012630463 0.096494377 0.029445745 0.994817734
1403638534.177829 0.015059483 -0.000319773 0.020087225 -0.012616975 0.096524730 0.029456276 0.994814634
1403638534.227829 0.015083956 -0.000308393 0.020049641 -0.012731683 0.096429244 0.029638097 0.994817019
1403638534.277829 0.015077123 -0.000301042 0.020113349 -0.012618792 0.096128799 0.029572809 0.994849503
1403638534.327830 0.015029671 -0.000376324 0.020139180 -0.012729990 0.096450813 0.029372822 0.994822860
1403638534.377829 0.015058832 -0.000328908 0.020076120 -0.012678054 0.096127816 0.029836010 0.994840980
1403638534.427830 0.015064890 -0.000324000 0.020055728 -0.012743922 0.096300602 0.029481940 0.994833946
1403638534.477829 0.015157885 -0.000265969 0.019888328 -0.012610161 0.096421309 0.029707501 0.994817257
1403638534.527829 0.015094261 -0.000563751 0.020163050 -0.012546124 0.096388757 0.029429110 0.994829535
1403638534.577829 0.015111251 -0.000539372 0.020092104 -0.012576327 0.096053578 0.029353982 0.994863749
1403638534.627830 0.015088730 -0.000546520 0.020069793 -0.012508692 0.096094757 0.029314764 0.994861782
1403638534.677829 0.015097428 -0.000544389 0.020105630 -0.012417500 0.095767364 0.029345037 0.994893610
1403638534.727829 0.015100591 -0.000513018 0.020073799 -0.012458079 0.095808633 0.029266600 0.994891405
1403638534.777829 0.014902772 -0.000582407 0.019758668 -0.012491626 0.095809430 0.029307485 0.994889677
1403638534.827830 0.014862660 -0.000582395 0.019684026 -0.012555678 0.095983990 0.029196139 0.994875371
1403638534.877829 0.014931834 -0.000592495 0.019993328 -0.012476239 0.096274436 0.029198043 0.994848251
1403638534.927830 0.014906406 -0.000610372 0.019853402 -0.012663864 0.096413001 0.029111993 0.994834960
1403638534.977829 0.015108565 -0.000338338 0.020148238 -0.012830238 0.096499979 0.029372074 0.994816780
1403638535.027829 0.015118862 -0.000337036 0.020114942 -0.012738355 0.096431948 0.029647570 0.994816422
1403638535.077829 0.015119597 -0.000332589 0.020137900 -0.012805417 0.096393704 0.029709855 0.994817376
1403638535.127830 0.015066900 -0.000322832 0.020213537 -0.012694235 0.096491881 0.029522266 0.994814873
1403638535.177829 0.015158471 -0.000331107 0.020236708 -0.012698896 0.096345447 0.029524583 0.994828939
1403638535.227829 0.015080404 -0.000340626 0.020138949 -0.012775896 0.096462585 0.029402906 0.994820237
1403638535.277829 0.015112815 -0.000337497 0.020120997 -0.012778940 0.096387066 0.029560314 0.994822860
1403638535.327830 0.015163425 -0.000310999 0.020224761 -0.012689971 0.096301235 0.029727146 0.994827330
1403638535.377829 0.015137706 -0.000325777 0.020137446 -0.012763417 0.096446775 0.029375816 0.994822681
1403638535.427830 0.015136899 -0.000312244 0.020229235 -0.012739287 0.096392840 0.029336954 0.994829357
1403638535.477829 0.015103567 -0.000328964 0.020142907 -0.012807386 0.096529178 0.029445130 0.994812071
1403638535.527829 0.015138185 -0.000334735 0.020240765 -0.012775188 0.096232511 0.029818473 0.994830132
1403638535.577829 0.015121844 -0.000372467 0.020225577 -0.012763014 0.096384272 0.029355096 0.994829357
1403638535.627830 0.015114266 -0.000301980 0.020167170 -0.012722897 0.096313007 0.029617485 0.994828999
1403638535.677829 0.015097428 -0.000299321 0.020102670 -0.012728455 0.096379757 0.029439526 0.994827747
1403638535.727829 0.015127968 -0.000318366 0.020203559 -0.012731140 0.096297346 0.029597346 0.994831026
1403638535.777829 0.015132030 -0.000330698 0.020161990 -0.012778978 0.096365236 0.029512541 0.994826376
1403638535.827830 0.015135001 -0.000319212 0.020176461 -0.012714445 0.096328259 0.029626800 0.994827390
1403638535.877829 0.014873977 -0.000302273 0.019903576 -0.012745694 0.096384719 0.029294025 0.994831383
1403638535.927830 0.014894255 -0.000307444 0.019870177 -0.012738748 0.096260190 0.029872710 0.994826317
1403638535.977829 0.014874116 -0.000313813 0.019899126 -0.012699699 0.096232973 0.029362731 0.994844615
1403638536.027829 0.014904574 -0.000291760 0.019898128 -0.012696286 0.096259661 0.029622916 0.994834363
1403638536.077829 0.014966039 -0.000567036 0.019977260 -0.012509926 0.096106902 0.029317146 0.994860530
1403638536.127830 0.014924331 -0.000571440 0.019875733 -0.012584276 0.096100196 0.029337935 0.994859636
1403638536.177829 0.014955288 -0.000565134 0.019864025 -0.012556132 0.096183620 0.029243251 0.994854689
1403638536.227829 0.014986287 -0.000599319 0.019963576 -0.012524690 0.096007690 0.029426945 0.994866669
1403638536.277829 0.015125202 -0.000516792 0.020044856 -0.012526166 0.096035302 0.029418482 0.994864225
1403638536.327830 0.015133932 -0.000554702 0.020106172 -0.012545599 0.096153453 0.029268079 0.994857013
1403638536.377829 0.015032068 -0.000543614 0.019991878 -0.012559601 0.096140034 0.029187769 0.994860470
1403638536.427830 0.015012207 -0.000575205 0.020010142 -0.012561290 0.096129037 0.029257871 0.994859457
1403638536.477829 0.015075102 -0.000591653 0.020153303 -0.012571558 0.096064664 0.029351929 0.994862795
1403638536.527829 0.015048606 -0.000632074 0.020135272 -0.012597878 0.096067935 0.029222162 0.994865954
1403638536.577829 0.015056670 -0.000583202 0.020082176 -0.012565902 0.096104592 0.029212130 0.994863153
1403638536.627830 0.014987491 -0.000573902 0.019933404 -0.012614996 0.096187763 0.029203823 0.994854689
1403638536.677829 0.014907025 -0.000587901 0.019815519 -0.012567525 0.096102171 0.029145105 0.994865358
1403638536.727829 0.014953779 -0.000588670 0.019859828 -0.012508349 0.095994711 0.029298108 0.994871974
1403638536.777829 0.014896853 -0.000621118 0.019962586 -0.012656620 0.096261375 0.029050695 0.994851530
1403638536.827830 0.014984214 -0.000613266 0.019998912 -0.012566609 0.096148729 0.029323088 0.994855583
1403638536.877829 0.014986608 -0.000599859 0.019921936 -0.012529896 0.096143268 0.029186128 0.994860649
1403638536.927830 0.014993848 -0.000607627 0.020066867 -0.012539015 0.096127354 0.029373102 0.994856536
1403638536.977829 0.014980113 -0.000577704 0.019925650 -0.012514504 0.096077710 0.029506743 0.994857728
1403638537.027829 0.014992672 -0.000633626 0.020025080 -0.012506624 0.096138872 0.029206770 0.994860709
1403638537.077829 0.014997531 -0.000634431 0.019977182 -0.012527181 0.095960476 0.029404903 0.994871855
1403638537.127830 0.014925931 -0.000627058 0.020015679 -0.012577453 0.096276343 0.029161444 0.994847894
1403638537.177829 0.014976965 -0.000640408 0.019952768 -0.012479319 0.096111067 0.029227808 0.994863153
1403638537.227829 0.014941704 -0.000605699 0.019933261 -0.012545512 0.096220747 0.029303662 0.994849503
1403638537.277829 0.014960028 -0.000656063 0.019988030 -0.012587191 0.096258461 0.029079486 0.994851887
1403638537.327830 0.014969274 -0.000622287 0.019932909 -0.012544300 0.096148483 0.029361201 0.994854808
1403638537.377829 0.014986448 -0.000605572 0.019899992 -0.012573032 0.096070603 0.029209936 0.994866371
1403638537.427830 0.014953366 -0.000632026 0.020039551 -0.012513261 0.096147738 0.029422799 0.994853437
1403638537.477829 0.014967806 -0.000615319 0.019857004 -0.012558100 0.096042074 0.029220773 0.994868994
1403638537.527829 0.015044648 -0.000636435 0.020161463 -0.012558861 0.096095525 0.029098298 0.994867444
1403638537.577829 0.015020117 -0.000640091 0.020122256 -0.012626281 0.096340217 0.029057687 0.994844079
1403638537.627830 0.015079749 -0.000642135 0.020149890 -0.012536299 0.095968977 0.029273907 0.994874775
1403638537.677829 0.015034290 -0.000648302 0.020124322 -0.012570756 0.096331984 0.028976824 0.994848013
1403638537.727829 0.015054141 -0.000637296 0.020158151 -0.012594624 0.096210040 0.029132459 0.994854927
1403638537.777829 0.015032576 -0.000654171 0.020109665 -0.012569132 0.096396662 0.028973684 0.994841814
1403638537.827830 0.015036456 -0.000653560 0.020193221 -0.012551641 0.096252970 0.029215246 0.994848907
1403638537.877829 0.015051765 -0.000644268 0.020102995 -0.012603546 0.096255168 0.029205400 0.994848311
1403638537.927830 0.015008774 -0.000650030 0.020180490 -0.012546743 0.096222565 0.029281767 0.994849920
1403638537.977829 0.015017251 -0.000648277 0.020130780 -0.012547313 0.096442133 0.028934428 0.994838834
1403638538.027829 0.015035799 -0.000649147 0.020098781 -0.012523688 0.096339561 0.029412793 0.994835079
1403638538.077829 0.014998605 -0.000625257 0.020035887 -0.012523351 0.096402340 0.029116172 0.994837701
1403638538.127830 0.014927685 -0.000390819 0.020100025 -0.012577166 0.096474729 0.029676884 0.994813442
1403638538.177829 0.014899261 -0.000389298 0.020034125 -0.012619101 0.096553594 0.029449765 0.994812012
1403638538.227829 0.014904017 -0.000369136 0.020092592 -0.012592372 0.096555948 0.029396253 0.994813681
1403638538.277829 0.014903315 -0.000298064 0.019984690 -0.012510402 0.096360944 0.029656280 0.994825900
1403638538.327830 0.014930695 -0.000391003 0.020129722 -0.012637421 0.096442342 0.029530644 0.994820178
1403638538.377829 0.014963839 -0.000412865 0.020088287 -0.012604938 0.096432775 0.029676296 0.994817197
1403638538.427830 0.014941371 -0.000405267 0.020120196 -0.012471059 0.096354000 0.029681535 0.994826317
1403638538.477829 0.014943877 -0.000298066 0.019954965 -0.012450742 0.096409805 0.029625205 0.994822860
1403638538.527829 0.014953499 -0.000378172 0.020119535 -0.012322852 0.096374922 0.030086778 0.994813979
1403638538.577829 0.014930203 -0.000383167 0.020019524 -0.012560494 0.096488155 0.029561130 0.994815826
1403638538.627830 0.014982121 -0.000343070 0.019929014 -0.011969960 0.096433170 0.029771525 0.994822145
1403638538.677829 0.015013210 -0.000657615 0.019982480 -0.012011995 0.096129864 0.029822936 0.994849384
1403638538.727829 0.014747394 -0.000749908 0.019616516 -0.011461893 0.096267089 0.029673571 0.994847119
1403638538.777829 0.014729452 -0.000761182 0.019933756 -0.010707102 0.096090615 0.029536000 0.994876683
1403638538.827830 0.014448944 -0.000547465 0.019263823 -0.010619620 0.095627405 0.030123038 0.994904637
1403638538.877829 0.014357730 -0.000565124 0.019323930 -0.009137364 0.095300145 0.029789625 0.994960785
1403638538.927830 0.014483169 -0.001205010 0.019541243 -0.005130860 0.095086776 0.029082673 0.995030880
1403638538.977829 0.014484850 -0.001525721 0.019747531 -0.000481325 0.095288366 0.028390307 0.995044708
1403638539.027829 0.014390314 -0.001819536 0.020011021 0.003038666 0.096521839 0.028584037 0.994915664
1403638539.077829 0.014405435 -0.002314975 0.020710137 0.009345543 0.097323753 0.028899511 0.994789183
1403638539.127830 0.014497877 -0.002870650 0.020846795 0.014653002 0.097352177 0.029909465 0.994692564
1403638539.177829 0.014506225 -0.003665429 0.021381328 0.018517885 0.097399570 0.029648535 0.994631290
1403638539.227829 0.014517365 -0.004877370 0.021734122 0.023120675 0.096941173 0.029558772 0.994582415
1403638539.277829 0.014397562 -0.006765966 0.021361912 0.024955489 0.096895173 0.029036539 0.994557917
1403638539.327830 0.014350962 -0.008455547 0.021190770 0.024708383 0.096529819 0.029317563 0.994591355
1403638539.377829 0.014361869 -0.010161076 0.020793799 0.023339106 0.096348055 0.028842935 0.994655907
1403638539.427830 0.014092783 -0.011941631 0.020627171 0.021959838 0.095979162 0.028283076 0.994739056
1403638539.477829 0.014117729 -0.014345432 0.020133715 0.019831941 0.095566601 0.028018814 0.994830966
1403638539.527829 0.014406405 -0.016871972 0.020413114 0.018804152 0.094917201 0.027870208 0.994917274
1403638539.577829 0.015004474 -0.019980401 0.020130370 0.018029319 0.094621733 0.026390586 0.995000124
1403638539.627830 0.015134083 -0.022689277 0.019253602 0.017244102 0.093800671 0.026623724 0.995085597
1403638539.677829 0.015212523 -0.024636209 0.019421907 0.016941650 0.092977159 0.027142927 0.995154023
1403638539.727829 0.015006101 -0.026967470 0.019189417 0.015895870 0.092814505 0.026174167 0.995212376
1403638539.777829 0.015631059 -0.027699541 0.020259507 0.014866982 0.092348762 0.025340546 0.995293200
1403638539.827830 0.015961822 -0.028476439 0.020646306 0.013522095 0.091613308 0.025297375 0.995381415
1403638539.877829 0.015941247 -0.029523956 0.021038480 0.010375429 0.090977162 0.025638549 0.995468795
1403638539.927830 0.016455641 -0.029991604 0.021440472 0.006972653 0.090038054 0.025585515 0.995585263
1403638539.977829 0.016309837 -0.031137319 0.021877170 0.002464860 0.089345910 0.026000926 0.995658159
1403638540.027829 0.016451666 -0.032003369 0.023556484 -0.002722350 0.088958539 0.026940616 0.995667219
1403638540.077829 0.016457289 -0.033248313 0.024465906 -0.008306146 0.088842526 0.026550092 0.995657146
1403638540.127830 0.018217105 -0.036031343 0.030628920 -0.013188181 0.088181049 0.026732866 0.995658338
1403638540.177829 0.018359784 -0.037424732 0.032004859 -0.015258431 0.088021308 0.026155999 0.995658219
1403638540.227829 0.017186429 -0.037051775 0.028523950 -0.013526923 0.088152565 0.025708735 0.995683312
1403638540.277829 0.017535543 -0.038731087 0.030334447 -0.008173176 0.088043503 0.024801640 0.995774329
1403638540.327830 0.017874405 -0.040281843 0.032714434 -0.002289688 0.088188104 0.024081934 0.995810091
1403638540.377829 0.017405586 -0.041937903 0.035313401 0.002914514 0.087952316 0.022483688 0.995866656
1403638540.427830 0.018398311 -0.044082124 0.037463024 0.005922048 0.085565835 0.021144325 0.996090531
1403638540.477829 0.019411802 -0.046909027 0.044514835 0.007954800 0.081623621 0.019032978 0.996449709
1403638540.527829 0.019661047 -0.048674624 0.047298100 0.008125514 0.076028496 0.016796216 0.996931016
1403638540.577829 0.019923536 -0.049190313 0.050247643 0.008980972 0.069125265 0.013820879 0.997471809
1403638540.627830 0.020399982 -0.050934792 0.053016707 0.009166580 0.060933787 0.010157056 0.998048007
1403638540.677829 0.020264691 -0.052092798 0.055735048 0.009719344 0.052563880 0.004095517 0.998561859
1403638540.727829 0.019820519 -0.054655664 0.059186272 0.011108706 0.043477215 -0.003735948 0.998985648
1403638540.777829 0.020299613 -0.056557409 0.060977694 0.011234860 0.032535218 -0.011464552 0.999341667
1403638540.827830 0.018879326 -0.059316412 0.064521030 0.011724846 0.021494992 -0.020661335 0.999486685
1403638540.877829 0.018477747 -0.059528507 0.068607740 0.012216108 0.008918287 -0.029084373 0.999462485
1403638540.927830 0.017516358 -0.060767349 0.070712656 0.012868446 -0.003627979 -0.038075086 0.999185443
1403638540.977829 0.016626906 -0.063278556 0.073933929 0.012769465 -0.016869295 -0.043339465 0.998836339
1403638541.027829 0.014904955 -0.065306261 0.076524459 0.013218605 -0.028324356 -0.048332099 0.998342097
1403638541.077829 0.013920970 -0.066620864 0.080152966 0.014192616 -0.038841955 -0.051885746 0.997796416
1403638541.127830 0.010981041 -0.065931976 0.077692516 0.014441414 -0.046869773 -0.054467868 0.997310340
1403638541.177829 0.010228688 -0.066859365 0.080799252 0.014678684 -0.054013815 -0.057016462 0.996802986
1403638541.227829 0.008614163 -0.068405204 0.083791882 0.014157698 -0.059503581 -0.059127539 0.996374846
1403638541.277829 0.006956808 -0.069653623 0.087495148 0.014310195 -0.063144132 -0.061412595 0.996010303
1403638541.327830 0.005011255 -0.070829399 0.090839468 0.014192222 -0.066010430 -0.062106501 0.995783150
1403638541.377829 0.003360915 -0.072726548 0.094233342 0.013906060 -0.067735203 -0.062805250 0.995627463
1403638541.427830 0.000276239 -0.074249521 0.097842529 0.013758766 -0.068620250 -0.061615866 0.995643258
1403638541.477829 -0.001240592 -0.075899407 0.099617243 0.014319413 -0.068746991 -0.062698811 0.995558977
1403638541.527829 -0.003420463 -0.078419514 0.102553412 0.015426482 -0.068276256 -0.063345164 0.995533884
1403638541.577829 -0.006186980 -0.080803595 0.105642840 0.016642276 -0.068702869 -0.063371398 0.995483339
1403638541.627830 -0.008754587 -0.083414353 0.108952552 0.017923787 -0.070431024 -0.064517930 0.995266616
1403638541.677829 -0.011721693 -0.086312942 0.111794576 0.019022085 -0.074134767 -0.063396588 0.995049298
1403638541.727829 -0.015311933 -0.089321569 0.113984339 0.019879436 -0.078622907 -0.064108148 0.994642317
1403638541.777829 -0.019366542 -0.092461430 0.116538726 0.019745504 -0.085092969 -0.062694065 0.994202554
1403638541.827830 -0.022786517 -0.095807225 0.118803933 0.019842695 -0.092315078 -0.062473349 0.993569970
1403638541.877829 -0.026509658 -0.099419117 0.121222317 0.019870892 -0.100097671 -0.063237853 0.992767155
1403638541.927830 -0.029904462 -0.102785766 0.123192765 0.018629780 -0.108750589 -0.065505847 0.991733491
1403638541.977829 -0.033782259 -0.105652638 0.125323504 0.018006075 -0.117972024 -0.068526484 0.990486026
1403638542.027829 -0.040497094 -0.110102110 0.130092114 0.016762400 -0.127365917 -0.071184903 0.989156008
1403638542.077829 -0.044494610 -0.112186074 0.132687777 0.016256036 -0.137916654 -0.074953318 0.987469852
1403638542.127830 -0.048450824 -0.114901967 0.135209382 0.015943293 -0.149096847 -0.079068303 0.985527337
1403638542.177829 -0.052050382 -0.117370456 0.137377858 0.015972108 -0.161861867 -0.082460850 0.983232319
1403638542.227829 -0.056622926 -0.119764514 0.138927981 0.014525680 -0.174281821 -0.087901071 0.980657041
1403638542.277829 -0.061158352 -0.121615663 0.141784161 0.013906503 -0.186911017 -0.093765914 0.977792859
1403638542.327830 -0.065301038 -0.123065665 0.145012647 0.014318095 -0.199622378 -0.099179685 0.974735498
1403638542.377829 -0.068843916 -0.124691971 0.148159817 0.018283563 -0.210623711 -0.104389563 0.971805632
1403638542.427830 -0.072195604 -0.126425341 0.151269138 0.025212565 -0.220119894 -0.110824980 0.968828917
1403638542.477829 -0.076357633 -0.128031239 0.153899401 0.033739630 -0.227251127 -0.118030570 0.966067970
1403638542.527829 -0.080883473 -0.130093157 0.155862570 0.040706992 -0.231452867 -0.127013087 0.963659763
1403638542.577829 -0.085318685 -0.131351843 0.159107968 0.047886267 -0.234300286 -0.135860622 0.961432338
1403638542.627830 -0.089722380 -0.132753208 0.161290750 0.049763605 -0.237687245 -0.140800998 0.959793448
1403638542.677829 -0.094248846 -0.133828461 0.164291307 0.050369855 -0.240365967 -0.143562347 0.958684981
1403638542.727829 -0.098854706 -0.135665551 0.165644646 0.046670735 -0.243902743 -0.142046541 0.958204627
1403638542.777829 -0.103342377 -0.137521341 0.166267499 0.042241901 -0.247998342 -0.136918202 0.958105385
1403638542.827830 -0.108346261 -0.139586315 0.167555764 0.038318083 -0.250679046 -0.133577272 0.958044291
1403638542.877829 -0.113309018 -0.141532198 0.168249995 0.033034649 -0.252622604 -0.130555913 0.958147049
1403638542.927830 -0.118477792 -0.143914372 0.168568134 0.028821012 -0.254157871 -0.127452314 0.958294868
1403638542.977829 -0.123893589 -0.145961806 0.169359431 0.025736228 -0.254830182 -0.125296369 0.958488405
1403638543.027829 -0.129620343 -0.149528012 0.169390604 0.022151491 -0.255447894 -0.123186111 0.958687067
1403638543.077829 -0.135155708 -0.151989818 0.169722781 0.019935347 -0.255770087 -0.121097594 0.958915830
1403638543.127830 -0.140386090 -0.153992116 0.170428097 0.019211434 -0.255596042 -0.119347923 0.959196389
1403638543.177829 -0.146113396 -0.156112447 0.171080410 0.018807882 -0.254955232 -0.118795849 0.959443390
1403638543.227829 -0.161608040 -0.165869638 0.182507813 0.017998114 -0.252894878 -0.119251765 0.959947526
1403638543.277829 -0.167074829 -0.167843387 0.183395162 0.018512759 -0.252736181 -0.117734976 0.960166752
1403638543.327830 -0.172649220 -0.168689266 0.184120387 0.018059345 -0.251939267 -0.117116392 0.960460424
1403638543.377829 -0.179674387 -0.169969231 0.184934661 0.017605677 -0.251694888 -0.117065698 0.960539103
1403638543.427830 -0.185537100 -0.171489134 0.186025277 0.017095022 -0.253541172 -0.117837682 0.959968209
1403638543.477829 -0.191033870 -0.172106609 0.186974466 0.017084077 -0.256410927 -0.119590901 0.958988845
1403638543.527829 -0.196421593 -0.173291564 0.187353089 0.016119486 -0.261077136 -0.121668190 0.957484066
1403638543.577829 -0.201939642 -0.173856378 0.188659772 0.016256489 -0.267327338 -0.125998467 0.955194354
1403638543.627830 -0.207921773 -0.174221501 0.189649403 0.016321501 -0.274416059 -0.131566271 0.952428341
1403638543.677829 -0.213453263 -0.174752027 0.190399468 0.017012293 -0.283421546 -0.136739224 0.949044347
1403638543.727829 -0.219855905 -0.175072446 0.191219419 0.017447192 -0.293106496 -0.142575264 0.945228279
1403638543.777829 -0.229380742 -0.176836997 0.192141473 0.018400054 -0.303735793 -0.148373723 0.940952301
1403638543.827830 -0.235280663 -0.178039387 0.192646861 0.020228000 -0.314362407 -0.155830726 0.936207175
1403638543.877829 -0.239217266 -0.178825200 0.193646893 0.021294847 -0.326456815 -0.160646811 0.931216955
1403638543.927830 -0.245504186 -0.179552421 0.193817168 0.022256231 -0.338175386 -0.165325075 0.926180124
1403638543.977829 -0.251643807 -0.181105971 0.194309130 0.022552919 -0.348494917 -0.168070808 0.921843171
1403638544.027829 -0.258890718 -0.183154464 0.193392932 0.020646058 -0.358116031 -0.169222206 0.917981684
1403638544.077829 -0.264945537 -0.185457796 0.194316626 0.017889321 -0.367083669 -0.169190392 0.914496660
1403638544.127830 -0.271797836 -0.187874645 0.194512472 0.016958132 -0.373508990 -0.170192629 0.911722481
1403638544.177829 -0.278306037 -0.189449042 0.194975644 0.015807088 -0.379723340 -0.168717459 0.909447491
1403638544.227829 -0.285018235 -0.191207469 0.194700330 0.016272221 -0.383710086 -0.168609560 0.907784402
1403638544.277829 -0.291611344 -0.192365527 0.195937067 0.016089911 -0.387398064 -0.167691529 0.906390309
1403638544.327830 -0.298947215 -0.194099307 0.195813730 0.015641347 -0.388983995 -0.168605000 0.905549049
1403638544.377829 -0.306462288 -0.195416003 0.197428718 0.014834842 -0.390130609 -0.168768853 0.905038714
1403638544.427830 -0.313721895 -0.196031764 0.198209256 0.013716744 -0.390505075 -0.168971255 0.904857099
1403638544.477829 -0.319858223 -0.197730154 0.199359208 0.013534669 -0.390053362 -0.170304209 0.904804766
1403638544.527829 -0.326553881 -0.199043959 0.200023144 0.014939899 -0.389959008 -0.169656307 0.904945016
1403638544.577829 -0.333987802 -0.199180767 0.201415762 0.018169297 -0.390892774 -0.168512538 0.904696763
1403638544.627830 -0.340433508 -0.200817630 0.201846465 0.023203004 -0.392793149 -0.166940942 0.904049754
1403638544.677829 -0.347167283 -0.202054858 0.203428537 0.027939504 -0.394682288 -0.165417716 0.903372705
1403638544.727829 -0.354512930 -0.204079017 0.204114005 0.029434236 -0.395683974 -0.165204585 0.902925909
1403638544.777829 -0.360791862 -0.205500945 0.204801977 0.028128929 -0.396073252 -0.165627658 0.902719378
1403638544.827830 -0.367669791 -0.206970111 0.205738828 0.025888167 -0.395920396 -0.167523637 0.902503610
1403638544.877829 -0.374096721 -0.207898557 0.207103819 0.022195634 -0.395895332 -0.168487370 0.902433515
1403638544.927830 -0.380924046 -0.209226444 0.207790464 0.020548658 -0.395646572 -0.169311360 0.902427375
1403638544.977829 -0.386992544 -0.210787728 0.208469540 0.019861864 -0.396187186 -0.168960482 0.902271330
1403638545.027829 -0.393544465 -0.211631358 0.210065275 0.020682514 -0.397004336 -0.168539688 0.901972353
1403638545.077829 -0.400035471 -0.212340981 0.211822554 0.021531198 -0.397547781 -0.168202087 0.901776135
1403638545.127830 -0.406270802 -0.212971985 0.212476075 0.021911714 -0.397723585 -0.168449923 0.901643217
1403638545.177829 -0.413319111 -0.212733522 0.213862658 0.021629099 -0.397426724 -0.169388309 0.901605129
1403638545.227829 -0.419709116 -0.212720037 0.215208769 0.021054694 -0.397275865 -0.170571670 0.901462078
1403638545.277829 -0.426112473 -0.212981805 0.217243627 0.021921463 -0.397670597 -0.171061337 0.901174545
1403638545.327830 -0.432547301 -0.212844759 0.218831807 0.024161281 -0.397975087 -0.170957506 0.901002526
1403638545.377829 -0.439074308 -0.212782294 0.220602632 0.026237510 -0.398482561 -0.169692740 0.900959253
1403638545.427830 -0.445408463 -0.212198004 0.222563088 0.025477760 -0.399214119 -0.168974146 0.900792241
1403638545.477829 -0.451974273 -0.211322695 0.224235564 0.025103055 -0.400645167 -0.168926880 0.900176048
1403638545.527829 -0.458030581 -0.210946009 0.225751370 0.024511028 -0.403615683 -0.170182243 0.898627579
1403638545.577829 -0.464176714 -0.210885078 0.228007451 0.023094278 -0.408257097 -0.172180861 0.896184385
1403638545.627830 -0.470189154 -0.210884765 0.229157969 0.022079151 -0.414818168 -0.173718244 0.892894328
1403638545.677829 -0.476499319 -0.210913956 0.230928689 0.021648856 -0.422037959 -0.176719666 0.888923705
1403638545.727829 -0.482892364 -0.211775482 0.231408864 0.019482194 -0.429470062 -0.180760339 0.884591222
1403638545.777829 -0.489003241 -0.212089837 0.232515976 0.019907290 -0.438492209 -0.185624957 0.879131198
1403638545.827830 -0.495192498 -0.213260725 0.233602762 0.020270504 -0.448403388 -0.190506637 0.873058200
1403638545.877829 -0.500651777 -0.214301795 0.234303176 0.019364426 -0.458910465 -0.195371643 0.866519570
1403638545.927830 -0.507005751 -0.215752423 0.235783935 0.019855695 -0.469655901 -0.202128410 0.859170079
1403638545.977829 -0.527673900 -0.221014291 0.240891472 0.018329138 -0.480437338 -0.207365140 0.851964593
1403638546.027829 -0.534832716 -0.222497880 0.240301937 0.019579763 -0.488387674 -0.214074612 0.845734119
1403638546.077829 -0.540610909 -0.224530697 0.241157681 0.020378301 -0.496323049 -0.219553947 0.839669108
1403638546.127830 -0.546903312 -0.226076528 0.242636830 0.021123515 -0.503416002 -0.223770887 0.834297717
1403638546.177829 -0.553050399 -0.227281988 0.243001431 0.020877743 -0.510052562 -0.225466430 0.829804420
1403638546.227829 -0.560120940 -0.228546664 0.244209796 0.020075260 -0.514812350 -0.227385491 0.826354086
1403638546.277829 -0.566525102 -0.229406223 0.245580375 0.019590903 -0.518788397 -0.228924111 0.823449194
1403638546.327830 -0.573030353 -0.230231225 0.246481031 0.017893588 -0.522747755 -0.228099033 0.821209729
1403638546.377829 -0.580000401 -0.230404943 0.247337818 0.016850451 -0.525422692 -0.227044210 0.819815874
1403638546.427830 -0.586426616 -0.231191918 0.249481663 0.014613501 -0.527821660 -0.226211518 0.818546951
1403638546.477829 -0.592895865 -0.231043696 0.249580652 0.014451806 -0.528592229 -0.226477832 0.817978740
1403638546.527829 -0.600311100 -0.230934143 0.250878781 0.014178504 -0.529508114 -0.227067515 0.817227304
1403638546.577829 -0.606822968 -0.231070876 0.252421319 0.014541361 -0.531343639 -0.228573993 0.815608025
1403638546.627830 -0.613927543 -0.231188297 0.252832770 0.014946656 -0.534008086 -0.230032295 0.813447654
1403638546.677829 -0.620975852 -0.231877819 0.253878951 0.015477956 -0.537399590 -0.231554300 0.810768008
1403638546.727829 -0.627503633 -0.232556090 0.254360974 0.015879283 -0.540442884 -0.232769966 0.808385789
1403638546.777829 -0.635349631 -0.233850539 0.255210191 0.016606828 -0.542677820 -0.234851345 0.806269109
1403638546.827830 -0.642161012 -0.235350981 0.255823880 0.017392380 -0.544459462 -0.237117335 0.804385960
1403638546.877829 -0.649424434 -0.237451524 0.256592035 0.017642526 -0.546045363 -0.238823712 0.802799165
1403638546.927830 -0.656316876 -0.238874644 0.256960094 0.018272609 -0.546960950 -0.240820318 0.801564336
1403638546.977829 -0.663003087 -0.240039617 0.257658809 0.019841032 -0.547478020 -0.243273363 0.800432503
1403638547.027829 -0.671040058 -0.241295993 0.257674307 0.020831203 -0.547761738 -0.244961128 0.799698174
1403638547.077829 -0.677710950 -0.242386609 0.258839875 0.022153970 -0.547797799 -0.247057885 0.798992634
1403638547.127830 -0.685952246 -0.242344156 0.258532047 0.023866298 -0.546757042 -0.250243872 0.798664629
1403638547.177829 -0.693086982 -0.242622644 0.258940190 0.024419248 -0.546602786 -0.251641780 0.798314154
1403638547.227829 -0.699728251 -0.242813900 0.259800941 0.025251109 -0.546441317 -0.252914876 0.797996461
1403638547.277829 -0.708424211 -0.242620289 0.259608805 0.026493130 -0.545751512 -0.253992110 0.798086047
1403638547.327830 -0.715748489 -0.242342800 0.259711951 0.026771639 -0.545397639 -0.254451215 0.798172414
1403638547.377829 -0.723444939 -0.242256656 0.259903133 0.024138866 -0.547079623 -0.250372499 0.798395157
1403638547.427830 -0.731068552 -0.241647065 0.259571254 0.021522997 -0.547416389 -0.248382762 0.798860490
1403638547.477829 -0.740058184 -0.240551651 0.259792477 0.019648846 -0.548643410 -0.244594380 0.799235880
1403638547.527829 -0.747724950 -0.239613920 0.259680718 0.016943047 -0.549034297 -0.242159143 0.799770772
1403638547.577829 -0.755553544 -0.238759980 0.259779811 0.014923017 -0.549209714 -0.240139022 0.800299466
1403638547.627830 -0.763267338 -0.237625435 0.259625465 0.013994798 -0.549188375 -0.238840133 0.800719500
1403638547.677829 -0.770988166 -0.236141741 0.259487957 0.013982105 -0.548585713 -0.238444597 0.801250577
1403638547.727829 -0.780596852 -0.234483749 0.259664953 0.014698577 -0.547637761 -0.239340723 0.801618874
1403638547.777829 -0.788417876 -0.232683122 0.259715796 0.015777055 -0.546931148 -0.240090266 0.801856637
1403638547.827830 -0.796964645 -0.230704919 0.259915590 0.018833682 -0.545047343 -0.243705645 0.801982701
1403638547.877829 -0.805753648 -0.228544384 0.260050505 0.020853994 -0.544839144 -0.243801728 0.802044988
1403638547.927830 -0.813984275 -0.227141201 0.260590732 0.019368481 -0.544900000 -0.243907169 0.802008867
1403638547.977829 -0.822288632 -0.225093946 0.260100991 0.020663189 -0.545271754 -0.244012952 0.801691651
1403638548.027829 -0.830604315 -0.223297611 0.259295106 0.018641395 -0.546410859 -0.243717685 0.801055133
1403638548.077829 -0.838667750 -0.222590163 0.259411156 0.017478898 -0.548942327 -0.244172662 0.799209952
1403638548.127830 -0.848615348 -0.221767738 0.258604884 0.017017921 -0.551790059 -0.244958520 0.797015309
1403638548.177829 -0.857069492 -0.221166298 0.257514119 0.015716627 -0.555767894 -0.246077269 0.793927610
1403638548.227829 -0.865797520 -0.220752269 0.256629497 0.015841704 -0.560887158 -0.247156531 0.789979935
1403638548.277829 -0.875272155 -0.220984295 0.255670637 0.013902106 -0.566504598 -0.249454096 0.785271883
1403638548.327830 -0.883996904 -0.220614150 0.253678173 0.014435882 -0.572942138 -0.251140922 0.780036628
1403638548.377829 -0.893288016 -0.221662506 0.252159655 0.013222455 -0.579461336 -0.254763186 0.774044812
1403638548.427830 -0.901365221 -0.223002598 0.250195205 0.012636826 -0.586269259 -0.257486552 0.768003464
1403638548.477829 -0.911485910 -0.222992703 0.248234555 0.012853798 -0.592459381 -0.259077996 0.762696087
1403638548.527829 -0.920237184 -0.224116847 0.246824622 0.012526263 -0.597962022 -0.260586351 0.757878125
1403638548.577829 -0.930055976 -0.224380285 0.244595289 0.013077541 -0.602555215 -0.262252659 0.753644288
1403638548.627830 -0.939222574 -0.223748744 0.242482573 0.013570543 -0.606169999 -0.263413519 0.750324667
1403638548.677829 -0.949021935 -0.224626094 0.241442248 0.013037437 -0.609876633 -0.264160573 0.747060716
1403638548.727829 -0.958563328 -0.223985225 0.239898831 0.013398289 -0.612252295 -0.265439987 0.744653821
1403638548.777829 -0.968319535 -0.224380374 0.237788215 0.013105267 -0.614267409 -0.266059011 0.742776215
1403638548.827830 -0.978023171 -0.224664986 0.236142680 0.012584317 -0.615810037 -0.267041236 0.741153598
1403638548.877829 -0.987664998 -0.224257499 0.234414116 0.012927349 -0.616936266 -0.267424166 0.740072191
1403638548.927830 -0.997448206 -0.225153416 0.232434958 0.012580718 -0.618219614 -0.266918451 0.739189267
1403638548.977829 -1.007608175 -0.226125628 0.230136454 0.012396782 -0.618496656 -0.267376840 0.738794804
1403638549.027829 -1.016973257 -0.226973146 0.228664756 0.012399123 -0.618592680 -0.268744588 0.738217890
1403638549.077829 -1.027198792 -0.228060186 0.225841969 0.012045861 -0.619097710 -0.267476141 0.738261104
1403638549.127830 -1.036779761 -0.229535758 0.223380178 0.011567567 -0.619460166 -0.266348004 0.738372564
1403638549.177829 -1.047331095 -0.231539488 0.220997751 0.012322841 -0.619563460 -0.266105026 0.738361239
1403638549.227829 -1.057248235 -0.233754158 0.218700945 0.011554972 -0.619638026 -0.265794396 0.738422990
1403638549.277829 -1.067552567 -0.235559225 0.216022730 0.011350153 -0.619638026 -0.264859468 0.738762021
1403638549.327830 -1.077114582 -0.237747997 0.213757604 0.010371818 -0.620034277 -0.263214082 0.739031971
1403638549.377829 -1.087884903 -0.240020454 0.210419178 0.009818102 -0.620153189 -0.261539519 0.739534140
1403638549.427830 -1.097817779 -0.242202222 0.207974359 0.009382464 -0.620501041 -0.259648293 0.739914358
1403638549.477829 -1.108652234 -0.244445831 0.205763876 0.008285682 -0.620602012 -0.258580685 0.740216553
1403638549.527829 -1.118257761 -0.245551914 0.203569099 0.008383743 -0.620565593 -0.257687211 0.740557432
1403638549.577829 -1.129147530 -0.247623831 0.200704709 0.009204703 -0.620668888 -0.256283283 0.740948319
1403638549.627830 -1.138893604 -0.249471575 0.199556857 0.010326604 -0.621145487 -0.255112827 0.740938008
1403638549.677829 -1.148887157 -0.251106679 0.197426945 0.010790097 -0.621119142 -0.254503071 0.741163135
1403638549.727829 -1.159958959 -0.252685845 0.195224136 0.012320877 -0.620176435 -0.256068558 0.741389453
1403638549.777829 -1.169940829 -0.254332453 0.193177640 0.010857936 -0.620073795 -0.255729914 0.741614997
1403638549.827830 -1.178408980 -0.256128311 0.192144796 0.009727999 -0.620389819 -0.255525053 0.741437018
1403638549.877829 -1.190633416 -0.258492291 0.189398453 0.008878510 -0.619558096 -0.256500572 0.741806209
1403638549.927830 -1.200845599 -0.260480553 0.186806947 0.008946106 -0.618947804 -0.257262170 0.742051065
1403638549.977829 -1.209711790 -0.263108581 0.185440168 0.007531474 -0.619431674 -0.256580651 0.741898954
1403638550.027829 -1.222148061 -0.266315281 0.182545885 0.007224624 -0.619187415 -0.256487161 0.742138147
1403638550.077829 -1.231729269 -0.269521892 0.181190610 0.006677812 -0.619699597 -0.256052643 0.741865754
1403638550.127830 -1.241620064 -0.272661626 0.178939328 0.005299557 -0.620236099 -0.254913747 0.741820812
1403638550.177829 -1.253044844 -0.276212037 0.175723836 0.005407693 -0.620025218 -0.255458534 0.741808832
1403638550.227829 -1.263027668 -0.280876637 0.174198255 0.004668772 -0.620512903 -0.255952090 0.741235733
1403638550.277829 -1.273797870 -0.284854114 0.171769619 0.005211110 -0.620254576 -0.256767780 0.741166234
1403638550.327830 -1.284182191 -0.288362294 0.169342011 0.005988033 -0.620378673 -0.256822377 0.741037607
1403638550.377829 -1.294830799 -0.293088138 0.167393863 0.006375047 -0.620632887 -0.257067144 0.740736544
1403638550.427830 -1.304927349 -0.296485364 0.165261358 0.005874642 -0.621596515 -0.255339921 0.740530074
1403638550.477829 -1.314522505 -0.299844712 0.163300306 0.005206682 -0.622114301 -0.254148483 0.740510106
1403638550.527829 -1.325799823 -0.304316610 0.161725417 0.003197550 -0.623091996 -0.252440453 0.740283728
1403638550.577829 -1.336223364 -0.307170957 0.160133347 0.003558810 -0.624021888 -0.250143379 0.740278542
1403638550.627830 -1.345085740 -0.309685707 0.159111172 0.004661590 -0.625165582 -0.247437567 0.740216851
1403638550.677829 -1.355328918 -0.313335329 0.157716230 0.006267907 -0.626186788 -0.245125026 0.740111172
1403638550.727829 -1.368012190 -0.317365617 0.156327486 0.006451890 -0.627055407 -0.242936254 0.740095854
1403638550.777829 -1.377900362 -0.320121288 0.155209318 0.007653317 -0.627395630 -0.241784498 0.740173280
1403638550.827830 -1.387899399 -0.323882461 0.155070499 0.010273143 -0.628416538 -0.239273757 0.740091383
1403638550.877829 -1.397642970 -0.325073332 0.154386401 0.014591501 -0.629863918 -0.235023007 0.740150511
1403638550.927830 -1.408855677 -0.328084379 0.153611004 0.019165725 -0.630693674 -0.231789768 0.740359128
1403638550.977829 -1.418558002 -0.330903530 0.152393460 0.021996588 -0.631669760 -0.228618532 0.740434349
1403638551.027829 -1.428004980 -0.333092093 0.152738795 0.024440320 -0.632597327 -0.225848839 0.740415812
1403638551.077829 -1.435776234 -0.336118788 0.154306054 0.026230333 -0.633728087 -0.224371031 0.739836693
1403638551.127830 -1.446447849 -0.338478774 0.153703064 0.025924575 -0.634337604 -0.222561896 0.739871621
1403638551.177829 -1.455780029 -0.340236485 0.152263671 0.025462542 -0.635194421 -0.219672427 0.740016103
1403638551.227829 -1.463530421 -0.343940884 0.152916610 0.024231015 -0.636037767 -0.218956023 0.739545286
1403638551.277829 -1.471377850 -0.347175032 0.154212669 0.022659553 -0.635975301 -0.218346134 0.739829004
1403638551.327830 -1.480344892 -0.350407451 0.154554158 0.019871933 -0.633682191 -0.219281867 0.741597891
1403638551.377829 -1.487264395 -0.353342563 0.155754521 0.016833894 -0.630601346 -0.218007341 0.744668663
1403638551.427830 -1.493753672 -0.356599122 0.155558318 0.013725358 -0.625190854 -0.216921896 0.749595165
1403638551.477829 -1.499961376 -0.359471172 0.157815039 0.011124654 -0.619211495 -0.214234248 0.755352318
1403638551.527829 -1.508827329 -0.362841547 0.156975284 0.007502652 -0.611219525 -0.210066542 0.763037682
1403638551.577829 -1.517349243 -0.366757065 0.159488454 0.006112859 -0.603848100 -0.204343438 0.770437419
1403638551.627830 -1.522835255 -0.370217234 0.162381411 0.001842760 -0.596645236 -0.198328272 0.777609766
1403638551.677829 -1.529715776 -0.371757954 0.164467841 -0.000203794 -0.587996006 -0.192275032 0.785678625
1403638551.727829 -1.536439419 -0.374897957 0.165837526 -0.000858146 -0.578507900 -0.187351331 0.793868601
1403638551.777829 -1.542724490 -0.376951694 0.168535143 -0.000973681 -0.569002330 -0.182168856 0.801903963
1403638551.827830 -1.550919294 -0.381569058 0.171090364 -0.001516561 -0.559460640 -0.178071395 0.809501112
1403638551.877829 -1.557038546 -0.384147823 0.173955441 0.000423150 -0.550660670 -0.175514147 0.816068292
1403638551.927830 -1.561435461 -0.387680769 0.177601010 0.004483707 -0.542883039 -0.175948024 0.821157813
1403638551.977829 -1.565613508 -0.389993846 0.182920307 0.009723780 -0.536940396 -0.176091775 0.824980080
1403638552.027829 -1.571191311 -0.393940449 0.186028183 0.014377115 -0.530460835 -0.177131444 0.828872144
1403638552.077829 -1.577238798 -0.399374247 0.191191554 0.016914312 -0.525587559 -0.177374899 0.831871271
1403638552.127830 -1.582297325 -0.404801905 0.195634723 0.016292181 -0.521765590 -0.178571105 0.834030986
1403638552.177829 -1.585916758 -0.409357071 0.200003445 0.014240788 -0.519366682 -0.178808391 0.835513651
1403638552.227829 -1.590010762 -0.413652658 0.203105092 0.012480221 -0.516775489 -0.179686517 0.836958826
1403638552.277829 -1.594273329 -0.417721272 0.206664801 0.010869891 -0.514805675 -0.179782897 0.838173687
1403638552.327830 -1.598716378 -0.423010767 0.211599290 0.010238946 -0.514138699 -0.179211542 0.838713169
1403638552.377829 -1.602466822 -0.427283227 0.215325594 0.010237832 -0.514589012 -0.176064029 0.839103580
1403638552.427830 -1.604778051 -0.432134271 0.221545219 0.013673726 -0.516753972 -0.172122970 0.838541627
1403638552.477829 -1.609708190 -0.436456144 0.224244535 0.016309517 -0.517295003 -0.167613506 0.839074254
1403638552.527829 -1.610903740 -0.438978106 0.229624808 0.019869307 -0.519152522 -0.164031893 0.838557959
1403638552.577829 -1.614706159 -0.445881784 0.235777408 0.021951726 -0.520392358 -0.161963269 0.838139474
1403638552.627830 -1.617792249 -0.449171841 0.239812911 0.024285072 -0.520452499 -0.161337450 0.838158548
1403638552.677829 -1.620186567 -0.452463031 0.244523615 0.025023280 -0.520386159 -0.162358269 0.837980866
1403638552.727829 -1.622239351 -0.456231266 0.250070065 0.024444988 -0.520917058 -0.162909180 0.837561011
1403638552.777829 -1.623311162 -0.459361851 0.255622625 0.024845934 -0.521016479 -0.164623052 0.837152183
1403638552.827830 -1.623767853 -0.464356720 0.264324844 0.024596680 -0.522618115 -0.166444793 0.835799873
1403638552.877829 -1.624845266 -0.468672276 0.270271122 0.024378026 -0.522541046 -0.169909656 0.835157037
1403638552.927830 -1.625534058 -0.468953371 0.274116397 0.025436996 -0.521764278 -0.173090830 0.834957838
1403638552.977829 -1.625734091 -0.472561568 0.281302989 0.027099242 -0.521836579 -0.176929906 0.834055185
1403638553.027829 -1.626054287 -0.475026011 0.287975103 0.027504714 -0.521623015 -0.181133911 0.833272696
1403638553.077829 -1.626478195 -0.479737639 0.297410250 0.028692700 -0.522417247 -0.183785990 0.832153618
1403638553.127830 -1.626078367 -0.482679963 0.304068655 0.029844662 -0.523910999 -0.183049023 0.831336021
1403638553.177829 -1.625783205 -0.485185087 0.310881078 0.032932829 -0.526340783 -0.179752976 0.830403328
1403638553.227829 -1.625213385 -0.487752348 0.316796362 0.036582626 -0.528506994 -0.175589859 0.829765201
1403638553.277829 -1.625025153 -0.490193456 0.322539628 0.040729497 -0.529968143 -0.173102185 0.829162538
1403638553.327830 -1.623583555 -0.493817866 0.330501735 0.044569392 -0.531529129 -0.172004417 0.828193724
1403638553.377829 -1.622304916 -0.496556878 0.336628139 0.047702454 -0.531737387 -0.173226908 0.827630520
1403638553.427830 -1.620589852 -0.499479920 0.342263430 0.052630417 -0.530915797 -0.175617114 0.827355504
1403638553.477829 -1.618010163 -0.502889872 0.348658830 0.056328382 -0.530658841 -0.178083926 0.826749325
1403638553.527829 -1.615852714 -0.506416917 0.353935719 0.059409805 -0.530057609 -0.180197105 0.826461375
1403638553.577829 -1.612019777 -0.511590600 0.362344980 0.062508024 -0.530393362 -0.182534009 0.825504065
1403638553.627830 -1.608063340 -0.514902592 0.368162632 0.063866682 -0.530151665 -0.183939070 0.825243473
1403638553.677829 -1.605802178 -0.517614007 0.369349867 0.064123243 -0.528557658 -0.185378298 0.825923681
1403638553.727829 -1.601753354 -0.521662831 0.374596238 0.064310692 -0.528569996 -0.186412066 0.825668514
1403638553.777829 -1.597844481 -0.526211023 0.378435135 0.063086569 -0.527859151 -0.187939897 0.825871348
1403638553.827830 -1.592809319 -0.530464530 0.384530276 0.062013399 -0.528179348 -0.189064518 0.825491130
1403638553.877829 -1.587425590 -0.537190914 0.390734315 0.059945218 -0.527862608 -0.190446377 0.825528800
1403638553.927830 -1.582607746 -0.541559815 0.393805563 0.058616478 -0.527041852 -0.191406444 0.825926483
1403638553.977829 -1.576968551 -0.545547485 0.397968113 0.055155754 -0.527241588 -0.190978572 0.826136351
1403638554.027829 -1.571657658 -0.549652219 0.401113868 0.051235504 -0.527014315 -0.190915301 0.826548338
1403638554.077829 -1.565942287 -0.552372456 0.405075312 0.050094757 -0.526839972 -0.192426249 0.826379061
1403638554.127830 -1.558756948 -0.558263779 0.411522955 0.048238639 -0.527039409 -0.193738595 0.826055586
1403638554.177829 -1.553041697 -0.560204744 0.413907468 0.045256641 -0.524594307 -0.198050395 0.826757967
1403638554.227829 -1.546547532 -0.564001441 0.419814289 0.039778903 -0.523956895 -0.203181759 0.826198518
1403638554.277829 -1.540745139 -0.566595852 0.422668517 0.034912869 -0.522037983 -0.207486033 0.826563358
1403638554.327830 -1.534209013 -0.570026338 0.426789463 0.031189639 -0.520859897 -0.211499274 0.826438248
1403638554.377829 -1.526934147 -0.572378159 0.430458069 0.028794263 -0.519611299 -0.214444384 0.826552272
1403638554.427830 -1.520802975 -0.575327277 0.433997631 0.026659155 -0.519156814 -0.216163874 0.826461554
1403638554.477829 -1.514603496 -0.577522933 0.437377751 0.025649413 -0.518457651 -0.217976987 0.826456189
1403638554.527829 -1.508299947 -0.579459190 0.441236883 0.025166484 -0.518718660 -0.217869729 0.826335549
1403638554.577829 -1.502869368 -0.581731915 0.444403261 0.023746138 -0.519300282 -0.216977462 0.826247036
1403638554.627830 -1.495770931 -0.583732724 0.447872818 0.021705864 -0.519836843 -0.215193465 0.826432288
1403638554.677829 -1.489969254 -0.585870266 0.450422406 0.019743180 -0.521455586 -0.210472509 0.826677501
1403638554.727829 -1.484089136 -0.588231444 0.454381883 0.020020848 -0.522409737 -0.208846375 0.826480746
1403638554.777829 -1.478206396 -0.591219485 0.457798243 0.018390018 -0.524339199 -0.205067545 0.826242983
1403638554.827830 -1.472108126 -0.594273925 0.461048454 0.018244211 -0.524817288 -0.204364806 0.826116860
1403638554.877829 -1.467108250 -0.597116113 0.462818027 0.017980551 -0.525166333 -0.201916963 0.826502621
1403638554.927830 -1.460534334 -0.600831270 0.466327876 0.017864157 -0.525513709 -0.200517714 0.826624990
1403638554.977829 -1.455377936 -0.604073644 0.469014764 0.017650789 -0.525211751 -0.198079765 0.827408910
1403638555.027829 -1.449384689 -0.606866062 0.472435653 0.018103348 -0.523050487 -0.196860343 0.829057574
1403638555.077829 -1.443966746 -0.609861553 0.476337343 0.017661463 -0.519775152 -0.196626410 0.831179857
1403638555.127830 -1.438728333 -0.612142146 0.478829682 0.017787414 -0.514594436 -0.196501836 0.834423900
1403638555.177829 -1.431024909 -0.614429533 0.484927118 0.016976353 -0.510355771 -0.194695204 0.837461948
1403638555.227829 -1.425761461 -0.616718471 0.488426149 0.016556570 -0.504939377 -0.192708313 0.841204822
1403638555.277829 -1.421069384 -0.617570162 0.489028186 0.016252847 -0.499111414 -0.191278696 0.845006585
1403638555.327830 -1.414512157 -0.619280159 0.495617151 0.016521448 -0.495734692 -0.190005854 0.847273290
1403638555.377829 -1.409211516 -0.620700121 0.500235796 0.018608630 -0.491372228 -0.190967977 0.849551857
1403638555.427830 -1.403318644 -0.623372018 0.503471911 0.018934190 -0.487101704 -0.192168161 0.851730466
1403638555.477829 -1.394286871 -0.625215411 0.510252118 0.020482292 -0.484708935 -0.191947356 0.853108406
1403638555.527829 -1.388333440 -0.626119137 0.513978839 0.020420352 -0.482659250 -0.190669239 0.854557395
1403638555.577829 -1.382476330 -0.627834797 0.519001722 0.021435924 -0.481163025 -0.190878361 0.855329275
1403638555.627830 -1.376668334 -0.629349411 0.521901727 0.020729847 -0.479572713 -0.190598845 0.856301606
1403638555.677829 -1.369654536 -0.630487442 0.527858377 0.020561876 -0.480026037 -0.189801499 0.856228769
1403638555.727829 -1.364532709 -0.633040309 0.531738222 0.019143779 -0.479737610 -0.189244762 0.856546462
1403638555.777829 -1.357163906 -0.636215091 0.536166787 0.018226540 -0.479064226 -0.190613747 0.856639743
1403638555.827830 -1.351006389 -0.638596296 0.540142477 0.018384350 -0.479091138 -0.191130340 0.856506228
1403638555.877829 -1.345220089 -0.641237080 0.544363618 0.018014291 -0.479307294 -0.191768259 0.856250584
1403638555.927830 -1.339578629 -0.644258857 0.548531651 0.018453786 -0.479361087 -0.193009958 0.855931997
1403638555.977829 -1.333986402 -0.647918165 0.550147057 0.019201212 -0.478630841 -0.193897516 0.856123626
1403638556.027829 -1.327929258 -0.650731266 0.554501772 0.020047897 -0.478939474 -0.194673076 0.855755508
1403638556.077829 -1.321380138 -0.654932857 0.559263587 0.019040423 -0.478678823 -0.195873231 0.855650425
1403638556.127830 -1.316004515 -0.658002853 0.563390791 0.016467296 -0.478792399 -0.196391851 0.855521441
1403638556.177829 -1.310684681 -0.661285162 0.567419648 0.011549500 -0.478532076 -0.196701169 0.855676532
1403638556.227829 -1.305112004 -0.664357305 0.570478678 0.008138719 -0.477577925 -0.198270857 0.855886519
1403638556.277829 -1.299788475 -0.666828632 0.574693918 0.005673727 -0.477826804 -0.198246032 0.855773270
1403638556.327830 -1.294971585 -0.670122683 0.577722609 0.003210308 -0.476858437 -0.199191183 0.856106639
1403638556.377829 -1.288071990 -0.673016846 0.582452297 0.001677122 -0.477029949 -0.199423447 0.855961382
1403638556.427830 -1.283084869 -0.674905360 0.586761355 0.000311187 -0.476744622 -0.200033575 0.855979562
1403638556.477829 -1.278599501 -0.678292513 0.590517402 -0.003804601 -0.475652665 -0.201570109 0.856218159
1403638556.527829 -1.273625493 -0.680026710 0.594563842 -0.005841566 -0.474909842 -0.202386916 0.856426358
1403638556.577829 -1.269303203 -0.682725012 0.600127399 -0.008128394 -0.475486845 -0.201057047 0.856400728
1403638556.627830 -1.265116334 -0.685944736 0.605733395 -0.010858167 -0.477289170 -0.196842611 0.856346965
1403638556.677829 -1.260349631 -0.689334989 0.609272122 -0.012258759 -0.477981657 -0.191830754 0.857078910
1403638556.727829 -1.256617665 -0.693010569 0.614413738 -0.009660247 -0.479394883 -0.187824354 0.857210159
1403638556.777829 -1.253347278 -0.696156144 0.618713856 -0.006480003 -0.480967879 -0.184401765 0.857102036
1403638556.827830 -1.249498606 -0.700165391 0.624180913 -0.004380967 -0.482551783 -0.180852130 0.856981397
1403638556.877829 -1.246182323 -0.705297232 0.629625440 -0.003940256 -0.483272403 -0.177928910 0.857189357
1403638556.927830 -1.242406011 -0.708920836 0.634852946 -0.001823750 -0.484590173 -0.175492808 0.856954694
1403638556.977829 -1.236763239 -0.714574575 0.640963197 -0.000925297 -0.484853148 -0.173811704 0.857149959
1403638557.027829 -1.233202696 -0.718812704 0.646640539 0.000175389 -0.484922230 -0.174258620 0.857020617
1403638557.077829 -1.229341745 -0.723144114 0.651777685 0.001208065 -0.484237671 -0.175817013 0.857088566
1403638557.127830 -1.225355744 -0.726925969 0.658269107 0.002888714 -0.483918637 -0.177435875 0.856931150
1403638557.177829 -1.221819043 -0.730611205 0.663902342 0.003681223 -0.483647734 -0.177750349 0.857015848
1403638557.227829 -1.217777371 -0.734214008 0.671258867 0.005007657 -0.483806998 -0.178971991 0.856664896
1403638557.277829 -1.213242888 -0.738286734 0.679219067 0.005713296 -0.483955234 -0.179436147 0.856479645
1403638557.327830 -1.209298134 -0.741327643 0.685984433 0.006529266 -0.483471096 -0.180555731 0.856511950
1403638557.377829 -1.205441833 -0.744679391 0.693017662 0.007417256 -0.483083785 -0.182420433 0.856328130
1403638557.427830 -1.202186823 -0.747938037 0.697685897 0.009426421 -0.482092828 -0.185071632 0.856297970
1403638557.477829 -1.198764801 -0.751380980 0.704468131 0.012007320 -0.480742633 -0.189181730 0.856126547
1403638557.527829 -1.194397807 -0.754844069 0.711671710 0.014339125 -0.479839921 -0.191743925 0.856027067
1403638557.577829 -1.189154148 -0.760216415 0.721867681 0.016954586 -0.479209810 -0.194353312 0.855743706
1403638557.627830 -1.185832977 -0.764419675 0.728337109 0.018246366 -0.478532493 -0.195800513 0.855766296
1403638557.677829 -1.181588769 -0.769139647 0.734246612 0.018766083 -0.477971673 -0.197255775 0.855734229
1403638557.727829 -1.178060651 -0.774047136 0.741207778 0.019206315 -0.477930754 -0.197015673 0.855802655
1403638557.777829 -1.174322963 -0.778165638 0.747443497 0.019630728 -0.477736801 -0.197006986 0.855903268
1403638557.827830 -1.170908809 -0.782222629 0.751886010 0.020122834 -0.476436049 -0.198647156 0.856237769
1403638557.877829 -1.166587949 -0.785667896 0.759863913 0.020599244 -0.476121008 -0.199663818 0.856165171
1403638557.927830 -1.163041353 -0.790798843 0.768550158 0.020307586 -0.475315005 -0.201809153 0.856117010
1403638557.977829 -1.159344077 -0.793712854 0.775142372 0.018948749 -0.474837929 -0.202853784 0.856166005
1403638558.027829 -1.156129837 -0.797158003 0.781512737 0.015901592 -0.474654943 -0.203444272 0.856189370
1403638558.077829 -1.152070522 -0.799656332 0.788415909 0.012665164 -0.474657893 -0.203935817 0.856124759
1403638558.127830 -1.149130583 -0.802576423 0.794886947 0.007526668 -0.473626703 -0.205175892 0.856460154
1403638558.177829 -1.146192431 -0.805743217 0.801203549 0.002036583 -0.472790956 -0.206699640 0.856586158
1403638558.227829 -1.143544912 -0.808621943 0.808500886 -0.003511189 -0.472027570 -0.207455993 0.856819510
1403638558.277829 -1.139909267 -0.812811852 0.815466046 -0.004893620 -0.470479548 -0.209943354 0.857058287
1403638558.327830 -1.137408972 -0.816956162 0.821745753 -0.006530105 -0.469303161 -0.212176070 0.857142508
1403638558.377829 -1.135872960 -0.820456266 0.828545153 -0.007326480 -0.467809975 -0.214920506 0.857268512
1403638558.427830 -1.133694887 -0.824783206 0.834856093 -0.011029950 -0.466245264 -0.218380094 0.857207000
1403638558.477829 -1.131970525 -0.828854799 0.840752840 -0.013631986 -0.464454949 -0.221512467 0.857337713
1403638558.527829 -1.131151199 -0.832549095 0.845344901 -0.016270241 -0.464177340 -0.220929787 0.857592404
1403638558.577829 -1.129071951 -0.838935018 0.854577839 -0.017744774 -0.464933455 -0.219541088 0.857510149
1403638558.627830 -1.128384948 -0.844486475 0.860655248 -0.017402820 -0.466182649 -0.215612158 0.857835829
1403638558.677829 -1.128286481 -0.849506140 0.866721451 -0.017531039 -0.468008101 -0.209785476 0.858283818
1403638558.727829 -1.128996372 -0.855098128 0.872245193 -0.017828511 -0.470151484 -0.203159571 0.858700097
1403638558.777829 -1.129059196 -0.860617042 0.878218949 -0.016986826 -0.470739573 -0.200190395 0.859092236
1403638558.827830 -1.129610777 -0.865628541 0.885608375 -0.015964584 -0.472053528 -0.196430042 0.859258890
1403638558.877829 -1.129831076 -0.872043729 0.895184338 -0.013601531 -0.471813142 -0.197103709 0.859277308
1403638558.927830 -1.130471826 -0.877117395 0.902290225 -0.010017247 -0.472128332 -0.195743486 0.859464347
1403638558.977829 -1.131373405 -0.882027745 0.911038280 -0.005089202 -0.473081082 -0.194769755 0.859204948
1403638559.027829 -1.132161856 -0.886698008 0.917952955 -0.000759109 -0.472723514 -0.195437044 0.859264970
1403638559.077829 -1.133309960 -0.890157104 0.925480843 0.003703603 -0.473019272 -0.194963709 0.859202087
1403638559.127830 -1.134085655 -0.895390868 0.933806658 0.005782424 -0.473656595 -0.195062920 0.858816922
1403638559.177829 -1.135173559 -0.898664236 0.941571593 0.009036889 -0.473711699 -0.195149317 0.858738780
1403638559.227829 -1.136492491 -0.904516637 0.951126993 0.010690037 -0.473271430 -0.197504088 0.858424127
1403638559.277829 -1.137341261 -0.908249557 0.959052265 0.012371686 -0.473153949 -0.198999316 0.858120978
1403638559.327830 -1.138161421 -0.911884665 0.967520177 0.013873341 -0.473216802 -0.200513020 0.857710838
1403638559.377829 -1.139828324 -0.914178848 0.976373613 0.016268319 -0.472082824 -0.203174949 0.857667208
1403638559.427830 -1.141316891 -0.918009758 0.984484315 0.017702918 -0.471456677 -0.205787793 0.857360244
1403638559.477829 -1.142266750 -0.919807911 0.991140902 0.019371243 -0.470956773 -0.206679180 0.857384503
1403638559.527829 -1.143908978 -0.921081185 0.999583125 0.021952920 -0.470669299 -0.207515806 0.857278049
1403638559.577829 -1.145381451 -0.924361765 1.010182381 0.023328330 -0.471466899 -0.208174512 0.856643498
1403638559.627830 -1.146887064 -0.926626623 1.018199205 0.023971971 -0.471948832 -0.207597822 0.856500328
1403638559.677829 -1.148459673 -0.928547084 1.026444912 0.024646444 -0.472352207 -0.207942143 0.856175244
1403638559.727829 -1.149866819 -0.930684268 1.033409476 0.025260478 -0.472292304 -0.208225116 0.856121600
1403638559.777829 -1.151750088 -0.933545709 1.042201638 0.025348702 -0.472760975 -0.208629951 0.855761647
1403638559.827830 -1.153356791 -0.936283350 1.050075531 0.023229163 -0.473823875 -0.207425728 0.855526686
1403638559.877829 -1.155140042 -0.938530266 1.056993484 0.023914084 -0.473598182 -0.207124591 0.855705678
1403638559.927830 -1.157262802 -0.941188693 1.064790487 0.023491850 -0.472326249 -0.205209419 0.856881082
1403638559.977829 -1.158997774 -0.943597674 1.071805239 0.023234649 -0.469118208 -0.202583313 0.859271944
1403638560.027829 -1.161044598 -0.945297539 1.079010844 0.022942653 -0.463993758 -0.198867172 0.862922490
1403638560.077829 -1.163111567 -0.948136508 1.087117910 0.021916116 -0.457236737 -0.194982558 0.867430687
1403638560.127830 -1.164738536 -0.949572563 1.094468117 0.022472236 -0.448871285 -0.189767495 0.872924924
1403638560.177829 -1.167125225 -0.951103866 1.100969195 0.022851495 -0.438184977 -0.185498074 0.879239559
1403638560.227829 -1.169236898 -0.953269839 1.110540271 0.022563595 -0.427757353 -0.180428073 0.885415316
1403638560.277829 -1.170705080 -0.955265939 1.117907286 0.023212878 -0.416467637 -0.175188988 0.891809821
1403638560.327830 -1.173226237 -0.955827475 1.126075268 0.026866049 -0.404615104 -0.168155342 0.898492396
1403638560.377829 -1.174427271 -0.956594825 1.133761644 0.030426068 -0.392762274 -0.160199955 0.905067980
1403638560.427830 -1.176449895 -0.957325697 1.141414523 0.033134874 -0.380220652 -0.153044999 0.911543489
1403638560.477829 -1.177939296 -0.958412886 1.148773909 0.036068592 -0.367636174 -0.146478206 0.917652965
1403638560.527829 -1.178755045 -0.958371937 1.156497002 0.038669322 -0.355482042 -0.139191344 0.923451662
1403638560.577829 -1.181374311 -0.957812488 1.163562059 0.039857589 -0.342489064 -0.129838079 0.929652989
1403638560.627830 -1.183390975 -0.958516300 1.172028422 0.038887851 -0.330166429 -0.121905707 0.935209572
1403638560.677829 -1.185531020 -0.957730293 1.179185629 0.038281038 -0.317714691 -0.111934729 0.940777659
1403638560.727829 -1.185616970 -0.958204865 1.186959147 0.036670618 -0.308656305 -0.102536701 0.944919467
1403638560.777829 -1.186853409 -0.958360016 1.193436384 0.036985394 -0.297760725 -0.095266059 0.949154913
1403638560.827830 -1.187182069 -0.959314942 1.200959682 0.037005842 -0.286606401 -0.089275829 0.953161657
1403638560.877829 -1.187503457 -0.959861994 1.207446694 0.037929844 -0.276076525 -0.081815690 0.956895649
1403638560.927830 -1.188346148 -0.961060166 1.214590073 0.039078042 -0.264483184 -0.076164939 0.960583389
1403638560.977829 -1.188430429 -0.962361634 1.220428348 0.041814409 -0.252844304 -0.071514070 0.963953853
1403638561.027829 -1.187635899 -0.964277148 1.227066994 0.045274306 -0.242042720 -0.067290664 0.966869950
1403638561.077829 -1.185515404 -0.965950429 1.230948925 0.047290158 -0.231315434 -0.061763275 0.969763935
1403638561.127830 -1.185214162 -0.967896581 1.238025188 0.050287046 -0.221101731 -0.057669967 0.972244561
1403638561.177829 -1.183586597 -0.970191777 1.242319822 0.052860729 -0.211999670 -0.054251630 0.974329829
1403638561.227829 -1.182091236 -0.971986055 1.247834086 0.055136755 -0.204211056 -0.050151821 0.976085305
1403638561.277829 -1.179910660 -0.974467874 1.252780557 0.057295606 -0.198594019 -0.046228163 0.977312922
1403638561.327830 -1.177459598 -0.976697683 1.256947875 0.056667991 -0.193124831 -0.045227170 0.978491724
1403638561.377829 -1.175186872 -0.978832364 1.261525750 0.053121932 -0.187802345 -0.047256626 0.979630113
1403638561.427830 -1.172313809 -0.980314970 1.266014099 0.049087603 -0.183009937 -0.051944170 0.980509877
1403638561.477829 -1.168664694 -0.981967747 1.269837260 0.045025770 -0.178857103 -0.057258658 0.981174946
1403638561.527829 -1.165856838 -0.983135462 1.274178505 0.042658016 -0.175341308 -0.062772788 0.981577933
1403638561.577829 -1.161772728 -0.984804630 1.277455091 0.039686155 -0.173344135 -0.066655375 0.981801331
1403638561.627830 -1.159152985 -0.984929681 1.282107234 0.038245600 -0.171705857 -0.069293618 0.981963694
1403638561.677829 -1.155778646 -0.985658109 1.285804510 0.037346039 -0.171365947 -0.070967712 0.981938183
1403638561.727829 -1.152187228 -0.986193419 1.289870262 0.036419295 -0.171711504 -0.072179213 0.981824279
1403638561.777829 -1.149209976 -0.986328244 1.293492913 0.036673203 -0.171796158 -0.073369570 0.981711805
1403638561.827830 -1.145027637 -0.986523211 1.297273397 0.037165139 -0.171475470 -0.074642196 0.981653452
1403638561.877829 -1.142326355 -0.986308515 1.301140308 0.038041666 -0.169796646 -0.075382523 0.981855094
1403638561.927830 -1.137660742 -0.986133695 1.304786325 0.038230438 -0.167134702 -0.076032847 0.982254267
1403638561.977829 -1.134369135 -0.985842288 1.308574319 0.038438454 -0.163223505 -0.074596085 0.983013749
1403638562.027829 -1.130388737 -0.985734284 1.312703609 0.038550027 -0.158193797 -0.073049881 0.983947337
1403638562.077829 -1.126833677 -0.985419691 1.316257358 0.038701631 -0.152151421 -0.071476832 0.985009253
1403638562.127830 -1.123049736 -0.985600591 1.319534302 0.038809035 -0.146152049 -0.068998568 0.986089528
1403638562.177829 -1.120061398 -0.985489428 1.322799325 0.039020646 -0.140104681 -0.067661859 0.987051129
1403638562.227829 -1.115716815 -0.985518456 1.325778127 0.039832309 -0.135479927 -0.066045105 0.987773538
1403638562.277829 -1.112556219 -0.985178232 1.328717470 0.040512942 -0.129973784 -0.064237155 0.988604665
1403638562.327830 -1.109289885 -0.985839009 1.330824733 0.041221671 -0.124461874 -0.061173785 0.989478528
1403638562.377829 -1.105285406 -0.986693442 1.333259583 0.042297419 -0.118127644 -0.057621017 0.990422428
1403638562.427830 -1.102061152 -0.987389624 1.335207582 0.042735346 -0.110617660 -0.053307887 0.991511822
1403638562.477829 -1.099002719 -0.988070607 1.337322950 0.042491838 -0.102274731 -0.048572071 0.992660642
1403638562.527829 -1.094650865 -0.989158988 1.339498758 0.042187188 -0.093021616 -0.043488115 0.993818879
1403638562.577829 -1.091690063 -0.991116107 1.341877580 0.042600658 -0.083010852 -0.037316654 0.994938135
1403638562.627830 -1.088274360 -0.992021441 1.342782140 0.043206606 -0.072854780 -0.029642558 0.995965183
1403638562.677829 -1.084543109 -0.993755937 1.343892574 0.042014357 -0.062116679 -0.021744587 0.996947050
1403638562.727829 -1.080213666 -0.994581461 1.345097303 0.043021366 -0.051646005 -0.013580483 0.997645915
1403638562.777829 -1.076993585 -0.995495915 1.345411539 0.042722847 -0.040713646 -0.004653302 0.998246253
1403638562.827830 -1.072461367 -0.997156620 1.346864223 0.043296423 -0.027713843 0.001463299 0.998676717
1403638562.877829 -1.069572210 -0.999351621 1.348016024 0.042752873 -0.015068155 0.008588252 0.998935103
1403638562.927830 -1.063906789 -0.998949230 1.348138332 0.043135237 -0.003209702 0.013756510 0.998969376
1403638562.977829 -1.058132172 -0.999796510 1.349707127 0.042947300 0.008217498 0.019366380 0.998855829
1403638563.027829 -1.054396629 -1.000981808 1.350322008 0.043083500 0.019306112 0.026300147 0.998538613
1403638563.077829 -1.049090028 -0.999914765 1.351204991 0.043265603 0.028667415 0.034271829 0.998063982
1403638563.127830 -1.044899344 -0.999544978 1.352198005 0.042810649 0.038418449 0.042292155 0.997448087
1403638563.177829 -1.039432406 -0.999045372 1.353611708 0.042981960 0.049298871 0.044051185 0.996885955
1403638563.227829 -1.032858610 -0.998672128 1.353292108 0.045018498 0.057497147 0.048022225 0.996173322
1403638563.277829 -1.028813004 -0.998037398 1.354000807 0.047138259 0.066323116 0.048805963 0.995488405
1403638563.327830 -1.024153709 -0.996569693 1.353921890 0.052129526 0.072489135 0.051345706 0.994681597
1403638563.377829 -1.016411901 -0.995369315 1.354968548 0.059196845 0.076490410 0.053053759 0.993896484
1403638563.427830 -1.009960532 -0.993765235 1.355520129 0.065728828 0.079165556 0.055947721 0.993117511
1403638563.477829 -1.004210472 -0.992050052 1.355162024 0.068527050 0.080826804 0.058027100 0.992675126
1403638563.527829 -0.997628629 -0.990141988 1.355355978 0.068873681 0.083547823 0.055962246 0.992544413
1403638563.577829 -0.991910517 -0.988195896 1.354609370 0.067317560 0.085357822 0.054511853 0.992577910
1403638563.627830 -0.987104833 -0.987292886 1.353079438 0.063920647 0.086722627 0.053612776 0.992733121
1403638563.677829 -0.978490710 -0.984662950 1.351745963 0.061435442 0.085170470 0.054705661 0.992964745
1403638563.727829 -0.972552180 -0.983542442 1.349945068 0.059464775 0.084379621 0.055678442 0.993098199
1403638563.777829 -0.966065586 -0.982177556 1.348087072 0.057363790 0.083140962 0.056758087 0.993265092
1403638563.827830 -0.957876623 -0.980423570 1.345156670 0.057253800 0.081080951 0.057671309 0.993389070
1403638563.877829 -0.951658845 -0.979699314 1.342372298 0.058123808 0.080152519 0.057702024 0.993412137
1403638563.927830 -0.946946263 -0.979734778 1.339321852 0.057999220 0.078882836 0.058813132 0.993455887
1403638563.977829 -0.936029255 -0.977767706 1.335401654 0.060254466 0.076072514 0.058154527 0.993579566
1403638564.027829 -0.929105043 -0.976705551 1.332010031 0.059381343 0.073841542 0.058822215 0.993761182
1403638564.077829 -0.921811521 -0.975349426 1.328570724 0.059400883 0.071624793 0.059012588 0.993910909
1403638564.127830 -0.912679017 -0.974035978 1.324329853 0.059560034 0.069183879 0.058016103 0.994132936
1403638564.177829 -0.904960752 -0.972556710 1.320288181 0.059452206 0.067467056 0.056214444 0.994360864
1403638564.227829 -0.897319913 -0.971128285 1.316256046 0.060881797 0.066407256 0.053663347 0.994486690
1403638564.277829 -0.887718976 -0.967910409 1.311517715 0.062697724 0.065094523 0.050718728 0.994615138
1403638564.327830 -0.879979432 -0.966069162 1.306753397 0.063390069 0.064506203 0.047040351 0.994790316
1403638564.377829 -0.871278048 -0.964765072 1.301587105 0.065109923 0.062541187 0.046801183 0.994816005
1403638564.427830 -0.862015128 -0.962454200 1.296621919 0.066996031 0.061937097 0.044061590 0.994853735
1403638564.477829 -0.852017403 -0.960790575 1.290946245 0.067756683 0.060623731 0.042669129 0.994943798
1403638564.527829 -0.843291938 -0.959613204 1.284760475 0.067109168 0.059734274 0.042610392 0.995043993
1403638564.577829 -0.834142625 -0.957779884 1.279070497 0.065048262 0.058162700 0.043892659 0.995218217
1403638564.627830 -0.824695349 -0.956074059 1.271026254 0.063612431 0.056921333 0.045705400 0.995301187
1403638564.677829 -0.816244125 -0.954732478 1.264368653 0.061761938 0.055950113 0.048927229 0.995319664
1403638564.727829 -0.806340933 -0.951980531 1.258244872 0.061432753 0.054860938 0.051042955 0.995294392
1403638564.777829 -0.797619283 -0.950318217 1.250887752 0.060475428 0.054538246 0.053781372 0.995226562
1403638564.827830 -0.788330615 -0.947843075 1.244650364 0.060393970 0.054504029 0.055364836 0.995146513
1403638564.877829 -0.775855482 -0.943103850 1.237745523 0.061555400 0.053879455 0.056756485 0.995030999
1403638564.927830 -0.766251624 -0.939670861 1.231160045 0.062045809 0.053895660 0.058199093 0.994916320
1403638564.977829 -0.756112754 -0.935179234 1.224756956 0.062078312 0.053578086 0.059424814 0.994858980
1403638565.027829 -0.746985912 -0.930524468 1.218076706 0.061723229 0.053908929 0.060317393 0.994809449
1403638565.077829 -0.732824326 -0.923258662 1.211986661 0.061487481 0.052685767 0.060621556 0.994871140
1403638565.127830 -0.722446561 -0.917382240 1.204777956 0.060477633 0.052537564 0.061271146 0.994901061
1403638565.177829 -0.711415231 -0.911166966 1.197965980 0.059473246 0.052409220 0.061695110 0.994942188
1403638565.227829 -0.699773908 -0.904461861 1.191762090 0.058505498 0.052668400 0.060985535 0.995029628
1403638565.277829 -0.688838959 -0.897576928 1.185373425 0.057539728 0.053523704 0.060339369 0.995079696
1403638565.327830 -0.676266611 -0.889114618 1.178858161 0.057291247 0.054400250 0.059047773 0.995123923
1403638565.377829 -0.663857460 -0.882755041 1.171893001 0.055663846 0.054967478 0.057748616 0.995261371
1403638565.427830 -0.652431607 -0.875202835 1.164910436 0.055336807 0.055525720 0.056517325 0.995319307
1403638565.477829 -0.642115653 -0.867307365 1.158789873 0.057267755 0.057487432 0.054795757 0.995194972
1403638565.527829 -0.629901052 -0.861866951 1.151055574 0.058485687 0.059557948 0.052376293 0.995132685
1403638565.577829 -0.617093921 -0.853785932 1.143288374 0.060612634 0.062071219 0.049192265 0.995014250
1403638565.627830 -0.603149056 -0.844059706 1.135713935 0.062735185 0.065452263 0.043908920 0.994913220
1403638565.677829 -0.591036797 -0.837686479 1.128489852 0.062332690 0.069450252 0.037311092 0.994936764
1403638565.727829 -0.577720463 -0.831829190 1.120091558 0.060664859 0.072286807 0.031673506 0.995033264
1403638565.777829 -0.567544878 -0.826398134 1.112093210 0.057344094 0.073906198 0.029384937 0.995181441
1403638565.827830 -0.554314435 -0.819849789 1.102480173 0.055221163 0.076436296 0.026081812 0.995202422
1403638565.877829 -0.543170094 -0.813047349 1.095297337 0.053928163 0.079285905 0.022047114 0.995147943
1403638565.927830 -0.526754200 -0.805340767 1.084368110 0.051235326 0.079667926 0.021914139 0.995262623
1403638565.977829 -0.515520155 -0.800373673 1.076073647 0.050071381 0.080666102 0.021786498 0.995244265
1403638566.027829 -0.504018188 -0.794448018 1.067129612 0.048623759 0.081080541 0.022549458 0.995265365
1403638566.077829 -0.492616713 -0.787938595 1.059661746 0.048458308 0.082238495 0.021270853 0.995206594
1403638566.127830 -0.481649876 -0.781494558 1.049976110 0.048056867 0.081946895 0.022996383 0.995211720
1403638566.177829 -0.468102753 -0.773129761 1.040407538 0.048145976 0.081065893 0.023766294 0.995261550
1403638566.227829 -0.454686701 -0.767860055 1.029187083 0.047549080 0.080997482 0.022995057 0.995313883
1403638566.277829 -0.441364050 -0.759785831 1.020409346 0.047826029 0.080181457 0.022587461 0.995375991
1403638566.327830 -0.432371825 -0.749045849 1.013412952 0.047529750 0.080497354 0.023142125 0.995351970
1403638566.377829 -0.421134561 -0.741231441 1.004268050 0.046938602 0.080390595 0.022139687 0.995411456
1403638566.427830 -0.410926878 -0.734786868 0.996350825 0.046485726 0.079335883 0.022837028 0.995501578
1403638566.477829 -0.397664905 -0.726110578 0.988668621 0.045288060 0.077666596 0.024557702 0.995647430
1403638566.527829 -0.384411365 -0.717822552 0.978241026 0.044861745 0.076288924 0.023366675 0.995801926
1403638566.577829 -0.380883574 -0.721747577 0.965546846 0.034214482 0.076574922 0.025127597 0.996159732
1403638566.627830 -0.376784503 -0.721182466 0.952250004 0.024691951 0.076644227 0.026851704 0.996390939
1403638566.677829 -0.358512461 -0.715195715 0.942307651 0.013028243 0.074001208 0.024909338 0.996861875
1403638566.727829 -0.341580540 -0.686965644 0.948161662 0.009676096 0.070911869 0.024899788 0.997124791
1403638566.777829 -0.330935657 -0.663910508 0.946473837 0.005358516 0.070397682 0.022549070 0.997249722
1403638566.827830 -0.331353605 -0.688621938 0.920335472 -0.016219985 0.071366228 0.024971426 0.997005641
1403638566.877829 -0.308025718 -0.641024113 0.931702256 -0.007589062 0.067706302 0.021789569 0.997438431
1403638566.927830 -0.302110374 -0.642587006 0.918978214 -0.016406788 0.068218119 0.020042408 0.997334182
1403638566.977829 -0.290475577 -0.632097900 0.914638340 -0.018228922 0.066935048 0.019476568 0.997400641
1403638567.027829 -0.271970510 -0.609836638 0.920967400 -0.009714268 0.063401118 0.018105470 0.997776568
1403638567.077829 -0.267084122 -0.614838600 0.904874146 -0.003987294 0.064312384 0.018531755 0.997749746
1403638567.127830 -0.257927239 -0.604411185 0.900288105 0.007111632 0.065402769 0.015590163 0.997711837
1403638567.177829 -0.242690533 -0.600369513 0.896567106 0.015688481 0.062712081 0.016863314 0.997765839
1403638567.227829 -0.240829214 -0.586230636 0.887460291 0.026837755 0.067395434 0.013486696 0.997274101
1403638567.277829 -0.232927933 -0.577695310 0.880715787 0.033309691 0.068516791 0.012069005 0.997020662
1403638567.327830 -0.216610402 -0.569816887 0.887157142 0.035659920 0.066486478 0.011250261 0.997086465
1403638567.377829 -0.211567730 -0.559904993 0.874437809 0.035554420 0.069109149 0.010746109 0.996917427
1403638567.427830 -0.201234400 -0.548773468 0.868525207 0.036295734 0.070153587 0.009902429 0.996826470
1403638567.477829 -0.193637505 -0.539416850 0.863033235 0.034469463 0.071457952 0.009942585 0.996798277
1403638567.527829 -0.184532791 -0.530555010 0.859602034 0.032023247 0.071961641 0.010284095 0.996840119
1403638567.577829 -0.173995107 -0.521290779 0.854414821 0.028155997 0.072267257 0.010861498 0.996928632
1403638567.627830 -0.166004181 -0.512793899 0.850293934 0.025239784 0.073607244 0.009709994 0.996920586
1403638567.677829 -0.157457530 -0.505452931 0.844351470 0.022267202 0.074857689 0.009710235 0.996898293
1403638567.727829 -0.149942711 -0.497660339 0.839983046 0.019516883 0.075946905 0.009551723 0.996875107
1403638567.777829 -0.140381664 -0.488311738 0.834338605 0.016774630 0.076440908 0.008568790 0.996896148
1403638567.827830 -0.132774711 -0.480386019 0.828824520 0.013290999 0.077217221 0.008249863 0.996891558
1403638567.877829 -0.125046641 -0.473610163 0.823371708 0.011331904 0.076690458 0.010981116 0.996930063
1403638567.927830 -0.117690660 -0.466912121 0.818114758 0.010910367 0.076586105 0.012022217 0.996930778
1403638567.977829 -0.110518657 -0.461072803 0.813084900 0.009701154 0.077308282 0.011748356 0.996890843
1403638568.027829 -0.103205606 -0.455197841 0.807971299 0.009610921 0.077592172 0.011341978 0.996874332
1403638568.077829 -0.097021870 -0.449312836 0.803115964 0.010299061 0.079133183 0.008382603 0.996775568
1403638568.127830 -0.088805601 -0.444873065 0.798400998 0.011094366 0.078566663 0.008758965 0.996808648
1403638568.177829 -0.082271576 -0.439561456 0.793037474 0.011611294 0.079591446 0.006627939 0.996737897
1403638568.227829 -0.076154776 -0.435341775 0.788384378 0.012390725 0.080190912 0.006658990 0.996680260
1403638568.277829 -0.070119187 -0.431324273 0.783857584 0.011497380 0.080848865 0.006139295 0.996641159
1403638568.327830 -0.064109981 -0.427148253 0.779064119 0.011906748 0.081127346 0.006192000 0.996613383
1403638568.377829 -0.058314659 -0.422492087 0.774813056 0.011070650 0.081246175 0.006566016 0.996610940
1403638568.427830 -0.052768379 -0.418461889 0.770549774 0.009701804 0.081556708 0.006525923 0.996600151
1403638568.477829 -0.047841206 -0.413398415 0.766439140 0.009725184 0.082033642 0.006104304 0.996563435
1403638568.527829 -0.042540975 -0.409120321 0.762884378 0.008577889 0.082258396 0.005554179 0.996558666
1403638568.577829 -0.037069120 -0.404936492 0.759079337 0.006834882 0.082369879 0.005107625 0.996565342
1403638568.627830 -0.031836294 -0.400250584 0.755575895 0.005498966 0.082244880 0.004932815 0.996584773
1403638568.677829 -0.027733125 -0.396971583 0.752564371 0.002919737 0.082943015 0.003224903 0.996544778
1403638568.727829 -0.022365496 -0.391927272 0.749255300 0.002574880 0.082716800 0.002866759 0.996565640
1403638568.777829 -0.018917568 -0.388424009 0.746168733 0.000754774 0.082805589 0.003370787 0.996559739
1403638568.827830 -0.014210396 -0.383885682 0.743434250 0.002982038 0.082003854 0.004478986 0.996617496
1403638568.877829 -0.009592488 -0.379902959 0.740657628 0.002965810 0.081452653 0.006052231 0.996654451
1403638568.927830 -0.005753584 -0.378091753 0.737901568 0.002663437 0.082272537 0.003619975 0.996599734
1403638568.977829 -0.002334908 -0.375685424 0.735201061 0.002936465 0.082451165 0.003477497 0.996584713
1403638569.027829 0.001610830 -0.373655826 0.732743979 0.003805881 0.082250886 0.003670636 0.996597648
1403638569.077829 0.004566334 -0.372116864 0.730082691 0.002873793 0.083205387 0.001740551 0.996526778
1403638569.127830 0.008142531 -0.369564474 0.727610230 0.003683553 0.083038695 0.001668749 0.996538162
1403638569.177829 0.011535630 -0.368594050 0.725137770 0.001529864 0.083296753 0.001471849 0.996522546
1403638569.227829 0.014080726 -0.367145032 0.723110735 0.000483290 0.084105842 -0.000077171 0.996456742
1403638569.277829 0.016976267 -0.365411997 0.720984399 -0.000774224 0.084541015 -0.000579100 0.996419549
1403638569.327830 0.020054229 -0.364191383 0.718869150 -0.000943715 0.084533051 -0.000881885 0.996419847
1403638569.377829 0.021607280 -0.362494200 0.717782795 -0.000814910 0.085320450 -0.001228670 0.996352494
1403638569.427830 0.024011381 -0.361003309 0.716538250 0.000535844 0.085467294 -0.001861152 0.996339083
1403638569.477829 0.025946133 -0.358530909 0.715577781 0.001988555 0.085506931 -0.001964345 0.996333659
1403638569.527829 0.027743131 -0.356892645 0.714968383 0.003046490 0.085502654 -0.002161718 0.996330976
1403638569.577829 0.028833874 -0.355171174 0.714550555 0.004240578 0.086005904 -0.002788714 0.996281743
1403638569.627830 0.030139603 -0.354036421 0.713806093 0.005414199 0.085744001 -0.001394556 0.996301532
1403638569.677829 0.031522475 -0.352484405 0.712987006 0.006394793 0.085771620 -0.001490614 0.996293187
1403638569.727829 0.032941200 -0.352079570 0.712886631 0.007025075 0.085945152 -0.002128612 0.996272802
1403638569.777829 0.033431321 -0.351004601 0.712291718 0.007853303 0.086168177 -0.002564893 0.996246397
1403638569.827830 0.033919558 -0.351132780 0.711753964 0.008236496 0.086009599 -0.002615907 0.996256828
1403638569.877829 0.034239680 -0.351064205 0.711559415 0.009851216 0.086674586 -0.003976059 0.996179998
1403638569.927830 0.034376368 -0.351005644 0.711264908 0.011482526 0.086811803 -0.003919951 0.996150851
1403638569.977829 0.034249805 -0.350549608 0.711091161 0.013113604 0.086313531 -0.002767261 0.996177852
1403638570.027829 0.033856124 -0.350810111 0.710995674 0.014073974 0.085929729 -0.001792617 0.996200204
1403638570.077829 0.034045458 -0.351027161 0.710703909 0.014021979 0.085090436 -0.000272549 0.996274590
1403638570.127830 0.033183768 -0.350451946 0.711293340 0.014087988 0.084225670 0.002025445 0.996345103
1403638570.177829 0.033235870 -0.349986821 0.711300850 0.014320499 0.082493477 0.004800351 0.996477187
1403638570.227829 0.032440558 -0.349223226 0.711510658 0.015349127 0.080766574 0.008244065 0.996580780
1403638570.277829 0.031454682 -0.348396450 0.712191164 0.015632765 0.078919202 0.012990666 0.996673822
1403638570.327830 0.030324668 -0.347609520 0.712743104 0.016154373 0.077309705 0.018324494 0.996707797
1403638570.377829 0.029130757 -0.346594512 0.713661730 0.016176132 0.078043371 0.022476828 0.996565282
1403638570.427830 0.028303735 -0.345825434 0.714587152 0.016138140 0.080027305 0.028860347 0.996244073
1403638570.477829 0.027244903 -0.343770295 0.715388238 0.016692363 0.083236970 0.037792608 0.995673001
1403638570.527829 0.027312011 -0.342796117 0.716870785 0.017185150 0.086827263 0.050654300 0.994786322
1403638570.577829 0.026784122 -0.341427743 0.717862368 0.018535562 0.092218325 0.064389959 0.993481815
1403638570.627830 0.026327774 -0.337774396 0.719085813 0.021508474 0.099866807 0.077041015 0.991780579
1403638570.677829 0.026592717 -0.335119545 0.720088661 0.025218150 0.109148040 0.087630317 0.989834189
1403638570.727829 0.027559072 -0.334443212 0.721234560 0.030272475 0.119495668 0.096521825 0.987667918
1403638570.777829 0.027860880 -0.330671966 0.722380280 0.039282303 0.130738601 0.106212318 0.984928071
1403638570.827830 0.030795246 -0.327634484 0.722827971 0.047309816 0.141676083 0.113564335 0.982238710
1403638570.877829 0.031290442 -0.325943828 0.724514902 0.053303279 0.154701412 0.119510263 0.979256630
1403638570.927830 0.033481047 -0.324029118 0.724120736 0.056881353 0.166908279 0.124510579 0.976423740
1403638570.977829 0.036050811 -0.320262730 0.724978209 0.060555104 0.179194704 0.128766686 0.973468781
1403638571.027829 0.039090335 -0.318437278 0.725072980 0.060945690 0.191025734 0.133579716 0.970541716
1403638571.077829 0.042721331 -0.315090120 0.724528909 0.057345323 0.203337431 0.135320157 0.968015432
1403638571.127830 0.045786679 -0.311420053 0.724341750 0.052360486 0.216353759 0.135903016 0.965391040
1403638571.177829 0.050570488 -0.307712525 0.722459257 0.046586372 0.227508515 0.134027064 0.963382781
1403638571.227829 0.053722501 -0.304022878 0.721434355 0.042572789 0.238595396 0.131091535 0.961288095
1403638571.277829 0.059045106 -0.298998773 0.718988180 0.040594205 0.247388139 0.127821356 0.959590018
1403638571.327830 0.064165384 -0.296606421 0.715796351 0.037757087 0.255082995 0.125398144 0.958009601
1403638571.377829 0.069043994 -0.293342233 0.713085532 0.037674472 0.260074794 0.125585645 0.956645191
1403638571.427830 0.073596328 -0.290471107 0.710601747 0.038688526 0.264648736 0.125868410 0.955312192
1403638571.477829 0.078414381 -0.289877355 0.707229197 0.039317351 0.267852008 0.126239926 0.954344273
1403638571.527829 0.084226310 -0.288455665 0.703966856 0.040256944 0.271086991 0.125400275 0.953501999
1403638571.577829 0.089453131 -0.286231130 0.700650990 0.040005557 0.275260270 0.126017183 0.952234805
1403638571.627830 0.093798697 -0.282807916 0.696782827 0.039511066 0.280555785 0.127538875 0.950505793
1403638571.677829 0.098806158 -0.280196726 0.693450809 0.036869347 0.286103010 0.130306855 0.948580980
1403638571.727829 0.103163823 -0.276451886 0.690221012 0.034670781 0.293323189 0.133022800 0.946078420
1403638571.777829 0.109239310 -0.273261428 0.686570942 0.031641688 0.300328970 0.136885270 0.943431973
1403638571.827830 0.114286989 -0.271034718 0.682646513 0.028588815 0.308479905 0.141474158 0.940217018
1403638571.877829 0.120579481 -0.267101437 0.678963184 0.027772494 0.316032022 0.147752091 0.936761379
1403638571.927830 0.126172945 -0.264769644 0.675500214 0.027030954 0.324865043 0.153678685 0.932799578
1403638571.977829 0.132228106 -0.261241347 0.671453238 0.027416077 0.333537251 0.159876958 0.928676903
1403638572.027829 0.137945905 -0.259118289 0.666752458 0.027140940 0.343127638 0.165061295 0.924273551
1403638572.077829 0.144177005 -0.256306231 0.663117170 0.027905554 0.351983845 0.170754373 0.919875860
1403638572.127830 0.150910527 -0.252514839 0.658359230 0.029284252 0.361329824 0.173536152 0.915679276
1403638572.177829 0.158251822 -0.251850843 0.652476609 0.027761897 0.372578382 0.174767226 0.910972595
1403638572.227829 0.165506542 -0.250120640 0.646084547 0.025373552 0.382713318 0.177286074 0.906342328
1403638572.277829 0.172391921 -0.247019589 0.640978277 0.022662574 0.392696470 0.180867970 0.901422560
1403638572.327830 0.179703504 -0.245137200 0.635213256 0.019183593 0.402710021 0.184685096 0.896296859
1403638572.377829 0.186497301 -0.242807627 0.630731285 0.016135992 0.413229078 0.188544750 0.890748143
1403638572.427830 0.194461077 -0.240399390 0.625928402 0.012643730 0.423142046 0.191104427 0.885590255
1403638572.477829 0.202196866 -0.238627702 0.619566202 0.009255097 0.431350946 0.192387700 0.881383955
1403638572.527829 0.209761903 -0.235479504 0.614396691 0.007164715 0.438529998 0.193492278 0.877610862
1403638572.577829 0.217245832 -0.233121157 0.609464884 0.006223256 0.445016503 0.193309516 0.874387205
1403638572.627830 0.225335255 -0.229502320 0.603690267 0.005679693 0.448824286 0.194415852 0.872196615
1403638572.677829 0.232797965 -0.228224874 0.598581314 0.003721564 0.452592194 0.194793791 0.870173454
1403638572.727829 0.240611494 -0.225898653 0.592112899 0.001162970 0.455954939 0.192414671 0.868953586
1403638572.777829 0.247965306 -0.224256039 0.587360263 -0.001742647 0.458992034 0.189951271 0.867895067
1403638572.827830 0.256587505 -0.222120166 0.582473695 -0.004520520 0.460475564 0.188392624 0.867438734
1403638572.877829 0.265015393 -0.220896885 0.577074587 -0.006889729 0.461358905 0.187323108 0.867185414
1403638572.927830 0.273656011 -0.220856339 0.571306527 -0.008491673 0.460964710 0.187323362 0.867380738
1403638572.977829 0.281999201 -0.219993562 0.566085339 -0.010876808 0.461016446 0.186111942 0.867587388
1403638573.027829 0.290724158 -0.219447702 0.561394691 -0.012662356 0.460537583 0.186027393 0.867835581
1403638573.077829 0.299393982 -0.217957944 0.556290984 -0.013603777 0.459562689 0.185560331 0.868437886
1403638573.127830 0.308047116 -0.216263771 0.552337885 -0.014506422 0.458538443 0.185610846 0.868953764
1403638573.177829 0.316640496 -0.215300620 0.547975719 -0.014681309 0.457531214 0.185758576 0.869450092
1403638573.227829 0.325956583 -0.214046061 0.543904603 -0.014499288 0.456286818 0.185236469 0.870218098
1403638573.277829 0.334544957 -0.213181406 0.540617585 -0.015380685 0.455165893 0.184794620 0.870883703
1403638573.327830 0.343765706 -0.212504566 0.536717892 -0.014793678 0.454036146 0.184088290 0.871632874
1403638573.377829 0.352682531 -0.211970329 0.533938587 -0.016203290 0.454368860 0.184238926 0.871402562
1403638573.427830 0.362174869 -0.211083949 0.530230522 -0.017431462 0.455182046 0.183944866 0.871016502
1403638573.477829 0.371407211 -0.210421488 0.526795983 -0.017622633 0.456683367 0.182858959 0.870455265
1403638573.527829 0.381390631 -0.210447162 0.523504734 -0.018485963 0.457447827 0.182083175 0.870198548
1403638573.577829 0.390898019 -0.210796773 0.521150053 -0.018482571 0.458204836 0.181937993 0.869830608
1403638573.627830 0.400405347 -0.210940197 0.518301785 -0.018347474 0.458915949 0.181579605 0.869533420
1403638573.677829 0.410572827 -0.211840004 0.515331626 -0.020350847 0.460726172 0.180698693 0.868714690
1403638573.727829 0.420395494 -0.213901311 0.513419032 -0.020849446 0.463802576 0.180917457 0.867018700
1403638573.777829 0.430670232 -0.215499997 0.510688007 -0.019721618 0.468564242 0.179855034 0.864702702
1403638573.827830 0.440981030 -0.216151416 0.508361220 -0.015222410 0.474725515 0.178599894 0.861687899
1403638573.877829 0.450391471 -0.218666494 0.506136060 -0.011326403 0.483016938 0.176898003 0.857480884
1403638573.927830 0.461463481 -0.220063761 0.505603075 -0.006135563 0.492038637 0.177474752 0.852269351
1403638573.977829 0.469986349 -0.221335292 0.503741443 0.001613040 0.500450253 0.181434736 0.846539080
1403638574.027829 0.481356949 -0.222798988 0.501908422 0.009786237 0.508254588 0.188074917 0.840362608
1403638574.077829 0.492631614 -0.221935838 0.501913071 0.019127607 0.516956568 0.195315659 0.833211780
1403638574.127830 0.501946568 -0.222505808 0.499934137 0.028603232 0.525636435 0.203419194 0.825535536
1403638574.177829 0.510453343 -0.224263266 0.498253942 0.036079921 0.534659207 0.212329507 0.817162097
1403638574.227829 0.520806730 -0.224794984 0.497932136 0.041729197 0.545033634 0.219044417 0.808218181
1403638574.277829 0.530632854 -0.225093648 0.496022642 0.045244321 0.554459572 0.226121470 0.799622774
1403638574.327830 0.542530358 -0.224442333 0.494234383 0.044909947 0.564524829 0.230214193 0.791388810
1403638574.377829 0.548261344 -0.224083275 0.492419362 0.044331789 0.574916542 0.235689580 0.782276213
1403638574.427830 0.556749105 -0.223844156 0.489317536 0.041749783 0.585184276 0.238834769 0.773805022
1403638574.477829 0.566224158 -0.222651705 0.488893330 0.039499272 0.595818579 0.242547199 0.764598548
1403638574.527829 0.574925065 -0.221249789 0.485036194 0.038645934 0.603777111 0.246231079 0.757185519
1403638574.577829 0.584568560 -0.220227957 0.483418822 0.038256876 0.611107826 0.249148548 0.750339031
1403638574.627830 0.594759226 -0.219033837 0.480170548 0.038278833 0.617834508 0.249939114 0.744543910
1403638574.677829 0.602015972 -0.219708160 0.477897704 0.034184564 0.624768913 0.248373076 0.739463329
1403638574.727829 0.610689223 -0.219342902 0.474938393 0.030180216 0.630406082 0.246040165 0.735623300
1403638574.777829 0.619706988 -0.218715519 0.472059250 0.024626097 0.634737492 0.244433120 0.732635200
1403638574.827830 0.627152979 -0.218797624 0.468029320 0.019724125 0.636590719 0.245297462 0.730884671
1403638574.877829 0.636811495 -0.218136787 0.464836389 0.016066195 0.637216568 0.247997537 0.729516387
1403638574.927830 0.644442141 -0.217760444 0.461246103 0.012665667 0.637396097 0.250041425 0.728728414
1403638574.977829 0.651597619 -0.218019575 0.459213197 0.009345276 0.638119578 0.250976950 0.727823317
1403638575.027829 0.658941507 -0.218044072 0.455581874 0.009404520 0.636492431 0.255231768 0.727767587
1403638575.077829 0.666717827 -0.216927782 0.451599240 0.011652856 0.634061933 0.259758681 0.728254795
1403638575.127830 0.674686909 -0.216866776 0.449844062 0.014042192 0.633059919 0.263227046 0.727838874
1403638575.177829 0.682500958 -0.215957314 0.446701646 0.016743008 0.631504953 0.266010404 0.728120685
1403638575.227829 0.690245748 -0.214877382 0.443840802 0.018931979 0.630733907 0.267002404 0.728372157
1403638575.277829 0.698918462 -0.213892981 0.441014707 0.020311918 0.629231274 0.268774182 0.728982747
1403638575.327830 0.706794858 -0.211779386 0.437626004 0.019896075 0.628087580 0.269361705 0.729763210
1403638575.377829 0.714743793 -0.210105553 0.434924930 0.017124997 0.626752019 0.270324856 0.730625153
1403638575.427830 0.723149121 -0.208064288 0.432417482 0.014003981 0.625431001 0.271092862 0.731538534
1403638575.477829 0.731385589 -0.205731243 0.428875327 0.010557043 0.624360085 0.270040154 0.732899249
1403638575.527829 0.739467740 -0.204190075 0.426218539 0.008663844 0.623175502 0.270376503 0.733807683
1403638575.577829 0.748750329 -0.201572403 0.421989977 0.004633347 0.622304082 0.268396586 0.735309064
1403638575.627830 0.757637978 -0.199817166 0.418599010 -0.000114193 0.622255147 0.265652686 0.736360729
1403638575.677829 0.766599238 -0.198142722 0.414926469 -0.003534049 0.622409761 0.262479126 0.737358987
1403638575.727829 0.775459349 -0.196412340 0.411187887 -0.008078214 0.621812344 0.260799110 0.738422632
1403638575.777829 0.784301162 -0.195840508 0.407529324 -0.013092138 0.621694684 0.258904278 0.739116311
1403638575.827830 0.793307781 -0.195234150 0.403580546 -0.017141500 0.621009469 0.258086056 0.739895284
1403638575.877829 0.802984416 -0.194425106 0.400015354 -0.018244199 0.620619476 0.257476687 0.740408242
1403638575.927830 0.812627912 -0.194831192 0.395651430 -0.018565271 0.619592905 0.257997304 0.741078496
1403638575.977829 0.822677791 -0.195462197 0.391702533 -0.018002402 0.619785726 0.257107288 0.741240501
1403638576.027829 0.833281696 -0.195554078 0.388135433 -0.017999547 0.619459510 0.256514251 0.741718590
1403638576.077829 0.842659354 -0.196914703 0.384131044 -0.018253036 0.619758308 0.255395889 0.741848707
1403638576.127830 0.853097320 -0.197775453 0.380394667 -0.017396990 0.619888902 0.255874634 0.741595089
1403638576.177829 0.863667667 -0.199267596 0.376572281 -0.015436544 0.620277524 0.254776031 0.741691768
1403638576.227829 0.874732375 -0.200085551 0.372710049 -0.015354794 0.620896816 0.253137171 0.741736472
1403638576.277829 0.885591030 -0.201148003 0.369538575 -0.016150780 0.622151613 0.250528127 0.741553903
1403638576.327830 0.896261930 -0.202157110 0.366334617 -0.017791929 0.623438656 0.247514009 0.741447568
1403638576.377829 0.907665372 -0.202780902 0.363604397 -0.019341953 0.624851108 0.245291427 0.740958214
1403638576.427830 0.916602194 -0.203530312 0.360688448 -0.021979738 0.624943376 0.243486971 0.741401911
1403638576.477829 0.927772999 -0.204088330 0.357949376 -0.024314346 0.625981510 0.240775406 0.741338789
1403638576.527829 0.939286768 -0.204238087 0.355446011 -0.028915308 0.627090752 0.237880528 0.741170645
1403638576.577829 0.950492620 -0.204846323 0.353669226 -0.032353304 0.628121972 0.235978872 0.740763187
1403638576.627830 0.961990952 -0.205087781 0.351943612 -0.034840353 0.628849268 0.233617857 0.740781665
1403638576.677829 0.973567963 -0.205591023 0.350713462 -0.035610668 0.629501760 0.231784075 0.740766823
1403638576.727829 0.985286415 -0.205923229 0.349650502 -0.033582307 0.630334020 0.229284927 0.740931630
1403638576.777829 0.996948957 -0.206371665 0.348720729 -0.031014213 0.631511807 0.225818545 0.741105199
1403638576.827830 1.008942246 -0.206671149 0.348050058 -0.026149185 0.632499933 0.223575637 0.741130173
1403638576.877829 1.020731211 -0.207335979 0.348704040 -0.021871146 0.633327007 0.222818449 0.740790486
1403638576.927830 1.032409191 -0.207043707 0.348357111 -0.015921289 0.632973850 0.223620862 0.741002262
1403638576.977829 1.043709278 -0.207411200 0.349031329 -0.010192897 0.632726669 0.225461304 0.740756631
1403638577.027829 1.056199074 -0.207489580 0.349823028 -0.007363641 0.631699324 0.227899730 0.740920722
1403638577.077829 1.068335891 -0.207712084 0.351137727 -0.003482800 0.631312430 0.230392471 0.740507782
1403638577.127830 1.079256773 -0.208581269 0.351096034 -0.000681906 0.630467117 0.232097462 0.740703344
1403638577.177829 1.090841770 -0.209465593 0.352282345 0.001171119 0.630116165 0.233621001 0.740522444
1403638577.227829 1.102137804 -0.210841030 0.352841884 0.001811638 0.629629672 0.234651774 0.740609050
1403638577.277829 1.113795757 -0.211749911 0.354000300 0.000620963 0.630158424 0.233252138 0.740603447
1403638577.327830 1.125112057 -0.213821232 0.355203748 -0.002891119 0.631616890 0.229906783 0.740401626
1403638577.377829 1.136950850 -0.215729773 0.355472177 -0.007235051 0.632690251 0.225934699 0.740678251
1403638577.427830 1.146619916 -0.217887461 0.356334925 -0.010579599 0.633727610 0.222864628 0.740681291
1403638577.477829 1.157379746 -0.220587522 0.357582629 -0.012041500 0.634836137 0.220291436 0.740479350
1403638577.527829 1.168884873 -0.222808450 0.359249175 -0.011867036 0.633953393 0.221780062 0.740794063
1403638577.577829 1.178628922 -0.225275576 0.359830737 -0.011325311 0.633188963 0.223505497 0.740937710
1403638577.627830 1.190254450 -0.227475286 0.362085283 -0.009855859 0.632567406 0.225311488 0.740942717
1403638577.677829 1.200331807 -0.229841143 0.364438623 -0.009173805 0.631636083 0.227256238 0.741151989
1403638577.727829 1.210925937 -0.231514364 0.366787195 -0.009223804 0.631305218 0.227837637 0.741254807
1403638577.777829 1.221192360 -0.233403087 0.369437963 -0.008113342 0.630288422 0.229860187 0.741508603
1403638577.827830 1.231379151 -0.235366046 0.371591896 -0.008184900 0.629868329 0.230378941 0.741703689
1403638577.877829 1.241731644 -0.236431181 0.374605000 -0.007948915 0.629944444 0.230121210 0.741721630
1403638577.927830 1.252663374 -0.236895621 0.378136426 -0.007815970 0.629522800 0.229505181 0.742271721
1403638577.977829 1.263001919 -0.238240063 0.380740434 -0.007578870 0.629375339 0.228473470 0.742717385
1403638578.027829 1.274439573 -0.240420491 0.384137422 -0.007218178 0.629565179 0.228153870 0.742658377
1403638578.077829 1.285175562 -0.242377043 0.387802958 -0.005393741 0.628807545 0.229269311 0.742972136
1403638578.127830 1.294825554 -0.244508862 0.391055465 -0.003142258 0.628036380 0.230263099 0.743329942
1403638578.177829 1.304705739 -0.247611344 0.393853962 0.000798524 0.626536191 0.233894706 0.743468285
1403638578.227829 1.315716863 -0.250020444 0.397447526 0.006682905 0.624181807 0.239030719 0.743785441
1403638578.277829 1.326169014 -0.253044069 0.400785089 0.010152076 0.622460067 0.243145049 0.743855476
1403638578.327830 1.333076835 -0.256696403 0.403459072 0.012585740 0.621715963 0.245354965 0.743714869
1403638578.377829 1.343775630 -0.258799523 0.406927884 0.013626589 0.621689975 0.245422006 0.743696153
1403638578.427830 1.353172064 -0.261430681 0.409703970 0.013503495 0.621728957 0.245779559 0.743547618
1403638578.477829 1.366021395 -0.262509763 0.415531337 0.014229820 0.622300506 0.245242298 0.743233323
1403638578.527829 1.374198437 -0.264545292 0.416816741 0.014283670 0.622022331 0.246171921 0.743157804
1403638578.577829 1.382834196 -0.268373191 0.420138836 0.013442651 0.622717261 0.245878458 0.742688537
1403638578.627830 1.393507481 -0.268457681 0.424257517 0.014688887 0.623302579 0.245153353 0.742413580
1403638578.677829 1.403704047 -0.270054996 0.427881628 0.013910684 0.624007285 0.243685380 0.742319882
1403638578.727829 1.413335085 -0.271173894 0.431314409 0.011630339 0.625267029 0.241170898 0.742120266
1403638578.777829 1.422399759 -0.272581816 0.434110045 0.008792637 0.626597583 0.237887546 0.742096782
1403638578.827830 1.432976484 -0.273269951 0.438296646 0.004943478 0.627656162 0.235321432 0.742056012
1403638578.877829 1.441512227 -0.274571121 0.440975189 0.004251903 0.628698409 0.232374668 0.742106616
1403638578.927830 1.451895952 -0.274374336 0.443648010 0.002486386 0.629084468 0.230791196 0.742281616
1403638578.977829 1.460253477 -0.276563406 0.446851134 0.001664973 0.629340947 0.229141220 0.742577672
1403638579.027829 1.468017697 -0.278641969 0.447282135 0.000862199 0.628961504 0.228050336 0.743236005
1403638579.077829 1.479048729 -0.278661698 0.452655733 0.001456223 0.629113495 0.227797970 0.743183911
1403638579.127830 1.488268256 -0.280433506 0.455020577 0.001523117 0.628891110 0.226870507 0.743655443
1403638579.177829 1.496158242 -0.284295261 0.459051132 0.001321722 0.629190683 0.226953745 0.743377030
1403638579.227829 1.508048892 -0.285532176 0.463180244 0.001955309 0.628839552 0.226795807 0.743720889
1403638579.277829 1.515412450 -0.286225677 0.465290576 0.004529661 0.627767682 0.229075953 0.743916333
1403638579.327830 1.524514437 -0.290279984 0.469205439 0.005804669 0.627114654 0.229910284 0.744200826
1403638579.377829 1.533141732 -0.294048101 0.472216845 0.009831185 0.625254810 0.234989703 0.744136870
1403638579.427830 1.539822221 -0.297613978 0.474973768 0.013628274 0.623958230 0.238325700 0.744104385
1403638579.477829 1.547710180 -0.300682575 0.479121566 0.017312033 0.622788906 0.241561621 0.743963897
1403638579.527829 1.556184053 -0.303383976 0.482776999 0.020074753 0.621404469 0.242524743 0.744738400
1403638579.577829 1.564244747 -0.306452006 0.485523313 0.024896506 0.620370448 0.239898950 0.746303678
1403638579.627830 1.572467446 -0.309058070 0.489794552 0.029863941 0.618975759 0.234605774 0.748957515
1403638579.677829 1.580559254 -0.310047060 0.492381066 0.033673175 0.615726054 0.228518978 0.753343642
1403638579.727829 1.588308215 -0.312004626 0.497867465 0.034685817 0.611671448 0.221210480 0.758762717
1403638579.777829 1.595392942 -0.313099802 0.500996828 0.033927973 0.604774892 0.213846654 0.766397953
1403638579.827830 1.602340579 -0.313849151 0.504187584 0.029580664 0.595927179 0.207825854 0.775115609
1403638579.877829 1.609982014 -0.313289732 0.508391142 0.025235739 0.584836483 0.202121302 0.785160124
1403638579.927830 1.615021229 -0.316345125 0.512425840 0.022242345 0.571959674 0.197374269 0.795871079
1403638579.977829 1.622066736 -0.316148877 0.516208708 0.020845214 0.557769239 0.191161051 0.807413399
1403638580.027829 1.632647276 -0.315612793 0.519110739 0.024017027 0.542437673 0.181546107 0.819893658
1403638580.077829 1.637472391 -0.317746580 0.524694204 0.029171571 0.527366817 0.170766905 0.831788421
1403638580.127830 1.648640752 -0.312901974 0.530992031 0.036179207 0.510087311 0.160207987 0.844295859
1403638580.177829 1.647027612 -0.319750756 0.529216826 0.038286753 0.491069764 0.151193127 0.857044458
1403638580.227829 1.651807308 -0.320024014 0.536121309 0.041240435 0.471501410 0.143603712 0.869116545
1403638580.277829 1.654311657 -0.320190042 0.537922621 0.041655347 0.451102525 0.137376070 0.880851388
1403638580.327830 1.656384706 -0.323093981 0.541415215 0.039414033 0.431311667 0.133426160 0.891411364
1403638580.377829 1.664253235 -0.322017193 0.549342036 0.039679866 0.412266403 0.132254913 0.900539041
1403638580.427830 1.664586067 -0.321402252 0.549666345 0.038294528 0.395371228 0.133796021 0.907917261
1403638580.477829 1.668955326 -0.319825679 0.552314878 0.037427723 0.381715536 0.133260772 0.913856626
1403638580.527829 1.679529667 -0.315854877 0.557459593 0.039343487 0.369425267 0.133875892 0.918724298
1403638580.577829 1.683806658 -0.316216886 0.560114741 0.038310595 0.359220088 0.133197054 0.922904015
1403638580.627830 1.688740492 -0.316206813 0.569041848 0.036627263 0.349458694 0.132247299 0.926848292
1403638580.677829 1.689639688 -0.316933930 0.569126487 0.031763427 0.339228988 0.130476087 0.931069672
1403638580.727829 1.689142227 -0.312855661 0.569872916 0.026841912 0.330065846 0.125834405 0.935148001
1403638580.777829 1.692929029 -0.311807126 0.573083580 0.022817517 0.322894126 0.122050472 0.938255012
1403638580.827830 1.696360469 -0.312171429 0.575397074 0.019519227 0.317163885 0.119123228 0.940657079
1403638580.877829 1.696691275 -0.310827464 0.577381134 0.016071500 0.313438714 0.115069911 0.942473769
1403638580.927830 1.697905540 -0.315324694 0.581253767 0.015115415 0.310608476 0.114633471 0.943479240
1403638580.977829 1.705504656 -0.313871056 0.583007693 0.016864693 0.306437373 0.116492935 0.944585204
1403638581.027829 1.709286690 -0.314398915 0.586604238 0.016805759 0.305329859 0.116063252 0.944997668
1403638581.077829 1.709430814 -0.315237164 0.584582508 0.016186349 0.304387659 0.115547992 0.945375502
1403638581.127830 1.711561918 -0.315911710 0.584610879 0.015411031 0.305268973 0.112527013 0.945468724
1403638581.177829 1.717144608 -0.317797750 0.588100076 0.016036553 0.305688649 0.112351954 0.945343494
1403638581.227829 1.719628930 -0.320707977 0.588624954 0.014513846 0.307116002 0.110932305 0.945073068
1403638581.277829 1.723266125 -0.322748989 0.590414226 0.014075774 0.308982968 0.109610192 0.944625318
1403638581.327830 1.726793528 -0.324037194 0.591612339 0.014438276 0.310107857 0.110251456 0.944176495
1403638581.377829 1.731150150 -0.325606138 0.592827320 0.015639145 0.311473757 0.109033316 0.943849206
1403638581.427830 1.732702851 -0.328601837 0.595201075 0.015596390 0.313790053 0.108109713 0.943188667
1403638581.477829 1.736552477 -0.330486983 0.596385181 0.017230820 0.315021068 0.108504906 0.942704320
1403638581.527829 1.741495967 -0.331370980 0.597622871 0.017219992 0.316369146 0.108669080 0.942234099
1403638581.577829 1.743914843 -0.334395707 0.598956406 0.017179344 0.318030357 0.108349659 0.941712260
1403638581.627830 1.746833801 -0.337570220 0.600707114 0.019760393 0.320197433 0.107660562 0.941006005
1403638581.677829 1.751092911 -0.341213614 0.603167355 0.022655794 0.322446346 0.105857320 0.940377235
1403638581.727829 1.756074309 -0.342073590 0.604340792 0.027446460 0.323270589 0.105434664 0.940014064
1403638581.777829 1.760784626 -0.341186464 0.607877195 0.030085318 0.324193031 0.106675319 0.939475477
1403638581.827830 1.759930015 -0.345623583 0.606710672 0.028801560 0.325521231 0.105449744 0.939194739
1403638581.877829 1.763058186 -0.347182333 0.610156298 0.032701038 0.327069163 0.104178749 0.938670993
1403638581.927830 1.768048525 -0.348923385 0.612470031 0.039965130 0.327999234 0.103034109 0.938191533
1403638581.977829 1.768091440 -0.349892735 0.612332106 0.044626385 0.329041004 0.100912720 0.937847078
1403638582.027829 1.769905329 -0.351996869 0.615355432 0.044994231 0.329702586 0.101264387 0.937559187
1403638582.077829 1.770843744 -0.352249771 0.614034057 0.041240089 0.328632951 0.102724046 0.937948525
1403638582.127830 1.773883343 -0.354352564 0.616467357 0.033757739 0.328672767 0.104363821 0.938052714
1403638582.177829 1.773604631 -0.353654444 0.617261291 0.029492365 0.326949269 0.108297013 0.938352883
1403638582.227829 1.774864435 -0.355981290 0.617543161 0.023932306 0.327196419 0.108021922 0.938456774
1403638582.277829 1.775822401 -0.357246220 0.620341957 0.024302242 0.327505589 0.108134389 0.938326418
1403638582.327830 1.777958393 -0.360365868 0.619932950 0.026531868 0.328247696 0.105470955 0.938309908
1403638582.377829 1.779942036 -0.363361478 0.620006025 0.030128285 0.327912182 0.105061755 0.938364506
1403638582.427830 1.780534148 -0.364732385 0.620152771 0.031709246 0.328416944 0.103131033 0.938350081
1403638582.477829 1.781208396 -0.369078606 0.620286226 0.032043062 0.328707457 0.102262035 0.938332140
1403638582.527829 1.781794548 -0.370386451 0.620099068 0.033765767 0.328453273 0.101597428 0.938432932
1403638582.577829 1.781415462 -0.375346750 0.619523406 0.033637207 0.328919619 0.101352550 0.938300669
1403638582.627830 1.781570792 -0.379064292 0.620630026 0.033796795 0.329355001 0.101232499 0.938155115
1403638582.677829 1.781132698 -0.384133428 0.620180726 0.031110687 0.329400688 0.100888506 0.938269079
1403638582.727829 1.780497313 -0.388238072 0.619512737 0.028531656 0.329235703 0.102175280 0.938269675
1403638582.777829 1.780249834 -0.391642481 0.618993461 0.028622830 0.328879684 0.103460141 0.938250959
1403638582.827830 1.780205965 -0.396495730 0.617367983 0.026185233 0.329102576 0.103515416 0.938237906
1403638582.877829 1.779344797 -0.399303347 0.617948651 0.026166294 0.329348147 0.103641264 0.938138366
1403638582.927830 1.778311014 -0.402293056 0.617714226 0.024706218 0.329547822 0.104330897 0.938031375
1403638582.977829 1.776252866 -0.406227201 0.618919492 0.022579111 0.330043614 0.105680823 0.937759578
1403638583.027829 1.777604938 -0.411342651 0.616429806 0.018826127 0.329204500 0.105925679 0.938109696
1403638583.077829 1.775521994 -0.415216058 0.617771864 0.016938578 0.329839170 0.107438505 0.937750638
1403638583.127830 1.774758816 -0.416815460 0.618818641 0.015733043 0.329950154 0.107662946 0.937706828
1403638583.177829 1.773894310 -0.419594675 0.617495120 0.014185165 0.329705387 0.108190641 0.937756896
1403638583.227829 1.772748470 -0.421625286 0.618393064 0.013866108 0.329591244 0.109578185 0.937640667
1403638583.277829 1.771563053 -0.422918826 0.618035436 0.013621610 0.329384953 0.109937310 0.937674701
1403638583.327830 1.770622253 -0.425652653 0.618091464 0.013761009 0.329861671 0.108810477 0.937636495
1403638583.377829 1.769009590 -0.428594112 0.619448781 0.013807516 0.329431742 0.109349050 0.937724292
1403638583.427830 1.767483950 -0.430507332 0.622214437 0.013350331 0.330032587 0.109375790 0.937516510
1403638583.477829 1.766630173 -0.432747036 0.620431900 0.012442551 0.329554379 0.109291278 0.937707067
1403638583.527829 1.763460159 -0.435113251 0.623850644 0.011279157 0.330012262 0.109048955 0.937588930
1403638583.577829 1.763024569 -0.439348131 0.623833358 0.010921227 0.330091029 0.108409278 0.937639654
1403638583.627830 1.762187243 -0.439112723 0.623725891 0.013106393 0.329685003 0.108409949 0.937754393
1403638583.677829 1.760816097 -0.442899019 0.622604787 0.012487263 0.329768628 0.107093595 0.937884748
1403638583.727829 1.757260799 -0.446522892 0.624873281 0.011646161 0.330424517 0.106678657 0.937711954
1403638583.777829 1.758984804 -0.450240493 0.624686122 0.012812489 0.329509735 0.107666604 0.937905729
1403638583.827830 1.754944921 -0.453289330 0.625759065 0.012884858 0.330033213 0.106857426 0.937813163
1403638583.877829 1.752966166 -0.454303682 0.627231121 0.015149381 0.330028296 0.106641993 0.937805593
1403638583.927830 1.751382947 -0.458507359 0.629185140 0.013042862 0.330326915 0.105794072 0.937828124
1403638583.977829 1.748684406 -0.461323172 0.632464170 0.012615203 0.331301391 0.105217882 0.937555015
1403638584.027829 1.746950030 -0.463123351 0.632305324 0.014125642 0.330794036 0.104559787 0.937786222
1403638584.077829 1.744883895 -0.465580493 0.634849489 0.019027375 0.331852138 0.102233745 0.937582195
1403638584.127830 1.742511034 -0.466256052 0.635404408 0.026670597 0.332719088 0.099141568 0.937420726
1403638584.177829 1.740663290 -0.469991535 0.638091147 0.034043644 0.333629817 0.096698016 0.937113464
1403638584.227829 1.738564491 -0.471871048 0.639988303 0.042325445 0.334690332 0.093182899 0.936753869
1403638584.277829 1.735357285 -0.472266734 0.640091717 0.049665611 0.334257603 0.092969328 0.936569214
1403638584.327830 1.732512355 -0.473317504 0.642634511 0.052763317 0.335208118 0.090995871 0.936253846
1403638584.377829 1.729242802 -0.474204481 0.642402053 0.054084018 0.334759951 0.090581737 0.936378956
1403638584.427830 1.725951672 -0.474833727 0.647097290 0.054167453 0.335401535 0.090936735 0.936110139
1403638584.477829 1.723768711 -0.474108636 0.646954179 0.054918412 0.335224152 0.089876682 0.936232328
1403638584.527829 1.719677210 -0.474392474 0.648043096 0.055569593 0.334674507 0.091368333 0.936246157
1403638584.577829 1.715515614 -0.474854469 0.648628533 0.054353062 0.334848255 0.090178758 0.936370790
1403638584.627830 1.710865736 -0.475365222 0.649764657 0.053546820 0.334059745 0.091407232 0.936579704
1403638584.677829 1.707260132 -0.477171004 0.649366856 0.051364742 0.333128124 0.092622526 0.936914325
1403638584.727829 1.700859189 -0.477796882 0.650303900 0.047673188 0.332978308 0.093409307 0.937084556
1403638584.777829 1.696424723 -0.477566451 0.650906146 0.041350093 0.331443280 0.097098708 0.937553942
1403638584.827830 1.691689849 -0.481832474 0.650466323 0.033683684 0.330704153 0.099327236 0.937888205
1403638584.877829 1.687400937 -0.480519265 0.650346935 0.028151404 0.328462690 0.104235291 0.938325524
1403638584.927830 1.680257082 -0.482111484 0.649026275 0.024343861 0.328332543 0.105796047 0.938302875
1403638584.977829 1.672666907 -0.483681560 0.649937153 0.021846928 0.328296363 0.107366599 0.938198626
1403638585.027829 1.668390274 -0.486519873 0.650101602 0.018919559 0.327966601 0.108146749 0.938287914
1403638585.077829 1.663286686 -0.486248195 0.649569213 0.019009722 0.328132093 0.108002938 0.938244820
1403638585.127830 1.656039953 -0.483654559 0.651906490 0.020288724 0.327673346 0.110190697 0.938124001
1403638585.177829 1.651801467 -0.484445363 0.651422024 0.020698931 0.327139974 0.110807814 0.938228488
1403638585.227829 1.647499204 -0.487471431 0.649813175 0.020630416 0.327402711 0.110008642 0.938232362
1403638585.277829 1.642214060 -0.486360341 0.650438428 0.022917693 0.327505827 0.109390669 0.938215554
1403638585.327830 1.636114359 -0.487551838 0.649478018 0.024746181 0.327539086 0.108546361 0.938255548
1403638585.377829 1.631134272 -0.486941785 0.651329637 0.026233997 0.327660352 0.108332202 0.938197494
1403638585.427830 1.624556065 -0.487426400 0.653332412 0.025604079 0.328060865 0.108384453 0.938068926
1403638585.477829 1.618619680 -0.487326652 0.652959824 0.025056370 0.327950299 0.108600914 0.938097358
1403638585.527829 1.613625288 -0.485464275 0.652773023 0.024314489 0.327731133 0.108292706 0.938229084
1403638585.577829 1.607007265 -0.486724764 0.654413223 0.022609981 0.327482939 0.109452635 0.938223779
1403638585.627830 1.599930644 -0.487708271 0.657817364 0.020953288 0.328155875 0.109373935 0.938036263
1403638585.677829 1.593316436 -0.488732517 0.660016298 0.018576412 0.328378975 0.110011697 0.937933683
1403638585.727829 1.587573051 -0.488819182 0.659874439 0.014204632 0.327771157 0.110994607 0.938106894
1403638585.777829 1.582321405 -0.487329721 0.658620477 0.011264562 0.326417357 0.113610290 0.938305736
1403638585.827830 1.576641440 -0.487882584 0.658284605 0.007748106 0.325806588 0.114864737 0.938400865
1403638585.877829 1.570450068 -0.486534089 0.657328665 0.005614468 0.324792832 0.116622873 0.938550591
1403638585.927830 1.565596581 -0.494002253 0.653991342 0.002244871 0.324322820 0.118540481 0.938486993
1403638585.977829 1.560840130 -0.493952513 0.653939605 0.004117057 0.324383467 0.118979663 0.938404083
1403638586.027829 1.556279778 -0.503936529 0.647873998 0.005054695 0.324106961 0.118643738 0.938537598
1403638586.077829 1.550337791 -0.507340789 0.648831189 0.007777208 0.325372696 0.117281213 0.938252211
1403638586.127830 1.544030190 -0.511482537 0.650302112 0.009458482 0.326775819 0.116174452 0.937886775
1403638586.177829 1.539250612 -0.505024672 0.651762664 0.014931696 0.326253831 0.115700945 0.938055873
1403638586.227829 1.534595728 -0.507479310 0.651908338 0.016596792 0.326944381 0.114541925 0.937929690
1403638586.277829 1.530539751 -0.510601223 0.652637482 0.018169263 0.327900410 0.113192543 0.937730551
1403638586.327830 1.525732517 -0.512637854 0.652242720 0.020832699 0.328840435 0.110929616 0.937616467
1403638586.377829 1.520799160 -0.513599455 0.652654886 0.022899583 0.330329508 0.106817476 0.937522292
1403638586.427830 1.516461492 -0.514952540 0.652916431 0.024842449 0.332245171 0.102304600 0.937299192
1403638586.477829 1.510740995 -0.517034173 0.654062927 0.024877911 0.334332824 0.098136276 0.937001586
1403638586.527829 1.506017804 -0.517053306 0.655089378 0.025706517 0.335463494 0.095174044 0.936880648
1403638586.577829 1.499204636 -0.518257916 0.655811369 0.025558176 0.335468084 0.095913917 0.936807632
1403638586.627830 1.492982864 -0.522406340 0.657149434 0.023249255 0.334934711 0.098177411 0.936824143
1403638586.677829 1.489438295 -0.518358529 0.658575535 0.024484063 0.334257007 0.099204421 0.936926544
1403638586.727829 1.484067440 -0.517533958 0.659382582 0.025474600 0.332840115 0.102259353 0.937076032
1403638586.777829 1.477006435 -0.517072678 0.662209272 0.025919974 0.332523733 0.103843123 0.937002003
1403638586.827830 1.471008897 -0.515934646 0.663381636 0.027792595 0.331743658 0.105484858 0.937041461
1403638586.877829 1.465345621 -0.515451014 0.664476156 0.028339555 0.331068456 0.105682187 0.937241614
1403638586.927830 1.458987713 -0.514836788 0.666309714 0.028807439 0.331404924 0.105131894 0.937170267
1403638586.977829 1.453995347 -0.513868570 0.667328298 0.028698357 0.331005901 0.105183549 0.937308908
1403638587.027829 1.445814610 -0.514314055 0.667444706 0.028607568 0.330642641 0.106201097 0.937325120
1403638587.077829 1.441735268 -0.514028311 0.669916689 0.028278431 0.330794722 0.106142007 0.937288165
1403638587.127830 1.434616208 -0.514534056 0.671584606 0.027532930 0.330764920 0.106308959 0.937301874
1403638587.177829 1.427786708 -0.512161553 0.670971751 0.026413158 0.330156475 0.106187791 0.937562406
1403638587.227829 1.422458172 -0.513335347 0.674632549 0.024203857 0.330231816 0.106469475 0.937563539
1403638587.277829 1.414948225 -0.512711108 0.675656736 0.023189278 0.330180675 0.106875949 0.937560976
1403638587.327830 1.408741713 -0.514165521 0.675135791 0.020601124 0.330155104 0.106914304 0.937626004
1403638587.377829 1.401191235 -0.512994409 0.677330911 0.020666722 0.329945832 0.107668355 0.937611938
1403638587.427830 1.394859076 -0.514764965 0.676604688 0.019788420 0.329594314 0.108413935 0.937668622
1403638587.477829 1.388165951 -0.513349652 0.677323103 0.020753074 0.329063416 0.109890267 0.937662363
1403638587.527829 1.384066582 -0.513841748 0.678531647 0.021272507 0.329099566 0.110334113 0.937585950
1403638587.577829 1.377184868 -0.514221311 0.679181874 0.020590531 0.329238772 0.111276455 0.937440932
1403638587.627830 1.369241714 -0.514949501 0.679781675 0.020698793 0.329006046 0.111734860 0.937465668
1403638587.677829 1.362959862 -0.513828099 0.681457996 0.020988824 0.329152405 0.111843072 0.937394977
1403638587.727829 1.357866645 -0.513202190 0.681743741 0.021586843 0.329067439 0.111696444 0.937428713
1403638587.777829 1.349121332 -0.511496007 0.684929609 0.022270417 0.329527617 0.112501919 0.937154710
1403638587.827830 1.342375278 -0.511799574 0.684424460 0.021911474 0.329338759 0.113119930 0.937155128
1403638587.877829 1.335822105 -0.511877000 0.684797764 0.022078527 0.329067796 0.113607548 0.937187433
1403638587.927830 1.332531571 -0.510650754 0.687155306 0.022542685 0.329459161 0.113742329 0.937022507
1403638587.977829 1.325889111 -0.508742511 0.689289987 0.023313576 0.329534918 0.114238039 0.936916709
1403638588.027829 1.319786906 -0.506807327 0.689209938 0.024147781 0.329050541 0.113893472 0.937107742
1403638588.077829 1.312974930 -0.507289827 0.690912306 0.023442013 0.329805791 0.112574615 0.937019527
1403638588.127830 1.306576490 -0.505843699 0.691909075 0.022395508 0.330982536 0.110076480 0.936927021
1403638588.177829 1.300588846 -0.503890634 0.693421841 0.021725556 0.332654208 0.105477080 0.936879814
1403638588.227829 1.293993235 -0.499963790 0.696623445 0.022051567 0.333410561 0.103115603 0.936866224
1403638588.277829 1.287420273 -0.498481065 0.697534621 0.021859938 0.333832651 0.102056488 0.936836362
1403638588.327830 1.281312704 -0.498739630 0.699111760 0.020337619 0.333943695 0.101770438 0.936862171
1403638588.377829 1.275142312 -0.497741222 0.700101852 0.020645866 0.334077328 0.100999795 0.936891198
1403638588.427830 1.267039180 -0.496261925 0.700377584 0.021360796 0.333233953 0.102041006 0.937062681
1403638588.477829 1.259783268 -0.496991813 0.701672316 0.020513611 0.333313048 0.102424234 0.937011719
1403638588.527829 1.253969669 -0.495332092 0.702090859 0.022054374 0.332322508 0.104415782 0.937108696
1403638588.577829 1.247284174 -0.496315658 0.703042746 0.022653615 0.332044780 0.105493866 0.937072158
1403638588.627830 1.241038084 -0.496744841 0.704687715 0.023438808 0.331360638 0.106504314 0.937180698
1403638588.677829 1.231956244 -0.498963147 0.703311741 0.023487236 0.330773562 0.107499026 0.937273264
1403638588.727829 1.226986289 -0.500485480 0.705497622 0.025470782 0.330626309 0.109225966 0.937073767
1403638588.777829 1.219669700 -0.500948250 0.705479383 0.025860704 0.330590546 0.109343030 0.937062025
1403638588.827830 1.212112784 -0.503607929 0.706808925 0.026186669 0.330419928 0.110242262 0.937007844
1403638588.877829 1.205274820 -0.501937747 0.706367910 0.027350817 0.329704732 0.112899669 0.936910033
1403638588.927830 1.197604418 -0.502932668 0.707029402 0.027171668 0.329992294 0.112571925 0.936853468
1403638588.977829 1.191500425 -0.503086150 0.708112478 0.026748158 0.329962105 0.112475127 0.936887920
1403638589.027829 1.182040691 -0.503638327 0.708659947 0.026443105 0.330292821 0.113035351 0.936712563
1403638589.077829 1.178524494 -0.501718640 0.709792376 0.026727576 0.330690205 0.112622790 0.936613977
1403638589.127830 1.171295404 -0.501384735 0.710337758 0.026450623 0.331195027 0.111674212 0.936556995
1403638589.177829 1.163304925 -0.501077354 0.711517394 0.026598588 0.331592113 0.111300580 0.936456800
1403638589.227829 1.156675339 -0.500558913 0.712646723 0.026762763 0.331442028 0.111851841 0.936439574
1403638589.277829 1.149446249 -0.499213219 0.713183284 0.028221836 0.331527978 0.111520961 0.936405778
1403638589.327830 1.143244028 -0.497748107 0.714736581 0.028178042 0.331546992 0.111962058 0.936347723
1403638589.377829 1.135429382 -0.496912569 0.714777827 0.028784474 0.331573904 0.111288525 0.936400056
1403638589.427830 1.127965927 -0.496135950 0.715221822 0.027693277 0.331437230 0.112219036 0.936370313
1403638589.477829 1.122270584 -0.495783180 0.716118217 0.027078049 0.331611156 0.111959606 0.936357796
1403638589.527829 1.115030766 -0.496710598 0.715972662 0.026652783 0.331086963 0.112465501 0.936494827
1403638589.577829 1.108094811 -0.496133059 0.716122746 0.026895888 0.331268609 0.112592846 0.936408341
1403638589.627830 1.101300597 -0.495526075 0.716372371 0.027309561 0.331103235 0.111921579 0.936535358
1403638589.677829 1.092478752 -0.495662868 0.715856731 0.026149495 0.330977142 0.112858400 0.936500609
1403638589.727829 1.086701870 -0.495916814 0.715751886 0.024660422 0.330951661 0.113028221 0.936529517
1403638589.777829 1.078684330 -0.496682137 0.715594888 0.023479572 0.331352979 0.113066323 0.936413348
1403638589.827830 1.071827650 -0.497140378 0.715056717 0.023048881 0.330986172 0.114116974 0.936426282
1403638589.877829 1.065619826 -0.496828586 0.715333879 0.022554809 0.331815541 0.113849618 0.936177313
1403638589.927830 1.058326006 -0.496942639 0.714978039 0.021896496 0.332247138 0.113488175 0.936083734
1403638589.977829 1.051552415 -0.497196883 0.714414835 0.022093784 0.332217127 0.114269942 0.935994685
1403638590.027829 1.044746876 -0.495666444 0.714900613 0.022764936 0.332070500 0.115196675 0.935917020
1403638590.077829 1.037772179 -0.495577902 0.715123653 0.022333486 0.332254171 0.114978492 0.935889006
1403638590.127830 1.029598832 -0.496208370 0.714954138 0.023020133 0.332966566 0.115066640 0.935608387
1403638590.177829 1.023370147 -0.493591160 0.714868665 0.024128327 0.332878292 0.114776604 0.935647488
1403638590.227829 1.015951395 -0.492852241 0.715699255 0.024832025 0.333086997 0.114971966 0.935530782
1403638590.277829 1.009410501 -0.491625160 0.715283513 0.025280034 0.333043605 0.115244105 0.935500741
1403638590.327830 1.001851797 -0.492045254 0.715071380 0.024852376 0.333344281 0.114997745 0.935435474
1403638590.377829 0.996938050 -0.489745140 0.715861261 0.024571007 0.333367288 0.115648046 0.935354471
1403638590.427830 0.989509583 -0.489180982 0.716390014 0.022964511 0.333931893 0.114971913 0.935277224
1403638590.477829 0.982583404 -0.488097608 0.716156840 0.022589473 0.333597988 0.115715489 0.935313880
1403638590.527829 0.974750161 -0.486544132 0.717529237 0.022618722 0.333734751 0.116168238 0.935208261
1403638590.577829 0.968293965 -0.484684110 0.717449248 0.021281473 0.333386064 0.116812870 0.935283720
1403638590.627830 0.961037397 -0.484706789 0.716770947 0.019172780 0.333183378 0.117198430 0.935353279
1403638590.677829 0.952690959 -0.483291864 0.715406895 0.018522331 0.332216650 0.119004644 0.935482204
1403638590.727829 0.946764410 -0.482228011 0.716865778 0.018360203 0.332305163 0.119682573 0.935367405
1403638590.777829 0.938349605 -0.482072473 0.716565847 0.017640760 0.332215875 0.119741924 0.935405374
1403638590.827830 0.935170650 -0.482537389 0.716109991 0.016310321 0.332233757 0.119383246 0.935469031
1403638590.877829 0.928849697 -0.482610852 0.715801358 0.015879169 0.332313895 0.119563118 0.935425043
1403638590.927830 0.921881914 -0.483587980 0.716079354 0.015320330 0.332081199 0.120713525 0.935369253
1403638590.977829 0.915289104 -0.483650565 0.715298653 0.014883718 0.331837714 0.120638005 0.935472429
1403638591.027829 0.908983111 -0.484382808 0.714156270 0.013912363 0.331632107 0.122138828 0.935365558
1403638591.077829 0.902185738 -0.486095637 0.714411080 0.012713536 0.331676692 0.122721739 0.935290515
1403638591.127830 0.896668315 -0.486776531 0.712939262 0.008788652 0.331321776 0.123444088 0.935366333
1403638591.177829 0.890546918 -0.486705780 0.713363647 0.005262791 0.331391752 0.124662802 0.935206413
1403638591.227829 0.884929895 -0.486864775 0.712461531 -0.000061352 0.330803454 0.126280636 0.935212433
1403638591.277829 0.877650738 -0.487507254 0.713120162 -0.005691594 0.330401570 0.127842709 0.935124934
1403638591.327830 0.873306692 -0.487112045 0.712802410 -0.010423154 0.329316705 0.130417868 0.935111284
1403638591.377829 0.867635846 -0.487314314 0.713108897 -0.013599552 0.328724861 0.132169291 0.935032785
1403638591.427830 0.863634467 -0.486543745 0.713362455 -0.016490227 0.327911645 0.133654296 0.935060740
1403638591.477829 0.858082056 -0.486015797 0.713985264 -0.018577863 0.327199519 0.135498866 0.935005546
1403638591.527829 0.854333162 -0.485629678 0.715369344 -0.021234851 0.326389909 0.137631014 0.934920549
1403638591.577829 0.848155975 -0.486393154 0.716441154 -0.024183000 0.326170206 0.138765156 0.934757948
1403638591.627830 0.844028115 -0.485162139 0.718766093 -0.025084762 0.326130480 0.139825717 0.934589982
1403638591.677829 0.839978576 -0.485084116 0.721138477 -0.024588073 0.326259911 0.140480459 0.934459805
1403638591.727829 0.836693883 -0.485402495 0.723534763 -0.023439690 0.326534688 0.140485227 0.934392631
1403638591.777829 0.831767917 -0.485227048 0.726028085 -0.021369740 0.327735126 0.138420328 0.934330165
1403638591.827830 0.829635143 -0.484921873 0.729118288 -0.018775702 0.327707350 0.138471186 0.934388101
1403638591.877829 0.826726019 -0.484614164 0.731798589 -0.016788203 0.328098953 0.136978060 0.934508622
1403638591.927830 0.824660420 -0.485882849 0.734225035 -0.013823209 0.328017473 0.136613116 0.934639156
1403638591.977829 0.822784662 -0.486373782 0.736417413 -0.012023224 0.328040302 0.136208907 0.934715033
1403638592.027829 0.820686698 -0.486550748 0.739526570 -0.008167719 0.328359872 0.135594785 0.934733748
1403638592.077829 0.819257140 -0.487833142 0.741719484 -0.006462744 0.328145236 0.135223255 0.934876263
1403638592.127830 0.817278981 -0.489907980 0.745311439 -0.004855666 0.327962309 0.134445906 0.935062289
1403638592.177829 0.816046298 -0.492028475 0.747945964 -0.000144990 0.325829148 0.134363964 0.935832083
1403638592.227829 0.815058529 -0.494536340 0.750308692 0.006209588 0.323018581 0.133719206 0.936877549
1403638592.277829 0.814040184 -0.497863382 0.753314018 0.013250480 0.318962604 0.132668465 0.938342333
1403638592.327830 0.813294053 -0.500958443 0.756046712 0.018845059 0.313799977 0.131425619 0.940160453
1403638592.377829 0.810801446 -0.505202055 0.757190228 0.023582425 0.307266504 0.129860997 0.942426324
1403638592.427830 0.813347697 -0.507923961 0.759353280 0.026570341 0.298028708 0.127358109 0.945649445
1403638592.477829 0.812206686 -0.511077702 0.761377633 0.027600354 0.289460957 0.125096202 0.948578715
1403638592.527829 0.811366439 -0.515553713 0.763373792 0.025063280 0.282057494 0.121405907 0.951354802
1403638592.577829 0.811932325 -0.519135833 0.763899803 0.021442562 0.274808198 0.117496178 0.954052031
1403638592.627830 0.811242700 -0.524129868 0.765385389 0.017549017 0.268862158 0.114326566 0.956208467
1403638592.677829 0.809401512 -0.529451966 0.765849829 0.012944752 0.264160484 0.112191208 0.957843840
1403638592.727829 0.809081197 -0.533593714 0.767385960 0.008647205 0.259776682 0.109975062 0.959347069
1403638592.777829 0.809577286 -0.538879454 0.767936170 0.003541589 0.255690873 0.109269179 0.960557103
1403638592.827830 0.809963226 -0.542978644 0.769432724 -0.000378710 0.252237052 0.108756989 0.961534321
1403638592.877829 0.811405778 -0.546242952 0.770477712 -0.002984723 0.249323621 0.107585110 0.962421060
1403638592.927830 0.812026799 -0.549490929 0.771677911 -0.004593976 0.247850254 0.106177002 0.962951541
1403638592.977829 0.813038468 -0.553173184 0.773501396 -0.005981251 0.246649817 0.105046578 0.963376045
1403638593.027829 0.813147426 -0.559064925 0.776123106 -0.007372966 0.246527746 0.105061322 0.963396013
1403638593.077829 0.814357996 -0.562542796 0.777871847 -0.008001056 0.245866269 0.104692698 0.963600099
1403638593.127830 0.816113651 -0.566041529 0.780542612 -0.007187502 0.245452791 0.104396440 0.963744044
1403638593.177829 0.818822384 -0.566766322 0.782420456 -0.003255743 0.244704187 0.103449270 0.964057863
1403638593.227829 0.820302963 -0.570600808 0.784580588 0.000320607 0.246281996 0.100732520 0.963949263
1403638593.277829 0.822316110 -0.574002624 0.786041021 0.002605837 0.248193547 0.096502587 0.963888228
1403638593.327830 0.824354053 -0.578192890 0.788438320 0.005051646 0.250408322 0.092098199 0.963736594
1403638593.377829 0.826021969 -0.583596647 0.792242885 0.007971630 0.253132701 0.087557666 0.963428259
1403638593.427830 0.827644348 -0.587933660 0.794314623 0.012198728 0.256146491 0.081897408 0.963085175
1403638593.477829 0.830513835 -0.592613280 0.796441972 0.015317347 0.257572234 0.079275176 0.962879777
1403638593.527829 0.832116306 -0.597096562 0.799001873 0.017773904 0.259409130 0.077088848 0.962521851
1403638593.577829 0.833887219 -0.600067079 0.802330911 0.019912697 0.260798365 0.075608864 0.962221980
1403638593.627830 0.835612535 -0.604246199 0.804738760 0.020623138 0.261765480 0.075032420 0.961989462
1403638593.677829 0.836852789 -0.608500659 0.807481885 0.020967571 0.262784719 0.073832050 0.961796999
1403638593.727829 0.838870764 -0.611531019 0.810635567 0.023394417 0.262991697 0.073860243 0.961682260
1403638593.777829 0.839797914 -0.614939928 0.813777208 0.026227152 0.263903618 0.073471531 0.961389065
1403638593.827830 0.840305686 -0.617944419 0.816373169 0.034253120 0.263326019 0.074841909 0.961189270
1403638593.877829 0.841058612 -0.624583244 0.820824742 0.043303411 0.261697888 0.075519681 0.961215794
1403638593.927830 0.842836022 -0.627587259 0.822600126 0.049727786 0.257883787 0.075598754 0.961929262
1403638593.977829 0.842953742 -0.627870679 0.823430300 0.052795950 0.253554553 0.076122075 0.962874949
1403638594.027829 0.843630731 -0.631513417 0.826059341 0.049573086 0.249333188 0.077650130 0.964025915
1403638594.077829 0.843207717 -0.638181210 0.829721570 0.044208679 0.246398419 0.079294950 0.964907110
1403638594.127830 0.843125701 -0.641894042 0.831147313 0.039765269 0.244004130 0.078539483 0.965770304
1403638594.177829 0.843348384 -0.644498706 0.832128406 0.035686702 0.242018133 0.076779313 0.966570556
1403638594.227829 0.843870819 -0.646989107 0.833291948 0.033604812 0.240620881 0.074972697 0.967135668
1403638594.277829 0.843146205 -0.651464760 0.834531605 0.032315038 0.239822939 0.072593689 0.967559218
1403638594.327830 0.843016744 -0.654757380 0.835809231 0.033255555 0.238917127 0.070961826 0.967872441
1403638594.377829 0.843284726 -0.658015192 0.836954117 0.034345474 0.238830522 0.066857308 0.968147933
1403638594.427830 0.842107475 -0.661222100 0.838026285 0.035902128 0.239319876 0.063165240 0.968218565
1403638594.477829 0.841835260 -0.664297044 0.838322222 0.036921196 0.239097580 0.060452599 0.968408287
1403638594.527829 0.840839744 -0.668450356 0.839391410 0.036644787 0.237254828 0.062712371 0.968728244
1403638594.577829 0.839553952 -0.671608448 0.839513004 0.037283231 0.235868916 0.065175101 0.968879759
1403638594.627830 0.838369310 -0.674853683 0.839002073 0.037182443 0.233998016 0.068409592 0.969114304
1403638594.677829 0.837301850 -0.679204106 0.839703560 0.036796775 0.232999444 0.070984639 0.969184399
1403638594.727829 0.836289167 -0.683672369 0.839301586 0.035583463 0.232290298 0.073032424 0.969247818
1403638594.777829 0.835048199 -0.687236667 0.839003205 0.034928411 0.231909052 0.073851332 0.969300866
1403638594.827830 0.833921432 -0.690259814 0.839075685 0.034974318 0.231801167 0.075030006 0.969234526
1403638594.877829 0.831536710 -0.692903161 0.838910520 0.034984354 0.232046619 0.076218091 0.969082713
1403638594.927830 0.830387831 -0.695741832 0.838766277 0.033352889 0.232298940 0.076303713 0.969072998
1403638594.977829 0.828439713 -0.697445810 0.838901222 0.031767868 0.233037829 0.076410435 0.968940496
1403638595.027829 0.827364981 -0.700121760 0.838603556 0.030598307 0.232437938 0.078405559 0.968962848
1403638595.077829 0.825507045 -0.701427877 0.837840140 0.029418968 0.232604966 0.078555651 0.968947113
1403638595.127830 0.823790133 -0.703017592 0.838836193 0.028905351 0.232906491 0.079606056 0.968804359
1403638595.177829 0.821973920 -0.704089582 0.838702738 0.028513994 0.233357251 0.079653271 0.968703628
1403638595.227829 0.820263386 -0.704340577 0.838674128 0.028523821 0.233796552 0.079421662 0.968616426
1403638595.277829 0.818206728 -0.705352545 0.839221895 0.028013738 0.234125227 0.079521522 0.968543708
1403638595.327830 0.817115366 -0.706018329 0.838816464 0.028066304 0.234153837 0.079359666 0.968548536
1403638595.377829 0.815659344 -0.706976354 0.838805914 0.027830532 0.233831286 0.080126517 0.968570113
1403638595.427830 0.814042807 -0.706842601 0.839254141 0.027918391 0.233969882 0.080221482 0.968526304
1403638595.477829 0.811951995 -0.706421554 0.839438200 0.027567875 0.233969733 0.080458455 0.968516707
1403638595.527829 0.810492992 -0.707547963 0.839911819 0.026505128 0.233969808 0.080036096 0.968581319
1403638595.577829 0.808467269 -0.706212103 0.839652777 0.026098702 0.233916059 0.080161430 0.968595028
1403638595.627830 0.807189584 -0.706280053 0.839934289 0.025966978 0.233933046 0.079226397 0.968671381
1403638595.677829 0.805317760 -0.705968499 0.839621067 0.026088940 0.234742507 0.077289417 0.968628764
1403638595.727829 0.803500056 -0.706242919 0.839500964 0.025166495 0.235768318 0.074376360 0.968632102
1403638595.777829 0.801829875 -0.706885874 0.839167297 0.024266100 0.236482829 0.072538301 0.968620241
1403638595.827830 0.799892962 -0.707024157 0.839038908 0.023677299 0.236935019 0.071628049 0.968592048
1403638595.877829 0.797860742 -0.707086146 0.838652492 0.023671309 0.237225249 0.071286671 0.968546391
1403638595.927830 0.795913935 -0.706948876 0.838707209 0.023861410 0.237717196 0.070306227 0.968492746
1403638595.977829 0.793932974 -0.705847561 0.838926077 0.023890652 0.238413736 0.068712719 0.968435168
1403638596.027829 0.791690111 -0.704863012 0.839294136 0.023990309 0.239740193 0.066131279 0.968284965
1403638596.077829 0.789502978 -0.703074813 0.839494824 0.022077410 0.241885722 0.060731791 0.968150556
1403638596.127830 0.787608206 -0.701649368 0.839977622 0.021201303 0.243926957 0.054805107 0.968011677
1403638596.177829 0.785128176 -0.700217903 0.840225577 0.018767834 0.246504232 0.047780961 0.967781186
1403638596.227829 0.782357872 -0.699070692 0.840344071 0.016758755 0.248801857 0.041081935 0.967537642
1403638596.277829 0.779676974 -0.698305726 0.840115726 0.014506049 0.251030892 0.034065884 0.967270732
1403638596.327830 0.776213109 -0.698091865 0.840808153 0.013480463 0.252887130 0.028252877 0.966989219
1403638596.377829 0.772068202 -0.697694004 0.841614842 0.013506941 0.254704922 0.022792840 0.966655791
1403638596.427830 0.767915308 -0.698315740 0.842187822 0.012962951 0.255607128 0.019858507 0.966489851
1403638596.477829 0.763245225 -0.698339045 0.842297435 0.013606470 0.256620139 0.015459493 0.966292918
1403638596.527829 0.758929491 -0.699500799 0.842674077 0.012663936 0.257535577 0.011439330 0.966118097
1403638596.577829 0.752751887 -0.701273501 0.843515754 0.011182916 0.259170592 0.007173280 0.965740144
1403638596.627830 0.746416509 -0.702820837 0.843973517 0.010705153 0.260614365 0.002866260 0.965379357
1403638596.677829 0.739577472 -0.704692662 0.844489574 0.009590948 0.262342632 -0.001786129 0.964925468
1403638596.727829 0.732397795 -0.706460416 0.845125377 0.009021618 0.263091385 -0.004376761 0.964718819
1403638596.777829 0.725265741 -0.709134042 0.845990896 0.009141357 0.263154566 -0.006761058 0.964686692
1403638596.827830 0.716718674 -0.711806715 0.846997678 0.009143398 0.264143676 -0.010045256 0.964387715
1403638596.877829 0.707475841 -0.714693844 0.848821044 0.010218914 0.264653772 -0.011361318 0.964222431
1403638596.927830 0.697580278 -0.718632877 0.848742306 0.010702378 0.265277803 -0.012426704 0.964032531
1403638596.977829 0.687190771 -0.722055435 0.850567400 0.012065778 0.265695035 -0.013084630 0.963892817
1403638597.027829 0.676779628 -0.725452662 0.852268875 0.012255938 0.266515434 -0.013909203 0.963652372
1403638597.077829 0.664703727 -0.727700472 0.855278611 0.013377893 0.267806560 -0.015389085 0.963256896
1403638597.127830 0.652758956 -0.731800973 0.855749965 0.014338329 0.268152177 -0.016331155 0.963131368
1403638597.177829 0.640742600 -0.733657777 0.858672559 0.015968688 0.268992007 -0.016960440 0.962860644
1403638597.227829 0.628364325 -0.736560643 0.860788584 0.018125124 0.268831164 -0.015395380 0.962893724
1403638597.277829 0.614415050 -0.739196718 0.864029348 0.020712279 0.268465936 -0.013316417 0.962974429
1403638597.327830 0.599396169 -0.740036726 0.866662085 0.023157770 0.268108726 -0.010369257 0.963054478
1403638597.377829 0.584785759 -0.743744075 0.870324016 0.024771249 0.267394185 -0.006325142 0.963248014
1403638597.427830 0.570021033 -0.745653450 0.873645902 0.027367987 0.266234577 -0.002341126 0.963516831
1403638597.477829 0.553457379 -0.748873353 0.877645493 0.031377889 0.264707178 0.004222632 0.963808954
1403638597.527829 0.537618220 -0.751669407 0.881315529 0.036414977 0.261900365 0.011411766 0.964340150
1403638597.577829 0.519900978 -0.752698541 0.884268403 0.041410144 0.259732455 0.018559493 0.964613795
1403638597.627830 0.503142774 -0.754264355 0.888213158 0.043571487 0.258615792 0.022727393 0.964729428
1403638597.677829 0.488075823 -0.755845189 0.891026855 0.045067109 0.257846624 0.024395721 0.964825869
1403638597.727829 0.470476389 -0.756321967 0.893774390 0.045025826 0.258181542 0.023644121 0.964756906
1403638597.777829 0.453026354 -0.757192731 0.896830142 0.042032942 0.258116096 0.018028546 0.965030730
1403638597.827830 0.435363352 -0.759398460 0.900991201 0.039641909 0.256624162 0.012146136 0.965621591
1403638597.877829 0.416340202 -0.758860588 0.906422079 0.038255475 0.255646706 0.005929977 0.965994895
1403638597.927830 0.396951079 -0.759383857 0.910417855 0.036335204 0.254572868 0.000522566 0.966370583
1403638597.977829 0.378378242 -0.759493589 0.912442982 0.036510468 0.251336783 -0.002693100 0.967207074
1403638598.027829 0.359383762 -0.762489915 0.915686965 0.035387959 0.248024493 -0.003773180 0.968099833
1403638598.077829 0.340393394 -0.763248205 0.918906569 0.037653219 0.243593514 -0.000751429 0.969145954
1403638598.127830 0.319452524 -0.764556050 0.922842383 0.038394362 0.237362459 0.007788363 0.970630884
1403638598.177829 0.302354276 -0.764625192 0.923656821 0.039790906 0.229167551 0.019041331 0.972386956
1403638598.227829 0.281415075 -0.765757978 0.927416921 0.041156009 0.223635182 0.027128709 0.973425686
1403638598.277829 0.258660823 -0.768643856 0.929509223 0.038487274 0.219970375 0.035331544 0.974106491
1403638598.327830 0.239009887 -0.768638909 0.929683685 0.038139489 0.215219498 0.041999727 0.974916399
1403638598.377829 0.217467934 -0.769245088 0.933473468 0.037030824 0.212768272 0.046159308 0.975309074
1403638598.427830 0.195092231 -0.771040678 0.934230983 0.034983572 0.211441934 0.048905306 0.975539207
1403638598.477829 0.173071966 -0.771705210 0.939869881 0.033475246 0.211384654 0.050251216 0.975536168
1403638598.527829 0.149952903 -0.773009002 0.943446875 0.032839432 0.210193112 0.050921448 0.975780427
1403638598.577829 0.129693776 -0.771831930 0.946152270 0.030976679 0.206802234 0.050697830 0.976577222
1403638598.627830 0.109189153 -0.771617353 0.944734633 0.028656721 0.201889843 0.049240295 0.977749825
1403638598.677829 0.088959008 -0.772685349 0.948220551 0.028087737 0.197444230 0.046532534 0.978806198
1403638598.727829 0.068309218 -0.771886051 0.951597035 0.028069237 0.191643134 0.044285968 0.980063140
1403638598.777829 0.048701882 -0.773290396 0.953625083 0.027296601 0.184237838 0.042766087 0.981571376
1403638598.827830 0.026501834 -0.776598752 0.956448317 0.027914848 0.177298233 0.040391162 0.982931674
1403638598.877829 0.007151842 -0.773200631 0.957556188 0.028950103 0.168440372 0.036226667 0.984620452
1403638598.927830 -0.011785984 -0.771749258 0.960644245 0.028573904 0.160291970 0.031259589 0.986160636
1403638598.977829 -0.034601659 -0.773053110 0.963077486 0.028443862 0.151667610 0.028140927 0.987621367
1403638599.027829 -0.054622948 -0.773199379 0.965205550 0.028684465 0.141690671 0.025002103 0.989179373
1403638599.077829 -0.072592527 -0.774135947 0.966758192 0.029527206 0.131800607 0.020561146 0.990623057
1403638599.127830 -0.095384270 -0.775879622 0.968426228 0.029255290 0.123158261 0.017001122 0.991810024
1403638599.177829 -0.111487016 -0.775148511 0.970076203 0.030322112 0.112097859 0.012664154 0.993153691
1403638599.227829 -0.133102298 -0.775863171 0.970969260 0.029505907 0.102880523 0.007558600 0.994227290
1403638599.277829 -0.151755199 -0.775459409 0.972213030 0.029827917 0.092472039 0.003257463 0.995263100
1403638599.327830 -0.169824526 -0.776609004 0.972886443 0.028861739 0.080977164 0.000180760 0.996298015
1403638599.377829 -0.190303549 -0.780346394 0.974741578 0.024825541 0.072474487 -0.004681027 0.997050285
1403638599.427830 -0.210286930 -0.784071863 0.976011157 0.022283915 0.064918518 -0.008947385 0.997601628
1403638599.477829 -0.233676910 -0.781014264 0.979755998 0.022610011 0.059379425 -0.010950807 0.997919321
1403638599.527829 -0.255585611 -0.783343971 0.981367767 0.020620709 0.055426184 -0.014238199 0.998148322
1403638599.577829 -0.273141474 -0.783620894 0.983760655 0.019288205 0.050302476 -0.014731065 0.998439133
1403638599.627830 -0.290567100 -0.786323547 0.983821571 0.017769435 0.046341434 -0.015504427 0.998647273
1403638599.677829 -0.310777605 -0.789116919 0.984119236 0.015348294 0.044366967 -0.016864561 0.998755038
1403638599.727829 -0.329084456 -0.787092209 0.985722601 0.016084744 0.042803280 -0.016840734 0.998812079
1403638599.777829 -0.343260944 -0.789708912 0.987575829 0.015638929 0.040620524 -0.017095024 0.998906016
1403638599.827830 -0.370532751 -0.791180313 0.987215281 0.014364031 0.042238902 -0.014518326 0.998898804
1403638599.877829 -0.388933986 -0.788829148 0.988550663 0.014173361 0.042063057 -0.013255176 0.998926461
1403638599.927830 -0.408470392 -0.793154418 0.988859832 0.011639399 0.041897286 -0.009745779 0.999006629
1403638599.977829 -0.426623255 -0.791390121 0.991550207 0.013503979 0.042212658 -0.006308309 0.998997450
1403638600.027829 -0.445177943 -0.784078896 0.996768892 0.016740831 0.041558191 -0.002089002 0.998993635
1403638600.077829 -0.461708933 -0.785605609 0.997920394 0.013629667 0.040658124 0.002876194 0.999076009
1403638600.127830 -0.479538858 -0.796278059 0.997637868 0.008613070 0.038854051 0.011204654 0.999144912
1403638600.177829 -0.497288704 -0.787268698 1.001535892 0.009976892 0.037215583 0.019154225 0.999073863
1403638600.227829 -0.517773747 -0.781448245 1.007344723 0.009343018 0.036686458 0.026615817 0.998928607
1403638600.277829 -0.539448500 -0.787179112 1.003950596 0.005529698 0.035477400 0.033904582 0.998779893
1403638600.327830 -0.553510785 -0.784261227 1.007539511 0.004713532 0.034144737 0.038768470 0.998653531
1403638600.377829 -0.583257735 -0.769953012 1.009746552 0.010075271 0.038510714 0.043081924 0.998278201
1403638600.427830 -0.601230383 -0.767741978 1.012307286 0.009201411 0.037904195 0.048810542 0.998046160
1403638600.477829 -0.617052138 -0.766846120 1.014009833 0.008791714 0.037666008 0.051576953 0.997919738
1403638600.527829 -0.628445864 -0.767739236 1.017846227 0.007826624 0.037528735 0.051219560 0.997951329
1403638600.577829 -0.644767284 -0.769340217 1.020905137 0.007113469 0.039281346 0.050605509 0.997920573
1403638600.627830 -0.654230952 -0.782013714 1.026888251 0.000299490 0.036758725 0.053105306 0.997912109
1403638600.677829 -0.670567393 -0.781422853 1.026427627 -0.000232866 0.036221582 0.055747867 0.997787595
1403638600.727829 -0.683746099 -0.782626927 1.029517174 -0.003217583 0.037022561 0.054438133 0.997825384
1403638600.777829 -0.696130395 -0.785017073 1.032919049 -0.006740178 0.036525711 0.055317484 0.997777760
1403638600.827830 -0.708278298 -0.787022173 1.037554383 -0.010102520 0.038276106 0.050162006 0.997956216
1403638600.877829 -0.719515681 -0.789315045 1.040679097 -0.012821714 0.040915824 0.042131308 0.998191595
1403638600.927830 -0.731521428 -0.792102933 1.044816852 -0.015492502 0.045015611 0.031219823 0.998378158
1403638600.977829 -0.740155578 -0.792466760 1.048155308 -0.015656965 0.047409210 0.021115504 0.998529613
1403638601.027829 -0.751428246 -0.796866357 1.054623604 -0.017104687 0.049688086 0.014795532 0.998508692
1403638601.077829 -0.761229336 -0.797835708 1.059019804 -0.016269494 0.050213918 0.009532324 0.998560488
1403638601.127830 -0.771762073 -0.799423039 1.063112259 -0.014079715 0.051716581 0.005108985 0.998549521
1403638601.177829 -0.780503929 -0.801634014 1.069502950 -0.013549503 0.053215921 -0.000583564 0.998490930
1403638601.227829 -0.791987896 -0.804119229 1.075417161 -0.008667616 0.055524077 -0.005604215 0.998403966
1403638601.277829 -0.798402607 -0.806281149 1.080162048 -0.002410674 0.056843769 -0.012671357 0.998299718
1403638601.327830 -0.808783948 -0.809001923 1.086702824 0.004157807 0.056409869 -0.014981907 0.998286605
1403638601.377829 -0.820326626 -0.811892748 1.093090653 0.006699984 0.053349223 -0.014296309 0.998451114
1403638601.427830 -0.830215573 -0.815070748 1.099355102 0.012118441 0.047192566 -0.011243111 0.998749018
1403638601.477829 -0.841616809 -0.822770655 1.107325196 0.013964755 0.040310066 -0.009899604 0.999040544
1403638601.527829 -0.849598706 -0.827330351 1.114372849 0.018130552 0.031754024 -0.012507807 0.999252975
1403638601.577829 -0.857750356 -0.828831375 1.122107863 0.022435609 0.022574849 -0.016770087 0.999352694
1403638601.627830 -0.867726326 -0.833515048 1.127445936 0.023537982 0.013267366 -0.021163041 0.999410868
1403638601.677829 -0.878440619 -0.837195754 1.132344842 0.025311597 0.002916982 -0.027747758 0.999290168
1403638601.727829 -0.882824957 -0.839578509 1.140048742 0.026918292 -0.011133032 -0.034701575 0.998973072
1403638601.777829 -0.889397621 -0.844243586 1.143258929 0.028322376 -0.024715299 -0.042678855 0.998381436
1403638601.827830 -0.909356475 -0.851256609 1.145727038 0.029116904 -0.036116552 -0.048851978 0.997728050
1403638601.877829 -0.924084187 -0.854679346 1.152194738 0.032294165 -0.049949262 -0.057753157 0.996557474
1403638601.927830 -0.935342848 -0.858141661 1.158089995 0.033011228 -0.062880114 -0.064317577 0.995399237
1403638601.977829 -0.945710242 -0.864769042 1.163631797 0.032621432 -0.074738882 -0.069088742 0.994271934
1403638602.027829 -0.950714767 -0.865919888 1.168175459 0.032938790 -0.086802766 -0.074028015 0.992925048
1403638602.077829 -0.960521221 -0.871328056 1.174036741 0.031889610 -0.095725447 -0.077605955 0.991865456
1403638602.127830 -0.967651308 -0.875155807 1.178270698 0.033535659 -0.103765093 -0.082682684 0.990591586
1403638602.177829 -0.978693843 -0.878686547 1.183636069 0.035810266 -0.110286161 -0.087410413 0.989400864
1403638602.227829 -0.988512874 -0.882556915 1.188857317 0.039435957 -0.117691852 -0.094164930 0.987788618
1403638602.277829 -1.001912117 -0.886051416 1.193333864 0.042204592 -0.125597700 -0.098621234 0.986264586
1403638602.327830 -1.011224627 -0.889500320 1.197885156 0.047624305 -0.137191728 -0.100705564 0.984260499
1403638602.377829 -1.020206928 -0.892197192 1.200959921 0.054645177 -0.152364820 -0.096547142 0.982078135
1403638602.427830 -1.032571316 -0.894789100 1.205369949 0.067966454 -0.168267161 -0.089611553 0.979304075
1403638602.477829 -1.042251825 -0.899566174 1.208595634 0.083429307 -0.184592500 -0.083797738 0.975675702
1403638602.527829 -1.051368713 -0.903946996 1.211748838 0.096969992 -0.201598704 -0.075514004 0.971726537
1403638602.577829 -1.062866449 -0.907637239 1.213762760 0.108844191 -0.216799036 -0.069024190 0.967670798
1403638602.627830 -1.074171424 -0.908383369 1.216139555 0.116028503 -0.229716763 -0.065962151 0.964062512
1403638602.677829 -1.083132267 -0.911908031 1.215069532 0.116977513 -0.241942272 -0.068655804 0.960763514
1403638602.727829 -1.089825153 -0.914273143 1.213791132 0.115901768 -0.252605796 -0.072287776 0.957878709
1403638602.777829 -1.097697377 -0.916184306 1.213410974 0.114691779 -0.261939049 -0.078805275 0.954999208
1403638602.827830 -1.105548859 -0.918504238 1.212890267 0.113328733 -0.271210909 -0.084575504 0.952075779
1403638602.877829 -1.112743020 -0.921124935 1.210777760 0.110553600 -0.281841844 -0.088262200 0.948974669
1403638602.927830 -1.116688848 -0.924695969 1.208806515 0.104978390 -0.294228137 -0.091864191 0.945500016
1403638602.977829 -1.123504877 -0.927334070 1.205536842 0.098454259 -0.307537466 -0.090503246 0.942091644
1403638603.027829 -1.128239989 -0.930706024 1.202231050 0.094455235 -0.320415556 -0.091276266 0.938126206
1403638603.077829 -1.133675933 -0.933219790 1.198166609 0.093543194 -0.331963271 -0.092825145 0.934041500
1403638603.127830 -1.138737202 -0.935807705 1.194713831 0.094414555 -0.342201769 -0.094358444 0.930096924
1403638603.177829 -1.142094970 -0.936532378 1.192051053 0.094442353 -0.350342065 -0.097969279 0.926683903
1403638603.227829 -1.145066977 -0.937648416 1.188402295 0.086780205 -0.355923802 -0.104874104 0.924547911
1403638603.277829 -1.148245215 -0.938056767 1.184759855 0.075228974 -0.358860433 -0.113438189 0.923413038
1403638603.327830 -1.150802612 -0.937985897 1.180894971 0.061565466 -0.360373676 -0.121737137 0.922778726
1403638603.377829 -1.152935982 -0.938357890 1.176783562 0.049457218 -0.361825436 -0.128342628 0.922043681
1403638603.427830 -1.153966784 -0.937233686 1.173295379 0.039591707 -0.362771541 -0.133241877 0.921453178
1403638603.477829 -1.155699253 -0.936544240 1.170165539 0.032910541 -0.363479465 -0.135956407 0.921040416
1403638603.527829 -1.157421350 -0.935677290 1.166857243 0.031271979 -0.364606619 -0.138496622 0.920273185
1403638603.577829 -1.158618689 -0.935054600 1.163000822 0.033873167 -0.366991729 -0.138873503 0.919175625
1403638603.627830 -1.159842372 -0.934001982 1.160396099 0.039003149 -0.369885832 -0.138173684 0.917916834
1403638603.677829 -1.161152840 -0.932924032 1.156776190 0.045074463 -0.370480180 -0.139976844 0.917125523
1403638603.727829 -1.162162542 -0.931416869 1.153923631 0.051706929 -0.369929761 -0.144593671 0.916281104
1403638603.777829 -1.162536263 -0.929695308 1.150695562 0.058880266 -0.369044781 -0.149318546 0.915446937
1403638603.827830 -1.163246393 -0.927670121 1.147345185 0.064377092 -0.367971003 -0.153129071 0.914879501
1403638603.877829 -1.164040804 -0.925026238 1.144897223 0.071180008 -0.366388708 -0.157069340 0.914342403
1403638603.927830 -1.164240718 -0.922670543 1.141595125 0.076034695 -0.365001559 -0.160800338 0.913857698
1403638603.977829 -1.165101767 -0.919631422 1.138414264 0.082270600 -0.363857478 -0.162521541 0.913469255
1403638604.027829 -1.165062547 -0.916688859 1.134582281 0.084369496 -0.362157285 -0.166147530 0.913301110
1403638604.077829 -1.165463209 -0.913044631 1.130488157 0.088286437 -0.360456109 -0.168127999 0.913241446
1403638604.127830 -1.165094376 -0.909845710 1.125828385 0.089679107 -0.359996438 -0.169521302 0.913029492
1403638604.177829 -1.164780378 -0.906511605 1.120945215 0.089133665 -0.360347331 -0.169383660 0.912970006
1403638604.227829 -1.165366650 -0.902812362 1.115553260 0.087422930 -0.361655504 -0.166274071 0.913189769
1403638604.277829 -1.165206194 -0.899913371 1.109717607 0.082554080 -0.363496214 -0.162540376 0.913584113
1403638604.327830 -1.164986491 -0.896824956 1.103440642 0.076885015 -0.365143418 -0.158981845 0.914048016
1403638604.377829 -1.164112091 -0.893797815 1.097028375 0.070330359 -0.366560489 -0.156568497 0.914425194
1403638604.427830 -1.163832426 -0.891014278 1.089290142 0.063600510 -0.366151989 -0.156212866 0.915142238
1403638604.477829 -1.163344502 -0.888136327 1.081955910 0.057223991 -0.365005314 -0.158872604 0.915563285
1403638604.527829 -1.162137628 -0.885828555 1.074036837 0.051383916 -0.364709198 -0.159207270 0.915969431
1403638604.577829 -1.161702156 -0.882838607 1.066496134 0.049421746 -0.364005476 -0.160610050 0.916112423
1403638604.627830 -1.160567760 -0.879717290 1.058777928 0.046046793 -0.364330679 -0.159914047 0.916280746
1403638604.677829 -1.159265518 -0.877045393 1.051150560 0.043535262 -0.365530640 -0.157558724 0.916333616
1403638604.727829 -1.157592773 -0.872981727 1.040065289 0.040896557 -0.366614401 -0.155456975 0.916381180
1403638604.777829 -1.156584263 -0.869578481 1.032901287 0.039828602 -0.367734373 -0.153208792 0.916358113
1403638604.827830 -1.155629396 -0.866203785 1.024930120 0.037067305 -0.367913872 -0.151520252 0.916682601
1403638604.877829 -1.154569149 -0.863444746 1.017321348 0.033971444 -0.367595673 -0.152361631 0.916790783
1403638604.927830 -1.153837800 -0.860294282 1.009741187 0.029482191 -0.366848707 -0.153195843 0.917106271
1403638604.977829 -1.152494907 -0.857662797 1.001808643 0.023169154 -0.366298199 -0.155179992 0.917173922
1403638605.027829 -1.151283026 -0.854472935 0.994134843 0.016894802 -0.365672529 -0.156383038 0.917356253
1403638605.077829 -1.150288820 -0.851996362 0.986653030 0.012107207 -0.365093857 -0.157765135 0.917425811
1403638605.127830 -1.149138331 -0.849803746 0.979123116 0.007280750 -0.364553928 -0.159187809 0.917445779
1403638605.177829 -1.147758961 -0.848124981 0.971294522 0.004853419 -0.364197820 -0.160666361 0.917345464
1403638605.227829 -1.147416353 -0.846142828 0.964006484 0.003991036 -0.362974524 -0.162819043 0.917454898
1403638605.277829 -1.146438003 -0.844739199 0.957118094 0.003315632 -0.362459004 -0.165295452 0.917218566
1403638605.327830 -1.145568252 -0.843389750 0.950075448 0.005174119 -0.361069053 -0.168347269 0.917203128
1403638605.377829 -1.145012379 -0.841758728 0.943063557 0.010911420 -0.359518021 -0.172502235 0.916990042
1403638605.427830 -1.144709110 -0.839848101 0.936833024 0.018200304 -0.357904643 -0.177036837 0.916641176
1403638605.477829 -1.144059539 -0.838201046 0.930416942 0.027860848 -0.356515855 -0.181560874 0.916054547
1403638605.527829 -1.143822432 -0.836096883 0.924097538 0.035177335 -0.355482548 -0.184324205 0.915652394
1403638605.577829 -1.144568443 -0.833889306 0.918201029 0.041317545 -0.354151785 -0.188343838 0.915093482
1403638605.627830 -1.144481778 -0.830740511 0.912109315 0.047382798 -0.352926493 -0.191706911 0.914574325
1403638605.677829 -1.144908667 -0.828179300 0.905525446 0.050866820 -0.352395177 -0.193446085 0.914225757
1403638605.727829 -1.145531654 -0.825625181 0.898465157 0.052353214 -0.351593912 -0.195140883 0.914090157
1403638605.777829 -1.146339893 -0.823001146 0.891470790 0.052236486 -0.351600528 -0.195300236 0.914060295
1403638605.827830 -1.146872520 -0.820670068 0.884129524 0.051577304 -0.351032317 -0.196848601 0.913983941
1403638605.877829 -1.148201466 -0.818588853 0.876495361 0.052149069 -0.350451052 -0.198267013 0.913868010
1403638605.927830 -1.149994969 -0.816245079 0.869127035 0.052442532 -0.349577099 -0.199504405 0.913916647
1403638605.977829 -1.151080132 -0.813409865 0.855391562 0.053459950 -0.348144472 -0.202461824 0.913754165
1403638606.027829 -1.153062105 -0.811119080 0.847230077 0.053700801 -0.347306430 -0.203307256 0.913871229
1403638606.077829 -1.154855490 -0.808667302 0.838510752 0.053739160 -0.346359372 -0.204058185 0.914061010
1403638606.127830 -1.157068014 -0.806413472 0.829831958 0.053982083 -0.345484227 -0.205820948 0.913982689
1403638606.177829 -1.159275889 -0.803812206 0.820769668 0.053841628 -0.344590545 -0.207711905 0.913900554
1403638606.227829 -1.162267923 -0.799902916 0.811417758 0.053778183 -0.343396246 -0.208612323 0.914148688
1403638606.277829 -1.165431499 -0.796265900 0.802206457 0.052539825 -0.342541009 -0.208662778 0.914529979
1403638606.327830 -1.168517590 -0.791993737 0.791854382 0.047911912 -0.343847752 -0.205677554 0.914969921
1403638606.377829 -1.172472715 -0.787568986 0.782121718 0.039047569 -0.344912112 -0.201069742 0.916014135
1403638606.427830 -1.176187515 -0.783568203 0.772934437 0.031137656 -0.346307337 -0.196732938 0.916732132
1403638606.477829 -1.179251671 -0.779378235 0.763627052 0.021903750 -0.348573148 -0.190745935 0.917405546
1403638606.527829 -1.183844209 -0.773976207 0.754945874 0.014099569 -0.350296348 -0.185799286 0.917917371
1403638606.577829 -1.187719584 -0.768659532 0.745019436 0.007664709 -0.351337373 -0.182887197 0.918180585
1403638606.627830 -1.192582011 -0.763246536 0.736085653 0.002195409 -0.353512734 -0.181222126 0.917704999
1403638606.677829 -1.197500467 -0.757679462 0.726665258 -0.001908267 -0.357629687 -0.181248918 0.916103840
1403638606.727829 -1.202299595 -0.751754701 0.717804193 -0.006339327 -0.361456752 -0.183913052 0.914048612
1403638606.777829 -1.207194686 -0.746955693 0.709209681 -0.009723835 -0.366993248 -0.186323687 0.911320388
1403638606.827830 -1.212658882 -0.740868628 0.700471342 -0.011849578 -0.373013616 -0.189615041 0.908166587
1403638606.877829 -1.218271255 -0.735588551 0.692682564 -0.014700653 -0.381030649 -0.191921145 0.904304087
1403638606.927830 -1.222670794 -0.731462002 0.685080647 -0.015307037 -0.389899164 -0.196265399 0.899568915
1403638606.977829 -1.229295611 -0.726123214 0.677368164 -0.016725391 -0.399293482 -0.198822901 0.894848883
1403638607.027829 -1.235703349 -0.720835149 0.669801950 -0.016422924 -0.409819216 -0.200689346 0.889664114
1403638607.077829 -1.242143989 -0.717995763 0.663393259 -0.017165698 -0.419197381 -0.202801704 0.884788334
1403638607.127830 -1.249857903 -0.713254809 0.653950036 -0.017725948 -0.429181755 -0.199819610 0.880659401
1403638607.177829 -1.257712483 -0.709722161 0.647745252 -0.012095131 -0.437289178 -0.199548706 0.876819372
1403638607.227829 -1.264173269 -0.706874967 0.639899254 -0.006259727 -0.444674283 -0.197245762 0.873681724
1403638607.277829 -1.272608995 -0.703884721 0.633217335 0.002004190 -0.450539112 -0.195850402 0.871006966
1403638607.327830 -1.280029058 -0.700516641 0.627330184 0.006767289 -0.456319422 -0.192237884 0.868775845
1403638607.377829 -1.287555456 -0.696661770 0.621944368 0.011001874 -0.461328268 -0.189229071 0.866745412
1403638607.427830 -1.294893622 -0.693184853 0.616702735 0.013177887 -0.464763403 -0.187661737 0.865219295
1403638607.477829 -1.302199602 -0.689080954 0.611369610 0.012571334 -0.466993302 -0.186811775 0.864210904
1403638607.527829 -1.308869123 -0.685054004 0.606444061 0.012220547 -0.468825489 -0.185815230 0.863438547
1403638607.577829 -1.316444278 -0.680612922 0.600018382 0.011785130 -0.469629705 -0.186828747 0.862788618
1403638607.627830 -1.322991252 -0.675810516 0.595959604 0.012846009 -0.470804274 -0.186108917 0.862288713
1403638607.677829 -1.329984188 -0.671840787 0.591978073 0.014297721 -0.471297503 -0.185694769 0.862085700
1403638607.727829 -1.336760521 -0.667798400 0.588122010 0.016603313 -0.470987558 -0.186753362 0.861985087
1403638607.777829 -1.344981194 -0.663050115 0.584530056 0.017404774 -0.470532566 -0.187060863 0.862151027
1403638607.827830 -1.351325035 -0.658493578 0.580471635 0.016498730 -0.470276058 -0.186716303 0.862383485
1403638607.877829 -1.357879400 -0.653976977 0.576427817 0.014442172 -0.470061660 -0.184727967 0.862965286
1403638607.927830 -1.363916397 -0.649358392 0.573002160 0.010267441 -0.470194429 -0.182469457 0.863433063
1403638607.977829 -1.370251775 -0.644419312 0.569417655 0.008036223 -0.469854176 -0.180538058 0.864047766
1403638608.027829 -1.376463413 -0.639771163 0.567029715 0.008784028 -0.470072448 -0.178295970 0.864387214
1403638608.077829 -1.382100821 -0.634515345 0.563482106 0.011672631 -0.469260901 -0.178071931 0.864840090
1403638608.127830 -1.388474941 -0.629607797 0.562132120 0.015268914 -0.468209058 -0.178305402 0.865305901
1403638608.177829 -1.394150138 -0.624756336 0.561234415 0.018776473 -0.466781199 -0.180553526 0.865542114
1403638608.227829 -1.400776863 -0.618723869 0.556206346 0.023530418 -0.465294421 -0.181070685 0.866118252
1403638608.277829 -1.407734156 -0.612465203 0.555253983 0.028142707 -0.464721888 -0.180869430 0.866330087
1403638608.327830 -1.413001537 -0.607640445 0.554154038 0.033240225 -0.464765340 -0.179915458 0.866324842
1403638608.377829 -1.418430805 -0.601504207 0.552049100 0.038835920 -0.464235187 -0.179590389 0.866443753
1403638608.427830 -1.423038006 -0.595656157 0.550627112 0.040254742 -0.464693218 -0.178910553 0.866274059
1403638608.477829 -1.428862333 -0.589423060 0.548643708 0.039505213 -0.464027971 -0.179093078 0.866627395
1403638608.527829 -1.432949066 -0.583174109 0.546503663 0.037629049 -0.463430703 -0.180257142 0.866789162
1403638608.577829 -1.436644673 -0.577352941 0.543873310 0.037375424 -0.463044405 -0.180564195 0.866942644
1403638608.627830 -1.442234516 -0.571376920 0.545055151 0.039181761 -0.464625508 -0.176944494 0.866763294
1403638608.677829 -1.446672916 -0.565734982 0.541545212 0.041614506 -0.465599954 -0.174251840 0.866672516
1403638608.727829 -1.450913668 -0.559652090 0.539690197 0.043459449 -0.466274381 -0.173062935 0.866457582
1403638608.777829 -1.456011534 -0.551758885 0.539245784 0.041686576 -0.466147661 -0.173979461 0.866429269
1403638608.827830 -1.459520936 -0.547226787 0.536861300 0.038468450 -0.465831012 -0.175388277 0.866464436
1403638608.877829 -1.462538242 -0.541197538 0.535769939 0.035594869 -0.466065854 -0.175740719 0.866389573
1403638608.927830 -1.465666056 -0.536099136 0.533431709 0.032020330 -0.465676337 -0.176902533 0.866501987
1403638608.977829 -1.468638659 -0.530493975 0.530925989 0.028644767 -0.465521991 -0.176424280 0.866800547
1403638609.027829 -1.471273541 -0.526201963 0.527726889 0.025676403 -0.465304196 -0.176297531 0.867036283
1403638609.077829 -1.474012256 -0.521125972 0.523151219 0.023846889 -0.463831156 -0.176417097 0.867853105
1403638609.127830 -1.476126432 -0.516547799 0.521117032 0.023667229 -0.463836670 -0.176821887 0.867772698
1403638609.177829 -1.478916168 -0.515510857 0.518074989 0.022949563 -0.465355992 -0.174234375 0.867501855
1403638609.227829 -1.481609464 -0.512875438 0.519878387 0.023063656 -0.469173372 -0.169740602 0.866332829
1403638609.277829 -1.483418465 -0.508991838 0.518348873 0.022518285 -0.470842481 -0.165493399 0.866263390
1403638609.327830 -1.486916184 -0.505946040 0.515792787 0.022140367 -0.470364809 -0.165445805 0.866541624
1403638609.377829 -1.488886237 -0.501816034 0.513432384 0.022201980 -0.469261825 -0.167191505 0.866802990
1403638609.427830 -1.491140842 -0.497058302 0.511142075 0.022587977 -0.467891812 -0.168735772 0.867234290
1403638609.477829 -1.492132187 -0.491393507 0.508258343 0.022933112 -0.466116041 -0.170214906 0.867892146
1403638609.527829 -1.494184494 -0.487868249 0.508179665 0.022677338 -0.465511143 -0.172337905 0.867804587
1403638609.577829 -1.494843245 -0.482504845 0.510123730 0.023153223 -0.465813845 -0.174052909 0.867287159
1403638609.627830 -1.496758938 -0.477427572 0.507549167 0.023044974 -0.464557707 -0.173969075 0.867980361
1403638609.677829 -1.497071624 -0.472445607 0.506354511 0.024810212 -0.463663846 -0.176397026 0.867919564
1403638609.727829 -1.498438597 -0.466269970 0.506290913 0.025581488 -0.462968051 -0.177269191 0.868090928
1403638609.777829 -1.499782681 -0.461723387 0.506067038 0.024776749 -0.462993592 -0.177732244 0.868005931
1403638609.827830 -1.500082731 -0.457666218 0.506271839 0.023541991 -0.463641912 -0.177058592 0.867831886
1403638609.877829 -1.500084639 -0.451687008 0.507066429 0.025077015 -0.464165121 -0.176727518 0.867576718
1403638609.927830 -1.500850558 -0.449410975 0.508075178 0.024480755 -0.464857727 -0.176894754 0.867188752
1403638609.977829 -1.501047015 -0.445101500 0.506717563 0.025538353 -0.464643002 -0.175955340 0.867464364
1403638610.027829 -1.501148462 -0.441304207 0.507016778 0.026919551 -0.465766996 -0.174012914 0.867211640
1403638610.077829 -1.500380516 -0.437791854 0.507553637 0.029821053 -0.466961801 -0.171505317 0.866973698
1403638610.127830 -1.500115514 -0.434265137 0.507157505 0.032064848 -0.467642665 -0.169791654 0.866863906
1403638610.177829 -1.501769423 -0.431994975 0.504559815 0.035053868 -0.466280520 -0.170546204 0.867333710
1403638610.227829 -1.501116037 -0.428766370 0.505686939 0.036662336 -0.467746347 -0.168741345 0.866830766
1403638610.277829 -1.499956131 -0.425169051 0.507273316 0.037840333 -0.468849510 -0.167413682 0.866441607
1403638610.327830 -1.500253320 -0.421622813 0.505216539 0.038594734 -0.467880905 -0.167213410 0.866970360
1403638610.377829 -1.500051498 -0.420158088 0.505760908 0.037371151 -0.468402892 -0.167447180 0.866696954
1403638610.427830 -1.498110533 -0.414217293 0.505974829 0.039415892 -0.468732566 -0.165794253 0.866745889
1403638610.477829 -1.498180270 -0.409985393 0.505652487 0.041157044 -0.467999756 -0.166602090 0.866906047
1403638610.527829 -1.496362448 -0.405218124 0.505837321 0.044459905 -0.467953473 -0.165602967 0.866959333
1403638610.577829 -1.495167255 -0.401919663 0.505282044 0.049729388 -0.468788862 -0.163227007 0.866672337
1403638610.627830 -1.493301034 -0.396633327 0.505659342 0.056506567 -0.469820499 -0.159711555 0.866353273
1403638610.677829 -1.492444038 -0.393626720 0.505308747 0.057827018 -0.470401078 -0.158348829 0.866201162
1403638610.727829 -1.489454865 -0.388802946 0.506203890 0.054694783 -0.470505118 -0.159915194 0.866060376
1403638610.777829 -1.487027764 -0.383882612 0.504452944 0.048912682 -0.469805539 -0.161417231 0.866507232
1403638610.827830 -1.482547879 -0.379482031 0.504936397 0.042244148 -0.469833881 -0.163573250 0.866438329
1403638610.877829 -1.480377555 -0.377130449 0.503720760 0.037077013 -0.469153672 -0.166433766 0.866498649
1403638610.927830 -1.477314472 -0.371708810 0.503273249 0.036554601 -0.469279915 -0.166532040 0.866433561
1403638610.977829 -1.473076344 -0.369422495 0.503275633 0.036238685 -0.470021665 -0.166109860 0.866125762
1403638611.027829 -1.470379114 -0.366151929 0.502529740 0.037829641 -0.470789701 -0.163813770 0.866077900
1403638611.077829 -1.466375589 -0.362739921 0.501813173 0.040687878 -0.471271247 -0.162797064 0.865878165
1403638611.127830 -1.462591290 -0.358593225 0.500222147 0.041995645 -0.471682578 -0.161238298 0.865883410
1403638611.177829 -1.457974911 -0.355311275 0.501928508 0.041998819 -0.472831607 -0.162301853 0.865057468
1403638611.227829 -1.453916073 -0.352064222 0.501464367 0.042179670 -0.472735733 -0.162638530 0.865037858
1403638611.277829 -1.449377060 -0.350509852 0.501873314 0.041119915 -0.473012447 -0.163942680 0.864691377
1403638611.327830 -1.444338322 -0.344508946 0.500220239 0.043382395 -0.471476704 -0.165723592 0.865079999
1403638611.377829 -1.438938260 -0.342898607 0.501956701 0.046169795 -0.470466107 -0.171227872 0.864413679
1403638611.427830 -1.433878303 -0.339499474 0.502143443 0.051265206 -0.467578024 -0.178312212 0.864261210
1403638611.477829 -1.427984476 -0.337791294 0.501026034 0.053316399 -0.464871854 -0.184477523 0.864302933
1403638611.527829 -1.422339201 -0.334993988 0.500004470 0.055783659 -0.462365955 -0.189946204 0.864306867
1403638611.577829 -1.417896509 -0.332809120 0.498924136 0.054567181 -0.460242748 -0.194048792 0.864606321
1403638611.627830 -1.412243366 -0.331412733 0.497458994 0.052853059 -0.459359705 -0.195635006 0.864824951
1403638611.677829 -1.407251716 -0.328079939 0.495671570 0.051385187 -0.458797485 -0.195485413 0.865245581
1403638611.727829 -1.401093006 -0.326461732 0.494934738 0.046652470 -0.460306883 -0.192985103 0.865273297
1403638611.777829 -1.395319819 -0.322412640 0.491604894 0.042382296 -0.461111724 -0.188372046 0.866080642
1403638611.827830 -1.389966726 -0.318438143 0.488976419 0.038171411 -0.461901009 -0.184272125 0.866737664
1403638611.877829 -1.383399725 -0.311025411 0.489596307 0.032172479 -0.463293791 -0.182818770 0.866545498
1403638611.927830 -1.378128409 -0.307231009 0.486731529 0.029250760 -0.463083297 -0.180272400 0.867294729
1403638611.977829 -1.372115135 -0.302228451 0.484400630 0.027427416 -0.463276267 -0.178084269 0.867703199
1403638612.027829 -1.365886450 -0.300310463 0.484586626 0.025066268 -0.463985562 -0.177502051 0.867514849
1403638612.077829 -1.360710382 -0.295788050 0.482079864 0.024553252 -0.462928265 -0.177939877 0.868004560
1403638612.127830 -1.354965925 -0.294194102 0.480033517 0.022172615 -0.463655502 -0.175096348 0.868258715
1403638612.177829 -1.348593831 -0.290668130 0.478298992 0.022794956 -0.462933064 -0.175901607 0.868465304
1403638612.227829 -1.343246222 -0.289660603 0.478208840 0.021810230 -0.463497132 -0.175804839 0.868209243
1403638612.277829 -1.336863160 -0.288345098 0.477527499 0.022449844 -0.463942379 -0.175480664 0.868020713
1403638612.327830 -1.329663396 -0.284761161 0.474796385 0.022441171 -0.463280112 -0.175913602 0.868287027
1403638612.377829 -1.323822618 -0.284863412 0.474025071 0.023473082 -0.462998360 -0.176954314 0.868198574
1403638612.427830 -1.317701340 -0.282446742 0.472034514 0.024715766 -0.462406695 -0.176725507 0.868525922
1403638612.477829 -1.311614037 -0.280832589 0.472144365 0.026650829 -0.462288648 -0.176610380 0.868554950
1403638612.527829 -1.306783915 -0.280939221 0.469363660 0.028283011 -0.460638881 -0.178366676 0.869020879
1403638612.577829 -1.301120520 -0.278363913 0.469461530 0.030806717 -0.459838390 -0.179210097 0.869185448
1403638612.627830 -1.294667602 -0.275702208 0.467375517 0.032387324 -0.457674623 -0.182244718 0.869638979
1403638612.677829 -1.288004160 -0.273067534 0.467771888 0.035233654 -0.456474423 -0.184369192 0.869711280
1403638612.727829 -1.281429529 -0.267355442 0.465707093 0.037467122 -0.454457313 -0.185109988 0.870516539
1403638612.777829 -1.275779247 -0.264251083 0.465224624 0.039026156 -0.453453422 -0.185258895 0.870939791
1403638612.827830 -1.269746542 -0.260387003 0.464811265 0.040953144 -0.452894509 -0.184101850 0.871387362
1403638612.877829 -1.264047027 -0.257858157 0.463276088 0.042622283 -0.452078521 -0.183360100 0.871887326
1403638612.927830 -1.257580876 -0.255183756 0.463538319 0.042878065 -0.452645183 -0.181830600 0.871901095
1403638612.977829 -1.251305461 -0.253254622 0.462522089 0.042518154 -0.452537954 -0.181187540 0.872108221
1403638613.027829 -1.245803356 -0.250394404 0.460039794 0.039547548 -0.451845407 -0.181047395 0.872636020
1403638613.077829 -1.240237474 -0.248930246 0.457441330 0.038161039 -0.451740623 -0.179866910 0.872996032
1403638613.127830 -1.232287288 -0.244939893 0.454419792 0.037611187 -0.451042503 -0.179776520 0.873399377
1403638613.177829 -1.226373196 -0.243726000 0.453048468 0.034705579 -0.451384187 -0.179715320 0.873355806
1403638613.227829 -1.220533133 -0.242009133 0.450306296 0.035094265 -0.450897455 -0.179882377 0.873557270
1403638613.277829 -1.214817047 -0.240718514 0.447843194 0.034382571 -0.450503558 -0.180422291 0.873677373
1403638613.327830 -1.209185004 -0.239251673 0.444209993 0.034154408 -0.449840128 -0.180766776 0.873956978
1403638613.377829 -1.202774048 -0.237121984 0.442079097 0.035489708 -0.449736357 -0.180877775 0.873934209
1403638613.427830 -1.196687102 -0.237090334 0.439172029 0.035320587 -0.449569583 -0.181662679 0.873864055
1403638613.477829 -1.190864205 -0.236309141 0.437748551 0.036531545 -0.449821055 -0.180373311 0.873951912
1403638613.527829 -1.185189962 -0.234812021 0.434688658 0.037229043 -0.448503315 -0.178355083 0.875013292
1403638613.577829 -1.179137588 -0.232243806 0.432933509 0.037681729 -0.446592271 -0.176770657 0.876291990
1403638613.627830 -1.173146367 -0.230331823 0.430626005 0.038300313 -0.446688056 -0.171934143 0.877178192
1403638613.677829 -1.167550445 -0.228353158 0.427827537 0.039200693 -0.445882678 -0.169167250 0.878085673
1403638613.727829 -1.161051273 -0.224873692 0.425193906 0.042702790 -0.445723325 -0.164025962 0.878978252
1403638613.777829 -1.155627012 -0.223928601 0.424281090 0.044417702 -0.444805056 -0.161136419 0.879892409
1403638613.827830 -1.149207592 -0.220786110 0.422330558 0.046405364 -0.441733629 -0.158501610 0.881813586
1403638613.877829 -1.140124083 -0.216407597 0.418285280 0.047487170 -0.437208951 -0.155836970 0.884481847
1403638613.927830 -1.133179665 -0.213674143 0.417488039 0.047588285 -0.432103872 -0.154129028 0.887280047
1403638613.977829 -1.127831578 -0.210039094 0.413533807 0.047011252 -0.424401551 -0.151961863 0.891392708
1403638614.027829 -1.120109677 -0.206341654 0.413884342 0.047447320 -0.416923493 -0.151006058 0.895053506
1403638614.077829 -1.112641335 -0.203205690 0.411455750 0.045873575 -0.408311665 -0.148435459 0.899524450
1403638614.127830 -1.106118083 -0.200425968 0.410702467 0.044363301 -0.398695052 -0.147563890 0.904045939
1403638614.177829 -1.099613309 -0.196636945 0.409206033 0.041938867 -0.388812870 -0.146081686 0.908694625
1403638614.227829 -1.091833234 -0.193662107 0.405972987 0.040465638 -0.379292309 -0.144033149 0.913101494
1403638614.277829 -1.085135818 -0.189813077 0.405569375 0.038564131 -0.371981204 -0.140765995 0.916693926
1403638614.327830 -1.077661991 -0.189230189 0.403512388 0.036488991 -0.365171760 -0.140150011 0.919606566
1403638614.377829 -1.067890882 -0.184218362 0.399137378 0.035335273 -0.358985960 -0.137972549 0.922412097
1403638614.427830 -1.060712457 -0.183042586 0.398260027 0.033642694 -0.355483085 -0.134968132 0.924274564
1403638614.477829 -1.053169012 -0.180092275 0.393984467 0.032749064 -0.351260483 -0.132541120 0.926270187
1403638614.527829 -1.046261907 -0.178356469 0.390849352 0.031351727 -0.347687095 -0.129671752 0.928071141
1403638614.577829 -1.038223267 -0.176731274 0.388301849 0.030694257 -0.343377709 -0.127644226 0.929976642
1403638614.627830 -1.029940844 -0.176109940 0.384110242 0.029845875 -0.338986158 -0.123375230 0.932188928
1403638614.677829 -1.022622824 -0.174492717 0.381396979 0.028603174 -0.333928376 -0.119048662 0.934612811
1403638614.727829 -1.014857173 -0.174454331 0.380232453 0.025186237 -0.329771310 -0.112909272 0.936946154
1403638614.777829 -1.007527590 -0.173600093 0.376405120 0.020091446 -0.323323697 -0.106648423 0.940044820
1403638614.827830 -0.997586131 -0.172127500 0.371650189 0.016277542 -0.315355480 -0.101170659 0.943424881
1403638614.877829 -0.990562975 -0.171438187 0.367349029 0.011230951 -0.306258917 -0.095881075 0.947040737
1403638614.927830 -0.982277811 -0.172553912 0.364260972 0.009369154 -0.295799941 -0.092310809 0.950733066
1403638614.977829 -0.975067616 -0.173542619 0.362005919 0.006765117 -0.284526706 -0.087361254 0.954655349
1403638615.027829 -0.965639234 -0.174319640 0.358012378 0.006460653 -0.271757275 -0.083151683 0.958745062
1403638615.077829 -0.958582222 -0.175355792 0.354498893 0.007141492 -0.256748766 -0.079929076 0.963140905
1403638615.127830 -0.948399067 -0.178811654 0.354043067 0.008200703 -0.242872730 -0.076699987 0.966986418
1403638615.177829 -0.940375924 -0.178722993 0.351642698 0.015161570 -0.226721987 -0.073862031 0.971036375
1403638615.227829 -0.930350780 -0.182769477 0.348385990 0.017908338 -0.210307792 -0.073203146 0.974726200
1403638615.277829 -0.922352791 -0.184812427 0.345740050 0.022550216 -0.193092048 -0.070587270 0.978378475
1403638615.327830 -0.913449407 -0.185928866 0.343210995 0.025249392 -0.177292094 -0.065690070 0.981638849
1403638615.377829 -0.904725313 -0.187633365 0.340441406 0.026977792 -0.160946533 -0.060833741 0.984717071
1403638615.427830 -0.894981623 -0.188467056 0.335568130 0.030096361 -0.144066721 -0.056370117 0.987502575
1403638615.477829 -0.877527118 -0.192045167 0.333624482 0.031425070 -0.129812062 -0.051146951 0.989719808
1403638615.527829 -0.872777343 -0.192133963 0.336020231 0.031519074 -0.115234338 -0.045433506 0.991798043
1403638615.577829 -0.865200281 -0.194307446 0.336076081 0.032510120 -0.102184929 -0.040697750 0.993400753
1403638615.627830 -0.857327819 -0.194892973 0.331561029 0.032600764 -0.089785457 -0.036455397 0.994759679
1403638615.677829 -0.847068965 -0.196145371 0.328445733 0.032337390 -0.080664836 -0.033606648 0.995649576
1403638615.727829 -0.838286996 -0.197100773 0.326718777 0.031792060 -0.073472776 -0.029539006 0.996352613
1403638615.777829 -0.830985904 -0.197569788 0.327175289 0.032590438 -0.067697011 -0.026730109 0.996815205
1403638615.827830 -0.822520196 -0.198456049 0.324901313 0.032758709 -0.062200844 -0.023938030 0.997238636
1403638615.877829 -0.812872171 -0.200555503 0.322383076 0.032121412 -0.057398960 -0.019628284 0.997641385
1403638615.927830 -0.804083169 -0.201929986 0.320430040 0.031752814 -0.052015092 -0.015957508 0.998013794
1403638615.977829 -0.789770484 -0.204164207 0.313716173 0.030647228 -0.044233397 -0.013770689 0.998456061
1403638616.027829 -0.784392416 -0.204520464 0.314505041 0.030875277 -0.037896089 -0.010994674 0.998744071
1403638616.077829 -0.776116431 -0.204993963 0.313627988 0.031001301 -0.030770861 -0.008178027 0.999012113
1403638616.127830 -0.766924739 -0.205455020 0.312092185 0.030954823 -0.023085313 -0.006274842 0.999234438
1403638616.177829 -0.757925928 -0.205096260 0.309287339 0.030413656 -0.014671831 -0.002617184 0.999426305
1403638616.227829 -0.749758780 -0.204257488 0.308105886 0.030247793 -0.005448161 0.001884541 0.999525785
1403638616.277829 -0.741732597 -0.203992531 0.305971831 0.029371643 0.004943261 0.006489681 0.999535263
1403638616.327830 -0.732055962 -0.202603295 0.303992122 0.028597632 0.015617313 0.010414377 0.999414742
1403638616.377829 -0.722050011 -0.199795246 0.302956998 0.028531773 0.026257524 0.015668649 0.999125123
1403638616.427830 -0.713103235 -0.196561620 0.300823182 0.028049989 0.036619518 0.019981334 0.998735726
1403638616.477829 -0.704041243 -0.194970712 0.299798816 0.026903389 0.045008048 0.024154343 0.998332143
1403638616.527829 -0.696459830 -0.191523671 0.300294310 0.025973076 0.053049382 0.027334681 0.997879744
1403638616.577829 -0.685930252 -0.188956454 0.297619581 0.023431800 0.058645722 0.029392665 0.997570932
1403638616.627830 -0.679208398 -0.186069608 0.298483521 0.020024838 0.065495312 0.032684013 0.997116387
1403638616.677829 -0.671234608 -0.183511063 0.298194528 0.014181769 0.070148982 0.035069365 0.996819019
1403638616.727829 -0.662335932 -0.179133922 0.298215568 0.007102583 0.071917184 0.040073339 0.996579945
1403638616.777829 -0.651088893 -0.174948499 0.295958310 -0.000971574 0.072575495 0.046175253 0.996293008
1403638616.827830 -0.642761886 -0.171568632 0.295711219 -0.007546971 0.072948642 0.051120732 0.995996118
1403638616.877829 -0.633829534 -0.168223515 0.295176089 -0.011881021 0.072781727 0.054571319 0.995782971
1403638616.927830 -0.625018120 -0.165118679 0.296284199 -0.011354962 0.073988974 0.053764999 0.995743990
1403638616.977829 -0.616580665 -0.162749365 0.295589924 -0.008304920 0.076375134 0.049408421 0.995819569
1403638617.027829 -0.606351256 -0.160154954 0.295255005 -0.004704447 0.076575078 0.045884885 0.995996356
1403638617.077829 -0.593497515 -0.158359364 0.295198351 -0.001384919 0.076991707 0.042240769 0.996135533
1403638617.127830 -0.583732367 -0.156998366 0.295107901 0.002366902 0.078162231 0.036585417 0.996266305
1403638617.177829 -0.575194299 -0.156378657 0.294971406 0.003871280 0.078261480 0.033102915 0.996375561
1403638617.227829 -0.566368163 -0.155574501 0.296195179 0.002543427 0.078548148 0.029622829 0.996466815
1403638617.277829 -0.557405055 -0.154233113 0.296716094 0.000381531 0.077394545 0.027951265 0.996608555
1403638617.327830 -0.547464132 -0.154251516 0.296997935 -0.002573810 0.075818889 0.027651703 0.996734798
1403638617.377829 -0.537917972 -0.154178202 0.297180712 -0.006739280 0.074885495 0.026201691 0.996825039
1403638617.427830 -0.529482484 -0.154516146 0.297630608 -0.009619074 0.074337833 0.024221860 0.996892452
1403638617.477829 -0.520252585 -0.155586272 0.298289776 -0.011705625 0.073050074 0.023361623 0.996985853
1403638617.527829 -0.512415111 -0.157159895 0.299192458 -0.013373661 0.073101670 0.021254696 0.997008264
1403638617.577829 -0.502083540 -0.158270016 0.299852192 -0.013078672 0.071439981 0.020961795 0.997138798
1403638617.627830 -0.493575662 -0.160524055 0.300926477 -0.012291195 0.071017869 0.019129694 0.997215807
1403638617.677829 -0.484730035 -0.163045287 0.301544994 -0.010790616 0.070417836 0.016962595 0.997314930
1403638617.727829 -0.476480842 -0.165475428 0.302891672 -0.009033019 0.070251502 0.014535300 0.997382462
1403638617.777829 -0.465236574 -0.168391764 0.303459346 -0.007534984 0.067734905 0.014912541 0.997563422
1403638617.827830 -0.459504515 -0.172425732 0.304692268 -0.009219964 0.069078922 0.011924461 0.997497261
1403638617.877829 -0.449768245 -0.175415382 0.305856019 -0.007528476 0.067525491 0.011553404 0.997622192
1403638617.927830 -0.442400903 -0.179689065 0.307246327 -0.006713877 0.066911928 0.012077040 0.997663140
1403638617.977829 -0.427839935 -0.184588358 0.310550809 -0.005725127 0.066125669 0.012423550 0.997717559
1403638618.027829 -0.419390976 -0.188287497 0.312617421 -0.005657699 0.065338589 0.012256381 0.997771859
1403638618.077829 -0.411555022 -0.191881657 0.315011919 -0.005068169 0.064613685 0.011966283 0.997825742
1403638618.127830 -0.403600037 -0.195422485 0.317569673 -0.005789726 0.063435569 0.012921402 0.997885466
1403638618.177829 -0.395682603 -0.198477834 0.319979221 -0.005122703 0.062472295 0.013278199 0.997945249
1403638618.227829 -0.387821913 -0.201341048 0.323354006 -0.005081354 0.062131453 0.012172190 0.997980833
1403638618.277829 -0.381128550 -0.204792917 0.326250583 -0.005418750 0.062386438 0.011317332 0.997973204
1403638618.327830 -0.373119116 -0.207899228 0.329468161 -0.004424075 0.061635841 0.010478972 0.998033881
1403638618.377829 -0.365132064 -0.210009396 0.332915515 -0.003622796 0.060958307 0.010582807 0.998077631
1403638618.427830 -0.355777174 -0.215146109 0.337013602 -0.004194817 0.060981333 0.009659371 0.998083353
1403638618.477829 -0.348727316 -0.217970833 0.341280043 -0.004424825 0.060372006 0.009590748 0.998120070
1403638618.527829 -0.341618657 -0.220773563 0.344893485 -0.003118424 0.059982527 0.009067016 0.998153448
1403638618.577829 -0.334655166 -0.223226205 0.348893106 -0.002443623 0.060933635 0.008262094 0.998104632
1403638618.627830 -0.327601880 -0.226118505 0.353300840 -0.002482686 0.062998846 0.009207532 0.997968018
1403638618.677829 -0.320535481 -0.228711948 0.357743829 -0.002218849 0.065535516 0.008717137 0.997809708
1403638618.727829 -0.314021766 -0.231932595 0.361821204 -0.002036467 0.067721844 0.008917747 0.997662306
1403638618.777829 -0.307558566 -0.235025451 0.366851062 -0.001083676 0.069641195 0.009823311 0.997523129
1403638618.827830 -0.298426718 -0.240006119 0.372071564 0.000132777 0.070656814 0.011011598 0.997439921
1403638618.877829 -0.291932166 -0.243599057 0.376379341 0.002119710 0.073467776 0.010924294 0.997235477
1403638618.927830 -0.285845220 -0.247560054 0.381016731 0.004622305 0.077511206 0.012686531 0.996900082
1403638618.977829 -0.279436678 -0.251854151 0.386009216 0.008486197 0.083466604 0.014539069 0.996368408
1403638619.027829 -0.272538602 -0.256283849 0.391182065 0.011459844 0.091135830 0.017107947 0.995625556
1403638619.077829 -0.266312331 -0.259371936 0.396241754 0.013650906 0.100928806 0.019324513 0.994612277
1403638619.127830 -0.260513246 -0.263129562 0.401574641 0.015749957 0.111640379 0.022448305 0.993370235
1403638619.177829 -0.254380822 -0.266530752 0.407456964 0.016989632 0.123060070 0.027419962 0.991874874
1403638619.227829 -0.248440444 -0.269448400 0.412209213 0.018840346 0.135005236 0.032971893 0.990116894
1403638619.277829 -0.243093967 -0.272559553 0.417359531 0.019203484 0.147640303 0.039833251 0.988052070
1403638619.327830 -0.236528292 -0.274409682 0.424041808 0.020251747 0.161637843 0.045164082 0.985608041
1403638619.377829 -0.230715305 -0.275874615 0.429681122 0.021448299 0.174351633 0.051409215 0.983106554
1403638619.427830 -0.225155801 -0.277907282 0.435393035 0.022703828 0.185237080 0.057279631 0.980760336
1403638619.477829 -0.219221994 -0.279492259 0.440291613 0.023528779 0.194208562 0.063138418 0.978643417
1403638619.527829 -0.213764891 -0.280747205 0.446858972 0.024993634 0.201872170 0.068017900 0.976727426
1403638619.577829 -0.209122583 -0.282411724 0.452587217 0.025426134 0.208560750 0.072559260 0.974982619
1403638619.627830 -0.204170048 -0.283413827 0.458914340 0.026342889 0.212816879 0.079320207 0.973510802
1403638619.677829 -0.199434072 -0.284603953 0.464263737 0.028215617 0.214570463 0.088255659 0.972303629
1403638619.727829 -0.194763958 -0.285650671 0.470985860 0.028240040 0.216557890 0.094526008 0.971272349
1403638619.777829 -0.189571664 -0.286980331 0.475760579 0.029848116 0.217770532 0.099696033 0.970435858
1403638619.827830 -0.184671611 -0.287665099 0.481559008 0.031068785 0.219387785 0.103261888 0.969660103
1403638619.877829 -0.179978952 -0.287826627 0.486882746 0.032194413 0.221219763 0.105186969 0.969000041
1403638619.927830 -0.175009474 -0.288211316 0.491954982 0.032602731 0.222562999 0.107147411 0.968463838
1403638619.977829 -0.169839457 -0.288219810 0.496882021 0.032592382 0.224048436 0.107357681 0.968098342
1403638620.027829 -0.163746625 -0.289243370 0.502666116 0.033483118 0.225783765 0.107203215 0.967681825
1403638620.077829 -0.158912569 -0.289273888 0.507413745 0.035844676 0.227018222 0.107249252 0.967303216
1403638620.127830 -0.152403742 -0.289892167 0.511816859 0.037572697 0.228549808 0.105296835 0.967091441
1403638620.177829 -0.147522375 -0.290846020 0.516458452 0.040067766 0.230325088 0.103798240 0.966732085
1403638620.227829 -0.141150519 -0.291326523 0.519837022 0.040996656 0.230700240 0.103192121 0.966668546
1403638620.277829 -0.136463076 -0.292716295 0.523759782 0.038913485 0.232132599 0.101191498 0.966623247
1403638620.327830 -0.130488977 -0.293662935 0.526540756 0.037922516 0.232892931 0.098792151 0.966727912
1403638620.377829 -0.124607131 -0.294224977 0.528878570 0.036976736 0.232597873 0.097923517 0.966923952
1403638620.427830 -0.119174361 -0.296769291 0.531274080 0.035884779 0.232745275 0.096503273 0.967072427
1403638620.477829 -0.111726925 -0.297652870 0.534220457 0.035159830 0.232156500 0.095486037 0.967341542
1403638620.527829 -0.106372058 -0.298805505 0.535832882 0.034756158 0.231777832 0.094421282 0.967551410
1403638620.577829 -0.100953490 -0.299455136 0.538751960 0.033715677 0.231148303 0.094177440 0.967762589
1403638620.627830 -0.094024688 -0.301641524 0.540981412 0.031190740 0.229847014 0.094873063 0.968089163
1403638620.677829 -0.088188693 -0.302493691 0.542753100 0.029202279 0.228242591 0.095914923 0.968428075
1403638620.727829 -0.083291233 -0.302474141 0.545058429 0.026388779 0.226973549 0.097333945 0.968665421
1403638620.777829 -0.077101335 -0.302914649 0.546986818 0.023926446 0.225515753 0.098119229 0.968990624
1403638620.827830 -0.070841074 -0.302427381 0.550024033 0.021770466 0.225173578 0.096820243 0.969251633
1403638620.877829 -0.065768763 -0.302259773 0.552104115 0.019499732 0.226243407 0.092457302 0.969476819
1403638620.927830 -0.058763787 -0.301828653 0.553428471 0.019401884 0.225597814 0.089293033 0.969925761
1403638620.977829 -0.052693799 -0.301727712 0.555436194 0.019188231 0.226043239 0.085165411 0.970197499
1403638621.027829 -0.047515109 -0.301485151 0.558214664 0.021241106 0.226526514 0.081613667 0.970347226
1403638621.077829 -0.041634887 -0.301256835 0.560333908 0.022481292 0.226670355 0.078742988 0.970522940
1403638621.127830 -0.034096763 -0.301797241 0.562488317 0.023382386 0.225330725 0.078863591 0.970803738
1403638621.177829 -0.029214770 -0.302515864 0.564580858 0.024720892 0.224918574 0.077894352 0.970944405
1403638621.227829 -0.024131432 -0.302496225 0.566445708 0.026701735 0.224555656 0.076851241 0.971059024
1403638621.277829 -0.016255394 -0.303444594 0.567319512 0.027358098 0.223263741 0.075711444 0.971428156
1403638621.327830 -0.010937154 -0.303997457 0.568818271 0.026208300 0.223495185 0.073736981 0.971558511
1403638621.377829 -0.006110266 -0.304160655 0.570498586 0.026551293 0.223276347 0.072051115 0.971725941
1403638621.427830 0.000344858 -0.305314273 0.572121978 0.028537571 0.222331777 0.072031297 0.971887708
1403638621.477829 0.005171448 -0.305023909 0.574239731 0.029893165 0.222697571 0.070152327 0.971900642
1403638621.527829 0.009204954 -0.305135995 0.575272977 0.032565817 0.222121939 0.069399215 0.972000539
1403638621.577829 0.015757993 -0.305556953 0.576513708 0.033802345 0.221186742 0.068533786 0.972232938
1403638621.627830 0.020727456 -0.305808932 0.577886820 0.035214331 0.220750406 0.068382785 0.972292662
1403638621.677829 0.025394827 -0.304928958 0.579399705 0.035563044 0.220226228 0.067840479 0.972436786
1403638621.727829 0.028766960 -0.303580791 0.581237972 0.037399452 0.220903158 0.067017794 0.972271442
1403638621.777829 0.035477757 -0.303675234 0.582969308 0.038253296 0.220636472 0.066295788 0.972348273
1403638621.827830 0.038742647 -0.302801102 0.584875286 0.040744409 0.221421838 0.064741820 0.972173274
1403638621.877829 0.043139681 -0.301298141 0.585868061 0.044425860 0.221488908 0.063462436 0.972081065
1403638621.927830 0.047325552 -0.299988747 0.587245643 0.046843302 0.221841842 0.062625743 0.971941292
1403638621.977829 0.052223533 -0.299313754 0.587637901 0.048148151 0.221084207 0.062495004 0.972058594
1403638622.027829 0.056015059 -0.297535896 0.588551819 0.048991546 0.220660105 0.063126788 0.972072005
1403638622.077829 0.059432298 -0.295762181 0.589656591 0.048805118 0.220567718 0.064323962 0.972023845
1403638622.127830 0.062646851 -0.293338358 0.590330303 0.048139326 0.219836935 0.066236235 0.972094178
1403638622.177829 0.067453191 -0.291081846 0.590062857 0.047566418 0.218305022 0.068058677 0.972341716
1403638622.227829 0.070285112 -0.289450347 0.590571642 0.047245149 0.218214661 0.069325224 0.972288132
1403638622.277829 0.073636115 -0.287736207 0.590605378 0.048234284 0.217242435 0.071524665 0.972298026
1403638622.327830 0.076094002 -0.286036849 0.591381073 0.047343723 0.217693493 0.072532594 0.972166181
1403638622.377829 0.077955469 -0.285310149 0.590170503 0.046086639 0.218857050 0.071614847 0.972033381
1403638622.427830 0.080691695 -0.283699900 0.589260578 0.045326527 0.219678730 0.070489712 0.971966028
1403638622.477829 0.083429068 -0.283700705 0.588049829 0.044105936 0.220655039 0.068438299 0.971947610
1403638622.527829 0.087151930 -0.283543527 0.585842550 0.044003740 0.220665663 0.068092197 0.971974134
1403638622.577829 0.087937593 -0.282235265 0.585735321 0.044009153 0.222771734 0.065466017 0.971673846
1403638622.627830 0.090335444 -0.280522853 0.584019244 0.047312487 0.223921150 0.063154235 0.971407413
1403638622.677829 0.092405081 -0.279765517 0.582206905 0.051481176 0.224784032 0.062029894 0.971068501
1403638622.727829 0.094250068 -0.279912710 0.579510272 0.060599245 0.225618303 0.059887730 0.970483184
1403638622.777829 0.096045613 -0.280369282 0.576647282 0.069508672 0.226205587 0.059011579 0.969802618
1403638622.827830 0.096208200 -0.280807734 0.574041009 0.075718522 0.227599829 0.057875905 0.969079673
1403638622.877829 0.098311126 -0.280989379 0.570450962 0.076868311 0.227414370 0.057761002 0.969039559
1403638622.927830 0.098544776 -0.281143785 0.566631317 0.075300880 0.227572650 0.059367485 0.969028354
1403638622.977829 0.098359287 -0.280408502 0.562359095 0.070687830 0.227833748 0.060754430 0.969228506
1403638623.027829 0.098874509 -0.279968411 0.558325052 0.065357238 0.226928800 0.063549854 0.969635606
1403638623.077829 0.100150034 -0.278462112 0.553491890 0.059949826 0.225869894 0.065959930 0.970071197
1403638623.127830 0.099333853 -0.277828932 0.549294651 0.055889603 0.225198850 0.069131948 0.970248759
1403638623.177829 0.099685222 -0.276420265 0.544683993 0.053286482 0.223783061 0.071955390 0.970517457
1403638623.227829 0.099114135 -0.273723841 0.539667308 0.051488332 0.223212719 0.073716678 0.970613658
1403638623.277829 0.099369988 -0.271880329 0.535202444 0.048167381 0.222124100 0.075541526 0.970893562
1403638623.327830 0.098401368 -0.269892156 0.530382156 0.045528945 0.222163826 0.076720543 0.970919311
1403638623.377829 0.098405182 -0.268187314 0.524977446 0.043421019 0.221208721 0.078527704 0.971089482
1403638623.427830 0.097464651 -0.264634639 0.520328581 0.041101113 0.222070813 0.076871283 0.971126199
1403638623.477829 0.096655369 -0.263104230 0.514969826 0.040537551 0.221816599 0.077979885 0.971119583
1403638623.527829 0.096206367 -0.259804726 0.510408401 0.040093627 0.221534014 0.078194313 0.971185327
1403638623.577829 0.095531166 -0.258449793 0.504406691 0.039946761 0.222501352 0.076698609 0.971089482
1403638623.627830 0.094570115 -0.255813837 0.499119610 0.040584464 0.223360226 0.075645074 0.970948517
1403638623.677829 0.093482234 -0.254163802 0.493341863 0.039157324 0.223788753 0.075390287 0.970928252
1403638623.727829 0.093702883 -0.252733946 0.487053692 0.038660228 0.224363297 0.074592941 0.970877171
1403638623.777829 0.092754088 -0.251577705 0.480702281 0.036590319 0.224997297 0.074107774 0.970847845
1403638623.827830 0.092131846 -0.249534830 0.474391818 0.037096851 0.225428075 0.073224977 0.970795631
1403638623.877829 0.091711566 -0.247738540 0.468490809 0.035110462 0.225789949 0.073210463 0.970786512
1403638623.927830 0.090190679 -0.246475920 0.461368263 0.034281194 0.226875275 0.072918437 0.970585048
1403638623.977829 0.089393303 -0.244606003 0.454821616 0.033178091 0.227367803 0.072891675 0.970510125
1403638624.027829 0.086983137 -0.243004650 0.448620260 0.033081196 0.228375539 0.073627837 0.970221221
1403638624.077829 0.086090960 -0.241988033 0.442616701 0.031927533 0.228144184 0.076058276 0.970126808
1403638624.127830 0.084792286 -0.239570573 0.436327189 0.032024156 0.228080332 0.077551991 0.970020354
1403638624.177829 0.083953895 -0.237795696 0.430556178 0.032113761 0.227562591 0.079364300 0.969992459
1403638624.227829 0.083551720 -0.235176206 0.423920602 0.031844955 0.227218062 0.081397921 0.969913542
1403638624.277829 0.081793100 -0.232870832 0.417684644 0.032399446 0.227239683 0.083057687 0.969749331
1403638624.327830 0.080875754 -0.229417518 0.411664784 0.033026770 0.227507681 0.083566211 0.969621718
1403638624.377829 0.079421714 -0.227617607 0.405492783 0.032618694 0.227847427 0.084678531 0.969459176
1403638624.427830 0.077782832 -0.224536702 0.399878919 0.032534312 0.228486389 0.084506884 0.969326615
1403638624.477829 0.076467007 -0.219681144 0.393827558 0.033446167 0.229512557 0.083812654 0.969113410
1403638624.527829 0.075794905 -0.217185304 0.388863921 0.037814904 0.229147673 0.086792327 0.968776822
1403638624.577829 0.075439125 -0.214181513 0.382205784 0.046366110 0.228283092 0.090353332 0.968283713
1403638624.627830 0.074172646 -0.209896520 0.376390547 0.053966831 0.228585869 0.089951403 0.967855811
1403638624.677829 0.073526949 -0.206716627 0.370679229 0.053675056 0.228656858 0.087353662 0.968093157
1403638624.727829 0.071547329 -0.202993751 0.364275813 0.050415352 0.228683725 0.082086973 0.968722761
1403638624.777829 0.070973761 -0.199984312 0.357082307 0.045033507 0.227280200 0.076872230 0.969745517
1403638624.827830 0.069581226 -0.196049929 0.350276232 0.040136579 0.225705087 0.072787642 0.970643222
1403638624.877829 0.067228161 -0.192733958 0.343477994 0.036830537 0.224263459 0.069233418 0.971368194
1403638624.927830 0.066802867 -0.190248743 0.336290091 0.034309410 0.220477119 0.069815099 0.972285271
1403638624.977829 0.064989530 -0.187763318 0.329352021 0.033006206 0.216876909 0.071604192 0.973009706
1403638625.027829 0.063689724 -0.185185015 0.321545571 0.033349883 0.213703424 0.072366782 0.973643482
1403638625.077829 0.061879225 -0.182352319 0.314165622 0.032950751 0.210056201 0.074981660 0.974252760
1403638625.127830 0.060648918 -0.179069623 0.306710452 0.032982700 0.207209781 0.077435642 0.974669158
1403638625.177829 0.058132969 -0.176389515 0.300028384 0.032422114 0.205364689 0.078643844 0.974981725
1403638625.227829 0.057051081 -0.172656775 0.292792559 0.032163009 0.203596383 0.078957468 0.975335717
1403638625.277829 0.055533752 -0.169122398 0.285913318 0.032084722 0.202811182 0.078282140 0.975556314
1403638625.327830 0.053793658 -0.165736377 0.279380232 0.032198507 0.202116653 0.078042120 0.975715935
1403638625.377829 0.051886439 -0.162485585 0.272174239 0.032237418 0.201785564 0.077810183 0.975801706
1403638625.427830 0.051058661 -0.159617454 0.265147835 0.032654278 0.201199770 0.077512629 0.975932479
1403638625.477829 0.050419893 -0.156863704 0.257935345 0.033167880 0.200539485 0.078430317 0.975977719
1403638625.527829 0.049030729 -0.154701322 0.250607550 0.032850940 0.200860605 0.077298321 0.976012707
1403638625.577829 0.048741374 -0.151849359 0.242252126 0.032381255 0.200331464 0.077528305 0.976118922
1403638625.627830 0.047445644 -0.149382398 0.234337121 0.030771397 0.200837031 0.076641515 0.976137161
1403638625.677829 0.046506129 -0.147743270 0.226922974 0.029509541 0.200506672 0.077192128 0.976200581
1403638625.727829 0.045159340 -0.146091670 0.219068646 0.025299428 0.200332701 0.077863410 0.976301193
1403638625.777829 0.044418007 -0.143782198 0.212013483 0.021639798 0.200018257 0.079206869 0.976345599
1403638625.827830 0.042575117 -0.141723663 0.204267725 0.017820576 0.200549290 0.079639040 0.976278722
1403638625.877829 0.043096829 -0.139143616 0.196586818 0.017003769 0.200292662 0.079382457 0.976366818
1403638625.927830 0.042781819 -0.136515781 0.189147159 0.015902760 0.200664774 0.078840829 0.976352811
1403638625.977829 0.041503802 -0.134123713 0.181843624 0.016005917 0.201344773 0.079096235 0.976190507
1403638626.027829 0.041860558 -0.131726757 0.174675867 0.014163647 0.200993568 0.079720028 0.976240575
1403638626.077829 0.041187130 -0.128749341 0.168010011 0.013434306 0.200706825 0.081322797 0.976177692
1403638626.127830 0.040665828 -0.125512153 0.161202639 0.013448474 0.200659767 0.082210481 0.976112843
1403638626.177829 0.040394083 -0.122366510 0.155041113 0.012952262 0.201119497 0.081606716 0.976075590
1403638626.227829 0.040728860 -0.118987612 0.149050564 0.013640407 0.201406807 0.080835626 0.976071119
1403638626.277829 0.040259857 -0.116155654 0.143172264 0.015094822 0.202831522 0.078640722 0.975934029
1403638626.327830 0.040011998 -0.112536170 0.137267098 0.016818298 0.204877332 0.074065402 0.975836456
1403638626.377829 0.040262360 -0.109776467 0.131389618 0.018019404 0.206417412 0.069996268 0.975790799
1403638626.427830 0.040429883 -0.105341479 0.125507221 0.020544231 0.207026720 0.067304350 0.975801229
1403638626.477829 0.039711244 -0.102076508 0.119896866 0.020520100 0.207421973 0.066754863 0.975755513
1403638626.527829 0.040460240 -0.098362274 0.114125870 0.018099185 0.207329199 0.065485112 0.975909233
1403638626.577829 0.040375996 -0.094575614 0.108921975 0.016524173 0.207051978 0.065532856 0.975992739
1403638626.627830 0.039680257 -0.090683624 0.104098096 0.014618538 0.206796527 0.066554971 0.976008177
1403638626.677829 0.039204635 -0.088009387 0.098680221 0.013139908 0.206506982 0.066430688 0.976098955
1403638626.727829 0.039438661 -0.084484540 0.092934459 0.009578300 0.205571815 0.068456247 0.976197839
1403638626.777829 0.038722083 -0.081676759 0.088180140 0.006230124 0.205053240 0.069576226 0.976254821
1403638626.827830 0.038122840 -0.078616768 0.083123110 0.004089623 0.204848126 0.070020296 0.976277471
1403638626.877829 0.038447388 -0.076872848 0.078068703 0.001568059 0.204383314 0.069855824 0.976393938
1403638626.927830 0.037946109 -0.075109199 0.073438957 -0.000251660 0.204480723 0.069954634 0.976367772
1403638626.977829 0.037816230 -0.073423304 0.068694815 -0.000148747 0.203980282 0.070268355 0.976449847
1403638627.027829 0.036918387 -0.071168274 0.064559199 -0.000004358 0.204123065 0.069767736 0.976455986
1403638627.077829 0.037727810 -0.069445029 0.059758112 0.000011486 0.203118891 0.070156619 0.976637483
1403638627.127830 0.036805194 -0.067851916 0.055883102 0.000261234 0.203377068 0.070112117 0.976586938
1403638627.177829 0.037242115 -0.064840719 0.052282557 0.000563798 0.202720761 0.070732877 0.976678491
1403638627.227829 0.036670458 -0.063442647 0.048204739 0.000764281 0.202752277 0.070435464 0.976693273
1403638627.277829 0.037079360 -0.061813813 0.044713564 0.000189578 0.203065380 0.068719812 0.976750731
1403638627.327830 0.036848985 -0.059743170 0.041697912 0.000642605 0.203647494 0.067044504 0.976745784
1403638627.377829 0.037487589 -0.058149088 0.038339224 0.001259997 0.203719005 0.065930672 0.976806104
1403638627.427830 0.037248138 -0.056036495 0.035920180 0.000631342 0.203877583 0.065399073 0.976809323
1403638627.477829 0.037168987 -0.053399455 0.033307225 0.000727301 0.203829333 0.065369062 0.976821363
1403638627.527829 0.037933219 -0.051584020 0.030430656 0.001470804 0.203550518 0.065821610 0.976848245
1403638627.577829 0.038391314 -0.049649902 0.029008437 0.002498852 0.204217419 0.064540915 0.976792455
1403638627.627830 0.038506541 -0.047892824 0.026236167 0.004657112 0.205176488 0.062669292 0.976705432
1403638627.677829 0.038115151 -0.045357578 0.023993395 0.007788072 0.205589771 0.062706567 0.976596177
1403638627.727829 0.038118929 -0.043547530 0.022079747 0.010042433 0.205949977 0.061942630 0.976548433
1403638627.777829 0.037887234 -0.041389793 0.020395493 0.010924790 0.206637546 0.060955625 0.976455808
1403638627.827830 0.038146727 -0.039584309 0.018887753 0.012232736 0.206756875 0.060868561 0.976420462
1403638627.877829 0.037794866 -0.037608586 0.017355161 0.011904666 0.207435712 0.060179267 0.976323307
1403638627.927830 0.038340367 -0.036073674 0.015753143 0.009827394 0.207161888 0.060504925 0.976384401
1403638627.977829 0.038125977 -0.036363170 0.013988450 0.007171960 0.207388982 0.059952073 0.976393402
1403638628.027829 0.037452634 -0.031808119 0.012878408 0.007144477 0.208051205 0.059675541 0.976269722
1403638628.077829 0.038687453 -0.030926282 0.010787374 0.005867432 0.207681477 0.059945736 0.976340353
1403638628.127830 0.039665751 -0.030878382 0.008842370 0.004156196 0.207505628 0.059964240 0.976385415
1403638628.177829 0.036341440 -0.027965685 0.010082219 0.004450405 0.209368795 0.059519220 0.976013541
1403638628.227829 0.036101110 -0.025797311 0.009059243 0.004735433 0.209367573 0.060460545 0.975954592
1403638628.277829 0.035429422 -0.024770848 0.008046700 0.004158617 0.209777474 0.060299478 0.975879133
1403638628.327830 0.034803052 -0.024713971 0.008442213 0.003041130 0.209675997 0.061574258 0.975825489
1403638628.377829 0.033992622 -0.024592649 0.007459643 0.002545948 0.209678814 0.062096838 0.975793183
1403638628.427830 0.033029452 -0.023863358 0.006481286 0.003552322 0.208741441 0.064704590 0.975821555
1403638628.477829 0.031814318 -0.023553733 0.005709164 0.007551333 0.207442671 0.069231302 0.975765109
1403638628.527829 0.030546669 -0.024015153 0.005538525 0.013693413 0.205940321 0.074313730 0.975642622
1403638628.577829 0.030790417 -0.022938980 0.005315391 0.020387409 0.204181269 0.078304172 0.975583375
1403638628.627830 0.029325105 -0.023330884 0.004760782 0.025608698 0.203479946 0.081494972 0.975345433
1403638628.677829 0.029181875 -0.023529630 0.004375587 0.027037157 0.202098802 0.084642209 0.975326002
1403638628.727829 0.028848737 -0.022227200 0.004161892 0.026895566 0.202324852 0.084293425 0.975313246
1403638628.777829 0.027680142 -0.021857994 0.003266153 0.025286134 0.203301698 0.082866095 0.975275517
1403638628.827830 0.027767560 -0.020270256 0.003769482 0.024571043 0.204180002 0.080531515 0.975305855
1403638628.877829 0.028140415 -0.020091178 0.003446487 0.024231393 0.205111817 0.078253731 0.975304246
1403638628.927830 0.027861703 -0.018804586 0.003178331 0.024039859 0.206232652 0.076009840 0.975250065
1403638628.977829 0.027726917 -0.017578024 0.002778010 0.023084680 0.207405642 0.073034078 0.975251794
1403638629.027829 0.027539587 -0.016307779 0.002402371 0.022313146 0.208432406 0.070420228 0.975243092
1403638629.077829 0.028756158 -0.016863089 0.001407862 0.020528447 0.208922490 0.067504741 0.975383580
1403638629.127830 0.026878484 -0.015169984 0.001314253 0.019879032 0.209787324 0.066525899 0.975278616
1403638629.177829 0.027934320 -0.015391320 0.000683783 0.018591855 0.209822476 0.064983666 0.975400448
1403638629.227829 0.027699467 -0.014964681 0.000535178 0.017711928 0.209801391 0.064469069 0.975455523
1403638629.277829 0.028503856 -0.015031691 0.000239983 0.017721366 0.209574550 0.063616805 0.975560069
1403638629.327830 0.027610635 -0.014543452 -0.002962850 0.015750809 0.210100517 0.062878072 0.975528598
1403638629.377829 0.027317315 -0.012402883 -0.000783545 0.012915877 0.210269973 0.063489214 0.975494146
1403638629.427830 0.026594032 -0.012037394 -0.001364246 0.009266821 0.210156724 0.064264499 0.975509286
1403638629.477829 0.026012713 -0.012337523 -0.003110026 0.004524661 0.209813192 0.065564565 0.975530207
1403638629.527829 0.025641516 -0.012066627 -0.004950521 0.000602069 0.209006056 0.067747101 0.975564659
1403638629.577829 0.025099881 -0.011791776 -0.004134422 -0.000699608 0.208285019 0.070146091 0.975549281
1403638629.627830 0.024324706 -0.012120008 -0.004045132 0.000295617 0.206156641 0.076586589 0.975517213
1403638629.677829 0.024785634 -0.014159767 -0.004126223 0.002294195 0.203601927 0.083239257 0.975506186
1403638629.727829 0.022661578 -0.013761397 -0.003943013 0.007043582 0.202397555 0.088554941 0.975265920
1403638629.777829 0.022783929 -0.014043151 -0.002179966 0.012642222 0.201701865 0.091317959 0.975098729
1403638629.827830 0.021124490 -0.013689760 -0.000939851 0.017924830 0.201508403 0.093346596 0.974863827
1403638629.877829 0.020842394 -0.013842651 -0.000931371 0.023824746 0.202038646 0.093780711 0.974586010
1403638629.927830 0.021151157 -0.013017571 0.001341596 0.028698733 0.204606935 0.088653013 0.974398792
1403638629.977829 0.021696510 -0.012549981 0.001292232 0.033453569 0.207152352 0.082086280 0.974284649
1403638630.027829 0.022043137 -0.010791851 0.002912719 0.038767405 0.209573165 0.076343678 0.974036872
1403638630.077829 0.022044631 -0.008846088 0.001692268 0.039621036 0.211522609 0.071866423 0.973921776
1403638630.127830 0.024460664 -0.007950952 0.002247890 0.037571337 0.211719081 0.068820558 0.974180281
1403638630.177829 0.025069509 -0.005456448 0.003598733 0.034651574 0.212448269 0.066275731 0.974306166
1403638630.227829 0.025374373 -0.002739420 0.005097291 0.030839732 0.212768734 0.065542020 0.974413991
1403638630.277829 0.025268905 0.000475027 0.006318742 0.027431734 0.212765485 0.065493919 0.974519849
1403638630.327830 0.026877221 0.004329009 0.004115200 0.023392009 0.212332457 0.066607729 0.974644125
1403638630.377829 0.023773596 0.003344536 0.010519862 -0.005928350 0.210441351 0.066734992 0.975308001
1403638630.427830 0.024432696 0.002635808 0.009839082 -0.005279555 0.210033640 0.065259770 0.975499451
1403638630.477829 0.022417560 -0.004831365 0.012969385 0.024825918 0.209262803 0.067403406 0.975217700
1403638630.527829 0.020181162 -0.019301975 -0.018912159 0.028457865 0.203219980 0.078965969 0.975528657
1403638630.577829 0.020671740 -0.024794571 -0.002868200 0.022515394 0.207592443 0.073358163 0.975201011
1403638630.627830 0.024609579 -0.002024363 0.010710239 0.026920687 0.209730223 0.066083014 0.975152075
1403638630.677829 0.025342885 -0.002241430 0.014315035 0.025473781 0.209243238 0.063628502 0.975458741
1403638630.727829 0.025320303 -0.002124357 0.013457912 0.027047316 0.209748462 0.066931605 0.975086749
1403638630.777829 0.025471468 -0.001970797 0.014046486 0.024609558 0.209066704 0.065743238 0.975378573
1403638630.827830 0.025637750 -0.002229272 0.011935974 0.027097905 0.208461836 0.069325812 0.975193977
1403638630.877829 0.026061412 -0.002596706 0.010018741 0.026233098 0.208908185 0.067578487 0.975244820
1403638630.927830 0.026218593 -0.002548483 0.010537338 0.025575565 0.209468186 0.067900620 0.975119710
1403638630.977829 0.025114257 -0.003001055 0.008618137 0.027183242 0.208950862 0.068178244 0.975167871
1403638631.027829 0.024920560 -0.002868108 0.008995740 0.027596317 0.209432393 0.066151887 0.975192547
1403638631.077829 0.025062701 -0.002821116 0.008844317 0.028324747 0.208446756 0.065961562 0.975395679
1403638631.127830 0.029927827 -0.004576034 0.013188818 0.027911814 0.206083298 0.065752223 0.975923836
1403638631.177829 0.024844453 -0.002696776 0.009517003 0.028429748 0.209235519 0.067286678 0.975133181
1403638631.227829 0.024330966 -0.002923564 0.011693672 0.030002264 0.209660158 0.070710070 0.974752605
1403638631.277829 0.024879403 -0.004493409 0.010776755 0.027618602 0.209314719 0.067068376 0.975154519
1403638631.327830 0.025107931 -0.005042184 0.013763158 0.028128188 0.210054398 0.068531252 0.974879205
1403638631.377829 0.025267515 -0.005147890 0.012353376 0.026708428 0.208836868 0.068036266 0.975215316
1403638631.427830 0.025766950 -0.005229976 0.012522005 0.027352177 0.208820507 0.067784294 0.975218534
1403638631.477829 0.025808634 -0.005385695 0.011899607 0.026332418 0.208784685 0.067020841 0.975306988
1403638631.527829 0.025747525 -0.004871937 0.012732005 0.026993735 0.209864080 0.067056298 0.975054801
1403638631.577829 0.026222253 -0.003907945 0.010830116 0.026999477 0.208855271 0.066380940 0.975317419
1403638631.627830 0.025738783 -0.005166606 0.012988762 0.026773151 0.209071860 0.066631228 0.975260198
1403638631.677829 0.025622878 -0.004988092 0.013787987 0.028047228 0.209664002 0.069054611 0.974928617
