#frame chA chB nCorr nA nB MNR GNR DICE
3 0 1 0 79 142 0 0 0
4 0 1 0 85 144 0 0 0
5 0 1 0 67 116 0 0 0
6 0 1 0 90 184 0 0 0
7 0 1 0 119 230 0 0 0
8 0 1 0 94 173 0 0 0
9 0 1 0 111 215 0 0 0
10 0 1 0 93 176 0 0 0
11 0 1 1 106 227 0.00943396 0.00644665 0.00600601
12 0 1 4 94 198 0.0425532 0.02932 0.0273973
13 0 1 1 74 161 0.0135135 0.0091616 0.00851064
14 0 1 1 88 226 0.0113636 0.00709095 0.00636943
15 0 1 4 69 189 0.057971 0.0350271 0.0310078
16 0 1 2 56 161 0.0357143 0.0210631 0.0184332
17 0 1 3 104 228 0.0288462 0.0194822 0.0180723
18 0 1 3 121 257 0.0247934 0.0170123 0.015873
19 0 1 2 108 242 0.0185185 0.0123712 0.0114286
20 0 1 0 121 234 0 0 0
21 0 1 1 125 249 0.008 0.0056682 0.00534759
22 0 1 3 132 240 0.0227273 0.016855 0.016129
23 0 1 1 156 306 0.00641026 0.00457696 0.004329
24 0 1 6 155 274 0.0387097 0.0291146 0.027972
25 0 1 2 131 248 0.0152672 0.0110961 0.0105541
26 0 1 1 169 271 0.00591716 0.00467274 0.00454545
27 0 1 3 150 231 0.02 0.0161165 0.015748
28 0 1 6 156 296 0.0384615 0.0279218 0.0265487
29 0 1 4 157 252 0.0254777 0.0201099 0.0195599
30 0 1 1 131 231 0.00763359 0.00574855 0.00552486
31 0 1 1 148 297 0.00675676 0.0047697 0.00449438
32 0 1 2 143 279 0.013986 0.0100129 0.00947867
33 0 1 3 131 259 0.0229008 0.0162868 0.0153846
34 0 1 3 150 278 0.02 0.0146911 0.0140187
35 0 1 9 152 304 0.0592105 0.0418682 0.0394737
36 0 1 9 164 327 0.054878 0.0388639 0.0366599
37 0 1 9 166 312 0.0542169 0.0395468 0.0376569
38 0 1 11 190 330 0.0578947 0.0439298 0.0423077
39 0 1 8 193 372 0.0414508 0.0298566 0.0283186
40 0 1 10 211 396 0.0473934 0.0345948 0.0329489
41 0 1 12 212 415 0.0566038 0.0404566 0.0382775
42 0 1 18 201 386 0.0895522 0.0646221 0.0613288
43 0 1 11 188 402 0.0585106 0.040013 0.0372881
44 0 1 15 167 359 0.0898204 0.0612612 0.0570342
45 0 1 14 168 332 0.0833333 0.0592795 0.056
46 0 1 13 143 329 0.0909091 0.0599346 0.0550847
47 0 1 12 136 314 0.0882353 0.0580694 0.0533333
48 0 1 13 121 313 0.107438 0.0668003 0.0599078
49 0 1 15 104 266 0.144231 0.0901849 0.0810811
50 0 1 11 109 257 0.100917 0.0657223 0.0601093
51 0 1 23 118 295 0.194915 0.123275 0.11138
52 0 1 19 119 308 0.159664 0.0992441 0.088993
53 0 1 14 131 321 0.10687 0.0682716 0.0619469
54 0 1 13 153 353 0.0849673 0.0559384 0.0513834
55 0 1 12 178 376 0.0674157 0.046385 0.0433213
56 0 1 24 210 390 0.114286 0.0838628 0.08
57 0 1 24 209 402 0.114833 0.082799 0.0785597
58 0 1 20 202 405 0.0990099 0.0699241 0.0658979
59 0 1 15 210 400 0.0714286 0.0517549 0.0491803
60 0 1 16 198 370 0.0808081 0.0591135 0.056338
61 0 1 11 184 358 0.0597826 0.042859 0.0405904
62 0 1 14 157 340 0.089172 0.0605953 0.056338
63 0 1 15 165 328 0.0909091 0.0644781 0.0608519
64 0 1 20 153 300 0.130719 0.093352 0.0883002
65 0 1 23 134 288 0.171642 0.117079 0.109005
66 0 1 15 129 235 0.116279 0.0861514 0.0824176
67 0 1 14 153 304 0.0915033 0.0649151 0.0612691
68 0 1 9 163 284 0.0552147 0.0418302 0.0402685
69 0 1 15 175 287 0.0857143 0.0669316 0.0649351
70 0 1 15 171 300 0.0877193 0.0662266 0.0636943
71 0 1 19 169 328 0.112426 0.0807 0.0764588
72 0 1 21 182 334 0.115385 0.0851746 0.0813954
73 0 1 20 192 347 0.104167 0.0774845 0.0742115
74 0 1 24 198 329 0.121212 0.0940331 0.0910816
75 0 1 22 207 350 0.10628 0.0817341 0.0789946
76 0 1 17 214 361 0.0794393 0.0611629 0.0591304
77 0 1 15 202 376 0.0742574 0.0544279 0.0519031
78 0 1 21 183 343 0.114754 0.0838198 0.0798479
79 0 1 19 176 330 0.107955 0.0788389 0.0750988
80 0 1 12 151 356 0.0794702 0.0517568 0.0473373
81 0 1 14 144 325 0.0972222 0.064715 0.0597015
82 0 1 20 128 300 0.15625 0.102062 0.0934579
83 0 1 21 112 284 0.1875 0.117747 0.106061
84 0 1 27 105 261 0.257143 0.163098 0.147541
85 0 1 27 97 240 0.278351 0.176959 0.160237
86 0 1 25 127 312 0.19685 0.125592 0.113895
87 0 1 29 126 340 0.230159 0.140111 0.124464
88 0 1 27 117 348 0.230769 0.133808 0.116129
89 0 1 29 133 348 0.218045 0.134798 0.120582
90 0 1 25 147 345 0.170068 0.111012 0.101626
91 0 1 31 163 355 0.190184 0.128871 0.119691
92 0 1 26 158 370 0.164557 0.107534 0.0984849
93 0 1 20 173 379 0.115607 0.0781065 0.0724638
94 0 1 21 182 373 0.115385 0.0805989 0.0756757
95 0 1 18 193 372 0.0932643 0.0671773 0.0637168
96 0 1 18 204 369 0.0882353 0.0656061 0.0628272
97 0 1 8 186 339 0.0430108 0.0318591 0.0304762
98 0 1 12 188 335 0.0638298 0.0478167 0.0458891
99 0 1 14 178 324 0.0786517 0.0582969 0.0557769
100 0 1 18 185 322 0.0972973 0.0737494 0.0710059
101 0 1 18 179 308 0.100559 0.0766603 0.073922
102 0 1 17 158 284 0.107595 0.080253 0.0769231
103 0 1 16 149 271 0.107383 0.0796237 0.0761905
104 0 1 18 149 261 0.120805 0.0912765 0.0878049
105 0 1 12 149 242 0.0805369 0.0631947 0.0613811
106 0 1 9 139 243 0.0647482 0.0489702 0.0471204
107 0 1 11 148 261 0.0743243 0.0559682 0.0537897
108 0 1 17 149 263 0.114094 0.0858772 0.0825243
109 0 1 22 161 270 0.136646 0.105518 0.102088
110 0 1 19 171 253 0.111111 0.0913472 0.0896226
111 0 1 22 187 289 0.117647 0.0946353 0.092437
112 0 1 17 190 284 0.0894737 0.0731835 0.07173
113 0 1 20 190 304 0.105263 0.0832178 0.0809717
114 0 1 23 187 305 0.122995 0.0963068 0.0934959
115 0 1 14 201 355 0.0696517 0.0524102 0.0503597
116 0 1 12 206 355 0.0582524 0.0443745 0.0427807
117 0 1 22 181 363 0.121547 0.0858282 0.0808824
118 0 1 27 205 396 0.131707 0.0947631 0.0898502
119 0 1 23 212 400 0.108491 0.0789823 0.0751634
120 0 1 23 223 362 0.103139 0.0809508 0.0786325
121 0 1 23 190 351 0.121053 0.089063 0.0850277
122 0 1 27 196 336 0.137755 0.105212 0.101504
123 0 1 32 183 356 0.174863 0.125372 0.118738
124 0 1 20 178 337 0.11236 0.0816592 0.0776699
125 0 1 28 188 384 0.148936 0.104211 0.0979021
126 0 1 29 175 351 0.165714 0.117011 0.110266
127 0 1 30 178 371 0.168539 0.116741 0.10929
128 0 1 41 170 339 0.241176 0.170789 0.1611
129 0 1 28 172 389 0.162791 0.108248 0.0998217
130 0 1 23 172 375 0.133721 0.0905624 0.0840951
131 0 1 36 168 349 0.214286 0.148674 0.139265
132 0 1 36 163 342 0.220859 0.152474 0.142574
133 0 1 39 168 316 0.232143 0.169265 0.161157
134 0 1 41 202 384 0.20297 0.147212 0.139932
135 0 1 34 188 377 0.180851 0.127711 0.120354
136 0 1 48 178 347 0.269663 0.193137 0.182857
137 0 1 33 179 320 0.184358 0.137884 0.132265
138 0 1 37 179 322 0.206704 0.154116 0.147705
139 0 1 48 187 318 0.256684 0.196837 0.190099
140 0 1 45 183 309 0.245902 0.189238 0.182927
141 0 1 49 187 303 0.262032 0.205851 0.2
142 0 1 45 219 382 0.205479 0.155582 0.14975
143 0 1 47 235 379 0.2 0.157487 0.153094
144 0 1 49 229 383 0.213974 0.165455 0.160131
145 0 1 44 225 381 0.195556 0.150279 0.145215
146 0 1 40 222 379 0.18018 0.1379 0.133111
147 0 1 63 228 369 0.276316 0.2172 0.211055
148 0 1 51 214 361 0.238318 0.183489 0.177391
149 0 1 56 228 360 0.245614 0.195465 0.190476
150 0 1 53 205 350 0.258537 0.197863 0.190991
151 0 1 61 205 345 0.297561 0.229374 0.221818
152 0 1 66 198 334 0.333333 0.256648 0.24812
153 0 1 57 183 313 0.311475 0.238165 0.229839
154 0 1 55 160 286 0.34375 0.25711 0.246637
155 0 1 51 192 366 0.265625 0.192388 0.182796
156 0 1 50 166 337 0.301205 0.211398 0.198807
157 0 1 35 159 290 0.220126 0.162994 0.155902
158 0 1 31 176 327 0.176136 0.129221 0.12326
159 0 1 31 171 301 0.181287 0.136641 0.131356
160 0 1 31 148 289 0.209459 0.149893 0.141876
161 0 1 33 152 352 0.217105 0.142666 0.130952
162 0 1 38 152 318 0.25 0.172842 0.161702
163 0 1 35 137 289 0.255474 0.175897 0.164319
164 0 1 19 152 282 0.125 0.0917714 0.0875576
165 0 1 25 151 285 0.165563 0.120512 0.114679
166 0 1 34 180 327 0.188889 0.140142 0.134122
167 0 1 37 168 298 0.220238 0.165363 0.158798
168 0 1 29 151 269 0.192053 0.143891 0.138095
169 0 1 24 193 329 0.124352 0.0952433 0.091954
170 0 1 30 195 322 0.153846 0.119723 0.116054
171 0 1 23 182 329 0.126374 0.0939927 0.0900196
172 0 1 35 187 329 0.187166 0.141107 0.135659
173 0 1 27 182 316 0.148352 0.112586 0.108434
174 0 1 31 178 317 0.174157 0.130503 0.125253
175 0 1 37 185 317 0.2 0.152787 0.14741
176 0 1 39 185 343 0.210811 0.154822 0.147727
177 0 1 37 194 382 0.190722 0.135916 0.128472
178 0 1 40 210 378 0.190476 0.141973 0.136054
179 0 1 33 208 388 0.158654 0.116163 0.110738
180 0 1 48 209 398 0.229665 0.166428 0.158155
181 0 1 42 200 425 0.21 0.144059 0.1344
182 0 1 49 208 434 0.235577 0.163087 0.152648
183 0 1 40 203 429 0.197044 0.135545 0.126582
184 0 1 50 203 429 0.246305 0.169431 0.158228
185 0 1 40 197 434 0.203046 0.136799 0.126783
186 0 1 48 216 425 0.222222 0.158424 0.149766
187 0 1 42 212 426 0.198113 0.139758 0.131661
188 0 1 47 232 427 0.202586 0.149328 0.14264
189 0 1 54 219 426 0.246575 0.176794 0.167442
190 0 1 52 248 437 0.209677 0.157956 0.151825
191 0 1 55 247 409 0.222672 0.173042 0.167683
192 0 1 39 244 411 0.159836 0.123154 0.119084
193 0 1 50 236 407 0.211864 0.161331 0.155521
194 0 1 57 228 410 0.25 0.18643 0.178683
195 0 1 40 191 363 0.209424 0.151911 0.144404
196 0 1 36 207 389 0.173913 0.126865 0.120805
197 0 1 27 181 349 0.149171 0.107427 0.101887
198 0 1 34 189 389 0.179894 0.125393 0.117647
199 0 1 28 167 360 0.167665 0.114195 0.106262
200 0 1 34 163 372 0.208589 0.138075 0.127103
201 0 1 17 127 291 0.133858 0.0884302 0.0813397
202 0 1 12 137 301 0.0875912 0.0590932 0.0547945
203 0 1 17 119 279 0.142857 0.0932982 0.0854271
204 0 1 8 131 325 0.0610687 0.0387715 0.0350877
205 0 1 11 117 304 0.0940171 0.0583261 0.0522565
206 0 1 7 149 343 0.0469799 0.0309641 0.0284553
207 0 1 11 146 320 0.0753425 0.050891 0.0472103
208 0 1 11 147 312 0.0748299 0.0513638 0.0479303
209 0 1 8 123 286 0.0650406 0.0426535 0.0391198
210 0 1 11 137 352 0.080292 0.0500912 0.0449898
211 0 1 13 162 388 0.0802469 0.0518525 0.0472727
212 0 1 12 164 385 0.0731707 0.0477561 0.0437158
213 0 1 23 174 399 0.132184 0.0872905 0.0802792
214 0 1 20 169 417 0.118343 0.0753388 0.0682594
215 0 1 14 184 432 0.076087 0.0496566 0.0454545
216 0 1 37 184 442 0.201087 0.129742 0.118211
217 0 1 24 178 445 0.134831 0.0852749 0.0770466
218 0 1 31 209 449 0.148325 0.101196 0.0942249
219 0 1 41 217 448 0.18894 0.131497 0.123308
220 0 1 39 217 452 0.179724 0.124528 0.116592
221 0 1 49 228 453 0.214912 0.152468 0.143906
222 0 1 34 230 436 0.147826 0.107367 0.102102
223 0 1 23 237 471 0.0970464 0.0688404 0.0649718
224 0 1 41 251 477 0.163347 0.118492 0.112637
225 0 1 60 256 510 0.234375 0.166053 0.156658
226 0 1 51 276 492 0.184783 0.138399 0.132812
227 0 1 67 252 483 0.265873 0.192044 0.182313
228 0 1 50 259 451 0.19305 0.146296 0.140845
229 0 1 65 257 458 0.252918 0.189458 0.181818
230 0 1 62 235 423 0.26383 0.196647 0.18845
231 0 1 77 234 436 0.32906 0.241068 0.229851
232 0 1 68 215 453 0.316279 0.217892 0.203593
233 0 1 54 208 435 0.259615 0.179522 0.167963
234 0 1 58 221 400 0.262443 0.195075 0.186795
235 0 1 72 214 409 0.336449 0.243368 0.23114
236 0 1 61 205 371 0.297561 0.22119 0.211806
237 0 1 55 201 323 0.273632 0.215856 0.209924
238 0 1 48 207 379 0.231884 0.171371 0.163823
239 0 1 57 227 396 0.251101 0.190114 0.182986
240 0 1 50 228 398 0.219298 0.165982 0.159744
241 0 1 44 224 389 0.196429 0.149058 0.143556
242 0 1 51 217 378 0.235023 0.178071 0.171429
243 0 1 47 207 368 0.227053 0.17029 0.163478
244 0 1 60 207 380 0.289855 0.213931 0.204429
245 0 1 54 201 379 0.268657 0.195648 0.186207
246 0 1 53 203 358 0.261084 0.196601 0.188948
247 0 1 59 195 325 0.302564 0.234365 0.226923
248 0 1 47 231 390 0.203463 0.156588 0.151369
249 0 1 45 226 382 0.199115 0.153153 0.148026
250 0 1 43 210 348 0.204762 0.159063 0.154122
251 0 1 43 208 362 0.206731 0.156705 0.150877
252 0 1 39 197 340 0.19797 0.150693 0.145251
253 0 1 41 179 349 0.22905 0.164038 0.155303
254 0 1 36 171 330 0.210526 0.151547 0.143713
255 0 1 39 187 344 0.208556 0.153768 0.146893
256 0 1 22 166 324 0.13253 0.0948628 0.0897959
257 0 1 11 164 322 0.0670732 0.0478677 0.0452675
258 0 1 21 161 324 0.130435 0.0919462 0.0865979
259 0 1 19 159 329 0.119497 0.0830725 0.0778688
260 0 1 14 162 368 0.0864198 0.0573385 0.0528302
261 0 1 5 167 360 0.0299401 0.020392 0.0189753
262 0 1 11 138 310 0.0797101 0.0531829 0.0491071
263 0 1 5 131 332 0.0381679 0.0239754 0.0215983
264 0 1 2 126 327 0.015873 0.00985305 0.00883002
265 0 1 4 115 310 0.0347826 0.0211851 0.0188235
266 0 1 1 122 337 0.00819672 0.0049318 0.0043573
267 0 1 2 102 311 0.0196078 0.0112292 0.00968523
268 0 1 2 102 293 0.0196078 0.011569 0.0101266
269 0 1 5 118 292 0.0423729 0.0269363 0.0243902
270 0 1 4 124 274 0.0322581 0.0217007 0.0201005
271 0 1 8 123 251 0.0650406 0.0455303 0.0427807
272 0 1 9 139 265 0.0647482 0.0468934 0.0445545
273 0 1 19 134 263 0.141791 0.10121 0.0957179
274 0 1 25 117 256 0.213675 0.144453 0.134048
275 0 1 17 151 326 0.112583 0.0766217 0.0712788
276 0 1 15 142 318 0.105634 0.0705884 0.0652174
277 0 1 14 133 296 0.105263 0.0705596 0.0652681
278 0 1 6 131 255 0.0458015 0.0328281 0.0310881
279 0 1 9 156 276 0.0576923 0.0433736 0.0416667
280 0 1 4 136 218 0.0294118 0.0232307 0.0225989
281 0 1 3 128 184 0.0234375 0.0195482 0.0192308
282 0 1 3 137 173 0.0218978 0.0194867 0.0193548
283 0 1 1 115 154 0.00869565 0.00751434 0.00743494
284 0 1 1 100 153 0.01 0.00808452 0.00790514
285 0 1 2 100 174 0.02 0.015162 0.0145985
286 0 1 2 112 183 0.0178571 0.01397 0.0135593
287 0 1 2 112 181 0.0178571 0.0140469 0.0136519
288 0 1 1 119 192 0.00840336 0.0066157 0.00643087
289 0 1 2 106 211 0.0188679 0.0133732 0.0126183
290 0 1 1 123 232 0.00813008 0.00591975 0.0056338
291 0 1 9 127 262 0.0708661 0.049339 0.0462725
292 0 1 6 128 275 0.046875 0.0319801 0.0297767
293 0 1 11 151 258 0.0728477 0.0557307 0.0537897
294 0 1 18 172 317 0.104651 0.0770866 0.0736196
295 0 1 19 158 319 0.120253 0.084631 0.0796646
296 0 1 18 162 275 0.111111 0.0852803 0.0823799
297 0 1 18 165 294 0.109091 0.0817254 0.0784314
298 0 1 25 165 298 0.151515 0.112743 0.107991
299 0 1 31 165 308 0.187879 0.137513 0.131078
300 0 1 15 177 344 0.0847458 0.0607891 0.0575816
301 0 1 15 159 349 0.0943396 0.0636766 0.0590551
302 0 1 10 152 350 0.0657895 0.0433555 0.0398406
303 0 1 9 149 324 0.0604027 0.0409616 0.038055
304 0 1 7 142 296 0.0492958 0.0341435 0.0319635
305 0 1 6 130 283 0.0461538 0.0312814 0.0290557
306 0 1 3 126 248 0.0238095 0.0169711 0.0160428
307 0 1 2 136 300 0.0147059 0.00990148 0.00917431
308 0 1 1 128 268 0.0078125 0.00539918 0.00505051
309 0 1 1 124 255 0.00806452 0.00562366 0.00527705
310 0 1 1 128 275 0.0078125 0.00533002 0.00496278
311 0 1 1 141 292 0.0070922 0.00492832 0.00461894
312 0 1 16 145 284 0.110345 0.0788455 0.0745921
313 0 1 27 143 269 0.188811 0.137664 0.131068
314 0 1 20 157 263 0.127389 0.0984243 0.0952381
315 0 1 15 154 280 0.0974026 0.0722357 0.0691244
316 0 1 11 144 269 0.0763889 0.0558902 0.0532688
317 0 1 23 154 265 0.149351 0.113853 0.109785
318 0 1 12 158 244 0.0759494 0.0611164 0.0597015
319 0 1 6 138 233 0.0434783 0.0334606 0.032345
320 0 1 2 129 280 0.0155039 0.0105234 0.00977995
321 0 1 1 146 214 0.00684932 0.0056574 0.00555556
322 0 1 1 135 213 0.00740741 0.00589717 0.00574713
323 0 1 1 136 237 0.00735294 0.00557001 0.00536193
324 0 1 1 132 234 0.00757576 0.00568991 0.00546448
325 0 1 4 133 210 0.0300752 0.0239345 0.0233236
326 0 1 5 141 259 0.035461 0.0261644 0.025
327 0 1 9 133 245 0.0676692 0.0498579 0.047619
328 0 1 25 135 261 0.185185 0.133184 0.126263
329 0 1 28 129 239 0.217054 0.159465 0.152174
330 0 1 21 151 267 0.139073 0.104586 0.100478
331 0 1 30 162 288 0.185185 0.138889 0.133333
332 0 1 26 150 271 0.173333 0.128956 0.123515
333 0 1 24 154 280 0.155844 0.115577 0.110599
334 0 1 23 147 270 0.156463 0.115448 0.110312
335 0 1 13 129 256 0.100775 0.0715366 0.0675325
336 0 1 21 113 235 0.185841 0.128868 0.12069
337 0 1 15 137 280 0.109489 0.0765865 0.0719424
338 0 1 15 149 264 0.100671 0.0756304 0.0726392
339 0 1 18 137 256 0.131387 0.0961152 0.0916031
340 0 1 13 146 249 0.0890411 0.0681816 0.0658228
341 0 1 17 143 254 0.118881 0.0891998 0.0856423
342 0 1 18 134 265 0.134328 0.0955206 0.0902256
343 0 1 23 143 279 0.160839 0.115148 0.109005
344 0 1 18 135 278 0.133333 0.0929144 0.0871671
345 0 1 30 135 302 0.222222 0.148577 0.1373
346 0 1 34 147 305 0.231293 0.160572 0.150442
347 0 1 41 159 326 0.257862 0.180085 0.169072
348 0 1 46 180 347 0.255556 0.184059 0.174573
349 0 1 50 189 342 0.26455 0.196665 0.188324
350 0 1 39 192 354 0.203125 0.149593 0.142857
351 0 1 36 198 332 0.181818 0.140411 0.135849
352 0 1 23 201 351 0.114428 0.0865917 0.0833333
353 0 1 20 201 400 0.0995025 0.0705346 0.0665557
354 0 1 22 206 375 0.106796 0.0791541 0.0757315
355 0 1 16 199 375 0.080402 0.0585703 0.0557491
356 0 1 16 179 337 0.0893855 0.0651446 0.0620155
357 0 1 15 199 358 0.0753769 0.0561983 0.05386
358 0 1 13 181 358 0.0718232 0.0510696 0.0482375
359 0 1 10 180 378 0.0555556 0.038337 0.0358423
360 0 1 27 178 388 0.151685 0.10274 0.0954064
361 0 1 18 189 364 0.0952381 0.0686264 0.0650995
362 0 1 14 186 328 0.0752688 0.0566806 0.0544747
363 0 1 18 201 381 0.0895522 0.0650447 0.0618557
364 0 1 21 200 388 0.105 0.0753856 0.0714286
365 0 1 27 215 388 0.125581 0.0934822 0.0895522
366 0 1 11 200 378 0.055 0.0400066 0.0380623
367 0 1 28 197 351 0.142132 0.106481 0.10219
368 0 1 19 195 333 0.0974359 0.0745614 0.0719697
369 0 1 18 186 358 0.0967742 0.0697549 0.0661765
370 0 1 27 165 365 0.163636 0.110021 0.101887
371 0 1 15 162 312 0.0925926 0.0667201 0.0632911
372 0 1 25 161 330 0.15528 0.10846 0.101833
373 0 1 30 172 307 0.174419 0.130553 0.125261
374 0 1 18 155 282 0.116129 0.0860958 0.0823799
375 0 1 24 167 330 0.143713 0.102234 0.0965795
376 0 1 26 162 334 0.160494 0.111774 0.104839
377 0 1 24 167 360 0.143713 0.0978818 0.0910816
378 0 1 34 154 363 0.220779 0.143802 0.131528
379 0 1 22 136 332 0.161765 0.103534 0.0940171
380 0 1 16 167 372 0.0958084 0.0641934 0.0593692
381 0 1 19 144 355 0.131944 0.0840346 0.0761523
382 0 1 16 137 321 0.116788 0.0762969 0.069869
383 0 1 14 129 290 0.108527 0.0723826 0.0668258
384 0 1 13 133 308 0.0977444 0.0642306 0.0589569
385 0 1 16 120 280 0.133333 0.0872872 0.08
386 0 1 16 142 336 0.112676 0.0732497 0.0669456
387 0 1 6 126 296 0.047619 0.0310685 0.028436
388 0 1 7 108 267 0.0648148 0.0412221 0.0373333
389 0 1 6 126 302 0.047619 0.0307583 0.0280374
390 0 1 9 123 283 0.0731707 0.0482388 0.044335
391 0 1 11 126 297 0.0873016 0.0568629 0.0520095
392 0 1 20 126 275 0.15873 0.107443 0.0997506
393 0 1 11 120 254 0.0916667 0.0630065 0.0588235
394 0 1 9 127 232 0.0708661 0.052432 0.0501393
395 0 1 11 122 309 0.0901639 0.0566544 0.0510441
396 0 1 11 123 293 0.0894309 0.0579437 0.0528846
397 0 1 4 112 265 0.0357143 0.0232182 0.0212202
398 0 1 5 108 244 0.0462963 0.0308009 0.0284091
399 0 1 1 113 243 0.00884956 0.00603473 0.00561798
400 0 1 1 119 299 0.00840336 0.0053014 0.00478469
401 0 1 0 124 288 0 0 0
402 0 1 5 137 275 0.0364963 0.0257599 0.0242718
403 0 1 6 128 283 0.046875 0.0315249 0.0291971
404 0 1 6 112 280 0.0535714 0.0338815 0.0306122
405 0 1 5 121 285 0.0413223 0.0269249 0.0246305
406 0 1 8 122 276 0.0655738 0.0435969 0.040201
407 0 1 6 123 270 0.0487805 0.0329243 0.0305344
408 0 1 5 123 275 0.0406504 0.0271864 0.0251256
409 0 1 4 119 258 0.0336134 0.0228285 0.0212202
410 0 1 7 111 258 0.0630631 0.0413644 0.0379404
411 0 1 7 113 264 0.0619469 0.0405282 0.0371353
412 0 1 5 114 266 0.0438596 0.0287129 0.0263158
413 0 1 7 119 258 0.0588235 0.0399498 0.0371353
414 0 1 11 115 267 0.0956522 0.0627752 0.0575916
415 0 1 14 120 273 0.116667 0.0773492 0.0712468
416 0 1 9 116 267 0.0775862 0.0511397 0.0469974
417 0 1 12 117 276 0.102564 0.0667781 0.0610687
418 0 1 11 120 269 0.0916667 0.0612246 0.0565553
419 0 1 11 119 264 0.092437 0.0620608 0.0574413
420 0 1 15 115 274 0.130435 0.084502 0.0771208
421 0 1 11 115 266 0.0956522 0.0628931 0.0577428
422 0 1 12 115 271 0.104348 0.0679748 0.0621762
423 0 1 12 118 264 0.101695 0.0679889 0.0628272
424 0 1 13 110 275 0.118182 0.0747447 0.0675325
425 0 1 13 117 273 0.111111 0.0727393 0.0666667
426 0 1 17 116 276 0.146552 0.0950091 0.0867347
427 0 1 11 115 276 0.0956522 0.0617432 0.056266
428 0 1 15 114 276 0.131579 0.0845638 0.0769231
429 0 1 9 119 269 0.0756303 0.0503029 0.0463918
430 0 1 13 111 278 0.117117 0.0740047 0.066838
431 0 1 12 115 271 0.104348 0.0679748 0.0621762
432 0 1 15 115 277 0.130435 0.0840432 0.0765306
433 0 1 14 115 280 0.121739 0.0780189 0.0708861
434 0 1 14 117 272 0.119658 0.0784785 0.0719794
435 0 1 16 118 271 0.135593 0.0894735 0.0822622
436 0 1 17 114 266 0.149123 0.0976238 0.0894737
437 0 1 17 110 268 0.154545 0.0990114 0.0899471
438 0 1 20 119 265 0.168067 0.112625 0.104167
439 0 1 16 112 266 0.142857 0.092698 0.0846561
440 0 1 12 116 268 0.103448 0.0680589 0.0625
441 0 1 15 108 275 0.138889 0.0870388 0.078329
442 0 1 15 111 270 0.135135 0.0866459 0.0787402
443 0 1 14 108 273 0.12963 0.0815333 0.0734908
444 0 1 11 108 279 0.101852 0.0633693 0.0568475
445 0 1 14 110 273 0.127273 0.0807887 0.073107
446 0 1 15 115 277 0.130435 0.0840432 0.0765306
447 0 1 14 115 271 0.121739 0.0793039 0.0725389
448 0 1 15 110 268 0.136364 0.087363 0.0793651
449 0 1 14 112 274 0.125 0.0799178 0.0725389
450 0 1 19 112 273 0.169643 0.108658 0.0987013
451 0 1 14 115 276 0.121739 0.0785823 0.0716113
452 0 1 11 111 270 0.0990991 0.0635403 0.0577428
453 0 1 14 113 273 0.123894 0.079709 0.0725389
454 0 1 14 110 273 0.127273 0.0807887 0.073107
455 0 1 14 112 267 0.125 0.0809587 0.0738786
456 0 1 14 110 273 0.127273 0.0807887 0.073107
457 0 1 11 111 270 0.0990991 0.0635403 0.0577428
458 0 1 12 115 270 0.104348 0.0681005 0.0623377
459 0 1 12 110 273 0.109091 0.0692474 0.0626632
460 0 1 14 114 269 0.122807 0.0799465 0.073107
461 0 1 12 120 272 0.1 0.0664211 0.0612245
462 0 1 13 111 272 0.117117 0.0748165 0.0678851
463 0 1 14 112 272 0.125 0.0802111 0.0729167
464 0 1 13 114 281 0.114035 0.0726336 0.0658228
465 0 1 14 113 266 0.123894 0.080751 0.0738786
466 0 1 16 110 272 0.145455 0.0924995 0.0837696
467 0 1 15 110 265 0.136364 0.0878561 0.08
468 0 1 13 115 269 0.113043 0.0739126 0.0677083
469 0 1 15 113 272 0.132743 0.0855594 0.0779221
470 0 1 15 112 267 0.133929 0.0867414 0.0791557
471 0 1 14 114 265 0.122807 0.0805476 0.0738786
472 0 1 14 110 265 0.127273 0.081999 0.0746667
473 0 1 14 117 265 0.119658 0.0795082 0.0732984
474 0 1 14 119 265 0.117647 0.0788373 0.0729167
475 0 1 12 116 266 0.103448 0.0683143 0.0628272
476 0 1 14 115 267 0.121739 0.0798957 0.0732984
477 0 1 9 114 260 0.0789474 0.0522761 0.0481283
478 0 1 14 114 263 0.122807 0.0808533 0.0742706
479 0 1 15 110 262 0.136364 0.0883577 0.0806452
480 0 1 13 108 269 0.12037 0.0762703 0.0689655
481 0 1 11 113 264 0.0973451 0.0636871 0.0583554
482 0 1 14 114 263 0.122807 0.0808533 0.0742706
483 0 1 13 111 258 0.117117 0.0768196 0.0704607
484 0 1 16 113 259 0.141593 0.0935257 0.0860215
485 0 1 12 108 257 0.111111 0.0720282 0.0657534
486 0 1 14 113 260 0.123894 0.0816774 0.075067
487 0 1 14 113 258 0.123894 0.0819934 0.0754717
488 0 1 14 113 266 0.123894 0.080751 0.0738786
489 0 1 14 114 257 0.122807 0.0817917 0.0754717
490 0 1 14 116 264 0.12069 0.0800013 0.0736842
491 0 1 11 112 262 0.0982143 0.0642145 0.0588235
492 0 1 15 115 256 0.130435 0.0874223 0.0808625
493 0 1 13 113 260 0.115044 0.0758433 0.0697051
494 0 1 14 117 262 0.119658 0.0799621 0.0738786
495 0 1 12 114 260 0.105263 0.0697015 0.0641711
496 0 1 15 116 262 0.12931 0.0860422 0.0793651
497 0 1 12 114 261 0.105263 0.0695678 0.064
498 0 1 14 116 259 0.12069 0.0807698 0.0746667
499 0 1 13 115 262 0.113043 0.0748934 0.0689655
500 0 1 13 116 259 0.112069 0.0750006 0.0693333
501 0 1 12 114 266 0.105263 0.0689109 0.0631579
502 0 1 15 117 257 0.128205 0.0865031 0.0802139
503 0 1 14 114 256 0.122807 0.0819513 0.0756757
504 0 1 15 110 258 0.136364 0.08904 0.0815217
505 0 1 14 117 265 0.119658 0.0795082 0.0732984
506 0 1 14 115 262 0.121739 0.0806545 0.0742706
507 0 1 13 114 262 0.114035 0.0752212 0.0691489
508 0 1 12 113 261 0.106195 0.069875 0.0641711
509 0 1 14 111 259 0.126126 0.0825689 0.0756757
510 0 1 14 115 258 0.121739 0.0812773 0.075067
511 0 1 13 115 258 0.113043 0.0754718 0.0697051
512 0 1 13 112 257 0.116071 0.0766245 0.0704607
513 0 1 15 115 257 0.130435 0.0872521 0.0806452
514 0 1 15 112 260 0.133929 0.0879014 0.0806452
515 0 1 12 111 254 0.108108 0.0714666 0.0657534
516 0 1 13 115 260 0.113043 0.0751809 0.0693333
517 0 1 12 110 265 0.109091 0.0702849 0.064
518 0 1 9 117 259 0.0769231 0.0517011 0.0478723
519 0 1 11 117 267 0.0940171 0.0622364 0.0572917
520 0 1 15 115 266 0.130435 0.0857633 0.0787402
521 0 1 11 118 267 0.0932203 0.0619721 0.0571429
522 0 1 10 110 267 0.0909091 0.058351 0.0530504
523 0 1 12 116 262 0.103448 0.0688338 0.0634921
524 0 1 13 116 268 0.112069 0.0737305 0.0677083
525 0 1 12 113 269 0.106195 0.0688281 0.0628272
526 0 1 13 118 270 0.110169 0.0728317 0.0670103
527 0 1 14 118 266 0.118644 0.0790217 0.0729167
528 0 1 14 115 278 0.121739 0.0782991 0.0712468
529 0 1 10 116 262 0.0862069 0.0573615 0.0529101
530 0 1 11 111 270 0.0990991 0.0635403 0.0577428
531 0 1 13 119 265 0.109244 0.073206 0.0677083
532 0 1 11 114 265 0.0964912 0.0632874 0.0580475
533 0 1 14 117 265 0.119658 0.0795082 0.0732984
534 0 1 13 111 267 0.117117 0.0755138 0.0687831
535 0 1 12 116 266 0.103448 0.0683143 0.0628272
536 0 1 14 112 267 0.125 0.0809587 0.0738786
537 0 1 11 116 277 0.0948276 0.0613654 0.0559796
538 0 1 13 117 267 0.111111 0.0735521 0.0677083
539 0 1 9 117 273 0.0769231 0.050358 0.0461538
540 0 1 14 111 270 0.126126 0.0808695 0.0734908
541 0 1 11 117 267 0.0940171 0.0622364 0.0572917
542 0 1 11 115 266 0.0956522 0.0628931 0.0577428
543 0 1 12 116 267 0.103448 0.0681862 0.0626632
544 0 1 13 115 273 0.113043 0.0733691 0.0670103
545 0 1 9 116 272 0.0775862 0.0506674 0.0463918
546 0 1 13 114 266 0.114035 0.0746535 0.0684211
547 0 1 12 120 264 0.1 0.06742 0.0625
548 0 1 12 117 265 0.102564 0.0681499 0.0628272
549 0 1 12 117 271 0.102564 0.0673913 0.0618557
550 0 1 12 115 270 0.104348 0.0681005 0.0623377
551 0 1 15 117 272 0.128205 0.0840841 0.0771208
552 0 1 10 118 270 0.0847458 0.0560244 0.0515464
553 0 1 12 119 267 0.10084 0.0673212 0.0621762
554 0 1 13 115 268 0.113043 0.0740503 0.0678851
555 0 1 12 114 263 0.105263 0.0693028 0.0636605
556 0 1 13 115 269 0.113043 0.0739126 0.0677083
557 0 1 12 114 264 0.105263 0.0691714 0.0634921
558 0 1 11 118 274 0.0932203 0.0611753 0.0561224
559 0 1 12 112 263 0.107143 0.0699189 0.064
560 0 1 13 115 268 0.113043 0.0740503 0.0678851
561 0 1 14 115 267 0.121739 0.0798957 0.0732984
562 0 1 12 115 270 0.104348 0.0681005 0.0623377
563 0 1 11 112 268 0.0982143 0.0634916 0.0578947
564 0 1 14 114 266 0.122807 0.0803961 0.0736842
565 0 1 12 116 268 0.103448 0.0680589 0.0625
566 0 1 11 114 271 0.0964912 0.0625829 0.0571429
567 0 1 12 118 270 0.101695 0.0672293 0.0618557
568 0 1 13 117 273 0.111111 0.0727393 0.0666667
569 0 1 11 114 266 0.0964912 0.0631683 0.0578947
570 0 1 12 112 269 0.107143 0.0691347 0.0629921
571 0 1 12 116 272 0.103448 0.0675566 0.0618557
572 0 1 14 120 268 0.116667 0.0780675 0.0721649
573 0 1 12 121 272 0.0991736 0.0661461 0.0610687
574 0 1 10 120 274 0.0833333 0.0551485 0.0507614
575 0 1 10 114 274 0.0877193 0.0565812 0.0515464
576 0 1 13 115 271 0.113043 0.0736393 0.0673575
577 0 1 15 118 269 0.127119 0.0841926 0.0775194
578 0 1 10 109 274 0.0917431 0.0578644 0.0522193
579 0 1 12 117 271 0.102564 0.0673913 0.0618557
580 0 1 13 120 270 0.108333 0.0722222 0.0666667
581 0 1 14 120 269 0.116667 0.0779222 0.0719794
582 0 1 13 117 272 0.111111 0.0728729 0.066838
583 0 1 13 112 274 0.116071 0.0742094 0.0673575
584 0 1 10 118 264 0.0847458 0.0566574 0.052356
585 0 1 14 119 274 0.117647 0.0775317 0.0712468
586 0 1 12 116 268 0.103448 0.0680589 0.0625
587 0 1 12 115 264 0.104348 0.06887 0.0633245
588 0 1 12 116 269 0.103448 0.0679323 0.0623377
589 0 1 13 118 272 0.110169 0.0725634 0.0666667
590 0 1 12 114 272 0.105263 0.0681466 0.0621762
591 0 1 12 117 262 0.102564 0.068539 0.0633245
592 0 1 13 114 266 0.114035 0.0746535 0.0684211
593 0 1 13 116 266 0.112069 0.0740071 0.0680628
594 0 1 13 118 270 0.110169 0.0728317 0.0670103
595 0 1 13 113 268 0.115044 0.0747028 0.0682415
596 0 1 12 111 268 0.108108 0.0695749 0.0633245
597 0 1 12 118 272 0.101695 0.0669816 0.0615385
598 0 1 16 113 272 0.141593 0.0912633 0.0831169
599 0 1 11 117 271 0.0940171 0.0617753 0.056701
600 0 1 12 110 269 0.109091 0.0697604 0.0633245
601 0 1 12 114 273 0.105263 0.0680217 0.0620155
602 0 1 12 117 265 0.102564 0.0681499 0.0628272
603 0 1 12 115 272 0.104348 0.0678497 0.0620155
604 0 1 14 117 265 0.119658 0.0795082 0.0732984
605 0 1 12 115 273 0.104348 0.0677253 0.0618557
606 0 1 10 114 276 0.0877193 0.0563758 0.0512821
607 0 1 14 115 265 0.121739 0.0801966 0.0736842
608 0 1 11 116 275 0.0948276 0.0615882 0.056266
609 0 1 13 114 274 0.114035 0.0735556 0.0670103
610 0 1 10 114 263 0.0877193 0.0577524 0.0530504
611 0 1 12 118 267 0.101695 0.0676059 0.0623377
612 0 1 13 111 274 0.117117 0.0745429 0.0675325
613 0 1 14 120 268 0.116667 0.0780675 0.0721649
614 0 1 10 116 270 0.0862069 0.0565053 0.0518135
615 0 1 11 113 273 0.0973451 0.0626285 0.0569948
616 0 1 13 112 270 0.116071 0.0747571 0.0680628
617 0 1 12 112 275 0.107143 0.0683763 0.0620155
618 0 1 11 114 267 0.0964912 0.0630499 0.0577428
619 0 1 10 113 268 0.0884956 0.0574637 0.0524934
620 0 1 9 112 266 0.0803571 0.0521426 0.047619
621 0 1 11 111 265 0.0990991 0.0641369 0.0585106
622 0 1 10 109 264 0.0917431 0.0589501 0.0536193
623 0 1 10 112 258 0.0892857 0.0588276 0.0540541
624 0 1 12 113 263 0.106195 0.0696088 0.0638298
625 0 1 12 108 263 0.111111 0.0712019 0.06469
626 0 1 11 107 256 0.102804 0.0664631 0.0606061
627 0 1 9 109 253 0.0825688 0.0541962 0.0497238
628 0 1 14 114 259 0.122807 0.0814753 0.075067
629 0 1 14 116 257 0.12069 0.0810835 0.075067
630 0 1 11 112 266 0.0982143 0.0637298 0.0582011
631 0 1 10 112 253 0.0892857 0.0594061 0.0547945
632 0 1 15 118 271 0.127119 0.0838814 0.0771208
633 0 1 15 114 263 0.131579 0.0866285 0.0795756
634 0 1 20 119 248 0.168067 0.116421 0.108992
635 0 1 16 115 253 0.13913 0.0938017 0.0869565
636 0 1 17 111 248 0.153153 0.102462 0.0947075
637 0 1 12 110 246 0.109091 0.0729487 0.0674157
638 0 1 15 128 309 0.117188 0.0754236 0.0686499
639 0 1 17 136 328 0.125 0.0804901 0.0732759
640 0 1 18 141 322 0.12766 0.0844763 0.0777538
641 0 1 19 144 330 0.131944 0.0871596 0.0801688
642 0 1 15 137 322 0.109489 0.0714172 0.0653595
643 0 1 13 143 323 0.0909091 0.0604887 0.055794
644 0 1 19 133 321 0.142857 0.091955 0.0837004
645 0 1 28 138 322 0.202899 0.132828 0.121739
646 0 1 22 146 325 0.150685 0.100996 0.0934183
647 0 1 20 139 322 0.143885 0.0945354 0.0867679
648 0 1 21 134 327 0.156716 0.100321 0.0911063
649 0 1 23 132 316 0.174242 0.112615 0.102679
650 0 1 18 139 326 0.129496 0.0845583 0.0774194
651 0 1 25 133 322 0.18797 0.120805 0.10989
652 0 1 23 146 316 0.157534 0.10708 0.0995671
653 0 1 24 135 319 0.177778 0.115651 0.105727
654 0 1 24 147 321 0.163265 0.110484 0.102564
655 0 1 24 131 322 0.183206 0.116855 0.10596
656 0 1 20 140 330 0.142857 0.0930484 0.0851064
657 0 1 21 133 321 0.157895 0.101634 0.092511
658 0 1 21 136 334 0.154412 0.0985318 0.0893617
659 0 1 21 136 324 0.154412 0.100041 0.0913043
660 0 1 22 143 329 0.153846 0.101428 0.0932203
661 0 1 23 135 323 0.17037 0.110144 0.100437
662 0 1 23 137 329 0.167883 0.108335 0.0987124
663 0 1 24 137 323 0.175182 0.114091 0.104348
664 0 1 24 136 329 0.176471 0.11346 0.103226
665 0 1 26 135 333 0.192593 0.122627 0.111111
666 0 1 23 134 327 0.171642 0.109876 0.0997831
667 0 1 25 136 329 0.183824 0.118188 0.107527
668 0 1 28 133 333 0.210526 0.133049 0.120172
669 0 1 28 141 328 0.198582 0.1302 0.119403
670 0 1 25 136 337 0.183824 0.116777 0.105708
671 0 1 27 138 335 0.195652 0.125575 0.114165
672 0 1 25 133 325 0.18797 0.120247 0.10917
673 0 1 25 138 328 0.181159 0.117507 0.107296
674 0 1 28 133 327 0.210526 0.134264 0.121739
675 0 1 24 133 326 0.180451 0.115259 0.104575
676 0 1 27 132 329 0.204545 0.129562 0.117137
677 0 1 29 134 325 0.216418 0.138965 0.126362
678 0 1 20 129 329 0.155039 0.0970817 0.0873362
679 0 1 24 132 329 0.181818 0.115167 0.104121
680 0 1 23 133 319 0.172932 0.111662 0.10177
681 0 1 30 131 330 0.229008 0.144287 0.130152
682 0 1 26 130 332 0.2 0.125151 0.112554
683 0 1 24 134 330 0.179104 0.114131 0.103448
684 0 1 28 137 331 0.20438 0.131487 0.119658
685 0 1 28 132 333 0.212121 0.133552 0.12043
686 0 1 24 134 324 0.179104 0.115182 0.104803
687 0 1 26 132 321 0.19697 0.126309 0.11479
688 0 1 22 134 322 0.164179 0.105911 0.0964912
689 0 1 26 130 327 0.2 0.126104 0.113786
690 0 1 23 134 323 0.171642 0.110554 0.100656
691 0 1 30 134 332 0.223881 0.142233 0.128755
692 0 1 25 135 324 0.185185 0.119537 0.108932
693 0 1 22 130 326 0.169231 0.106867 0.0964912
694 0 1 23 134 326 0.171642 0.110044 0.1
695 0 1 26 135 330 0.192593 0.123183 0.111828
696 0 1 25 132 330 0.189394 0.119783 0.108225
697 0 1 21 136 335 0.154412 0.0983847 0.089172
698 0 1 27 129 328 0.209302 0.13126 0.118162
699 0 1 26 133 339 0.195489 0.122447 0.110169
700 0 1 25 133 334 0.18797 0.118615 0.107066
701 0 1 25 131 331 0.19084 0.120058 0.108225
702 0 1 24 131 332 0.183206 0.115082 0.103672
703 0 1 27 129 329 0.209302 0.13106 0.117904
704 0 1 25 136 333 0.183824 0.117476 0.10661
705 0 1 27 132 333 0.204545 0.128782 0.116129
706 0 1 24 134 333 0.179104 0.113615 0.102784
707 0 1 26 129 335 0.20155 0.125071 0.112069
708 0 1 26 134 337 0.19403 0.122351 0.110403
709 0 1 26 133 328 0.195489 0.124483 0.112798
710 0 1 23 133 331 0.172932 0.10962 0.0991379
711 0 1 25 134 329 0.186567 0.119067 0.107991
712 0 1 24 134 332 0.179104 0.113786 0.103004
713 0 1 23 135 331 0.17037 0.108805 0.0987124
714 0 1 25 137 340 0.182482 0.115835 0.104822
715 0 1 22 131 331 0.167939 0.105651 0.0952381
716 0 1 31 137 333 0.226277 0.145137 0.131915
717 0 1 21 137 332 0.153285 0.0984668 0.0895522
718 0 1 24 136 335 0.176471 0.11244 0.101911
719 0 1 22 133 335 0.165414 0.104226 0.0940171
720 0 1 21 133 335 0.157895 0.0994881 0.0897436
721 0 1 27 134 336 0.201493 0.127245 0.114894
722 0 1 28 131 338 0.21374 0.133065 0.119403
723 0 1 22 132 331 0.166667 0.10525 0.0950324
724 0 1 25 135 327 0.185185 0.118987 0.108225
725 0 1 22 139 335 0.158273 0.101951 0.092827
726 0 1 25 136 327 0.183824 0.118549 0.107991
727 0 1 27 133 329 0.203008 0.129074 0.116883
728 0 1 24 134 335 0.179104 0.113276 0.102345
729 0 1 24 134 324 0.179104 0.115182 0.104803
730 0 1 22 134 331 0.164179 0.104462 0.0946237
731 0 1 26 134 326 0.19403 0.124398 0.113043
732 0 1 28 133 335 0.210526 0.132651 0.119658
733 0 1 26 139 329 0.18705 0.121582 0.111111
734 0 1 23 136 331 0.169118 0.108404 0.0985011
735 0 1 22 135 323 0.162963 0.105355 0.0960699
736 0 1 22 132 337 0.166667 0.104309 0.0938166
737 0 1 24 134 331 0.179104 0.113958 0.103226
738 0 1 24 131 330 0.183206 0.11543 0.104121
739 0 1 22 132 330 0.166667 0.105409 0.0952381
740 0 1 25 129 334 0.193798 0.12044 0.107991
741 0 1 24 136 330 0.176471 0.113288 0.103004
742 0 1 21 135 342 0.155556 0.0977326 0.0880503
743 0 1 22 133 328 0.165414 0.105332 0.0954447
744 0 1 25 131 330 0.19084 0.12024 0.10846
745 0 1 24 135 336 0.177778 0.112687 0.101911
746 0 1 27 134 324 0.201493 0.12958 0.117904
747 0 1 22 132 324 0.166667 0.106381 0.0964912
748 0 1 25 135 336 0.185185 0.117383 0.106157
749 0 1 27 134 331 0.201493 0.128203 0.116129
750 0 1 25 137 339 0.182482 0.116006 0.105042
751 0 1 24 138 327 0.173913 0.112979 0.103226
752 0 1 25 130 331 0.192308 0.120519 0.10846
753 0 1 26 134 331 0.19403 0.123455 0.111828
754 0 1 25 133 328 0.18797 0.119695 0.10846
755 0 1 23 132 337 0.174242 0.10905 0.098081
756 0 1 25 133 336 0.18797 0.118262 0.10661
757 0 1 24 133 330 0.180451 0.114559 0.103672
758 0 1 23 128 335 0.179688 0.111071 0.0993521
759 0 1 23 136 336 0.169118 0.107594 0.0974576
760 0 1 26 131 327 0.198473 0.125621 0.113537
761 0 1 23 135 332 0.17037 0.108641 0.0985011
762 0 1 28 132 337 0.212121 0.132757 0.119403
763 0 1 26 130 331 0.2 0.125339 0.112798
764 0 1 26 134 334 0.19403 0.122899 0.111111
765 0 1 24 135 334 0.177778 0.113024 0.102345
766 0 1 25 135 332 0.185185 0.118088 0.107066
767 0 1 26 130 328 0.2 0.125911 0.113537
768 0 1 22 131 329 0.167939 0.105972 0.0956522
769 0 1 23 132 328 0.174242 0.110536 0.1
770 0 1 24 133 330 0.180451 0.114559 0.103672
771 0 1 28 133 334 0.210526 0.132849 0.119914
772 0 1 25 134 325 0.186567 0.119797 0.108932
773 0 1 22 132 327 0.166667 0.105892 0.0958606
774 0 1 21 131 338 0.160305 0.0997988 0.0895522
775 0 1 23 126 326 0.18254 0.113484 0.10177
776 0 1 27 136 334 0.198529 0.126684 0.114894
777 0 1 25 130 343 0.192308 0.118392 0.105708
778 0 1 29 129 335 0.224806 0.139502 0.125
779 0 1 22 132 325 0.166667 0.106217 0.0962801
780 0 1 24 130 329 0.184615 0.116049 0.104575
781 0 1 23 133 331 0.172932 0.10962 0.0991379
782 0 1 25 134 333 0.186567 0.118349 0.107066
783 0 1 35 130 330 0.269231 0.168982 0.152174
784 0 1 31 129 334 0.24031 0.149346 0.133909
785 0 1 31 131 331 0.236641 0.148872 0.134199
786 0 1 28 133 329 0.210526 0.133855 0.121212
787 0 1 19 136 332 0.139706 0.089416 0.0811966
788 0 1 23 135 329 0.17037 0.109135 0.0991379
789 0 1 21 134 331 0.156716 0.0997133 0.0903226
790 0 1 22 135 335 0.162963 0.103451 0.093617
791 0 1 24 133 332 0.180451 0.114213 0.103226
792 0 1 25 133 341 0.18797 0.117392 0.105485
793 0 1 28 129 332 0.217054 0.135299 0.121475
794 0 1 27 133 336 0.203008 0.127723 0.115139
795 0 1 24 132 335 0.181818 0.114131 0.102784
796 0 1 24 134 332 0.179104 0.113786 0.103004
797 0 1 25 133 330 0.18797 0.119332 0.107991
798 0 1 31 132 330 0.234848 0.148531 0.134199
799 0 1 26 134 329 0.19403 0.123829 0.112311
800 0 1 26 134 335 0.19403 0.122715 0.110874
801 0 1 25 133 338 0.18797 0.117911 0.106157
802 0 1 26 132 335 0.19697 0.123641 0.111349
803 0 1 26 140 330 0.185714 0.120963 0.110638
804 0 1 28 136 329 0.205882 0.13237 0.12043
805 0 1 25 134 326 0.186567 0.119613 0.108696
806 0 1 21 133 343 0.157895 0.098321 0.0882353
807 0 1 26 134 333 0.19403 0.123083 0.111349
808 0 1 26 137 331 0.189781 0.122095 0.111111
809 0 1 28 132 343 0.212121 0.13159 0.117895
810 0 1 27 137 334 0.19708 0.126221 0.11465
811 0 1 26 133 338 0.195489 0.122628 0.110403
812 0 1 22 136 340 0.161765 0.102309 0.092437
813 0 1 28 135 336 0.207407 0.131468 0.118896
814 0 1 28 136 339 0.205882 0.130403 0.117895
815 0 1 26 133 340 0.195489 0.122267 0.109937
816 0 1 28 135 338 0.207407 0.131079 0.118393
817 0 1 23 129 332 0.178295 0.111138 0.0997831
818 0 1 25 136 339 0.183824 0.116432 0.105263
819 0 1 28 134 334 0.208955 0.132353 0.119658
820 0 1 26 135 337 0.192593 0.121897 0.110169
821 0 1 24 139 338 0.172662 0.110725 0.100629
822 0 1 28 130 333 0.215385 0.134575 0.12095
823 0 1 26 133 339 0.195489 0.122447 0.110169
824 0 1 27 134 335 0.201493 0.127435 0.115139
825 0 1 24 135 335 0.177778 0.112855 0.102128
826 0 1 31 139 337 0.223022 0.143232 0.130252
827 0 1 23 136 336 0.169118 0.107594 0.0974576
828 0 1 27 141 334 0.191489 0.124417 0.113684
829 0 1 29 132 333 0.219697 0.138321 0.124731
830 0 1 29 136 335 0.213235 0.135865 0.123142
831 0 1 26 130 341 0.2 0.123488 0.110403
832 0 1 26 136 339 0.191176 0.121089 0.109474
833 0 1 29 132 341 0.219697 0.136689 0.122622
834 0 1 30 140 333 0.214286 0.138942 0.12685
835 0 1 25 138 336 0.181159 0.1161 0.105485
836 0 1 29 138 334 0.210145 0.135078 0.122881
837 0 1 27 136 331 0.198529 0.127257 0.115632
838 0 1 23 138 337 0.166667 0.106653 0.0968421
839 0 1 26 130 334 0.2 0.124775 0.112069
840 0 1 26 141 339 0.184397 0.118922 0.108333
841 0 1 26 135 331 0.192593 0.122996 0.111588
842 0 1 29 135 336 0.214815 0.136164 0.123142
843 0 1 30 131 329 0.229008 0.144507 0.130435
844 0 1 27 135 333 0.2 0.127343 0.115385
845 0 1 25 134 329 0.186567 0.119067 0.107991
846 0 1 30 131 334 0.229008 0.143421 0.129032
847 0 1 31 133 337 0.233083 0.146427 0.131915
848 0 1 31 135 333 0.22963 0.146209 0.132479
849 0 1 29 133 338 0.218045 0.136777 0.123142
850 0 1 27 134 338 0.201493 0.126868 0.114407
851 0 1 26 135 340 0.192593 0.121358 0.109474
852 0 1 26 130 337 0.2 0.124219 0.111349
853 0 1 26 130 336 0.2 0.124403 0.111588
854 0 1 30 134 334 0.223881 0.141806 0.128205
855 0 1 28 134 332 0.208955 0.132751 0.120172
856 0 1 27 135 333 0.2 0.127343 0.115385
857 0 1 31 139 340 0.223022 0.142598 0.129436
858 0 1 27 135 336 0.2 0.126773 0.11465
859 0 1 27 134 338 0.201493 0.126868 0.114407
860 0 1 30 135 330 0.222222 0.142134 0.129032
861 0 1 29 135 336 0.214815 0.136164 0.123142
862 0 1 25 135 337 0.185185 0.117208 0.105932
863 0 1 28 141 341 0.198582 0.127694 0.116183
864 0 1 25 137 335 0.182482 0.116696 0.105932
865 0 1 28 140 339 0.2 0.128527 0.11691
866 0 1 26 137 334 0.189781 0.121546 0.110403
867 0 1 30 137 327 0.218978 0.141738 0.12931
868 0 1 29 137 335 0.211679 0.135368 0.122881
869 0 1 29 140 332 0.207143 0.134513 0.122881
870 0 1 28 134 335 0.208955 0.132155 0.119403
871 0 1 33 137 332 0.240876 0.154734 0.140725
872 0 1 30 133 332 0.225564 0.142767 0.129032
873 0 1 28 140 326 0.2 0.131065 0.120172
874 0 1 37 137 334 0.270073 0.172969 0.157113
875 0 1 30 139 328 0.215827 0.1405 0.12848
876 0 1 24 137 335 0.175182 0.112029 0.101695
877 0 1 37 137 340 0.270073 0.171436 0.155136
878 0 1 33 138 338 0.23913 0.152797 0.138655
879 0 1 32 138 338 0.231884 0.148167 0.134454
880 0 1 28 135 331 0.207407 0.132458 0.120172
881 0 1 24 134 330 0.179104 0.114131 0.103448
882 0 1 20 127 332 0.15748 0.0974 0.087146
883 0 1 19 138 331 0.137681 0.0888996 0.0810235
884 0 1 16 136 316 0.117647 0.0771804 0.0707965
885 0 1 20 140 330 0.142857 0.0930484 0.0851064
886 0 1 22 135 331 0.162963 0.104074 0.0944206
887 0 1 22 134 330 0.164179 0.10462 0.0948276
888 0 1 17 139 318 0.122302 0.0808589 0.0743982
889 0 1 15 132 323 0.113636 0.0726445 0.0659341
890 0 1 18 137 325 0.131387 0.0853042 0.0779221
891 0 1 24 129 311 0.186047 0.119822 0.109091
892 0 1 17 136 299 0.125 0.0843032 0.0781609
893 0 1 19 124 295 0.153226 0.0993417 0.0906921
894 0 1 18 115 296 0.156522 0.0975613 0.0875912
895 0 1 18 126 295 0.142857 0.0933633 0.0855107
896 0 1 17 114 274 0.149123 0.0961881 0.0876289
897 0 1 10 110 272 0.0909091 0.0578122 0.052356
898 0 1 13 107 269 0.121495 0.0766259 0.0691489
899 0 1 12 103 257 0.116505 0.0737558 0.0666667
900 0 1 11 98 237 0.112245 0.0721781 0.0656716
901 0 1 9 98 291 0.0918367 0.0532946 0.0462725
902 0 1 9 102 283 0.0882353 0.0529723 0.0467532
903 0 1 10 93 268 0.107527 0.0633419 0.0554017
904 0 1 8 101 262 0.0792079 0.0491789 0.0440771
905 0 1 9 88 256 0.102273 0.0599627 0.0523256
906 0 1 5 92 220 0.0543478 0.0351451 0.0320513
907 0 1 8 111 249 0.0720721 0.0481204 0.0444444
908 0 1 8 114 255 0.0701754 0.046921 0.0433604
909 0 1 8 121 252 0.0661157 0.0458139 0.0428954
910 0 1 9 139 263 0.0647482 0.0470714 0.0447761
911 0 1 13 140 292 0.0928571 0.0642966 0.0601852
912 0 1 26 149 307 0.174497 0.121566 0.114035
913 0 1 24 162 319 0.148148 0.105574 0.0997921
914 0 1 25 162 331 0.154321 0.107961 0.10142
915 0 1 16 161 304 0.0993789 0.072322 0.0688172
916 0 1 22 156 296 0.141026 0.10238 0.0973451
917 0 1 26 149 300 0.174497 0.122976 0.115813
918 0 1 16 151 297 0.10596 0.0755533 0.0714286
919 0 1 16 137 311 0.116788 0.0775139 0.0714286
920 0 1 6 137 283 0.0437956 0.0304718 0.0285714
921 0 1 12 148 325 0.0810811 0.0547153 0.05074
922 0 1 16 163 352 0.0981595 0.0667967 0.0621359
923 0 1 10 190 379 0.0526316 0.0372652 0.0351494
924 0 1 10 182 394 0.0549451 0.0373436 0.0347222
925 0 1 10 197 378 0.0507614 0.0366455 0.0347826
926 0 1 15 178 346 0.0842697 0.0604426 0.0572519
927 0 1 15 179 353 0.0837989 0.0596729 0.056391
928 0 1 15 211 422 0.0710901 0.0502683 0.0473934
929 0 1 15 213 408 0.0704225 0.0508828 0.0483092
930 0 1 16 200 363 0.08 0.0593816 0.0568384
931 0 1 9 191 347 0.0471204 0.0349592 0.0334572
932 0 1 19 193 353 0.0984456 0.0727927 0.0695971
933 0 1 10 179 335 0.0558659 0.0408367 0.0389105
934 0 1 12 195 419 0.0615385 0.0419814 0.0390879
935 0 1 19 195 392 0.0974359 0.0687216 0.0647359
936 0 1 13 197 398 0.0659898 0.0464268 0.0436975
937 0 1 10 205 394 0.0487805 0.0351864 0.033389
938 0 1 14 195 376 0.0717949 0.0517031 0.0490368
939 0 1 16 192 394 0.0833333 0.058173 0.0546075
940 0 1 13 188 381 0.0691489 0.0485738 0.0456942
941 0 1 27 187 385 0.144385 0.100627 0.0944056
942 0 1 18 196 399 0.0918367 0.0643662 0.0605042
943 0 1 15 192 388 0.078125 0.0549572 0.0517241
944 0 1 15 192 378 0.078125 0.0556794 0.0526316
945 0 1 21 189 374 0.111111 0.0789865 0.0746004
946 0 1 20 200 396 0.1 0.0710669 0.0671141
947 0 1 17 193 382 0.0880829 0.0626093 0.0591304
948 0 1 27 208 448 0.129808 0.088449 0.0823171
949 0 1 21 222 445 0.0945946 0.0668133 0.0629685
950 0 1 11 220 428 0.05 0.0358475 0.0339506
951 0 1 14 216 406 0.0648148 0.0472757 0.0450161
952 0 1 24 226 398 0.106195 0.0800231 0.0769231
953 0 1 25 216 393 0.115741 0.0858058 0.0821018
954 0 1 15 201 381 0.0746269 0.0542039 0.0515464
955 0 1 11 189 372 0.0582011 0.0414849 0.0392157
956 0 1 19 191 356 0.0994764 0.0728638 0.0694698
957 0 1 27 186 357 0.145161 0.104779 0.0994475
958 0 1 33 203 428 0.162562 0.111955 0.104596
959 0 1 27 209 411 0.129187 0.0921234 0.0870968
960 0 1 27 210 379 0.128571 0.095705 0.0916808
961 0 1 18 197 379 0.0913706 0.0658749 0.0625
962 0 1 25 202 388 0.123762 0.0892994 0.0847458
963 0 1 22 191 370 0.115183 0.0827571 0.0784314
964 0 1 15 200 383 0.075 0.0541972 0.051458
965 0 1 25 180 368 0.138889 0.0971359 0.0912409
966 0 1 37 208 408 0.177885 0.127011 0.12013
967 0 1 20 198 425 0.10101 0.068945 0.0642055
968 0 1 31 212 395 0.146226 0.107126 0.102142
969 0 1 23 203 394 0.1133 0.0813264 0.0770519
970 0 1 13 202 384 0.0643564 0.0466769 0.0443686
971 0 1 26 205 347 0.126829 0.0974836 0.0942029
972 0 1 21 221 406 0.0950226 0.0701068 0.0669856
973 0 1 21 215 394 0.0976744 0.0721526 0.0689655
974 0 1 20 206 387 0.0970874 0.0708339 0.0674536
975 0 1 13 198 359 0.0656566 0.04876 0.0466786
976 0 1 15 202 370 0.0742574 0.0548674 0.0524476
977 0 1 12 192 347 0.0625 0.0464907 0.0445269
978 0 1 9 189 328 0.047619 0.0361472 0.0348162
979 0 1 9 193 398 0.0466321 0.032473 0.0304569
980 0 1 10 191 400 0.052356 0.0361787 0.0338409
981 0 1 22 187 373 0.117647 0.0833005 0.0785714
982 0 1 21 174 333 0.12069 0.0872414 0.0828402
983 0 1 18 172 318 0.104651 0.0769653 0.0734694
984 0 1 12 203 334 0.0591133 0.046085 0.0446927
985 0 1 14 210 340 0.0666667 0.0523937 0.0509091
986 0 1 10 186 340 0.0537634 0.0397653 0.0380228
987 0 1 7 166 318 0.0421687 0.0304671 0.0289256
988 0 1 10 201 359 0.0497512 0.0372267 0.0357143
989 0 1 12 195 348 0.0615385 0.0460653 0.0441989
990 0 1 10 164 318 0.0609756 0.043789 0.0414938
991 0 1 7 155 304 0.0451613 0.0322475 0.0305011
992 0 1 4 168 323 0.0238095 0.0171713 0.0162933
993 0 1 9 164 308 0.054878 0.0400447 0.0381356
994 0 1 7 154 285 0.0454545 0.033413 0.0318907
995 0 1 11 152 307 0.0723684 0.0509216 0.0479303
996 0 1 6 143 287 0.041958 0.0296171 0.027907
997 0 1 6 126 262 0.047619 0.0330229 0.0309278
998 0 1 4 137 312 0.0291971 0.0193474 0.0178174
999 0 1 2 127 263 0.015748 0.0109433 0.0102564
1000 0 1 3 122 228 0.0245902 0.0179876 0.0171429
1001 0 1 4 127 268 0.0314961 0.0216816 0.0202532
1002 0 1 5 114 244 0.0438596 0.0299794 0.027933
1003 0 1 4 103 233 0.038835 0.0258204 0.0238095
1004 0 1 2 118 251 0.0169492 0.0116212 0.0108401
1005 0 1 4 107 232 0.0373832 0.0253877 0.0235988
1006 0 1 4 123 244 0.0325203 0.0230894 0.0217984
1007 0 1 1 112 225 0.00892857 0.00629941 0.00593472
1008 0 1 3 111 228 0.027027 0.0188579 0.0176991
1009 0 1 2 109 208 0.0183486 0.0132827 0.0126183
1010 0 1 4 114 234 0.0350877 0.0244906 0.0229885
1011 0 1 1 106 207 0.00943396 0.0067509 0.00638978
1012 0 1 5 111 226 0.045045 0.0315685 0.0296736
1013 0 1 5 110 212 0.0454545 0.032742 0.0310559
1014 0 1 1 101 208 0.00990099 0.00689934 0.00647249
1015 0 1 0 98 193 0 0 0
1016 0 1 1 118 245 0.00847458 0.00588134 0.00550964
1017 0 1 3 117 252 0.025641 0.0174714 0.0162602
1018 0 1 2 113 251 0.0176991 0.0118756 0.010989
1019 0 1 1 111 244 0.00900901 0.00607636 0.0056338
1020 0 1 2 103 237 0.0194175 0.0128008 0.0117647
1021 0 1 5 105 216 0.047619 0.0332008 0.0311526
1022 0 1 1 111 221 0.00900901 0.00638473 0.0060241
1023 0 1 1 108 218 0.00925926 0.00651718 0.00613497
1024 0 1 5 104 204 0.0480769 0.0343272 0.0324675
1025 0 1 7 108 199 0.0648148 0.0477485 0.0456026
1026 0 1 4 102 203 0.0392157 0.0277979 0.0262295
1027 0 1 2 98 185 0.0204082 0.0148536 0.0141343
1028 0 1 4 132 300 0.030303 0.0201008 0.0185185
1029 0 1 2 139 287 0.0143885 0.0100134 0.00938967
1030 0 1 10 138 275 0.0724638 0.0513327 0.0484262
1031 0 1 5 137 264 0.0364963 0.026291 0.0249377
1032 0 1 11 142 261 0.0774648 0.0571384 0.0545906
1033 0 1 13 140 263 0.0928571 0.0677488 0.0645161
1034 0 1 12 133 263 0.0902256 0.0641619 0.0606061
1035 0 1 8 137 257 0.0583942 0.0426347 0.0406091
1036 0 1 12 132 254 0.0909091 0.0655356 0.0621762
1037 0 1 9 131 246 0.0687023 0.0501348 0.0477454
1038 0 1 7 126 242 0.0555556 0.0400871 0.0380435
1039 0 1 6 124 254 0.0483871 0.0338083 0.031746
1040 0 1 4 112 258 0.0357143 0.023531 0.0216216
1041 0 1 4 115 254 0.0347826 0.0234042 0.0216802
1042 0 1 3 111 238 0.027027 0.0184574 0.017192
1043 0 1 5 105 248 0.047619 0.0309849 0.0283286
1044 0 1 9 109 234 0.0825688 0.0563536 0.0524781
1045 0 1 11 109 234 0.100917 0.0688766 0.0641399
1046 0 1 10 105 248 0.0952381 0.0619697 0.0566572
1047 0 1 12 103 237 0.116505 0.0768048 0.0705882
1048 0 1 9 104 233 0.0865385 0.057816 0.0534125
1049 0 1 9 113 233 0.079646 0.0554658 0.0520231
1050 0 1 11 97 217 0.113402 0.0758188 0.0700637
1051 0 1 7 98 227 0.0714286 0.0469323 0.0430769
1052 0 1 9 99 218 0.0909091 0.0612628 0.0567823
1053 0 1 9 95 220 0.0947368 0.0622543 0.0571429
1054 0 1 6 88 225 0.0681818 0.0426401 0.0383387
1055 0 1 3 90 230 0.0333333 0.0208514 0.01875
1056 0 1 9 83 218 0.108434 0.0669076 0.0598007
1057 0 1 12 114 297 0.105263 0.0652155 0.0583942
1058 0 1 6 104 297 0.0576923 0.0341394 0.0299252
1059 0 1 5 100 289 0.05 0.0294118 0.0257069
1060 0 1 11 99 268 0.111111 0.0675317 0.0599455
1061 0 1 4 104 258 0.0384615 0.0244193 0.0220994
1062 0 1 8 90 283 0.0888889 0.0501274 0.0428954
1063 0 1 7 93 278 0.0752688 0.0435346 0.0377358
1064 0 1 3 97 264 0.0309278 0.0187471 0.0166205
1065 0 1 11 113 268 0.0973451 0.06321 0.0577428
1066 0 1 8 114 284 0.0701754 0.0444609 0.040201
1067 0 1 13 109 270 0.119266 0.0757789 0.0686016
1068 0 1 11 107 259 0.102804 0.0660771 0.0601093
1069 0 1 7 105 258 0.0666667 0.0425298 0.0385675
1070 0 1 8 97 271 0.0824742 0.0493423 0.0434783
1071 0 1 6 94 264 0.0638298 0.0380878 0.0335196
1072 0 1 9 95 254 0.0947368 0.0579381 0.0515759
1073 0 1 5 94 243 0.0531915 0.0330829 0.0296736
1074 0 1 5 90 234 0.0555556 0.0344541 0.0308642
1075 0 1 6 93 232 0.0645161 0.0408475 0.0369231
1076 0 1 5 87 230 0.0574713 0.0353465 0.0315457
1077 0 1 2 110 289 0.0181818 0.0112172 0.0100251
1078 0 1 7 108 301 0.0648148 0.0388242 0.0342298
1079 0 1 6 106 290 0.0566038 0.0342215 0.030303
1080 0 1 3 103 290 0.0291262 0.0173582 0.0152672
1081 0 1 10 109 271 0.0917431 0.0581838 0.0526316
1082 0 1 3 108 268 0.0277778 0.0176336 0.0159574
1083 0 1 3 95 264 0.0315789 0.0189434 0.0167131
1084 0 1 5 99 257 0.050505 0.0313463 0.0280899
1085 0 1 5 94 256 0.0531915 0.0322319 0.0285714
1086 0 1 4 88 242 0.0454545 0.0274101 0.0242424
1087 0 1 6 88 245 0.0681818 0.0408627 0.036036
1088 0 1 5 93 234 0.0537634 0.0338938 0.030581
1089 0 1 8 87 235 0.091954 0.0559495 0.0496894
1090 0 1 7 86 222 0.0813954 0.0506608 0.0454545
1091 0 1 8 113 297 0.0707965 0.0436689 0.0390244
1092 0 1 1 112 288 0.00892857 0.00556794 0.005
1093 0 1 5 113 295 0.0442478 0.0273854 0.0245098
1094 0 1 3 119 285 0.0252101 0.0162902 0.0148515
1095 0 1 4 110 287 0.0363636 0.0225124 0.0201511
1096 0 1 7 112 276 0.0625 0.0398139 0.0360825
1097 0 1 7 109 270 0.0642202 0.040804 0.0369393
1098 0 1 6 116 246 0.0517241 0.0355185 0.0331492
1099 0 1 4 112 227 0.0357143 0.0250864 0.0235988
1100 0 1 4 113 238 0.0353982 0.0243912 0.022792
1101 0 1 8 108 230 0.0740741 0.0507591 0.0473373
1102 0 1 10 119 233 0.0840336 0.0600549 0.0568182
1103 0 1 11 109 227 0.100917 0.0699305 0.0654762
1104 0 1 8 108 210 0.0740741 0.0531213 0.0503145
1105 0 1 7 95 222 0.0736842 0.0482014 0.044164
1106 0 1 7 92 199 0.076087 0.0517342 0.04811
1107 0 1 7 104 283 0.0673077 0.0408026 0.0361757
1108 0 1 8 110 284 0.0727273 0.0452621 0.0406091
1109 0 1 5 104 274 0.0480769 0.0296195 0.026455
1110 0 1 7 92 258 0.076087 0.0454354 0.04
1111 0 1 11 93 250 0.11828 0.0721408 0.0641399
1112 0 1 9 93 227 0.0967742 0.0619424 0.05625
1113 0 1 6 102 226 0.0588235 0.0395182 0.0365854
1114 0 1 5 95 233 0.0526316 0.033607 0.0304878
1115 0 1 5 90 209 0.0555556 0.0364566 0.0334448
1116 0 1 7 137 286 0.0510949 0.0353635 0.0330969
1117 0 1 9 132 284 0.0681818 0.0464832 0.0432692
1118 0 1 10 130 279 0.0769231 0.0525081 0.0488998
1119 0 1 5 116 265 0.0431034 0.0285179 0.0262467
1120 0 1 6 117 259 0.0512821 0.0344674 0.0319149
1121 0 1 8 111 235 0.0720721 0.049533 0.0462428
1122 0 1 8 105 249 0.0761905 0.0494761 0.0451977
1123 0 1 7 106 233 0.0660377 0.0445417 0.0412979
1124 0 1 2 97 223 0.0206186 0.0135985 0.0125
1125 0 1 7 98 200 0.0714286 0.05 0.0469799
1126 0 1 9 114 262 0.0789474 0.0520762 0.0478723
1127 0 1 7 121 270 0.0578512 0.0387279 0.0358056
1128 0 1 5 114 253 0.0438596 0.0294413 0.027248
1129 0 1 8 113 235 0.0707965 0.0490927 0.045977
1130 0 1 5 109 230 0.0458716 0.0315786 0.0294985
1131 0 1 5 99 215 0.050505 0.0342715 0.0318471
1132 0 1 10 95 211 0.105263 0.0706313 0.0653595
1133 0 1 6 126 253 0.047619 0.0336051 0.0316623
1134 0 1 4 130 261 0.0307692 0.0217154 0.0204604
1135 0 1 5 119 251 0.0420168 0.0289307 0.027027
1136 0 1 7 126 243 0.0555556 0.0400046 0.0379404
1137 0 1 5 119 234 0.0420168 0.0299632 0.0283286
1138 0 1 6 117 231 0.0512821 0.0364966 0.0344828
1139 0 1 4 108 212 0.037037 0.0264351 0.025
1140 0 1 7 113 199 0.0619469 0.0466802 0.0448718
1141 0 1 5 108 193 0.0462963 0.0346322 0.0332226
1142 0 1 10 127 262 0.0787402 0.0548211 0.0514139
1143 0 1 6 135 284 0.0444444 0.0306426 0.0286396
1144 0 1 4 129 255 0.0310078 0.0220544 0.0208333
1145 0 1 5 135 251 0.037037 0.0271623 0.0259067
1146 0 1 6 140 250 0.0428571 0.0320713 0.0307692
1147 0 1 6 135 237 0.0444444 0.0335436 0.0322581
1148 0 1 5 132 244 0.0378788 0.0278604 0.0265957
1149 0 1 8 122 239 0.0655738 0.0468502 0.0443213
1150 0 1 6 158 324 0.0379747 0.0265186 0.0248963
1151 0 1 2 160 307 0.0125 0.00902404 0.00856531
1152 0 1 11 157 308 0.0700637 0.0500227 0.0473118
1153 0 1 5 151 299 0.0331126 0.0235313 0.0222222
1154 0 1 9 142 294 0.0633803 0.0440478 0.0412844
1155 0 1 10 139 286 0.0719424 0.0501545 0.0470588
1156 0 1 10 147 272 0.0680272 0.05001 0.0477327
1157 0 1 8 140 254 0.0571429 0.0424238 0.0406091
1158 0 1 13 131 246 0.0992366 0.0724169 0.0689655
1159 0 1 13 136 230 0.0955882 0.0735038 0.0710383
1160 0 1 10 128 242 0.078125 0.0568182 0.0540541
1161 0 1 12 123 229 0.097561 0.0715008 0.0681818
1162 0 1 8 118 232 0.0677966 0.0483509 0.0457143
1163 0 1 14 153 326 0.0915033 0.0626864 0.0584551
1164 0 1 16 150 313 0.106667 0.0738418 0.0691145
1165 0 1 8 139 305 0.057554 0.0388537 0.036036
1166 0 1 11 148 286 0.0743243 0.0534661 0.0506912
1167 0 1 16 135 264 0.118519 0.0847522 0.0802005
1168 0 1 11 131 278 0.0839695 0.0576414 0.0537897
1169 0 1 7 125 259 0.056 0.0389039 0.0364583
1170 0 1 7 133 261 0.0526316 0.0375709 0.035533
1171 0 1 13 129 253 0.100775 0.0719595 0.0680628
1172 0 1 11 123 248 0.0894309 0.0629817 0.0592992
1173 0 1 6 118 232 0.0508475 0.0362632 0.0342857
1174 0 1 6 152 295 0.0394737 0.0283347 0.0268456
1175 0 1 10 154 294 0.0649351 0.0469965 0.0446429
1176 0 1 11 148 277 0.0743243 0.0543278 0.0517647
1177 0 1 7 144 273 0.0486111 0.0353049 0.0335731
1178 0 1 7 143 273 0.048951 0.0354282 0.0336538
1179 0 1 5 141 269 0.035461 0.0256735 0.0243902
1180 0 1 5 146 276 0.0342466 0.024908 0.0236967
1181 0 1 0 129 267 0 0 0
1182 0 1 2 133 251 0.0150376 0.0109463 0.0104167
1183 0 1 7 139 251 0.0503597 0.037476 0.0358974
1184 0 1 5 130 236 0.0384615 0.0285458 0.0273224
1185 0 1 8 125 222 0.064 0.048024 0.0461095
1186 0 1 6 148 289 0.0405405 0.0290116 0.02746
1187 0 1 18 163 281 0.110429 0.0841057 0.0810811
1188 0 1 8 157 263 0.0509554 0.0393697 0.0380952
1189 0 1 13 147 249 0.0884354 0.0679493 0.0656566
1190 0 1 10 143 243 0.0699301 0.0536449 0.0518135
1191 0 1 8 138 238 0.057971 0.044143 0.0425532
1192 0 1 9 137 228 0.0656934 0.0509231 0.0493151
1193 0 1 14 160 295 0.0875 0.0644402 0.0615385
1194 0 1 11 157 290 0.0700637 0.0515518 0.049217
1195 0 1 8 142 275 0.056338 0.0404836 0.0383693
1196 0 1 7 128 273 0.0546875 0.0374465 0.0349127
1197 0 1 7 123 270 0.0569106 0.0384117 0.0356234
1198 0 1 12 110 233 0.109091 0.0749561 0.0699708
1199 0 1 8 146 308 0.0547945 0.0377258 0.0352423
1200 0 1 10 140 300 0.0714286 0.048795 0.0454545
1201 0 1 7 135 286 0.0518519 0.0356244 0.0332542
1202 0 1 11 132 296 0.0833333 0.0556493 0.0514019
1203 0 1 11 124 265 0.0887097 0.0606819 0.0565553
1204 0 1 9 120 253 0.075 0.0516525 0.0482574
1205 0 1 8 118 253 0.0677966 0.0463008 0.0431267
1206 0 1 9 112 231 0.0803571 0.0559535 0.0524781
1207 0 1 5 149 314 0.033557 0.023116 0.0215983
1208 0 1 12 147 333 0.0816327 0.0542376 0.05
1209 0 1 10 133 307 0.075188 0.0494886 0.0454545
1210 0 1 11 132 293 0.0833333 0.0559335 0.0517647
1211 0 1 8 116 278 0.0689655 0.0445491 0.0406091
1212 0 1 5 116 265 0.0431034 0.0285179 0.0262467
1213 0 1 7 110 266 0.0636364 0.0409224 0.037234
1214 0 1 9 107 249 0.0841122 0.055138 0.0505618
1215 0 1 4 129 344 0.0310078 0.0189883 0.0169133
1216 0 1 6 139 336 0.0431655 0.0277635 0.0252632
1217 0 1 3 139 336 0.0215827 0.0138817 0.0126316
1218 0 1 5 135 321 0.037037 0.0240188 0.0219298
1219 0 1 6 143 317 0.041958 0.0281808 0.026087
1220 0 1 4 137 320 0.0291971 0.019104 0.0175055
1221 0 1 6 125 293 0.048 0.0313518 0.0287081
1222 0 1 9 126 285 0.0714286 0.0474936 0.0437956
1223 0 1 4 128 292 0.03125 0.0206901 0.0190476
1224 0 1 3 127 271 0.023622 0.0161709 0.0150754
1225 0 1 4 119 273 0.0336134 0.0221924 0.0204082
1226 0 1 8 119 271 0.0672269 0.0445484 0.0410256
1227 0 1 5 124 267 0.0403226 0.0274792 0.0255754
1228 0 1 6 129 251 0.0465116 0.0333441 0.0315789
1229 0 1 11 120 254 0.0916667 0.0630065 0.0588235
1230 0 1 8 119 252 0.0672269 0.0461973 0.0431267
1231 0 1 5 163 386 0.0306748 0.0199335 0.0182149
1232 0 1 8 156 363 0.0512821 0.0336182 0.0308285
1233 0 1 9 146 335 0.0616438 0.0406952 0.037422
1234 0 1 9 136 332 0.0661765 0.0423549 0.0384615
1235 0 1 15 141 329 0.106383 0.069644 0.0638298
1236 0 1 6 145 313 0.0413793 0.028164 0.0262009
1237 0 1 16 139 334 0.115108 0.0742573 0.0676533
1238 0 1 15 130 332 0.115385 0.0722022 0.0649351
1239 0 1 14 129 317 0.108527 0.0692315 0.0627803
1240 0 1 16 126 314 0.126984 0.0804396 0.0727273
1241 0 1 8 116 316 0.0689655 0.0417847 0.037037
1242 0 1 7 122 307 0.057377 0.03617 0.032634
1243 0 1 9 116 291 0.0775862 0.0489854 0.044226
1244 0 1 14 123 285 0.113821 0.0747744 0.0686275
1245 0 1 10 127 279 0.0787402 0.0531246 0.0492611
1246 0 1 13 126 296 0.103175 0.0673151 0.0616114
1247 0 1 12 133 279 0.0902256 0.062295 0.0582524
1248 0 1 12 137 268 0.0875912 0.0626258 0.0592593
1249 0 1 10 128 277 0.078125 0.0531074 0.0493827
1250 0 1 10 135 265 0.0740741 0.0528701 0.05
1251 0 1 10 140 259 0.0714286 0.0525153 0.0501253
1252 0 1 12 136 261 0.0882353 0.063693 0.0604534
1253 0 1 15 123 264 0.121951 0.0832409 0.0775194
1254 0 1 10 121 263 0.0826446 0.056057 0.0520833
1255 0 1 14 129 256 0.108527 0.0770395 0.0727273
1256 0 1 14 131 250 0.10687 0.0773611 0.0734908
1257 0 1 6 129 261 0.0465116 0.0326991 0.0307692
1258 0 1 8 119 252 0.0672269 0.0461973 0.0431267
1259 0 1 8 153 332 0.0522876 0.0354957 0.0329897
1260 0 1 11 149 327 0.0738255 0.049834 0.0462185
1261 0 1 17 149 317 0.114094 0.0782215 0.0729614
1262 0 1 13 142 301 0.0915493 0.0628805 0.0586907
1263 0 1 16 147 308 0.108844 0.0751945 0.0703297
1264 0 1 16 150 299 0.106667 0.0755507 0.0712695
1265 0 1 15 145 294 0.103448 0.0726497 0.0683371
1266 0 1 23 145 306 0.158621 0.10919 0.101996
1267 0 1 12 138 313 0.0869565 0.057739 0.0532151
1268 0 1 7 140 322 0.05 0.032969 0.030303
1269 0 1 10 139 322 0.0719424 0.0472677 0.0433839
1270 0 1 11 137 320 0.080292 0.0525361 0.04814
1271 0 1 15 136 322 0.110294 0.0716793 0.0655022
1272 0 1 11 140 320 0.0785714 0.0519701 0.0478261
1273 0 1 13 133 312 0.0977444 0.0638176 0.058427
1274 0 1 8 136 300 0.0588235 0.0396059 0.0366972
1275 0 1 20 132 287 0.151515 0.102755 0.0954654
1276 0 1 22 127 281 0.173228 0.116458 0.107843
1277 0 1 13 119 273 0.109244 0.0721255 0.0663265
1278 0 1 16 153 349 0.104575 0.0692407 0.063745
1279 0 1 15 172 347 0.0872093 0.0613991 0.0578035
1280 0 1 17 160 348 0.10625 0.0720442 0.0669291
1281 0 1 14 152 332 0.0921053 0.0623214 0.0578512
1282 0 1 14 155 310 0.0903226 0.0638677 0.0602151
1283 0 1 17 154 313 0.11039 0.0774313 0.0728051
1284 0 1 10 148 292 0.0675676 0.0481036 0.0454545
1285 0 1 18 141 290 0.12766 0.0890152 0.0835267
1286 0 1 15 138 288 0.108696 0.0752412 0.0704225
1287 0 1 15 135 287 0.111111 0.076205 0.0710901
1288 0 1 12 141 279 0.0851064 0.060502 0.0571429
1289 0 1 16 133 279 0.120301 0.08306 0.0776699
1290 0 1 19 127 273 0.149606 0.10204 0.095
1291 0 1 17 141 268 0.120567 0.0874524 0.0831296
1292 0 1 13 127 267 0.102362 0.0705969 0.0659898
1293 0 1 11 155 340 0.0709677 0.0479168 0.0444444
1294 0 1 13 164 319 0.0792683 0.0568363 0.0538302
1295 0 1 11 157 315 0.0700637 0.0494638 0.0466102
1296 0 1 12 154 305 0.0779221 0.0553695 0.0522876
1297 0 1 12 151 304 0.0794702 0.0560088 0.0527473
1298 0 1 17 149 301 0.114094 0.0802736 0.0755556
1299 0 1 13 139 285 0.0935252 0.0653151 0.0613208
1300 0 1 19 139 291 0.136691 0.0944713 0.0883721
1301 0 1 12 133 296 0.0902256 0.0604797 0.0559441
1302 0 1 23 132 274 0.174242 0.120939 0.1133
1303 0 1 21 152 360 0.138158 0.0897731 0.0820312
1304 0 1 17 152 337 0.111842 0.0751125 0.0695297
1305 0 1 16 149 305 0.107383 0.0750545 0.0704846
1306 0 1 14 151 289 0.0927152 0.0670179 0.0636364
1307 0 1 19 146 295 0.130137 0.0915516 0.0861678
1308 0 1 17 166 350 0.10241 0.0705279 0.0658915
1309 0 1 19 181 338 0.104972 0.0768168 0.0732177
1310 0 1 14 171 330 0.0818713 0.058935 0.0558882
1311 0 1 16 160 329 0.1 0.0697368 0.0654397
1312 0 1 20 168 312 0.119048 0.0873571 0.0833333
1313 0 1 18 178 303 0.101124 0.077507 0.0748441
1314 0 1 18 161 306 0.111801 0.0810959 0.0770878
1315 0 1 12 164 306 0.0731707 0.0535672 0.0510638
1316 0 1 15 157 290 0.0955414 0.0702979 0.0671141
1317 0 1 17 159 272 0.106918 0.0817459 0.0788863
1318 0 1 12 168 345 0.0714286 0.0498445 0.0467836
1319 0 1 13 159 342 0.081761 0.0557483 0.0518962
1320 0 1 18 158 333 0.113924 0.0784733 0.0733198
1321 0 1 19 156 308 0.121795 0.0866794 0.0818966
1322 0 1 22 152 308 0.144737 0.101678 0.0956522
1323 0 1 21 147 300 0.142857 0.1 0.0939597
1324 0 1 20 143 287 0.13986 0.0987236 0.0930233
1325 0 1 17 170 353 0.1 0.0693964 0.0650096
1326 0 1 19 169 349 0.112426 0.0782344 0.0733591
1327 0 1 9 153 311 0.0588235 0.0412588 0.0387931
1328 0 1 14 153 281 0.0915033 0.0675195 0.0645161
1329 0 1 11 176 361 0.0625 0.0436398 0.0409683
1330 0 1 11 177 352 0.0621469 0.0440692 0.0415879
1331 0 1 12 170 323 0.0705882 0.0512101 0.0486815
1332 0 1 16 160 289 0.1 0.0744065 0.0712695
1333 0 1 15 171 332 0.0877193 0.0629541 0.0596421
1334 0 1 11 166 330 0.0662651 0.0469983 0.0443548
1335 0 1 8 163 314 0.0490798 0.0353616 0.033543
1336 0 1 8 146 292 0.0547945 0.0387456 0.0365297
1337 0 1 12 174 308 0.0689655 0.051836 0.0497925
1338 0 1 20 175 319 0.114286 0.0846478 0.0809717
1339 0 1 20 158 317 0.126582 0.0893659 0.0842105
1340 0 1 18 152 286 0.118421 0.0863312 0.0821918
1341 0 1 15 179 321 0.0837989 0.0625766 0.06
1342 0 1 8 171 301 0.0467836 0.0352621 0.0338983
1343 0 1 10 158 285 0.0632911 0.0471247 0.0451467
1344 0 1 11 198 363 0.0555556 0.0410305 0.0392157
1345 0 1 10 189 339 0.0529101 0.0395066 0.0378788
1346 0 1 9 184 342 0.048913 0.0358774 0.0342205
1347 0 1 9 190 317 0.0473684 0.0366721 0.035503
1348 0 1 11 173 302 0.0635838 0.0481245 0.0463158
1349 0 1 12 170 296 0.0705882 0.0534947 0.0515021
1350 0 1 6 168 277 0.0357143 0.0278136 0.0269663
1351 0 1 13 206 392 0.0631068 0.0457474 0.0434783
1352 0 1 10 219 382 0.0456621 0.0345737 0.0332779
1353 0 1 9 198 361 0.0454545 0.0336633 0.0322004
1354 0 1 2 179 341 0.0111732 0.00809518 0.00769231
1355 0 1 7 168 335 0.0416667 0.0295067 0.027833
1356 0 1 9 169 315 0.0532544 0.0390071 0.0371901
1357 0 1 7 160 293 0.04375 0.0323299 0.0309051
1358 0 1 10 183 380 0.0546448 0.0379212 0.035524
1359 0 1 10 184 390 0.0543478 0.0373301 0.0348432
1360 0 1 8 176 380 0.0454545 0.0309344 0.028777
1361 0 1 5 158 383 0.0316456 0.0203255 0.0184843
1362 0 1 5 158 360 0.0316456 0.0209648 0.019305
1363 0 1 4 152 355 0.0263158 0.0172196 0.0157791
1364 0 1 5 157 371 0.0318471 0.0207173 0.0189394
1365 0 1 6 147 326 0.0408163 0.0274084 0.02537
1366 0 1 8 137 306 0.0583942 0.0390723 0.0361174
1367 0 1 14 173 375 0.0809249 0.0549654 0.0510949
1368 0 1 11 180 388 0.0611111 0.0416237 0.0387324
1369 0 1 13 159 374 0.081761 0.05331 0.0487805
1370 0 1 16 157 342 0.101911 0.0690489 0.0641283
1371 0 1 15 145 318 0.103448 0.0698544 0.0647948
1372 0 1 8 164 373 0.0487805 0.0323455 0.0297952
1373 0 1 9 163 386 0.0552147 0.0358802 0.0327869
1374 0 1 10 157 360 0.0636943 0.0420629 0.0386847
1375 0 1 12 142 310 0.084507 0.0571948 0.0530973
1376 0 1 4 156 330 0.025641 0.0176295 0.0164609
1377 0 1 7 158 314 0.0443038 0.0314271 0.029661
1378 0 1 14 141 287 0.0992908 0.0695949 0.0654206
1379 0 1 12 169 300 0.0710059 0.0532939 0.0511727
1380 0 1 17 167 271 0.101796 0.0799109 0.0776256
1381 0 1 11 156 254 0.0705128 0.0552603 0.0536585
1382 0 1 17 161 257 0.10559 0.0835737 0.0813397
1383 0 1 16 164 254 0.097561 0.0783937 0.076555
1384 0 1 9 174 284 0.0517241 0.0404864 0.0393013
1385 0 1 17 166 288 0.10241 0.0777497 0.0748899
1386 0 1 18 173 277 0.104046 0.0822261 0.08
1387 0 1 11 171 274 0.0643275 0.0508182 0.0494382
1388 0 1 11 169 248 0.0650888 0.0537308 0.0527578
1389 0 1 10 196 336 0.0510204 0.0389675 0.037594
1390 0 1 9 184 320 0.048913 0.0370902 0.0357143
1391 0 1 10 179 295 0.0558659 0.0435174 0.0421941
1392 0 1 12 168 287 0.0714286 0.0546494 0.0527473
1393 0 1 11 171 280 0.0643275 0.0502708 0.0487805
1394 0 1 7 172 259 0.0406977 0.0331653 0.0324826
1395 0 1 10 230 426 0.0434783 0.0319471 0.0304878
1396 0 1 11 220 432 0.05 0.0356812 0.0337423
1397 0 1 15 194 388 0.0773196 0.0546732 0.0515464
1398 0 1 11 201 357 0.0547264 0.0410639 0.0394265
1399 0 1 16 187 323 0.0855615 0.0651025 0.0627451
1400 0 1 8 178 322 0.0449438 0.0334158 0.032
1401 0 1 6 159 322 0.0377358 0.026517 0.024948
1402 0 1 11 158 309 0.0696203 0.0497834 0.0471092
1403 0 1 14 204 423 0.0686275 0.0476588 0.0446571
1404 0 1 11 193 392 0.0569948 0.0399918 0.0376068
1405 0 1 18 194 405 0.0927835 0.0642161 0.0601002
1406 0 1 12 196 382 0.0612245 0.0438552 0.0415225
1407 0 1 17 198 376 0.0858586 0.0623049 0.0592334
1408 0 1 22 195 376 0.112821 0.0812478 0.0770578
1409 0 1 17 184 366 0.0923913 0.0655088 0.0618182
1410 0 1 18 179 360 0.100559 0.0709079 0.0667903
1411 0 1 12 183 338 0.0655738 0.04825 0.0460653
1412 0 1 19 172 342 0.110465 0.0783387 0.07393
1413 0 1 14 163 321 0.0858896 0.0612043 0.0578512
1414 0 1 6 179 344 0.0335196 0.0241794 0.0229446
1415 0 1 10 176 342 0.0568182 0.0407597 0.03861
1416 0 1 7 180 326 0.0388889 0.028897 0.027668
1417 0 1 14 176 312 0.0795455 0.059744 0.057377
1418 0 1 10 210 340 0.047619 0.0374241 0.0363636
1419 0 1 14 198 340 0.0707071 0.053958 0.0520446
1420 0 1 10 172 335 0.0581395 0.0416594 0.0394477
1421 0 1 8 178 343 0.0449438 0.0323767 0.0307102
1422 0 1 12 182 330 0.0659341 0.0489653 0.046875
1423 0 1 14 192 318 0.0729167 0.0566583 0.054902
1424 0 1 16 186 309 0.0860215 0.0667397 0.0646465
1425 0 1 18 213 395 0.084507 0.0620561 0.0592105
1426 0 1 19 212 380 0.0896226 0.0669413 0.0641892
1427 0 1 24 205 386 0.117073 0.085318 0.0812183
1428 0 1 25 217 370 0.115207 0.0882286 0.0851789
1429 0 1 25 221 373 0.113122 0.0870742 0.0841751
1430 0 1 29 207 363 0.140097 0.105794 0.101754
1431 0 1 22 199 390 0.110553 0.0789703 0.0747029
1432 0 1 25 220 387 0.113636 0.0856788 0.0823723
1433 0 1 26 218 388 0.119266 0.0893983 0.0858086
1434 0 1 26 220 379 0.118182 0.0900414 0.0868113
1435 0 1 22 208 376 0.105769 0.0786678 0.0753425
1436 0 1 18 207 364 0.0869565 0.0655748 0.0630473
1437 0 1 23 207 360 0.111111 0.0842542 0.0811287
1438 0 1 25 194 342 0.128866 0.0970568 0.0932836
1439 0 1 19 205 335 0.0926829 0.0725027 0.0703704
1440 0 1 15 204 319 0.0735294 0.0588005 0.0573614
1441 0 1 21 187 328 0.112299 0.0847933 0.0815534
1442 0 1 11 176 320 0.0625 0.0463512 0.0443548
1443 0 1 16 228 455 0.0701754 0.049676 0.0468521
1444 0 1 19 233 447 0.0815451 0.0588738 0.0558824
1445 0 1 16 226 431 0.0707965 0.0512657 0.0487062
1446 0 1 9 203 425 0.044335 0.0306408 0.0286624
1447 0 1 11 202 396 0.0544554 0.0388928 0.0367893
1448 0 1 4 171 338 0.0233918 0.0166381 0.0157171
1449 0 1 3 166 354 0.0180723 0.0123756 0.0115385
1450 0 1 7 146 331 0.0479452 0.0318425 0.0293501
1451 0 1 6 144 307 0.0416667 0.0285365 0.0266075
1452 0 1 3 159 295 0.0188679 0.013852 0.0132159
1453 0 1 8 174 298 0.045977 0.0351324 0.0338983
1454 0 1 1 188 286 0.00531915 0.00431259 0.00421941
1455 0 1 2 155 261 0.0129032 0.00994361 0.00961538
1456 0 1 5 181 295 0.0276243 0.0216381 0.0210084
1457 0 1 2 174 271 0.0114943 0.00921024 0.00898876
1458 0 1 8 154 244 0.0519481 0.04127 0.040201
1459 0 1 2 182 254 0.010989 0.00930202 0.00917431
1460 0 1 6 167 241 0.0359281 0.0299078 0.0294118
1461 0 1 4 205 305 0.0195122 0.0159968 0.0156863
1462 0 1 3 194 330 0.0154639 0.0118567 0.0114504
1463 0 1 2 196 329 0.0102041 0.00787597 0.00761905
1464 0 1 5 192 299 0.0260417 0.0208681 0.0203666
1465 0 1 1 176 287 0.00568182 0.00444941 0.00431965
1466 0 1 6 175 274 0.0342857 0.0274004 0.0267261
1467 0 1 6 176 267 0.0340909 0.0276783 0.027088
1468 0 1 7 161 274 0.0434783 0.033328 0.0321839
1469 0 1 6 216 364 0.0277778 0.021398 0.0206897
1470 0 1 8 220 346 0.0363636 0.0289962 0.0282686
1471 0 1 6 187 328 0.0320856 0.0242267 0.023301
1472 0 1 8 176 315 0.0454545 0.0339765 0.0325866
1473 0 1 6 178 316 0.0337079 0.0252987 0.0242915
1474 0 1 5 182 312 0.0274725 0.0209825 0.0202429
1475 0 1 7 177 285 0.039548 0.0311666 0.030303
1476 0 1 5 227 402 0.0220264 0.0165518 0.0158983
1477 0 1 8 229 413 0.0349345 0.0260134 0.0249221
1478 0 1 3 206 397 0.0145631 0.0104904 0.00995025
1479 0 1 7 217 383 0.0322581 0.0242811 0.0233333
1480 0 1 2 206 357 0.00970874 0.007375 0.0071048
1481 0 1 5 196 325 0.0255102 0.0198107 0.0191939
1482 0 1 9 197 308 0.0456853 0.0365371 0.0356436
1483 0 1 10 201 292 0.0497512 0.0412772 0.040568
1484 0 1 13 241 412 0.0539419 0.0412559 0.0398162
1485 0 1 4 232 426 0.0172414 0.0127236 0.0121581
1486 0 1 10 228 418 0.0438596 0.0323925 0.0309598
1487 0 1 7 226 396 0.0309735 0.0233989 0.022508
1488 0 1 16 213 397 0.0751174 0.0550218 0.052459
1489 0 1 7 200 384 0.035 0.0252591 0.0239726
1490 0 1 10 202 379 0.049505 0.0361414 0.0344234
1491 0 1 12 185 367 0.0648649 0.0460535 0.0434783
1492 0 1 9 184 347 0.048913 0.0356179 0.0338983
1493 0 1 11 184 332 0.0597826 0.0445056 0.0426357
1494 0 1 6 166 303 0.0361446 0.0267532 0.0255864
1495 0 1 2 170 372 0.0117647 0.00795306 0.00738007
1496 0 1 6 168 375 0.0357143 0.0239046 0.0220994
1497 0 1 0 161 358 0 0 0
1498 0 1 3 168 347 0.0178571 0.0124252 0.0116505
1499 0 1 1 155 330 0.00645161 0.00442158 0.00412371
1500 0 1 2 164 363 0.0121951 0.008197 0.00759013
1501 0 1 6 152 359 0.0394737 0.0256852 0.0234834
1502 0 1 7 147 344 0.047619 0.0311286 0.0285132
1503 0 1 7 149 327 0.0469799 0.0317125 0.0294118
1504 0 1 6 143 309 0.041958 0.0285433 0.0265487
1505 0 1 2 155 358 0.0129032 0.00849029 0.00779727
1506 0 1 4 160 327 0.025 0.0174874 0.0164271
1507 0 1 2 165 313 0.0121212 0.00880067 0.0083682
1508 0 1 5 148 286 0.0337838 0.0243028 0.0230415
1509 0 1 0 167 374 0 0 0
1510 0 1 4 159 348 0.0251572 0.0170048 0.0157791
1511 0 1 2 166 338 0.0120482 0.0084434 0.00793651
1512 0 1 3 154 310 0.0194805 0.0137303 0.012931
1513 0 1 5 139 310 0.0359712 0.0240869 0.0222717
1514 0 1 3 132 294 0.0227273 0.0152286 0.0140845
1515 0 1 8 150 374 0.0533333 0.033776 0.0305344
1516 0 1 3 145 375 0.0206897 0.0128654 0.0115385
1517 0 1 2 142 328 0.0140845 0.00926721 0.00851064
1518 0 1 3 130 333 0.0230769 0.0144187 0.012959
1519 0 1 5 117 322 0.042735 0.0257602 0.022779
1520 0 1 2 120 294 0.0166667 0.0106479 0.00966184
1521 0 1 2 138 339 0.0144928 0.00924678 0.00838574
1522 0 1 2 139 340 0.0143885 0.0091999 0.00835073
1523 0 1 2 136 343 0.0147059 0.00926005 0.00835073
1524 0 1 4 131 309 0.0305344 0.0198813 0.0181818
1525 0 1 5 152 370 0.0328947 0.0210837 0.0191571
1526 0 1 0 134 328 0 0 0
1527 0 1 3 136 316 0.0220588 0.0144713 0.0132743
1528 0 1 5 134 287 0.0373134 0.0254963 0.023753
1529 0 1 3 144 340 0.0208333 0.0135582 0.0123967
1530 0 1 3 138 335 0.0217391 0.0139527 0.012685
1531 0 1 2 121 327 0.0165289 0.0100546 0.00892857
1532 0 1 1 113 297 0.00884956 0.00545862 0.00487805
1533 0 1 0 142 358 0 0 0
1534 0 1 3 138 361 0.0217391 0.0134409 0.012024
1535 0 1 1 137 337 0.00729927 0.00465398 0.00421941
1536 0 1 2 133 332 0.0150376 0.00951777 0.00860215
1537 0 1 4 131 316 0.0305344 0.0196599 0.0178971
1538 0 1 5 115 309 0.0434783 0.0265242 0.0235849
1539 0 1 3 117 287 0.025641 0.0163715 0.0148515
1540 0 1 8 128 339 0.0625 0.0384048 0.0342612
1541 0 1 10 139 339 0.0719424 0.0460673 0.041841
1542 0 1 10 130 328 0.0769231 0.0484274 0.0436681
1543 0 1 10 118 329 0.0847458 0.0507529 0.0447427
1544 0 1 8 118 292 0.0677966 0.043098 0.0390244
1545 0 1 13 140 377 0.0928571 0.056586 0.0502901
1546 0 1 10 139 376 0.0719424 0.043742 0.038835
1547 0 1 11 130 349 0.0846154 0.0516426 0.045929
1548 0 1 8 129 328 0.0620155 0.0388918 0.0350109
1549 0 1 9 119 336 0.0756303 0.045009 0.0395604
1550 0 1 15 119 317 0.12605 0.0772304 0.0688073
1551 0 1 23 113 315 0.20354 0.121908 0.107477
1552 0 1 17 112 301 0.151786 0.0925884 0.0823245
1553 0 1 12 139 350 0.0863309 0.0544051 0.0490798
1554 0 1 17 137 348 0.124088 0.0778572 0.0701031
1555 0 1 17 133 339 0.12782 0.0800614 0.0720339
1556 0 1 8 129 305 0.0620155 0.0403316 0.0368664
1557 0 1 24 130 304 0.184615 0.120727 0.110599
1558 0 1 21 128 305 0.164062 0.106283 0.0969977
1559 0 1 22 122 283 0.180328 0.118399 0.108642
1560 0 1 12 149 366 0.0805369 0.0513863 0.0466019
1561 0 1 18 137 361 0.131387 0.0809391 0.0722892
1562 0 1 11 133 335 0.0827068 0.0521128 0.0470085
1563 0 1 19 118 305 0.161017 0.100153 0.0898345
1564 0 1 29 103 303 0.281553 0.164156 0.142857
1565 0 1 36 131 328 0.274809 0.173672 0.156863
1566 0 1 20 125 324 0.16 0.0993808 0.0890869
1567 0 1 35 121 299 0.289256 0.184009 0.166667
1568 0 1 28 124 286 0.225806 0.148684 0.136585
1569 0 1 25 119 263 0.210084 0.141315 0.13089
1570 0 1 34 133 299 0.255639 0.170497 0.157407
1571 0 1 36 140 315 0.257143 0.171429 0.158242
1572 0 1 23 118 273 0.194915 0.128146 0.117647
1573 0 1 16 125 314 0.128 0.0807607 0.0728929
1574 0 1 24 128 305 0.1875 0.121466 0.110855
1575 0 1 25 120 288 0.208333 0.134479 0.122549
1576 0 1 26 126 258 0.206349 0.144204 0.135417
1577 0 1 19 140 315 0.135714 0.0904762 0.0835165
1578 0 1 26 126 281 0.206349 0.138177 0.127764
1579 0 1 21 108 260 0.194444 0.12532 0.11413
1580 0 1 12 136 294 0.0882353 0.060012 0.055814
1581 0 1 14 151 288 0.0927152 0.0671341 0.0637813
1582 0 1 24 142 268 0.169014 0.123027 0.117073
1583 0 1 33 154 315 0.214286 0.14983 0.140725
1584 0 1 28 136 275 0.205882 0.144785 0.136253
1585 0 1 30 151 297 0.198675 0.141662 0.133929
1586 0 1 31 140 274 0.221429 0.158279 0.149758
1587 0 1 22 149 259 0.147651 0.11199 0.107843
1588 0 1 27 141 231 0.191489 0.149606 0.145161
1589 0 1 30 148 255 0.202703 0.154426 0.148883
1590 0 1 34 152 269 0.223684 0.168144 0.16152
1591 0 1 35 141 241 0.248227 0.189867 0.183246
1592 0 1 44 129 234 0.341085 0.25325 0.242424
1593 0 1 39 149 266 0.261745 0.195898 0.187952
1594 0 1 43 139 268 0.309353 0.222789 0.211302
1595 0 1 26 116 252 0.224138 0.15207 0.141304
1596 0 1 40 139 293 0.28777 0.198207 0.185185
1597 0 1 43 137 279 0.313869 0.219941 0.206731
1598 0 1 37 132 280 0.280303 0.192458 0.179612
1599 0 1 45 126 265 0.357143 0.246266 0.230179
1600 0 1 38 123 248 0.308943 0.217573 0.204852
1601 0 1 37 125 236 0.296 0.215422 0.204986
1602 0 1 54 139 277 0.388489 0.275199 0.259615
1603 0 1 49 137 272 0.357664 0.253835 0.239609
1604 0 1 31 121 260 0.256198 0.174776 0.16273
1605 0 1 43 108 229 0.398148 0.273425 0.255193
1606 0 1 35 128 253 0.273438 0.194492 0.183727
1607 0 1 31 126 258 0.246032 0.171936 0.161458
1608 0 1 42 113 227 0.371681 0.262239 0.247059
1609 0 1 22 131 275 0.167939 0.11591 0.108374
1610 0 1 25 111 266 0.225225 0.145492 0.132626
1611 0 1 21 112 224 0.1875 0.132583 0.125
1612 0 1 22 145 263 0.151724 0.112658 0.107843
1613 0 1 14 130 274 0.107692 0.074179 0.0693069
1614 0 1 11 125 265 0.088 0.0604386 0.0564103
1615 0 1 17 117 255 0.145299 0.0984206 0.0913979
1616 0 1 21 119 260 0.176471 0.119388 0.110818
1617 0 1 18 124 235 0.145161 0.105445 0.100279
1618 0 1 12 122 229 0.0983607 0.0717933 0.0683761
1619 0 1 13 115 215 0.113043 0.0826752 0.0787879
1620 0 1 19 164 273 0.115854 0.0897946 0.0869565
1621 0 1 15 151 288 0.0993377 0.0719294 0.0683371
1622 0 1 21 150 263 0.14 0.105729 0.101695
1623 0 1 20 136 275 0.147059 0.103418 0.0973236
1624 0 1 20 137 270 0.145985 0.103989 0.0982801
1625 0 1 17 131 242 0.129771 0.0954785 0.0911528
1626 0 1 23 146 229 0.157534 0.125786 0.122667
1627 0 1 22 134 241 0.164179 0.122423 0.117333
1628 0 1 18 125 222 0.144 0.108054 0.103746
1629 0 1 19 116 200 0.163793 0.124741 0.120253
1630 0 1 15 134 275 0.11194 0.0781398 0.0733496
1631 0 1 11 130 268 0.0846154 0.0589323 0.0552764
1632 0 1 16 136 272 0.117647 0.083189 0.0784314
1633 0 1 16 120 267 0.133333 0.0893869 0.0826873
1634 0 1 13 116 256 0.112069 0.0754387 0.0698925
1635 0 1 12 109 243 0.110092 0.0737335 0.0681818
1636 0 1 15 115 236 0.130435 0.0910513 0.0854701
1637 0 1 22 113 239 0.19469 0.13387 0.125
1638 0 1 18 111 235 0.162162 0.111449 0.104046
1639 0 1 22 111 231 0.198198 0.13739 0.128655
1640 0 1 20 110 203 0.181818 0.13384 0.127796
1641 0 1 19 141 281 0.134752 0.0954533 0.0900474
1642 0 1 24 138 306 0.173913 0.116791 0.108108
1643 0 1 25 150 296 0.166667 0.118645 0.112108
1644 0 1 17 146 298 0.116438 0.0815013 0.0765766
1645 0 1 15 152 295 0.0986842 0.0708367 0.0671141
1646 0 1 21 143 302 0.146853 0.101053 0.094382
1647 0 1 29 142 293 0.204225 0.142174 0.133333
1648 0 1 19 150 291 0.126667 0.0909414 0.0861678
1649 0 1 21 142 295 0.147887 0.102604 0.0961098
1650 0 1 21 142 300 0.147887 0.101745 0.0950226
1651 0 1 20 142 281 0.140845 0.100123 0.0945626
1652 0 1 30 138 292 0.217391 0.149448 0.139535
1653 0 1 28 142 293 0.197183 0.137271 0.128736
1654 0 1 20 140 297 0.142857 0.0980816 0.0915332
1655 0 1 28 142 290 0.197183 0.13798 0.12963
1656 0 1 28 126 297 0.222222 0.144742 0.132388
1657 0 1 29 130 274 0.223077 0.153657 0.143564
1658 0 1 36 135 275 0.266667 0.18684 0.17561
1659 0 1 27 131 273 0.206107 0.142773 0.133663
1660 0 1 24 127 269 0.188976 0.129847 0.121212
1661 0 1 31 133 259 0.233083 0.167027 0.158163
1662 0 1 36 130 257 0.276923 0.196954 0.186047
1663 0 1 27 127 237 0.212598 0.155628 0.148352
1664 0 1 33 132 241 0.25 0.18502 0.176944
1665 0 1 23 131 227 0.175573 0.133376 0.128492
1666 0 1 22 121 227 0.181818 0.132745 0.126437
1667 0 1 19 120 226 0.158333 0.115374 0.109827
1668 0 1 17 117 226 0.145299 0.104545 0.0991254
1669 0 1 20 147 276 0.136054 0.0992926 0.0945626
1670 0 1 5 140 299 0.0357143 0.0244383 0.022779
1671 0 1 9 147 299 0.0612245 0.0429288 0.0403587
1672 0 1 20 132 294 0.151515 0.101524 0.0938967
1673 0 1 24 124 285 0.193548 0.127667 0.117359
1674 0 1 19 123 275 0.154472 0.103308 0.0954774
1675 0 1 22 123 269 0.178862 0.120947 0.112245
1676 0 1 32 119 253 0.268908 0.184423 0.172043
1677 0 1 29 124 243 0.233871 0.167064 0.158038
1678 0 1 22 115 224 0.191304 0.137072 0.129794
1679 0 1 28 145 290 0.193103 0.136545 0.128736
1680 0 1 15 144 290 0.104167 0.0734025 0.0691244
1681 0 1 31 138 286 0.224638 0.156041 0.146226
1682 0 1 25 141 288 0.177305 0.124061 0.11655
1683 0 1 16 134 278 0.119403 0.0828982 0.0776699
1684 0 1 22 138 289 0.15942 0.110163 0.103044
1685 0 1 28 137 273 0.20438 0.144783 0.136585
1686 0 1 36 130 266 0.276923 0.193593 0.181818
1687 0 1 31 135 263 0.22963 0.164519 0.155779
1688 0 1 32 156 271 0.205128 0.155633 0.149883
1689 0 1 19 141 264 0.134752 0.0984786 0.0938272
1690 0 1 29 132 265 0.219697 0.155056 0.146096
1691 0 1 31 137 254 0.226277 0.166182 0.158568
1692 0 1 20 126 245 0.15873 0.113831 0.107817
1693 0 1 27 132 238 0.204545 0.152331 0.145946
1694 0 1 21 128 238 0.164062 0.120317 0.114754
1695 0 1 18 126 223 0.142857 0.107383 0.103152
1696 0 1 25 114 211 0.219298 0.161193 0.153846
1697 0 1 17 141 246 0.120567 0.0912792 0.0878553
1698 0 1 9 138 253 0.0652174 0.0481662 0.0460358
1699 0 1 11 133 263 0.0827068 0.0588151 0.0555556
1700 0 1 13 126 257 0.103175 0.0722423 0.0678851
1701 0 1 15 112 241 0.133929 0.0913006 0.0849858
1702 0 1 13 164 284 0.0792683 0.0602369 0.0580357
1703 0 1 11 150 293 0.0733333 0.0524703 0.0496614
1704 0 1 12 151 310 0.0794702 0.0554641 0.0520607
1705 0 1 13 134 293 0.0970149 0.0656081 0.0608899
1706 0 1 11 136 297 0.0808824 0.0547325 0.0508083
1707 0 1 9 119 273 0.0756303 0.049933 0.0459184
1708 0 1 10 118 266 0.0847458 0.056444 0.0520833
1709 0 1 11 118 275 0.0932203 0.061064 0.0559796
1710 0 1 8 129 256 0.0620155 0.0440225 0.0415584
1711 0 1 12 127 246 0.0944882 0.0678909 0.0643432
1712 0 1 9 162 281 0.0555556 0.0421825 0.0406321
1713 0 1 10 154 299 0.0649351 0.0466019 0.0441501
1714 0 1 17 161 308 0.10559 0.0763415 0.0724947
1715 0 1 13 153 302 0.0849673 0.0604775 0.0571429
1716 0 1 18 145 288 0.124138 0.088083 0.0831409
1717 0 1 11 142 282 0.0774648 0.0549698 0.0518868
1718 0 1 12 137 273 0.0875912 0.0620497 0.0585366
1719 0 1 17 137 274 0.124088 0.0877432 0.0827251
1720 0 1 18 140 269 0.128571 0.0927539 0.0880196
1721 0 1 18 153 255 0.117647 0.091129 0.0882353
1722 0 1 12 148 248 0.0810811 0.0626361 0.0606061
1723 0 1 13 148 243 0.0878378 0.0685503 0.0664962
1724 0 1 9 136 240 0.0661765 0.0498158 0.0478723
1725 0 1 9 149 298 0.0604027 0.0427111 0.0402685
1726 0 1 4 141 336 0.0283688 0.0183773 0.0167715
1727 0 1 6 149 321 0.0402685 0.027435 0.0255319
1728 0 1 4 144 319 0.0277778 0.0186631 0.0172786
1729 0 1 4 142 312 0.028169 0.0190037 0.0176211
1730 0 1 3 123 309 0.0243902 0.0153883 0.0138889
1731 0 1 6 127 315 0.0472441 0.0299981 0.0271493
1732 0 1 4 122 294 0.0327869 0.0211206 0.0192308
1733 0 1 2 126 289 0.015873 0.0104808 0.00963855
1734 0 1 3 115 270 0.026087 0.0170251 0.0155844
1735 0 1 3 155 337 0.0193548 0.0131262 0.0121951
1736 0 1 6 143 342 0.041958 0.0271313 0.0247423
1737 0 1 1 146 339 0.00684932 0.00449494 0.00412371
1738 0 1 3 150 337 0.02 0.0133432 0.0123203
1739 0 1 8 141 331 0.0567376 0.0370311 0.0338983
1740 0 1 9 150 320 0.06 0.0410792 0.0382979
1741 0 1 3 142 309 0.0211268 0.0143218 0.0133038
1742 0 1 8 134 289 0.0597015 0.0406526 0.0378251
1743 0 1 6 132 308 0.0454545 0.029757 0.0272727
1744 0 1 5 132 278 0.0378788 0.0261012 0.0243902
1745 0 1 4 141 340 0.0283688 0.0182688 0.016632
1746 0 1 8 143 326 0.0559441 0.0370521 0.0341151
1747 0 1 6 143 328 0.041958 0.0277042 0.0254777
1748 0 1 8 151 341 0.0529801 0.0352553 0.0325203
1749 0 1 12 152 313 0.0789474 0.0550158 0.0516129
1750 0 1 9 159 316 0.0566038 0.0401514 0.0378947
1751 0 1 5 146 325 0.0342466 0.0229537 0.0212314
1752 0 1 9 144 303 0.0625 0.0430864 0.0402685
1753 0 1 15 131 310 0.114504 0.0744346 0.0680272
1754 0 1 13 142 305 0.0915493 0.0624668 0.0581655
1755 0 1 6 139 314 0.0431655 0.0287196 0.0264901
1756 0 1 8 140 311 0.0571429 0.0383394 0.0354767
1757 0 1 11 139 307 0.0791367 0.0532496 0.0493274
1758 0 1 8 125 289 0.064 0.0420907 0.0386473
1759 0 1 5 152 370 0.0328947 0.0210837 0.0191571
1760 0 1 11 154 349 0.0714286 0.0474482 0.0437376
1761 0 1 9 154 346 0.0584416 0.0389892 0.036
1762 0 1 12 147 382 0.0816327 0.0506397 0.0453686
1763 0 1 21 155 374 0.135484 0.0872203 0.0793951
1764 0 1 10 147 365 0.0680272 0.0431713 0.0390625
1765 0 1 14 152 346 0.0921053 0.0610475 0.0562249
1766 0 1 16 143 359 0.111888 0.0706163 0.063745
1767 0 1 21 140 343 0.15 0.0958315 0.0869565
1768 0 1 23 131 348 0.175573 0.107722 0.0960334
1769 0 1 15 128 340 0.117188 0.071903 0.0641026
1770 0 1 14 119 335 0.117647 0.0701184 0.061674
1771 0 1 23 119 315 0.193277 0.118795 0.105991
1772 0 1 15 146 406 0.10274 0.0616101 0.0543478
1773 0 1 13 149 404 0.0872483 0.0529858 0.0470163
1774 0 1 12 152 408 0.0789474 0.0481869 0.0428571
1775 0 1 15 148 387 0.101351 0.0626765 0.0560748
1776 0 1 15 148 381 0.101351 0.0631681 0.0567108
1777 0 1 27 137 369 0.19708 0.120085 0.106719
1778 0 1 20 132 365 0.151515 0.0911164 0.0804829
1779 0 1 22 132 345 0.166667 0.103092 0.0922432
1780 0 1 18 123 326 0.146341 0.08989 0.0801782
1781 0 1 15 135 367 0.111111 0.0673894 0.059761
1782 0 1 19 136 328 0.139706 0.0899595 0.0818966
1783 0 1 8 143 344 0.0559441 0.0360697 0.0328542
1784 0 1 12 117 339 0.102564 0.0602544 0.0526316
1785 0 1 11 160 395 0.06875 0.0437557 0.0396396
1786 0 1 13 147 350 0.0884354 0.0573127 0.0523139
1787 0 1 13 133 354 0.0977444 0.0599123 0.0533881
1788 0 1 10 143 343 0.0699301 0.0451528 0.0411523
1789 0 1 15 121 341 0.123967 0.0738451 0.0649351
1790 0 1 22 157 400 0.140127 0.0877896 0.0789946
1791 0 1 20 154 371 0.12987 0.0836725 0.0761905
1792 0 1 12 151 368 0.0794702 0.050906 0.0462428
1793 0 1 12 144 355 0.0833333 0.0530745 0.0480962
1794 0 1 19 140 330 0.135714 0.088396 0.0808511
1795 0 1 17 150 396 0.113333 0.0697518 0.0622711
1796 0 1 18 143 349 0.125874 0.0805734 0.0731707
1797 0 1 11 134 330 0.0820896 0.0523098 0.0474138
1798 0 1 10 140 312 0.0714286 0.0478474 0.0442478
1799 0 1 13 143 357 0.0909091 0.0575362 0.052
1800 0 1 16 135 336 0.118519 0.0751248 0.0679406
1801 0 1 6 140 322 0.0428571 0.0282592 0.025974
1802 0 1 9 142 322 0.0633803 0.0420892 0.0387931
1803 0 1 20 154 354 0.12987 0.085658 0.0787402
1804 0 1 11 165 329 0.0666667 0.047212 0.0445344
1805 0 1 17 149 331 0.114094 0.0765494 0.0708333
1806 0 1 10 154 324 0.0649351 0.0447679 0.041841
1807 0 1 20 152 328 0.131579 0.0895718 0.0833333
1808 0 1 15 162 295 0.0925926 0.0686156 0.0656455
1809 0 1 5 174 354 0.0287356 0.0201462 0.0189394
1810 0 1 4 179 341 0.0223464 0.0161904 0.0153846
1811 0 1 14 169 355 0.0828402 0.0571571 0.0534351
1812 0 1 7 167 362 0.0419162 0.0284699 0.026465
1813 0 1 10 173 358 0.0578035 0.0401824 0.0376648
1814 0 1 12 173 358 0.0693642 0.0482188 0.0451977
1815 0 1 5 195 354 0.025641 0.0190305 0.0182149
1816 0 1 11 196 347 0.0561224 0.0421794 0.0405157
1817 0 1 16 185 335 0.0864865 0.0642705 0.0615385
1818 0 1 11 186 368 0.0591398 0.0420448 0.0397112
1819 0 1 11 191 362 0.0575916 0.0418333 0.039783
1820 0 1 14 207 360 0.0676328 0.0512851 0.0493827
1821 0 1 12 185 370 0.0648649 0.0458664 0.0432432
1822 0 1 10 195 351 0.0512821 0.0382234 0.03663
1823 0 1 7 200 348 0.035 0.0265334 0.0255474
1824 0 1 13 196 365 0.0663265 0.0486036 0.0463458
1825 0 1 14 196 373 0.0714286 0.051778 0.0492091
1826 0 1 10 199 357 0.0502513 0.037518 0.0359712
1827 0 1 12 203 359 0.0591133 0.0444515 0.0427046
1828 0 1 7 195 393 0.0358974 0.0252863 0.0238095
1829 0 1 19 210 402 0.0904762 0.0653929 0.0620915
1830 0 1 19 227 416 0.0837004 0.0618293 0.059098
1831 0 1 16 211 407 0.0758294 0.0545986 0.0517799
1832 0 1 30 232 394 0.12931 0.0992268 0.0958466
1833 0 1 33 230 391 0.143478 0.110043 0.10628
1834 0 1 24 245 412 0.0979592 0.0755405 0.0730594
1835 0 1 23 237 423 0.0970464 0.0726413 0.069697
1836 0 1 25 223 375 0.112108 0.0864514 0.083612
1837 0 1 18 226 437 0.079646 0.0572766 0.0542986
1838 0 1 25 223 439 0.112108 0.0799016 0.0755287
1839 0 1 20 209 407 0.0956938 0.068574 0.0649351
1840 0 1 27 204 389 0.132353 0.095846 0.0910624
1841 0 1 28 210 383 0.133333 0.09873 0.0944351
1842 0 1 24 188 378 0.12766 0.0900298 0.0848057
1843 0 1 14 204 386 0.0686275 0.0498907 0.0474576
1844 0 1 7 177 365 0.039548 0.0275401 0.0258303
1845 0 1 15 178 342 0.0842697 0.060795 0.0576923
1846 0 1 18 168 363 0.107143 0.0728894 0.0677966
1847 0 1 14 172 362 0.0813954 0.056106 0.0524345
1848 0 1 14 181 327 0.0773481 0.057546 0.0551181
1849 0 1 16 176 337 0.0909091 0.0656975 0.0623782
1850 0 1 10 193 367 0.0518135 0.0375741 0.0357143
1851 0 1 17 196 357 0.0867347 0.0642668 0.0614828
1852 0 1 10 179 356 0.0558659 0.039614 0.0373832
1853 0 1 25 190 345 0.131579 0.0976458 0.0934579
1854 0 1 22 172 332 0.127907 0.0920639 0.0873016
1855 0 1 17 165 322 0.10303 0.0737529 0.0698152
1856 0 1 19 177 339 0.107345 0.0775652 0.0736434
1857 0 1 14 177 355 0.079096 0.0558505 0.0526316
1858 0 1 22 185 348 0.118919 0.0867056 0.0825516
1859 0 1 25 192 346 0.130208 0.0969955 0.0929368
1860 0 1 19 184 350 0.103261 0.0748705 0.071161
1861 0 1 26 192 368 0.135417 0.0978135 0.0928571
1862 0 1 36 192 370 0.1875 0.135068 0.128114
1863 0 1 18 196 378 0.0918367 0.06613 0.0627178
1864 0 1 28 194 346 0.14433 0.108073 0.103704
1865 0 1 20 187 333 0.106952 0.080147 0.0769231
1866 0 1 9 175 350 0.0514286 0.0363655 0.0342857
1867 0 1 22 196 354 0.112245 0.0835205 0.08
1868 0 1 24 191 339 0.125654 0.094318 0.090566
1869 0 1 21 183 343 0.114754 0.0838198 0.0798479
1870 0 1 17 170 336 0.1 0.0711303 0.0671937
1871 0 1 28 180 320 0.155556 0.116667 0.112
1872 0 1 22 190 322 0.115789 0.0889443 0.0859375
1873 0 1 14 182 319 0.0769231 0.0581028 0.0558882
1874 0 1 22 186 325 0.11828 0.0894797 0.0861057
1875 0 1 23 184 326 0.125 0.0939096 0.0901961
1876 0 1 21 190 330 0.110526 0.0838659 0.0807692
1877 0 1 10 171 332 0.0584795 0.0419694 0.0397614
1878 0 1 25 180 316 0.138889 0.104824 0.100806
1879 0 1 28 183 328 0.153005 0.114287 0.109589
1880 0 1 36 182 323 0.197802 0.148479 0.142574
1881 0 1 19 192 324 0.0989583 0.0761782 0.0736434
1882 0 1 19 182 317 0.104396 0.0791021 0.0761523
1883 0 1 23 177 322 0.129944 0.0963415 0.0921844
1884 0 1 28 193 333 0.145078 0.110448 0.106464
1885 0 1 15 188 319 0.0797872 0.0612515 0.0591716
1886 0 1 12 187 317 0.0641711 0.0492868 0.047619
1887 0 1 15 168 312 0.0892857 0.0655178 0.0625
1888 0 1 31 207 394 0.149758 0.10855 0.103161
1889 0 1 21 215 382 0.0976744 0.0732771 0.0703518
1890 0 1 28 220 393 0.127273 0.0952249 0.091354
1891 0 1 28 224 375 0.125 0.0966092 0.0934891
1892 0 1 27 221 373 0.122172 0.0940401 0.0909091
1893 0 1 28 208 375 0.134615 0.100256 0.0960549
1894 0 1 32 226 413 0.141593 0.104742 0.100156
1895 0 1 18 225 399 0.08 0.0600751 0.0576923
1896 0 1 21 221 393 0.0950226 0.0712569 0.0684039
1897 0 1 27 227 394 0.118943 0.0902823 0.0869565
1898 0 1 15 211 398 0.0710901 0.0517617 0.0492611
1899 0 1 19 222 370 0.0855856 0.0662943 0.0641892
1900 0 1 25 213 388 0.117371 0.086963 0.0831947
1901 0 1 24 226 409 0.106195 0.0789397 0.0755906
1902 0 1 21 209 385 0.100478 0.0740314 0.0707071
1903 0 1 28 211 367 0.132701 0.10062 0.0968858
1904 0 1 25 215 388 0.116279 0.0865575 0.0829187
1905 0 1 22 218 382 0.100917 0.0762365 0.0733333
1906 0 1 14 225 371 0.0622222 0.0484563 0.0469799
1907 0 1 36 224 365 0.160714 0.125902 0.122241
1908 0 1 29 252 445 0.115079 0.0866 0.0832138
1909 0 1 22 244 414 0.0901639 0.0692194 0.0668693
1910 0 1 12 235 418 0.0510638 0.0382877 0.0367534
1911 0 1 6 228 428 0.0263158 0.0192071 0.0182927
1912 0 1 21 242 437 0.0867769 0.064576 0.0618557
1913 0 1 30 255 411 0.117647 0.0926681 0.0900901
1914 0 1 34 254 419 0.133858 0.104221 0.10104
1915 0 1 31 226 416 0.137168 0.101102 0.0965732
1916 0 1 26 216 418 0.12037 0.0865283 0.0820189
1917 0 1 31 218 391 0.142202 0.106181 0.101806
1918 0 1 19 209 379 0.0909091 0.0675089 0.0646259
1919 0 1 21 205 364 0.102439 0.0768762 0.0738137
1920 0 1 20 214 399 0.0934579 0.0684442 0.0652529
1921 0 1 29 218 378 0.133028 0.101024 0.0973154
1922 0 1 29 207 329 0.140097 0.111126 0.108209
1923 0 1 28 204 316 0.137255 0.110281 0.107692
1924 0 1 29 214 306 0.135514 0.113326 0.111538
1925 0 1 24 212 309 0.113208 0.09377 0.0921305
1926 0 1 20 216 314 0.0925926 0.0767959 0.0754717
1927 0 1 20 208 323 0.0961538 0.0771609 0.0753296
1928 0 1 20 203 341 0.0985222 0.076016 0.0735294
1929 0 1 26 204 331 0.127451 0.100056 0.0971963
1930 0 1 20 204 320 0.0980392 0.078278 0.0763359
1931 0 1 24 185 314 0.12973 0.0995773 0.0961924
1932 0 1 27 198 294 0.136364 0.111907 0.109756
1933 0 1 19 189 286 0.100529 0.0817221 0.08
1934 0 1 21 189 262 0.111111 0.0943708 0.0931264
1935 0 1 27 206 329 0.131068 0.103713 0.100935
1936 0 1 25 193 319 0.129534 0.100755 0.0976562
1937 0 1 23 191 303 0.120419 0.095607 0.0931174
1938 0 1 22 190 284 0.115789 0.094708 0.092827
1939 0 1 26 185 302 0.140541 0.109998 0.106776
1940 0 1 20 188 290 0.106383 0.0856549 0.083682
1941 0 1 22 194 277 0.113402 0.0949034 0.0934183
1942 0 1 23 176 276 0.130682 0.104356 0.10177
1943 0 1 25 166 259 0.150602 0.120569 0.117647
1944 0 1 15 175 334 0.0857143 0.0620439 0.0589391
1945 0 1 17 175 327 0.0971429 0.071065 0.0677291
1946 0 1 15 174 308 0.0862069 0.064795 0.0622407
1947 0 1 18 172 298 0.104651 0.079506 0.0765957
1948 0 1 18 188 284 0.0957447 0.0778995 0.0762712
1949 0 1 15 177 281 0.0847458 0.0672592 0.0655022
1950 0 1 21 179 290 0.117318 0.0921709 0.0895522
1951 0 1 22 179 264 0.122905 0.101203 0.0993228
1952 0 1 23 172 276 0.133721 0.105562 0.102679
1953 0 1 20 153 272 0.130719 0.0980392 0.0941176
1954 0 1 15 188 321 0.0797872 0.0610604 0.0589391
1955 0 1 21 170 311 0.123529 0.0913303 0.0873181
1956 0 1 20 176 295 0.113636 0.0877733 0.0849257
1957 0 1 17 183 294 0.0928962 0.0732908 0.0712788
1958 0 1 16 163 303 0.0981595 0.0719954 0.0686695
1959 0 1 11 157 280 0.0700637 0.0524643 0.0503432
1960 0 1 14 187 341 0.0748663 0.0554409 0.0530303
1961 0 1 13 179 319 0.0726257 0.0544028 0.0522088
1962 0 1 13 179 284 0.0726257 0.0576577 0.0561555
1963 0 1 7 161 258 0.0434783 0.0343459 0.0334129
1964 0 1 9 162 272 0.0555556 0.0428746 0.0414747
1965 0 1 12 163 229 0.0736196 0.0621112 0.0612245
1966 0 1 8 184 300 0.0434783 0.0340503 0.0330578
1967 0 1 11 187 274 0.0588235 0.0485956 0.0477223
1968 0 1 8 177 253 0.0451977 0.0378045 0.0372093
1969 0 1 3 167 263 0.0179641 0.0143148 0.0139535
1970 0 1 6 156 259 0.0384615 0.0298496 0.0289157
1971 0 1 7 154 242 0.0454545 0.0362602 0.0353535
1972 0 1 6 182 299 0.032967 0.0257205 0.024948
1973 0 1 2 168 287 0.0119048 0.00910824 0.00879121
1974 0 1 5 156 266 0.0320513 0.0245452 0.0236967
1975 0 1 6 154 279 0.038961 0.028946 0.0277136
1976 0 1 6 153 265 0.0392157 0.0297977 0.0287081
1977 0 1 7 142 246 0.0492958 0.037453 0.0360825
1978 0 1 6 171 292 0.0350877 0.0268511 0.0259179
1979 0 1 6 153 251 0.0392157 0.0306174 0.029703
1980 0 1 6 143 236 0.041958 0.0326608 0.0316623
1981 0 1 4 152 220 0.0263158 0.0218739 0.0215054
1982 0 1 7 149 210 0.0469799 0.0395727 0.0389972
1983 0 1 4 154 284 0.025974 0.0191267 0.0182648
1984 0 1 6 152 260 0.0394737 0.0301816 0.0291262
1985 0 1 6 158 254 0.0379747 0.0299506 0.0291262
1986 0 1 7 159 233 0.0440252 0.0363682 0.0357143
1987 0 1 7 152 219 0.0460526 0.0383667 0.0377358
1988 0 1 4 170 244 0.0235294 0.01964 0.0193237
1989 0 1 4 151 241 0.0264901 0.0209683 0.0204082
1990 0 1 4 148 222 0.027027 0.0220675 0.0216216
1991 0 1 4 148 203 0.027027 0.0230771 0.022792
1992 0 1 2 152 206 0.0131579 0.0113025 0.0111732
1993 0 1 4 171 253 0.0233918 0.019231 0.0188679
1994 0 1 6 177 228 0.0338983 0.0298674 0.0296296
1995 0 1 9 162 237 0.0555556 0.0459315 0.0451128
1996 0 1 6 162 211 0.037037 0.0324528 0.0321716
1997 0 1 6 149 194 0.0402685 0.0352905 0.0349854
1998 0 1 7 187 274 0.0374332 0.0309244 0.0303688
1999 0 1 6 178 254 0.0337079 0.0282179 0.0277778
2000 0 1 5 173 235 0.0289017 0.0247978 0.0245098
2001 0 1 6 164 239 0.0365854 0.0303061 0.0297767
2002 0 1 5 153 203 0.0326797 0.0283711 0.0280899
2003 0 1 7 147 175 0.047619 0.0436436 0.0434783
2004 0 1 8 172 299 0.0465116 0.0352769 0.0339703
2005 0 1 3 162 273 0.0185185 0.0142653 0.0137931
2006 0 1 2 156 255 0.0128205 0.0100276 0.00973236
2007 0 1 7 148 232 0.0472973 0.0377766 0.0368421
2008 0 1 6 141 218 0.0425532 0.0342226 0.0334262
2009 0 1 7 141 208 0.0496454 0.0408749 0.0401146
2010 0 1 3 127 172 0.023622 0.0202981 0.0200669
2011 0 1 2 181 275 0.0110497 0.00896446 0.00877193
2012 0 1 2 174 282 0.0114943 0.00902882 0.00877193
2013 0 1 3 176 281 0.0170455 0.01349 0.0131291
2014 0 1 2 169 271 0.0118343 0.00934549 0.00909091
2015 0 1 0 177 254 0 0 0
2016 0 1 4 159 248 0.0251572 0.0201435 0.019656
2017 0 1 3 168 242 0.0178571 0.0148785 0.0146341
2018 0 1 1 164 231 0.00609756 0.00513774 0.00506329
2019 0 1 5 163 218 0.0306748 0.0265245 0.0262467
2020 0 1 6 155 196 0.0387097 0.0344237 0.034188
2021 0 1 1 189 264 0.00529101 0.00447679 0.00441501
2022 0 1 2 191 241 0.0104712 0.00932191 0.00925926
2023 0 1 1 178 237 0.00561798 0.00486873 0.00481928
2024 0 1 2 176 229 0.0113636 0.00996222 0.00987654
2025 0 1 4 168 207 0.0238095 0.0214496 0.0213333
2026 0 1 1 191 275 0.0052356 0.00436332 0.00429185
2027 0 1 3 183 237 0.0163934 0.0144053 0.0142857
2028 0 1 6 188 240 0.0319149 0.0282466 0.0280374
2029 0 1 5 183 241 0.0273224 0.0238087 0.0235849
2030 0 1 4 181 246 0.0220994 0.0189563 0.0187354
2031 0 1 4 171 236 0.0233918 0.0199116 0.019656
2032 0 1 7 189 288 0.037037 0.0300034 0.0293501
2033 0 1 5 195 278 0.025641 0.0214749 0.0211416
2034 0 1 6 188 251 0.0319149 0.0276207 0.0273349
2035 0 1 5 174 252 0.0287356 0.0238778 0.0234742
2036 0 1 3 194 333 0.0154639 0.0118032 0.0113852
2037 0 1 5 201 324 0.0248756 0.0195929 0.0190476
2038 0 1 3 210 327 0.0142857 0.0114482 0.0111732
2039 0 1 6 196 301 0.0306122 0.0247024 0.0241449
2040 0 1 4 182 284 0.021978 0.017594 0.0171674
2041 0 1 8 185 275 0.0432432 0.0354681 0.0347826
2042 0 1 8 176 254 0.0454545 0.037837 0.0372093
2043 0 1 11 197 313 0.0558376 0.0442983 0.0431373
2044 0 1 9 194 283 0.0463918 0.0384104 0.0377358
2045 0 1 12 196 294 0.0612245 0.0499896 0.0489796
2046 0 1 8 199 281 0.040201 0.0338306 0.0333333
2047 0 1 6 189 273 0.031746 0.0264143 0.025974
2048 0 1 11 197 342 0.0558376 0.0423786 0.0408163
2049 0 1 8 199 326 0.040201 0.031409 0.0304762
2050 0 1 1 185 294 0.00540541 0.00428786 0.00417537
2051 0 1 9 191 286 0.0471204 0.0385073 0.0377358
2052 0 1 10 203 302 0.0492611 0.0403876 0.039604
2053 0 1 4 218 268 0.0183486 0.0165487 0.0164609
2054 0 1 9 207 289 0.0434783 0.0367967 0.0362903
2055 0 1 8 208 298 0.0384615 0.0321329 0.0316206
2056 0 1 9 220 311 0.0409091 0.0344073 0.0338983
2057 0 1 8 203 321 0.0394089 0.0313393 0.0305344
2058 0 1 8 200 300 0.04 0.0326599 0.032
2059 0 1 12 188 263 0.0638298 0.0539665 0.0532151
2060 0 1 7 209 333 0.0334928 0.026534 0.0258303
2061 0 1 5 210 325 0.0238095 0.019139 0.0186916
2062 0 1 7 200 300 0.035 0.0285774 0.028
2063 0 1 4 203 291 0.0197044 0.0164576 0.0161943
2064 0 1 10 197 308 0.0507614 0.0405968 0.039604
2065 0 1 15 194 291 0.0773196 0.0631312 0.0618557
2066 0 1 5 194 286 0.0257732 0.0212269 0.0208333
2067 0 1 14 183 276 0.0765027 0.0622942 0.0610022
2068 0 1 10 222 314 0.045045 0.0378755 0.0373134
2069 0 1 15 214 322 0.0700935 0.0571421 0.0559702
2070 0 1 9 191 323 0.0471204 0.0362347 0.0350195
2071 0 1 8 208 303 0.0384615 0.0318667 0.0313112
2072 0 1 5 198 317 0.0252525 0.0199576 0.0194175
2073 0 1 8 189 290 0.042328 0.0341712 0.0334029
2074 0 1 10 170 287 0.0588235 0.0452725 0.0437637
2075 0 1 13 197 354 0.0659898 0.0492276 0.0471869
2076 0 1 16 202 329 0.0792079 0.0620649 0.0602637
2077 0 1 17 206 319 0.0825243 0.0663163 0.0647619
2078 0 1 17 195 293 0.0871795 0.071121 0.0696721
2079 0 1 12 179 289 0.0670391 0.0527601 0.0512821
2080 0 1 13 167 263 0.0778443 0.0620308 0.0604651
2081 0 1 12 186 347 0.0645161 0.0472346 0.0450281
2082 0 1 16 180 319 0.0888889 0.0667711 0.0641283
2083 0 1 17 180 294 0.0944444 0.0738991 0.07173
2084 0 1 13 186 309 0.0698925 0.054226 0.0525253
2085 0 1 7 178 297 0.0393258 0.0304446 0.0294737
2086 0 1 12 191 298 0.0628272 0.0502987 0.0490798
2087 0 1 11 179 284 0.0614525 0.0487873 0.0475162
2088 0 1 12 165 273 0.0727273 0.0565403 0.0547945
2089 0 1 8 179 266 0.0446927 0.0366625 0.0359551
2090 0 1 20 181 267 0.110497 0.0909777 0.0892857
2091 0 1 15 182 255 0.0824176 0.0696282 0.0686499
2092 0 1 15 171 265 0.0877193 0.0704645 0.0688073
2093 0 1 15 168 267 0.0892857 0.0708241 0.0689655
2094 0 1 22 187 303 0.117647 0.0924231 0.0897959
2095 0 1 16 180 292 0.0888889 0.0697899 0.0677966
2096 0 1 10 194 282 0.0515464 0.0427538 0.0420168
2097 0 1 15 184 277 0.0815217 0.066442 0.0650759
2098 0 1 16 184 278 0.0869565 0.0707439 0.0692641
2099 0 1 7 178 272 0.0393258 0.0318129 0.0311111
2100 0 1 8 170 269 0.0470588 0.0374101 0.0364465
2101 0 1 19 169 251 0.112426 0.0922515 0.0904762
2102 0 1 24 181 326 0.132597 0.0988014 0.0946746
2103 0 1 19 168 329 0.113095 0.0808167 0.0764588
2104 0 1 19 178 323 0.106742 0.0792396 0.0758483
2105 0 1 23 164 310 0.140244 0.102006 0.0970464
2106 0 1 20 169 300 0.118343 0.0888231 0.0852878
2107 0 1 21 167 293 0.125749 0.0949352 0.0913043
2108 0 1 12 164 272 0.0731707 0.0568166 0.0550459
2109 0 1 25 155 264 0.16129 0.123587 0.119332
2110 0 1 20 158 261 0.126582 0.0984875 0.0954654
2111 0 1 19 155 255 0.122581 0.0955691 0.0926829
2112 0 1 22 187 317 0.117647 0.0903592 0.0873016
2113 0 1 18 191 301 0.0942408 0.0750711 0.0731707
2114 0 1 17 176 301 0.0965909 0.07386 0.0712788
2115 0 1 20 169 285 0.118343 0.0911306 0.0881057
2116 0 1 19 174 286 0.109195 0.0851718 0.0826087
2117 0 1 17 163 278 0.104294 0.0798606 0.0770975
2118 0 1 15 167 272 0.0898204 0.0703799 0.0683371
2119 0 1 14 152 256 0.0921053 0.0709719 0.0686275
2120 0 1 10 184 310 0.0543478 0.0418707 0.0404858
2121 0 1 15 179 303 0.0837989 0.0644085 0.0622407
2122 0 1 20 178 290 0.11236 0.088028 0.0854701
2123 0 1 12 179 289 0.0670391 0.0527601 0.0512821
2124 0 1 16 171 276 0.0935673 0.0736491 0.0715884
2125 0 1 26 168 258 0.154762 0.124885 0.122066
2126 0 1 23 169 243 0.136095 0.113496 0.11165
2127 0 1 19 156 218 0.121795 0.10303 0.101604
2128 0 1 20 177 271 0.112994 0.0913185 0.0892857
2129 0 1 16 165 253 0.0969697 0.0783101 0.076555
2130 0 1 24 161 234 0.149068 0.123649 0.121519
2131 0 1 11 153 234 0.0718954 0.0581352 0.0568475
2132 0 1 11 161 240 0.068323 0.0559595 0.0548628
2133 0 1 12 155 225 0.0774194 0.0642575 0.0631579
2134 0 1 9 177 307 0.0508475 0.0386088 0.0371901
2135 0 1 7 179 280 0.0391061 0.0312675 0.0305011
2136 0 1 11 164 274 0.0670732 0.0518914 0.0502283
2137 0 1 6 155 266 0.0387097 0.0295491 0.0285036
2138 0 1 15 150 252 0.1 0.0771517 0.0746269
2139 0 1 11 140 249 0.0785714 0.0589154 0.0565553
2140 0 1 12 137 242 0.0875912 0.0659042 0.0633245
2141 0 1 9 157 292 0.0573248 0.0420341 0.0400891
2142 0 1 17 161 283 0.10559 0.0796421 0.0765766
2143 0 1 7 155 257 0.0451613 0.0350724 0.0339806
2144 0 1 9 161 263 0.0559006 0.0437373 0.0424528
2145 0 1 16 155 252 0.103226 0.0809569 0.0786241
2146 0 1 13 155 257 0.083871 0.0651345 0.0631068
2147 0 1 15 158 243 0.0949367 0.0765525 0.074813
2148 0 1 15 129 237 0.116279 0.0857871 0.0819672
2149 0 1 8 148 298 0.0540541 0.0380935 0.0358744
2150 0 1 15 163 290 0.0920245 0.068992 0.0662252
2151 0 1 7 160 270 0.04375 0.0336788 0.0325581
2152 0 1 4 141 256 0.0283688 0.0210538 0.0201511
2153 0 1 4 145 253 0.0275862 0.0208841 0.0201005
2154 0 1 0 141 257 0 0 0
2155 0 1 1 137 250 0.00729927 0.00540343 0.00516796
2156 0 1 2 142 247 0.0140845 0.0106792 0.0102828
2157 0 1 2 137 233 0.0145985 0.0111942 0.0108108
2158 0 1 3 120 227 0.025 0.0181768 0.0172911
2159 0 1 1 145 274 0.00689655 0.00501696 0.00477327
2160 0 1 0 133 277 0 0 0
2161 0 1 1 117 241 0.00854701 0.00595523 0.00558659
2162 0 1 2 114 237 0.0175439 0.0121676 0.011396
2163 0 1 3 118 236 0.0254237 0.0179773 0.0169492
2164 0 1 4 119 232 0.0336134 0.0240737 0.022792
2165 0 1 8 120 206 0.0666667 0.0508822 0.0490798
2166 0 1 5 132 277 0.0378788 0.0261483 0.0244499
2167 0 1 6 137 270 0.0437956 0.0311967 0.029484
2168 0 1 10 129 250 0.0775194 0.0556846 0.0527704
2169 0 1 6 124 261 0.0483871 0.0333519 0.0311688
2170 0 1 5 106 243 0.0471698 0.031154 0.0286533
2171 0 1 2 102 230 0.0196078 0.0130577 0.0120482
2172 0 1 8 118 286 0.0677966 0.0435478 0.039604
2173 0 1 9 117 258 0.0769231 0.0518012 0.048
2174 0 1 7 112 257 0.0625 0.0412594 0.0379404
2175 0 1 11 109 247 0.100917 0.0670395 0.0617978
2176 0 1 9 106 251 0.0849057 0.0551763 0.0504202
2177 0 1 11 113 241 0.0973451 0.0666569 0.0621469
2178 0 1 10 117 225 0.0854701 0.0616334 0.0584795
2179 0 1 7 103 220 0.0679612 0.0465016 0.0433437
2180 0 1 7 118 254 0.059322 0.0404334 0.0376344
2181 0 1 9 103 237 0.0873786 0.0576036 0.0529412
2182 0 1 9 92 201 0.0978261 0.0661836 0.0614334
2183 0 1 6 89 202 0.0674157 0.0447487 0.0412371
2184 0 1 6 103 246 0.0582524 0.0376934 0.034384
2185 0 1 2 84 248 0.0238095 0.0138568 0.0120482
2186 0 1 5 82 214 0.0609756 0.0377447 0.0337838
2187 0 1 9 101 206 0.0891089 0.0623948 0.0586319
2188 0 1 10 84 188 0.119048 0.0795759 0.0735294
2189 0 1 4 105 266 0.0380952 0.0239345 0.0215633
2190 0 1 6 103 239 0.0582524 0.0382414 0.0350877
2191 0 1 4 107 222 0.0373832 0.0259532 0.0243161
2192 0 1 13 97 221 0.134021 0.0887894 0.081761
2193 0 1 7 94 217 0.0744681 0.0490122 0.0450161
2194 0 1 7 82 211 0.0853659 0.0532169 0.0477816
2195 0 1 7 81 202 0.0864198 0.0547243 0.04947
2196 0 1 5 104 253 0.0480769 0.0308243 0.0280112
2197 0 1 4 102 245 0.0392157 0.0253033 0.0230548
2198 0 1 1 89 234 0.011236 0.00692942 0.00619195
2199 0 1 5 86 216 0.0581395 0.0366855 0.0331126
2200 0 1 4 73 197 0.0547945 0.0333553 0.0296296
2201 0 1 9 113 276 0.079646 0.0509623 0.0462725
2202 0 1 9 103 245 0.0873786 0.0566553 0.0517241
2203 0 1 3 101 228 0.029703 0.0197694 0.0182371
2204 0 1 9 88 243 0.102273 0.0615457 0.0543807
2205 0 1 6 88 249 0.0681818 0.0405331 0.0356083
2206 0 1 6 91 241 0.0659341 0.0405156 0.0361446
2207 0 1 5 83 233 0.060241 0.0359545 0.0316456
2208 0 1 2 75 239 0.0266667 0.0149383 0.0127389
2209 0 1 5 69 218 0.0724638 0.0407678 0.0348432
2210 0 1 5 94 282 0.0531915 0.0307101 0.0265957
2211 0 1 2 90 265 0.0222222 0.0129505 0.0112676
2212 0 1 3 80 261 0.0375 0.0207614 0.0175953
2213 0 1 7 85 255 0.0823529 0.0475465 0.0411765
2214 0 1 1 84 250 0.0119048 0.00690066 0.00598802
2215 0 1 5 87 240 0.0574713 0.0346023 0.030581
2216 0 1 3 85 210 0.0352941 0.0224544 0.020339
2217 0 1 3 107 291 0.0280374 0.0170013 0.0150754
2218 0 1 3 111 249 0.027027 0.0180451 0.0166667
2219 0 1 5 112 257 0.0446429 0.029471 0.0271003
2220 0 1 4 108 244 0.037037 0.0246407 0.0227273
2221 0 1 2 94 234 0.0212766 0.0134852 0.0121951
2222 0 1 1 84 216 0.0119048 0.00742392 0.00666667
2223 0 1 2 108 293 0.0185185 0.0112431 0.00997506
2224 0 1 1 103 275 0.00970874 0.00594176 0.00529101
2225 0 1 3 95 244 0.0315789 0.0197045 0.0176991
2226 0 1 3 102 247 0.0294118 0.0189005 0.017192
2227 0 1 3 89 218 0.0337079 0.0215376 0.019544
2228 0 1 2 101 253 0.019802 0.0125115 0.0112994
2229 0 1 2 90 241 0.0222222 0.01358 0.0120846
2230 0 1 2 92 264 0.0217391 0.0128332 0.011236
2231 0 1 3 89 243 0.0337079 0.0203997 0.0180723
2232 0 1 4 108 300 0.037037 0.0222222 0.0196078
2233 0 1 8 109 297 0.0733945 0.044463 0.0394089
2234 0 1 5 114 281 0.0438596 0.027936 0.0253165
2235 0 1 5 110 291 0.0454545 0.0279465 0.0249377
2236 0 1 4 113 292 0.0353982 0.0220206 0.0197531
2237 0 1 11 127 282 0.0866142 0.0581254 0.0537897
2238 0 1 10 119 275 0.0840336 0.055279 0.0507614
2239 0 1 12 129 243 0.0930233 0.0677771 0.0645161
2240 0 1 11 118 248 0.0932203 0.0643022 0.0601093
2241 0 1 8 132 305 0.0606061 0.0398706 0.0366133
2242 0 1 10 134 313 0.0746269 0.0488287 0.0447427
2243 0 1 9 139 307 0.0647482 0.0435678 0.0403587
2244 0 1 11 137 315 0.080292 0.0529514 0.0486726
2245 0 1 10 149 321 0.0671141 0.0457251 0.0425532
2246 0 1 6 123 323 0.0487805 0.0301021 0.0269058
2247 0 1 13 130 308 0.1 0.0649675 0.0593607
2248 0 1 22 137 307 0.160584 0.107274 0.0990991
2249 0 1 18 138 307 0.130435 0.0874508 0.0808989
2250 0 1 11 138 321 0.0797101 0.0522638 0.0479303
2251 0 1 10 146 314 0.0684932 0.0467045 0.0434783
2252 0 1 7 130 304 0.0538462 0.0352119 0.0322581
2253 0 1 18 164 384 0.109756 0.0717274 0.0656934
2254 0 1 10 150 374 0.0666667 0.04222 0.0381679
2255 0 1 13 167 345 0.0778443 0.0541596 0.0507812
2256 0 1 11 161 335 0.068323 0.047365 0.0443548
2257 0 1 12 160 337 0.075 0.0516781 0.0482897
2258 0 1 17 161 331 0.10559 0.0736414 0.0691057
2259 0 1 11 165 311 0.0666667 0.0485591 0.0462185
2260 0 1 16 158 305 0.101266 0.0728856 0.0691145
2261 0 1 14 157 307 0.089172 0.0637689 0.0603448
2262 0 1 12 154 309 0.0779221 0.05501 0.0518359
2263 0 1 13 161 313 0.0807453 0.0579106 0.0548523
2264 0 1 15 167 304 0.0898204 0.0665727 0.0636943
2265 0 1 11 163 296 0.0674847 0.0500787 0.0479303
2266 0 1 17 161 296 0.10559 0.0778736 0.0743982
2267 0 1 21 195 363 0.107692 0.0789312 0.0752688
2268 0 1 22 174 358 0.126437 0.0881468 0.0827068
2269 0 1 16 189 339 0.0846561 0.0632105 0.0606061
2270 0 1 16 194 345 0.0824742 0.0618457 0.0593692
2271 0 1 17 177 354 0.0960452 0.0679142 0.0640301
2272 0 1 19 175 343 0.108571 0.077551 0.0733591
2273 0 1 26 185 323 0.140541 0.106362 0.102362
2274 0 1 23 172 314 0.133721 0.0989689 0.0946502
2275 0 1 13 163 317 0.0797546 0.05719 0.0541667
2276 0 1 16 176 294 0.0909091 0.070338 0.0680851
2277 0 1 17 188 389 0.0904255 0.062863 0.0589255
2278 0 1 18 199 367 0.0904523 0.0666059 0.0636042
2279 0 1 22 182 369 0.120879 0.0848934 0.0798548
2280 0 1 18 197 348 0.0913706 0.0687464 0.066055
2281 0 1 26 182 362 0.142857 0.101294 0.0955882
2282 0 1 25 182 354 0.137363 0.0984924 0.0932836
2283 0 1 28 187 337 0.149733 0.111538 0.10687
2284 0 1 21 193 342 0.108808 0.0817387 0.0785047
2285 0 1 24 182 342 0.131868 0.0961972 0.0916031
2286 0 1 20 183 348 0.10929 0.0792528 0.0753296
2287 0 1 22 170 336 0.129412 0.092051 0.0869565
2288 0 1 16 183 328 0.0874317 0.0653067 0.0626223
2289 0 1 23 180 337 0.127778 0.0933849 0.0889749
2290 0 1 29 182 340 0.159341 0.11658 0.111111
2291 0 1 19 187 330 0.101604 0.0764849 0.073501
2292 0 1 24 180 312 0.133333 0.101274 0.097561
2293 0 1 26 183 328 0.142077 0.106123 0.101761
2294 0 1 27 174 301 0.155172 0.117979 0.113684
2295 0 1 26 204 406 0.127451 0.0903432 0.0852459
2296 0 1 33 190 407 0.173684 0.11867 0.110553
2297 0 1 33 197 395 0.167513 0.118299 0.111486
2298 0 1 34 189 397 0.179894 0.124123 0.116041
2299 0 1 41 209 398 0.196172 0.142157 0.135091
2300 0 1 25 207 390 0.120773 0.0879878 0.0837521
2301 0 1 24 199 395 0.120603 0.0856024 0.0808081
2302 0 1 24 185 397 0.12973 0.0885585 0.0824742
2303 0 1 32 201 394 0.159204 0.113711 0.107563
2304 0 1 25 195 402 0.128205 0.0892914 0.0837521
2305 0 1 26 200 397 0.13 0.0922705 0.0871022
2306 0 1 30 198 378 0.151515 0.109659 0.104167
2307 0 1 24 208 389 0.115385 0.0843733 0.080402
2308 0 1 40 215 399 0.186047 0.13657 0.130293
2309 0 1 28 204 392 0.137255 0.0990148 0.0939597
2310 0 1 29 214 382 0.135514 0.101428 0.0973154
2311 0 1 33 208 394 0.158654 0.115275 0.109635
2312 0 1 26 208 364 0.125 0.0944911 0.0909091
2313 0 1 30 213 368 0.140845 0.107154 0.10327
2314 0 1 36 191 353 0.188482 0.138643 0.132353
2315 0 1 40 198 350 0.20202 0.151947 0.145985
2316 0 1 18 196 344 0.0918367 0.0693211 0.0666667
2317 0 1 35 205 362 0.170732 0.12848 0.123457
2318 0 1 30 211 349 0.14218 0.110552 0.107143
2319 0 1 24 204 367 0.117647 0.0877128 0.084063
2320 0 1 22 200 349 0.11 0.0832712 0.0801457
2321 0 1 25 192 344 0.130208 0.097277 0.0932836
2322 0 1 28 204 340 0.137255 0.106317 0.102941
2323 0 1 36 202 349 0.178218 0.135586 0.130672
2324 0 1 42 192 349 0.21875 0.16225 0.155268
2325 0 1 41 210 338 0.195238 0.153892 0.149635
2326 0 1 50 215 337 0.232558 0.185753 0.181159
2327 0 1 44 223 343 0.197309 0.159094 0.155477
2328 0 1 40 220 344 0.181818 0.145402 0.141844
2329 0 1 48 219 339 0.219178 0.176165 0.172043
2330 0 1 56 220 345 0.254545 0.203267 0.19823
2331 0 1 34 207 351 0.164251 0.126136 0.121864
2332 0 1 53 199 347 0.266332 0.20169 0.194139
2333 0 1 38 198 343 0.191919 0.145816 0.140481
2334 0 1 36 215 346 0.167442 0.131991 0.128342
2335 0 1 40 195 345 0.205128 0.154217 0.148148
2336 0 1 39 212 341 0.183962 0.145051 0.141049
2337 0 1 31 201 348 0.154229 0.117213 0.112933
2338 0 1 32 204 351 0.156863 0.119586 0.115315
2339 0 1 40 199 338 0.201005 0.154232 0.148976
2340 0 1 39 204 354 0.191176 0.145127 0.139785
2341 0 1 45 223 354 0.201794 0.160162 0.155979
2342 0 1 47 208 381 0.225962 0.166957 0.159593
2343 0 1 34 221 371 0.153846 0.11874 0.114865
2344 0 1 30 212 369 0.141509 0.107261 0.10327
2345 0 1 27 203 360 0.133005 0.0998768 0.0959147
2346 0 1 38 197 360 0.192893 0.142692 0.136445
2347 0 1 25 200 364 0.125 0.0926562 0.0886525
2348 0 1 31 195 344 0.158974 0.119692 0.115028
2349 0 1 36 207 357 0.173913 0.132429 0.12766
2350 0 1 49 225 359 0.217778 0.172408 0.167808
2351 0 1 24 201 350 0.119403 0.0904855 0.0871143
2352 0 1 36 203 351 0.17734 0.134866 0.129964
2353 0 1 25 216 344 0.115741 0.0917136 0.0892857
2354 0 1 35 220 356 0.159091 0.125064 0.121528
2355 0 1 39 212 348 0.183962 0.143584 0.139286
2356 0 1 37 225 343 0.164444 0.133187 0.130282
2357 0 1 29 220 363 0.131818 0.10262 0.0994854
2358 0 1 30 212 340 0.141509 0.111741 0.108696
2359 0 1 35 210 347 0.166667 0.129656 0.125673
2360 0 1 37 206 355 0.179612 0.136821 0.131907
2361 0 1 33 221 368 0.149321 0.115716 0.112054
2362 0 1 43 228 377 0.188596 0.146666 0.142149
2363 0 1 29 213 342 0.13615 0.107447 0.104505
2364 0 1 26 215 361 0.12093 0.0933255 0.0902778
2365 0 1 37 213 343 0.173709 0.136888 0.133094
2366 0 1 33 232 356 0.142241 0.114827 0.112245
2367 0 1 45 216 352 0.208333 0.163198 0.158451
2368 0 1 32 223 351 0.143498 0.114378 0.111498
2369 0 1 31 219 360 0.141553 0.110405 0.107081
2370 0 1 34 218 342 0.155963 0.12452 0.121429
2371 0 1 30 217 350 0.138249 0.108857 0.10582
2372 0 1 35 220 346 0.159091 0.126858 0.123675
2373 0 1 26 214 349 0.121495 0.0951379 0.0923623
2374 0 1 34 219 356 0.155251 0.121768 0.118261
2375 0 1 31 212 353 0.146226 0.11332 0.109735
2376 0 1 28 215 338 0.130233 0.103868 0.101266
2377 0 1 20 218 330 0.0917431 0.0745667 0.0729927
2378 0 1 24 222 334 0.108108 0.0881377 0.0863309
2379 0 1 29 223 341 0.130045 0.105164 0.102837
2380 0 1 25 252 367 0.0992064 0.0822066 0.0807754
2381 0 1 23 230 339 0.1 0.0823691 0.0808436
2382 0 1 22 232 344 0.0948276 0.0778753 0.0763889
2383 0 1 17 228 364 0.0745614 0.0590107 0.0574324
2384 0 1 20 240 344 0.0833333 0.0696058 0.0684932
2385 0 1 12 244 355 0.0491803 0.040773 0.0400668
2386 0 1 11 246 342 0.0447154 0.0379238 0.037415
2387 0 1 13 268 352 0.0485075 0.0423257 0.0419355
2388 0 1 31 263 335 0.117871 0.104439 0.103679
2389 0 1 14 255 353 0.054902 0.0466628 0.0460526
2390 0 1 22 253 311 0.0869565 0.07843 0.0780142
2391 0 1 19 258 373 0.0736434 0.0612476 0.0602219
2392 0 1 22 244 374 0.0901639 0.0728269 0.0711974
2393 0 1 21 265 376 0.0792453 0.0665277 0.0655226
2394 0 1 17 273 320 0.0622711 0.0575165 0.0573356
2395 0 1 16 262 333 0.0610687 0.0541686 0.0537815
2396 0 1 20 268 341 0.0746269 0.0661585 0.0656814
2397 0 1 18 269 332 0.0669145 0.060232 0.0599002
2398 0 1 18 254 328 0.0708661 0.0623618 0.0618557
2399 0 1 25 258 320 0.0968992 0.0870072 0.0865052
2400 0 1 19 252 326 0.0753968 0.0662895 0.0657439
2401 0 1 18 273 319 0.0659341 0.0609952 0.0608108
2402 0 1 10 296 326 0.0337838 0.0321918 0.0321543
2403 0 1 17 294 313 0.0578231 0.0560406 0.0560132
2404 0 1 18 275 317 0.0654545 0.0609644 0.0608108
2405 0 1 22 274 329 0.080292 0.0732739 0.0729685
2406 0 1 15 259 315 0.0579151 0.0525153 0.0522648
2407 0 1 19 262 311 0.0725191 0.0665614 0.0663176
2408 0 1 21 255 306 0.0823529 0.0751776 0.0748663
2409 0 1 23 276 350 0.0833333 0.0740013 0.0734824
2410 0 1 21 278 336 0.0755396 0.0687112 0.0684039
2411 0 1 20 275 339 0.0727273 0.0655034 0.0651466
2412 0 1 22 265 328 0.0830189 0.0746213 0.074199
2413 0 1 18 256 325 0.0703125 0.0624038 0.0619621
2414 0 1 26 257 333 0.101167 0.088876 0.0881356
2415 0 1 14 237 337 0.0590717 0.049538 0.0487805
2416 0 1 23 234 327 0.0982906 0.0831469 0.0819964
2417 0 1 18 230 325 0.0782609 0.0658365 0.0648649
2418 0 1 21 207 324 0.101449 0.0810889 0.079096
2419 0 1 19 223 318 0.0852018 0.071349 0.0702403
2420 0 1 17 218 307 0.0779817 0.065713 0.0647619
2421 0 1 16 223 306 0.0717489 0.0612501 0.0604915
2422 0 1 17 254 369 0.0669291 0.0555289 0.0545746
2423 0 1 28 238 360 0.117647 0.0956573 0.0936455
2424 0 1 32 241 344 0.13278 0.111138 0.109402
2425 0 1 30 233 341 0.128755 0.106431 0.10453
2426 0 1 24 229 328 0.104803 0.0875703 0.0861759
2427 0 1 16 221 314 0.0723982 0.0607378 0.0598131
2428 0 1 16 230 315 0.0695652 0.059443 0.0587156
2429 0 1 10 212 305 0.0471698 0.0393262 0.0386847
2430 0 1 12 208 298 0.0576923 0.0481994 0.0474308
2431 0 1 22 200 300 0.11 0.0898146 0.088
2432 0 1 23 204 299 0.112745 0.0931273 0.0914513
2433 0 1 23 205 331 0.112195 0.0882952 0.0858209
2434 0 1 27 206 324 0.131068 0.10451 0.101887
2435 0 1 25 200 319 0.125 0.0989759 0.0963391
2436 0 1 32 204 305 0.156863 0.128288 0.125737
2437 0 1 33 244 392 0.135246 0.106703 0.103774
2438 0 1 39 230 413 0.169565 0.126539 0.121306
2439 0 1 37 230 399 0.16087 0.122138 0.117647
2440 0 1 21 224 393 0.09375 0.0707781 0.0680713
2441 0 1 30 227 387 0.132159 0.101217 0.0977199
2442 0 1 45 215 385 0.209302 0.156409 0.15
2443 0 1 35 232 365 0.150862 0.120276 0.117253
2444 0 1 37 232 378 0.159483 0.124943 0.121311
2445 0 1 24 221 364 0.108597 0.0846183 0.0820513
2446 0 1 23 215 373 0.106977 0.0812184 0.0782313
2447 0 1 22 201 350 0.109453 0.0829451 0.0798548
2448 0 1 23 219 346 0.105023 0.0835541 0.0814159
2449 0 1 34 194 341 0.175258 0.132191 0.127103
2450 0 1 25 197 332 0.126904 0.0977547 0.094518
2451 0 1 26 193 328 0.134715 0.103337 0.0998081
2452 0 1 26 203 344 0.128079 0.0983889 0.095064
2453 0 1 36 205 335 0.17561 0.137374 0.133333
2454 0 1 27 199 319 0.135678 0.107162 0.104247
2455 0 1 15 180 319 0.0833333 0.0625979 0.0601202
2456 0 1 20 202 388 0.0990099 0.0714395 0.0677966
2457 0 1 24 193 390 0.124352 0.0874783 0.0823328
2458 0 1 32 203 355 0.157635 0.119203 0.114695
2459 0 1 25 193 354 0.129534 0.0956444 0.0914077
2460 0 1 30 197 349 0.152284 0.114413 0.10989
2461 0 1 22 181 328 0.121547 0.0902914 0.086444
2462 0 1 24 189 322 0.126984 0.0972865 0.0939335
2463 0 1 36 178 319 0.202247 0.151077 0.144869
2464 0 1 31 167 317 0.185629 0.134733 0.128099
2465 0 1 32 167 309 0.191617 0.140868 0.134454
2466 0 1 39 162 295 0.240741 0.178401 0.170678
2467 0 1 35 169 323 0.207101 0.149804 0.142276
2468 0 1 31 185 314 0.167568 0.128621 0.124248
2469 0 1 32 200 376 0.16 0.116692 0.111111
2470 0 1 21 213 402 0.0985916 0.0717656 0.0682927
2471 0 1 30 204 379 0.147059 0.107891 0.102916
2472 0 1 24 200 364 0.12 0.0889499 0.0851064
2473 0 1 33 199 369 0.165829 0.12178 0.116197
2474 0 1 30 192 370 0.15625 0.112556 0.106762
2475 0 1 22 184 368 0.119565 0.0845454 0.0797101
2476 0 1 23 198 364 0.116162 0.0856731 0.0818505
2477 0 1 29 202 347 0.143564 0.109536 0.105647
2478 0 1 30 208 345 0.144231 0.11199 0.108499
2479 0 1 22 203 357 0.108374 0.0817223 0.0785714
2480 0 1 26 192 362 0.135417 0.0986208 0.0938628
2481 0 1 22 190 351 0.115789 0.0851907 0.0813309
2482 0 1 26 196 340 0.132653 0.100718 0.0970149
2483 0 1 42 191 339 0.219895 0.165057 0.158491
2484 0 1 34 187 334 0.181818 0.136046 0.130518
2485 0 1 29 197 314 0.147208 0.1166 0.113503
2486 0 1 32 196 310 0.163265 0.12982 0.126482
2487 0 1 26 221 393 0.117647 0.0882228 0.0846906
2488 0 1 26 223 390 0.116592 0.0881635 0.0848287
2489 0 1 33 206 380 0.160194 0.117947 0.112628
2490 0 1 26 207 359 0.125604 0.0953764 0.0918728
2491 0 1 25 213 346 0.117371 0.0920899 0.0894454
2492 0 1 18 189 343 0.0952381 0.070696 0.0676692
2493 0 1 26 181 347 0.143646 0.103746 0.0984849
2494 0 1 30 180 355 0.166667 0.118678 0.11215
2495 0 1 35 184 349 0.190217 0.138117 0.131332
2496 0 1 29 186 315 0.155914 0.119808 0.115768
2497 0 1 20 177 337 0.112994 0.0818895 0.077821
2498 0 1 19 180 320 0.105556 0.0791667 0.076
2499 0 1 20 198 408 0.10101 0.0703667 0.0660066
2500 0 1 18 201 391 0.0895522 0.0642076 0.0608108
2501 0 1 23 193 382 0.119171 0.0847066 0.08
2502 0 1 11 187 364 0.0588235 0.042162 0.0399274
2503 0 1 21 162 372 0.12963 0.0855441 0.0786517
2504 0 1 19 172 343 0.110465 0.0782244 0.0737864
2505 0 1 27 173 336 0.156069 0.111988 0.10609
2506 0 1 31 183 345 0.169399 0.123375 0.117424
2507 0 1 18 171 324 0.105263 0.0764719 0.0727273
2508 0 1 17 169 313 0.100592 0.0739151 0.0705394
2509 0 1 24 184 329 0.130435 0.0975449 0.0935673
2510 0 1 25 167 327 0.149701 0.106981 0.101215
2511 0 1 21 178 394 0.117978 0.0792978 0.0734266
2512 0 1 26 184 364 0.141304 0.100465 0.0948905
2513 0 1 32 186 362 0.172043 0.123322 0.116788
2514 0 1 33 176 362 0.1875 0.130738 0.122677
2515 0 1 33 169 362 0.195266 0.133419 0.124294
2516 0 1 39 173 338 0.225434 0.161281 0.152642
2517 0 1 22 160 335 0.1375 0.0950255 0.0888889
2518 0 1 28 168 314 0.166667 0.12191 0.116183
2519 0 1 24 169 324 0.142012 0.102564 0.0973631
2520 0 1 25 171 329 0.146199 0.105401 0.1
2521 0 1 22 159 324 0.138365 0.0969285 0.0910973
2522 0 1 14 202 389 0.0693069 0.0499433 0.0473773
2523 0 1 23 185 362 0.124324 0.0888767 0.0840951
2524 0 1 30 192 350 0.15625 0.115728 0.110701
2525 0 1 25 177 362 0.141243 0.0987641 0.0927644
2526 0 1 18 171 345 0.105263 0.074108 0.0697674
2527 0 1 21 186 331 0.112903 0.0846348 0.0812379
2528 0 1 23 178 331 0.129213 0.0947554 0.0903733
2529 0 1 28 174 330 0.16092 0.116849 0.111111
2530 0 1 33 161 319 0.204969 0.145615 0.1375
2531 0 1 29 165 306 0.175758 0.129061 0.123142
2532 0 1 28 175 303 0.16 0.121596 0.117155
2533 0 1 26 167 300 0.155689 0.116159 0.111349
2534 0 1 21 187 395 0.112299 0.077268 0.0721649
2535 0 1 28 172 392 0.162791 0.107833 0.0992908
2536 0 1 39 175 362 0.222857 0.15495 0.145251
2537 0 1 23 168 362 0.136905 0.093265 0.0867925
2538 0 1 27 159 344 0.169811 0.115448 0.107356
2539 0 1 31 173 336 0.179191 0.128579 0.121807
2540 0 1 25 178 322 0.140449 0.104424 0.1
2541 0 1 26 170 308 0.152941 0.113625 0.108787
2542 0 1 19 167 313 0.113772 0.0831042 0.0791667
2543 0 1 28 184 301 0.152174 0.118978 0.115464
2544 0 1 20 184 296 0.108696 0.0856989 0.0833333
2545 0 1 13 170 296 0.0764706 0.0579526 0.055794
2546 0 1 18 201 322 0.0895522 0.0707533 0.0688336
2547 0 1 18 190 340 0.0947368 0.0708201 0.0679245
2548 0 1 9 193 333 0.0466321 0.0355011 0.0342205
2549 0 1 8 203 318 0.0394089 0.0314868 0.0307102
2550 0 1 8 191 314 0.0418848 0.0326669 0.0316832
2551 0 1 13 192 304 0.0677083 0.0538091 0.0524194
2552 0 1 10 191 318 0.052356 0.040576 0.0392927
2553 0 1 16 189 320 0.0846561 0.06506 0.0628684
2554 0 1 18 199 313 0.0904523 0.072123 0.0703125
2555 0 1 22 199 299 0.110553 0.0901904 0.0883534
2556 0 1 18 205 314 0.0878049 0.0709465 0.0693642
2557 0 1 11 207 307 0.0531401 0.0436353 0.0428016
2558 0 1 10 202 290 0.049505 0.0413167 0.0406504
2559 0 1 13 221 266 0.0588235 0.0536175 0.0533881
2560 0 1 7 214 259 0.0327103 0.0297332 0.0295983
2561 0 1 12 209 265 0.0574163 0.05099 0.0506329
2562 0 1 11 193 271 0.0569948 0.0480983 0.0474138
2563 0 1 9 198 271 0.0454545 0.0388531 0.0383795
2564 0 1 11 212 276 0.0518868 0.0454747 0.045082
2565 0 1 16 201 267 0.079602 0.0690663 0.0683761
2566 0 1 22 215 328 0.102326 0.082845 0.0810313
2567 0 1 16 212 315 0.0754717 0.0619151 0.0607211
2568 0 1 23 200 312 0.115 0.0920737 0.0898438
2569 0 1 19 208 311 0.0913462 0.0747036 0.0732177
2570 0 1 18 193 301 0.0932643 0.0746811 0.0728745
2571 0 1 18 205 311 0.0878049 0.0712878 0.0697674
2572 0 1 19 200 297 0.095 0.0779579 0.0764588
2573 0 1 19 197 310 0.0964467 0.0768846 0.0749507
2574 0 1 22 192 276 0.114583 0.0955691 0.0940171
2575 0 1 22 188 290 0.117021 0.0942204 0.0920502
2576 0 1 16 217 349 0.0737327 0.0581403 0.0565371
2577 0 1 12 218 336 0.0550459 0.0443387 0.0433213
2578 0 1 12 206 339 0.0582524 0.0454096 0.0440367
2579 0 1 20 209 316 0.0956938 0.077824 0.0761905
2580 0 1 19 192 331 0.0989583 0.0753683 0.0726577
2581 0 1 20 194 323 0.103093 0.0798965 0.0773694
2582 0 1 21 191 294 0.109948 0.0886194 0.0865979
2583 0 1 22 185 277 0.118919 0.0971845 0.0952381
2584 0 1 18 190 280 0.0947368 0.0780399 0.0765957
2585 0 1 27 191 275 0.141361 0.11781 0.11588
2586 0 1 28 224 338 0.125 0.10176 0.0996441
2587 0 1 26 201 338 0.129353 0.0997509 0.096475
2588 0 1 27 205 331 0.131707 0.103651 0.100746
2589 0 1 22 205 315 0.107317 0.0865746 0.0846154
2590 0 1 24 200 307 0.12 0.0968561 0.0946746
2591 0 1 24 204 314 0.117647 0.0948269 0.0926641
2592 0 1 28 205 303 0.136585 0.112347 0.110236
2593 0 1 27 202 307 0.133663 0.108422 0.10609
2594 0 1 33 207 290 0.15942 0.134688 0.132797
2595 0 1 26 187 299 0.139037 0.109955 0.106996
2596 0 1 25 188 303 0.132979 0.104747 0.101833
2597 0 1 19 191 295 0.0994764 0.0800435 0.0781893
2598 0 1 26 190 281 0.136842 0.112524 0.110403
2599 0 1 32 212 378 0.150943 0.113041 0.108475
2600 0 1 22 192 375 0.114583 0.0819892 0.0776014
2601 0 1 26 197 359 0.13198 0.0977672 0.0935252
2602 0 1 22 183 337 0.120219 0.0885895 0.0846154
2603 0 1 20 196 326 0.102041 0.0791213 0.0766283
2604 0 1 20 190 315 0.105263 0.0817519 0.0792079
2605 0 1 17 190 300 0.0894737 0.0712052 0.0693878
2606 0 1 19 189 314 0.100529 0.0779934 0.0755467
2607 0 1 15 193 313 0.0777202 0.0610296 0.0592885
2608 0 1 19 189 307 0.100529 0.0788776 0.0766129
2609 0 1 18 198 294 0.0909091 0.0746047 0.0731707
2610 0 1 17 190 275 0.0894737 0.0743714 0.0731183
2611 0 1 13 213 336 0.0610329 0.0485941 0.0473588
2612 0 1 21 208 345 0.100962 0.0783931 0.0759494
2613 0 1 26 213 339 0.122066 0.0967573 0.0942029
2614 0 1 26 214 329 0.121495 0.097987 0.0957643
2615 0 1 17 213 300 0.0798122 0.067251 0.0662768
2616 0 1 25 201 310 0.124378 0.100152 0.0978474
2617 0 1 23 219 303 0.105023 0.0892862 0.0881226
2618 0 1 11 199 304 0.0552764 0.0447228 0.0437376
2619 0 1 20 191 299 0.104712 0.0836908 0.0816327
2620 0 1 20 197 298 0.101523 0.0825446 0.0808081
2621 0 1 9 188 289 0.0478723 0.0386113 0.0377358
2622 0 1 14 186 284 0.0752688 0.0609133 0.0595745
2623 0 1 16 185 296 0.0864865 0.0683736 0.0665281
2624 0 1 21 181 286 0.116022 0.092299 0.0899358
2625 0 1 12 190 335 0.0631579 0.0475644 0.0457143
2626 0 1 18 190 335 0.0947368 0.0713466 0.0685714
2627 0 1 21 188 335 0.111702 0.0836793 0.0803059
2628 0 1 12 181 336 0.0662983 0.04866 0.0464217
2629 0 1 10 172 331 0.0581395 0.0419104 0.0397614
2630 0 1 15 176 317 0.0852273 0.0635046 0.0608519
2631 0 1 13 181 333 0.0718232 0.052952 0.0505837
2632 0 1 19 177 336 0.107345 0.0779107 0.0740741
2633 0 1 23 188 323 0.12234 0.0933357 0.0900196
2634 0 1 16 178 297 0.0898876 0.0695876 0.0673684
2635 0 1 12 181 286 0.0662983 0.0527423 0.0513919
2636 0 1 20 195 402 0.102564 0.0714331 0.0670017
2637 0 1 21 203 376 0.103448 0.0760112 0.0725389
2638 0 1 18 203 370 0.0886699 0.0656786 0.0628272
2639 0 1 22 205 373 0.107317 0.0795594 0.0761246
2640 0 1 25 202 369 0.123762 0.0915696 0.0875657
2641 0 1 20 205 359 0.097561 0.0737235 0.070922
2642 0 1 22 204 356 0.107843 0.0816362 0.0785714
2643 0 1 15 195 354 0.0769231 0.0570916 0.0546448
2644 0 1 14 187 347 0.0748663 0.0549595 0.0524345
2645 0 1 19 186 350 0.102151 0.0744669 0.0708955
2646 0 1 13 199 357 0.0653266 0.0487734 0.0467626
2647 0 1 22 198 356 0.111111 0.0828638 0.0794224
2648 0 1 22 196 355 0.112245 0.0834028 0.0798548
2649 0 1 18 201 363 0.0895522 0.0666379 0.0638298
2650 0 1 15 210 372 0.0714286 0.0536674 0.0515464
2651 0 1 21 206 387 0.101942 0.0743755 0.0708263
2652 0 1 25 203 366 0.123153 0.0917173 0.0878735
2653 0 1 21 203 375 0.103448 0.0761124 0.0726644
2654 0 1 31 218 381 0.142202 0.107565 0.103506
2655 0 1 22 211 400 0.104265 0.0757271 0.0720131
2656 0 1 39 220 392 0.177273 0.132804 0.127451
2657 0 1 29 221 402 0.131222 0.0972946 0.0930979
2658 0 1 24 212 375 0.113208 0.0851192 0.0817717
2659 0 1 22 224 374 0.0982143 0.0760086 0.0735786
2660 0 1 24 236 452 0.101695 0.0734828 0.0697674
2661 0 1 19 250 460 0.076 0.0560279 0.0535211
2662 0 1 24 250 475 0.096 0.0696457 0.0662069
2663 0 1 25 260 454 0.0961538 0.0727655 0.070028
2664 0 1 25 267 457 0.093633 0.0715692 0.0690608
2665 0 1 26 263 467 0.0988593 0.0741886 0.0712329
2666 0 1 36 258 449 0.139535 0.105772 0.101839
2667 0 1 38 274 452 0.138686 0.107979 0.104683
2668 0 1 40 270 451 0.148148 0.114628 0.110957
2669 0 1 29 254 425 0.114173 0.0882646 0.0854197
2670 0 1 44 247 408 0.178138 0.138603 0.134351
2671 0 1 32 245 408 0.130612 0.101213 0.0980092
2672 0 1 22 251 408 0.0876494 0.0687473 0.0667678
2673 0 1 34 241 399 0.141079 0.109644 0.10625
2674 0 1 32 240 386 0.133333 0.105136 0.102236
2675 0 1 34 240 388 0.141667 0.111419 0.10828
2676 0 1 38 243 397 0.156379 0.122345 0.11875
2677 0 1 28 232 403 0.12069 0.0915718 0.088189
2678 0 1 25 219 392 0.114155 0.0853247 0.0818331
2679 0 1 31 243 441 0.127572 0.0946977 0.0906433
2680 0 1 43 249 428 0.172691 0.131719 0.127031
2681 0 1 39 237 424 0.164557 0.123029 0.118003
2682 0 1 35 233 414 0.150215 0.112691 0.108192
2683 0 1 31 225 409 0.137778 0.10219 0.0977918
2684 0 1 38 235 399 0.161702 0.124098 0.119874
2685 0 1 26 233 401 0.111588 0.0850596 0.0820189
2686 0 1 30 235 400 0.12766 0.0978492 0.0944882
2687 0 1 37 218 410 0.169725 0.12376 0.117834
2688 0 1 29 209 414 0.138756 0.0985881 0.0930979
2689 0 1 33 218 407 0.151376 0.110787 0.1056
2690 0 1 33 207 414 0.15942 0.112727 0.10628
2691 0 1 24 208 414 0.115385 0.0817861 0.0771704
2692 0 1 23 214 409 0.107477 0.0777426 0.0738363
2693 0 1 32 212 408 0.150943 0.108806 0.103226
2694 0 1 28 211 375 0.132701 0.0995408 0.0955631
2695 0 1 27 233 401 0.11588 0.0883311 0.0851735
2696 0 1 42 230 387 0.182609 0.140776 0.136143
2697 0 1 23 230 365 0.1 0.0793812 0.0773109
2698 0 1 13 212 374 0.0613208 0.0461679 0.0443686
2699 0 1 16 209 367 0.076555 0.0577715 0.0555556
2700 0 1 14 205 324 0.0682927 0.0543224 0.0529301
2701 0 1 14 199 341 0.0703518 0.0537433 0.0518519
2702 0 1 23 192 345 0.119792 0.089365 0.0856611
2703 0 1 22 197 311 0.111675 0.0888811 0.0866142
2704 0 1 21 193 322 0.108808 0.0842389 0.0815534
2705 0 1 15 223 333 0.0672646 0.0550449 0.0539568
2706 0 1 28 227 386 0.123348 0.0945914 0.091354
2707 0 1 26 227 372 0.114537 0.0894724 0.0868113
2708 0 1 22 227 356 0.0969163 0.07739 0.0754717
2709 0 1 11 216 385 0.0509259 0.0381448 0.0366057
2710 0 1 18 231 391 0.0779221 0.0598933 0.0578778
2711 0 1 16 246 373 0.0650406 0.05282 0.0516963
2712 0 1 22 251 354 0.0876494 0.0738047 0.0727273
2713 0 1 41 243 387 0.168724 0.133698 0.130159
2714 0 1 35 252 388 0.138889 0.111931 0.109375
2715 0 1 37 237 388 0.156118 0.122015 0.1184
2716 0 1 26 250 371 0.104 0.0853722 0.0837359
2717 0 1 26 252 375 0.103175 0.084578 0.0829346
2718 0 1 26 266 361 0.0977444 0.0839033 0.0829346
2719 0 1 27 269 371 0.100372 0.0854674 0.084375
2720 0 1 30 263 376 0.114068 0.0954002 0.0938967
2721 0 1 34 256 382 0.132812 0.108724 0.106583
2722 0 1 28 256 376 0.109375 0.0902494 0.0886076
2723 0 1 33 245 376 0.134694 0.108727 0.10628
2724 0 1 35 255 381 0.137255 0.112289 0.110063
2725 0 1 28 237 405 0.118143 0.0903767 0.0872274
2726 0 1 28 247 388 0.11336 0.0904469 0.088189
2727 0 1 31 233 399 0.133047 0.101671 0.0981013
2728 0 1 25 254 394 0.0984252 0.0790269 0.0771605
2729 0 1 47 254 385 0.185039 0.150297 0.147105
2730 0 1 27 250 382 0.108 0.0873699 0.085443
2731 0 1 33 242 403 0.136364 0.10567 0.102326
2732 0 1 52 250 375 0.208 0.169831 0.1664
2733 0 1 47 267 381 0.17603 0.14736 0.145062
2734 0 1 29 245 386 0.118367 0.0943021 0.0919176
2735 0 1 30 243 388 0.123457 0.0977017 0.0950872
2736 0 1 41 254 374 0.161417 0.133024 0.130573
2737 0 1 37 254 376 0.145669 0.119727 0.11746
2738 0 1 32 250 380 0.128 0.103822 0.101587
2739 0 1 40 238 403 0.168067 0.129157 0.124805
2740 0 1 53 243 375 0.218107 0.175573 0.171521
2741 0 1 33 234 356 0.141026 0.114335 0.111864
2742 0 1 38 238 361 0.159664 0.129641 0.126878
2743 0 1 29 247 349 0.117409 0.0987727 0.0973154
2744 0 1 29 230 328 0.126087 0.105584 0.103943
2745 0 1 39 221 347 0.176471 0.140833 0.137324
2746 0 1 26 219 322 0.118721 0.0979092 0.0961183
2747 0 1 16 233 349 0.0686695 0.0561086 0.0549828
2748 0 1 25 213 355 0.117371 0.0909151 0.0880282
2749 0 1 15 231 348 0.0649351 0.0529049 0.0518135
2750 0 1 16 232 347 0.0689655 0.0563912 0.0552677
2751 0 1 20 231 347 0.0865801 0.0706414 0.0692042
2752 0 1 24 227 354 0.105727 0.0846636 0.0826162
2753 0 1 14 229 326 0.0611354 0.0512391 0.0504505
2754 0 1 21 222 331 0.0945946 0.0774692 0.0759494
2755 0 1 15 229 316 0.0655022 0.0557609 0.0550459
2756 0 1 23 229 325 0.100437 0.0843079 0.0830325
2757 0 1 13 228 338 0.0570175 0.0468293 0.0459364
2758 0 1 24 237 343 0.101266 0.0841763 0.0827586
2759 0 1 28 215 332 0.130233 0.104802 0.102377
2760 0 1 25 259 377 0.0965251 0.0800054 0.0786164
2761 0 1 24 244 384 0.0983607 0.0784063 0.0764331
2762 0 1 21 242 365 0.0867769 0.0706586 0.0691928
2763 0 1 21 222 347 0.0945946 0.075662 0.0738137
2764 0 1 14 213 353 0.0657277 0.0510565 0.04947
2765 0 1 14 220 318 0.0636364 0.0529301 0.0520446
2766 0 1 14 206 335 0.0679612 0.0532932 0.051756
2767 0 1 16 213 324 0.0751174 0.0609057 0.0595903
2768 0 1 22 201 309 0.109453 0.0882766 0.0862745
2769 0 1 21 211 309 0.0995261 0.082243 0.0807692
2770 0 1 14 219 307 0.0639269 0.0539929 0.0532319
2771 0 1 22 210 300 0.104762 0.0876501 0.0862745
2772 0 1 17 230 361 0.073913 0.0589972 0.0575296
2773 0 1 21 227 348 0.092511 0.0747165 0.0730435
2774 0 1 23 236 342 0.0974576 0.0809578 0.0795848
2775 0 1 24 223 328 0.107623 0.0887405 0.0871143
2776 0 1 17 219 314 0.0776256 0.0648279 0.0637899
2777 0 1 14 222 307 0.0630631 0.0536269 0.0529301
2778 0 1 16 223 294 0.0717489 0.0624876 0.0618956
2779 0 1 16 218 288 0.0733945 0.0638551 0.0632411
2780 0 1 29 209 282 0.138756 0.119454 0.118126
2781 0 1 31 209 283 0.148325 0.127466 0.126016
2782 0 1 23 205 278 0.112195 0.0963449 0.0952381
2783 0 1 25 217 329 0.115207 0.0935647 0.0915751
2784 0 1 16 203 316 0.0788177 0.0631726 0.061657
2785 0 1 14 200 321 0.07 0.0552536 0.0537428
2786 0 1 14 195 305 0.0717949 0.0574065 0.056
2787 0 1 15 208 309 0.0721154 0.0591671 0.0580271
2788 0 1 13 200 301 0.065 0.052984 0.0518962
2789 0 1 19 208 301 0.0913462 0.0759344 0.0746562
2790 0 1 22 206 322 0.106796 0.0854203 0.0833333
2791 0 1 30 215 328 0.139535 0.112971 0.110497
2792 0 1 21 216 324 0.0972222 0.0793816 0.0777778
2793 0 1 24 200 326 0.12 0.0939912 0.0912548
2794 0 1 21 194 322 0.108247 0.0840215 0.0813954
2795 0 1 19 209 312 0.0909091 0.0744052 0.0729367
2796 0 1 23 192 280 0.119792 0.0991969 0.0974576
2797 0 1 24 207 358 0.115942 0.0881626 0.0849558
2798 0 1 19 210 357 0.0904762 0.0693921 0.0670194
2799 0 1 13 211 333 0.0616114 0.0490433 0.0477941
2800 0 1 15 195 338 0.0769231 0.0584273 0.0562852
2801 0 1 26 203 332 0.128079 0.100151 0.0971963
2802 0 1 31 201 311 0.154229 0.123989 0.121094
2803 0 1 19 186 330 0.102151 0.0766902 0.0736434
2804 0 1 24 194 342 0.123711 0.0931746 0.0895522
2805 0 1 24 191 322 0.125654 0.0967758 0.0935673
2806 0 1 23 183 329 0.125683 0.0937355 0.0898438
2807 0 1 23 169 320 0.136095 0.098903 0.0940695
2808 0 1 21 174 319 0.12069 0.0891352 0.0851927
2809 0 1 13 174 317 0.0747126 0.0553527 0.0529532
2810 0 1 14 165 303 0.0848485 0.062613 0.0598291
2811 0 1 27 187 377 0.144385 0.101689 0.0957447
2812 0 1 26 178 351 0.146067 0.104018 0.0982987
2813 0 1 13 182 353 0.0714286 0.0512885 0.0485981
2814 0 1 18 177 344 0.101695 0.0729469 0.0690979
2815 0 1 27 192 349 0.140625 0.104304 0.0998152
2816 0 1 15 184 330 0.0815217 0.0608731 0.0583658
2817 0 1 17 183 330 0.0928962 0.0691777 0.0662768
2818 0 1 15 180 329 0.0833333 0.0616392 0.0589391
2819 0 1 24 178 326 0.134831 0.0996305 0.0952381
2820 0 1 22 176 341 0.125 0.0898027 0.0851064
2821 0 1 20 183 337 0.10929 0.0805359 0.0769231
2822 0 1 26 170 344 0.152941 0.107515 0.101167
2823 0 1 15 168 328 0.0892857 0.0638998 0.0604839
2824 0 1 20 175 333 0.114286 0.0828493 0.0787402
2825 0 1 13 174 338 0.0747126 0.0536056 0.0507812
2826 0 1 17 180 329 0.0944444 0.0698578 0.0667976
2827 0 1 10 163 310 0.0613497 0.0444862 0.0422833
2828 0 1 25 167 322 0.149701 0.107809 0.102249
2829 0 1 16 181 307 0.0883978 0.0678753 0.0655738
2830 0 1 24 161 326 0.149068 0.104759 0.0985626
2831 0 1 17 156 329 0.108974 0.0750393 0.0701031
2832 0 1 21 180 330 0.116667 0.086164 0.0823529
2833 0 1 9 188 325 0.0478723 0.0364101 0.0350877
2834 0 1 15 184 331 0.0815217 0.0607811 0.0582524
2835 0 1 22 188 331 0.117021 0.0881921 0.0847784
2836 0 1 23 186 338 0.123656 0.0917303 0.0877863
2837 0 1 17 179 328 0.0949721 0.0701593 0.0670611
2838 0 1 22 194 330 0.113402 0.0869491 0.0839695
2839 0 1 27 187 343 0.144385 0.106609 0.101887
2840 0 1 33 192 358 0.171875 0.12587 0.12
2841 0 1 26 201 348 0.129353 0.0983073 0.0947177
2842 0 1 30 191 347 0.157068 0.116531 0.111524
2843 0 1 29 197 346 0.147208 0.111078 0.106814
2844 0 1 29 179 342 0.162011 0.117208 0.111324
2845 0 1 21 186 347 0.112903 0.0826605 0.0787992
2846 0 1 18 178 344 0.101124 0.0727417 0.0689655
2847 0 1 14 186 344 0.0752688 0.0553468 0.0528302
2848 0 1 13 177 324 0.0734463 0.0542855 0.0518962
2849 0 1 26 197 327 0.13198 0.102439 0.0992366
2850 0 1 22 192 321 0.114583 0.0886175 0.08577
2851 0 1 20 184 322 0.108696 0.0821662 0.0790514
2852 0 1 20 182 343 0.10989 0.0800474 0.0761905
2853 0 1 22 187 330 0.117647 0.0885615 0.0851064
2854 0 1 22 182 335 0.120879 0.0890973 0.0851064
2855 0 1 17 181 344 0.0939227 0.0681287 0.0647619
2856 0 1 16 179 331 0.0893855 0.0657324 0.0627451
2857 0 1 19 180 330 0.105556 0.0779579 0.0745098
2858 0 1 19 186 315 0.102151 0.078495 0.0758483
2859 0 1 24 202 326 0.118812 0.0935248 0.0909091
2860 0 1 12 196 327 0.0612245 0.0474001 0.0458891
2861 0 1 37 211 327 0.175355 0.14086 0.137546
2862 0 1 27 196 339 0.137755 0.104746 0.100935
2863 0 1 25 206 321 0.121359 0.0972196 0.0948767
2864 0 1 21 198 330 0.106061 0.0821542 0.0795455
2865 0 1 18 189 332 0.0952381 0.0718576 0.0690979
2866 0 1 26 210 371 0.12381 0.0931487 0.0895009
2867 0 1 24 206 379 0.116505 0.0858931 0.0820513
2868 0 1 25 202 384 0.123762 0.0897633 0.0853242
2869 0 1 24 198 388 0.121212 0.086589 0.0819113
2870 0 1 25 206 397 0.121359 0.0874201 0.0829187
2871 0 1 23 211 387 0.109005 0.080488 0.0769231
2872 0 1 29 224 376 0.129464 0.0999264 0.0966667
2873 0 1 18 215 382 0.0837209 0.062809 0.0603015
2874 0 1 32 213 386 0.150235 0.111601 0.106845
2875 0 1 14 205 391 0.0682927 0.0494496 0.0469799
2876 0 1 21 214 367 0.0981308 0.0749341 0.0722892
2877 0 1 22 215 382 0.102326 0.0767665 0.0737018
2878 0 1 21 228 368 0.0921053 0.0724983 0.0704698
2879 0 1 17 216 377 0.0787037 0.0595733 0.0573356
2880 0 1 28 212 384 0.132075 0.0981351 0.0939597
2881 0 1 22 217 374 0.101382 0.0772248 0.0744501
2882 0 1 25 224 397 0.111607 0.0838341 0.0805153
2883 0 1 26 220 417 0.118182 0.0858408 0.0816327
2884 0 1 28 222 427 0.126126 0.0909427 0.0862866
2885 0 1 17 217 414 0.078341 0.0567177 0.0538827
2886 0 1 26 220 407 0.118182 0.086889 0.0829346
2887 0 1 28 214 398 0.130841 0.0959422 0.0915033
2888 0 1 28 211 408 0.132701 0.0954304 0.0904685
2889 0 1 23 210 405 0.109524 0.0788662 0.0747968
2890 0 1 20 208 394 0.0961538 0.0698635 0.0664452
2891 0 1 14 196 402 0.0714286 0.0498755 0.0468227
2892 0 1 27 197 400 0.137056 0.0961835 0.0904523
2893 0 1 35 218 451 0.16055 0.111622 0.104634
2894 0 1 25 227 448 0.110132 0.0783949 0.0740741
2895 0 1 30 222 450 0.135135 0.0949158 0.0892857
2896 0 1 23 227 450 0.101322 0.0719629 0.0679468
2897 0 1 27 228 435 0.118421 0.0857337 0.081448
2898 0 1 32 226 455 0.141593 0.0997907 0.0939794
2899 0 1 42 223 452 0.188341 0.13229 0.124444
2900 0 1 32 241 442 0.13278 0.0980461 0.0937042
2901 0 1 39 228 438 0.171053 0.123413 0.117117
2902 0 1 46 240 462 0.191667 0.138144 0.131054
2903 0 1 47 251 468 0.187251 0.137132 0.130737
2904 0 1 31 249 451 0.124498 0.0925068 0.0885714
2905 0 1 40 235 457 0.170213 0.122058 0.115607
2906 0 1 37 244 462 0.151639 0.110201 0.104816
2907 0 1 43 249 460 0.172691 0.127054 0.121298
2908 0 1 35 251 470 0.139442 0.101902 0.0970874
2909 0 1 33 250 468 0.132 0.0964764 0.091922
2910 0 1 39 249 463 0.156627 0.114861 0.109551
2911 0 1 36 254 473 0.141732 0.103862 0.0990371
2912 0 1 59 252 459 0.234127 0.173478 0.165963
2913 0 1 47 256 459 0.183594 0.137111 0.131469
2914 0 1 33 253 465 0.130435 0.0962115 0.091922
2915 0 1 29 259 468 0.111969 0.0832962 0.0797799
2916 0 1 44 269 466 0.163569 0.124275 0.119728
2917 0 1 50 256 478 0.195312 0.142934 0.13624
2918 0 1 37 254 468 0.145669 0.107315 0.102493
2919 0 1 47 263 475 0.178707 0.132976 0.127371
2920 0 1 42 259 483 0.162162 0.118748 0.113208
2921 0 1 33 262 463 0.125954 0.0947486 0.0910345
2922 0 1 31 266 467 0.116541 0.0879554 0.0845839
2923 0 1 44 256 465 0.171875 0.127528 0.122053
2924 0 1 45 254 468 0.177165 0.130519 0.124654
2925 0 1 28 269 461 0.104089 0.0795118 0.0767123
2926 0 1 38 267 469 0.142322 0.107384 0.103261
2927 0 1 45 267 453 0.168539 0.129392 0.125
2928 0 1 37 264 477 0.140152 0.104265 0.099865
2929 0 1 47 254 465 0.185039 0.136759 0.130737
2930 0 1 38 253 455 0.150198 0.112 0.107345
2931 0 1 36 252 462 0.142857 0.105507 0.10084
2932 0 1 36 260 450 0.138462 0.105247 0.101408
2933 0 1 37 251 469 0.14741 0.10784 0.102778
2934 0 1 28 251 457 0.111554 0.0826729 0.079096
2935 0 1 36 262 454 0.137405 0.104382 0.100559
2936 0 1 33 256 463 0.128906 0.0958525 0.0917942
2937 0 1 30 274 474 0.109489 0.0832447 0.0802139
2938 0 1 31 278 452 0.111511 0.0874521 0.0849315
2939 0 1 30 273 449 0.10989 0.0856874 0.0831025
2940 0 1 37 268 461 0.13806 0.105265 0.101509
2941 0 1 44 272 465 0.161765 0.123721 0.119403
2942 0 1 44 267 453 0.164794 0.126517 0.122222
2943 0 1 47 271 455 0.173432 0.133847 0.129477
2944 0 1 60 260 453 0.230769 0.17483 0.168303
2945 0 1 44 255 452 0.172549 0.129602 0.12447
2946 0 1 54 256 444 0.210938 0.16017 0.154286
2947 0 1 45 262 455 0.171756 0.130334 0.125523
2948 0 1 48 263 437 0.18251 0.141587 0.137143
2949 0 1 40 270 435 0.148148 0.116717 0.113475
2950 0 1 57 283 444 0.201413 0.160802 0.156809
2951 0 1 40 283 448 0.141343 0.112338 0.109439
2952 0 1 43 285 441 0.150877 0.12129 0.118457
2953 0 1 31 290 434 0.106897 0.0873812 0.0856354
2954 0 1 42 283 443 0.14841 0.118619 0.115702
2955 0 1 25 286 442 0.0874126 0.0703147 0.0686813
2956 0 1 32 278 443 0.115108 0.0911855 0.0887656
2957 0 1 33 273 446 0.120879 0.0945726 0.0917942
2958 0 1 30 274 437 0.109489 0.0866972 0.0843882
2959 0 1 26 276 430 0.0942029 0.0754718 0.0736544
2960 0 1 35 265 437 0.132075 0.10285 0.0997151
2961 0 1 24 257 440 0.0933852 0.0713704 0.0688666
2962 0 1 31 263 436 0.117871 0.0915463 0.0886981
2963 0 1 37 266 437 0.139098 0.108523 0.105263
2964 0 1 30 262 432 0.114504 0.0891721 0.0864553
2965 0 1 25 263 430 0.095057 0.0743409 0.0721501
2966 0 1 23 274 429 0.0839416 0.0670848 0.0654339
2967 0 1 24 270 411 0.0888889 0.0720458 0.0704846
2968 0 1 21 279 419 0.0752688 0.0614201 0.0601719
2969 0 1 27 253 421 0.106719 0.0827299 0.0801187
2970 0 1 28 259 436 0.108108 0.083323 0.0805755
2971 0 1 40 258 417 0.155039 0.12195 0.118519
2972 0 1 33 259 426 0.127413 0.099348 0.0963504
2973 0 1 25 255 422 0.0980392 0.0762103 0.0738552
2974 0 1 25 252 415 0.0992064 0.0773064 0.0749625
2975 0 1 39 259 409 0.150579 0.119827 0.116766
2976 0 1 39 245 404 0.159184 0.123963 0.120185
2977 0 1 43 235 423 0.182979 0.136384 0.130699
2978 0 1 48 247 424 0.194332 0.148323 0.14307
2979 0 1 39 231 423 0.168831 0.124764 0.119266
2980 0 1 25 233 407 0.107296 0.081183 0.078125
2981 0 1 15 226 378 0.0663717 0.0513205 0.0496689
2982 0 1 27 238 389 0.113445 0.0887361 0.0861244
2983 0 1 23 242 391 0.0950413 0.0747708 0.0726698
2984 0 1 28 242 379 0.115702 0.0924551 0.0901771
2985 0 1 24 251 386 0.0956175 0.0771047 0.0753532
2986 0 1 27 238 389 0.113445 0.0887361 0.0861244
2987 0 1 28 235 411 0.119149 0.0900955 0.0866873
2988 0 1 26 248 378 0.104839 0.0849184 0.0830671
2989 0 1 35 228 383 0.153509 0.118441 0.114566
2990 0 1 19 227 395 0.0837004 0.0634515 0.0610932
2991 0 1 32 246 380 0.130081 0.104662 0.102236
2992 0 1 29 227 391 0.127753 0.0973412 0.0938511
2993 0 1 39 225 377 0.173333 0.133907 0.129568
2994 0 1 26 230 358 0.113043 0.0906083 0.0884354
2995 0 1 30 218 368 0.137615 0.105918 0.102389
2996 0 1 28 234 381 0.119658 0.0937751 0.0910569
2997 0 1 32 237 382 0.135021 0.106352 0.103393
2998 0 1 26 232 380 0.112069 0.0875664 0.0849673
2999 0 1 18 230 385 0.0782609 0.0604893 0.0585366
3000 0 1 22 226 385 0.0973451 0.0745827 0.0720131
3001 0 1 17 232 369 0.0732759 0.0581021 0.0565724
3002 0 1 13 214 396 0.0607477 0.0446569 0.0426229
3003 0 1 13 218 390 0.059633 0.0445844 0.0427632
3004 0 1 27 207 380 0.130435 0.0962691 0.0919932
3005 0 1 25 214 390 0.116822 0.0865368 0.0827815
3006 0 1 25 208 384 0.120192 0.0884591 0.0844595
3007 0 1 25 204 374 0.122549 0.0905084 0.0865052
3008 0 1 11 201 373 0.0547264 0.0401736 0.0383275
3009 0 1 20 185 363 0.108108 0.0771775 0.0729927
3010 0 1 25 193 362 0.129534 0.0945817 0.0900901
3011 0 1 23 199 356 0.115578 0.0864124 0.0828829
3012 0 1 15 219 399 0.0684932 0.0507438 0.0485437
3013 0 1 21 205 405 0.102439 0.0728811 0.0688525
3014 0 1 19 195 387 0.0974359 0.0691641 0.0652921
3015 0 1 16 210 364 0.0761905 0.0578708 0.0557491
3016 0 1 17 196 373 0.0867347 0.0628733 0.059754
3017 0 1 21 196 372 0.107143 0.0777714 0.0739437
3018 0 1 15 185 359 0.0810811 0.0582047 0.0551471
3019 0 1 19 185 370 0.102703 0.0726218 0.0684685
3020 0 1 27 187 366 0.144385 0.103205 0.0976492
3021 0 1 23 184 360 0.125 0.089365 0.0845588
3022 0 1 23 183 364 0.125683 0.0891152 0.0840951
3023 0 1 22 168 358 0.130952 0.089707 0.0836502
3024 0 1 14 186 350 0.0752688 0.0548703 0.0522388
3025 0 1 14 201 348 0.0696517 0.0529347 0.0510018
3026 0 1 12 176 359 0.0681818 0.0477395 0.0448598
3027 0 1 25 207 372 0.120773 0.0900914 0.0863558
3028 0 1 23 182 382 0.126374 0.0872289 0.0815603
3029 0 1 17 198 389 0.0858586 0.061255 0.0579216
3030 0 1 22 202 398 0.108911 0.07759 0.0733333
3031 0 1 23 194 392 0.118557 0.0834034 0.0784983
3032 0 1 31 205 401 0.15122 0.108122 0.10231
3033 0 1 32 205 395 0.156098 0.112454 0.106667
3034 0 1 24 206 387 0.116505 0.0850006 0.0809444
3035 0 1 40 216 401 0.185185 0.135913 0.12966
3036 0 1 23 194 379 0.118557 0.0848218 0.0802792
3037 0 1 36 198 372 0.181818 0.132647 0.126316
3038 0 1 32 188 374 0.170213 0.12068 0.113879
3039 0 1 26 188 371 0.138298 0.0984481 0.0930233
3040 0 1 32 209 452 0.15311 0.104114 0.096823
3041 0 1 28 204 461 0.137255 0.0913046 0.0842105
3042 0 1 30 198 448 0.151515 0.100728 0.0928793
3043 0 1 31 204 456 0.151961 0.10164 0.0939394
3044 0 1 39 207 434 0.188406 0.130117 0.121685
3045 0 1 31 200 441 0.155 0.104382 0.0967239
3046 0 1 31 209 438 0.148325 0.102459 0.0958269
3047 0 1 40 210 439 0.190476 0.13174 0.123267
3048 0 1 32 211 428 0.151659 0.106485 0.100156
3049 0 1 27 210 429 0.128571 0.089955 0.084507
3050 0 1 26 211 417 0.123223 0.0876525 0.0828025
3051 0 1 31 196 407 0.158163 0.109758 0.102819
3052 0 1 32 196 420 0.163265 0.111531 0.103896
3053 0 1 22 206 421 0.106796 0.0747047 0.0701754
3054 0 1 19 199 396 0.0954774 0.067683 0.0638655
3055 0 1 20 183 411 0.10929 0.0729262 0.0673401
3056 0 1 29 204 407 0.142157 0.100644 0.0949263
3057 0 1 20 191 383 0.104712 0.0739459 0.0696864
3058 0 1 17 230 443 0.073913 0.0532578 0.0505201
3059 0 1 22 232 461 0.0948276 0.0672711 0.0634921
3060 0 1 22 232 460 0.0948276 0.0673441 0.0635838
3061 0 1 20 228 455 0.0877193 0.062095 0.0585652
3062 0 1 27 228 453 0.118421 0.0840131 0.0792952
3063 0 1 25 222 455 0.112613 0.0786607 0.0738552
3064 0 1 22 219 452 0.100457 0.0699248 0.0655738
3065 0 1 23 224 442 0.102679 0.0730958 0.0690691
3066 0 1 28 215 413 0.130233 0.0939645 0.089172
3067 0 1 24 220 411 0.109091 0.079814 0.0760697
3068 0 1 21 219 409 0.0958904 0.0701674 0.066879
3069 0 1 26 218 397 0.119266 0.0883792 0.0845528
3070 0 1 29 215 416 0.134884 0.0969688 0.0919176
3071 0 1 27 212 409 0.127358 0.0916926 0.0869565
3072 0 1 21 242 469 0.0867769 0.062334 0.0590717
3073 0 1 25 246 457 0.101626 0.0745614 0.0711238
3074 0 1 13 223 432 0.058296 0.0418841 0.0396947
3075 0 1 17 227 423 0.0748899 0.0548613 0.0523077
3076 0 1 17 219 419 0.0776256 0.0561203 0.0532915
3077 0 1 19 230 406 0.0826087 0.0621766 0.0597484
3078 0 1 23 212 428 0.108491 0.0763551 0.071875
3079 0 1 31 214 424 0.14486 0.102913 0.0971787
3080 0 1 27 220 408 0.122727 0.0901202 0.0859873
3081 0 1 26 215 401 0.12093 0.0885487 0.0844156
3082 0 1 30 222 392 0.135135 0.101696 0.0977199
3083 0 1 22 217 400 0.101382 0.0746729 0.0713128
3084 0 1 23 212 405 0.108491 0.0784933 0.0745543
3085 0 1 27 201 396 0.134328 0.0957014 0.0904523
3086 0 1 20 201 408 0.0995025 0.0698396 0.0656814
3087 0 1 21 195 405 0.107692 0.0747265 0.07
3088 0 1 24 204 398 0.117647 0.0842276 0.0797342
3089 0 1 21 199 404 0.105528 0.0740631 0.0696517
3090 0 1 18 210 399 0.0857143 0.0621837 0.0591133
3091 0 1 17 187 389 0.0909091 0.0630309 0.0590278
3092 0 1 12 195 436 0.0615385 0.0411548 0.0380349
3093 0 1 18 199 427 0.0904523 0.0617493 0.057508
3094 0 1 13 179 422 0.0726257 0.0472999 0.0432612
3095 0 1 25 187 414 0.13369 0.0898502 0.0831947
3096 0 1 27 188 394 0.143617 0.0992057 0.0927835
3097 0 1 20 172 378 0.116279 0.0784368 0.0727273
3098 0 1 22 185 379 0.118919 0.083084 0.0780142
3099 0 1 30 187 381 0.160428 0.112393 0.105634
3100 0 1 28 175 366 0.16 0.110637 0.103512
3101 0 1 16 166 367 0.0963855 0.0648236 0.0600375
3102 0 1 17 167 362 0.101796 0.0691411 0.0642722
3103 0 1 20 182 383 0.10989 0.0757521 0.0707965
3104 0 1 25 177 385 0.141243 0.0957686 0.088968
3105 0 1 21 193 442 0.108808 0.0719001 0.0661417
3106 0 1 19 190 439 0.1 0.0657877 0.0604134
3107 0 1 20 197 435 0.101523 0.0683207 0.0632911
3108 0 1 27 185 430 0.145946 0.095729 0.0878049
3109 0 1 26 188 423 0.138298 0.0921986 0.0851064
3110 0 1 14 186 391 0.0752688 0.0519138 0.0485269
3111 0 1 10 188 404 0.0531915 0.0362853 0.0337838
3112 0 1 13 185 388 0.0702703 0.0485223 0.0453752
3113 0 1 22 168 384 0.130952 0.0866169 0.0797101
3114 0 1 20 163 388 0.122699 0.079528 0.0725953
3115 0 1 29 174 401 0.166667 0.109787 0.10087
3116 0 1 14 185 405 0.0756757 0.0511464 0.0474576
3117 0 1 18 166 406 0.108434 0.0693355 0.0629371
3118 0 1 20 173 395 0.115607 0.0765083 0.0704225
3119 0 1 18 181 413 0.0994475 0.0658352 0.0606061
3120 0 1 27 175 414 0.154286 0.10031 0.0916808
3121 0 1 27 176 399 0.153409 0.101888 0.093913
3122 0 1 30 183 405 0.163934 0.110197 0.102041
3123 0 1 31 170 396 0.182353 0.119478 0.109541
3124 0 1 22 176 391 0.125 0.0838645 0.0776014
3125 0 1 14 170 387 0.0823529 0.0545818 0.0502693
3126 0 1 20 175 379 0.114286 0.0776589 0.0722022
3127 0 1 21 178 384 0.117978 0.0803237 0.0747331
3128 0 1 11 177 374 0.0621469 0.0427534 0.0399274
3129 0 1 18 168 360 0.107143 0.0731925 0.0681818
3130 0 1 15 190 431 0.0789474 0.0524174 0.0483092
3131 0 1 13 201 420 0.0646766 0.0447425 0.041868
3132 0 1 4 197 409 0.0203046 0.0140918 0.0132013
3133 0 1 14 185 389 0.0756757 0.0521876 0.0487805
3134 0 1 31 180 391 0.172222 0.116852 0.108581
3135 0 1 16 175 387 0.0914286 0.0614816 0.0569395
3136 0 1 18 176 385 0.102273 0.069149 0.0641711
3137 0 1 15 190 396 0.0789474 0.0546848 0.0511945
3138 0 1 18 196 398 0.0918367 0.064447 0.0606061
3139 0 1 14 181 399 0.0773481 0.0520958 0.0482759
3140 0 1 18 183 415 0.0983607 0.0653165 0.0602007
3141 0 1 16 189 396 0.0846561 0.0584846 0.0547009
3142 0 1 12 181 384 0.0662983 0.0455173 0.0424779
3143 0 1 7 169 387 0.0414201 0.0273715 0.0251799
3144 0 1 18 177 384 0.101695 0.0690431 0.0641711
3145 0 1 17 173 373 0.0982659 0.0669224 0.0622711
3146 0 1 22 173 367 0.127168 0.0873105 0.0814815
3147 0 1 15 170 358 0.0882353 0.060803 0.0568182
3148 0 1 17 193 412 0.0880829 0.0602867 0.0561983
3149 0 1 16 189 397 0.0846561 0.0584109 0.0546075
3150 0 1 18 189 390 0.0952381 0.0662994 0.0621762
3151 0 1 18 182 385 0.0989011 0.0679996 0.0634921
3152 0 1 14 181 390 0.0773481 0.0526934 0.0490368
3153 0 1 13 177 363 0.0734463 0.0512865 0.0481481
3154 0 1 7 180 382 0.0388889 0.026695 0.024911
3155 0 1 5 176 376 0.0284091 0.0194366 0.0181159
3156 0 1 14 183 363 0.0765027 0.0543187 0.0512821
3157 0 1 12 179 352 0.0670391 0.0478061 0.0451977
3158 0 1 12 188 398 0.0638298 0.0438693 0.0409556
3159 0 1 15 192 399 0.078125 0.0541944 0.0507614
3160 0 1 21 211 386 0.0995261 0.0735842 0.0703518
3161 0 1 11 192 400 0.0572917 0.0396928 0.0371622
3162 0 1 16 193 386 0.0829016 0.0586203 0.0552677
3163 0 1 21 187 395 0.112299 0.077268 0.0721649
3164 0 1 18 191 412 0.0942408 0.0641663 0.0597015
3165 0 1 21 197 420 0.106599 0.0730065 0.0680713
3166 0 1 18 209 412 0.0861244 0.061341 0.057971
3167 0 1 16 199 412 0.080402 0.0558785 0.0523732
3168 0 1 14 203 411 0.0689655 0.0484684 0.0456026
3169 0 1 20 205 415 0.097561 0.0685692 0.0645161
3170 0 1 19 205 411 0.0926829 0.0654569 0.0616883
3171 0 1 15 213 416 0.0704225 0.0503912 0.0476948
3172 0 1 16 201 406 0.079602 0.0560091 0.0527183
3173 0 1 21 208 398 0.100962 0.0729871 0.0693069
3174 0 1 17 197 410 0.0862944 0.0598169 0.0560132
3175 0 1 21 206 392 0.101942 0.0738997 0.0702341
3176 0 1 16 192 415 0.0833333 0.056682 0.0527183
3177 0 1 18 205 422 0.0878049 0.0611983 0.0574163
3178 0 1 14 201 426 0.0696517 0.0478438 0.0446571
3179 0 1 16 199 418 0.080402 0.055476 0.0518639
3180 0 1 12 202 418 0.0594059 0.0412969 0.0387097
3181 0 1 14 206 405 0.0679612 0.0484693 0.0458265
3182 0 1 6 203 405 0.0295567 0.0209255 0.0197368
3183 0 1 7 199 431 0.0351759 0.0239019 0.0222222
3184 0 1 10 214 427 0.046729 0.033081 0.0312012
3185 0 1 11 204 407 0.0539216 0.0381751 0.0360065
3186 0 1 12 211 393 0.056872 0.0416719 0.0397351
3187 0 1 13 189 394 0.0687831 0.0476392 0.0445969
3188 0 1 7 203 389 0.0344828 0.0249101 0.0236486
3189 0 1 6 181 384 0.0331492 0.0227586 0.0212389
3190 0 1 11 235 482 0.0468085 0.032684 0.0306834
3191 0 1 16 231 480 0.0692641 0.04805 0.045007
3192 0 1 3 213 485 0.0140845 0.00933385 0.00859599
3193 0 1 17 227 447 0.0748899 0.0533682 0.0504451
3194 0 1 19 213 446 0.0892019 0.0616448 0.0576631
3195 0 1 9 216 468 0.0416667 0.0283069 0.0263158
3196 0 1 20 220 447 0.0909091 0.0637771 0.05997
3197 0 1 13 214 427 0.0607477 0.0430054 0.0405616
3198 0 1 31 213 433 0.14554 0.102077 0.0959752
3199 0 1 31 218 434 0.142202 0.100783 0.095092
3200 0 1 26 214 411 0.121495 0.0876689 0.0832
3201 0 1 24 197 416 0.121827 0.0838362 0.0783034
3202 0 1 31 203 406 0.152709 0.107982 0.101806
3203 0 1 36 205 404 0.17561 0.125094 0.118227
3204 0 1 24 210 402 0.114286 0.0826016 0.0784314
3205 0 1 39 204 399 0.191176 0.136698 0.129353
3206 0 1 32 204 406 0.156863 0.111192 0.104918
3207 0 1 28 213 407 0.131455 0.0950979 0.0903226
3208 0 1 42 211 390 0.199052 0.146412 0.139767
3209 0 1 40 212 402 0.188679 0.137018 0.130293
3210 0 1 33 202 409 0.163366 0.114809 0.10802
3211 0 1 26 215 422 0.12093 0.0863173 0.0816327
3212 0 1 35 198 417 0.176768 0.121806 0.113821
3213 0 1 43 211 420 0.203791 0.144445 0.136292
3214 0 1 36 193 402 0.186529 0.129244 0.121008
3215 0 1 37 196 396 0.188776 0.132809 0.125
3216 0 1 38 191 402 0.198953 0.137137 0.128162
3217 0 1 40 196 395 0.204082 0.143758 0.135364
3218 0 1 29 204 390 0.142157 0.102814 0.0976431
3219 0 1 39 191 384 0.204188 0.144007 0.135652
3220 0 1 30 236 423 0.127119 0.09495 0.091047
3221 0 1 29 234 424 0.123932 0.0920677 0.0881459
3222 0 1 29 229 409 0.126638 0.0947586 0.0909091
3223 0 1 26 241 408 0.107884 0.0829153 0.0801233
3224 0 1 32 228 419 0.140351 0.103532 0.0989181
3225 0 1 38 224 403 0.169643 0.126476 0.121212
3226 0 1 28 210 388 0.133333 0.0980918 0.0936455
3227 0 1 25 212 389 0.117925 0.0870557 0.0831947
3228 0 1 19 202 371 0.0940594 0.069405 0.0663176
3229 0 1 31 198 385 0.156566 0.112279 0.106346
3230 0 1 35 213 370 0.164319 0.124674 0.120069
3231 0 1 21 196 354 0.107143 0.0797241 0.0763636
3232 0 1 35 240 444 0.145833 0.107219 0.102339
3233 0 1 25 233 445 0.107296 0.0776394 0.0737463
3234 0 1 16 223 446 0.0717489 0.0507341 0.0478326
3235 0 1 20 202 426 0.0990099 0.0681788 0.0636943
3236 0 1 27 214 411 0.126168 0.0910408 0.0864
3237 0 1 27 216 392 0.125 0.0927884 0.0888158
3238 0 1 22 207 374 0.10628 0.0790682 0.0757315
3239 0 1 30 203 389 0.147783 0.106758 0.101351
3240 0 1 35 211 383 0.165877 0.12312 0.117845
3241 0 1 34 216 398 0.157407 0.115961 0.110749
3242 0 1 36 202 387 0.178218 0.128757 0.122241
3243 0 1 29 200 369 0.145 0.10675 0.101933
3244 0 1 26 202 392 0.128713 0.0923963 0.0875421
3245 0 1 31 210 378 0.147619 0.110029 0.105442
3246 0 1 33 202 363 0.163366 0.121867 0.116814
3247 0 1 22 191 374 0.115183 0.0823133 0.0778761
3248 0 1 37 197 348 0.187817 0.141312 0.13578
3249 0 1 33 224 411 0.147321 0.10876 0.103937
3250 0 1 31 223 400 0.139013 0.103796 0.0995185
3251 0 1 38 224 403 0.169643 0.126476 0.121212
3252 0 1 26 226 394 0.115044 0.0871307 0.083871
3253 0 1 30 217 393 0.138249 0.102729 0.0983607
3254 0 1 35 227 387 0.154185 0.118086 0.114007
3255 0 1 37 212 384 0.174528 0.129679 0.124161
3256 0 1 27 218 394 0.123853 0.0921271 0.0882353
3257 0 1 39 225 387 0.173333 0.132165 0.127451
3258 0 1 28 221 385 0.126697 0.0959912 0.0924092
3259 0 1 31 233 397 0.133047 0.101927 0.0984127
3260 0 1 41 249 445 0.164659 0.12317 0.118156
3261 0 1 40 249 455 0.160643 0.118838 0.113636
3262 0 1 38 261 461 0.145594 0.10955 0.105263
3263 0 1 38 250 461 0.152 0.111934 0.106892
3264 0 1 47 249 450 0.188755 0.140408 0.134478
3265 0 1 35 245 432 0.142857 0.107583 0.103397
3266 0 1 35 235 414 0.148936 0.112211 0.107858
3267 0 1 37 225 414 0.164444 0.12123 0.115806
3268 0 1 32 217 396 0.147465 0.109162 0.104405
3269 0 1 40 194 377 0.206186 0.147907 0.140105
3270 0 1 39 186 374 0.209677 0.147867 0.139286
3271 0 1 39 240 469 0.1625 0.116245 0.110014
3272 0 1 30 247 446 0.121457 0.0903869 0.0865801
3273 0 1 36 231 446 0.155844 0.112158 0.106352
3274 0 1 46 252 447 0.18254 0.137058 0.131617
3275 0 1 39 236 418 0.165254 0.124171 0.119266
3276 0 1 30 234 444 0.128205 0.0930726 0.0884956
3277 0 1 52 235 454 0.221277 0.159199 0.150943
3278 0 1 28 227 420 0.123348 0.0906819 0.0865533
3279 0 1 35 226 420 0.154867 0.113603 0.108359
3280 0 1 33 233 432 0.141631 0.104015 0.0992481
3281 0 1 42 221 425 0.190045 0.137044 0.130031
3282 0 1 50 210 419 0.238095 0.16856 0.158983
3283 0 1 45 219 389 0.205479 0.154176 0.148026
3284 0 1 48 215 384 0.223256 0.167054 0.160267
3285 0 1 46 215 394 0.213953 0.158049 0.151067
3286 0 1 50 216 399 0.231481 0.170316 0.162602
3287 0 1 35 202 389 0.173267 0.124858 0.118443
3288 0 1 48 198 372 0.242424 0.176863 0.168421
3289 0 1 49 200 365 0.245 0.181357 0.173451
3290 0 1 46 193 347 0.238342 0.177752 0.17037
3291 0 1 50 222 419 0.225225 0.163941 0.156006
3292 0 1 32 215 397 0.148837 0.109531 0.104575
3293 0 1 41 213 386 0.192488 0.142988 0.136895
3294 0 1 38 203 371 0.187192 0.138468 0.132404
3295 0 1 46 205 395 0.22439 0.161652 0.153333
3296 0 1 32 194 380 0.164948 0.117858 0.111498
3297 0 1 34 201 363 0.169154 0.125872 0.120567
3298 0 1 31 176 354 0.176136 0.124195 0.116981
3299 0 1 27 179 348 0.150838 0.10818 0.102467
3300 0 1 30 178 352 0.168539 0.119851 0.113208
3301 0 1 32 169 332 0.189349 0.135094 0.127745
3302 0 1 38 183 374 0.20765 0.145252 0.136445
3303 0 1 20 170 342 0.117647 0.0829454 0.078125
3304 0 1 30 177 331 0.169492 0.123943 0.11811
3305 0 1 20 170 327 0.117647 0.0848265 0.0804829
3306 0 1 30 176 314 0.170455 0.127615 0.122449
3307 0 1 42 153 298 0.27451 0.196696 0.186253
3308 0 1 30 155 305 0.193548 0.137977 0.130435
3309 0 1 40 145 285 0.275862 0.196768 0.186047
3310 0 1 35 144 274 0.243056 0.176202 0.167464
3311 0 1 37 153 285 0.24183 0.177188 0.16895
3312 0 1 38 150 291 0.253333 0.181883 0.172336
3313 0 1 27 145 285 0.186207 0.132818 0.125581
3314 0 1 25 173 347 0.144509 0.102036 0.0961538
3315 0 1 33 157 343 0.210191 0.142206 0.132
3316 0 1 35 169 334 0.207101 0.147317 0.139165
3317 0 1 32 167 320 0.191617 0.138426 0.131417
3318 0 1 49 181 316 0.270718 0.204886 0.197183
3319 0 1 41 171 311 0.239766 0.177789 0.170124
3320 0 1 37 168 321 0.220238 0.159329 0.151329
3321 0 1 47 166 308 0.283133 0.207859 0.198312
3322 0 1 43 174 333 0.247126 0.178637 0.169625
3323 0 1 50 165 321 0.30303 0.217258 0.205761
3324 0 1 54 162 314 0.333333 0.239426 0.226891
3325 0 1 51 163 323 0.312883 0.222267 0.209877
3326 0 1 45 166 325 0.271084 0.193739 0.183299
3327 0 1 36 185 429 0.194595 0.127787 0.117264
3328 0 1 36 199 411 0.180905 0.12588 0.118033
3329 0 1 41 195 409 0.210256 0.145179 0.135762
3330 0 1 42 181 419 0.232044 0.152512 0.14
3331 0 1 50 183 403 0.273224 0.184116 0.170648
3332 0 1 38 196 409 0.193878 0.134213 0.12562
3333 0 1 39 183 409 0.213115 0.142553 0.131757
3334 0 1 54 189 430 0.285714 0.189421 0.174475
3335 0 1 46 186 421 0.247312 0.164384 0.151565
3336 0 1 38 191 416 0.198953 0.134809 0.125206
3337 0 1 37 194 418 0.190722 0.129931 0.120915
3338 0 1 33 155 419 0.212903 0.129491 0.114983
3339 0 1 37 175 387 0.211429 0.142176 0.131673
3340 0 1 47 171 401 0.274854 0.179485 0.164336
3341 0 1 50 158 393 0.316456 0.200653 0.181488
3342 0 1 51 175 397 0.291429 0.193489 0.178322
3343 0 1 45 176 384 0.255682 0.173097 0.160714
3344 0 1 52 174 387 0.298851 0.200389 0.185383
3345 0 1 49 179 385 0.273743 0.186655 0.173759
3346 0 1 51 190 407 0.268421 0.183399 0.170854
3347 0 1 55 185 426 0.297297 0.195917 0.180033
3348 0 1 53 184 413 0.288043 0.192261 0.177554
3349 0 1 67 182 397 0.368132 0.249255 0.231434
3350 0 1 54 189 382 0.285714 0.20097 0.189142
3351 0 1 60 221 506 0.271493 0.179424 0.165062
3352 0 1 51 214 479 0.238318 0.159293 0.147186
3353 0 1 44 215 477 0.204651 0.137396 0.127168
3354 0 1 36 216 438 0.166667 0.117041 0.110092
3355 0 1 47 214 443 0.219626 0.152647 0.143075
3356 0 1 68 209 444 0.325359 0.223226 0.20827
3357 0 1 61 205 441 0.297561 0.202877 0.188854
3358 0 1 52 199 419 0.261307 0.180082 0.168285
3359 0 1 57 217 429 0.262673 0.186817 0.176471
3360 0 1 53 200 429 0.265 0.180939 0.168521
3361 0 1 60 213 423 0.28169 0.19989 0.188679
3362 0 1 71 208 445 0.341346 0.233371 0.217458
3363 0 1 68 214 443 0.317757 0.220851 0.207002
3364 0 1 68 219 419 0.310502 0.224481 0.213166
3365 0 1 62 211 404 0.293839 0.212354 0.201626
3366 0 1 59 254 465 0.232283 0.171676 0.164117
3367 0 1 48 247 461 0.194332 0.142247 0.135593
3368 0 1 42 242 442 0.173554 0.128419 0.122807
3369 0 1 43 222 441 0.193694 0.137427 0.129713
3370 0 1 48 242 465 0.198347 0.143089 0.135785
3371 0 1 61 238 463 0.256303 0.18376 0.174037
3372 0 1 51 239 448 0.213389 0.155859 0.148472
3373 0 1 64 234 451 0.273504 0.197008 0.186861
3374 0 1 56 241 435 0.232365 0.172956 0.16568
3375 0 1 62 231 414 0.268398 0.200487 0.192248
3376 0 1 67 222 426 0.301802 0.217868 0.20679
3377 0 1 61 231 435 0.264069 0.192433 0.183183
3378 0 1 57 245 426 0.232653 0.176436 0.169896
3379 0 1 66 237 426 0.278481 0.207714 0.199095
3380 0 1 55 232 423 0.237069 0.175569 0.167939
3381 0 1 64 229 431 0.279476 0.203715 0.193939
3382 0 1 65 225 434 0.288889 0.208007 0.197269
3383 0 1 69 245 420 0.281633 0.2151 0.207519
3384 0 1 84 251 411 0.334661 0.26153 0.253776
3385 0 1 54 230 421 0.234783 0.173536 0.165899
3386 0 1 55 238 425 0.231092 0.172934 0.165913
3387 0 1 62 242 415 0.256198 0.195641 0.188737
3388 0 1 42 230 414 0.182609 0.136108 0.130435
3389 0 1 57 234 402 0.24359 0.185846 0.179245
3390 0 1 52 227 420 0.229075 0.168409 0.160742
3391 0 1 53 219 411 0.242009 0.176658 0.168254
3392 0 1 56 236 403 0.237288 0.181585 0.175274
3393 0 1 59 234 385 0.252137 0.196568 0.19063
3394 0 1 59 232 393 0.25431 0.195394 0.1888
3395 0 1 60 230 393 0.26087 0.199568 0.192616
3396 0 1 69 216 389 0.319444 0.238039 0.228099
3397 0 1 63 238 462 0.264706 0.18999 0.18
3398 0 1 63 231 470 0.272727 0.191199 0.179743
3399 0 1 59 226 458 0.261062 0.183386 0.172515
3400 0 1 63 229 444 0.275109 0.197575 0.187221
3401 0 1 49 230 420 0.213043 0.157655 0.150769
3402 0 1 48 223 444 0.215247 0.152545 0.143928
3403 0 1 47 227 432 0.207048 0.150087 0.14264
3404 0 1 48 224 422 0.214286 0.156121 0.148607
3405 0 1 51 234 435 0.217949 0.159852 0.152466
3406 0 1 47 231 440 0.203463 0.147423 0.140089
3407 0 1 57 230 434 0.247826 0.180412 0.171687
3408 0 1 62 230 434 0.269565 0.196238 0.186747
3409 0 1 62 234 427 0.264957 0.196142 0.187595
3410 0 1 49 231 413 0.212121 0.158641 0.152174
3411 0 1 48 226 428 0.212389 0.154335 0.146789
3412 0 1 55 235 446 0.234043 0.169887 0.161527
3413 0 1 55 238 440 0.231092 0.16996 0.162242
3414 0 1 51 239 434 0.213389 0.158353 0.15156
3415 0 1 51 241 436 0.211618 0.157332 0.150665
3416 0 1 46 249 435 0.184739 0.13977 0.134503
3417 0 1 37 241 447 0.153527 0.11273 0.107558
3418 0 1 49 241 450 0.20332 0.148793 0.141823
3419 0 1 42 245 445 0.171429 0.1272 0.121739
3420 0 1 45 250 449 0.18 0.134313 0.128755
3421 0 1 43 249 434 0.172691 0.130805 0.125915
3422 0 1 39 258 422 0.151163 0.118195 0.114706
3423 0 1 43 246 413 0.174797 0.134904 0.130501
3424 0 1 60 250 416 0.24 0.186052 0.18018
3425 0 1 43 259 419 0.166023 0.13053 0.126844
3426 0 1 34 257 433 0.132296 0.101922 0.0985507
3427 0 1 42 263 439 0.159696 0.123606 0.119658
3428 0 1 47 259 425 0.181467 0.141662 0.137427
3429 0 1 40 263 428 0.152091 0.119223 0.115774
3430 0 1 53 248 438 0.21371 0.16081 0.154519
3431 0 1 63 262 449 0.240458 0.183682 0.177215
3432 0 1 61 254 443 0.240157 0.181849 0.175036
3433 0 1 46 258 422 0.178295 0.139409 0.135294
3434 0 1 48 262 435 0.183206 0.142182 0.137733
3435 0 1 40 267 452 0.149813 0.115142 0.111266
3436 0 1 52 260 454 0.2 0.151352 0.145658
3437 0 1 41 265 452 0.154717 0.118465 0.114365
3438 0 1 39 240 450 0.1625 0.118673 0.113043
3439 0 1 58 260 435 0.223077 0.172463 0.166906
3440 0 1 53 270 433 0.196296 0.155007 0.150782
3441 0 1 52 263 442 0.197719 0.152516 0.147518
3442 0 1 61 277 436 0.220217 0.175528 0.171108
3443 0 1 58 265 428 0.218868 0.17222 0.167388
3444 0 1 41 261 433 0.157088 0.121961 0.118156
3445 0 1 44 248 417 0.177419 0.136823 0.132331
3446 0 1 38 248 432 0.153226 0.116096 0.111765
3447 0 1 37 257 437 0.143969 0.110406 0.106628
3448 0 1 52 254 452 0.204724 0.153468 0.147309
3449 0 1 52 259 460 0.200772 0.150652 0.144645
3450 0 1 39 248 441 0.157258 0.117929 0.113208
3451 0 1 43 250 497 0.172 0.121989 0.115127
3452 0 1 42 258 475 0.162791 0.119976 0.114598
3453 0 1 51 253 472 0.201581 0.147584 0.14069
3454 0 1 33 251 471 0.131474 0.0959769 0.0914127
3455 0 1 46 268 485 0.171642 0.127591 0.122178
3456 0 1 41 254 489 0.161417 0.116336 0.110363
3457 0 1 32 265 479 0.120755 0.0898172 0.0860215
3458 0 1 39 261 478 0.149425 0.110416 0.105548
3459 0 1 39 253 455 0.15415 0.114947 0.110169
3460 0 1 40 251 474 0.159363 0.115967 0.110345
3461 0 1 33 256 467 0.128906 0.0954411 0.0912863
3462 0 1 28 258 473 0.108527 0.0801526 0.0766074
3463 0 1 49 265 474 0.184906 0.138256 0.132612
3464 0 1 29 252 458 0.115079 0.0853621 0.0816901
3465 0 1 24 247 475 0.097166 0.0700674 0.066482
3466 0 1 29 262 466 0.110687 0.0829955 0.0796703
3467 0 1 28 263 476 0.106464 0.0791365 0.0757781
3468 0 1 34 260 466 0.130769 0.0976786 0.0936639
3469 0 1 37 269 480 0.137546 0.102969 0.0987984
3470 0 1 24 239 453 0.100418 0.0729396 0.0693642
3471 0 1 26 230 459 0.113043 0.0800208 0.0754717
3472 0 1 27 244 454 0.110656 0.0811224 0.0773639
3473 0 1 22 258 472 0.0852713 0.0630437 0.060274
3474 0 1 26 256 452 0.101562 0.0764336 0.0734463
3475 0 1 30 263 473 0.114068 0.0850575 0.0815217
3476 0 1 23 253 480 0.0909091 0.0660005 0.0627558
3477 0 1 26 251 447 0.103586 0.0776216 0.0744986
3478 0 1 40 257 460 0.155642 0.116336 0.111576
3479 0 1 21 257 456 0.0817121 0.0613438 0.058906
3480 0 1 32 246 456 0.130081 0.0955433 0.0911681
3481 0 1 25 246 450 0.101626 0.0751391 0.0718391
3482 0 1 33 235 465 0.140426 0.0998283 0.0942857
3483 0 1 27 244 452 0.110656 0.0813017 0.0775862
3484 0 1 36 259 450 0.138996 0.10545 0.101551
3485 0 1 35 269 457 0.130112 0.0998237 0.0964187
3486 0 1 26 257 457 0.101167 0.0758663 0.0728291
3487 0 1 30 255 471 0.117647 0.0865647 0.0826446
3488 0 1 28 266 468 0.105263 0.0793587 0.0762943
3489 0 1 38 267 469 0.142322 0.107384 0.103261
3490 0 1 32 266 475 0.120301 0.0900248 0.0863698
3491 0 1 27 256 485 0.105469 0.0766254 0.0728745
3492 0 1 29 276 481 0.105072 0.0795923 0.0766182
3493 0 1 29 274 477 0.105839 0.0802165 0.0772304
3494 0 1 44 265 464 0.166038 0.125479 0.120713
3495 0 1 28 267 463 0.104869 0.0796365 0.0767123
3496 0 1 33 269 467 0.122677 0.0931064 0.0896739
3497 0 1 30 272 451 0.110294 0.0856542 0.0829876
3498 0 1 30 251 460 0.119522 0.0882888 0.0843882
3499 0 1 36 254 417 0.141732 0.110616 0.107303
3500 0 1 31 246 432 0.126016 0.0950938 0.0914454
3501 0 1 21 221 421 0.0950226 0.0688465 0.0654206
3502 0 1 30 240 419 0.125 0.0946038 0.091047
3503 0 1 14 245 410 0.0571429 0.0441726 0.0427481
3504 0 1 28 235 372 0.119149 0.0947006 0.092257
3505 0 1 15 251 469 0.059761 0.0437188 0.0416667
3506 0 1 28 240 453 0.116667 0.0849187 0.0808081
3507 0 1 31 262 457 0.118321 0.0895886 0.0862309
3508 0 1 21 250 445 0.084 0.0629607 0.0604317
3509 0 1 27 251 453 0.10757 0.0800715 0.0767045
3510 0 1 25 244 438 0.102459 0.076473 0.0733138
3511 0 1 20 253 447 0.0790514 0.0594725 0.0571429
3512 0 1 16 235 421 0.0680851 0.050868 0.0487805
3513 0 1 20 254 436 0.0787402 0.0600994 0.057971
3514 0 1 20 254 434 0.0787402 0.0602377 0.0581395
3515 0 1 23 254 430 0.0905512 0.0695948 0.0672515
3516 0 1 21 235 425 0.0893617 0.0664494 0.0636364
3517 0 1 17 250 408 0.068 0.0532291 0.0516717
3518 0 1 16 243 423 0.0658436 0.0499053 0.048048
3519 0 1 22 247 431 0.0890688 0.0674273 0.0648968
3520 0 1 21 243 427 0.0864198 0.0651932 0.0626866
3521 0 1 25 246 408 0.101626 0.0789119 0.0764526
3522 0 1 23 247 409 0.0931174 0.0723632 0.070122
3523 0 1 24 244 401 0.0983607 0.0767263 0.0744186
3524 0 1 33 237 391 0.139241 0.108406 0.105096
3525 0 1 25 217 391 0.115207 0.0858266 0.0822368
3526 0 1 26 222 382 0.117117 0.0892823 0.0860927
3527 0 1 26 224 386 0.116071 0.0884211 0.0852459
3528 0 1 22 218 383 0.100917 0.0761369 0.0732113
3529 0 1 30 247 468 0.121457 0.0882368 0.0839161
3530 0 1 24 245 461 0.0979592 0.0714131 0.0679887
3531 0 1 21 247 443 0.0850202 0.0634847 0.0608696
3532 0 1 22 236 453 0.0932203 0.0672849 0.0638607
3533 0 1 31 229 454 0.135371 0.0961426 0.090776
3534 0 1 27 220 440 0.122727 0.0867813 0.0818182
3535 0 1 24 233 445 0.103004 0.0745338 0.0707965
3536 0 1 25 230 448 0.108696 0.077882 0.0737463
3537 0 1 27 229 437 0.117904 0.0853503 0.0810811
3538 0 1 26 226 419 0.115044 0.0844913 0.0806202
3539 0 1 30 236 423 0.127119 0.09495 0.091047
3540 0 1 27 223 408 0.121076 0.089512 0.0855784
3541 0 1 24 219 401 0.109589 0.0809873 0.0774194
3542 0 1 42 209 384 0.200957 0.148255 0.141653
3543 0 1 27 237 456 0.113924 0.082131 0.0779221
3544 0 1 27 234 447 0.115385 0.0834838 0.0792952
3545 0 1 24 244 434 0.0983607 0.0737516 0.0707965
3546 0 1 25 227 445 0.110132 0.0786588 0.0744048
3547 0 1 18 216 424 0.0833333 0.0594789 0.05625
3548 0 1 29 219 426 0.13242 0.0949448 0.0899225
3549 0 1 24 230 429 0.104348 0.0764045 0.0728376
3550 0 1 29 227 416 0.127753 0.094371 0.0902022
3551 0 1 31 215 410 0.144186 0.104412 0.0992
3552 0 1 30 208 403 0.144231 0.103618 0.0981997
3553 0 1 27 214 372 0.126168 0.0956942 0.0921502
3554 0 1 20 205 395 0.097561 0.0702837 0.0666667
3555 0 1 21 219 361 0.0958904 0.0746868 0.0724138
3556 0 1 16 209 337 0.076555 0.0602881 0.0586081
3557 0 1 18 173 317 0.104046 0.0768634 0.0734694
3558 0 1 11 184 323 0.0597826 0.0451214 0.0433925
3559 0 1 6 174 286 0.0344828 0.0268964 0.026087
3560 0 1 11 173 289 0.0635838 0.049195 0.047619
3561 0 1 12 191 286 0.0628272 0.051343 0.0503145
3562 0 1 14 166 308 0.0843373 0.0619154 0.0590717
3563 0 1 8 195 352 0.0410256 0.0305352 0.0292505
3564 0 1 7 198 345 0.0353535 0.0267828 0.0257827
3565 0 1 9 194 337 0.0463918 0.0351987 0.0338983
3566 0 1 12 212 331 0.0566038 0.0453001 0.0441989
3567 0 1 8 223 347 0.0358744 0.0287589 0.0280702
3568 0 1 20 237 356 0.0843882 0.0688543 0.0674536
3569 0 1 20 237 347 0.0843882 0.0697415 0.0684932
3570 0 1 19 229 352 0.0829694 0.0669213 0.0654045
3571 0 1 23 260 400 0.0884615 0.07132 0.069697
3572 0 1 20 241 430 0.0829876 0.062128 0.0596125
3573 0 1 23 259 376 0.0888031 0.0737028 0.0724409
3574 0 1 12 222 382 0.0540541 0.0412072 0.0397351
3575 0 1 11 211 360 0.0521327 0.0399117 0.0385289
3576 0 1 11 221 339 0.0497738 0.040188 0.0392857
3577 0 1 14 229 336 0.0611354 0.0504709 0.0495575
3578 0 1 27 230 358 0.117391 0.0940932 0.0918367
3579 0 1 22 247 420 0.0890688 0.0683045 0.065967
3580 0 1 19 237 415 0.0801688 0.0605836 0.0582822
3581 0 1 22 247 414 0.0890688 0.0687977 0.0665658
3582 0 1 20 246 430 0.0813008 0.0614934 0.0591716
3583 0 1 21 251 412 0.0836653 0.0653031 0.0633484
3584 0 1 28 243 415 0.115226 0.088172 0.0851064
3585 0 1 23 236 404 0.0974576 0.0744871 0.071875
3586 0 1 26 235 403 0.110638 0.0844864 0.0815047
3587 0 1 30 241 374 0.124481 0.0999256 0.097561
3588 0 1 19 235 382 0.0808511 0.0634144 0.0615883
3589 0 1 23 224 396 0.102679 0.0772247 0.0741935
3590 0 1 24 223 388 0.107623 0.0815911 0.0785597
3591 0 1 24 214 378 0.11215 0.0843837 0.0810811
3592 0 1 18 236 470 0.0762712 0.0540465 0.0509915
3593 0 1 17 239 437 0.0711297 0.0526028 0.0502959
3594 0 1 19 233 410 0.0815451 0.0614729 0.059098
3595 0 1 21 232 414 0.0905172 0.0677603 0.0650155
3596 0 1 23 252 410 0.0912698 0.0715543 0.0694864
3597 0 1 26 238 427 0.109244 0.0815588 0.0781955
3598 0 1 31 232 427 0.133621 0.0984926 0.0940819
3599 0 1 26 219 419 0.118721 0.085831 0.0815047
3600 0 1 30 228 405 0.131579 0.0987248 0.0947867
3601 0 1 26 232 396 0.112069 0.0857792 0.0828025
3602 0 1 37 211 402 0.175355 0.127042 0.120718
3603 0 1 20 211 431 0.0947867 0.0663209 0.0623053
3604 0 1 21 225 442 0.0933333 0.0665912 0.0629685
3605 0 1 15 215 426 0.0697674 0.0495641 0.0468019
3606 0 1 22 213 420 0.103286 0.0735543 0.0695103
3607 0 1 21 233 464 0.0901288 0.0638679 0.0602583
3608 0 1 23 222 427 0.103604 0.0747029 0.0708783
3609 0 1 19 220 434 0.0863636 0.061489 0.058104
3610 0 1 20 221 448 0.0904977 0.0635616 0.0597907
3611 0 1 26 244 435 0.106557 0.0798057 0.0765832
3612 0 1 32 231 447 0.138528 0.0995842 0.0943953
3613 0 1 28 229 433 0.122271 0.0889194 0.0845921
3614 0 1 30 233 438 0.128755 0.0939088 0.0894188
3615 0 1 26 227 442 0.114537 0.0820823 0.077728
3616 0 1 25 231 443 0.108225 0.0781506 0.074184
3617 0 1 29 233 435 0.124464 0.091091 0.0868263
3618 0 1 35 210 430 0.166667 0.116473 0.109375
3619 0 1 25 219 407 0.114155 0.0837376 0.0798722
3620 0 1 31 225 403 0.137778 0.102948 0.0987261
3621 0 1 16 213 399 0.0751174 0.0548837 0.0522876
3622 0 1 33 220 471 0.15 0.102516 0.0955137
3623 0 1 32 222 461 0.144144 0.100028 0.0937042
3624 0 1 38 234 439 0.162393 0.118561 0.112927
3625 0 1 22 208 417 0.105769 0.0747004 0.0704
3626 0 1 18 193 401 0.0932643 0.0647026 0.0606061
3627 0 1 29 190 396 0.152632 0.105724 0.0989761
3628 0 1 19 180 376 0.105556 0.0730337 0.0683453
3629 0 1 16 152 352 0.105263 0.0691715 0.0634921
3630 0 1 20 173 377 0.115607 0.0783134 0.0727273
3631 0 1 8 159 345 0.0503145 0.0341572 0.031746
3632 0 1 8 158 337 0.0506329 0.0346694 0.0323232
3633 0 1 9 162 360 0.0555556 0.0372678 0.0344828
3634 0 1 20 162 377 0.123457 0.0809286 0.0742115
3635 0 1 31 187 373 0.165775 0.117378 0.110714
3636 0 1 18 174 362 0.103448 0.0717205 0.0671642
3637 0 1 18 158 347 0.113924 0.076874 0.0712871
3638 0 1 18 167 438 0.107784 0.0665545 0.0595041
3639 0 1 20 174 394 0.114943 0.0763849 0.0704225
3640 0 1 22 157 394 0.140127 0.0884555 0.0798548
3641 0 1 21 165 385 0.127273 0.0833196 0.0763636
3642 0 1 22 153 376 0.143791 0.091724 0.0831758
3643 0 1 17 152 350 0.111842 0.0737043 0.0677291
3644 0 1 27 164 414 0.164634 0.10362 0.0934256
3645 0 1 16 176 402 0.0909091 0.0601521 0.0553633
3646 0 1 12 170 398 0.0705882 0.0461334 0.0422535
3647 0 1 17 161 367 0.10559 0.0699363 0.0643939
3648 0 1 21 173 361 0.121387 0.0840316 0.0786517
3649 0 1 13 157 369 0.0828025 0.0540108 0.0494297
3650 0 1 25 187 353 0.13369 0.0973043 0.0925926
3651 0 1 13 157 338 0.0828025 0.0564333 0.0525253
3652 0 1 12 158 350 0.0759494 0.0510292 0.0472441
3653 0 1 14 152 344 0.0921053 0.0612248 0.0564516
3654 0 1 10 136 327 0.0735294 0.0474195 0.0431965
3655 0 1 5 117 317 0.042735 0.0259626 0.0230415
3656 0 1 5 101 294 0.049505 0.0290159 0.0253165
3657 0 1 6 102 282 0.0588235 0.0353775 0.03125
3658 0 1 10 106 299 0.0943396 0.0561709 0.0493827
3659 0 1 7 97 287 0.0721649 0.0419538 0.0364583
3660 0 1 5 97 263 0.0515464 0.0313045 0.0277778
3661 0 1 6 93 221 0.0645161 0.0418518 0.0382166
3662 0 1 7 64 128 0.109375 0.0773398 0.0729167
3663 0 1 3 70 147 0.0428571 0.0295742 0.0276498
3664 0 1 3 55 99 0.0545455 0.0406558 0.038961
3665 0 1 3 69 154 0.0434783 0.0291029 0.0269058
3666 0 1 7 68 163 0.102941 0.066489 0.0606061
3667 0 1 3 68 152 0.0441176 0.0295084 0.0272727
3668 0 1 13 98 259 0.132653 0.0815982 0.0728291
3669 0 1 6 71 198 0.084507 0.0506045 0.0446097
3670 0 1 9 84 192 0.107143 0.0708683 0.0652174
3671 0 1 13 101 234 0.128713 0.0845619 0.0776119
3672 0 1 10 119 289 0.0840336 0.0539234 0.0490196
3673 0 1 5 102 294 0.0490196 0.0288733 0.0252525
3674 0 1 14 116 299 0.12069 0.0751733 0.0674699
3675 0 1 11 114 297 0.0964912 0.0597808 0.053528
3676 0 1 16 121 304 0.132231 0.0834239 0.0752941
3677 0 1 18 121 316 0.14876 0.0920526 0.0823799
3678 0 1 15 126 310 0.119048 0.0758971 0.0688073
3679 0 1 17 122 321 0.139344 0.0859046 0.0767494
3680 0 1 18 122 310 0.147541 0.0925575 0.0833333
3681 0 1 20 117 311 0.17094 0.104847 0.0934579

# ---------- Global Summary ----------
# CorrFrames: 3679
avg_CorrEdges: 20.3319
avg_match_A: 173.088
avg_match_B: 333.301
global_RI_MNR: 0.117465
global_RI_GNR: 0.0846497
global_RI_DICE: 0.0803014

# ---------- Per-Channel Summary ----------
chA: 0 chB: 1 | avgC: 20.3319 avgA: 173.088 avgB: 333.301 MNR: 0.114764 GNR: 0.0818536 DICE: 0.0772763
