1439803829.386371 -0.000106674 -0.001722720 0.033328347 -0.000417134 0.000261245 0.000224664 0.999999821
1439803829.448873 -0.000201526 -0.003430840 0.066828847 -0.000890796 0.000637323 0.000070381 0.999999404
1439803829.511374 -0.000086967 -0.005284711 0.100267045 -0.001346491 0.001171133 0.000259373 0.999998331
1439803829.573876 -0.000273414 -0.006831856 0.134116754 -0.001395719 0.001953074 0.000147903 0.999997079
1439803829.636376 -0.000288787 -0.008432595 0.167853117 -0.001593857 0.002623796 -0.000088689 0.999995291
1439803829.698878 -0.000139017 -0.010051666 0.202284798 -0.002311630 0.003135680 -0.000117560 0.999992371
1439803829.761380 0.000283479 -0.011747202 0.236285552 -0.003307550 0.003691012 0.000324548 0.999987662
1439803829.823881 0.000216358 -0.013131674 0.270997643 -0.003582078 0.004325587 0.000861961 0.999983847
1439803829.886381 0.000368126 -0.014755947 0.305498838 -0.003387493 0.004818499 0.001283808 0.999981821
1439803829.948881 0.000604013 -0.016577758 0.339973181 -0.002462908 0.005314099 0.001266628 0.999982059
1439803830.011383 0.000804862 -0.018584959 0.374783635 -0.000778476 0.005812700 0.000946918 0.999982357
1439803830.073883 0.001125119 -0.020757485 0.409382999 0.001332866 0.006101108 0.001044134 0.999979973
1439803830.136385 0.001025971 -0.022590153 0.444317758 0.003322411 0.006261584 0.001272849 0.999974072
1439803830.198885 0.001408048 -0.024510171 0.479666114 0.004355909 0.006071188 0.001263428 0.999971271
1439803830.261384 0.001348654 -0.026830757 0.514814317 0.004513239 0.005965838 0.001355903 0.999971092
1439803830.323884 0.001429218 -0.028891619 0.550262809 0.004431679 0.005670685 0.001511248 0.999972939
1439803830.386386 0.001504490 -0.031196404 0.586002052 0.003954025 0.005439726 0.001475897 0.999976277
1439803830.448888 0.001810574 -0.033334177 0.622102678 0.003361731 0.005303214 0.001633314 0.999978960
1439803830.511389 0.001907707 -0.035549179 0.658295155 0.002929828 0.005112543 0.001784960 0.999981046
1439803830.573892 0.001555354 -0.037694942 0.694163918 0.003065726 0.005051557 0.001884487 0.999980748
1439803830.636390 0.001488803 -0.039550640 0.730923355 0.003148498 0.004900686 0.001974595 0.999981046
1439803830.698891 0.001810351 -0.041960169 0.767192960 0.002867094 0.004693013 0.001562394 0.999983668
1439803830.761392 0.001676701 -0.044133928 0.803945780 0.002950134 0.004611006 0.001471184 0.999983907
1439803830.823894 0.002109084 -0.046391375 0.840237260 0.003092202 0.004474171 0.001601859 0.999983907
1439803830.886395 0.002351132 -0.048671659 0.876713574 0.003145871 0.004396812 0.001874287 0.999983609
1439803830.948897 0.002647563 -0.050636966 0.914226711 0.003373386 0.004249181 0.002293578 0.999982655
1439803831.011400 0.002811545 -0.052843425 0.950936019 0.003282849 0.004212379 0.002286525 0.999983132
1439803831.073901 0.002615834 -0.055081721 0.989240944 0.002800779 0.004200294 0.002332929 0.999984562
1439803831.136401 0.003081948 -0.056739710 1.026310802 0.002478159 0.004064467 0.002944262 0.999984324
1439803831.198903 0.003316324 -0.059277691 1.063420892 0.002105267 0.004135864 0.003331700 0.999983668
1439803831.261404 0.003534241 -0.061497934 1.101072192 0.002192647 0.004273868 0.003586648 0.999981999
1439803831.323905 0.003470094 -0.063646108 1.138837218 0.002549582 0.004491212 0.003607835 0.999980152
1439803831.386411 0.003583959 -0.065741666 1.177223563 0.002631380 0.004409528 0.003827809 0.999979496
1439803831.448908 0.004029600 -0.068176188 1.214600563 0.002358506 0.004034546 0.004139282 0.999980509
1439803831.511410 0.004126192 -0.070228577 1.252467990 0.001784846 0.003557274 0.004395272 0.999982417
1439803831.573911 0.004339551 -0.072287373 1.290990829 0.001005592 0.003107135 0.004616290 0.999984026
1439803831.636412 0.004275251 -0.074343890 1.329681158 0.000337153 0.002900258 0.005109433 0.999982655
1439803831.698914 0.003947546 -0.076372124 1.368934035 -0.000224207 0.002728180 0.005377023 0.999981821
1439803831.761415 0.004101502 -0.078298599 1.407531500 -0.000639460 0.002583027 0.005484042 0.999981403
1439803831.823916 0.003997723 -0.080222256 1.446359634 -0.000609917 0.002434979 0.005571932 0.999981344
1439803831.886419 0.004846723 -0.082212567 1.485119581 -0.000305702 0.001915720 0.005882227 0.999980807
1439803831.948919 0.003581633 -0.084191248 1.524986744 -0.000033847 0.001875258 0.006461371 0.999977350
1439803832.011419 0.004065987 -0.086569756 1.563567758 0.000212954 0.001555608 0.007055811 0.999973834
1439803832.073922 0.003905105 -0.088662632 1.602821708 0.000682286 0.001268243 0.007419907 0.999971390
1439803832.136423 0.003786757 -0.090637848 1.642988205 0.000843021 0.001027873 0.007383667 0.999971867
1439803832.198925 0.003481003 -0.092764921 1.682496905 0.000782892 0.000967889 0.007645214 0.999970019
1439803832.261426 0.003577936 -0.095162496 1.721707702 0.000890539 0.000819955 0.007701576 0.999969602
1439803832.323927 0.003381920 -0.097311378 1.761581659 0.001155452 0.000667938 0.007686927 0.999969542
1439803832.386428 0.003145363 -0.099482790 1.801609993 0.001426492 0.000516418 0.007589194 0.999970019
1439803832.448930 0.002683278 -0.101677105 1.841464639 0.001834034 0.000445239 0.007324771 0.999971390
1439803832.511430 0.002326491 -0.103770718 1.881597877 0.002217996 0.000415094 0.006600459 0.999975681
1439803832.573932 0.002235483 -0.106364407 1.921636939 0.002070315 0.000116598 0.006170327 0.999978781
1439803832.636434 0.001725141 -0.108755134 1.961825728 0.001909453 -0.000156484 0.005904336 0.999980748
1439803832.698935 0.001059513 -0.110862821 2.001813889 0.001553399 -0.000502668 0.005479777 0.999983609
1439803832.761436 0.000931816 -0.113392912 2.042051554 0.000823635 -0.000951148 0.005032808 0.999986529
1439803832.823938 0.000579657 -0.115633883 2.082594872 0.000860562 -0.001278183 0.005738188 0.999982357
1439803832.886439 0.000632785 -0.118057892 2.123213768 0.001141249 -0.001583815 0.006364274 0.999977827
1439803832.948945 0.000128337 -0.120445229 2.163719177 0.001902160 -0.001916693 0.006543458 0.999974906
1439803833.011446 -0.000034670 -0.122679576 2.203930378 0.003465587 -0.002351978 0.007026222 0.999966502
1439803833.073944 -0.000267690 -0.125415862 2.243937492 0.004124479 -0.002870876 0.008016900 0.999955237
1439803833.136445 -0.000707218 -0.128154874 2.284705639 0.004062294 -0.003317614 0.008412127 0.999950826
1439803833.198946 -0.001164094 -0.130707324 2.324245453 0.003736106 -0.003455892 0.008198648 0.999953449
1439803833.261447 -0.001898773 -0.133207962 2.364851713 0.002673812 -0.003505768 0.007939664 0.999958754
1439803833.323951 -0.002325097 -0.135517746 2.405423164 0.001567737 -0.003425117 0.007376312 0.999965668
1439803833.386451 -0.002452260 -0.137790427 2.445165157 0.000596050 -0.003272887 0.006917304 0.999970555
1439803833.448952 -0.003384409 -0.140262395 2.485548019 -0.000012156 -0.003016842 0.006869065 0.999971807
1439803833.511453 -0.003642676 -0.142766997 2.524519920 -0.000244131 -0.002850345 0.006731393 0.999973238
1439803833.573957 -0.003899158 -0.145169020 2.563845396 -0.000089516 -0.002560300 0.007080702 0.999971628
1439803833.636455 -0.003915258 -0.147398517 2.603850842 0.000350287 -0.002418029 0.007567021 0.999968410
1439803833.698957 -0.004606159 -0.149712935 2.644040585 0.000855906 -0.002063431 0.007769027 0.999967337
1439803833.761459 -0.004761071 -0.151963264 2.683072567 0.001221012 -0.001802575 0.007930079 0.999966204
1439803833.823960 -0.004747502 -0.154261246 2.722323656 0.001187572 -0.001571964 0.008408265 0.999962687
1439803833.886462 -0.005244641 -0.156369761 2.762077808 0.001177667 -0.001253888 0.008845096 0.999959350
1439803833.948964 -0.005575659 -0.158661872 2.801014662 0.000908229 -0.000963700 0.009175051 0.999957025
1439803834.011464 -0.006061981 -0.160988912 2.841088057 0.000435453 -0.000598814 0.009965425 0.999950051
1439803834.073967 -0.005700290 -0.163097948 2.879984856 0.000125123 -0.000489674 0.010651551 0.999943137
1439803834.136467 -0.005459430 -0.165349349 2.919250965 -0.000202421 -0.000291222 0.011221929 0.999936998
1439803834.198971 -0.005215254 -0.167391390 2.958434820 -0.001148426 -0.000036008 0.010651763 0.999942601
1439803834.261469 -0.005511661 -0.169928506 2.997361898 -0.002595474 0.000250730 0.009066891 0.999955475
1439803834.323971 -0.006022216 -0.171661198 3.037466764 -0.003296719 0.000435144 0.008954919 0.999954402
1439803834.386474 -0.005577195 -0.174207225 3.075986862 -0.002943836 0.000375802 0.010734893 0.999937952
1439803834.448973 -0.005002143 -0.176352128 3.114748716 -0.001254865 0.000126856 0.013525417 0.999907732
1439803834.511472 -0.005186340 -0.178893074 3.152722120 0.001083322 0.000291022 0.014535016 0.999893725
1439803834.573978 -0.006278814 -0.181427270 3.192492008 0.003049483 0.000780596 0.014530916 0.999889433
1439803834.636474 -0.005799691 -0.183675274 3.230068922 0.004203863 0.001022380 0.013898339 0.999894083
1439803834.698974 -0.005571421 -0.186261997 3.267814875 0.003944357 0.001022858 0.014274078 0.999889851
1439803834.761480 -0.006012839 -0.188901305 3.306591749 0.003155896 0.000963180 0.014109920 0.999894977
1439803834.823976 -0.006105116 -0.191019297 3.345327616 0.002205484 0.000899434 0.013839318 0.999901414
1439803834.886476 -0.005536566 -0.193054691 3.383394957 0.001358076 0.000861196 0.013565245 0.999906659
1439803834.948977 -0.006346127 -0.195702359 3.422335386 0.001049065 0.001171098 0.013179251 0.999911904
1439803835.011477 -0.006271086 -0.198067680 3.460315943 0.001047115 0.001391287 0.012872308 0.999915659
1439803835.073978 -0.006187120 -0.200398520 3.498266220 0.001053109 0.001637319 0.012337536 0.999921978
1439803835.136479 -0.006654251 -0.202459127 3.536360025 0.001566472 0.002023338 0.012064606 0.999923944
1439803835.198979 -0.006529830 -0.204865322 3.573959112 0.001878249 0.002300106 0.012020205 0.999923348
1439803835.261479 -0.006742693 -0.207513005 3.611024380 0.001845316 0.002876799 0.011769351 0.999924898
1439803835.323983 -0.006210573 -0.209650055 3.651208639 0.001820193 0.003327332 0.012197340 0.999918401
1439803835.386481 -0.005318969 -0.211678803 3.688378572 0.001766670 0.003822319 0.012119638 0.999917686
1439803835.448981 -0.004897341 -0.213913932 3.725338936 0.001399495 0.004413205 0.012468318 0.999911547
1439803835.511483 -0.004266389 -0.216354117 3.762635946 0.001146503 0.004861916 0.012708125 0.999906778
1439803835.573983 -0.004644603 -0.218577832 3.800534964 0.001200869 0.005432470 0.012365327 0.999908030
1439803835.636484 -0.003850255 -0.221063450 3.837264299 0.001453697 0.005835618 0.012203200 0.999907434
1439803835.698984 -0.004182108 -0.223798916 3.877693892 0.001461349 0.006295681 0.012188184 0.999904811
1439803835.761485 -0.003496807 -0.226121351 3.914829731 0.001478354 0.006475652 0.012134628 0.999904335
1439803835.823986 -0.003346838 -0.228529319 3.951984882 0.001205101 0.006790203 0.012266703 0.999900997
1439803835.886489 -0.003078751 -0.230554596 3.989786148 0.000847422 0.007180878 0.012814138 0.999891758
1439803835.948988 -0.002008941 -0.232989788 4.026694298 0.000430748 0.007539202 0.013047366 0.999886394
1439803836.011490 -0.001910642 -0.234670445 4.064241886 0.000546358 0.008034143 0.013173128 0.999880791
1439803836.073990 -0.001237698 -0.236496568 4.100589275 0.000416624 0.008438883 0.013208910 0.999877036
1439803836.136491 -0.000982441 -0.238595083 4.137789249 0.000064146 0.008884336 0.014137373 0.999860585
1439803836.198993 -0.000074171 -0.240516454 4.175115585 -0.000264893 0.009160216 0.015124792 0.999843597
1439803836.261495 0.000635706 -0.242753223 4.211466312 -0.000700950 0.009519322 0.015198803 0.999838948
1439803836.323997 0.001385488 -0.245083824 4.247503757 -0.000979008 0.009899809 0.015284133 0.999833703
1439803836.386498 0.002207622 -0.246707663 4.285028458 -0.000502794 0.010205209 0.016612332 0.999809802
1439803836.448999 0.003152825 -0.249195531 4.321090698 0.000137026 0.010626956 0.017275207 0.999794304
1439803836.511499 0.003865384 -0.251576751 4.357768536 0.000934197 0.011115205 0.017948221 0.999776661
1439803836.574002 0.005190924 -0.253640622 4.393573284 0.001356552 0.011620168 0.018064421 0.999768376
1439803836.636504 0.006078020 -0.255636752 4.430111885 0.001352289 0.012120978 0.018123202 0.999761403
1439803836.699007 0.006593868 -0.258002371 4.465811729 0.000769485 0.012731936 0.017991394 0.999756753
1439803836.761505 0.007880375 -0.259629220 4.502513885 -0.000300759 0.013177800 0.017768249 0.999755263
1439803836.824007 0.008416817 -0.261622310 4.540565968 -0.001041267 0.013834461 0.017138682 0.999756873
1439803836.886508 0.009738892 -0.263948888 4.576669216 -0.001605423 0.014598475 0.015740070 0.999768257
1439803836.949010 0.010401607 -0.265949100 4.613175392 -0.001766857 0.015966875 0.015023581 0.999758124
1439803837.011511 0.011864603 -0.267819732 4.649130344 -0.001354418 0.017511878 0.015821718 0.999720573
1439803837.074012 0.013151973 -0.269969642 4.685187817 -0.000561319 0.019012228 0.015508769 0.999698818
1439803837.136513 0.014516041 -0.271679133 4.721649170 0.000205557 0.020417487 0.014777751 0.999682307
1439803837.199014 0.015588969 -0.273941457 4.758599758 0.000286511 0.021963499 0.014365433 0.999655545
1439803837.261517 0.017585725 -0.275694788 4.795153618 -0.000198513 0.023065750 0.014638286 0.999626756
1439803837.324017 0.019393846 -0.277553558 4.830970764 -0.000770912 0.023848481 0.014944336 0.999603570
1439803837.386519 0.020399928 -0.279579043 4.867949009 -0.001107114 0.024834746 0.014903778 0.999579847
1439803837.449025 0.022463992 -0.281846404 4.904575348 -0.000824117 0.025656100 0.014894326 0.999559522
1439803837.511524 0.025118187 -0.284622312 4.939928055 0.000069269 0.026358539 0.014813383 0.999542773
1439803837.574024 0.026597217 -0.286222398 4.977770329 0.001743241 0.027167674 0.014005200 0.999531269
1439803837.636525 0.028356239 -0.288429707 5.014107704 0.002793046 0.027758684 0.013279773 0.999522507
1439803837.699027 0.030464351 -0.290627718 5.050453663 0.003166931 0.028056720 0.013283556 0.999513030
1439803837.761530 0.032460898 -0.292676359 5.087384701 0.003228478 0.028084129 0.013119476 0.999514222
1439803837.824029 0.034068227 -0.294855654 5.123905182 0.002881025 0.028048968 0.012992929 0.999517977
1439803837.886531 0.036313280 -0.296916544 5.160455704 0.002405006 0.027677925 0.013221197 0.999526560
1439803837.949032 0.037780911 -0.299022794 5.196709633 0.002148642 0.027276469 0.013472635 0.999534845
1439803838.011534 0.039412037 -0.301208496 5.233568668 0.002283184 0.026584471 0.013565684 0.999551892
1439803838.074041 0.041260332 -0.303242028 5.269783497 0.002482037 0.025736505 0.013727929 0.999571443
1439803838.136537 0.043043658 -0.305759132 5.305731773 0.002823600 0.024699295 0.014160284 0.999590635
1439803838.199037 0.044715628 -0.308033466 5.343924522 0.003821978 0.023609784 0.014293278 0.999611735
1439803838.261537 0.046244904 -0.310066640 5.380457878 0.004788107 0.022605315 0.014124444 0.999633193
1439803838.324042 0.047359705 -0.312386423 5.417643070 0.005590851 0.021734055 0.014160312 0.999647856
1439803838.386539 0.048793465 -0.314776987 5.454277039 0.006125565 0.020727033 0.013904572 0.999669731
1439803838.449039 0.049726844 -0.317442656 5.491261482 0.006165948 0.019714884 0.013882853 0.999690235
1439803838.511542 0.050754070 -0.319947571 5.528385639 0.005832323 0.018752173 0.013616555 0.999714434
1439803838.574041 0.051565886 -0.322019845 5.565512180 0.005618480 0.017843015 0.013278054 0.999736845
1439803838.636541 0.052446783 -0.324593604 5.602951527 0.005070237 0.016783493 0.013224865 0.999758840
1439803838.699044 0.053436197 -0.327161491 5.640458107 0.004909644 0.015687723 0.013058743 0.999779582
1439803838.761542 0.054156467 -0.329594731 5.677650452 0.005135305 0.014700015 0.013302038 0.999790251
1439803838.824042 0.055109739 -0.332065940 5.715161324 0.005419564 0.013589218 0.013097535 0.999807179
1439803838.886546 0.055556573 -0.334538370 5.752094746 0.005335001 0.012591921 0.013107412 0.999820530
1439803838.949046 0.056059256 -0.337014526 5.789413929 0.005072846 0.011653543 0.013336459 0.999830306
1439803839.011550 0.056590706 -0.339384437 5.826912403 0.004542693 0.010542325 0.013692163 0.999840379
1439803839.074050 0.056936927 -0.341432661 5.865299702 0.004137921 0.009213105 0.014047337 0.999850333
1439803839.136553 0.057176448 -0.343855470 5.902631283 0.003321827 0.008005079 0.014728720 0.999853969
1439803839.199054 0.057940610 -0.345830649 5.940171719 0.002711583 0.006618665 0.015403694 0.999855757
1439803839.261554 0.057954669 -0.348098487 5.978142738 0.002392494 0.005132588 0.015905231 0.999857485
1439803839.324055 0.057750653 -0.350463569 6.015504837 0.002042019 0.003776669 0.016326375 0.999857485
1439803839.386555 0.057660714 -0.352927774 6.053075314 0.001938406 0.002384988 0.016803982 0.999854088
1439803839.449058 0.057655171 -0.355273515 6.090307236 0.002238678 0.000980811 0.017210271 0.999848902
1439803839.511560 0.057319064 -0.357133359 6.127254009 0.002744663 -0.000528824 0.017967544 0.999834657
1439803839.574059 0.057090744 -0.359897316 6.165365696 0.003189901 -0.001793585 0.018015195 0.999831021
1439803839.636560 0.056713089 -0.362121671 6.202572823 0.003538310 -0.003097765 0.018517021 0.999817491
1439803839.699062 0.056055754 -0.364309847 6.239726067 0.003805443 -0.004325953 0.018583708 0.999810696
1439803839.761563 0.055473745 -0.366823286 6.277282715 0.003902169 -0.005813667 0.018180130 0.999810219
1439803839.824068 0.054591514 -0.369250566 6.314474106 0.004081969 -0.007071731 0.018112453 0.999802589
1439803839.886566 0.053818867 -0.371693105 6.352201462 0.004227038 -0.008524868 0.018030899 0.999792159
1439803839.949070 0.052677333 -0.374053627 6.389456749 0.004669657 -0.009908364 0.017744916 0.999782562
1439803840.011569 0.051274091 -0.376583278 6.426640987 0.004985841 -0.011245166 0.016516464 0.999787927
1439803840.074072 0.050080180 -0.379184276 6.463641644 0.005081874 -0.012620671 0.015741926 0.999783516
1439803840.136571 0.048472166 -0.381787390 6.500768661 0.005878325 -0.013901751 0.015170199 0.999770999
1439803840.199075 0.046859562 -0.384524405 6.538211346 0.006976812 -0.015038794 0.014648361 0.999755263
1439803840.261574 0.045212567 -0.387187809 6.575403214 0.007902935 -0.016077815 0.014718261 0.999731183
1439803840.324076 0.043548554 -0.390065551 6.612351894 0.008925999 -0.016845949 0.014322232 0.999715686
1439803840.386577 0.042281643 -0.392682612 6.649314404 0.009191819 -0.017810332 0.013845841 0.999703228
1439803840.449080 0.040605351 -0.395095289 6.686528683 0.007286060 -0.018741019 0.013031967 0.999712884
1439803840.511580 0.038871586 -0.397500575 6.723640442 0.004168355 -0.019541768 0.011772027 0.999731064
1439803840.574084 0.036445111 -0.399608672 6.761236668 0.000838348 -0.020155951 0.010740404 0.999738812
1439803840.636589 0.034220308 -0.401680708 6.799099445 -0.002064468 -0.020632973 0.010687270 0.999727845
1439803840.699084 0.032470524 -0.403630584 6.836191654 -0.003541437 -0.021009101 0.011326123 0.999708831
1439803840.761586 0.031252861 -0.405832887 6.872740269 -0.003715503 -0.021554250 0.011339399 0.999696434
1439803840.824087 0.028607279 -0.407722384 6.910457611 -0.003274996 -0.021791961 0.010227822 0.999704838
1439803840.886588 0.026755571 -0.409387827 6.947348118 -0.002558655 -0.022284687 0.008890786 0.999708831
1439803840.949090 0.024669528 -0.411130726 6.983927250 -0.002008629 -0.023027118 0.007976951 0.999701023
1439803841.011591 0.022370517 -0.413169473 7.020801544 -0.001941213 -0.023789726 0.006988660 0.999690652
1439803841.074093 0.020060986 -0.415177405 7.057691097 -0.001890410 -0.024753394 0.006320378 0.999671817
1439803841.136594 0.017638177 -0.417068720 7.094658852 -0.001386189 -0.025711747 0.005938709 0.999650776
1439803841.199094 0.015387893 -0.419156700 7.131512165 -0.001266620 -0.026717182 0.005518591 0.999626994
1439803841.261594 0.012863010 -0.421021581 7.168291569 -0.001407128 -0.027718054 0.004800644 0.999603271
1439803841.324095 0.010486007 -0.423142850 7.204481125 -0.001650886 -0.028692743 0.003388436 0.999581158
1439803841.386595 0.007849783 -0.425172776 7.241332054 -0.001748510 -0.029774802 0.002837636 0.999551058
1439803841.449095 0.004446357 -0.427191556 7.279357910 -0.001755554 -0.030651964 0.002771672 0.999524713
1439803841.511600 0.001998365 -0.428929925 7.316377163 -0.001186506 -0.031922631 0.003544398 0.999483347
1439803841.574102 -0.000624716 -0.430713475 7.353122234 -0.000598316 -0.033008315 0.003781869 0.999447763
1439803841.636601 -0.003401160 -0.432913214 7.390259743 0.000571198 -0.034167811 0.003739055 0.999408960
1439803841.699103 -0.006161749 -0.435356587 7.426298618 0.001727839 -0.035261761 0.003081481 0.999371886
1439803841.761602 -0.009724379 -0.437454551 7.463984013 0.003298478 -0.036150783 0.001792285 0.999339283
1439803841.824105 -0.012893438 -0.439941436 7.500510693 0.004677412 -0.037214018 0.000749836 0.999296069
1439803841.886605 -0.015922666 -0.442314029 7.536921024 0.005404866 -0.038565118 0.001394430 0.999240518
1439803841.949108 -0.019463718 -0.444445133 7.574346066 0.004627087 -0.039943926 0.002079631 0.999189019
1439803842.011609 -0.023263991 -0.446249664 7.612575054 0.002969637 -0.041263830 0.002311916 0.999141157
1439803842.074110 -0.026615143 -0.448414475 7.649906635 0.001089562 -0.042736005 0.002256379 0.999083221
1439803842.136611 -0.030500352 -0.450832307 7.687183380 -0.000557519 -0.044106789 0.001570133 0.999025404
1439803842.199112 -0.034403086 -0.453415930 7.723784924 -0.001195795 -0.045527700 0.001022601 0.998961806
1439803842.261614 -0.038692653 -0.455024719 7.760527611 -0.000300923 -0.047154900 0.000661881 0.998887300
1439803842.324116 -0.042749345 -0.457486212 7.798193932 0.001118192 -0.048912000 0.000423393 0.998802364
1439803842.386617 -0.046750128 -0.459324181 7.834861279 0.002366090 -0.050661325 -0.000193387 0.998713076
1439803842.449120 -0.051265299 -0.461365849 7.871706486 0.002959511 -0.052246187 -0.000901350 0.998629451
1439803842.511621 -0.055986285 -0.463911533 7.908139706 0.003006132 -0.053822234 -0.002237992 0.998543501
1439803842.574121 -0.061276853 -0.465909898 7.945598125 0.003189178 -0.055332448 -0.003609456 0.998456359
1439803842.636623 -0.066386044 -0.468335211 7.983349323 0.003469734 -0.056869846 -0.004696284 0.998364508
1439803842.699123 -0.071119666 -0.470550507 8.020241737 0.004014479 -0.058354229 -0.005121521 0.998274744
1439803842.761625 -0.076063097 -0.472979516 8.056750298 0.004464779 -0.059803933 -0.005041697 0.998187423
1439803842.824126 -0.081426382 -0.475696862 8.094138145 0.004828314 -0.061136883 -0.005498759 0.998102546
1439803842.886628 -0.086729348 -0.477729499 8.131729126 0.004914510 -0.062555052 -0.005918028 0.998011887
1439803842.949129 -0.092215478 -0.480218828 8.168634415 0.004684680 -0.063890897 -0.005999707 0.997927845
1439803843.011630 -0.097404957 -0.482741356 8.205365181 0.004174938 -0.065560311 -0.007322276 0.997812986
1439803843.074132 -0.103297114 -0.484701455 8.242836952 0.003806917 -0.066941723 -0.008074091 0.997716963
1439803843.136633 -0.109039903 -0.486838460 8.279632568 0.003259220 -0.068227112 -0.009283057 0.997621298
1439803843.199135 -0.114627481 -0.489278138 8.316379547 0.002991037 -0.069371440 -0.008983050 0.997545958
1439803843.261638 -0.120309234 -0.491530865 8.353598595 0.003091661 -0.070297025 -0.008781778 0.997482657
1439803843.324138 -0.125985503 -0.493809998 8.390070915 0.003903155 -0.070892587 -0.009584329 0.997430265
1439803843.386639 -0.131467223 -0.496281683 8.426346779 0.005113642 -0.071295634 -0.009254950 0.997399211
1439803843.449140 -0.137653112 -0.499085546 8.463915825 0.006311487 -0.071690045 -0.008501205 0.997370780
1439803843.511641 -0.143241167 -0.501412392 8.501182556 0.007116060 -0.072335400 -0.007329243 0.997328043
1439803843.574143 -0.148745775 -0.504128993 8.537895203 0.007050663 -0.072991677 -0.005867429 0.997290373
1439803843.636647 -0.154673934 -0.506585658 8.574813843 0.006688978 -0.073483095 -0.005597170 0.997258306
1439803843.699146 -0.160195708 -0.508995593 8.612220764 0.005451741 -0.074150398 -0.004550525 0.997221828
1439803843.761647 -0.165819407 -0.511526763 8.649168015 0.005259213 -0.074805729 -0.002109276 0.997182012
1439803843.824147 -0.171458364 -0.514310181 8.685966492 0.005841142 -0.075506605 -0.001602667 0.997126937
1439803843.886648 -0.177558899 -0.516892076 8.722687721 0.006803705 -0.076007940 -0.001548799 0.997082829
1439803843.949149 -0.183554411 -0.519259453 8.760129929 0.007556994 -0.076383166 -0.001632139 0.997048557
1439803844.011649 -0.189655781 -0.521857798 8.796931267 0.008634836 -0.076645024 -0.002146862 0.997018754
1439803844.074149 -0.195913672 -0.524411678 8.834060669 0.008158552 -0.076883465 -0.002650781 0.997003198
1439803844.136650 -0.202121854 -0.526966512 8.871395111 0.006206808 -0.076966733 -0.003327159 0.997008801
1439803844.199151 -0.207994938 -0.529522657 8.908258438 0.004234407 -0.077260129 -0.003178314 0.996996880
1439803844.261650 -0.213878632 -0.531758845 8.945584297 0.003411671 -0.077531748 -0.001227354 0.996983290
1439803844.324152 -0.220057249 -0.534461081 8.982788086 0.003174638 -0.077660926 0.000116771 0.996974766
1439803844.386652 -0.225541711 -0.537032545 9.019520760 0.003886578 -0.077938497 0.000477468 0.996950448
1439803844.449152 -0.231571198 -0.539781570 9.056192398 0.005751940 -0.077908590 0.000127756 0.996943891
1439803844.511654 -0.237928987 -0.542236805 9.092948914 0.007436729 -0.077902958 -0.000342849 0.996933162
1439803844.574154 -0.243747473 -0.544611394 9.129934311 0.008026062 -0.078345530 0.000274720 0.996893942
1439803844.636654 -0.249520302 -0.547171175 9.166726112 0.007600897 -0.078777067 0.000950893 0.996862829
1439803844.699157 -0.255640030 -0.549887359 9.203561783 0.007139901 -0.079108626 0.001163210 0.996839762
1439803844.761655 -0.261866570 -0.552270889 9.241127014 0.007006780 -0.079439208 0.000690231 0.996814847
1439803844.824156 -0.268430710 -0.554806232 9.277727127 0.006651305 -0.079455711 -0.000333832 0.996816158
1439803844.886657 -0.274551630 -0.557114363 9.315105438 0.006146370 -0.079813659 -0.000798880 0.996790528
1439803844.949159 -0.281196356 -0.559625268 9.351479530 0.005497273 -0.080032498 -0.001282953 0.996776283
1439803845.011660 -0.287373662 -0.562023699 9.388861656 0.004644193 -0.080525555 -0.001312900 0.996740878
1439803845.074161 -0.293421268 -0.564168692 9.425503731 0.003857064 -0.080939546 -0.001644645 0.996710181
1439803845.136661 -0.299947381 -0.566996396 9.462327957 0.003126108 -0.081120871 -0.001996553 0.996697366
1439803845.199162 -0.305886865 -0.569731712 9.499061584 0.002741871 -0.081574470 -0.002477308 0.996660411
1439803845.261662 -0.312239647 -0.571202934 9.536166191 0.002845681 -0.082017288 -0.001661231 0.996625483
1439803845.324162 -0.318456411 -0.573274612 9.573087692 0.002878918 -0.082506791 -0.001144062 0.996585667
1439803845.386663 -0.324679375 -0.575824201 9.609774590 0.002887014 -0.082758307 -0.001516173 0.996564269
1439803845.449164 -0.331182480 -0.578307629 9.647119522 0.002939223 -0.083247513 -0.001057635 0.996523976
1439803845.511664 -0.337686300 -0.580458164 9.683932304 0.002742633 -0.083542645 -0.000472713 0.996500313
1439803845.574165 -0.344357014 -0.582458735 9.720887184 0.002451216 -0.083723553 0.000187852 0.996485949
1439803845.636667 -0.350878119 -0.584618986 9.758584976 0.002174112 -0.084320925 0.000100866 0.996436238
1439803845.699168 -0.357356191 -0.587033749 9.795431137 0.001909196 -0.084609255 0.000118545 0.996412337
1439803845.761669 -0.364473462 -0.589063942 9.832612991 0.002014306 -0.084822759 0.000123887 0.996394038
1439803845.824172 -0.370444655 -0.591194689 9.869301796 0.002205273 -0.085341975 0.000168327 0.996349275
1439803845.886671 -0.377363801 -0.593945682 9.905569077 0.001843451 -0.085703887 0.000518740 0.996318817
1439803845.949173 -0.383754611 -0.596348107 9.940864563 0.002071292 -0.085948683 0.000228788 0.996297359
1439803846.011675 -0.390748978 -0.598297536 9.978247643 0.002396693 -0.086390734 0.000323096 0.996258378
1439803846.074177 -0.397268295 -0.600862265 10.014962196 0.002574877 -0.086773463 0.000328886 0.996224701
1439803846.136679 -0.403126478 -0.603403926 10.050529480 0.002947991 -0.087301679 0.000098406 0.996177554
1439803846.199180 -0.410150766 -0.605623484 10.087118149 0.003449687 -0.087585010 -0.000046061 0.996151090
1439803846.261681 -0.416591048 -0.607784033 10.123311996 0.004214237 -0.088127755 -0.000104180 0.996100247
1439803846.324179 -0.422984004 -0.610938013 10.159004211 0.004516543 -0.088577017 -0.000298103 0.996059060
1439803846.386681 -0.430278897 -0.613228440 10.195386887 0.005086643 -0.088909186 -0.000481978 0.996026635
1439803846.449181 -0.437028170 -0.615687728 10.231811523 0.005449187 -0.089356504 -0.000981764 0.995984316
1439803846.511684 -0.443861008 -0.617989540 10.267146111 0.005356474 -0.089717425 -0.001442169 0.995951831
1439803846.574185 -0.451532245 -0.620515108 10.304223061 0.004843204 -0.089987785 -0.001944942 0.995929182
1439803846.636685 -0.458374023 -0.623097658 10.340071678 0.004069946 -0.090565592 -0.002014863 0.995880127
1439803846.699188 -0.465509534 -0.625448108 10.376386642 0.003629893 -0.091015041 -0.002747126 0.995839119
1439803846.761689 -0.472522616 -0.627645016 10.412863731 0.003253479 -0.091469817 -0.003178620 0.995797455
1439803846.824190 -0.479851007 -0.629923701 10.448862076 0.003174432 -0.091786765 -0.003925843 0.995765865
1439803846.886694 -0.486471176 -0.632216096 10.484589577 0.003609465 -0.092289157 -0.004593452 0.995715082
1439803846.949195 -0.493926406 -0.634701788 10.520448685 0.004231037 -0.092520133 -0.005468430 0.995686829
1439803847.011692 -0.501183867 -0.636811078 10.556713104 0.004735816 -0.092701741 -0.006509565 0.995661378
1439803847.074196 -0.508506775 -0.638896585 10.592174530 0.005169485 -0.093091600 -0.007109326 0.995618761
1439803847.136697 -0.515894055 -0.641252637 10.628024101 0.005391613 -0.093458563 -0.007793023 0.995578051
1439803847.199198 -0.522456408 -0.643627048 10.664687157 0.005265975 -0.094161794 -0.008117180 0.995509923
1439803847.261699 -0.529525876 -0.645931661 10.700264931 0.004686425 -0.094548233 -0.008271012 0.995474875
1439803847.324200 -0.536814809 -0.648500264 10.735853195 0.003975630 -0.094826430 -0.008509126 0.995449543
1439803847.386701 -0.543953538 -0.650606692 10.771687508 0.003551808 -0.095313422 -0.008518909 0.995404541
1439803847.449204 -0.551390409 -0.652568281 10.807271004 0.003395501 -0.095472537 -0.008502060 0.995389938
1439803847.511706 -0.558674455 -0.654976308 10.842592239 0.003162825 -0.095760003 -0.008578981 0.995362461
1439803847.574208 -0.566004992 -0.657259941 10.877951622 0.003283068 -0.095893450 -0.008878450 0.995346546
1439803847.636712 -0.573260307 -0.659452915 10.912878990 0.003183774 -0.095783077 -0.008814646 0.995358109
1439803847.699213 -0.580122113 -0.661730051 10.948179245 0.002809983 -0.095640101 -0.008489948 0.995375812
1439803847.761711 -0.587189913 -0.663792610 10.983648300 0.002634605 -0.095333830 -0.008516137 0.995405436
1439803847.824211 -0.594021440 -0.665834785 11.019284248 0.002701326 -0.095099792 -0.008883698 0.995424449
1439803847.886712 -0.601118684 -0.668132663 11.054085732 0.002763245 -0.094864458 -0.009225146 0.995443642
1439803847.949216 -0.608423352 -0.670071959 11.088752747 0.002681980 -0.094523229 -0.009477572 0.995473921
1439803848.011717 -0.614810824 -0.672201693 11.124396324 0.002743040 -0.094556727 -0.009298357 0.995472312
1439803848.074219 -0.621592164 -0.674427867 11.159530640 0.003078481 -0.094363481 -0.008748924 0.995494604
1439803848.136718 -0.628543019 -0.676639378 11.194485664 0.003392800 -0.093930945 -0.008156562 0.995539486
1439803848.199220 -0.635465145 -0.679006457 11.229517937 0.003697258 -0.093555741 -0.008324884 0.995572388
1439803848.261721 -0.642343521 -0.681114912 11.264216423 0.004062328 -0.093208060 -0.008350576 0.995603323
1439803848.324222 -0.649403930 -0.683412731 11.299103737 0.004171581 -0.092751853 -0.008851280 0.995641172
1439803848.386725 -0.656137347 -0.685412109 11.333065987 0.003875212 -0.092471428 -0.009848846 0.995659113
1439803848.449230 -0.663059592 -0.687463820 11.367590904 0.003430579 -0.092263877 -0.009991168 0.995678544
1439803848.511726 -0.669836760 -0.689687848 11.401379585 0.003102303 -0.092073396 -0.009782428 0.995699346
1439803848.574230 -0.676095128 -0.691912651 11.436924934 0.002837811 -0.092039451 -0.009125040 0.995709479
1439803848.636731 -0.682506204 -0.694220781 11.471240044 0.002840504 -0.091812432 -0.008459075 0.995736361
1439803848.699232 -0.689086080 -0.696469784 11.505628586 0.003199732 -0.091387473 -0.008283245 0.995775819
1439803848.761731 -0.695549726 -0.698566258 11.539958000 0.003556998 -0.091001123 -0.008252461 0.995810211
1439803848.824235 -0.701875806 -0.700679839 11.574149132 0.003467354 -0.090733297 -0.007868115 0.995838106
1439803848.886737 -0.708409786 -0.702767432 11.608102798 0.003387362 -0.090291016 -0.007628096 0.995880425
1439803848.949239 -0.714520574 -0.704679132 11.642230988 0.003032619 -0.089973524 -0.007674556 0.995909929
1439803849.011737 -0.720568895 -0.706785917 11.676096916 0.002280215 -0.089748405 -0.007717269 0.995931983
1439803849.074241 -0.726865530 -0.708736122 11.709877968 0.001367381 -0.089257382 -0.007790707 0.995977163
1439803849.136755 -0.733179927 -0.710821629 11.743545532 0.000768061 -0.088847965 -0.007554370 0.996016264
1439803849.199242 -0.739291787 -0.712831497 11.776908875 0.000551204 -0.088528119 -0.007371027 0.996046245
1439803849.261743 -0.745367527 -0.714723945 11.809526443 0.000394577 -0.088118479 -0.006959141 0.996085584
1439803849.324244 -0.751220465 -0.716752350 11.842685699 0.000050286 -0.087744206 -0.006556681 0.996121466
1439803849.386749 -0.756984353 -0.718859851 11.875222206 -0.000213987 -0.087344594 -0.006152611 0.996159136
1439803849.449248 -0.763507605 -0.720501006 11.908017159 -0.000194959 -0.086816609 -0.005849435 0.996207118
1439803849.511751 -0.768808365 -0.722885132 11.940093994 -0.000306993 -0.086380832 -0.006123155 0.996243358
1439803849.574253 -0.774961710 -0.723907709 11.972344398 0.000010337 -0.086047165 -0.005382744 0.996276498
1439803849.636753 -0.780285358 -0.725892961 12.003914833 0.000554809 -0.085743085 -0.004841916 0.996305346
1439803849.699256 -0.786289215 -0.727886975 12.035742760 0.001224155 -0.085342847 -0.004331815 0.996341467
1439803849.761755 -0.791428804 -0.730255008 12.067046165 0.001675705 -0.085202225 -0.003748151 0.996355236
1439803849.824256 -0.796766639 -0.731885493 12.097100258 0.001759549 -0.084974580 -0.003386991 0.996375799
1439803849.886762 -0.802249908 -0.733493030 12.128579140 0.001823650 -0.085158870 -0.002778846 0.996361852
1439803849.949264 -0.808100104 -0.735364318 12.159591675 0.001693438 -0.085011639 -0.002669974 0.996374965
1439803850.011762 -0.813207865 -0.737261772 12.190055847 0.001153635 -0.085174143 -0.002450706 0.996362388
1439803850.074264 -0.818703532 -0.738943756 12.220480919 0.000685680 -0.085121006 -0.001365179 0.996369421
1439803850.136764 -0.823717952 -0.740640700 12.250241280 0.000320057 -0.085220873 -0.000578769 0.996361852
1439803850.199266 -0.828779340 -0.742520332 12.279808998 0.000548490 -0.085458167 -0.000142294 0.996341586
1439803850.261765 -0.834483027 -0.744544327 12.309480667 0.000963270 -0.085505642 -0.000522754 0.996337056
1439803850.324269 -0.839805603 -0.746390402 12.339215279 0.001570863 -0.085730039 0.000035278 0.996317148
1439803850.386768 -0.845230937 -0.748375714 12.367894173 0.002228458 -0.085916243 0.000241981 0.996299863
1439803850.449272 -0.850181222 -0.750268757 12.396637917 0.002862832 -0.086351179 0.000279560 0.996260583
1439803850.511772 -0.855632901 -0.752160192 12.425409317 0.003315611 -0.086560577 0.000352711 0.996241033
1439803850.574272 -0.860720038 -0.753895164 12.453851700 0.003536599 -0.086984962 0.000573680 0.996203184
1439803850.636778 -0.866080046 -0.755895734 12.482552528 0.003592564 -0.087159246 0.000757484 0.996187627
1439803850.699277 -0.871177316 -0.757857084 12.510183334 0.003691721 -0.087355822 0.000431368 0.996170223
1439803850.761779 -0.876156926 -0.759688795 12.537913322 0.003928772 -0.087681346 0.000087313 0.996140838
1439803850.824278 -0.881541967 -0.761664569 12.565686226 0.004136699 -0.087933578 0.000316317 0.996117711
1439803850.886781 -0.886809230 -0.763758302 12.593004227 0.004026982 -0.088000678 0.000003994 0.996112287
1439803850.949281 -0.891727924 -0.765396833 12.620028496 0.004278461 -0.088301361 0.000381989 0.996084571
1439803851.011785 -0.896843672 -0.767572403 12.647354126 0.004426653 -0.088680632 0.000066845 0.996050298
1439803851.074289 -0.902184367 -0.769205987 12.674342155 0.004555452 -0.088838130 -0.000312816 0.996035635
1439803851.136788 -0.907179117 -0.771226645 12.700780869 0.004451951 -0.088933654 -0.000953609 0.996027172
1439803851.199289 -0.912171960 -0.773182869 12.727497101 0.004187498 -0.089147702 -0.000947063 0.996009171
1439803851.261787 -0.917197466 -0.774674952 12.753677368 0.004451694 -0.089390412 -0.001046945 0.995986164
1439803851.324291 -0.922007203 -0.776437640 12.779622078 0.004802613 -0.089724280 -0.001340165 0.995954156
1439803851.386792 -0.927252769 -0.778383255 12.805692673 0.004801972 -0.089836799 -0.001806803 0.995943248
1439803851.449294 -0.932213068 -0.780093789 12.832116127 0.004711674 -0.089912720 -0.001689481 0.995937049
1439803851.511796 -0.936934829 -0.781833947 12.857901573 0.004662965 -0.089971669 -0.002050614 0.995931268
1439803851.574296 -0.942019582 -0.783393443 12.883550644 0.004850517 -0.089975469 -0.002546271 0.995928884
1439803851.636797 -0.946986437 -0.785285056 12.908889771 0.005108027 -0.090161443 -0.002981811 0.995909631
1439803851.699300 -0.951451659 -0.787161946 12.933885574 0.005108999 -0.090517879 -0.003141419 0.995876789
1439803851.761799 -0.956512928 -0.788400471 12.959417343 0.005067020 -0.090560935 -0.003299753 0.995872557
1439803851.824300 -0.961477280 -0.790157139 12.983597755 0.005010149 -0.090576425 -0.003621074 0.995870292
1439803851.886802 -0.966083884 -0.791657269 13.009160042 0.005387531 -0.090850405 -0.003472049 0.995843947
1439803851.949305 -0.970622063 -0.793237925 13.033649445 0.005841658 -0.091033839 -0.003551867 0.995824337
1439803852.074307 -0.979866743 -0.796531081 13.084141731 0.005599071 -0.091161326 -0.003025399 0.995815814
1439803852.136805 -0.984488010 -0.798048258 13.107744217 0.004986573 -0.091072999 -0.002742853 0.995827973
1439803852.199308 -0.989653230 -0.799259067 13.131381989 0.004450899 -0.090914264 -0.003202454 0.995843649
1439803852.261808 -0.995787263 -0.800973415 13.155812263 0.004070422 -0.090675198 -0.003347600 0.995866597
1439803852.324310 -1.000101328 -0.802844286 13.180119514 0.003951009 -0.090716526 -0.003144186 0.995863914
1439803852.449310 -1.009153843 -0.805839002 13.228508949 0.003661076 -0.090565674 -0.003782002 0.995876551
1439803852.511811 -1.014226198 -0.808832288 13.251815796 0.002921996 -0.090327881 -0.003555804 0.995901465
1439803852.574312 -1.018392086 -0.810642660 13.275478363 0.002479063 -0.090543956 -0.002776895 0.995885491
1439803852.636812 -1.023172617 -0.811620772 13.297795296 0.002506876 -0.090414211 -0.002527924 0.995897889
1439803852.699312 -1.026816368 -0.812502027 13.322882652 0.003088647 -0.090524562 -0.002738808 0.995885670
1439803852.824313 -1.035856605 -0.815363586 13.370463371 0.002146892 -0.090014793 -0.001752790 0.995936573
1439803852.886813 -1.040410042 -0.817305505 13.393288612 0.001128871 -0.090001747 -0.001828061 0.995939314
1439803852.949315 -1.044314623 -0.818543196 13.417107582 0.000964601 -0.090432741 -0.001354515 0.995901167
1439803853.011817 -1.048954368 -0.820062220 13.440273285 0.001257061 -0.090392753 -0.001056377 0.995904803
1439803853.074318 -1.053523540 -0.821373761 13.464399338 0.001700097 -0.090418063 -0.000387668 0.995902359
1439803853.199315 -1.062797308 -0.823904455 13.511606216 0.001442832 -0.090381622 -0.000928372 0.995905757
1439803853.261818 -1.067171574 -0.825356781 13.535067558 0.001583445 -0.090781502 -0.000266218 0.995869517
1439803853.324318 -1.070949554 -0.826915979 13.557172775 0.001842192 -0.091247074 0.000381221 0.995826542
1439803853.386820 -1.076270342 -0.828059196 13.580129623 0.001731022 -0.091022968 0.000854491 0.995846927
1439803853.449322 -1.081110835 -0.829160690 13.605831146 0.001626964 -0.090995625 0.000418410 0.995849907
1439803853.574326 -1.090466738 -0.831232607 13.654650688 0.002056180 -0.091892958 -0.000081194 0.995766759
1439803853.636826 -1.095745802 -0.832762122 13.678668976 0.003015385 -0.092268005 -0.000692023 0.995729387
1439803853.699325 -1.100950837 -0.834422350 13.703231812 0.003373092 -0.092574574 -0.000509676 0.995699942
1439803853.761829 -1.106021047 -0.836605430 13.727715492 0.003289622 -0.092959762 0.000321178 0.995664418
1439803853.824329 -1.109190226 -0.837749064 13.750756264 0.004104989 -0.093949631 0.000887264 0.995568097
1439803853.886830 -1.114349604 -0.839175344 13.774963379 0.004927714 -0.094302773 0.000800582 0.995531082
1439803853.949332 -1.118957162 -0.840831280 13.800295830 0.005497698 -0.094640590 0.001031532 0.995495796
1439803854.011834 -1.124069452 -0.842656732 13.824554443 0.005637445 -0.094709858 0.000185742 0.995488942
1439803854.074333 -1.129806995 -0.843637526 13.849718094 0.004978438 -0.094907589 -0.000269534 0.995473564
1439803854.136838 -1.134491086 -0.845473111 13.874360085 0.004343638 -0.095416196 -0.000434403 0.995427907
1439803854.199336 -1.139886975 -0.847958565 13.898915291 0.003765579 -0.095694669 -0.000933648 0.995403171
1439803854.261840 -1.145018220 -0.849287748 13.923964500 0.003434467 -0.096325979 -0.000517322 0.995343804
1439803854.324341 -1.149420857 -0.850327671 13.948670387 0.003053021 -0.096828274 -0.000035778 0.995296419
1439803854.386842 -1.154693842 -0.852484703 13.973518372 0.002658546 -0.097201101 0.000329844 0.995261133
1439803854.449342 -1.160174489 -0.853763998 13.998104095 0.002571997 -0.097433448 0.000762605 0.995238423
1439803854.511846 -1.165627122 -0.855483174 14.024415970 0.002674111 -0.097560242 0.000749683 0.995225728
1439803854.574348 -1.170765638 -0.857083023 14.048661232 0.002793622 -0.097938552 0.000733990 0.995188296
1439803854.636848 -1.175937057 -0.859181285 14.073169708 0.002352524 -0.098186307 0.000242848 0.995165229
1439803854.699349 -1.181159139 -0.860613823 14.098198891 0.001963233 -0.098411821 0.000494059 0.995143712
1439803854.761851 -1.185809970 -0.861624956 14.122295380 0.001599765 -0.098639734 0.000744673 0.995121658
1439803854.824352 -1.192398190 -0.863198340 14.147239685 0.001169320 -0.098283768 0.000367115 0.995157659
1439803854.886850 -1.196447492 -0.865349829 14.171365738 0.000378489 -0.098673046 0.000922872 0.995119393
1439803854.949353 -1.202019811 -0.866495430 14.196442604 0.000291918 -0.098873675 0.001865101 0.995098174
1439803855.011851 -1.207211733 -0.867705107 14.221357346 -0.000024757 -0.098999180 0.002514410 0.995084345
1439803855.074351 -1.211612463 -0.869453490 14.245097160 -0.000348783 -0.099105999 0.003076777 0.995072067
1439803855.136856 -1.216738582 -0.871057212 14.269599915 -0.000607838 -0.099045798 0.004330221 0.995073259
1439803855.199355 -1.221426725 -0.872891903 14.294015884 -0.001322337 -0.099067010 0.006345603 0.995059669
1439803855.261853 -1.226761222 -0.873238206 14.318737030 -0.001614980 -0.098956063 0.008092415 0.995057583
1439803855.324357 -1.231959939 -0.874073148 14.343494415 -0.001379163 -0.098769240 0.008763752 0.995070815
1439803855.386854 -1.236940861 -0.875587106 14.367218971 -0.000644072 -0.098266594 0.007608758 0.995130837
1439803855.449357 -1.242028475 -0.877087235 14.391137123 0.000408748 -0.097534649 0.006635862 0.995209932
1439803855.511861 -1.246899962 -0.878983974 14.414746284 0.000784211 -0.096557721 0.005465389 0.995312095
1439803855.574355 -1.252452850 -0.879805565 14.438983917 0.001330209 -0.095166497 0.004566601 0.995450020
1439803855.636856 -1.256708622 -0.881415844 14.462289810 0.001605626 -0.094012737 0.004769434 0.995558262
1439803855.699361 -1.260475278 -0.882752895 14.485604286 0.002191581 -0.092819437 0.005686495 0.995664299
1439803855.761858 -1.265136838 -0.884741962 14.508954048 0.002318025 -0.091013558 0.006846804 0.995823383
1439803855.824358 -1.268341064 -0.885711789 14.531032562 0.002092537 -0.089192763 0.006930419 0.995988071
1439803855.886859 -1.272098780 -0.888182759 14.553690910 0.001364618 -0.087171003 0.007027601 0.996167660
1439803855.949359 -1.275405169 -0.889846325 14.575839043 0.000909509 -0.085437231 0.007190759 0.996317208
1439803856.011859 -1.277760267 -0.891066790 14.598294258 0.000873062 -0.083674006 0.006073689 0.996474266
1439803856.074362 -1.282157779 -0.891797483 14.620584488 0.000747203 -0.081133723 0.005807740 0.996686041
1439803856.136861 -1.284895778 -0.893299341 14.642509460 0.001064868 -0.078813493 0.005400638 0.996874154
1439803856.199361 -1.289130449 -0.894192874 14.664381981 0.002025423 -0.075607218 0.004291226 0.997126400
1439803856.261864 -1.290696383 -0.895747662 14.686641693 0.002406441 -0.072702736 0.003670057 0.997344017
1439803856.324365 -1.293785214 -0.897343516 14.708145142 0.002408438 -0.068610460 0.003258014 0.997635305
1439803856.386868 -1.295273781 -0.898324609 14.729631424 0.002335199 -0.064460583 0.003395348 0.997911751
1439803856.449371 -1.297540307 -0.899940312 14.750339508 0.002409873 -0.059382748 0.003672541 0.998225629
1439803856.511868 -1.300020337 -0.901531577 14.770708084 0.002703751 -0.053710956 0.003786582 0.998545706
1439803856.574375 -1.300915837 -0.902415752 14.791926384 0.003215522 -0.048024766 0.004747211 0.998829663
1439803856.636878 -1.301890969 -0.903527319 14.812719345 0.003072868 -0.041644584 0.005250987 0.999113977
1439803856.699376 -1.302186251 -0.904919565 14.832922935 0.002408931 -0.034494065 0.004471530 0.999391973
1439803856.761873 -1.302433491 -0.906100988 14.853596687 0.001968282 -0.026646605 0.004122910 0.999634504
1439803856.824373 -1.301840544 -0.907419503 14.873899460 0.001849261 -0.018587397 0.004134207 0.999817014
1439803856.886876 -1.300319314 -0.908444822 14.894462585 0.001925754 -0.010125191 0.004282300 0.999937713
1439803856.949376 -1.298857093 -0.909851670 14.914699554 0.001675533 -0.000712365 0.004264503 0.999989271
1439803857.011879 -1.296276569 -0.911011517 14.933992386 0.001329743 0.009696921 0.004788753 0.999940634
1439803857.074381 -1.293426991 -0.911888063 14.954230309 0.000877749 0.021280795 0.005300755 0.999759078
1439803857.136880 -1.289746881 -0.912802637 14.974121094 0.000426380 0.033850137 0.005590263 0.999411166
1439803857.199385 -1.285858750 -0.913666725 14.993179321 -0.000245138 0.047614723 0.005916538 0.998848200
1439803857.261884 -1.280583143 -0.914995492 15.011768341 -0.000803324 0.061894096 0.007059899 0.998057425
1439803857.324384 -1.275338888 -0.915799916 15.029974937 -0.001347502 0.077238590 0.007743874 0.996981680
1439803857.386887 -1.268793106 -0.916694939 15.048832893 -0.001778989 0.092998177 0.008420317 0.995629072
1439803857.449389 -1.261224031 -0.917726040 15.066985130 -0.002069256 0.109069213 0.010066099 0.993981004
1439803857.511889 -1.253214836 -0.918891966 15.084666252 -0.002356003 0.125877410 0.011356795 0.991977990
1439803857.574391 -1.244499683 -0.919570029 15.101573944 -0.002409669 0.143360451 0.012963460 0.989582717
1439803857.636893 -1.235763550 -0.920484006 15.118041039 -0.002923298 0.161640167 0.014413376 0.986740172
1439803857.699394 -1.225129128 -0.920430005 15.135412216 -0.003769055 0.180270255 0.015586708 0.983486414
1439803857.761894 -1.213706970 -0.920614481 15.151311874 -0.005240271 0.199181691 0.016946122 0.979802012
1439803857.824398 -1.202320099 -0.921074569 15.166619301 -0.006918982 0.218696490 0.019503362 0.975573480
1439803857.886898 -1.189793110 -0.921302319 15.181940079 -0.008383989 0.238673925 0.021969678 0.970815003
1439803857.949400 -1.176525116 -0.921304762 15.196134567 -0.009784133 0.258973569 0.024781696 0.965516865
1439803858.011905 -1.162409782 -0.921754837 15.209777832 -0.011658537 0.279478669 0.027859816 0.959676802
1439803858.074401 -1.148294926 -0.921371877 15.223604202 -0.013425643 0.300746471 0.029480817 0.953153789
1439803858.136906 -1.132271290 -0.920993149 15.236997604 -0.014635485 0.321128875 0.031808767 0.946388006
1439803858.199409 -1.115972042 -0.920958221 15.249343872 -0.016493339 0.341544420 0.033976723 0.939106464
1439803858.261905 -1.099026203 -0.920365214 15.261735916 -0.018709518 0.362077594 0.036311481 0.931252480
1439803858.324408 -1.081140041 -0.919603407 15.273384094 -0.020416621 0.382412493 0.038508080 0.922963142
1439803858.386910 -1.063494682 -0.919482589 15.284505844 -0.022705520 0.403069049 0.038787182 0.914065301
1439803858.449412 -1.044487476 -0.918294966 15.295190811 -0.024550393 0.422522128 0.038173392 0.905215502
1439803858.511912 -1.025135994 -0.917480052 15.305358887 -0.025792142 0.441775471 0.038431451 0.895930886
1439803858.574413 -1.005068779 -0.916285813 15.315124512 -0.026503392 0.460461110 0.039770372 0.886392355
1439803858.636915 -0.984294891 -0.915275514 15.323758125 -0.027409550 0.478307337 0.041438170 0.876785994
1439803858.699418 -0.962779045 -0.913960576 15.331902504 -0.027872715 0.495269090 0.043763939 0.867188752
1439803858.761921 -0.940492153 -0.912498474 15.339390755 -0.027386397 0.511227906 0.046715830 0.857737482
1439803858.824422 -0.918325424 -0.911177158 15.346300125 -0.027026584 0.526114345 0.048564218 0.848595738
1439803858.886921 -0.895698547 -0.909693062 15.353343010 -0.027638104 0.540302753 0.048834987 0.839597642
1439803858.949422 -0.872423649 -0.908256710 15.360109329 -0.028918445 0.553586721 0.048889711 0.830852151
1439803859.011923 -0.849029064 -0.906955957 15.366673470 -0.030868622 0.566108763 0.048182387 0.822342038
1439803859.074423 -0.825038433 -0.905487478 15.372985840 -0.032441951 0.577444434 0.047643632 0.814392745
1439803859.136927 -0.801017523 -0.903805375 15.378863335 -0.033174653 0.587779284 0.047242749 0.806959093
1439803859.199428 -0.776383638 -0.902717471 15.383743286 -0.032449372 0.596833467 0.047933910 0.800274432
1439803859.261928 -0.751493931 -0.901200116 15.388530731 -0.030739717 0.605057836 0.048428204 0.794112623
1439803859.324432 -0.726391792 -0.899828613 15.393129349 -0.028848339 0.612161577 0.049020775 0.788684309
1439803859.386931 -0.700895548 -0.898113310 15.397918701 -0.027085815 0.618328691 0.049042519 0.783920169
1439803859.449434 -0.675904512 -0.896905363 15.402318954 -0.026255121 0.623588204 0.048626952 0.779797316
1439803859.511932 -0.649589777 -0.894776106 15.407044411 -0.025902718 0.628015578 0.047933299 0.776291132
1439803859.574432 -0.623288155 -0.893854737 15.411510468 -0.026298128 0.632192433 0.047916826 0.772881091
1439803859.636936 -0.596654415 -0.892247438 15.416101456 -0.026301773 0.635958850 0.048769247 0.769731164
1439803859.699433 -0.569610357 -0.890608668 15.420275688 -0.026668087 0.639385879 0.048903380 0.766865671
1439803859.761936 -0.542447805 -0.888973773 15.424074173 -0.027084181 0.642405868 0.048991833 0.764317274
1439803859.824442 -0.515128732 -0.887285352 15.428467751 -0.027538598 0.645341992 0.048675530 0.761843860
1439803859.886937 -0.486809492 -0.885660291 15.433690071 -0.027911264 0.648286402 0.048648667 0.759327948
1439803859.949436 -0.459666610 -0.885024607 15.436503410 -0.028420009 0.650567055 0.048068538 0.757393003
1439803860.011940 -0.431764483 -0.883623838 15.440146446 -0.027546745 0.652699053 0.046808649 0.755667984
1439803860.074439 -0.403673291 -0.882678151 15.444475174 -0.026003689 0.654807627 0.045315050 0.753987610
1439803860.136937 -0.375376701 -0.881556749 15.448690414 -0.025510758 0.656707406 0.042954702 0.752488852
1439803860.199442 -0.346551418 -0.880108416 15.452782631 -0.025292104 0.658267140 0.041488033 0.751214623
1439803860.261939 -0.317473531 -0.878914058 15.455884933 -0.024875222 0.659417629 0.041178469 0.750235915
1439803860.324440 -0.287975073 -0.877537906 15.460051537 -0.024562538 0.660352945 0.041570518 0.749401510
1439803860.386941 -0.258858562 -0.876236796 15.463708878 -0.025286809 0.661019087 0.042244192 0.748752058
1439803860.449440 -0.228913307 -0.875086606 15.467495918 -0.026158487 0.661669612 0.043430302 0.748079419
1439803860.511940 -0.199093699 -0.873918593 15.471401215 -0.027018311 0.662397504 0.043898668 0.747377038
1439803860.574444 -0.169262290 -0.872719288 15.475506783 -0.028058706 0.663233876 0.043438364 0.746623456
1439803860.636944 -0.139230132 -0.871743977 15.479096413 -0.029123712 0.664007246 0.042668313 0.745939434
1439803860.699447 -0.109650731 -0.870509148 15.482752800 -0.028563537 0.664676368 0.043003149 0.745345652
1439803860.761945 -0.079228163 -0.868904710 15.486235619 -0.027049089 0.665062904 0.043976124 0.745000541
1439803860.824448 -0.049220920 -0.867229819 15.489379883 -0.026143767 0.665244520 0.045060091 0.744805932
1439803860.886950 -0.018533349 -0.866060376 15.492693901 -0.026249545 0.665396869 0.046470802 0.744579375
1439803860.949452 0.011524796 -0.864547789 15.496212006 -0.026765335 0.665517390 0.047152150 0.744410455
1439803861.011952 0.041997671 -0.862927794 15.499654770 -0.027247958 0.665672362 0.047531497 0.744230211
1439803861.074453 0.072721004 -0.861073017 15.503911972 -0.027445359 0.665982068 0.047891837 0.743922770
1439803861.136955 0.103436708 -0.859570980 15.507273674 -0.027431294 0.665980756 0.048225984 0.743902802
1439803861.199454 0.135021210 -0.858412027 15.510355949 -0.027226852 0.666044533 0.048295379 0.743848681
1439803861.261957 0.165853739 -0.856849372 15.513917923 -0.027008276 0.666221559 0.048030369 0.743715346
1439803861.324459 0.196960092 -0.855187178 15.517786026 -0.027483486 0.666438103 0.047384329 0.743545294
1439803861.386961 0.227875233 -0.853451133 15.521420479 -0.028472345 0.666532755 0.046483222 0.743480146
1439803861.449465 0.259402394 -0.851612329 15.525546074 -0.029440163 0.666667700 0.045911621 0.743356943
1439803861.511968 0.291789412 -0.850090981 15.528833389 -0.029553778 0.666764617 0.046309669 0.743240833
1439803861.574465 0.323624611 -0.848520517 15.532464027 -0.029347086 0.666879773 0.046873972 0.743110299
1439803861.636970 0.355437279 -0.846967518 15.535772324 -0.028658345 0.666953921 0.047432069 0.743035197
1439803861.699466 0.387467384 -0.845165312 15.539199829 -0.027594406 0.667157531 0.048264306 0.742839038
1439803861.761969 0.419278860 -0.843607903 15.542700768 -0.026986290 0.667492390 0.049005955 0.742511988
1439803861.824467 0.451539993 -0.841634274 15.546401024 -0.027224436 0.667770863 0.048714943 0.742272019
1439803861.886967 0.483745098 -0.839697540 15.550189018 -0.028076010 0.667901218 0.048574682 0.742132187
1439803861.949470 0.516308427 -0.837825119 15.553784370 -0.029195493 0.668035865 0.049193226 0.741927028
1439803862.011970 0.548582435 -0.836199641 15.557149887 -0.029805260 0.668088317 0.050244812 0.741785109
1439803862.074470 0.581196189 -0.834190488 15.560619354 -0.029555023 0.668124139 0.051278517 0.741692066
1439803862.136974 0.613339901 -0.832386374 15.564004898 -0.029153641 0.668162882 0.052285429 0.741602778
1439803862.199476 0.646473289 -0.830724180 15.567421913 -0.029107014 0.668348610 0.052789658 0.741401494
1439803862.261977 0.678650737 -0.828900039 15.570836067 -0.029008714 0.668695092 0.052745469 0.741096020
1439803862.324478 0.712004542 -0.826644480 15.574334145 -0.028830687 0.668965399 0.053131796 0.740831316
1439803862.386980 0.744530320 -0.824472964 15.577992439 -0.028727971 0.669268310 0.052994482 0.740571558
1439803862.449480 0.776853800 -0.822969258 15.581272125 -0.027495131 0.669411004 0.052703694 0.740510166
1439803862.511979 0.809850693 -0.821393847 15.584712982 -0.024968665 0.669553578 0.052414078 0.740491271
1439803862.574486 0.842044115 -0.819896817 15.587812424 -0.023013651 0.669571400 0.051752955 0.740585029
1439803862.636984 0.875489473 -0.818106711 15.591189384 -0.022014612 0.669581115 0.050795782 0.740672827
1439803862.699485 0.908254862 -0.816467524 15.594899178 -0.021510877 0.669502676 0.050201926 0.740799069
1439803862.761987 0.941624403 -0.814680815 15.598700523 -0.021700718 0.669148624 0.050490435 0.741093755
1439803862.824489 0.975025892 -0.812994719 15.602291107 -0.021998821 0.668494165 0.051542860 0.741603017
1439803862.886989 1.008863449 -0.811541557 15.605899811 -0.022507047 0.667747200 0.052388411 0.742201149
1439803862.949491 1.042073131 -0.810002565 15.609810829 -0.022484567 0.667097867 0.052631825 0.742768347
1439803863.011991 1.075346589 -0.808409929 15.613866806 -0.022194413 0.666483760 0.052216157 0.743357420
1439803863.074492 1.108476877 -0.807054877 15.617685318 -0.021727948 0.665869653 0.052190509 0.743923128
1439803863.136997 1.141781449 -0.805179954 15.622204781 -0.021674903 0.665377021 0.051696207 0.744399846
1439803863.199496 1.175868392 -0.803761244 15.625860214 -0.021634314 0.664650261 0.051848661 0.745039403
1439803863.262001 1.209051251 -0.802163363 15.629961967 -0.021942053 0.663931906 0.052190132 0.745646834
1439803863.324500 1.242511511 -0.800339818 15.634368896 -0.022629889 0.663197815 0.052553684 0.746253729
1439803863.386997 1.275946617 -0.798639059 15.638733864 -0.022537258 0.662523210 0.053712040 0.746773124
1439803863.449501 1.310009956 -0.796946406 15.642861366 -0.021964649 0.661853552 0.054928102 0.747295380
1439803863.512002 1.342683196 -0.795481563 15.647218704 -0.021635281 0.661174834 0.055867471 0.747835934
1439803863.574499 1.377870560 -0.793580055 15.651313782 -0.021777615 0.660557210 0.055750772 0.748386145
1439803863.637001 1.413752198 -0.791548133 15.656568527 -0.021929966 0.660083771 0.054629825 0.748881876
1439803863.699501 1.446899891 -0.790040553 15.660923004 -0.021434989 0.659545481 0.053958084 0.749418974
1439803863.762004 1.481243491 -0.788212717 15.665922165 -0.021027245 0.659078538 0.053351782 0.749884605
1439803863.824506 1.514515996 -0.787000835 15.670483589 -0.020583566 0.658691406 0.053042669 0.750258863
1439803863.887008 1.548254967 -0.785188198 15.675589561 -0.020187674 0.658554912 0.052785002 0.750407577
1439803863.949511 1.584283710 -0.783537030 15.680399895 -0.020170549 0.658634424 0.052691877 0.750344932
1439803864.012008 1.618848681 -0.781777143 15.685166359 -0.020139236 0.658815086 0.052878194 0.750173986
1439803864.074509 1.652735114 -0.780254006 15.689928055 -0.021151319 0.658965051 0.052315280 0.750053883
1439803864.137011 1.686684489 -0.778535843 15.694664955 -0.022293426 0.658965111 0.052150864 0.750032187
1439803864.199513 1.723005891 -0.776623249 15.699638367 -0.023573408 0.658985913 0.052714087 0.749935389
1439803864.262016 1.757201195 -0.774697602 15.704420090 -0.025645683 0.658870280 0.052416459 0.749989808
1439803864.324520 1.791981459 -0.772791624 15.709245682 -0.025569243 0.658841550 0.053485077 0.749942243
1439803864.387019 1.827702880 -0.771212220 15.713980675 -0.024171155 0.658938229 0.054328743 0.749843061
1439803864.449521 1.861831546 -0.769639909 15.718404770 -0.022715241 0.658916354 0.054006036 0.749931037
1439803864.512019 1.896746159 -0.768175304 15.723201752 -0.021675650 0.658960462 0.053121913 0.749986231
1439803864.574521 1.931242347 -0.766463399 15.728589058 -0.022346573 0.659136534 0.051232241 0.749943256
1439803864.637026 1.967356443 -0.764277577 15.733505249 -0.022853252 0.659133911 0.050082926 0.750007987
1439803864.699527 2.002328873 -0.762623668 15.738275528 -0.023113275 0.659163535 0.049947664 0.749983013
1439803864.762031 2.037558079 -0.761120677 15.743174553 -0.023143075 0.659430444 0.050155640 0.749733508
1439803864.824526 2.073284388 -0.759752035 15.747441292 -0.021981601 0.659722388 0.051227856 0.749439061
1439803864.887028 2.108866215 -0.757721364 15.752017021 -0.021282783 0.660201371 0.051314756 0.749031365
1439803864.949529 2.143453598 -0.756157100 15.756045341 -0.021735230 0.660618544 0.050824769 0.748683870
1439803865.012030 2.179719448 -0.754340291 15.761284828 -0.021968519 0.661183536 0.050514687 0.748199165
1439803865.074534 2.214760303 -0.753055453 15.765533447 -0.021202436 0.661580086 0.051539276 0.747800708
1439803865.137036 2.251124859 -0.751428246 15.769898415 -0.020549079 0.661895454 0.052551191 0.747469366
1439803865.199535 2.286641121 -0.749691427 15.774040222 -0.020216947 0.662116706 0.052868601 0.747260094
1439803865.262037 2.322342873 -0.748071313 15.778609276 -0.019839870 0.662543952 0.053336475 0.746858120
1439803865.324538 2.358333588 -0.746255398 15.782959938 -0.020430081 0.662786365 0.053407378 0.746622086
1439803865.387043 2.393974543 -0.744462013 15.787282944 -0.020737393 0.662948847 0.053887416 0.746434808
1439803865.449540 2.429790974 -0.742650986 15.792007446 -0.020594144 0.663193524 0.054565527 0.746172130
1439803865.512042 2.466222048 -0.741129637 15.796055794 -0.020488871 0.663324833 0.055732839 0.745971978
1439803865.574544 2.501735926 -0.739353299 15.800519943 -0.020410728 0.663436711 0.056482945 0.745818198
1439803865.637045 2.537384987 -0.737644911 15.804592133 -0.020019840 0.663483143 0.056284886 0.745802462
1439803865.699546 2.574209213 -0.736094236 15.809049606 -0.019522034 0.663666248 0.055848498 0.745685518
1439803865.762048 2.609967232 -0.734488904 15.813567162 -0.019469343 0.663655639 0.055441856 0.745726705
1439803865.824549 2.645520687 -0.732731938 15.817838669 -0.019205458 0.663453698 0.055360369 0.745919287
1439803865.887051 2.681720257 -0.730892658 15.822086334 -0.019010792 0.663192928 0.056435712 0.746075571
1439803865.949555 2.717977047 -0.729075134 15.826538086 -0.018441707 0.662993133 0.058525313 0.746106386
1439803866.012053 2.753860950 -0.727241993 15.830884933 -0.018946413 0.662749767 0.059309814 0.746248066
1439803866.074557 2.789361238 -0.725519001 15.835727692 -0.021064473 0.662573934 0.058445320 0.746415555
1439803866.137056 2.825653076 -0.723692775 15.840785027 -0.022816839 0.662513852 0.056950118 0.746532917
1439803866.199557 2.861091614 -0.721957743 15.845397949 -0.022811729 0.662277341 0.055760302 0.746832728
1439803866.262060 2.897102833 -0.720250905 15.850431442 -0.022384206 0.661938488 0.055449117 0.747169197
1439803866.324560 2.932231665 -0.718266726 15.854294777 -0.021514872 0.661429763 0.056258030 0.747584641
1439803866.387065 2.967848778 -0.716232955 15.858402252 -0.020135473 0.661182940 0.057896715 0.747716308
1439803866.449562 3.003632069 -0.714348078 15.863048553 -0.019924697 0.661195815 0.059778430 0.747562528
1439803866.512067 3.039226294 -0.712213516 15.867225647 -0.020104328 0.661065519 0.062628277 0.747439563
1439803866.574567 3.074823141 -0.710141361 15.871473312 -0.020033026 0.660941660 0.064942531 0.747353554
1439803866.637069 3.109930992 -0.708493173 15.876131058 -0.019186202 0.660890996 0.065059572 0.747410357
1439803866.699569 3.145565987 -0.707100093 15.880624771 -0.016984394 0.660812140 0.063274123 0.747686625
1439803866.762070 3.180210114 -0.705952942 15.884848595 -0.013904545 0.660997689 0.059844136 0.747868598
1439803866.824572 3.215141058 -0.704870701 15.889289856 -0.009730263 0.661379695 0.057869904 0.747752190
1439803866.887076 3.249951839 -0.703362703 15.893686295 -0.006975383 0.661660433 0.056630187 0.747629523
1439803866.949578 3.285163879 -0.701866031 15.897984505 -0.007068529 0.661893487 0.056694962 0.747417390
1439803867.012075 3.320538998 -0.700226665 15.902429581 -0.008624533 0.662251949 0.059045698 0.746901333
1439803867.074582 3.356184244 -0.698701084 15.906749725 -0.011653228 0.662442505 0.061430089 0.746498823
1439803867.137078 3.391692400 -0.697056651 15.911213875 -0.014419987 0.662561238 0.062877946 0.746224582
1439803867.199580 3.426973104 -0.695544779 15.915613174 -0.016994840 0.662795246 0.062969171 0.745954812
1439803867.262081 3.462351799 -0.693794429 15.920026779 -0.018426673 0.663086653 0.063365102 0.745628238
1439803867.324582 3.497049809 -0.691953659 15.924441338 -0.020644197 0.663155794 0.063124806 0.745528996
1439803867.387087 3.532826662 -0.689438045 15.929156303 -0.022477001 0.663587570 0.061960906 0.745189369
1439803867.449588 3.568320513 -0.687308490 15.933531761 -0.023174725 0.664136469 0.061856486 0.744687438
1439803867.512088 3.603495121 -0.685374498 15.937592506 -0.022765378 0.664664507 0.061724819 0.744239807
1439803867.574591 3.638188362 -0.684002936 15.941803932 -0.021334507 0.665310442 0.059167981 0.743912637
1439803867.637089 3.673325062 -0.682409823 15.945923805 -0.019369895 0.666272223 0.054471243 0.743464231
1439803867.699591 3.708195210 -0.680969894 15.949897766 -0.016559485 0.667156696 0.051588573 0.742944419
1439803867.762093 3.743252754 -0.679643929 15.953877449 -0.014957566 0.667661846 0.049922768 0.742638290
1439803867.824594 3.779613972 -0.677814484 15.958112717 -0.015653735 0.667906523 0.049512252 0.742431343
1439803867.887097 3.815631866 -0.676120460 15.962171555 -0.018299237 0.668206394 0.050155763 0.742057800
1439803867.949597 3.850585938 -0.674706817 15.965995789 -0.020737495 0.668731987 0.051847402 0.741403639
1439803868.012099 3.886564732 -0.673684478 15.969755173 -0.021853166 0.669125080 0.052069016 0.741001248
1439803868.074601 3.922011614 -0.672614932 15.973362923 -0.020253867 0.669591010 0.051446386 0.740669250
1439803868.137099 3.956829071 -0.671635449 15.976763725 -0.017681766 0.670354187 0.049643669 0.740167618
1439803868.199599 3.992351532 -0.670660019 15.980207443 -0.015111913 0.671192050 0.047741573 0.739590108
1439803868.262101 4.027859688 -0.668986976 15.983486176 -0.014311535 0.671864331 0.047524694 0.739009321
1439803868.324604 4.063394547 -0.667458653 15.986888885 -0.015069310 0.672445238 0.050834280 0.738245368
1439803868.387101 4.099960327 -0.665577948 15.990094185 -0.016531769 0.672870576 0.054495331 0.737564981
1439803868.449603 4.135385513 -0.664255738 15.993325233 -0.017543178 0.673276544 0.055694751 0.737081409
1439803868.574603 4.189764977 -0.653839231 16.013927460 -0.012883792 0.677605987 0.047750752 0.733760178
1439803868.637103 4.239371777 -0.663054526 16.002918243 -0.006499718 0.676413834 0.041977249 0.735295832
1439803868.699606 4.275062561 -0.662068248 16.006425858 -0.009462813 0.677191794 0.033438470 0.734985411
1439803868.762105 4.310490608 -0.660963535 16.009479523 -0.011743993 0.677962899 0.031996310 0.734305561
1439803868.824605 4.344878197 -0.659687698 16.013622284 -0.013104792 0.677993059 0.036642313 0.734037459
1439803868.949609 4.416806221 -0.658331037 16.018745422 -0.021289058 0.677332282 0.045338582 0.733970165
1439803869.012110 4.450951576 -0.663677573 16.018846512 -0.021437626 0.677110970 0.056302425 0.733410656
1439803869.074614 4.492850780 -0.662878394 16.019657135 -0.017280307 0.676011860 0.064096786 0.733894348
1439803869.137113 4.529268265 -0.660984576 16.022401810 -0.016734118 0.675890088 0.060659673 0.734311163
1439803869.199614 4.555255890 -0.654644370 16.030212402 -0.018526211 0.679339588 0.042600762 0.732352138
1439803869.262114 4.589934826 -0.651908159 16.033172607 -0.016846668 0.679650426 0.042400226 0.732115924
1439803869.324615 4.624207497 -0.651688933 16.035045624 -0.017130341 0.679285705 0.044786755 0.732305765
1439803869.387118 4.658115387 -0.650501311 16.037073135 -0.016713196 0.678989768 0.047337551 0.732429326
1439803869.449618 4.692800045 -0.649047792 16.039422989 -0.017104693 0.678953111 0.049221896 0.732330084
1439803869.512119 4.726761341 -0.648230791 16.041673660 -0.017658653 0.679187834 0.050930329 0.731982350
1439803869.574621 4.761144638 -0.647523344 16.044193268 -0.017652428 0.679419994 0.051735338 0.731710494
1439803869.637121 4.795395851 -0.645879388 16.046976089 -0.017152887 0.679835558 0.051878773 0.731326163
1439803869.699621 4.828485489 -0.644366384 16.049337387 -0.017041463 0.679789186 0.052839886 0.731303096
1439803869.762122 4.862457275 -0.642740905 16.051853180 -0.017558448 0.679879665 0.054548252 0.731081247
1439803869.824622 4.896124363 -0.641099632 16.054533005 -0.019364469 0.680015683 0.054697443 0.730897963
1439803869.887122 4.929635525 -0.639933467 16.057538986 -0.022004541 0.680184722 0.051918447 0.730868638
1439803869.949626 4.963068008 -0.638739526 16.060054779 -0.021527763 0.680344760 0.049433459 0.730906188
1439803870.012124 4.995698929 -0.637861967 16.062877655 -0.019083105 0.680819631 0.047185119 0.730680525
1439803870.074625 5.028672695 -0.637022436 16.064880371 -0.014653672 0.680961668 0.045634370 0.730748892
1439803870.137126 5.061808586 -0.636219800 16.067102432 -0.012168148 0.681163609 0.043761540 0.730720878
1439803870.199626 5.095653534 -0.635332823 16.069307327 -0.011736371 0.681631625 0.042737674 0.730351985
1439803870.262126 5.128677368 -0.634375215 16.072072983 -0.011855988 0.682323456 0.043856218 0.729637444
1439803870.324631 5.161883831 -0.633073270 16.074851990 -0.013790516 0.682626486 0.044859819 0.729258895
1439803870.387128 5.195792675 -0.631775916 16.077165604 -0.016463015 0.682561457 0.045779988 0.729207098
1439803870.449628 5.229346752 -0.631312430 16.079086304 -0.018400988 0.682607770 0.046514124 0.729070961
1439803870.512131 5.262851238 -0.630009055 16.081842422 -0.017992487 0.683044076 0.047940686 0.728579938
1439803870.574632 5.296236515 -0.629152715 16.083589554 -0.016181337 0.683326483 0.049523041 0.728251696
1439803870.637134 5.329269409 -0.628317416 16.085397720 -0.014909941 0.683653951 0.049270559 0.727988601
1439803870.699634 5.362376213 -0.627110004 16.087680817 -0.013571532 0.684264183 0.049113061 0.727451861
1439803870.762138 5.395843506 -0.625877440 16.089897156 -0.013144061 0.684975028 0.048752986 0.726814687
1439803870.824637 5.429166317 -0.624859214 16.091856003 -0.013452901 0.685407221 0.048207831 0.726437867
1439803870.887139 5.462402344 -0.623441815 16.093950272 -0.014029210 0.685719490 0.047694847 0.726166129
1439803870.949641 5.496945858 -0.622114718 16.096422195 -0.014989366 0.685956180 0.047266629 0.725951314
1439803871.012141 5.530238152 -0.620965302 16.098062515 -0.015803477 0.685999453 0.047274083 0.725892663
1439803871.074643 5.563822746 -0.619602680 16.100412369 -0.016091816 0.686325967 0.047772575 0.725544989
1439803871.137144 5.596970558 -0.618533969 16.102033615 -0.015857356 0.686549962 0.048466522 0.725292146
1439803871.199646 5.632080078 -0.617624342 16.104269028 -0.016255615 0.687052310 0.048303302 0.724818349
1439803871.262146 5.665144920 -0.616747439 16.106008530 -0.016998306 0.687348902 0.047641229 0.724563956
1439803871.324651 5.698835373 -0.615512669 16.108442307 -0.017897600 0.687868714 0.046473678 0.724124610
1439803871.387151 5.733737469 -0.614048958 16.110715866 -0.017646981 0.688351035 0.045304444 0.723746538
1439803871.449651 5.767798424 -0.612878263 16.112773895 -0.017716529 0.688660860 0.044182844 0.723519325
1439803871.512152 5.801672935 -0.611675799 16.114810944 -0.017716095 0.688945353 0.043571919 0.723285496
1439803871.574654 5.835192680 -0.610570610 16.116333008 -0.016935011 0.689146876 0.044082891 0.723081291
1439803871.637160 5.869507790 -0.609742761 16.117666245 -0.016447149 0.689418614 0.044426139 0.722812355
1439803871.699660 5.903510094 -0.608622670 16.119440079 -0.016717916 0.689827323 0.044699516 0.722399294
1439803871.762158 5.937520027 -0.607549787 16.120990753 -0.018228253 0.690265417 0.045054290 0.721922100
1439803871.824661 5.971999168 -0.606232762 16.122528076 -0.019954380 0.690801620 0.045307804 0.721347511
1439803871.887164 6.006140232 -0.604961753 16.124275208 -0.021151474 0.691522837 0.045129277 0.720633090
1439803871.949663 6.039850712 -0.604060650 16.125724792 -0.022426067 0.692131162 0.044839967 0.720028400
1439803872.012163 6.074636936 -0.602642834 16.127128601 -0.022689464 0.692772329 0.044643149 0.719415486
1439803872.074667 6.108677387 -0.601540864 16.128284454 -0.022245241 0.693573236 0.044859767 0.718643785
1439803872.137168 6.143027782 -0.600185931 16.129549026 -0.021817444 0.694364071 0.044956677 0.717886806
1439803872.199668 6.177315712 -0.598868668 16.130720139 -0.022123288 0.695101917 0.045118999 0.717152834
1439803872.262172 6.211615086 -0.597591996 16.131843567 -0.022234172 0.695947528 0.045131318 0.716328084
1439803872.324671 6.245426178 -0.596384048 16.132797241 -0.021301486 0.696794271 0.045137551 0.715532362
1439803872.387174 6.279580593 -0.594921768 16.134014130 -0.019858427 0.697586477 0.044731610 0.714827120
1439803872.449673 6.313795567 -0.593876660 16.134424210 -0.018780861 0.698034704 0.044092577 0.714458346
1439803872.512176 6.347816467 -0.592633367 16.135358810 -0.018623563 0.698665440 0.043183010 0.713901281
1439803872.574676 6.381564617 -0.591461241 16.136056900 -0.018728040 0.699271381 0.043203384 0.713303745
1439803872.637177 6.415539265 -0.590184391 16.137151718 -0.020658342 0.699729681 0.042932380 0.712817192
1439803872.699679 6.449330807 -0.589139938 16.137804031 -0.021824034 0.700135171 0.043414354 0.712355018
1439803872.762181 6.482769012 -0.587853074 16.138109207 -0.021398084 0.700719655 0.044445813 0.711729348
1439803872.824681 6.517382622 -0.586844087 16.138694763 -0.020619594 0.701422393 0.044803131 0.711037338
1439803872.887189 6.551062107 -0.585770667 16.138948441 -0.020055072 0.702114105 0.045000337 0.710358024
1439803872.949684 6.584425449 -0.584699929 16.139251709 -0.020984270 0.702961683 0.043738354 0.709571302
1439803873.012186 6.618536949 -0.582869232 16.139785767 -0.021185694 0.703830540 0.043542549 0.708715558
1439803873.074687 6.652343750 -0.581753373 16.140186310 -0.021618133 0.704696596 0.043749344 0.707828581
1439803873.137189 6.686314583 -0.580338478 16.140491486 -0.022744339 0.705412745 0.043640092 0.707086325
1439803873.199693 6.719940662 -0.578646719 16.140554428 -0.025692949 0.705964267 0.044539656 0.706378400
1439803873.262193 6.754076958 -0.576927960 16.140748978 -0.027502932 0.707118690 0.044384588 0.705164313
1439803873.324693 6.787411213 -0.575481236 16.140289307 -0.026862359 0.708467305 0.045399841 0.703769386
1439803873.387194 6.820488930 -0.574117899 16.139684677 -0.024820607 0.709939957 0.047062118 0.702249527
1439803873.449695 6.854429245 -0.573054731 16.139261246 -0.024814894 0.711412609 0.045714859 0.700846970
1439803873.512198 6.887147903 -0.571616471 16.138309479 -0.023063205 0.713113368 0.044174764 0.699275374
1439803873.574698 6.919719696 -0.570613086 16.137290955 -0.021209490 0.714945555 0.044056620 0.697468281
1439803873.637203 6.952534676 -0.569509625 16.136125565 -0.019879526 0.716560304 0.043212146 0.695901513
1439803873.699703 6.985485554 -0.568358541 16.135110855 -0.020601256 0.717829347 0.040973831 0.694706917
1439803873.762205 7.019203663 -0.567430556 16.133445740 -0.020933080 0.719228029 0.039653130 0.693325639
1439803873.824706 7.052492619 -0.566555917 16.132253647 -0.020761501 0.720824659 0.039181150 0.691697598
1439803873.887205 7.085389137 -0.565573454 16.130479813 -0.020331692 0.721994162 0.039344650 0.690480292
1439803873.949710 7.118296623 -0.564426839 16.128522873 -0.019417245 0.723096430 0.040631387 0.689277589
1439803874.012208 7.151211739 -0.563659370 16.126745224 -0.019746557 0.724621594 0.041338492 0.687622488
1439803874.074709 7.184816360 -0.562279820 16.124397278 -0.019977670 0.726080596 0.042619206 0.685996652
1439803874.137214 7.217161179 -0.561328828 16.122114182 -0.020145275 0.727576673 0.043541636 0.684346795
1439803874.199714 7.249373436 -0.560248911 16.120012283 -0.020294840 0.729090810 0.044307869 0.682679594
1439803874.262216 7.281894684 -0.559019446 16.117530823 -0.020548223 0.730351448 0.046542544 0.681174159
1439803874.324716 7.316238403 -0.557109296 16.114341736 -0.020531254 0.731548607 0.047335520 0.679834187
1439803874.387217 7.348838329 -0.555601537 16.111633301 -0.020755989 0.733191609 0.047476795 0.678045213
1439803874.449718 7.380558968 -0.554549813 16.108493805 -0.019281801 0.734992981 0.048993737 0.676027477
1439803874.512223 7.413275719 -0.553149641 16.104682922 -0.017318401 0.736296713 0.051689055 0.674459398
1439803874.574723 7.445546150 -0.551440418 16.101238251 -0.015798815 0.737906098 0.051736854 0.672731936
1439803874.637223 7.477317810 -0.550188899 16.097541809 -0.016948588 0.739502430 0.051169802 0.670992196
1439803874.699727 7.509284019 -0.548952579 16.094615936 -0.019644665 0.741282642 0.049124110 0.669104576
1439803874.824728 7.566374779 -0.546634257 16.088493347 -0.024768388 0.744023919 0.046067070 0.666102648
1439803874.887227 7.596262932 -0.545571804 16.084419250 -0.023825081 0.745245874 0.047337491 0.664680541
1439803874.949728 7.626610756 -0.544178963 16.079803467 -0.021131607 0.746348977 0.050280962 0.663316250
1439803875.012229 7.656985283 -0.542480052 16.075508118 -0.020201512 0.747540891 0.050933499 0.661951900
1439803875.137235 7.721299171 -0.540277302 16.068378448 -0.020393178 0.750801384 0.046792895 0.658552825
1439803875.199734 7.751921177 -0.539083362 16.064380646 -0.019722862 0.752031505 0.044970535 0.657295465
1439803875.262232 7.782034874 -0.538073957 16.060176849 -0.018664543 0.752809703 0.044652656 0.656456590
1439803875.324732 7.811928749 -0.536678493 16.055459976 -0.017925393 0.753345966 0.044678349 0.655860066
1439803875.449734 7.873455048 -0.534252703 16.046014786 -0.015864382 0.754462481 0.049817402 0.654257536
1439803875.512236 7.907476902 -0.532896161 16.041542053 -0.015253093 0.754822850 0.051989820 0.653687060
1439803875.574734 7.937976837 -0.531763375 16.036569595 -0.015049204 0.754917681 0.052820500 0.653515697
1439803875.637239 7.968606949 -0.530494809 16.032375336 -0.015031454 0.755331635 0.052007198 0.653102875
1439803875.699739 7.999473095 -0.529293716 16.028146744 -0.015006148 0.755869627 0.050820027 0.652574360
1439803875.824736 8.060462952 -0.527236402 16.019472122 -0.013774849 0.756443381 0.049358532 0.652048588
1439803875.887237 8.091557503 -0.526083350 16.015150070 -0.012627742 0.756740689 0.048728500 0.651774168
1439803875.949739 8.121740341 -0.525429845 16.010190964 -0.011076667 0.756829798 0.048771419 0.651695728
1439803876.012241 8.151264191 -0.524679422 16.004920959 -0.009723561 0.756635785 0.048787668 0.651941299
1439803876.074741 8.182359695 -0.523232937 16.000720978 -0.008591059 0.756731391 0.049328297 0.651805580
1439803876.199743 8.239974976 -0.521709740 15.991846085 -0.010017292 0.756394744 0.049253289 0.652181506
1439803876.262246 8.274357796 -0.520342112 15.986941338 -0.010512928 0.756112158 0.049621694 0.652473390
1439803876.324748 8.304656029 -0.519211590 15.983453751 -0.011884458 0.756134272 0.050135668 0.652384937
1439803876.387247 8.334879875 -0.518278778 15.979095459 -0.012251913 0.755769551 0.051259734 0.652713299
1439803876.449749 8.365159988 -0.517069936 15.974844933 -0.012025526 0.755470514 0.052058283 0.653000414
1439803876.512250 8.395910263 -0.515956581 15.970424652 -0.012195402 0.755179942 0.052293606 0.653314471
1439803876.574751 8.427000999 -0.514286757 15.966704369 -0.012391893 0.755224705 0.052883502 0.653211594
1439803876.637253 8.458402634 -0.512991488 15.962697983 -0.013770088 0.755057096 0.052894015 0.653376937
1439803876.699754 8.488338470 -0.511572063 15.958822250 -0.015404893 0.754835248 0.052095331 0.653660834
1439803876.762256 8.518688202 -0.510117292 15.955394745 -0.016720319 0.754577041 0.051716369 0.653956592
1439803876.824757 8.549465179 -0.508460760 15.951500893 -0.017205000 0.754295886 0.052253034 0.654225707
1439803876.887258 8.580735207 -0.506586611 15.947790146 -0.016995853 0.754123807 0.052605398 0.654401302
1439803876.949759 8.610844612 -0.505681098 15.942163467 -0.016898386 0.753623426 0.053066105 0.654942930
1439803877.012261 8.641281128 -0.503859103 15.938112259 -0.017646605 0.753443003 0.053704385 0.655078650
1439803877.074768 8.672130585 -0.502400637 15.934053421 -0.018883675 0.753402352 0.053407080 0.655115187
1439803877.137263 8.702564240 -0.500633776 15.930540085 -0.018510185 0.753615260 0.051792126 0.655010641
1439803877.199765 8.732457161 -0.500175238 15.926581383 -0.017014695 0.753902256 0.049413890 0.654904664
1439803877.262269 8.763624191 -0.498940945 15.922606468 -0.016001359 0.754347563 0.045877192 0.654674709
1439803877.324768 8.794507980 -0.498872757 15.918841362 -0.015066440 0.754862487 0.042516612 0.654330134
1439803877.387269 8.825157166 -0.497709721 15.914936066 -0.013808120 0.755510747 0.039551541 0.653795481
1439803877.449771 8.855247498 -0.496907264 15.910713196 -0.013447339 0.755955040 0.039000556 0.653322339
1439803877.512274 8.886682510 -0.495707989 15.906474113 -0.014089281 0.756300747 0.039817121 0.652859271
1439803877.574773 8.917815208 -0.494755626 15.901575089 -0.016002385 0.756386340 0.040905073 0.652648747
1439803877.637272 8.948390007 -0.493763268 15.896771431 -0.017902974 0.756496906 0.042674128 0.652357876
1439803877.699776 8.978395462 -0.492821634 15.892418861 -0.019392030 0.756689966 0.044948786 0.651938558
1439803877.762274 9.008852005 -0.491772413 15.887681961 -0.020348553 0.756918728 0.046178672 0.651557744
1439803877.824774 9.039312363 -0.490903854 15.883508682 -0.021443810 0.757293701 0.046115316 0.651091218
1439803877.887278 9.070436478 -0.489287674 15.879297256 -0.021353817 0.757676959 0.045636173 0.650681913
1439803877.949776 9.101444244 -0.487877667 15.874761581 -0.020746041 0.758090794 0.045272700 0.650244772
1439803878.012276 9.131485939 -0.487008214 15.870202065 -0.020020625 0.758352697 0.044658139 0.650004625
1439803878.074778 9.161861420 -0.485688329 15.865522385 -0.019566109 0.758545339 0.043790974 0.649852693
1439803878.137278 9.192561150 -0.484440327 15.860836983 -0.019865787 0.758730292 0.043236800 0.649664760
1439803878.199778 9.223428726 -0.483046532 15.856143951 -0.020024229 0.758980811 0.043281723 0.649364173
1439803878.262279 9.253589630 -0.481885552 15.851393700 -0.020262336 0.759075224 0.043194272 0.649252236
1439803878.324781 9.283782005 -0.480959475 15.846981049 -0.020692294 0.759264827 0.043381959 0.649004400
1439803878.387279 9.314620018 -0.479432166 15.842033386 -0.021309339 0.759393036 0.043806039 0.648805976
1439803878.449780 9.345392227 -0.477841914 15.836940765 -0.021450443 0.759669065 0.045247905 0.648379028
1439803878.574781 9.406853676 -0.475561082 15.826860428 -0.021195799 0.760149598 0.047384772 0.647671163
1439803878.637281 9.437025070 -0.474302113 15.822690964 -0.023533054 0.760540068 0.045652721 0.647256374
1439803878.699786 9.466529846 -0.473425686 15.818401337 -0.024605080 0.760977268 0.043212950 0.646870077
1439803878.762283 9.497028351 -0.472327173 15.814032555 -0.023687132 0.761434257 0.041283246 0.646492481
1439803878.824784 9.526875496 -0.471297622 15.809329033 -0.022376237 0.761795342 0.039395839 0.646231532
1439803878.887287 9.556362152 -0.472058475 15.803635597 -0.021513369 0.761716962 0.039774202 0.646329999
1439803878.949784 9.586663246 -0.470412552 15.798552513 -0.020438891 0.762006342 0.040446561 0.645981967
1439803879.012288 9.616041183 -0.467699349 15.794551849 -0.020495543 0.762793422 0.041085958 0.645010114
1439803879.074787 9.646743774 -0.467037797 15.790219307 -0.022085695 0.763386965 0.042340625 0.644173741
1439803879.137287 9.676784515 -0.466638684 15.784206390 -0.023192739 0.763422549 0.043646898 0.644005418
1439803879.199786 9.706390381 -0.465116203 15.778223038 -0.022650724 0.763507187 0.044287562 0.643880665
1439803879.262288 9.736742020 -0.462686777 15.773262978 -0.020809013 0.763808906 0.044247985 0.643587589
1439803879.324790 9.766458511 -0.461636424 15.769095421 -0.019860441 0.764116585 0.043891482 0.643276751
1439803879.387291 9.796338081 -0.460480034 15.764435768 -0.019370979 0.764239788 0.043540757 0.643169105
1439803879.449793 9.825918198 -0.459899366 15.759808540 -0.019064758 0.764421344 0.043740649 0.642948866
1439803879.512292 9.854646683 -0.458263814 15.754408836 -0.019155255 0.764306068 0.043733507 0.643083692
1439803879.574793 9.883604050 -0.457319140 15.749427795 -0.019276340 0.764233351 0.044294253 0.643128157
1439803879.637295 9.912742615 -0.456087351 15.744276047 -0.019117283 0.764127195 0.045038119 0.643207371
1439803879.699801 9.941379547 -0.455004454 15.739779472 -0.019220214 0.764212787 0.045722984 0.643054307
1439803879.762301 9.970645905 -0.453724265 15.734677315 -0.019316886 0.764276445 0.046468783 0.642922163
1439803879.824804 9.999658585 -0.452700973 15.729655266 -0.020031704 0.764275670 0.046363655 0.642908931
1439803879.887304 10.028298378 -0.451671481 15.725109100 -0.020968979 0.764345109 0.045785349 0.642837882
1439803879.949802 10.057367325 -0.450297236 15.720075607 -0.021025969 0.764396667 0.045511153 0.642794251
1439803880.012303 10.086296082 -0.449182987 15.715599060 -0.020973813 0.764425278 0.045527674 0.642760694
1439803880.074804 10.113953590 -0.448019743 15.711008072 -0.021302491 0.764379203 0.044855583 0.642851889
1439803880.137303 10.142567635 -0.446646035 15.705430984 -0.020389654 0.764239371 0.044253673 0.643089473
1439803880.199806 10.170904160 -0.445811927 15.700843811 -0.019731984 0.764579594 0.043642379 0.642747343
1439803880.262306 10.198997498 -0.444698572 15.695332527 -0.018405620 0.764665604 0.044015866 0.642658770
1439803880.324807 10.227016449 -0.443831682 15.690724373 -0.017800959 0.764863610 0.044103671 0.642434180
1439803880.387310 10.255179405 -0.442902625 15.686043739 -0.018229889 0.765000701 0.043665577 0.642288804
1439803880.449812 10.284154892 -0.441556931 15.681144714 -0.019130450 0.765238106 0.043346692 0.642001390
1439803880.512315 10.312654495 -0.440310359 15.676495552 -0.020143319 0.765483320 0.043272935 0.641682923
1439803880.574812 10.341448784 -0.439389884 15.671636581 -0.020993272 0.765814900 0.043206856 0.641264319
1439803880.637314 10.369804382 -0.438104689 15.666524887 -0.020980036 0.766087949 0.043374293 0.640927315
1439803880.699815 10.398042679 -0.437011242 15.661489487 -0.021468466 0.766473532 0.043207869 0.640461147
1439803880.762319 10.425917625 -0.435974538 15.656332016 -0.021338394 0.766961873 0.043431506 0.639865518
1439803880.824820 10.454899788 -0.434883714 15.651030540 -0.020988423 0.767630994 0.043598913 0.639062762
1439803880.887319 10.483272552 -0.433591485 15.645925522 -0.021360407 0.768327773 0.043110084 0.638245821
1439803880.949824 10.512898445 -0.432281971 15.640223503 -0.020921947 0.769039273 0.043502733 0.637376189
1439803881.012324 10.541199684 -0.431097269 15.634738922 -0.021086680 0.769644558 0.044230390 0.636589527
1439803881.074826 10.570385933 -0.429991841 15.629436493 -0.021206811 0.770332813 0.044551786 0.635730088
1439803881.137328 10.598917007 -0.428853273 15.623249054 -0.020279309 0.770771623 0.044609997 0.635224164
1439803881.199827 10.629676819 -0.427264690 15.617503166 -0.019647684 0.771505475 0.044026013 0.634393394
1439803881.262328 10.658475876 -0.426184833 15.611742973 -0.019049348 0.772233963 0.043441314 0.633565009
1439803881.324828 10.688346863 -0.425015092 15.605683327 -0.018056594 0.772962332 0.043525338 0.632699490
1439803881.387329 10.717214584 -0.423873186 15.599836349 -0.017459497 0.773838401 0.042930122 0.631685257
1439803881.449830 10.746475220 -0.422947407 15.593304634 -0.017472960 0.774620712 0.043025810 0.630718887
1439803881.512331 10.775517464 -0.421882212 15.586835861 -0.016908633 0.775527179 0.043758843 0.629568756
1439803881.574833 10.805851936 -0.420969188 15.580604553 -0.016363209 0.776514232 0.044200581 0.628334463
1439803881.637337 10.834778786 -0.420304298 15.574019432 -0.016259132 0.777263582 0.044155151 0.627413213
1439803881.699836 10.864920616 -0.419004619 15.567108154 -0.016866066 0.778030932 0.044155285 0.626445234
1439803881.762337 10.895864487 -0.417699099 15.560322762 -0.017495234 0.778766990 0.044407643 0.625494838
1439803881.824839 10.926119804 -0.416279197 15.554541588 -0.020772113 0.779499590 0.043823700 0.624522507
1439803881.887340 10.955097198 -0.415279984 15.547881126 -0.023364963 0.779968739 0.044183273 0.623819470
1439803881.949844 10.985904694 -0.413667142 15.541181564 -0.023945730 0.780636966 0.045134768 0.622892797
1439803882.012343 11.017602921 -0.412393570 15.533582687 -0.023699582 0.781211674 0.045898940 0.622125387
1439803882.074844 11.048452377 -0.411054432 15.526752472 -0.022373794 0.781644285 0.045938052 0.621627986
1439803882.137347 11.078193665 -0.410074711 15.519498825 -0.019825945 0.782009244 0.045929093 0.621255994
1439803882.199851 11.109641075 -0.408979595 15.512763023 -0.018144894 0.782685220 0.044540208 0.620556831
1439803882.262348 11.138803482 -0.407697976 15.505298615 -0.016725034 0.782806516 0.044781763 0.620426297
1439803882.324850 11.170225143 -0.406086802 15.498108864 -0.016176514 0.782987177 0.045399167 0.620167971
1439803882.387352 11.199471474 -0.405428112 15.489862442 -0.016976394 0.782801211 0.046453808 0.620303273
1439803882.449853 11.232134819 -0.403580248 15.483741760 -0.017764337 0.783027589 0.047403596 0.619923472
1439803882.512354 11.262437820 -0.402468979 15.476563454 -0.017612843 0.782715917 0.048894752 0.620205462
1439803882.574856 11.294210434 -0.401107609 15.469412804 -0.016631434 0.782326937 0.050298046 0.620611012
1439803882.637357 11.325345993 -0.399533570 15.462242126 -0.015209160 0.781815588 0.051109824 0.621225297
1439803882.699861 11.355950356 -0.398471057 15.454695702 -0.013906263 0.781153440 0.051440112 0.622060955
1439803882.762363 11.388565063 -0.396976769 15.447918892 -0.012696502 0.780743122 0.050775763 0.622656226
1439803882.824861 11.419967651 -0.395501792 15.441007614 -0.011901403 0.780221820 0.050258610 0.623366833
1439803882.887363 11.451253891 -0.394238770 15.434096336 -0.011843978 0.779588282 0.049857553 0.624192357
1439803882.949865 11.483443260 -0.392667294 15.427623749 -0.011673379 0.779052436 0.049588114 0.624885619
1439803883.012368 11.515233040 -0.391502142 15.420900345 -0.010896597 0.778439641 0.049770810 0.625648320
1439803883.074867 11.546533585 -0.390468359 15.414681435 -0.009851432 0.777914345 0.050063182 0.626295328
1439803883.137368 11.578714371 -0.389085174 15.407938957 -0.009651570 0.777258039 0.050119542 0.627108335
1439803883.199870 11.610542297 -0.387682199 15.401858330 -0.010311413 0.776643515 0.050012022 0.627867281
1439803883.262372 11.642401695 -0.386999547 15.395234108 -0.010931409 0.775951087 0.050427094 0.628679097
1439803883.324874 11.674835205 -0.385167122 15.388754845 -0.011554061 0.775216162 0.051125903 0.629517674
1439803883.387374 11.707414627 -0.383511186 15.382380486 -0.012423521 0.774406612 0.052189503 0.630409598
1439803883.449878 11.739673615 -0.382242084 15.376040459 -0.014057749 0.773541272 0.052914206 0.631376565
1439803883.512377 11.772499084 -0.380785048 15.369893074 -0.014462448 0.772904217 0.053315330 0.632113397
1439803883.574878 11.804251671 -0.379707336 15.363862991 -0.014744614 0.772256970 0.053108223 0.632914960
1439803883.637383 11.836704254 -0.378118455 15.357928276 -0.014558526 0.771660447 0.052508753 0.633696377
1439803883.699881 11.869213104 -0.376702845 15.351664543 -0.013913763 0.770972550 0.052042540 0.634585917
1439803883.762383 11.901867867 -0.375407517 15.345870972 -0.014064772 0.770301759 0.051497828 0.635441065
1439803883.824883 11.934397697 -0.373701692 15.340539932 -0.013957500 0.769660592 0.051355999 0.636231363
1439803883.887385 11.967197418 -0.372054756 15.335118294 -0.014585895 0.768966377 0.051120918 0.637075067
1439803883.949886 11.999862671 -0.370728195 15.329158783 -0.014091753 0.768132448 0.051676955 0.638046622
1439803884.012388 12.032285690 -0.369490623 15.323860168 -0.014242016 0.767375708 0.051633529 0.638956666
1439803884.074888 12.065677643 -0.368326426 15.318126678 -0.015264727 0.766493440 0.050574183 0.640075803
1439803884.137388 12.098727226 -0.366663158 15.313086510 -0.015791517 0.765754402 0.049979888 0.640993595
1439803884.199893 12.131405830 -0.365546167 15.307396889 -0.015118387 0.764919400 0.050475281 0.641967297
1439803884.262393 12.163888931 -0.364424348 15.301285744 -0.014794301 0.763925076 0.051449511 0.643080473
1439803884.324890 12.196832657 -0.363099694 15.296175003 -0.015129293 0.763142884 0.052055191 0.643952012
1439803884.387391 12.229655266 -0.361695766 15.290739059 -0.016272327 0.762376547 0.053171437 0.644740283
1439803884.449892 12.263298035 -0.359259844 15.285789490 -0.018124899 0.761747241 0.054473653 0.645325661
1439803884.512391 12.296230316 -0.357488394 15.280314445 -0.018524291 0.761055231 0.057381153 0.645878553
1439803884.574893 12.329328537 -0.355584621 15.275362015 -0.018506968 0.760565937 0.059810594 0.646234989
1439803884.637393 12.362419128 -0.353887439 15.270009995 -0.018117825 0.760135591 0.060112409 0.646724105
1439803884.699893 12.394799232 -0.352545857 15.264597893 -0.016522456 0.759683728 0.058677517 0.647429228
1439803884.762396 12.427496910 -0.351315379 15.259805679 -0.014397024 0.759582400 0.055840470 0.647849560
1439803884.824897 12.460024834 -0.349843800 15.254988670 -0.011479036 0.759396851 0.053220227 0.648345828
1439803884.887397 12.492494583 -0.348630726 15.250224113 -0.010240108 0.759205580 0.049372710 0.648894727
1439803884.949900 12.525331497 -0.347427130 15.245569229 -0.010904785 0.758919537 0.046259046 0.649447680
1439803885.012402 12.558412552 -0.346569300 15.240618706 -0.012724135 0.758704185 0.044947851 0.649758220
1439803885.074905 12.591469765 -0.345218122 15.236413956 -0.013711300 0.758731544 0.044254094 0.649753869
1439803885.137403 12.624563217 -0.344220698 15.231507301 -0.014837476 0.758536756 0.044656105 0.649929047
1439803885.199905 12.657980919 -0.343060076 15.226684570 -0.017288687 0.758366406 0.045410946 0.650014877
1439803885.262406 12.691213608 -0.341777980 15.221630096 -0.020015823 0.758309186 0.046575982 0.649920940
1439803885.324921 12.724713326 -0.340107322 15.217206955 -0.022421068 0.758549988 0.047089241 0.649524271
1439803885.387407 12.758346558 -0.338497400 15.212230682 -0.024049871 0.758685589 0.048231121 0.649223804
1439803885.449908 12.791267395 -0.336898685 15.207482338 -0.025713934 0.758796632 0.048295960 0.649025321
1439803885.512409 12.824171066 -0.335415483 15.202530861 -0.026703043 0.759017766 0.047445524 0.648789585
1439803885.574914 12.857311249 -0.333773494 15.197586060 -0.026431797 0.759396195 0.045833580 0.648473680
1439803885.637412 12.890048027 -0.332148910 15.192477226 -0.025783600 0.759775341 0.043893088 0.648189843
1439803885.699913 12.923120499 -0.330776811 15.187370300 -0.024865808 0.760230780 0.042198922 0.647804081
1439803885.762415 12.956008911 -0.329263568 15.182161331 -0.023853876 0.760778069 0.041435774 0.647248626
1439803885.824915 12.989286423 -0.327722430 15.176928520 -0.023746727 0.761373222 0.040922731 0.646584988
1439803885.887417 13.022486687 -0.326134920 15.171794891 -0.025035154 0.761872590 0.040312953 0.645986259
1439803885.949918 13.056028366 -0.324601352 15.166568756 -0.027351195 0.762245536 0.039949644 0.645474851
1439803886.012423 13.089395523 -0.323065400 15.161328316 -0.029672870 0.762540221 0.039667249 0.645041406
1439803886.074930 13.123060226 -0.321535110 15.155933380 -0.030860465 0.762924790 0.040304534 0.644491196
1439803886.137424 13.156573296 -0.319856048 15.150373459 -0.032088634 0.763358235 0.041084781 0.643868387
1439803886.199925 13.189868927 -0.318025112 15.144925117 -0.033606205 0.763991416 0.041224863 0.643030465
1439803886.262426 13.223712921 -0.316414475 15.139081955 -0.034524415 0.764869392 0.040492464 0.641983747
1439803886.324949 13.257135391 -0.314791441 15.133355141 -0.034997672 0.765897930 0.039523799 0.640791237
1439803886.387428 13.290723801 -0.313053250 15.127410889 -0.035178192 0.766853988 0.038240101 0.639714837
1439803886.449931 13.324262619 -0.311411858 15.121255875 -0.034772724 0.767704010 0.037164308 0.638780296
1439803886.512431 13.357972145 -0.309759617 15.115171432 -0.034221735 0.768549085 0.036304601 0.637842476
1439803886.574932 13.391548157 -0.308026671 15.108974457 -0.033830583 0.769418836 0.035710093 0.636847675
1439803886.637433 13.425582886 -0.306550741 15.102476120 -0.033293657 0.770312965 0.035293423 0.635817468
1439803886.699935 13.459463120 -0.305142403 15.096046448 -0.033283010 0.771239161 0.035181381 0.634700477
1439803886.762435 13.493568420 -0.303644001 15.089097977 -0.032926768 0.772071600 0.035732470 0.633675396
1439803886.824936 13.527873993 -0.301825881 15.082277298 -0.033169083 0.772827804 0.036745783 0.632682145
1439803886.887438 13.561845779 -0.300184488 15.075220108 -0.033830319 0.773431301 0.038128112 0.631827235
1439803886.949936 13.596227646 -0.298570752 15.068156242 -0.033839155 0.774076581 0.039563600 0.630947769
1439803887.012437 13.629731178 -0.297013521 15.061141968 -0.033067092 0.774771392 0.040109254 0.630100846
1439803887.074940 13.664003372 -0.295648456 15.054018021 -0.031863205 0.775502741 0.039515782 0.629300237
1439803887.137438 13.697740555 -0.294269860 15.046819687 -0.029800182 0.776289165 0.038371000 0.628502011
1439803887.199938 13.732002258 -0.292761803 15.039894104 -0.028667649 0.777098954 0.036607306 0.627658546
1439803887.262440 13.765697479 -0.291366756 15.032733917 -0.028839767 0.777758777 0.035225060 0.626912057
1439803887.324940 13.799915314 -0.289607763 15.025260925 -0.028879771 0.778322458 0.035663351 0.626185536
1439803887.387440 13.834362030 -0.288327277 15.017840385 -0.029120434 0.778933108 0.037213337 0.625324249
1439803887.449942 13.868665695 -0.287218094 15.010366440 -0.029314486 0.779493868 0.039193667 0.624494851
1439803887.512442 13.902747154 -0.285924196 15.002740860 -0.029994536 0.780008614 0.040339936 0.623746455
1439803887.574942 13.936729431 -0.284582257 14.995037079 -0.029686434 0.780631244 0.041399524 0.622912169
1439803887.637443 13.970508575 -0.282790422 14.987396240 -0.028659459 0.781243205 0.042421773 0.622123837
1439803887.699943 14.004259109 -0.281523466 14.979669571 -0.028105194 0.781711638 0.042997949 0.621520877
1439803887.762446 14.037954330 -0.279775620 14.971928596 -0.027775507 0.782058954 0.042814068 0.621111274
1439803887.824948 14.071617126 -0.278550982 14.964602470 -0.027245838 0.782505631 0.042575452 0.620588362
1439803887.887448 14.105003357 -0.277102709 14.957256317 -0.027200118 0.782760918 0.041631330 0.620332420
1439803887.949950 14.138059616 -0.275627017 14.949641228 -0.025955737 0.782928884 0.041228551 0.620200753
1439803888.012450 14.171590805 -0.274650455 14.941550255 -0.024598813 0.782994151 0.041029751 0.620186687
1439803888.074952 14.204750061 -0.273092628 14.933815956 -0.024106080 0.783114970 0.040618632 0.620080590
1439803888.137453 14.237915993 -0.272001743 14.926175117 -0.024476215 0.783260226 0.041120980 0.619849503
1439803888.199955 14.271065712 -0.270366251 14.918532372 -0.024612045 0.783477247 0.041588467 0.619538605
1439803888.262458 14.304204941 -0.269108415 14.910997391 -0.024922226 0.783551037 0.042309169 0.619383991
1439803888.324957 14.337209702 -0.267581820 14.903178215 -0.025181016 0.783496320 0.043358628 0.619370282
1439803888.387459 14.369928360 -0.266076326 14.895696640 -0.025965713 0.783570230 0.043325398 0.619246542
1439803888.449960 14.402853012 -0.264776111 14.888378143 -0.026958229 0.783616841 0.042405847 0.619208932
1439803888.512463 14.434848785 -0.263609886 14.881220818 -0.026445577 0.783803999 0.042006530 0.619021297
1439803888.574963 14.467124939 -0.262252927 14.873909950 -0.027154451 0.784017205 0.040601961 0.618814290
1439803888.637465 14.499397278 -0.260653377 14.866767883 -0.028279776 0.784258604 0.039089274 0.618555307
1439803888.699966 14.531725883 -0.259447217 14.859029770 -0.027825067 0.784666061 0.038769949 0.618079066
1439803888.762467 14.563826561 -0.258114338 14.851407051 -0.026984883 0.785311580 0.038805250 0.617293715
1439803888.824968 14.595760345 -0.256656289 14.843512535 -0.026080346 0.785845935 0.040121593 0.616568208
1439803888.887469 14.627397537 -0.255208254 14.835434914 -0.026380893 0.786282897 0.042265344 0.615854621
1439803888.949974 14.659172058 -0.253782034 14.827903748 -0.026712907 0.786975741 0.042958777 0.614906609
1439803889.012472 14.690771103 -0.252528667 14.819826126 -0.026641924 0.787508368 0.043643795 0.614179134
1439803889.074974 14.722056389 -0.251161337 14.811862946 -0.027290650 0.787845850 0.043654669 0.613716841
1439803889.137475 14.753530502 -0.249756455 14.803943634 -0.027443875 0.788235545 0.043762539 0.613201678
1439803889.199976 14.784431458 -0.248117566 14.795939445 -0.025644511 0.788701296 0.045288872 0.612569571
1439803889.262478 14.815725327 -0.246229410 14.787423134 -0.024391655 0.789200604 0.048342079 0.611743748
1439803889.324979 14.846841812 -0.244181395 14.779003143 -0.024601769 0.789673388 0.052627157 0.610770881
1439803889.387481 14.878318787 -0.242077231 14.770357132 -0.025564907 0.790289879 0.055807348 0.609650612
1439803889.449981 14.908761978 -0.240872502 14.762473106 -0.025925027 0.791120052 0.054140341 0.608708322
1439803889.512486 14.939108849 -0.240118623 14.754697800 -0.023427445 0.792103291 0.048662655 0.607993066
1439803889.574984 14.968658447 -0.239683867 14.746723175 -0.018817723 0.792900980 0.042139243 0.607600391
1439803889.637486 14.997962952 -0.239300430 14.738832474 -0.013742522 0.793696702 0.036291134 0.607074678
1439803889.699987 15.027911186 -0.238271654 14.730222702 -0.008760380 0.794260263 0.032856986 0.606625438
1439803889.762489 15.058064461 -0.237040818 14.721817970 -0.008439253 0.794883251 0.033758078 0.605763853
1439803889.824994 15.088848114 -0.235588849 14.713272095 -0.012387929 0.795430303 0.038193863 0.604713500
1439803889.887492 15.119834900 -0.233935356 14.704902649 -0.018716650 0.795981050 0.043968417 0.603432357
1439803889.949993 15.151050568 -0.232252479 14.696482658 -0.025054503 0.796278000 0.049600959 0.602373064
1439803890.012494 15.181596756 -0.230523109 14.688003540 -0.029091083 0.796387911 0.054110356 0.601657808
1439803890.074997 15.211414337 -0.228954911 14.679608345 -0.030172246 0.796529055 0.057033870 0.601147413
1439803890.137499 15.241457939 -0.227260590 14.670656204 -0.027805120 0.796691954 0.058068331 0.600946546
1439803890.199998 15.270676613 -0.225649118 14.662012100 -0.024089016 0.796916485 0.056660485 0.600943744
1439803890.262502 15.299654007 -0.224198699 14.653743744 -0.020636631 0.797102153 0.053485308 0.601117074
1439803890.325005 15.327961922 -0.223044157 14.645969391 -0.018086657 0.797205031 0.049070172 0.601439178
1439803890.387502 15.356781006 -0.221919775 14.638092041 -0.016465286 0.797315419 0.045383234 0.601628900
1439803890.450005 15.385936737 -0.220566392 14.630517960 -0.015840670 0.797342896 0.042351317 0.601830304
1439803890.512505 15.414955139 -0.219220638 14.622597694 -0.015980052 0.797074437 0.040839523 0.602286577
1439803890.575010 15.444174767 -0.217918456 14.614487648 -0.016364776 0.796653032 0.041347850 0.602798820
1439803890.637510 15.473892212 -0.216757417 14.606579781 -0.017477717 0.796260357 0.043574393 0.603129506
1439803890.700009 15.503721237 -0.215449810 14.598085403 -0.018317541 0.795755267 0.046384819 0.603561521
1439803890.762514 15.533308029 -0.214329958 14.590126038 -0.019516475 0.795399249 0.047805917 0.603882194
1439803890.825013 15.562766075 -0.213296056 14.582487106 -0.020948922 0.795153856 0.047277883 0.604198933
1439803890.887514 15.592355728 -0.212201118 14.574699402 -0.021554865 0.794967592 0.045649551 0.604547799
1439803890.950015 15.621395111 -0.211039662 14.567028046 -0.020714747 0.794835091 0.043616816 0.604901373
1439803891.012516 15.650722504 -0.210011721 14.559708595 -0.019976782 0.794602692 0.041539069 0.605377614
1439803891.075016 15.680099487 -0.208566904 14.551978111 -0.019358994 0.794305325 0.040214792 0.605877101
1439803891.137517 15.710213661 -0.207221448 14.543830872 -0.019450616 0.794044435 0.040587306 0.606191218
1439803891.200018 15.739966393 -0.205510855 14.535912514 -0.020037888 0.793820202 0.042417355 0.606340528
1439803891.262519 15.769721031 -0.204005957 14.527964592 -0.020820105 0.793466926 0.044912696 0.606596768
1439803891.325021 15.799531937 -0.202616930 14.520413399 -0.022606522 0.793118238 0.046868619 0.606840789
1439803891.387522 15.829204559 -0.201492310 14.512569427 -0.024413986 0.792906046 0.047376204 0.607008696
1439803891.450024 15.859783173 -0.200106621 14.504417419 -0.024879985 0.792878270 0.046492364 0.607094288
1439803891.512525 15.889541626 -0.198769450 14.496987343 -0.024458611 0.793124259 0.044118419 0.606967270
1439803891.575026 15.919137955 -0.197595358 14.489233971 -0.023997849 0.793339133 0.041914146 0.606860995
1439803891.637528 15.948521614 -0.196112394 14.481607437 -0.022328936 0.793537498 0.040581901 0.606755912
1439803891.700029 15.979175568 -0.194740176 14.473327637 -0.020708703 0.793813646 0.039865870 0.606499553
1439803891.762530 16.009426117 -0.193722010 14.464676857 -0.019176448 0.794077694 0.040208470 0.606181681
1439803891.825032 16.039611816 -0.192396522 14.456568718 -0.018669890 0.794388711 0.041034814 0.605734408
1439803891.887533 16.070318222 -0.191271901 14.447927475 -0.018326800 0.794770062 0.042249456 0.605160892
1439803891.950034 16.100412369 -0.189577341 14.439554214 -0.017562473 0.795226216 0.043495677 0.604495585
1439803892.012536 16.130449295 -0.188563228 14.431013107 -0.017373189 0.795461297 0.044216681 0.604139388
1439803892.075037 16.160112381 -0.187936664 14.422644615 -0.017214455 0.795672476 0.044072840 0.603876293
1439803892.137539 16.190814972 -0.186959267 14.414484978 -0.016993167 0.796127677 0.043140627 0.603349686
1439803892.200040 16.221427917 -0.185991526 14.405826569 -0.016592873 0.796420634 0.042189289 0.603041470
1439803892.262542 16.250320435 -0.185428381 14.397245407 -0.016252751 0.796602190 0.041321248 0.602870882
1439803892.325044 16.281684875 -0.184082925 14.388837814 -0.015337992 0.796987414 0.040997069 0.602407634
1439803892.387547 16.312622070 -0.182895064 14.380168915 -0.014044310 0.797409177 0.041073281 0.601875603
1439803892.450047 16.342887878 -0.181890488 14.371479034 -0.013953789 0.797796130 0.041362796 0.601344943
1439803892.512548 16.373374939 -0.181184232 14.362733841 -0.015184476 0.798165500 0.041190956 0.600836635
1439803892.575051 16.404531479 -0.180190682 14.353631020 -0.016378267 0.798587680 0.041165873 0.600245655
1439803892.637550 16.435983658 -0.178846002 14.344938278 -0.017036783 0.799054742 0.041613650 0.599574447
1439803892.700052 16.466331482 -0.177539706 14.335886002 -0.017708229 0.799294114 0.042335317 0.599185348
1439803892.762552 16.497161865 -0.176640987 14.327412605 -0.018648747 0.799597442 0.042498551 0.598740339
1439803892.825068 16.528228760 -0.175290227 14.318332672 -0.019580234 0.799940765 0.042236328 0.598270416
1439803892.887555 16.558715820 -0.174168229 14.309542656 -0.019630389 0.800472915 0.042288326 0.597552836
1439803892.950057 16.589370728 -0.173117161 14.300539017 -0.019782018 0.801104009 0.041799601 0.596735895
1439803893.012558 16.619768143 -0.172098756 14.291128159 -0.020043179 0.801655054 0.041039351 0.596039653
1439803893.075059 16.650558472 -0.170685172 14.282208443 -0.020672664 0.802321374 0.040709537 0.595143437
1439803893.137564 16.681224823 -0.169434905 14.273193359 -0.021242362 0.802907169 0.040962540 0.594315529
1439803893.200064 16.712173462 -0.168191671 14.263657570 -0.021547524 0.803322077 0.041534200 0.593703866
1439803893.262564 16.742996216 -0.166668296 14.254308701 -0.021796461 0.803739727 0.041964848 0.593098879
1439803893.325063 16.773933411 -0.165444613 14.244692802 -0.021742532 0.804160774 0.042318344 0.592504740
1439803893.387564 16.805238724 -0.164150000 14.235286713 -0.021548845 0.804641843 0.042378839 0.591853976
1439803893.450065 16.835723877 -0.163066387 14.225275993 -0.021292603 0.804987431 0.042424768 0.591389894
1439803893.512565 16.866519928 -0.161718726 14.215928078 -0.021385759 0.805465758 0.042200953 0.590750873
1439803893.575066 16.897565842 -0.160485983 14.206238747 -0.021470999 0.805927694 0.042212855 0.590116560
1439803893.637567 16.928567886 -0.158721089 14.196506500 -0.021882044 0.806242645 0.043842416 0.589552283
1439803893.700067 16.959949493 -0.157087326 14.186265945 -0.022892682 0.806625783 0.045921519 0.588831127
1439803893.762567 16.991104126 -0.155307889 14.176437378 -0.024817986 0.807097912 0.045807309 0.588114560
1439803893.825068 17.022457123 -0.153963208 14.166645050 -0.026112629 0.807771266 0.044258382 0.587252021
1439803893.887568 17.052656174 -0.153084755 14.156847000 -0.024583176 0.808575034 0.042070556 0.586372077
1439803893.950069 17.082977295 -0.152325511 14.146650314 -0.020987056 0.809416592 0.039435640 0.585533202
1439803894.012570 17.113456726 -0.151422560 14.136435509 -0.017002614 0.810228825 0.036912896 0.584703028
1439803894.075071 17.144054413 -0.150475502 14.125825882 -0.014301919 0.811007261 0.036089290 0.583746791
1439803894.137573 17.174678802 -0.149318576 14.115283012 -0.014182675 0.811888695 0.036459718 0.582500041
1439803894.200074 17.206617355 -0.148144364 14.104153633 -0.015818819 0.812548935 0.039533351 0.581335664
1439803894.262575 17.237688065 -0.146374702 14.093541145 -0.018872742 0.812903166 0.043453626 0.580468774
1439803894.325077 17.268917084 -0.144875050 14.082361221 -0.021768833 0.813145399 0.046821438 0.579765797
1439803894.387577 17.299688339 -0.143393874 14.071441650 -0.022628516 0.813366532 0.050068233 0.579151154
1439803894.450077 17.330463409 -0.141767263 14.060921669 -0.022647971 0.813607037 0.052279104 0.578616917
1439803894.512579 17.361017227 -0.140069842 14.049857140 -0.021360341 0.813803971 0.053954039 0.578234971
1439803894.575078 17.391105652 -0.138480663 14.038646698 -0.020565698 0.814044833 0.054100707 0.577911139
1439803894.637578 17.422451019 -0.136487961 14.028215408 -0.019789044 0.814403057 0.053919818 0.577450156
1439803894.700080 17.453281403 -0.134427071 14.017725945 -0.019950630 0.814563513 0.053363372 0.577269912
1439803894.762580 17.483964920 -0.132682920 14.006913185 -0.020293904 0.814601243 0.053451706 0.577196598
1439803894.825080 17.515403748 -0.130542278 13.996423721 -0.020027364 0.814702213 0.053691033 0.577041149
1439803894.887582 17.545764923 -0.128832698 13.985392570 -0.019861666 0.814622641 0.054431342 0.577089906
1439803894.950082 17.576953888 -0.126968741 13.974514008 -0.019391891 0.814640760 0.055313375 0.576996446
1439803895.012582 17.607950211 -0.125074029 13.963632584 -0.018838685 0.814625144 0.055891048 0.576981127
1439803895.075084 17.639799118 -0.123081207 13.952826500 -0.018238729 0.814685285 0.056702066 0.576836348
1439803895.137583 17.671173096 -0.121047378 13.941969872 -0.017260246 0.814665258 0.058417231 0.576723576
1439803895.200084 17.702253342 -0.118869424 13.930536270 -0.016433958 0.814410388 0.061137944 0.576825619
1439803895.262587 17.734523773 -0.116196871 13.920042038 -0.016679415 0.814314306 0.064174108 0.576624393
1439803895.325085 17.766298294 -0.113528967 13.909111023 -0.017170535 0.813996673 0.066584982 0.576784968
1439803895.387586 17.797832489 -0.111425996 13.898149490 -0.016981862 0.813730776 0.067986414 0.577002287
1439803895.450093 17.829303741 -0.109382510 13.887483597 -0.015477061 0.813711226 0.067460053 0.577133954
1439803895.512588 17.860239029 -0.107692122 13.876602173 -0.012262851 0.813712537 0.065008357 0.577490628
1439803895.575092 17.891204834 -0.105905890 13.866231918 -0.008889250 0.813858628 0.060548805 0.577831268
1439803895.637591 17.922344208 -0.104477167 13.855447769 -0.006522699 0.813926756 0.055758182 0.578248799
1439803895.700093 17.953584671 -0.102908015 13.844711304 -0.004985428 0.813989758 0.052704319 0.578461707
1439803895.762594 17.984798431 -0.101449132 13.834678650 -0.004433786 0.814102054 0.052204780 0.578353524
1439803895.825095 18.017196655 -0.099416137 13.823619843 -0.005180371 0.813970208 0.053307343 0.578432441
1439803895.887596 18.049291611 -0.097886086 13.812551498 -0.007831355 0.813629985 0.054939620 0.578728378
1439803895.950098 18.081331253 -0.096099854 13.801576614 -0.011807145 0.813337803 0.056746323 0.578897297
1439803896.012600 18.113786697 -0.094056368 13.790899277 -0.015008985 0.813125193 0.059289642 0.578867018
1439803896.075101 18.146030426 -0.092260599 13.780204773 -0.017282989 0.812953115 0.062262811 0.578732908
1439803896.137617 18.178447723 -0.089703560 13.769557953 -0.018469503 0.812909782 0.063189216 0.578656852
1439803896.200104 18.209962845 -0.087999940 13.759078979 -0.018782718 0.813080609 0.061475746 0.578591228
1439803896.262605 18.241525650 -0.086535096 13.748147964 -0.018592190 0.813434660 0.057410434 0.578517437
1439803896.325106 18.272832870 -0.084951520 13.738038063 -0.018199347 0.813886225 0.052177116 0.578390539
1439803896.387608 18.304533005 -0.083262801 13.727549553 -0.017204804 0.814212501 0.047376957 0.578374743
1439803896.450110 18.336233139 -0.081375003 13.716787338 -0.016944107 0.814265847 0.045051273 0.578493237
1439803896.512611 18.368202209 -0.079396486 13.705904007 -0.018425686 0.814192593 0.045567565 0.578510642
1439803896.575112 18.400030136 -0.077556968 13.695231438 -0.021087673 0.814081728 0.047729108 0.578401446
1439803896.637613 18.432355881 -0.075615764 13.683976173 -0.023575580 0.813982189 0.050431326 0.578216076
1439803896.700115 18.464576721 -0.073909283 13.673227310 -0.024945974 0.814036191 0.052812498 0.577869952
1439803896.762616 18.496461868 -0.072462082 13.662170410 -0.024499567 0.814115465 0.053717021 0.577693820
1439803896.825117 18.527719498 -0.071079016 13.650818825 -0.022287818 0.814278901 0.052717853 0.577645123
1439803896.887621 18.559265137 -0.069533348 13.640067101 -0.019686731 0.814676344 0.050520089 0.577375591
1439803896.950120 18.590400696 -0.067905784 13.629393578 -0.017836202 0.814966977 0.048459589 0.577202141
1439803897.012625 18.621730804 -0.066178083 13.618165016 -0.016181529 0.815116346 0.047545206 0.577116072
1439803897.075126 18.653316498 -0.064346075 13.607039452 -0.014795645 0.815273523 0.047959603 0.576896906
1439803897.137624 18.684844971 -0.062955379 13.595846176 -0.014223010 0.815295041 0.049524233 0.576748669
1439803897.200126 18.716567993 -0.061476469 13.584664345 -0.015089936 0.815214634 0.050845183 0.576725423
1439803897.262627 18.748455048 -0.059816837 13.573822021 -0.016619248 0.815246820 0.051574562 0.576573074
1439803897.325129 18.780189514 -0.058030009 13.562753677 -0.016478779 0.815317988 0.053338934 0.576315880
1439803897.387630 18.811763763 -0.056097031 13.551801682 -0.016340021 0.815336883 0.054431517 0.576190889
1439803897.450132 18.843320847 -0.054372191 13.540712357 -0.017096030 0.815137506 0.054331113 0.576460540
1439803897.512633 18.874958038 -0.052926660 13.529811859 -0.017947666 0.815024614 0.053945050 0.576630473
1439803897.575135 18.906242371 -0.051233768 13.519086838 -0.018081576 0.815043449 0.054000862 0.576594412
1439803897.637635 18.937889099 -0.049302220 13.508028030 -0.016912719 0.815011442 0.054279063 0.576649070
1439803897.700136 18.969387054 -0.047509789 13.497060776 -0.016406197 0.814917803 0.053828664 0.576838136
1439803897.762636 19.000755310 -0.045773268 13.486125946 -0.016212409 0.814800322 0.053274404 0.577060997
1439803897.825137 19.032335281 -0.044163465 13.475381851 -0.016041405 0.814949334 0.052625783 0.576914787
1439803897.887639 19.063716888 -0.042548656 13.464647293 -0.016380157 0.815027654 0.052017812 0.576849878
1439803897.950143 19.095819473 -0.040648460 13.453701973 -0.016965648 0.815009832 0.052210744 0.576840699
1439803898.012641 19.127256393 -0.038752198 13.442661285 -0.017079223 0.814917386 0.053973913 0.576805651
1439803898.075143 19.159011841 -0.036885381 13.431652069 -0.017273296 0.814925849 0.055651873 0.576628506
1439803898.137646 19.190408707 -0.035041928 13.420573235 -0.017897066 0.814904988 0.056370914 0.576569021
1439803898.200146 19.222345352 -0.033127427 13.409445763 -0.018428819 0.815032959 0.056325831 0.576375723
1439803898.262647 19.253625870 -0.031467795 13.398506165 -0.018722253 0.815193951 0.055828925 0.576186955
1439803898.325149 19.284641266 -0.029599905 13.388008118 -0.018291403 0.815368116 0.055027779 0.576031446
1439803898.387650 19.315763474 -0.027903914 13.376971245 -0.017674752 0.815428257 0.054326605 0.576031983
1439803898.450155 19.347225189 -0.025870919 13.365907669 -0.017111307 0.815456450 0.054256514 0.576015770
1439803898.512652 19.378925323 -0.023820043 13.354907990 -0.016973479 0.815529585 0.054271668 0.575914860
1439803898.575156 19.410053253 -0.022129297 13.343942642 -0.016696602 0.815581620 0.054707654 0.575808108
1439803898.637657 19.441659927 -0.020148993 13.332812309 -0.016803171 0.815621138 0.055261686 0.575696051
1439803898.700157 19.472999573 -0.018219948 13.322179794 -0.016822845 0.815749884 0.055739850 0.575466871
1439803898.762658 19.504407883 -0.016258121 13.310868263 -0.015997186 0.815721154 0.056404606 0.575466514
1439803898.825159 19.536037445 -0.014679909 13.299567223 -0.015822634 0.815714478 0.056597937 0.575461686
1439803898.887660 19.567344666 -0.012994528 13.288824081 -0.015838968 0.815824986 0.056321960 0.575331688
1439803898.950161 19.598640442 -0.011162043 13.277591705 -0.015277375 0.815911710 0.055595648 0.575294495
1439803899.012663 19.630441666 -0.009508014 13.266167641 -0.014329817 0.816002071 0.055710975 0.575179577
1439803899.075165 19.661636353 -0.007581830 13.255039215 -0.013935970 0.815988421 0.056355577 0.575145841
1439803899.137666 19.693181992 -0.005657315 13.243910789 -0.014124680 0.816009045 0.057135150 0.575035095
1439803899.200170 19.724817276 -0.003543735 13.232664108 -0.014971748 0.816001356 0.057463575 0.574991763
1439803899.262668 19.756177902 -0.001450300 13.221641541 -0.015803467 0.816016614 0.058478136 0.574845612
1439803899.325168 19.787601471 0.000489712 13.210834503 -0.016731782 0.816031098 0.059599955 0.574683487
1439803899.387669 19.819410324 0.002786994 13.199527740 -0.016803570 0.815994561 0.061622564 0.574519932
1439803899.450169 19.851060867 0.005326867 13.188301086 -0.016713463 0.815933883 0.063880347 0.574362099
1439803899.512670 19.882474899 0.007536530 13.177347183 -0.017023465 0.815967858 0.063572884 0.574338794
1439803899.575171 19.913852692 0.009170175 13.166123390 -0.016940759 0.816218019 0.061446045 0.574217319
1439803899.637671 19.944831848 0.010820150 13.155389786 -0.016743341 0.816570163 0.058386855 0.574041665
1439803899.700171 19.976043701 0.012431502 13.144344330 -0.015154192 0.816778541 0.055630170 0.574063182
1439803899.762672 20.007266998 0.014504313 13.133399963 -0.013436086 0.816987693 0.053483248 0.574012339
1439803899.825173 20.038734436 0.016499519 13.122129440 -0.013274136 0.817056656 0.052957520 0.573966622
1439803899.887673 20.070531845 0.018476367 13.111047745 -0.014634892 0.817120492 0.053861249 0.573758602
1439803899.950174 20.102176666 0.020136714 13.099514008 -0.015880741 0.817078710 0.055592619 0.573619723
1439803900.012675 20.134263992 0.022305489 13.088472366 -0.017219085 0.817156255 0.056881294 0.573344231
1439803900.075175 20.165061951 0.023779869 13.076899529 -0.018273754 0.817032099 0.057820417 0.573394597
1439803900.137677 20.196777344 0.025522947 13.065573692 -0.018777033 0.817084730 0.058573101 0.573226929
1439803900.200177 20.228319168 0.028005719 13.054594040 -0.018890630 0.817226291 0.058676407 0.573010921
1439803900.262677 20.260097504 0.029913545 13.043017387 -0.019627735 0.817259192 0.059556924 0.572848320
1439803900.325180 20.291765213 0.032417774 13.032094955 -0.021120245 0.817432821 0.060320493 0.572467327
1439803900.387680 20.323406219 0.034415960 13.021429062 -0.020987822 0.817747891 0.059824277 0.572074234
1439803900.450180 20.354803085 0.036311626 13.009412766 -0.019133154 0.818021655 0.057203840 0.572015941
1439803900.512684 20.385490417 0.037695408 12.998298645 -0.015820261 0.818500638 0.054234363 0.571721077
1439803900.575184 20.416378021 0.038861871 12.987552643 -0.012872376 0.819126606 0.050755549 0.571217895
1439803900.637686 20.447858810 0.040675044 12.975505829 -0.010868194 0.819558740 0.047559824 0.570914567
1439803900.700187 20.479465485 0.041884899 12.963407516 -0.011025639 0.819804072 0.047629062 0.570553362
1439803900.762691 20.511428833 0.044021249 12.952338219 -0.012545924 0.820117235 0.050371099 0.569836020
1439803900.825189 20.543134689 0.045832634 12.940576553 -0.014781094 0.820124984 0.054049566 0.569434106
1439803900.887690 20.575723648 0.047649026 12.928661346 -0.016970711 0.820101023 0.057189394 0.569100738
1439803900.950193 20.607097626 0.049743772 12.916661263 -0.017447831 0.820233762 0.060382798 0.568564951
1439803901.012693 20.638572693 0.052118421 12.905071259 -0.016955549 0.820532262 0.062145032 0.567958832
1439803901.075194 20.669298172 0.053616285 12.893384933 -0.015758088 0.820878863 0.061779264 0.567532241
1439803901.137694 20.700561523 0.055334210 12.881367683 -0.013754420 0.821401179 0.059426013 0.567079723
1439803901.200198 20.731822968 0.056944370 12.869415283 -0.011831172 0.822003186 0.056689143 0.566530764
1439803901.262696 20.762592316 0.058720827 12.857441902 -0.008942812 0.822475314 0.055078838 0.566057146
1439803901.325197 20.793931961 0.060419679 12.845371246 -0.006387011 0.822863698 0.054338068 0.565598667
1439803901.387699 20.825016022 0.062114239 12.833656311 -0.005619954 0.823159158 0.054799374 0.565132201
1439803901.450201 20.856534958 0.063701868 12.821058273 -0.005477877 0.823349237 0.056822885 0.564656675
1439803901.512702 20.887727737 0.065233588 12.809083939 -0.005947493 0.823596656 0.059259500 0.564040244
1439803901.575203 20.919307709 0.067110300 12.796658516 -0.006487165 0.823711038 0.061761156 0.563598812
1439803901.637705 20.951011658 0.068718672 12.784350395 -0.006117983 0.823816001 0.064413749 0.563152432
1439803901.700207 20.981964111 0.070712447 12.771934509 -0.006011228 0.823870122 0.065986678 0.562892258
1439803901.762709 21.013088226 0.072768927 12.759914398 -0.005480318 0.824015141 0.066792168 0.562590182
1439803901.825211 21.043710709 0.074447513 12.748123169 -0.005235698 0.824155986 0.067445241 0.562308311
1439803901.887712 21.074832916 0.076551795 12.735937119 -0.005890976 0.824326336 0.067743741 0.562016189
1439803901.950212 21.105968475 0.079015732 12.723838806 -0.007168941 0.824400306 0.067575410 0.561913192
1439803902.012714 21.136651993 0.081303596 12.712042809 -0.008389099 0.824421346 0.067941569 0.561821222
1439803902.075216 21.167684555 0.083670497 12.699951172 -0.009986035 0.824408233 0.068466999 0.561750472
1439803902.137717 21.198568344 0.085849047 12.688473701 -0.011977244 0.824552178 0.068593465 0.561484873
1439803902.200218 21.230165482 0.088395238 12.676412582 -0.013648869 0.824687958 0.068734489 0.561229944
1439803902.262719 21.261068344 0.091041088 12.664318085 -0.015447918 0.824804246 0.068932012 0.560988069
1439803902.325221 21.290992737 0.093206048 12.652696609 -0.016648799 0.825063050 0.068933398 0.560572922
1439803902.387721 21.322359085 0.095589876 12.640980721 -0.018070504 0.825393140 0.068504088 0.560095370
1439803902.450224 21.353166580 0.098345518 12.628801346 -0.018802976 0.825634599 0.068444647 0.559722483
1439803902.512727 21.383274078 0.100687742 12.617038727 -0.019584280 0.825908601 0.067222700 0.559439540
1439803902.575227 21.413465500 0.102951527 12.605153084 -0.019049302 0.826109707 0.065564550 0.559357882
1439803902.637728 21.443683624 0.105314851 12.593581200 -0.017531654 0.826316416 0.064602785 0.559214056
1439803902.700243 21.473297119 0.107455730 12.581603050 -0.016581319 0.826389194 0.064075433 0.559196055
1439803902.762731 21.503948212 0.109786868 12.569272041 -0.015373866 0.826432884 0.063687965 0.559210360
1439803902.825231 21.534030914 0.111896873 12.557256699 -0.014840798 0.826499939 0.062873781 0.559217751
1439803902.887733 21.563972473 0.114032388 12.545244217 -0.014118875 0.826555848 0.063041605 0.559134901
1439803902.950234 21.593751907 0.115969300 12.533238411 -0.013440954 0.826550484 0.063758351 0.559078336
1439803903.012736 21.624290466 0.118342638 12.521304131 -0.013377931 0.826495171 0.064397901 0.559088230
1439803903.075237 21.654081345 0.120359659 12.509630203 -0.013616880 0.826407015 0.065475821 0.559087634
1439803903.137739 21.683887482 0.122817397 12.497781754 -0.013751407 0.826270401 0.067177035 0.559084475
1439803903.200240 21.714502335 0.125417948 12.485646248 -0.014588716 0.826162159 0.068883568 0.559015512
1439803903.262742 21.743988037 0.127406001 12.473679543 -0.014031289 0.825880885 0.070566945 0.559235334
1439803903.325243 21.773601532 0.129323244 12.462009430 -0.013517379 0.825723708 0.069648392 0.559595168
1439803903.387744 21.802520752 0.131116271 12.450413704 -0.012053207 0.825665534 0.067188188 0.560015082
1439803903.450245 21.831584930 0.132939100 12.439048767 -0.009875893 0.825606823 0.065029301 0.560398996
1439803903.512751 21.861522675 0.134809852 12.427305222 -0.008114317 0.825422704 0.063356094 0.560889959
1439803903.575251 21.891258240 0.137186170 12.415762901 -0.007348751 0.825141311 0.063313268 0.561319292
1439803903.637751 21.921131134 0.139185905 12.404447556 -0.008003847 0.824828982 0.065433301 0.561526120
1439803903.700253 21.950874329 0.141736507 12.392631531 -0.009580533 0.824389815 0.068960994 0.561724246
1439803903.762753 21.980321884 0.144227505 12.381534576 -0.012076239 0.823947132 0.072197095 0.561918974
1439803903.825255 22.010141373 0.146107674 12.370241165 -0.013731986 0.823466659 0.074701682 0.562257648
1439803903.887756 22.039512634 0.148506880 12.358974457 -0.013760718 0.823146343 0.075274803 0.562649488
1439803903.950257 22.069534302 0.150762320 12.347764015 -0.013562418 0.823073626 0.073778659 0.562958837
1439803904.012758 22.097976685 0.152785063 12.336565018 -0.012058439 0.823022008 0.071570434 0.563353360
1439803904.075262 22.127300262 0.155003309 12.325618744 -0.009884165 0.823103905 0.069266893 0.563564003
1439803904.137761 22.155935287 0.156997204 12.314599991 -0.008020266 0.823157310 0.066948906 0.563795626
1439803904.200260 22.184576035 0.159084320 12.304145813 -0.007137497 0.823198557 0.065372661 0.563932240
1439803904.262764 22.214323044 0.161456347 12.292763710 -0.007700443 0.823185682 0.064144500 0.564084649
1439803904.325262 22.243465424 0.163569212 12.281945229 -0.009096531 0.823307812 0.063936390 0.563909292
1439803904.387762 22.272377014 0.165625691 12.270987511 -0.011008421 0.823403656 0.064723738 0.563645363
1439803904.450265 22.301815033 0.167827606 12.260039330 -0.012570462 0.823376060 0.066045068 0.563499689
1439803904.512765 22.330650330 0.169681072 12.248619080 -0.012929414 0.823283494 0.068130620 0.563378453
1439803904.575265 22.359474182 0.171776175 12.237504959 -0.012846500 0.823349118 0.069775239 0.563083172
1439803904.637765 22.387878418 0.173834085 12.226276398 -0.012858705 0.823435128 0.071216621 0.562776566
1439803904.700267 22.416469574 0.176192522 12.214977264 -0.012630618 0.823616803 0.071817689 0.562439382
1439803904.762767 22.444986343 0.178426981 12.203775406 -0.012778046 0.823855817 0.071761012 0.562093079
1439803904.825269 22.473325729 0.181068420 12.192750931 -0.012544254 0.823997557 0.072310768 0.561820149
1439803904.887770 22.501380920 0.183652163 12.182085037 -0.013001713 0.824116826 0.072886273 0.561560392
1439803904.950271 22.529872894 0.186125994 12.171125412 -0.013615252 0.824169099 0.073372945 0.561405718
1439803905.012771 22.558135986 0.188676357 12.159751892 -0.013812563 0.824284494 0.073481739 0.561217248
1439803905.075272 22.585462570 0.190970421 12.148930550 -0.014094836 0.824517012 0.073700458 0.560839832
1439803905.137772 22.613536835 0.193347931 12.137828827 -0.014975128 0.824976981 0.073077977 0.560221672
1439803905.200273 22.640935898 0.195485830 12.127264023 -0.015456568 0.825610101 0.072504766 0.559349775
1439803905.262773 22.669073105 0.198235035 12.116365433 -0.016678791 0.826333821 0.071581110 0.558363974
1439803905.325274 22.696533203 0.200992823 12.105209351 -0.017607648 0.826915026 0.072280407 0.557384133
1439803905.387774 22.724155426 0.203390837 12.094335556 -0.017985573 0.827563524 0.072577707 0.556369960
1439803905.450275 22.751832962 0.205949306 12.083002090 -0.018075306 0.828063250 0.072078817 0.555688143
1439803905.512775 22.779130936 0.208192587 12.071802139 -0.018143261 0.828628123 0.070764937 0.555012286
1439803905.575278 22.806606293 0.210377097 12.060749054 -0.017819837 0.829221189 0.069267437 0.554325521
1439803905.637780 22.833330154 0.212472677 12.049617767 -0.017951427 0.829828382 0.066910535 0.553701639
1439803905.700283 22.860319138 0.214725494 12.038598061 -0.018390322 0.830226004 0.065287113 0.553284943
1439803905.762781 22.887163162 0.216796875 12.027853012 -0.020284375 0.830538988 0.063855037 0.552915990
1439803905.825280 22.914484024 0.219262362 12.016740799 -0.022035593 0.830759764 0.062920667 0.552624345
1439803905.887782 22.941415787 0.221427679 12.006155968 -0.024345094 0.831031024 0.062697209 0.552144766
1439803905.950283 22.968214035 0.223563194 11.995027542 -0.026319914 0.831177711 0.063266389 0.551768422
1439803906.012785 22.994438171 0.225812197 11.984045029 -0.028216215 0.831375062 0.063230336 0.551381230
1439803906.075286 23.020755768 0.228206635 11.973498344 -0.028554024 0.831658244 0.062943138 0.550969601
1439803906.137789 23.046203613 0.230191231 11.962652206 -0.028326822 0.832009554 0.062516361 0.550499260
1439803906.200294 23.071643829 0.232219934 11.951871872 -0.028181175 0.832356334 0.061811019 0.550062060
1439803906.262793 23.097122192 0.234380484 11.941396713 -0.029329665 0.832635045 0.060759071 0.549697220
1439803906.325293 23.122890472 0.236644983 11.930812836 -0.030774031 0.832884312 0.060026456 0.549320936
1439803906.387796 23.148097992 0.238503218 11.920354843 -0.031147838 0.833116412 0.059133552 0.549044669
1439803906.450298 23.172714233 0.240433574 11.909655571 -0.029456450 0.833322346 0.058800116 0.548861325
1439803906.512798 23.196884155 0.241799831 11.898754120 -0.025673011 0.833475769 0.059200265 0.548775375
1439803906.575299 23.220794678 0.243427038 11.888162613 -0.021989996 0.833622992 0.060018070 0.548622727
1439803906.637799 23.244613647 0.245094538 11.877264023 -0.019204989 0.833757281 0.060904298 0.548425734
1439803906.700301 23.269111633 0.247081280 11.866743088 -0.017386202 0.833901703 0.061503995 0.548199713
1439803906.762804 23.292989731 0.249067068 11.856668472 -0.017446175 0.833977222 0.062199909 0.548004329
1439803906.825303 23.316846848 0.251232982 11.846748352 -0.018562166 0.833881795 0.063080139 0.548012257
1439803906.887807 23.340869904 0.253230691 11.836849213 -0.020365439 0.833608210 0.064863846 0.548156202
1439803906.950307 23.364418030 0.255371809 11.827022552 -0.022250187 0.833209813 0.067313313 0.548393309
1439803907.012810 23.388265610 0.257466316 11.816550255 -0.022803152 0.832809627 0.070104122 0.548628807
1439803907.075309 23.411533356 0.259608269 11.806663513 -0.022955103 0.832541227 0.072358996 0.548737109
1439803907.137811 23.434097290 0.261592150 11.796564102 -0.022086736 0.832259595 0.073643930 0.549028873
1439803907.200311 23.456968307 0.263629198 11.786951065 -0.021907229 0.832226455 0.073713459 0.549076974
1439803907.262812 23.479623795 0.265579939 11.777471542 -0.021990264 0.832244158 0.072803624 0.549168289
1439803907.325312 23.501699448 0.267382860 11.768350601 -0.021930270 0.832341850 0.071081139 0.549248338
1439803907.387813 23.524032593 0.269303083 11.759021759 -0.022082826 0.832407057 0.069037266 0.549403965
1439803907.450314 23.545993805 0.271254301 11.750253677 -0.022431299 0.832406461 0.067212872 0.549616933
1439803907.512814 23.567592621 0.273049593 11.741418839 -0.022272535 0.832388580 0.065626472 0.549842119
1439803907.575314 23.589244843 0.274738431 11.732161522 -0.021340128 0.832378209 0.064445332 0.550034583
1439803907.637816 23.611145020 0.276361704 11.723262787 -0.020301387 0.832473040 0.063079350 0.550088525
1439803907.700317 23.632095337 0.277780890 11.714387894 -0.019551167 0.832556009 0.061643604 0.550152957
1439803907.762819 23.653297424 0.279031754 11.705832481 -0.018793371 0.832674742 0.060694274 0.550105274
1439803907.825321 23.673833847 0.280148149 11.697157860 -0.018204220 0.832649589 0.060660645 0.550166905
1439803907.887821 23.694141388 0.281601906 11.688733101 -0.018317362 0.832624674 0.060916871 0.550172508
1439803907.950324 23.714168549 0.283287048 11.680669785 -0.019324917 0.832598686 0.061347298 0.550129533
1439803908.012827 23.735305786 0.285271645 11.671625137 -0.020297328 0.832360327 0.061823346 0.550401807
1439803908.075326 23.754951477 0.286872029 11.663480759 -0.020846862 0.831994414 0.062896006 0.550813019
1439803908.137827 23.774711609 0.288167715 11.655532837 -0.020805802 0.831427276 0.064114988 0.551529884
1439803908.200327 23.793842316 0.289481640 11.647691727 -0.020426121 0.830635428 0.065689594 0.552550912
1439803908.262828 23.813205719 0.290935278 11.640092850 -0.020781321 0.829715967 0.066651076 0.553802490
1439803908.325332 23.832195282 0.292381048 11.632658958 -0.020801440 0.828626215 0.067872055 0.555283070
1439803908.387829 23.850200653 0.293780565 11.625828743 -0.021207768 0.827593982 0.068497524 0.556728423
1439803908.450329 23.869043350 0.295472383 11.619147301 -0.022111887 0.826697230 0.068257906 0.558053434
1439803908.512831 23.887508392 0.297617912 11.612048149 -0.022674177 0.825782955 0.067791946 0.559439540
1439803908.575332 23.905265808 0.299010515 11.605705261 -0.023546949 0.824844897 0.067454375 0.560826421
1439803908.637834 23.923458099 0.300794840 11.599485397 -0.024248417 0.823595107 0.067312784 0.562647343
1439803908.700335 23.941272736 0.302073240 11.593528748 -0.024479430 0.822051644 0.067483030 0.564869821
1439803908.762836 23.958938599 0.303808689 11.587392807 -0.024219861 0.820227861 0.067602873 0.567511737
1439803908.825337 23.976085663 0.305078030 11.581677437 -0.023760801 0.818285406 0.067815952 0.570302844
1439803908.887838 23.993196487 0.306416035 11.576234818 -0.023002049 0.816191256 0.068324827 0.573266506
1439803908.950340 24.009838104 0.307646990 11.571031570 -0.023258895 0.814005852 0.068389915 0.576347411
1439803909.012842 24.026700974 0.308909416 11.566150665 -0.024002418 0.811792612 0.068409190 0.579428077
1439803909.075343 24.043451309 0.310438871 11.561725616 -0.024088833 0.809674144 0.068386585 0.582383633
1439803909.137844 24.060075760 0.311850309 11.557014465 -0.024996376 0.807602704 0.067547150 0.585312188
1439803909.200348 24.076595306 0.313438416 11.552886963 -0.026294054 0.805724025 0.066695392 0.587936282
1439803909.262847 24.092615128 0.314693451 11.548738480 -0.028052285 0.803900242 0.065992847 0.590425551
1439803909.325349 24.108617783 0.315947533 11.545045853 -0.030311840 0.802199543 0.064910956 0.592742443
1439803909.387850 24.124408722 0.317110300 11.541177750 -0.031701215 0.800445259 0.064202145 0.595113754
1439803909.450351 24.140338898 0.318637371 11.537452698 -0.032730829 0.798880339 0.063338466 0.597249568
1439803909.512853 24.155578613 0.319435120 11.533689499 -0.033821274 0.797447264 0.062822148 0.599155545
1439803909.575354 24.170387268 0.320309639 11.529897690 -0.034735262 0.796238661 0.062680900 0.600723326
1439803909.637856 24.185329437 0.321872950 11.526275635 -0.034001388 0.795170307 0.063067675 0.602138281
1439803909.700356 24.199939728 0.323233604 11.522451401 -0.032597188 0.793910503 0.063548341 0.603825331
1439803909.762858 24.214088440 0.324286461 11.518854141 -0.031428978 0.792603672 0.064047702 0.605548918
1439803909.825360 24.228126526 0.325365067 11.515439034 -0.030959358 0.791360557 0.064268976 0.607173443
1439803909.887861 24.241798401 0.326707840 11.512287140 -0.030239746 0.790356994 0.064520292 0.608488798
1439803909.950362 24.254816055 0.327642679 11.509386063 -0.030688165 0.789596081 0.063893676 0.609519422
1439803910.012864 24.267463684 0.328349590 11.506792068 -0.031613033 0.789047956 0.062384795 0.610337675
1439803910.075367 24.279731750 0.329186201 11.504338264 -0.031482626 0.788591504 0.061073773 0.611066461
1439803910.137868 24.291511536 0.329682112 11.501346588 -0.031478960 0.787881970 0.059774220 0.612109601
1439803910.200369 24.302780151 0.330246925 11.499002457 -0.031755012 0.787175119 0.058441162 0.613132656
1439803910.262870 24.313442230 0.330837011 11.496576309 -0.031537790 0.786487281 0.057605829 0.614104807
1439803910.325371 24.323902130 0.331871986 11.494241714 -0.031134535 0.785968065 0.057274144 0.614820719
1439803910.387872 24.334114075 0.332744598 11.492090225 -0.030481642 0.785668790 0.057417329 0.615222514
1439803910.450373 24.343339920 0.333525181 11.489675522 -0.028838908 0.785216451 0.058186799 0.615806520
1439803910.512875 24.352455139 0.334148407 11.487514496 -0.026849521 0.784691751 0.058782294 0.616508424
1439803910.575377 24.361309052 0.334825754 11.485441208 -0.025335554 0.784133911 0.058609270 0.617298186
1439803910.637877 24.369800568 0.335137844 11.483590126 -0.024893250 0.783820271 0.058108684 0.617761672
1439803910.700381 24.377803802 0.335456371 11.481939316 -0.025560837 0.783724129 0.057473164 0.617915750
1439803910.762880 24.385892868 0.335915089 11.480621338 -0.026766848 0.783589900 0.056651291 0.618110895
1439803910.825381 24.393108368 0.336447954 11.479154587 -0.027397526 0.783050537 0.056255978 0.618802488
1439803910.887883 24.400131226 0.336748600 11.477506638 -0.027814051 0.782338619 0.055912204 0.619714797
1439803910.950384 24.406660080 0.337608337 11.476442337 -0.027963258 0.782096267 0.055262536 0.620072186
1439803911.012901 24.412796021 0.338059664 11.475071907 -0.027866265 0.782009602 0.055056561 0.620204210
1439803911.075387 24.418516159 0.338288307 11.473857880 -0.027771927 0.781895757 0.055033337 0.620353937
1439803911.137888 24.423793793 0.338637114 11.473005295 -0.028100973 0.781683087 0.054813616 0.620626628
1439803911.200390 24.428825378 0.338919401 11.472099304 -0.028714756 0.781255305 0.054684795 0.621148288
1439803911.262891 24.433218002 0.339158058 11.471302986 -0.029552950 0.780868351 0.054728594 0.621591508
1439803911.325393 24.437475204 0.339469671 11.470476151 -0.030236822 0.780737460 0.054612201 0.621733248
1439803911.387894 24.441068649 0.339520931 11.469596863 -0.030525295 0.780810535 0.054353669 0.621650100
1439803911.450400 24.444490433 0.339577913 11.468918800 -0.030371437 0.780862212 0.054020397 0.621621728
1439803911.512900 24.447809219 0.339898825 11.468267441 -0.030050632 0.780663252 0.053535037 0.621929169
1439803911.575399 24.450811386 0.340098381 11.467840195 -0.030095078 0.780415595 0.052959751 0.622286916
1439803911.637900 24.453741074 0.340359449 11.467243195 -0.030199856 0.780247748 0.052522779 0.622529387
1439803911.700401 24.456281662 0.340243578 11.466773033 -0.030470904 0.780355930 0.052411824 0.622389793
1439803911.762902 24.458993912 0.340449333 11.466236115 -0.030713683 0.780419052 0.052361134 0.622303009
1439803911.825404 24.461629868 0.340777636 11.465713501 -0.031055195 0.780286252 0.052228209 0.622463763
1439803911.887909 24.464218140 0.340714931 11.465225220 -0.031323060 0.780008078 0.052357551 0.622788072
1439803911.950407 24.466312408 0.340862513 11.464637756 -0.031365857 0.779828787 0.052393265 0.623007357
1439803912.012908 24.468559265 0.340982914 11.464105606 -0.031241953 0.779849529 0.052584045 0.622971535
1439803912.075410 24.470853806 0.341391563 11.463579178 -0.031049516 0.779950738 0.052612375 0.622852027
1439803912.137911 24.472646713 0.341292620 11.463069916 -0.030998016 0.779935777 0.052807704 0.622856915
1439803912.200412 24.474660873 0.341559410 11.462694168 -0.030723069 0.779948354 0.052827306 0.622853041
1439803912.262913 24.476682663 0.341840029 11.462083817 -0.030430129 0.779907942 0.052743170 0.622925222
1439803912.325414 24.478706360 0.341810465 11.461452484 -0.030408012 0.779929578 0.052597325 0.622911513
1439803912.387918 24.481040955 0.342246294 11.460971832 -0.030337818 0.780048490 0.052206319 0.622798920
1439803912.450419 24.483110428 0.342184067 11.460407257 -0.030263223 0.780120850 0.052316811 0.622702539
1439803912.512921 24.485357285 0.342765570 11.459918976 -0.030101322 0.780268252 0.052071504 0.622546315
1439803912.575422 24.487800598 0.342836618 11.459106445 -0.029913364 0.780394495 0.052209925 0.622385502
1439803912.637925 24.490245819 0.343207836 11.458408356 -0.029748267 0.780690908 0.052168675 0.622025013
1439803912.700427 24.492725372 0.343118906 11.457542419 -0.029705023 0.781070173 0.052331224 0.621537149
1439803912.762926 24.495351791 0.343400717 11.457029343 -0.029659690 0.781654775 0.052240320 0.620811582
1439803912.825427 24.497945786 0.343402624 11.456079483 -0.029829858 0.782050908 0.052209090 0.620306969
1439803912.887929 24.500661850 0.343741417 11.455235481 -0.029574256 0.782404363 0.052201867 0.619873941
1439803912.950430 24.503276825 0.343611479 11.454654694 -0.029258028 0.782893181 0.052461874 0.619249523
1439803913.012930 24.505931854 0.343728542 11.453617096 -0.029111981 0.783570528 0.052471753 0.618398249
1439803913.075431 24.508811951 0.344007969 11.452722549 -0.028986648 0.784656405 0.052503571 0.617023051
1439803913.137934 24.511537552 0.344143391 11.451690674 -0.029138271 0.785742939 0.052613769 0.615622222
1439803913.200434 24.514432907 0.344603539 11.450471878 -0.029335583 0.786575198 0.052518599 0.614557207
1439803913.262936 24.517351151 0.344783783 11.449436188 -0.029521193 0.787396193 0.052647308 0.613485038
1439803913.325437 24.520372391 0.344769478 11.448092461 -0.029859841 0.788398206 0.052658115 0.612179458
1439803913.387944 24.523216248 0.345155954 11.447334290 -0.029899713 0.789923310 0.052516278 0.610220551
1439803913.450441 24.526134491 0.345231056 11.445893288 -0.029845841 0.791400731 0.052674655 0.608292282
1439803913.512945 24.529073715 0.345278740 11.444375992 -0.029747849 0.792709470 0.052927695 0.606568575
1439803913.575444 24.531938553 0.345544338 11.443443298 -0.029540729 0.793984711 0.053063631 0.604896545
1439803913.637944 24.534904480 0.345699549 11.442018509 -0.029320732 0.795193493 0.053095687 0.603314579
1439803913.700446 24.538179398 0.346174479 11.440704346 -0.029021813 0.796759009 0.052848611 0.601281822
1439803913.762948 24.541339874 0.346497774 11.438962936 -0.029072654 0.798534930 0.052470881 0.598952055
1439803913.825451 24.544605255 0.346835136 11.437374115 -0.029158060 0.800484776 0.052179601 0.596365035
1439803913.887951 24.547616959 0.347028017 11.435772896 -0.029380186 0.802368641 0.052129738 0.593821406
1439803913.950453 24.550834656 0.347181797 11.434093475 -0.029728806 0.804332852 0.052100845 0.591143191
1439803914.012955 24.554073334 0.347438335 11.432352066 -0.030055346 0.806532323 0.052005563 0.588130653
1439803914.075456 24.557214737 0.347684860 11.430484772 -0.030091722 0.808948994 0.051902145 0.584809422
1439803914.137959 24.560256958 0.347779989 11.428303719 -0.030128123 0.811476529 0.051602714 0.581321955
1439803914.200459 24.563297272 0.348226786 11.426189423 -0.029752722 0.814226747 0.051138733 0.577524304
1439803914.262960 24.566162109 0.348173380 11.424036026 -0.029521946 0.817170680 0.050936054 0.573381245
1439803914.325460 24.569314957 0.348575592 11.421403885 -0.029189525 0.820322692 0.050459728 0.568922281
1439803914.387962 24.572673798 0.348884344 11.418947220 -0.028987961 0.823875427 0.049917173 0.563823700
1439803914.450464 24.575933456 0.348616958 11.416151047 -0.029036252 0.827598572 0.049656831 0.558365166
1439803914.575463 24.582759857 0.348884821 11.409469604 -0.028808067 0.836110592 0.048654608 0.545638978
1439803914.637964 24.587545395 0.348846316 11.407088280 -0.028475935 0.841746867 0.048805572 0.536907196
1439803914.700463 24.590274811 0.349049807 11.402458191 -0.028165406 0.846557915 0.049145333 0.529274225
1439803914.762968 24.593791962 0.348912358 11.398559570 -0.028576221 0.851923347 0.049253058 0.520561457
1439803914.825465 24.597404480 0.349527597 11.393714905 -0.028525094 0.857177258 0.048450619 0.511943400
1439803914.950465 24.599527359 0.349341273 11.383646965 -0.027141059 0.862506688 0.049035080 0.502932549
1439803915.012970 24.608631134 0.349671721 11.377616882 -0.028273202 0.873851240 0.047978386 0.482993513
1439803915.075467 24.616453171 0.351908088 11.371022224 -0.028829500 0.880494058 0.046462450 0.470893115
1439803915.137966 24.621112823 0.351865292 11.365461349 -0.029467387 0.886712193 0.046875745 0.458994389
1439803915.200472 24.625663757 0.352741361 11.358098984 -0.029548887 0.892609477 0.046838589 0.447416306
1439803915.325471 24.634651184 0.353139997 11.342867851 -0.028585922 0.905050397 0.048588987 0.421551555
1439803915.387969 24.639030457 0.353880763 11.334917068 -0.027570125 0.911639571 0.049109597 0.407113552
1439803915.450470 24.642972946 0.354375124 11.325838089 -0.027287465 0.917969525 0.049278494 0.392630816
1439803915.512970 24.647031784 0.355300546 11.316915512 -0.027375640 0.924472988 0.048466314 0.377162158
1439803915.575473 24.650932312 0.355732322 11.307498932 -0.027571952 0.930835903 0.048185572 0.361195862
1439803915.700478 24.658948898 0.356794596 11.287631989 -0.029567488 0.942965448 0.048586138 0.327995926
1439803915.762972 24.662218094 0.357531726 11.276908875 -0.030356808 0.948490322 0.049418915 0.311452001
1439803915.825472 24.665618896 0.358183205 11.265958786 -0.031441897 0.953884423 0.050112128 0.294286758
1439803915.887974 24.668735504 0.359162688 11.254457474 -0.032148261 0.959053934 0.050509535 0.276822776
1439803915.950475 24.671367645 0.359467924 11.242430687 -0.032785550 0.963759005 0.051246300 0.259745181
1439803916.012976 24.673650742 0.359728515 11.230615616 -0.032847162 0.968162060 0.052758329 0.242486790
1439803916.075477 24.673820496 0.362729192 11.213762283 -0.031944934 0.971610606 0.052358702 0.228496969
1439803916.137977 24.676662445 0.362677813 11.202046394 -0.032925427 0.975847542 0.053466875 0.209233791
