0.311750 -0.001937775 -0.000162247 0.025923166 0.000277246 -0.010657694 -0.000603598 0.999942958
0.415622 -0.003051372 -0.000392036 0.035394967 0.000860283 -0.015332478 -0.000852458 0.999881744
0.519499 -0.004622849 -0.000492058 0.045820713 0.001655679 -0.021183375 -0.000941888 0.999773800
0.623377 -0.005909348 -0.000573035 0.057268698 0.002078750 -0.027988361 -0.000853420 0.999605715
0.727122 -0.008394733 -0.000573930 0.069964126 0.002100097 -0.036246374 -0.000840288 0.999340296
0.830874 -0.010521050 -0.000871417 0.083616957 0.002031041 -0.045827840 -0.000096455 0.998947263
0.934622 -0.013419949 -0.001031939 0.098054014 0.002116009 -0.055718303 0.000531434 0.998444140
1.038404 -0.016992383 -0.001088361 0.113252006 0.002457476 -0.067188725 0.000555449 0.997737110
1.142127 -0.021592734 -0.001797590 0.128721535 0.003141290 -0.079441175 -0.001261975 0.996833801
1.245873 -0.027131323 -0.002347980 0.144688681 0.004117976 -0.092468441 -0.003509217 0.995700896
1.349627 -0.033113156 -0.002976134 0.161348090 0.004746906 -0.106332503 -0.004998308 0.994306743
1.453253 -0.039291698 -0.003447951 0.178616211 0.004938688 -0.121671058 -0.005504871 0.992542922
1.556997 -0.046381608 -0.003657382 0.196201861 0.004960313 -0.137794331 -0.006504132 0.990427077
1.660772 -0.054519717 -0.004061586 0.214065075 0.004651425 -0.154456124 -0.007446243 0.987960637
1.764374 -0.063506514 -0.004124165 0.232030079 0.004473368 -0.172332630 -0.008411505 0.984992802
1.868002 -0.073292553 -0.004407817 0.249757856 0.004704179 -0.190055564 -0.009893084 0.981712222
1.971750 -0.084913172 -0.003565700 0.267674983 0.005261203 -0.207771167 -0.011092739 0.978100419
2.075498 -0.096641600 -0.004409090 0.284676880 0.004929663 -0.226465851 -0.011785289 0.973935366
2.179126 -0.108486086 -0.002801191 0.302062362 0.005756986 -0.246360019 -0.009315097 0.969116509
2.282875 -0.120857820 -0.002469852 0.319965959 0.005718802 -0.267915875 -0.006448142 0.963403761
2.386504 -0.138227403 -0.004619103 0.333920270 0.004048137 -0.288250983 -0.007946936 0.957513332
2.490144 -0.155134320 -0.004835267 0.348819107 0.003303987 -0.312335193 -0.010784817 0.949904978
2.593620 -0.173849046 -0.005622669 0.365087509 0.002998231 -0.337490439 -0.012474951 0.941241503
2.697329 -0.193552434 -0.006163325 0.380640626 0.002820622 -0.362472206 -0.012169606 0.931910872
2.800890 -0.214111507 -0.006214864 0.396155775 0.001468976 -0.389018178 -0.009716660 0.921177685
2.904641 -0.236981809 -0.006525085 0.412380606 0.000469552 -0.414980799 -0.007198542 0.909801543
3.008248 -0.261573792 -0.006407346 0.426857769 -0.000676292 -0.441318542 -0.006417712 0.897327304
3.112001 -0.288246781 -0.006451071 0.440843463 -0.001939768 -0.465433031 -0.005621575 0.885063112
3.215751 -0.317133129 -0.006153619 0.452998668 -0.002825002 -0.491926104 -0.005548294 0.870614707
3.319374 -0.347137958 -0.006355960 0.464777529 -0.003669247 -0.516313314 -0.005403227 0.856374860
3.423126 -0.379571795 -0.006326944 0.474798083 -0.004815675 -0.541101992 -0.005700357 0.840923846
3.526893 -0.414255261 -0.006308751 0.483731806 -0.005534596 -0.565251231 -0.006171194 0.824877143
3.630648 -0.451057792 -0.006312868 0.491967618 -0.007536594 -0.588719785 -0.006352230 0.808277130
3.734395 -0.489747107 -0.006505399 0.498985976 -0.009694199 -0.610645473 -0.005650758 0.791824579
3.838251 -0.530642271 -0.006469010 0.503923774 -0.010541071 -0.630912781 -0.005073189 0.775765538
3.942122 -0.575064003 -0.006051845 0.506562233 -0.009744167 -0.649391592 -0.006267363 0.760365903
4.046284 -0.619542658 -0.005336417 0.507886946 -0.008700045 -0.665258706 -0.007246146 0.746527076
4.150266 -0.667209983 -0.004599412 0.508535087 -0.007505119 -0.679008842 -0.007277172 0.734055638
4.254380 -0.716156185 -0.004129662 0.508448660 -0.006630864 -0.691218555 -0.006043336 0.722590089
4.358512 -0.766932487 -0.003635434 0.507089436 -0.005607223 -0.702546179 -0.004960229 0.711598814
4.462646 -0.820675790 -0.003742835 0.504137099 -0.004691972 -0.711753964 -0.004760545 0.702397048
4.566885 -0.875108063 -0.003090717 0.500482500 -0.003594629 -0.719037890 -0.004142013 0.694949150
4.671250 -0.932225704 -0.002333497 0.496732473 -0.003486461 -0.724765539 -0.003629598 0.688977122
4.775500 -0.991997719 -0.002215547 0.491907716 -0.003652513 -0.728796422 -0.003707156 0.684710622
4.879959 -1.053507686 -0.002502644 0.486010373 -0.003604826 -0.732055604 -0.004632341 0.681219637
4.984250 -1.117021203 -0.002676016 0.480269730 -0.003448064 -0.734331310 -0.005747097 0.678758204
5.088502 -1.181618810 -0.002745617 0.474509001 -0.003778787 -0.735424876 -0.006119293 0.677568078
5.192878 -1.247901917 -0.002015319 0.469115645 -0.004772239 -0.735765934 -0.005419037 0.677197397
5.297154 -1.316891789 -0.001698542 0.463406563 -0.006169430 -0.735358179 -0.005565858 0.677627623
5.401501 -1.385779381 -0.001432151 0.457939804 -0.006665669 -0.734533131 -0.006583862 0.678508103
5.505749 -1.458339095 -0.001415003 0.451350540 -0.005828350 -0.733835280 -0.007572982 0.679260194
5.610008 -1.529838562 -0.000906533 0.446052581 -0.004352347 -0.733078778 -0.007129823 0.680092394
5.714253 -1.606034398 0.000353824 0.440096200 -0.004186356 -0.732544839 -0.007122669 0.680668652
5.818377 -1.681045651 0.000673845 0.435344577 -0.005101833 -0.731414139 -0.007993033 0.681867599
5.922523 -1.760957122 0.001583081 0.429037690 -0.005884698 -0.730648696 -0.009645754 0.682660103
6.026772 -1.839328170 0.001710352 0.424520612 -0.006454151 -0.729947448 -0.010556681 0.683391213
6.130876 -1.922935486 0.002609834 0.418695062 -0.005632515 -0.729294300 -0.011048651 0.684087694
6.235023 -2.008245468 0.003420942 0.412989199 -0.003701476 -0.728743553 -0.010993592 0.684688509
6.339025 -2.087754726 0.004435245 0.408190697 -0.003060629 -0.727509141 -0.010813905 0.686005890
6.443143 -2.176198959 0.005200930 0.402660847 -0.004634103 -0.726878166 -0.010858306 0.686664879
6.547271 -2.260035276 0.005578097 0.398969591 -0.006209998 -0.726606309 -0.010799726 0.686941087
6.651280 -2.350811720 0.006454132 0.393968523 -0.007158668 -0.726147652 -0.010972505 0.687413931
6.755380 -2.441635132 0.006499220 0.388801873 -0.005714297 -0.725964665 -0.009313993 0.687645197
6.859377 -2.523184776 0.006661477 0.385389298 -0.003349427 -0.724864662 -0.006135528 0.688855827
6.963378 -2.614908218 0.007773853 0.380845308 -0.002746805 -0.724898040 -0.003249521 0.688843012
7.067377 -2.709655046 0.007642994 0.375849605 -0.003491084 -0.725080132 -0.003178092 0.688648283
7.171256 -2.795613766 0.006859809 0.371458918 -0.005888338 -0.725007296 -0.006135728 0.688688695
7.275272 -2.891690731 0.007120211 0.365402877 -0.007688009 -0.724962115 -0.009436049 0.688681185
7.379272 -2.979833126 0.007976666 0.362785518 -0.008912751 -0.724058568 -0.011424417 0.689586222
7.483251 -3.075680017 0.008832537 0.357543647 -0.008386241 -0.724196613 -0.012242895 0.689433873
7.587271 -3.171257496 0.009595245 0.352421701 -0.007196610 -0.724312007 -0.010947085 0.689347863
7.691129 -3.266474009 0.010159932 0.347498894 -0.006213522 -0.724466562 -0.010184542 0.689206719
7.795131 -3.345667362 0.010596290 0.344087541 -0.005927412 -0.723749816 -0.010990481 0.689949512
7.899003 -3.442168951 0.009558514 0.338657290 -0.006191143 -0.723664820 -0.012785431 0.690005362
8.003004 -3.537099838 0.010806434 0.334064007 -0.005628976 -0.723667145 -0.012101109 0.690020084
8.107005 -3.618154764 0.010929156 0.330789089 -0.003448722 -0.723068178 -0.010417433 0.690689445
8.211004 -3.713159561 0.011338871 0.326143384 -0.001511288 -0.723059297 -0.009565047 0.690718055
8.315006 -3.808955908 0.011083882 0.321135014 -0.001845609 -0.722800672 -0.009782561 0.690984845
8.418880 -3.904026270 0.010389946 0.317267060 -0.003076690 -0.722603917 -0.010416313 0.691177011
8.522877 -3.980801344 0.010898344 0.314551085 -0.004732914 -0.721591175 -0.011695786 0.692204416
8.626899 -4.076445103 0.011443578 0.310379624 -0.007028442 -0.721336484 -0.013401980 0.692419410
8.730751 -4.170628548 0.012372799 0.306895405 -0.007973759 -0.721395731 -0.014740072 0.692320287
8.834756 -4.267087936 0.013720751 0.302996099 -0.008033685 -0.721352458 -0.014495448 0.692369759
8.938756 -4.340804577 0.014246039 0.301415503 -0.006249434 -0.720224738 -0.012612041 0.693597972
9.042758 -4.435081005 0.014585249 0.297735900 -0.004380422 -0.720180035 -0.011487944 0.693678260
9.146631 -4.530211926 0.014770404 0.292135984 -0.002076727 -0.719903231 -0.012027564 0.693967104
9.250652 -4.609028816 0.015212744 0.290506423 0.000047275 -0.718711674 -0.012281750 0.695199788
9.354505 -4.703321934 0.014658734 0.287240744 -0.000030156 -0.718984067 -0.010799789 0.694942653
9.458529 -4.797108650 0.014572442 0.284703791 0.000029967 -0.719548523 -0.008098686 0.694394886
9.562503 -4.891261578 0.014608514 0.281370461 -0.000850582 -0.719853878 -0.005946421 0.694099724
9.666385 -4.962724686 0.013584264 0.280398846 -0.001683754 -0.718587399 -0.006795445 0.695401371
9.770380 -5.056531906 0.012885228 0.277274251 -0.004719677 -0.719172060 -0.008159922 0.694768071
9.874249 -5.151448250 0.012771718 0.273499429 -0.006569782 -0.719782472 -0.008893731 0.694111645
9.978133 -5.226581573 0.012580618 0.270991027 -0.006136667 -0.720059037 -0.008570869 0.693832755
10.082130 -5.318631172 0.012446828 0.266498685 -0.003781215 -0.720409274 -0.008312227 0.693489075
10.186010 -5.410641670 0.012449466 0.261503100 -0.000963646 -0.720826745 -0.008724513 0.693059683
10.290010 -5.485201359 0.012068868 0.258367598 0.001359280 -0.720409751 -0.009761806 0.693478644
10.393880 -5.576744080 0.011510357 0.253941298 0.001591478 -0.720742822 -0.010914674 0.693114698
10.497760 -5.668240547 0.010889955 0.250054657 0.000892194 -0.721091092 -0.011363369 0.692746460
10.601750 -5.740925789 0.010775633 0.246368974 0.001904888 -0.720820725 -0.011748587 0.693019331
10.705630 -5.830376148 0.010280252 0.242030337 0.002141904 -0.721028984 -0.012005037 0.692797601
10.809650 -5.909768105 0.010232046 0.238490522 0.001162446 -0.721043885 -0.011978942 0.692784846
10.913510 -5.998511791 0.010208443 0.234536961 -0.000265489 -0.721117437 -0.012588221 0.692698419
11.017510 -6.076297283 0.010051891 0.231211409 -0.001484648 -0.720949352 -0.014190995 0.692840815
11.121380 -6.163711071 0.009837002 0.226907432 -0.002180498 -0.721108258 -0.015048968 0.692655504
11.225380 -6.239898205 0.010096073 0.223880231 -0.002279997 -0.721028149 -0.014733834 0.692745328
11.329280 -6.326836109 0.010139450 0.219300181 -0.001777019 -0.721082509 -0.013843136 0.692708611
11.433260 -6.410550594 0.010464549 0.216236234 -0.000586931 -0.721249044 -0.012401988 0.692564547
11.537150 -6.476943016 0.010336146 0.212359667 0.000545783 -0.720834732 -0.011374958 0.693013430
11.641130 -6.558115482 0.010117166 0.208700418 0.001470388 -0.720390499 -0.010618021 0.693485856
11.745130 -6.638590813 0.009599239 0.205183640 0.002539354 -0.719519258 -0.011260995 0.694376469
11.849140 -6.700301647 0.008749038 0.202721074 0.002385943 -0.717771828 -0.011610560 0.696177483
11.953260 -6.776752949 0.008577339 0.201120690 0.001619522 -0.715738952 -0.011686569 0.698268235
12.057260 -6.851316929 0.007638499 0.200001478 0.000733902 -0.713214576 -0.011899911 0.700844347
12.161380 -6.907927036 0.007520206 0.198992461 0.000601781 -0.709892631 -0.012558789 0.704197705
12.265510 -6.978919983 0.006924719 0.199232206 0.000718369 -0.705622196 -0.013889767 0.708451748
12.369630 -7.048003197 0.006948903 0.200642109 0.001213545 -0.700316846 -0.015361479 0.713665783
12.473910 -7.097919464 0.006526336 0.202937558 0.001174377 -0.693406224 -0.015912253 0.720370173
12.578130 -7.162280560 0.006543741 0.208366603 0.001118288 -0.685424328 -0.016137207 0.727964163
12.682390 -7.223582268 0.006302878 0.214945704 0.000749606 -0.675991416 -0.015762240 0.736740589
12.786780 -7.266101837 0.005577087 0.221694469 0.000165423 -0.665141881 -0.014712486 0.746572018
12.891130 -7.322403908 0.005355790 0.232676387 -0.000431807 -0.652275324 -0.013881757 0.757854879
12.995510 -7.376088142 0.005128235 0.245497823 -0.000969796 -0.637731791 -0.013355440 0.770142138
13.099880 -7.412444115 0.004630908 0.255918860 -0.001188021 -0.621811628 -0.012739140 0.783062339
13.204380 -7.462418556 0.004044339 0.273051858 -0.002383532 -0.603614092 -0.012195529 0.797179759
13.308760 -7.502046108 0.003356047 0.290142298 -0.003539865 -0.583685577 -0.010202957 0.811907887
13.413260 -7.543753147 0.002349600 0.311049461 -0.005137747 -0.562395811 -0.005855962 0.826831460
13.517630 -7.584410667 0.001623794 0.334361792 -0.005547634 -0.539605975 -0.002353584 0.841896057
13.622130 -7.623966217 0.001740299 0.359851599 -0.006141542 -0.515431583 0.000985218 0.856908143
13.726510 -7.662665367 0.002104484 0.387132168 -0.006393384 -0.490762264 0.001362636 0.871268988
13.830760 -7.702485561 0.001738295 0.418344736 -0.007297846 -0.466362834 0.002253615 0.884560585
13.935130 -7.733798981 0.001361609 0.449242830 -0.009699244 -0.442910016 0.005864296 0.896494448
14.039380 -7.765760422 0.001075663 0.483832359 -0.012647003 -0.418680459 0.010954345 0.907979429
14.143650 -7.799056053 0.000569515 0.520991325 -0.011572971 -0.393703431 0.012642561 0.919077694
14.247880 -7.825729370 -0.000079930 0.555012226 -0.008004864 -0.368345439 0.012989648 0.929563820
14.352150 -7.853715897 -0.000325818 0.593388081 -0.002104039 -0.341556698 0.013547731 0.939761162
14.456380 -7.880506039 -0.000380315 0.635041952 0.002543962 -0.313632637 0.013189208 0.949449420
14.560630 -7.905984879 -0.001153454 0.680307627 0.004005619 -0.285248578 0.013126911 0.958355308
14.664880 -7.929417610 -0.001665011 0.728939533 0.004876713 -0.256660074 0.013637722 0.966393232
14.769010 -7.951650143 -0.002699666 0.780130863 0.006229947 -0.228445143 0.012453559 0.973457217
14.873160 -7.974492073 -0.004612222 0.839668036 0.005400920 -0.201802760 0.011763897 0.979340613
14.977150 -7.991892815 -0.006008741 0.892154932 0.005412873 -0.177280441 0.008611918 0.984107792
15.081160 -8.010004997 -0.006913655 0.952036381 0.006532595 -0.154749498 0.006220515 0.987912536
15.185010 -8.027626991 -0.008601263 1.019078493 0.005790457 -0.135511875 0.003997021 0.990750730
15.288760 -8.041557312 -0.010039728 1.080379605 0.004774014 -0.119149774 0.003766655 0.992857635
15.392480 -8.055582047 -0.011457179 1.153939605 0.003820180 -0.106643349 0.004470390 0.994279981
15.496190 -8.067463875 -0.012613406 1.219357491 0.002691163 -0.095398165 0.004600764 0.995424926
15.599910 -8.081008911 -0.013816110 1.296296954 0.001279395 -0.085974723 0.003436220 0.996290565
15.703610 -8.091240883 -0.015013173 1.365734220 0.000695969 -0.077757306 0.001094431 0.996971488
15.807320 -8.102708817 -0.016022952 1.446784258 0.000126866 -0.071156546 -0.000602769 0.997464955
15.911010 -8.111688614 -0.017234366 1.519604683 0.000097108 -0.063925199 0.000088127 0.997954667
16.014760 -8.121035576 -0.018388212 1.605315208 0.000094183 -0.057048086 0.000085032 0.998371422
16.118550 -8.127572060 -0.018851861 1.680001259 -0.000198377 -0.049296606 -0.000142572 0.998784125
16.222360 -8.135567665 -0.019696657 1.770178318 -0.000593861 -0.042183619 -0.000806219 0.999109328
16.326140 -8.140114784 -0.021205880 1.847414613 0.000767796 -0.035811435 -0.001130983 0.999357641
16.429890 -8.145748138 -0.023130955 1.939429045 0.003244844 -0.030259244 -0.001735450 0.999535322
16.533760 -8.148735046 -0.024330104 2.019756794 0.006304092 -0.024935914 -0.000886548 0.999668777
16.637520 -8.152791023 -0.025508765 2.115906477 0.006427801 -0.020901363 -0.000687989 0.999760628
16.741260 -8.155922890 -0.027229916 2.199467182 0.003271618 -0.017435359 -0.001378307 0.999841690
16.845140 -8.160066605 -0.029544102 2.297666311 -0.000887107 -0.014975813 -0.003263115 0.999882162
16.948890 -8.161877632 -0.031242501 2.380326748 -0.002794922 -0.012715022 -0.003296895 0.999909818
17.052630 -8.164976120 -0.032240748 2.477820396 -0.002218181 -0.010889427 -0.002764559 0.999934435
17.156420 -8.165573120 -0.034078173 2.573811769 -0.001954833 -0.009672428 -0.002698045 0.999947667
17.260280 -8.167422295 -0.034557663 2.649816275 -0.002956972 -0.007519752 -0.001700271 0.999965906
17.364000 -8.169570923 -0.035636306 2.748132944 -0.004154122 -0.006152823 -0.000740567 0.999972165
17.467890 -8.168557167 -0.037108481 2.829552889 -0.005079921 -0.004225024 0.000666396 0.999977946
17.571660 -8.169728279 -0.038407445 2.925938129 -0.003276296 -0.002744886 0.000812983 0.999990523
17.675510 -8.170631409 -0.039713904 3.022199869 0.000345638 -0.001981582 -0.000705985 0.999997735
17.779390 -8.170928955 -0.041244250 3.093910933 0.004121795 -0.000559530 -0.001052583 0.999990761
17.883140 -8.171323776 -0.043579161 3.189194918 0.006136858 0.000133947 -0.001766778 0.999979556
17.987010 -8.171185493 -0.045653768 3.269634724 0.005328869 0.002088536 -0.002134352 0.999981344
18.090880 -8.171479225 -0.048201717 3.366488457 0.003375352 0.003212264 -0.003612460 0.999982595
18.194760 -8.171023369 -0.050518382 3.445709944 0.000728382 0.005417628 -0.004934099 0.999972880
18.298510 -8.169976234 -0.052114949 3.542231798 -0.000164092 0.006592760 -0.003545276 0.999971986
18.402390 -8.168181419 -0.053842854 3.637176275 -0.000066814 0.007149779 -0.002285202 0.999971807
18.506260 -8.165704727 -0.056101419 3.704322338 -0.000154909 0.009495140 -0.000860004 0.999954522
18.610130 -8.163812637 -0.057588201 3.799325466 0.000737914 0.009934827 -0.000486686 0.999950230
18.713910 -8.162719727 -0.059082303 3.896724701 0.001318248 0.010455133 0.000494609 0.999944329
18.817760 -8.159422874 -0.060706325 3.963245630 0.001433590 0.012082946 0.001146506 0.999925315
18.921640 -8.157828331 -0.062271938 4.060984135 0.000794260 0.012428354 -0.000568615 0.999922276
19.025510 -8.157141685 -0.063663378 4.160601616 0.001266505 0.012573482 -0.000436594 0.999920070
19.129390 -8.153377533 -0.065671392 4.225251198 0.001371636 0.012965569 0.000389946 0.999914944
19.233260 -8.151185989 -0.068035938 4.324773312 0.001063816 0.011870597 0.002089017 0.999926805
19.337010 -8.150470734 -0.069399126 4.426031590 0.001082652 0.010508603 0.000771466 0.999943852
19.440890 -8.149308205 -0.070812635 4.490791321 0.001361149 0.010240649 -0.000121268 0.999946594
19.544760 -8.148786545 -0.072882101 4.592369556 0.003815485 0.009051291 -0.000588550 0.999951601
19.648510 -8.147644997 -0.074635997 4.696075439 0.005588120 0.007685189 -0.001154273 0.999954164
19.752390 -8.147337914 -0.076914176 4.798693657 0.006414940 0.006803392 -0.000693477 0.999956012
19.856260 -8.145517349 -0.078385644 4.851488590 0.005679479 0.006822065 -0.000431809 0.999960482
19.960140 -8.145039558 -0.080939606 4.957389355 0.005397294 0.005791566 0.000211929 0.999968648
20.064010 -8.144587517 -0.083211750 5.064839840 0.004429416 0.004844951 0.000893940 0.999978065
20.167930 -8.142570496 -0.085562445 5.129186153 0.002456359 0.005316122 0.001862224 0.999981105
20.271890 -8.142018318 -0.087805413 5.238252163 0.000032786 0.004778609 0.002062651 0.999986410
20.375760 -8.140670776 -0.089173064 5.317321301 -0.000986536 0.005551549 0.002803617 0.999980152
20.479750 -8.141493797 -0.091018416 5.458371162 -0.001013142 0.006157678 0.000608170 0.999980330
20.583640 -8.143391609 -0.088596061 5.535265923 -0.000445921 0.007792690 -0.000759436 0.999969244
20.687510 -8.136298180 -0.093303204 5.595677376 0.000481384 0.010134310 0.003443738 0.999942601
20.791530 -8.136040688 -0.094787583 5.706505775 0.001448536 0.011322022 0.005574556 0.999919355
20.895390 -8.137156487 -0.095511243 5.814105988 0.001592650 0.012683443 0.006650560 0.999896169
20.999260 -8.131309509 -0.097844690 5.925943375 0.000318790 0.012691142 0.007716930 0.999889672
21.103270 -8.122789383 -0.099631652 5.958003521 -0.001581680 0.015940176 0.011415860 0.999806523
21.207140 -8.119904518 -0.101998910 6.069572449 -0.001870685 0.016440488 0.011535054 0.999796569
21.311120 -8.116774559 -0.103243038 6.181378365 -0.000222068 0.016915794 0.010693926 0.999799669
21.415040 -8.113891602 -0.105779171 6.292868614 0.002685792 0.017191986 0.009294318 0.999805391
21.519010 -8.109663010 -0.106847025 6.300289154 0.004615623 0.020451084 0.010944950 0.999720275
21.622900 -8.106036186 -0.109735750 6.409404755 0.007480014 0.020779731 0.008336083 0.999721348
21.726890 -8.103351593 -0.112961106 6.518666744 0.007800713 0.021543356 0.008463781 0.999701619
21.830760 -8.098640442 -0.115788266 6.629368305 0.004812150 0.021516679 0.010195022 0.999704957
21.934640 -8.097055435 -0.116702288 6.629405022 -0.000056884 0.021929931 0.011405610 0.999694407
22.038660 -8.092528343 -0.118912905 6.737687588 -0.003911417 0.021174934 0.012269254 0.999692857
22.142620 -8.089377403 -0.120345220 6.846770287 -0.002742079 0.020131037 0.013025967 0.999708712
22.246540 -8.087176323 -0.120428130 6.868684769 -0.001113354 0.019641710 0.016290447 0.999673724
22.350390 -8.083732605 -0.122310974 6.975503445 -0.000350385 0.018409856 0.016960533 0.999686599
22.454390 -8.082031250 -0.124576628 7.081327915 0.000821284 0.017187560 0.015695980 0.999728739
22.558370 -8.079826355 -0.127541780 7.187139988 0.002329694 0.015534612 0.014890477 0.999765754
22.662270 -8.077634811 -0.126658186 7.168841362 0.003212264 0.014341916 0.016935190 0.999748588
22.766140 -8.075859070 -0.129158393 7.272465229 0.005213298 0.012846048 0.015946656 0.999776721
22.870160 -8.075652122 -0.132798672 7.377614498 0.005090778 0.011292275 0.013602324 0.999830782
22.974020 -8.073254585 -0.131703407 7.381237030 0.003341381 0.009742983 0.014337080 0.999844193
23.078010 -8.072551727 -0.134311393 7.485937119 0.000426481 0.007713938 0.013038382 0.999885142
23.181990 -8.071858406 -0.136312023 7.590136528 -0.002205838 0.005507823 0.013273671 0.999894261
23.285910 -8.072427750 -0.137543425 7.691316128 -0.003965640 0.002934760 0.013819102 0.999892354
23.389770 -8.072377205 -0.136152416 7.651919842 -0.004735506 -0.000276315 0.015057238 0.999875367
23.493760 -8.073217392 -0.136882722 7.753935337 -0.006480155 -0.003318143 0.016360441 0.999839664
23.597640 -8.073774338 -0.137351960 7.784991264 -0.006270134 -0.006706208 0.016298700 0.999825001
23.701510 -8.077301979 -0.138244957 7.885765553 -0.005700679 -0.009635207 0.013663288 0.999843955
23.805540 -8.078826904 -0.139047563 7.915234566 -0.003925470 -0.012641131 0.012548114 0.999833643
23.909390 -8.082732201 -0.140065104 8.015870094 -0.002463147 -0.015601771 0.013148128 0.999788821
24.013390 -8.087323189 -0.141405404 8.114353180 -0.001652291 -0.018243760 0.012330575 0.999756157
24.117270 -8.092606544 -0.142545462 8.214789391 -0.004105991 -0.020805074 0.011839782 0.999705017
24.221270 -8.097203255 -0.143919498 8.317527771 -0.006111590 -0.023970852 0.011913622 0.999623001
24.325140 -8.093643188 -0.142799124 8.229702950 -0.007648920 -0.027754279 0.013138043 0.999499142
24.429140 -8.099722862 -0.143736422 8.329164505 -0.005649045 -0.031265881 0.014151758 0.999394953
24.533020 -8.105668068 -0.145143434 8.426294327 -0.002033647 -0.035747830 0.015216262 0.999242902
24.636890 -8.106999397 -0.145299062 8.412425995 -0.001070133 -0.040194251 0.016501907 0.999055028
24.740760 -8.115901947 -0.146490216 8.509415627 -0.002274926 -0.045788627 0.016678892 0.998809338
24.844640 -8.126906395 -0.146406084 8.605096817 -0.005031880 -0.051478237 0.017128853 0.998514533
24.948510 -8.126347542 -0.145805359 8.592556000 -0.008910365 -0.058161486 0.017501244 0.998113990
25.052390 -8.138801575 -0.146686003 8.687355042 -0.010374809 -0.064103663 0.017455509 0.997736633
25.156270 -8.152627945 -0.148159325 8.781756401 -0.007882060 -0.069962442 0.015594611 0.997396588
25.260140 -8.169525146 -0.149642184 8.874783516 -0.002996291 -0.075809434 0.014708752 0.997009337
25.364010 -8.164011955 -0.148521885 8.826614380 -0.000477825 -0.082245067 0.016206153 0.996480227
25.467890 -8.181671143 -0.148783863 8.922295570 -0.002601513 -0.088506475 0.016986556 0.995927334
25.571790 -8.200912476 -0.150053635 9.018267632 -0.006180864 -0.094610751 0.017312156 0.995344579
25.675640 -8.199993134 -0.150006250 9.003226280 -0.008700924 -0.101039477 0.017900877 0.994683325
25.779520 -8.220706940 -0.151029438 9.098031998 -0.007703423 -0.107716881 0.019184079 0.993966639
25.883390 -8.242527008 -0.151340157 9.192299843 -0.005106496 -0.113725401 0.019551072 0.993306696
25.987390 -8.266401291 -0.153547764 9.287109375 -0.001636265 -0.118232504 0.020720249 0.992768407
26.091270 -8.255983353 -0.153000936 9.235630989 0.001070968 -0.122539736 0.022536116 0.992207110
26.195270 -8.280565262 -0.153862834 9.330351830 0.002413157 -0.126467958 0.022399724 0.991714835
26.299290 -8.308273315 -0.156909913 9.425654411 0.002851729 -0.130525321 0.019547639 0.991248131
26.403140 -8.305836678 -0.157063574 9.410470009 0.001744124 -0.134819493 0.020261606 0.990661442
26.507020 -8.334419250 -0.158675745 9.507514954 -0.001419152 -0.139152870 0.020484999 0.990058005
26.611020 -8.362980843 -0.160002723 9.603454590 -0.005401858 -0.142899975 0.020656608 0.989506781
26.714890 -8.358962059 -0.160888314 9.586366653 -0.008472938 -0.146688879 0.016522177 0.989008367
26.818890 -8.391791344 -0.161563113 9.680914879 -0.006156811 -0.149582028 0.012544411 0.988650560
26.922890 -8.397812843 -0.161749616 9.701882362 -0.002275832 -0.152600408 0.013417185 0.988194287
27.026890 -8.427771568 -0.163745940 9.796841621 0.001071997 -0.155187443 0.016598644 0.987744987
27.130890 -8.460892677 -0.165272325 9.893143654 0.001562994 -0.157197207 0.016338352 0.987430811
27.234770 -8.456933975 -0.165078163 9.876363754 -0.000503063 -0.159735501 0.013726862 0.987064242
27.338640 -8.490231514 -0.167553037 9.973039627 -0.002499264 -0.162771806 0.013002223 0.986574888
27.442660 -8.497640610 -0.168005750 9.993075371 -0.001729727 -0.165679738 0.014790206 0.986067176
27.546520 -8.532773972 -0.170059860 10.088230133 0.001641162 -0.168057770 0.014810257 0.985664546
27.650520 -8.566896439 -0.172434002 10.182573318 0.005028054 -0.170578405 0.015230711 0.985213578
27.754390 -8.561849594 -0.171999142 10.165217400 0.006021962 -0.173232391 0.014656034 0.984753489
27.858410 -8.598369598 -0.175260350 10.260500908 0.004037297 -0.175367698 0.013639899 0.984400213
27.962300 -8.606861115 -0.176017150 10.280345917 0.003125687 -0.177750900 0.013014819 0.983984470
28.066150 -8.643867493 -0.178687692 10.374897957 0.003058098 -0.180272952 0.012630481 0.983530760
28.170020 -8.680946350 -0.181881905 10.468879700 0.003347739 -0.182698905 0.013523167 0.983070195
28.274040 -8.673711777 -0.181530714 10.449749947 0.003525974 -0.185072228 0.014357505 0.982613683
28.377890 -8.711458206 -0.184739172 10.543244362 0.003255171 -0.187347472 0.014641779 0.982179165
28.481890 -8.719383240 -0.185366571 10.561379433 0.003185899 -0.189709276 0.014029237 0.981734872
28.585770 -8.757883072 -0.188200757 10.653528214 0.003340304 -0.192075163 0.013997034 0.981274724
28.689660 -8.765428543 -0.189305171 10.671078682 0.005285164 -0.194586590 0.014859946 0.980758548
28.793670 -8.803677559 -0.193401605 10.760742188 0.007388762 -0.196832344 0.015667871 0.980284095
28.897520 -8.811382294 -0.193780765 10.778806686 0.008723036 -0.199091464 0.016341373 0.979805827
29.001520 -8.850397110 -0.197199136 10.868244171 0.006898472 -0.201084614 0.016101386 0.979417264
29.105390 -8.858652115 -0.197429836 10.886053085 0.002769531 -0.202968329 0.015355398 0.979060948
29.209390 -8.882057190 -0.199363977 10.938755989 -0.002122453 -0.204553112 0.015953915 0.978723109
29.313270 -8.904956818 -0.200914592 10.990296364 -0.004740348 -0.206185773 0.017105227 0.978351891
29.417270 -8.927335739 -0.201893866 11.040678024 -0.004629447 -0.207881466 0.018800760 0.977962375
29.521140 -8.949412346 -0.203193039 11.089273453 -0.002840629 -0.209581852 0.019162174 0.977599204
29.625020 -8.985794067 -0.205198824 11.168491364 -0.001452184 -0.211148024 0.019875668 0.977250934
29.729040 -8.992896080 -0.205816969 11.182966232 -0.000965522 -0.212556913 0.020554760 0.976931989
29.832900 -9.027482986 -0.208234400 11.257778168 -0.000919064 -0.213808358 0.021352870 0.976641834
29.936770 -9.034973145 -0.208207577 11.271587372 -0.001228425 -0.214917198 0.021327401 0.976398587
30.040770 -9.055367470 -0.209627330 11.313781738 -0.002040458 -0.215942636 0.021681059 0.976163149
30.144650 -9.085534096 -0.211173862 11.381169319 -0.002348209 -0.217515394 0.022696193 0.975790143
30.248520 -9.092387199 -0.212186411 11.392499924 -0.002741108 -0.218615264 0.023464978 0.975525141
30.352400 -9.121547699 -0.214596897 11.453765869 -0.002283094 -0.219729811 0.023796460 0.975267828
30.456270 -9.128005028 -0.214839667 11.463726044 -0.000305187 -0.220545068 0.023126675 0.975102544
30.560270 -9.154602051 -0.217502460 11.519334793 0.001571888 -0.222023487 0.023790987 0.974749744
30.664040 -9.160336494 -0.217183664 11.528588295 0.002488477 -0.223765507 0.025489150 0.974306464
30.767900 -9.185104370 -0.218370289 11.579928398 0.001933275 -0.226220876 0.027962184 0.973672688
30.871790 -9.190452576 -0.219094083 11.588130951 0.001342546 -0.229056597 0.027530642 0.973022759
30.975650 -9.215314865 -0.220652416 11.633695602 0.001031141 -0.232339099 0.025739571 0.972293675
31.079540 -9.219852448 -0.221314460 11.640984535 -0.000654012 -0.235431582 0.023073459 0.971616745
31.183270 -9.242929459 -0.223280489 11.681888580 -0.003751392 -0.238807842 0.021291019 0.970826149
31.287140 -9.246558189 -0.223071784 11.688501358 -0.005575099 -0.242836684 0.021198485 0.969819486
31.390900 -9.266381264 -0.224131703 11.724476814 -0.006498477 -0.247458801 0.023152467 0.968599916
31.494660 -9.270320892 -0.224331290 11.729983330 -0.007129002 -0.252999365 0.024489749 0.967130184
31.598390 -9.289442062 -0.225513622 11.761501312 -0.007846390 -0.260130793 0.025648456 0.965200782
31.702150 -9.293312073 -0.225694239 11.765886307 -0.008052975 -0.268176556 0.025625015 0.962995231
31.805770 -9.312442780 -0.227218315 11.792345047 -0.007429431 -0.277691960 0.024620924 0.960325897
31.909520 -9.315901756 -0.227400944 11.795913696 -0.005869813 -0.288010269 0.024895689 0.957285643
32.013150 -9.333876610 -0.228602931 11.818349838 -0.002942129 -0.298880786 0.025097527 0.953955829
32.116900 -9.337240219 -0.228448257 11.821707726 0.000068306 -0.309419006 0.025950162 0.950571656
32.220650 -9.355837822 -0.229169577 11.841773987 0.002955655 -0.320024818 0.024642762 0.947084010
32.324400 -9.359912872 -0.229442641 11.844584465 0.005464880 -0.330516666 0.021381989 0.943542063
32.428170 -9.379511833 -0.230383888 11.864047050 0.006160292 -0.341910094 0.019992677 0.939499736
32.531770 -9.383103371 -0.230321527 11.867630005 0.005561364 -0.353792101 0.021220187 0.935066819
32.635530 -9.403292656 -0.230560571 11.887098312 0.004951897 -0.366340756 0.022257581 0.930201352
32.739270 -9.407553673 -0.231232852 11.889482498 0.004195539 -0.379735082 0.021643864 0.924832523
32.842900 -9.429885864 -0.231975392 11.906572342 0.003955772 -0.393918097 0.019279797 0.918934822
32.946650 -9.452454567 -0.232925624 11.922264099 0.003287916 -0.407823712 0.017339325 0.912890136
33.050400 -9.447771072 -0.233172044 11.917457581 0.002894018 -0.421741664 0.015798511 0.906573772
33.154020 -9.471312523 -0.234296113 11.931789398 0.003241417 -0.435678482 0.013821763 0.899990380
33.257770 -9.495822906 -0.235699087 11.944576263 0.003405339 -0.449445546 0.011098541 0.893232286
33.361650 -9.490207672 -0.235824764 11.940115929 0.003253973 -0.463437855 0.009181075 0.886075854
33.465270 -9.515182495 -0.237183690 11.952761650 0.003631137 -0.478292316 0.009312112 0.878143787
33.569020 -9.520718575 -0.237758890 11.954153061 0.005331181 -0.493711710 0.009884154 0.869553089
33.672790 -9.550224304 -0.239038467 11.965611458 0.007569763 -0.509826660 0.010785155 0.860176265
33.776420 -9.557094574 -0.239271253 11.967608452 0.008849972 -0.527663350 0.011092155 0.849335074
33.880040 -9.592214584 -0.240601912 11.978130341 0.009480247 -0.545942485 0.011058752 0.837696075
33.983650 -9.600111961 -0.240615785 11.979351044 0.010515062 -0.564835548 0.011498510 0.825056374
34.087400 -9.640514374 -0.241538227 11.988200188 0.011772502 -0.584643245 0.012202467 0.811113298
34.191020 -9.649490356 -0.242183089 11.988223076 0.012674599 -0.604526520 0.012525587 0.796385705
34.294770 -9.694027901 -0.244059712 11.992287636 0.012966715 -0.624221087 0.012222717 0.781044543
34.398420 -9.704421043 -0.244335681 11.992733002 0.012530555 -0.644753873 0.011619550 0.764199257
34.502140 -9.754728317 -0.245827034 11.994361877 0.011326630 -0.664933681 0.011345280 0.746730328
34.605900 -9.765288353 -0.246192798 11.993256569 0.010132129 -0.685329497 0.011488060 0.728071988
34.709660 -9.797031403 -0.247525260 11.991025925 0.008761367 -0.705023289 0.011949274 0.709029377
34.813400 -9.830320358 -0.248593912 11.986832619 0.008025414 -0.723977745 0.011864116 0.689674556
34.917150 -9.887381554 -0.251013994 11.975849152 0.007447718 -0.741716623 0.011277013 0.670577228
35.021020 -9.900482178 -0.250962794 11.972316742 0.006824740 -0.759026587 0.011699405 0.650918782
35.124770 -9.937129974 -0.252411902 11.962541580 0.005424009 -0.775427282 0.012574955 0.631288350
35.228670 -9.975388527 -0.253957570 11.950553894 0.004186484 -0.790919363 0.013435496 0.611758471
35.332520 -10.014463425 -0.255409777 11.936227798 0.002902060 -0.805525422 0.014233435 0.592383146
35.436400 -10.054603577 -0.256949753 11.919425964 0.001927584 -0.819030344 0.014677688 0.573559105
35.540420 -10.095769882 -0.258539200 11.900240898 0.001559069 -0.831340194 0.014738335 0.555566251
35.644400 -10.138120651 -0.260170639 11.878522873 0.001556081 -0.842039168 0.014532120 0.539218366
35.748650 -10.181579590 -0.261780918 11.854488373 0.002153714 -0.850847363 0.014148061 0.525218010
35.852770 -10.257153511 -0.264552474 11.811300278 0.003347493 -0.857892573 0.013548449 0.513639569
35.957050 -10.272730827 -0.265536040 11.800758362 0.004545839 -0.863341153 0.013285480 0.504425287
36.061290 -10.320424080 -0.267612100 11.771631241 -0.005193345 0.867574275 -0.012568779 -0.497121662
36.165670 -10.403044701 -0.270790219 11.721305847 -0.004615963 0.871053338 -0.012474966 -0.491008282
36.269900 -10.419736862 -0.271572351 11.708609581 -0.004451616 0.873995125 -0.012187446 -0.485761434
36.374170 -10.507553101 -0.274882019 11.652072906 -0.003821957 0.876425266 -0.012062842 -0.481371611
36.478420 -10.523840904 -0.276267081 11.640076637 -0.004073464 0.878342390 -0.011402923 -0.477878690
36.582670 -10.614195824 -0.279289991 11.579062462 -0.004323731 0.879981160 -0.011069301 -0.474859953
36.686900 -10.633173943 -0.280520558 11.566073418 -0.004074880 0.881408691 -0.011020400 -0.472208291
36.791110 -10.727977753 -0.284493327 11.501259804 -0.003623078 0.882341444 -0.010916762 -0.470469207
36.895150 -10.746852875 -0.285390198 11.488326073 -0.003119977 0.883134425 -0.010874730 -0.468983620
36.999490 -10.845952034 -0.289626002 11.419999123 -0.002879723 0.883328736 -0.010813874 -0.468620420
37.103550 -10.865453720 -0.290501654 11.406905174 -0.003005978 0.883685350 -0.011149603 -0.467939019
37.207650 -10.969607353 -0.294815004 11.334408760 -0.003054516 0.883841455 -0.011627067 -0.467632145
37.311780 -10.989040375 -0.295577824 11.321621895 -0.003021530 0.884217024 -0.012258658 -0.466905624
37.415890 -11.096534729 -0.299773425 11.246732712 -0.002834501 0.884349585 -0.011851180 -0.466666162
37.520030 -11.117956161 -0.300789237 11.231468201 -0.002832882 0.884651780 -0.010508936 -0.466125250
37.624150 -11.228060722 -0.306061715 11.154430389 -0.002714939 0.884851277 -0.009198423 -0.465774894
37.728150 -11.249912262 -0.306285232 11.139246941 -0.002612083 0.885352612 -0.009638508 -0.464812964
37.832280 -11.364255905 -0.310301036 11.058108330 -0.002932607 0.885484517 -0.010715154 -0.464536101
37.936280 -11.384762764 -0.311622113 11.044277191 -0.002720065 0.885812938 -0.011551391 -0.463890672
38.040280 -11.502107620 -0.316423267 10.962234497 -0.001686547 0.886012554 -0.012234627 -0.463496655
38.144280 -11.523696899 -0.318036675 10.946659088 -0.000761054 0.886432946 -0.013017881 -0.462673217
38.248280 -11.643679619 -0.323844820 10.861435890 -0.001439440 0.886684477 -0.014004168 -0.462160647
38.352280 -11.666094780 -0.325322300 10.845929146 -0.002338240 0.887162685 -0.015976544 -0.461174190
38.456150 -11.788988113 -0.331505775 10.757067680 -0.004009316 0.887230992 -0.017166667 -0.460988551
38.560150 -11.810298920 -0.332823277 10.741755486 -0.005249651 0.887471914 -0.017028634 -0.460517138
38.664150 -11.936388969 -0.340111613 10.650623322 -0.005387476 0.887338936 -0.015960472 -0.460809976
38.768150 -11.958733559 -0.341697693 10.635543823 -0.004802404 0.887492061 -0.014502253 -0.460569769
38.872030 -12.088567734 -0.348147452 10.544498444 -0.004059850 0.887604594 -0.013641899 -0.460386306
38.976020 -12.215885162 -0.355577946 10.453119278 -0.002597001 0.887599051 -0.013048338 -0.460424781
39.079900 -12.182217598 -0.354047090 10.476539612 -0.002406494 0.888365209 -0.012932932 -0.458949000
39.183930 -12.309326172 -0.360900760 10.385388374 -0.001884483 0.888325632 -0.012842388 -0.459030628
39.287780 -12.439173698 -0.367699981 10.292123795 -0.002929234 0.888428032 -0.012191893 -0.458844632
39.391750 -12.403116226 -0.365557253 10.316179276 -0.002451599 0.889403522 -0.012289638 -0.456951141
39.495830 -12.531989098 -0.372304678 10.222637177 -0.002318398 0.889470398 -0.011445867 -0.456843585
39.599580 -12.662464142 -0.380422741 10.132624626 -0.001927249 0.889721692 -0.010729000 -0.456373155
39.703630 -12.620225906 -0.377816796 10.155127525 -0.001994464 0.890988171 -0.011431946 -0.453878254
39.807870 -12.747966766 -0.385406494 10.059285164 -0.001809684 0.891060531 -0.011773274 -0.453728199
39.911280 -12.875988960 -0.391679168 9.965036392 -0.001738564 0.891315877 -0.012221595 -0.453214735
40.015280 -12.834356308 -0.389026135 9.994790077 -0.001248531 0.892850995 -0.012774343 -0.450169176
40.119140 -12.961081505 -0.396336764 9.900131226 -0.001611119 0.893118620 -0.012680746 -0.449639559
40.223030 -13.087862015 -0.403185695 9.806247711 -0.002137824 0.893342912 -0.012759019 -0.449189335
40.326930 -13.043520927 -0.400863796 9.835550308 -0.002629956 0.894649506 -0.013476402 -0.446557611
40.430770 -13.169518471 -0.408112466 9.739001274 -0.003166069 0.894643724 -0.013163938 -0.446575105
40.534990 -13.294737816 -0.414726853 9.644046783 -0.004650398 0.894674957 -0.012285112 -0.446524471
40.638670 -13.249566078 -0.412716269 9.675545692 -0.005161545 0.895732701 -0.012461320 -0.444388330
40.742540 -13.374746323 -0.420011401 9.579293251 -0.005894003 0.895429313 -0.012749271 -0.444982141
40.846410 -13.500199318 -0.427456081 9.482237816 -0.006958635 0.894975126 -0.013095341 -0.445869505
40.950400 -13.454118729 -0.424832523 9.517179489 -0.006217242 0.895436585 -0.013374559 -0.444944650
41.054600 -13.579563141 -0.431602120 9.421865463 -0.005283661 0.895153403 -0.012960690 -0.445538402
41.158230 -13.706581116 -0.438547432 9.325259209 -0.003120300 0.894835651 -0.011233974 -0.446243465
41.262460 -13.654945374 -0.436452031 9.360507965 0.000059202 0.897352815 -0.009319816 -0.441215426
41.365930 -13.780063629 -0.443021417 9.263633728 0.000752325 0.897268474 -0.008521562 -0.441402406
41.469820 -13.903802872 -0.448204100 9.167399406 -0.000465996 0.897216856 -0.010550421 -0.441464007
41.573580 -13.850243568 -0.445273191 9.204550743 -0.001189036 0.899940491 -0.013384140 -0.435805619
41.677410 -13.973900795 -0.451318979 9.106575012 -0.001155269 0.899937689 -0.013551918 -0.435806304
41.781210 -14.095354080 -0.457737803 9.006793976 -0.000620921 0.899832368 -0.011999073 -0.436070383
41.885060 -14.043125153 -0.455730766 9.048008919 0.000026678 0.900514066 -0.011510416 -0.434674442
41.988800 -14.163954735 -0.460621327 8.948940277 -0.000373309 0.900535226 -0.012574065 -0.434601068
42.092740 -14.286371231 -0.469057202 8.852465630 -0.000075471 0.900831699 -0.013166740 -0.433968782
42.196450 -14.231405258 -0.465973943 8.893653870 0.000342786 0.902532637 -0.012866253 -0.430429041
42.300170 -14.353115082 -0.471834660 8.794622421 0.001283440 0.902721524 -0.011157158 -0.430078715
42.404080 -14.473562241 -0.477936953 8.695484161 0.002060793 0.902826369 -0.009789623 -0.429888874
42.507790 -14.416970253 -0.475683957 8.739770889 0.003382400 0.903674364 -0.009918403 -0.428092122
42.611550 -14.534261703 -0.479970753 8.642284393 0.003174792 0.903796554 -0.011006218 -0.427809060
42.715290 -14.652935982 -0.486179113 8.545545578 0.003110361 0.904045403 -0.011787368 -0.427262574
42.819190 -14.595133781 -0.484433234 8.587159157 0.002595664 0.906622469 -0.012086437 -0.421761602
42.922920 -14.709710121 -0.490936220 8.487452507 0.001588209 0.906323791 -0.011872257 -0.422414154
43.026850 -14.826955795 -0.497242033 8.388393402 0.000720074 0.906170547 -0.011737903 -0.422748893
43.130550 -14.769054413 -0.493878037 8.435119629 0.000484691 0.908764720 -0.011655201 -0.417145699
43.234430 -14.882668495 -0.499495029 8.336699486 -0.000042482 0.908598363 -0.011173564 -0.417521477
43.338330 -14.997402191 -0.506214380 8.238201141 0.000362438 0.908460975 -0.011178295 -0.417820007
43.442050 -14.940590858 -0.502594948 8.285396576 0.000129793 0.909127057 -0.011886296 -0.416349262
43.545910 -15.053184509 -0.508983672 8.186958313 -0.000619489 0.908937633 -0.012212255 -0.416752845
43.649770 -15.166275024 -0.514906764 8.089762688 0.000008771 0.908838868 -0.012608051 -0.416956753
43.753650 -15.110186577 -0.511880755 8.137337685 0.002058215 0.909839213 -0.012730865 -0.414760500
43.857500 -15.165856361 -0.515237033 8.088666916 0.002456728 0.910125375 -0.012729555 -0.414130062
43.961280 -15.277965546 -0.521549642 7.991600990 0.001996092 0.910034835 -0.013857316 -0.414295346
44.065190 -15.277069092 -0.521112978 7.991380215 0.001754112 0.910094202 -0.016088679 -0.414085239
44.169050 -15.386401176 -0.527595222 7.895118237 0.001556089 0.909830809 -0.017049065 -0.414626032
44.272790 -15.494880676 -0.534470439 7.799732685 0.000493517 0.909640253 -0.016007345 -0.415088058
44.376660 -15.438778877 -0.531434178 7.848228931 0.000469598 0.910026789 -0.015336514 -0.414265424
44.480540 -15.545284271 -0.538398385 7.754626751 0.000223342 0.910038829 -0.015352264 -0.414238572
44.584310 -15.647884369 -0.545387864 7.663005829 0.000381319 0.910041273 -0.015754342 -0.414217979
44.688220 -15.595275879 -0.541771173 7.710709095 0.000285852 0.910255611 -0.015720228 -0.413748175
44.792180 -15.697345734 -0.548384547 7.621420383 0.000076929 0.910304248 -0.015667375 -0.413643122
44.895870 -15.798027039 -0.556340218 7.532632828 -0.000198582 0.910297811 -0.015355301 -0.413668990
44.999710 -15.742874146 -0.551416636 7.579767227 -0.000394884 0.910851479 -0.015468444 -0.412444204
45.103550 -15.839940071 -0.557505250 7.494054317 -0.000054400 0.910920441 -0.015049682 -0.412307590
45.207330 -15.936884880 -0.562659621 7.409121990 0.000227106 0.910979271 -0.014305779 -0.412203878
45.311220 -15.884188652 -0.560291409 7.453819275 0.001176583 0.911423326 -0.013255049 -0.411254674
45.415240 -15.977483749 -0.566112459 7.371332169 0.002044886 0.911494732 -0.012733490 -0.411109567
45.518940 -16.069692612 -0.571994841 7.289867878 0.003142184 0.911620021 -0.012515813 -0.410831362
45.622980 -16.019184113 -0.568341136 7.333042622 0.004235378 0.912081718 -0.012521656 -0.409795344
45.726540 -16.107036591 -0.573578000 7.255461216 0.004637366 0.912271559 -0.012727655 -0.409361809
45.831090 -16.193737030 -0.578168511 7.178577900 0.004530115 0.912560225 -0.012507121 -0.408726007
45.934310 -16.145044327 -0.576050639 7.220098019 0.005454028 0.913206041 -0.012727893 -0.407262802
46.038180 -16.226734161 -0.581180096 7.146288872 0.006109283 0.913787186 -0.013681903 -0.405916810
46.142050 -16.306835175 -0.584793210 7.074615479 0.007100268 0.914797843 -0.014996876 -0.403571069
46.245920 -16.384220123 -0.589443624 7.002456188 0.008179284 0.916227043 -0.015765637 -0.400265545
46.349680 -16.298521042 -0.584855139 7.076655865 0.009372400 0.918570817 -0.016253095 -0.394810885
46.453430 -16.371349335 -0.588495016 7.004814148 0.010439596 0.920914948 -0.016539427 -0.389272511
46.557220 -16.442007065 -0.593692005 6.933822632 0.011373654 0.923666120 -0.016584709 -0.382670224
46.660970 -16.509681702 -0.597341776 6.862219334 0.012502158 0.926867068 -0.016917754 -0.374799818
46.764550 -16.433027267 -0.593677759 6.935944557 0.014292619 0.930823863 -0.017273800 -0.364779711
46.868310 -16.494539261 -0.597500384 6.863876343 0.015606956 0.934947371 -0.017828202 -0.353994280
46.971930 -16.553869247 -0.601392865 6.790499687 0.015838075 0.939616978 -0.017508015 -0.341412663
47.075560 -16.606651306 -0.604826093 6.716165543 0.014616283 0.944515586 -0.016356021 -0.327733338
47.179170 -16.541179657 -0.601205945 6.791731834 0.013030141 0.949632227 -0.014655326 -0.312752426
47.282920 -16.586719513 -0.604861915 6.717926025 0.011073180 0.954891503 -0.013337777 -0.296448499
47.386540 -16.628547668 -0.608872354 6.642491817 0.009768061 0.960327268 -0.012076266 -0.278442532
47.490160 -16.666563034 -0.611758649 6.568032265 0.009769175 0.965887427 -0.010907662 -0.258547902
47.593870 -16.616342545 -0.608390570 6.648192406 0.007177140 0.971917510 -0.009281512 -0.235029235
47.697410 -16.642772675 -0.611546457 6.573978424 0.002903526 0.977157056 -0.008701221 -0.212320268
47.801160 -16.665452957 -0.615068316 6.500325203 -0.003464637 0.981847525 -0.008055717 -0.189469263
47.904910 -16.683151245 -0.618224263 6.426240444 -0.008276244 0.985936522 -0.007903785 -0.166727975
48.008600 -16.656085968 -0.614317954 6.501998901 -0.012130293 0.989779174 -0.008909573 -0.141812056
48.112290 -16.669425964 -0.617103219 6.426239967 -0.013389469 0.993001223 -0.009083395 -0.116990365
48.216060 -16.679258347 -0.619497776 6.351085663 -0.014105656 0.995650828 -0.008292089 -0.091715410
48.319780 -16.684700012 -0.621215880 6.274056435 -0.014435763 0.997637033 -0.006830307 -0.066823326
48.423630 -16.668401718 -0.618876815 6.353150845 -0.018467730 0.999027252 -0.004121460 -0.039831083
48.527420 -16.663120270 -0.620720446 6.276368141 -0.023851402 0.999608934 -0.000656907 -0.014582184
48.631190 -16.661766052 -0.620158672 6.279264450 -0.025337230 0.999613345 0.001719516 0.011320348
48.734910 -16.651153564 -0.621102810 6.204518795 -0.023517655 0.999026954 0.002265981 0.037240352
48.838780 -16.650384903 -0.621247470 6.207069397 -0.019498723 0.997767270 0.002469804 0.063829079
48.942530 -16.632221222 -0.621597886 6.135478020 -0.017989155 0.995840192 0.001852663 0.089304343
49.046410 -16.630004883 -0.622172832 6.137949944 -0.017404322 0.993222654 0.002043935 0.114898548
49.150280 -16.617277145 -0.622043967 6.104450226 -0.018060012 0.989948392 0.001445182 0.140263692
49.254030 -16.588073730 -0.620342970 6.036988735 -0.017722206 0.986079216 0.001206099 0.165324628
49.357910 -16.587936401 -0.621217549 6.038976669 -0.014820392 0.981380463 0.002368155 0.191486523
49.461780 -16.552007675 -0.620488286 5.972433567 -0.013536021 0.976634324 0.002737987 0.214463681
49.565780 -16.550636292 -0.620702505 5.974673271 -0.015987109 0.971335351 0.003933896 0.237142563
49.669780 -16.507308960 -0.620414376 5.910723686 -0.017653339 0.966082990 0.006600466 0.257543057
49.773780 -16.507328033 -0.620246053 5.912080765 -0.016555641 0.960590601 0.009403309 0.277314246
49.878030 -16.461053848 -0.620118976 5.847707272 -0.014545609 0.955806077 0.011850012 0.293398738
49.982180 -16.460075378 -0.619329810 5.850685596 -0.015025726 0.951011479 0.012504951 0.308536857
50.086410 -16.408050537 -0.618167520 5.789021969 -0.015811319 0.946959615 0.013362450 0.320685118
50.190690 -16.407907486 -0.617628813 5.790415287 -0.016517077 0.942831576 0.012905809 0.332609832
50.295050 -16.352947235 -0.615840435 5.727980614 -0.016678330 0.939935982 0.012941043 0.340697467
50.399300 -16.352880478 -0.615911424 5.729054928 -0.017181113 0.937499046 0.012486727 0.347339094
50.503680 -16.294670105 -0.614474535 5.666292667 -0.018262709 0.935602784 0.011922127 0.352380157
50.608030 -16.294322968 -0.614005804 5.666735172 -0.018784860 0.933839619 0.010447773 0.357045472
50.712390 -16.264268875 -0.613138497 5.634624958 -0.018213067 0.932441175 0.009966113 0.360724866
50.816730 -16.201292038 -0.611052632 5.567709446 -0.017288253 0.931502998 0.010126591 0.363181412
50.920920 -16.202209473 -0.611296892 5.568112373 -0.015482754 0.930722654 0.010658521 0.365242511
51.025280 -16.136119843 -0.610143244 5.499183655 -0.016314670 0.930074275 0.009735426 0.366879910
51.129530 -16.136009216 -0.609869003 5.500282288 -0.018215170 0.929432452 0.008221808 0.368450761
51.233800 -16.065750122 -0.607651412 5.428678989 -0.019772271 0.929131627 0.007764304 0.369138509
51.338030 -16.066953659 -0.607809603 5.428511620 -0.018534977 0.928871274 0.008883088 0.369832009
51.442160 -15.995369911 -0.605923712 5.351547241 -0.016043898 0.928981066 0.009805771 0.369649351
51.546400 -15.995552063 -0.606659532 5.352903843 -0.015641544 0.928946018 0.009640181 0.369759023
51.650530 -15.918876648 -0.604738533 5.274167061 -0.016964108 0.928991020 0.006839294 0.369650066
51.754650 -15.840793610 -0.603292823 5.193793297 -0.016462324 0.929091275 0.003540897 0.369467080
51.858780 -15.880721092 -0.604096889 5.235049725 -0.015601816 0.928789496 0.001392146 0.370276600
51.962780 -15.799052238 -0.603492081 5.148699284 -0.014411179 0.928903997 0.001954742 0.370035022
52.066910 -15.798921585 -0.603094995 5.149399757 -0.015710143 0.928919077 0.002543494 0.369940579
52.171030 -15.710470200 -0.601956487 5.059037209 -0.019071700 0.928933322 0.002634384 0.369746208
52.275030 -15.711790085 -0.601683497 5.059846401 -0.020862127 0.928564429 0.002479692 0.370576262
52.379030 -15.620504379 -0.600673258 4.964162350 -0.021298259 0.928478539 0.003235842 0.370760769
52.483160 -15.527345657 -0.598383784 4.867568970 -0.022459313 0.928517103 0.004489797 0.370582551
52.587160 -15.574659348 -0.598520279 4.916934490 -0.022474518 0.928517520 0.006560027 0.370549649
52.691180 -15.477073669 -0.595808625 4.815488815 -0.024529796 0.928412557 0.006715368 0.370679557
52.795150 -15.378034592 -0.594746053 4.713982582 -0.025259834 0.928278327 0.005237104 0.370990336
52.899160 -15.429615021 -0.594427466 4.767735004 -0.024575787 0.928108871 0.003688232 0.371478528
53.003160 -15.327844620 -0.591637850 4.660287380 -0.023415251 0.927982032 0.004746908 0.371858239
53.107160 -15.224124908 -0.589017689 4.552537918 -0.023753259 0.928077638 0.007593676 0.371550828
53.211180 -15.278273582 -0.590214252 4.608879566 -0.022331821 0.928044379 0.009288437 0.371683598
53.315160 -15.172053337 -0.587646484 4.499811649 -0.021256439 0.928050101 0.009405934 0.371729314
53.419160 -15.064570427 -0.584694743 4.386822224 -0.019447440 0.928063869 0.008176807 0.371823043
53.523150 -14.958479881 -0.582931399 4.273809910 -0.016749172 0.928046703 0.007049077 0.372020245
53.627040 -15.068111420 -0.586092889 4.389551640 -0.015879504 0.927815378 0.006197811 0.372650027
53.731040 -14.957084656 -0.584710836 4.275801659 -0.016071765 0.927976429 0.005770782 0.372247487
53.835050 -14.844851494 -0.582336366 4.161945343 -0.016982000 0.928171575 0.006604767 0.371706218
53.938910 -14.903963089 -0.583386660 4.222025394 -0.017992737 0.927769601 0.008064846 0.372632205
54.042910 -14.791793823 -0.581052244 4.104893684 -0.017878314 0.927866757 0.009477118 0.372362435
54.146780 -14.679003716 -0.578936219 3.986258984 -0.015607521 0.927948773 0.011224250 0.372211665
54.250800 -14.569053650 -0.576590359 3.871226788 -0.012696406 0.928119123 0.013023807 0.371838719
54.354660 -14.686443329 -0.578056633 3.994177341 -0.011616118 0.927731037 0.015071142 0.372763932
54.458660 -14.572650909 -0.574130833 3.876296520 -0.011495007 0.927794576 0.018245853 0.372467607
54.562530 -14.457937241 -0.570593953 3.754869461 -0.010812707 0.927716255 0.021374673 0.372516751
54.666410 -14.523319244 -0.572601676 3.825096607 -0.009564276 0.927621782 0.021021830 0.372806162
54.770420 -14.410394669 -0.569394708 3.709054947 -0.009060008 0.927780390 0.017143885 0.372622550
54.874290 -14.297750473 -0.566131353 3.595099449 -0.007571374 0.928076565 0.012980172 0.372085989
54.978530 -14.361812592 -0.568202019 3.659376621 -0.006609312 0.928133249 0.011812790 0.372001916
55.082040 -14.249050140 -0.566153049 3.543791771 -0.007247222 0.928362489 0.012861106 0.371382773
55.185920 -14.137372971 -0.564387083 3.424480915 -0.007166432 0.928441465 0.014289659 0.371134728
55.290780 -14.201184273 -0.565220714 3.492498398 -0.007642032 0.928435385 0.014778308 0.371121168
55.393730 -14.090243340 -0.563100874 3.375905514 -0.008991069 0.929050982 0.014429996 0.369560808
55.497680 -13.980735779 -0.561787009 3.261890411 -0.010414758 0.930276871 0.014179179 0.366436124
55.601700 -13.872480392 -0.558043659 3.150024414 -0.011667419 0.932009995 0.013562136 0.361990839
55.705670 -13.992553711 -0.560854673 3.270524502 -0.010972467 0.933929563 0.013195876 0.357044756
55.809690 -13.887350082 -0.559291124 3.152551174 -0.010360353 0.936610818 0.013753639 0.349948049
55.913810 -13.782912254 -0.547508955 3.029776573 -0.008757410 0.939731658 0.014883349 0.341476440
56.017930 -13.846958160 -0.554693937 3.097568035 -0.008026841 0.943014085 0.016661083 0.332238525
56.122050 -13.750406265 -0.552737474 2.972201347 -0.007182093 0.947059929 0.017294262 0.320510447
56.226190 -13.658199310 -0.542728066 2.845239639 -0.004798986 0.951607287 0.016970418 0.306810349
56.330510 -13.577512741 -0.550067008 2.709267139 -0.004187252 0.956181049 0.018133145 0.292183936
56.434670 -13.677779198 -0.549497128 2.851364613 -0.002209975 0.960878789 0.018111687 0.276367515
56.538940 -13.602798462 -0.545225561 2.713029861 -0.000789966 0.965211272 0.017193783 0.260904074
56.643030 -13.533082962 -0.542425156 2.574572086 0.001733436 0.969373822 0.012647767 0.245257974
56.747290 -13.574560165 -0.546541512 2.655665874 0.003168399 0.973378479 0.007882996 0.229045987
56.851430 -13.508562088 -0.544474483 2.514210701 0.002433558 0.977078319 0.003702815 0.212833971
56.955550 -13.514995575 -0.546944380 2.520855427 0.000121557 0.980334342 0.002663275 0.197325900
57.059650 -13.458854675 -0.548346221 2.374025822 -0.000803691 0.983102143 0.001925298 0.183045849
57.163560 -13.463198662 -0.549284816 2.382415295 0.000332720 0.985389948 0.001253769 0.170308679
57.267470 -13.414745331 -0.550919235 2.233233929 0.002227786 0.987177432 0.000200994 0.159611091
57.371290 -13.368452072 -0.552292347 2.079984903 0.001668675 0.988663614 0.000522711 0.150137082
57.475150 -13.396255493 -0.551518381 2.164754391 0.000067970 0.990077972 0.002789732 0.140491188
57.579070 -13.354134560 -0.553965449 2.008949518 0.000098119 0.991343021 0.003834234 0.131241530
57.682930 -13.315700531 -0.554373205 1.849870920 0.000005915 0.992455721 0.003313769 0.122558616
57.786690 -13.339001656 -0.553357005 1.939682722 -0.000249249 0.993450165 0.000917203 0.114262342
57.890570 -13.304326057 -0.555380523 1.776741505 0.001712129 0.994210064 -0.000601707 0.107438430
57.994890 -13.271391869 -0.557151437 1.611566067 0.004600414 0.994734764 0.001377790 0.102370448
58.098070 -13.291318893 -0.555271208 1.704530478 0.006965967 0.995090485 0.006223470 0.098527454
58.201850 -13.258415222 -0.555895925 1.534666061 0.008247903 0.995211840 0.010815457 0.096790314
58.305440 -13.223832130 -0.554985762 1.363077164 0.007585059 0.995286405 0.010925079 0.096062608
58.409230 -13.190204620 -0.554253697 1.191700220 0.005997878 0.995335460 0.009345835 0.095833264
58.512810 -13.226943970 -0.553659260 1.381938696 0.003749168 0.995451570 0.007198241 0.094922662
58.616560 -13.190108299 -0.553297818 1.207166910 -0.000149805 0.995487690 0.005752115 0.094716430
58.720450 -13.152811050 -0.553528130 1.029841423 -0.002605793 0.995491803 0.005579795 0.094647579
58.824030 -13.175227165 -0.553581059 1.131804228 -0.003924754 0.995495021 0.007033263 0.094471298
58.927820 -13.138343811 -0.553902686 0.950189829 -0.005124576 0.995448768 0.007807335 0.094839215
59.031700 -13.102120399 -0.552721441 0.767666578 -0.005161852 0.995388806 0.007902086 0.095457047
59.135420 -13.123707771 -0.552680314 0.874160528 -0.006100556 0.995351493 0.007523628 0.095820419
59.239170 -13.087101936 -0.552250981 0.688690901 -0.006976128 0.995299518 0.006526603 0.096372329
59.343070 -13.049608231 -0.552808583 0.502735138 -0.007868664 0.995264888 0.005462352 0.096726879
59.446780 -13.070824623 -0.552329481 0.612947226 -0.009032088 0.995391130 0.005827672 0.095293827
59.550680 -13.033579826 -0.552892625 0.423489571 -0.010303202 0.995441914 0.005821992 0.094632551
59.654550 -12.996103287 -0.553406775 0.233361244 -0.011093010 0.995510876 0.006128471 0.093795270
59.758420 -13.019264221 -0.551977992 0.349960804 -0.011186172 0.995926499 0.008751950 0.089043386
59.862460 -12.984535217 -0.551031530 0.158900976 -0.011727979 0.995973885 0.008691177 0.088447317
59.965990 -12.949971199 -0.549260736 -0.032277822 -0.012013606 0.996026874 0.009465419 0.087729983
60.069690 -12.970765114 -0.550403953 0.085768938 -0.012066214 0.996241093 0.011846202 0.084956944
60.173450 -12.937155724 -0.548408926 -0.104771852 -0.012606007 0.996267498 0.012568707 0.084464058
60.277190 -12.940447807 -0.549441278 -0.089970112 -0.013182622 0.996297121 0.012029815 0.084104247
60.381050 -12.906349182 -0.547935665 -0.278773308 -0.013138810 0.996361911 0.010740563 0.083516374
60.484800 -12.873626709 -0.547128201 -0.466576338 -0.013573228 0.996393085 0.010134924 0.083149858
60.588540 -12.895853043 -0.547113121 -0.349990845 -0.013826489 0.996626616 0.011375355 0.080092400
60.692600 -12.864036560 -0.545701802 -0.538502216 -0.014460851 0.996688366 0.011768498 0.079150215
60.797000 -12.833477020 -0.544241548 -0.726824164 -0.014969993 0.996776879 0.012489265 0.077818558
60.900200 -12.855486870 -0.544120550 -0.607887983 -0.015152046 0.997292101 0.015370316 0.070303909
61.003920 -12.827945709 -0.541418374 -0.794844508 -0.015791724 0.997392118 0.014848934 0.068841182
61.107700 -12.800094604 -0.538712680 -0.981250405 -0.016411545 0.997503638 0.014129910 0.067212082
61.211580 -12.820993423 -0.539740026 -0.863096476 -0.016964901 0.997950256 0.017947527 0.059036359
61.315290 -12.798853874 -0.535308957 -1.050875783 -0.017005971 0.998019278 0.018512469 0.057668265
61.419200 -12.777373314 -0.530755341 -1.240391850 -0.016395252 0.998086870 0.019047646 0.056488559
61.522950 -12.792199135 -0.534604549 -1.116806269 -0.016680442 0.998313963 0.021058967 0.051453650
61.626790 -12.783325195 -0.532305777 -1.201177001 -0.016418355 0.998387158 0.020646797 0.050271176
61.730990 -12.763304710 -0.527767360 -1.387220263 -0.015980961 0.998456657 0.020156566 0.049220089
61.834510 -12.744377136 -0.522946239 -1.572704554 -0.016253378 0.998492062 0.020069174 0.048441987
61.938390 -12.758930206 -0.525358081 -1.451250553 -0.017080614 0.998635411 0.022050152 0.044151556
62.042070 -12.742935181 -0.520649374 -1.635396600 -0.017444549 0.998660326 0.021210516 0.043856911
62.145930 -12.725595474 -0.518141747 -1.817524910 -0.017642548 0.998711884 0.019287925 0.043489113
62.249910 -12.739300728 -0.517268658 -1.697734594 -0.017494641 0.999010384 0.020631744 0.035307176
62.353660 -12.727727890 -0.512171566 -1.881547689 -0.017120948 0.999017656 0.020045448 0.035619665
62.457420 -12.713562012 -0.508658051 -2.063720465 -0.016712960 0.999002934 0.020717112 0.035841204
62.561290 -12.721970558 -0.510437131 -1.943562865 -0.015394638 0.999120235 0.022791261 0.031659342
62.665290 -12.716904640 -0.508423567 -2.024662733 -0.014714831 0.999100983 0.023510328 0.032061644
62.769050 -12.698264122 -0.501090586 -2.303259373 -0.014077612 0.999079347 0.024013905 0.032642603
62.872800 -12.692366600 -0.498479426 -2.383278608 -0.013814465 0.999062359 0.024306331 0.033056274
62.976670 -12.701899529 -0.500837803 -2.267387867 -0.014204987 0.999138653 0.026277261 0.028803935
63.080660 -12.690603256 -0.494444937 -2.446978092 -0.014468271 0.999138355 0.025702808 0.029199405
63.184460 -12.679792404 -0.488872468 -2.624544621 -0.013363995 0.999137223 0.025165657 0.030214194
63.288240 -12.688418388 -0.492056996 -2.507669449 -0.012473713 0.999204397 0.026200347 0.027360328
63.392070 -12.677377701 -0.486044794 -2.683777571 -0.012986796 0.999160707 0.025974136 0.028888784
63.495820 -12.666545868 -0.480149835 -2.859193087 -0.012923020 0.999144077 0.025288183 0.030077014
63.599720 -12.673745155 -0.484005153 -2.743987799 -0.012674478 0.999155343 0.025493780 0.029631102
63.703640 -12.662069321 -0.477720380 -2.918058634 -0.013327059 0.999128938 0.025676379 0.030074513
63.807440 -12.651209831 -0.472015262 -3.089724064 -0.014115586 0.999083459 0.026731510 0.030304981
63.911420 -12.658875465 -0.475753725 -2.975482702 -0.014156307 0.999102175 0.028321732 0.028148040
64.015770 -12.649641037 -0.469323277 -3.144344330 -0.014505522 0.999095023 0.028778367 0.027758738
64.119460 -12.636396408 -0.464399934 -3.304991484 -0.015038029 0.999106467 0.028985411 0.026833476
64.223410 -12.645684242 -0.466953218 -3.199076414 -0.015751677 0.999141574 0.028947458 0.025100809
64.327430 -12.635872841 -0.461427867 -3.358565569 -0.016077537 0.999181867 0.029077750 0.023056360
64.431450 -12.630233765 -0.456080705 -3.515570879 -0.016177142 0.999236643 0.029134046 0.020386461
64.535560 -12.622194290 -0.452160656 -3.666158199 -0.015685072 0.999313712 0.029172128 0.016585952
64.639590 -12.634581566 -0.456366599 -3.476735353 -0.014696863 0.999390125 0.029274112 0.012099089
64.743580 -12.631680489 -0.451864541 -3.622466564 -0.013658346 0.999423206 0.030025778 0.008072530
64.847590 -12.630662918 -0.446415365 -3.764286995 -0.012202138 0.999467075 0.030009637 0.004009298
64.951550 -12.628049850 -0.442496240 -3.898639202 -0.011070942 0.999481976 0.030218765 -0.000022322
65.055500 -12.636198044 -0.447074711 -3.727094650 -0.010646501 0.999450505 0.030968752 -0.005116283
65.159520 -12.640283585 -0.442753315 -3.855656624 -0.010300132 0.999435365 0.030853175 -0.008424860
65.263460 -12.645170212 -0.439532548 -3.979227543 -0.009791757 0.999419510 0.030560108 -0.011438800
65.367480 -12.646670341 -0.435425729 -4.093828678 -0.009368714 0.999387264 0.030356083 -0.014689421
65.471470 -12.651063919 -0.432092190 -4.205934525 -0.008799718 0.999357820 0.030088779 -0.017353313
65.575320 -12.647941589 -0.438384980 -3.995150328 -0.007579592 0.999290586 0.030194862 -0.021193478
65.679310 -12.651886940 -0.434902161 -4.099520683 -0.006893830 0.999217629 0.030905226 -0.023696052
65.783300 -12.661673546 -0.432810783 -4.194720268 -0.006370968 0.999154747 0.031790808 -0.025270713
65.887300 -12.665144920 -0.427577525 -4.286935806 -0.006373468 0.999087811 0.032085329 -0.027450472
65.991170 -12.659157753 -0.433659315 -4.164841652 -0.006294270 0.998999417 0.032971438 -0.029552825
66.095340 -12.664879799 -0.431760728 -4.245151043 -0.005400643 0.998950422 0.033425793 -0.030848155
66.199080 -12.664145470 -0.430740863 -4.235241413 -0.004420597 0.998904049 0.033471104 -0.032417968
66.303070 -12.666128159 -0.428797901 -4.267217159 -0.003843053 0.998863280 0.033648714 -0.033543788
66.407050 -12.668225288 -0.427375764 -4.295841217 -0.004049545 0.998814344 0.034343820 -0.034263898
66.512930 -12.669512749 -0.426098287 -4.321511745 -0.004615320 0.998801112 0.034532718 -0.034387179
66.614800 -12.670381546 -0.424926668 -4.344663143 -0.005459649 0.998818040 0.034271739 -0.034032516
66.718800 -12.674730301 -0.422309369 -4.391815186 -0.006293109 0.998864532 0.033977386 -0.032796610
66.824140 -12.673735619 -0.420023978 -4.431434631 -0.006739159 0.998892248 0.033882473 -0.031950828
66.926760 -12.678711891 -0.422608495 -4.469334602 -0.007782113 0.998949289 0.033573952 -0.030208742
67.031610 -12.679016113 -0.417321384 -4.507057190 -0.007591750 0.999042392 0.031972528 -0.028886482
67.134650 -12.677543640 -0.415490836 -4.542493820 -0.007213903 0.999106646 0.030893311 -0.027918832
67.238470 -12.679375648 -0.415134013 -4.576706886 -0.006793837 0.999139249 0.031012770 -0.026698867
67.342520 -12.675435066 -0.419431210 -4.465949059 -0.007524298 0.999165654 0.031210134 -0.025243869
67.446480 -12.674527168 -0.417889208 -4.496697903 -0.008517900 0.999181747 0.031393893 -0.024036231
67.550330 -12.675431252 -0.416324705 -4.525199413 -0.009246489 0.999223113 0.031057030 -0.022431118
67.654290 -12.676426888 -0.417549968 -4.551667213 -0.008920844 0.999267340 0.031061238 -0.020502947
67.758210 -12.676793098 -0.414646685 -4.576816082 -0.008306077 0.999334872 0.030499704 -0.018183153
67.862190 -12.675186157 -0.414880365 -4.600851059 -0.008068908 0.999379694 0.030502671 -0.015643921
67.966080 -12.672981262 -0.413196206 -4.623408318 -0.008630170 0.999419332 0.030540368 -0.012401833
68.070190 -12.671360970 -0.412310362 -4.645345211 -0.009580988 0.999451756 0.030554239 -0.008415269
68.173980 -12.673244476 -0.411406904 -4.665454388 -0.010578874 0.999461591 0.030788993 -0.004075375
68.277930 -12.673651695 -0.415781647 -4.563544273 -0.011141282 0.999439955 0.031527698 -0.001297978
68.381800 -12.672343254 -0.414906830 -4.578330994 -0.011816250 0.999421060 0.031844988 0.001974670
68.485930 -12.672390938 -0.413633019 -4.590277195 -0.011957249 0.999411702 0.031826735 0.004501911
68.589980 -12.665098190 -0.408514827 -4.719125271 -0.011800132 0.999410689 0.031485364 0.006903585
68.693970 -12.670453072 -0.413276821 -4.605669022 -0.011892189 0.999398589 0.031514477 0.008236051
68.797970 -12.670466423 -0.412650466 -4.610456467 -0.011729096 0.999391556 0.031469684 0.009414691
68.902060 -12.664213181 -0.407771170 -4.733708382 -0.011900095 0.999387085 0.031143155 0.010673219
69.006040 -12.661460876 -0.407346427 -4.735586643 -0.011940704 0.999381781 0.031266782 0.010761988
69.110830 -12.664034843 -0.407792360 -4.734931469 -0.012003887 0.999378026 0.031293537 0.010962160
69.214230 -12.661909103 -0.406906396 -4.734007835 -0.011567753 0.999402225 0.030758705 0.010734501
69.318190 -12.664133072 -0.408069849 -4.733537674 -0.011432122 0.999415219 0.030251160 0.011107845
69.422330 -12.662452698 -0.408545166 -4.734589577 -0.011600493 0.999421120 0.030099647 0.010811973
69.526320 -12.662949562 -0.408218235 -4.734374046 -0.011718138 0.999412179 0.030303262 0.010937834
69.630320 -12.663678169 -0.408761382 -4.734114170 -0.011711958 0.999415398 0.030159926 0.011046863
69.734330 -12.661760330 -0.408600658 -4.734411240 -0.011672118 0.999419808 0.030134259 0.010759749
69.838430 -12.660836220 -0.408752620 -4.734262466 -0.011623370 0.999414146 0.030342475 0.010750395
69.943310 -12.663458824 -0.408985496 -4.734138966 -0.011655840 0.999414921 0.030205615 0.011026400
70.047250 -12.667188644 -0.413286358 -4.614014149 -0.011663071 0.999419093 0.030239124 0.010540119
70.150510 -12.668230057 -0.413550675 -4.614505768 -0.011619817 0.999415278 0.030332899 0.010674449
70.254450 -12.666386604 -0.413495362 -4.614485741 -0.011648430 0.999418676 0.030286592 0.010454447
70.358440 -12.666311264 -0.412945151 -4.614772320 -0.011611803 0.999418974 0.030252198 0.010567453
70.462450 -12.671029091 -0.413565934 -4.613970757 -0.011546900 0.999412060 0.030286742 0.011176598
70.566450 -12.662789345 -0.409148812 -4.734296322 -0.011499499 0.999410510 0.030305715 0.011312823
70.670640 -12.666247368 -0.409721047 -4.734100342 -0.011417618 0.999403417 0.030412352 0.011727831
70.774540 -12.662787437 -0.408505231 -4.734337330 -0.011451416 0.999414265 0.030178083 0.011369485
70.878550 -12.663872719 -0.409354419 -4.734260559 -0.011390993 0.999407828 0.030331744 0.011586725
70.982540 -12.662964821 -0.408819675 -4.734207153 -0.011332855 0.999410093 0.030280756 0.011581040
71.086680 -12.663100243 -0.408485591 -4.734269142 -0.011233956 0.999411762 0.030192021 0.011761102
71.190680 -12.664358139 -0.408935606 -4.734434128 -0.011191972 0.999406040 0.030266030 0.012093952
71.294670 -12.662646294 -0.407827109 -4.734215736 -0.011091755 0.999412239 0.030095920 0.012096308
71.398790 -12.665630341 -0.408685356 -4.734067917 -0.011013241 0.999403000 0.030195039 0.012674055
71.503010 -12.664429665 -0.408303857 -4.734060287 -0.010963031 0.999404132 0.030176617 0.012671946
71.606920 -12.664135933 -0.408529133 -4.734212399 -0.010954889 0.999404371 0.030185090 0.012638573
71.710990 -12.663441658 -0.408102721 -4.734358788 -0.010921592 0.999406338 0.030158067 0.012578083
71.817720 -12.663550377 -0.408785224 -4.734405994 -0.010894170 0.999402523 0.030236475 0.012717685
71.918960 -12.663913727 -0.408235759 -4.734326839 -0.010846730 0.999404013 0.030162558 0.012811833
72.023080 -12.666028023 -0.412927151 -4.614610195 -0.010841904 0.999410450 0.030212741 0.012182861
72.127050 -12.660862923 -0.407492697 -4.734381199 -0.010728303 0.999410510 0.030058099 0.012647673
72.231970 -12.660081863 -0.408278227 -4.734639645 -0.010694818 0.999406993 0.030209450 0.012598563
72.335120 -12.661795616 -0.407988846 -4.734127522 -0.010723553 0.999405444 0.030138057 0.012861325
72.439200 -12.661938667 -0.407937944 -4.734567165 -0.010709194 0.999405146 0.030126208 0.012926563
72.543190 -12.662151337 -0.408630461 -4.734308720 -0.010689794 0.999400318 0.030266244 0.012985536
72.647200 -12.662448883 -0.408760190 -4.734513760 -0.010684040 0.999399126 0.030258968 0.013102491
72.751200 -12.663351059 -0.408504218 -4.734139919 -0.010616749 0.999397695 0.030248618 0.013286537
72.855180 -12.663598061 -0.408821881 -4.734391212 -0.010599989 0.999394417 0.030290361 0.013449904
72.959210 -12.663677216 -0.408021510 -4.734286308 -0.010596146 0.999397635 0.030167243 0.013491405
73.063300 -12.661820412 -0.408073962 -4.734445095 -0.010527498 0.999399304 0.030215358 0.013311616
73.167460 -12.664156914 -0.408539653 -4.734430313 -0.010516099 0.999393344 0.030254228 0.013674892
73.271730 -12.661998749 -0.407594830 -4.734599113 -0.010557836 0.999400973 0.030121185 0.013376500
73.375310 -12.661824226 -0.407929212 -4.734254360 -0.010555135 0.999399185 0.030181359 0.013377015
73.479440 -12.664395332 -0.408359677 -4.734403610 -0.010499149 0.999394536 0.030216981 0.013681506
73.583460 -12.662742615 -0.408303887 -4.734197140 -0.010512585 0.999396443 0.030241501 0.013477178
73.687600 -12.663492203 -0.408034563 -4.734483719 -0.010543040 0.999396145 0.030192690 0.013586661
73.791560 -12.663086891 -0.408255190 -4.734114647 -0.010511134 0.999396741 0.030219365 0.013507692
73.895660 -12.662319183 -0.407674193 -4.734514236 -0.010520904 0.999399066 0.030162666 0.013455991
73.999560 -12.662303925 -0.408177555 -4.734271526 -0.010508052 0.999396741 0.030242283 0.013456789
74.103680 -12.662187576 -0.407646149 -4.734395981 -0.010519505 0.999400139 0.030137550 0.013432739
74.207700 -12.661998749 -0.407713443 -4.734225750 -0.010497616 0.999399722 0.030165505 0.013415926
74.311710 -12.661471367 -0.408045202 -4.734477520 -0.010507148 0.999399781 0.030184496 0.013363880
74.415680 -12.662225723 -0.408152670 -4.734315395 -0.010508862 0.999397278 0.030222293 0.013460975
74.519800 -12.663273811 -0.408695906 -4.734554291 -0.010517392 0.999390304 0.030216193 0.013977616
74.623890 -12.662638664 -0.408280194 -4.735063553 -0.010664231 0.999378920 0.029968683 0.015161376
74.727840 -12.662021637 -0.408743650 -4.736874580 -0.010887961 0.999363184 0.029921759 0.016105590
74.831850 -12.662259102 -0.408102393 -4.738794327 -0.011099121 0.999335408 0.029804341 0.017812712
74.935850 -12.661187172 -0.407368094 -4.742377281 -0.010862052 0.999288499 0.029827930 0.020368241
75.039850 -12.658294678 -0.407618821 -4.746425152 -0.010861294 0.999228299 0.029941678 0.022985892
75.143810 -12.656914711 -0.407572031 -4.751079559 -0.011155800 0.999140143 0.030076355 0.026265293
75.247810 -12.654164314 -0.407045186 -4.756682396 -0.011169731 0.999029040 0.030167509 0.030100610
75.351710 -12.667515755 -0.414134502 -4.598106384 -0.011262218 0.998888552 0.030343985 0.034264445
75.455730 -12.664017677 -0.413811266 -4.605236530 -0.011224763 0.998709619 0.030542167 0.038990773
75.559590 -12.660258293 -0.412513494 -4.612274170 -0.011346454 0.998488367 0.030621484 0.044210806
75.663570 -12.659065247 -0.413670063 -4.620163441 -0.011253431 0.998181462 0.030984538 0.050468512
75.767480 -12.654604912 -0.411851287 -4.628584862 -0.011173174 0.997839510 0.030851036 0.056917988
75.871360 -12.648634911 -0.411895931 -4.638796806 -0.011137908 0.997419775 0.030615292 0.063972607
75.975180 -12.646339417 -0.409949183 -4.650361061 -0.011311377 0.996869266 0.029679662 0.072407261
76.079100 -12.638181686 -0.410373420 -4.664648056 -0.011759083 0.996224582 0.029026717 0.080967851
76.182950 -12.652613640 -0.412093431 -4.633743286 -0.012430493 0.995471358 0.028847465 0.089722358
76.286810 -12.644510269 -0.410781741 -4.654698372 -0.012468392 0.994575918 0.029495662 0.098961130
76.390670 -12.636892319 -0.410178721 -4.678771973 -0.011735568 0.993533254 0.030574158 0.108716115
76.495070 -12.625790596 -0.407573670 -4.705772400 -0.010814996 0.992310822 0.031423114 0.119226173
76.598340 -12.614412308 -0.405039161 -4.733890533 -0.011116380 0.990811884 0.032250572 0.130874336
76.702070 -12.630390167 -0.408619583 -4.690232277 -0.011702714 0.989091992 0.034054156 0.142829925
76.805830 -12.614952087 -0.406028152 -4.721937180 -0.011402514 0.987177253 0.035325393 0.155251727
76.909690 -12.600582123 -0.402670562 -4.755926609 -0.010316973 0.984984457 0.036089800 0.168513224
77.013440 -12.609087944 -0.405524075 -4.733779430 -0.009563000 0.982496858 0.037906665 0.182130799
77.117090 -12.589257240 -0.402208209 -4.769383430 -0.008726555 0.979476690 0.039710715 0.197414249
77.220840 -12.590451241 -0.403493285 -4.765232563 -0.008075010 0.975952685 0.041150283 0.213910848
77.324460 -12.564078331 -0.401372433 -4.803004742 -0.007412075 0.971746445 0.041367862 0.232255578
77.428190 -12.565780640 -0.400952280 -4.798851490 -0.007669356 0.966736734 0.040610604 0.252412528
77.531820 -12.531803131 -0.396989644 -4.840605736 -0.008375905 0.960820317 0.039721128 0.274183154
77.635430 -12.532064438 -0.397892922 -4.837624550 -0.008266640 0.953921914 0.039361328 0.297347128
77.739080 -12.488627434 -0.393369883 -4.885737419 -0.005674205 0.945792854 0.039223358 0.322343320
77.842690 -12.491165161 -0.393319815 -4.882196426 -0.002596199 0.936767459 0.038687192 0.347797692
77.946530 -12.432720184 -0.387051463 -4.934315681 -0.001183720 0.927268326 0.037781872 0.372484297
78.050250 -12.435192108 -0.387742698 -4.928646564 -0.000547517 0.917225182 0.037838124 0.396567762
78.153970 -12.361341476 -0.383391798 -4.979809284 0.000811903 0.906479299 0.038840212 0.420459360
78.257840 -12.364936829 -0.382938743 -4.975764275 0.001879498 0.894993603 0.040466204 0.444235742
78.361560 -12.276912689 -0.378193021 -5.026823521 0.001882890 0.882717431 0.042529222 0.467971832
78.465430 -12.282066345 -0.377732098 -5.021193504 0.002418830 0.870031893 0.045614913 0.490874678
78.569310 -12.180428505 -0.368666649 -5.069367409 0.003926833 0.856047392 0.048776761 0.514575899
78.673060 -12.187128067 -0.370462954 -5.062560081 0.005172671 0.841716468 0.051868193 0.537397802
78.776930 -12.134478569 -0.366815627 -5.081290722 0.005597126 0.826757848 0.054067302 0.559925795
78.880800 -12.011957169 -0.358769268 -5.116427422 0.006283003 0.811644435 0.056303483 0.581398129
78.984860 -12.019345284 -0.358496249 -5.112591743 0.007285588 0.797830701 0.057900172 0.600050569
79.088830 -11.880319595 -0.347553432 -5.143437862 0.009417590 0.783470929 0.058295794 0.618616343
79.192960 -11.892071724 -0.348809421 -5.136866093 0.010899564 0.771276116 0.057590999 0.633796155
79.297060 -11.740832329 -0.337629288 -5.158307076 0.011552422 0.760324955 0.056367483 0.646989286
79.401310 -11.752441406 -0.339434385 -5.156054497 0.012967382 0.752963662 0.055569932 0.655583382
79.505690 -11.590369225 -0.329297870 -5.173407555 0.014125597 0.745817304 0.054595973 0.663759232
79.610070 -11.604168892 -0.330281079 -5.170938969 0.015053311 0.740396440 0.054385003 0.669797540
79.714470 -11.433315277 -0.321129084 -5.184816360 0.016444402 0.735249102 0.054291133 0.675418973
79.818800 -11.447120667 -0.323037982 -5.183413506 0.018315658 0.731282175 0.054478768 0.679649115
79.923050 -11.365226746 -0.318017662 -5.188580036 0.020576127 0.726754189 0.053213097 0.684524119
80.027420 -11.282341957 -0.314686984 -5.191621304 0.021932732 0.722136736 0.052122992 0.689435005
80.131680 -11.196582794 -0.311418712 -5.194144726 0.021384191 0.717944920 0.050830442 0.693912089
80.235930 -11.110802650 -0.308625758 -5.194479942 0.019731915 0.715145171 0.049283125 0.696957111
80.340300 -11.021811485 -0.305882305 -5.194680214 0.018251058 0.713611841 0.047743857 0.698674083
80.444550 -10.823256493 -0.300072014 -5.194426060 0.017414665 0.712916195 0.046870675 0.699464262
80.548940 -10.839016914 -0.299409747 -5.195384502 0.016665054 0.713034272 0.046802685 0.699366808
80.653190 -10.744031906 -0.296423495 -5.195989609 0.016699849 0.713019133 0.047739007 0.699318111
80.757320 -10.527789116 -0.288023025 -5.197437286 0.016904624 0.712146401 0.048029203 0.700182021
80.861430 -10.547801971 -0.290070891 -5.197411537 0.017514084 0.711352468 0.048976630 0.700908124
80.965550 -10.447209358 -0.286095083 -5.197306633 0.017637663 0.710111797 0.048528668 0.702193022
81.069680 -10.345036507 -0.282806933 -5.196850777 0.017853661 0.709107757 0.048641957 0.703193665
81.173790 -10.241184235 -0.279146731 -5.195628643 0.017659824 0.707677543 0.048485294 0.704648674
81.277810 -10.135654449 -0.275452375 -5.195549011 0.017293071 0.706014037 0.049644474 0.706243992
81.381810 -10.027908325 -0.271506250 -5.194113731 0.016688973 0.704465926 0.051623002 0.707661152
81.485930 -9.919455528 -0.267558932 -5.191795826 0.016071083 0.703266144 0.052488163 0.708804250
81.589930 -9.809540749 -0.262897879 -5.189743519 0.016433349 0.703125238 0.052440070 0.708939314
81.694050 -9.698097229 -0.258654416 -5.187425613 0.016476899 0.703569651 0.051197734 0.708588064
81.798060 -9.586005211 -0.254528642 -5.184720516 0.016660977 0.704735160 0.051328208 0.707415104
81.902180 -9.472579956 -0.250300556 -5.184440613 0.016394781 0.705195427 0.052569516 0.706871271
82.006180 -9.359234810 -0.246093094 -5.183877945 0.016206162 0.705847502 0.053859312 0.706127286
82.110180 -9.246845245 -0.242198288 -5.183478832 0.016142493 0.706290543 0.054990262 0.705598474
82.214180 -9.134676933 -0.237833887 -5.182247639 0.016003666 0.706822574 0.055058803 0.705063343
82.318180 -9.022170067 -0.233920217 -5.182110786 0.016031213 0.707448661 0.055360008 0.704410851
82.422200 -8.910929680 -0.230491072 -5.180944920 0.016251354 0.708219945 0.054567773 0.703692257
82.526180 -8.799102783 -0.226989597 -5.180778503 0.016917778 0.708835304 0.053864207 0.703110933
82.630180 -8.686979294 -0.222132713 -5.181446075 0.017060526 0.709199607 0.053516865 0.702766597
82.734050 -8.575638771 -0.218743145 -5.181164265 0.015967766 0.709731102 0.054370280 0.702189863
82.838070 -8.464618683 -0.214981914 -5.181164265 0.015222617 0.710417330 0.055097044 0.701455534
82.942060 -8.354310989 -0.210865110 -5.182434082 0.015556982 0.710755587 0.054446343 0.701156199
83.046050 -8.244234085 -0.206877381 -5.184230328 0.016480595 0.711211979 0.054034900 0.700703979
83.149930 -8.134087563 -0.203057289 -5.185028076 0.017174264 0.711739540 0.053592388 0.700185537
83.253960 -8.024244308 -0.198731631 -5.185905933 0.016049596 0.712452054 0.053928114 0.699461460
83.357930 -7.914525986 -0.194577187 -5.188541412 0.014572329 0.712771714 0.054971464 0.699086666
83.461930 -7.805336952 -0.190362900 -5.190501690 0.013135369 0.713555992 0.055413473 0.698279738
83.565930 -7.696682930 -0.185425431 -5.191797256 0.012616219 0.714422107 0.053876445 0.697523594
83.669810 -7.589431763 -0.180644423 -5.194901466 0.013308514 0.715155482 0.053382348 0.696796775
83.773690 -7.482081413 -0.175978124 -5.197386742 0.013033002 0.715607941 0.052743070 0.696386099
83.877560 -7.375700474 -0.172013521 -5.200012684 0.012487845 0.715962648 0.053009234 0.696011126
83.981560 -7.269504547 -0.167298287 -5.203205109 0.012395334 0.716259420 0.053738382 0.695651472
84.085580 -7.164655209 -0.163072884 -5.206513405 0.012736605 0.716552973 0.053824764 0.695336282
84.189660 -7.060013294 -0.158467293 -5.210265636 0.014402152 0.716920614 0.053773955 0.694928646
84.293370 -6.830441952 -0.150710404 -5.216825485 0.015770542 0.716843486 0.054256611 0.694940984
84.397140 -6.851575851 -0.151037097 -5.218670845 0.016526755 0.717301965 0.055563912 0.694346786
84.500970 -6.748411655 -0.147060484 -5.221882820 0.016465135 0.717552125 0.056498017 0.694014251
84.604690 -6.520207405 -0.138476223 -5.226874352 0.016370844 0.716700613 0.057045665 0.694851041
84.708560 -6.543616295 -0.138125092 -5.231006622 0.016254535 0.718966365 0.057504967 0.692471206
84.812320 -6.442050457 -0.133016348 -5.235014915 0.015786622 0.718868732 0.055913001 0.692713737
84.916060 -6.216981888 -0.124342799 -5.244291306 0.016199788 0.717864692 0.055095579 0.693809986
85.020090 -6.241150856 -0.123448521 -5.245414257 0.016571317 0.719766915 0.055018336 0.691833794
85.123720 -6.141944885 -0.119014323 -5.250359535 0.016249958 0.719460726 0.055596899 0.692113578
85.227440 -6.043442249 -0.113847941 -5.256197929 0.016232576 0.719577551 0.055924237 0.691966057
85.331180 -5.945154667 -0.108235836 -5.262194633 0.016535690 0.719738066 0.056117442 0.691776335
85.435100 -5.847671509 -0.103144556 -5.269105911 0.016137483 0.719225466 0.056120947 0.692318380
85.538870 -5.752020836 -0.097267181 -5.275858879 0.015707683 0.719267309 0.055517897 0.692333400
85.642600 -5.653798103 -0.095038056 -5.281186581 0.014749217 0.719896972 0.055590842 0.691693902
85.746450 -5.557898521 -0.090876937 -5.287807465 0.014607577 0.720560133 0.055014499 0.691052139
85.850400 -5.461796284 -0.085926622 -5.294740677 0.014582593 0.721376777 0.054736212 0.690222323
85.954220 -5.366516113 -0.080279469 -5.302843094 0.014947305 0.722212493 0.054784279 0.689336181
86.058060 -5.272380352 -0.074803025 -5.311927795 0.016597347 0.723062754 0.055587877 0.688342094
86.161940 -5.063024998 -0.061828196 -5.333410263 0.018051364 0.723254323 0.055485424 0.688112438
86.266420 -5.082138538 -0.065749735 -5.332287788 0.019228956 0.724474669 0.056044612 0.686750114
86.369740 -4.989230633 -0.062122285 -5.341886044 0.019639652 0.725270033 0.057194430 0.685803533
86.473600 -4.896079540 -0.058414310 -5.346959591 0.019015426 0.726681292 0.057990566 0.684258580
86.577490 -4.803329945 -0.053951293 -5.353743553 0.018152216 0.727860391 0.057923511 0.683033347
86.681310 -4.711333752 -0.049468100 -5.360862255 0.017647630 0.729009449 0.057494573 0.681856334
86.785510 -4.619379997 -0.045226946 -5.368621349 0.017569862 0.729768157 0.056377798 0.681139767
86.889090 -4.527911663 -0.041556284 -5.377291203 0.018072097 0.730607212 0.055316888 0.680313528
86.992950 -4.436987877 -0.038639814 -5.385773659 0.018728811 0.731234312 0.054212160 0.679710746
87.096690 -4.346384525 -0.034677133 -5.395403862 0.019817248 0.732014775 0.053798344 0.678872108
87.200570 -4.256186485 -0.031396955 -5.404677391 0.019904260 0.732416689 0.053669918 0.678446054
87.304430 -4.165348530 -0.027129889 -5.413988113 0.019528462 0.732858002 0.054442633 0.677918673
87.408330 -4.075538635 -0.022121340 -5.423583984 0.018725162 0.732634723 0.054859940 0.678149045
87.512180 -3.985453844 -0.018881753 -5.433587074 0.017250296 0.732527316 0.054740697 0.678313851
87.616060 -3.895066261 -0.014573440 -5.443965435 0.015487934 0.732164562 0.053679228 0.678832650
87.719790 -3.805649996 -0.009921312 -5.454836369 0.013843491 0.731698990 0.051687848 0.679524422
87.823570 -3.606921196 0.001474783 -5.477332592 0.012784053 0.731031418 0.049799126 0.680404067
87.927320 -3.629248381 0.001100466 -5.475878239 0.011490510 0.731101274 0.047529351 0.680514336
88.031060 -3.542315483 0.004386291 -5.483370781 0.011713787 0.731379092 0.046759199 0.680265367
88.135050 -3.345516205 0.013715327 -5.504682541 0.011781229 0.730733573 0.045238119 0.681060374
88.238710 -3.368674278 0.012470499 -5.503556728 0.012736933 0.731690168 0.045450695 0.680001080
88.342600 -3.173032761 0.023397088 -5.526474953 0.012386705 0.730854750 0.047826249 0.680742681
88.446330 -3.196588755 0.022862688 -5.527122974 0.011643435 0.731921017 0.050336778 0.679427803
88.550190 -3.111168861 0.028249815 -5.538025856 0.012885058 0.731834173 0.051253539 0.679430485
88.653930 -2.918073177 0.037544489 -5.567824364 0.015526015 0.730608642 0.050408304 0.680756092
88.757820 -2.940411806 0.037982799 -5.566146374 0.017079053 0.730359256 0.048936009 0.681093931
88.861690 -2.855860472 0.044884317 -5.575070381 0.017689573 0.730589330 0.047178280 0.680955589
88.965560 -2.663069725 0.049122103 -5.601222038 0.017800407 0.729619920 0.047119752 0.681995273
89.069450 -2.686089277 0.051545441 -5.601699829 0.018451726 0.728644490 0.046642765 0.683052838
89.173320 -2.601207733 0.055995360 -5.615418911 0.020110969 0.727652371 0.045739453 0.684123874
89.277420 -2.518508434 0.062157661 -5.627864361 0.021946402 0.727111459 0.044081111 0.684751093
89.381180 -2.435380459 0.067743920 -5.642181396 0.023406588 0.726170719 0.043795545 0.685718715
89.485130 -2.351964712 0.068049125 -5.655871391 0.023103185 0.725304842 0.045121606 0.686558843
89.588990 -2.269441128 0.068631388 -5.671238899 0.021968184 0.723985314 0.047098871 0.687854886
89.692870 -2.187599182 0.071886472 -5.685073376 0.021509852 0.723146081 0.046862837 0.688767672
89.796830 -2.107204199 0.074905284 -5.699161053 0.021384271 0.722165883 0.045565169 0.689886212
89.900710 -2.026152849 0.079008669 -5.715023994 0.021278555 0.720790088 0.043646839 0.691450536
90.004580 -1.945719361 0.084302410 -5.728149891 0.021136312 0.719858885 0.042547867 0.692492723
90.108700 -1.865140438 0.087044179 -5.743559361 0.020318942 0.718614817 0.042354129 0.693819821
90.212510 -1.784685612 0.089928672 -5.759212971 0.019688115 0.717223704 0.041763268 0.695311666
90.316520 -1.603107333 0.102138370 -5.792256355 0.020770298 0.715635359 0.040407646 0.696994841
90.420320 -1.626527905 0.101891264 -5.787315369 0.021089334 0.715632975 0.037835203 0.697132111
90.524330 -1.548037052 0.107437834 -5.806069851 0.021168990 0.713729203 0.035878424 0.699181855
90.628220 -1.368212819 0.105089426 -5.848958492 0.018900627 0.710926294 0.034608759 0.702160120
90.732220 -1.384424686 0.102721930 -5.839443684 0.016395386 0.709679663 0.032523990 0.703582406
90.836200 -1.306965351 0.104166895 -5.856770515 0.016265683 0.707559705 0.032127067 0.705735505
90.940100 -1.231293559 0.102811553 -5.878507614 0.014426401 0.703778982 0.031379949 0.709578991
91.044070 -1.150755405 0.103548221 -5.893541336 0.013741456 0.700057328 0.031196984 0.713272512
91.148110 -1.088471174 0.096154541 -5.903439999 0.012019478 0.697873235 0.032388266 0.715387702
91.251940 -1.021238685 0.095020145 -5.911770821 0.012083961 0.695081532 0.031999506 0.718116760
91.355930 -0.956417143 0.092794508 -5.922441959 0.011604357 0.691025257 0.031603590 0.722046137
91.459820 -0.890803576 0.092281200 -5.929558277 0.010467532 0.686977863 0.030431697 0.725965381
91.563820 -0.828474760 0.088775970 -5.939213753 0.008969247 0.682455420 0.029854087 0.730262220
91.667690 -0.765451014 0.086964577 -5.945223331 0.008663742 0.677880228 0.028226802 0.734579146
91.771700 -0.625496387 0.079822160 -5.961875439 0.008485232 0.671900451 0.027391076 0.740086138
91.875570 -0.649884999 0.084335923 -5.954942226 0.009647053 0.667156518 0.026021453 0.744400442
91.979540 -0.596603692 0.080728203 -5.956694126 0.009757167 0.660696208 0.025850279 0.750144660
92.083700 -0.543506563 0.078223944 -5.961720467 0.008861030 0.652824938 0.025292898 0.757034540
92.187280 -0.491646349 0.074441925 -5.964352131 0.007854098 0.645124674 0.024933232 0.763630033
92.291780 -0.377540469 0.067620263 -5.970251560 0.006629906 0.636277556 0.025027661 0.771025598
92.394820 -0.393216252 0.070710219 -5.968404770 0.005599732 0.627375364 0.024481613 0.778311908
92.498710 -0.347232342 0.070055425 -5.969484806 0.004739183 0.617458880 0.023150479 0.786248088
92.607140 -0.250062466 0.062348884 -5.970959187 0.002878173 0.606584311 0.020811556 0.794741511
92.706330 -0.261486053 0.064517133 -5.970261097 0.001262123 0.594830036 0.018874619 0.803628862
92.812670 -0.221444130 0.069873713 -5.965919018 0.003007651 0.583430529 0.018006537 0.811957836
92.913890 -0.150659442 0.075937651 -5.926964760 0.003613512 0.575408518 0.017995952 0.817660153
93.017610 -0.160611272 0.074417204 -5.933169365 0.004177263 0.567091644 0.018093435 0.823445320
93.121320 -0.127083063 0.077123694 -5.923487663 0.005230394 0.554524124 0.016770285 0.831982195
93.225060 -0.097332239 0.076985568 -5.909768581 0.005842759 0.541494250 0.015476453 0.840541661
93.328690 -0.031549215 0.077619344 -5.876866341 0.007752934 0.526438177 0.014723755 0.850050569
93.432440 -0.042089939 0.075897515 -5.877210140 0.008859971 0.510950148 0.014759894 0.859437943
93.536240 -0.015758038 0.075376704 -5.860076904 0.009758992 0.492282063 0.016699173 0.870220780
93.639690 0.009253740 0.074705735 -5.841481686 0.009422521 0.470792055 0.018659234 0.881996572
93.743290 0.064936399 0.072105296 -5.792939186 0.007946908 0.447825640 0.017837888 0.893907607
93.847210 0.054703474 0.072659284 -5.799694061 0.007102374 0.425211579 0.015393310 0.904935181
93.950650 0.102115631 0.069596283 -5.749212265 0.007366908 0.401292950 0.013884253 0.915814877
94.054400 0.095663309 0.071368210 -5.754319191 0.009523756 0.377474874 0.014364404 0.925859451
94.158110 0.114695549 0.070456579 -5.730754852 0.010908909 0.353268594 0.015952239 0.935322285
94.261830 0.154224396 0.069245324 -5.671784878 0.009282296 0.329121947 0.013839270 0.944140375
94.365720 0.147704363 0.068508260 -5.678820610 0.006492556 0.305449784 0.010005883 0.952133477
94.469450 0.162156582 0.068235993 -5.651437283 0.004353202 0.280821234 0.007516471 0.959720790
94.573250 0.194453716 0.066585004 -5.586244583 0.001317226 0.255647510 0.008460127 0.966732144
94.677090 0.188282490 0.067502670 -5.594254494 -0.001215023 0.232235014 0.010342821 0.972603917
94.780820 0.198853731 0.066790499 -5.564344406 -0.004725012 0.207732782 0.009531332 0.978127778
94.884790 0.206904531 0.066363961 -5.533330441 -0.008825220 0.183069006 0.004443679 0.983050406
94.988570 0.214018822 0.066223323 -5.502113342 -0.009889994 0.159116164 0.003157103 0.987205327
95.092440 0.220599174 0.066186525 -5.470697880 -0.008773114 0.135030523 0.002889726 0.990798354
95.196460 0.225930095 0.066172376 -5.438732147 -0.007700648 0.113577925 0.003580677 0.993492782
95.300440 0.230196774 0.065958023 -5.405583858 -0.007434516 0.093954585 0.003560980 0.995542347
95.404570 0.232816577 0.066155307 -5.371843815 -0.007442977 0.075556852 0.000852330 0.997113347
95.508570 0.234825671 0.066281632 -5.337582588 -0.006985855 0.059560589 -0.001812984 0.998198569
95.612820 0.239397258 0.066175818 -5.256563663 -0.006787905 0.045408100 -0.002262323 0.998942912
95.717080 0.237957984 0.066008009 -5.266474724 -0.007280197 0.036041331 -0.002573467 0.999320507
95.821210 0.239587933 0.065648489 -5.182034492 -0.007772555 0.025749804 -0.002565867 0.999634922
95.925440 0.240062922 0.066205725 -5.190455437 -0.007213771 0.016910270 -0.000914869 0.999830544
96.029700 0.239829719 0.065957136 -5.102122307 -0.006395498 0.009631868 -0.000583359 0.999933004
96.133950 0.236177161 0.064436249 -5.013904572 -0.005976320 0.003500777 -0.001461053 0.999974906
96.238190 0.236605197 0.065919884 -5.072562218 -0.005186804 -0.000803454 -0.001682173 0.999984801
96.342320 0.227406219 0.065074377 -4.969703674 -0.005123423 -0.007168794 -0.001033932 0.999960601
96.446460 0.228289425 0.065496787 -4.983603001 -0.004648336 -0.011552741 -0.000326446 0.999922395
96.550570 0.220014542 0.064281240 -4.876245975 -0.004976430 -0.018478038 0.001050339 0.999816298
96.654710 0.222478300 0.065587461 -4.891706944 -0.004290702 -0.023060624 0.000980326 0.999724388
96.758950 0.213697910 0.064909980 -4.779755592 -0.003600551 -0.028032986 0.000510835 0.999600410
96.863080 0.215684921 0.064995646 -4.793698311 -0.002671954 -0.029896725 0.000209951 0.999549389
96.967200 0.206070095 0.064796224 -4.675329208 -0.002070867 -0.032843601 0.000128368 0.999458373
97.071450 0.208806127 0.064306341 -4.690944672 -0.001775027 -0.033277560 0.000534032 0.999444425
97.175570 0.204232872 0.064070076 -4.638615608 -0.001498553 -0.034034092 0.000928284 0.999419153
97.279720 0.194145590 0.062634386 -4.512766838 -0.002158375 -0.035447583 0.000826013 0.999368846
97.383810 0.195035249 0.063323140 -4.530250072 -0.002807031 -0.035327468 0.001750836 0.999370337
97.487940 0.183976099 0.062914222 -4.400826454 -0.003877593 -0.036735211 0.002324947 0.999314785
97.592070 0.186100185 0.062364593 -4.419448376 -0.005137265 -0.037264865 0.002828507 0.999288201
97.696240 0.174365565 0.062309626 -4.288788319 -0.006091899 -0.038681705 0.003045716 0.999228358
97.800340 0.175926164 0.061684892 -4.308241367 -0.006996720 -0.038987931 0.003880556 0.999207616
97.904320 0.165131271 0.061042659 -4.176999569 -0.007372048 -0.040665925 0.005191558 0.999132097
98.008320 0.166344941 0.060982801 -4.196642876 -0.007550865 -0.041631907 0.006226148 0.999085069
98.112320 0.160987511 0.060575362 -4.141054630 -0.007499431 -0.042912785 0.006270882 0.999030948
98.216470 0.147637025 0.060194094 -4.010131836 -0.007127118 -0.044315483 0.006134601 0.998973310
98.320320 0.149924159 0.059468918 -4.029640675 -0.007446575 -0.045276601 0.006051037 0.998928368
98.424320 0.144368574 0.059753295 -3.974128723 -0.007329393 -0.045379274 0.006099248 0.998924315
98.528320 0.138436466 0.059030738 -3.917989969 -0.007241728 -0.045379963 0.005549533 0.998928130
98.632320 0.133164570 0.058638107 -3.862181187 -0.007197254 -0.045227807 0.005055682 0.998937964
98.736320 0.119448930 0.058653478 -3.729577780 -0.007209653 -0.045114398 0.005112526 0.998942733
98.840320 0.123057410 0.058269087 -3.750507116 -0.007561800 -0.044541303 0.005741514 0.998962402
98.944340 0.110246852 0.056807861 -3.617874622 -0.008094202 -0.044551115 0.005400149 0.998959720
99.048200 0.113154367 0.056691051 -3.639004469 -0.008715015 -0.044019599 0.005056524 0.998979867
99.152220 0.101178184 0.056175157 -3.507033348 -0.009181090 -0.044041518 0.005289885 0.998973548
99.256070 0.103187516 0.056388289 -3.527850628 -0.008986839 -0.042515405 0.005297147 0.999041319
99.360070 0.092076868 0.055116419 -3.396875143 -0.009035473 -0.042381965 0.004911249 0.999048531
99.464100 0.094866097 0.055534378 -3.417491913 -0.008431853 -0.039925285 0.005481014 0.999152064
99.567940 0.087110713 0.053350098 -3.287991285 -0.008416400 -0.039612133 0.005609667 0.999163926
99.671950 0.086758867 0.054424420 -3.307618618 -0.008108273 -0.037175082 0.005136508 0.999262691
99.775950 0.076652035 0.052235141 -3.179221630 -0.007896563 -0.036268726 0.004432160 0.999301076
99.879940 0.079457581 0.052860867 -3.199621201 -0.008576873 -0.034357470 0.005914066 0.999355316
99.983820 0.072176993 0.051479291 -3.073312759 -0.009399511 -0.033733986 0.006300818 0.999366820
100.087800 0.074291155 0.051442482 -3.094974756 -0.010618881 -0.031725552 0.004506997 0.999430060
100.191800 0.066858195 0.049649909 -2.972514868 -0.010624543 -0.030786347 0.004442041 0.999459684
100.295700 0.070261702 0.049526833 -2.994119406 -0.009134795 -0.029579321 0.005110972 0.999507666
100.399700 0.065454230 0.046475898 -2.875633001 -0.007989399 -0.029369745 0.004750021 0.999525428
100.503700 0.067617796 0.046776235 -2.896058798 -0.006193164 -0.027544349 0.002747088 0.999597609
100.607700 0.063637100 0.043557029 -2.779049635 -0.005737695 -0.027570831 0.001052798 0.999602854
100.711600 0.065465353 0.043746151 -2.799627304 -0.005368556 -0.026492814 0.000068843 0.999634564
100.815600 0.063854910 0.043024391 -2.683992624 -0.004989581 -0.026383275 -0.000260848 0.999639392
100.919600 0.065786965 0.043420117 -2.704808474 -0.004040364 -0.025095047 -0.000529905 0.999676764
101.023600 0.061785787 0.042589068 -2.596008539 -0.003471346 -0.024840396 -0.001385195 0.999684453
101.127400 0.064748898 0.042913944 -2.614069700 -0.002812314 -0.024722600 -0.002342019 0.999687672
101.231500 0.064584136 0.041854553 -2.568824291 -0.002792303 -0.023914961 -0.002860358 0.999706030
101.335400 0.064630590 0.039300449 -2.523184061 -0.003380721 -0.024235785 -0.003330268 0.999695003
101.439300 0.058505617 0.036614671 -2.407219410 -0.003421301 -0.024329156 -0.003839400 0.999690771
101.543300 0.061916541 0.036037531 -2.428973675 -0.003533920 -0.024330087 -0.004361857 0.999688208
101.647200 0.062987693 0.031948850 -2.318645000 -0.003418189 -0.025350643 -0.004374229 0.999663234
101.751200 0.061306335 0.032398686 -2.337028980 -0.002906124 -0.025411645 -0.004367904 0.999663293
101.855100 0.060749143 0.029505070 -2.223945141 -0.002518997 -0.026545508 -0.004640623 0.999633670
101.959100 0.060843471 0.029570999 -2.244856834 -0.002549014 -0.027283762 -0.005167169 0.999611139
102.062900 0.060422555 0.025237134 -2.133119822 -0.002633747 -0.028647210 -0.005393539 0.999571562
102.166900 0.060310028 0.025729120 -2.152302742 -0.002565875 -0.029290667 -0.005057552 0.999554813
102.270800 0.060943060 0.023806119 -2.106480837 -0.003002006 -0.030441575 -0.004532004 0.999521732
102.374800 0.061912492 0.022277625 -2.060306787 -0.003692333 -0.031939056 -0.004005800 0.999474943
102.478700 0.062900707 0.017118976 -1.949947715 -0.004156331 -0.033229738 -0.005132110 0.999425888
102.582700 0.063146882 0.018273942 -1.968360305 -0.004739281 -0.034275822 -0.005778411 0.999384463
102.686600 0.064410605 0.015927901 -1.922834039 -0.005562577 -0.035345588 -0.006576573 0.999338031
102.790600 0.064718217 0.013728319 -1.877185702 -0.005963621 -0.036415741 -0.007697864 0.999289274
102.894400 0.062065028 0.008189294 -1.763850927 -0.005784200 -0.037231818 -0.009532814 0.999244452
102.998500 0.062459908 0.008341441 -1.782924056 -0.005782494 -0.037032008 -0.011758798 0.999228179
103.102400 0.052167147 0.007974349 -1.666765332 -0.005414672 -0.036555544 -0.012836093 0.999234498
103.206500 0.054422081 0.013551200 -1.690856934 -0.005174900 -0.035530973 -0.009271082 0.999312222
103.310300 0.060495466 0.025451519 -1.593191504 -0.004623091 -0.035927378 -0.007324375 0.999316871
103.414300 0.051309943 0.014951084 -1.606030464 -0.004723998 -0.034357220 -0.008421308 0.999362946
103.518300 0.047460288 0.013340055 -1.506745577 -0.004447438 -0.033788316 -0.008585839 0.999382198
103.622300 0.045737162 0.013819733 -1.409468770 -0.003814875 -0.033401616 -0.008592316 0.999397755
103.726300 0.046681773 0.012568527 -1.486235619 -0.004118901 -0.032702841 -0.008809698 0.999417782
103.830300 0.042942565 0.011889098 -1.395051837 -0.004012253 -0.032196507 -0.008846810 0.999434352
103.934300 0.044590291 0.010859261 -1.410886407 -0.004312365 -0.031937812 -0.009061968 0.999439478
104.038400 0.041944064 0.009327517 -1.323038340 -0.004586119 -0.031600568 -0.008900721 0.999450386
104.142300 0.043391045 0.008876302 -1.339559793 -0.004954555 -0.031686511 -0.008694972 0.999447763
104.251000 0.042064741 0.005916649 -1.257543325 -0.005532468 -0.031526294 -0.008768482 0.999449134
104.350600 0.042369083 0.006319452 -1.273509383 -0.006500784 -0.031158593 -0.009505147 0.999448121
104.455200 0.040319450 0.004549578 -1.197559714 -0.006887208 -0.031098116 -0.010188852 0.999440670
104.558200 0.041895062 0.005220423 -1.213873863 -0.006778734 -0.031172700 -0.010444346 0.999436438
104.662200 0.040999830 0.006374516 -1.148976564 -0.006284333 -0.030938007 -0.009958301 0.999451935
104.766200 0.040253311 0.005892484 -1.162038088 -0.005793175 -0.030565968 -0.009515472 0.999470651
104.870200 0.039998662 0.004971937 -1.104608893 -0.005655563 -0.030449525 -0.009192317 0.999478042
104.974200 0.039469589 0.005950266 -1.115305185 -0.005130843 -0.030363329 -0.009476140 0.999480844
105.078600 0.038383938 0.004979302 -1.061173558 -0.004762142 -0.030296696 -0.009283672 0.999486506
105.181900 0.039002821 0.005919256 -1.071141958 -0.003572954 -0.030365510 -0.008969221 0.999492228
105.286000 0.038576439 0.005343573 -1.018903017 -0.002749225 -0.030371116 -0.008741001 0.999496698
105.390000 0.039305408 0.006214268 -1.027646661 -0.002393270 -0.030629044 -0.008495985 0.999491870
105.494000 0.039488252 0.006207584 -0.975836933 -0.002624035 -0.030807277 -0.008563101 0.999485254
105.597900 0.039707068 0.006205865 -0.985090554 -0.002866043 -0.031081673 -0.008204464 0.999479055
105.701800 0.038763825 0.006272144 -0.935545683 -0.002870518 -0.031147571 -0.008163016 0.999477327
105.805700 0.039876260 0.006585373 -0.944117069 -0.002846582 -0.031492319 -0.007823358 0.999469280
105.909700 0.040566392 0.007348817 -0.895061791 -0.002778843 -0.031951129 -0.007930933 0.999454081
106.013700 0.040576778 0.007195040 -0.903938353 -0.002760092 -0.032363068 -0.007434774 0.999444723
106.117600 0.041163471 0.007445153 -0.856879532 -0.002609303 -0.033194482 -0.006858183 0.999421954
106.221500 0.041633412 0.007805014 -0.864801407 -0.002470523 -0.035184421 -0.006141433 0.999358892
106.325500 0.042884119 0.008197261 -0.817825198 -0.002444268 -0.038094610 -0.005702356 0.999254882
106.429300 0.040657785 0.003951816 -0.825727642 -0.003302548 -0.041184779 -0.006864663 0.999122500
106.533200 0.032176480 0.003885074 -0.774040222 -0.002850150 -0.044815242 -0.007455349 0.998963416
106.637700 0.035478707 0.003356350 -0.784640610 -0.002923981 -0.048703689 -0.008103984 0.998776078
106.741000 0.032016791 0.003152851 -0.737304509 -0.002929137 -0.051887501 -0.009016286 0.998607934
106.845000 0.030878257 0.003152433 -0.744463027 -0.002662194 -0.054110162 -0.009594478 0.998485327
106.949400 0.026081726 0.001273241 -0.695826471 -0.002695526 -0.056696791 -0.009152465 0.998345852
107.052900 0.026430726 0.002557173 -0.704322934 -0.002496329 -0.059202377 -0.008512069 0.998206556
107.156800 0.020263836 0.002635116 -0.655836940 -0.002406427 -0.061274633 -0.008922171 0.998078167
107.260700 0.013313878 0.001623925 -0.607492566 -0.002347456 -0.062442772 -0.010177460 0.997993886
107.364700 0.018418074 0.001982627 -0.644801021 -0.002115799 -0.062655434 -0.011146192 0.997970700
107.468800 0.014034599 0.001120850 -0.597785890 -0.001991553 -0.062453482 -0.011143470 0.997983694
107.572800 0.008933555 0.001410278 -0.549519002 -0.001908794 -0.061794627 -0.010826910 0.998028338
107.676800 0.012729503 0.001472215 -0.585779130 -0.002119744 -0.060989063 -0.010210657 0.998083949
107.780900 0.007583361 0.001944733 -0.539161146 -0.002046261 -0.059878189 -0.010443958 0.998148978
107.885000 0.004284564 0.001023209 -0.492118984 -0.002177917 -0.058841132 -0.010231899 0.998212516
107.989000 0.007499713 0.001526168 -0.527959347 -0.001663716 -0.057538383 -0.010037197 0.998291433
108.093000 0.003182586 0.001153396 -0.481600314 -0.001472597 -0.056176946 -0.009926018 0.998370409
108.197100 -0.000200227 0.000293931 -0.434593260 -0.001677506 -0.054690450 -0.009992611 0.998451948
108.301100 0.002503250 0.001020613 -0.471352488 -0.001593209 -0.052613631 -0.009954752 0.998564065
108.405100 -0.000770278 0.001103511 -0.425890565 -0.001479138 -0.050634351 -0.009951777 0.998666584
108.509100 -0.003217518 0.001218393 -0.379939258 -0.000935759 -0.048836365 -0.009784508 0.998758435
108.613000 -0.001786381 0.000936633 -0.413788199 0.000058112 -0.046439882 -0.009760892 0.998873413
108.717000 -0.004526451 -0.000379794 -0.363336533 0.000678784 -0.044255786 -0.009370669 0.998976052
108.821000 -0.006729756 -0.000663244 -0.309954762 0.000951573 -0.042114981 -0.009271131 0.999069273
108.925000 -0.005640162 0.000103176 -0.348086119 0.000789563 -0.039553221 -0.009056163 0.999176145
109.028800 -0.009068653 -0.000955017 -0.290194511 0.000666561 -0.037041478 -0.008646372 0.999276102
109.132800 -0.010779461 -0.002322618 -0.229987592 0.000070440 -0.034670748 -0.007669215 0.999369383
109.236800 -0.008050540 -0.000475949 -0.273176402 -0.000291839 -0.032034904 -0.006755657 0.999463856
109.340700 -0.010931849 -0.002556186 -0.209229976 -0.001130527 -0.029576529 -0.006281340 0.999542117
109.444700 -0.013679059 -0.003026741 -0.143182382 -0.001372399 -0.027209664 -0.005948503 0.999611080
109.548600 -0.010544172 -0.002172160 -0.191681445 -0.001852541 -0.025168005 -0.005988591 0.999663591
109.652600 -0.012491136 -0.001955309 -0.122280695 -0.002188030 -0.023058197 -0.005919422 0.999714196
109.756500 -0.014883295 -0.001617289 -0.050832432 -0.002616710 -0.020912495 -0.005406318 0.999763310
109.860500 -0.012149200 -0.002529318 -0.103672087 -0.002767510 -0.019148145 -0.004261505 0.999803722
109.964400 -0.013403198 -0.003476053 -0.029868914 -0.001901233 -0.017984806 -0.003266213 0.999831080
110.068200 -0.012540866 -0.004696314 0.046823651 -0.000687022 -0.017497035 -0.002534814 0.999843478
110.172100 -0.012992774 -0.003773714 -0.009588907 0.000480887 -0.016819563 -0.003308577 0.999852955
110.276000 -0.015964946 -0.004557428 0.071469478 0.000369442 -0.015404009 -0.005178959 0.999867857
110.380000 -0.019099258 -0.004683323 0.153934374 -0.000150658 -0.012603867 -0.007663870 0.999891222
110.484000 -0.014248374 -0.006120152 0.115237959 -0.000622495 -0.009481462 -0.004003864 0.999946833
110.587800 -0.018160764 -0.001791802 0.140238032 0.001142342 -0.003129873 -0.001368789 0.999993503
110.691700 -0.019812251 -0.003179599 0.175871104 0.002640923 -0.000063278 0.002902377 0.999992311
110.795600 -0.017890867 -0.004438545 0.211190149 0.004363872 -0.002581716 0.004367256 0.999977589
110.899200 -0.019332822 -0.005971378 0.246020138 0.005326298 -0.008540289 0.002534010 0.999946117
111.002900 -0.022463273 -0.006694548 0.280739725 0.007183778 -0.017039960 -0.000232595 0.999828994
111.106600 -0.025643039 -0.007550159 0.313876152 0.008711332 -0.026301054 -0.003750221 0.999609053
111.210200 -0.028863769 -0.008319084 0.348535568 0.009440569 -0.036222871 -0.003824241 0.999291837
111.314000 -0.032825693 -0.008921809 0.382489860 0.009168658 -0.047921807 -0.001953119 0.998807132
111.417700 -0.038657878 -0.010192335 0.415628284 0.006042130 -0.060153555 -0.002275104 0.998168230
111.521300 -0.046328515 -0.011308655 0.448385894 0.002949825 -0.072809726 -0.004785787 0.997330010
111.625100 -0.055620439 -0.011474987 0.481855601 0.001288812 -0.086004525 -0.007401664 0.996266425
111.728700 -0.064942442 -0.011684920 0.514024973 0.000330499 -0.098879606 -0.008636191 0.995061874
111.832500 -0.074311450 -0.012005185 0.544983923 -0.001260738 -0.111011207 -0.009100898 0.993776679
111.936400 -0.082883865 -0.013007184 0.575816691 -0.002846877 -0.121241674 -0.009091396 0.992577314
112.040200 -0.093407497 -0.013396362 0.606714606 -0.004192293 -0.127915576 -0.011242080 0.991712451
112.144200 -0.103551850 -0.013735066 0.637586772 -0.005728604 -0.131834432 -0.014820937 0.991144359
112.248300 -0.113472477 -0.013658634 0.669092119 -0.006817739 -0.132645875 -0.016650164 0.991000175
112.352500 -0.122583024 -0.013685313 0.700588107 -0.006726399 -0.130082160 -0.017654724 0.991323173
112.456700 -0.130591825 -0.013268138 0.732050478 -0.006683708 -0.126095459 -0.015978729 0.991866887
112.561000 -0.136267558 -0.013481833 0.760601938 -0.008594831 -0.121899813 -0.012773607 0.992422998
112.665100 -0.142244965 -0.013190571 0.786466360 -0.009611301 -0.116796494 -0.011691278 0.993040562
112.769200 -0.147427335 -0.012989009 0.808922231 -0.010256947 -0.111496724 -0.012158825 0.993637502
112.873300 -0.151085496 -0.013196111 0.827525854 -0.009992619 -0.106553175 -0.012854903 0.994173706
112.977500 -0.153207317 -0.013451591 0.842495441 -0.009534026 -0.101720288 -0.012411374 0.994689941
113.081600 -0.155097693 -0.013684759 0.854647577 -0.009014119 -0.097740985 -0.011123375 0.995108902
113.185700 -0.156052709 -0.013607774 0.863460302 -0.008469610 -0.095182091 -0.010342688 0.995370150
113.289700 -0.157159373 -0.013593834 0.868857026 -0.008006955 -0.093162268 -0.010612883 0.995562196
113.393700 -0.157595187 -0.013481935 0.871228635 -0.007324501 -0.092288874 -0.010779615 0.995647013
113.497700 -0.157640174 -0.013462930 0.871241927 -0.007219249 -0.092539601 -0.010832894 0.995623887
113.601700 -0.157296196 -0.013644913 0.869818807 -0.006216070 -0.092715621 -0.011078800 0.995611608
113.705700 -0.157438308 -0.014504732 0.869264483 -0.003653788 -0.092540845 -0.011208533 0.995639086
113.809700 -0.157320410 -0.014740320 0.869362295 -0.002181095 -0.092801243 -0.010969079 0.995621860
113.913600 -0.157269984 -0.014379571 0.869107842 -0.002616091 -0.092677668 -0.010720056 0.995635033
114.017600 -0.157356724 -0.014076430 0.869360805 -0.003006475 -0.092597842 -0.010729493 0.995641232
114.121600 -0.157413632 -0.014204397 0.869636059 -0.003193470 -0.092724785 -0.010746468 0.995628655
114.225600 -0.157599673 -0.014235020 0.869575679 -0.003515658 -0.092533395 -0.010882984 0.995643914
114.329600 -0.157490939 -0.014199725 0.869540095 -0.003476091 -0.092626370 -0.010966750 0.995634496
